frame,phase,drop_id,cx,cy,area_px,percentage,detection_method,distance_px,velocity_px_per_s,velocity_mm_s
467,falling,1,517,70,9294,100.0,sam2,,,
468,falling,1,515,96,9195,98.93,sam2,26.077,78146.109,1184.032
469,falling,1,514,121,8899,95.75,sam2,25.02,74979.074,1136.047
470,falling,1,514,146,8899,95.75,sam2,25.0,74919.162,1135.139
471,falling,1,513,172,8783,94.5,sam2,26.019,77973.538,1181.417
472,falling,1,513,198,9351,100.61,sam2,26.0,77915.929,1180.544
473,falling,1,512,224,8966,96.47,sam2,26.019,77973.538,1181.417
474,falling,1,511,250,8886,95.61,sam2,26.019,77973.538,1181.417
475,falling,1,510,276,8940,96.19,sam2,26.019,77973.538,1181.417
476,falling,1,510,302,8993,96.76,sam2,26.0,77915.929,1180.544
477,falling,1,509,328,8969,96.5,sam2,26.019,77973.538,1181.417
478,falling,1,508,354,9030,97.16,sam2,26.019,77973.538,1181.417
479,falling,1,507,381,9172,98.69,sam2,27.019,80968.172,1226.79
480,falling,1,506,411,10066,108.31,sam2,30.017,89952.927,1362.923
481,spreading,1,506,434,10589,113.93,sam2,23.0,68925.629,1044.328
482,spreading,1,506,449,11618,125.01,sam2,15.0,44951.497,681.083
483,spreading,1,502,454,10457,112.51,sam2,6.403,19188.668,290.737
484,spreading,1,504,458,10310,110.93,sam2,4.472,13401.947,203.06
485,spreading,1,502,455,9672,104.07,sam2,3.606,10804.995,163.712
486,spreading,1,501,455,10754,115.71,sam2,1.0,2996.766,45.406
487,spreading,1,502,453,10340,111.25,sam2,2.236,6700.974,101.53
488,spreading,1,502,451,10488,112.85,sam2,2.0,5993.533,90.811
489,spreading,1,503,450,10312,110.95,sam2,1.414,4238.068,64.213
490,spreading,1,500,447,10249,110.28,sam2,4.243,12714.203,192.639
491,spreading,1,498,444,10742,115.58,sam2,3.606,10804.995,163.712
492,spreading,1,498,437,12529,134.81,sam2,7.0,20977.365,317.839
493,spreading,1,497,428,13789,148.36,sam2,9.055,27136.875,411.165
494,spreading,1,496,420,14902,160.34,sam2,8.062,24160.704,366.071
495,spreading,1,496,410,15353,165.19,sam2,10.0,29967.665,454.056
496,spreading,1,497,403,15865,170.7,sam2,7.071,21190.339,321.066
497,spreading,1,496,393,15817,170.19,sam2,10.05,30117.13,456.32
498,spreading,1,496,383,15311,164.74,sam2,10.0,29967.665,454.056
499,spreading,1,494,374,15200,163.55,sam2,9.22,27628.822,418.619
500,spreading,1,494,366,16897,181.81,sam2,8.0,23974.132,363.244
501,spreading,1,493,354,15192,163.46,sam2,12.042,36085.847,546.755
502,spreading,1,492,345,15686,168.78,sam2,9.055,27136.875,411.165
503,spreading,1,491,340,17829,191.83,sam2,5.099,15280.571,231.524
504,spreading,1,490,359,16194,174.24,sam2,19.026,57017.371,863.9
504,spreading,2,489,120,1808,19.45,sam2,,,
505,spreading,1,490,359,16545,178.02,sam2,0.0,0.0,0.0
505,spreading,2,488,102,1576,16.96,sam2,18.028,54024.976,818.56
506,spreading,1,489,352,16734,180.05,sam2,7.071,21190.339,321.066
506,spreading,2,487,85,1645,17.7,sam2,17.029,51033.094,773.229
507,spreading,1,489,349,16804,180.8,sam2,3.0,8990.299,136.217
507,spreading,2,486,69,1498,16.12,sam2,16.031,48041.822,727.906
508,spreading,1,488,343,16964,182.53,sam2,6.083,18228.619,276.191
508,spreading,2,486,53,1578,16.98,sam2,16.0,47948.264,726.489
509,spreading,1,487,340,17021,183.14,sam2,3.162,9476.608,143.585
509,spreading,2,484,38,1486,15.99,sam2,15.133,45349.306,687.111
510,spreading,1,487,336,16910,181.95,sam2,4.0,11987.066,181.622
510,spreading,2,483,23,1380,14.85,sam2,15.033,45051.279,682.595
511,spreading,1,486,370,12173,130.98,sam2,34.015,101934.121,1544.456
511,spreading,2,487,192,2913,31.34,sam2,169.047,506595.376,7675.688
511,spreading,3,482,11,906,9.75,sam2,,,
512,spreading,1,485,368,11699,125.88,sam2,2.236,6700.974,101.53
512,spreading,2,487,183,2372,25.52,sam2,9.0,26970.898,408.65
512,spreading,3,476,3,57,0.61,sam2,10.0,29967.665,454.056
513,spreading,1,485,367,11012,118.49,sam2,1.0,2996.766,45.406
513,spreading,2,487,176,2047,22.02,sam2,7.0,20977.365,317.839
514,spreading,1,485,365,10492,112.89,sam2,2.0,5993.533,90.811
514,spreading,2,486,172,1892,20.36,sam2,4.123,12355.985,187.212
515,spreading,1,483,356,9904,106.56,sam2,9.22,27628.822,418.619
515,spreading,2,485,171,1955,21.04,sam2,1.414,4238.068,64.213
516,spreading,1,482,350,8913,95.9,sam2,6.083,18228.619,276.191
516,spreading,2,485,166,1996,21.48,sam2,5.0,14983.832,227.028
517,spreading,1,482,346,8418,90.57,sam2,4.0,11987.066,181.622
517,spreading,2,484,160,2198,23.65,sam2,6.083,18228.619,276.191
518,spreading,1,482,343,8035,86.45,sam2,3.0,8990.299,136.217
518,spreading,2,485,157,2180,23.46,sam2,3.162,9476.608,143.585
519,spreading,1,481,341,7708,82.94,sam2,2.236,6700.974,101.53
519,spreading,2,484,155,2297,24.71,sam2,2.236,6700.974,101.53
520,spreading,1,480,338,7079,76.17,sam2,3.162,9476.608,143.585
520,spreading,2,483,152,1865,20.07,sam2,3.162,9476.608,143.585
521,spreading,1,480,336,6945,74.73,sam2,2.0,5993.533,90.811
522,spreading,1,478,333,6675,71.82,sam2,3.606,10804.995,163.712
523,spreading,1,478,331,6706,72.15,sam2,2.0,5993.533,90.811
524,spreading,1,477,330,6831,73.5,sam2,1.414,4238.068,64.213
525,spreading,1,477,329,6996,75.27,sam2,1.0,2996.766,45.406
526,spreading,1,477,329,7711,82.97,sam2,0.0,0.0,0.0
527,spreading,1,476,327,8130,87.48,sam2,2.236,6700.974,101.53
528,spreading,1,476,324,8538,91.87,sam2,3.0,8990.299,136.217
529,spreading,1,475,322,8825,94.95,sam2,2.236,6700.974,101.53
530,spreading,1,475,321,9195,98.93,sam2,1.0,2996.766,45.406
531,spreading,1,473,320,9188,98.86,sam2,2.236,6700.974,101.53
532,spreading,1,474,316,9964,107.21,sam2,4.123,12355.985,187.212
533,spreading,1,473,316,8924,96.02,sam2,1.0,2996.766,45.406
534,spreading,1,477,314,10822,116.44,sam2,4.472,13401.947,203.06
535,spreading,1,477,317,10989,118.24,sam2,3.0,8990.299,136.217
536,spreading,1,471,313,9447,101.65,sam2,7.211,21609.99,327.424
537,spreading,1,470,312,9712,104.5,sam2,1.414,4238.068,64.213
538,spreading,1,469,312,9587,103.15,sam2,1.0,2996.766,45.406
539,spreading,1,469,312,9059,97.47,sam2,0.0,0.0,0.0
540,spreading,1,468,312,8736,94.0,sam2,1.0,2996.766,45.406
541,spreading,1,468,313,8488,91.33,sam2,1.0,2996.766,45.406
542,spreading,1,467,313,8426,90.66,sam2,1.0,2996.766,45.406
543,spreading,1,467,313,8272,89.0,sam2,0.0,0.0,0.0
544,spreading,1,466,310,7722,83.09,sam2,3.162,9476.608,143.585
545,spreading,1,465,309,7502,80.72,sam2,1.414,4238.068,64.213
546,spreading,1,464,308,7442,80.07,sam2,1.414,4238.068,64.213
547,spreading,1,464,309,7589,81.65,sam2,1.0,2996.766,45.406
548,spreading,1,463,308,7472,80.4,sam2,1.414,4238.068,64.213
549,spreading,1,463,307,7520,80.91,sam2,1.0,2996.766,45.406
550,spreading,1,463,308,7530,81.02,sam2,1.0,2996.766,45.406
551,spreading,1,462,309,7564,81.39,sam2,1.414,4238.068,64.213
552,spreading,1,462,310,7832,84.27,sam2,1.0,2996.766,45.406
553,spreading,1,462,310,7961,85.66,sam2,0.0,0.0,0.0
554,spreading,1,461,311,8197,88.2,sam2,1.414,4238.068,64.213
555,spreading,1,459,311,8310,89.41,sam2,2.0,5993.533,90.811
556,spreading,1,459,312,8478,91.22,sam2,1.0,2996.766,45.406
557,spreading,1,458,312,8577,92.29,sam2,1.0,2996.766,45.406
558,spreading,1,457,312,8540,91.89,sam2,1.0,2996.766,45.406
559,spreading,1,457,313,8576,92.27,sam2,1.0,2996.766,45.406
560,spreading,1,456,313,8666,93.24,sam2,1.0,2996.766,45.406
561,spreading,1,456,314,8531,91.79,sam2,1.0,2996.766,45.406
562,spreading,1,455,315,8487,91.32,sam2,1.414,4238.068,64.213
563,spreading,1,454,317,8444,90.85,sam2,2.236,6700.974,101.53
564,spreading,1,454,318,8224,88.49,sam2,1.0,2996.766,45.406
565,spreading,1,454,320,7872,84.7,sam2,2.0,5993.533,90.811
566,spreading,1,453,322,7788,83.8,sam2,2.236,6700.974,101.53
567,spreading,1,452,322,7722,83.09,sam2,1.0,2996.766,45.406
568,spreading,1,452,324,7444,80.09,sam2,2.0,5993.533,90.811
569,spreading,1,450,325,7293,78.47,sam2,2.236,6700.974,101.53
570,spreading,1,450,326,7087,76.25,sam2,1.0,2996.766,45.406
571,spreading,1,449,327,6942,74.69,sam2,1.414,4238.068,64.213
572,spreading,1,448,329,7021,75.54,sam2,2.236,6700.974,101.53
573,spreading,1,448,331,7049,75.84,sam2,2.0,5993.533,90.811
574,spreading,1,448,332,6954,74.82,sam2,1.0,2996.766,45.406
575,spreading,1,447,334,6929,74.55,sam2,2.236,6700.974,101.53
576,spreading,1,447,337,7245,77.95,sam2,3.0,8990.299,136.217
577,spreading,1,446,339,7430,79.94,sam2,2.236,6700.974,101.53
578,spreading,1,446,341,7592,81.69,sam2,2.0,5993.533,90.811
579,spreading,1,445,344,7794,83.86,sam2,3.162,9476.608,143.585
580,spreading,1,445,346,8036,86.46,sam2,2.0,5993.533,90.811
581,spreading,1,444,349,8025,86.35,sam2,3.162,9476.608,143.585
582,spreading,1,443,351,8086,87.0,sam2,2.236,6700.974,101.53
583,spreading,1,442,353,8223,88.48,sam2,2.236,6700.974,101.53
584,spreading,1,441,355,8321,89.53,sam2,2.236,6700.974,101.53
585,spreading,1,440,358,8286,89.15,sam2,3.162,9476.608,143.585
586,spreading,1,439,360,8239,88.65,sam2,2.236,6700.974,101.53
587,spreading,1,438,363,8192,88.14,sam2,3.162,9476.608,143.585
588,spreading,1,438,366,8097,87.12,sam2,3.0,8990.299,136.217
589,spreading,1,438,369,7976,85.82,sam2,3.0,8990.299,136.217
590,spreading,1,437,372,7946,85.5,sam2,3.162,9476.608,143.585
591,spreading,1,436,377,7792,83.84,sam2,5.099,15280.571,231.524
592,spreading,1,436,380,7692,82.76,sam2,3.0,8990.299,136.217
593,spreading,1,436,383,7685,82.69,sam2,3.0,8990.299,136.217
594,spreading,1,435,386,7400,79.62,sam2,3.162,9476.608,143.585
595,spreading,1,434,389,7251,78.02,sam2,3.162,9476.608,143.585
596,spreading,1,434,392,7244,77.94,sam2,3.0,8990.299,136.217
597,spreading,1,433,396,7106,76.46,sam2,4.123,12355.985,187.212
598,spreading,1,433,403,7428,79.92,sam2,7.0,20977.365,317.839
599,spreading,1,433,407,7729,83.16,sam2,4.0,11987.066,181.622
600,spreading,1,432,412,8227,88.52,sam2,5.099,15280.571,231.524
601,spreading,1,430,415,8123,87.4,sam2,3.606,10804.995,163.712
602,spreading,1,430,422,8479,91.23,sam2,7.0,20977.365,317.839
603,spreading,1,429,425,8520,91.67,sam2,3.162,9476.608,143.585
604,spreading,1,429,427,8209,88.33,sam2,2.0,5993.533,90.811
605,spreading,1,428,428,8273,89.01,sam2,1.414,4238.068,64.213
606,spreading,1,428,428,8221,88.45,sam2,0.0,0.0,0.0
607,spreading,1,427,428,7962,85.67,sam2,1.0,2996.766,45.406
608,spreading,1,427,429,7780,83.71,sam2,1.0,2996.766,45.406
609,spreading,1,426,430,7812,84.05,sam2,1.414,4238.068,64.213
610,spreading,1,426,431,7552,81.26,sam2,1.0,2996.766,45.406
611,spreading,1,426,431,7606,81.84,sam2,0.0,0.0,0.0
612,spreading,1,426,432,7888,84.87,sam2,1.0,2996.766,45.406
613,spreading,1,426,430,8154,87.73,sam2,2.0,5993.533,90.811
614,spreading,1,426,429,8243,88.69,sam2,1.0,2996.766,45.406
615,spreading,1,425,428,8262,88.9,sam2,1.414,4238.068,64.213
616,spreading,1,426,428,8457,90.99,sam2,1.0,2996.766,45.406
617,spreading,1,430,426,8064,86.77,sam2,4.472,13401.947,203.06
618,spreading,1,427,424,8726,93.89,sam2,3.606,10804.995,163.712
619,spreading,1,425,422,9162,98.58,sam2,2.828,8476.136,128.426
620,spreading,1,424,421,9348,100.58,sam2,1.414,4238.068,64.213
621,spreading,1,424,420,9453,101.71,sam2,1.0,2996.766,45.406
622,spreading,1,421,420,10140,109.1,sam2,3.0,8990.299,136.217
623,spreading,1,412,424,12334,132.71,sam2,9.849,29514.727,447.193
624,spreading,1,424,421,10129,108.98,sam2,12.369,37067.954,561.636
625,spreading,1,411,423,13146,141.45,sam2,13.153,39416.309,597.217
626,spreading,1,423,421,10867,116.92,sam2,12.166,36457.238,552.382
627,spreading,1,424,419,10522,113.21,sam2,2.236,6700.974,101.53
628,spreading,1,428,412,9229,99.3,sam2,8.062,24160.704,366.071
629,spreading,1,427,409,8840,95.12,sam2,3.162,9476.608,143.585
630,spreading,1,426,408,9166,98.62,sam2,1.414,4238.068,64.213
631,spreading,1,420,406,10678,114.89,sam2,6.325,18953.215,287.17
632,spreading,1,420,405,10645,114.54,sam2,1.0,2996.766,45.406
633,spreading,1,427,409,9681,104.16,sam2,8.062,24160.704,366.071
634,spreading,1,427,409,9676,104.11,sam2,0.0,0.0,0.0
635,spreading,1,428,409,9677,104.12,sam2,1.0,2996.766,45.406
636,spreading,1,427,410,9847,105.95,sam2,1.414,4238.068,64.213
637,spreading,1,428,411,9604,103.34,sam2,1.414,4238.068,64.213
638,spreading,1,428,411,9571,102.98,sam2,0.0,0.0,0.0
639,spreading,1,429,411,9553,102.79,sam2,1.0,2996.766,45.406
640,spreading,1,429,413,9396,101.1,sam2,2.0,5993.533,90.811
641,spreading,1,429,414,9004,96.88,sam2,1.0,2996.766,45.406
642,spreading,1,430,417,8974,96.56,sam2,3.162,9476.608,143.585
643,spreading,1,430,419,8791,94.59,sam2,2.0,5993.533,90.811
644,spreading,1,431,420,8614,92.68,sam2,1.414,4238.068,64.213
645,spreading,1,432,422,8381,90.18,sam2,2.236,6700.974,101.53
646,spreading,1,432,423,8395,90.33,sam2,1.0,2996.766,45.406
647,spreading,1,432,425,8311,89.42,sam2,2.0,5993.533,90.811
648,spreading,1,433,427,8206,88.29,sam2,2.236,6700.974,101.53
649,spreading,1,433,428,8188,88.1,sam2,1.0,2996.766,45.406
650,spreading,1,435,429,8203,88.26,sam2,2.236,6700.974,101.53
651,spreading,1,436,429,8271,88.99,sam2,1.0,2996.766,45.406
652,spreading,1,437,430,8283,89.12,sam2,1.414,4238.068,64.213
653,spreading,1,440,430,8529,91.77,sam2,3.0,8990.299,136.217
654,spreading,1,440,430,8351,89.85,sam2,0.0,0.0,0.0
655,spreading,1,440,429,8244,88.7,sam2,1.0,2996.766,45.406
656,spreading,1,440,430,8133,87.51,sam2,1.0,2996.766,45.406
657,spreading,1,442,430,8673,93.32,sam2,2.0,5993.533,90.811
658,spreading,1,443,429,9262,99.66,sam2,1.414,4238.068,64.213
659,spreading,1,443,425,9908,106.61,sam2,4.0,11987.066,181.622
660,spreading,1,443,422,10536,113.36,sam2,3.0,8990.299,136.217
661,spreading,1,443,421,10509,113.07,sam2,1.0,2996.766,45.406
662,spreading,1,444,420,10411,112.02,sam2,1.414,4238.068,64.213
663,spreading,1,443,416,10036,107.98,sam2,4.123,12355.985,187.212
664,spreading,1,443,415,10383,111.72,sam2,1.0,2996.766,45.406
665,spreading,1,444,416,10646,114.55,sam2,1.414,4238.068,64.213
666,spreading,1,444,417,11108,119.52,sam2,1.0,2996.766,45.406
667,spreading,1,445,416,10854,116.79,sam2,1.414,4238.068,64.213
668,spreading,1,446,418,10717,115.31,sam2,2.236,6700.974,101.53
669,spreading,1,447,417,10790,116.1,sam2,1.414,4238.068,64.213
670,spreading,1,447,417,10746,115.62,sam2,0.0,0.0,0.0
671,spreading,1,446,418,11072,119.13,sam2,1.414,4238.068,64.213
672,spreading,1,445,419,11188,120.38,sam2,1.414,4238.068,64.213
673,spreading,1,448,419,11099,119.42,sam2,3.0,8990.299,136.217
674,spreading,1,451,421,11878,127.8,sam2,3.606,10804.995,163.712
675,spreading,1,454,423,12326,132.62,sam2,3.606,10804.995,163.712
676,spreading,1,448,421,11087,119.29,sam2,6.325,18953.215,287.17
677,spreading,1,446,422,10505,113.03,sam2,2.236,6700.974,101.53
678,spreading,1,448,423,10730,115.45,sam2,2.236,6700.974,101.53
679,spreading,1,449,422,10648,114.57,sam2,1.414,4238.068,64.213
680,spreading,1,452,424,11193,120.43,sam2,3.606,10804.995,163.712
681,spreading,1,450,425,10714,115.28,sam2,2.236,6700.974,101.53
682,spreading,1,455,427,11417,122.84,sam2,5.385,16138.081,244.516
683,spreading,1,452,428,10574,113.77,sam2,3.162,9476.608,143.585
684,spreading,1,451,428,10378,111.66,sam2,1.0,2996.766,45.406
685,spreading,1,454,429,10918,117.47,sam2,3.162,9476.608,143.585
686,spreading,1,454,430,11157,120.05,sam2,1.0,2996.766,45.406
687,spreading,1,455,432,11369,122.33,sam2,2.236,6700.974,101.53
688,spreading,1,456,432,11554,124.32,sam2,1.0,2996.766,45.406
689,spreading,1,456,432,11901,128.05,sam2,0.0,0.0,0.0
690,spreading,1,456,431,11894,127.98,sam2,1.0,2996.766,45.406
691,spreading,1,457,432,12216,131.44,sam2,1.414,4238.068,64.213
692,spreading,1,456,430,12040,129.55,sam2,2.236,6700.974,101.53
693,spreading,1,456,430,12183,131.08,sam2,0.0,0.0,0.0
694,spreading,1,456,430,12267,131.99,sam2,0.0,0.0,0.0
695,spreading,1,455,431,11979,128.89,sam2,1.414,4238.068,64.213
696,spreading,1,454,431,12304,132.39,sam2,1.0,2996.766,45.406
697,spreading,1,454,430,12276,132.09,sam2,1.0,2996.766,45.406
698,spreading,1,453,430,12602,135.59,sam2,1.0,2996.766,45.406
699,spreading,1,454,428,12423,133.67,sam2,2.236,6700.974,101.53
700,spreading,1,455,429,12820,137.94,sam2,1.414,4238.068,64.213
701,spreading,1,455,427,12539,134.91,sam2,2.0,5993.533,90.811
702,spreading,1,456,428,12868,138.45,sam2,1.414,4238.068,64.213
703,spreading,1,456,428,12726,136.93,sam2,0.0,0.0,0.0
704,spreading,1,455,426,12471,134.18,sam2,2.236,6700.974,101.53
705,spreading,1,455,426,12180,131.05,sam2,0.0,0.0,0.0
706,spreading,1,454,427,11991,129.02,sam2,1.414,4238.068,64.213
707,spreading,1,454,427,11867,127.68,sam2,0.0,0.0,0.0
708,spreading,1,454,428,12276,132.09,sam2,1.0,2996.766,45.406
709,spreading,1,454,428,12344,132.82,sam2,0.0,0.0,0.0
710,spreading,1,454,427,12138,130.6,sam2,1.0,2996.766,45.406
711,spreading,1,456,428,12241,131.71,sam2,2.236,6700.974,101.53
712,spreading,1,455,428,12363,133.02,sam2,1.0,2996.766,45.406
713,spreading,1,455,429,12443,133.88,sam2,1.0,2996.766,45.406
714,spreading,1,456,430,12426,133.7,sam2,1.414,4238.068,64.213
715,spreading,1,455,430,12318,132.54,sam2,1.0,2996.766,45.406
716,spreading,1,454,430,12413,133.56,sam2,1.0,2996.766,45.406
717,spreading,1,455,430,12268,132.0,sam2,1.0,2996.766,45.406
718,spreading,1,454,431,11878,127.8,sam2,1.414,4238.068,64.213
719,spreading,1,454,431,11648,125.33,sam2,0.0,0.0,0.0
720,spreading,1,455,431,11688,125.76,sam2,1.0,2996.766,45.406
721,spreading,1,455,432,11732,126.23,sam2,1.0,2996.766,45.406
722,spreading,1,455,432,11560,124.38,sam2,0.0,0.0,0.0
723,spreading,1,455,432,11584,124.64,sam2,0.0,0.0,0.0
724,spreading,1,456,432,11526,124.02,sam2,1.0,2996.766,45.406
725,spreading,1,455,431,11558,124.36,sam2,1.414,4238.068,64.213
726,spreading,1,456,433,11994,129.05,sam2,2.236,6700.974,101.53
727,spreading,1,456,431,11672,125.59,sam2,2.0,5993.533,90.811
728,spreading,1,456,431,11688,125.76,sam2,0.0,0.0,0.0
729,spreading,1,456,431,11875,127.77,sam2,0.0,0.0,0.0
730,spreading,1,456,430,11730,126.21,sam2,1.0,2996.766,45.406
731,spreading,1,456,430,11617,124.99,sam2,0.0,0.0,0.0
732,spreading,1,457,430,11846,127.46,sam2,1.0,2996.766,45.406
733,spreading,1,457,430,11892,127.95,sam2,0.0,0.0,0.0
734,spreading,1,457,429,12135,130.57,sam2,1.0,2996.766,45.406
735,spreading,1,458,428,12102,130.21,sam2,1.414,4238.068,64.213
736,spreading,1,457,427,12116,130.36,sam2,1.414,4238.068,64.213
737,spreading,1,457,427,12273,132.05,sam2,0.0,0.0,0.0
738,spreading,1,457,426,12239,131.69,sam2,1.0,2996.766,45.406
739,spreading,1,457,426,12197,131.24,sam2,0.0,0.0,0.0
740,spreading,1,457,426,12377,133.17,sam2,0.0,0.0,0.0
741,spreading,1,456,426,12347,132.85,sam2,1.0,2996.766,45.406
742,spreading,1,457,426,12243,131.73,sam2,1.0,2996.766,45.406
743,spreading,1,456,426,12260,131.91,sam2,1.0,2996.766,45.406
744,spreading,1,457,427,12333,132.7,sam2,1.414,4238.068,64.213
745,spreading,1,457,427,12383,133.24,sam2,0.0,0.0,0.0
746,spreading,1,456,427,12323,132.59,sam2,1.0,2996.766,45.406
747,spreading,1,457,428,12453,133.99,sam2,1.414,4238.068,64.213
748,spreading,1,457,428,12049,129.64,sam2,0.0,0.0,0.0
749,spreading,1,457,429,12091,130.09,sam2,1.0,2996.766,45.406
750,spreading,1,457,430,11936,128.43,sam2,1.0,2996.766,45.406
751,spreading,1,457,430,11720,126.1,sam2,0.0,0.0,0.0
752,spreading,1,457,431,11558,124.36,sam2,1.0,2996.766,45.406
753,spreading,1,458,431,11587,124.67,sam2,1.0,2996.766,45.406
754,spreading,1,458,431,11362,122.25,sam2,0.0,0.0,0.0
755,spreading,1,458,432,11374,122.38,sam2,1.0,2996.766,45.406
756,spreading,1,457,432,11490,123.63,sam2,1.0,2996.766,45.406
757,spreading,1,458,432,11446,123.15,sam2,1.0,2996.766,45.406
758,spreading,1,458,433,11687,125.75,sam2,1.0,2996.766,45.406
759,spreading,1,458,432,11450,123.2,sam2,1.0,2996.766,45.406
760,spreading,1,458,433,11761,126.54,sam2,1.0,2996.766,45.406
761,spreading,1,457,432,11485,123.57,sam2,1.414,4238.068,64.213
762,spreading,1,456,432,11719,126.09,sam2,1.0,2996.766,45.406
763,spreading,1,456,431,11661,125.47,sam2,1.0,2996.766,45.406
764,spreading,1,456,431,11792,126.88,sam2,0.0,0.0,0.0
765,spreading,1,456,430,11710,126.0,sam2,1.0,2996.766,45.406
766,spreading,1,456,429,11827,127.25,sam2,1.0,2996.766,45.406
767,spreading,1,456,429,12256,131.87,sam2,0.0,0.0,0.0
768,spreading,1,455,428,12300,132.34,sam2,1.414,4238.068,64.213
769,spreading,1,455,428,12256,131.87,sam2,0.0,0.0,0.0
770,spreading,1,455,428,12417,133.6,sam2,0.0,0.0,0.0
771,spreading,1,454,427,12286,132.19,sam2,1.414,4238.068,64.213
772,spreading,1,455,427,12333,132.7,sam2,1.0,2996.766,45.406
773,spreading,1,454,427,12305,132.4,sam2,1.0,2996.766,45.406
774,spreading,1,454,427,12269,132.01,sam2,0.0,0.0,0.0
775,spreading,1,455,427,12216,131.44,sam2,1.0,2996.766,45.406
776,spreading,1,454,427,12107,130.27,sam2,1.0,2996.766,45.406
777,spreading,1,454,428,12191,131.17,sam2,1.0,2996.766,45.406
778,spreading,1,454,427,11995,129.06,sam2,1.0,2996.766,45.406
779,spreading,1,454,427,11694,125.82,sam2,0.0,0.0,0.0
780,spreading,1,455,428,11819,127.17,sam2,1.414,4238.068,64.213
781,spreading,1,455,429,11922,128.28,sam2,1.0,2996.766,45.406
782,rebounding,1,455,429,11635,125.19,sam2,0.0,0.0,0.0
783,rebounding,1,455,430,11791,126.87,sam2,1.0,2996.766,45.406
784,rebounding,1,455,430,11431,122.99,sam2,0.0,0.0,0.0
785,rebounding,1,455,430,11365,122.28,sam2,0.0,0.0,0.0
786,rebounding,1,455,430,11305,121.64,sam2,0.0,0.0,0.0
787,rebounding,1,455,431,11227,120.8,sam2,1.0,2996.766,45.406
788,rebounding,1,455,431,11120,119.65,sam2,0.0,0.0,0.0
789,rebounding,1,455,431,11175,120.24,sam2,0.0,0.0,0.0
790,rebounding,1,456,430,11043,118.82,sam2,1.414,4238.068,64.213
791,rebounding,1,456,431,11398,122.64,sam2,1.0,2996.766,45.406
792,rebounding,1,457,434,12511,134.61,sam2,3.162,9476.608,143.585
793,rebounding,1,455,431,11129,119.74,sam2,3.606,10804.995,163.712
794,rebounding,1,455,430,11074,119.15,sam2,1.0,2996.766,45.406
795,rebounding,1,455,430,11529,124.05,sam2,0.0,0.0,0.0
796,rebounding,1,455,431,11491,123.64,sam2,1.0,2996.766,45.406
797,rebounding,1,455,430,11596,124.77,sam2,1.0,2996.766,45.406
798,rebounding,1,456,430,11685,125.73,sam2,1.0,2996.766,45.406
799,rebounding,1,455,429,11480,123.52,sam2,1.414,4238.068,64.213
800,rebounding,1,455,429,11737,126.29,sam2,0.0,0.0,0.0
801,rebounding,1,455,429,11885,127.88,sam2,0.0,0.0,0.0
802,rebounding,1,455,427,11809,127.06,sam2,2.0,5993.533,90.811
803,rebounding,1,456,427,11989,129.0,sam2,1.0,2996.766,45.406
804,rebounding,1,455,426,11796,126.92,sam2,1.414,4238.068,64.213
805,rebounding,1,455,425,11785,126.8,sam2,1.0,2996.766,45.406
806,rebounding,1,456,426,12035,129.49,sam2,1.414,4238.068,64.213
807,rebounding,1,455,427,12109,130.29,sam2,1.414,4238.068,64.213
808,rebounding,1,456,427,12060,129.76,sam2,1.0,2996.766,45.406
809,rebounding,1,456,426,11870,127.72,sam2,1.0,2996.766,45.406
810,rebounding,1,451,424,11001,118.37,sam2,5.385,16138.081,244.516
811,rebounding,1,456,426,11893,127.96,sam2,5.385,16138.081,244.516
812,rebounding,1,444,425,9998,107.57,sam2,12.042,36085.847,546.755
813,rebounding,1,446,425,10281,110.62,sam2,2.0,5993.533,90.811
814,rebounding,1,455,428,11709,125.98,sam2,9.487,28429.823,430.755
815,rebounding,1,450,427,10868,116.94,sam2,5.099,15280.571,231.524
816,rebounding,1,445,427,10099,108.66,sam2,5.0,14983.832,227.028
817,rebounding,1,450,429,11059,118.99,sam2,5.385,16138.081,244.516
818,rebounding,1,455,430,11594,124.75,sam2,5.099,15280.571,231.524
819,rebounding,1,451,429,11041,118.8,sam2,4.123,12355.985,187.212
820,rebounding,1,455,431,11455,123.25,sam2,4.472,13401.947,203.06
821,rebounding,1,455,430,11253,121.08,sam2,1.0,2996.766,45.406
822,rebounding,1,455,431,11445,123.14,sam2,1.0,2996.766,45.406
823,rebounding,1,455,430,11247,121.01,sam2,1.0,2996.766,45.406
824,rebounding,1,456,431,11772,126.66,sam2,1.414,4238.068,64.213
825,rebounding,1,451,430,10721,115.35,sam2,5.099,15280.571,231.524
826,rebounding,1,456,431,11671,125.58,sam2,5.099,15280.571,231.524
827,rebounding,1,456,430,11310,121.69,sam2,1.0,2996.766,45.406
828,rebounding,1,455,430,11363,122.26,sam2,1.0,2996.766,45.406
829,rebounding,1,453,429,11107,119.51,sam2,2.236,6700.974,101.53
830,rebounding,1,451,429,10769,115.87,sam2,2.0,5993.533,90.811
831,rebounding,1,445,427,9714,104.52,sam2,6.325,18953.215,287.17
832,rebounding,1,445,427,9739,104.79,sam2,0.0,0.0,0.0
833,rebounding,1,448,427,10332,111.17,sam2,3.0,8990.299,136.217
834,rebounding,1,445,426,9973,107.31,sam2,3.162,9476.608,143.585
835,rebounding,1,452,427,11265,121.21,sam2,7.071,21190.339,321.066
836,rebounding,1,446,427,10413,112.04,sam2,6.0,17980.599,272.433
837,rebounding,1,445,425,10282,110.63,sam2,2.236,6700.974,101.53
838,rebounding,1,444,424,10165,109.37,sam2,1.414,4238.068,64.213
839,rebounding,1,445,425,10392,111.81,sam2,1.414,4238.068,64.213
840,rebounding,1,445,425,10548,113.49,sam2,0.0,0.0,0.0
841,rebounding,1,449,425,11166,120.14,sam2,4.0,11987.066,181.622
842,rebounding,1,442,423,10251,110.3,sam2,7.28,21816.789,330.557
843,rebounding,1,442,423,10147,109.18,sam2,0.0,0.0,0.0
844,rebounding,1,442,423,10300,110.82,sam2,0.0,0.0,0.0
845,rebounding,1,442,423,10137,109.07,sam2,0.0,0.0,0.0
846,rebounding,1,441,423,9972,107.3,sam2,1.0,2996.766,45.406
847,rebounding,1,441,423,9763,105.05,sam2,0.0,0.0,0.0
848,rebounding,1,441,425,9945,107.0,sam2,2.0,5993.533,90.811
849,rebounding,1,441,426,9957,107.13,sam2,1.0,2996.766,45.406
850,rebounding,1,441,427,9944,106.99,sam2,1.0,2996.766,45.406
851,rebounding,1,441,427,9693,104.29,sam2,0.0,0.0,0.0
852,rebounding,1,440,427,9576,103.03,sam2,1.0,2996.766,45.406
853,rebounding,1,440,428,9529,102.53,sam2,1.0,2996.766,45.406
854,rebounding,1,440,428,9270,99.74,sam2,0.0,0.0,0.0
855,rebounding,1,440,428,9205,99.04,sam2,0.0,0.0,0.0
856,rebounding,1,440,429,9193,98.91,sam2,1.0,2996.766,45.406
857,rebounding,1,441,429,9360,100.71,sam2,1.0,2996.766,45.406
858,rebounding,1,440,429,9362,100.73,sam2,1.0,2996.766,45.406
859,rebounding,1,440,429,9318,100.26,sam2,0.0,0.0,0.0
860,rebounding,1,440,430,9366,100.77,sam2,1.0,2996.766,45.406
861,rebounding,1,440,429,9095,97.86,sam2,1.0,2996.766,45.406
862,rebounding,1,440,429,9270,99.74,sam2,0.0,0.0,0.0
863,rebounding,1,440,428,9204,99.03,sam2,1.0,2996.766,45.406
864,rebounding,1,441,428,9413,101.28,sam2,1.0,2996.766,45.406
865,rebounding,1,441,427,9321,100.29,sam2,1.0,2996.766,45.406
866,rebounding,1,441,427,9425,101.41,sam2,0.0,0.0,0.0
867,rebounding,1,441,426,9289,99.95,sam2,1.0,2996.766,45.406
868,rebounding,1,441,426,9662,103.96,sam2,0.0,0.0,0.0
869,rebounding,1,441,425,9722,104.61,sam2,1.0,2996.766,45.406
870,rebounding,1,441,425,10002,107.62,sam2,0.0,0.0,0.0
871,rebounding,1,441,425,10078,108.44,sam2,0.0,0.0,0.0
872,rebounding,1,442,425,10333,111.18,sam2,1.0,2996.766,45.406
873,rebounding,1,442,425,10306,110.89,sam2,0.0,0.0,0.0
874,rebounding,1,442,425,10282,110.63,sam2,0.0,0.0,0.0
875,rebounding,1,442,425,10235,110.12,sam2,0.0,0.0,0.0
876,rebounding,1,442,425,10225,110.02,sam2,0.0,0.0,0.0
877,rebounding,1,443,425,10150,109.21,sam2,1.0,2996.766,45.406
878,rebounding,1,443,425,10192,109.66,sam2,0.0,0.0,0.0
879,rebounding,1,443,425,9970,107.27,sam2,0.0,0.0,0.0
880,rebounding,1,442,426,9975,107.33,sam2,1.414,4238.068,64.213
881,rebounding,1,443,426,9880,106.31,sam2,1.0,2996.766,45.406
882,rebounding,1,443,426,9824,105.7,sam2,0.0,0.0,0.0
883,rebounding,1,443,428,9707,104.44,sam2,2.0,5993.533,90.811
884,rebounding,1,443,428,9626,103.57,sam2,0.0,0.0,0.0
885,rebounding,1,443,427,9363,100.74,sam2,1.0,2996.766,45.406
886,rebounding,1,443,428,9460,101.79,sam2,1.0,2996.766,45.406
887,rebounding,1,443,428,9244,99.46,sam2,0.0,0.0,0.0
888,rebounding,1,443,428,9312,100.19,sam2,0.0,0.0,0.0
889,rebounding,1,443,429,9432,101.48,sam2,1.0,2996.766,45.406
890,rebounding,1,443,430,9418,101.33,sam2,1.0,2996.766,45.406
891,rebounding,1,444,430,9455,101.73,sam2,1.0,2996.766,45.406
892,rebounding,1,444,430,9524,102.47,sam2,0.0,0.0,0.0
893,rebounding,1,444,429,9500,102.22,sam2,1.0,2996.766,45.406
894,rebounding,1,444,429,9452,101.7,sam2,0.0,0.0,0.0
895,rebounding,1,444,430,9704,104.41,sam2,1.0,2996.766,45.406
896,rebounding,1,444,429,9631,103.63,sam2,1.0,2996.766,45.406
897,rebounding,1,444,429,9712,104.5,sam2,0.0,0.0,0.0
898,rebounding,1,444,429,9724,104.63,sam2,0.0,0.0,0.0
899,rebounding,1,444,428,9684,104.2,sam2,1.0,2996.766,45.406
900,rebounding,1,443,428,9719,104.57,sam2,1.0,2996.766,45.406
901,rebounding,1,443,427,9899,106.51,sam2,1.0,2996.766,45.406
902,rebounding,1,443,427,9891,106.42,sam2,0.0,0.0,0.0
903,rebounding,1,443,427,9891,106.42,sam2,0.0,0.0,0.0
904,rebounding,1,443,425,9959,107.16,sam2,2.0,5993.533,90.811
905,rebounding,1,444,425,9955,107.11,sam2,1.0,2996.766,45.406
906,rebounding,1,443,425,9821,105.67,sam2,1.0,2996.766,45.406
907,rebounding,1,443,424,9800,105.44,sam2,1.0,2996.766,45.406
908,rebounding,1,442,424,9787,105.3,sam2,1.0,2996.766,45.406
909,rebounding,1,442,425,9984,107.42,sam2,1.0,2996.766,45.406
910,rebounding,1,443,425,9999,107.59,sam2,1.0,2996.766,45.406
911,rebounding,1,442,425,9821,105.67,sam2,1.0,2996.766,45.406
912,rebounding,1,442,424,9737,104.77,sam2,1.0,2996.766,45.406
913,rebounding,1,442,425,9894,106.46,sam2,1.0,2996.766,45.406
914,rebounding,1,442,424,9556,102.82,sam2,1.0,2996.766,45.406
915,rebounding,1,441,426,9653,103.86,sam2,2.236,6700.974,101.53
916,rebounding,1,442,426,9634,103.66,sam2,1.0,2996.766,45.406
917,rebounding,1,441,426,9459,101.78,sam2,1.0,2996.766,45.406
918,rebounding,1,441,427,9425,101.41,sam2,1.0,2996.766,45.406
919,rebounding,1,441,428,9539,102.64,sam2,1.0,2996.766,45.406
920,rebounding,1,441,428,9561,102.87,sam2,0.0,0.0,0.0
921,rebounding,1,440,428,9574,103.01,sam2,1.0,2996.766,45.406
922,rebounding,1,440,429,9628,103.59,sam2,1.0,2996.766,45.406
923,rebounding,1,441,429,9523,102.46,sam2,1.0,2996.766,45.406
924,rebounding,1,441,429,9502,102.24,sam2,0.0,0.0,0.0
925,rebounding,1,440,429,9487,102.08,sam2,1.0,2996.766,45.406
926,rebounding,1,440,429,9450,101.68,sam2,0.0,0.0,0.0
927,rebounding,1,441,429,9426,101.42,sam2,1.0,2996.766,45.406
928,rebounding,1,440,430,9507,102.29,sam2,1.414,4238.068,64.213
929,rebounding,1,441,429,9468,101.87,sam2,1.414,4238.068,64.213
930,rebounding,1,440,428,9283,99.88,sam2,1.414,4238.068,64.213
931,rebounding,1,440,428,9516,102.39,sam2,0.0,0.0,0.0
932,rebounding,1,441,428,9539,102.64,sam2,1.0,2996.766,45.406
933,rebounding,1,440,428,9387,101.0,sam2,1.0,2996.766,45.406
934,rebounding,1,440,428,9394,101.08,sam2,0.0,0.0,0.0
935,rebounding,1,440,427,9508,102.3,sam2,1.0,2996.766,45.406
936,rebounding,1,440,426,9408,101.23,sam2,1.0,2996.766,45.406
937,rebounding,1,441,427,9650,103.83,sam2,1.414,4238.068,64.213
938,rebounding,1,441,426,9655,103.88,sam2,1.0,2996.766,45.406
939,rebounding,1,441,426,9818,105.64,sam2,0.0,0.0,0.0
940,rebounding,1,440,425,9821,105.67,sam2,1.414,4238.068,64.213
941,rebounding,1,440,426,9934,106.89,sam2,1.0,2996.766,45.406
942,rebounding,1,441,425,9863,106.12,sam2,1.414,4238.068,64.213
943,rebounding,1,440,426,9829,105.76,sam2,1.414,4238.068,64.213
944,rebounding,1,440,426,9875,106.25,sam2,0.0,0.0,0.0
945,rebounding,1,441,425,9756,104.97,sam2,1.414,4238.068,64.213
946,rebounding,1,442,425,9880,106.31,sam2,1.0,2996.766,45.406
947,rebounding,1,441,425,9735,104.74,sam2,1.0,2996.766,45.406
948,rebounding,1,441,425,9767,105.09,sam2,0.0,0.0,0.0
949,rebounding,1,441,427,9871,106.21,sam2,2.0,5993.533,90.811
950,rebounding,1,441,427,9679,104.14,sam2,0.0,0.0,0.0
951,rebounding,1,441,427,9534,102.58,sam2,0.0,0.0,0.0
952,rebounding,1,442,428,9634,103.66,sam2,1.414,4238.068,64.213
953,rebounding,1,441,428,9633,103.65,sam2,1.0,2996.766,45.406
954,rebounding,1,442,428,9485,102.06,sam2,1.0,2996.766,45.406
955,rebounding,1,443,429,9571,102.98,sam2,1.414,4238.068,64.213
956,rebounding,1,442,429,9481,102.01,sam2,1.0,2996.766,45.406
957,rebounding,1,443,429,9589,103.17,sam2,1.0,2996.766,45.406
958,rebounding,1,443,429,9496,102.17,sam2,0.0,0.0,0.0
959,rebounding,1,443,429,9259,99.62,sam2,0.0,0.0,0.0
960,rebounding,1,443,430,9383,100.96,sam2,1.0,2996.766,45.406
961,rebounding,1,443,429,9426,101.42,sam2,1.0,2996.766,45.406
962,rebounding,1,443,430,9315,100.23,sam2,1.0,2996.766,45.406
963,rebounding,1,443,429,9479,101.99,sam2,1.0,2996.766,45.406
964,rebounding,1,444,429,9396,101.1,sam2,1.0,2996.766,45.406
965,rebounding,1,444,429,9444,101.61,sam2,0.0,0.0,0.0
966,rebounding,1,443,428,9351,100.61,sam2,1.414,4238.068,64.213
967,rebounding,1,443,429,9609,103.39,sam2,1.0,2996.766,45.406
968,rebounding,1,443,428,9624,103.55,sam2,1.0,2996.766,45.406
969,rebounding,1,443,428,9761,105.02,sam2,0.0,0.0,0.0
970,rebounding,1,444,426,9806,105.51,sam2,2.236,6700.974,101.53
971,rebounding,1,444,427,9920,106.74,sam2,1.0,2996.766,45.406
972,rebounding,1,444,427,10016,107.77,sam2,0.0,0.0,0.0
973,rebounding,1,443,426,10046,108.09,sam2,1.414,4238.068,64.213
974,rebounding,1,444,426,10123,108.92,sam2,1.0,2996.766,45.406
975,rebounding,1,443,425,10009,107.69,sam2,1.414,4238.068,64.213
976,rebounding,1,444,426,10232,110.09,sam2,1.414,4238.068,64.213
977,rebounding,1,443,426,10122,108.91,sam2,1.0,2996.766,45.406
978,rebounding,1,444,426,10150,109.21,sam2,1.0,2996.766,45.406
979,rebounding,1,444,426,10132,109.02,sam2,0.0,0.0,0.0
980,rebounding,1,443,426,10169,109.41,sam2,1.0,2996.766,45.406
981,rebounding,1,443,427,10122,108.91,sam2,1.0,2996.766,45.406
982,rebounding,1,443,427,10044,108.07,sam2,0.0,0.0,0.0
983,rebounding,1,443,427,9848,105.96,sam2,0.0,0.0,0.0
984,rebounding,1,443,427,9751,104.92,sam2,0.0,0.0,0.0
985,rebounding,1,443,428,9583,103.11,sam2,1.0,2996.766,45.406
986,rebounding,1,443,428,9671,104.06,sam2,0.0,0.0,0.0
987,rebounding,1,443,428,9416,101.31,sam2,0.0,0.0,0.0
988,rebounding,1,443,428,9416,101.31,sam2,0.0,0.0,0.0
989,rebounding,1,442,428,9305,100.12,sam2,1.0,2996.766,45.406
990,rebounding,1,442,429,9575,103.02,sam2,1.0,2996.766,45.406
991,rebounding,1,442,430,9514,102.37,sam2,1.0,2996.766,45.406
992,rebounding,1,441,429,9395,101.09,sam2,1.414,4238.068,64.213
993,rebounding,1,442,430,9484,102.04,sam2,1.414,4238.068,64.213
994,rebounding,1,441,429,9407,101.22,sam2,1.414,4238.068,64.213
995,rebounding,1,441,429,9389,101.02,sam2,0.0,0.0,0.0
996,rebounding,1,442,428,9362,100.73,sam2,1.414,4238.068,64.213
997,rebounding,1,441,429,9488,102.09,sam2,1.414,4238.068,64.213
998,rebounding,1,442,429,9616,103.46,sam2,1.0,2996.766,45.406
999,rebounding,1,441,428,9643,103.76,sam2,1.414,4238.068,64.213
1000,rebounding,1,441,428,9760,105.01,sam2,0.0,0.0,0.0
1001,rebounding,1,440,429,9737,104.77,sam2,1.414,4238.068,64.213
1002,rebounding,1,441,428,9663,103.97,sam2,1.414,4238.068,64.213
1003,rebounding,1,441,427,9717,104.55,sam2,1.0,2996.766,45.406
1004,rebounding,1,441,427,9875,106.25,sam2,0.0,0.0,0.0
1005,rebounding,1,441,426,9849,105.97,sam2,1.0,2996.766,45.406
1006,rebounding,1,440,426,9938,106.93,sam2,1.0,2996.766,45.406
1007,rebounding,1,440,426,10002,107.62,sam2,0.0,0.0,0.0
1008,rebounding,1,440,426,10046,108.09,sam2,0.0,0.0,0.0
1009,rebounding,1,440,426,9985,107.43,sam2,0.0,0.0,0.0
1010,rebounding,1,440,426,10039,108.02,sam2,0.0,0.0,0.0
1011,rebounding,1,441,426,9979,107.37,sam2,1.0,2996.766,45.406
1012,rebounding,1,441,426,9807,105.52,sam2,0.0,0.0,0.0
1013,rebounding,1,441,426,9799,105.43,sam2,0.0,0.0,0.0
1014,rebounding,1,441,426,9709,104.47,sam2,0.0,0.0,0.0
1015,rebounding,1,441,426,9685,104.21,sam2,0.0,0.0,0.0
1016,rebounding,1,441,426,9616,103.46,sam2,0.0,0.0,0.0
1017,rebounding,1,441,428,9668,104.02,sam2,2.0,5993.533,90.811
1018,rebounding,1,441,428,9719,104.57,sam2,0.0,0.0,0.0
1019,rebounding,1,440,428,9621,103.52,sam2,1.0,2996.766,45.406
1020,rebounding,1,441,428,9531,102.55,sam2,1.0,2996.766,45.406
1021,rebounding,1,441,428,9514,102.37,sam2,0.0,0.0,0.0
1022,rebounding,1,442,429,9640,103.72,sam2,1.414,4238.068,64.213
1023,rebounding,1,441,429,9664,103.98,sam2,1.0,2996.766,45.406
1024,rebounding,1,441,429,9496,102.17,sam2,0.0,0.0,0.0
1025,rebounding,1,441,429,9577,103.04,sam2,0.0,0.0,0.0
1026,rebounding,1,441,429,9695,104.31,sam2,0.0,0.0,0.0
1027,rebounding,1,442,429,9744,104.84,sam2,1.0,2996.766,45.406
1028,rebounding,1,442,429,9584,103.12,sam2,0.0,0.0,0.0
1029,rebounding,1,442,430,9644,103.77,sam2,1.0,2996.766,45.406
1030,rebounding,1,442,430,9561,102.87,sam2,0.0,0.0,0.0
1031,rebounding,1,442,429,9589,103.17,sam2,1.0,2996.766,45.406
1032,rebounding,1,442,429,9552,102.78,sam2,0.0,0.0,0.0
1033,rebounding,1,443,429,9757,104.98,sam2,1.0,2996.766,45.406
1034,rebounding,1,443,428,9698,104.35,sam2,1.0,2996.766,45.406
1035,rebounding,1,444,428,9829,105.76,sam2,1.0,2996.766,45.406
1036,rebounding,1,443,428,9678,104.13,sam2,1.0,2996.766,45.406
1037,rebounding,1,443,427,9670,104.05,sam2,1.0,2996.766,45.406
1038,rebounding,1,443,427,9746,104.86,sam2,0.0,0.0,0.0
1039,rebounding,1,443,426,9663,103.97,sam2,1.0,2996.766,45.406
1040,rebounding,1,443,426,9811,105.56,sam2,0.0,0.0,0.0
1041,rebounding,1,443,426,9938,106.93,sam2,0.0,0.0,0.0
1042,rebounding,1,443,427,9950,107.06,sam2,1.0,2996.766,45.406
1043,rebounding,1,444,426,9810,105.55,sam2,1.414,4238.068,64.213
1044,rebounding,1,443,426,9871,106.21,sam2,1.0,2996.766,45.406
1045,rebounding,1,443,426,9834,105.81,sam2,0.0,0.0,0.0
1046,rebounding,1,443,426,9818,105.64,sam2,0.0,0.0,0.0
1047,rebounding,1,444,426,9994,107.53,sam2,1.0,2996.766,45.406
1048,rebounding,1,444,426,9809,105.54,sam2,0.0,0.0,0.0
1049,rebounding,1,444,426,9873,106.23,sam2,0.0,0.0,0.0
1050,rebounding,1,443,427,9839,105.86,sam2,1.414,4238.068,64.213
1051,rebounding,1,443,427,9690,104.26,sam2,0.0,0.0,0.0
1052,rebounding,1,443,428,9802,105.47,sam2,1.0,2996.766,45.406
1053,rebounding,1,443,428,9813,105.58,sam2,0.0,0.0,0.0
1054,rebounding,1,443,428,9800,105.44,sam2,0.0,0.0,0.0
1055,rebounding,1,443,429,9746,104.86,sam2,1.0,2996.766,45.406
1056,rebounding,1,443,429,9781,105.24,sam2,0.0,0.0,0.0
1057,rebounding,1,443,429,9734,104.73,sam2,0.0,0.0,0.0
1058,rebounding,1,442,429,9562,102.88,sam2,1.0,2996.766,45.406
1059,rebounding,1,442,430,9683,104.19,sam2,1.0,2996.766,45.406
1060,rebounding,1,443,429,9563,102.89,sam2,1.414,4238.068,64.213
1061,rebounding,1,443,429,9559,102.85,sam2,0.0,0.0,0.0
1062,rebounding,1,442,430,9613,103.43,sam2,1.414,4238.068,64.213
1063,rebounding,1,442,430,9659,103.93,sam2,0.0,0.0,0.0
1064,rebounding,1,441,428,9463,101.82,sam2,2.236,6700.974,101.53
1065,rebounding,1,442,429,9503,102.25,sam2,1.414,4238.068,64.213
1066,rebounding,1,442,429,9502,102.24,sam2,0.0,0.0,0.0
1067,rebounding,1,442,428,9518,102.41,sam2,1.0,2996.766,45.406
1068,rebounding,1,442,428,9655,103.88,sam2,0.0,0.0,0.0
1069,rebounding,1,442,428,9595,103.24,sam2,0.0,0.0,0.0
1070,rebounding,1,442,427,9543,102.68,sam2,1.0,2996.766,45.406
1071,rebounding,1,442,427,9698,104.35,sam2,0.0,0.0,0.0
1072,rebounding,1,441,427,9713,104.51,sam2,1.0,2996.766,45.406
1073,rebounding,1,441,427,9789,105.33,sam2,0.0,0.0,0.0
1074,rebounding,1,441,427,9933,106.88,sam2,0.0,0.0,0.0
1075,rebounding,1,441,426,9972,107.3,sam2,1.0,2996.766,45.406
1076,rebounding,1,441,426,10096,108.63,sam2,0.0,0.0,0.0
1077,rebounding,1,441,426,9853,106.01,sam2,0.0,0.0,0.0
1078,rebounding,1,441,426,9896,106.48,sam2,0.0,0.0,0.0
1079,rebounding,1,441,426,9942,106.97,sam2,0.0,0.0,0.0
1080,rebounding,1,441,426,9960,107.17,sam2,0.0,0.0,0.0
1081,rebounding,1,441,426,9945,107.0,sam2,0.0,0.0,0.0
1082,rebounding,1,441,427,10053,108.17,sam2,1.0,2996.766,45.406
1083,rebounding,1,441,426,9960,107.17,sam2,1.0,2996.766,45.406
1084,rebounding,1,441,426,9738,104.78,sam2,0.0,0.0,0.0
1085,rebounding,1,440,427,9844,105.92,sam2,1.414,4238.068,64.213
1086,rebounding,1,441,428,9798,105.42,sam2,1.414,4238.068,64.213
1087,rebounding,1,441,429,9710,104.48,sam2,1.0,2996.766,45.406
1088,rebounding,1,441,429,9663,103.97,sam2,0.0,0.0,0.0
1089,rebounding,1,441,429,9536,102.6,sam2,0.0,0.0,0.0
1090,rebounding,1,442,429,9727,104.66,sam2,1.0,2996.766,45.406
1091,rebounding,1,441,429,9685,104.21,sam2,1.0,2996.766,45.406
1092,rebounding,1,441,429,9585,103.13,sam2,0.0,0.0,0.0
1093,rebounding,1,441,429,9546,102.71,sam2,0.0,0.0,0.0
1094,rebounding,1,441,430,9672,104.07,sam2,1.0,2996.766,45.406
1095,rebounding,1,441,430,9540,102.65,sam2,0.0,0.0,0.0
1096,rebounding,1,442,430,9572,102.99,sam2,1.0,2996.766,45.406
1097,rebounding,1,442,429,9514,102.37,sam2,1.0,2996.766,45.406
1098,rebounding,1,442,428,9525,102.49,sam2,1.0,2996.766,45.406
1099,rebounding,1,442,429,9666,104.0,sam2,1.0,2996.766,45.406
1100,rebounding,1,442,429,9751,104.92,sam2,0.0,0.0,0.0
1101,rebounding,1,442,428,9556,102.82,sam2,1.0,2996.766,45.406
1102,rebounding,1,443,429,9820,105.66,sam2,1.414,4238.068,64.213
1103,rebounding,1,443,427,9760,105.01,sam2,2.0,5993.533,90.811
1104,rebounding,1,443,427,9827,105.73,sam2,0.0,0.0,0.0
1105,rebounding,1,443,427,9864,106.13,sam2,0.0,0.0,0.0
1106,rebounding,1,443,427,9722,104.61,sam2,0.0,0.0,0.0
1107,rebounding,1,443,426,9939,106.94,sam2,1.0,2996.766,45.406
1108,rebounding,1,443,427,10067,108.32,sam2,1.0,2996.766,45.406
1109,rebounding,1,443,426,9945,107.0,sam2,1.0,2996.766,45.406
1110,rebounding,1,444,426,10030,107.92,sam2,1.0,2996.766,45.406
1111,rebounding,1,443,426,10011,107.71,sam2,1.0,2996.766,45.406
1112,rebounding,1,443,426,10104,108.72,sam2,0.0,0.0,0.0
1113,rebounding,1,443,426,10033,107.95,sam2,0.0,0.0,0.0
1114,rebounding,1,442,425,9885,106.36,sam2,1.414,4238.068,64.213
1115,rebounding,1,444,426,9933,106.88,sam2,2.236,6700.974,101.53
1116,rebounding,1,443,426,9873,106.23,sam2,1.0,2996.766,45.406
1117,rebounding,1,443,427,9867,106.17,sam2,1.0,2996.766,45.406
1118,rebounding,1,443,427,9902,106.54,sam2,0.0,0.0,0.0
1119,rebounding,1,443,428,9803,105.48,sam2,1.0,2996.766,45.406
1120,rebounding,1,444,428,9840,105.87,sam2,1.0,2996.766,45.406
1121,rebounding,1,444,428,9564,102.91,sam2,0.0,0.0,0.0
1122,rebounding,1,443,429,9597,103.26,sam2,1.414,4238.068,64.213
1123,rebounding,1,442,428,9555,102.81,sam2,1.414,4238.068,64.213
1124,rebounding,1,443,428,9461,101.8,sam2,1.0,2996.766,45.406
1125,rebounding,1,443,428,9366,100.77,sam2,0.0,0.0,0.0
1126,rebounding,1,443,429,9676,104.11,sam2,1.0,2996.766,45.406
1127,rebounding,1,443,430,9765,105.07,sam2,1.0,2996.766,45.406
1128,rebounding,1,443,430,9688,104.24,sam2,0.0,0.0,0.0
1129,rebounding,1,443,429,9650,103.83,sam2,1.0,2996.766,45.406
1130,rebounding,1,443,429,9685,104.21,sam2,0.0,0.0,0.0
1131,rebounding,1,443,429,9666,104.0,sam2,0.0,0.0,0.0
1132,rebounding,1,442,429,9502,102.24,sam2,1.0,2996.766,45.406
1133,rebounding,1,443,429,9645,103.78,sam2,1.0,2996.766,45.406
1134,rebounding,1,442,430,9739,104.79,sam2,1.414,4238.068,64.213
1135,rebounding,1,442,429,9693,104.29,sam2,1.0,2996.766,45.406
1136,rebounding,1,442,429,9730,104.69,sam2,0.0,0.0,0.0
1137,rebounding,1,442,428,9617,103.48,sam2,1.0,2996.766,45.406
1138,rebounding,1,442,428,9682,104.17,sam2,0.0,0.0,0.0
1139,rebounding,1,442,427,9672,104.07,sam2,1.0,2996.766,45.406
1140,rebounding,1,441,427,9740,104.8,sam2,1.0,2996.766,45.406
1141,rebounding,1,442,426,9710,104.48,sam2,1.414,4238.068,64.213
1142,rebounding,1,442,426,9719,104.57,sam2,0.0,0.0,0.0
1143,rebounding,1,442,426,9621,103.52,sam2,0.0,0.0,0.0
1144,rebounding,1,441,425,9554,102.8,sam2,1.414,4238.068,64.213
1145,rebounding,1,441,425,9759,105.0,sam2,0.0,0.0,0.0
1146,rebounding,1,441,426,9790,105.34,sam2,1.0,2996.766,45.406
1147,rebounding,1,441,427,9940,106.95,sam2,1.0,2996.766,45.406
1148,rebounding,1,441,427,9901,106.53,sam2,0.0,0.0,0.0
1149,rebounding,1,441,426,9817,105.63,sam2,1.0,2996.766,45.406
1150,rebounding,1,441,426,9827,105.73,sam2,0.0,0.0,0.0
1151,rebounding,1,441,426,9706,104.43,sam2,0.0,0.0,0.0
1152,rebounding,1,440,426,9577,103.04,sam2,1.0,2996.766,45.406
1153,rebounding,1,441,427,9459,101.78,sam2,1.414,4238.068,64.213
1154,rebounding,1,441,428,9600,103.29,sam2,1.0,2996.766,45.406
1155,rebounding,1,441,428,9564,102.91,sam2,0.0,0.0,0.0
1156,rebounding,1,440,428,9572,102.99,sam2,1.0,2996.766,45.406
1157,rebounding,1,440,429,9547,102.72,sam2,1.0,2996.766,45.406
1158,rebounding,1,440,429,9546,102.71,sam2,0.0,0.0,0.0
1159,rebounding,1,441,429,9490,102.11,sam2,1.0,2996.766,45.406
1160,rebounding,1,441,429,9657,103.91,sam2,0.0,0.0,0.0
1161,rebounding,1,441,429,9604,103.34,sam2,0.0,0.0,0.0
1162,rebounding,1,441,428,9406,101.21,sam2,1.0,2996.766,45.406
1163,rebounding,1,441,428,9324,100.32,sam2,0.0,0.0,0.0
1164,rebounding,1,442,429,9414,101.29,sam2,1.414,4238.068,64.213
1165,rebounding,1,441,428,9314,100.22,sam2,1.414,4238.068,64.213
1166,rebounding,1,441,429,9382,100.95,sam2,1.0,2996.766,45.406
1167,rebounding,1,441,429,9421,101.37,sam2,0.0,0.0,0.0
1168,rebounding,1,441,428,9450,101.68,sam2,1.0,2996.766,45.406
1169,rebounding,1,442,429,9634,103.66,sam2,1.414,4238.068,64.213
1170,rebounding,1,442,428,9362,100.73,sam2,1.0,2996.766,45.406
1171,rebounding,1,441,427,9402,101.16,sam2,1.414,4238.068,64.213
1172,rebounding,1,441,428,9475,101.95,sam2,1.0,2996.766,45.406
1173,rebounding,1,442,427,9566,102.93,sam2,1.414,4238.068,64.213
1174,rebounding,1,442,427,9555,102.81,sam2,0.0,0.0,0.0
1175,rebounding,1,442,426,9599,103.28,sam2,1.0,2996.766,45.406
1176,rebounding,1,442,425,9600,103.29,sam2,1.0,2996.766,45.406
1177,rebounding,1,442,426,9837,105.84,sam2,1.0,2996.766,45.406
1178,rebounding,1,442,426,9751,104.92,sam2,0.0,0.0,0.0
1179,rebounding,1,443,426,9904,106.56,sam2,1.0,2996.766,45.406
1180,rebounding,1,443,426,9800,105.44,sam2,0.0,0.0,0.0
1181,rebounding,1,443,426,9944,106.99,sam2,0.0,0.0,0.0
1182,rebounding,1,443,426,9896,106.48,sam2,0.0,0.0,0.0
1183,rebounding,1,443,426,9843,105.91,sam2,0.0,0.0,0.0
1184,rebounding,1,443,426,9708,104.45,sam2,0.0,0.0,0.0
1185,rebounding,1,443,426,9932,106.86,sam2,0.0,0.0,0.0
1186,rebounding,1,443,427,9780,105.23,sam2,1.0,2996.766,45.406
1187,rebounding,1,444,426,9622,103.53,sam2,1.414,4238.068,64.213
1188,rebounding,1,443,427,9626,103.57,sam2,1.414,4238.068,64.213
1189,rebounding,1,443,427,9604,103.34,sam2,0.0,0.0,0.0
1190,rebounding,1,443,427,9550,102.75,sam2,0.0,0.0,0.0
1191,rebounding,1,443,428,9667,104.01,sam2,1.0,2996.766,45.406
1192,rebounding,1,443,428,9548,102.73,sam2,0.0,0.0,0.0
1193,rebounding,1,444,428,9481,102.01,sam2,1.0,2996.766,45.406
1194,rebounding,1,443,429,9637,103.69,sam2,1.414,4238.068,64.213
1195,rebounding,1,443,428,9510,102.32,sam2,1.0,2996.766,45.406
1196,rebounding,1,443,428,9545,102.7,sam2,0.0,0.0,0.0
1197,rebounding,1,443,429,9579,103.07,sam2,1.0,2996.766,45.406
1198,rebounding,1,444,429,9648,103.81,sam2,1.0,2996.766,45.406
1199,rebounding,1,443,429,9657,103.91,sam2,1.0,2996.766,45.406
1200,rebounding,1,443,428,9460,101.79,sam2,1.0,2996.766,45.406
1201,rebounding,1,443,428,9398,101.12,sam2,0.0,0.0,0.0
1202,rebounding,1,443,428,9663,103.97,sam2,0.0,0.0,0.0
1203,rebounding,1,443,428,9512,102.35,sam2,0.0,0.0,0.0
1204,rebounding,1,443,428,9643,103.76,sam2,0.0,0.0,0.0
1205,rebounding,1,443,427,9552,102.78,sam2,1.0,2996.766,45.406
1206,rebounding,1,443,427,9558,102.84,sam2,0.0,0.0,0.0
1207,rebounding,1,442,427,9794,105.38,sam2,1.0,2996.766,45.406
1208,rebounding,1,443,427,9816,105.62,sam2,1.0,2996.766,45.406
1209,rebounding,1,443,426,9554,102.8,sam2,1.0,2996.766,45.406
1210,rebounding,1,442,426,9673,104.08,sam2,1.0,2996.766,45.406
1211,rebounding,1,442,426,9720,104.58,sam2,0.0,0.0,0.0
1212,rebounding,1,442,426,9794,105.38,sam2,0.0,0.0,0.0
1213,rebounding,1,442,426,9855,106.04,sam2,0.0,0.0,0.0
1214,rebounding,1,442,426,9923,106.77,sam2,0.0,0.0,0.0
1215,rebounding,1,442,426,9832,105.79,sam2,0.0,0.0,0.0
1216,rebounding,1,442,427,9991,107.5,sam2,1.0,2996.766,45.406
1217,rebounding,1,441,426,9907,106.6,sam2,1.414,4238.068,64.213
1218,rebounding,1,442,427,9874,106.24,sam2,1.414,4238.068,64.213
1219,rebounding,1,441,427,9917,106.7,sam2,1.0,2996.766,45.406
1220,rebounding,1,442,427,9698,104.35,sam2,1.0,2996.766,45.406
1221,rebounding,1,441,427,9572,102.99,sam2,1.0,2996.766,45.406
1222,rebounding,1,441,428,9577,103.04,sam2,1.0,2996.766,45.406
1223,rebounding,1,440,427,9456,101.74,sam2,1.414,4238.068,64.213
1224,rebounding,1,441,428,9608,103.38,sam2,1.414,4238.068,64.213
1225,rebounding,1,441,428,9467,101.86,sam2,0.0,0.0,0.0
1226,rebounding,1,441,428,9556,102.82,sam2,0.0,0.0,0.0
1227,rebounding,1,440,428,9530,102.54,sam2,1.0,2996.766,45.406
1228,rebounding,1,441,428,9471,101.9,sam2,1.0,2996.766,45.406
1229,rebounding,1,441,429,9576,103.03,sam2,1.0,2996.766,45.406
1230,rebounding,1,440,429,9560,102.86,sam2,1.0,2996.766,45.406
1231,rebounding,1,441,429,9715,104.53,sam2,1.0,2996.766,45.406
1232,rebounding,1,441,428,9469,101.88,sam2,1.0,2996.766,45.406
1233,rebounding,1,441,428,9414,101.29,sam2,0.0,0.0,0.0
1234,rebounding,1,441,429,9623,103.54,sam2,1.0,2996.766,45.406
1235,rebounding,1,441,428,9499,102.21,sam2,1.0,2996.766,45.406
1236,rebounding,1,441,428,9518,102.41,sam2,0.0,0.0,0.0
1237,rebounding,1,441,429,9730,104.69,sam2,1.0,2996.766,45.406
1238,rebounding,1,441,429,9753,104.94,sam2,0.0,0.0,0.0
1239,rebounding,1,441,429,9738,104.78,sam2,0.0,0.0,0.0
1240,rebounding,1,441,428,9756,104.97,sam2,1.0,2996.766,45.406
1241,rebounding,1,441,428,9725,104.64,sam2,0.0,0.0,0.0
1242,rebounding,1,441,428,9769,105.11,sam2,0.0,0.0,0.0
1243,rebounding,1,441,427,9721,104.59,sam2,1.0,2996.766,45.406
1244,rebounding,1,441,426,9646,103.79,sam2,1.0,2996.766,45.406
1245,rebounding,1,442,427,9901,106.53,sam2,1.414,4238.068,64.213
1246,rebounding,1,441,427,9855,106.04,sam2,1.0,2996.766,45.406
1247,rebounding,1,442,426,9788,105.32,sam2,1.414,4238.068,64.213
1248,rebounding,1,442,427,9791,105.35,sam2,1.0,2996.766,45.406
1249,rebounding,1,442,426,9768,105.1,sam2,1.0,2996.766,45.406
1250,rebounding,1,441,427,9752,104.93,sam2,1.414,4238.068,64.213
1251,rebounding,1,442,427,9877,106.27,sam2,1.0,2996.766,45.406
1252,rebounding,1,441,427,9793,105.37,sam2,1.0,2996.766,45.406
1253,rebounding,1,441,426,9666,104.0,sam2,1.0,2996.766,45.406
1254,rebounding,1,442,426,9616,103.46,sam2,1.0,2996.766,45.406
1255,rebounding,1,442,428,9633,103.65,sam2,2.0,5993.533,90.811
1256,rebounding,1,442,428,9827,105.73,sam2,0.0,0.0,0.0
1257,rebounding,1,442,428,9670,104.05,sam2,0.0,0.0,0.0
1258,rebounding,1,442,428,9606,103.36,sam2,0.0,0.0,0.0
1259,rebounding,1,443,428,9697,104.34,sam2,1.0,2996.766,45.406
1260,rebounding,1,443,428,9611,103.41,sam2,0.0,0.0,0.0
1261,rebounding,1,443,428,9584,103.12,sam2,0.0,0.0,0.0
1262,rebounding,1,443,428,9692,104.28,sam2,0.0,0.0,0.0
1263,rebounding,1,443,429,9632,103.64,sam2,1.0,2996.766,45.406
1264,rebounding,1,443,429,9790,105.34,sam2,0.0,0.0,0.0
1265,rebounding,1,443,429,9696,104.33,sam2,0.0,0.0,0.0
1266,rebounding,1,443,429,9654,103.87,sam2,0.0,0.0,0.0
1267,rebounding,1,442,429,9518,102.41,sam2,1.0,2996.766,45.406
1268,rebounding,1,443,428,9438,101.55,sam2,1.414,4238.068,64.213
1269,rebounding,1,443,428,9423,101.39,sam2,0.0,0.0,0.0
1270,rebounding,1,443,429,9586,103.14,sam2,1.0,2996.766,45.406
1271,rebounding,1,443,428,9636,103.68,sam2,1.0,2996.766,45.406
1272,rebounding,1,443,428,9711,104.49,sam2,0.0,0.0,0.0
1273,rebounding,1,443,428,9552,102.78,sam2,0.0,0.0,0.0
1274,rebounding,1,443,428,9662,103.96,sam2,0.0,0.0,0.0
1275,rebounding,1,443,428,9694,104.3,sam2,0.0,0.0,0.0
1276,rebounding,1,442,427,9580,103.08,sam2,1.414,4238.068,64.213
1277,rebounding,1,443,427,9652,103.85,sam2,1.0,2996.766,45.406
1278,rebounding,1,443,426,9634,103.66,sam2,1.0,2996.766,45.406
1279,rebounding,1,443,425,9575,103.02,sam2,1.0,2996.766,45.406
1280,rebounding,1,443,426,9667,104.01,sam2,1.0,2996.766,45.406
1281,rebounding,1,443,426,9762,105.04,sam2,0.0,0.0,0.0
1282,rebounding,1,443,426,9845,105.93,sam2,0.0,0.0,0.0
1283,rebounding,1,443,426,9697,104.34,sam2,0.0,0.0,0.0
1284,rebounding,1,442,426,9784,105.27,sam2,1.0,2996.766,45.406
1285,rebounding,1,442,427,9883,106.34,sam2,1.0,2996.766,45.406
1286,rebounding,1,442,426,9857,106.06,sam2,1.0,2996.766,45.406
1287,rebounding,1,442,427,10027,107.89,sam2,1.0,2996.766,45.406
1288,rebounding,1,442,427,9884,106.35,sam2,0.0,0.0,0.0
1289,rebounding,1,443,427,9760,105.01,sam2,1.0,2996.766,45.406
1290,rebounding,1,442,427,9653,103.86,sam2,1.0,2996.766,45.406
1291,rebounding,1,442,428,9695,104.31,sam2,1.0,2996.766,45.406
1292,rebounding,1,442,428,9565,102.92,sam2,0.0,0.0,0.0
1293,rebounding,1,442,427,9482,102.02,sam2,1.0,2996.766,45.406
1294,rebounding,1,441,429,9619,103.5,sam2,2.236,6700.974,101.53
1295,rebounding,1,441,428,9465,101.84,sam2,1.0,2996.766,45.406
1296,rebounding,1,441,428,9572,102.99,sam2,0.0,0.0,0.0
1297,rebounding,1,441,428,9398,101.12,sam2,0.0,0.0,0.0
1298,rebounding,1,442,428,9685,104.21,sam2,1.0,2996.766,45.406
1299,rebounding,1,441,428,9499,102.21,sam2,1.0,2996.766,45.406
1300,rebounding,1,442,429,9673,104.08,sam2,1.414,4238.068,64.213
1301,rebounding,1,441,428,9350,100.6,sam2,1.414,4238.068,64.213
1302,rebounding,1,441,428,9390,101.03,sam2,0.0,0.0,0.0
1303,rebounding,1,441,429,9465,101.84,sam2,1.0,2996.766,45.406
1304,rebounding,1,441,428,9550,102.75,sam2,1.0,2996.766,45.406
1305,rebounding,1,441,428,9526,102.5,sam2,0.0,0.0,0.0
1306,rebounding,1,441,428,9553,102.79,sam2,0.0,0.0,0.0
1307,rebounding,1,441,428,9408,101.23,sam2,0.0,0.0,0.0
1308,rebounding,1,441,429,9694,104.3,sam2,1.0,2996.766,45.406
1309,rebounding,1,441,428,9731,104.7,sam2,1.0,2996.766,45.406
1310,rebounding,1,440,428,9790,105.34,sam2,1.0,2996.766,45.406
1311,rebounding,1,441,427,9766,105.08,sam2,1.414,4238.068,64.213
1312,rebounding,1,441,427,9608,103.38,sam2,0.0,0.0,0.0
1313,rebounding,1,441,427,9763,105.05,sam2,0.0,0.0,0.0
1314,rebounding,1,441,427,9857,106.06,sam2,0.0,0.0,0.0
1315,rebounding,1,441,427,9753,104.94,sam2,0.0,0.0,0.0
1316,rebounding,1,441,427,9873,106.23,sam2,0.0,0.0,0.0
1317,rebounding,1,441,427,9843,105.91,sam2,0.0,0.0,0.0
1318,rebounding,1,441,427,9884,106.35,sam2,0.0,0.0,0.0
1319,rebounding,1,441,427,9708,104.45,sam2,0.0,0.0,0.0
1320,rebounding,1,441,427,9734,104.73,sam2,0.0,0.0,0.0
1321,rebounding,1,441,426,9706,104.43,sam2,1.0,2996.766,45.406
1322,rebounding,1,442,427,9841,105.89,sam2,1.414,4238.068,64.213
1323,rebounding,1,441,427,9757,104.98,sam2,1.0,2996.766,45.406
1324,rebounding,1,442,427,9683,104.19,sam2,1.0,2996.766,45.406
1325,rebounding,1,442,428,9689,104.25,sam2,1.0,2996.766,45.406
1326,rebounding,1,442,428,9770,105.12,sam2,0.0,0.0,0.0
1327,rebounding,1,443,428,9718,104.56,sam2,1.0,2996.766,45.406
1328,rebounding,1,442,429,9736,104.76,sam2,1.414,4238.068,64.213
1329,rebounding,1,443,429,9741,104.81,sam2,1.0,2996.766,45.406
1330,rebounding,1,442,429,9780,105.23,sam2,1.0,2996.766,45.406
1331,rebounding,1,442,428,9358,100.69,sam2,1.0,2996.766,45.406
1332,rebounding,1,442,429,9468,101.87,sam2,1.0,2996.766,45.406
1333,rebounding,1,442,429,9578,103.06,sam2,0.0,0.0,0.0
1334,rebounding,1,442,429,9553,102.79,sam2,0.0,0.0,0.0
1335,rebounding,1,442,429,9505,102.27,sam2,0.0,0.0,0.0
1336,rebounding,1,443,428,9560,102.86,sam2,1.414,4238.068,64.213
1337,rebounding,1,443,428,9556,102.82,sam2,0.0,0.0,0.0
1338,rebounding,1,443,428,9586,103.14,sam2,0.0,0.0,0.0
1339,rebounding,1,442,428,9686,104.22,sam2,1.0,2996.766,45.406
1340,rebounding,1,443,428,9667,104.01,sam2,1.0,2996.766,45.406
1341,rebounding,1,443,428,9739,104.79,sam2,0.0,0.0,0.0
1342,rebounding,1,443,428,9657,103.91,sam2,0.0,0.0,0.0
1343,rebounding,1,443,427,9618,103.49,sam2,1.0,2996.766,45.406
1344,rebounding,1,443,428,9804,105.49,sam2,1.0,2996.766,45.406
1345,rebounding,1,443,427,9700,104.37,sam2,1.0,2996.766,45.406
1346,rebounding,1,443,427,9737,104.77,sam2,0.0,0.0,0.0
1347,rebounding,1,443,426,9723,104.62,sam2,1.0,2996.766,45.406
1348,rebounding,1,443,426,9667,104.01,sam2,0.0,0.0,0.0
1349,rebounding,1,443,426,9760,105.01,sam2,0.0,0.0,0.0
1350,rebounding,1,443,427,9847,105.95,sam2,1.0,2996.766,45.406
1351,rebounding,1,443,427,9937,106.92,sam2,0.0,0.0,0.0
1352,rebounding,1,443,427,9773,105.15,sam2,0.0,0.0,0.0
1353,rebounding,1,443,426,9856,106.05,sam2,1.0,2996.766,45.406
1354,rebounding,1,443,426,9643,103.76,sam2,0.0,0.0,0.0
1355,rebounding,1,442,426,9798,105.42,sam2,1.0,2996.766,45.406
1356,rebounding,1,443,427,9673,104.08,sam2,1.414,4238.068,64.213
1357,rebounding,1,442,428,9775,105.18,sam2,1.414,4238.068,64.213
1358,rebounding,1,443,427,9826,105.72,sam2,1.414,4238.068,64.213
1359,rebounding,1,442,427,9530,102.54,sam2,1.0,2996.766,45.406
1360,rebounding,1,443,428,9763,105.05,sam2,1.414,4238.068,64.213
1361,rebounding,1,442,427,9579,103.07,sam2,1.414,4238.068,64.213
1362,rebounding,1,442,427,9460,101.79,sam2,0.0,0.0,0.0
1363,rebounding,1,442,427,9362,100.73,sam2,0.0,0.0,0.0
1364,rebounding,1,442,428,9569,102.96,sam2,1.0,2996.766,45.406
1365,rebounding,1,442,428,9548,102.73,sam2,0.0,0.0,0.0
1366,rebounding,1,442,428,9574,103.01,sam2,0.0,0.0,0.0
1367,rebounding,1,442,428,9610,103.4,sam2,0.0,0.0,0.0
1368,rebounding,1,442,428,9499,102.21,sam2,0.0,0.0,0.0
1369,rebounding,1,442,428,9512,102.35,sam2,0.0,0.0,0.0
1370,rebounding,1,442,428,9630,103.62,sam2,0.0,0.0,0.0
1371,rebounding,1,441,428,9487,102.08,sam2,1.0,2996.766,45.406
1372,rebounding,1,441,429,9731,104.7,sam2,1.0,2996.766,45.406
1373,rebounding,1,442,429,9831,105.78,sam2,1.0,2996.766,45.406
1374,rebounding,1,441,428,9653,103.86,sam2,1.414,4238.068,64.213
1375,rebounding,1,441,428,9491,102.12,sam2,0.0,0.0,0.0
1376,rebounding,1,442,428,9638,103.7,sam2,1.0,2996.766,45.406
1377,rebounding,1,441,428,9740,104.8,sam2,1.0,2996.766,45.406
1378,rebounding,1,441,428,9775,105.18,sam2,0.0,0.0,0.0
1379,rebounding,1,441,428,9682,104.17,sam2,0.0,0.0,0.0
1380,rebounding,1,441,428,9849,105.97,sam2,0.0,0.0,0.0
1381,rebounding,1,441,427,9646,103.79,sam2,1.0,2996.766,45.406
1382,rebounding,1,441,427,9595,103.24,sam2,0.0,0.0,0.0
1383,rebounding,1,441,426,9667,104.01,sam2,1.0,2996.766,45.406
1384,rebounding,1,441,427,9761,105.02,sam2,1.0,2996.766,45.406
1385,rebounding,1,441,427,9796,105.4,sam2,0.0,0.0,0.0
1386,rebounding,1,441,428,10042,108.05,sam2,1.0,2996.766,45.406
1387,rebounding,1,441,427,9736,104.76,sam2,1.0,2996.766,45.406
1388,rebounding,1,440,426,9815,105.61,sam2,1.414,4238.068,64.213
1389,rebounding,1,441,428,9900,106.52,sam2,2.236,6700.974,101.53
1390,rebounding,1,442,428,9871,106.21,sam2,1.0,2996.766,45.406
1391,rebounding,1,441,428,9809,105.54,sam2,1.0,2996.766,45.406
1392,rebounding,1,441,428,9866,106.15,sam2,0.0,0.0,0.0
1393,rebounding,1,441,428,9732,104.71,sam2,0.0,0.0,0.0
1394,rebounding,1,441,428,9837,105.84,sam2,0.0,0.0,0.0
1395,rebounding,1,440,428,9589,103.17,sam2,1.0,2996.766,45.406
1396,rebounding,1,441,428,9530,102.54,sam2,1.0,2996.766,45.406
1397,rebounding,1,442,429,9677,104.12,sam2,1.414,4238.068,64.213
1398,rebounding,1,442,429,9826,105.72,sam2,0.0,0.0,0.0
1399,rebounding,1,443,429,9701,104.38,sam2,1.0,2996.766,45.406
1400,rebounding,1,441,429,9586,103.14,sam2,2.0,5993.533,90.811
1401,rebounding,1,442,429,9818,105.64,sam2,1.0,2996.766,45.406
1402,rebounding,1,442,429,9463,101.82,sam2,0.0,0.0,0.0
1403,rebounding,1,442,429,9576,103.03,sam2,0.0,0.0,0.0
1404,rebounding,1,442,429,9676,104.11,sam2,0.0,0.0,0.0
1405,rebounding,1,442,429,9651,103.84,sam2,0.0,0.0,0.0
1406,rebounding,1,442,429,9729,104.68,sam2,0.0,0.0,0.0
1407,rebounding,1,442,429,9595,103.24,sam2,0.0,0.0,0.0
1408,rebounding,1,442,429,9779,105.22,sam2,0.0,0.0,0.0
1409,rebounding,1,442,428,9628,103.59,sam2,1.0,2996.766,45.406
1410,rebounding,1,442,429,9783,105.26,sam2,1.0,2996.766,45.406
1411,rebounding,1,442,428,9638,103.7,sam2,1.0,2996.766,45.406
1412,rebounding,1,443,428,9913,106.66,sam2,1.0,2996.766,45.406
1413,rebounding,1,443,428,9738,104.78,sam2,0.0,0.0,0.0
1414,rebounding,1,443,428,9898,106.5,sam2,0.0,0.0,0.0
1415,rebounding,1,443,428,9844,105.92,sam2,0.0,0.0,0.0
1416,rebounding,1,442,427,9756,104.97,sam2,1.414,4238.068,64.213
1417,rebounding,1,442,427,9576,103.03,sam2,0.0,0.0,0.0
1418,rebounding,1,443,427,9785,105.28,sam2,1.0,2996.766,45.406
1419,rebounding,1,442,428,9892,106.43,sam2,1.414,4238.068,64.213
1420,rebounding,1,442,427,9737,104.77,sam2,1.0,2996.766,45.406
1421,rebounding,1,443,428,9897,106.49,sam2,1.414,4238.068,64.213
1422,rebounding,1,443,428,10009,107.69,sam2,0.0,0.0,0.0
1423,rebounding,1,443,427,9697,104.34,sam2,1.0,2996.766,45.406
1424,rebounding,1,443,427,9802,105.47,sam2,0.0,0.0,0.0
1425,rebounding,1,443,428,10046,108.09,sam2,1.0,2996.766,45.406
1426,rebounding,1,443,427,9710,104.48,sam2,1.0,2996.766,45.406
1427,rebounding,1,443,427,9658,103.92,sam2,0.0,0.0,0.0
1428,rebounding,1,443,428,9699,104.36,sam2,1.0,2996.766,45.406
1429,rebounding,1,443,428,9742,104.82,sam2,0.0,0.0,0.0
1430,rebounding,1,443,428,9629,103.6,sam2,0.0,0.0,0.0
1431,rebounding,1,443,428,9582,103.1,sam2,0.0,0.0,0.0
1432,rebounding,1,443,428,9380,100.93,sam2,0.0,0.0,0.0
1433,rebounding,1,442,428,9478,101.98,sam2,1.0,2996.766,45.406
1434,rebounding,1,442,428,9430,101.46,sam2,0.0,0.0,0.0
1435,rebounding,1,443,428,9557,102.83,sam2,1.0,2996.766,45.406
1436,rebounding,1,442,428,9422,101.38,sam2,1.0,2996.766,45.406
1437,rebounding,1,442,428,9470,101.89,sam2,0.0,0.0,0.0
1438,rebounding,1,442,428,9485,102.06,sam2,0.0,0.0,0.0
1439,rebounding,1,443,428,9407,101.22,sam2,1.0,2996.766,45.406
1440,rebounding,1,442,428,9610,103.4,sam2,1.0,2996.766,45.406
1441,rebounding,1,442,428,9576,103.03,sam2,0.0,0.0,0.0
1442,rebounding,1,442,427,9378,100.9,sam2,1.0,2996.766,45.406
1443,rebounding,1,442,428,9462,101.81,sam2,1.0,2996.766,45.406
1444,rebounding,1,442,428,9612,103.42,sam2,0.0,0.0,0.0
1445,rebounding,1,442,427,9442,101.59,sam2,1.0,2996.766,45.406
1446,rebounding,1,442,427,9617,103.48,sam2,0.0,0.0,0.0
1447,rebounding,1,442,427,9702,104.39,sam2,0.0,0.0,0.0
1448,rebounding,1,442,428,9750,104.91,sam2,1.0,2996.766,45.406
1449,rebounding,1,442,426,9516,102.39,sam2,2.0,5993.533,90.811
1450,rebounding,1,442,426,9642,103.74,sam2,0.0,0.0,0.0
1451,rebounding,1,441,427,9706,104.43,sam2,1.414,4238.068,64.213
1452,rebounding,1,441,426,9623,103.54,sam2,1.0,2996.766,45.406
1453,rebounding,1,442,427,9844,105.92,sam2,1.414,4238.068,64.213
1454,rebounding,1,442,426,9605,103.35,sam2,1.0,2996.766,45.406
1455,rebounding,1,442,427,9912,106.65,sam2,1.0,2996.766,45.406
1456,rebounding,1,441,428,9691,104.27,sam2,1.414,4238.068,64.213
1457,rebounding,1,442,426,9732,104.71,sam2,2.236,6700.974,101.53
1458,rebounding,1,441,426,9469,101.88,sam2,1.0,2996.766,45.406
1459,rebounding,1,441,427,9428,101.44,sam2,1.0,2996.766,45.406
1460,rebounding,1,441,427,9531,102.55,sam2,0.0,0.0,0.0
1461,rebounding,1,441,427,9429,101.45,sam2,0.0,0.0,0.0
1462,rebounding,1,441,426,9500,102.22,sam2,1.0,2996.766,45.406
1463,rebounding,1,442,428,9604,103.34,sam2,2.236,6700.974,101.53
1464,rebounding,1,441,428,9398,101.12,sam2,1.0,2996.766,45.406
1465,rebounding,1,441,428,9469,101.88,sam2,0.0,0.0,0.0
1466,rebounding,1,441,427,9373,100.85,sam2,1.0,2996.766,45.406
1467,rebounding,1,442,428,9498,102.19,sam2,1.414,4238.068,64.213
1468,rebounding,1,441,428,9444,101.61,sam2,1.0,2996.766,45.406
1469,rebounding,1,441,428,9431,101.47,sam2,0.0,0.0,0.0
1470,rebounding,1,441,429,9503,102.25,sam2,1.0,2996.766,45.406
1471,rebounding,1,441,428,9451,101.69,sam2,1.0,2996.766,45.406
1472,rebounding,1,442,428,9533,102.57,sam2,1.0,2996.766,45.406
1473,rebounding,1,441,428,9495,102.16,sam2,1.0,2996.766,45.406
1474,rebounding,1,442,428,9389,101.02,sam2,1.0,2996.766,45.406
1475,rebounding,1,441,428,9360,100.71,sam2,1.0,2996.766,45.406
1476,rebounding,1,442,427,9367,100.79,sam2,1.414,4238.068,64.213
1477,rebounding,1,442,428,9492,102.13,sam2,1.0,2996.766,45.406
1478,rebounding,1,441,427,9503,102.25,sam2,1.414,4238.068,64.213
1479,rebounding,1,442,427,9532,102.56,sam2,1.0,2996.766,45.406
1480,rebounding,1,442,427,9473,101.93,sam2,0.0,0.0,0.0
1481,rebounding,1,442,426,9298,100.04,sam2,1.0,2996.766,45.406
1482,rebounding,1,442,427,9480,102.0,sam2,1.0,2996.766,45.406
1483,rebounding,1,442,427,9591,103.2,sam2,0.0,0.0,0.0
1484,rebounding,1,442,427,9569,102.96,sam2,0.0,0.0,0.0
1485,rebounding,1,442,427,9542,102.67,sam2,0.0,0.0,0.0
1486,rebounding,1,442,427,9761,105.02,sam2,0.0,0.0,0.0
1487,rebounding,1,443,427,9697,104.34,sam2,1.0,2996.766,45.406
1488,rebounding,1,442,427,9676,104.11,sam2,1.0,2996.766,45.406
1489,rebounding,1,442,426,9553,102.79,sam2,1.0,2996.766,45.406
1490,rebounding,1,443,426,9734,104.73,sam2,1.0,2996.766,45.406
1491,rebounding,1,443,427,9699,104.36,sam2,1.0,2996.766,45.406
1492,rebounding,1,443,426,9661,103.95,sam2,1.0,2996.766,45.406
1493,rebounding,1,442,427,9706,104.43,sam2,1.414,4238.068,64.213
1494,rebounding,1,442,426,9480,102.0,sam2,1.0,2996.766,45.406
1495,rebounding,1,442,426,9474,101.94,sam2,0.0,0.0,0.0
1496,rebounding,1,443,427,9624,103.55,sam2,1.414,4238.068,64.213
1497,rebounding,1,443,428,9676,104.11,sam2,1.0,2996.766,45.406
1498,rebounding,1,443,427,9611,103.41,sam2,1.0,2996.766,45.406
1499,rebounding,1,443,427,9615,103.45,sam2,0.0,0.0,0.0
1500,rebounding,1,443,428,9781,105.24,sam2,1.0,2996.766,45.406
1501,rebounding,1,442,428,9560,102.86,sam2,1.0,2996.766,45.406
1502,rebounding,1,443,428,9475,101.95,sam2,1.0,2996.766,45.406
1503,rebounding,1,443,428,9493,102.14,sam2,0.0,0.0,0.0
1504,rebounding,1,443,429,9496,102.17,sam2,1.0,2996.766,45.406
1505,rebounding,1,443,428,9623,103.54,sam2,1.0,2996.766,45.406
1506,rebounding,1,443,429,9676,104.11,sam2,1.0,2996.766,45.406
1507,rebounding,1,443,429,9729,104.68,sam2,0.0,0.0,0.0
1508,rebounding,1,442,429,9742,104.82,sam2,1.0,2996.766,45.406
1509,rebounding,1,443,429,9761,105.02,sam2,1.0,2996.766,45.406
1510,rebounding,1,443,428,9597,103.26,sam2,1.0,2996.766,45.406
1511,rebounding,1,442,428,9596,103.25,sam2,1.0,2996.766,45.406
1512,rebounding,1,442,428,9673,104.08,sam2,0.0,0.0,0.0
1513,rebounding,1,442,428,9761,105.02,sam2,0.0,0.0,0.0
1514,rebounding,1,442,428,9867,106.17,sam2,0.0,0.0,0.0
1515,rebounding,1,442,427,9534,102.58,sam2,1.0,2996.766,45.406
1516,rebounding,1,442,428,9811,105.56,sam2,1.0,2996.766,45.406
1517,rebounding,1,442,428,9942,106.97,sam2,0.0,0.0,0.0
1518,rebounding,1,442,428,9756,104.97,sam2,0.0,0.0,0.0
1519,rebounding,1,442,427,9871,106.21,sam2,1.0,2996.766,45.406
1520,rebounding,1,442,427,9872,106.22,sam2,0.0,0.0,0.0
1521,rebounding,1,442,427,9942,106.97,sam2,0.0,0.0,0.0
1522,rebounding,1,442,427,9892,106.43,sam2,0.0,0.0,0.0
1523,rebounding,1,442,428,9956,107.12,sam2,1.0,2996.766,45.406
1524,rebounding,1,441,428,9900,106.52,sam2,1.0,2996.766,45.406
1525,rebounding,1,441,428,9724,104.63,sam2,0.0,0.0,0.0
1526,rebounding,1,441,429,9846,105.94,sam2,1.0,2996.766,45.406
1527,rebounding,1,441,428,9822,105.68,sam2,1.0,2996.766,45.406
1528,rebounding,1,441,428,9728,104.67,sam2,0.0,0.0,0.0
1529,rebounding,1,441,428,9628,103.59,sam2,0.0,0.0,0.0
1530,rebounding,1,442,428,9777,105.2,sam2,1.0,2996.766,45.406
1531,rebounding,1,442,429,9847,105.95,sam2,1.0,2996.766,45.406
1532,rebounding,1,442,428,9648,103.81,sam2,1.0,2996.766,45.406
1533,rebounding,1,441,428,9559,102.85,sam2,1.0,2996.766,45.406
1534,rebounding,1,441,429,9674,104.09,sam2,1.0,2996.766,45.406
1535,rebounding,1,441,429,9722,104.61,sam2,0.0,0.0,0.0
1536,rebounding,1,441,429,9695,104.31,sam2,0.0,0.0,0.0
1537,rebounding,1,441,428,9462,101.81,sam2,1.0,2996.766,45.406
1538,rebounding,1,441,428,9588,103.16,sam2,0.0,0.0,0.0
1539,rebounding,1,441,429,9666,104.0,sam2,1.0,2996.766,45.406
1540,rebounding,1,441,429,9576,103.03,sam2,0.0,0.0,0.0
1541,rebounding,1,442,428,9532,102.56,sam2,1.414,4238.068,64.213
1542,rebounding,1,441,429,9572,102.99,sam2,1.414,4238.068,64.213
1543,rebounding,1,442,429,9696,104.33,sam2,1.0,2996.766,45.406
1544,rebounding,1,441,428,9673,104.08,sam2,1.414,4238.068,64.213
1545,rebounding,1,442,428,9648,103.81,sam2,1.0,2996.766,45.406
1546,rebounding,1,442,428,9626,103.57,sam2,0.0,0.0,0.0
1547,rebounding,1,442,429,9858,106.07,sam2,1.0,2996.766,45.406
1548,rebounding,1,442,428,9667,104.01,sam2,1.0,2996.766,45.406
1549,rebounding,1,442,428,9625,103.56,sam2,0.0,0.0,0.0
1550,rebounding,1,442,427,9563,102.89,sam2,1.0,2996.766,45.406
1551,rebounding,1,442,427,9476,101.96,sam2,0.0,0.0,0.0
1552,rebounding,1,442,427,9562,102.88,sam2,0.0,0.0,0.0
1553,rebounding,1,442,428,9700,104.37,sam2,1.0,2996.766,45.406
1554,rebounding,1,442,428,9661,103.95,sam2,0.0,0.0,0.0
1555,rebounding,1,442,427,9660,103.94,sam2,1.0,2996.766,45.406
1556,rebounding,1,442,427,9830,105.77,sam2,0.0,0.0,0.0
1557,rebounding,1,443,427,9854,106.03,sam2,1.0,2996.766,45.406
1558,rebounding,1,442,427,9617,103.48,sam2,1.0,2996.766,45.406
1559,rebounding,1,442,427,9825,105.71,sam2,0.0,0.0,0.0
1560,rebounding,1,443,427,9806,105.51,sam2,1.0,2996.766,45.406
1561,rebounding,1,442,428,9711,104.49,sam2,1.414,4238.068,64.213
1562,rebounding,1,442,428,9683,104.19,sam2,0.0,0.0,0.0
1563,rebounding,1,442,428,9820,105.66,sam2,0.0,0.0,0.0
1564,rebounding,1,442,428,9713,104.51,sam2,0.0,0.0,0.0
1565,rebounding,1,442,428,9666,104.0,sam2,0.0,0.0,0.0
1566,rebounding,1,442,428,9600,103.29,sam2,0.0,0.0,0.0
1567,rebounding,1,442,428,9616,103.46,sam2,0.0,0.0,0.0
1568,rebounding,1,442,428,9555,102.81,sam2,0.0,0.0,0.0
1569,rebounding,1,443,428,9540,102.65,sam2,1.0,2996.766,45.406
1570,rebounding,1,443,429,9625,103.56,sam2,1.0,2996.766,45.406
1571,rebounding,1,442,429,9653,103.86,sam2,1.0,2996.766,45.406
1572,rebounding,1,443,428,9612,103.42,sam2,1.414,4238.068,64.213
1573,rebounding,1,443,430,9859,106.08,sam2,2.0,5993.533,90.811
1574,rebounding,1,442,429,9564,102.91,sam2,1.414,4238.068,64.213
1575,rebounding,1,442,429,9604,103.34,sam2,0.0,0.0,0.0
1576,rebounding,1,443,428,9598,103.27,sam2,1.414,4238.068,64.213
1577,rebounding,1,442,428,9532,102.56,sam2,1.0,2996.766,45.406
1578,rebounding,1,442,429,9553,102.79,sam2,1.0,2996.766,45.406
1579,rebounding,1,442,429,9668,104.02,sam2,0.0,0.0,0.0
1580,rebounding,1,442,428,9569,102.96,sam2,1.0,2996.766,45.406
1581,rebounding,1,442,428,9586,103.14,sam2,0.0,0.0,0.0
1582,rebounding,1,442,428,9656,103.89,sam2,0.0,0.0,0.0
1583,rebounding,1,442,428,9521,102.44,sam2,0.0,0.0,0.0
1584,rebounding,1,442,428,9628,103.59,sam2,0.0,0.0,0.0
1585,rebounding,1,442,429,9834,105.81,sam2,1.0,2996.766,45.406
1586,rebounding,1,442,428,9882,106.33,sam2,1.0,2996.766,45.406
1587,rebounding,1,442,427,9622,103.53,sam2,1.0,2996.766,45.406
1588,rebounding,1,442,427,9681,104.16,sam2,0.0,0.0,0.0
1589,rebounding,1,442,427,9691,104.27,sam2,0.0,0.0,0.0
1590,rebounding,1,442,428,9702,104.39,sam2,1.0,2996.766,45.406
1591,rebounding,1,442,428,9831,105.78,sam2,0.0,0.0,0.0
1592,rebounding,1,442,428,9814,105.6,sam2,0.0,0.0,0.0
1593,rebounding,1,442,428,9830,105.77,sam2,0.0,0.0,0.0
1594,rebounding,1,442,428,10009,107.69,sam2,0.0,0.0,0.0
1595,rebounding,1,442,428,9868,106.18,sam2,0.0,0.0,0.0
1596,rebounding,1,442,428,9723,104.62,sam2,0.0,0.0,0.0
1597,rebounding,1,441,427,9563,102.89,sam2,1.414,4238.068,64.213
1598,rebounding,1,442,428,9696,104.33,sam2,1.414,4238.068,64.213
1599,rebounding,1,441,428,9749,104.9,sam2,1.0,2996.766,45.406
1600,rebounding,1,442,428,9783,105.26,sam2,1.0,2996.766,45.406
1601,rebounding,1,442,428,9760,105.01,sam2,0.0,0.0,0.0
1602,rebounding,1,441,428,9708,104.45,sam2,1.0,2996.766,45.406
1603,rebounding,1,441,428,9726,104.65,sam2,0.0,0.0,0.0
1604,rebounding,1,441,429,9769,105.11,sam2,1.0,2996.766,45.406
1605,rebounding,1,441,429,9631,103.63,sam2,0.0,0.0,0.0
1606,rebounding,1,442,428,9715,104.53,sam2,1.414,4238.068,64.213
1607,rebounding,1,442,429,9740,104.8,sam2,1.0,2996.766,45.406
1608,rebounding,1,441,429,9614,103.44,sam2,1.0,2996.766,45.406
1609,rebounding,1,441,429,9605,103.35,sam2,0.0,0.0,0.0
1610,rebounding,1,441,429,9728,104.67,sam2,0.0,0.0,0.0
1611,rebounding,1,442,429,9727,104.66,sam2,1.0,2996.766,45.406
1612,rebounding,1,441,429,9697,104.34,sam2,1.0,2996.766,45.406
1613,rebounding,1,441,429,9734,104.73,sam2,0.0,0.0,0.0
1614,rebounding,1,441,429,9651,103.84,sam2,0.0,0.0,0.0
1615,rebounding,1,441,428,9497,102.18,sam2,1.0,2996.766,45.406
1616,rebounding,1,442,428,9780,105.23,sam2,1.0,2996.766,45.406
1617,rebounding,1,441,428,9532,102.56,sam2,1.0,2996.766,45.406
1618,rebounding,1,441,428,9503,102.25,sam2,0.0,0.0,0.0
1619,rebounding,1,441,428,9679,104.14,sam2,0.0,0.0,0.0
1620,rebounding,1,442,428,9857,106.06,sam2,1.0,2996.766,45.406
1621,rebounding,1,441,428,9769,105.11,sam2,1.0,2996.766,45.406
1622,rebounding,1,441,428,9780,105.23,sam2,0.0,0.0,0.0
1623,rebounding,1,441,428,9721,104.59,sam2,0.0,0.0,0.0
1624,rebounding,1,441,428,9811,105.56,sam2,0.0,0.0,0.0
1625,rebounding,1,441,428,9799,105.43,sam2,0.0,0.0,0.0
1626,rebounding,1,442,428,10050,108.13,sam2,1.0,2996.766,45.406
1627,rebounding,1,442,428,9843,105.91,sam2,0.0,0.0,0.0
1628,rebounding,1,441,428,9743,104.83,sam2,1.0,2996.766,45.406
1629,rebounding,1,441,428,9767,105.09,sam2,0.0,0.0,0.0
1630,rebounding,1,442,428,9868,106.18,sam2,1.0,2996.766,45.406
1631,rebounding,1,442,428,9776,105.19,sam2,0.0,0.0,0.0
1632,rebounding,1,442,428,9946,107.02,sam2,0.0,0.0,0.0
1633,rebounding,1,443,428,9856,106.05,sam2,1.0,2996.766,45.406
1634,rebounding,1,442,428,9721,104.59,sam2,1.0,2996.766,45.406
1635,rebounding,1,443,428,9778,105.21,sam2,1.0,2996.766,45.406
1636,rebounding,1,443,428,9790,105.34,sam2,0.0,0.0,0.0
1637,rebounding,1,442,429,9902,106.54,sam2,1.414,4238.068,64.213
1638,rebounding,1,442,429,9726,104.65,sam2,0.0,0.0,0.0
1639,rebounding,1,442,429,9760,105.01,sam2,0.0,0.0,0.0
1640,rebounding,1,442,428,9597,103.26,sam2,1.0,2996.766,45.406
1641,rebounding,1,442,429,9788,105.32,sam2,1.0,2996.766,45.406
1642,rebounding,1,442,429,9703,104.4,sam2,0.0,0.0,0.0
1643,rebounding,1,443,429,9701,104.38,sam2,1.0,2996.766,45.406
1644,rebounding,1,442,429,9759,105.0,sam2,1.0,2996.766,45.406
1645,rebounding,1,443,429,9788,105.32,sam2,1.0,2996.766,45.406
1646,rebounding,1,443,429,9693,104.29,sam2,0.0,0.0,0.0
1647,rebounding,1,442,429,9553,102.79,sam2,1.0,2996.766,45.406
1648,rebounding,1,443,429,9733,104.72,sam2,1.0,2996.766,45.406
1649,rebounding,1,442,429,9893,106.45,sam2,1.0,2996.766,45.406
1650,rebounding,1,442,429,9671,104.06,sam2,0.0,0.0,0.0
1651,rebounding,1,442,429,9796,105.4,sam2,0.0,0.0,0.0
1652,rebounding,1,442,429,9781,105.24,sam2,0.0,0.0,0.0
1653,rebounding,1,442,429,9747,104.87,sam2,0.0,0.0,0.0
1654,rebounding,1,442,428,9798,105.42,sam2,1.0,2996.766,45.406
1655,rebounding,1,442,428,9702,104.39,sam2,0.0,0.0,0.0
1656,rebounding,1,442,428,9790,105.34,sam2,0.0,0.0,0.0
1657,rebounding,1,442,428,9771,105.13,sam2,0.0,0.0,0.0
1658,rebounding,1,442,428,9793,105.37,sam2,0.0,0.0,0.0
1659,rebounding,1,443,428,9781,105.24,sam2,1.0,2996.766,45.406
1660,rebounding,1,442,428,9863,106.12,sam2,1.0,2996.766,45.406
1661,rebounding,1,442,428,9795,105.39,sam2,0.0,0.0,0.0
1662,rebounding,1,442,428,9797,105.41,sam2,0.0,0.0,0.0
1663,rebounding,1,442,428,9796,105.4,sam2,0.0,0.0,0.0
1664,rebounding,1,442,428,9684,104.2,sam2,0.0,0.0,0.0
1665,rebounding,1,442,428,9753,104.94,sam2,0.0,0.0,0.0
1666,rebounding,1,442,429,9912,106.65,sam2,1.0,2996.766,45.406
1667,rebounding,1,442,429,9894,106.46,sam2,0.0,0.0,0.0
1668,rebounding,1,442,429,9860,106.09,sam2,0.0,0.0,0.0
1669,rebounding,1,442,428,9675,104.1,sam2,1.0,2996.766,45.406
1670,rebounding,1,442,428,9633,103.65,sam2,0.0,0.0,0.0
1671,rebounding,1,441,429,9786,105.29,sam2,1.414,4238.068,64.213
1672,rebounding,1,442,428,9593,103.22,sam2,1.414,4238.068,64.213
1673,rebounding,1,442,428,9579,103.07,sam2,0.0,0.0,0.0
1674,rebounding,1,441,428,9551,102.77,sam2,1.0,2996.766,45.406
1675,rebounding,1,442,428,9550,102.75,sam2,1.0,2996.766,45.406
1676,rebounding,1,441,428,9666,104.0,sam2,1.0,2996.766,45.406
1677,rebounding,1,441,428,9617,103.48,sam2,0.0,0.0,0.0
1678,rebounding,1,441,429,9720,104.58,sam2,1.0,2996.766,45.406
1679,rebounding,1,442,428,9636,103.68,sam2,1.414,4238.068,64.213
1680,rebounding,1,442,429,9779,105.22,sam2,1.0,2996.766,45.406
1681,rebounding,1,442,429,9732,104.71,sam2,0.0,0.0,0.0
1682,rebounding,1,442,429,9606,103.36,sam2,0.0,0.0,0.0
1683,rebounding,1,441,429,9569,102.96,sam2,1.0,2996.766,45.406
1684,rebounding,1,442,429,9578,103.06,sam2,1.0,2996.766,45.406
1685,rebounding,1,442,428,9482,102.02,sam2,1.0,2996.766,45.406
1686,rebounding,1,441,428,9607,103.37,sam2,1.0,2996.766,45.406
1687,rebounding,1,442,428,9714,104.52,sam2,1.0,2996.766,45.406
1688,rebounding,1,441,428,9598,103.27,sam2,1.0,2996.766,45.406
1689,rebounding,1,441,428,9661,103.95,sam2,0.0,0.0,0.0
1690,rebounding,1,442,428,9629,103.6,sam2,1.0,2996.766,45.406
1691,rebounding,1,441,427,9483,102.03,sam2,1.414,4238.068,64.213
1692,rebounding,1,442,428,9866,106.15,sam2,1.414,4238.068,64.213
1693,rebounding,1,442,428,9752,104.93,sam2,0.0,0.0,0.0
1694,rebounding,1,441,428,9720,104.58,sam2,1.0,2996.766,45.406
1695,rebounding,1,441,428,9707,104.44,sam2,0.0,0.0,0.0
1696,rebounding,1,442,428,9722,104.61,sam2,1.0,2996.766,45.406
1697,rebounding,1,442,428,9751,104.92,sam2,0.0,0.0,0.0
1698,rebounding,1,442,429,9875,106.25,sam2,1.0,2996.766,45.406
1699,rebounding,1,442,428,9893,106.45,sam2,1.0,2996.766,45.406
1700,rebounding,1,441,428,9828,105.75,sam2,1.0,2996.766,45.406
1701,rebounding,1,442,428,9773,105.15,sam2,1.0,2996.766,45.406
1702,rebounding,1,442,428,9679,104.14,sam2,0.0,0.0,0.0
1703,rebounding,1,442,428,9722,104.61,sam2,0.0,0.0,0.0
1704,rebounding,1,442,428,9570,102.97,sam2,0.0,0.0,0.0
1705,rebounding,1,442,428,9552,102.78,sam2,0.0,0.0,0.0
1706,rebounding,1,442,428,9703,104.4,sam2,0.0,0.0,0.0
1707,rebounding,1,441,429,9658,103.92,sam2,1.414,4238.068,64.213
1708,rebounding,1,442,428,9611,103.41,sam2,1.414,4238.068,64.213
1709,rebounding,1,442,429,9769,105.11,sam2,1.0,2996.766,45.406
1710,rebounding,1,442,429,9734,104.73,sam2,0.0,0.0,0.0
1711,rebounding,1,442,428,9553,102.79,sam2,1.0,2996.766,45.406
1712,rebounding,1,442,428,9628,103.59,sam2,0.0,0.0,0.0
1713,rebounding,1,443,428,9620,103.51,sam2,1.0,2996.766,45.406
1714,rebounding,1,442,429,9686,104.22,sam2,1.414,4238.068,64.213
1715,rebounding,1,442,428,9481,102.01,sam2,1.0,2996.766,45.406
1716,rebounding,1,442,428,9579,103.07,sam2,0.0,0.0,0.0
1717,rebounding,1,442,429,9645,103.78,sam2,1.0,2996.766,45.406
1718,rebounding,1,442,429,9566,102.93,sam2,0.0,0.0,0.0
1719,rebounding,1,442,428,9522,102.45,sam2,1.0,2996.766,45.406
1720,rebounding,1,442,428,9539,102.64,sam2,0.0,0.0,0.0
1721,rebounding,1,442,428,9720,104.58,sam2,0.0,0.0,0.0
1722,rebounding,1,442,429,9760,105.01,sam2,1.0,2996.766,45.406
1723,rebounding,1,442,428,9507,102.29,sam2,1.0,2996.766,45.406
1724,rebounding,1,442,428,9591,103.2,sam2,0.0,0.0,0.0
1725,rebounding,1,442,428,9602,103.31,sam2,0.0,0.0,0.0
1726,rebounding,1,443,428,9643,103.76,sam2,1.0,2996.766,45.406
1727,rebounding,1,443,427,9749,104.9,sam2,1.0,2996.766,45.406
1728,rebounding,1,442,428,9688,104.24,sam2,1.414,4238.068,64.213
1729,rebounding,1,442,428,9849,105.97,sam2,0.0,0.0,0.0
1730,rebounding,1,443,428,9809,105.54,sam2,1.0,2996.766,45.406
1731,rebounding,1,443,428,9689,104.25,sam2,0.0,0.0,0.0
1732,rebounding,1,443,427,9705,104.42,sam2,1.0,2996.766,45.406
1733,rebounding,1,442,428,9742,104.82,sam2,1.414,4238.068,64.213
1734,rebounding,1,442,428,9803,105.48,sam2,0.0,0.0,0.0
1735,rebounding,1,443,428,9797,105.41,sam2,1.0,2996.766,45.406
1736,rebounding,1,442,428,9681,104.16,sam2,1.0,2996.766,45.406
1737,rebounding,1,442,427,9480,102.0,sam2,1.0,2996.766,45.406
1738,rebounding,1,442,428,9584,103.12,sam2,1.0,2996.766,45.406
1739,rebounding,1,443,428,9824,105.7,sam2,1.0,2996.766,45.406
1740,rebounding,1,442,428,9693,104.29,sam2,1.0,2996.766,45.406
1741,rebounding,1,443,428,9631,103.63,sam2,1.0,2996.766,45.406
1742,rebounding,1,443,428,9524,102.47,sam2,0.0,0.0,0.0
1743,rebounding,1,442,428,9494,102.15,sam2,1.0,2996.766,45.406
1744,rebounding,1,443,429,9720,104.58,sam2,1.414,4238.068,64.213
1745,rebounding,1,443,428,9409,101.24,sam2,1.0,2996.766,45.406
1746,rebounding,1,442,428,9596,103.25,sam2,1.0,2996.766,45.406
1747,rebounding,1,442,428,9518,102.41,sam2,0.0,0.0,0.0
1748,rebounding,1,442,429,9639,103.71,sam2,1.0,2996.766,45.406
1749,rebounding,1,442,428,9568,102.95,sam2,1.0,2996.766,45.406
1750,rebounding,1,442,429,9680,104.15,sam2,1.0,2996.766,45.406
1751,rebounding,1,442,427,9541,102.66,sam2,2.0,5993.533,90.811
1752,rebounding,1,442,428,9593,103.22,sam2,1.0,2996.766,45.406
1753,rebounding,1,442,428,9568,102.95,sam2,0.0,0.0,0.0
1754,rebounding,1,442,428,9631,103.63,sam2,0.0,0.0,0.0
1755,rebounding,1,442,428,9609,103.39,sam2,0.0,0.0,0.0
1756,rebounding,1,442,428,9697,104.34,sam2,0.0,0.0,0.0
1757,rebounding,1,442,428,9677,104.12,sam2,0.0,0.0,0.0
1758,rebounding,1,442,428,9663,103.97,sam2,0.0,0.0,0.0
1759,rebounding,1,442,427,9700,104.37,sam2,1.0,2996.766,45.406
1760,rebounding,1,442,427,9646,103.79,sam2,0.0,0.0,0.0
1761,rebounding,1,442,428,9629,103.6,sam2,1.0,2996.766,45.406
1762,rebounding,1,442,428,9645,103.78,sam2,0.0,0.0,0.0
1763,rebounding,1,442,428,9740,104.8,sam2,0.0,0.0,0.0
1764,rebounding,1,441,428,9651,103.84,sam2,1.0,2996.766,45.406
1765,rebounding,1,441,428,9688,104.24,sam2,0.0,0.0,0.0
1766,rebounding,1,442,427,9792,105.36,sam2,1.414,4238.068,64.213
1767,rebounding,1,441,428,9764,105.06,sam2,1.414,4238.068,64.213
1768,rebounding,1,441,428,9715,104.53,sam2,0.0,0.0,0.0
1769,rebounding,1,442,428,9735,104.74,sam2,1.0,2996.766,45.406
1770,rebounding,1,441,428,9518,102.41,sam2,1.0,2996.766,45.406
1771,rebounding,1,441,428,9684,104.2,sam2,0.0,0.0,0.0
1772,rebounding,1,441,428,9665,103.99,sam2,0.0,0.0,0.0
1773,rebounding,1,441,428,9542,102.67,sam2,0.0,0.0,0.0
1774,rebounding,1,442,428,9794,105.38,sam2,1.0,2996.766,45.406
1775,rebounding,1,441,428,9563,102.89,sam2,1.0,2996.766,45.406
1776,rebounding,1,441,428,9530,102.54,sam2,0.0,0.0,0.0
1777,rebounding,1,441,428,9470,101.89,sam2,0.0,0.0,0.0
1778,rebounding,1,441,428,9520,102.43,sam2,0.0,0.0,0.0
1779,rebounding,1,442,427,9536,102.6,sam2,1.414,4238.068,64.213
1780,rebounding,1,442,429,9688,104.24,sam2,2.0,5993.533,90.811
1781,rebounding,1,442,428,9607,103.37,sam2,1.0,2996.766,45.406
1782,rebounding,1,442,428,9639,103.71,sam2,0.0,0.0,0.0
1783,rebounding,1,441,428,9553,102.79,sam2,1.0,2996.766,45.406
1784,rebounding,1,442,428,9514,102.37,sam2,1.0,2996.766,45.406
1785,rebounding,1,442,428,9475,101.95,sam2,0.0,0.0,0.0
1786,rebounding,1,442,427,9457,101.75,sam2,1.0,2996.766,45.406
1787,rebounding,1,441,428,9604,103.34,sam2,1.414,4238.068,64.213
1788,rebounding,1,442,428,9615,103.45,sam2,1.0,2996.766,45.406
1789,rebounding,1,442,428,9544,102.69,sam2,0.0,0.0,0.0
1790,rebounding,1,441,428,9596,103.25,sam2,1.0,2996.766,45.406
1791,rebounding,1,442,428,9653,103.86,sam2,1.0,2996.766,45.406
1792,rebounding,1,442,429,9605,103.35,sam2,1.0,2996.766,45.406
1793,rebounding,1,442,428,9621,103.52,sam2,1.0,2996.766,45.406
1794,rebounding,1,443,428,9582,103.1,sam2,1.0,2996.766,45.406
1795,rebounding,1,443,428,9712,104.5,sam2,0.0,0.0,0.0
1796,rebounding,1,442,428,9783,105.26,sam2,1.0,2996.766,45.406
1797,rebounding,1,441,428,9629,103.6,sam2,1.0,2996.766,45.406
1798,rebounding,1,442,428,9689,104.25,sam2,1.0,2996.766,45.406
1799,rebounding,1,442,427,9541,102.66,sam2,1.0,2996.766,45.406
1800,rebounding,1,443,428,9606,103.36,sam2,1.414,4238.068,64.213
1801,rebounding,1,442,427,9640,103.72,sam2,1.414,4238.068,64.213
1802,rebounding,1,442,427,9525,102.49,sam2,0.0,0.0,0.0
1803,rebounding,1,442,427,9551,102.77,sam2,0.0,0.0,0.0
1804,rebounding,1,442,427,9511,102.33,sam2,0.0,0.0,0.0
1805,rebounding,1,442,428,9603,103.32,sam2,1.0,2996.766,45.406
1806,rebounding,1,442,428,9549,102.74,sam2,0.0,0.0,0.0
1807,rebounding,1,443,428,9655,103.88,sam2,1.0,2996.766,45.406
1808,rebounding,1,442,428,9599,103.28,sam2,1.0,2996.766,45.406
1809,rebounding,1,443,428,9655,103.88,sam2,1.0,2996.766,45.406
1810,rebounding,1,442,428,9404,101.18,sam2,1.0,2996.766,45.406
1811,rebounding,1,442,427,9488,102.09,sam2,1.0,2996.766,45.406
1812,rebounding,1,442,428,9663,103.97,sam2,1.0,2996.766,45.406
1813,rebounding,1,442,428,9584,103.12,sam2,0.0,0.0,0.0
1814,rebounding,1,442,428,9556,102.82,sam2,0.0,0.0,0.0
1815,rebounding,1,443,428,9680,104.15,sam2,1.0,2996.766,45.406
1816,rebounding,1,443,428,9454,101.72,sam2,0.0,0.0,0.0
1817,rebounding,1,443,428,9661,103.95,sam2,0.0,0.0,0.0
1818,rebounding,1,442,428,9581,103.09,sam2,1.0,2996.766,45.406
1819,rebounding,1,442,428,9665,103.99,sam2,0.0,0.0,0.0
1820,rebounding,1,442,428,9495,102.16,sam2,0.0,0.0,0.0
1821,rebounding,1,442,428,9582,103.1,sam2,0.0,0.0,0.0
1822,rebounding,1,442,428,9703,104.4,sam2,0.0,0.0,0.0
1823,rebounding,1,442,428,9586,103.14,sam2,0.0,0.0,0.0
1824,rebounding,1,442,427,9613,103.43,sam2,1.0,2996.766,45.406
1825,rebounding,1,441,428,9639,103.71,sam2,1.414,4238.068,64.213
1826,rebounding,1,442,428,9639,103.71,sam2,1.0,2996.766,45.406
1827,rebounding,1,442,427,9409,101.24,sam2,1.0,2996.766,45.406
1828,rebounding,1,441,427,9483,102.03,sam2,1.0,2996.766,45.406
1829,rebounding,1,442,427,9462,101.81,sam2,1.0,2996.766,45.406
1830,rebounding,1,442,427,9604,103.34,sam2,0.0,0.0,0.0
1831,rebounding,1,442,428,9774,105.16,sam2,1.0,2996.766,45.406
1832,rebounding,1,441,428,9732,104.71,sam2,1.0,2996.766,45.406
1833,rebounding,1,442,427,9643,103.76,sam2,1.414,4238.068,64.213
1834,rebounding,1,441,428,9695,104.31,sam2,1.414,4238.068,64.213
1835,rebounding,1,441,428,9744,104.84,sam2,0.0,0.0,0.0
1836,rebounding,1,442,428,9712,104.5,sam2,1.0,2996.766,45.406
1837,rebounding,1,442,428,9640,103.72,sam2,0.0,0.0,0.0
1838,rebounding,1,442,428,9714,104.52,sam2,0.0,0.0,0.0
1839,rebounding,1,442,428,9517,102.4,sam2,0.0,0.0,0.0
1840,rebounding,1,441,428,9573,103.0,sam2,1.0,2996.766,45.406
1841,rebounding,1,442,428,9586,103.14,sam2,1.0,2996.766,45.406
1842,rebounding,1,441,429,9633,103.65,sam2,1.414,4238.068,64.213
1843,rebounding,1,441,428,9514,102.37,sam2,1.0,2996.766,45.406
1844,rebounding,1,441,428,9482,102.02,sam2,0.0,0.0,0.0
1845,rebounding,1,441,428,9630,103.62,sam2,0.0,0.0,0.0
1846,rebounding,1,441,428,9474,101.94,sam2,0.0,0.0,0.0
1847,rebounding,1,442,428,9647,103.8,sam2,1.0,2996.766,45.406
1848,rebounding,1,442,428,9558,102.84,sam2,0.0,0.0,0.0
1849,rebounding,1,442,429,9682,104.17,sam2,1.0,2996.766,45.406
1850,rebounding,1,441,428,9576,103.03,sam2,1.414,4238.068,64.213
1851,rebounding,1,442,429,9741,104.81,sam2,1.414,4238.068,64.213
1852,rebounding,1,441,429,9683,104.19,sam2,1.0,2996.766,45.406
1853,rebounding,1,441,428,9550,102.75,sam2,1.0,2996.766,45.406
1854,rebounding,1,442,429,9664,103.98,sam2,1.414,4238.068,64.213
1855,rebounding,1,442,429,9736,104.76,sam2,0.0,0.0,0.0
1856,rebounding,1,441,428,9525,102.49,sam2,1.414,4238.068,64.213
1857,rebounding,1,442,428,9614,103.44,sam2,1.0,2996.766,45.406
1858,rebounding,1,442,428,9578,103.06,sam2,0.0,0.0,0.0
1859,rebounding,1,441,428,9632,103.64,sam2,1.0,2996.766,45.406
1860,rebounding,1,442,427,9466,101.85,sam2,1.414,4238.068,64.213
1861,rebounding,1,442,427,9519,102.42,sam2,0.0,0.0,0.0
1862,rebounding,1,442,428,9578,103.06,sam2,1.0,2996.766,45.406
1863,rebounding,1,442,428,9721,104.59,sam2,0.0,0.0,0.0
1864,rebounding,1,442,428,9730,104.69,sam2,0.0,0.0,0.0
1865,rebounding,1,442,428,9616,103.46,sam2,0.0,0.0,0.0
1866,rebounding,1,442,427,9682,104.17,sam2,1.0,2996.766,45.406
1867,rebounding,1,442,428,9719,104.57,sam2,1.0,2996.766,45.406
1868,rebounding,1,442,428,9737,104.77,sam2,0.0,0.0,0.0
1869,rebounding,1,442,428,9679,104.14,sam2,0.0,0.0,0.0
1870,rebounding,1,442,428,9790,105.34,sam2,0.0,0.0,0.0
1871,rebounding,1,442,427,9654,103.87,sam2,1.0,2996.766,45.406
1872,rebounding,1,442,428,9757,104.98,sam2,1.0,2996.766,45.406
1873,rebounding,1,443,428,9645,103.78,sam2,1.0,2996.766,45.406
1874,rebounding,1,443,428,9507,102.29,sam2,0.0,0.0,0.0
1875,rebounding,1,442,428,9596,103.25,sam2,1.0,2996.766,45.406
1876,rebounding,1,442,427,9662,103.96,sam2,1.0,2996.766,45.406
1877,rebounding,1,441,428,9548,102.73,sam2,1.414,4238.068,64.213
1878,rebounding,1,442,429,9701,104.38,sam2,1.414,4238.068,64.213
1879,rebounding,1,442,428,9656,103.89,sam2,1.0,2996.766,45.406
1880,rebounding,1,442,428,9617,103.48,sam2,0.0,0.0,0.0
1881,rebounding,1,442,429,9760,105.01,sam2,1.0,2996.766,45.406
1882,rebounding,1,442,428,9678,104.13,sam2,1.0,2996.766,45.406
1883,rebounding,1,442,428,9523,102.46,sam2,0.0,0.0,0.0
1884,rebounding,1,442,429,9762,105.04,sam2,1.0,2996.766,45.406
1885,rebounding,1,442,429,9620,103.51,sam2,0.0,0.0,0.0
1886,rebounding,1,442,429,9594,103.23,sam2,0.0,0.0,0.0
1887,rebounding,1,442,428,9477,101.97,sam2,1.0,2996.766,45.406
1888,rebounding,1,442,428,9600,103.29,sam2,0.0,0.0,0.0
1889,rebounding,1,442,428,9554,102.8,sam2,0.0,0.0,0.0
1890,rebounding,1,442,428,9489,102.1,sam2,0.0,0.0,0.0
1891,rebounding,1,442,428,9643,103.76,sam2,0.0,0.0,0.0
1892,rebounding,1,442,428,9574,103.01,sam2,0.0,0.0,0.0
1893,rebounding,1,442,428,9596,103.25,sam2,0.0,0.0,0.0
1894,rebounding,1,441,428,9653,103.86,sam2,1.0,2996.766,45.406
1895,rebounding,1,442,429,9851,105.99,sam2,1.414,4238.068,64.213
1896,rebounding,1,442,428,9646,103.79,sam2,1.0,2996.766,45.406
1897,rebounding,1,442,428,9727,104.66,sam2,0.0,0.0,0.0
1898,rebounding,1,441,428,9762,105.04,sam2,1.0,2996.766,45.406
1899,rebounding,1,441,429,9668,104.02,sam2,1.0,2996.766,45.406
1900,rebounding,1,442,428,9688,104.24,sam2,1.414,4238.068,64.213
1901,rebounding,1,441,428,9517,102.4,sam2,1.0,2996.766,45.406
1902,rebounding,1,442,429,9845,105.93,sam2,1.414,4238.068,64.213
1903,rebounding,1,442,428,9865,106.14,sam2,1.0,2996.766,45.406
1904,rebounding,1,442,428,9555,102.81,sam2,0.0,0.0,0.0
1905,rebounding,1,441,428,9764,105.06,sam2,1.0,2996.766,45.406
1906,rebounding,1,441,428,9726,104.65,sam2,0.0,0.0,0.0
1907,rebounding,1,442,428,9798,105.42,sam2,1.0,2996.766,45.406
1908,rebounding,1,442,428,9690,104.26,sam2,0.0,0.0,0.0
1909,rebounding,1,442,428,9628,103.59,sam2,0.0,0.0,0.0
1910,rebounding,1,441,428,9640,103.72,sam2,1.0,2996.766,45.406
1911,rebounding,1,442,428,9796,105.4,sam2,1.0,2996.766,45.406
1912,rebounding,1,441,429,9769,105.11,sam2,1.414,4238.068,64.213
1913,rebounding,1,442,428,9722,104.61,sam2,1.414,4238.068,64.213
1914,rebounding,1,442,428,9743,104.83,sam2,0.0,0.0,0.0
1915,rebounding,1,441,428,9716,104.54,sam2,1.0,2996.766,45.406
1916,rebounding,1,441,428,9658,103.92,sam2,0.0,0.0,0.0
1917,rebounding,1,442,428,9647,103.8,sam2,1.0,2996.766,45.406
1918,rebounding,1,442,428,9452,101.7,sam2,0.0,0.0,0.0
1919,rebounding,1,442,428,9505,102.27,sam2,0.0,0.0,0.0
1920,rebounding,1,442,428,9668,104.02,sam2,0.0,0.0,0.0
1921,rebounding,1,441,429,9771,105.13,sam2,1.414,4238.068,64.213
1922,rebounding,1,442,429,9717,104.55,sam2,1.0,2996.766,45.406
1923,rebounding,1,442,429,9735,104.74,sam2,0.0,0.0,0.0
1924,rebounding,1,442,428,9567,102.94,sam2,1.0,2996.766,45.406
1925,rebounding,1,442,427,9522,102.45,sam2,1.0,2996.766,45.406
1926,rebounding,1,442,428,9595,103.24,sam2,1.0,2996.766,45.406
1927,rebounding,1,441,428,9587,103.15,sam2,1.0,2996.766,45.406
1928,rebounding,1,441,428,9627,103.58,sam2,0.0,0.0,0.0
1929,rebounding,1,441,428,9570,102.97,sam2,0.0,0.0,0.0
1930,rebounding,1,442,428,9439,101.56,sam2,1.0,2996.766,45.406
1931,rebounding,1,442,428,9474,101.94,sam2,0.0,0.0,0.0
1932,rebounding,1,441,428,9702,104.39,sam2,1.0,2996.766,45.406
1933,rebounding,1,442,427,9673,104.08,sam2,1.414,4238.068,64.213
1934,rebounding,1,442,427,9614,103.44,sam2,0.0,0.0,0.0
1935,rebounding,1,442,428,9580,103.08,sam2,1.0,2996.766,45.406
1936,rebounding,1,442,427,9551,102.77,sam2,1.0,2996.766,45.406
1937,rebounding,1,441,428,9602,103.31,sam2,1.414,4238.068,64.213
1938,rebounding,1,442,429,9742,104.82,sam2,1.414,4238.068,64.213
1939,rebounding,1,442,429,9655,103.88,sam2,0.0,0.0,0.0
1940,rebounding,1,442,428,9553,102.79,sam2,1.0,2996.766,45.406
1941,rebounding,1,442,428,9728,104.67,sam2,0.0,0.0,0.0
1942,rebounding,1,442,428,9657,103.91,sam2,0.0,0.0,0.0
1943,rebounding,1,442,429,9638,103.7,sam2,1.0,2996.766,45.406
1944,rebounding,1,442,428,9596,103.25,sam2,1.0,2996.766,45.406
1945,rebounding,1,442,428,9593,103.22,sam2,0.0,0.0,0.0
1946,rebounding,1,442,428,9756,104.97,sam2,0.0,0.0,0.0
1947,rebounding,1,442,428,9727,104.66,sam2,0.0,0.0,0.0
1948,rebounding,1,443,428,9748,104.88,sam2,1.0,2996.766,45.406
1949,rebounding,1,442,429,9658,103.92,sam2,1.414,4238.068,64.213
1950,rebounding,1,442,429,9552,102.78,sam2,0.0,0.0,0.0
1951,rebounding,1,442,429,9712,104.5,sam2,0.0,0.0,0.0
1952,rebounding,1,442,429,9749,104.9,sam2,0.0,0.0,0.0
1953,rebounding,1,442,428,9585,103.13,sam2,1.0,2996.766,45.406
1954,rebounding,1,442,429,9759,105.0,sam2,1.0,2996.766,45.406
1955,rebounding,1,442,429,9679,104.14,sam2,0.0,0.0,0.0
1956,rebounding,1,442,429,9585,103.13,sam2,0.0,0.0,0.0
1957,rebounding,1,442,428,9364,100.75,sam2,1.0,2996.766,45.406
1958,rebounding,1,442,428,9430,101.46,sam2,0.0,0.0,0.0
1959,rebounding,1,442,428,9485,102.06,sam2,0.0,0.0,0.0
1960,rebounding,1,442,427,9470,101.89,sam2,1.0,2996.766,45.406
1961,rebounding,1,442,428,9508,102.3,sam2,1.0,2996.766,45.406
1962,rebounding,1,442,428,9654,103.87,sam2,0.0,0.0,0.0
1963,rebounding,1,442,428,9595,103.24,sam2,0.0,0.0,0.0
1964,rebounding,1,443,429,9760,105.01,sam2,1.414,4238.068,64.213
1965,rebounding,1,442,428,9570,102.97,sam2,1.414,4238.068,64.213
1966,rebounding,1,443,428,9733,104.72,sam2,1.0,2996.766,45.406
1967,rebounding,1,443,428,9726,104.65,sam2,0.0,0.0,0.0
1968,rebounding,1,442,427,9651,103.84,sam2,1.414,4238.068,64.213
1969,rebounding,1,442,428,9747,104.87,sam2,1.0,2996.766,45.406
1970,rebounding,1,442,428,9635,103.67,sam2,0.0,0.0,0.0
1971,rebounding,1,442,428,9686,104.22,sam2,0.0,0.0,0.0
1972,rebounding,1,442,428,9721,104.59,sam2,0.0,0.0,0.0
1973,rebounding,1,442,428,9731,104.7,sam2,0.0,0.0,0.0
1974,rebounding,1,442,428,9634,103.66,sam2,0.0,0.0,0.0
1975,rebounding,1,442,427,9690,104.26,sam2,1.0,2996.766,45.406
1976,rebounding,1,442,428,9628,103.59,sam2,1.0,2996.766,45.406
1977,rebounding,1,442,428,9599,103.28,sam2,0.0,0.0,0.0
1978,rebounding,1,441,428,9471,101.9,sam2,1.0,2996.766,45.406
1979,rebounding,1,442,429,9667,104.01,sam2,1.414,4238.068,64.213
1980,rebounding,1,442,428,9514,102.37,sam2,1.0,2996.766,45.406
1981,rebounding,1,441,428,9606,103.36,sam2,1.0,2996.766,45.406
1982,rebounding,1,442,429,9675,104.1,sam2,1.414,4238.068,64.213
1983,rebounding,1,442,428,9521,102.44,sam2,1.0,2996.766,45.406
1984,rebounding,1,442,428,9679,104.14,sam2,0.0,0.0,0.0
1985,rebounding,1,441,428,9605,103.35,sam2,1.0,2996.766,45.406
1986,rebounding,1,441,429,9579,103.07,sam2,1.0,2996.766,45.406
1987,rebounding,1,442,428,9684,104.2,sam2,1.414,4238.068,64.213
1988,rebounding,1,441,428,9618,103.49,sam2,1.0,2996.766,45.406
1989,rebounding,1,442,429,9637,103.69,sam2,1.414,4238.068,64.213
1990,rebounding,1,441,429,9579,103.07,sam2,1.0,2996.766,45.406
1991,rebounding,1,441,429,9741,104.81,sam2,0.0,0.0,0.0
1992,rebounding,1,442,428,9565,102.92,sam2,1.414,4238.068,64.213
1993,rebounding,1,441,428,9459,101.78,sam2,1.0,2996.766,45.406
1994,rebounding,1,441,428,9530,102.54,sam2,0.0,0.0,0.0
1995,rebounding,1,441,429,9617,103.48,sam2,1.0,2996.766,45.406
1996,rebounding,1,442,428,9601,103.3,sam2,1.414,4238.068,64.213
1997,rebounding,1,442,428,9656,103.89,sam2,0.0,0.0,0.0
1998,rebounding,1,441,427,9492,102.13,sam2,1.414,4238.068,64.213
1999,rebounding,1,441,428,9599,103.28,sam2,1.0,2996.766,45.406
2000,rebounding,1,442,428,9594,103.23,sam2,1.0,2996.766,45.406
2001,rebounding,1,441,428,9618,103.49,sam2,1.0,2996.766,45.406
2002,rebounding,1,441,429,9739,104.79,sam2,1.0,2996.766,45.406
2003,rebounding,1,441,428,9647,103.8,sam2,1.0,2996.766,45.406
2004,rebounding,1,441,428,9507,102.29,sam2,0.0,0.0,0.0
2005,rebounding,1,442,428,9468,101.87,sam2,1.0,2996.766,45.406
2006,rebounding,1,442,427,9512,102.35,sam2,1.0,2996.766,45.406
2007,rebounding,1,442,428,9669,104.03,sam2,1.0,2996.766,45.406
2008,rebounding,1,442,428,9766,105.08,sam2,0.0,0.0,0.0
2009,rebounding,1,441,428,9628,103.59,sam2,1.0,2996.766,45.406
2010,rebounding,1,442,428,9606,103.36,sam2,1.0,2996.766,45.406
2011,rebounding,1,441,428,9630,103.62,sam2,1.0,2996.766,45.406
2012,rebounding,1,442,428,9581,103.09,sam2,1.0,2996.766,45.406
2013,rebounding,1,441,428,9477,101.97,sam2,1.0,2996.766,45.406
2014,rebounding,1,441,428,9634,103.66,sam2,0.0,0.0,0.0
2015,rebounding,1,441,428,9562,102.88,sam2,0.0,0.0,0.0
2016,rebounding,1,442,427,9377,100.89,sam2,1.414,4238.068,64.213
2017,rebounding,1,442,427,9394,101.08,sam2,0.0,0.0,0.0
2018,rebounding,1,442,428,9518,102.41,sam2,1.0,2996.766,45.406
2019,rebounding,1,442,428,9459,101.78,sam2,0.0,0.0,0.0
2020,rebounding,1,442,428,9406,101.21,sam2,0.0,0.0,0.0
2021,rebounding,1,442,427,9422,101.38,sam2,1.0,2996.766,45.406
2022,rebounding,1,442,428,9562,102.88,sam2,1.0,2996.766,45.406
2023,rebounding,1,441,428,9481,102.01,sam2,1.0,2996.766,45.406
2024,rebounding,1,442,428,9498,102.19,sam2,1.0,2996.766,45.406
2025,rebounding,1,442,428,9467,101.86,sam2,0.0,0.0,0.0
2026,rebounding,1,442,428,9696,104.33,sam2,0.0,0.0,0.0
2027,rebounding,1,442,428,9607,103.37,sam2,0.0,0.0,0.0
2028,rebounding,1,442,428,9541,102.66,sam2,0.0,0.0,0.0
2029,rebounding,1,443,428,9655,103.88,sam2,1.0,2996.766,45.406
2030,rebounding,1,443,428,9578,103.06,sam2,0.0,0.0,0.0
2031,rebounding,1,443,429,9786,105.29,sam2,1.0,2996.766,45.406
2032,rebounding,1,442,428,9554,102.8,sam2,1.414,4238.068,64.213
2033,rebounding,1,442,428,9683,104.19,sam2,0.0,0.0,0.0
2034,rebounding,1,442,428,9642,103.74,sam2,0.0,0.0,0.0
2035,rebounding,1,441,428,9674,104.09,sam2,1.0,2996.766,45.406
2036,rebounding,1,442,428,9560,102.86,sam2,1.0,2996.766,45.406
2037,rebounding,1,442,428,9611,103.41,sam2,0.0,0.0,0.0
2038,rebounding,1,442,428,9558,102.84,sam2,0.0,0.0,0.0
2039,rebounding,1,442,427,9418,101.33,sam2,1.0,2996.766,45.406
2040,rebounding,1,442,428,9797,105.41,sam2,1.0,2996.766,45.406
2041,rebounding,1,442,428,9666,104.0,sam2,0.0,0.0,0.0
2042,rebounding,1,442,428,9579,103.07,sam2,0.0,0.0,0.0
2043,rebounding,1,442,427,9499,102.21,sam2,1.0,2996.766,45.406
2044,rebounding,1,442,427,9418,101.33,sam2,0.0,0.0,0.0
2045,rebounding,1,442,427,9484,102.04,sam2,0.0,0.0,0.0
2046,rebounding,1,442,428,9647,103.8,sam2,1.0,2996.766,45.406
2047,rebounding,1,442,427,9586,103.14,sam2,1.0,2996.766,45.406
2048,rebounding,1,442,427,9538,102.63,sam2,0.0,0.0,0.0
2049,rebounding,1,442,427,9527,102.51,sam2,0.0,0.0,0.0
2050,rebounding,1,442,428,9653,103.86,sam2,1.0,2996.766,45.406
2051,rebounding,1,441,429,9802,105.47,sam2,1.414,4238.068,64.213
2052,rebounding,1,441,429,9631,103.63,sam2,0.0,0.0,0.0
2053,rebounding,1,441,428,9569,102.96,sam2,1.0,2996.766,45.406
2054,rebounding,1,442,428,9573,103.0,sam2,1.0,2996.766,45.406
2055,rebounding,1,441,428,9473,101.93,sam2,1.0,2996.766,45.406
2056,rebounding,1,441,428,9527,102.51,sam2,0.0,0.0,0.0
2057,rebounding,1,441,428,9419,101.34,sam2,0.0,0.0,0.0
2058,rebounding,1,441,428,9437,101.54,sam2,0.0,0.0,0.0
2059,rebounding,1,441,428,9544,102.69,sam2,0.0,0.0,0.0
2060,rebounding,1,442,428,9635,103.67,sam2,1.0,2996.766,45.406
2061,rebounding,1,442,429,9640,103.72,sam2,1.0,2996.766,45.406
2062,rebounding,1,442,429,9703,104.4,sam2,0.0,0.0,0.0
2063,rebounding,1,442,428,9590,103.18,sam2,1.0,2996.766,45.406
2064,rebounding,1,442,428,9710,104.48,sam2,0.0,0.0,0.0
2065,rebounding,1,441,428,9662,103.96,sam2,1.0,2996.766,45.406
2066,rebounding,1,442,429,9686,104.22,sam2,1.414,4238.068,64.213
2067,rebounding,1,442,428,9601,103.3,sam2,1.0,2996.766,45.406
2068,rebounding,1,442,429,9667,104.01,sam2,1.0,2996.766,45.406
2069,rebounding,1,441,429,9627,103.58,sam2,1.0,2996.766,45.406
2070,rebounding,1,442,429,9659,103.93,sam2,1.0,2996.766,45.406
2071,rebounding,1,442,428,9565,102.92,sam2,1.0,2996.766,45.406
2072,rebounding,1,442,428,9583,103.11,sam2,0.0,0.0,0.0
2073,rebounding,1,442,428,9668,104.02,sam2,0.0,0.0,0.0
2074,rebounding,1,443,428,9718,104.56,sam2,1.0,2996.766,45.406
2075,rebounding,1,442,428,9633,103.65,sam2,1.0,2996.766,45.406
2076,rebounding,1,442,428,9688,104.24,sam2,0.0,0.0,0.0
2077,rebounding,1,441,428,9612,103.42,sam2,1.0,2996.766,45.406
2078,rebounding,1,441,427,9630,103.62,sam2,1.0,2996.766,45.406
2079,rebounding,1,441,427,9528,102.52,sam2,0.0,0.0,0.0
2080,rebounding,1,441,428,9573,103.0,sam2,1.0,2996.766,45.406
2081,rebounding,1,441,427,9410,101.25,sam2,1.0,2996.766,45.406
2082,rebounding,1,441,427,9525,102.49,sam2,0.0,0.0,0.0
2083,rebounding,1,441,427,9547,102.72,sam2,0.0,0.0,0.0
2084,rebounding,1,441,428,9673,104.08,sam2,1.0,2996.766,45.406
2085,rebounding,1,442,428,9762,105.04,sam2,1.0,2996.766,45.406
2086,rebounding,1,441,428,9732,104.71,sam2,1.0,2996.766,45.406
2087,rebounding,1,441,428,9532,102.56,sam2,0.0,0.0,0.0
2088,rebounding,1,441,428,9653,103.86,sam2,0.0,0.0,0.0
2089,rebounding,1,441,428,9596,103.25,sam2,0.0,0.0,0.0
2090,rebounding,1,441,428,9588,103.16,sam2,0.0,0.0,0.0
2091,rebounding,1,442,428,9773,105.15,sam2,1.0,2996.766,45.406
2092,rebounding,1,442,428,9684,104.2,sam2,0.0,0.0,0.0
2093,rebounding,1,442,428,9705,104.42,sam2,0.0,0.0,0.0
2094,rebounding,1,442,428,9636,103.68,sam2,0.0,0.0,0.0
2095,rebounding,1,441,429,9672,104.07,sam2,1.414,4238.068,64.213
2096,rebounding,1,441,428,9542,102.67,sam2,1.0,2996.766,45.406
2097,rebounding,1,441,428,9662,103.96,sam2,0.0,0.0,0.0
2098,rebounding,1,441,429,9576,103.03,sam2,1.0,2996.766,45.406
2099,rebounding,1,442,428,9665,103.99,sam2,1.414,4238.068,64.213
2100,rebounding,1,442,428,9762,105.04,sam2,0.0,0.0,0.0
2101,rebounding,1,442,427,9584,103.12,sam2,1.0,2996.766,45.406
2102,rebounding,1,442,428,9597,103.26,sam2,1.0,2996.766,45.406
2103,rebounding,1,442,428,9612,103.42,sam2,0.0,0.0,0.0
2104,rebounding,1,442,428,9662,103.96,sam2,0.0,0.0,0.0
2105,rebounding,1,442,429,9811,105.56,sam2,1.0,2996.766,45.406
2106,rebounding,1,442,428,9701,104.38,sam2,1.0,2996.766,45.406
2107,rebounding,1,443,428,9752,104.93,sam2,1.0,2996.766,45.406
2108,rebounding,1,442,428,9682,104.17,sam2,1.0,2996.766,45.406
2109,rebounding,1,442,428,9692,104.28,sam2,0.0,0.0,0.0
2110,rebounding,1,442,428,9628,103.59,sam2,0.0,0.0,0.0
2111,rebounding,1,442,428,9729,104.68,sam2,0.0,0.0,0.0
2112,rebounding,1,442,428,9615,103.45,sam2,0.0,0.0,0.0
2113,rebounding,1,442,428,9693,104.29,sam2,0.0,0.0,0.0
2114,rebounding,1,442,429,9856,106.05,sam2,1.0,2996.766,45.406
2115,rebounding,1,442,428,9828,105.75,sam2,1.0,2996.766,45.406
2116,rebounding,1,442,428,9671,104.06,sam2,0.0,0.0,0.0
2117,rebounding,1,442,428,9669,104.03,sam2,0.0,0.0,0.0
2118,rebounding,1,442,428,9513,102.36,sam2,0.0,0.0,0.0
2119,rebounding,1,442,428,9596,103.25,sam2,0.0,0.0,0.0
2120,rebounding,1,442,428,9530,102.54,sam2,0.0,0.0,0.0
2121,rebounding,1,442,429,9831,105.78,sam2,1.0,2996.766,45.406
2122,rebounding,1,442,428,9638,103.7,sam2,1.0,2996.766,45.406
2123,rebounding,1,442,428,9503,102.25,sam2,0.0,0.0,0.0
2124,rebounding,1,442,428,9479,101.99,sam2,0.0,0.0,0.0
2125,rebounding,1,442,428,9690,104.26,sam2,0.0,0.0,0.0
2126,rebounding,1,442,428,9605,103.35,sam2,0.0,0.0,0.0
2127,rebounding,1,442,428,9715,104.53,sam2,0.0,0.0,0.0
2128,rebounding,1,442,428,9598,103.27,sam2,0.0,0.0,0.0
2129,rebounding,1,442,428,9592,103.21,sam2,0.0,0.0,0.0
2130,rebounding,1,441,427,9428,101.44,sam2,1.414,4238.068,64.213
2131,rebounding,1,442,428,9528,102.52,sam2,1.414,4238.068,64.213
2132,rebounding,1,442,428,9616,103.46,sam2,0.0,0.0,0.0
2133,rebounding,1,442,429,9747,104.87,sam2,1.0,2996.766,45.406
2134,rebounding,1,442,429,9648,103.81,sam2,0.0,0.0,0.0
2135,rebounding,1,442,428,9528,102.52,sam2,1.0,2996.766,45.406
2136,rebounding,1,442,428,9751,104.92,sam2,0.0,0.0,0.0
2137,rebounding,1,442,428,9480,102.0,sam2,0.0,0.0,0.0
2138,rebounding,1,442,428,9456,101.74,sam2,0.0,0.0,0.0
2139,rebounding,1,442,428,9716,104.54,sam2,0.0,0.0,0.0
2140,rebounding,1,442,428,9775,105.18,sam2,0.0,0.0,0.0
2141,rebounding,1,441,428,9703,104.4,sam2,1.0,2996.766,45.406
2142,rebounding,1,442,428,9599,103.28,sam2,1.0,2996.766,45.406
2143,rebounding,1,441,428,9603,103.32,sam2,1.0,2996.766,45.406
2144,rebounding,1,441,428,9660,103.94,sam2,0.0,0.0,0.0
2145,rebounding,1,441,428,9567,102.94,sam2,0.0,0.0,0.0
2146,rebounding,1,442,428,9587,103.15,sam2,1.0,2996.766,45.406
2147,rebounding,1,442,428,9597,103.26,sam2,0.0,0.0,0.0
2148,rebounding,1,441,428,9646,103.79,sam2,1.0,2996.766,45.406
2149,rebounding,1,441,428,9663,103.97,sam2,0.0,0.0,0.0
2150,rebounding,1,442,429,9829,105.76,sam2,1.414,4238.068,64.213
2151,rebounding,1,442,428,9699,104.36,sam2,1.0,2996.766,45.406
2152,rebounding,1,442,428,9778,105.21,sam2,0.0,0.0,0.0
2153,rebounding,1,442,429,9684,104.2,sam2,1.0,2996.766,45.406
2154,rebounding,1,441,428,9539,102.64,sam2,1.414,4238.068,64.213
2155,rebounding,1,442,428,9685,104.21,sam2,1.0,2996.766,45.406
2156,rebounding,1,442,428,9685,104.21,sam2,0.0,0.0,0.0
2157,rebounding,1,441,428,9674,104.09,sam2,1.0,2996.766,45.406
2158,rebounding,1,441,428,9526,102.5,sam2,0.0,0.0,0.0
2159,rebounding,1,441,428,9647,103.8,sam2,0.0,0.0,0.0
2160,rebounding,1,441,428,9703,104.4,sam2,0.0,0.0,0.0
2161,rebounding,1,442,429,9718,104.56,sam2,1.414,4238.068,64.213
2162,rebounding,1,442,429,9731,104.7,sam2,0.0,0.0,0.0
2163,rebounding,1,442,429,9830,105.77,sam2,0.0,0.0,0.0
2164,rebounding,1,442,429,9659,103.93,sam2,0.0,0.0,0.0
2165,rebounding,1,442,429,9664,103.98,sam2,0.0,0.0,0.0
2166,rebounding,1,442,429,9711,104.49,sam2,0.0,0.0,0.0
2167,rebounding,1,442,429,9650,103.83,sam2,0.0,0.0,0.0
2168,rebounding,1,442,429,9790,105.34,sam2,0.0,0.0,0.0
2169,rebounding,1,442,429,9760,105.01,sam2,0.0,0.0,0.0
2170,rebounding,1,442,428,9681,104.16,sam2,1.0,2996.766,45.406
2171,rebounding,1,442,428,9729,104.68,sam2,0.0,0.0,0.0
2172,rebounding,1,443,428,9709,104.47,sam2,1.0,2996.766,45.406
2173,rebounding,1,442,428,9554,102.8,sam2,1.0,2996.766,45.406
2174,rebounding,1,442,428,9581,103.09,sam2,0.0,0.0,0.0
2175,rebounding,1,442,428,9627,103.58,sam2,0.0,0.0,0.0
2176,rebounding,1,442,428,9659,103.93,sam2,0.0,0.0,0.0
2177,rebounding,1,442,428,9697,104.34,sam2,0.0,0.0,0.0
2178,rebounding,1,442,428,9573,103.0,sam2,0.0,0.0,0.0
2179,rebounding,1,442,428,9695,104.31,sam2,0.0,0.0,0.0
2180,rebounding,1,442,428,9643,103.76,sam2,0.0,0.0,0.0
2181,rebounding,1,442,428,9755,104.96,sam2,0.0,0.0,0.0
2182,rebounding,1,442,428,9797,105.41,sam2,0.0,0.0,0.0
2183,rebounding,1,441,428,9685,104.21,sam2,1.0,2996.766,45.406
2184,rebounding,1,442,428,9670,104.05,sam2,1.0,2996.766,45.406
2185,rebounding,1,442,428,9642,103.74,sam2,0.0,0.0,0.0
2186,rebounding,1,442,428,9670,104.05,sam2,0.0,0.0,0.0
2187,rebounding,1,442,428,9626,103.57,sam2,0.0,0.0,0.0
2188,rebounding,1,442,428,9681,104.16,sam2,0.0,0.0,0.0
2189,rebounding,1,442,428,9637,103.69,sam2,0.0,0.0,0.0
2190,rebounding,1,442,428,9702,104.39,sam2,0.0,0.0,0.0
2191,rebounding,1,442,428,9582,103.1,sam2,0.0,0.0,0.0
2192,rebounding,1,442,428,9550,102.75,sam2,0.0,0.0,0.0
2193,rebounding,1,442,428,9565,102.92,sam2,0.0,0.0,0.0
2194,rebounding,1,441,428,9605,103.35,sam2,1.0,2996.766,45.406
2195,rebounding,1,442,428,9718,104.56,sam2,1.0,2996.766,45.406
2196,rebounding,1,442,429,9688,104.24,sam2,1.0,2996.766,45.406
2197,rebounding,1,442,428,9696,104.33,sam2,1.0,2996.766,45.406
2198,rebounding,1,442,428,9726,104.65,sam2,0.0,0.0,0.0
2199,rebounding,1,442,428,9598,103.27,sam2,0.0,0.0,0.0
2200,rebounding,1,441,429,9618,103.49,sam2,1.414,4238.068,64.213
2201,rebounding,1,442,429,9699,104.36,sam2,1.0,2996.766,45.406
2202,rebounding,1,442,429,9655,103.88,sam2,0.0,0.0,0.0
2203,rebounding,1,442,429,9886,106.37,sam2,0.0,0.0,0.0
2204,rebounding,1,442,429,9770,105.12,sam2,0.0,0.0,0.0
2205,rebounding,1,442,428,9708,104.45,sam2,1.0,2996.766,45.406
2206,rebounding,1,442,429,9755,104.96,sam2,1.0,2996.766,45.406
2207,rebounding,1,442,429,9778,105.21,sam2,0.0,0.0,0.0
2208,rebounding,1,442,428,9673,104.08,sam2,1.0,2996.766,45.406
2209,rebounding,1,442,429,9880,106.31,sam2,1.0,2996.766,45.406
2210,rebounding,1,442,429,9729,104.68,sam2,0.0,0.0,0.0
2211,rebounding,1,442,428,9740,104.8,sam2,1.0,2996.766,45.406
2212,rebounding,1,442,429,9679,104.14,sam2,1.0,2996.766,45.406
2213,rebounding,1,442,429,9665,103.99,sam2,0.0,0.0,0.0
2214,rebounding,1,442,428,9779,105.22,sam2,1.0,2996.766,45.406
2215,rebounding,1,442,428,9556,102.82,sam2,0.0,0.0,0.0
2216,rebounding,1,442,428,9715,104.53,sam2,0.0,0.0,0.0
2217,rebounding,1,441,428,9766,105.08,sam2,1.0,2996.766,45.406
2218,rebounding,1,441,428,9686,104.22,sam2,0.0,0.0,0.0
2219,rebounding,1,442,428,9588,103.16,sam2,1.0,2996.766,45.406
2220,rebounding,1,441,428,9603,103.32,sam2,1.0,2996.766,45.406
2221,rebounding,1,442,427,9466,101.85,sam2,1.414,4238.068,64.213
2222,rebounding,1,442,429,9816,105.62,sam2,2.0,5993.533,90.811
2223,rebounding,1,441,429,9630,103.62,sam2,1.0,2996.766,45.406
2224,rebounding,1,442,428,9612,103.42,sam2,1.414,4238.068,64.213
2225,rebounding,1,442,428,9694,104.3,sam2,0.0,0.0,0.0
2226,rebounding,1,442,428,9517,102.4,sam2,0.0,0.0,0.0
2227,rebounding,1,441,428,9552,102.78,sam2,1.0,2996.766,45.406
2228,rebounding,1,441,428,9526,102.5,sam2,0.0,0.0,0.0
2229,rebounding,1,441,428,9570,102.97,sam2,0.0,0.0,0.0
2230,rebounding,1,442,428,9667,104.01,sam2,1.0,2996.766,45.406
2231,rebounding,1,441,428,9560,102.86,sam2,1.0,2996.766,45.406
2232,rebounding,1,442,428,9493,102.14,sam2,1.0,2996.766,45.406
2233,rebounding,1,442,428,9467,101.86,sam2,0.0,0.0,0.0
2234,rebounding,1,442,428,9590,103.18,sam2,0.0,0.0,0.0
2235,rebounding,1,442,428,9555,102.81,sam2,0.0,0.0,0.0
2236,rebounding,1,442,428,9716,104.54,sam2,0.0,0.0,0.0
2237,rebounding,1,442,428,9640,103.72,sam2,0.0,0.0,0.0
2238,rebounding,1,442,428,9616,103.46,sam2,0.0,0.0,0.0
2239,rebounding,1,442,428,9448,101.66,sam2,0.0,0.0,0.0
2240,rebounding,1,441,428,9435,101.52,sam2,1.0,2996.766,45.406
2241,rebounding,1,441,427,9433,101.5,sam2,1.0,2996.766,45.406
2242,rebounding,1,441,428,9348,100.58,sam2,1.0,2996.766,45.406
2243,rebounding,1,441,427,9334,100.43,sam2,1.0,2996.766,45.406
2244,rebounding,1,442,428,9432,101.48,sam2,1.414,4238.068,64.213
2245,rebounding,1,442,427,9463,101.82,sam2,1.0,2996.766,45.406
2246,rebounding,1,442,428,9629,103.6,sam2,1.0,2996.766,45.406
2247,rebounding,1,442,428,9541,102.66,sam2,0.0,0.0,0.0
2248,rebounding,1,442,428,9613,103.43,sam2,0.0,0.0,0.0
2249,rebounding,1,442,427,9500,102.22,sam2,1.0,2996.766,45.406
2250,rebounding,1,442,427,9368,100.8,sam2,0.0,0.0,0.0
2251,rebounding,1,443,427,9530,102.54,sam2,1.0,2996.766,45.406
2252,rebounding,1,442,427,9378,100.9,sam2,1.0,2996.766,45.406
2253,rebounding,1,442,428,9550,102.75,sam2,1.0,2996.766,45.406
2254,rebounding,1,442,427,9473,101.93,sam2,1.0,2996.766,45.406
2255,rebounding,1,442,428,9459,101.78,sam2,1.0,2996.766,45.406
2256,rebounding,1,442,427,9456,101.74,sam2,1.0,2996.766,45.406
2257,rebounding,1,442,428,9707,104.44,sam2,1.0,2996.766,45.406
2258,rebounding,1,442,428,9604,103.34,sam2,0.0,0.0,0.0
2259,rebounding,1,442,428,9580,103.08,sam2,0.0,0.0,0.0
2260,rebounding,1,442,428,9526,102.5,sam2,0.0,0.0,0.0
2261,rebounding,1,442,428,9771,105.13,sam2,0.0,0.0,0.0
2262,rebounding,1,442,428,9697,104.34,sam2,0.0,0.0,0.0
2263,rebounding,1,442,428,9580,103.08,sam2,0.0,0.0,0.0
2264,rebounding,1,442,427,9476,101.96,sam2,1.0,2996.766,45.406
2265,rebounding,1,442,429,9636,103.68,sam2,2.0,5993.533,90.811
2266,rebounding,1,443,428,9564,102.91,sam2,1.414,4238.068,64.213
2267,rebounding,1,442,428,9656,103.89,sam2,1.0,2996.766,45.406
2268,rebounding,1,442,429,9588,103.16,sam2,1.0,2996.766,45.406
2269,rebounding,1,443,428,9614,103.44,sam2,1.414,4238.068,64.213
2270,rebounding,1,442,428,9686,104.22,sam2,1.0,2996.766,45.406
2271,rebounding,1,442,428,9485,102.06,sam2,0.0,0.0,0.0
2272,rebounding,1,442,428,9389,101.02,sam2,0.0,0.0,0.0
2273,rebounding,1,442,428,9387,101.0,sam2,0.0,0.0,0.0
2274,rebounding,1,442,428,9507,102.29,sam2,0.0,0.0,0.0
2275,rebounding,1,442,428,9489,102.1,sam2,0.0,0.0,0.0
2276,rebounding,1,442,428,9564,102.91,sam2,0.0,0.0,0.0
2277,rebounding,1,441,428,9486,102.07,sam2,1.0,2996.766,45.406
2278,rebounding,1,442,428,9540,102.65,sam2,1.0,2996.766,45.406
2279,rebounding,1,441,428,9616,103.46,sam2,1.0,2996.766,45.406
2280,rebounding,1,442,427,9452,101.7,sam2,1.414,4238.068,64.213
2281,rebounding,1,442,428,9607,103.37,sam2,1.0,2996.766,45.406
2282,rebounding,1,442,428,9556,102.82,sam2,0.0,0.0,0.0
2283,rebounding,1,442,428,9477,101.97,sam2,0.0,0.0,0.0
2284,rebounding,1,442,427,9445,101.62,sam2,1.0,2996.766,45.406
2285,rebounding,1,441,428,9416,101.31,sam2,1.414,4238.068,64.213
2286,rebounding,1,441,427,9366,100.77,sam2,1.0,2996.766,45.406
2287,rebounding,1,441,428,9490,102.11,sam2,1.0,2996.766,45.406
2288,rebounding,1,442,428,9592,103.21,sam2,1.0,2996.766,45.406
2289,rebounding,1,442,427,9497,102.18,sam2,1.0,2996.766,45.406
2290,rebounding,1,442,428,9738,104.78,sam2,1.0,2996.766,45.406
2291,rebounding,1,442,428,9623,103.54,sam2,0.0,0.0,0.0
2292,rebounding,1,441,428,9484,102.04,sam2,1.0,2996.766,45.406
2293,rebounding,1,442,428,9657,103.91,sam2,1.0,2996.766,45.406
2294,rebounding,1,441,428,9480,102.0,sam2,1.0,2996.766,45.406
2295,rebounding,1,441,428,9527,102.51,sam2,0.0,0.0,0.0
2296,rebounding,1,442,428,9543,102.68,sam2,1.0,2996.766,45.406
2297,rebounding,1,441,427,9384,100.97,sam2,1.414,4238.068,64.213
2298,rebounding,1,442,428,9443,101.6,sam2,1.414,4238.068,64.213
2299,rebounding,1,441,429,9617,103.48,sam2,1.414,4238.068,64.213
2300,rebounding,1,441,428,9539,102.64,sam2,1.0,2996.766,45.406
2301,rebounding,1,441,428,9490,102.11,sam2,0.0,0.0,0.0
2302,rebounding,1,441,428,9432,101.48,sam2,0.0,0.0,0.0
2303,rebounding,1,442,428,9647,103.8,sam2,1.0,2996.766,45.406
2304,rebounding,1,442,428,9626,103.57,sam2,0.0,0.0,0.0
2305,rebounding,1,442,429,9667,104.01,sam2,1.0,2996.766,45.406
2306,rebounding,1,442,429,9625,103.56,sam2,0.0,0.0,0.0
2307,rebounding,1,442,428,9722,104.61,sam2,1.0,2996.766,45.406
2308,rebounding,1,441,428,9557,102.83,sam2,1.0,2996.766,45.406
2309,rebounding,1,442,428,9671,104.06,sam2,1.0,2996.766,45.406
2310,rebounding,1,442,428,9778,105.21,sam2,0.0,0.0,0.0
2311,rebounding,1,441,428,9691,104.27,sam2,1.0,2996.766,45.406
2312,rebounding,1,441,428,9591,103.2,sam2,0.0,0.0,0.0
2313,rebounding,1,442,428,9593,103.22,sam2,1.0,2996.766,45.406
2314,rebounding,1,441,427,9500,102.22,sam2,1.414,4238.068,64.213
2315,rebounding,1,442,428,9502,102.24,sam2,1.414,4238.068,64.213
2316,rebounding,1,441,428,9684,104.2,sam2,1.0,2996.766,45.406
2317,rebounding,1,442,428,9807,105.52,sam2,1.0,2996.766,45.406
2318,rebounding,1,442,428,9714,104.52,sam2,0.0,0.0,0.0
2319,rebounding,1,442,428,9608,103.38,sam2,0.0,0.0,0.0
2320,rebounding,1,442,428,9624,103.55,sam2,0.0,0.0,0.0
2321,rebounding,1,442,428,9690,104.26,sam2,0.0,0.0,0.0
2322,rebounding,1,442,427,9572,102.99,sam2,1.0,2996.766,45.406
2323,rebounding,1,442,428,9777,105.2,sam2,1.0,2996.766,45.406
2324,rebounding,1,442,428,9607,103.37,sam2,0.0,0.0,0.0
2325,rebounding,1,442,428,9719,104.57,sam2,0.0,0.0,0.0
2326,rebounding,1,442,429,9681,104.16,sam2,1.0,2996.766,45.406
2327,rebounding,1,442,428,9567,102.94,sam2,1.0,2996.766,45.406
2328,rebounding,1,442,428,9694,104.3,sam2,0.0,0.0,0.0
2329,rebounding,1,442,429,9718,104.56,sam2,1.0,2996.766,45.406
2330,rebounding,1,443,428,9663,103.97,sam2,1.414,4238.068,64.213
2331,rebounding,1,442,428,9615,103.45,sam2,1.0,2996.766,45.406
2332,rebounding,1,443,428,9618,103.49,sam2,1.0,2996.766,45.406
2333,rebounding,1,442,428,9588,103.16,sam2,1.0,2996.766,45.406
2334,rebounding,1,442,428,9579,103.07,sam2,0.0,0.0,0.0
2335,rebounding,1,442,428,9733,104.72,sam2,0.0,0.0,0.0
2336,rebounding,1,442,428,9610,103.4,sam2,0.0,0.0,0.0
2337,rebounding,1,442,428,9635,103.67,sam2,0.0,0.0,0.0
2338,rebounding,1,442,428,9667,104.01,sam2,0.0,0.0,0.0
2339,rebounding,1,442,428,9763,105.05,sam2,0.0,0.0,0.0
2340,rebounding,1,442,428,9657,103.91,sam2,0.0,0.0,0.0
2341,rebounding,1,442,428,9624,103.55,sam2,0.0,0.0,0.0
2342,rebounding,1,442,429,9684,104.2,sam2,1.0,2996.766,45.406
2343,rebounding,1,443,429,9769,105.11,sam2,1.0,2996.766,45.406
2344,rebounding,1,442,428,9599,103.28,sam2,1.414,4238.068,64.213
2345,rebounding,1,442,428,9576,103.03,sam2,0.0,0.0,0.0
2346,rebounding,1,442,428,9778,105.21,sam2,0.0,0.0,0.0
2347,rebounding,1,442,428,9667,104.01,sam2,0.0,0.0,0.0
2348,rebounding,1,442,428,9606,103.36,sam2,0.0,0.0,0.0
2349,rebounding,1,442,427,9576,103.03,sam2,1.0,2996.766,45.406
2350,rebounding,1,442,428,9741,104.81,sam2,1.0,2996.766,45.406
2351,rebounding,1,442,428,9668,104.02,sam2,0.0,0.0,0.0
2352,rebounding,1,442,428,9593,103.22,sam2,0.0,0.0,0.0
2353,rebounding,1,442,428,9665,103.99,sam2,0.0,0.0,0.0
2354,rebounding,1,441,428,9714,104.52,sam2,1.0,2996.766,45.406
2355,rebounding,1,441,428,9527,102.51,sam2,0.0,0.0,0.0
2356,rebounding,1,442,428,9553,102.79,sam2,1.0,2996.766,45.406
2357,rebounding,1,441,429,9578,103.06,sam2,1.414,4238.068,64.213
2358,rebounding,1,442,428,9586,103.14,sam2,1.414,4238.068,64.213
2359,rebounding,1,442,428,9551,102.77,sam2,0.0,0.0,0.0
2360,rebounding,1,441,428,9606,103.36,sam2,1.0,2996.766,45.406
2361,rebounding,1,442,428,9646,103.79,sam2,1.0,2996.766,45.406
2362,rebounding,1,442,427,9562,102.88,sam2,1.0,2996.766,45.406
2363,rebounding,1,442,428,9609,103.39,sam2,1.0,2996.766,45.406
2364,rebounding,1,442,427,9463,101.82,sam2,1.0,2996.766,45.406
2365,rebounding,1,441,428,9629,103.6,sam2,1.414,4238.068,64.213
2366,rebounding,1,442,428,9671,104.06,sam2,1.0,2996.766,45.406
2367,rebounding,1,441,428,9495,102.16,sam2,1.0,2996.766,45.406
2368,rebounding,1,442,428,9501,102.23,sam2,1.0,2996.766,45.406
2369,rebounding,1,442,427,9437,101.54,sam2,1.0,2996.766,45.406
2370,rebounding,1,442,427,9411,101.26,sam2,0.0,0.0,0.0
2371,rebounding,1,441,428,9554,102.8,sam2,1.414,4238.068,64.213
2372,rebounding,1,441,428,9617,103.48,sam2,0.0,0.0,0.0
2373,rebounding,1,441,428,9545,102.7,sam2,0.0,0.0,0.0
2374,rebounding,1,441,428,9474,101.94,sam2,0.0,0.0,0.0
2375,rebounding,1,441,428,9541,102.66,sam2,0.0,0.0,0.0
2376,rebounding,1,442,429,9678,104.13,sam2,1.414,4238.068,64.213
2377,rebounding,1,442,428,9649,103.82,sam2,1.0,2996.766,45.406
2378,rebounding,1,442,428,9603,103.32,sam2,0.0,0.0,0.0
2379,rebounding,1,442,429,9697,104.34,sam2,1.0,2996.766,45.406
2380,rebounding,1,441,428,9605,103.35,sam2,1.414,4238.068,64.213
2381,rebounding,1,442,428,9505,102.27,sam2,1.0,2996.766,45.406
2382,rebounding,1,441,427,9564,102.91,sam2,1.414,4238.068,64.213
2383,rebounding,1,441,428,9589,103.17,sam2,1.0,2996.766,45.406
2384,rebounding,1,442,427,9592,103.21,sam2,1.414,4238.068,64.213
2385,rebounding,1,442,428,9551,102.77,sam2,1.0,2996.766,45.406
2386,rebounding,1,442,427,9473,101.93,sam2,1.0,2996.766,45.406
2387,rebounding,1,442,428,9509,102.31,sam2,1.0,2996.766,45.406
2388,rebounding,1,441,428,9623,103.54,sam2,1.0,2996.766,45.406
2389,rebounding,1,442,428,9620,103.51,sam2,1.0,2996.766,45.406
2390,rebounding,1,442,428,9527,102.51,sam2,0.0,0.0,0.0
2391,rebounding,1,442,427,9429,101.45,sam2,1.0,2996.766,45.406
2392,rebounding,1,442,428,9651,103.84,sam2,1.0,2996.766,45.406
2393,rebounding,1,441,427,9494,102.15,sam2,1.414,4238.068,64.213
2394,rebounding,1,442,428,9465,101.84,sam2,1.414,4238.068,64.213
2395,rebounding,1,442,428,9656,103.89,sam2,0.0,0.0,0.0
2396,rebounding,1,442,428,9733,104.72,sam2,0.0,0.0,0.0
2397,rebounding,1,442,427,9687,104.23,sam2,1.0,2996.766,45.406
2398,rebounding,1,442,428,9706,104.43,sam2,1.0,2996.766,45.406
2399,rebounding,1,442,428,9588,103.16,sam2,0.0,0.0,0.0
2400,rebounding,1,441,428,9600,103.29,sam2,1.0,2996.766,45.406
2401,rebounding,1,441,428,9654,103.87,sam2,0.0,0.0,0.0
2402,rebounding,1,441,428,9597,103.26,sam2,0.0,0.0,0.0
2403,rebounding,1,442,428,9708,104.45,sam2,1.0,2996.766,45.406
2404,rebounding,1,443,427,9595,103.24,sam2,1.414,4238.068,64.213
2405,rebounding,1,442,428,9693,104.29,sam2,1.414,4238.068,64.213
2406,rebounding,1,442,428,9496,102.17,sam2,0.0,0.0,0.0
2407,rebounding,1,442,428,9640,103.72,sam2,0.0,0.0,0.0
2408,rebounding,1,442,427,9427,101.43,sam2,1.0,2996.766,45.406
2409,rebounding,1,442,427,9609,103.39,sam2,0.0,0.0,0.0
2410,rebounding,1,442,428,9569,102.96,sam2,1.0,2996.766,45.406
2411,rebounding,1,443,428,9714,104.52,sam2,1.0,2996.766,45.406
2412,rebounding,1,442,428,9654,103.87,sam2,1.0,2996.766,45.406
2413,rebounding,1,442,428,9667,104.01,sam2,0.0,0.0,0.0
2414,rebounding,1,442,428,9538,102.63,sam2,0.0,0.0,0.0
2415,rebounding,1,442,428,9440,101.57,sam2,0.0,0.0,0.0
2416,rebounding,1,442,428,9566,102.93,sam2,0.0,0.0,0.0
2417,rebounding,1,442,428,9488,102.09,sam2,0.0,0.0,0.0
2418,rebounding,1,442,428,9640,103.72,sam2,0.0,0.0,0.0
2419,rebounding,1,442,428,9708,104.45,sam2,0.0,0.0,0.0
2420,rebounding,1,442,428,9580,103.08,sam2,0.0,0.0,0.0
2421,rebounding,1,442,429,9734,104.73,sam2,1.0,2996.766,45.406
2422,rebounding,1,443,428,9688,104.24,sam2,1.414,4238.068,64.213
2423,rebounding,1,442,428,9520,102.43,sam2,1.0,2996.766,45.406
2424,rebounding,1,442,428,9635,103.67,sam2,0.0,0.0,0.0
2425,rebounding,1,442,428,9659,103.93,sam2,0.0,0.0,0.0
2426,rebounding,1,443,428,9692,104.28,sam2,1.0,2996.766,45.406
2427,rebounding,1,443,428,9627,103.58,sam2,0.0,0.0,0.0
2428,rebounding,1,443,428,9686,104.22,sam2,0.0,0.0,0.0
2429,rebounding,1,442,429,9783,105.26,sam2,1.414,4238.068,64.213
2430,rebounding,1,442,428,9715,104.53,sam2,1.0,2996.766,45.406
2431,rebounding,1,442,428,9594,103.23,sam2,0.0,0.0,0.0
2432,rebounding,1,442,428,9597,103.26,sam2,0.0,0.0,0.0
2433,rebounding,1,442,428,9503,102.25,sam2,0.0,0.0,0.0
2434,rebounding,1,442,427,9439,101.56,sam2,1.0,2996.766,45.406
2435,rebounding,1,442,428,9642,103.74,sam2,1.0,2996.766,45.406
2436,rebounding,1,442,428,9633,103.65,sam2,0.0,0.0,0.0
2437,rebounding,1,442,428,9715,104.53,sam2,0.0,0.0,0.0
2438,rebounding,1,442,428,9797,105.41,sam2,0.0,0.0,0.0
2439,rebounding,1,442,428,9738,104.78,sam2,0.0,0.0,0.0
2440,rebounding,1,442,428,9601,103.3,sam2,0.0,0.0,0.0
2441,rebounding,1,442,428,9517,102.4,sam2,0.0,0.0,0.0
2442,rebounding,1,442,427,9467,101.86,sam2,1.0,2996.766,45.406
2443,rebounding,1,442,427,9556,102.82,sam2,0.0,0.0,0.0
2444,rebounding,1,442,427,9676,104.11,sam2,0.0,0.0,0.0
2445,rebounding,1,442,428,9777,105.2,sam2,1.0,2996.766,45.406
2446,rebounding,1,441,429,9899,106.51,sam2,1.414,4238.068,64.213
2447,rebounding,1,442,428,9670,104.05,sam2,1.414,4238.068,64.213
2448,rebounding,1,442,429,9748,104.88,sam2,1.0,2996.766,45.406
2449,rebounding,1,442,428,9718,104.56,sam2,1.0,2996.766,45.406
2450,rebounding,1,442,428,9547,102.72,sam2,0.0,0.0,0.0
2451,rebounding,1,442,428,9689,104.25,sam2,0.0,0.0,0.0
2452,rebounding,1,441,428,9581,103.09,sam2,1.0,2996.766,45.406
2453,rebounding,1,442,427,9518,102.41,sam2,1.414,4238.068,64.213
2454,rebounding,1,442,428,9729,104.68,sam2,1.0,2996.766,45.406
2455,rebounding,1,441,428,9643,103.76,sam2,1.0,2996.766,45.406
2456,rebounding,1,441,428,9628,103.59,sam2,0.0,0.0,0.0
2457,rebounding,1,442,428,9609,103.39,sam2,1.0,2996.766,45.406
2458,rebounding,1,441,428,9600,103.29,sam2,1.0,2996.766,45.406
2459,rebounding,1,441,428,9671,104.06,sam2,0.0,0.0,0.0
2460,rebounding,1,442,428,9672,104.07,sam2,1.0,2996.766,45.406
2461,rebounding,1,442,428,9653,103.86,sam2,0.0,0.0,0.0
2462,rebounding,1,442,428,9545,102.7,sam2,0.0,0.0,0.0
2463,rebounding,1,441,428,9624,103.55,sam2,1.0,2996.766,45.406
2464,rebounding,1,442,427,9428,101.44,sam2,1.414,4238.068,64.213
2465,rebounding,1,442,428,9669,104.03,sam2,1.0,2996.766,45.406
2466,rebounding,1,442,428,9606,103.36,sam2,0.0,0.0,0.0
2467,rebounding,1,442,429,9749,104.9,sam2,1.0,2996.766,45.406
2468,rebounding,1,442,428,9736,104.76,sam2,1.0,2996.766,45.406
2469,rebounding,1,442,428,9607,103.37,sam2,0.0,0.0,0.0
2470,rebounding,1,442,428,9710,104.48,sam2,0.0,0.0,0.0
2471,rebounding,1,442,427,9527,102.51,sam2,1.0,2996.766,45.406
2472,rebounding,1,442,428,9615,103.45,sam2,1.0,2996.766,45.406
2473,rebounding,1,442,427,9585,103.13,sam2,1.0,2996.766,45.406
2474,rebounding,1,442,428,9667,104.01,sam2,1.0,2996.766,45.406
2475,rebounding,1,442,428,9642,103.74,sam2,0.0,0.0,0.0
2476,rebounding,1,442,429,9744,104.84,sam2,1.0,2996.766,45.406
2477,rebounding,1,442,429,9746,104.86,sam2,0.0,0.0,0.0
2478,rebounding,1,442,428,9672,104.07,sam2,1.0,2996.766,45.406
2479,rebounding,1,442,428,9651,103.84,sam2,0.0,0.0,0.0
2480,rebounding,1,442,428,9748,104.88,sam2,0.0,0.0,0.0
2481,rebounding,1,442,429,9755,104.96,sam2,1.0,2996.766,45.406
2482,rebounding,1,442,428,9607,103.37,sam2,1.0,2996.766,45.406
2483,rebounding,1,442,428,9755,104.96,sam2,0.0,0.0,0.0
2484,rebounding,1,442,428,9661,103.95,sam2,0.0,0.0,0.0
2485,rebounding,1,442,428,9726,104.65,sam2,0.0,0.0,0.0
2486,rebounding,1,442,428,9649,103.82,sam2,0.0,0.0,0.0
2487,rebounding,1,442,429,9802,105.47,sam2,1.0,2996.766,45.406
2488,rebounding,1,442,429,9895,106.47,sam2,0.0,0.0,0.0
2489,rebounding,1,442,429,9855,106.04,sam2,0.0,0.0,0.0
2490,rebounding,1,442,428,9731,104.7,sam2,1.0,2996.766,45.406
2491,rebounding,1,442,428,9650,103.83,sam2,0.0,0.0,0.0
2492,rebounding,1,442,428,9665,103.99,sam2,0.0,0.0,0.0
2493,rebounding,1,442,428,9660,103.94,sam2,0.0,0.0,0.0
2494,rebounding,1,443,429,9762,105.04,sam2,1.414,4238.068,64.213
2495,rebounding,1,442,429,9710,104.48,sam2,1.0,2996.766,45.406
2496,rebounding,1,443,428,9680,104.15,sam2,1.414,4238.068,64.213
2497,rebounding,1,443,428,9606,103.36,sam2,0.0,0.0,0.0
2498,rebounding,1,442,428,9666,104.0,sam2,1.0,2996.766,45.406
2499,rebounding,1,442,428,9648,103.81,sam2,0.0,0.0,0.0
2500,rebounding,1,442,428,9639,103.71,sam2,0.0,0.0,0.0
2501,rebounding,1,442,428,9550,102.75,sam2,0.0,0.0,0.0
2502,rebounding,1,442,429,9689,104.25,sam2,1.0,2996.766,45.406
2503,rebounding,1,442,428,9686,104.22,sam2,1.0,2996.766,45.406
2504,rebounding,1,442,429,9791,105.35,sam2,1.0,2996.766,45.406
2505,rebounding,1,442,428,9587,103.15,sam2,1.0,2996.766,45.406
2506,rebounding,1,442,428,9422,101.38,sam2,0.0,0.0,0.0
2507,rebounding,1,442,428,9525,102.49,sam2,0.0,0.0,0.0
2508,rebounding,1,442,428,9710,104.48,sam2,0.0,0.0,0.0
2509,rebounding,1,442,428,9673,104.08,sam2,0.0,0.0,0.0
2510,rebounding,1,443,428,9774,105.16,sam2,1.0,2996.766,45.406
2511,rebounding,1,442,429,9793,105.37,sam2,1.414,4238.068,64.213
2512,rebounding,1,442,428,9562,102.88,sam2,1.0,2996.766,45.406
2513,rebounding,1,442,428,9634,103.66,sam2,0.0,0.0,0.0
2514,rebounding,1,442,428,9586,103.14,sam2,0.0,0.0,0.0
2515,rebounding,1,442,428,9671,104.06,sam2,0.0,0.0,0.0
2516,rebounding,1,443,428,9791,105.35,sam2,1.0,2996.766,45.406
2517,rebounding,1,442,428,9632,103.64,sam2,1.0,2996.766,45.406
2518,rebounding,1,442,428,9606,103.36,sam2,0.0,0.0,0.0
2519,rebounding,1,442,428,9628,103.59,sam2,0.0,0.0,0.0
2520,rebounding,1,442,428,9575,103.02,sam2,0.0,0.0,0.0
2521,rebounding,1,442,428,9669,104.03,sam2,0.0,0.0,0.0
2522,rebounding,1,442,428,9688,104.24,sam2,0.0,0.0,0.0
2523,rebounding,1,442,428,9644,103.77,sam2,0.0,0.0,0.0
2524,rebounding,1,442,428,9596,103.25,sam2,0.0,0.0,0.0
2525,rebounding,1,442,428,9609,103.39,sam2,0.0,0.0,0.0
2526,rebounding,1,442,428,9612,103.42,sam2,0.0,0.0,0.0
2527,rebounding,1,442,428,9717,104.55,sam2,0.0,0.0,0.0
2528,rebounding,1,442,428,9592,103.21,sam2,0.0,0.0,0.0
2529,rebounding,1,442,428,9582,103.1,sam2,0.0,0.0,0.0
2530,rebounding,1,442,428,9435,101.52,sam2,0.0,0.0,0.0
2531,rebounding,1,442,428,9466,101.85,sam2,0.0,0.0,0.0
2532,rebounding,1,442,428,9520,102.43,sam2,0.0,0.0,0.0
2533,rebounding,1,442,428,9592,103.21,sam2,0.0,0.0,0.0
2534,rebounding,1,442,427,9328,100.37,sam2,1.0,2996.766,45.406
2535,rebounding,1,442,428,9601,103.3,sam2,1.0,2996.766,45.406
2536,rebounding,1,442,427,9598,103.27,sam2,1.0,2996.766,45.406
2537,rebounding,1,442,428,9579,103.07,sam2,1.0,2996.766,45.406
2538,rebounding,1,442,428,9642,103.74,sam2,0.0,0.0,0.0
2539,rebounding,1,442,427,9535,102.59,sam2,1.0,2996.766,45.406
2540,rebounding,1,442,428,9628,103.59,sam2,1.0,2996.766,45.406
2541,rebounding,1,442,428,9803,105.48,sam2,0.0,0.0,0.0
2542,rebounding,1,442,428,9724,104.63,sam2,0.0,0.0,0.0
2543,rebounding,1,442,428,9666,104.0,sam2,0.0,0.0,0.0
2544,rebounding,1,442,428,9729,104.68,sam2,0.0,0.0,0.0
2545,rebounding,1,442,428,9699,104.36,sam2,0.0,0.0,0.0
2546,rebounding,1,442,429,9911,106.64,sam2,1.0,2996.766,45.406
2547,rebounding,1,442,428,9759,105.0,sam2,1.0,2996.766,45.406
2548,rebounding,1,442,428,9562,102.88,sam2,0.0,0.0,0.0
2549,rebounding,1,442,428,9742,104.82,sam2,0.0,0.0,0.0
2550,rebounding,1,442,428,9616,103.46,sam2,0.0,0.0,0.0
2551,rebounding,1,441,427,9615,103.45,sam2,1.414,4238.068,64.213
2552,rebounding,1,442,428,9576,103.03,sam2,1.414,4238.068,64.213
2553,rebounding,1,442,428,9533,102.57,sam2,0.0,0.0,0.0
2554,rebounding,1,442,428,9679,104.14,sam2,0.0,0.0,0.0
2555,rebounding,1,442,428,9704,104.41,sam2,0.0,0.0,0.0
2556,rebounding,1,442,428,9548,102.73,sam2,0.0,0.0,0.0
2557,rebounding,1,442,427,9627,103.58,sam2,1.0,2996.766,45.406
2558,rebounding,1,442,428,9467,101.86,sam2,1.0,2996.766,45.406
2559,rebounding,1,441,427,9436,101.53,sam2,1.414,4238.068,64.213
2560,rebounding,1,442,427,9589,103.17,sam2,1.0,2996.766,45.406
2561,rebounding,1,442,428,9660,103.94,sam2,1.0,2996.766,45.406
2562,rebounding,1,442,427,9581,103.09,sam2,1.0,2996.766,45.406
2563,rebounding,1,443,428,9595,103.24,sam2,1.414,4238.068,64.213
2564,rebounding,1,442,428,9574,103.01,sam2,1.0,2996.766,45.406
2565,rebounding,1,442,427,9530,102.54,sam2,1.0,2996.766,45.406
2566,rebounding,1,442,428,9690,104.26,sam2,1.0,2996.766,45.406
2567,rebounding,1,442,428,9715,104.53,sam2,0.0,0.0,0.0
2568,rebounding,1,442,429,9835,105.82,sam2,1.0,2996.766,45.406
2569,rebounding,1,442,427,9674,104.09,sam2,2.0,5993.533,90.811
2570,rebounding,1,442,428,9821,105.67,sam2,1.0,2996.766,45.406
2571,rebounding,1,442,428,9749,104.9,sam2,0.0,0.0,0.0
2572,rebounding,1,442,428,9577,103.04,sam2,0.0,0.0,0.0
2573,rebounding,1,443,428,9769,105.11,sam2,1.0,2996.766,45.406
2574,rebounding,1,442,428,9576,103.03,sam2,1.0,2996.766,45.406
2575,rebounding,1,442,427,9588,103.16,sam2,1.0,2996.766,45.406
2576,rebounding,1,443,429,9834,105.81,sam2,2.236,6700.974,101.53
2577,rebounding,1,442,428,9583,103.11,sam2,1.414,4238.068,64.213
2578,rebounding,1,442,428,9797,105.41,sam2,0.0,0.0,0.0
2579,rebounding,1,442,428,9732,104.71,sam2,0.0,0.0,0.0
2580,rebounding,1,443,429,9669,104.03,sam2,1.414,4238.068,64.213
2581,rebounding,1,442,428,9671,104.06,sam2,1.414,4238.068,64.213
2582,rebounding,1,442,428,9614,103.44,sam2,0.0,0.0,0.0
2583,rebounding,1,442,429,9639,103.71,sam2,1.0,2996.766,45.406
2584,rebounding,1,442,428,9580,103.08,sam2,1.0,2996.766,45.406
2585,rebounding,1,442,428,9515,102.38,sam2,0.0,0.0,0.0
2586,rebounding,1,441,428,9602,103.31,sam2,1.0,2996.766,45.406
2587,rebounding,1,442,428,9690,104.26,sam2,1.0,2996.766,45.406
2588,rebounding,1,442,428,9531,102.55,sam2,0.0,0.0,0.0
2589,rebounding,1,442,429,9607,103.37,sam2,1.0,2996.766,45.406
2590,rebounding,1,442,428,9648,103.81,sam2,1.0,2996.766,45.406
2591,rebounding,1,442,428,9505,102.27,sam2,0.0,0.0,0.0
2592,rebounding,1,442,428,9681,104.16,sam2,0.0,0.0,0.0
2593,rebounding,1,442,428,9615,103.45,sam2,0.0,0.0,0.0
2594,rebounding,1,442,427,9541,102.66,sam2,1.0,2996.766,45.406
2595,rebounding,1,442,428,9643,103.76,sam2,1.0,2996.766,45.406
2596,rebounding,1,442,428,9673,104.08,sam2,0.0,0.0,0.0
2597,rebounding,1,442,428,9671,104.06,sam2,0.0,0.0,0.0
2598,rebounding,1,441,429,9754,104.95,sam2,1.414,4238.068,64.213
2599,rebounding,1,442,429,9711,104.49,sam2,1.0,2996.766,45.406
2600,rebounding,1,442,428,9592,103.21,sam2,1.0,2996.766,45.406
2601,rebounding,1,441,428,9598,103.27,sam2,1.0,2996.766,45.406
2602,rebounding,1,442,428,9629,103.6,sam2,1.0,2996.766,45.406
2603,rebounding,1,442,428,9647,103.8,sam2,0.0,0.0,0.0
2604,rebounding,1,441,427,9592,103.21,sam2,1.414,4238.068,64.213
2605,rebounding,1,441,427,9592,103.21,sam2,0.0,0.0,0.0
2606,rebounding,1,442,428,9739,104.79,sam2,1.414,4238.068,64.213
2607,rebounding,1,441,428,9719,104.57,sam2,1.0,2996.766,45.406
2608,rebounding,1,441,428,9673,104.08,sam2,0.0,0.0,0.0
2609,rebounding,1,442,428,9582,103.1,sam2,1.0,2996.766,45.406
2610,rebounding,1,442,428,9661,103.95,sam2,0.0,0.0,0.0
2611,rebounding,1,442,428,9676,104.11,sam2,0.0,0.0,0.0
2612,rebounding,1,442,428,9750,104.91,sam2,0.0,0.0,0.0
2613,rebounding,1,441,428,9576,103.03,sam2,1.0,2996.766,45.406
2614,rebounding,1,442,429,9732,104.71,sam2,1.414,4238.068,64.213
2615,rebounding,1,441,428,9519,102.42,sam2,1.414,4238.068,64.213
2616,rebounding,1,442,428,9509,102.31,sam2,1.0,2996.766,45.406
2617,rebounding,1,441,428,9612,103.42,sam2,1.0,2996.766,45.406
2618,rebounding,1,441,428,9802,105.47,sam2,0.0,0.0,0.0
2619,rebounding,1,442,429,9709,104.47,sam2,1.414,4238.068,64.213
2620,rebounding,1,441,428,9566,102.93,sam2,1.414,4238.068,64.213
2621,rebounding,1,441,428,9565,102.92,sam2,0.0,0.0,0.0
2622,rebounding,1,442,429,9774,105.16,sam2,1.414,4238.068,64.213
2623,rebounding,1,442,428,9719,104.57,sam2,1.0,2996.766,45.406
2624,rebounding,1,442,428,9777,105.2,sam2,0.0,0.0,0.0
2625,rebounding,1,442,428,9735,104.74,sam2,0.0,0.0,0.0
2626,rebounding,1,442,428,9818,105.64,sam2,0.0,0.0,0.0
2627,rebounding,1,442,428,9652,103.85,sam2,0.0,0.0,0.0
2628,rebounding,1,442,428,9596,103.25,sam2,0.0,0.0,0.0
2629,rebounding,1,442,428,9544,102.69,sam2,0.0,0.0,0.0
2630,rebounding,1,442,428,9654,103.87,sam2,0.0,0.0,0.0
2631,rebounding,1,442,429,9747,104.87,sam2,1.0,2996.766,45.406
2632,rebounding,1,442,427,9511,102.33,sam2,2.0,5993.533,90.811
2633,rebounding,1,442,428,9486,102.07,sam2,1.0,2996.766,45.406
2634,rebounding,1,442,427,9383,100.96,sam2,1.0,2996.766,45.406
2635,rebounding,1,442,427,9522,102.45,sam2,0.0,0.0,0.0
2636,rebounding,1,442,428,9592,103.21,sam2,1.0,2996.766,45.406
2637,rebounding,1,442,427,9458,101.76,sam2,1.0,2996.766,45.406
2638,rebounding,1,442,428,9655,103.88,sam2,1.0,2996.766,45.406
2639,rebounding,1,442,428,9589,103.17,sam2,0.0,0.0,0.0
2640,rebounding,1,443,428,9803,105.48,sam2,1.0,2996.766,45.406
2641,rebounding,1,441,428,9663,103.97,sam2,2.0,5993.533,90.811
2642,rebounding,1,442,428,9519,102.42,sam2,1.0,2996.766,45.406
2643,rebounding,1,442,428,9543,102.68,sam2,0.0,0.0,0.0
2644,rebounding,1,442,428,9649,103.82,sam2,0.0,0.0,0.0
2645,rebounding,1,441,427,9490,102.11,sam2,1.414,4238.068,64.213
2646,rebounding,1,442,428,9632,103.64,sam2,1.414,4238.068,64.213
2647,rebounding,1,442,427,9392,101.05,sam2,1.0,2996.766,45.406
2648,rebounding,1,442,427,9643,103.76,sam2,0.0,0.0,0.0
2649,rebounding,1,441,428,9570,102.97,sam2,1.414,4238.068,64.213
2650,rebounding,1,442,428,9703,104.4,sam2,1.0,2996.766,45.406
2651,rebounding,1,442,428,9654,103.87,sam2,0.0,0.0,0.0
2652,rebounding,1,442,428,9593,103.22,sam2,0.0,0.0,0.0
2653,rebounding,1,442,427,9452,101.7,sam2,1.0,2996.766,45.406
2654,rebounding,1,442,428,9542,102.67,sam2,1.0,2996.766,45.406
2655,rebounding,1,442,428,9512,102.35,sam2,0.0,0.0,0.0
2656,rebounding,1,442,428,9546,102.71,sam2,0.0,0.0,0.0
2657,rebounding,1,442,429,9600,103.29,sam2,1.0,2996.766,45.406
2658,rebounding,1,442,429,9718,104.56,sam2,0.0,0.0,0.0
2659,rebounding,1,442,428,9581,103.09,sam2,1.0,2996.766,45.406
2660,rebounding,1,442,429,9653,103.86,sam2,1.0,2996.766,45.406
2661,rebounding,1,441,428,9534,102.58,sam2,1.414,4238.068,64.213
2662,rebounding,1,443,429,9840,105.87,sam2,2.236,6700.974,101.53
2663,rebounding,1,442,429,9645,103.78,sam2,1.0,2996.766,45.406
2664,rebounding,1,442,429,9756,104.97,sam2,0.0,0.0,0.0
2665,rebounding,1,441,428,9646,103.79,sam2,1.414,4238.068,64.213
2666,rebounding,1,442,428,9773,105.15,sam2,1.0,2996.766,45.406
2667,rebounding,1,442,428,9560,102.86,sam2,0.0,0.0,0.0
2668,rebounding,1,441,428,9663,103.97,sam2,1.0,2996.766,45.406
2669,rebounding,1,441,428,9605,103.35,sam2,0.0,0.0,0.0
2670,rebounding,1,442,429,9941,106.96,sam2,1.414,4238.068,64.213
2671,rebounding,1,442,428,9862,106.11,sam2,1.0,2996.766,45.406
2672,rebounding,1,442,428,9737,104.77,sam2,0.0,0.0,0.0
2673,rebounding,1,442,428,9726,104.65,sam2,0.0,0.0,0.0
2674,rebounding,1,442,428,9732,104.71,sam2,0.0,0.0,0.0
2675,rebounding,1,441,428,9548,102.73,sam2,1.0,2996.766,45.406
2676,rebounding,1,441,428,9731,104.7,sam2,0.0,0.0,0.0
2677,rebounding,1,442,428,9715,104.53,sam2,1.0,2996.766,45.406
2678,rebounding,1,443,428,9820,105.66,sam2,1.0,2996.766,45.406
2679,rebounding,1,442,428,9809,105.54,sam2,1.0,2996.766,45.406
2680,rebounding,1,442,429,9806,105.51,sam2,1.0,2996.766,45.406
2681,rebounding,1,442,428,9895,106.47,sam2,1.0,2996.766,45.406
2682,rebounding,1,442,427,9616,103.46,sam2,1.0,2996.766,45.406
2683,rebounding,1,442,427,9567,102.94,sam2,0.0,0.0,0.0
2684,rebounding,1,442,428,9745,104.85,sam2,1.0,2996.766,45.406
2685,rebounding,1,442,428,9667,104.01,sam2,0.0,0.0,0.0
2686,rebounding,1,442,428,9722,104.61,sam2,0.0,0.0,0.0
2687,rebounding,1,442,429,9974,107.32,sam2,1.0,2996.766,45.406
2688,rebounding,1,442,428,9781,105.24,sam2,1.0,2996.766,45.406
2689,rebounding,1,442,428,9735,104.74,sam2,0.0,0.0,0.0
2690,rebounding,1,442,428,9695,104.31,sam2,0.0,0.0,0.0
2691,rebounding,1,442,429,9771,105.13,sam2,1.0,2996.766,45.406
2692,rebounding,1,441,428,9614,103.44,sam2,1.414,4238.068,64.213
2693,rebounding,1,442,428,9700,104.37,sam2,1.0,2996.766,45.406
2694,rebounding,1,441,429,9835,105.82,sam2,1.414,4238.068,64.213
2695,rebounding,1,441,428,9807,105.52,sam2,1.0,2996.766,45.406
2696,rebounding,1,441,428,9690,104.26,sam2,0.0,0.0,0.0
2697,rebounding,1,441,428,9670,104.05,sam2,0.0,0.0,0.0
2698,rebounding,1,441,428,9566,102.93,sam2,0.0,0.0,0.0
2699,rebounding,1,442,428,9563,102.89,sam2,1.0,2996.766,45.406
2700,rebounding,1,442,428,9639,103.71,sam2,0.0,0.0,0.0
2701,rebounding,1,442,428,9657,103.91,sam2,0.0,0.0,0.0
2702,rebounding,1,442,428,9555,102.81,sam2,0.0,0.0,0.0
2703,rebounding,1,442,428,9721,104.59,sam2,0.0,0.0,0.0
2704,rebounding,1,442,428,9599,103.28,sam2,0.0,0.0,0.0
2705,rebounding,1,441,428,9604,103.34,sam2,1.0,2996.766,45.406
2706,rebounding,1,442,428,9789,105.33,sam2,1.0,2996.766,45.406
2707,rebounding,1,442,428,9767,105.09,sam2,0.0,0.0,0.0
2708,rebounding,1,442,427,9621,103.52,sam2,1.0,2996.766,45.406
2709,rebounding,1,442,427,9376,100.88,sam2,0.0,0.0,0.0
2710,rebounding,1,442,428,9683,104.19,sam2,1.0,2996.766,45.406
2711,rebounding,1,442,428,9677,104.12,sam2,0.0,0.0,0.0
2712,rebounding,1,442,427,9430,101.46,sam2,1.0,2996.766,45.406
2713,rebounding,1,442,427,9595,103.24,sam2,0.0,0.0,0.0
2714,rebounding,1,442,428,9690,104.26,sam2,1.0,2996.766,45.406
2715,rebounding,1,442,428,9728,104.67,sam2,0.0,0.0,0.0
2716,rebounding,1,442,428,9644,103.77,sam2,0.0,0.0,0.0
2717,rebounding,1,442,428,9649,103.82,sam2,0.0,0.0,0.0
2718,rebounding,1,442,428,9571,102.98,sam2,0.0,0.0,0.0
2719,rebounding,1,442,428,9614,103.44,sam2,0.0,0.0,0.0
2720,rebounding,1,442,427,9462,101.81,sam2,1.0,2996.766,45.406
2721,rebounding,1,442,428,9504,102.26,sam2,1.0,2996.766,45.406
2722,rebounding,1,442,428,9771,105.13,sam2,0.0,0.0,0.0
2723,rebounding,1,442,428,9633,103.65,sam2,0.0,0.0,0.0
2724,rebounding,1,442,428,9568,102.95,sam2,0.0,0.0,0.0
2725,rebounding,1,442,428,9668,104.02,sam2,0.0,0.0,0.0
2726,rebounding,1,442,428,9603,103.32,sam2,0.0,0.0,0.0
2727,rebounding,1,441,428,9581,103.09,sam2,1.0,2996.766,45.406
2728,rebounding,1,442,429,9830,105.77,sam2,1.414,4238.068,64.213
2729,rebounding,1,442,428,9767,105.09,sam2,1.0,2996.766,45.406
2730,rebounding,1,442,428,9619,103.5,sam2,0.0,0.0,0.0
2731,rebounding,1,442,430,9861,106.1,sam2,2.0,5993.533,90.811
2732,rebounding,1,442,429,9714,104.52,sam2,1.0,2996.766,45.406
2733,rebounding,1,442,428,9686,104.22,sam2,1.0,2996.766,45.406
2734,rebounding,1,442,428,9623,103.54,sam2,0.0,0.0,0.0
2735,rebounding,1,442,428,9705,104.42,sam2,0.0,0.0,0.0
2736,rebounding,1,442,428,9625,103.56,sam2,0.0,0.0,0.0
2737,rebounding,1,442,427,9473,101.93,sam2,1.0,2996.766,45.406
2738,rebounding,1,442,428,9758,104.99,sam2,1.0,2996.766,45.406
2739,rebounding,1,442,428,9778,105.21,sam2,0.0,0.0,0.0
2740,rebounding,1,442,427,9577,103.04,sam2,1.0,2996.766,45.406
2741,rebounding,1,442,428,9725,104.64,sam2,1.0,2996.766,45.406
2742,rebounding,1,442,429,9747,104.87,sam2,1.0,2996.766,45.406
