frame,phase,drop_id,cx,cy,area_px,percentage,detection_method,distance_px,velocity_px_per_s,velocity_mm_s
485,falling,1,551,43,1939,100.0,sam2,,,
486,falling,1,551,71,1954,100.77,sam2,28.0,83909.462,1271.355
487,falling,1,552,100,2012,103.76,sam2,29.017,86957.881,1317.544
488,falling,1,552,128,1945,100.31,sam2,28.0,83909.462,1271.355
489,falling,1,551,157,1895,97.73,sam2,29.017,86957.881,1317.544
490,falling,1,551,186,1898,97.89,sam2,29.0,86906.228,1316.761
491,falling,1,551,214,1920,99.02,sam2,28.0,83909.462,1271.355
492,falling,1,551,244,1965,101.34,sam2,30.0,89902.995,1362.167
493,falling,1,551,272,1874,96.65,sam2,28.0,83909.462,1271.355
494,falling,1,551,301,1843,95.05,sam2,29.0,86906.228,1316.761
495,falling,1,551,330,1830,94.38,sam2,29.0,86906.228,1316.761
496,falling,1,551,359,1807,93.19,sam2,29.0,86906.228,1316.761
497,falling,1,551,389,2000,103.15,sam2,30.0,89902.995,1362.167
498,falling,1,551,417,1824,94.07,sam2,28.0,83909.462,1271.355
499,falling,1,552,450,2646,136.46,sam2,33.015,98938.689,1499.071
500,falling,1,551,454,2026,104.49,sam2,4.123,12355.985,187.212
501,falling,1,551,454,2229,114.96,sam2,0.0,0.0,0.0
502,falling,1,551,449,2610,134.61,sam2,5.0,14983.832,227.028
503,spreading,1,551,442,2814,145.13,sam2,7.0,20977.365,317.839
504,spreading,1,551,437,2955,152.4,sam2,5.0,14983.832,227.028
505,spreading,1,551,434,3050,157.3,sam2,3.0,8990.299,136.217
506,spreading,1,551,433,3046,157.09,sam2,1.0,2996.766,45.406
507,spreading,1,551,433,3044,156.99,sam2,0.0,0.0,0.0
508,spreading,1,551,430,3281,169.21,sam2,3.0,8990.299,136.217
509,spreading,1,551,454,1713,88.34,sam2,24.0,71922.396,1089.733
509,spreading,2,550,367,447,23.05,sam2,,,
510,spreading,1,551,454,1925,99.28,sam2,0.0,0.0,0.0
510,spreading,2,550,363,450,23.21,sam2,4.0,11987.066,181.622
511,spreading,1,551,450,2168,111.81,sam2,4.0,11987.066,181.622
511,spreading,2,550,360,422,21.76,sam2,3.0,8990.299,136.217
512,spreading,1,551,448,2254,116.25,sam2,2.0,5993.533,90.811
512,spreading,2,550,356,411,21.2,sam2,4.0,11987.066,181.622
513,spreading,1,551,449,2159,111.35,sam2,1.0,2996.766,45.406
513,spreading,2,549,353,403,20.78,sam2,3.162,9476.608,143.585
514,rebounding,1,551,453,2082,107.37,sam2,4.0,11987.066,181.622
514,rebounding,2,549,350,394,20.32,sam2,3.0,8990.299,136.217
515,rebounding,1,551,454,1819,93.81,sam2,1.0,2996.766,45.406
516,rebounding,1,551,454,1897,97.83,sam2,0.0,0.0,0.0
517,rebounding,1,551,452,2146,110.68,sam2,2.0,5993.533,90.811
518,rebounding,1,551,451,2213,114.13,sam2,1.0,2996.766,45.406
519,rebounding,1,551,451,2252,116.14,sam2,0.0,0.0,0.0
520,rebounding,1,551,451,2364,121.92,sam2,0.0,0.0,0.0
521,rebounding,1,549,453,2418,124.7,sam2,2.828,8476.136,128.426
522,rebounding,1,547,454,3160,162.97,sam2,2.236,6700.974,101.53
523,rebounding,1,549,454,3597,185.51,sam2,2.0,5993.533,90.811
524,rebounding,1,549,452,3135,161.68,sam2,2.0,5993.533,90.811
525,rebounding,1,550,449,3041,156.83,sam2,3.162,9476.608,143.585
526,rebounding,1,551,447,2893,149.2,sam2,2.236,6700.974,101.53
527,rebounding,1,551,446,3076,158.64,sam2,1.0,2996.766,45.406
528,rebounding,1,551,446,3259,168.08,sam2,0.0,0.0,0.0
529,rebounding,1,551,448,3400,175.35,sam2,2.0,5993.533,90.811
530,rebounding,1,551,451,3626,187.0,sam2,3.0,8990.299,136.217
531,rebounding,1,551,452,3255,167.87,sam2,1.0,2996.766,45.406
532,rebounding,1,551,453,2790,143.89,sam2,1.0,2996.766,45.406
533,rebounding,1,552,454,2661,137.24,sam2,1.414,4238.068,64.213
534,rebounding,1,552,452,2539,130.94,sam2,2.0,5993.533,90.811
535,rebounding,1,552,451,2537,130.84,sam2,1.0,2996.766,45.406
536,rebounding,1,552,451,2598,133.99,sam2,0.0,0.0,0.0
537,rebounding,1,552,452,2821,145.49,sam2,1.0,2996.766,45.406
538,rebounding,1,552,452,3222,166.17,sam2,0.0,0.0,0.0
539,rebounding,1,552,453,3339,172.2,sam2,1.0,2996.766,45.406
540,rebounding,1,552,453,3267,168.49,sam2,0.0,0.0,0.0
541,rebounding,1,552,453,2982,153.79,sam2,0.0,0.0,0.0
542,rebounding,1,551,452,2634,135.84,sam2,1.414,4238.068,64.213
543,rebounding,1,552,452,2592,133.68,sam2,1.0,2996.766,45.406
544,rebounding,1,552,453,2694,138.94,sam2,1.0,2996.766,45.406
545,rebounding,1,552,453,2750,141.83,sam2,0.0,0.0,0.0
546,rebounding,1,552,454,2894,149.25,sam2,1.0,2996.766,45.406
547,rebounding,1,551,452,2821,145.49,sam2,2.236,6700.974,101.53
548,rebounding,1,552,452,3024,155.96,sam2,1.0,2996.766,45.406
549,rebounding,1,552,450,2919,150.54,sam2,2.0,5993.533,90.811
550,rebounding,1,552,451,2925,150.85,sam2,1.0,2996.766,45.406
551,rebounding,1,551,452,2942,151.73,sam2,1.414,4238.068,64.213
552,rebounding,1,551,453,2893,149.2,sam2,1.0,2996.766,45.406
553,rebounding,1,551,454,3000,154.72,sam2,1.0,2996.766,45.406
554,rebounding,1,551,453,2968,153.07,sam2,1.0,2996.766,45.406
555,rebounding,1,551,453,2967,153.02,sam2,0.0,0.0,0.0
556,rebounding,1,551,452,2737,141.16,sam2,1.0,2996.766,45.406
557,rebounding,1,551,452,2752,141.93,sam2,0.0,0.0,0.0
558,rebounding,1,552,453,2824,145.64,sam2,1.414,4238.068,64.213
559,rebounding,1,552,453,2953,152.29,sam2,0.0,0.0,0.0
560,rebounding,1,552,454,3011,155.29,sam2,1.0,2996.766,45.406
561,rebounding,1,552,454,2951,152.19,sam2,0.0,0.0,0.0
562,rebounding,1,552,453,2890,149.05,sam2,1.0,2996.766,45.406
563,rebounding,1,553,453,2850,146.98,sam2,1.0,2996.766,45.406
564,rebounding,1,553,452,2838,146.36,sam2,1.0,2996.766,45.406
565,rebounding,1,553,453,2855,147.24,sam2,1.0,2996.766,45.406
566,rebounding,1,553,453,2900,149.56,sam2,0.0,0.0,0.0
567,rebounding,1,552,454,2996,154.51,sam2,1.414,4238.068,64.213
568,rebounding,1,552,454,2992,154.31,sam2,0.0,0.0,0.0
569,rebounding,1,552,453,2982,153.79,sam2,1.0,2996.766,45.406
570,rebounding,1,552,453,2926,150.9,sam2,0.0,0.0,0.0
571,rebounding,1,552,453,2869,147.96,sam2,0.0,0.0,0.0
572,rebounding,1,551,452,2787,143.73,sam2,1.414,4238.068,64.213
573,rebounding,1,552,453,2982,153.79,sam2,1.414,4238.068,64.213
574,rebounding,1,551,453,2921,150.64,sam2,1.0,2996.766,45.406
575,rebounding,1,552,453,3030,156.27,sam2,1.0,2996.766,45.406
576,rebounding,1,551,453,2885,148.79,sam2,1.0,2996.766,45.406
577,rebounding,1,552,453,2887,148.89,sam2,1.0,2996.766,45.406
578,rebounding,1,551,452,2791,143.94,sam2,1.414,4238.068,64.213
579,rebounding,1,552,453,2898,149.46,sam2,1.414,4238.068,64.213
580,rebounding,1,552,453,2935,151.37,sam2,0.0,0.0,0.0
581,rebounding,1,552,453,2918,150.49,sam2,0.0,0.0,0.0
582,rebounding,1,552,453,2907,149.92,sam2,0.0,0.0,0.0
583,rebounding,1,552,453,2901,149.61,sam2,0.0,0.0,0.0
584,rebounding,1,552,453,2869,147.96,sam2,0.0,0.0,0.0
585,rebounding,1,551,452,2752,141.93,sam2,1.414,4238.068,64.213
586,rebounding,1,552,453,2847,146.83,sam2,1.414,4238.068,64.213
587,rebounding,1,551,453,2789,143.84,sam2,1.0,2996.766,45.406
588,rebounding,1,552,453,2924,150.8,sam2,1.0,2996.766,45.406
589,rebounding,1,552,453,2928,151.01,sam2,0.0,0.0,0.0
590,rebounding,1,552,453,2906,149.87,sam2,0.0,0.0,0.0
591,rebounding,1,552,453,2868,147.91,sam2,0.0,0.0,0.0
592,rebounding,1,552,453,2868,147.91,sam2,0.0,0.0,0.0
593,rebounding,1,552,453,2864,147.71,sam2,0.0,0.0,0.0
594,rebounding,1,552,453,2959,152.6,sam2,0.0,0.0,0.0
595,rebounding,1,552,454,2978,153.58,sam2,1.0,2996.766,45.406
596,rebounding,1,552,453,2960,152.66,sam2,1.0,2996.766,45.406
597,rebounding,1,551,453,2849,146.93,sam2,1.0,2996.766,45.406
598,rebounding,1,551,452,2801,144.46,sam2,1.0,2996.766,45.406
599,rebounding,1,551,452,2803,144.56,sam2,0.0,0.0,0.0
600,rebounding,1,552,453,2913,150.23,sam2,1.414,4238.068,64.213
601,rebounding,1,552,453,2928,151.01,sam2,0.0,0.0,0.0
602,rebounding,1,551,453,2813,145.07,sam2,1.0,2996.766,45.406
603,rebounding,1,552,453,2873,148.17,sam2,1.0,2996.766,45.406
604,rebounding,1,552,453,2871,148.07,sam2,0.0,0.0,0.0
605,rebounding,1,551,453,2772,142.96,sam2,1.0,2996.766,45.406
606,rebounding,1,551,453,2770,142.86,sam2,0.0,0.0,0.0
607,rebounding,1,552,453,2861,147.55,sam2,1.0,2996.766,45.406
608,rebounding,1,552,453,2911,150.13,sam2,0.0,0.0,0.0
609,rebounding,1,551,453,2833,146.11,sam2,1.0,2996.766,45.406
610,rebounding,1,552,453,2915,150.34,sam2,1.0,2996.766,45.406
611,rebounding,1,552,453,2887,148.89,sam2,0.0,0.0,0.0
612,rebounding,1,552,453,2867,147.86,sam2,0.0,0.0,0.0
613,rebounding,1,552,453,2900,149.56,sam2,0.0,0.0,0.0
614,rebounding,1,551,453,2769,142.81,sam2,1.0,2996.766,45.406
615,rebounding,1,551,453,2773,143.01,sam2,0.0,0.0,0.0
616,rebounding,1,552,453,2911,150.13,sam2,1.0,2996.766,45.406
617,rebounding,1,552,453,2945,151.88,sam2,0.0,0.0,0.0
618,rebounding,1,552,453,2945,151.88,sam2,0.0,0.0,0.0
619,rebounding,1,551,452,2820,145.44,sam2,1.414,4238.068,64.213
620,rebounding,1,552,452,2899,149.51,sam2,1.0,2996.766,45.406
621,rebounding,1,551,453,2831,146.0,sam2,1.414,4238.068,64.213
622,rebounding,1,552,453,2852,147.09,sam2,1.0,2996.766,45.406
623,rebounding,1,552,452,2901,149.61,sam2,1.0,2996.766,45.406
624,rebounding,1,551,452,2814,145.13,sam2,1.0,2996.766,45.406
625,rebounding,1,551,453,2768,142.75,sam2,1.0,2996.766,45.406
626,rebounding,1,552,453,2866,147.81,sam2,1.0,2996.766,45.406
627,rebounding,1,552,453,2817,145.28,sam2,0.0,0.0,0.0
628,rebounding,1,551,453,2778,143.27,sam2,1.0,2996.766,45.406
629,rebounding,1,551,453,2794,144.09,sam2,0.0,0.0,0.0
630,rebounding,1,551,453,2820,145.44,sam2,0.0,0.0,0.0
631,rebounding,1,551,453,2800,144.4,sam2,0.0,0.0,0.0
632,rebounding,1,552,453,2905,149.82,sam2,1.0,2996.766,45.406
633,rebounding,1,552,453,2887,148.89,sam2,0.0,0.0,0.0
634,rebounding,1,552,453,2897,149.41,sam2,0.0,0.0,0.0
635,rebounding,1,552,453,2858,147.4,sam2,0.0,0.0,0.0
636,rebounding,1,552,453,2895,149.3,sam2,0.0,0.0,0.0
637,rebounding,1,551,453,2781,143.42,sam2,1.0,2996.766,45.406
638,rebounding,1,551,453,2835,146.21,sam2,0.0,0.0,0.0
639,rebounding,1,552,453,2908,149.97,sam2,1.0,2996.766,45.406
640,rebounding,1,552,453,2917,150.44,sam2,0.0,0.0,0.0
641,rebounding,1,551,452,2799,144.35,sam2,1.414,4238.068,64.213
642,rebounding,1,551,453,2806,144.71,sam2,1.0,2996.766,45.406
643,rebounding,1,552,453,2882,148.63,sam2,1.0,2996.766,45.406
644,rebounding,1,551,453,2850,146.98,sam2,1.0,2996.766,45.406
645,rebounding,1,552,453,2868,147.91,sam2,1.0,2996.766,45.406
646,rebounding,1,552,453,2886,148.84,sam2,0.0,0.0,0.0
647,rebounding,1,551,453,2857,147.34,sam2,1.0,2996.766,45.406
648,rebounding,1,551,453,2828,145.85,sam2,0.0,0.0,0.0
649,rebounding,1,551,453,2771,142.91,sam2,0.0,0.0,0.0
650,rebounding,1,552,453,2904,149.77,sam2,1.0,2996.766,45.406
651,rebounding,1,551,453,2795,144.15,sam2,1.0,2996.766,45.406
652,rebounding,1,551,453,2802,144.51,sam2,0.0,0.0,0.0
653,rebounding,1,551,453,2797,144.25,sam2,0.0,0.0,0.0
654,rebounding,1,551,453,2835,146.21,sam2,0.0,0.0,0.0
655,rebounding,1,551,453,2793,144.04,sam2,0.0,0.0,0.0
656,rebounding,1,551,453,2774,143.06,sam2,0.0,0.0,0.0
657,rebounding,1,552,453,2859,147.45,sam2,1.0,2996.766,45.406
658,rebounding,1,552,453,2883,148.68,sam2,0.0,0.0,0.0
659,rebounding,1,552,453,2863,147.65,sam2,0.0,0.0,0.0
660,rebounding,1,552,453,2887,148.89,sam2,0.0,0.0,0.0
661,rebounding,1,552,453,2907,149.92,sam2,0.0,0.0,0.0
662,rebounding,1,551,453,2815,145.18,sam2,1.0,2996.766,45.406
663,rebounding,1,551,453,2807,144.77,sam2,0.0,0.0,0.0
664,rebounding,1,552,453,2808,144.82,sam2,1.0,2996.766,45.406
665,rebounding,1,551,453,2869,147.96,sam2,1.0,2996.766,45.406
666,rebounding,1,552,453,2861,147.55,sam2,1.0,2996.766,45.406
667,rebounding,1,551,453,2828,145.85,sam2,1.0,2996.766,45.406
668,rebounding,1,551,453,2868,147.91,sam2,0.0,0.0,0.0
669,rebounding,1,552,453,2822,145.54,sam2,1.0,2996.766,45.406
670,rebounding,1,551,453,2839,146.42,sam2,1.0,2996.766,45.406
671,rebounding,1,551,453,2833,146.11,sam2,0.0,0.0,0.0
672,rebounding,1,552,453,2864,147.71,sam2,1.0,2996.766,45.406
673,rebounding,1,551,453,2766,142.65,sam2,1.0,2996.766,45.406
674,rebounding,1,551,453,2826,145.75,sam2,0.0,0.0,0.0
675,rebounding,1,552,453,2782,143.48,sam2,1.0,2996.766,45.406
676,rebounding,1,552,453,2812,145.02,sam2,0.0,0.0,0.0
677,rebounding,1,551,453,2809,144.87,sam2,1.0,2996.766,45.406
678,rebounding,1,551,453,2790,143.89,sam2,0.0,0.0,0.0
679,rebounding,1,551,453,2826,145.75,sam2,0.0,0.0,0.0
680,rebounding,1,551,453,2829,145.9,sam2,0.0,0.0,0.0
681,rebounding,1,551,453,2808,144.82,sam2,0.0,0.0,0.0
682,rebounding,1,551,453,2838,146.36,sam2,0.0,0.0,0.0
683,rebounding,1,551,453,2829,145.9,sam2,0.0,0.0,0.0
684,rebounding,1,551,453,2820,145.44,sam2,0.0,0.0,0.0
685,rebounding,1,552,453,2870,148.01,sam2,1.0,2996.766,45.406
686,rebounding,1,551,453,2829,145.9,sam2,1.0,2996.766,45.406
687,rebounding,1,551,453,2818,145.33,sam2,0.0,0.0,0.0
688,rebounding,1,551,453,2793,144.04,sam2,0.0,0.0,0.0
689,rebounding,1,551,453,2772,142.96,sam2,0.0,0.0,0.0
690,rebounding,1,551,453,2752,141.93,sam2,0.0,0.0,0.0
691,rebounding,1,551,453,2775,143.12,sam2,0.0,0.0,0.0
692,rebounding,1,551,453,2773,143.01,sam2,0.0,0.0,0.0
693,rebounding,1,551,453,2812,145.02,sam2,0.0,0.0,0.0
694,rebounding,1,551,453,2773,143.01,sam2,0.0,0.0,0.0
695,rebounding,1,551,453,2762,142.44,sam2,0.0,0.0,0.0
696,rebounding,1,551,452,2741,141.36,sam2,1.0,2996.766,45.406
697,rebounding,1,551,452,2744,141.52,sam2,0.0,0.0,0.0
698,rebounding,1,551,453,2822,145.54,sam2,1.0,2996.766,45.406
699,rebounding,1,551,453,2805,144.66,sam2,0.0,0.0,0.0
700,rebounding,1,551,453,2808,144.82,sam2,0.0,0.0,0.0
701,rebounding,1,551,453,2804,144.61,sam2,0.0,0.0,0.0
702,rebounding,1,551,453,2791,143.94,sam2,0.0,0.0,0.0
703,rebounding,1,551,453,2776,143.17,sam2,0.0,0.0,0.0
704,rebounding,1,551,453,2792,143.99,sam2,0.0,0.0,0.0
705,rebounding,1,551,453,2758,142.24,sam2,0.0,0.0,0.0
706,rebounding,1,552,453,2870,148.01,sam2,1.0,2996.766,45.406
707,rebounding,1,551,452,2763,142.5,sam2,1.414,4238.068,64.213
708,rebounding,1,551,453,2789,143.84,sam2,1.0,2996.766,45.406
709,rebounding,1,551,452,2752,141.93,sam2,1.0,2996.766,45.406
710,rebounding,1,552,453,2905,149.82,sam2,1.414,4238.068,64.213
711,rebounding,1,552,453,2894,149.25,sam2,0.0,0.0,0.0
712,rebounding,1,552,453,2897,149.41,sam2,0.0,0.0,0.0
713,rebounding,1,551,453,2789,143.84,sam2,1.0,2996.766,45.406
714,rebounding,1,551,453,2783,143.53,sam2,0.0,0.0,0.0
715,rebounding,1,552,453,2872,148.12,sam2,1.0,2996.766,45.406
716,rebounding,1,551,453,2835,146.21,sam2,1.0,2996.766,45.406
717,rebounding,1,551,453,2816,145.23,sam2,0.0,0.0,0.0
718,rebounding,1,551,453,2798,144.3,sam2,0.0,0.0,0.0
719,rebounding,1,551,453,2795,144.15,sam2,0.0,0.0,0.0
720,rebounding,1,551,453,2774,143.06,sam2,0.0,0.0,0.0
721,rebounding,1,551,453,2816,145.23,sam2,0.0,0.0,0.0
722,rebounding,1,551,453,2804,144.61,sam2,0.0,0.0,0.0
723,rebounding,1,551,453,2796,144.2,sam2,0.0,0.0,0.0
724,rebounding,1,551,453,2773,143.01,sam2,0.0,0.0,0.0
725,rebounding,1,551,453,2766,142.65,sam2,0.0,0.0,0.0
726,rebounding,1,551,453,2781,143.42,sam2,0.0,0.0,0.0
727,rebounding,1,551,453,2798,144.3,sam2,0.0,0.0,0.0
728,rebounding,1,551,453,2791,143.94,sam2,0.0,0.0,0.0
729,rebounding,1,551,453,2781,143.42,sam2,0.0,0.0,0.0
730,rebounding,1,551,452,2749,141.77,sam2,1.0,2996.766,45.406
731,rebounding,1,551,453,2756,142.14,sam2,1.0,2996.766,45.406
732,rebounding,1,551,453,2815,145.18,sam2,0.0,0.0,0.0
733,rebounding,1,552,453,2871,148.07,sam2,1.0,2996.766,45.406
734,rebounding,1,552,453,2883,148.68,sam2,0.0,0.0,0.0
735,rebounding,1,551,453,2804,144.61,sam2,1.0,2996.766,45.406
736,rebounding,1,552,453,2900,149.56,sam2,1.0,2996.766,45.406
737,rebounding,1,551,453,2779,143.32,sam2,1.0,2996.766,45.406
738,rebounding,1,551,453,2794,144.09,sam2,0.0,0.0,0.0
739,rebounding,1,551,453,2839,146.42,sam2,0.0,0.0,0.0
740,rebounding,1,551,453,2818,145.33,sam2,0.0,0.0,0.0
741,rebounding,1,551,453,2811,144.97,sam2,0.0,0.0,0.0
742,rebounding,1,551,453,2779,143.32,sam2,0.0,0.0,0.0
743,rebounding,1,552,453,2875,148.27,sam2,1.0,2996.766,45.406
744,rebounding,1,551,453,2784,143.58,sam2,1.0,2996.766,45.406
745,rebounding,1,551,453,2824,145.64,sam2,0.0,0.0,0.0
746,rebounding,1,551,453,2805,144.66,sam2,0.0,0.0,0.0
747,rebounding,1,551,453,2838,146.36,sam2,0.0,0.0,0.0
748,rebounding,1,552,453,2861,147.55,sam2,1.0,2996.766,45.406
749,rebounding,1,551,453,2869,147.96,sam2,1.0,2996.766,45.406
750,rebounding,1,552,453,2938,151.52,sam2,1.0,2996.766,45.406
751,rebounding,1,552,453,2909,150.03,sam2,0.0,0.0,0.0
752,rebounding,1,552,453,2897,149.41,sam2,0.0,0.0,0.0
753,rebounding,1,551,453,2828,145.85,sam2,1.0,2996.766,45.406
754,rebounding,1,551,453,2828,145.85,sam2,0.0,0.0,0.0
755,rebounding,1,552,453,2904,149.77,sam2,1.0,2996.766,45.406
756,rebounding,1,551,453,2804,144.61,sam2,1.0,2996.766,45.406
757,rebounding,1,551,453,2820,145.44,sam2,0.0,0.0,0.0
758,rebounding,1,551,453,2852,147.09,sam2,0.0,0.0,0.0
759,rebounding,1,551,453,2811,144.97,sam2,0.0,0.0,0.0
760,rebounding,1,551,453,2873,148.17,sam2,0.0,0.0,0.0
761,rebounding,1,552,453,2874,148.22,sam2,1.0,2996.766,45.406
762,rebounding,1,552,453,2895,149.3,sam2,0.0,0.0,0.0
763,rebounding,1,551,453,2817,145.28,sam2,1.0,2996.766,45.406
764,rebounding,1,552,453,2890,149.05,sam2,1.0,2996.766,45.406
765,rebounding,1,551,453,2814,145.13,sam2,1.0,2996.766,45.406
766,rebounding,1,552,453,2887,148.89,sam2,1.0,2996.766,45.406
767,rebounding,1,551,453,2810,144.92,sam2,1.0,2996.766,45.406
768,rebounding,1,551,453,2828,145.85,sam2,0.0,0.0,0.0
769,rebounding,1,551,453,2820,145.44,sam2,0.0,0.0,0.0
770,rebounding,1,551,453,2833,146.11,sam2,0.0,0.0,0.0
771,rebounding,1,551,453,2792,143.99,sam2,0.0,0.0,0.0
772,rebounding,1,551,453,2779,143.32,sam2,0.0,0.0,0.0
773,rebounding,1,551,453,2808,144.82,sam2,0.0,0.0,0.0
774,rebounding,1,552,453,2868,147.91,sam2,1.0,2996.766,45.406
775,rebounding,1,551,453,2845,146.73,sam2,1.0,2996.766,45.406
776,rebounding,1,551,453,2853,147.14,sam2,0.0,0.0,0.0
777,rebounding,1,552,453,2854,147.19,sam2,1.0,2996.766,45.406
778,rebounding,1,551,453,2762,142.44,sam2,1.0,2996.766,45.406
779,rebounding,1,551,453,2766,142.65,sam2,0.0,0.0,0.0
780,rebounding,1,551,453,2833,146.11,sam2,0.0,0.0,0.0
781,rebounding,1,551,453,2796,144.2,sam2,0.0,0.0,0.0
782,rebounding,1,551,453,2797,144.25,sam2,0.0,0.0,0.0
783,rebounding,1,552,453,2889,148.99,sam2,1.0,2996.766,45.406
784,rebounding,1,551,453,2785,143.63,sam2,1.0,2996.766,45.406
785,rebounding,1,551,453,2781,143.42,sam2,0.0,0.0,0.0
786,rebounding,1,552,453,2868,147.91,sam2,1.0,2996.766,45.406
787,rebounding,1,552,452,2836,146.26,sam2,1.0,2996.766,45.406
788,rebounding,1,551,453,2799,144.35,sam2,1.414,4238.068,64.213
789,rebounding,1,551,453,2839,146.42,sam2,0.0,0.0,0.0
790,rebounding,1,551,453,2776,143.17,sam2,0.0,0.0,0.0
791,rebounding,1,552,453,2846,146.78,sam2,1.0,2996.766,45.406
792,rebounding,1,551,453,2801,144.46,sam2,1.0,2996.766,45.406
793,rebounding,1,551,453,2821,145.49,sam2,0.0,0.0,0.0
794,rebounding,1,551,453,2802,144.51,sam2,0.0,0.0,0.0
795,rebounding,1,551,453,2801,144.46,sam2,0.0,0.0,0.0
796,rebounding,1,552,453,2869,147.96,sam2,1.0,2996.766,45.406
797,rebounding,1,552,453,2894,149.25,sam2,0.0,0.0,0.0
798,rebounding,1,552,453,2885,148.79,sam2,0.0,0.0,0.0
799,rebounding,1,551,453,2813,145.07,sam2,1.0,2996.766,45.406
800,rebounding,1,551,453,2781,143.42,sam2,0.0,0.0,0.0
801,rebounding,1,552,453,2882,148.63,sam2,1.0,2996.766,45.406
802,rebounding,1,551,453,2801,144.46,sam2,1.0,2996.766,45.406
803,rebounding,1,552,453,2871,148.07,sam2,1.0,2996.766,45.406
804,rebounding,1,551,453,2828,145.85,sam2,1.0,2996.766,45.406
805,rebounding,1,551,453,2802,144.51,sam2,0.0,0.0,0.0
806,rebounding,1,552,453,2900,149.56,sam2,1.0,2996.766,45.406
807,rebounding,1,551,453,2805,144.66,sam2,1.0,2996.766,45.406
808,rebounding,1,551,452,2768,142.75,sam2,1.0,2996.766,45.406
809,rebounding,1,551,453,2835,146.21,sam2,1.0,2996.766,45.406
810,rebounding,1,552,453,2893,149.2,sam2,1.0,2996.766,45.406
811,rebounding,1,551,453,2809,144.87,sam2,1.0,2996.766,45.406
812,rebounding,1,551,453,2829,145.9,sam2,0.0,0.0,0.0
813,rebounding,1,551,453,2781,143.42,sam2,0.0,0.0,0.0
814,rebounding,1,551,453,2795,144.15,sam2,0.0,0.0,0.0
815,rebounding,1,551,453,2808,144.82,sam2,0.0,0.0,0.0
816,rebounding,1,551,453,2828,145.85,sam2,0.0,0.0,0.0
817,rebounding,1,552,453,2898,149.46,sam2,1.0,2996.766,45.406
818,rebounding,1,551,453,2798,144.3,sam2,1.0,2996.766,45.406
819,rebounding,1,552,453,2900,149.56,sam2,1.0,2996.766,45.406
820,rebounding,1,551,453,2796,144.2,sam2,1.0,2996.766,45.406
821,rebounding,1,552,453,2831,146.0,sam2,1.0,2996.766,45.406
822,rebounding,1,552,453,2901,149.61,sam2,0.0,0.0,0.0
823,rebounding,1,552,453,2898,149.46,sam2,0.0,0.0,0.0
824,rebounding,1,551,453,2785,143.63,sam2,1.0,2996.766,45.406
825,rebounding,1,551,453,2833,146.11,sam2,0.0,0.0,0.0
826,rebounding,1,552,453,2899,149.51,sam2,1.0,2996.766,45.406
827,rebounding,1,552,453,2905,149.82,sam2,0.0,0.0,0.0
828,rebounding,1,551,453,2794,144.09,sam2,1.0,2996.766,45.406
829,rebounding,1,551,453,2805,144.66,sam2,0.0,0.0,0.0
830,rebounding,1,551,453,2823,145.59,sam2,0.0,0.0,0.0
831,rebounding,1,551,453,2821,145.49,sam2,0.0,0.0,0.0
832,rebounding,1,552,453,2877,148.38,sam2,1.0,2996.766,45.406
833,rebounding,1,551,453,2817,145.28,sam2,1.0,2996.766,45.406
834,rebounding,1,551,453,2770,142.86,sam2,0.0,0.0,0.0
835,rebounding,1,551,453,2777,143.22,sam2,0.0,0.0,0.0
836,rebounding,1,551,453,2770,142.86,sam2,0.0,0.0,0.0
837,rebounding,1,551,453,2779,143.32,sam2,0.0,0.0,0.0
838,rebounding,1,552,453,2869,147.96,sam2,1.0,2996.766,45.406
839,rebounding,1,551,453,2794,144.09,sam2,1.0,2996.766,45.406
840,rebounding,1,551,453,2778,143.27,sam2,0.0,0.0,0.0
841,rebounding,1,551,453,2794,144.09,sam2,0.0,0.0,0.0
842,rebounding,1,551,453,2794,144.09,sam2,0.0,0.0,0.0
843,rebounding,1,551,453,2802,144.51,sam2,0.0,0.0,0.0
844,rebounding,1,551,453,2805,144.66,sam2,0.0,0.0,0.0
845,rebounding,1,552,452,2785,143.63,sam2,1.414,4238.068,64.213
846,rebounding,1,552,453,2884,148.74,sam2,1.0,2996.766,45.406
847,rebounding,1,552,453,2863,147.65,sam2,0.0,0.0,0.0
848,rebounding,1,552,453,2874,148.22,sam2,0.0,0.0,0.0
849,rebounding,1,552,453,2877,148.38,sam2,0.0,0.0,0.0
850,rebounding,1,552,453,2897,149.41,sam2,0.0,0.0,0.0
851,rebounding,1,551,453,2788,143.79,sam2,1.0,2996.766,45.406
852,rebounding,1,551,453,2821,145.49,sam2,0.0,0.0,0.0
853,rebounding,1,551,453,2848,146.88,sam2,0.0,0.0,0.0
854,rebounding,1,552,453,2925,150.85,sam2,1.0,2996.766,45.406
855,rebounding,1,551,453,2806,144.71,sam2,1.0,2996.766,45.406
856,rebounding,1,551,453,2819,145.38,sam2,0.0,0.0,0.0
857,rebounding,1,552,453,2891,149.1,sam2,1.0,2996.766,45.406
858,rebounding,1,551,453,2802,144.51,sam2,1.0,2996.766,45.406
859,rebounding,1,552,453,2881,148.58,sam2,1.0,2996.766,45.406
860,rebounding,1,552,453,2876,148.32,sam2,0.0,0.0,0.0
861,rebounding,1,551,453,2807,144.77,sam2,1.0,2996.766,45.406
862,rebounding,1,552,453,2890,149.05,sam2,1.0,2996.766,45.406
863,rebounding,1,552,453,2916,150.39,sam2,0.0,0.0,0.0
864,rebounding,1,551,453,2786,143.68,sam2,1.0,2996.766,45.406
865,rebounding,1,551,453,2819,145.38,sam2,0.0,0.0,0.0
866,rebounding,1,551,453,2792,143.99,sam2,0.0,0.0,0.0
867,rebounding,1,551,453,2788,143.79,sam2,0.0,0.0,0.0
868,rebounding,1,552,454,2966,152.97,sam2,1.414,4238.068,64.213
869,rebounding,1,551,453,2816,145.23,sam2,1.414,4238.068,64.213
870,rebounding,1,551,453,2822,145.54,sam2,0.0,0.0,0.0
871,rebounding,1,552,453,2894,149.25,sam2,1.0,2996.766,45.406
872,rebounding,1,551,453,2771,142.91,sam2,1.0,2996.766,45.406
873,rebounding,1,551,453,2793,144.04,sam2,0.0,0.0,0.0
874,rebounding,1,552,453,2913,150.23,sam2,1.0,2996.766,45.406
875,rebounding,1,551,453,2786,143.68,sam2,1.0,2996.766,45.406
876,rebounding,1,551,453,2798,144.3,sam2,0.0,0.0,0.0
877,rebounding,1,552,453,2865,147.76,sam2,1.0,2996.766,45.406
878,rebounding,1,551,453,2787,143.73,sam2,1.0,2996.766,45.406
879,rebounding,1,551,453,2776,143.17,sam2,0.0,0.0,0.0
880,rebounding,1,552,453,2866,147.81,sam2,1.0,2996.766,45.406
881,rebounding,1,551,453,2769,142.81,sam2,1.0,2996.766,45.406
882,rebounding,1,551,453,2812,145.02,sam2,0.0,0.0,0.0
883,rebounding,1,551,453,2784,143.58,sam2,0.0,0.0,0.0
884,rebounding,1,551,453,2785,143.63,sam2,0.0,0.0,0.0
885,rebounding,1,552,453,2876,148.32,sam2,1.0,2996.766,45.406
886,rebounding,1,552,453,2856,147.29,sam2,0.0,0.0,0.0
887,rebounding,1,552,453,2868,147.91,sam2,0.0,0.0,0.0
888,rebounding,1,552,453,2892,149.15,sam2,0.0,0.0,0.0
889,rebounding,1,551,453,2796,144.2,sam2,1.0,2996.766,45.406
890,rebounding,1,552,453,2889,148.99,sam2,1.0,2996.766,45.406
891,rebounding,1,551,453,2839,146.42,sam2,1.0,2996.766,45.406
892,rebounding,1,551,453,2822,145.54,sam2,0.0,0.0,0.0
893,rebounding,1,551,453,2797,144.25,sam2,0.0,0.0,0.0
894,rebounding,1,552,453,2899,149.51,sam2,1.0,2996.766,45.406
895,rebounding,1,551,453,2815,145.18,sam2,1.0,2996.766,45.406
896,rebounding,1,551,453,2819,145.38,sam2,0.0,0.0,0.0
897,rebounding,1,552,453,2892,149.15,sam2,1.0,2996.766,45.406
898,rebounding,1,551,452,2759,142.29,sam2,1.414,4238.068,64.213
899,rebounding,1,552,453,2889,148.99,sam2,1.414,4238.068,64.213
900,rebounding,1,551,453,2804,144.61,sam2,1.0,2996.766,45.406
901,rebounding,1,552,453,2897,149.41,sam2,1.0,2996.766,45.406
902,rebounding,1,552,453,2909,150.03,sam2,0.0,0.0,0.0
903,rebounding,1,552,453,2877,148.38,sam2,0.0,0.0,0.0
904,rebounding,1,551,453,2833,146.11,sam2,1.0,2996.766,45.406
905,rebounding,1,551,453,2805,144.66,sam2,0.0,0.0,0.0
906,rebounding,1,551,453,2783,143.53,sam2,0.0,0.0,0.0
907,rebounding,1,551,453,2842,146.57,sam2,0.0,0.0,0.0
908,rebounding,1,551,452,2778,143.27,sam2,1.0,2996.766,45.406
909,rebounding,1,551,452,2775,143.12,sam2,0.0,0.0,0.0
910,rebounding,1,551,453,2818,145.33,sam2,1.0,2996.766,45.406
911,rebounding,1,552,453,2890,149.05,sam2,1.0,2996.766,45.406
912,rebounding,1,552,453,2892,149.15,sam2,0.0,0.0,0.0
913,rebounding,1,552,453,2925,150.85,sam2,0.0,0.0,0.0
914,rebounding,1,551,453,2837,146.31,sam2,1.0,2996.766,45.406
915,rebounding,1,552,453,2885,148.79,sam2,1.0,2996.766,45.406
916,rebounding,1,551,453,2789,143.84,sam2,1.0,2996.766,45.406
917,rebounding,1,552,453,2896,149.36,sam2,1.0,2996.766,45.406
918,rebounding,1,551,453,2805,144.66,sam2,1.0,2996.766,45.406
919,rebounding,1,552,453,2918,150.49,sam2,1.0,2996.766,45.406
920,rebounding,1,552,453,2888,148.94,sam2,0.0,0.0,0.0
921,rebounding,1,552,453,2906,149.87,sam2,0.0,0.0,0.0
922,rebounding,1,552,453,2889,148.99,sam2,0.0,0.0,0.0
923,rebounding,1,551,453,2801,144.46,sam2,1.0,2996.766,45.406
924,rebounding,1,552,453,2907,149.92,sam2,1.0,2996.766,45.406
925,rebounding,1,551,453,2819,145.38,sam2,1.0,2996.766,45.406
926,rebounding,1,552,453,2929,151.06,sam2,1.0,2996.766,45.406
927,rebounding,1,551,453,2829,145.9,sam2,1.0,2996.766,45.406
928,rebounding,1,551,453,2833,146.11,sam2,0.0,0.0,0.0
929,rebounding,1,551,453,2825,145.69,sam2,0.0,0.0,0.0
930,rebounding,1,552,453,2885,148.79,sam2,1.0,2996.766,45.406
931,rebounding,1,551,453,2788,143.79,sam2,1.0,2996.766,45.406
932,rebounding,1,551,453,2818,145.33,sam2,0.0,0.0,0.0
933,rebounding,1,551,453,2796,144.2,sam2,0.0,0.0,0.0
934,rebounding,1,552,453,2890,149.05,sam2,1.0,2996.766,45.406
935,rebounding,1,552,453,2915,150.34,sam2,0.0,0.0,0.0
936,rebounding,1,552,453,2887,148.89,sam2,0.0,0.0,0.0
937,rebounding,1,551,453,2790,143.89,sam2,1.0,2996.766,45.406
938,rebounding,1,552,453,2889,148.99,sam2,1.0,2996.766,45.406
939,rebounding,1,551,453,2819,145.38,sam2,1.0,2996.766,45.406
940,rebounding,1,552,453,2885,148.79,sam2,1.0,2996.766,45.406
941,rebounding,1,551,453,2821,145.49,sam2,1.0,2996.766,45.406
942,rebounding,1,552,453,2939,151.57,sam2,1.0,2996.766,45.406
943,rebounding,1,551,453,2818,145.33,sam2,1.0,2996.766,45.406
944,rebounding,1,552,453,2901,149.61,sam2,1.0,2996.766,45.406
945,rebounding,1,551,453,2817,145.28,sam2,1.0,2996.766,45.406
946,rebounding,1,552,453,2906,149.87,sam2,1.0,2996.766,45.406
947,rebounding,1,551,453,2799,144.35,sam2,1.0,2996.766,45.406
948,rebounding,1,551,453,2812,145.02,sam2,0.0,0.0,0.0
949,rebounding,1,552,453,2901,149.61,sam2,1.0,2996.766,45.406
950,rebounding,1,551,453,2810,144.92,sam2,1.0,2996.766,45.406
951,rebounding,1,551,453,2813,145.07,sam2,0.0,0.0,0.0
952,rebounding,1,552,453,2928,151.01,sam2,1.0,2996.766,45.406
953,rebounding,1,551,453,2783,143.53,sam2,1.0,2996.766,45.406
954,rebounding,1,551,453,2782,143.48,sam2,0.0,0.0,0.0
955,rebounding,1,552,453,2883,148.68,sam2,1.0,2996.766,45.406
956,rebounding,1,552,453,2887,148.89,sam2,0.0,0.0,0.0
957,rebounding,1,551,453,2778,143.27,sam2,1.0,2996.766,45.406
958,rebounding,1,551,453,2781,143.42,sam2,0.0,0.0,0.0
959,rebounding,1,551,453,2790,143.89,sam2,0.0,0.0,0.0
960,rebounding,1,552,453,2886,148.84,sam2,1.0,2996.766,45.406
961,rebounding,1,551,453,2792,143.99,sam2,1.0,2996.766,45.406
962,rebounding,1,551,453,2817,145.28,sam2,0.0,0.0,0.0
963,rebounding,1,552,453,2853,147.14,sam2,1.0,2996.766,45.406
964,rebounding,1,551,453,2837,146.31,sam2,1.0,2996.766,45.406
965,rebounding,1,552,453,2927,150.95,sam2,1.0,2996.766,45.406
966,rebounding,1,552,453,2892,149.15,sam2,0.0,0.0,0.0
967,rebounding,1,551,453,2772,142.96,sam2,1.0,2996.766,45.406
968,rebounding,1,552,453,2910,150.08,sam2,1.0,2996.766,45.406
969,rebounding,1,552,453,2902,149.66,sam2,0.0,0.0,0.0
970,rebounding,1,551,453,2799,144.35,sam2,1.0,2996.766,45.406
971,rebounding,1,552,453,2934,151.32,sam2,1.0,2996.766,45.406
972,rebounding,1,551,453,2854,147.19,sam2,1.0,2996.766,45.406
973,rebounding,1,551,453,2838,146.36,sam2,0.0,0.0,0.0
974,rebounding,1,551,453,2847,146.83,sam2,0.0,0.0,0.0
975,rebounding,1,551,453,2827,145.8,sam2,0.0,0.0,0.0
976,rebounding,1,551,453,2755,142.08,sam2,0.0,0.0,0.0
977,rebounding,1,552,453,2887,148.89,sam2,1.0,2996.766,45.406
978,rebounding,1,552,453,2893,149.2,sam2,0.0,0.0,0.0
979,rebounding,1,551,453,2808,144.82,sam2,1.0,2996.766,45.406
980,rebounding,1,552,453,2896,149.36,sam2,1.0,2996.766,45.406
981,rebounding,1,551,453,2790,143.89,sam2,1.0,2996.766,45.406
982,rebounding,1,551,453,2784,143.58,sam2,0.0,0.0,0.0
983,rebounding,1,551,453,2788,143.79,sam2,0.0,0.0,0.0
984,rebounding,1,552,453,2896,149.36,sam2,1.0,2996.766,45.406
985,rebounding,1,552,453,2891,149.1,sam2,0.0,0.0,0.0
986,rebounding,1,552,453,2933,151.26,sam2,0.0,0.0,0.0
987,rebounding,1,551,453,2813,145.07,sam2,1.0,2996.766,45.406
988,rebounding,1,551,453,2839,146.42,sam2,0.0,0.0,0.0
989,rebounding,1,552,453,2907,149.92,sam2,1.0,2996.766,45.406
990,rebounding,1,552,453,2910,150.08,sam2,0.0,0.0,0.0
991,rebounding,1,551,453,2834,146.16,sam2,1.0,2996.766,45.406
992,rebounding,1,551,453,2846,146.78,sam2,0.0,0.0,0.0
993,rebounding,1,552,453,2897,149.41,sam2,1.0,2996.766,45.406
994,rebounding,1,552,453,2894,149.25,sam2,0.0,0.0,0.0
995,rebounding,1,551,453,2824,145.64,sam2,1.0,2996.766,45.406
996,rebounding,1,551,453,2851,147.03,sam2,0.0,0.0,0.0
997,rebounding,1,551,453,2809,144.87,sam2,0.0,0.0,0.0
998,rebounding,1,551,453,2790,143.89,sam2,0.0,0.0,0.0
999,rebounding,1,551,453,2809,144.87,sam2,0.0,0.0,0.0
1000,rebounding,1,552,453,2892,149.15,sam2,1.0,2996.766,45.406
1001,rebounding,1,552,453,2907,149.92,sam2,0.0,0.0,0.0
1002,rebounding,1,552,453,2912,150.18,sam2,0.0,0.0,0.0
1003,rebounding,1,551,453,2789,143.84,sam2,1.0,2996.766,45.406
1004,rebounding,1,552,453,2903,149.72,sam2,1.0,2996.766,45.406
1005,rebounding,1,551,453,2801,144.46,sam2,1.0,2996.766,45.406
1006,rebounding,1,551,453,2841,146.52,sam2,0.0,0.0,0.0
1007,rebounding,1,551,453,2838,146.36,sam2,0.0,0.0,0.0
1008,rebounding,1,551,453,2787,143.73,sam2,0.0,0.0,0.0
1009,rebounding,1,552,453,2863,147.65,sam2,1.0,2996.766,45.406
1010,rebounding,1,552,453,2866,147.81,sam2,0.0,0.0,0.0
1011,rebounding,1,552,453,2852,147.09,sam2,0.0,0.0,0.0
1012,rebounding,1,552,453,2912,150.18,sam2,0.0,0.0,0.0
1013,rebounding,1,552,453,2882,148.63,sam2,0.0,0.0,0.0
1014,rebounding,1,552,453,2898,149.46,sam2,0.0,0.0,0.0
1015,rebounding,1,551,453,2879,148.48,sam2,1.0,2996.766,45.406
1016,rebounding,1,551,453,2849,146.93,sam2,0.0,0.0,0.0
1017,rebounding,1,552,453,2907,149.92,sam2,1.0,2996.766,45.406
1018,rebounding,1,552,453,2899,149.51,sam2,0.0,0.0,0.0
1019,rebounding,1,552,453,2910,150.08,sam2,0.0,0.0,0.0
1020,rebounding,1,551,452,2767,142.7,sam2,1.414,4238.068,64.213
1021,rebounding,1,551,453,2813,145.07,sam2,1.0,2996.766,45.406
1022,rebounding,1,552,453,2870,148.01,sam2,1.0,2996.766,45.406
1023,rebounding,1,552,453,2899,149.51,sam2,0.0,0.0,0.0
1024,rebounding,1,552,453,2885,148.79,sam2,0.0,0.0,0.0
1025,rebounding,1,551,453,2813,145.07,sam2,1.0,2996.766,45.406
1026,rebounding,1,552,453,2875,148.27,sam2,1.0,2996.766,45.406
1027,rebounding,1,551,453,2857,147.34,sam2,1.0,2996.766,45.406
1028,rebounding,1,552,453,2938,151.52,sam2,1.0,2996.766,45.406
1029,rebounding,1,552,453,2942,151.73,sam2,0.0,0.0,0.0
1030,rebounding,1,552,453,2930,151.11,sam2,0.0,0.0,0.0
1031,rebounding,1,551,453,2841,146.52,sam2,1.0,2996.766,45.406
1032,rebounding,1,551,453,2837,146.31,sam2,0.0,0.0,0.0
1033,rebounding,1,551,453,2776,143.17,sam2,0.0,0.0,0.0
1034,rebounding,1,552,453,2878,148.43,sam2,1.0,2996.766,45.406
1035,rebounding,1,552,453,2915,150.34,sam2,0.0,0.0,0.0
1036,rebounding,1,551,453,2830,145.95,sam2,1.0,2996.766,45.406
1037,rebounding,1,551,453,2822,145.54,sam2,0.0,0.0,0.0
1038,rebounding,1,551,453,2797,144.25,sam2,0.0,0.0,0.0
1039,rebounding,1,551,452,2773,143.01,sam2,1.0,2996.766,45.406
1040,rebounding,1,552,453,2890,149.05,sam2,1.414,4238.068,64.213
1041,rebounding,1,551,453,2795,144.15,sam2,1.0,2996.766,45.406
1042,rebounding,1,551,453,2780,143.37,sam2,0.0,0.0,0.0
1043,rebounding,1,552,453,2883,148.68,sam2,1.0,2996.766,45.406
1044,rebounding,1,551,453,2824,145.64,sam2,1.0,2996.766,45.406
1045,rebounding,1,551,453,2780,143.37,sam2,0.0,0.0,0.0
1046,rebounding,1,552,453,2861,147.55,sam2,1.0,2996.766,45.406
1047,rebounding,1,552,453,2895,149.3,sam2,0.0,0.0,0.0
1048,rebounding,1,551,453,2796,144.2,sam2,1.0,2996.766,45.406
1049,rebounding,1,551,453,2793,144.04,sam2,0.0,0.0,0.0
1050,rebounding,1,551,453,2781,143.42,sam2,0.0,0.0,0.0
1051,rebounding,1,552,453,2895,149.3,sam2,1.0,2996.766,45.406
1052,rebounding,1,551,453,2802,144.51,sam2,1.0,2996.766,45.406
1053,rebounding,1,552,453,2914,150.28,sam2,1.0,2996.766,45.406
1054,rebounding,1,551,453,2816,145.23,sam2,1.0,2996.766,45.406
1055,rebounding,1,551,453,2814,145.13,sam2,0.0,0.0,0.0
1056,rebounding,1,552,453,2869,147.96,sam2,1.0,2996.766,45.406
1057,rebounding,1,551,453,2809,144.87,sam2,1.0,2996.766,45.406
1058,rebounding,1,552,453,2842,146.57,sam2,1.0,2996.766,45.406
1059,rebounding,1,551,452,2754,142.03,sam2,1.414,4238.068,64.213
1060,rebounding,1,552,453,2891,149.1,sam2,1.414,4238.068,64.213
1061,rebounding,1,552,453,2892,149.15,sam2,0.0,0.0,0.0
1062,rebounding,1,552,453,2900,149.56,sam2,0.0,0.0,0.0
1063,rebounding,1,551,453,2780,143.37,sam2,1.0,2996.766,45.406
1064,rebounding,1,551,453,2829,145.9,sam2,0.0,0.0,0.0
1065,rebounding,1,551,453,2818,145.33,sam2,0.0,0.0,0.0
1066,rebounding,1,552,453,2890,149.05,sam2,1.0,2996.766,45.406
1067,rebounding,1,551,453,2794,144.09,sam2,1.0,2996.766,45.406
1068,rebounding,1,551,453,2792,143.99,sam2,0.0,0.0,0.0
1069,rebounding,1,552,453,2845,146.73,sam2,1.0,2996.766,45.406
1070,rebounding,1,552,453,2870,148.01,sam2,0.0,0.0,0.0
1071,rebounding,1,551,453,2845,146.73,sam2,1.0,2996.766,45.406
1072,rebounding,1,552,453,2910,150.08,sam2,1.0,2996.766,45.406
1073,rebounding,1,551,453,2784,143.58,sam2,1.0,2996.766,45.406
1074,rebounding,1,552,453,2895,149.3,sam2,1.0,2996.766,45.406
1075,rebounding,1,551,453,2827,145.8,sam2,1.0,2996.766,45.406
1076,rebounding,1,551,453,2781,143.42,sam2,0.0,0.0,0.0
1077,rebounding,1,552,453,2863,147.65,sam2,1.0,2996.766,45.406
1078,rebounding,1,551,453,2803,144.56,sam2,1.0,2996.766,45.406
1079,rebounding,1,551,453,2796,144.2,sam2,0.0,0.0,0.0
1080,rebounding,1,552,453,2892,149.15,sam2,1.0,2996.766,45.406
1081,rebounding,1,552,453,2911,150.13,sam2,0.0,0.0,0.0
1082,rebounding,1,551,453,2803,144.56,sam2,1.0,2996.766,45.406
1083,rebounding,1,551,453,2822,145.54,sam2,0.0,0.0,0.0
1084,rebounding,1,552,453,2854,147.19,sam2,1.0,2996.766,45.406
1085,rebounding,1,551,453,2792,143.99,sam2,1.0,2996.766,45.406
1086,rebounding,1,551,453,2790,143.89,sam2,0.0,0.0,0.0
1087,rebounding,1,551,453,2793,144.04,sam2,0.0,0.0,0.0
1088,rebounding,1,551,453,2795,144.15,sam2,0.0,0.0,0.0
1089,rebounding,1,552,453,2880,148.53,sam2,1.0,2996.766,45.406
1090,rebounding,1,552,453,2894,149.25,sam2,0.0,0.0,0.0
1091,rebounding,1,551,453,2824,145.64,sam2,1.0,2996.766,45.406
1092,rebounding,1,552,453,2887,148.89,sam2,1.0,2996.766,45.406
1093,rebounding,1,551,453,2790,143.89,sam2,1.0,2996.766,45.406
1094,rebounding,1,551,453,2780,143.37,sam2,0.0,0.0,0.0
1095,rebounding,1,551,453,2794,144.09,sam2,0.0,0.0,0.0
1096,rebounding,1,551,453,2796,144.2,sam2,0.0,0.0,0.0
1097,rebounding,1,551,453,2796,144.2,sam2,0.0,0.0,0.0
1098,rebounding,1,552,453,2888,148.94,sam2,1.0,2996.766,45.406
1099,rebounding,1,551,453,2788,143.79,sam2,1.0,2996.766,45.406
1100,rebounding,1,552,453,2873,148.17,sam2,1.0,2996.766,45.406
1101,rebounding,1,551,453,2814,145.13,sam2,1.0,2996.766,45.406
1102,rebounding,1,552,453,2845,146.73,sam2,1.0,2996.766,45.406
1103,rebounding,1,552,453,2873,148.17,sam2,0.0,0.0,0.0
1104,rebounding,1,552,453,2877,148.38,sam2,0.0,0.0,0.0
1105,rebounding,1,551,453,2839,146.42,sam2,1.0,2996.766,45.406
1106,rebounding,1,551,453,2838,146.36,sam2,0.0,0.0,0.0
1107,rebounding,1,552,453,2880,148.53,sam2,1.0,2996.766,45.406
1108,rebounding,1,552,453,2882,148.63,sam2,0.0,0.0,0.0
1109,rebounding,1,552,453,2939,151.57,sam2,0.0,0.0,0.0
1110,rebounding,1,551,453,2839,146.42,sam2,1.0,2996.766,45.406
1111,rebounding,1,551,453,2787,143.73,sam2,0.0,0.0,0.0
1112,rebounding,1,551,453,2829,145.9,sam2,0.0,0.0,0.0
1113,rebounding,1,551,453,2831,146.0,sam2,0.0,0.0,0.0
1114,rebounding,1,551,453,2782,143.48,sam2,0.0,0.0,0.0
1115,rebounding,1,551,452,2759,142.29,sam2,1.0,2996.766,45.406
1116,rebounding,1,552,453,2882,148.63,sam2,1.414,4238.068,64.213
1117,rebounding,1,552,453,2860,147.5,sam2,0.0,0.0,0.0
1118,rebounding,1,551,453,2799,144.35,sam2,1.0,2996.766,45.406
1119,rebounding,1,551,453,2768,142.75,sam2,0.0,0.0,0.0
1120,rebounding,1,551,453,2789,143.84,sam2,0.0,0.0,0.0
1121,rebounding,1,552,453,2922,150.7,sam2,1.0,2996.766,45.406
1122,rebounding,1,551,453,2784,143.58,sam2,1.0,2996.766,45.406
1123,rebounding,1,551,453,2803,144.56,sam2,0.0,0.0,0.0
1124,rebounding,1,552,453,2868,147.91,sam2,1.0,2996.766,45.406
1125,rebounding,1,551,453,2785,143.63,sam2,1.0,2996.766,45.406
1126,rebounding,1,552,453,2858,147.4,sam2,1.0,2996.766,45.406
1127,rebounding,1,552,453,2902,149.66,sam2,0.0,0.0,0.0
1128,rebounding,1,551,453,2792,143.99,sam2,1.0,2996.766,45.406
1129,rebounding,1,551,453,2785,143.63,sam2,0.0,0.0,0.0
1130,rebounding,1,551,453,2775,143.12,sam2,0.0,0.0,0.0
1131,rebounding,1,551,453,2773,143.01,sam2,0.0,0.0,0.0
1132,rebounding,1,551,453,2820,145.44,sam2,0.0,0.0,0.0
1133,rebounding,1,552,453,2907,149.92,sam2,1.0,2996.766,45.406
1134,rebounding,1,552,453,2887,148.89,sam2,0.0,0.0,0.0
1135,rebounding,1,552,453,2853,147.14,sam2,0.0,0.0,0.0
1136,rebounding,1,551,453,2812,145.02,sam2,1.0,2996.766,45.406
1137,rebounding,1,551,452,2752,141.93,sam2,1.0,2996.766,45.406
1138,rebounding,1,551,452,2755,142.08,sam2,0.0,0.0,0.0
1139,rebounding,1,552,453,2896,149.36,sam2,1.414,4238.068,64.213
1140,rebounding,1,551,453,2786,143.68,sam2,1.0,2996.766,45.406
1141,rebounding,1,551,452,2766,142.65,sam2,1.0,2996.766,45.406
1142,rebounding,1,551,453,2793,144.04,sam2,1.0,2996.766,45.406
1143,rebounding,1,552,453,2843,146.62,sam2,1.0,2996.766,45.406
1144,rebounding,1,552,453,2886,148.84,sam2,0.0,0.0,0.0
1145,rebounding,1,552,453,2898,149.46,sam2,0.0,0.0,0.0
1146,rebounding,1,551,453,2779,143.32,sam2,1.0,2996.766,45.406
1147,rebounding,1,551,452,2767,142.7,sam2,1.0,2996.766,45.406
1148,rebounding,1,551,452,2741,141.36,sam2,0.0,0.0,0.0
1149,rebounding,1,551,453,2812,145.02,sam2,1.0,2996.766,45.406
1150,rebounding,1,552,453,2882,148.63,sam2,1.0,2996.766,45.406
1151,rebounding,1,551,453,2816,145.23,sam2,1.0,2996.766,45.406
1152,rebounding,1,552,453,2880,148.53,sam2,1.0,2996.766,45.406
1153,rebounding,1,551,453,2801,144.46,sam2,1.0,2996.766,45.406
1154,rebounding,1,551,453,2779,143.32,sam2,0.0,0.0,0.0
1155,rebounding,1,552,453,2853,147.14,sam2,1.0,2996.766,45.406
1156,rebounding,1,551,453,2795,144.15,sam2,1.0,2996.766,45.406
1157,rebounding,1,551,452,2739,141.26,sam2,1.0,2996.766,45.406
1158,rebounding,1,552,453,2867,147.86,sam2,1.414,4238.068,64.213
1159,rebounding,1,552,453,2854,147.19,sam2,0.0,0.0,0.0
1160,rebounding,1,552,453,2892,149.15,sam2,0.0,0.0,0.0
1161,rebounding,1,551,453,2800,144.4,sam2,1.0,2996.766,45.406
1162,rebounding,1,551,453,2799,144.35,sam2,0.0,0.0,0.0
1163,rebounding,1,552,453,2894,149.25,sam2,1.0,2996.766,45.406
1164,rebounding,1,552,453,2904,149.77,sam2,0.0,0.0,0.0
1165,rebounding,1,552,453,2898,149.46,sam2,0.0,0.0,0.0
1166,rebounding,1,551,453,2797,144.25,sam2,1.0,2996.766,45.406
1167,rebounding,1,552,453,2889,148.99,sam2,1.0,2996.766,45.406
1168,rebounding,1,552,453,2898,149.46,sam2,0.0,0.0,0.0
1169,rebounding,1,551,453,2846,146.78,sam2,1.0,2996.766,45.406
1170,rebounding,1,552,453,2882,148.63,sam2,1.0,2996.766,45.406
1171,rebounding,1,551,453,2851,147.03,sam2,1.0,2996.766,45.406
1172,rebounding,1,551,453,2805,144.66,sam2,0.0,0.0,0.0
1173,rebounding,1,552,453,2889,148.99,sam2,1.0,2996.766,45.406
1174,rebounding,1,551,453,2795,144.15,sam2,1.0,2996.766,45.406
1175,rebounding,1,551,453,2809,144.87,sam2,0.0,0.0,0.0
1176,rebounding,1,552,453,2878,148.43,sam2,1.0,2996.766,45.406
1177,rebounding,1,552,453,2882,148.63,sam2,0.0,0.0,0.0
1178,rebounding,1,551,453,2817,145.28,sam2,1.0,2996.766,45.406
1179,rebounding,1,552,453,2917,150.44,sam2,1.0,2996.766,45.406
1180,rebounding,1,551,453,2787,143.73,sam2,1.0,2996.766,45.406
1181,rebounding,1,552,453,2880,148.53,sam2,1.0,2996.766,45.406
1182,rebounding,1,552,453,2893,149.2,sam2,0.0,0.0,0.0
1183,rebounding,1,552,453,2937,151.47,sam2,0.0,0.0,0.0
1184,rebounding,1,551,453,2799,144.35,sam2,1.0,2996.766,45.406
1185,rebounding,1,552,453,2886,148.84,sam2,1.0,2996.766,45.406
1186,rebounding,1,551,453,2833,146.11,sam2,1.0,2996.766,45.406
1187,rebounding,1,552,453,2918,150.49,sam2,1.0,2996.766,45.406
1188,rebounding,1,551,453,2823,145.59,sam2,1.0,2996.766,45.406
1189,rebounding,1,551,453,2840,146.47,sam2,0.0,0.0,0.0
1190,rebounding,1,552,453,2901,149.61,sam2,1.0,2996.766,45.406
1191,rebounding,1,551,453,2830,145.95,sam2,1.0,2996.766,45.406
1192,rebounding,1,551,452,2763,142.5,sam2,1.0,2996.766,45.406
1193,rebounding,1,552,453,2892,149.15,sam2,1.414,4238.068,64.213
1194,rebounding,1,551,453,2809,144.87,sam2,1.0,2996.766,45.406
1195,rebounding,1,551,453,2806,144.71,sam2,0.0,0.0,0.0
1196,rebounding,1,552,453,2943,151.78,sam2,1.0,2996.766,45.406
1197,rebounding,1,552,453,2906,149.87,sam2,0.0,0.0,0.0
1198,rebounding,1,551,453,2797,144.25,sam2,1.0,2996.766,45.406
1199,rebounding,1,551,453,2814,145.13,sam2,0.0,0.0,0.0
1200,rebounding,1,551,453,2780,143.37,sam2,0.0,0.0,0.0
1201,rebounding,1,551,453,2780,143.37,sam2,0.0,0.0,0.0
1202,rebounding,1,551,453,2819,145.38,sam2,0.0,0.0,0.0
1203,rebounding,1,552,453,2908,149.97,sam2,1.0,2996.766,45.406
1204,rebounding,1,552,453,2846,146.78,sam2,0.0,0.0,0.0
1205,rebounding,1,551,453,2774,143.06,sam2,1.0,2996.766,45.406
1206,rebounding,1,551,453,2767,142.7,sam2,0.0,0.0,0.0
1207,rebounding,1,552,453,2867,147.86,sam2,1.0,2996.766,45.406
1208,rebounding,1,552,453,2878,148.43,sam2,0.0,0.0,0.0
1209,rebounding,1,552,453,2928,151.01,sam2,0.0,0.0,0.0
1210,rebounding,1,551,453,2834,146.16,sam2,1.0,2996.766,45.406
1211,rebounding,1,551,453,2804,144.61,sam2,0.0,0.0,0.0
1212,rebounding,1,551,453,2786,143.68,sam2,0.0,0.0,0.0
1213,rebounding,1,551,453,2803,144.56,sam2,0.0,0.0,0.0
1214,rebounding,1,552,453,2889,148.99,sam2,1.0,2996.766,45.406
1215,rebounding,1,551,452,2775,143.12,sam2,1.414,4238.068,64.213
1216,rebounding,1,552,453,2877,148.38,sam2,1.414,4238.068,64.213
1217,rebounding,1,551,453,2760,142.34,sam2,1.0,2996.766,45.406
1218,rebounding,1,551,453,2787,143.73,sam2,0.0,0.0,0.0
1219,rebounding,1,551,453,2804,144.61,sam2,0.0,0.0,0.0
1220,rebounding,1,551,453,2799,144.35,sam2,0.0,0.0,0.0
1221,rebounding,1,551,452,2741,141.36,sam2,1.0,2996.766,45.406
1222,rebounding,1,551,453,2789,143.84,sam2,1.0,2996.766,45.406
1223,rebounding,1,552,453,2881,148.58,sam2,1.0,2996.766,45.406
1224,rebounding,1,552,453,2929,151.06,sam2,0.0,0.0,0.0
1225,rebounding,1,552,453,2866,147.81,sam2,0.0,0.0,0.0
1226,rebounding,1,552,453,2890,149.05,sam2,0.0,0.0,0.0
1227,rebounding,1,551,453,2778,143.27,sam2,1.0,2996.766,45.406
1228,rebounding,1,552,453,2880,148.53,sam2,1.0,2996.766,45.406
1229,rebounding,1,551,452,2770,142.86,sam2,1.414,4238.068,64.213
1230,rebounding,1,552,453,2883,148.68,sam2,1.414,4238.068,64.213
1231,rebounding,1,552,453,2909,150.03,sam2,0.0,0.0,0.0
1232,rebounding,1,551,453,2814,145.13,sam2,1.0,2996.766,45.406
1233,rebounding,1,552,453,2890,149.05,sam2,1.0,2996.766,45.406
1234,rebounding,1,552,453,2909,150.03,sam2,0.0,0.0,0.0
1235,rebounding,1,551,453,2793,144.04,sam2,1.0,2996.766,45.406
1236,rebounding,1,552,453,2931,151.16,sam2,1.0,2996.766,45.406
1237,rebounding,1,552,453,2895,149.3,sam2,0.0,0.0,0.0
1238,rebounding,1,552,453,2885,148.79,sam2,0.0,0.0,0.0
1239,rebounding,1,551,453,2815,145.18,sam2,1.0,2996.766,45.406
1240,rebounding,1,552,453,2893,149.2,sam2,1.0,2996.766,45.406
1241,rebounding,1,551,453,2790,143.89,sam2,1.0,2996.766,45.406
1242,rebounding,1,551,453,2803,144.56,sam2,0.0,0.0,0.0
1243,rebounding,1,551,453,2807,144.77,sam2,0.0,0.0,0.0
1244,rebounding,1,552,453,2906,149.87,sam2,1.0,2996.766,45.406
1245,rebounding,1,552,453,2887,148.89,sam2,0.0,0.0,0.0
1246,rebounding,1,552,453,2892,149.15,sam2,0.0,0.0,0.0
1247,rebounding,1,551,453,2786,143.68,sam2,1.0,2996.766,45.406
1248,rebounding,1,552,453,2923,150.75,sam2,1.0,2996.766,45.406
1249,rebounding,1,552,453,2892,149.15,sam2,0.0,0.0,0.0
1250,rebounding,1,552,453,2905,149.82,sam2,0.0,0.0,0.0
1251,rebounding,1,552,453,2900,149.56,sam2,0.0,0.0,0.0
1252,rebounding,1,551,453,2814,145.13,sam2,1.0,2996.766,45.406
1253,rebounding,1,551,453,2826,145.75,sam2,0.0,0.0,0.0
1254,rebounding,1,551,453,2829,145.9,sam2,0.0,0.0,0.0
1255,rebounding,1,552,453,2900,149.56,sam2,1.0,2996.766,45.406
1256,rebounding,1,551,453,2790,143.89,sam2,1.0,2996.766,45.406
1257,rebounding,1,551,453,2831,146.0,sam2,0.0,0.0,0.0
1258,rebounding,1,551,453,2797,144.25,sam2,0.0,0.0,0.0
1259,rebounding,1,551,453,2760,142.34,sam2,0.0,0.0,0.0
1260,rebounding,1,551,453,2802,144.51,sam2,0.0,0.0,0.0
1261,rebounding,1,551,453,2835,146.21,sam2,0.0,0.0,0.0
1262,rebounding,1,551,453,2774,143.06,sam2,0.0,0.0,0.0
1263,rebounding,1,551,453,2759,142.29,sam2,0.0,0.0,0.0
1264,rebounding,1,552,453,2842,146.57,sam2,1.0,2996.766,45.406
1265,rebounding,1,552,453,2857,147.34,sam2,0.0,0.0,0.0
1266,rebounding,1,551,453,2825,145.69,sam2,1.0,2996.766,45.406
1267,rebounding,1,552,453,2875,148.27,sam2,1.0,2996.766,45.406
1268,rebounding,1,551,453,2834,146.16,sam2,1.0,2996.766,45.406
1269,rebounding,1,551,453,2808,144.82,sam2,0.0,0.0,0.0
1270,rebounding,1,552,453,2885,148.79,sam2,1.0,2996.766,45.406
1271,rebounding,1,551,452,2736,141.1,sam2,1.414,4238.068,64.213
1272,rebounding,1,551,453,2792,143.99,sam2,1.0,2996.766,45.406
1273,rebounding,1,551,453,2789,143.84,sam2,0.0,0.0,0.0
1274,rebounding,1,552,453,2817,145.28,sam2,1.0,2996.766,45.406
1275,rebounding,1,552,453,2891,149.1,sam2,0.0,0.0,0.0
1276,rebounding,1,551,453,2816,145.23,sam2,1.0,2996.766,45.406
1277,rebounding,1,551,453,2782,143.48,sam2,0.0,0.0,0.0
1278,rebounding,1,551,453,2820,145.44,sam2,0.0,0.0,0.0
1279,rebounding,1,552,453,2866,147.81,sam2,1.0,2996.766,45.406
1280,rebounding,1,551,452,2762,142.44,sam2,1.414,4238.068,64.213
1281,rebounding,1,551,453,2820,145.44,sam2,1.0,2996.766,45.406
1282,rebounding,1,551,453,2764,142.55,sam2,0.0,0.0,0.0
1283,rebounding,1,551,452,2748,141.72,sam2,1.0,2996.766,45.406
1284,rebounding,1,552,453,2880,148.53,sam2,1.414,4238.068,64.213
1285,rebounding,1,551,453,2764,142.55,sam2,1.0,2996.766,45.406
1286,rebounding,1,551,453,2768,142.75,sam2,0.0,0.0,0.0
1287,rebounding,1,551,453,2783,143.53,sam2,0.0,0.0,0.0
1288,rebounding,1,551,453,2807,144.77,sam2,0.0,0.0,0.0
1289,rebounding,1,552,453,2890,149.05,sam2,1.0,2996.766,45.406
1290,rebounding,1,551,453,2805,144.66,sam2,1.0,2996.766,45.406
1291,rebounding,1,551,453,2776,143.17,sam2,0.0,0.0,0.0
1292,rebounding,1,551,453,2776,143.17,sam2,0.0,0.0,0.0
1293,rebounding,1,552,453,2899,149.51,sam2,1.0,2996.766,45.406
1294,rebounding,1,552,453,2919,150.54,sam2,0.0,0.0,0.0
1295,rebounding,1,551,453,2829,145.9,sam2,1.0,2996.766,45.406
1296,rebounding,1,551,453,2825,145.69,sam2,0.0,0.0,0.0
1297,rebounding,1,551,453,2771,142.91,sam2,0.0,0.0,0.0
1298,rebounding,1,551,453,2818,145.33,sam2,0.0,0.0,0.0
1299,rebounding,1,551,453,2803,144.56,sam2,0.0,0.0,0.0
1300,rebounding,1,551,453,2787,143.73,sam2,0.0,0.0,0.0
1301,rebounding,1,552,453,2851,147.03,sam2,1.0,2996.766,45.406
1302,rebounding,1,552,453,2894,149.25,sam2,0.0,0.0,0.0
1303,rebounding,1,552,453,2924,150.8,sam2,0.0,0.0,0.0
1304,rebounding,1,551,453,2786,143.68,sam2,1.0,2996.766,45.406
1305,rebounding,1,551,453,2831,146.0,sam2,0.0,0.0,0.0
1306,rebounding,1,551,453,2789,143.84,sam2,0.0,0.0,0.0
1307,rebounding,1,552,453,2878,148.43,sam2,1.0,2996.766,45.406
1308,rebounding,1,552,453,2866,147.81,sam2,0.0,0.0,0.0
1309,rebounding,1,552,453,2858,147.4,sam2,0.0,0.0,0.0
1310,rebounding,1,551,452,2733,140.95,sam2,1.414,4238.068,64.213
1311,rebounding,1,552,453,2867,147.86,sam2,1.414,4238.068,64.213
1312,rebounding,1,551,453,2828,145.85,sam2,1.0,2996.766,45.406
1313,rebounding,1,551,453,2820,145.44,sam2,0.0,0.0,0.0
1314,rebounding,1,552,453,2923,150.75,sam2,1.0,2996.766,45.406
1315,rebounding,1,552,453,2872,148.12,sam2,0.0,0.0,0.0
1316,rebounding,1,552,453,2861,147.55,sam2,0.0,0.0,0.0
1317,rebounding,1,551,453,2817,145.28,sam2,1.0,2996.766,45.406
1318,rebounding,1,552,453,2894,149.25,sam2,1.0,2996.766,45.406
1319,rebounding,1,551,452,2725,140.54,sam2,1.414,4238.068,64.213
1320,rebounding,1,551,453,2818,145.33,sam2,1.0,2996.766,45.406
1321,rebounding,1,552,453,2875,148.27,sam2,1.0,2996.766,45.406
1322,rebounding,1,552,453,2871,148.07,sam2,0.0,0.0,0.0
1323,rebounding,1,551,453,2785,143.63,sam2,1.0,2996.766,45.406
1324,rebounding,1,551,453,2815,145.18,sam2,0.0,0.0,0.0
1325,rebounding,1,552,453,2869,147.96,sam2,1.0,2996.766,45.406
1326,rebounding,1,551,453,2784,143.58,sam2,1.0,2996.766,45.406
1327,rebounding,1,551,453,2820,145.44,sam2,0.0,0.0,0.0
1328,rebounding,1,552,453,2905,149.82,sam2,1.0,2996.766,45.406
1329,rebounding,1,551,453,2822,145.54,sam2,1.0,2996.766,45.406
1330,rebounding,1,551,453,2796,144.2,sam2,0.0,0.0,0.0
1331,rebounding,1,551,453,2837,146.31,sam2,0.0,0.0,0.0
1332,rebounding,1,551,453,2795,144.15,sam2,0.0,0.0,0.0
1333,rebounding,1,551,453,2834,146.16,sam2,0.0,0.0,0.0
1334,rebounding,1,551,453,2768,142.75,sam2,0.0,0.0,0.0
1335,rebounding,1,552,453,2858,147.4,sam2,1.0,2996.766,45.406
1336,rebounding,1,552,453,2830,145.95,sam2,0.0,0.0,0.0
1337,rebounding,1,551,453,2792,143.99,sam2,1.0,2996.766,45.406
1338,rebounding,1,551,453,2812,145.02,sam2,0.0,0.0,0.0
1339,rebounding,1,551,453,2774,143.06,sam2,0.0,0.0,0.0
1340,rebounding,1,551,453,2776,143.17,sam2,0.0,0.0,0.0
1341,rebounding,1,552,453,2873,148.17,sam2,1.0,2996.766,45.406
1342,rebounding,1,551,453,2814,145.13,sam2,1.0,2996.766,45.406
1343,rebounding,1,551,453,2797,144.25,sam2,0.0,0.0,0.0
1344,rebounding,1,552,453,2888,148.94,sam2,1.0,2996.766,45.406
1345,rebounding,1,552,453,2879,148.48,sam2,0.0,0.0,0.0
1346,rebounding,1,551,453,2802,144.51,sam2,1.0,2996.766,45.406
1347,rebounding,1,551,453,2835,146.21,sam2,0.0,0.0,0.0
1348,rebounding,1,551,453,2799,144.35,sam2,0.0,0.0,0.0
1349,rebounding,1,551,453,2776,143.17,sam2,0.0,0.0,0.0
1350,rebounding,1,551,453,2778,143.27,sam2,0.0,0.0,0.0
1351,rebounding,1,551,453,2769,142.81,sam2,0.0,0.0,0.0
1352,rebounding,1,551,452,2741,141.36,sam2,1.0,2996.766,45.406
1353,rebounding,1,552,453,2821,145.49,sam2,1.414,4238.068,64.213
1354,rebounding,1,551,453,2753,141.98,sam2,1.0,2996.766,45.406
1355,rebounding,1,552,453,2859,147.45,sam2,1.0,2996.766,45.406
1356,rebounding,1,552,453,2890,149.05,sam2,0.0,0.0,0.0
1357,rebounding,1,551,453,2790,143.89,sam2,1.0,2996.766,45.406
1358,rebounding,1,551,453,2762,142.44,sam2,0.0,0.0,0.0
1359,rebounding,1,551,453,2780,143.37,sam2,0.0,0.0,0.0
1360,rebounding,1,551,452,2730,140.79,sam2,1.0,2996.766,45.406
1361,rebounding,1,552,453,2833,146.11,sam2,1.414,4238.068,64.213
1362,rebounding,1,551,453,2795,144.15,sam2,1.0,2996.766,45.406
1363,rebounding,1,552,453,2898,149.46,sam2,1.0,2996.766,45.406
1364,rebounding,1,551,453,2786,143.68,sam2,1.0,2996.766,45.406
1365,rebounding,1,551,453,2770,142.86,sam2,0.0,0.0,0.0
1366,rebounding,1,552,453,2864,147.71,sam2,1.0,2996.766,45.406
1367,rebounding,1,551,452,2760,142.34,sam2,1.414,4238.068,64.213
1368,rebounding,1,552,453,2887,148.89,sam2,1.414,4238.068,64.213
1369,rebounding,1,552,453,2912,150.18,sam2,0.0,0.0,0.0
1370,rebounding,1,551,453,2803,144.56,sam2,1.0,2996.766,45.406
1371,rebounding,1,551,453,2789,143.84,sam2,0.0,0.0,0.0
1372,rebounding,1,551,453,2848,146.88,sam2,0.0,0.0,0.0
1373,rebounding,1,551,453,2801,144.46,sam2,0.0,0.0,0.0
1374,rebounding,1,551,453,2830,145.95,sam2,0.0,0.0,0.0
1375,rebounding,1,551,453,2790,143.89,sam2,0.0,0.0,0.0
1376,rebounding,1,551,453,2763,142.5,sam2,0.0,0.0,0.0
1377,rebounding,1,552,453,2834,146.16,sam2,1.0,2996.766,45.406
1378,rebounding,1,551,453,2864,147.71,sam2,1.0,2996.766,45.406
1379,rebounding,1,551,453,2769,142.81,sam2,0.0,0.0,0.0
1380,rebounding,1,552,453,2866,147.81,sam2,1.0,2996.766,45.406
1381,rebounding,1,552,453,2866,147.81,sam2,0.0,0.0,0.0
1382,rebounding,1,551,453,2815,145.18,sam2,1.0,2996.766,45.406
1383,rebounding,1,551,453,2835,146.21,sam2,0.0,0.0,0.0
1384,rebounding,1,552,453,2886,148.84,sam2,1.0,2996.766,45.406
1385,rebounding,1,551,453,2806,144.71,sam2,1.0,2996.766,45.406
1386,rebounding,1,551,453,2805,144.66,sam2,0.0,0.0,0.0
1387,rebounding,1,551,453,2826,145.75,sam2,0.0,0.0,0.0
1388,rebounding,1,551,453,2807,144.77,sam2,0.0,0.0,0.0
1389,rebounding,1,552,453,2866,147.81,sam2,1.0,2996.766,45.406
1390,rebounding,1,552,453,2884,148.74,sam2,0.0,0.0,0.0
1391,rebounding,1,551,453,2773,143.01,sam2,1.0,2996.766,45.406
1392,rebounding,1,551,453,2782,143.48,sam2,0.0,0.0,0.0
1393,rebounding,1,551,453,2818,145.33,sam2,0.0,0.0,0.0
1394,rebounding,1,552,453,2875,148.27,sam2,1.0,2996.766,45.406
1395,rebounding,1,551,453,2784,143.58,sam2,1.0,2996.766,45.406
1396,rebounding,1,552,453,2896,149.36,sam2,1.0,2996.766,45.406
1397,rebounding,1,551,453,2794,144.09,sam2,1.0,2996.766,45.406
1398,rebounding,1,551,453,2797,144.25,sam2,0.0,0.0,0.0
1399,rebounding,1,551,453,2783,143.53,sam2,0.0,0.0,0.0
1400,rebounding,1,551,453,2811,144.97,sam2,0.0,0.0,0.0
1401,rebounding,1,552,453,2859,147.45,sam2,1.0,2996.766,45.406
1402,rebounding,1,552,453,2879,148.48,sam2,0.0,0.0,0.0
1403,rebounding,1,552,453,2864,147.71,sam2,0.0,0.0,0.0
1404,rebounding,1,551,453,2777,143.22,sam2,1.0,2996.766,45.406
1405,rebounding,1,551,453,2801,144.46,sam2,0.0,0.0,0.0
1406,rebounding,1,551,453,2807,144.77,sam2,0.0,0.0,0.0
1407,rebounding,1,551,453,2775,143.12,sam2,0.0,0.0,0.0
1408,rebounding,1,551,452,2741,141.36,sam2,1.0,2996.766,45.406
1409,rebounding,1,551,453,2793,144.04,sam2,1.0,2996.766,45.406
1410,rebounding,1,551,453,2764,142.55,sam2,0.0,0.0,0.0
1411,rebounding,1,552,453,2870,148.01,sam2,1.0,2996.766,45.406
1412,rebounding,1,551,453,2779,143.32,sam2,1.0,2996.766,45.406
1413,rebounding,1,552,453,2887,148.89,sam2,1.0,2996.766,45.406
1414,rebounding,1,551,453,2789,143.84,sam2,1.0,2996.766,45.406
1415,rebounding,1,551,453,2790,143.89,sam2,0.0,0.0,0.0
1416,rebounding,1,552,453,2853,147.14,sam2,1.0,2996.766,45.406
1417,rebounding,1,551,453,2797,144.25,sam2,1.0,2996.766,45.406
1418,rebounding,1,551,453,2783,143.53,sam2,0.0,0.0,0.0
1419,rebounding,1,551,452,2746,141.62,sam2,1.0,2996.766,45.406
1420,rebounding,1,551,453,2755,142.08,sam2,1.0,2996.766,45.406
1421,rebounding,1,551,453,2760,142.34,sam2,0.0,0.0,0.0
1422,rebounding,1,552,453,2835,146.21,sam2,1.0,2996.766,45.406
1423,rebounding,1,552,453,2824,145.64,sam2,0.0,0.0,0.0
1424,rebounding,1,551,453,2755,142.08,sam2,1.0,2996.766,45.406
1425,rebounding,1,551,453,2761,142.39,sam2,0.0,0.0,0.0
1426,rebounding,1,552,453,2871,148.07,sam2,1.0,2996.766,45.406
1427,rebounding,1,552,453,2892,149.15,sam2,0.0,0.0,0.0
1428,rebounding,1,551,452,2770,142.86,sam2,1.414,4238.068,64.213
1429,rebounding,1,551,453,2800,144.4,sam2,1.0,2996.766,45.406
1430,rebounding,1,551,453,2809,144.87,sam2,0.0,0.0,0.0
1431,rebounding,1,551,452,2764,142.55,sam2,1.0,2996.766,45.406
1432,rebounding,1,552,453,2911,150.13,sam2,1.414,4238.068,64.213
1433,rebounding,1,551,453,2816,145.23,sam2,1.0,2996.766,45.406
1434,rebounding,1,551,453,2777,143.22,sam2,0.0,0.0,0.0
1435,rebounding,1,551,453,2779,143.32,sam2,0.0,0.0,0.0
1436,rebounding,1,551,453,2774,143.06,sam2,0.0,0.0,0.0
1437,rebounding,1,552,453,2891,149.1,sam2,1.0,2996.766,45.406
1438,rebounding,1,551,453,2816,145.23,sam2,1.0,2996.766,45.406
1439,rebounding,1,552,453,2885,148.79,sam2,1.0,2996.766,45.406
1440,rebounding,1,551,453,2750,141.83,sam2,1.0,2996.766,45.406
1441,rebounding,1,552,453,2872,148.12,sam2,1.0,2996.766,45.406
1442,rebounding,1,552,453,2887,148.89,sam2,0.0,0.0,0.0
1443,rebounding,1,551,453,2776,143.17,sam2,1.0,2996.766,45.406
1444,rebounding,1,551,453,2789,143.84,sam2,0.0,0.0,0.0
1445,rebounding,1,552,453,2860,147.5,sam2,1.0,2996.766,45.406
1446,rebounding,1,552,453,2860,147.5,sam2,0.0,0.0,0.0
1447,rebounding,1,552,453,2850,146.98,sam2,0.0,0.0,0.0
1448,rebounding,1,552,453,2860,147.5,sam2,0.0,0.0,0.0
1449,rebounding,1,551,453,2780,143.37,sam2,1.0,2996.766,45.406
1450,rebounding,1,551,453,2780,143.37,sam2,0.0,0.0,0.0
1451,rebounding,1,551,453,2806,144.71,sam2,0.0,0.0,0.0
1452,rebounding,1,551,453,2808,144.82,sam2,0.0,0.0,0.0
1453,rebounding,1,551,453,2793,144.04,sam2,0.0,0.0,0.0
1454,rebounding,1,552,453,2859,147.45,sam2,1.0,2996.766,45.406
1455,rebounding,1,552,453,2827,145.8,sam2,0.0,0.0,0.0
1456,rebounding,1,552,453,2878,148.43,sam2,0.0,0.0,0.0
1457,rebounding,1,551,453,2792,143.99,sam2,1.0,2996.766,45.406
1458,rebounding,1,551,453,2799,144.35,sam2,0.0,0.0,0.0
1459,rebounding,1,552,453,2899,149.51,sam2,1.0,2996.766,45.406
1460,rebounding,1,551,453,2824,145.64,sam2,1.0,2996.766,45.406
1461,rebounding,1,552,453,2913,150.23,sam2,1.0,2996.766,45.406
1462,rebounding,1,551,453,2778,143.27,sam2,1.0,2996.766,45.406
1463,rebounding,1,552,453,2878,148.43,sam2,1.0,2996.766,45.406
1464,rebounding,1,551,453,2785,143.63,sam2,1.0,2996.766,45.406
1465,rebounding,1,551,453,2815,145.18,sam2,0.0,0.0,0.0
1466,rebounding,1,552,453,2876,148.32,sam2,1.0,2996.766,45.406
1467,rebounding,1,551,453,2791,143.94,sam2,1.0,2996.766,45.406
1468,rebounding,1,552,453,2883,148.68,sam2,1.0,2996.766,45.406
1469,rebounding,1,551,453,2822,145.54,sam2,1.0,2996.766,45.406
1470,rebounding,1,552,453,2894,149.25,sam2,1.0,2996.766,45.406
1471,rebounding,1,552,453,2872,148.12,sam2,0.0,0.0,0.0
1472,rebounding,1,551,453,2785,143.63,sam2,1.0,2996.766,45.406
1473,rebounding,1,552,453,2886,148.84,sam2,1.0,2996.766,45.406
1474,rebounding,1,551,453,2808,144.82,sam2,1.0,2996.766,45.406
1475,rebounding,1,551,453,2788,143.79,sam2,0.0,0.0,0.0
1476,rebounding,1,551,453,2818,145.33,sam2,0.0,0.0,0.0
1477,rebounding,1,551,453,2779,143.32,sam2,0.0,0.0,0.0
1478,rebounding,1,551,453,2803,144.56,sam2,0.0,0.0,0.0
1479,rebounding,1,551,453,2805,144.66,sam2,0.0,0.0,0.0
1480,rebounding,1,552,453,2868,147.91,sam2,1.0,2996.766,45.406
1481,rebounding,1,552,453,2843,146.62,sam2,0.0,0.0,0.0
1482,rebounding,1,552,453,2871,148.07,sam2,0.0,0.0,0.0
1483,rebounding,1,552,453,2864,147.71,sam2,0.0,0.0,0.0
1484,rebounding,1,551,453,2806,144.71,sam2,1.0,2996.766,45.406
1485,rebounding,1,551,453,2791,143.94,sam2,0.0,0.0,0.0
1486,rebounding,1,552,453,2905,149.82,sam2,1.0,2996.766,45.406
1487,rebounding,1,552,453,2941,151.68,sam2,0.0,0.0,0.0
1488,rebounding,1,551,453,2813,145.07,sam2,1.0,2996.766,45.406
1489,rebounding,1,551,453,2804,144.61,sam2,0.0,0.0,0.0
1490,rebounding,1,551,453,2823,145.59,sam2,0.0,0.0,0.0
1491,rebounding,1,552,453,2897,149.41,sam2,1.0,2996.766,45.406
1492,rebounding,1,552,453,2896,149.36,sam2,0.0,0.0,0.0
1493,rebounding,1,551,453,2811,144.97,sam2,1.0,2996.766,45.406
1494,rebounding,1,551,453,2781,143.42,sam2,0.0,0.0,0.0
1495,rebounding,1,551,452,2762,142.44,sam2,1.0,2996.766,45.406
1496,rebounding,1,551,453,2757,142.19,sam2,1.0,2996.766,45.406
1497,rebounding,1,551,453,2765,142.6,sam2,0.0,0.0,0.0
1498,rebounding,1,552,453,2856,147.29,sam2,1.0,2996.766,45.406
1499,rebounding,1,552,453,2854,147.19,sam2,0.0,0.0,0.0
1500,rebounding,1,552,453,2894,149.25,sam2,0.0,0.0,0.0
1501,rebounding,1,551,453,2801,144.46,sam2,1.0,2996.766,45.406
1502,rebounding,1,551,453,2802,144.51,sam2,0.0,0.0,0.0
1503,rebounding,1,551,453,2834,146.16,sam2,0.0,0.0,0.0
1504,rebounding,1,552,453,2891,149.1,sam2,1.0,2996.766,45.406
1505,rebounding,1,551,453,2769,142.81,sam2,1.0,2996.766,45.406
1506,rebounding,1,551,453,2778,143.27,sam2,0.0,0.0,0.0
1507,rebounding,1,552,452,2793,144.04,sam2,1.414,4238.068,64.213
1508,rebounding,1,551,453,2811,144.97,sam2,1.414,4238.068,64.213
1509,rebounding,1,551,453,2797,144.25,sam2,0.0,0.0,0.0
1510,rebounding,1,551,453,2806,144.71,sam2,0.0,0.0,0.0
1511,rebounding,1,552,453,2902,149.66,sam2,1.0,2996.766,45.406
1512,rebounding,1,552,453,2856,147.29,sam2,0.0,0.0,0.0
1513,rebounding,1,552,453,2867,147.86,sam2,0.0,0.0,0.0
1514,rebounding,1,552,453,2854,147.19,sam2,0.0,0.0,0.0
1515,rebounding,1,551,453,2778,143.27,sam2,1.0,2996.766,45.406
1516,rebounding,1,552,453,2885,148.79,sam2,1.0,2996.766,45.406
1517,rebounding,1,552,453,2894,149.25,sam2,0.0,0.0,0.0
1518,rebounding,1,552,453,2901,149.61,sam2,0.0,0.0,0.0
1519,rebounding,1,552,453,2888,148.94,sam2,0.0,0.0,0.0
1520,rebounding,1,551,453,2815,145.18,sam2,1.0,2996.766,45.406
1521,rebounding,1,552,453,2892,149.15,sam2,1.0,2996.766,45.406
1522,rebounding,1,551,453,2804,144.61,sam2,1.0,2996.766,45.406
1523,rebounding,1,552,453,2849,146.93,sam2,1.0,2996.766,45.406
1524,rebounding,1,552,453,2871,148.07,sam2,0.0,0.0,0.0
1525,rebounding,1,551,452,2768,142.75,sam2,1.414,4238.068,64.213
1526,rebounding,1,552,453,2903,149.72,sam2,1.414,4238.068,64.213
1527,rebounding,1,552,453,2896,149.36,sam2,0.0,0.0,0.0
1528,rebounding,1,552,453,2879,148.48,sam2,0.0,0.0,0.0
1529,rebounding,1,552,453,2914,150.28,sam2,0.0,0.0,0.0
1530,rebounding,1,552,453,2897,149.41,sam2,0.0,0.0,0.0
1531,rebounding,1,552,453,2895,149.3,sam2,0.0,0.0,0.0
1532,rebounding,1,552,453,2911,150.13,sam2,0.0,0.0,0.0
1533,rebounding,1,551,453,2831,146.0,sam2,1.0,2996.766,45.406
1534,rebounding,1,552,453,2929,151.06,sam2,1.0,2996.766,45.406
1535,rebounding,1,552,453,2916,150.39,sam2,0.0,0.0,0.0
1536,rebounding,1,552,453,2938,151.52,sam2,0.0,0.0,0.0
1537,rebounding,1,551,453,2857,147.34,sam2,1.0,2996.766,45.406
1538,rebounding,1,552,453,2851,147.03,sam2,1.0,2996.766,45.406
1539,rebounding,1,551,452,2780,143.37,sam2,1.414,4238.068,64.213
1540,rebounding,1,552,453,2887,148.89,sam2,1.414,4238.068,64.213
1541,rebounding,1,552,453,2934,151.32,sam2,0.0,0.0,0.0
1542,rebounding,1,551,453,2842,146.57,sam2,1.0,2996.766,45.406
1543,rebounding,1,552,453,2931,151.16,sam2,1.0,2996.766,45.406
1544,rebounding,1,551,453,2811,144.97,sam2,1.0,2996.766,45.406
1545,rebounding,1,552,453,2886,148.84,sam2,1.0,2996.766,45.406
1546,rebounding,1,551,453,2807,144.77,sam2,1.0,2996.766,45.406
1547,rebounding,1,551,453,2800,144.4,sam2,0.0,0.0,0.0
1548,rebounding,1,551,453,2802,144.51,sam2,0.0,0.0,0.0
1549,rebounding,1,551,453,2787,143.73,sam2,0.0,0.0,0.0
1550,rebounding,1,552,453,2859,147.45,sam2,1.0,2996.766,45.406
1551,rebounding,1,551,452,2770,142.86,sam2,1.414,4238.068,64.213
1552,rebounding,1,551,453,2805,144.66,sam2,1.0,2996.766,45.406
1553,rebounding,1,551,453,2804,144.61,sam2,0.0,0.0,0.0
1554,rebounding,1,551,453,2771,142.91,sam2,0.0,0.0,0.0
1555,rebounding,1,551,453,2759,142.29,sam2,0.0,0.0,0.0
1556,rebounding,1,551,453,2783,143.53,sam2,0.0,0.0,0.0
1557,rebounding,1,551,452,2735,141.05,sam2,1.0,2996.766,45.406
1558,rebounding,1,551,453,2883,148.68,sam2,1.0,2996.766,45.406
1559,rebounding,1,552,453,2842,146.57,sam2,1.0,2996.766,45.406
1560,rebounding,1,551,453,2767,142.7,sam2,1.0,2996.766,45.406
1561,rebounding,1,551,453,2778,143.27,sam2,0.0,0.0,0.0
1562,rebounding,1,551,453,2757,142.19,sam2,0.0,0.0,0.0
1563,rebounding,1,551,453,2790,143.89,sam2,0.0,0.0,0.0
1564,rebounding,1,552,453,2863,147.65,sam2,1.0,2996.766,45.406
1565,rebounding,1,551,453,2813,145.07,sam2,1.0,2996.766,45.406
1566,rebounding,1,552,453,2871,148.07,sam2,1.0,2996.766,45.406
1567,rebounding,1,552,453,2878,148.43,sam2,0.0,0.0,0.0
1568,rebounding,1,551,453,2780,143.37,sam2,1.0,2996.766,45.406
1569,rebounding,1,551,452,2750,141.83,sam2,1.0,2996.766,45.406
1570,rebounding,1,551,453,2778,143.27,sam2,1.0,2996.766,45.406
1571,rebounding,1,551,453,2783,143.53,sam2,0.0,0.0,0.0
1572,rebounding,1,552,453,2872,148.12,sam2,1.0,2996.766,45.406
1573,rebounding,1,551,453,2785,143.63,sam2,1.0,2996.766,45.406
1574,rebounding,1,551,453,2786,143.68,sam2,0.0,0.0,0.0
1575,rebounding,1,551,453,2754,142.03,sam2,0.0,0.0,0.0
1576,rebounding,1,552,453,2848,146.88,sam2,1.0,2996.766,45.406
1577,rebounding,1,551,453,2777,143.22,sam2,1.0,2996.766,45.406
1578,rebounding,1,551,453,2779,143.32,sam2,0.0,0.0,0.0
1579,rebounding,1,551,453,2795,144.15,sam2,0.0,0.0,0.0
1580,rebounding,1,552,453,2834,146.16,sam2,1.0,2996.766,45.406
1581,rebounding,1,552,453,2857,147.34,sam2,0.0,0.0,0.0
1582,rebounding,1,552,453,2893,149.2,sam2,0.0,0.0,0.0
1583,rebounding,1,552,453,2859,147.45,sam2,0.0,0.0,0.0
1584,rebounding,1,552,453,2861,147.55,sam2,0.0,0.0,0.0
1585,rebounding,1,551,453,2781,143.42,sam2,1.0,2996.766,45.406
1586,rebounding,1,552,453,2907,149.92,sam2,1.0,2996.766,45.406
1587,rebounding,1,551,453,2837,146.31,sam2,1.0,2996.766,45.406
1588,rebounding,1,551,453,2814,145.13,sam2,0.0,0.0,0.0
1589,rebounding,1,552,453,2894,149.25,sam2,1.0,2996.766,45.406
1590,rebounding,1,552,453,2893,149.2,sam2,0.0,0.0,0.0
1591,rebounding,1,552,453,2896,149.36,sam2,0.0,0.0,0.0
1592,rebounding,1,552,453,2899,149.51,sam2,0.0,0.0,0.0
1593,rebounding,1,552,453,2861,147.55,sam2,0.0,0.0,0.0
1594,rebounding,1,552,453,2890,149.05,sam2,0.0,0.0,0.0
1595,rebounding,1,552,453,2833,146.11,sam2,0.0,0.0,0.0
1596,rebounding,1,551,453,2844,146.67,sam2,1.0,2996.766,45.406
1597,rebounding,1,551,453,2846,146.78,sam2,0.0,0.0,0.0
1598,rebounding,1,551,453,2797,144.25,sam2,0.0,0.0,0.0
1599,rebounding,1,552,453,2901,149.61,sam2,1.0,2996.766,45.406
1600,rebounding,1,551,453,2802,144.51,sam2,1.0,2996.766,45.406
1601,rebounding,1,552,453,2878,148.43,sam2,1.0,2996.766,45.406
1602,rebounding,1,552,453,2936,151.42,sam2,0.0,0.0,0.0
1603,rebounding,1,552,453,2900,149.56,sam2,0.0,0.0,0.0
1604,rebounding,1,551,453,2804,144.61,sam2,1.0,2996.766,45.406
1605,rebounding,1,552,453,2919,150.54,sam2,1.0,2996.766,45.406
1606,rebounding,1,552,453,2856,147.29,sam2,0.0,0.0,0.0
1607,rebounding,1,551,453,2794,144.09,sam2,1.0,2996.766,45.406
1608,rebounding,1,551,453,2808,144.82,sam2,0.0,0.0,0.0
1609,rebounding,1,551,453,2806,144.71,sam2,0.0,0.0,0.0
1610,rebounding,1,551,453,2794,144.09,sam2,0.0,0.0,0.0
1611,rebounding,1,551,453,2777,143.22,sam2,0.0,0.0,0.0
1612,rebounding,1,551,453,2772,142.96,sam2,0.0,0.0,0.0
1613,rebounding,1,551,453,2769,142.81,sam2,0.0,0.0,0.0
1614,rebounding,1,551,453,2758,142.24,sam2,0.0,0.0,0.0
1615,rebounding,1,552,453,2877,148.38,sam2,1.0,2996.766,45.406
1616,rebounding,1,552,453,2847,146.83,sam2,0.0,0.0,0.0
1617,rebounding,1,551,453,2779,143.32,sam2,1.0,2996.766,45.406
1618,rebounding,1,551,453,2804,144.61,sam2,0.0,0.0,0.0
1619,rebounding,1,552,453,2888,148.94,sam2,1.0,2996.766,45.406
1620,rebounding,1,551,452,2766,142.65,sam2,1.414,4238.068,64.213
1621,rebounding,1,552,453,2877,148.38,sam2,1.414,4238.068,64.213
1622,rebounding,1,551,453,2803,144.56,sam2,1.0,2996.766,45.406
1623,rebounding,1,552,453,2857,147.34,sam2,1.0,2996.766,45.406
1624,rebounding,1,552,453,2864,147.71,sam2,0.0,0.0,0.0
1625,rebounding,1,552,453,2925,150.85,sam2,0.0,0.0,0.0
1626,rebounding,1,551,453,2859,147.45,sam2,1.0,2996.766,45.406
1627,rebounding,1,552,453,2883,148.68,sam2,1.0,2996.766,45.406
1628,rebounding,1,552,453,2849,146.93,sam2,0.0,0.0,0.0
1629,rebounding,1,552,453,2860,147.5,sam2,0.0,0.0,0.0
1630,rebounding,1,552,453,2894,149.25,sam2,0.0,0.0,0.0
1631,rebounding,1,552,453,2854,147.19,sam2,0.0,0.0,0.0
1632,rebounding,1,551,453,2810,144.92,sam2,1.0,2996.766,45.406
1633,rebounding,1,552,453,2809,144.87,sam2,1.0,2996.766,45.406
1634,rebounding,1,552,453,2901,149.61,sam2,0.0,0.0,0.0
1635,rebounding,1,551,453,2832,146.05,sam2,1.0,2996.766,45.406
1636,rebounding,1,552,453,2898,149.46,sam2,1.0,2996.766,45.406
1637,rebounding,1,551,453,2790,143.89,sam2,1.0,2996.766,45.406
1638,rebounding,1,551,453,2802,144.51,sam2,0.0,0.0,0.0
1639,rebounding,1,551,453,2802,144.51,sam2,0.0,0.0,0.0
1640,rebounding,1,551,453,2797,144.25,sam2,0.0,0.0,0.0
1641,rebounding,1,551,453,2771,142.91,sam2,0.0,0.0,0.0
1642,rebounding,1,552,453,2880,148.53,sam2,1.0,2996.766,45.406
1643,rebounding,1,552,453,2885,148.79,sam2,0.0,0.0,0.0
1644,rebounding,1,551,453,2783,143.53,sam2,1.0,2996.766,45.406
1645,rebounding,1,551,453,2778,143.27,sam2,0.0,0.0,0.0
1646,rebounding,1,552,453,2843,146.62,sam2,1.0,2996.766,45.406
1647,rebounding,1,551,453,2776,143.17,sam2,1.0,2996.766,45.406
1648,rebounding,1,552,453,2886,148.84,sam2,1.0,2996.766,45.406
1649,rebounding,1,552,453,2856,147.29,sam2,0.0,0.0,0.0
1650,rebounding,1,552,453,2898,149.46,sam2,0.0,0.0,0.0
1651,rebounding,1,552,453,2867,147.86,sam2,0.0,0.0,0.0
1652,rebounding,1,551,453,2853,147.14,sam2,1.0,2996.766,45.406
1653,rebounding,1,552,453,2896,149.36,sam2,1.0,2996.766,45.406
1654,rebounding,1,551,453,2851,147.03,sam2,1.0,2996.766,45.406
1655,rebounding,1,551,452,2753,141.98,sam2,1.0,2996.766,45.406
1656,rebounding,1,552,453,2910,150.08,sam2,1.414,4238.068,64.213
1657,rebounding,1,552,453,2925,150.85,sam2,0.0,0.0,0.0
1658,rebounding,1,551,453,2795,144.15,sam2,1.0,2996.766,45.406
1659,rebounding,1,551,453,2828,145.85,sam2,0.0,0.0,0.0
1660,rebounding,1,551,453,2791,143.94,sam2,0.0,0.0,0.0
1661,rebounding,1,551,453,2795,144.15,sam2,0.0,0.0,0.0
1662,rebounding,1,551,453,2821,145.49,sam2,0.0,0.0,0.0
1663,rebounding,1,551,453,2827,145.8,sam2,0.0,0.0,0.0
1664,rebounding,1,552,453,2881,148.58,sam2,1.0,2996.766,45.406
1665,rebounding,1,552,453,2897,149.41,sam2,0.0,0.0,0.0
1666,rebounding,1,551,452,2745,141.57,sam2,1.414,4238.068,64.213
1667,rebounding,1,551,453,2776,143.17,sam2,1.0,2996.766,45.406
1668,rebounding,1,552,453,2872,148.12,sam2,1.0,2996.766,45.406
1669,rebounding,1,552,453,2895,149.3,sam2,0.0,0.0,0.0
1670,rebounding,1,552,453,2877,148.38,sam2,0.0,0.0,0.0
1671,rebounding,1,552,453,2854,147.19,sam2,0.0,0.0,0.0
1672,rebounding,1,551,452,2750,141.83,sam2,1.414,4238.068,64.213
1673,rebounding,1,552,453,2857,147.34,sam2,1.414,4238.068,64.213
1674,rebounding,1,552,453,2907,149.92,sam2,0.0,0.0,0.0
1675,rebounding,1,551,453,2817,145.28,sam2,1.0,2996.766,45.406
1676,rebounding,1,551,453,2813,145.07,sam2,0.0,0.0,0.0
1677,rebounding,1,552,453,2891,149.1,sam2,1.0,2996.766,45.406
1678,rebounding,1,552,453,2884,148.74,sam2,0.0,0.0,0.0
1679,rebounding,1,552,453,2912,150.18,sam2,0.0,0.0,0.0
1680,rebounding,1,552,453,2903,149.72,sam2,0.0,0.0,0.0
1681,rebounding,1,552,453,2934,151.32,sam2,0.0,0.0,0.0
1682,rebounding,1,551,453,2842,146.57,sam2,1.0,2996.766,45.406
1683,rebounding,1,551,453,2856,147.29,sam2,0.0,0.0,0.0
1684,rebounding,1,552,453,2905,149.82,sam2,1.0,2996.766,45.406
1685,rebounding,1,552,453,2913,150.23,sam2,0.0,0.0,0.0
1686,rebounding,1,552,453,2943,151.78,sam2,0.0,0.0,0.0
1687,rebounding,1,552,453,2807,144.77,sam2,0.0,0.0,0.0
1688,rebounding,1,551,453,2810,144.92,sam2,1.0,2996.766,45.406
1689,rebounding,1,552,453,2888,148.94,sam2,1.0,2996.766,45.406
1690,rebounding,1,551,453,2838,146.36,sam2,1.0,2996.766,45.406
1691,rebounding,1,551,453,2831,146.0,sam2,0.0,0.0,0.0
1692,rebounding,1,552,453,2873,148.17,sam2,1.0,2996.766,45.406
1693,rebounding,1,552,453,2861,147.55,sam2,0.0,0.0,0.0
1694,rebounding,1,552,453,2877,148.38,sam2,0.0,0.0,0.0
1695,rebounding,1,551,453,2837,146.31,sam2,1.0,2996.766,45.406
1696,rebounding,1,552,453,2919,150.54,sam2,1.0,2996.766,45.406
1697,rebounding,1,551,453,2838,146.36,sam2,1.0,2996.766,45.406
1698,rebounding,1,552,453,2889,148.99,sam2,1.0,2996.766,45.406
1699,rebounding,1,552,453,2880,148.53,sam2,0.0,0.0,0.0
1700,rebounding,1,552,453,2873,148.17,sam2,0.0,0.0,0.0
1701,rebounding,1,552,453,2859,147.45,sam2,0.0,0.0,0.0
1702,rebounding,1,551,453,2819,145.38,sam2,1.0,2996.766,45.406
1703,rebounding,1,552,453,2917,150.44,sam2,1.0,2996.766,45.406
1704,rebounding,1,552,453,2926,150.9,sam2,0.0,0.0,0.0
1705,rebounding,1,551,453,2810,144.92,sam2,1.0,2996.766,45.406
1706,rebounding,1,552,453,2931,151.16,sam2,1.0,2996.766,45.406
1707,rebounding,1,551,453,2808,144.82,sam2,1.0,2996.766,45.406
1708,rebounding,1,552,453,2891,149.1,sam2,1.0,2996.766,45.406
1709,rebounding,1,552,453,2893,149.2,sam2,0.0,0.0,0.0
1710,rebounding,1,552,453,2904,149.77,sam2,0.0,0.0,0.0
1711,rebounding,1,552,453,2921,150.64,sam2,0.0,0.0,0.0
1712,rebounding,1,552,453,2944,151.83,sam2,0.0,0.0,0.0
1713,rebounding,1,551,453,2803,144.56,sam2,1.0,2996.766,45.406
1714,rebounding,1,552,453,2931,151.16,sam2,1.0,2996.766,45.406
1715,rebounding,1,551,453,2827,145.8,sam2,1.0,2996.766,45.406
1716,rebounding,1,552,453,2921,150.64,sam2,1.0,2996.766,45.406
1717,rebounding,1,552,453,2904,149.77,sam2,0.0,0.0,0.0
1718,rebounding,1,552,454,2972,153.27,sam2,1.0,2996.766,45.406
1719,rebounding,1,551,453,2874,148.22,sam2,1.414,4238.068,64.213
1720,rebounding,1,551,453,2828,145.85,sam2,0.0,0.0,0.0
1721,rebounding,1,551,453,2798,144.3,sam2,0.0,0.0,0.0
1722,rebounding,1,552,453,2888,148.94,sam2,1.0,2996.766,45.406
1723,rebounding,1,552,453,2919,150.54,sam2,0.0,0.0,0.0
1724,rebounding,1,551,453,2821,145.49,sam2,1.0,2996.766,45.406
1725,rebounding,1,551,453,2809,144.87,sam2,0.0,0.0,0.0
1726,rebounding,1,551,453,2787,143.73,sam2,0.0,0.0,0.0
1727,rebounding,1,551,453,2773,143.01,sam2,0.0,0.0,0.0
1728,rebounding,1,551,453,2816,145.23,sam2,0.0,0.0,0.0
1729,rebounding,1,552,453,2932,151.21,sam2,1.0,2996.766,45.406
1730,rebounding,1,552,453,2885,148.79,sam2,0.0,0.0,0.0
1731,rebounding,1,551,453,2800,144.4,sam2,1.0,2996.766,45.406
1732,rebounding,1,551,453,2775,143.12,sam2,0.0,0.0,0.0
1733,rebounding,1,552,453,2886,148.84,sam2,1.0,2996.766,45.406
1734,rebounding,1,551,453,2807,144.77,sam2,1.0,2996.766,45.406
1735,rebounding,1,551,453,2791,143.94,sam2,0.0,0.0,0.0
1736,rebounding,1,551,453,2799,144.35,sam2,0.0,0.0,0.0
1737,rebounding,1,552,453,2902,149.66,sam2,1.0,2996.766,45.406
1738,rebounding,1,551,453,2791,143.94,sam2,1.0,2996.766,45.406
1739,rebounding,1,551,453,2781,143.42,sam2,0.0,0.0,0.0
1740,rebounding,1,551,453,2802,144.51,sam2,0.0,0.0,0.0
1741,rebounding,1,551,453,2807,144.77,sam2,0.0,0.0,0.0
1742,rebounding,1,551,453,2768,142.75,sam2,0.0,0.0,0.0
1743,rebounding,1,552,453,2896,149.36,sam2,1.0,2996.766,45.406
1744,rebounding,1,552,453,2821,145.49,sam2,0.0,0.0,0.0
1745,rebounding,1,551,453,2775,143.12,sam2,1.0,2996.766,45.406
1746,rebounding,1,551,453,2789,143.84,sam2,0.0,0.0,0.0
1747,rebounding,1,552,453,2867,147.86,sam2,1.0,2996.766,45.406
1748,rebounding,1,551,452,2756,142.14,sam2,1.414,4238.068,64.213
1749,rebounding,1,551,453,2789,143.84,sam2,1.0,2996.766,45.406
1750,rebounding,1,551,453,2799,144.35,sam2,0.0,0.0,0.0
1751,rebounding,1,551,452,2731,140.85,sam2,1.0,2996.766,45.406
1752,rebounding,1,552,453,2830,145.95,sam2,1.414,4238.068,64.213
1753,rebounding,1,551,453,2796,144.2,sam2,1.0,2996.766,45.406
1754,rebounding,1,552,453,2854,147.19,sam2,1.0,2996.766,45.406
1755,rebounding,1,551,453,2771,142.91,sam2,1.0,2996.766,45.406
1756,rebounding,1,551,453,2821,145.49,sam2,0.0,0.0,0.0
1757,rebounding,1,551,453,2879,148.48,sam2,0.0,0.0,0.0
1758,rebounding,1,552,453,2892,149.15,sam2,1.0,2996.766,45.406
1759,rebounding,1,551,453,2758,142.24,sam2,1.0,2996.766,45.406
1760,rebounding,1,552,453,2877,148.38,sam2,1.0,2996.766,45.406
1761,rebounding,1,552,453,2882,148.63,sam2,0.0,0.0,0.0
1762,rebounding,1,552,453,2888,148.94,sam2,0.0,0.0,0.0
1763,rebounding,1,552,453,2915,150.34,sam2,0.0,0.0,0.0
1764,rebounding,1,552,453,2898,149.46,sam2,0.0,0.0,0.0
1765,rebounding,1,552,453,2890,149.05,sam2,0.0,0.0,0.0
1766,rebounding,1,552,453,2899,149.51,sam2,0.0,0.0,0.0
1767,rebounding,1,552,453,2835,146.21,sam2,0.0,0.0,0.0
1768,rebounding,1,552,453,2907,149.92,sam2,0.0,0.0,0.0
1769,rebounding,1,552,453,2913,150.23,sam2,0.0,0.0,0.0
1770,rebounding,1,552,453,2929,151.06,sam2,0.0,0.0,0.0
1771,rebounding,1,551,453,2799,144.35,sam2,1.0,2996.766,45.406
1772,rebounding,1,552,453,2903,149.72,sam2,1.0,2996.766,45.406
1773,rebounding,1,552,453,2907,149.92,sam2,0.0,0.0,0.0
1774,rebounding,1,552,453,2922,150.7,sam2,0.0,0.0,0.0
1775,rebounding,1,552,453,2888,148.94,sam2,0.0,0.0,0.0
1776,rebounding,1,552,453,2911,150.13,sam2,0.0,0.0,0.0
1777,rebounding,1,552,453,2931,151.16,sam2,0.0,0.0,0.0
1778,rebounding,1,551,453,2865,147.76,sam2,1.0,2996.766,45.406
1779,rebounding,1,552,453,2893,149.2,sam2,1.0,2996.766,45.406
1780,rebounding,1,552,453,2879,148.48,sam2,0.0,0.0,0.0
1781,rebounding,1,552,453,2910,150.08,sam2,0.0,0.0,0.0
1782,rebounding,1,551,453,2800,144.4,sam2,1.0,2996.766,45.406
1783,rebounding,1,551,453,2794,144.09,sam2,0.0,0.0,0.0
1784,rebounding,1,551,453,2833,146.11,sam2,0.0,0.0,0.0
1785,rebounding,1,552,453,2927,150.95,sam2,1.0,2996.766,45.406
1786,rebounding,1,551,453,2821,145.49,sam2,1.0,2996.766,45.406
1787,rebounding,1,552,453,2910,150.08,sam2,1.0,2996.766,45.406
1788,rebounding,1,551,453,2820,145.44,sam2,1.0,2996.766,45.406
1789,rebounding,1,552,453,2930,151.11,sam2,1.0,2996.766,45.406
1790,rebounding,1,552,453,2902,149.66,sam2,0.0,0.0,0.0
1791,rebounding,1,551,453,2843,146.62,sam2,1.0,2996.766,45.406
1792,rebounding,1,551,453,2807,144.77,sam2,0.0,0.0,0.0
1793,rebounding,1,552,453,2918,150.49,sam2,1.0,2996.766,45.406
1794,rebounding,1,552,453,2914,150.28,sam2,0.0,0.0,0.0
1795,rebounding,1,552,453,2878,148.43,sam2,0.0,0.0,0.0
1796,rebounding,1,552,453,2911,150.13,sam2,0.0,0.0,0.0
1797,rebounding,1,551,453,2813,145.07,sam2,1.0,2996.766,45.406
1798,rebounding,1,551,453,2796,144.2,sam2,0.0,0.0,0.0
1799,rebounding,1,552,453,2958,152.55,sam2,1.0,2996.766,45.406
1800,rebounding,1,552,453,2857,147.34,sam2,0.0,0.0,0.0
1801,rebounding,1,552,453,2862,147.6,sam2,0.0,0.0,0.0
1802,rebounding,1,552,453,2857,147.34,sam2,0.0,0.0,0.0
1803,rebounding,1,551,453,2791,143.94,sam2,1.0,2996.766,45.406
1804,rebounding,1,552,453,2847,146.83,sam2,1.0,2996.766,45.406
1805,rebounding,1,552,453,2895,149.3,sam2,0.0,0.0,0.0
1806,rebounding,1,552,453,2894,149.25,sam2,0.0,0.0,0.0
1807,rebounding,1,552,453,2871,148.07,sam2,0.0,0.0,0.0
1808,rebounding,1,552,453,2879,148.48,sam2,0.0,0.0,0.0
1809,rebounding,1,552,453,2894,149.25,sam2,0.0,0.0,0.0
1810,rebounding,1,552,453,2914,150.28,sam2,0.0,0.0,0.0
1811,rebounding,1,552,453,2837,146.31,sam2,0.0,0.0,0.0
1812,rebounding,1,552,453,2935,151.37,sam2,0.0,0.0,0.0
1813,rebounding,1,552,453,2950,152.14,sam2,0.0,0.0,0.0
1814,rebounding,1,552,453,2903,149.72,sam2,0.0,0.0,0.0
1815,rebounding,1,552,453,2901,149.61,sam2,0.0,0.0,0.0
1816,rebounding,1,551,453,2832,146.05,sam2,1.0,2996.766,45.406
1817,rebounding,1,552,453,2915,150.34,sam2,1.0,2996.766,45.406
1818,rebounding,1,552,453,2932,151.21,sam2,0.0,0.0,0.0
1819,rebounding,1,552,453,2935,151.37,sam2,0.0,0.0,0.0
1820,rebounding,1,552,453,2903,149.72,sam2,0.0,0.0,0.0
1821,rebounding,1,552,453,2904,149.77,sam2,0.0,0.0,0.0
1822,rebounding,1,551,453,2808,144.82,sam2,1.0,2996.766,45.406
1823,rebounding,1,551,453,2820,145.44,sam2,0.0,0.0,0.0
1824,rebounding,1,552,453,2911,150.13,sam2,1.0,2996.766,45.406
1825,rebounding,1,551,453,2814,145.13,sam2,1.0,2996.766,45.406
1826,rebounding,1,552,453,2904,149.77,sam2,1.0,2996.766,45.406
1827,rebounding,1,551,453,2804,144.61,sam2,1.0,2996.766,45.406
1828,rebounding,1,551,453,2794,144.09,sam2,0.0,0.0,0.0
1829,rebounding,1,551,453,2821,145.49,sam2,0.0,0.0,0.0
1830,rebounding,1,551,453,2806,144.71,sam2,0.0,0.0,0.0
1831,rebounding,1,551,453,2765,142.6,sam2,0.0,0.0,0.0
1832,rebounding,1,552,453,2844,146.67,sam2,1.0,2996.766,45.406
1833,rebounding,1,552,453,2866,147.81,sam2,0.0,0.0,0.0
1834,rebounding,1,551,453,2814,145.13,sam2,1.0,2996.766,45.406
1835,rebounding,1,552,453,2875,148.27,sam2,1.0,2996.766,45.406
1836,rebounding,1,551,453,2807,144.77,sam2,1.0,2996.766,45.406
1837,rebounding,1,551,453,2796,144.2,sam2,0.0,0.0,0.0
1838,rebounding,1,551,453,2817,145.28,sam2,0.0,0.0,0.0
1839,rebounding,1,551,453,2827,145.8,sam2,0.0,0.0,0.0
1840,rebounding,1,551,453,2757,142.19,sam2,0.0,0.0,0.0
1841,rebounding,1,552,453,2853,147.14,sam2,1.0,2996.766,45.406
1842,rebounding,1,551,453,2782,143.48,sam2,1.0,2996.766,45.406
1843,rebounding,1,552,453,2865,147.76,sam2,1.0,2996.766,45.406
1844,rebounding,1,551,453,2802,144.51,sam2,1.0,2996.766,45.406
1845,rebounding,1,552,453,2892,149.15,sam2,1.0,2996.766,45.406
1846,rebounding,1,551,453,2774,143.06,sam2,1.0,2996.766,45.406
1847,rebounding,1,552,453,2883,148.68,sam2,1.0,2996.766,45.406
1848,rebounding,1,552,453,2891,149.1,sam2,0.0,0.0,0.0
1849,rebounding,1,551,453,2790,143.89,sam2,1.0,2996.766,45.406
1850,rebounding,1,552,453,2883,148.68,sam2,1.0,2996.766,45.406
1851,rebounding,1,551,453,2781,143.42,sam2,1.0,2996.766,45.406
1852,rebounding,1,552,453,2867,147.86,sam2,1.0,2996.766,45.406
1853,rebounding,1,551,453,2787,143.73,sam2,1.0,2996.766,45.406
1854,rebounding,1,551,453,2821,145.49,sam2,0.0,0.0,0.0
1855,rebounding,1,552,453,2912,150.18,sam2,1.0,2996.766,45.406
1856,rebounding,1,552,453,2897,149.41,sam2,0.0,0.0,0.0
1857,rebounding,1,551,453,2788,143.79,sam2,1.0,2996.766,45.406
1858,rebounding,1,551,453,2786,143.68,sam2,0.0,0.0,0.0
1859,rebounding,1,552,453,2905,149.82,sam2,1.0,2996.766,45.406
1860,rebounding,1,551,453,2819,145.38,sam2,1.0,2996.766,45.406
1861,rebounding,1,551,453,2813,145.07,sam2,0.0,0.0,0.0
1862,rebounding,1,551,453,2781,143.42,sam2,0.0,0.0,0.0
1863,rebounding,1,551,453,2772,142.96,sam2,0.0,0.0,0.0
1864,rebounding,1,551,452,2733,140.95,sam2,1.0,2996.766,45.406
1865,rebounding,1,552,453,2909,150.03,sam2,1.414,4238.068,64.213
1866,rebounding,1,552,453,2851,147.03,sam2,0.0,0.0,0.0
1867,rebounding,1,552,453,2890,149.05,sam2,0.0,0.0,0.0
1868,rebounding,1,552,453,2900,149.56,sam2,0.0,0.0,0.0
1869,rebounding,1,551,453,2783,143.53,sam2,1.0,2996.766,45.406
1870,rebounding,1,552,453,2873,148.17,sam2,1.0,2996.766,45.406
1871,rebounding,1,551,453,2799,144.35,sam2,1.0,2996.766,45.406
1872,rebounding,1,551,453,2796,144.2,sam2,0.0,0.0,0.0
1873,rebounding,1,552,453,2887,148.89,sam2,1.0,2996.766,45.406
1874,rebounding,1,551,453,2813,145.07,sam2,1.0,2996.766,45.406
1875,rebounding,1,552,453,2854,147.19,sam2,1.0,2996.766,45.406
1876,rebounding,1,551,453,2802,144.51,sam2,1.0,2996.766,45.406
1877,rebounding,1,551,453,2780,143.37,sam2,0.0,0.0,0.0
1878,rebounding,1,551,453,2791,143.94,sam2,0.0,0.0,0.0
1879,rebounding,1,552,453,2908,149.97,sam2,1.0,2996.766,45.406
1880,rebounding,1,551,453,2822,145.54,sam2,1.0,2996.766,45.406
1881,rebounding,1,551,453,2833,146.11,sam2,0.0,0.0,0.0
1882,rebounding,1,552,453,2895,149.3,sam2,1.0,2996.766,45.406
1883,rebounding,1,551,453,2809,144.87,sam2,1.0,2996.766,45.406
1884,rebounding,1,551,453,2807,144.77,sam2,0.0,0.0,0.0
1885,rebounding,1,552,453,2918,150.49,sam2,1.0,2996.766,45.406
1886,rebounding,1,552,453,2912,150.18,sam2,0.0,0.0,0.0
1887,rebounding,1,552,453,2894,149.25,sam2,0.0,0.0,0.0
1888,rebounding,1,552,453,2883,148.68,sam2,0.0,0.0,0.0
1889,rebounding,1,551,453,2808,144.82,sam2,1.0,2996.766,45.406
1890,rebounding,1,551,453,2793,144.04,sam2,0.0,0.0,0.0
1891,rebounding,1,552,453,2939,151.57,sam2,1.0,2996.766,45.406
1892,rebounding,1,551,453,2844,146.67,sam2,1.0,2996.766,45.406
1893,rebounding,1,551,453,2840,146.47,sam2,0.0,0.0,0.0
1894,rebounding,1,551,453,2818,145.33,sam2,0.0,0.0,0.0
1895,rebounding,1,551,453,2781,143.42,sam2,0.0,0.0,0.0
1896,rebounding,1,552,453,2884,148.74,sam2,1.0,2996.766,45.406
1897,rebounding,1,552,453,2914,150.28,sam2,0.0,0.0,0.0
1898,rebounding,1,552,453,2890,149.05,sam2,0.0,0.0,0.0
1899,rebounding,1,551,453,2784,143.58,sam2,1.0,2996.766,45.406
1900,rebounding,1,552,453,2884,148.74,sam2,1.0,2996.766,45.406
1901,rebounding,1,551,452,2742,141.41,sam2,1.414,4238.068,64.213
1902,rebounding,1,552,453,2854,147.19,sam2,1.414,4238.068,64.213
1903,rebounding,1,551,453,2788,143.79,sam2,1.0,2996.766,45.406
1904,rebounding,1,552,453,2887,148.89,sam2,1.0,2996.766,45.406
1905,rebounding,1,552,453,2860,147.5,sam2,0.0,0.0,0.0
1906,rebounding,1,551,453,2798,144.3,sam2,1.0,2996.766,45.406
1907,rebounding,1,552,453,2892,149.15,sam2,1.0,2996.766,45.406
1908,rebounding,1,551,453,2830,145.95,sam2,1.0,2996.766,45.406
1909,rebounding,1,552,453,2885,148.79,sam2,1.0,2996.766,45.406
1910,rebounding,1,551,453,2837,146.31,sam2,1.0,2996.766,45.406
1911,rebounding,1,552,453,2893,149.2,sam2,1.0,2996.766,45.406
1912,rebounding,1,552,453,2881,148.58,sam2,0.0,0.0,0.0
1913,rebounding,1,552,453,2902,149.66,sam2,0.0,0.0,0.0
1914,rebounding,1,551,453,2797,144.25,sam2,1.0,2996.766,45.406
1915,rebounding,1,552,453,2864,147.71,sam2,1.0,2996.766,45.406
1916,rebounding,1,551,453,2808,144.82,sam2,1.0,2996.766,45.406
1917,rebounding,1,552,453,2894,149.25,sam2,1.0,2996.766,45.406
1918,rebounding,1,552,453,2927,150.95,sam2,0.0,0.0,0.0
1919,rebounding,1,552,453,2904,149.77,sam2,0.0,0.0,0.0
1920,rebounding,1,552,453,2902,149.66,sam2,0.0,0.0,0.0
1921,rebounding,1,551,453,2859,147.45,sam2,1.0,2996.766,45.406
1922,rebounding,1,551,453,2831,146.0,sam2,0.0,0.0,0.0
1923,rebounding,1,551,453,2829,145.9,sam2,0.0,0.0,0.0
1924,rebounding,1,552,453,2876,148.32,sam2,1.0,2996.766,45.406
1925,rebounding,1,551,453,2780,143.37,sam2,1.0,2996.766,45.406
1926,rebounding,1,551,453,2801,144.46,sam2,0.0,0.0,0.0
1927,rebounding,1,552,453,2851,147.03,sam2,1.0,2996.766,45.406
1928,rebounding,1,551,453,2826,145.75,sam2,1.0,2996.766,45.406
1929,rebounding,1,551,453,2791,143.94,sam2,0.0,0.0,0.0
1930,rebounding,1,552,453,2892,149.15,sam2,1.0,2996.766,45.406
1931,rebounding,1,552,453,2885,148.79,sam2,0.0,0.0,0.0
1932,rebounding,1,552,453,2920,150.59,sam2,0.0,0.0,0.0
1933,rebounding,1,552,453,2882,148.63,sam2,0.0,0.0,0.0
1934,rebounding,1,551,452,2768,142.75,sam2,1.414,4238.068,64.213
1935,rebounding,1,551,453,2794,144.09,sam2,1.0,2996.766,45.406
1936,rebounding,1,552,453,2851,147.03,sam2,1.0,2996.766,45.406
1937,rebounding,1,552,453,2857,147.34,sam2,0.0,0.0,0.0
1938,rebounding,1,551,453,2789,143.84,sam2,1.0,2996.766,45.406
1939,rebounding,1,552,453,2896,149.36,sam2,1.0,2996.766,45.406
1940,rebounding,1,552,453,2902,149.66,sam2,0.0,0.0,0.0
1941,rebounding,1,551,453,2814,145.13,sam2,1.0,2996.766,45.406
1942,rebounding,1,552,453,2864,147.71,sam2,1.0,2996.766,45.406
1943,rebounding,1,551,453,2785,143.63,sam2,1.0,2996.766,45.406
1944,rebounding,1,552,453,2856,147.29,sam2,1.0,2996.766,45.406
1945,rebounding,1,552,453,2878,148.43,sam2,0.0,0.0,0.0
1946,rebounding,1,552,453,2909,150.03,sam2,0.0,0.0,0.0
1947,rebounding,1,551,453,2781,143.42,sam2,1.0,2996.766,45.406
1948,rebounding,1,551,452,2772,142.96,sam2,1.0,2996.766,45.406
1949,rebounding,1,551,453,2797,144.25,sam2,1.0,2996.766,45.406
1950,rebounding,1,551,453,2800,144.4,sam2,0.0,0.0,0.0
1951,rebounding,1,552,453,2941,151.68,sam2,1.0,2996.766,45.406
1952,rebounding,1,552,453,2893,149.2,sam2,0.0,0.0,0.0
1953,rebounding,1,551,453,2755,142.08,sam2,1.0,2996.766,45.406
1954,rebounding,1,552,453,2872,148.12,sam2,1.0,2996.766,45.406
1955,rebounding,1,551,452,2764,142.55,sam2,1.414,4238.068,64.213
1956,rebounding,1,551,452,2764,142.55,sam2,0.0,0.0,0.0
1957,rebounding,1,552,453,2828,145.85,sam2,1.414,4238.068,64.213
1958,rebounding,1,551,453,2827,145.8,sam2,1.0,2996.766,45.406
1959,rebounding,1,551,453,2778,143.27,sam2,0.0,0.0,0.0
1960,rebounding,1,551,453,2792,143.99,sam2,0.0,0.0,0.0
1961,rebounding,1,551,453,2790,143.89,sam2,0.0,0.0,0.0
1962,rebounding,1,552,453,2887,148.89,sam2,1.0,2996.766,45.406
1963,rebounding,1,551,453,2803,144.56,sam2,1.0,2996.766,45.406
1964,rebounding,1,552,453,2875,148.27,sam2,1.0,2996.766,45.406
1965,rebounding,1,552,453,2859,147.45,sam2,0.0,0.0,0.0
1966,rebounding,1,551,453,2793,144.04,sam2,1.0,2996.766,45.406
1967,rebounding,1,552,453,2898,149.46,sam2,1.0,2996.766,45.406
1968,rebounding,1,552,453,2908,149.97,sam2,0.0,0.0,0.0
1969,rebounding,1,551,453,2822,145.54,sam2,1.0,2996.766,45.406
1970,rebounding,1,551,453,2836,146.26,sam2,0.0,0.0,0.0
1971,rebounding,1,552,453,2890,149.05,sam2,1.0,2996.766,45.406
1972,rebounding,1,552,453,2874,148.22,sam2,0.0,0.0,0.0
1973,rebounding,1,552,453,2888,148.94,sam2,0.0,0.0,0.0
1974,rebounding,1,552,453,2914,150.28,sam2,0.0,0.0,0.0
1975,rebounding,1,552,453,2903,149.72,sam2,0.0,0.0,0.0
1976,rebounding,1,552,453,2896,149.36,sam2,0.0,0.0,0.0
1977,rebounding,1,552,453,2899,149.51,sam2,0.0,0.0,0.0
1978,rebounding,1,552,453,2921,150.64,sam2,0.0,0.0,0.0
1979,rebounding,1,551,453,2809,144.87,sam2,1.0,2996.766,45.406
1980,rebounding,1,552,453,2869,147.96,sam2,1.0,2996.766,45.406
1981,rebounding,1,551,453,2791,143.94,sam2,1.0,2996.766,45.406
1982,rebounding,1,551,453,2808,144.82,sam2,0.0,0.0,0.0
1983,rebounding,1,551,453,2833,146.11,sam2,0.0,0.0,0.0
1984,rebounding,1,551,453,2817,145.28,sam2,0.0,0.0,0.0
1985,rebounding,1,552,453,2886,148.84,sam2,1.0,2996.766,45.406
1986,rebounding,1,552,453,2903,149.72,sam2,0.0,0.0,0.0
1987,rebounding,1,551,453,2831,146.0,sam2,1.0,2996.766,45.406
1988,rebounding,1,552,453,2869,147.96,sam2,1.0,2996.766,45.406
1989,rebounding,1,552,453,2895,149.3,sam2,0.0,0.0,0.0
1990,rebounding,1,551,453,2796,144.2,sam2,1.0,2996.766,45.406
1991,rebounding,1,551,452,2762,142.44,sam2,1.0,2996.766,45.406
1992,rebounding,1,552,453,2864,147.71,sam2,1.414,4238.068,64.213
1993,rebounding,1,551,453,2790,143.89,sam2,1.0,2996.766,45.406
1994,rebounding,1,552,453,2882,148.63,sam2,1.0,2996.766,45.406
1995,rebounding,1,552,453,2844,146.67,sam2,0.0,0.0,0.0
1996,rebounding,1,552,453,2853,147.14,sam2,0.0,0.0,0.0
1997,rebounding,1,551,453,2830,145.95,sam2,1.0,2996.766,45.406
1998,rebounding,1,551,453,2833,146.11,sam2,0.0,0.0,0.0
1999,rebounding,1,552,453,2877,148.38,sam2,1.0,2996.766,45.406
2000,rebounding,1,552,453,2908,149.97,sam2,0.0,0.0,0.0
2001,rebounding,1,551,452,2755,142.08,sam2,1.414,4238.068,64.213
2002,rebounding,1,552,453,2828,145.85,sam2,1.414,4238.068,64.213
2003,rebounding,1,552,453,2867,147.86,sam2,0.0,0.0,0.0
2004,rebounding,1,551,453,2807,144.77,sam2,1.0,2996.766,45.406
2005,rebounding,1,552,453,2891,149.1,sam2,1.0,2996.766,45.406
2006,rebounding,1,551,453,2816,145.23,sam2,1.0,2996.766,45.406
2007,rebounding,1,552,453,2890,149.05,sam2,1.0,2996.766,45.406
2008,rebounding,1,552,453,2887,148.89,sam2,0.0,0.0,0.0
2009,rebounding,1,552,453,2889,148.99,sam2,0.0,0.0,0.0
2010,rebounding,1,552,453,2894,149.25,sam2,0.0,0.0,0.0
2011,rebounding,1,552,453,2896,149.36,sam2,0.0,0.0,0.0
2012,rebounding,1,551,453,2806,144.71,sam2,1.0,2996.766,45.406
2013,rebounding,1,552,453,2896,149.36,sam2,1.0,2996.766,45.406
2014,rebounding,1,552,453,2900,149.56,sam2,0.0,0.0,0.0
2015,rebounding,1,552,453,2913,150.23,sam2,0.0,0.0,0.0
2016,rebounding,1,551,453,2847,146.83,sam2,1.0,2996.766,45.406
2017,rebounding,1,551,453,2844,146.67,sam2,0.0,0.0,0.0
2018,rebounding,1,552,453,2895,149.3,sam2,1.0,2996.766,45.406
2019,rebounding,1,552,453,2902,149.66,sam2,0.0,0.0,0.0
2020,rebounding,1,552,453,2925,150.85,sam2,0.0,0.0,0.0
2021,rebounding,1,552,453,2903,149.72,sam2,0.0,0.0,0.0
2022,rebounding,1,552,453,2900,149.56,sam2,0.0,0.0,0.0
2023,rebounding,1,551,453,2835,146.21,sam2,1.0,2996.766,45.406
2024,rebounding,1,552,453,2943,151.78,sam2,1.0,2996.766,45.406
2025,rebounding,1,552,453,2954,152.35,sam2,0.0,0.0,0.0
2026,rebounding,1,551,453,2805,144.66,sam2,1.0,2996.766,45.406
2027,rebounding,1,552,453,2824,145.64,sam2,1.0,2996.766,45.406
2028,rebounding,1,552,453,2853,147.14,sam2,0.0,0.0,0.0
2029,rebounding,1,552,453,2906,149.87,sam2,0.0,0.0,0.0
2030,rebounding,1,551,453,2830,145.95,sam2,1.0,2996.766,45.406
2031,rebounding,1,551,453,2813,145.07,sam2,0.0,0.0,0.0
2032,rebounding,1,552,453,2916,150.39,sam2,1.0,2996.766,45.406
2033,rebounding,1,551,453,2792,143.99,sam2,1.0,2996.766,45.406
2034,rebounding,1,551,453,2807,144.77,sam2,0.0,0.0,0.0
2035,rebounding,1,551,453,2790,143.89,sam2,0.0,0.0,0.0
2036,rebounding,1,551,453,2792,143.99,sam2,0.0,0.0,0.0
2037,rebounding,1,552,453,2875,148.27,sam2,1.0,2996.766,45.406
2038,rebounding,1,552,453,2871,148.07,sam2,0.0,0.0,0.0
2039,rebounding,1,551,453,2763,142.5,sam2,1.0,2996.766,45.406
2040,rebounding,1,552,453,2906,149.87,sam2,1.0,2996.766,45.406
2041,rebounding,1,551,453,2807,144.77,sam2,1.0,2996.766,45.406
2042,rebounding,1,551,453,2801,144.46,sam2,0.0,0.0,0.0
2043,rebounding,1,551,453,2826,145.75,sam2,0.0,0.0,0.0
2044,rebounding,1,551,453,2795,144.15,sam2,0.0,0.0,0.0
2045,rebounding,1,552,453,2908,149.97,sam2,1.0,2996.766,45.406
2046,rebounding,1,551,453,2787,143.73,sam2,1.0,2996.766,45.406
2047,rebounding,1,551,453,2775,143.12,sam2,0.0,0.0,0.0
2048,rebounding,1,552,453,2854,147.19,sam2,1.0,2996.766,45.406
2049,rebounding,1,552,453,2887,148.89,sam2,0.0,0.0,0.0
2050,rebounding,1,551,453,2758,142.24,sam2,1.0,2996.766,45.406
2051,rebounding,1,552,453,2857,147.34,sam2,1.0,2996.766,45.406
2052,rebounding,1,552,453,2850,146.98,sam2,0.0,0.0,0.0
2053,rebounding,1,551,453,2810,144.92,sam2,1.0,2996.766,45.406
2054,rebounding,1,552,453,2931,151.16,sam2,1.0,2996.766,45.406
2055,rebounding,1,552,453,2902,149.66,sam2,0.0,0.0,0.0
2056,rebounding,1,551,453,2843,146.62,sam2,1.0,2996.766,45.406
2057,rebounding,1,552,453,2904,149.77,sam2,1.0,2996.766,45.406
2058,rebounding,1,551,453,2813,145.07,sam2,1.0,2996.766,45.406
2059,rebounding,1,552,453,2899,149.51,sam2,1.0,2996.766,45.406
2060,rebounding,1,552,453,2915,150.34,sam2,0.0,0.0,0.0
2061,rebounding,1,551,453,2847,146.83,sam2,1.0,2996.766,45.406
2062,rebounding,1,552,453,2886,148.84,sam2,1.0,2996.766,45.406
2063,rebounding,1,551,453,2809,144.87,sam2,1.0,2996.766,45.406
2064,rebounding,1,551,453,2797,144.25,sam2,0.0,0.0,0.0
2065,rebounding,1,552,453,2914,150.28,sam2,1.0,2996.766,45.406
2066,rebounding,1,552,453,2890,149.05,sam2,0.0,0.0,0.0
2067,rebounding,1,552,453,2915,150.34,sam2,0.0,0.0,0.0
2068,rebounding,1,552,453,2904,149.77,sam2,0.0,0.0,0.0
2069,rebounding,1,551,453,2795,144.15,sam2,1.0,2996.766,45.406
2070,rebounding,1,552,453,2891,149.1,sam2,1.0,2996.766,45.406
2071,rebounding,1,552,453,2892,149.15,sam2,0.0,0.0,0.0
2072,rebounding,1,552,453,2903,149.72,sam2,0.0,0.0,0.0
2073,rebounding,1,551,453,2810,144.92,sam2,1.0,2996.766,45.406
2074,rebounding,1,551,453,2839,146.42,sam2,0.0,0.0,0.0
2075,rebounding,1,551,452,2780,143.37,sam2,1.0,2996.766,45.406
2076,rebounding,1,552,453,2912,150.18,sam2,1.414,4238.068,64.213
2077,rebounding,1,551,453,2790,143.89,sam2,1.0,2996.766,45.406
2078,rebounding,1,552,453,2913,150.23,sam2,1.0,2996.766,45.406
2079,rebounding,1,551,453,2814,145.13,sam2,1.0,2996.766,45.406
2080,rebounding,1,552,453,2866,147.81,sam2,1.0,2996.766,45.406
2081,rebounding,1,552,453,2878,148.43,sam2,0.0,0.0,0.0
2082,rebounding,1,551,453,2813,145.07,sam2,1.0,2996.766,45.406
2083,rebounding,1,551,453,2780,143.37,sam2,0.0,0.0,0.0
2084,rebounding,1,551,453,2802,144.51,sam2,0.0,0.0,0.0
2085,rebounding,1,551,453,2795,144.15,sam2,0.0,0.0,0.0
2086,rebounding,1,552,453,2886,148.84,sam2,1.0,2996.766,45.406
2087,rebounding,1,551,453,2791,143.94,sam2,1.0,2996.766,45.406
2088,rebounding,1,551,453,2795,144.15,sam2,0.0,0.0,0.0
2089,rebounding,1,552,453,2885,148.79,sam2,1.0,2996.766,45.406
2090,rebounding,1,552,453,2860,147.5,sam2,0.0,0.0,0.0
2091,rebounding,1,552,453,2890,149.05,sam2,0.0,0.0,0.0
2092,rebounding,1,552,453,2901,149.61,sam2,0.0,0.0,0.0
2093,rebounding,1,551,453,2815,145.18,sam2,1.0,2996.766,45.406
2094,rebounding,1,552,453,2904,149.77,sam2,1.0,2996.766,45.406
2095,rebounding,1,551,453,2818,145.33,sam2,1.0,2996.766,45.406
2096,rebounding,1,551,453,2815,145.18,sam2,0.0,0.0,0.0
2097,rebounding,1,551,453,2812,145.02,sam2,0.0,0.0,0.0
2098,rebounding,1,552,453,2907,149.92,sam2,1.0,2996.766,45.406
2099,rebounding,1,552,453,2894,149.25,sam2,0.0,0.0,0.0
2100,rebounding,1,552,453,2915,150.34,sam2,0.0,0.0,0.0
2101,rebounding,1,551,453,2831,146.0,sam2,1.0,2996.766,45.406
2102,rebounding,1,551,453,2795,144.15,sam2,0.0,0.0,0.0
2103,rebounding,1,552,453,2903,149.72,sam2,1.0,2996.766,45.406
2104,rebounding,1,552,453,2872,148.12,sam2,0.0,0.0,0.0
2105,rebounding,1,552,453,2893,149.2,sam2,0.0,0.0,0.0
2106,rebounding,1,552,453,2888,148.94,sam2,0.0,0.0,0.0
2107,rebounding,1,551,452,2760,142.34,sam2,1.414,4238.068,64.213
2108,rebounding,1,552,453,2897,149.41,sam2,1.414,4238.068,64.213
2109,rebounding,1,552,453,2908,149.97,sam2,0.0,0.0,0.0
2110,rebounding,1,552,453,2911,150.13,sam2,0.0,0.0,0.0
2111,rebounding,1,551,453,2826,145.75,sam2,1.0,2996.766,45.406
2112,rebounding,1,551,453,2832,146.05,sam2,0.0,0.0,0.0
2113,rebounding,1,551,453,2798,144.3,sam2,0.0,0.0,0.0
2114,rebounding,1,552,453,2862,147.6,sam2,1.0,2996.766,45.406
2115,rebounding,1,551,453,2778,143.27,sam2,1.0,2996.766,45.406
2116,rebounding,1,551,453,2776,143.17,sam2,0.0,0.0,0.0
2117,rebounding,1,552,453,2872,148.12,sam2,1.0,2996.766,45.406
2118,rebounding,1,551,453,2781,143.42,sam2,1.0,2996.766,45.406
2119,rebounding,1,552,453,2835,146.21,sam2,1.0,2996.766,45.406
2120,rebounding,1,552,453,2891,149.1,sam2,0.0,0.0,0.0
2121,rebounding,1,551,453,2796,144.2,sam2,1.0,2996.766,45.406
2122,rebounding,1,551,453,2817,145.28,sam2,0.0,0.0,0.0
2123,rebounding,1,551,453,2829,145.9,sam2,0.0,0.0,0.0
2124,rebounding,1,551,452,2744,141.52,sam2,1.0,2996.766,45.406
2125,rebounding,1,552,453,2881,148.58,sam2,1.414,4238.068,64.213
2126,rebounding,1,552,453,2894,149.25,sam2,0.0,0.0,0.0
2127,rebounding,1,552,453,2858,147.4,sam2,0.0,0.0,0.0
2128,rebounding,1,552,453,2892,149.15,sam2,0.0,0.0,0.0
2129,rebounding,1,551,453,2790,143.89,sam2,1.0,2996.766,45.406
2130,rebounding,1,551,453,2802,144.51,sam2,0.0,0.0,0.0
2131,rebounding,1,552,453,2905,149.82,sam2,1.0,2996.766,45.406
2132,rebounding,1,551,453,2797,144.25,sam2,1.0,2996.766,45.406
2133,rebounding,1,552,453,2905,149.82,sam2,1.0,2996.766,45.406
2134,rebounding,1,551,453,2800,144.4,sam2,1.0,2996.766,45.406
2135,rebounding,1,551,453,2799,144.35,sam2,0.0,0.0,0.0
2136,rebounding,1,552,453,2878,148.43,sam2,1.0,2996.766,45.406
2137,rebounding,1,552,453,2898,149.46,sam2,0.0,0.0,0.0
2138,rebounding,1,552,453,2891,149.1,sam2,0.0,0.0,0.0
2139,rebounding,1,551,453,2800,144.4,sam2,1.0,2996.766,45.406
2140,rebounding,1,552,453,2877,148.38,sam2,1.0,2996.766,45.406
2141,rebounding,1,551,453,2797,144.25,sam2,1.0,2996.766,45.406
2142,rebounding,1,552,453,2909,150.03,sam2,1.0,2996.766,45.406
2143,rebounding,1,551,453,2796,144.2,sam2,1.0,2996.766,45.406
2144,rebounding,1,551,453,2824,145.64,sam2,0.0,0.0,0.0
2145,rebounding,1,551,453,2796,144.2,sam2,0.0,0.0,0.0
2146,rebounding,1,551,453,2810,144.92,sam2,0.0,0.0,0.0
2147,rebounding,1,552,453,2875,148.27,sam2,1.0,2996.766,45.406
2148,rebounding,1,552,453,2857,147.34,sam2,0.0,0.0,0.0
2149,rebounding,1,551,453,2782,143.48,sam2,1.0,2996.766,45.406
2150,rebounding,1,551,453,2833,146.11,sam2,0.0,0.0,0.0
2151,rebounding,1,552,453,2863,147.65,sam2,1.0,2996.766,45.406
2152,rebounding,1,551,453,2794,144.09,sam2,1.0,2996.766,45.406
2153,rebounding,1,552,453,2889,148.99,sam2,1.0,2996.766,45.406
2154,rebounding,1,551,453,2822,145.54,sam2,1.0,2996.766,45.406
2155,rebounding,1,552,453,2869,147.96,sam2,1.0,2996.766,45.406
2156,rebounding,1,551,453,2807,144.77,sam2,1.0,2996.766,45.406
2157,rebounding,1,551,453,2801,144.46,sam2,0.0,0.0,0.0
2158,rebounding,1,551,453,2801,144.46,sam2,0.0,0.0,0.0
2159,rebounding,1,551,452,2780,143.37,sam2,1.0,2996.766,45.406
2160,rebounding,1,552,453,2839,146.42,sam2,1.414,4238.068,64.213
2161,rebounding,1,551,453,2811,144.97,sam2,1.0,2996.766,45.406
2162,rebounding,1,551,453,2769,142.81,sam2,0.0,0.0,0.0
2163,rebounding,1,552,453,2860,147.5,sam2,1.0,2996.766,45.406
2164,rebounding,1,551,453,2785,143.63,sam2,1.0,2996.766,45.406
2165,rebounding,1,551,453,2781,143.42,sam2,0.0,0.0,0.0
2166,rebounding,1,551,453,2808,144.82,sam2,0.0,0.0,0.0
2167,rebounding,1,552,453,2879,148.48,sam2,1.0,2996.766,45.406
2168,rebounding,1,552,453,2876,148.32,sam2,0.0,0.0,0.0
2169,rebounding,1,551,453,2782,143.48,sam2,1.0,2996.766,45.406
2170,rebounding,1,552,453,2879,148.48,sam2,1.0,2996.766,45.406
2171,rebounding,1,551,453,2789,143.84,sam2,1.0,2996.766,45.406
2172,rebounding,1,552,453,2873,148.17,sam2,1.0,2996.766,45.406
2173,rebounding,1,551,453,2795,144.15,sam2,1.0,2996.766,45.406
2174,rebounding,1,551,453,2823,145.59,sam2,0.0,0.0,0.0
2175,rebounding,1,551,453,2788,143.79,sam2,0.0,0.0,0.0
2176,rebounding,1,551,452,2735,141.05,sam2,1.0,2996.766,45.406
2177,rebounding,1,551,453,2790,143.89,sam2,1.0,2996.766,45.406
2178,rebounding,1,551,453,2786,143.68,sam2,0.0,0.0,0.0
2179,rebounding,1,551,453,2780,143.37,sam2,0.0,0.0,0.0
2180,rebounding,1,551,453,2783,143.53,sam2,0.0,0.0,0.0
2181,rebounding,1,551,453,2839,146.42,sam2,0.0,0.0,0.0
2182,rebounding,1,552,453,2861,147.55,sam2,1.0,2996.766,45.406
2183,rebounding,1,551,453,2775,143.12,sam2,1.0,2996.766,45.406
2184,rebounding,1,552,453,2842,146.57,sam2,1.0,2996.766,45.406
2185,rebounding,1,552,453,2857,147.34,sam2,0.0,0.0,0.0
2186,rebounding,1,552,453,2879,148.48,sam2,0.0,0.0,0.0
2187,rebounding,1,552,453,2852,147.09,sam2,0.0,0.0,0.0
2188,rebounding,1,551,453,2847,146.83,sam2,1.0,2996.766,45.406
2189,rebounding,1,552,453,2912,150.18,sam2,1.0,2996.766,45.406
2190,rebounding,1,551,453,2825,145.69,sam2,1.0,2996.766,45.406
2191,rebounding,1,552,453,2881,148.58,sam2,1.0,2996.766,45.406
2192,rebounding,1,551,453,2803,144.56,sam2,1.0,2996.766,45.406
2193,rebounding,1,552,453,2891,149.1,sam2,1.0,2996.766,45.406
2194,rebounding,1,551,453,2773,143.01,sam2,1.0,2996.766,45.406
2195,rebounding,1,552,453,2901,149.61,sam2,1.0,2996.766,45.406
2196,rebounding,1,551,453,2794,144.09,sam2,1.0,2996.766,45.406
2197,rebounding,1,552,453,2904,149.77,sam2,1.0,2996.766,45.406
2198,rebounding,1,552,453,2889,148.99,sam2,0.0,0.0,0.0
2199,rebounding,1,551,453,2863,147.65,sam2,1.0,2996.766,45.406
2200,rebounding,1,551,453,2788,143.79,sam2,0.0,0.0,0.0
2201,rebounding,1,551,453,2798,144.3,sam2,0.0,0.0,0.0
2202,rebounding,1,551,453,2796,144.2,sam2,0.0,0.0,0.0
2203,rebounding,1,552,453,2878,148.43,sam2,1.0,2996.766,45.406
2204,rebounding,1,551,453,2803,144.56,sam2,1.0,2996.766,45.406
2205,rebounding,1,551,452,2767,142.7,sam2,1.0,2996.766,45.406
2206,rebounding,1,551,453,2786,143.68,sam2,1.0,2996.766,45.406
2207,rebounding,1,552,453,2886,148.84,sam2,1.0,2996.766,45.406
2208,rebounding,1,552,453,2925,150.85,sam2,0.0,0.0,0.0
2209,rebounding,1,551,453,2839,146.42,sam2,1.0,2996.766,45.406
2210,rebounding,1,551,453,2795,144.15,sam2,0.0,0.0,0.0
2211,rebounding,1,552,453,2859,147.45,sam2,1.0,2996.766,45.406
2212,rebounding,1,552,453,2881,148.58,sam2,0.0,0.0,0.0
2213,rebounding,1,552,453,2888,148.94,sam2,0.0,0.0,0.0
2214,rebounding,1,551,453,2797,144.25,sam2,1.0,2996.766,45.406
2215,rebounding,1,552,453,2901,149.61,sam2,1.0,2996.766,45.406
2216,rebounding,1,551,453,2795,144.15,sam2,1.0,2996.766,45.406
2217,rebounding,1,551,453,2781,143.42,sam2,0.0,0.0,0.0
2218,rebounding,1,552,453,2884,148.74,sam2,1.0,2996.766,45.406
2219,rebounding,1,552,453,2893,149.2,sam2,0.0,0.0,0.0
2220,rebounding,1,552,453,2878,148.43,sam2,0.0,0.0,0.0
2221,rebounding,1,552,453,2899,149.51,sam2,0.0,0.0,0.0
2222,rebounding,1,552,453,2880,148.53,sam2,0.0,0.0,0.0
2223,rebounding,1,551,453,2802,144.51,sam2,1.0,2996.766,45.406
2224,rebounding,1,552,453,2900,149.56,sam2,1.0,2996.766,45.406
2225,rebounding,1,551,452,2772,142.96,sam2,1.414,4238.068,64.213
2226,rebounding,1,552,453,2907,149.92,sam2,1.414,4238.068,64.213
2227,rebounding,1,551,453,2855,147.24,sam2,1.0,2996.766,45.406
2228,rebounding,1,551,453,2791,143.94,sam2,0.0,0.0,0.0
2229,rebounding,1,551,453,2803,144.56,sam2,0.0,0.0,0.0
2230,rebounding,1,551,453,2831,146.0,sam2,0.0,0.0,0.0
2231,rebounding,1,551,453,2813,145.07,sam2,0.0,0.0,0.0
2232,rebounding,1,552,453,2890,149.05,sam2,1.0,2996.766,45.406
2233,rebounding,1,552,453,2872,148.12,sam2,0.0,0.0,0.0
2234,rebounding,1,552,453,2888,148.94,sam2,0.0,0.0,0.0
2235,rebounding,1,552,453,2854,147.19,sam2,0.0,0.0,0.0
2236,rebounding,1,552,453,2889,148.99,sam2,0.0,0.0,0.0
2237,rebounding,1,551,453,2790,143.89,sam2,1.0,2996.766,45.406
2238,rebounding,1,551,453,2823,145.59,sam2,0.0,0.0,0.0
2239,rebounding,1,552,453,2895,149.3,sam2,1.0,2996.766,45.406
2240,rebounding,1,552,453,2895,149.3,sam2,0.0,0.0,0.0
2241,rebounding,1,552,453,2844,146.67,sam2,0.0,0.0,0.0
2242,rebounding,1,551,452,2777,143.22,sam2,1.414,4238.068,64.213
2243,rebounding,1,552,453,2848,146.88,sam2,1.414,4238.068,64.213
2244,rebounding,1,552,453,2883,148.68,sam2,0.0,0.0,0.0
2245,rebounding,1,552,453,2908,149.97,sam2,0.0,0.0,0.0
2246,rebounding,1,551,453,2844,146.67,sam2,1.0,2996.766,45.406
2247,rebounding,1,551,453,2806,144.71,sam2,0.0,0.0,0.0
2248,rebounding,1,551,453,2852,147.09,sam2,0.0,0.0,0.0
2249,rebounding,1,551,453,2814,145.13,sam2,0.0,0.0,0.0
2250,rebounding,1,552,453,2908,149.97,sam2,1.0,2996.766,45.406
2251,rebounding,1,551,453,2810,144.92,sam2,1.0,2996.766,45.406
2252,rebounding,1,552,453,2865,147.76,sam2,1.0,2996.766,45.406
2253,rebounding,1,551,453,2794,144.09,sam2,1.0,2996.766,45.406
2254,rebounding,1,552,453,2879,148.48,sam2,1.0,2996.766,45.406
2255,rebounding,1,552,453,2850,146.98,sam2,0.0,0.0,0.0
2256,rebounding,1,551,453,2820,145.44,sam2,1.0,2996.766,45.406
2257,rebounding,1,551,453,2791,143.94,sam2,0.0,0.0,0.0
2258,rebounding,1,551,453,2793,144.04,sam2,0.0,0.0,0.0
2259,rebounding,1,551,453,2791,143.94,sam2,0.0,0.0,0.0
2260,rebounding,1,551,452,2773,143.01,sam2,1.0,2996.766,45.406
2261,rebounding,1,551,453,2816,145.23,sam2,1.0,2996.766,45.406
2262,rebounding,1,552,453,2870,148.01,sam2,1.0,2996.766,45.406
2263,rebounding,1,551,452,2770,142.86,sam2,1.414,4238.068,64.213
2264,rebounding,1,551,453,2806,144.71,sam2,1.0,2996.766,45.406
2265,rebounding,1,551,453,2870,148.01,sam2,0.0,0.0,0.0
2266,rebounding,1,552,453,2885,148.79,sam2,1.0,2996.766,45.406
2267,rebounding,1,551,453,2792,143.99,sam2,1.0,2996.766,45.406
2268,rebounding,1,551,452,2781,143.42,sam2,1.0,2996.766,45.406
2269,rebounding,1,552,453,2882,148.63,sam2,1.414,4238.068,64.213
2270,rebounding,1,551,453,2791,143.94,sam2,1.0,2996.766,45.406
2271,rebounding,1,551,453,2794,144.09,sam2,0.0,0.0,0.0
2272,rebounding,1,551,453,2801,144.46,sam2,0.0,0.0,0.0
2273,rebounding,1,551,453,2784,143.58,sam2,0.0,0.0,0.0
2274,rebounding,1,552,453,2875,148.27,sam2,1.0,2996.766,45.406
2275,rebounding,1,552,453,2845,146.73,sam2,0.0,0.0,0.0
2276,rebounding,1,551,453,2807,144.77,sam2,1.0,2996.766,45.406
2277,rebounding,1,552,453,2868,147.91,sam2,1.0,2996.766,45.406
2278,rebounding,1,551,452,2766,142.65,sam2,1.414,4238.068,64.213
2279,rebounding,1,551,453,2788,143.79,sam2,1.0,2996.766,45.406
2280,rebounding,1,552,453,2874,148.22,sam2,1.0,2996.766,45.406
2281,rebounding,1,552,453,2877,148.38,sam2,0.0,0.0,0.0
2282,rebounding,1,551,453,2782,143.48,sam2,1.0,2996.766,45.406
2283,rebounding,1,551,453,2807,144.77,sam2,0.0,0.0,0.0
2284,rebounding,1,552,453,2876,148.32,sam2,1.0,2996.766,45.406
2285,rebounding,1,552,453,2849,146.93,sam2,0.0,0.0,0.0
2286,rebounding,1,551,452,2772,142.96,sam2,1.414,4238.068,64.213
2287,rebounding,1,552,453,2869,147.96,sam2,1.414,4238.068,64.213
2288,rebounding,1,552,453,2883,148.68,sam2,0.0,0.0,0.0
2289,rebounding,1,552,453,2895,149.3,sam2,0.0,0.0,0.0
2290,rebounding,1,552,453,2906,149.87,sam2,0.0,0.0,0.0
2291,rebounding,1,552,453,2879,148.48,sam2,0.0,0.0,0.0
2292,rebounding,1,552,453,2901,149.61,sam2,0.0,0.0,0.0
2293,rebounding,1,552,453,2810,144.92,sam2,0.0,0.0,0.0
2294,rebounding,1,551,453,2835,146.21,sam2,1.0,2996.766,45.406
2295,rebounding,1,552,453,2951,152.19,sam2,1.0,2996.766,45.406
2296,rebounding,1,551,453,2852,147.09,sam2,1.0,2996.766,45.406
2297,rebounding,1,551,453,2824,145.64,sam2,0.0,0.0,0.0
2298,rebounding,1,552,453,2880,148.53,sam2,1.0,2996.766,45.406
2299,rebounding,1,551,453,2810,144.92,sam2,1.0,2996.766,45.406
2300,rebounding,1,551,453,2813,145.07,sam2,0.0,0.0,0.0
2301,rebounding,1,551,453,2799,144.35,sam2,0.0,0.0,0.0
2302,rebounding,1,551,453,2785,143.63,sam2,0.0,0.0,0.0
2303,rebounding,1,551,452,2758,142.24,sam2,1.0,2996.766,45.406
2304,rebounding,1,551,453,2790,143.89,sam2,1.0,2996.766,45.406
2305,rebounding,1,552,453,2871,148.07,sam2,1.0,2996.766,45.406
2306,rebounding,1,551,452,2754,142.03,sam2,1.414,4238.068,64.213
2307,rebounding,1,551,453,2803,144.56,sam2,1.0,2996.766,45.406
2308,rebounding,1,552,453,2875,148.27,sam2,1.0,2996.766,45.406
2309,rebounding,1,551,453,2774,143.06,sam2,1.0,2996.766,45.406
2310,rebounding,1,552,453,2897,149.41,sam2,1.0,2996.766,45.406
2311,rebounding,1,552,453,2875,148.27,sam2,0.0,0.0,0.0
2312,rebounding,1,552,453,2891,149.1,sam2,0.0,0.0,0.0
2313,rebounding,1,551,453,2780,143.37,sam2,1.0,2996.766,45.406
2314,rebounding,1,551,453,2824,145.64,sam2,0.0,0.0,0.0
2315,rebounding,1,551,453,2811,144.97,sam2,0.0,0.0,0.0
2316,rebounding,1,552,453,2899,149.51,sam2,1.0,2996.766,45.406
2317,rebounding,1,551,453,2832,146.05,sam2,1.0,2996.766,45.406
2318,rebounding,1,551,453,2819,145.38,sam2,0.0,0.0,0.0
2319,rebounding,1,552,453,2874,148.22,sam2,1.0,2996.766,45.406
2320,rebounding,1,552,453,2885,148.79,sam2,0.0,0.0,0.0
2321,rebounding,1,551,453,2812,145.02,sam2,1.0,2996.766,45.406
2322,rebounding,1,552,453,2862,147.6,sam2,1.0,2996.766,45.406
2323,rebounding,1,552,453,2881,148.58,sam2,0.0,0.0,0.0
2324,rebounding,1,551,453,2785,143.63,sam2,1.0,2996.766,45.406
2325,rebounding,1,551,453,2800,144.4,sam2,0.0,0.0,0.0
2326,rebounding,1,552,453,2893,149.2,sam2,1.0,2996.766,45.406
2327,rebounding,1,551,453,2799,144.35,sam2,1.0,2996.766,45.406
2328,rebounding,1,551,453,2812,145.02,sam2,0.0,0.0,0.0
2329,rebounding,1,551,453,2802,144.51,sam2,0.0,0.0,0.0
2330,rebounding,1,552,453,2857,147.34,sam2,1.0,2996.766,45.406
2331,rebounding,1,551,453,2783,143.53,sam2,1.0,2996.766,45.406
2332,rebounding,1,551,453,2824,145.64,sam2,0.0,0.0,0.0
2333,rebounding,1,552,453,2879,148.48,sam2,1.0,2996.766,45.406
2334,rebounding,1,551,453,2922,150.7,sam2,1.0,2996.766,45.406
2335,rebounding,1,552,453,2916,150.39,sam2,1.0,2996.766,45.406
2336,rebounding,1,551,453,2820,145.44,sam2,1.0,2996.766,45.406
2337,rebounding,1,551,453,2798,144.3,sam2,0.0,0.0,0.0
2338,rebounding,1,552,453,2883,148.68,sam2,1.0,2996.766,45.406
2339,rebounding,1,551,453,2841,146.52,sam2,1.0,2996.766,45.406
2340,rebounding,1,551,453,2789,143.84,sam2,0.0,0.0,0.0
2341,rebounding,1,551,453,2807,144.77,sam2,0.0,0.0,0.0
2342,rebounding,1,551,453,2794,144.09,sam2,0.0,0.0,0.0
2343,rebounding,1,552,453,2869,147.96,sam2,1.0,2996.766,45.406
2344,rebounding,1,552,453,2890,149.05,sam2,0.0,0.0,0.0
2345,rebounding,1,551,453,2797,144.25,sam2,1.0,2996.766,45.406
2346,rebounding,1,552,453,2874,148.22,sam2,1.0,2996.766,45.406
2347,rebounding,1,552,453,2904,149.77,sam2,0.0,0.0,0.0
2348,rebounding,1,552,453,2873,148.17,sam2,0.0,0.0,0.0
2349,rebounding,1,552,453,2915,150.34,sam2,0.0,0.0,0.0
2350,rebounding,1,551,453,2811,144.97,sam2,1.0,2996.766,45.406
2351,rebounding,1,552,453,2903,149.72,sam2,1.0,2996.766,45.406
2352,rebounding,1,551,453,2843,146.62,sam2,1.0,2996.766,45.406
2353,rebounding,1,552,453,2905,149.82,sam2,1.0,2996.766,45.406
2354,rebounding,1,551,453,2808,144.82,sam2,1.0,2996.766,45.406
2355,rebounding,1,551,453,2862,147.6,sam2,0.0,0.0,0.0
2356,rebounding,1,552,453,2880,148.53,sam2,1.0,2996.766,45.406
2357,rebounding,1,551,453,2812,145.02,sam2,1.0,2996.766,45.406
2358,rebounding,1,551,453,2805,144.66,sam2,0.0,0.0,0.0
2359,rebounding,1,552,453,2886,148.84,sam2,1.0,2996.766,45.406
2360,rebounding,1,551,452,2774,143.06,sam2,1.414,4238.068,64.213
2361,rebounding,1,552,453,2869,147.96,sam2,1.414,4238.068,64.213
2362,rebounding,1,551,453,2778,143.27,sam2,1.0,2996.766,45.406
2363,rebounding,1,552,453,2869,147.96,sam2,1.0,2996.766,45.406
2364,rebounding,1,551,452,2770,142.86,sam2,1.414,4238.068,64.213
2365,rebounding,1,551,453,2791,143.94,sam2,1.0,2996.766,45.406
2366,rebounding,1,551,453,2770,142.86,sam2,0.0,0.0,0.0
2367,rebounding,1,552,453,2829,145.9,sam2,1.0,2996.766,45.406
2368,rebounding,1,551,453,2781,143.42,sam2,1.0,2996.766,45.406
2369,rebounding,1,551,452,2756,142.14,sam2,1.0,2996.766,45.406
2370,rebounding,1,552,453,2837,146.31,sam2,1.414,4238.068,64.213
2371,rebounding,1,552,453,2850,146.98,sam2,0.0,0.0,0.0
2372,rebounding,1,551,452,2769,142.81,sam2,1.414,4238.068,64.213
2373,rebounding,1,551,453,2781,143.42,sam2,1.0,2996.766,45.406
2374,rebounding,1,552,453,2867,147.86,sam2,1.0,2996.766,45.406
2375,rebounding,1,552,453,2881,148.58,sam2,0.0,0.0,0.0
2376,rebounding,1,551,453,2794,144.09,sam2,1.0,2996.766,45.406
2377,rebounding,1,551,453,2796,144.2,sam2,0.0,0.0,0.0
2378,rebounding,1,551,453,2791,143.94,sam2,0.0,0.0,0.0
2379,rebounding,1,552,453,2851,147.03,sam2,1.0,2996.766,45.406
2380,rebounding,1,552,453,2870,148.01,sam2,0.0,0.0,0.0
2381,rebounding,1,552,453,2885,148.79,sam2,0.0,0.0,0.0
2382,rebounding,1,552,453,2887,148.89,sam2,0.0,0.0,0.0
2383,rebounding,1,552,453,2878,148.43,sam2,0.0,0.0,0.0
2384,rebounding,1,552,453,2864,147.71,sam2,0.0,0.0,0.0
2385,rebounding,1,552,453,2872,148.12,sam2,0.0,0.0,0.0
2386,rebounding,1,551,453,2808,144.82,sam2,1.0,2996.766,45.406
2387,rebounding,1,551,453,2843,146.62,sam2,0.0,0.0,0.0
2388,rebounding,1,552,453,2902,149.66,sam2,1.0,2996.766,45.406
2389,rebounding,1,551,453,2840,146.47,sam2,1.0,2996.766,45.406
2390,rebounding,1,551,453,2836,146.26,sam2,0.0,0.0,0.0
2391,rebounding,1,551,452,2774,143.06,sam2,1.0,2996.766,45.406
2392,rebounding,1,551,453,2780,143.37,sam2,1.0,2996.766,45.406
2393,rebounding,1,551,452,2774,143.06,sam2,1.0,2996.766,45.406
2394,rebounding,1,552,453,2853,147.14,sam2,1.414,4238.068,64.213
2395,rebounding,1,551,452,2752,141.93,sam2,1.414,4238.068,64.213
2396,rebounding,1,551,453,2802,144.51,sam2,1.0,2996.766,45.406
2397,rebounding,1,552,453,2844,146.67,sam2,1.0,2996.766,45.406
2398,rebounding,1,552,453,2847,146.83,sam2,0.0,0.0,0.0
2399,rebounding,1,551,453,2787,143.73,sam2,1.0,2996.766,45.406
2400,rebounding,1,551,452,2771,142.91,sam2,1.0,2996.766,45.406
2401,rebounding,1,552,453,2876,148.32,sam2,1.414,4238.068,64.213
2402,rebounding,1,551,453,2786,143.68,sam2,1.0,2996.766,45.406
2403,rebounding,1,552,453,2851,147.03,sam2,1.0,2996.766,45.406
2404,rebounding,1,552,453,2875,148.27,sam2,0.0,0.0,0.0
2405,rebounding,1,551,453,2776,143.17,sam2,1.0,2996.766,45.406
2406,rebounding,1,552,453,2849,146.93,sam2,1.0,2996.766,45.406
2407,rebounding,1,551,453,2799,144.35,sam2,1.0,2996.766,45.406
2408,rebounding,1,551,452,2771,142.91,sam2,1.0,2996.766,45.406
2409,rebounding,1,551,453,2798,144.3,sam2,1.0,2996.766,45.406
2410,rebounding,1,551,453,2777,143.22,sam2,0.0,0.0,0.0
2411,rebounding,1,552,453,2858,147.4,sam2,1.0,2996.766,45.406
2412,rebounding,1,552,453,2861,147.55,sam2,0.0,0.0,0.0
2413,rebounding,1,551,453,2790,143.89,sam2,1.0,2996.766,45.406
2414,rebounding,1,551,453,2778,143.27,sam2,0.0,0.0,0.0
2415,rebounding,1,551,452,2764,142.55,sam2,1.0,2996.766,45.406
2416,rebounding,1,551,453,2804,144.61,sam2,1.0,2996.766,45.406
2417,rebounding,1,552,453,2877,148.38,sam2,1.0,2996.766,45.406
2418,rebounding,1,552,453,2886,148.84,sam2,0.0,0.0,0.0
2419,rebounding,1,552,453,2880,148.53,sam2,0.0,0.0,0.0
2420,rebounding,1,551,452,2740,141.31,sam2,1.414,4238.068,64.213
2421,rebounding,1,552,453,2928,151.01,sam2,1.414,4238.068,64.213
2422,rebounding,1,552,453,2918,150.49,sam2,0.0,0.0,0.0
2423,rebounding,1,552,453,2896,149.36,sam2,0.0,0.0,0.0
2424,rebounding,1,551,453,2808,144.82,sam2,1.0,2996.766,45.406
2425,rebounding,1,552,453,2874,148.22,sam2,1.0,2996.766,45.406
2426,rebounding,1,552,453,2872,148.12,sam2,0.0,0.0,0.0
2427,rebounding,1,552,453,2886,148.84,sam2,0.0,0.0,0.0
2428,rebounding,1,551,453,2849,146.93,sam2,1.0,2996.766,45.406
2429,rebounding,1,551,453,2816,145.23,sam2,0.0,0.0,0.0
2430,rebounding,1,551,453,2802,144.51,sam2,0.0,0.0,0.0
2431,rebounding,1,552,453,2863,147.65,sam2,1.0,2996.766,45.406
2432,rebounding,1,552,453,2903,149.72,sam2,0.0,0.0,0.0
2433,rebounding,1,552,453,2899,149.51,sam2,0.0,0.0,0.0
2434,rebounding,1,552,453,2882,148.63,sam2,0.0,0.0,0.0
2435,rebounding,1,551,453,2810,144.92,sam2,1.0,2996.766,45.406
2436,rebounding,1,551,453,2774,143.06,sam2,0.0,0.0,0.0
2437,rebounding,1,551,453,2832,146.05,sam2,0.0,0.0,0.0
2438,rebounding,1,551,453,2846,146.78,sam2,0.0,0.0,0.0
2439,rebounding,1,552,453,2921,150.64,sam2,1.0,2996.766,45.406
2440,rebounding,1,551,453,2802,144.51,sam2,1.0,2996.766,45.406
2441,rebounding,1,552,453,2898,149.46,sam2,1.0,2996.766,45.406
2442,rebounding,1,551,453,2808,144.82,sam2,1.0,2996.766,45.406
2443,rebounding,1,552,453,2880,148.53,sam2,1.0,2996.766,45.406
2444,rebounding,1,552,453,2878,148.43,sam2,0.0,0.0,0.0
2445,rebounding,1,551,453,2778,143.27,sam2,1.0,2996.766,45.406
2446,rebounding,1,552,453,2827,145.8,sam2,1.0,2996.766,45.406
2447,rebounding,1,551,453,2780,143.37,sam2,1.0,2996.766,45.406
2448,rebounding,1,551,453,2827,145.8,sam2,0.0,0.0,0.0
2449,rebounding,1,552,453,2873,148.17,sam2,1.0,2996.766,45.406
2450,rebounding,1,551,453,2796,144.2,sam2,1.0,2996.766,45.406
2451,rebounding,1,552,453,2900,149.56,sam2,1.0,2996.766,45.406
2452,rebounding,1,552,453,2878,148.43,sam2,0.0,0.0,0.0
2453,rebounding,1,551,453,2789,143.84,sam2,1.0,2996.766,45.406
2454,rebounding,1,551,453,2808,144.82,sam2,0.0,0.0,0.0
2455,rebounding,1,551,453,2825,145.69,sam2,0.0,0.0,0.0
2456,rebounding,1,551,453,2841,146.52,sam2,0.0,0.0,0.0
2457,rebounding,1,551,453,2791,143.94,sam2,0.0,0.0,0.0
2458,rebounding,1,552,453,2901,149.61,sam2,1.0,2996.766,45.406
2459,rebounding,1,551,453,2805,144.66,sam2,1.0,2996.766,45.406
2460,rebounding,1,551,453,2774,143.06,sam2,0.0,0.0,0.0
2461,rebounding,1,551,453,2773,143.01,sam2,0.0,0.0,0.0
2462,rebounding,1,552,453,2865,147.76,sam2,1.0,2996.766,45.406
2463,rebounding,1,551,453,2774,143.06,sam2,1.0,2996.766,45.406
2464,rebounding,1,551,453,2782,143.48,sam2,0.0,0.0,0.0
2465,rebounding,1,551,452,2737,141.16,sam2,1.0,2996.766,45.406
2466,rebounding,1,552,453,2858,147.4,sam2,1.414,4238.068,64.213
2467,rebounding,1,552,453,2858,147.4,sam2,0.0,0.0,0.0
2468,rebounding,1,552,453,2888,148.94,sam2,0.0,0.0,0.0
2469,rebounding,1,551,452,2729,140.74,sam2,1.414,4238.068,64.213
2470,rebounding,1,551,452,2760,142.34,sam2,0.0,0.0,0.0
2471,rebounding,1,551,452,2736,141.1,sam2,0.0,0.0,0.0
2472,rebounding,1,551,453,2783,143.53,sam2,1.0,2996.766,45.406
2473,rebounding,1,552,453,2866,147.81,sam2,1.0,2996.766,45.406
2474,rebounding,1,552,453,2861,147.55,sam2,0.0,0.0,0.0
2475,rebounding,1,552,453,2842,146.57,sam2,0.0,0.0,0.0
2476,rebounding,1,551,453,2809,144.87,sam2,1.0,2996.766,45.406
2477,rebounding,1,552,453,2904,149.77,sam2,1.0,2996.766,45.406
2478,rebounding,1,551,453,2807,144.77,sam2,1.0,2996.766,45.406
2479,rebounding,1,551,453,2806,144.71,sam2,0.0,0.0,0.0
2480,rebounding,1,551,453,2787,143.73,sam2,0.0,0.0,0.0
2481,rebounding,1,551,453,2783,143.53,sam2,0.0,0.0,0.0
2482,rebounding,1,551,453,2772,142.96,sam2,0.0,0.0,0.0
2483,rebounding,1,552,453,2860,147.5,sam2,1.0,2996.766,45.406
2484,rebounding,1,552,453,2830,145.95,sam2,0.0,0.0,0.0
2485,rebounding,1,552,453,2878,148.43,sam2,0.0,0.0,0.0
2486,rebounding,1,552,453,2877,148.38,sam2,0.0,0.0,0.0
2487,rebounding,1,551,453,2762,142.44,sam2,1.0,2996.766,45.406
2488,rebounding,1,551,453,2771,142.91,sam2,0.0,0.0,0.0
2489,rebounding,1,552,453,2897,149.41,sam2,1.0,2996.766,45.406
2490,rebounding,1,552,453,2899,149.51,sam2,0.0,0.0,0.0
2491,rebounding,1,551,453,2807,144.77,sam2,1.0,2996.766,45.406
2492,rebounding,1,551,453,2828,145.85,sam2,0.0,0.0,0.0
2493,rebounding,1,551,453,2799,144.35,sam2,0.0,0.0,0.0
2494,rebounding,1,551,453,2810,144.92,sam2,0.0,0.0,0.0
2495,rebounding,1,552,453,2892,149.15,sam2,1.0,2996.766,45.406
2496,rebounding,1,551,453,2808,144.82,sam2,1.0,2996.766,45.406
2497,rebounding,1,552,453,2853,147.14,sam2,1.0,2996.766,45.406
2498,rebounding,1,552,453,2858,147.4,sam2,0.0,0.0,0.0
2499,rebounding,1,552,453,2854,147.19,sam2,0.0,0.0,0.0
2500,rebounding,1,551,453,2776,143.17,sam2,1.0,2996.766,45.406
2501,rebounding,1,551,453,2777,143.22,sam2,0.0,0.0,0.0
2502,rebounding,1,551,452,2765,142.6,sam2,1.0,2996.766,45.406
2503,rebounding,1,551,452,2759,142.29,sam2,0.0,0.0,0.0
2504,rebounding,1,551,452,2744,141.52,sam2,0.0,0.0,0.0
2505,rebounding,1,551,452,2758,142.24,sam2,0.0,0.0,0.0
2506,rebounding,1,551,452,2749,141.77,sam2,0.0,0.0,0.0
2507,rebounding,1,552,453,2839,146.42,sam2,1.414,4238.068,64.213
2508,rebounding,1,552,453,2879,148.48,sam2,0.0,0.0,0.0
2509,rebounding,1,552,453,2860,147.5,sam2,0.0,0.0,0.0
2510,rebounding,1,552,453,2872,148.12,sam2,0.0,0.0,0.0
2511,rebounding,1,551,453,2824,145.64,sam2,1.0,2996.766,45.406
2512,rebounding,1,552,453,2931,151.16,sam2,1.0,2996.766,45.406
2513,rebounding,1,552,453,2879,148.48,sam2,0.0,0.0,0.0
2514,rebounding,1,552,453,2921,150.64,sam2,0.0,0.0,0.0
2515,rebounding,1,551,453,2810,144.92,sam2,1.0,2996.766,45.406
2516,rebounding,1,551,453,2790,143.89,sam2,0.0,0.0,0.0
2517,rebounding,1,552,453,2904,149.77,sam2,1.0,2996.766,45.406
2518,rebounding,1,551,453,2789,143.84,sam2,1.0,2996.766,45.406
2519,rebounding,1,552,453,2863,147.65,sam2,1.0,2996.766,45.406
2520,rebounding,1,551,453,2821,145.49,sam2,1.0,2996.766,45.406
2521,rebounding,1,551,453,2815,145.18,sam2,0.0,0.0,0.0
2522,rebounding,1,552,453,2846,146.78,sam2,1.0,2996.766,45.406
2523,rebounding,1,552,453,2897,149.41,sam2,0.0,0.0,0.0
2524,rebounding,1,552,453,2867,147.86,sam2,0.0,0.0,0.0
2525,rebounding,1,551,452,2769,142.81,sam2,1.414,4238.068,64.213
2526,rebounding,1,551,452,2754,142.03,sam2,0.0,0.0,0.0
2527,rebounding,1,552,453,2854,147.19,sam2,1.414,4238.068,64.213
2528,rebounding,1,551,453,2793,144.04,sam2,1.0,2996.766,45.406
2529,rebounding,1,551,453,2814,145.13,sam2,0.0,0.0,0.0
2530,rebounding,1,551,453,2788,143.79,sam2,0.0,0.0,0.0
2531,rebounding,1,552,453,2858,147.4,sam2,1.0,2996.766,45.406
2532,rebounding,1,552,453,2894,149.25,sam2,0.0,0.0,0.0
2533,rebounding,1,551,452,2761,142.39,sam2,1.414,4238.068,64.213
2534,rebounding,1,551,453,2783,143.53,sam2,1.0,2996.766,45.406
2535,rebounding,1,551,453,2793,144.04,sam2,0.0,0.0,0.0
2536,rebounding,1,551,453,2779,143.32,sam2,0.0,0.0,0.0
2537,rebounding,1,552,453,2855,147.24,sam2,1.0,2996.766,45.406
2538,rebounding,1,551,453,2786,143.68,sam2,1.0,2996.766,45.406
2539,rebounding,1,551,453,2753,141.98,sam2,0.0,0.0,0.0
2540,rebounding,1,551,452,2742,141.41,sam2,1.0,2996.766,45.406
2541,rebounding,1,552,453,2892,149.15,sam2,1.414,4238.068,64.213
2542,rebounding,1,551,452,2748,141.72,sam2,1.414,4238.068,64.213
2543,rebounding,1,552,453,2865,147.76,sam2,1.414,4238.068,64.213
2544,rebounding,1,551,453,2787,143.73,sam2,1.0,2996.766,45.406
2545,rebounding,1,551,453,2799,144.35,sam2,0.0,0.0,0.0
2546,rebounding,1,552,453,2869,147.96,sam2,1.0,2996.766,45.406
2547,rebounding,1,551,453,2774,143.06,sam2,1.0,2996.766,45.406
2548,rebounding,1,551,453,2791,143.94,sam2,0.0,0.0,0.0
2549,rebounding,1,552,453,2882,148.63,sam2,1.0,2996.766,45.406
2550,rebounding,1,551,452,2764,142.55,sam2,1.414,4238.068,64.213
2551,rebounding,1,551,452,2768,142.75,sam2,0.0,0.0,0.0
2552,rebounding,1,552,453,2900,149.56,sam2,1.414,4238.068,64.213
2553,rebounding,1,551,453,2789,143.84,sam2,1.0,2996.766,45.406
2554,rebounding,1,552,453,2885,148.79,sam2,1.0,2996.766,45.406
2555,rebounding,1,551,453,2791,143.94,sam2,1.0,2996.766,45.406
2556,rebounding,1,552,453,2878,148.43,sam2,1.0,2996.766,45.406
2557,rebounding,1,551,452,2769,142.81,sam2,1.414,4238.068,64.213
2558,rebounding,1,551,453,2779,143.32,sam2,1.0,2996.766,45.406
2559,rebounding,1,552,453,2850,146.98,sam2,1.0,2996.766,45.406
2560,rebounding,1,552,453,2851,147.03,sam2,0.0,0.0,0.0
2561,rebounding,1,552,453,2861,147.55,sam2,0.0,0.0,0.0
2562,rebounding,1,551,453,2820,145.44,sam2,1.0,2996.766,45.406
2563,rebounding,1,552,453,2868,147.91,sam2,1.0,2996.766,45.406
2564,rebounding,1,551,453,2838,146.36,sam2,1.0,2996.766,45.406
2565,rebounding,1,552,453,2922,150.7,sam2,1.0,2996.766,45.406
2566,rebounding,1,551,452,2771,142.91,sam2,1.414,4238.068,64.213
2567,rebounding,1,551,453,2782,143.48,sam2,1.0,2996.766,45.406
2568,rebounding,1,551,452,2744,141.52,sam2,1.0,2996.766,45.406
2569,rebounding,1,552,453,2841,146.52,sam2,1.414,4238.068,64.213
2570,rebounding,1,552,453,2880,148.53,sam2,0.0,0.0,0.0
2571,rebounding,1,551,453,2791,143.94,sam2,1.0,2996.766,45.406
