frame,phase,drop_id,cx,cy,area_px,percentage,detection_method,distance_px,velocity_px_per_s,velocity_mm_s
1698,falling,1,728,77,6324,100.0,sam2,,,
1699,falling,1,730,104,6341,100.27,sam2,27.074,81134.374,1229.309
1700,falling,1,733,130,6162,97.44,sam2,26.173,78432.885,1188.377
1701,falling,1,735,157,5985,94.64,sam2,27.074,81134.374,1229.309
1702,falling,1,738,183,5970,94.4,sam2,26.173,78432.885,1188.377
1703,falling,1,740,210,6000,94.88,sam2,27.074,81134.374,1229.309
1704,falling,1,742,237,6016,95.13,sam2,27.074,81134.374,1229.309
1705,falling,1,745,264,6064,95.89,sam2,27.166,81410.624,1233.494
1706,falling,1,747,291,5999,94.86,sam2,27.074,81134.374,1229.309
1707,falling,1,749,317,6065,95.9,sam2,26.077,78146.109,1184.032
1708,falling,1,752,344,6072,96.02,sam2,27.166,81410.624,1233.494
1709,falling,1,754,371,6026,95.29,sam2,27.074,81134.374,1229.309
1710,falling,1,757,398,6015,95.11,sam2,27.166,81410.624,1233.494
1711,spreading,1,759,419,5243,82.91,sam2,21.095,63216.858,957.831
1712,spreading,1,761,431,3343,52.86,sam2,12.166,36457.238,552.382
1713,spreading,1,762,445,3465,54.79,sam2,14.036,42061.622,637.297
1714,spreading,1,767,447,3539,55.96,sam2,5.385,16138.081,244.516
1715,spreading,1,769,447,4115,65.07,sam2,2.0,5993.533,90.811
1716,spreading,1,771,446,4489,70.98,sam2,2.236,6700.974,101.53
1717,spreading,1,773,444,4438,70.18,sam2,2.828,8476.136,128.426
1718,spreading,1,774,441,4379,69.24,sam2,3.162,9476.608,143.585
1719,spreading,1,776,433,5714,90.35,sam2,8.246,24711.97,374.424
1720,spreading,1,779,421,6667,105.42,sam2,12.369,37067.954,561.636
1721,spreading,1,779,411,7663,121.17,sam2,10.0,29967.665,454.056
1722,spreading,1,779,398,8315,131.48,sam2,13.0,38957.964,590.272
1723,spreading,1,780,388,8770,138.68,sam2,10.05,30117.13,456.32
1724,rebounding,1,782,379,9199,145.46,sam2,9.22,27628.822,418.619
1725,rebounding,1,783,369,9631,152.29,sam2,10.05,30117.13,456.32
1726,rebounding,1,784,360,10010,158.29,sam2,9.055,27136.875,411.165
1727,rebounding,1,785,354,10192,161.16,sam2,6.083,18228.619,276.191
1728,rebounding,1,786,378,8739,138.19,sam2,24.021,71984.801,1090.679
1728,rebounding,2,782,211,1395,22.06,sam2,,,
1729,rebounding,1,788,376,9056,143.2,sam2,2.828,8476.136,128.426
1729,rebounding,2,782,194,1438,22.74,sam2,17.0,50945.03,771.894
1730,rebounding,1,789,376,9263,146.47,sam2,1.0,2996.766,45.406
1730,rebounding,2,783,176,1668,26.38,sam2,18.028,54024.976,818.56
1731,rebounding,1,790,376,9325,147.45,sam2,1.0,2996.766,45.406
1731,rebounding,2,784,159,1764,27.89,sam2,17.029,51033.094,773.229
1732,rebounding,1,791,374,8903,140.78,sam2,2.236,6700.974,101.53
1732,rebounding,2,784,142,1732,27.39,sam2,17.0,50945.03,771.894
1733,rebounding,1,792,372,8289,131.07,sam2,2.236,6700.974,101.53
1733,rebounding,2,785,125,1582,25.02,sam2,17.029,51033.094,773.229
1734,rebounding,1,794,371,7854,124.19,sam2,2.236,6700.974,101.53
1734,rebounding,2,786,107,1357,21.46,sam2,18.028,54024.976,818.56
1735,rebounding,1,795,372,7766,122.8,sam2,1.414,4238.068,64.213
1735,rebounding,2,785,86,753,11.91,sam2,21.024,63003.407,954.597
1736,rebounding,1,796,372,7746,122.49,sam2,1.0,2996.766,45.406
1737,rebounding,1,797,370,7575,119.78,sam2,2.236,6700.974,101.53
1738,rebounding,1,798,365,7236,114.42,sam2,5.099,15280.571,231.524
1739,rebounding,1,799,360,6728,106.39,sam2,5.099,15280.571,231.524
1740,rebounding,1,800,358,6414,101.42,sam2,2.236,6700.974,101.53
1741,rebounding,1,801,354,6082,96.17,sam2,4.123,12355.985,187.212
1742,rebounding,1,802,350,5728,90.58,sam2,4.123,12355.985,187.212
1743,rebounding,1,803,349,5326,84.22,sam2,1.414,4238.068,64.213
1744,rebounding,1,803,349,5460,86.34,sam2,0.0,0.0,0.0
1745,rebounding,1,804,349,5580,88.24,sam2,1.0,2996.766,45.406
1746,rebounding,1,806,348,5871,92.84,sam2,2.236,6700.974,101.53
1747,rebounding,1,807,346,6175,97.64,sam2,2.236,6700.974,101.53
1748,rebounding,1,808,343,6451,102.01,sam2,3.162,9476.608,143.585
1749,rebounding,1,809,340,6780,107.21,sam2,3.162,9476.608,143.585
1750,rebounding,1,810,339,6974,110.28,sam2,1.414,4238.068,64.213
1751,rebounding,1,811,338,7084,112.02,sam2,1.414,4238.068,64.213
1752,rebounding,1,812,338,7178,113.5,sam2,1.0,2996.766,45.406
1753,rebounding,1,813,339,7323,115.8,sam2,1.414,4238.068,64.213
1754,rebounding,1,814,338,7147,113.01,sam2,1.414,4238.068,64.213
1755,rebounding,1,815,338,6823,107.89,sam2,1.0,2996.766,45.406
1756,rebounding,1,816,337,6369,100.71,sam2,1.414,4238.068,64.213
1757,rebounding,1,818,336,5940,93.93,sam2,2.236,6700.974,101.53
1758,rebounding,1,819,334,5600,88.55,sam2,2.236,6700.974,101.53
1759,rebounding,1,819,334,5540,87.6,sam2,0.0,0.0,0.0
1760,rebounding,1,820,334,5523,87.33,sam2,1.0,2996.766,45.406
1761,rebounding,1,821,334,5598,88.52,sam2,1.0,2996.766,45.406
1762,rebounding,1,823,334,5753,90.97,sam2,2.0,5993.533,90.811
1763,rebounding,1,824,334,6030,95.35,sam2,1.0,2996.766,45.406
1764,rebounding,1,825,334,6300,99.62,sam2,1.0,2996.766,45.406
1765,rebounding,1,826,333,6556,103.67,sam2,1.414,4238.068,64.213
1766,rebounding,1,827,333,6792,107.4,sam2,1.0,2996.766,45.406
1767,rebounding,1,827,333,6877,108.74,sam2,0.0,0.0,0.0
1768,rebounding,1,828,333,7039,111.31,sam2,1.0,2996.766,45.406
1769,rebounding,1,829,333,7003,110.74,sam2,1.0,2996.766,45.406
1770,rebounding,1,830,334,6827,107.95,sam2,1.414,4238.068,64.213
1771,rebounding,1,832,335,6543,103.46,sam2,2.236,6700.974,101.53
1772,rebounding,1,833,335,6197,97.99,sam2,1.0,2996.766,45.406
1773,rebounding,1,834,336,5843,92.39,sam2,1.414,4238.068,64.213
1774,rebounding,1,835,336,5590,88.39,sam2,1.0,2996.766,45.406
1775,rebounding,1,835,337,5586,88.33,sam2,1.0,2996.766,45.406
1776,rebounding,1,836,338,5738,90.73,sam2,1.414,4238.068,64.213
1777,rebounding,1,838,339,5829,92.17,sam2,2.236,6700.974,101.53
1778,rebounding,1,839,340,5775,91.32,sam2,1.414,4238.068,64.213
1779,rebounding,1,840,340,5958,94.21,sam2,1.0,2996.766,45.406
1780,rebounding,1,842,341,6136,97.03,sam2,2.236,6700.974,101.53
1781,rebounding,1,842,343,6388,101.01,sam2,2.0,5993.533,90.811
1782,rebounding,1,843,344,6581,104.06,sam2,1.414,4238.068,64.213
1783,rebounding,1,844,345,6715,106.18,sam2,1.414,4238.068,64.213
1784,rebounding,1,845,346,6802,107.56,sam2,1.414,4238.068,64.213
1785,rebounding,1,846,348,6793,107.42,sam2,2.236,6700.974,101.53
1786,rebounding,1,847,349,6639,104.98,sam2,1.414,4238.068,64.213
1787,rebounding,1,848,351,6395,101.12,sam2,2.236,6700.974,101.53
1788,rebounding,1,850,353,6130,96.93,sam2,2.828,8476.136,128.426
1789,rebounding,1,851,354,5910,93.45,sam2,1.414,4238.068,64.213
1790,rebounding,1,852,355,5846,92.44,sam2,1.414,4238.068,64.213
1791,rebounding,1,852,357,5919,93.6,sam2,2.0,5993.533,90.811
1792,rebounding,1,853,360,6065,95.9,sam2,3.162,9476.608,143.585
1793,rebounding,1,854,363,6133,96.98,sam2,3.162,9476.608,143.585
1794,rebounding,1,855,365,6022,95.22,sam2,2.236,6700.974,101.53
1795,rebounding,1,857,366,6144,97.15,sam2,2.236,6700.974,101.53
1796,rebounding,1,858,368,6183,97.77,sam2,2.236,6700.974,101.53
1797,rebounding,1,859,370,6172,97.6,sam2,2.236,6700.974,101.53
1798,rebounding,1,860,373,6396,101.14,sam2,3.162,9476.608,143.585
1799,rebounding,1,860,375,6363,100.62,sam2,2.0,5993.533,90.811
1800,rebounding,1,861,378,6540,103.42,sam2,3.162,9476.608,143.585
1801,rebounding,1,862,381,6380,100.89,sam2,3.162,9476.608,143.585
1802,rebounding,1,864,383,6379,100.87,sam2,2.828,8476.136,128.426
1803,rebounding,1,865,386,6184,97.79,sam2,3.162,9476.608,143.585
1804,rebounding,1,866,389,6008,95.0,sam2,3.162,9476.608,143.585
1805,rebounding,1,867,391,5892,93.17,sam2,2.236,6700.974,101.53
1806,rebounding,1,868,394,5991,94.73,sam2,3.162,9476.608,143.585
1807,rebounding,1,869,397,6171,97.58,sam2,3.162,9476.608,143.585
1808,rebounding,1,870,400,6403,101.25,sam2,3.162,9476.608,143.585
1809,rebounding,1,871,404,6483,102.51,sam2,4.123,12355.985,187.212
1810,rebounding,1,872,407,6451,102.01,sam2,3.162,9476.608,143.585
1811,rebounding,1,873,410,6230,98.51,sam2,3.162,9476.608,143.585
1812,rebounding,1,874,412,6051,95.68,sam2,2.236,6700.974,101.53
1813,rebounding,1,875,414,5844,92.41,sam2,2.236,6700.974,101.53
1814,rebounding,1,876,415,5485,86.73,sam2,1.414,4238.068,64.213
1815,rebounding,1,877,418,5410,85.55,sam2,3.162,9476.608,143.585
1816,rebounding,1,877,420,5200,82.23,sam2,2.0,5993.533,90.811
1817,rebounding,1,878,423,5223,82.59,sam2,3.162,9476.608,143.585
1818,rebounding,1,879,425,4808,76.03,sam2,2.236,6700.974,101.53
1819,rebounding,1,880,427,4581,72.44,sam2,2.236,6700.974,101.53
1820,rebounding,1,881,427,4636,73.31,sam2,1.0,2996.766,45.406
1821,rebounding,1,883,426,4828,76.34,sam2,2.236,6700.974,101.53
1822,rebounding,1,884,424,4982,78.78,sam2,2.236,6700.974,101.53
1823,rebounding,1,885,423,5071,80.19,sam2,1.414,4238.068,64.213
1824,rebounding,1,886,423,5333,84.33,sam2,1.0,2996.766,45.406
1825,rebounding,1,887,421,5305,83.89,sam2,2.236,6700.974,101.53
1826,rebounding,1,887,418,5463,86.39,sam2,3.0,8990.299,136.217
1827,rebounding,1,888,416,5702,90.16,sam2,2.236,6700.974,101.53
1828,rebounding,1,889,413,5868,92.79,sam2,3.162,9476.608,143.585
1829,rebounding,1,890,411,5977,94.51,sam2,2.236,6700.974,101.53
1830,rebounding,1,891,409,6035,95.43,sam2,2.236,6700.974,101.53
1831,rebounding,1,892,408,6331,100.11,sam2,1.414,4238.068,64.213
1832,rebounding,1,893,406,6191,97.9,sam2,2.236,6700.974,101.53
1833,rebounding,1,893,405,6281,99.32,sam2,1.0,2996.766,45.406
1834,rebounding,1,893,404,6485,102.55,sam2,1.0,2996.766,45.406
1835,rebounding,1,894,404,6574,103.95,sam2,1.0,2996.766,45.406
1836,rebounding,1,895,404,6704,106.01,sam2,1.0,2996.766,45.406
1837,rebounding,1,895,403,6518,103.07,sam2,1.0,2996.766,45.406
1838,rebounding,1,896,404,6630,104.84,sam2,1.414,4238.068,64.213
1839,rebounding,1,896,405,6545,103.49,sam2,1.0,2996.766,45.406
1840,rebounding,1,895,406,6271,99.16,sam2,1.414,4238.068,64.213
1841,rebounding,1,895,407,6137,97.04,sam2,1.0,2996.766,45.406
1842,rebounding,1,895,408,6043,95.56,sam2,1.0,2996.766,45.406
1843,rebounding,1,895,409,5956,94.18,sam2,1.0,2996.766,45.406
1844,rebounding,1,896,411,6129,96.92,sam2,2.236,6700.974,101.53
1845,rebounding,1,896,412,5775,91.32,sam2,1.0,2996.766,45.406
1846,rebounding,1,895,414,5754,90.99,sam2,2.236,6700.974,101.53
1847,rebounding,1,895,416,5638,89.15,sam2,2.0,5993.533,90.811
1848,rebounding,1,894,418,5584,88.3,sam2,2.236,6700.974,101.53
1849,rebounding,1,894,419,5490,86.81,sam2,1.0,2996.766,45.406
1850,rebounding,1,894,422,5588,88.36,sam2,3.0,8990.299,136.217
1851,rebounding,1,893,423,5344,84.5,sam2,1.414,4238.068,64.213
1852,rebounding,1,893,424,5194,82.13,sam2,1.0,2996.766,45.406
1853,rebounding,1,892,425,5058,79.98,sam2,1.414,4238.068,64.213
1854,rebounding,1,893,425,5077,80.28,sam2,1.0,2996.766,45.406
1855,rebounding,1,892,424,5131,81.14,sam2,1.414,4238.068,64.213
1856,rebounding,1,892,423,5276,83.43,sam2,1.0,2996.766,45.406
1857,rebounding,1,892,422,5258,83.14,sam2,1.0,2996.766,45.406
1858,rebounding,1,891,421,5320,84.12,sam2,1.414,4238.068,64.213
1859,rebounding,1,891,419,5288,83.62,sam2,2.0,5993.533,90.811
1860,rebounding,1,891,418,5318,84.09,sam2,1.0,2996.766,45.406
1861,rebounding,1,891,417,5349,84.58,sam2,1.0,2996.766,45.406
1862,rebounding,1,891,415,5501,86.99,sam2,2.0,5993.533,90.811
1863,rebounding,1,891,414,5865,92.74,sam2,1.0,2996.766,45.406
1864,rebounding,1,890,413,6030,95.35,sam2,1.414,4238.068,64.213
1865,rebounding,1,890,412,6201,98.06,sam2,1.0,2996.766,45.406
1866,rebounding,1,889,411,6125,96.85,sam2,1.414,4238.068,64.213
1867,rebounding,1,889,411,6369,100.71,sam2,0.0,0.0,0.0
1868,rebounding,1,889,412,6421,101.53,sam2,1.0,2996.766,45.406
1869,rebounding,1,889,412,6374,100.79,sam2,0.0,0.0,0.0
1870,rebounding,1,889,412,6091,96.32,sam2,0.0,0.0,0.0
1871,rebounding,1,889,413,5939,93.91,sam2,1.0,2996.766,45.406
1872,rebounding,1,889,414,5940,93.93,sam2,1.0,2996.766,45.406
1873,rebounding,1,888,415,5664,89.56,sam2,1.414,4238.068,64.213
1874,rebounding,1,888,416,5513,87.18,sam2,1.0,2996.766,45.406
1875,rebounding,1,888,418,5412,85.58,sam2,2.0,5993.533,90.811
1876,rebounding,1,889,419,5264,83.24,sam2,1.414,4238.068,64.213
1877,rebounding,1,889,420,5299,83.79,sam2,1.0,2996.766,45.406
1878,rebounding,1,889,422,5221,82.56,sam2,2.0,5993.533,90.811
1879,rebounding,1,889,423,5109,80.79,sam2,1.0,2996.766,45.406
1880,rebounding,1,889,423,5066,80.11,sam2,0.0,0.0,0.0
1881,rebounding,1,889,423,5093,80.53,sam2,0.0,0.0,0.0
1882,rebounding,1,889,423,5153,81.48,sam2,0.0,0.0,0.0
1883,rebounding,1,889,423,5237,82.81,sam2,0.0,0.0,0.0
1884,rebounding,1,889,422,5524,87.35,sam2,1.0,2996.766,45.406
1885,rebounding,1,889,421,5394,85.29,sam2,1.0,2996.766,45.406
1886,rebounding,1,889,420,5435,85.94,sam2,1.0,2996.766,45.406
1887,rebounding,1,889,419,5515,87.21,sam2,1.0,2996.766,45.406
1888,rebounding,1,889,418,5734,90.67,sam2,1.0,2996.766,45.406
1889,rebounding,1,889,416,5614,88.77,sam2,2.0,5993.533,90.811
1890,rebounding,1,889,415,5678,89.78,sam2,1.0,2996.766,45.406
1891,rebounding,1,889,413,5628,88.99,sam2,2.0,5993.533,90.811
1892,rebounding,1,889,413,5722,90.48,sam2,0.0,0.0,0.0
1893,rebounding,1,890,413,6009,95.02,sam2,1.0,2996.766,45.406
1894,rebounding,1,890,412,5875,92.9,sam2,1.0,2996.766,45.406
1895,rebounding,1,890,413,6146,97.19,sam2,1.0,2996.766,45.406
1896,rebounding,1,890,412,5954,94.15,sam2,1.0,2996.766,45.406
1897,rebounding,1,890,412,5879,92.96,sam2,0.0,0.0,0.0
1898,rebounding,1,890,414,6052,95.7,sam2,2.0,5993.533,90.811
1899,rebounding,1,890,414,5793,91.6,sam2,0.0,0.0,0.0
1900,rebounding,1,890,416,5671,89.67,sam2,2.0,5993.533,90.811
1901,rebounding,1,890,418,5823,92.08,sam2,2.0,5993.533,90.811
1902,rebounding,1,890,418,5491,86.83,sam2,0.0,0.0,0.0
1903,rebounding,1,890,420,5364,84.82,sam2,2.0,5993.533,90.811
1904,rebounding,1,890,422,5528,87.41,sam2,2.0,5993.533,90.811
1905,rebounding,1,890,422,5177,81.86,sam2,0.0,0.0,0.0
1906,rebounding,1,890,423,5080,80.33,sam2,1.0,2996.766,45.406
1907,rebounding,1,890,423,5036,79.63,sam2,0.0,0.0,0.0
1908,rebounding,1,890,423,5018,79.35,sam2,0.0,0.0,0.0
1909,rebounding,1,890,423,5067,80.12,sam2,0.0,0.0,0.0
1910,rebounding,1,890,423,5137,81.23,sam2,0.0,0.0,0.0
1911,rebounding,1,890,422,5192,82.1,sam2,1.0,2996.766,45.406
1912,rebounding,1,890,421,5298,83.78,sam2,1.0,2996.766,45.406
1913,rebounding,1,890,419,5430,85.86,sam2,2.0,5993.533,90.811
1914,rebounding,1,891,418,5685,89.9,sam2,1.414,4238.068,64.213
1915,rebounding,1,890,417,5645,89.26,sam2,1.414,4238.068,64.213
1916,rebounding,1,890,416,5737,90.72,sam2,1.0,2996.766,45.406
1917,rebounding,1,890,415,6004,94.94,sam2,1.0,2996.766,45.406
1918,rebounding,1,890,414,5842,92.38,sam2,1.0,2996.766,45.406
1919,rebounding,1,890,413,5794,91.62,sam2,1.0,2996.766,45.406
1920,rebounding,1,890,412,5828,92.16,sam2,1.0,2996.766,45.406
1921,rebounding,1,890,413,6035,95.43,sam2,1.0,2996.766,45.406
1922,rebounding,1,890,413,5811,91.89,sam2,0.0,0.0,0.0
1923,rebounding,1,890,414,5953,94.13,sam2,1.0,2996.766,45.406
1924,rebounding,1,890,415,5948,94.05,sam2,1.0,2996.766,45.406
1925,rebounding,1,890,414,5632,89.06,sam2,1.0,2996.766,45.406
1926,rebounding,1,890,415,5608,88.68,sam2,1.0,2996.766,45.406
1927,rebounding,1,890,417,5586,88.33,sam2,2.0,5993.533,90.811
1928,rebounding,1,890,418,5515,87.21,sam2,1.0,2996.766,45.406
1929,rebounding,1,890,420,5658,89.47,sam2,2.0,5993.533,90.811
1930,rebounding,1,890,421,5596,88.49,sam2,1.0,2996.766,45.406
1931,rebounding,1,890,423,5593,88.44,sam2,2.0,5993.533,90.811
1932,rebounding,1,889,423,5292,83.68,sam2,1.0,2996.766,45.406
1933,rebounding,1,889,423,5262,83.21,sam2,0.0,0.0,0.0
1934,rebounding,1,889,424,5430,85.86,sam2,1.0,2996.766,45.406
1935,rebounding,1,889,423,5222,82.57,sam2,1.0,2996.766,45.406
1936,rebounding,1,889,423,5236,82.8,sam2,0.0,0.0,0.0
1937,rebounding,1,889,423,5428,85.83,sam2,0.0,0.0,0.0
1938,rebounding,1,889,422,5458,86.31,sam2,1.0,2996.766,45.406
1939,rebounding,1,889,420,5321,84.14,sam2,2.0,5993.533,90.811
1940,rebounding,1,889,419,5446,86.12,sam2,1.0,2996.766,45.406
1941,rebounding,1,889,418,5487,86.76,sam2,1.0,2996.766,45.406
1942,rebounding,1,889,416,5561,87.93,sam2,2.0,5993.533,90.811
1943,rebounding,1,889,415,5687,89.93,sam2,1.0,2996.766,45.406
1944,rebounding,1,889,414,5752,90.96,sam2,1.0,2996.766,45.406
1945,rebounding,1,889,415,6050,95.67,sam2,1.0,2996.766,45.406
1946,rebounding,1,889,414,5946,94.02,sam2,1.0,2996.766,45.406
1947,rebounding,1,889,413,6054,95.73,sam2,1.0,2996.766,45.406
1948,rebounding,1,889,414,6048,95.64,sam2,1.0,2996.766,45.406
1949,rebounding,1,889,414,6067,95.94,sam2,0.0,0.0,0.0
1950,rebounding,1,889,414,5773,91.29,sam2,0.0,0.0,0.0
1951,rebounding,1,889,414,5668,89.63,sam2,0.0,0.0,0.0
1952,rebounding,1,889,415,5599,88.54,sam2,1.0,2996.766,45.406
1953,rebounding,1,889,417,5567,88.03,sam2,2.0,5993.533,90.811
1954,rebounding,1,889,418,5401,85.4,sam2,1.0,2996.766,45.406
1955,rebounding,1,889,419,5323,84.17,sam2,1.0,2996.766,45.406
1956,rebounding,1,889,420,5257,83.13,sam2,1.0,2996.766,45.406
1957,rebounding,1,889,421,5187,82.02,sam2,1.0,2996.766,45.406
1958,rebounding,1,889,422,5190,82.07,sam2,1.0,2996.766,45.406
1959,rebounding,1,889,423,5169,81.74,sam2,1.0,2996.766,45.406
1960,rebounding,1,890,424,5395,85.31,sam2,1.414,4238.068,64.213
1961,rebounding,1,890,423,5129,81.1,sam2,1.0,2996.766,45.406
1962,rebounding,1,890,423,5209,82.37,sam2,0.0,0.0,0.0
1963,rebounding,1,890,422,5262,83.21,sam2,1.0,2996.766,45.406
1964,rebounding,1,890,421,5311,83.98,sam2,1.0,2996.766,45.406
1965,rebounding,1,890,421,5634,89.09,sam2,0.0,0.0,0.0
1966,rebounding,1,890,419,5526,87.38,sam2,2.0,5993.533,90.811
1967,rebounding,1,890,418,5459,86.32,sam2,1.0,2996.766,45.406
1968,rebounding,1,890,416,5510,87.13,sam2,2.0,5993.533,90.811
1969,rebounding,1,890,415,5567,88.03,sam2,1.0,2996.766,45.406
1970,rebounding,1,890,415,5683,89.86,sam2,0.0,0.0,0.0
1971,rebounding,1,890,415,5931,93.79,sam2,0.0,0.0,0.0
1972,rebounding,1,890,414,5726,90.54,sam2,1.0,2996.766,45.406
1973,rebounding,1,890,413,5730,90.61,sam2,1.0,2996.766,45.406
1974,rebounding,1,890,414,5995,94.8,sam2,1.0,2996.766,45.406
1975,rebounding,1,890,414,5768,91.21,sam2,0.0,0.0,0.0
1976,rebounding,1,890,414,5735,90.69,sam2,0.0,0.0,0.0
1977,rebounding,1,890,415,5732,90.64,sam2,1.0,2996.766,45.406
1978,rebounding,1,890,416,5679,89.8,sam2,1.0,2996.766,45.406
1979,rebounding,1,890,417,5594,88.46,sam2,1.0,2996.766,45.406
1980,rebounding,1,890,418,5509,87.11,sam2,1.0,2996.766,45.406
1981,rebounding,1,890,419,5433,85.91,sam2,1.0,2996.766,45.406
1982,rebounding,1,890,420,5342,84.47,sam2,1.0,2996.766,45.406
1983,rebounding,1,890,422,5462,86.37,sam2,2.0,5993.533,90.811
1984,rebounding,1,890,422,5178,81.88,sam2,0.0,0.0,0.0
1985,rebounding,1,890,422,5120,80.96,sam2,0.0,0.0,0.0
1986,rebounding,1,890,423,5088,80.46,sam2,1.0,2996.766,45.406
1987,rebounding,1,890,423,5099,80.63,sam2,0.0,0.0,0.0
1988,rebounding,1,890,422,5122,80.99,sam2,1.0,2996.766,45.406
1989,rebounding,1,890,422,5184,81.97,sam2,0.0,0.0,0.0
1990,rebounding,1,889,421,5238,82.83,sam2,1.414,4238.068,64.213
1991,rebounding,1,889,421,5510,87.13,sam2,0.0,0.0,0.0
1992,rebounding,1,889,419,5342,84.47,sam2,2.0,5993.533,90.811
1993,rebounding,1,889,419,5705,90.21,sam2,0.0,0.0,0.0
1994,rebounding,1,889,418,5808,91.84,sam2,1.0,2996.766,45.406
1995,rebounding,1,889,417,5874,92.88,sam2,1.0,2996.766,45.406
1996,rebounding,1,889,415,5763,91.13,sam2,2.0,5993.533,90.811
1997,rebounding,1,889,415,6008,95.0,sam2,0.0,0.0,0.0
1998,rebounding,1,889,414,5795,91.64,sam2,1.0,2996.766,45.406
1999,rebounding,1,889,414,5782,91.43,sam2,0.0,0.0,0.0
2000,rebounding,1,889,415,5999,94.86,sam2,1.0,2996.766,45.406
2001,rebounding,1,889,414,5746,90.86,sam2,1.0,2996.766,45.406
2002,rebounding,1,889,416,5915,93.53,sam2,2.0,5993.533,90.811
2003,rebounding,1,889,415,5652,89.37,sam2,1.0,2996.766,45.406
2004,rebounding,1,889,416,5597,88.5,sam2,1.0,2996.766,45.406
2005,rebounding,1,889,417,5541,87.62,sam2,1.0,2996.766,45.406
2006,rebounding,1,889,418,5520,87.29,sam2,1.0,2996.766,45.406
2007,rebounding,1,889,419,5416,85.64,sam2,1.0,2996.766,45.406
2008,rebounding,1,889,420,5336,84.38,sam2,1.0,2996.766,45.406
2009,rebounding,1,889,421,5322,84.16,sam2,1.0,2996.766,45.406
2010,rebounding,1,889,421,5246,82.95,sam2,0.0,0.0,0.0
2011,rebounding,1,889,422,5226,82.64,sam2,1.0,2996.766,45.406
2012,rebounding,1,889,422,5159,81.58,sam2,0.0,0.0,0.0
2013,rebounding,1,889,423,5197,82.18,sam2,1.0,2996.766,45.406
2014,rebounding,1,889,423,5414,85.61,sam2,0.0,0.0,0.0
2015,rebounding,1,889,422,5212,82.42,sam2,1.0,2996.766,45.406
2016,rebounding,1,889,421,5279,83.48,sam2,1.0,2996.766,45.406
2017,rebounding,1,889,421,5459,86.32,sam2,0.0,0.0,0.0
2018,rebounding,1,889,419,5367,84.87,sam2,2.0,5993.533,90.811
2019,rebounding,1,889,418,5450,86.18,sam2,1.0,2996.766,45.406
2020,rebounding,1,889,417,5484,86.72,sam2,1.0,2996.766,45.406
2021,rebounding,1,889,416,5587,88.35,sam2,1.0,2996.766,45.406
2022,rebounding,1,889,415,5594,88.46,sam2,1.0,2996.766,45.406
2023,rebounding,1,890,414,5657,89.45,sam2,1.414,4238.068,64.213
2024,rebounding,1,890,414,5702,90.16,sam2,0.0,0.0,0.0
2025,rebounding,1,890,414,5718,90.42,sam2,0.0,0.0,0.0
2026,rebounding,1,890,414,5935,93.85,sam2,0.0,0.0,0.0
2027,rebounding,1,890,414,5745,90.84,sam2,0.0,0.0,0.0
2028,rebounding,1,890,414,5716,90.39,sam2,0.0,0.0,0.0
2029,rebounding,1,890,415,5619,88.85,sam2,1.0,2996.766,45.406
2030,rebounding,1,890,416,5564,87.98,sam2,1.0,2996.766,45.406
2031,rebounding,1,890,416,5435,85.94,sam2,0.0,0.0,0.0
2032,rebounding,1,890,417,5393,85.28,sam2,1.0,2996.766,45.406
2033,rebounding,1,890,419,5345,84.52,sam2,2.0,5993.533,90.811
2034,rebounding,1,890,420,5498,86.94,sam2,1.0,2996.766,45.406
2035,rebounding,1,890,421,5279,83.48,sam2,1.0,2996.766,45.406
2036,rebounding,1,890,421,5206,82.32,sam2,0.0,0.0,0.0
2037,rebounding,1,890,422,5158,81.56,sam2,1.0,2996.766,45.406
2038,rebounding,1,890,422,5189,82.05,sam2,0.0,0.0,0.0
2039,rebounding,1,890,422,5102,80.68,sam2,0.0,0.0,0.0
2040,rebounding,1,890,422,5159,81.58,sam2,0.0,0.0,0.0
2041,rebounding,1,890,422,5230,82.7,sam2,0.0,0.0,0.0
2042,rebounding,1,890,421,5235,82.78,sam2,1.0,2996.766,45.406
2043,rebounding,1,890,420,5362,84.79,sam2,1.0,2996.766,45.406
2044,rebounding,1,890,419,5400,85.39,sam2,1.0,2996.766,45.406
2045,rebounding,1,890,418,5478,86.62,sam2,1.0,2996.766,45.406
2046,rebounding,1,890,417,5475,86.57,sam2,1.0,2996.766,45.406
2047,rebounding,1,890,416,5512,87.16,sam2,1.0,2996.766,45.406
2048,rebounding,1,890,415,5507,87.08,sam2,1.0,2996.766,45.406
2049,rebounding,1,890,415,5581,88.25,sam2,0.0,0.0,0.0
2050,rebounding,1,890,415,5798,91.68,sam2,0.0,0.0,0.0
2051,rebounding,1,890,414,5609,88.69,sam2,1.0,2996.766,45.406
2052,rebounding,1,890,415,5838,92.31,sam2,1.0,2996.766,45.406
2053,rebounding,1,890,414,5649,89.33,sam2,1.0,2996.766,45.406
2054,rebounding,1,889,415,5650,89.34,sam2,1.414,4238.068,64.213
2055,rebounding,1,889,415,5635,89.1,sam2,0.0,0.0,0.0
2056,rebounding,1,889,416,5572,88.11,sam2,1.0,2996.766,45.406
2057,rebounding,1,889,417,5561,87.93,sam2,1.0,2996.766,45.406
2058,rebounding,1,889,418,5508,87.1,sam2,1.0,2996.766,45.406
2059,rebounding,1,889,418,5387,85.18,sam2,0.0,0.0,0.0
2060,rebounding,1,889,420,5504,87.03,sam2,2.0,5993.533,90.811
2061,rebounding,1,889,420,5237,82.81,sam2,0.0,0.0,0.0
2062,rebounding,1,889,421,5238,82.83,sam2,1.0,2996.766,45.406
2063,rebounding,1,889,421,5164,81.66,sam2,0.0,0.0,0.0
2064,rebounding,1,889,422,5125,81.04,sam2,1.0,2996.766,45.406
2065,rebounding,1,889,422,5128,81.09,sam2,0.0,0.0,0.0
2066,rebounding,1,889,422,5152,81.47,sam2,0.0,0.0,0.0
2067,rebounding,1,889,422,5167,81.7,sam2,0.0,0.0,0.0
2068,rebounding,1,889,421,5203,82.27,sam2,1.0,2996.766,45.406
2069,rebounding,1,889,420,5262,83.21,sam2,1.0,2996.766,45.406
2070,rebounding,1,889,419,5324,84.19,sam2,1.0,2996.766,45.406
2071,rebounding,1,889,418,5391,85.25,sam2,1.0,2996.766,45.406
2072,rebounding,1,889,418,5734,90.67,sam2,0.0,0.0,0.0
2073,rebounding,1,889,416,5585,88.31,sam2,2.0,5993.533,90.811
2074,rebounding,1,889,416,5639,89.17,sam2,0.0,0.0,0.0
2075,rebounding,1,889,415,5678,89.78,sam2,1.0,2996.766,45.406
2076,rebounding,1,889,415,5686,89.91,sam2,0.0,0.0,0.0
2077,rebounding,1,889,415,5892,93.17,sam2,0.0,0.0,0.0
2078,rebounding,1,889,414,5726,90.54,sam2,1.0,2996.766,45.406
2079,rebounding,1,889,415,5912,93.49,sam2,1.0,2996.766,45.406
2080,rebounding,1,889,415,5649,89.33,sam2,0.0,0.0,0.0
2081,rebounding,1,889,415,5596,88.49,sam2,0.0,0.0,0.0
2082,rebounding,1,889,416,5515,87.21,sam2,1.0,2996.766,45.406
2083,rebounding,1,889,417,5496,86.91,sam2,1.0,2996.766,45.406
2084,rebounding,1,889,417,5416,85.64,sam2,0.0,0.0,0.0
2085,rebounding,1,889,419,5460,86.34,sam2,2.0,5993.533,90.811
2086,rebounding,1,889,420,5373,84.96,sam2,1.0,2996.766,45.406
2087,rebounding,1,889,421,5534,87.51,sam2,1.0,2996.766,45.406
2088,rebounding,1,889,421,5256,83.11,sam2,0.0,0.0,0.0
2089,rebounding,1,889,422,5254,83.08,sam2,1.0,2996.766,45.406
2090,rebounding,1,889,422,5223,82.59,sam2,0.0,0.0,0.0
2091,rebounding,1,890,422,5207,82.34,sam2,1.0,2996.766,45.406
2092,rebounding,1,890,422,5167,81.7,sam2,0.0,0.0,0.0
2093,rebounding,1,890,422,5399,85.37,sam2,0.0,0.0,0.0
2094,rebounding,1,890,421,5258,83.14,sam2,1.0,2996.766,45.406
2095,rebounding,1,890,421,5496,86.91,sam2,0.0,0.0,0.0
2096,rebounding,1,890,420,5382,85.1,sam2,1.0,2996.766,45.406
2097,rebounding,1,890,418,5371,84.93,sam2,2.0,5993.533,90.811
2098,rebounding,1,890,418,5462,86.37,sam2,0.0,0.0,0.0
2099,rebounding,1,890,418,5766,91.18,sam2,0.0,0.0,0.0
2100,rebounding,1,890,416,5609,88.69,sam2,2.0,5993.533,90.811
2101,rebounding,1,890,415,5629,89.01,sam2,1.0,2996.766,45.406
2102,rebounding,1,890,414,5584,88.3,sam2,1.0,2996.766,45.406
2103,rebounding,1,890,415,5895,93.22,sam2,1.0,2996.766,45.406
2104,rebounding,1,890,415,5718,90.42,sam2,0.0,0.0,0.0
2105,rebounding,1,890,415,5731,90.62,sam2,0.0,0.0,0.0
2106,rebounding,1,890,415,5625,88.95,sam2,0.0,0.0,0.0
2107,rebounding,1,890,415,5587,88.35,sam2,0.0,0.0,0.0
2108,rebounding,1,890,416,5622,88.9,sam2,1.0,2996.766,45.406
2109,rebounding,1,890,417,5555,87.84,sam2,1.0,2996.766,45.406
2110,rebounding,1,890,417,5471,86.51,sam2,0.0,0.0,0.0
2111,rebounding,1,890,418,5354,84.66,sam2,1.0,2996.766,45.406
2112,rebounding,1,890,419,5264,83.24,sam2,1.0,2996.766,45.406
2113,rebounding,1,890,420,5196,82.16,sam2,1.0,2996.766,45.406
2114,rebounding,1,890,420,5161,81.61,sam2,0.0,0.0,0.0
2115,rebounding,1,890,421,5155,81.51,sam2,1.0,2996.766,45.406
2116,rebounding,1,890,422,5192,82.1,sam2,1.0,2996.766,45.406
2117,rebounding,1,889,422,5138,81.25,sam2,1.0,2996.766,45.406
2118,rebounding,1,889,422,5161,81.61,sam2,0.0,0.0,0.0
2119,rebounding,1,889,421,5185,81.99,sam2,1.0,2996.766,45.406
2120,rebounding,1,889,421,5215,82.46,sam2,0.0,0.0,0.0
2121,rebounding,1,889,420,5248,82.99,sam2,1.0,2996.766,45.406
2122,rebounding,1,889,419,5366,84.85,sam2,1.0,2996.766,45.406
2123,rebounding,1,889,419,5579,88.22,sam2,0.0,0.0,0.0
2124,rebounding,1,889,418,5481,86.67,sam2,1.0,2996.766,45.406
2125,rebounding,1,889,418,5750,90.92,sam2,0.0,0.0,0.0
2126,rebounding,1,889,416,5605,88.63,sam2,2.0,5993.533,90.811
2127,rebounding,1,889,415,5535,87.52,sam2,1.0,2996.766,45.406
2128,rebounding,1,889,415,5622,88.9,sam2,0.0,0.0,0.0
2129,rebounding,1,889,415,5623,88.92,sam2,0.0,0.0,0.0
2130,rebounding,1,889,415,5635,89.1,sam2,0.0,0.0,0.0
2131,rebounding,1,889,415,5639,89.17,sam2,0.0,0.0,0.0
2132,rebounding,1,889,415,5604,88.61,sam2,0.0,0.0,0.0
2133,rebounding,1,889,416,5800,91.71,sam2,1.0,2996.766,45.406
2134,rebounding,1,889,416,5532,87.48,sam2,0.0,0.0,0.0
2135,rebounding,1,889,417,5487,86.76,sam2,1.0,2996.766,45.406
2136,rebounding,1,889,418,5485,86.73,sam2,1.0,2996.766,45.406
2137,rebounding,1,889,419,5467,86.45,sam2,1.0,2996.766,45.406
2138,rebounding,1,889,419,5388,85.2,sam2,0.0,0.0,0.0
2139,rebounding,1,889,420,5318,84.09,sam2,1.0,2996.766,45.406
2140,rebounding,1,889,420,5211,82.4,sam2,0.0,0.0,0.0
2141,rebounding,1,889,421,5200,82.23,sam2,1.0,2996.766,45.406
2142,rebounding,1,889,421,5139,81.26,sam2,0.0,0.0,0.0
2143,rebounding,1,889,421,5137,81.23,sam2,0.0,0.0,0.0
2144,rebounding,1,889,421,5144,81.34,sam2,0.0,0.0,0.0
2145,rebounding,1,889,421,5206,82.32,sam2,0.0,0.0,0.0
2146,rebounding,1,889,421,5247,82.97,sam2,0.0,0.0,0.0
2147,rebounding,1,889,420,5294,83.71,sam2,1.0,2996.766,45.406
2148,rebounding,1,889,420,5520,87.29,sam2,0.0,0.0,0.0
2149,rebounding,1,889,419,5372,84.95,sam2,1.0,2996.766,45.406
2150,rebounding,1,889,418,5437,85.97,sam2,1.0,2996.766,45.406
2151,rebounding,1,890,418,5684,89.88,sam2,1.0,2996.766,45.406
2152,rebounding,1,889,416,5562,87.95,sam2,2.236,6700.974,101.53
2153,rebounding,1,890,416,5652,89.37,sam2,1.0,2996.766,45.406
2154,rebounding,1,890,415,5624,88.93,sam2,1.0,2996.766,45.406
2155,rebounding,1,890,415,5586,88.33,sam2,0.0,0.0,0.0
2156,rebounding,1,890,415,5627,88.98,sam2,0.0,0.0,0.0
2157,rebounding,1,890,415,5627,88.98,sam2,0.0,0.0,0.0
2158,rebounding,1,890,415,5551,87.78,sam2,0.0,0.0,0.0
2159,rebounding,1,890,416,5560,87.92,sam2,1.0,2996.766,45.406
2160,rebounding,1,890,416,5543,87.65,sam2,0.0,0.0,0.0
2161,rebounding,1,890,418,5731,90.62,sam2,2.0,5993.533,90.811
2162,rebounding,1,890,418,5503,87.02,sam2,0.0,0.0,0.0
2163,rebounding,1,890,418,5445,86.1,sam2,0.0,0.0,0.0
2164,rebounding,1,890,419,5345,84.52,sam2,1.0,2996.766,45.406
2165,rebounding,1,890,420,5352,84.63,sam2,1.0,2996.766,45.406
2166,rebounding,1,890,420,5292,83.68,sam2,0.0,0.0,0.0
2167,rebounding,1,890,421,5261,83.19,sam2,1.0,2996.766,45.406
2168,rebounding,1,890,422,5438,85.99,sam2,1.0,2996.766,45.406
2169,rebounding,1,890,422,5247,82.97,sam2,0.0,0.0,0.0
2170,rebounding,1,890,421,5230,82.7,sam2,1.0,2996.766,45.406
2171,rebounding,1,890,421,5286,83.59,sam2,0.0,0.0,0.0
2172,rebounding,1,890,421,5279,83.48,sam2,0.0,0.0,0.0
2173,rebounding,1,890,420,5318,84.09,sam2,1.0,2996.766,45.406
2174,rebounding,1,890,420,5356,84.69,sam2,0.0,0.0,0.0
2175,rebounding,1,890,419,5417,85.66,sam2,1.0,2996.766,45.406
2176,rebounding,1,889,418,5427,85.82,sam2,1.414,4238.068,64.213
2177,rebounding,1,890,417,5420,85.71,sam2,1.414,4238.068,64.213
2178,rebounding,1,889,417,5527,87.4,sam2,1.0,2996.766,45.406
2179,rebounding,1,890,417,5729,90.59,sam2,1.0,2996.766,45.406
2180,rebounding,1,889,416,5623,88.92,sam2,1.414,4238.068,64.213
2181,rebounding,1,889,416,5735,90.69,sam2,0.0,0.0,0.0
2182,rebounding,1,890,416,5822,92.06,sam2,1.0,2996.766,45.406
2183,rebounding,1,889,416,5762,91.11,sam2,1.0,2996.766,45.406
2184,rebounding,1,890,416,5855,92.58,sam2,1.0,2996.766,45.406
2185,rebounding,1,890,416,5797,91.67,sam2,0.0,0.0,0.0
2186,rebounding,1,890,417,5728,90.58,sam2,1.0,2996.766,45.406
2187,rebounding,1,889,417,5695,90.05,sam2,1.0,2996.766,45.406
2188,rebounding,1,889,418,5683,89.86,sam2,1.0,2996.766,45.406
2189,rebounding,1,889,419,5629,89.01,sam2,1.0,2996.766,45.406
2190,rebounding,1,890,420,5720,90.45,sam2,1.414,4238.068,64.213
2191,rebounding,1,889,420,5504,87.03,sam2,1.0,2996.766,45.406
2192,rebounding,1,889,421,5376,85.01,sam2,1.0,2996.766,45.406
2193,rebounding,1,889,421,5378,85.04,sam2,0.0,0.0,0.0
2194,rebounding,1,889,422,5520,87.29,sam2,1.0,2996.766,45.406
2195,rebounding,1,889,422,5400,85.39,sam2,0.0,0.0,0.0
2196,rebounding,1,889,422,5377,85.03,sam2,0.0,0.0,0.0
2197,rebounding,1,889,422,5313,84.01,sam2,0.0,0.0,0.0
2198,rebounding,1,889,421,5340,84.44,sam2,1.0,2996.766,45.406
2199,rebounding,1,889,421,5428,85.83,sam2,0.0,0.0,0.0
2200,rebounding,1,889,420,5464,86.4,sam2,1.0,2996.766,45.406
2201,rebounding,1,889,419,5460,86.34,sam2,1.0,2996.766,45.406
2202,rebounding,1,889,419,5515,87.21,sam2,0.0,0.0,0.0
2203,rebounding,1,889,418,5548,87.73,sam2,1.0,2996.766,45.406
2204,rebounding,1,889,418,5799,91.7,sam2,0.0,0.0,0.0
2205,rebounding,1,889,418,5875,92.9,sam2,0.0,0.0,0.0
2206,rebounding,1,889,417,5838,92.31,sam2,1.0,2996.766,45.406
2207,rebounding,1,889,416,5728,90.58,sam2,1.0,2996.766,45.406
2208,rebounding,1,889,416,5789,91.54,sam2,0.0,0.0,0.0
2209,rebounding,1,889,417,5823,92.08,sam2,1.0,2996.766,45.406
2210,rebounding,1,889,417,5827,92.14,sam2,0.0,0.0,0.0
2211,rebounding,1,889,417,5789,91.54,sam2,0.0,0.0,0.0
2212,rebounding,1,890,417,5760,91.08,sam2,1.0,2996.766,45.406
2213,rebounding,1,890,418,5697,90.09,sam2,1.0,2996.766,45.406
2214,rebounding,1,890,419,5825,92.11,sam2,1.0,2996.766,45.406
2215,rebounding,1,890,419,5781,91.41,sam2,0.0,0.0,0.0
2216,rebounding,1,890,420,5666,89.6,sam2,1.0,2996.766,45.406
2217,rebounding,1,890,420,5610,88.71,sam2,0.0,0.0,0.0
2218,rebounding,1,890,421,5574,88.14,sam2,1.0,2996.766,45.406
2219,rebounding,1,890,422,5629,89.01,sam2,1.0,2996.766,45.406
2220,rebounding,1,890,422,5537,87.56,sam2,0.0,0.0,0.0
2221,rebounding,1,890,422,5387,85.18,sam2,0.0,0.0,0.0
2222,rebounding,1,890,422,5382,85.1,sam2,0.0,0.0,0.0
2223,rebounding,1,890,422,5546,87.7,sam2,0.0,0.0,0.0
2224,rebounding,1,890,422,5422,85.74,sam2,0.0,0.0,0.0
2225,rebounding,1,890,421,5472,86.53,sam2,1.0,2996.766,45.406
2226,rebounding,1,890,420,5409,85.53,sam2,1.0,2996.766,45.406
2227,rebounding,1,890,420,5423,85.75,sam2,0.0,0.0,0.0
2228,rebounding,1,890,419,5412,85.58,sam2,1.0,2996.766,45.406
2229,rebounding,1,890,419,5696,90.07,sam2,0.0,0.0,0.0
2230,rebounding,1,890,418,5577,88.19,sam2,1.0,2996.766,45.406
2231,rebounding,1,890,417,5566,88.01,sam2,1.0,2996.766,45.406
2232,rebounding,1,890,416,5589,88.38,sam2,1.0,2996.766,45.406
2233,rebounding,1,890,417,5840,92.35,sam2,1.0,2996.766,45.406
2234,rebounding,1,890,416,5680,89.82,sam2,1.0,2996.766,45.406
2235,rebounding,1,890,416,5675,89.74,sam2,0.0,0.0,0.0
2236,rebounding,1,890,416,5600,88.55,sam2,0.0,0.0,0.0
2237,rebounding,1,890,417,5832,92.22,sam2,1.0,2996.766,45.406
2238,rebounding,1,890,417,5630,89.03,sam2,0.0,0.0,0.0
2239,rebounding,1,890,418,5647,89.29,sam2,1.0,2996.766,45.406
2240,rebounding,1,890,418,5500,86.97,sam2,0.0,0.0,0.0
2241,rebounding,1,890,418,5459,86.32,sam2,0.0,0.0,0.0
2242,rebounding,1,890,419,5462,86.37,sam2,1.0,2996.766,45.406
2243,rebounding,1,890,420,5415,85.63,sam2,1.0,2996.766,45.406
2244,rebounding,1,889,420,5371,84.93,sam2,1.0,2996.766,45.406
2245,rebounding,1,889,421,5318,84.09,sam2,1.0,2996.766,45.406
2246,rebounding,1,889,421,5327,84.23,sam2,0.0,0.0,0.0
2247,rebounding,1,889,421,5329,84.27,sam2,0.0,0.0,0.0
2248,rebounding,1,889,422,5366,84.85,sam2,1.0,2996.766,45.406
2249,rebounding,1,889,421,5294,83.71,sam2,1.0,2996.766,45.406
2250,rebounding,1,889,421,5315,84.04,sam2,0.0,0.0,0.0
2251,rebounding,1,889,421,5354,84.66,sam2,0.0,0.0,0.0
2252,rebounding,1,889,420,5402,85.42,sam2,1.0,2996.766,45.406
2253,rebounding,1,889,420,5433,85.91,sam2,0.0,0.0,0.0
2254,rebounding,1,889,420,5678,89.78,sam2,0.0,0.0,0.0
2255,rebounding,1,889,419,5729,90.59,sam2,1.0,2996.766,45.406
2256,rebounding,1,889,418,5554,87.82,sam2,1.0,2996.766,45.406
2257,rebounding,1,889,417,5582,88.27,sam2,1.0,2996.766,45.406
2258,rebounding,1,889,417,5589,88.38,sam2,0.0,0.0,0.0
2259,rebounding,1,889,417,5653,89.39,sam2,0.0,0.0,0.0
2260,rebounding,1,889,416,5661,89.52,sam2,1.0,2996.766,45.406
2261,rebounding,1,889,416,5652,89.37,sam2,0.0,0.0,0.0
2262,rebounding,1,889,416,5622,88.9,sam2,0.0,0.0,0.0
2263,rebounding,1,889,416,5543,87.65,sam2,0.0,0.0,0.0
2264,rebounding,1,889,417,5596,88.49,sam2,1.0,2996.766,45.406
2265,rebounding,1,889,418,5805,91.79,sam2,1.0,2996.766,45.406
2266,rebounding,1,889,418,5530,87.44,sam2,0.0,0.0,0.0
2267,rebounding,1,889,418,5524,87.35,sam2,0.0,0.0,0.0
2268,rebounding,1,889,419,5494,86.88,sam2,1.0,2996.766,45.406
2269,rebounding,1,889,420,5442,86.05,sam2,1.0,2996.766,45.406
2270,rebounding,1,889,420,5372,84.95,sam2,0.0,0.0,0.0
2271,rebounding,1,889,421,5407,85.5,sam2,1.0,2996.766,45.406
2272,rebounding,1,889,421,5263,83.22,sam2,0.0,0.0,0.0
2273,rebounding,1,889,421,5283,83.54,sam2,0.0,0.0,0.0
2274,rebounding,1,889,421,5275,83.41,sam2,0.0,0.0,0.0
2275,rebounding,1,889,421,5306,83.9,sam2,0.0,0.0,0.0
2276,rebounding,1,889,422,5502,87.0,sam2,1.0,2996.766,45.406
2277,rebounding,1,889,421,5355,84.68,sam2,1.0,2996.766,45.406
2278,rebounding,1,889,420,5384,85.14,sam2,1.0,2996.766,45.406
2279,rebounding,1,889,420,5614,88.77,sam2,0.0,0.0,0.0
2280,rebounding,1,889,419,5505,87.05,sam2,1.0,2996.766,45.406
2281,rebounding,1,889,419,5723,90.5,sam2,0.0,0.0,0.0
2282,rebounding,1,889,419,5759,91.07,sam2,0.0,0.0,0.0
2283,rebounding,1,889,418,5612,88.74,sam2,1.0,2996.766,45.406
2284,rebounding,1,889,417,5653,89.39,sam2,1.0,2996.766,45.406
2285,rebounding,1,889,417,5663,89.55,sam2,0.0,0.0,0.0
2286,rebounding,1,889,417,5686,89.91,sam2,0.0,0.0,0.0
2287,rebounding,1,889,416,5655,89.42,sam2,1.0,2996.766,45.406
2288,rebounding,1,889,416,5616,88.8,sam2,0.0,0.0,0.0
2289,rebounding,1,889,417,5588,88.36,sam2,1.0,2996.766,45.406
2290,rebounding,1,889,417,5569,88.06,sam2,0.0,0.0,0.0
2291,rebounding,1,889,418,5634,89.09,sam2,1.0,2996.766,45.406
2292,rebounding,1,889,418,5528,87.41,sam2,0.0,0.0,0.0
2293,rebounding,1,890,419,5687,89.93,sam2,1.414,4238.068,64.213
2294,rebounding,1,889,419,5471,86.51,sam2,1.0,2996.766,45.406
2295,rebounding,1,890,420,5495,86.89,sam2,1.414,4238.068,64.213
2296,rebounding,1,889,420,5468,86.46,sam2,1.0,2996.766,45.406
2297,rebounding,1,889,420,5395,85.31,sam2,0.0,0.0,0.0
2298,rebounding,1,889,421,5360,84.76,sam2,1.0,2996.766,45.406
2299,rebounding,1,889,421,5317,84.08,sam2,0.0,0.0,0.0
2300,rebounding,1,889,421,5242,82.89,sam2,0.0,0.0,0.0
2301,rebounding,1,889,422,5507,87.08,sam2,1.0,2996.766,45.406
2302,rebounding,1,889,421,5336,84.38,sam2,1.0,2996.766,45.406
2303,rebounding,1,889,421,5353,84.65,sam2,0.0,0.0,0.0
2304,rebounding,1,889,420,5376,85.01,sam2,1.0,2996.766,45.406
2305,rebounding,1,889,420,5405,85.47,sam2,0.0,0.0,0.0
2306,rebounding,1,889,419,5422,85.74,sam2,1.0,2996.766,45.406
2307,rebounding,1,889,419,5510,87.13,sam2,0.0,0.0,0.0
2308,rebounding,1,889,419,5691,89.99,sam2,0.0,0.0,0.0
2309,rebounding,1,889,418,5576,88.17,sam2,1.0,2996.766,45.406
2310,rebounding,1,889,418,5765,91.16,sam2,0.0,0.0,0.0
2311,rebounding,1,889,417,5662,89.53,sam2,1.0,2996.766,45.406
2312,rebounding,1,889,417,5629,89.01,sam2,0.0,0.0,0.0
2313,rebounding,1,889,417,5602,88.58,sam2,0.0,0.0,0.0
2314,rebounding,1,889,417,5825,92.11,sam2,0.0,0.0,0.0
2315,rebounding,1,889,418,5838,92.31,sam2,1.0,2996.766,45.406
2316,rebounding,1,889,417,5627,88.98,sam2,1.0,2996.766,45.406
2317,rebounding,1,889,417,5555,87.84,sam2,0.0,0.0,0.0
2318,rebounding,1,889,419,5774,91.3,sam2,2.0,5993.533,90.811
2319,rebounding,1,889,418,5527,87.4,sam2,1.0,2996.766,45.406
2320,rebounding,1,889,419,5545,87.68,sam2,1.0,2996.766,45.406
2321,rebounding,1,889,420,5485,86.73,sam2,1.0,2996.766,45.406
2322,rebounding,1,889,421,5595,88.47,sam2,1.0,2996.766,45.406
2323,rebounding,1,889,420,5428,85.83,sam2,1.0,2996.766,45.406
2324,rebounding,1,889,421,5413,85.59,sam2,1.0,2996.766,45.406
2325,rebounding,1,888,421,5310,83.97,sam2,1.0,2996.766,45.406
2326,rebounding,1,889,421,5292,83.68,sam2,1.0,2996.766,45.406
2327,rebounding,1,889,421,5351,84.61,sam2,0.0,0.0,0.0
2328,rebounding,1,889,421,5385,85.15,sam2,0.0,0.0,0.0
2329,rebounding,1,889,421,5535,87.52,sam2,0.0,0.0,0.0
2330,rebounding,1,889,421,5480,86.65,sam2,0.0,0.0,0.0
2331,rebounding,1,889,420,5429,85.85,sam2,1.0,2996.766,45.406
2332,rebounding,1,889,419,5458,86.31,sam2,1.0,2996.766,45.406
2333,rebounding,1,889,419,5455,86.26,sam2,0.0,0.0,0.0
2334,rebounding,1,889,418,5565,88.0,sam2,1.0,2996.766,45.406
2335,rebounding,1,889,419,5826,92.13,sam2,1.0,2996.766,45.406
2336,rebounding,1,889,418,5809,91.86,sam2,1.0,2996.766,45.406
2337,rebounding,1,889,418,5690,89.97,sam2,0.0,0.0,0.0
2338,rebounding,1,889,417,5653,89.39,sam2,1.0,2996.766,45.406
2339,rebounding,1,889,417,5635,89.1,sam2,0.0,0.0,0.0
2340,rebounding,1,889,417,5644,89.25,sam2,0.0,0.0,0.0
2341,rebounding,1,889,417,5644,89.25,sam2,0.0,0.0,0.0
2342,rebounding,1,889,418,5649,89.33,sam2,1.0,2996.766,45.406
2343,rebounding,1,889,418,5731,90.62,sam2,0.0,0.0,0.0
2344,rebounding,1,889,419,5759,91.07,sam2,1.0,2996.766,45.406
2345,rebounding,1,889,418,5545,87.68,sam2,1.0,2996.766,45.406
2346,rebounding,1,889,419,5450,86.18,sam2,1.0,2996.766,45.406
2347,rebounding,1,889,419,5415,85.63,sam2,0.0,0.0,0.0
2348,rebounding,1,889,421,5659,89.48,sam2,2.0,5993.533,90.811
2349,rebounding,1,889,420,5458,86.31,sam2,1.0,2996.766,45.406
2350,rebounding,1,889,421,5403,85.44,sam2,1.0,2996.766,45.406
2351,rebounding,1,889,421,5323,84.17,sam2,0.0,0.0,0.0
2352,rebounding,1,889,421,5318,84.09,sam2,0.0,0.0,0.0
2353,rebounding,1,889,421,5292,83.68,sam2,0.0,0.0,0.0
2354,rebounding,1,889,421,5290,83.65,sam2,0.0,0.0,0.0
2355,rebounding,1,889,421,5349,84.58,sam2,0.0,0.0,0.0
2356,rebounding,1,889,420,5320,84.12,sam2,1.0,2996.766,45.406
2357,rebounding,1,889,420,5337,84.39,sam2,0.0,0.0,0.0
2358,rebounding,1,889,419,5400,85.39,sam2,1.0,2996.766,45.406
2359,rebounding,1,889,419,5390,85.23,sam2,0.0,0.0,0.0
2360,rebounding,1,889,418,5451,86.2,sam2,1.0,2996.766,45.406
2361,rebounding,1,889,418,5530,87.44,sam2,0.0,0.0,0.0
2362,rebounding,1,889,418,5553,87.81,sam2,0.0,0.0,0.0
2363,rebounding,1,889,417,5540,87.6,sam2,1.0,2996.766,45.406
2364,rebounding,1,889,417,5710,90.29,sam2,0.0,0.0,0.0
2365,rebounding,1,889,417,5617,88.82,sam2,0.0,0.0,0.0
2366,rebounding,1,889,417,5595,88.47,sam2,0.0,0.0,0.0
2367,rebounding,1,889,417,5597,88.5,sam2,0.0,0.0,0.0
2368,rebounding,1,889,418,5771,91.26,sam2,1.0,2996.766,45.406
2369,rebounding,1,889,418,5759,91.07,sam2,0.0,0.0,0.0
2370,rebounding,1,889,418,5568,88.05,sam2,0.0,0.0,0.0
2371,rebounding,1,889,418,5483,86.7,sam2,0.0,0.0,0.0
2372,rebounding,1,889,418,5403,85.44,sam2,0.0,0.0,0.0
2373,rebounding,1,889,419,5416,85.64,sam2,1.0,2996.766,45.406
2374,rebounding,1,889,420,5388,85.2,sam2,1.0,2996.766,45.406
2375,rebounding,1,889,420,5400,85.39,sam2,0.0,0.0,0.0
2376,rebounding,1,889,420,5362,84.79,sam2,0.0,0.0,0.0
2377,rebounding,1,889,421,5503,87.02,sam2,1.0,2996.766,45.406
2378,rebounding,1,889,421,5521,87.3,sam2,0.0,0.0,0.0
2379,rebounding,1,889,421,5546,87.7,sam2,0.0,0.0,0.0
2380,rebounding,1,889,421,5560,87.92,sam2,0.0,0.0,0.0
2381,rebounding,1,889,421,5581,88.25,sam2,0.0,0.0,0.0
2382,rebounding,1,889,420,5429,85.85,sam2,1.0,2996.766,45.406
2383,rebounding,1,888,420,5471,86.51,sam2,1.0,2996.766,45.406
2384,rebounding,1,889,420,5493,86.86,sam2,1.0,2996.766,45.406
2385,rebounding,1,889,419,5514,87.19,sam2,1.0,2996.766,45.406
2386,rebounding,1,889,419,5505,87.05,sam2,0.0,0.0,0.0
2387,rebounding,1,889,418,5568,88.05,sam2,1.0,2996.766,45.406
2388,rebounding,1,888,418,5507,87.08,sam2,1.0,2996.766,45.406
2389,rebounding,1,888,417,5534,87.51,sam2,1.0,2996.766,45.406
2390,rebounding,1,889,418,5750,90.92,sam2,1.414,4238.068,64.213
2391,rebounding,1,889,418,5767,91.19,sam2,0.0,0.0,0.0
2392,rebounding,1,888,417,5598,88.52,sam2,1.414,4238.068,64.213
2393,rebounding,1,889,418,5820,92.03,sam2,1.414,4238.068,64.213
2394,rebounding,1,889,418,5791,91.57,sam2,0.0,0.0,0.0
2395,rebounding,1,888,418,5563,87.97,sam2,1.0,2996.766,45.406
2396,rebounding,1,889,419,5835,92.27,sam2,1.414,4238.068,64.213
2397,rebounding,1,889,419,5782,91.43,sam2,0.0,0.0,0.0
2398,rebounding,1,889,419,5532,87.48,sam2,0.0,0.0,0.0
2399,rebounding,1,889,420,5710,90.29,sam2,1.0,2996.766,45.406
2400,rebounding,1,889,421,5715,90.37,sam2,1.0,2996.766,45.406
2401,rebounding,1,889,420,5443,86.07,sam2,1.0,2996.766,45.406
2402,rebounding,1,889,420,5440,86.02,sam2,0.0,0.0,0.0
2403,rebounding,1,889,421,5398,85.36,sam2,1.0,2996.766,45.406
2404,rebounding,1,889,422,5612,88.74,sam2,1.0,2996.766,45.406
2405,rebounding,1,889,421,5426,85.8,sam2,1.0,2996.766,45.406
2406,rebounding,1,889,421,5570,88.08,sam2,0.0,0.0,0.0
2407,rebounding,1,889,421,5602,88.58,sam2,0.0,0.0,0.0
2408,rebounding,1,889,421,5668,89.63,sam2,0.0,0.0,0.0
2409,rebounding,1,889,421,5693,90.02,sam2,0.0,0.0,0.0
2410,rebounding,1,889,420,5535,87.52,sam2,1.0,2996.766,45.406
2411,rebounding,1,890,420,5815,91.95,sam2,1.0,2996.766,45.406
2412,rebounding,1,890,420,5881,92.99,sam2,0.0,0.0,0.0
2413,rebounding,1,890,420,5872,92.85,sam2,0.0,0.0,0.0
2414,rebounding,1,889,419,5756,91.02,sam2,1.414,4238.068,64.213
2415,rebounding,1,889,418,5708,90.26,sam2,1.0,2996.766,45.406
2416,rebounding,1,889,418,5655,89.42,sam2,0.0,0.0,0.0
2417,rebounding,1,889,418,5666,89.6,sam2,0.0,0.0,0.0
2418,rebounding,1,889,418,5913,93.5,sam2,0.0,0.0,0.0
2419,rebounding,1,889,417,5631,89.04,sam2,1.0,2996.766,45.406
2420,rebounding,1,889,418,5618,88.84,sam2,1.0,2996.766,45.406
2421,rebounding,1,889,418,5597,88.5,sam2,0.0,0.0,0.0
2422,rebounding,1,889,418,5544,87.67,sam2,0.0,0.0,0.0
2423,rebounding,1,889,418,5517,87.24,sam2,0.0,0.0,0.0
2424,rebounding,1,889,419,5480,86.65,sam2,1.0,2996.766,45.406
2425,rebounding,1,889,419,5632,89.06,sam2,0.0,0.0,0.0
2426,rebounding,1,889,420,5450,86.18,sam2,1.0,2996.766,45.406
2427,rebounding,1,889,421,5600,88.55,sam2,1.0,2996.766,45.406
2428,rebounding,1,889,420,5406,85.48,sam2,1.0,2996.766,45.406
2429,rebounding,1,889,421,5579,88.22,sam2,1.0,2996.766,45.406
2430,rebounding,1,889,421,5388,85.2,sam2,0.0,0.0,0.0
2431,rebounding,1,889,421,5400,85.39,sam2,0.0,0.0,0.0
2432,rebounding,1,889,421,5409,85.53,sam2,0.0,0.0,0.0
2433,rebounding,1,889,421,5567,88.03,sam2,0.0,0.0,0.0
2434,rebounding,1,889,421,5633,89.07,sam2,0.0,0.0,0.0
2435,rebounding,1,889,421,5679,89.8,sam2,0.0,0.0,0.0
2436,rebounding,1,889,420,5486,86.75,sam2,1.0,2996.766,45.406
2437,rebounding,1,889,420,5504,87.03,sam2,0.0,0.0,0.0
2438,rebounding,1,889,420,5701,90.15,sam2,0.0,0.0,0.0
2439,rebounding,1,889,419,5787,91.51,sam2,1.0,2996.766,45.406
2440,rebounding,1,889,419,5819,92.01,sam2,0.0,0.0,0.0
2441,rebounding,1,889,419,5832,92.22,sam2,0.0,0.0,0.0
2442,rebounding,1,889,418,5583,88.28,sam2,1.0,2996.766,45.406
2443,rebounding,1,889,418,5833,92.24,sam2,0.0,0.0,0.0
2444,rebounding,1,889,418,5688,89.94,sam2,0.0,0.0,0.0
2445,rebounding,1,889,418,5684,89.88,sam2,0.0,0.0,0.0
2446,rebounding,1,889,418,5654,89.41,sam2,0.0,0.0,0.0
2447,rebounding,1,889,419,5898,93.26,sam2,1.0,2996.766,45.406
2448,rebounding,1,889,418,5589,88.38,sam2,1.0,2996.766,45.406
2449,rebounding,1,889,419,5559,87.9,sam2,1.0,2996.766,45.406
2450,rebounding,1,889,419,5527,87.4,sam2,0.0,0.0,0.0
2451,rebounding,1,889,420,5667,89.61,sam2,1.0,2996.766,45.406
2452,rebounding,1,889,420,5630,89.03,sam2,0.0,0.0,0.0
2453,rebounding,1,889,420,5452,86.21,sam2,0.0,0.0,0.0
2454,rebounding,1,889,421,5632,89.06,sam2,1.0,2996.766,45.406
2455,rebounding,1,889,421,5637,89.14,sam2,0.0,0.0,0.0
2456,rebounding,1,889,421,5427,85.82,sam2,0.0,0.0,0.0
2457,rebounding,1,889,421,5459,86.32,sam2,0.0,0.0,0.0
2458,rebounding,1,889,421,5594,88.46,sam2,0.0,0.0,0.0
2459,rebounding,1,889,421,5434,85.93,sam2,0.0,0.0,0.0
2460,rebounding,1,889,421,5467,86.45,sam2,0.0,0.0,0.0
2461,rebounding,1,889,421,5689,89.96,sam2,0.0,0.0,0.0
2462,rebounding,1,889,420,5454,86.24,sam2,1.0,2996.766,45.406
2463,rebounding,1,889,420,5695,90.05,sam2,0.0,0.0,0.0
2464,rebounding,1,889,420,5585,88.31,sam2,0.0,0.0,0.0
2465,rebounding,1,889,420,5768,91.21,sam2,0.0,0.0,0.0
2466,rebounding,1,889,419,5573,88.12,sam2,1.0,2996.766,45.406
2467,rebounding,1,889,418,5534,87.51,sam2,1.0,2996.766,45.406
2468,rebounding,1,889,418,5554,87.82,sam2,0.0,0.0,0.0
2469,rebounding,1,889,418,5584,88.3,sam2,0.0,0.0,0.0
2470,rebounding,1,889,417,5547,87.71,sam2,1.0,2996.766,45.406
2471,rebounding,1,889,418,5576,88.17,sam2,1.0,2996.766,45.406
2472,rebounding,1,889,418,5746,90.86,sam2,0.0,0.0,0.0
2473,rebounding,1,889,418,5713,90.34,sam2,0.0,0.0,0.0
2474,rebounding,1,889,418,5514,87.19,sam2,0.0,0.0,0.0
2475,rebounding,1,889,419,5718,90.42,sam2,1.0,2996.766,45.406
2476,rebounding,1,889,420,5750,90.92,sam2,1.0,2996.766,45.406
2477,rebounding,1,890,420,5736,90.7,sam2,1.0,2996.766,45.406
2478,rebounding,1,889,420,5527,87.4,sam2,1.0,2996.766,45.406
2479,rebounding,1,890,421,5674,89.72,sam2,1.414,4238.068,64.213
2480,rebounding,1,889,420,5444,86.08,sam2,1.414,4238.068,64.213
2481,rebounding,1,889,421,5664,89.56,sam2,1.0,2996.766,45.406
2482,rebounding,1,889,421,5445,86.1,sam2,0.0,0.0,0.0
2483,rebounding,1,889,421,5429,85.85,sam2,0.0,0.0,0.0
2484,rebounding,1,889,421,5581,88.25,sam2,0.0,0.0,0.0
2485,rebounding,1,889,420,5368,84.88,sam2,1.0,2996.766,45.406
2486,rebounding,1,889,420,5418,85.67,sam2,0.0,0.0,0.0
2487,rebounding,1,889,421,5645,89.26,sam2,1.0,2996.766,45.406
2488,rebounding,1,889,421,5675,89.74,sam2,0.0,0.0,0.0
2489,rebounding,1,889,420,5679,89.8,sam2,1.0,2996.766,45.406
2490,rebounding,1,889,419,5527,87.4,sam2,1.0,2996.766,45.406
2491,rebounding,1,889,419,5488,86.78,sam2,0.0,0.0,0.0
2492,rebounding,1,889,418,5538,87.57,sam2,1.0,2996.766,45.406
2493,rebounding,1,889,418,5592,88.43,sam2,0.0,0.0,0.0
2494,rebounding,1,889,418,5607,88.66,sam2,0.0,0.0,0.0
2495,rebounding,1,889,418,5578,88.2,sam2,0.0,0.0,0.0
2496,rebounding,1,889,418,5544,87.67,sam2,0.0,0.0,0.0
2497,rebounding,1,889,418,5749,90.91,sam2,0.0,0.0,0.0
2498,rebounding,1,889,418,5509,87.11,sam2,0.0,0.0,0.0
2499,rebounding,1,889,418,5498,86.94,sam2,0.0,0.0,0.0
2500,rebounding,1,889,418,5441,86.04,sam2,0.0,0.0,0.0
2501,rebounding,1,889,419,5701,90.15,sam2,1.0,2996.766,45.406
2502,rebounding,1,889,419,5513,87.18,sam2,0.0,0.0,0.0
2503,rebounding,1,889,420,5636,89.12,sam2,1.0,2996.766,45.406
2504,rebounding,1,889,419,5381,85.09,sam2,1.0,2996.766,45.406
2505,rebounding,1,889,419,5377,85.03,sam2,0.0,0.0,0.0
2506,rebounding,1,889,420,5349,84.58,sam2,1.0,2996.766,45.406
2507,rebounding,1,889,421,5548,87.73,sam2,1.0,2996.766,45.406
2508,rebounding,1,889,420,5337,84.39,sam2,1.0,2996.766,45.406
2509,rebounding,1,889,421,5391,85.25,sam2,1.0,2996.766,45.406
2510,rebounding,1,889,420,5341,84.46,sam2,1.0,2996.766,45.406
2511,rebounding,1,889,420,5238,82.83,sam2,0.0,0.0,0.0
2512,rebounding,1,889,421,5545,87.68,sam2,1.0,2996.766,45.406
2513,rebounding,1,889,420,5367,84.87,sam2,1.0,2996.766,45.406
2514,rebounding,1,889,420,5576,88.17,sam2,0.0,0.0,0.0
2515,rebounding,1,889,420,5640,89.18,sam2,0.0,0.0,0.0
2516,rebounding,1,889,419,5474,86.56,sam2,1.0,2996.766,45.406
2517,rebounding,1,889,419,5533,87.49,sam2,0.0,0.0,0.0
2518,rebounding,1,889,419,5724,90.51,sam2,0.0,0.0,0.0
2519,rebounding,1,889,419,5767,91.19,sam2,0.0,0.0,0.0
2520,rebounding,1,889,418,5526,87.38,sam2,1.0,2996.766,45.406
2521,rebounding,1,889,418,5547,87.71,sam2,0.0,0.0,0.0
2522,rebounding,1,889,418,5694,90.04,sam2,0.0,0.0,0.0
2523,rebounding,1,889,418,5724,90.51,sam2,0.0,0.0,0.0
2524,rebounding,1,889,418,5545,87.68,sam2,0.0,0.0,0.0
2525,rebounding,1,889,418,5559,87.9,sam2,0.0,0.0,0.0
2526,rebounding,1,889,418,5533,87.49,sam2,0.0,0.0,0.0
2527,rebounding,1,889,419,5530,87.44,sam2,1.0,2996.766,45.406
2528,rebounding,1,889,419,5523,87.33,sam2,0.0,0.0,0.0
2529,rebounding,1,889,419,5472,86.53,sam2,0.0,0.0,0.0
2530,rebounding,1,889,419,5409,85.53,sam2,0.0,0.0,0.0
2531,rebounding,1,889,420,5560,87.92,sam2,1.0,2996.766,45.406
2532,rebounding,1,889,420,5395,85.31,sam2,0.0,0.0,0.0
2533,rebounding,1,889,421,5615,88.79,sam2,1.0,2996.766,45.406
2534,rebounding,1,889,420,5385,85.15,sam2,1.0,2996.766,45.406
2535,rebounding,1,889,420,5398,85.36,sam2,0.0,0.0,0.0
2536,rebounding,1,889,420,5371,84.93,sam2,0.0,0.0,0.0
2537,rebounding,1,889,420,5366,84.85,sam2,0.0,0.0,0.0
2538,rebounding,1,889,421,5590,88.39,sam2,1.0,2996.766,45.406
2539,rebounding,1,889,421,5621,88.88,sam2,0.0,0.0,0.0
2540,rebounding,1,889,420,5574,88.14,sam2,1.0,2996.766,45.406
2541,rebounding,1,889,419,5431,85.88,sam2,1.0,2996.766,45.406
2542,rebounding,1,889,419,5455,86.26,sam2,0.0,0.0,0.0
2543,rebounding,1,889,420,5707,90.24,sam2,1.0,2996.766,45.406
2544,rebounding,1,889,419,5495,86.89,sam2,1.0,2996.766,45.406
2545,rebounding,1,889,418,5516,87.22,sam2,1.0,2996.766,45.406
2546,rebounding,1,889,419,5734,90.67,sam2,1.0,2996.766,45.406
2547,rebounding,1,889,418,5520,87.29,sam2,1.0,2996.766,45.406
2548,rebounding,1,889,417,5474,86.56,sam2,1.0,2996.766,45.406
2549,rebounding,1,889,419,5749,90.91,sam2,2.0,5993.533,90.811
2550,rebounding,1,889,418,5586,88.33,sam2,1.0,2996.766,45.406
2551,rebounding,1,889,418,5528,87.41,sam2,0.0,0.0,0.0
2552,rebounding,1,889,419,5736,90.7,sam2,1.0,2996.766,45.406
2553,rebounding,1,889,419,5675,89.74,sam2,0.0,0.0,0.0
2554,rebounding,1,889,418,5449,86.16,sam2,1.0,2996.766,45.406
2555,rebounding,1,889,419,5459,86.32,sam2,1.0,2996.766,45.406
2556,rebounding,1,889,420,5606,88.65,sam2,1.0,2996.766,45.406
2557,rebounding,1,889,420,5463,86.39,sam2,0.0,0.0,0.0
2558,rebounding,1,889,420,5442,86.05,sam2,0.0,0.0,0.0
2559,rebounding,1,889,420,5401,85.4,sam2,0.0,0.0,0.0
2560,rebounding,1,889,420,5346,84.54,sam2,0.0,0.0,0.0
2561,rebounding,1,889,420,5375,84.99,sam2,0.0,0.0,0.0
2562,rebounding,1,889,421,5591,88.41,sam2,1.0,2996.766,45.406
2563,rebounding,1,889,420,5371,84.93,sam2,1.0,2996.766,45.406
2564,rebounding,1,889,421,5553,87.81,sam2,1.0,2996.766,45.406
2565,rebounding,1,889,420,5398,85.36,sam2,1.0,2996.766,45.406
2566,rebounding,1,889,420,5404,85.45,sam2,0.0,0.0,0.0
2567,rebounding,1,889,420,5438,85.99,sam2,0.0,0.0,0.0
2568,rebounding,1,889,420,5659,89.48,sam2,0.0,0.0,0.0
2569,rebounding,1,889,420,5692,90.01,sam2,0.0,0.0,0.0
2570,rebounding,1,889,419,5520,87.29,sam2,1.0,2996.766,45.406
2571,rebounding,1,889,418,5493,86.86,sam2,1.0,2996.766,45.406
2572,rebounding,1,889,418,5506,87.07,sam2,0.0,0.0,0.0
2573,rebounding,1,889,418,5517,87.24,sam2,0.0,0.0,0.0
2574,rebounding,1,889,419,5773,91.29,sam2,1.0,2996.766,45.406
2575,rebounding,1,889,418,5711,90.31,sam2,1.0,2996.766,45.406
2576,rebounding,1,889,418,5541,87.62,sam2,0.0,0.0,0.0
2577,rebounding,1,889,418,5492,86.84,sam2,0.0,0.0,0.0
2578,rebounding,1,889,419,5715,90.37,sam2,1.0,2996.766,45.406
2579,rebounding,1,889,419,5519,87.27,sam2,0.0,0.0,0.0
2580,rebounding,1,889,418,5467,86.45,sam2,1.0,2996.766,45.406
2581,rebounding,1,889,419,5616,88.8,sam2,1.0,2996.766,45.406
2582,rebounding,1,889,419,5472,86.53,sam2,0.0,0.0,0.0
2583,rebounding,1,889,420,5636,89.12,sam2,1.0,2996.766,45.406
2584,rebounding,1,889,420,5638,89.15,sam2,0.0,0.0,0.0
2585,rebounding,1,889,421,5629,89.01,sam2,1.0,2996.766,45.406
2586,rebounding,1,889,421,5724,90.51,sam2,0.0,0.0,0.0
2587,rebounding,1,889,421,5725,90.53,sam2,0.0,0.0,0.0
2588,rebounding,1,889,421,5485,86.73,sam2,0.0,0.0,0.0
2589,rebounding,1,889,421,5711,90.31,sam2,0.0,0.0,0.0
2590,rebounding,1,889,421,5593,88.44,sam2,0.0,0.0,0.0
2591,rebounding,1,889,421,5523,87.33,sam2,0.0,0.0,0.0
2592,rebounding,1,889,420,5514,87.19,sam2,1.0,2996.766,45.406
2593,rebounding,1,889,420,5454,86.24,sam2,0.0,0.0,0.0
2594,rebounding,1,889,420,5725,90.53,sam2,0.0,0.0,0.0
2595,rebounding,1,889,420,5584,88.3,sam2,0.0,0.0,0.0
2596,rebounding,1,889,420,5775,91.32,sam2,0.0,0.0,0.0
2597,rebounding,1,889,418,5513,87.18,sam2,2.0,5993.533,90.811
2598,rebounding,1,889,419,5558,87.89,sam2,1.0,2996.766,45.406
2599,rebounding,1,889,418,5541,87.62,sam2,1.0,2996.766,45.406
2600,rebounding,1,889,418,5554,87.82,sam2,0.0,0.0,0.0
2601,rebounding,1,889,419,5602,88.58,sam2,1.0,2996.766,45.406
2602,rebounding,1,889,419,5776,91.33,sam2,0.0,0.0,0.0
2603,rebounding,1,889,419,5787,91.51,sam2,0.0,0.0,0.0
2604,rebounding,1,889,419,5753,90.97,sam2,0.0,0.0,0.0
2605,rebounding,1,889,419,5562,87.95,sam2,0.0,0.0,0.0
2606,rebounding,1,889,419,5497,86.92,sam2,0.0,0.0,0.0
2607,rebounding,1,889,420,5690,89.97,sam2,1.0,2996.766,45.406
2608,rebounding,1,889,419,5517,87.24,sam2,1.0,2996.766,45.406
2609,rebounding,1,889,420,5493,86.86,sam2,1.0,2996.766,45.406
2610,rebounding,1,889,420,5474,86.56,sam2,0.0,0.0,0.0
2611,rebounding,1,889,420,5428,85.83,sam2,0.0,0.0,0.0
2612,rebounding,1,889,421,5617,88.82,sam2,1.0,2996.766,45.406
2613,rebounding,1,889,420,5450,86.18,sam2,1.0,2996.766,45.406
2614,rebounding,1,889,420,5408,85.52,sam2,0.0,0.0,0.0
2615,rebounding,1,889,421,5595,88.47,sam2,1.0,2996.766,45.406
2616,rebounding,1,889,420,5363,84.8,sam2,1.0,2996.766,45.406
2617,rebounding,1,889,420,5352,84.63,sam2,0.0,0.0,0.0
2618,rebounding,1,889,420,5371,84.93,sam2,0.0,0.0,0.0
2619,rebounding,1,889,420,5596,88.49,sam2,0.0,0.0,0.0
2620,rebounding,1,889,420,5692,90.01,sam2,0.0,0.0,0.0
2621,rebounding,1,889,419,5499,86.95,sam2,1.0,2996.766,45.406
2622,rebounding,1,889,419,5531,87.46,sam2,0.0,0.0,0.0
2623,rebounding,1,889,419,5719,90.43,sam2,0.0,0.0,0.0
2624,rebounding,1,889,418,5521,87.3,sam2,1.0,2996.766,45.406
2625,rebounding,1,889,418,5515,87.21,sam2,0.0,0.0,0.0
2626,rebounding,1,889,419,5732,90.64,sam2,1.0,2996.766,45.406
2627,rebounding,1,889,419,5731,90.62,sam2,0.0,0.0,0.0
2628,rebounding,1,889,419,5724,90.51,sam2,0.0,0.0,0.0
2629,rebounding,1,889,418,5526,87.38,sam2,1.0,2996.766,45.406
2630,rebounding,1,889,418,5523,87.33,sam2,0.0,0.0,0.0
2631,rebounding,1,889,419,5757,91.03,sam2,1.0,2996.766,45.406
2632,rebounding,1,889,419,5560,87.92,sam2,0.0,0.0,0.0
2633,rebounding,1,889,419,5532,87.48,sam2,0.0,0.0,0.0
2634,rebounding,1,889,419,5487,86.76,sam2,0.0,0.0,0.0
2635,rebounding,1,889,419,5384,85.14,sam2,0.0,0.0,0.0
2636,rebounding,1,889,419,5382,85.1,sam2,0.0,0.0,0.0
2637,rebounding,1,889,420,5389,85.22,sam2,1.0,2996.766,45.406
2638,rebounding,1,889,421,5614,88.77,sam2,1.0,2996.766,45.406
2639,rebounding,1,889,420,5376,85.01,sam2,1.0,2996.766,45.406
2640,rebounding,1,889,421,5567,88.03,sam2,1.0,2996.766,45.406
2641,rebounding,1,889,421,5593,88.44,sam2,0.0,0.0,0.0
2642,rebounding,1,889,420,5436,85.96,sam2,1.0,2996.766,45.406
2643,rebounding,1,889,421,5654,89.41,sam2,1.0,2996.766,45.406
2644,rebounding,1,889,420,5470,86.5,sam2,1.0,2996.766,45.406
2645,rebounding,1,889,420,5462,86.37,sam2,0.0,0.0,0.0
2646,rebounding,1,889,420,5508,87.1,sam2,0.0,0.0,0.0
2647,rebounding,1,889,419,5477,86.61,sam2,1.0,2996.766,45.406
2648,rebounding,1,889,419,5634,89.09,sam2,0.0,0.0,0.0
2649,rebounding,1,889,419,5499,86.95,sam2,0.0,0.0,0.0
2650,rebounding,1,889,419,5673,89.71,sam2,0.0,0.0,0.0
2651,rebounding,1,889,419,5766,91.18,sam2,0.0,0.0,0.0
2652,rebounding,1,889,418,5547,87.71,sam2,1.0,2996.766,45.406
2653,rebounding,1,889,418,5550,87.76,sam2,0.0,0.0,0.0
2654,rebounding,1,889,419,5589,88.38,sam2,1.0,2996.766,45.406
2655,rebounding,1,889,419,5735,90.69,sam2,0.0,0.0,0.0
2656,rebounding,1,889,419,5563,87.97,sam2,0.0,0.0,0.0
2657,rebounding,1,889,418,5525,87.37,sam2,1.0,2996.766,45.406
2658,rebounding,1,889,419,5657,89.45,sam2,1.0,2996.766,45.406
2659,rebounding,1,889,419,5446,86.12,sam2,0.0,0.0,0.0
2660,rebounding,1,889,420,5651,89.36,sam2,1.0,2996.766,45.406
2661,rebounding,1,889,419,5466,86.43,sam2,1.0,2996.766,45.406
2662,rebounding,1,889,420,5630,89.03,sam2,1.0,2996.766,45.406
2663,rebounding,1,889,420,5451,86.2,sam2,0.0,0.0,0.0
2664,rebounding,1,889,421,5644,89.25,sam2,1.0,2996.766,45.406
2665,rebounding,1,889,420,5429,85.85,sam2,1.0,2996.766,45.406
2666,rebounding,1,889,420,5450,86.18,sam2,0.0,0.0,0.0
2667,rebounding,1,889,421,5587,88.35,sam2,1.0,2996.766,45.406
2668,rebounding,1,889,420,5433,85.91,sam2,1.0,2996.766,45.406
2669,rebounding,1,889,420,5388,85.2,sam2,0.0,0.0,0.0
2670,rebounding,1,889,421,5661,89.52,sam2,1.0,2996.766,45.406
2671,rebounding,1,889,420,5441,86.04,sam2,1.0,2996.766,45.406
2672,rebounding,1,889,420,5666,89.6,sam2,0.0,0.0,0.0
2673,rebounding,1,889,419,5479,86.64,sam2,1.0,2996.766,45.406
2674,rebounding,1,889,420,5704,90.2,sam2,1.0,2996.766,45.406
2675,rebounding,1,889,420,5718,90.42,sam2,0.0,0.0,0.0
2676,rebounding,1,889,419,5547,87.71,sam2,1.0,2996.766,45.406
2677,rebounding,1,889,419,5764,91.14,sam2,0.0,0.0,0.0
2678,rebounding,1,889,419,5806,91.81,sam2,0.0,0.0,0.0
2679,rebounding,1,889,419,5789,91.54,sam2,0.0,0.0,0.0
2680,rebounding,1,889,419,5610,88.71,sam2,0.0,0.0,0.0
2681,rebounding,1,889,419,5806,91.81,sam2,0.0,0.0,0.0
2682,rebounding,1,889,419,5543,87.65,sam2,0.0,0.0,0.0
2683,rebounding,1,889,420,5807,91.82,sam2,1.0,2996.766,45.406
2684,rebounding,1,889,419,5563,87.97,sam2,1.0,2996.766,45.406
2685,rebounding,1,889,419,5518,87.25,sam2,0.0,0.0,0.0
2686,rebounding,1,889,419,5500,86.97,sam2,0.0,0.0,0.0
2687,rebounding,1,889,420,5728,90.58,sam2,1.0,2996.766,45.406
2688,rebounding,1,889,420,5484,86.72,sam2,0.0,0.0,0.0
2689,rebounding,1,889,420,5527,87.4,sam2,0.0,0.0,0.0
2690,rebounding,1,889,420,5450,86.18,sam2,0.0,0.0,0.0
2691,rebounding,1,889,420,5449,86.16,sam2,0.0,0.0,0.0
2692,rebounding,1,889,421,5638,89.15,sam2,1.0,2996.766,45.406
2693,rebounding,1,889,421,5665,89.58,sam2,0.0,0.0,0.0
2694,rebounding,1,889,421,5712,90.32,sam2,0.0,0.0,0.0
2695,rebounding,1,889,420,5397,85.34,sam2,1.0,2996.766,45.406
2696,rebounding,1,889,421,5654,89.41,sam2,1.0,2996.766,45.406
2697,rebounding,1,889,421,5682,89.85,sam2,0.0,0.0,0.0
2698,rebounding,1,889,420,5536,87.54,sam2,1.0,2996.766,45.406
2699,rebounding,1,889,420,5522,87.32,sam2,0.0,0.0,0.0
2700,rebounding,1,889,419,5514,87.19,sam2,1.0,2996.766,45.406
2701,rebounding,1,889,419,5485,86.73,sam2,0.0,0.0,0.0
2702,rebounding,1,889,419,5525,87.37,sam2,0.0,0.0,0.0
2703,rebounding,1,889,418,5463,86.39,sam2,1.0,2996.766,45.406
2704,rebounding,1,889,418,5502,87.0,sam2,0.0,0.0,0.0
2705,rebounding,1,889,418,5492,86.84,sam2,0.0,0.0,0.0
2706,rebounding,1,889,418,5435,85.94,sam2,0.0,0.0,0.0
2707,rebounding,1,889,418,5429,85.85,sam2,0.0,0.0,0.0
2708,rebounding,1,889,419,5650,89.34,sam2,1.0,2996.766,45.406
2709,rebounding,1,889,419,5644,89.25,sam2,0.0,0.0,0.0
2710,rebounding,1,889,418,5452,86.21,sam2,1.0,2996.766,45.406
2711,rebounding,1,889,419,5668,89.63,sam2,1.0,2996.766,45.406
2712,rebounding,1,889,419,5427,85.82,sam2,0.0,0.0,0.0
2713,rebounding,1,889,419,5446,86.12,sam2,0.0,0.0,0.0
2714,rebounding,1,889,419,5388,85.2,sam2,0.0,0.0,0.0
2715,rebounding,1,889,419,5344,84.5,sam2,0.0,0.0,0.0
2716,rebounding,1,889,420,5404,85.45,sam2,1.0,2996.766,45.406
2717,rebounding,1,889,420,5578,88.2,sam2,0.0,0.0,0.0
2718,rebounding,1,889,421,5581,88.25,sam2,1.0,2996.766,45.406
2719,rebounding,1,889,421,5603,88.6,sam2,0.0,0.0,0.0
2720,rebounding,1,889,421,5624,88.93,sam2,0.0,0.0,0.0
2721,rebounding,1,889,420,5443,86.07,sam2,1.0,2996.766,45.406
2722,rebounding,1,889,420,5418,85.67,sam2,0.0,0.0,0.0
2723,rebounding,1,889,420,5448,86.15,sam2,0.0,0.0,0.0
2724,rebounding,1,889,421,5701,90.15,sam2,1.0,2996.766,45.406
2725,rebounding,1,889,420,5734,90.67,sam2,1.0,2996.766,45.406
2726,rebounding,1,889,419,5509,87.11,sam2,1.0,2996.766,45.406
2727,rebounding,1,889,419,5501,86.99,sam2,0.0,0.0,0.0
2728,rebounding,1,889,420,5711,90.31,sam2,1.0,2996.766,45.406
2729,rebounding,1,889,419,5500,86.97,sam2,1.0,2996.766,45.406
2730,rebounding,1,889,419,5509,87.11,sam2,0.0,0.0,0.0
2731,rebounding,1,889,419,5596,88.49,sam2,0.0,0.0,0.0
2732,rebounding,1,889,419,5696,90.07,sam2,0.0,0.0,0.0
2733,rebounding,1,889,419,5725,90.53,sam2,0.0,0.0,0.0
2734,rebounding,1,889,419,5749,90.91,sam2,0.0,0.0,0.0
2735,rebounding,1,889,419,5514,87.19,sam2,0.0,0.0,0.0
2736,rebounding,1,889,419,5699,90.12,sam2,0.0,0.0,0.0
2737,rebounding,1,889,420,5703,90.18,sam2,1.0,2996.766,45.406
2738,rebounding,1,889,420,5707,90.24,sam2,0.0,0.0,0.0
2739,rebounding,1,889,419,5470,86.5,sam2,1.0,2996.766,45.406
2740,rebounding,1,889,419,5458,86.31,sam2,0.0,0.0,0.0
2741,rebounding,1,889,420,5477,86.61,sam2,1.0,2996.766,45.406
2742,rebounding,1,889,420,5473,86.54,sam2,0.0,0.0,0.0
2743,rebounding,1,889,420,5446,86.12,sam2,0.0,0.0,0.0
2744,rebounding,1,889,421,5624,88.93,sam2,1.0,2996.766,45.406
2745,rebounding,1,889,420,5373,84.96,sam2,1.0,2996.766,45.406
2746,rebounding,1,889,421,5583,88.28,sam2,1.0,2996.766,45.406
2747,rebounding,1,889,420,5394,85.29,sam2,1.0,2996.766,45.406
2748,rebounding,1,889,420,5404,85.45,sam2,0.0,0.0,0.0
2749,rebounding,1,889,420,5420,85.71,sam2,0.0,0.0,0.0
2750,rebounding,1,889,420,5467,86.45,sam2,0.0,0.0,0.0
2751,rebounding,1,889,420,5440,86.02,sam2,0.0,0.0,0.0
2752,rebounding,1,889,419,5422,85.74,sam2,1.0,2996.766,45.406
2753,rebounding,1,889,419,5611,88.73,sam2,0.0,0.0,0.0
2754,rebounding,1,889,419,5513,87.18,sam2,0.0,0.0,0.0
2755,rebounding,1,889,419,5518,87.25,sam2,0.0,0.0,0.0
2756,rebounding,1,889,419,5713,90.34,sam2,0.0,0.0,0.0
2757,rebounding,1,889,418,5463,86.39,sam2,1.0,2996.766,45.406
2758,rebounding,1,889,418,5410,85.55,sam2,0.0,0.0,0.0
2759,rebounding,1,889,418,5425,85.78,sam2,0.0,0.0,0.0
2760,rebounding,1,889,418,5434,85.93,sam2,0.0,0.0,0.0
2761,rebounding,1,889,418,5407,85.5,sam2,0.0,0.0,0.0
2762,rebounding,1,889,418,5439,86.01,sam2,0.0,0.0,0.0
2763,rebounding,1,889,419,5602,88.58,sam2,1.0,2996.766,45.406
2764,rebounding,1,889,419,5620,88.87,sam2,0.0,0.0,0.0
2765,rebounding,1,889,419,5585,88.31,sam2,0.0,0.0,0.0
2766,rebounding,1,889,420,5670,89.66,sam2,1.0,2996.766,45.406
2767,rebounding,1,889,420,5675,89.74,sam2,0.0,0.0,0.0
2768,rebounding,1,889,420,5681,89.83,sam2,0.0,0.0,0.0
2769,rebounding,1,889,420,5491,86.83,sam2,0.0,0.0,0.0
2770,rebounding,1,889,421,5702,90.16,sam2,1.0,2996.766,45.406
2771,rebounding,1,889,421,5744,90.83,sam2,0.0,0.0,0.0
2772,rebounding,1,889,420,5476,86.59,sam2,1.0,2996.766,45.406
2773,rebounding,1,889,421,5672,89.69,sam2,1.0,2996.766,45.406
2774,rebounding,1,889,420,5454,86.24,sam2,1.0,2996.766,45.406
2775,rebounding,1,889,420,5485,86.73,sam2,0.0,0.0,0.0
2776,rebounding,1,889,420,5483,86.7,sam2,0.0,0.0,0.0
2777,rebounding,1,889,420,5520,87.29,sam2,0.0,0.0,0.0
2778,rebounding,1,889,420,5494,86.88,sam2,0.0,0.0,0.0
2779,rebounding,1,889,420,5716,90.39,sam2,0.0,0.0,0.0
2780,rebounding,1,889,420,5694,90.04,sam2,0.0,0.0,0.0
2781,rebounding,1,889,420,5701,90.15,sam2,0.0,0.0,0.0
2782,rebounding,1,889,419,5473,86.54,sam2,1.0,2996.766,45.406
2783,rebounding,1,889,420,5748,90.89,sam2,1.0,2996.766,45.406
2784,rebounding,1,889,419,5579,88.22,sam2,1.0,2996.766,45.406
2785,rebounding,1,889,419,5591,88.41,sam2,0.0,0.0,0.0
2786,rebounding,1,889,419,5756,91.02,sam2,0.0,0.0,0.0
2787,rebounding,1,889,419,5758,91.05,sam2,0.0,0.0,0.0
2788,rebounding,1,889,419,5532,87.48,sam2,0.0,0.0,0.0
2789,rebounding,1,889,420,5731,90.62,sam2,1.0,2996.766,45.406
2790,rebounding,1,889,420,5694,90.04,sam2,0.0,0.0,0.0
2791,rebounding,1,889,419,5511,87.14,sam2,1.0,2996.766,45.406
2792,rebounding,1,889,420,5548,87.73,sam2,1.0,2996.766,45.406
2793,rebounding,1,889,420,5489,86.8,sam2,0.0,0.0,0.0
2794,rebounding,1,889,420,5685,89.9,sam2,0.0,0.0,0.0
2795,rebounding,1,889,421,5696,90.07,sam2,1.0,2996.766,45.406
2796,rebounding,1,889,421,5676,89.75,sam2,0.0,0.0,0.0
2797,rebounding,1,889,421,5686,89.91,sam2,0.0,0.0,0.0
2798,rebounding,1,889,420,5501,86.99,sam2,1.0,2996.766,45.406
2799,rebounding,1,889,420,5438,85.99,sam2,0.0,0.0,0.0
2800,rebounding,1,889,420,5462,86.37,sam2,0.0,0.0,0.0
2801,rebounding,1,889,421,5701,90.15,sam2,1.0,2996.766,45.406
2802,rebounding,1,889,421,5747,90.88,sam2,0.0,0.0,0.0
2803,rebounding,1,889,420,5512,87.16,sam2,1.0,2996.766,45.406
2804,rebounding,1,889,420,5711,90.31,sam2,0.0,0.0,0.0
2805,rebounding,1,889,420,5533,87.49,sam2,0.0,0.0,0.0
2806,rebounding,1,889,419,5556,87.86,sam2,1.0,2996.766,45.406
2807,rebounding,1,889,420,5796,91.65,sam2,1.0,2996.766,45.406
2808,rebounding,1,889,420,5818,92.0,sam2,0.0,0.0,0.0
2809,rebounding,1,889,419,5533,87.49,sam2,1.0,2996.766,45.406
2810,rebounding,1,889,419,5581,88.25,sam2,0.0,0.0,0.0
2811,rebounding,1,889,419,5537,87.56,sam2,0.0,0.0,0.0
2812,rebounding,1,889,419,5546,87.7,sam2,0.0,0.0,0.0
2813,rebounding,1,889,419,5521,87.3,sam2,0.0,0.0,0.0
2814,rebounding,1,889,420,5735,90.69,sam2,1.0,2996.766,45.406
2815,rebounding,1,889,420,5708,90.26,sam2,0.0,0.0,0.0
2816,rebounding,1,889,419,5502,87.0,sam2,1.0,2996.766,45.406
2817,rebounding,1,889,419,5500,86.97,sam2,0.0,0.0,0.0
2818,rebounding,1,889,420,5692,90.01,sam2,1.0,2996.766,45.406
2819,rebounding,1,889,419,5447,86.13,sam2,1.0,2996.766,45.406
2820,rebounding,1,889,420,5666,89.6,sam2,1.0,2996.766,45.406
2821,rebounding,1,889,421,5688,89.94,sam2,1.0,2996.766,45.406
2822,rebounding,1,889,421,5677,89.77,sam2,0.0,0.0,0.0
2823,rebounding,1,889,420,5414,85.61,sam2,1.0,2996.766,45.406
2824,rebounding,1,889,420,5451,86.2,sam2,0.0,0.0,0.0
2825,rebounding,1,889,420,5418,85.67,sam2,0.0,0.0,0.0
2826,rebounding,1,889,420,5471,86.51,sam2,0.0,0.0,0.0
2827,rebounding,1,889,420,5456,86.27,sam2,0.0,0.0,0.0
2828,rebounding,1,889,420,5482,86.69,sam2,0.0,0.0,0.0
2829,rebounding,1,889,420,5638,89.15,sam2,0.0,0.0,0.0
2830,rebounding,1,889,420,5477,86.61,sam2,0.0,0.0,0.0
2831,rebounding,1,889,420,5672,89.69,sam2,0.0,0.0,0.0
2832,rebounding,1,889,420,5696,90.07,sam2,0.0,0.0,0.0
2833,rebounding,1,889,420,5707,90.24,sam2,0.0,0.0,0.0
2834,rebounding,1,889,419,5695,90.05,sam2,1.0,2996.766,45.406
2835,rebounding,1,889,419,5547,87.71,sam2,0.0,0.0,0.0
2836,rebounding,1,889,419,5531,87.46,sam2,0.0,0.0,0.0
2837,rebounding,1,889,419,5566,88.01,sam2,0.0,0.0,0.0
2838,rebounding,1,889,419,5537,87.56,sam2,0.0,0.0,0.0
2839,rebounding,1,889,419,5699,90.12,sam2,0.0,0.0,0.0
2840,rebounding,1,889,420,5771,91.26,sam2,1.0,2996.766,45.406
2841,rebounding,1,889,420,5739,90.75,sam2,0.0,0.0,0.0
2842,rebounding,1,889,419,5466,86.43,sam2,1.0,2996.766,45.406
2843,rebounding,1,889,420,5647,89.29,sam2,1.0,2996.766,45.406
2844,rebounding,1,889,419,5498,86.94,sam2,1.0,2996.766,45.406
2845,rebounding,1,889,420,5499,86.95,sam2,1.0,2996.766,45.406
2846,rebounding,1,889,420,5473,86.54,sam2,0.0,0.0,0.0
2847,rebounding,1,889,420,5438,85.99,sam2,0.0,0.0,0.0
2848,rebounding,1,889,420,5411,85.56,sam2,0.0,0.0,0.0
2849,rebounding,1,889,419,5345,84.52,sam2,1.0,2996.766,45.406
2850,rebounding,1,889,420,5392,85.26,sam2,1.0,2996.766,45.406
2851,rebounding,1,889,420,5551,87.78,sam2,0.0,0.0,0.0
2852,rebounding,1,889,420,5393,85.28,sam2,0.0,0.0,0.0
2853,rebounding,1,889,420,5583,88.28,sam2,0.0,0.0,0.0
2854,rebounding,1,889,420,5432,85.9,sam2,0.0,0.0,0.0
2855,rebounding,1,889,419,5418,85.67,sam2,1.0,2996.766,45.406
2856,rebounding,1,889,419,5433,85.91,sam2,0.0,0.0,0.0
2857,rebounding,1,889,420,5650,89.34,sam2,1.0,2996.766,45.406
2858,rebounding,1,889,419,5456,86.27,sam2,1.0,2996.766,45.406
2859,rebounding,1,889,419,5471,86.51,sam2,0.0,0.0,0.0
2860,rebounding,1,889,419,5452,86.21,sam2,0.0,0.0,0.0
2861,rebounding,1,889,419,5684,89.88,sam2,0.0,0.0,0.0
2862,rebounding,1,889,419,5523,87.33,sam2,0.0,0.0,0.0
2863,rebounding,1,889,418,5451,86.2,sam2,1.0,2996.766,45.406
2864,rebounding,1,889,419,5643,89.23,sam2,1.0,2996.766,45.406
2865,rebounding,1,889,418,5463,86.39,sam2,1.0,2996.766,45.406
2866,rebounding,1,889,418,5429,85.85,sam2,0.0,0.0,0.0
2867,rebounding,1,889,419,5671,89.67,sam2,1.0,2996.766,45.406
2868,rebounding,1,889,419,5438,85.99,sam2,0.0,0.0,0.0
2869,rebounding,1,889,420,5670,89.66,sam2,1.0,2996.766,45.406
2870,rebounding,1,889,419,5494,86.88,sam2,1.0,2996.766,45.406
2871,rebounding,1,889,420,5474,86.56,sam2,1.0,2996.766,45.406
2872,rebounding,1,889,419,5419,85.69,sam2,1.0,2996.766,45.406
2873,rebounding,1,889,420,5650,89.34,sam2,1.0,2996.766,45.406
2874,rebounding,1,889,420,5446,86.12,sam2,0.0,0.0,0.0
2875,rebounding,1,889,421,5648,89.31,sam2,1.0,2996.766,45.406
2876,rebounding,1,889,420,5502,87.0,sam2,1.0,2996.766,45.406
2877,rebounding,1,889,420,5437,85.97,sam2,0.0,0.0,0.0
2878,rebounding,1,889,420,5625,88.95,sam2,0.0,0.0,0.0
2879,rebounding,1,889,420,5470,86.5,sam2,0.0,0.0,0.0
2880,rebounding,1,889,420,5470,86.5,sam2,0.0,0.0,0.0
2881,rebounding,1,889,420,5445,86.1,sam2,0.0,0.0,0.0
2882,rebounding,1,889,420,5629,89.01,sam2,0.0,0.0,0.0
2883,rebounding,1,889,420,5651,89.36,sam2,0.0,0.0,0.0
2884,rebounding,1,889,419,5496,86.91,sam2,1.0,2996.766,45.406
2885,rebounding,1,889,419,5447,86.13,sam2,0.0,0.0,0.0
2886,rebounding,1,889,420,5698,90.1,sam2,1.0,2996.766,45.406
2887,rebounding,1,889,420,5767,91.19,sam2,0.0,0.0,0.0
2888,rebounding,1,889,419,5592,88.43,sam2,1.0,2996.766,45.406
2889,rebounding,1,889,420,5732,90.64,sam2,1.0,2996.766,45.406
2890,rebounding,1,889,420,5743,90.81,sam2,0.0,0.0,0.0
2891,rebounding,1,889,420,5753,90.97,sam2,0.0,0.0,0.0
2892,rebounding,1,889,420,5786,91.49,sam2,0.0,0.0,0.0
2893,rebounding,1,889,419,5565,88.0,sam2,1.0,2996.766,45.406
2894,rebounding,1,889,419,5519,87.27,sam2,0.0,0.0,0.0
2895,rebounding,1,889,419,5503,87.02,sam2,0.0,0.0,0.0
2896,rebounding,1,889,420,5734,90.67,sam2,1.0,2996.766,45.406
2897,rebounding,1,889,420,5518,87.25,sam2,0.0,0.0,0.0
2898,rebounding,1,889,420,5702,90.16,sam2,0.0,0.0,0.0
2899,rebounding,1,889,420,5494,86.88,sam2,0.0,0.0,0.0
2900,rebounding,1,889,420,5679,89.8,sam2,0.0,0.0,0.0
2901,rebounding,1,889,421,5680,89.82,sam2,1.0,2996.766,45.406
2902,rebounding,1,889,420,5500,86.97,sam2,1.0,2996.766,45.406
2903,rebounding,1,889,421,5691,89.99,sam2,1.0,2996.766,45.406
2904,rebounding,1,889,421,5703,90.18,sam2,0.0,0.0,0.0
2905,rebounding,1,889,420,5451,86.2,sam2,1.0,2996.766,45.406
2906,rebounding,1,889,420,5514,87.19,sam2,0.0,0.0,0.0
2907,rebounding,1,889,420,5467,86.45,sam2,0.0,0.0,0.0
2908,rebounding,1,889,420,5500,86.97,sam2,0.0,0.0,0.0
2909,rebounding,1,889,419,5462,86.37,sam2,1.0,2996.766,45.406
2910,rebounding,1,889,419,5444,86.08,sam2,0.0,0.0,0.0
2911,rebounding,1,889,419,5446,86.12,sam2,0.0,0.0,0.0
2912,rebounding,1,889,419,5455,86.26,sam2,0.0,0.0,0.0
2913,rebounding,1,889,419,5633,89.07,sam2,0.0,0.0,0.0
2914,rebounding,1,889,419,5490,86.81,sam2,0.0,0.0,0.0
2915,rebounding,1,889,419,5453,86.23,sam2,0.0,0.0,0.0
2916,rebounding,1,889,419,5579,88.22,sam2,0.0,0.0,0.0
2917,rebounding,1,889,418,5380,85.07,sam2,1.0,2996.766,45.406
2918,rebounding,1,889,418,5382,85.1,sam2,0.0,0.0,0.0
2919,rebounding,1,889,418,5417,85.66,sam2,0.0,0.0,0.0
2920,rebounding,1,889,418,5408,85.52,sam2,0.0,0.0,0.0
2921,rebounding,1,889,419,5588,88.36,sam2,1.0,2996.766,45.406
2922,rebounding,1,889,419,5421,85.72,sam2,0.0,0.0,0.0
2923,rebounding,1,889,420,5623,88.92,sam2,1.0,2996.766,45.406
2924,rebounding,1,889,420,5690,89.97,sam2,0.0,0.0,0.0
2925,rebounding,1,889,420,5662,89.53,sam2,0.0,0.0,0.0
2926,rebounding,1,889,420,5651,89.36,sam2,0.0,0.0,0.0
2927,rebounding,1,889,419,5433,85.91,sam2,1.0,2996.766,45.406
2928,rebounding,1,889,419,5403,85.44,sam2,0.0,0.0,0.0
2929,rebounding,1,889,420,5452,86.21,sam2,1.0,2996.766,45.406
2930,rebounding,1,889,420,5463,86.39,sam2,0.0,0.0,0.0
2931,rebounding,1,889,420,5425,85.78,sam2,0.0,0.0,0.0
2932,rebounding,1,889,421,5652,89.37,sam2,1.0,2996.766,45.406
2933,rebounding,1,889,420,5621,88.88,sam2,1.0,2996.766,45.406
2934,rebounding,1,889,420,5668,89.63,sam2,0.0,0.0,0.0
2935,rebounding,1,889,420,5694,90.04,sam2,0.0,0.0,0.0
2936,rebounding,1,889,420,5716,90.39,sam2,0.0,0.0,0.0
2937,rebounding,1,889,420,5526,87.38,sam2,0.0,0.0,0.0
2938,rebounding,1,889,420,5564,87.98,sam2,0.0,0.0,0.0
2939,rebounding,1,889,419,5485,86.73,sam2,1.0,2996.766,45.406
2940,rebounding,1,889,419,5499,86.95,sam2,0.0,0.0,0.0
2941,rebounding,1,889,419,5542,87.63,sam2,0.0,0.0,0.0
2942,rebounding,1,889,419,5483,86.7,sam2,0.0,0.0,0.0
2943,rebounding,1,889,419,5502,87.0,sam2,0.0,0.0,0.0
2944,rebounding,1,889,419,5676,89.75,sam2,0.0,0.0,0.0
2945,rebounding,1,889,419,5486,86.75,sam2,0.0,0.0,0.0
2946,rebounding,1,889,419,5638,89.15,sam2,0.0,0.0,0.0
2947,rebounding,1,889,420,5653,89.39,sam2,1.0,2996.766,45.406
2948,rebounding,1,889,420,5657,89.45,sam2,0.0,0.0,0.0
2949,rebounding,1,889,420,5673,89.71,sam2,0.0,0.0,0.0
2950,rebounding,1,889,420,5705,90.21,sam2,0.0,0.0,0.0
2951,rebounding,1,889,420,5688,89.94,sam2,0.0,0.0,0.0
2952,rebounding,1,889,420,5679,89.8,sam2,0.0,0.0,0.0
2953,rebounding,1,889,420,5529,87.43,sam2,0.0,0.0,0.0
2954,rebounding,1,889,421,5735,90.69,sam2,1.0,2996.766,45.406
2955,rebounding,1,889,421,5756,91.02,sam2,0.0,0.0,0.0
2956,rebounding,1,889,420,5545,87.68,sam2,1.0,2996.766,45.406
2957,rebounding,1,889,420,5509,87.11,sam2,0.0,0.0,0.0
2958,rebounding,1,889,420,5517,87.24,sam2,0.0,0.0,0.0
2959,rebounding,1,889,420,5470,86.5,sam2,0.0,0.0,0.0
2960,rebounding,1,889,420,5505,87.05,sam2,0.0,0.0,0.0
2961,rebounding,1,889,420,5463,86.39,sam2,0.0,0.0,0.0
2962,rebounding,1,889,419,5420,85.71,sam2,1.0,2996.766,45.406
2963,rebounding,1,889,419,5432,85.9,sam2,0.0,0.0,0.0
2964,rebounding,1,889,419,5462,86.37,sam2,0.0,0.0,0.0
2965,rebounding,1,889,420,5640,89.18,sam2,1.0,2996.766,45.406
2966,rebounding,1,889,419,5494,86.88,sam2,1.0,2996.766,45.406
2967,rebounding,1,889,420,5651,89.36,sam2,1.0,2996.766,45.406
2968,rebounding,1,889,420,5688,89.94,sam2,0.0,0.0,0.0
2969,rebounding,1,889,420,5742,90.8,sam2,0.0,0.0,0.0
2970,rebounding,1,889,419,5518,87.25,sam2,1.0,2996.766,45.406
2971,rebounding,1,889,420,5750,90.92,sam2,1.0,2996.766,45.406
2972,rebounding,1,889,420,5732,90.64,sam2,0.0,0.0,0.0
2973,rebounding,1,889,419,5529,87.43,sam2,1.0,2996.766,45.406
2974,rebounding,1,889,420,5735,90.69,sam2,1.0,2996.766,45.406
2975,rebounding,1,889,419,5560,87.92,sam2,1.0,2996.766,45.406
2976,rebounding,1,889,419,5515,87.21,sam2,0.0,0.0,0.0
2977,rebounding,1,889,420,5498,86.94,sam2,1.0,2996.766,45.406
2978,rebounding,1,889,420,5657,89.45,sam2,0.0,0.0,0.0
2979,rebounding,1,889,420,5461,86.35,sam2,0.0,0.0,0.0
2980,rebounding,1,889,420,5661,89.52,sam2,0.0,0.0,0.0
2981,rebounding,1,889,420,5453,86.23,sam2,0.0,0.0,0.0
2982,rebounding,1,889,421,5650,89.34,sam2,1.0,2996.766,45.406
2983,rebounding,1,889,420,5480,86.65,sam2,1.0,2996.766,45.406
2984,rebounding,1,889,420,5434,85.93,sam2,0.0,0.0,0.0
2985,rebounding,1,889,420,5449,86.16,sam2,0.0,0.0,0.0
2986,rebounding,1,889,420,5650,89.34,sam2,0.0,0.0,0.0
2987,rebounding,1,889,420,5634,89.09,sam2,0.0,0.0,0.0
2988,rebounding,1,889,420,5691,89.99,sam2,0.0,0.0,0.0
2989,rebounding,1,889,420,5698,90.1,sam2,0.0,0.0,0.0
2990,rebounding,1,889,420,5507,87.08,sam2,0.0,0.0,0.0
2991,rebounding,1,889,419,5538,87.57,sam2,1.0,2996.766,45.406
2992,rebounding,1,889,419,5520,87.29,sam2,0.0,0.0,0.0
2993,rebounding,1,889,419,5572,88.11,sam2,0.0,0.0,0.0
2994,rebounding,1,889,420,5739,90.75,sam2,1.0,2996.766,45.406
2995,rebounding,1,889,420,5730,90.61,sam2,0.0,0.0,0.0
2996,rebounding,1,889,419,5475,86.57,sam2,1.0,2996.766,45.406
2997,rebounding,1,889,419,5505,87.05,sam2,0.0,0.0,0.0
2998,rebounding,1,889,419,5454,86.24,sam2,0.0,0.0,0.0
2999,rebounding,1,889,420,5704,90.2,sam2,1.0,2996.766,45.406
3000,rebounding,1,889,419,5549,87.75,sam2,1.0,2996.766,45.406
3001,rebounding,1,889,419,5491,86.83,sam2,0.0,0.0,0.0
3002,rebounding,1,889,420,5645,89.26,sam2,1.0,2996.766,45.406
3003,rebounding,1,889,420,5508,87.1,sam2,0.0,0.0,0.0
3004,rebounding,1,889,420,5493,86.86,sam2,0.0,0.0,0.0
3005,rebounding,1,889,420,5501,86.99,sam2,0.0,0.0,0.0
3006,rebounding,1,889,420,5481,86.67,sam2,0.0,0.0,0.0
3007,rebounding,1,889,420,5646,89.28,sam2,0.0,0.0,0.0
3008,rebounding,1,889,420,5483,86.7,sam2,0.0,0.0,0.0
3009,rebounding,1,889,420,5396,85.33,sam2,0.0,0.0,0.0
3010,rebounding,1,889,420,5642,89.22,sam2,0.0,0.0,0.0
3011,rebounding,1,889,421,5690,89.97,sam2,1.0,2996.766,45.406
3012,rebounding,1,889,421,5673,89.71,sam2,0.0,0.0,0.0
3013,rebounding,1,889,420,5492,86.84,sam2,1.0,2996.766,45.406
3014,rebounding,1,889,420,5676,89.75,sam2,0.0,0.0,0.0
3015,rebounding,1,889,420,5712,90.32,sam2,0.0,0.0,0.0
3016,rebounding,1,889,421,5788,91.52,sam2,1.0,2996.766,45.406
3017,rebounding,1,889,420,5781,91.41,sam2,1.0,2996.766,45.406
3018,rebounding,1,889,420,5788,91.52,sam2,0.0,0.0,0.0
3019,rebounding,1,889,419,5549,87.75,sam2,1.0,2996.766,45.406
3020,rebounding,1,889,419,5547,87.71,sam2,0.0,0.0,0.0
3021,rebounding,1,889,420,5786,91.49,sam2,1.0,2996.766,45.406
3022,rebounding,1,889,419,5602,88.58,sam2,1.0,2996.766,45.406
3023,rebounding,1,889,419,5600,88.55,sam2,0.0,0.0,0.0
3024,rebounding,1,889,419,5561,87.93,sam2,0.0,0.0,0.0
3025,rebounding,1,889,419,5508,87.1,sam2,0.0,0.0,0.0
3026,rebounding,1,889,419,5524,87.35,sam2,0.0,0.0,0.0
3027,rebounding,1,889,419,5463,86.39,sam2,0.0,0.0,0.0
3028,rebounding,1,889,419,5489,86.8,sam2,0.0,0.0,0.0
3029,rebounding,1,889,419,5453,86.23,sam2,0.0,0.0,0.0
3030,rebounding,1,889,420,5608,88.68,sam2,1.0,2996.766,45.406
3031,rebounding,1,889,420,5629,89.01,sam2,0.0,0.0,0.0
3032,rebounding,1,889,420,5645,89.26,sam2,0.0,0.0,0.0
3033,rebounding,1,889,420,5678,89.78,sam2,0.0,0.0,0.0
3034,rebounding,1,889,420,5673,89.71,sam2,0.0,0.0,0.0
3035,rebounding,1,889,420,5473,86.54,sam2,0.0,0.0,0.0
3036,rebounding,1,889,420,5481,86.67,sam2,0.0,0.0,0.0
3037,rebounding,1,889,420,5464,86.4,sam2,0.0,0.0,0.0
3038,rebounding,1,889,420,5468,86.46,sam2,0.0,0.0,0.0
3039,rebounding,1,889,420,5479,86.64,sam2,0.0,0.0,0.0
3040,rebounding,1,889,419,5443,86.07,sam2,1.0,2996.766,45.406
3041,rebounding,1,889,420,5490,86.81,sam2,1.0,2996.766,45.406
3042,rebounding,1,889,419,5433,85.91,sam2,1.0,2996.766,45.406
3043,rebounding,1,889,419,5417,85.66,sam2,0.0,0.0,0.0
3044,rebounding,1,889,420,5611,88.73,sam2,1.0,2996.766,45.406
3045,rebounding,1,889,420,5645,89.26,sam2,0.0,0.0,0.0
3046,rebounding,1,889,419,5436,85.96,sam2,1.0,2996.766,45.406
3047,rebounding,1,889,420,5668,89.63,sam2,1.0,2996.766,45.406
3048,rebounding,1,889,420,5675,89.74,sam2,0.0,0.0,0.0
3049,rebounding,1,889,419,5663,89.55,sam2,1.0,2996.766,45.406
3050,rebounding,1,889,419,5533,87.49,sam2,0.0,0.0,0.0
3051,rebounding,1,889,420,5722,90.48,sam2,1.0,2996.766,45.406
3052,rebounding,1,889,420,5668,89.63,sam2,0.0,0.0,0.0
3053,rebounding,1,889,419,5504,87.03,sam2,1.0,2996.766,45.406
3054,rebounding,1,889,420,5730,90.61,sam2,1.0,2996.766,45.406
3055,rebounding,1,889,420,5746,90.86,sam2,0.0,0.0,0.0
3056,rebounding,1,889,420,5736,90.7,sam2,0.0,0.0,0.0
3057,rebounding,1,889,420,5544,87.67,sam2,0.0,0.0,0.0
3058,rebounding,1,889,420,5548,87.73,sam2,0.0,0.0,0.0
3059,rebounding,1,889,420,5674,89.72,sam2,0.0,0.0,0.0
3060,rebounding,1,889,421,5753,90.97,sam2,1.0,2996.766,45.406
3061,rebounding,1,889,420,5533,87.49,sam2,1.0,2996.766,45.406
3062,rebounding,1,889,421,5693,90.02,sam2,1.0,2996.766,45.406
3063,rebounding,1,889,420,5477,86.61,sam2,1.0,2996.766,45.406
3064,rebounding,1,889,421,5702,90.16,sam2,1.0,2996.766,45.406
3065,rebounding,1,889,420,5554,87.82,sam2,1.0,2996.766,45.406
3066,rebounding,1,889,420,5539,87.59,sam2,0.0,0.0,0.0
3067,rebounding,1,889,420,5488,86.78,sam2,0.0,0.0,0.0
3068,rebounding,1,889,420,5531,87.46,sam2,0.0,0.0,0.0
3069,rebounding,1,889,420,5699,90.12,sam2,0.0,0.0,0.0
3070,rebounding,1,889,419,5503,87.02,sam2,1.0,2996.766,45.406
3071,rebounding,1,889,419,5500,86.97,sam2,0.0,0.0,0.0
3072,rebounding,1,889,419,5463,86.39,sam2,0.0,0.0,0.0
3073,rebounding,1,889,419,5442,86.05,sam2,0.0,0.0,0.0
3074,rebounding,1,889,420,5724,90.51,sam2,1.0,2996.766,45.406
3075,rebounding,1,889,419,5478,86.62,sam2,1.0,2996.766,45.406
3076,rebounding,1,889,419,5463,86.39,sam2,0.0,0.0,0.0
3077,rebounding,1,889,419,5630,89.03,sam2,0.0,0.0,0.0
3078,rebounding,1,889,419,5499,86.95,sam2,0.0,0.0,0.0
3079,rebounding,1,889,419,5465,86.42,sam2,0.0,0.0,0.0
3080,rebounding,1,889,420,5640,89.18,sam2,1.0,2996.766,45.406
3081,rebounding,1,889,420,5610,88.71,sam2,0.0,0.0,0.0
3082,rebounding,1,889,419,5446,86.12,sam2,1.0,2996.766,45.406
3083,rebounding,1,889,420,5654,89.41,sam2,1.0,2996.766,45.406
3084,rebounding,1,889,420,5640,89.18,sam2,0.0,0.0,0.0
3085,rebounding,1,889,420,5488,86.78,sam2,0.0,0.0,0.0
3086,rebounding,1,889,420,5676,89.75,sam2,0.0,0.0,0.0
3087,rebounding,1,889,421,5713,90.34,sam2,1.0,2996.766,45.406
3088,rebounding,1,889,420,5661,89.52,sam2,1.0,2996.766,45.406
3089,rebounding,1,889,420,5493,86.86,sam2,0.0,0.0,0.0
3090,rebounding,1,889,420,5512,87.16,sam2,0.0,0.0,0.0
3091,rebounding,1,889,420,5521,87.3,sam2,0.0,0.0,0.0
3092,rebounding,1,889,420,5531,87.46,sam2,0.0,0.0,0.0
3093,rebounding,1,889,420,5530,87.44,sam2,0.0,0.0,0.0
3094,rebounding,1,889,419,5418,85.67,sam2,1.0,2996.766,45.406
3095,rebounding,1,889,419,5450,86.18,sam2,0.0,0.0,0.0
3096,rebounding,1,889,420,5643,89.23,sam2,1.0,2996.766,45.406
3097,rebounding,1,889,419,5417,85.66,sam2,1.0,2996.766,45.406
3098,rebounding,1,889,419,5456,86.27,sam2,0.0,0.0,0.0
3099,rebounding,1,889,420,5683,89.86,sam2,1.0,2996.766,45.406
3100,rebounding,1,889,419,5456,86.27,sam2,1.0,2996.766,45.406
3101,rebounding,1,889,420,5655,89.42,sam2,1.0,2996.766,45.406
3102,rebounding,1,889,419,5457,86.29,sam2,1.0,2996.766,45.406
3103,rebounding,1,889,419,5512,87.16,sam2,0.0,0.0,0.0
3104,rebounding,1,889,420,5657,89.45,sam2,1.0,2996.766,45.406
3105,rebounding,1,889,419,5489,86.8,sam2,1.0,2996.766,45.406
3106,rebounding,1,889,420,5634,89.09,sam2,1.0,2996.766,45.406
3107,rebounding,1,889,420,5499,86.95,sam2,0.0,0.0,0.0
3108,rebounding,1,889,420,5489,86.8,sam2,0.0,0.0,0.0
3109,rebounding,1,889,419,5405,85.47,sam2,1.0,2996.766,45.406
3110,rebounding,1,889,420,5651,89.36,sam2,1.0,2996.766,45.406
3111,rebounding,1,889,420,5484,86.72,sam2,0.0,0.0,0.0
3112,rebounding,1,889,420,5637,89.14,sam2,0.0,0.0,0.0
3113,rebounding,1,889,419,5382,85.1,sam2,1.0,2996.766,45.406
3114,rebounding,1,889,420,5590,88.39,sam2,1.0,2996.766,45.406
3115,rebounding,1,889,420,5622,88.9,sam2,0.0,0.0,0.0
3116,rebounding,1,889,420,5671,89.67,sam2,0.0,0.0,0.0
3117,rebounding,1,889,420,5437,85.97,sam2,0.0,0.0,0.0
3118,rebounding,1,889,420,5690,89.97,sam2,0.0,0.0,0.0
3119,rebounding,1,889,420,5708,90.26,sam2,0.0,0.0,0.0
3120,rebounding,1,889,420,5558,87.89,sam2,0.0,0.0,0.0
3121,rebounding,1,889,420,5487,86.76,sam2,0.0,0.0,0.0
3122,rebounding,1,889,419,5450,86.18,sam2,1.0,2996.766,45.406
3123,rebounding,1,889,419,5483,86.7,sam2,0.0,0.0,0.0
3124,rebounding,1,889,420,5703,90.18,sam2,1.0,2996.766,45.406
3125,rebounding,1,889,420,5534,87.51,sam2,0.0,0.0,0.0
3126,rebounding,1,889,419,5476,86.59,sam2,1.0,2996.766,45.406
3127,rebounding,1,889,419,5462,86.37,sam2,0.0,0.0,0.0
3128,rebounding,1,889,420,5625,88.95,sam2,1.0,2996.766,45.406
3129,rebounding,1,889,419,5437,85.97,sam2,1.0,2996.766,45.406
3130,rebounding,1,889,419,5495,86.89,sam2,0.0,0.0,0.0
3131,rebounding,1,889,419,5430,85.86,sam2,0.0,0.0,0.0
3132,rebounding,1,889,419,5468,86.46,sam2,0.0,0.0,0.0
3133,rebounding,1,889,419,5430,85.86,sam2,0.0,0.0,0.0
3134,rebounding,1,889,420,5599,88.54,sam2,1.0,2996.766,45.406
3135,rebounding,1,889,420,5600,88.55,sam2,0.0,0.0,0.0
3136,rebounding,1,889,419,5414,85.61,sam2,1.0,2996.766,45.406
3137,rebounding,1,889,420,5609,88.69,sam2,1.0,2996.766,45.406
3138,rebounding,1,889,420,5443,86.07,sam2,0.0,0.0,0.0
3139,rebounding,1,889,420,5618,88.84,sam2,0.0,0.0,0.0
3140,rebounding,1,889,420,5438,85.99,sam2,0.0,0.0,0.0
3141,rebounding,1,889,420,5466,86.43,sam2,0.0,0.0,0.0
3142,rebounding,1,889,420,5445,86.1,sam2,0.0,0.0,0.0
3143,rebounding,1,889,419,5386,85.17,sam2,1.0,2996.766,45.406
3144,rebounding,1,889,420,5453,86.23,sam2,1.0,2996.766,45.406
3145,rebounding,1,889,420,5460,86.34,sam2,0.0,0.0,0.0
3146,rebounding,1,889,420,5599,88.54,sam2,0.0,0.0,0.0
3147,rebounding,1,889,419,5422,85.74,sam2,1.0,2996.766,45.406
3148,rebounding,1,889,419,5355,84.68,sam2,0.0,0.0,0.0
3149,rebounding,1,889,419,5361,84.77,sam2,0.0,0.0,0.0
3150,rebounding,1,889,419,5432,85.9,sam2,0.0,0.0,0.0
3151,rebounding,1,889,420,5640,89.18,sam2,1.0,2996.766,45.406
3152,rebounding,1,889,420,5681,89.83,sam2,0.0,0.0,0.0
3153,rebounding,1,889,420,5640,89.18,sam2,0.0,0.0,0.0
3154,rebounding,1,889,419,5478,86.62,sam2,1.0,2996.766,45.406
3155,rebounding,1,889,419,5442,86.05,sam2,0.0,0.0,0.0
3156,rebounding,1,889,419,5448,86.15,sam2,0.0,0.0,0.0
3157,rebounding,1,889,420,5666,89.6,sam2,1.0,2996.766,45.406
3158,rebounding,1,889,419,5528,87.41,sam2,1.0,2996.766,45.406
3159,rebounding,1,889,420,5671,89.67,sam2,1.0,2996.766,45.406
3160,rebounding,1,889,420,5674,89.72,sam2,0.0,0.0,0.0
3161,rebounding,1,889,419,5458,86.31,sam2,1.0,2996.766,45.406
3162,rebounding,1,889,420,5614,88.77,sam2,1.0,2996.766,45.406
3163,rebounding,1,889,420,5497,86.92,sam2,0.0,0.0,0.0
3164,rebounding,1,889,420,5517,87.24,sam2,0.0,0.0,0.0
3165,rebounding,1,889,419,5432,85.9,sam2,1.0,2996.766,45.406
3166,rebounding,1,889,420,5445,86.1,sam2,1.0,2996.766,45.406
3167,rebounding,1,889,420,5458,86.31,sam2,0.0,0.0,0.0
3168,rebounding,1,889,420,5616,88.8,sam2,0.0,0.0,0.0
3169,rebounding,1,889,420,5484,86.72,sam2,0.0,0.0,0.0
3170,rebounding,1,889,420,5601,88.57,sam2,0.0,0.0,0.0
3171,rebounding,1,889,420,5604,88.61,sam2,0.0,0.0,0.0
3172,rebounding,1,889,420,5707,90.24,sam2,0.0,0.0,0.0
3173,rebounding,1,889,420,5642,89.22,sam2,0.0,0.0,0.0
3174,rebounding,1,889,420,5721,90.46,sam2,0.0,0.0,0.0
3175,rebounding,1,889,420,5516,87.22,sam2,0.0,0.0,0.0
3176,rebounding,1,889,419,5504,87.03,sam2,1.0,2996.766,45.406
3177,rebounding,1,889,419,5506,87.07,sam2,0.0,0.0,0.0
3178,rebounding,1,889,419,5533,87.49,sam2,0.0,0.0,0.0
3179,rebounding,1,889,420,5689,89.96,sam2,1.0,2996.766,45.406
3180,rebounding,1,889,419,5484,86.72,sam2,1.0,2996.766,45.406
3181,rebounding,1,889,420,5655,89.42,sam2,1.0,2996.766,45.406
3182,rebounding,1,889,420,5683,89.86,sam2,0.0,0.0,0.0
3183,rebounding,1,889,419,5496,86.91,sam2,1.0,2996.766,45.406
3184,rebounding,1,889,419,5436,85.96,sam2,0.0,0.0,0.0
3185,rebounding,1,889,419,5494,86.88,sam2,0.0,0.0,0.0
3186,rebounding,1,889,420,5652,89.37,sam2,1.0,2996.766,45.406
3187,rebounding,1,889,420,5717,90.4,sam2,0.0,0.0,0.0
3188,rebounding,1,889,420,5481,86.67,sam2,0.0,0.0,0.0
3189,rebounding,1,889,419,5388,85.2,sam2,1.0,2996.766,45.406
3190,rebounding,1,889,420,5657,89.45,sam2,1.0,2996.766,45.406
3191,rebounding,1,889,420,5506,87.07,sam2,0.0,0.0,0.0
3192,rebounding,1,889,420,5464,86.4,sam2,0.0,0.0,0.0
3193,rebounding,1,889,420,5445,86.1,sam2,0.0,0.0,0.0
3194,rebounding,1,889,420,5613,88.76,sam2,0.0,0.0,0.0
3195,rebounding,1,889,420,5483,86.7,sam2,0.0,0.0,0.0
3196,rebounding,1,889,420,5486,86.75,sam2,0.0,0.0,0.0
3197,rebounding,1,889,420,5477,86.61,sam2,0.0,0.0,0.0
3198,rebounding,1,889,420,5440,86.02,sam2,0.0,0.0,0.0
3199,rebounding,1,889,420,5614,88.77,sam2,0.0,0.0,0.0
3200,rebounding,1,889,420,5654,89.41,sam2,0.0,0.0,0.0
3201,rebounding,1,889,420,5587,88.35,sam2,0.0,0.0,0.0
3202,rebounding,1,889,420,5640,89.18,sam2,0.0,0.0,0.0
3203,rebounding,1,889,419,5474,86.56,sam2,1.0,2996.766,45.406
3204,rebounding,1,889,420,5658,89.47,sam2,1.0,2996.766,45.406
3205,rebounding,1,889,420,5752,90.96,sam2,0.0,0.0,0.0
3206,rebounding,1,889,419,5528,87.41,sam2,1.0,2996.766,45.406
3207,rebounding,1,889,420,5556,87.86,sam2,1.0,2996.766,45.406
3208,rebounding,1,889,419,5481,86.67,sam2,1.0,2996.766,45.406
3209,rebounding,1,889,419,5450,86.18,sam2,0.0,0.0,0.0
3210,rebounding,1,889,419,5473,86.54,sam2,0.0,0.0,0.0
3211,rebounding,1,889,419,5449,86.16,sam2,0.0,0.0,0.0
3212,rebounding,1,889,419,5390,85.23,sam2,0.0,0.0,0.0
3213,rebounding,1,889,420,5614,88.77,sam2,1.0,2996.766,45.406
3214,rebounding,1,889,420,5626,88.96,sam2,0.0,0.0,0.0
3215,rebounding,1,889,420,5457,86.29,sam2,0.0,0.0,0.0
3216,rebounding,1,889,420,5446,86.12,sam2,0.0,0.0,0.0
3217,rebounding,1,889,420,5442,86.05,sam2,0.0,0.0,0.0
3218,rebounding,1,889,420,5599,88.54,sam2,0.0,0.0,0.0
3219,rebounding,1,889,420,5472,86.53,sam2,0.0,0.0,0.0
3220,rebounding,1,889,420,5472,86.53,sam2,0.0,0.0,0.0
3221,rebounding,1,889,420,5466,86.43,sam2,0.0,0.0,0.0
3222,rebounding,1,889,420,5640,89.18,sam2,0.0,0.0,0.0
3223,rebounding,1,889,420,5446,86.12,sam2,0.0,0.0,0.0
3224,rebounding,1,889,420,5661,89.52,sam2,0.0,0.0,0.0
3225,rebounding,1,889,420,5672,89.69,sam2,0.0,0.0,0.0
3226,rebounding,1,889,420,5491,86.83,sam2,0.0,0.0,0.0
3227,rebounding,1,889,419,5470,86.5,sam2,1.0,2996.766,45.406
3228,rebounding,1,889,420,5669,89.64,sam2,1.0,2996.766,45.406
3229,rebounding,1,889,419,5447,86.13,sam2,1.0,2996.766,45.406
3230,rebounding,1,889,420,5677,89.77,sam2,1.0,2996.766,45.406
3231,rebounding,1,889,419,5497,86.92,sam2,1.0,2996.766,45.406
3232,rebounding,1,889,419,5447,86.13,sam2,0.0,0.0,0.0
3233,rebounding,1,889,420,5654,89.41,sam2,1.0,2996.766,45.406
3234,rebounding,1,889,419,5470,86.5,sam2,1.0,2996.766,45.406
3235,rebounding,1,889,420,5688,89.94,sam2,1.0,2996.766,45.406
3236,rebounding,1,889,420,5735,90.69,sam2,0.0,0.0,0.0
3237,rebounding,1,889,419,5482,86.69,sam2,1.0,2996.766,45.406
3238,rebounding,1,889,420,5664,89.56,sam2,1.0,2996.766,45.406
3239,rebounding,1,889,420,5490,86.81,sam2,0.0,0.0,0.0
3240,rebounding,1,889,420,5631,89.04,sam2,0.0,0.0,0.0
3241,rebounding,1,889,419,5475,86.57,sam2,1.0,2996.766,45.406
3242,rebounding,1,889,420,5468,86.46,sam2,1.0,2996.766,45.406
3243,rebounding,1,889,420,5473,86.54,sam2,0.0,0.0,0.0
3244,rebounding,1,889,420,5452,86.21,sam2,0.0,0.0,0.0
3245,rebounding,1,889,420,5640,89.18,sam2,0.0,0.0,0.0
3246,rebounding,1,889,420,5447,86.13,sam2,0.0,0.0,0.0
3247,rebounding,1,889,420,5438,85.99,sam2,0.0,0.0,0.0
3248,rebounding,1,889,419,5401,85.4,sam2,1.0,2996.766,45.406
3249,rebounding,1,889,420,5614,88.77,sam2,1.0,2996.766,45.406
3250,rebounding,1,889,420,5661,89.52,sam2,0.0,0.0,0.0
3251,rebounding,1,889,420,5506,87.07,sam2,0.0,0.0,0.0
3252,rebounding,1,889,419,5443,86.07,sam2,1.0,2996.766,45.406
3253,rebounding,1,889,419,5408,85.52,sam2,0.0,0.0,0.0
3254,rebounding,1,889,419,5444,86.08,sam2,0.0,0.0,0.0
3255,rebounding,1,889,419,5434,85.93,sam2,0.0,0.0,0.0
3256,rebounding,1,889,419,5423,85.75,sam2,0.0,0.0,0.0
3257,rebounding,1,889,420,5599,88.54,sam2,1.0,2996.766,45.406
3258,rebounding,1,889,420,5610,88.71,sam2,0.0,0.0,0.0
3259,rebounding,1,889,419,5417,85.66,sam2,1.0,2996.766,45.406
3260,rebounding,1,889,420,5632,89.06,sam2,1.0,2996.766,45.406
3261,rebounding,1,889,420,5675,89.74,sam2,0.0,0.0,0.0
3262,rebounding,1,889,419,5438,85.99,sam2,1.0,2996.766,45.406
3263,rebounding,1,889,420,5652,89.37,sam2,1.0,2996.766,45.406
3264,rebounding,1,889,419,5450,86.18,sam2,1.0,2996.766,45.406
3265,rebounding,1,889,420,5636,89.12,sam2,1.0,2996.766,45.406
3266,rebounding,1,889,420,5693,90.02,sam2,0.0,0.0,0.0
3267,rebounding,1,889,420,5494,86.88,sam2,0.0,0.0,0.0
3268,rebounding,1,889,420,5493,86.86,sam2,0.0,0.0,0.0
3269,rebounding,1,889,420,5514,87.19,sam2,0.0,0.0,0.0
3270,rebounding,1,889,420,5491,86.83,sam2,0.0,0.0,0.0
3271,rebounding,1,889,420,5519,87.27,sam2,0.0,0.0,0.0
3272,rebounding,1,889,420,5469,86.48,sam2,0.0,0.0,0.0
3273,rebounding,1,889,419,5411,85.56,sam2,1.0,2996.766,45.406
3274,rebounding,1,889,420,5609,88.69,sam2,1.0,2996.766,45.406
3275,rebounding,1,889,420,5438,85.99,sam2,0.0,0.0,0.0
3276,rebounding,1,889,419,5407,85.5,sam2,1.0,2996.766,45.406
3277,rebounding,1,889,420,5652,89.37,sam2,1.0,2996.766,45.406
3278,rebounding,1,889,419,5441,86.04,sam2,1.0,2996.766,45.406
3279,rebounding,1,889,419,5450,86.18,sam2,0.0,0.0,0.0
3280,rebounding,1,889,420,5606,88.65,sam2,1.0,2996.766,45.406
3281,rebounding,1,889,419,5425,85.78,sam2,1.0,2996.766,45.406
3282,rebounding,1,889,420,5602,88.58,sam2,1.0,2996.766,45.406
3283,rebounding,1,889,419,5416,85.64,sam2,1.0,2996.766,45.406
3284,rebounding,1,889,419,5444,86.08,sam2,0.0,0.0,0.0
3285,rebounding,1,889,420,5617,88.82,sam2,1.0,2996.766,45.406
3286,rebounding,1,889,420,5681,89.83,sam2,0.0,0.0,0.0
3287,rebounding,1,889,420,5685,89.9,sam2,0.0,0.0,0.0
3288,rebounding,1,889,420,5704,90.2,sam2,0.0,0.0,0.0
3289,rebounding,1,889,419,5464,86.4,sam2,1.0,2996.766,45.406
3290,rebounding,1,889,419,5452,86.21,sam2,0.0,0.0,0.0
3291,rebounding,1,889,420,5513,87.18,sam2,1.0,2996.766,45.406
3292,rebounding,1,889,420,5481,86.67,sam2,0.0,0.0,0.0
3293,rebounding,1,889,420,5655,89.42,sam2,0.0,0.0,0.0
3294,rebounding,1,889,420,5499,86.95,sam2,0.0,0.0,0.0
3295,rebounding,1,889,419,5436,85.96,sam2,1.0,2996.766,45.406
3296,rebounding,1,889,419,5370,84.91,sam2,0.0,0.0,0.0
3297,rebounding,1,889,419,5403,85.44,sam2,0.0,0.0,0.0
3298,rebounding,1,889,420,5640,89.18,sam2,1.0,2996.766,45.406
3299,rebounding,1,889,420,5662,89.53,sam2,0.0,0.0,0.0
3300,rebounding,1,889,419,5401,85.4,sam2,1.0,2996.766,45.406
3301,rebounding,1,889,419,5392,85.26,sam2,0.0,0.0,0.0
3302,rebounding,1,889,419,5377,85.03,sam2,0.0,0.0,0.0
3303,rebounding,1,889,420,5595,88.47,sam2,1.0,2996.766,45.406
3304,rebounding,1,889,420,5675,89.74,sam2,0.0,0.0,0.0
3305,rebounding,1,889,420,5477,86.61,sam2,0.0,0.0,0.0
3306,rebounding,1,889,420,5627,88.98,sam2,0.0,0.0,0.0
3307,rebounding,1,889,419,5438,85.99,sam2,1.0,2996.766,45.406
3308,rebounding,1,889,419,5477,86.61,sam2,0.0,0.0,0.0
3309,rebounding,1,889,419,5456,86.27,sam2,0.0,0.0,0.0
3310,rebounding,1,889,420,5666,89.6,sam2,1.0,2996.766,45.406
3311,rebounding,1,889,419,5379,85.06,sam2,1.0,2996.766,45.406
3312,rebounding,1,889,420,5635,89.1,sam2,1.0,2996.766,45.406
3313,rebounding,1,889,419,5452,86.21,sam2,1.0,2996.766,45.406
3314,rebounding,1,889,420,5602,88.58,sam2,1.0,2996.766,45.406
3315,rebounding,1,889,419,5456,86.27,sam2,1.0,2996.766,45.406
3316,rebounding,1,889,419,5498,86.94,sam2,0.0,0.0,0.0
3317,rebounding,1,889,419,5473,86.54,sam2,0.0,0.0,0.0
3318,rebounding,1,889,419,5453,86.23,sam2,0.0,0.0,0.0
3319,rebounding,1,889,420,5660,89.5,sam2,1.0,2996.766,45.406
3320,rebounding,1,889,419,5425,85.78,sam2,1.0,2996.766,45.406
3321,rebounding,1,889,420,5579,88.22,sam2,1.0,2996.766,45.406
3322,rebounding,1,889,419,5418,85.67,sam2,1.0,2996.766,45.406
3323,rebounding,1,889,419,5370,84.91,sam2,0.0,0.0,0.0
3324,rebounding,1,889,420,5615,88.79,sam2,1.0,2996.766,45.406
3325,rebounding,1,889,421,5711,90.31,sam2,1.0,2996.766,45.406
3326,rebounding,1,889,420,5445,86.1,sam2,1.0,2996.766,45.406
3327,rebounding,1,889,420,5648,89.31,sam2,0.0,0.0,0.0
3328,rebounding,1,889,420,5646,89.28,sam2,0.0,0.0,0.0
3329,rebounding,1,889,420,5663,89.55,sam2,0.0,0.0,0.0
3330,rebounding,1,889,420,5527,87.4,sam2,0.0,0.0,0.0
3331,rebounding,1,889,420,5483,86.7,sam2,0.0,0.0,0.0
3332,rebounding,1,889,420,5462,86.37,sam2,0.0,0.0,0.0
3333,rebounding,1,889,420,5524,87.35,sam2,0.0,0.0,0.0
3334,rebounding,1,889,420,5692,90.01,sam2,0.0,0.0,0.0
3335,rebounding,1,889,419,5480,86.65,sam2,1.0,2996.766,45.406
3336,rebounding,1,889,420,5638,89.15,sam2,1.0,2996.766,45.406
3337,rebounding,1,889,419,5480,86.65,sam2,1.0,2996.766,45.406
3338,rebounding,1,889,419,5442,86.05,sam2,0.0,0.0,0.0
3339,rebounding,1,889,419,5472,86.53,sam2,0.0,0.0,0.0
3340,rebounding,1,889,420,5510,87.13,sam2,1.0,2996.766,45.406
3341,rebounding,1,889,420,5654,89.41,sam2,0.0,0.0,0.0
3342,rebounding,1,889,420,5521,87.3,sam2,0.0,0.0,0.0
3343,rebounding,1,889,420,5660,89.5,sam2,0.0,0.0,0.0
3344,rebounding,1,889,420,5712,90.32,sam2,0.0,0.0,0.0
3345,rebounding,1,889,420,5512,87.16,sam2,0.0,0.0,0.0
3346,rebounding,1,889,420,5454,86.24,sam2,0.0,0.0,0.0
3347,rebounding,1,889,420,5481,86.67,sam2,0.0,0.0,0.0
3348,rebounding,1,889,420,5636,89.12,sam2,0.0,0.0,0.0
3349,rebounding,1,889,420,5492,86.84,sam2,0.0,0.0,0.0
3350,rebounding,1,889,420,5444,86.08,sam2,0.0,0.0,0.0
3351,rebounding,1,889,419,5396,85.33,sam2,1.0,2996.766,45.406
3352,rebounding,1,889,420,5617,88.82,sam2,1.0,2996.766,45.406
3353,rebounding,1,889,420,5649,89.33,sam2,0.0,0.0,0.0
3354,rebounding,1,889,420,5530,87.44,sam2,0.0,0.0,0.0
3355,rebounding,1,889,420,5640,89.18,sam2,0.0,0.0,0.0
3356,rebounding,1,889,420,5612,88.74,sam2,0.0,0.0,0.0
3357,rebounding,1,889,420,5475,86.57,sam2,0.0,0.0,0.0
3358,rebounding,1,889,419,5463,86.39,sam2,1.0,2996.766,45.406
3359,rebounding,1,889,420,5474,86.56,sam2,1.0,2996.766,45.406
3360,rebounding,1,889,419,5441,86.04,sam2,1.0,2996.766,45.406
3361,rebounding,1,889,419,5436,85.96,sam2,0.0,0.0,0.0
3362,rebounding,1,889,419,5435,85.94,sam2,0.0,0.0,0.0
3363,rebounding,1,889,420,5621,88.88,sam2,1.0,2996.766,45.406
3364,rebounding,1,889,419,5445,86.1,sam2,1.0,2996.766,45.406
3365,rebounding,1,889,419,5385,85.15,sam2,0.0,0.0,0.0
3366,rebounding,1,889,419,5411,85.56,sam2,0.0,0.0,0.0
3367,rebounding,1,889,420,5614,88.77,sam2,1.0,2996.766,45.406
3368,rebounding,1,889,419,5456,86.27,sam2,1.0,2996.766,45.406
3369,rebounding,1,889,419,5461,86.35,sam2,0.0,0.0,0.0
3370,rebounding,1,889,420,5593,88.44,sam2,1.0,2996.766,45.406
3371,rebounding,1,889,419,5451,86.2,sam2,1.0,2996.766,45.406
3372,rebounding,1,889,420,5656,89.44,sam2,1.0,2996.766,45.406
3373,rebounding,1,889,420,5465,86.42,sam2,0.0,0.0,0.0
3374,rebounding,1,889,420,5614,88.77,sam2,0.0,0.0,0.0
3375,rebounding,1,889,420,5600,88.55,sam2,0.0,0.0,0.0
3376,rebounding,1,889,420,5490,86.81,sam2,0.0,0.0,0.0
3377,rebounding,1,889,420,5439,86.01,sam2,0.0,0.0,0.0
3378,rebounding,1,889,419,5423,85.75,sam2,1.0,2996.766,45.406
3379,rebounding,1,889,420,5638,89.15,sam2,1.0,2996.766,45.406
3380,rebounding,1,889,420,5475,86.57,sam2,0.0,0.0,0.0
3381,rebounding,1,889,420,5445,86.1,sam2,0.0,0.0,0.0
3382,rebounding,1,889,419,5420,85.71,sam2,1.0,2996.766,45.406
3383,rebounding,1,889,420,5608,88.68,sam2,1.0,2996.766,45.406
3384,rebounding,1,889,419,5439,86.01,sam2,1.0,2996.766,45.406
3385,rebounding,1,889,420,5622,88.9,sam2,1.0,2996.766,45.406
3386,rebounding,1,889,420,5581,88.25,sam2,0.0,0.0,0.0
3387,rebounding,1,889,419,5439,86.01,sam2,1.0,2996.766,45.406
3388,rebounding,1,889,420,5629,89.01,sam2,1.0,2996.766,45.406
3389,rebounding,1,889,420,5702,90.16,sam2,0.0,0.0,0.0
3390,rebounding,1,889,420,5684,89.88,sam2,0.0,0.0,0.0
3391,rebounding,1,889,420,5543,87.65,sam2,0.0,0.0,0.0
3392,rebounding,1,889,420,5735,90.69,sam2,0.0,0.0,0.0
3393,rebounding,1,889,419,5472,86.53,sam2,1.0,2996.766,45.406
3394,rebounding,1,889,420,5498,86.94,sam2,1.0,2996.766,45.406
3395,rebounding,1,889,419,5501,86.99,sam2,1.0,2996.766,45.406
3396,rebounding,1,889,420,5501,86.99,sam2,1.0,2996.766,45.406
3397,rebounding,1,889,420,5456,86.27,sam2,0.0,0.0,0.0
3398,rebounding,1,889,420,5452,86.21,sam2,0.0,0.0,0.0
3399,rebounding,1,889,419,5398,85.36,sam2,1.0,2996.766,45.406
3400,rebounding,1,889,419,5382,85.1,sam2,0.0,0.0,0.0
3401,rebounding,1,889,419,5384,85.14,sam2,0.0,0.0,0.0
3402,rebounding,1,889,420,5627,88.98,sam2,1.0,2996.766,45.406
3403,rebounding,1,889,420,5616,88.8,sam2,0.0,0.0,0.0
3404,rebounding,1,889,420,5457,86.29,sam2,0.0,0.0,0.0
3405,rebounding,1,889,421,5673,89.71,sam2,1.0,2996.766,45.406
3406,rebounding,1,889,420,5657,89.45,sam2,1.0,2996.766,45.406
3407,rebounding,1,889,420,5492,86.84,sam2,0.0,0.0,0.0
3408,rebounding,1,889,420,5474,86.56,sam2,0.0,0.0,0.0
3409,rebounding,1,889,420,5689,89.96,sam2,0.0,0.0,0.0
3410,rebounding,1,889,420,5484,86.72,sam2,0.0,0.0,0.0
3411,rebounding,1,889,420,5488,86.78,sam2,0.0,0.0,0.0
3412,rebounding,1,889,420,5481,86.67,sam2,0.0,0.0,0.0
3413,rebounding,1,889,420,5646,89.28,sam2,0.0,0.0,0.0
3414,rebounding,1,889,419,5445,86.1,sam2,1.0,2996.766,45.406
3415,rebounding,1,889,420,5491,86.83,sam2,1.0,2996.766,45.406
3416,rebounding,1,889,420,5632,89.06,sam2,0.0,0.0,0.0
3417,rebounding,1,889,419,5427,85.82,sam2,1.0,2996.766,45.406
3418,rebounding,1,889,420,5625,88.95,sam2,1.0,2996.766,45.406
3419,rebounding,1,889,419,5469,86.48,sam2,1.0,2996.766,45.406
3420,rebounding,1,889,420,5677,89.77,sam2,1.0,2996.766,45.406
3421,rebounding,1,889,420,5672,89.69,sam2,0.0,0.0,0.0
3422,rebounding,1,889,420,5492,86.84,sam2,0.0,0.0,0.0
3423,rebounding,1,889,419,5439,86.01,sam2,1.0,2996.766,45.406
3424,rebounding,1,889,420,5498,86.94,sam2,1.0,2996.766,45.406
3425,rebounding,1,889,420,5691,89.99,sam2,0.0,0.0,0.0
3426,rebounding,1,889,420,5680,89.82,sam2,0.0,0.0,0.0
3427,rebounding,1,889,420,5682,89.85,sam2,0.0,0.0,0.0
3428,rebounding,1,889,420,5703,90.18,sam2,0.0,0.0,0.0
3429,rebounding,1,889,420,5668,89.63,sam2,0.0,0.0,0.0
3430,rebounding,1,889,420,5495,86.89,sam2,0.0,0.0,0.0
3431,rebounding,1,889,420,5518,87.25,sam2,0.0,0.0,0.0
3432,rebounding,1,889,420,5491,86.83,sam2,0.0,0.0,0.0
3433,rebounding,1,889,420,5523,87.33,sam2,0.0,0.0,0.0
3434,rebounding,1,889,420,5681,89.83,sam2,0.0,0.0,0.0
3435,rebounding,1,889,420,5693,90.02,sam2,0.0,0.0,0.0
3436,rebounding,1,889,420,5460,86.34,sam2,0.0,0.0,0.0
3437,rebounding,1,889,420,5489,86.8,sam2,0.0,0.0,0.0
3438,rebounding,1,889,420,5482,86.69,sam2,0.0,0.0,0.0
3439,rebounding,1,889,420,5500,86.97,sam2,0.0,0.0,0.0
3440,rebounding,1,889,419,5467,86.45,sam2,1.0,2996.766,45.406
3441,rebounding,1,889,419,5466,86.43,sam2,0.0,0.0,0.0
3442,rebounding,1,889,419,5375,84.99,sam2,0.0,0.0,0.0
3443,rebounding,1,889,420,5606,88.65,sam2,1.0,2996.766,45.406
3444,rebounding,1,889,419,5417,85.66,sam2,1.0,2996.766,45.406
3445,rebounding,1,889,420,5630,89.03,sam2,1.0,2996.766,45.406
3446,rebounding,1,889,419,5435,85.94,sam2,1.0,2996.766,45.406
3447,rebounding,1,889,420,5475,86.57,sam2,1.0,2996.766,45.406
3448,rebounding,1,889,420,5649,89.33,sam2,0.0,0.0,0.0
3449,rebounding,1,889,420,5680,89.82,sam2,0.0,0.0,0.0
3450,rebounding,1,889,419,5446,86.12,sam2,1.0,2996.766,45.406
3451,rebounding,1,889,420,5488,86.78,sam2,1.0,2996.766,45.406
3452,rebounding,1,889,420,5640,89.18,sam2,0.0,0.0,0.0
3453,rebounding,1,889,420,5718,90.42,sam2,0.0,0.0,0.0
3454,rebounding,1,889,420,5499,86.95,sam2,0.0,0.0,0.0
3455,rebounding,1,889,420,5483,86.7,sam2,0.0,0.0,0.0
3456,rebounding,1,889,420,5622,88.9,sam2,0.0,0.0,0.0
3457,rebounding,1,889,420,5497,86.92,sam2,0.0,0.0,0.0
3458,rebounding,1,889,420,5455,86.26,sam2,0.0,0.0,0.0
3459,rebounding,1,889,420,5468,86.46,sam2,0.0,0.0,0.0
3460,rebounding,1,889,420,5607,88.66,sam2,0.0,0.0,0.0
3461,rebounding,1,889,420,5473,86.54,sam2,0.0,0.0,0.0
3462,rebounding,1,889,419,5441,86.04,sam2,1.0,2996.766,45.406
3463,rebounding,1,889,420,5599,88.54,sam2,1.0,2996.766,45.406
3464,rebounding,1,889,420,5664,89.56,sam2,0.0,0.0,0.0
3465,rebounding,1,889,419,5415,85.63,sam2,1.0,2996.766,45.406
3466,rebounding,1,889,420,5471,86.51,sam2,1.0,2996.766,45.406
3467,rebounding,1,889,419,5434,85.93,sam2,1.0,2996.766,45.406
3468,rebounding,1,889,420,5649,89.33,sam2,1.0,2996.766,45.406
3469,rebounding,1,889,420,5688,89.94,sam2,0.0,0.0,0.0
3470,rebounding,1,889,420,5716,90.39,sam2,0.0,0.0,0.0
3471,rebounding,1,889,420,5674,89.72,sam2,0.0,0.0,0.0
3472,rebounding,1,889,420,5491,86.83,sam2,0.0,0.0,0.0
3473,rebounding,1,889,419,5452,86.21,sam2,1.0,2996.766,45.406
3474,rebounding,1,889,419,5440,86.02,sam2,0.0,0.0,0.0
3475,rebounding,1,889,420,5498,86.94,sam2,1.0,2996.766,45.406
3476,rebounding,1,889,419,5444,86.08,sam2,1.0,2996.766,45.406
3477,rebounding,1,889,420,5471,86.51,sam2,1.0,2996.766,45.406
3478,rebounding,1,889,420,5604,88.61,sam2,0.0,0.0,0.0
3479,rebounding,1,889,420,5646,89.28,sam2,0.0,0.0,0.0
3480,rebounding,1,889,420,5629,89.01,sam2,0.0,0.0,0.0
3481,rebounding,1,889,421,5694,90.04,sam2,1.0,2996.766,45.406
3482,rebounding,1,889,420,5549,87.75,sam2,1.0,2996.766,45.406
3483,rebounding,1,889,420,5486,86.75,sam2,0.0,0.0,0.0
3484,rebounding,1,889,420,5507,87.08,sam2,0.0,0.0,0.0
3485,rebounding,1,889,420,5436,85.96,sam2,0.0,0.0,0.0
3486,rebounding,1,889,420,5475,86.57,sam2,0.0,0.0,0.0
3487,rebounding,1,889,420,5650,89.34,sam2,0.0,0.0,0.0
3488,rebounding,1,889,420,5624,88.93,sam2,0.0,0.0,0.0
3489,rebounding,1,889,420,5636,89.12,sam2,0.0,0.0,0.0
3490,rebounding,1,889,420,5648,89.31,sam2,0.0,0.0,0.0
3491,rebounding,1,889,420,5680,89.82,sam2,0.0,0.0,0.0
3492,rebounding,1,889,420,5730,90.61,sam2,0.0,0.0,0.0
3493,rebounding,1,889,420,5553,87.81,sam2,0.0,0.0,0.0
3494,rebounding,1,889,420,5506,87.07,sam2,0.0,0.0,0.0
3495,rebounding,1,889,420,5497,86.92,sam2,0.0,0.0,0.0
3496,rebounding,1,889,420,5722,90.48,sam2,0.0,0.0,0.0
3497,rebounding,1,889,420,5688,89.94,sam2,0.0,0.0,0.0
3498,rebounding,1,889,420,5520,87.29,sam2,0.0,0.0,0.0
3499,rebounding,1,889,420,5701,90.15,sam2,0.0,0.0,0.0
3500,rebounding,1,889,420,5490,86.81,sam2,0.0,0.0,0.0
3501,rebounding,1,889,421,5731,90.62,sam2,1.0,2996.766,45.406
3502,rebounding,1,889,420,5734,90.67,sam2,1.0,2996.766,45.406
3503,rebounding,1,889,420,5496,86.91,sam2,0.0,0.0,0.0
3504,rebounding,1,889,420,5486,86.75,sam2,0.0,0.0,0.0
3505,rebounding,1,889,420,5504,87.03,sam2,0.0,0.0,0.0
3506,rebounding,1,889,420,5463,86.39,sam2,0.0,0.0,0.0
3507,rebounding,1,889,420,5515,87.21,sam2,0.0,0.0,0.0
3508,rebounding,1,889,420,5453,86.23,sam2,0.0,0.0,0.0
3509,rebounding,1,889,420,5661,89.52,sam2,0.0,0.0,0.0
3510,rebounding,1,889,419,5389,85.22,sam2,1.0,2996.766,45.406
3511,rebounding,1,889,419,5403,85.44,sam2,0.0,0.0,0.0
3512,rebounding,1,889,420,5635,89.1,sam2,1.0,2996.766,45.406
3513,rebounding,1,889,420,5642,89.22,sam2,0.0,0.0,0.0
3514,rebounding,1,889,420,5654,89.41,sam2,0.0,0.0,0.0
3515,rebounding,1,889,420,5714,90.35,sam2,0.0,0.0,0.0
3516,rebounding,1,889,420,5661,89.52,sam2,0.0,0.0,0.0
3517,rebounding,1,889,420,5484,86.72,sam2,0.0,0.0,0.0
3518,rebounding,1,889,420,5476,86.59,sam2,0.0,0.0,0.0
3519,rebounding,1,889,420,5487,86.76,sam2,0.0,0.0,0.0
3520,rebounding,1,889,420,5651,89.36,sam2,0.0,0.0,0.0
3521,rebounding,1,889,420,5696,90.07,sam2,0.0,0.0,0.0
3522,rebounding,1,889,419,5473,86.54,sam2,1.0,2996.766,45.406
3523,rebounding,1,889,420,5665,89.58,sam2,1.0,2996.766,45.406
3524,rebounding,1,889,420,5716,90.39,sam2,0.0,0.0,0.0
3525,rebounding,1,889,420,5512,87.16,sam2,0.0,0.0,0.0
3526,rebounding,1,889,420,5510,87.13,sam2,0.0,0.0,0.0
3527,rebounding,1,889,420,5498,86.94,sam2,0.0,0.0,0.0
3528,rebounding,1,889,419,5450,86.18,sam2,1.0,2996.766,45.406
3529,rebounding,1,889,420,5484,86.72,sam2,1.0,2996.766,45.406
3530,rebounding,1,889,420,5493,86.86,sam2,0.0,0.0,0.0
3531,rebounding,1,889,420,5633,89.07,sam2,0.0,0.0,0.0
3532,rebounding,1,889,419,5433,85.91,sam2,1.0,2996.766,45.406
3533,rebounding,1,889,420,5629,89.01,sam2,1.0,2996.766,45.406
3534,rebounding,1,889,420,5613,88.76,sam2,0.0,0.0,0.0
3535,rebounding,1,889,420,5638,89.15,sam2,0.0,0.0,0.0
3536,rebounding,1,889,420,5691,89.99,sam2,0.0,0.0,0.0
3537,rebounding,1,889,420,5462,86.37,sam2,0.0,0.0,0.0
3538,rebounding,1,889,420,5593,88.44,sam2,0.0,0.0,0.0
3539,rebounding,1,889,420,5507,87.08,sam2,0.0,0.0,0.0
3540,rebounding,1,889,420,5516,87.22,sam2,0.0,0.0,0.0
3541,rebounding,1,889,420,5494,86.88,sam2,0.0,0.0,0.0
3542,rebounding,1,889,420,5477,86.61,sam2,0.0,0.0,0.0
3543,rebounding,1,889,420,5516,87.22,sam2,0.0,0.0,0.0
3544,rebounding,1,889,420,5469,86.48,sam2,0.0,0.0,0.0
3545,rebounding,1,889,420,5637,89.14,sam2,0.0,0.0,0.0
3546,rebounding,1,889,420,5592,88.43,sam2,0.0,0.0,0.0
3547,rebounding,1,889,419,5409,85.53,sam2,1.0,2996.766,45.406
3548,rebounding,1,889,420,5627,88.98,sam2,1.0,2996.766,45.406
3549,rebounding,1,889,420,5619,88.85,sam2,0.0,0.0,0.0
3550,rebounding,1,889,419,5463,86.39,sam2,1.0,2996.766,45.406
3551,rebounding,1,889,419,5435,85.94,sam2,0.0,0.0,0.0
3552,rebounding,1,889,420,5634,89.09,sam2,1.0,2996.766,45.406
3553,rebounding,1,889,420,5664,89.56,sam2,0.0,0.0,0.0
3554,rebounding,1,889,420,5723,90.5,sam2,0.0,0.0,0.0
3555,rebounding,1,889,420,5476,86.59,sam2,0.0,0.0,0.0
3556,rebounding,1,889,419,5405,85.47,sam2,1.0,2996.766,45.406
3557,rebounding,1,889,419,5429,85.85,sam2,0.0,0.0,0.0
3558,rebounding,1,889,421,5749,90.91,sam2,2.0,5993.533,90.811
3559,rebounding,1,889,421,5732,90.64,sam2,0.0,0.0,0.0
3560,rebounding,1,889,420,5464,86.4,sam2,1.0,2996.766,45.406
3561,rebounding,1,889,420,5458,86.31,sam2,0.0,0.0,0.0
3562,rebounding,1,889,419,5414,85.61,sam2,1.0,2996.766,45.406
3563,rebounding,1,889,420,5473,86.54,sam2,1.0,2996.766,45.406
3564,rebounding,1,889,419,5426,85.8,sam2,1.0,2996.766,45.406
3565,rebounding,1,889,420,5478,86.62,sam2,1.0,2996.766,45.406
3566,rebounding,1,889,420,5622,88.9,sam2,0.0,0.0,0.0
3567,rebounding,1,889,420,5652,89.37,sam2,0.0,0.0,0.0
3568,rebounding,1,889,420,5585,88.31,sam2,0.0,0.0,0.0
3569,rebounding,1,889,420,5646,89.28,sam2,0.0,0.0,0.0
3570,rebounding,1,889,420,5491,86.83,sam2,0.0,0.0,0.0
3571,rebounding,1,889,420,5497,86.92,sam2,0.0,0.0,0.0
3572,rebounding,1,889,420,5497,86.92,sam2,0.0,0.0,0.0
3573,rebounding,1,889,420,5697,90.09,sam2,0.0,0.0,0.0
3574,rebounding,1,889,420,5526,87.38,sam2,0.0,0.0,0.0
3575,rebounding,1,889,420,5486,86.75,sam2,0.0,0.0,0.0
3576,rebounding,1,889,419,5457,86.29,sam2,1.0,2996.766,45.406
3577,rebounding,1,889,420,5483,86.7,sam2,1.0,2996.766,45.406
3578,rebounding,1,889,420,5684,89.88,sam2,0.0,0.0,0.0
3579,rebounding,1,889,420,5498,86.94,sam2,0.0,0.0,0.0
3580,rebounding,1,889,420,5657,89.45,sam2,0.0,0.0,0.0
3581,rebounding,1,889,420,5600,88.55,sam2,0.0,0.0,0.0
3582,rebounding,1,889,419,5419,85.69,sam2,1.0,2996.766,45.406
3583,rebounding,1,889,419,5456,86.27,sam2,0.0,0.0,0.0
3584,rebounding,1,889,420,5499,86.95,sam2,1.0,2996.766,45.406
3585,rebounding,1,889,420,5465,86.42,sam2,0.0,0.0,0.0
3586,rebounding,1,889,420,5687,89.93,sam2,0.0,0.0,0.0
3587,rebounding,1,889,420,5680,89.82,sam2,0.0,0.0,0.0
3588,rebounding,1,889,420,5633,89.07,sam2,0.0,0.0,0.0
3589,rebounding,1,889,420,5663,89.55,sam2,0.0,0.0,0.0
3590,rebounding,1,889,420,5492,86.84,sam2,0.0,0.0,0.0
3591,rebounding,1,889,420,5511,87.14,sam2,0.0,0.0,0.0
3592,rebounding,1,889,420,5514,87.19,sam2,0.0,0.0,0.0
3593,rebounding,1,889,420,5508,87.1,sam2,0.0,0.0,0.0
3594,rebounding,1,889,420,5463,86.39,sam2,0.0,0.0,0.0
3595,rebounding,1,889,419,5440,86.02,sam2,1.0,2996.766,45.406
3596,rebounding,1,889,419,5403,85.44,sam2,0.0,0.0,0.0
3597,rebounding,1,889,420,5649,89.33,sam2,1.0,2996.766,45.406
3598,rebounding,1,889,420,5641,89.2,sam2,0.0,0.0,0.0
3599,rebounding,1,889,420,5642,89.22,sam2,0.0,0.0,0.0
3600,rebounding,1,889,419,5449,86.16,sam2,1.0,2996.766,45.406
3601,rebounding,1,889,419,5405,85.47,sam2,0.0,0.0,0.0
3602,rebounding,1,889,420,5462,86.37,sam2,1.0,2996.766,45.406
3603,rebounding,1,889,419,5481,86.67,sam2,1.0,2996.766,45.406
3604,rebounding,1,889,419,5435,85.94,sam2,0.0,0.0,0.0
3605,rebounding,1,889,420,5469,86.48,sam2,1.0,2996.766,45.406
3606,rebounding,1,889,419,5393,85.28,sam2,1.0,2996.766,45.406
3607,rebounding,1,889,419,5380,85.07,sam2,0.0,0.0,0.0
3608,rebounding,1,889,420,5629,89.01,sam2,1.0,2996.766,45.406
3609,rebounding,1,889,420,5651,89.36,sam2,0.0,0.0,0.0
3610,rebounding,1,889,420,5452,86.21,sam2,0.0,0.0,0.0
3611,rebounding,1,889,420,5609,88.69,sam2,0.0,0.0,0.0
3612,rebounding,1,889,419,5409,85.53,sam2,1.0,2996.766,45.406
3613,rebounding,1,889,419,5370,84.91,sam2,0.0,0.0,0.0
3614,rebounding,1,889,419,5426,85.8,sam2,0.0,0.0,0.0
3615,rebounding,1,889,420,5630,89.03,sam2,1.0,2996.766,45.406
3616,rebounding,1,889,420,5456,86.27,sam2,0.0,0.0,0.0
3617,rebounding,1,889,420,5664,89.56,sam2,0.0,0.0,0.0
3618,rebounding,1,889,419,5420,85.71,sam2,1.0,2996.766,45.406
3619,rebounding,1,889,419,5445,86.1,sam2,0.0,0.0,0.0
3620,rebounding,1,889,419,5410,85.55,sam2,0.0,0.0,0.0
3621,rebounding,1,889,419,5408,85.52,sam2,0.0,0.0,0.0
3622,rebounding,1,889,419,5396,85.33,sam2,0.0,0.0,0.0
3623,rebounding,1,889,420,5576,88.17,sam2,1.0,2996.766,45.406
3624,rebounding,1,889,419,5369,84.9,sam2,1.0,2996.766,45.406
3625,rebounding,1,889,420,5593,88.44,sam2,1.0,2996.766,45.406
3626,rebounding,1,889,420,5633,89.07,sam2,0.0,0.0,0.0
3627,rebounding,1,889,420,5461,86.35,sam2,0.0,0.0,0.0
3628,rebounding,1,889,420,5658,89.47,sam2,0.0,0.0,0.0
3629,rebounding,1,889,420,5458,86.31,sam2,0.0,0.0,0.0
3630,rebounding,1,889,419,5413,85.59,sam2,1.0,2996.766,45.406
3631,rebounding,1,889,420,5496,86.91,sam2,1.0,2996.766,45.406
3632,rebounding,1,889,420,5655,89.42,sam2,0.0,0.0,0.0
3633,rebounding,1,889,420,5489,86.8,sam2,0.0,0.0,0.0
3634,rebounding,1,889,420,5661,89.52,sam2,0.0,0.0,0.0
3635,rebounding,1,889,420,5468,86.46,sam2,0.0,0.0,0.0
3636,rebounding,1,889,419,5423,85.75,sam2,1.0,2996.766,45.406
3637,rebounding,1,889,419,5446,86.12,sam2,0.0,0.0,0.0
3638,rebounding,1,889,420,5650,89.34,sam2,1.0,2996.766,45.406
3639,rebounding,1,889,420,5461,86.35,sam2,0.0,0.0,0.0
3640,rebounding,1,889,419,5419,85.69,sam2,1.0,2996.766,45.406
3641,rebounding,1,889,420,5585,88.31,sam2,1.0,2996.766,45.406
3642,rebounding,1,889,420,5610,88.71,sam2,0.0,0.0,0.0
3643,rebounding,1,889,419,5390,85.23,sam2,1.0,2996.766,45.406
3644,rebounding,1,889,420,5491,86.83,sam2,1.0,2996.766,45.406
3645,rebounding,1,889,420,5471,86.51,sam2,0.0,0.0,0.0
3646,rebounding,1,889,420,5449,86.16,sam2,0.0,0.0,0.0
3647,rebounding,1,889,419,5417,85.66,sam2,1.0,2996.766,45.406
3648,rebounding,1,889,420,5563,87.97,sam2,1.0,2996.766,45.406
3649,rebounding,1,889,420,5637,89.14,sam2,0.0,0.0,0.0
3650,rebounding,1,889,419,5411,85.56,sam2,1.0,2996.766,45.406
3651,rebounding,1,889,420,5466,86.43,sam2,1.0,2996.766,45.406
3652,rebounding,1,889,419,5436,85.96,sam2,1.0,2996.766,45.406
3653,rebounding,1,889,419,5423,85.75,sam2,0.0,0.0,0.0
3654,rebounding,1,889,420,5662,89.53,sam2,1.0,2996.766,45.406
3655,rebounding,1,889,419,5442,86.05,sam2,1.0,2996.766,45.406
3656,rebounding,1,889,419,5442,86.05,sam2,0.0,0.0,0.0
3657,rebounding,1,889,419,5372,84.95,sam2,0.0,0.0,0.0
3658,rebounding,1,889,419,5414,85.61,sam2,0.0,0.0,0.0
3659,rebounding,1,889,420,5572,88.11,sam2,1.0,2996.766,45.406
3660,rebounding,1,889,419,5408,85.52,sam2,1.0,2996.766,45.406
3661,rebounding,1,889,420,5604,88.61,sam2,1.0,2996.766,45.406
3662,rebounding,1,889,419,5394,85.29,sam2,1.0,2996.766,45.406
3663,rebounding,1,889,419,5438,85.99,sam2,0.0,0.0,0.0
3664,rebounding,1,889,420,5580,88.24,sam2,1.0,2996.766,45.406
3665,rebounding,1,889,420,5640,89.18,sam2,0.0,0.0,0.0
3666,rebounding,1,889,419,5447,86.13,sam2,1.0,2996.766,45.406
3667,rebounding,1,889,419,5419,85.69,sam2,0.0,0.0,0.0
3668,rebounding,1,889,420,5586,88.33,sam2,1.0,2996.766,45.406
3669,rebounding,1,889,420,5481,86.67,sam2,0.0,0.0,0.0
3670,rebounding,1,889,420,5669,89.64,sam2,0.0,0.0,0.0
3671,rebounding,1,889,420,5464,86.4,sam2,0.0,0.0,0.0
3672,rebounding,1,889,419,5431,85.88,sam2,1.0,2996.766,45.406
3673,rebounding,1,889,420,5637,89.14,sam2,1.0,2996.766,45.406
3674,rebounding,1,889,420,5459,86.32,sam2,0.0,0.0,0.0
3675,rebounding,1,889,420,5601,88.57,sam2,0.0,0.0,0.0
3676,rebounding,1,889,420,5451,86.2,sam2,0.0,0.0,0.0
3677,rebounding,1,889,420,5596,88.49,sam2,0.0,0.0,0.0
3678,rebounding,1,889,420,5642,89.22,sam2,0.0,0.0,0.0
3679,rebounding,1,889,419,5437,85.97,sam2,1.0,2996.766,45.406
3680,rebounding,1,889,419,5406,85.48,sam2,0.0,0.0,0.0
3681,rebounding,1,889,420,5688,89.94,sam2,1.0,2996.766,45.406
3682,rebounding,1,889,419,5418,85.67,sam2,1.0,2996.766,45.406
3683,rebounding,1,889,420,5474,86.56,sam2,1.0,2996.766,45.406
3684,rebounding,1,889,420,5634,89.09,sam2,0.0,0.0,0.0
3685,rebounding,1,889,420,5654,89.41,sam2,0.0,0.0,0.0
3686,rebounding,1,889,420,5672,89.69,sam2,0.0,0.0,0.0
3687,rebounding,1,889,420,5501,86.99,sam2,0.0,0.0,0.0
3688,rebounding,1,889,419,5435,85.94,sam2,1.0,2996.766,45.406
3689,rebounding,1,889,420,5499,86.95,sam2,1.0,2996.766,45.406
3690,rebounding,1,889,420,5460,86.34,sam2,0.0,0.0,0.0
3691,rebounding,1,889,420,5485,86.73,sam2,0.0,0.0,0.0
3692,rebounding,1,889,420,5490,86.81,sam2,0.0,0.0,0.0
3693,rebounding,1,889,420,5589,88.38,sam2,0.0,0.0,0.0
3694,rebounding,1,889,420,5620,88.87,sam2,0.0,0.0,0.0
3695,rebounding,1,889,420,5664,89.56,sam2,0.0,0.0,0.0
3696,rebounding,1,889,420,5613,88.76,sam2,0.0,0.0,0.0
3697,rebounding,1,889,420,5632,89.06,sam2,0.0,0.0,0.0
3698,rebounding,1,889,420,5478,86.62,sam2,0.0,0.0,0.0
3699,rebounding,1,889,420,5528,87.41,sam2,0.0,0.0,0.0
3700,rebounding,1,889,420,5464,86.4,sam2,0.0,0.0,0.0
3701,rebounding,1,889,420,5498,86.94,sam2,0.0,0.0,0.0
3702,rebounding,1,889,420,5633,89.07,sam2,0.0,0.0,0.0
3703,rebounding,1,889,419,5436,85.96,sam2,1.0,2996.766,45.406
3704,rebounding,1,889,420,5466,86.43,sam2,1.0,2996.766,45.406
3705,rebounding,1,889,420,5589,88.38,sam2,0.0,0.0,0.0
3706,rebounding,1,889,419,5441,86.04,sam2,1.0,2996.766,45.406
3707,rebounding,1,889,420,5488,86.78,sam2,1.0,2996.766,45.406
3708,rebounding,1,889,420,5678,89.78,sam2,0.0,0.0,0.0
3709,rebounding,1,889,419,5414,85.61,sam2,1.0,2996.766,45.406
3710,rebounding,1,889,419,5452,86.21,sam2,0.0,0.0,0.0
3711,rebounding,1,889,420,5654,89.41,sam2,1.0,2996.766,45.406
3712,rebounding,1,889,419,5415,85.63,sam2,1.0,2996.766,45.406
3713,rebounding,1,889,420,5462,86.37,sam2,1.0,2996.766,45.406
3714,rebounding,1,889,420,5629,89.01,sam2,0.0,0.0,0.0
3715,rebounding,1,889,420,5596,88.49,sam2,0.0,0.0,0.0
3716,rebounding,1,889,419,5406,85.48,sam2,1.0,2996.766,45.406
3717,rebounding,1,889,420,5667,89.61,sam2,1.0,2996.766,45.406
3718,rebounding,1,889,419,5440,86.02,sam2,1.0,2996.766,45.406
3719,rebounding,1,889,420,5451,86.2,sam2,1.0,2996.766,45.406
3720,rebounding,1,889,419,5429,85.85,sam2,1.0,2996.766,45.406
3721,rebounding,1,889,420,5451,86.2,sam2,1.0,2996.766,45.406
3722,rebounding,1,889,419,5384,85.14,sam2,1.0,2996.766,45.406
3723,rebounding,1,889,420,5449,86.16,sam2,1.0,2996.766,45.406
3724,rebounding,1,889,419,5348,84.57,sam2,1.0,2996.766,45.406
3725,rebounding,1,889,420,5578,88.2,sam2,1.0,2996.766,45.406
3726,rebounding,1,889,419,5416,85.64,sam2,1.0,2996.766,45.406
3727,rebounding,1,889,419,5399,85.37,sam2,0.0,0.0,0.0
3728,rebounding,1,889,420,5597,88.5,sam2,1.0,2996.766,45.406
3729,rebounding,1,889,420,5469,86.48,sam2,0.0,0.0,0.0
3730,rebounding,1,889,420,5631,89.04,sam2,0.0,0.0,0.0
3731,rebounding,1,889,420,5666,89.6,sam2,0.0,0.0,0.0
3732,rebounding,1,889,419,5422,85.74,sam2,1.0,2996.766,45.406
3733,rebounding,1,889,420,5604,88.61,sam2,1.0,2996.766,45.406
3734,rebounding,1,889,419,5430,85.86,sam2,1.0,2996.766,45.406
3735,rebounding,1,889,419,5384,85.14,sam2,0.0,0.0,0.0
3736,rebounding,1,889,420,5675,89.74,sam2,1.0,2996.766,45.406
3737,rebounding,1,889,420,5616,88.8,sam2,0.0,0.0,0.0
3738,rebounding,1,889,420,5629,89.01,sam2,0.0,0.0,0.0
3739,rebounding,1,889,419,5413,85.59,sam2,1.0,2996.766,45.406
3740,rebounding,1,889,420,5613,88.76,sam2,1.0,2996.766,45.406
3741,rebounding,1,889,420,5682,89.85,sam2,0.0,0.0,0.0
3742,rebounding,1,889,420,5536,87.54,sam2,0.0,0.0,0.0
3743,rebounding,1,889,420,5529,87.43,sam2,0.0,0.0,0.0
3744,rebounding,1,889,421,5731,90.62,sam2,1.0,2996.766,45.406
3745,rebounding,1,889,420,5503,87.02,sam2,1.0,2996.766,45.406
3746,rebounding,1,889,420,5502,87.0,sam2,0.0,0.0,0.0
3747,rebounding,1,889,420,5503,87.02,sam2,0.0,0.0,0.0
3748,rebounding,1,889,420,5477,86.61,sam2,0.0,0.0,0.0
3749,rebounding,1,889,420,5492,86.84,sam2,0.0,0.0,0.0
3750,rebounding,1,889,420,5465,86.42,sam2,0.0,0.0,0.0
3751,rebounding,1,889,420,5606,88.65,sam2,0.0,0.0,0.0
3752,rebounding,1,889,419,5394,85.29,sam2,1.0,2996.766,45.406
3753,rebounding,1,889,420,5622,88.9,sam2,1.0,2996.766,45.406
3754,rebounding,1,889,420,5452,86.21,sam2,0.0,0.0,0.0
3755,rebounding,1,889,420,5459,86.32,sam2,0.0,0.0,0.0
3756,rebounding,1,889,420,5657,89.45,sam2,0.0,0.0,0.0
3757,rebounding,1,889,419,5435,85.94,sam2,1.0,2996.766,45.406
3758,rebounding,1,889,420,5603,88.6,sam2,1.0,2996.766,45.406
3759,rebounding,1,889,420,5463,86.39,sam2,0.0,0.0,0.0
3760,rebounding,1,889,419,5405,85.47,sam2,1.0,2996.766,45.406
3761,rebounding,1,889,419,5392,85.26,sam2,0.0,0.0,0.0
3762,rebounding,1,889,420,5600,88.55,sam2,1.0,2996.766,45.406
3763,rebounding,1,889,420,5665,89.58,sam2,0.0,0.0,0.0
3764,rebounding,1,889,420,5665,89.58,sam2,0.0,0.0,0.0
3765,rebounding,1,889,420,5661,89.52,sam2,0.0,0.0,0.0
3766,rebounding,1,889,420,5679,89.8,sam2,0.0,0.0,0.0
3767,rebounding,1,889,420,5468,86.46,sam2,0.0,0.0,0.0
3768,rebounding,1,889,421,5776,91.33,sam2,1.0,2996.766,45.406
3769,rebounding,1,889,420,5551,87.78,sam2,1.0,2996.766,45.406
3770,rebounding,1,889,420,5493,86.86,sam2,0.0,0.0,0.0
3771,rebounding,1,889,419,5448,86.15,sam2,1.0,2996.766,45.406
3772,rebounding,1,889,420,5451,86.2,sam2,1.0,2996.766,45.406
3773,rebounding,1,889,420,5458,86.31,sam2,0.0,0.0,0.0
3774,rebounding,1,889,420,5473,86.54,sam2,0.0,0.0,0.0
3775,rebounding,1,889,419,5372,84.95,sam2,1.0,2996.766,45.406
3776,rebounding,1,889,419,5351,84.61,sam2,0.0,0.0,0.0
3777,rebounding,1,889,419,5424,85.77,sam2,0.0,0.0,0.0
3778,rebounding,1,889,419,5423,85.75,sam2,0.0,0.0,0.0
3779,rebounding,1,889,420,5628,88.99,sam2,1.0,2996.766,45.406
3780,rebounding,1,889,420,5697,90.09,sam2,0.0,0.0,0.0
3781,rebounding,1,889,419,5421,85.72,sam2,1.0,2996.766,45.406
3782,rebounding,1,889,419,5400,85.39,sam2,0.0,0.0,0.0
3783,rebounding,1,889,419,5430,85.86,sam2,0.0,0.0,0.0
3784,rebounding,1,889,419,5434,85.93,sam2,0.0,0.0,0.0
3785,rebounding,1,889,420,5657,89.45,sam2,1.0,2996.766,45.406
3786,rebounding,1,889,419,5449,86.16,sam2,1.0,2996.766,45.406
3787,rebounding,1,889,420,5633,89.07,sam2,1.0,2996.766,45.406
3788,rebounding,1,889,420,5650,89.34,sam2,0.0,0.0,0.0
3789,rebounding,1,889,419,5443,86.07,sam2,1.0,2996.766,45.406
3790,rebounding,1,889,419,5444,86.08,sam2,0.0,0.0,0.0
3791,rebounding,1,889,419,5445,86.1,sam2,0.0,0.0,0.0
3792,rebounding,1,889,420,5609,88.69,sam2,1.0,2996.766,45.406
3793,rebounding,1,889,419,5413,85.59,sam2,1.0,2996.766,45.406
3794,rebounding,1,889,419,5409,85.53,sam2,0.0,0.0,0.0
3795,rebounding,1,889,420,5638,89.15,sam2,1.0,2996.766,45.406
3796,rebounding,1,889,420,5642,89.22,sam2,0.0,0.0,0.0
3797,rebounding,1,889,420,5484,86.72,sam2,0.0,0.0,0.0
3798,rebounding,1,889,419,5466,86.43,sam2,1.0,2996.766,45.406
3799,rebounding,1,889,419,5439,86.01,sam2,0.0,0.0,0.0
3800,rebounding,1,889,419,5405,85.47,sam2,0.0,0.0,0.0
3801,rebounding,1,889,420,5450,86.18,sam2,1.0,2996.766,45.406
3802,rebounding,1,889,420,5603,88.6,sam2,0.0,0.0,0.0
3803,rebounding,1,889,419,5430,85.86,sam2,1.0,2996.766,45.406
3804,rebounding,1,889,420,5616,88.8,sam2,1.0,2996.766,45.406
3805,rebounding,1,889,420,5619,88.85,sam2,0.0,0.0,0.0
3806,rebounding,1,889,420,5640,89.18,sam2,0.0,0.0,0.0
3807,rebounding,1,889,420,5667,89.61,sam2,0.0,0.0,0.0
3808,rebounding,1,889,420,5679,89.8,sam2,0.0,0.0,0.0
3809,rebounding,1,889,420,5674,89.72,sam2,0.0,0.0,0.0
3810,rebounding,1,889,420,5521,87.3,sam2,0.0,0.0,0.0
3811,rebounding,1,889,420,5539,87.59,sam2,0.0,0.0,0.0
3812,rebounding,1,889,420,5507,87.08,sam2,0.0,0.0,0.0
3813,rebounding,1,889,420,5502,87.0,sam2,0.0,0.0,0.0
3814,rebounding,1,889,419,5422,85.74,sam2,1.0,2996.766,45.406
3815,rebounding,1,889,419,5423,85.75,sam2,0.0,0.0,0.0
3816,rebounding,1,889,420,5676,89.75,sam2,1.0,2996.766,45.406
3817,rebounding,1,889,420,5482,86.69,sam2,0.0,0.0,0.0
3818,rebounding,1,889,420,5462,86.37,sam2,0.0,0.0,0.0
3819,rebounding,1,889,419,5410,85.55,sam2,1.0,2996.766,45.406
3820,rebounding,1,889,419,5409,85.53,sam2,0.0,0.0,0.0
3821,rebounding,1,889,420,5632,89.06,sam2,1.0,2996.766,45.406
3822,rebounding,1,889,420,5500,86.97,sam2,0.0,0.0,0.0
3823,rebounding,1,889,419,5400,85.39,sam2,1.0,2996.766,45.406
3824,rebounding,1,889,419,5404,85.45,sam2,0.0,0.0,0.0
3825,rebounding,1,889,420,5631,89.04,sam2,1.0,2996.766,45.406
3826,rebounding,1,889,420,5472,86.53,sam2,0.0,0.0,0.0
3827,rebounding,1,889,420,5692,90.01,sam2,0.0,0.0,0.0
3828,rebounding,1,889,420,5480,86.65,sam2,0.0,0.0,0.0
3829,rebounding,1,889,420,5647,89.29,sam2,0.0,0.0,0.0
3830,rebounding,1,889,420,5451,86.2,sam2,0.0,0.0,0.0
3831,rebounding,1,889,419,5446,86.12,sam2,1.0,2996.766,45.406
3832,rebounding,1,889,419,5439,86.01,sam2,0.0,0.0,0.0
3833,rebounding,1,889,419,5413,85.59,sam2,0.0,0.0,0.0
3834,rebounding,1,889,420,5577,88.19,sam2,1.0,2996.766,45.406
3835,rebounding,1,889,420,5665,89.58,sam2,0.0,0.0,0.0
3836,rebounding,1,889,419,5396,85.33,sam2,1.0,2996.766,45.406
3837,rebounding,1,889,420,5633,89.07,sam2,1.0,2996.766,45.406
3838,rebounding,1,889,420,5615,88.79,sam2,0.0,0.0,0.0
3839,rebounding,1,889,419,5445,86.1,sam2,1.0,2996.766,45.406
3840,rebounding,1,889,420,5502,87.0,sam2,1.0,2996.766,45.406
3841,rebounding,1,889,420,5477,86.61,sam2,0.0,0.0,0.0
3842,rebounding,1,889,420,5461,86.35,sam2,0.0,0.0,0.0
3843,rebounding,1,889,420,5491,86.83,sam2,0.0,0.0,0.0
3844,rebounding,1,889,420,5471,86.51,sam2,0.0,0.0,0.0
3845,rebounding,1,889,420,5624,88.93,sam2,0.0,0.0,0.0
3846,rebounding,1,889,419,5417,85.66,sam2,1.0,2996.766,45.406
3847,rebounding,1,889,419,5439,86.01,sam2,0.0,0.0,0.0
3848,rebounding,1,889,420,5461,86.35,sam2,1.0,2996.766,45.406
3849,rebounding,1,889,420,5654,89.41,sam2,0.0,0.0,0.0
3850,rebounding,1,889,420,5652,89.37,sam2,0.0,0.0,0.0
3851,rebounding,1,889,420,5659,89.48,sam2,0.0,0.0,0.0
3852,rebounding,1,889,420,5481,86.67,sam2,0.0,0.0,0.0
3853,rebounding,1,889,420,5628,88.99,sam2,0.0,0.0,0.0
3854,rebounding,1,889,420,5679,89.8,sam2,0.0,0.0,0.0
3855,rebounding,1,889,420,5513,87.18,sam2,0.0,0.0,0.0
3856,rebounding,1,889,420,5476,86.59,sam2,0.0,0.0,0.0
3857,rebounding,1,889,420,5682,89.85,sam2,0.0,0.0,0.0
3858,rebounding,1,889,420,5477,86.61,sam2,0.0,0.0,0.0
3859,rebounding,1,889,420,5701,90.15,sam2,0.0,0.0,0.0
3860,rebounding,1,889,421,5711,90.31,sam2,1.0,2996.766,45.406
3861,rebounding,1,889,420,5469,86.48,sam2,1.0,2996.766,45.406
3862,rebounding,1,889,420,5455,86.26,sam2,0.0,0.0,0.0
3863,rebounding,1,889,420,5488,86.78,sam2,0.0,0.0,0.0
3864,rebounding,1,889,420,5472,86.53,sam2,0.0,0.0,0.0
3865,rebounding,1,889,419,5454,86.24,sam2,1.0,2996.766,45.406
3866,rebounding,1,889,419,5441,86.04,sam2,0.0,0.0,0.0
3867,rebounding,1,889,420,5603,88.6,sam2,1.0,2996.766,45.406
3868,rebounding,1,889,420,5465,86.42,sam2,0.0,0.0,0.0
3869,rebounding,1,889,420,5451,86.2,sam2,0.0,0.0,0.0
3870,rebounding,1,889,419,5406,85.48,sam2,1.0,2996.766,45.406
3871,rebounding,1,889,420,5578,88.2,sam2,1.0,2996.766,45.406
3872,rebounding,1,889,420,5563,87.97,sam2,0.0,0.0,0.0
3873,rebounding,1,889,420,5659,89.48,sam2,0.0,0.0,0.0
3874,rebounding,1,889,420,5647,89.29,sam2,0.0,0.0,0.0
3875,rebounding,1,889,419,5431,85.88,sam2,1.0,2996.766,45.406
3876,rebounding,1,889,420,5468,86.46,sam2,1.0,2996.766,45.406
3877,rebounding,1,889,420,5465,86.42,sam2,0.0,0.0,0.0
3878,rebounding,1,889,420,5654,89.41,sam2,0.0,0.0,0.0
3879,rebounding,1,889,420,5499,86.95,sam2,0.0,0.0,0.0
3880,rebounding,1,889,419,5419,85.69,sam2,1.0,2996.766,45.406
3881,rebounding,1,889,420,5609,88.69,sam2,1.0,2996.766,45.406
3882,rebounding,1,889,420,5640,89.18,sam2,0.0,0.0,0.0
3883,rebounding,1,889,420,5507,87.08,sam2,0.0,0.0,0.0
3884,rebounding,1,889,420,5509,87.11,sam2,0.0,0.0,0.0
3885,rebounding,1,889,420,5464,86.4,sam2,0.0,0.0,0.0
3886,rebounding,1,889,419,5409,85.53,sam2,1.0,2996.766,45.406
3887,rebounding,1,889,420,5464,86.4,sam2,1.0,2996.766,45.406
3888,rebounding,1,889,419,5414,85.61,sam2,1.0,2996.766,45.406
3889,rebounding,1,889,419,5400,85.39,sam2,0.0,0.0,0.0
3890,rebounding,1,889,419,5407,85.5,sam2,0.0,0.0,0.0
3891,rebounding,1,889,420,5592,88.43,sam2,1.0,2996.766,45.406
3892,rebounding,1,889,419,5427,85.82,sam2,1.0,2996.766,45.406
3893,rebounding,1,889,420,5603,88.6,sam2,1.0,2996.766,45.406
3894,rebounding,1,889,419,5415,85.63,sam2,1.0,2996.766,45.406
3895,rebounding,1,889,419,5412,85.58,sam2,0.0,0.0,0.0
3896,rebounding,1,889,420,5554,87.82,sam2,1.0,2996.766,45.406
3897,rebounding,1,889,420,5642,89.22,sam2,0.0,0.0,0.0
3898,rebounding,1,889,420,5591,88.41,sam2,0.0,0.0,0.0
3899,rebounding,1,889,420,5657,89.45,sam2,0.0,0.0,0.0
3900,rebounding,1,889,420,5449,86.16,sam2,0.0,0.0,0.0
3901,rebounding,1,889,420,5484,86.72,sam2,0.0,0.0,0.0
3902,rebounding,1,889,420,5477,86.61,sam2,0.0,0.0,0.0
3903,rebounding,1,889,419,5431,85.88,sam2,1.0,2996.766,45.406
3904,rebounding,1,889,419,5397,85.34,sam2,0.0,0.0,0.0
3905,rebounding,1,889,420,5637,89.14,sam2,1.0,2996.766,45.406
3906,rebounding,1,889,420,5437,85.97,sam2,0.0,0.0,0.0
3907,rebounding,1,889,420,5462,86.37,sam2,0.0,0.0,0.0
3908,rebounding,1,889,420,5612,88.74,sam2,0.0,0.0,0.0
3909,rebounding,1,889,420,5661,89.52,sam2,0.0,0.0,0.0
3910,rebounding,1,889,420,5491,86.83,sam2,0.0,0.0,0.0
3911,rebounding,1,889,420,5484,86.72,sam2,0.0,0.0,0.0
3912,rebounding,1,889,420,5619,88.85,sam2,0.0,0.0,0.0
3913,rebounding,1,889,420,5446,86.12,sam2,0.0,0.0,0.0
3914,rebounding,1,889,419,5441,86.04,sam2,1.0,2996.766,45.406
3915,rebounding,1,889,420,5479,86.64,sam2,1.0,2996.766,45.406
3916,rebounding,1,889,419,5427,85.82,sam2,1.0,2996.766,45.406
3917,rebounding,1,889,420,5651,89.36,sam2,1.0,2996.766,45.406
3918,rebounding,1,889,420,5447,86.13,sam2,0.0,0.0,0.0
3919,rebounding,1,889,419,5400,85.39,sam2,1.0,2996.766,45.406
3920,rebounding,1,889,420,5453,86.23,sam2,1.0,2996.766,45.406
3921,rebounding,1,889,420,5580,88.24,sam2,0.0,0.0,0.0
3922,rebounding,1,889,419,5421,85.72,sam2,1.0,2996.766,45.406
3923,rebounding,1,889,419,5428,85.83,sam2,0.0,0.0,0.0
3924,rebounding,1,889,420,5615,88.79,sam2,1.0,2996.766,45.406
3925,rebounding,1,889,420,5560,87.92,sam2,0.0,0.0,0.0
3926,rebounding,1,889,420,5448,86.15,sam2,0.0,0.0,0.0
3927,rebounding,1,889,420,5627,88.98,sam2,0.0,0.0,0.0
3928,rebounding,1,889,419,5431,85.88,sam2,1.0,2996.766,45.406
3929,rebounding,1,889,420,5691,89.99,sam2,1.0,2996.766,45.406
3930,rebounding,1,889,420,5684,89.88,sam2,0.0,0.0,0.0
3931,rebounding,1,889,420,5512,87.16,sam2,0.0,0.0,0.0
3932,rebounding,1,889,420,5663,89.55,sam2,0.0,0.0,0.0
3933,rebounding,1,889,420,5479,86.64,sam2,0.0,0.0,0.0
3934,rebounding,1,889,420,5533,87.49,sam2,0.0,0.0,0.0
3935,rebounding,1,889,420,5519,87.27,sam2,0.0,0.0,0.0
3936,rebounding,1,889,421,5705,90.21,sam2,1.0,2996.766,45.406
3937,rebounding,1,889,420,5456,86.27,sam2,1.0,2996.766,45.406
3938,rebounding,1,889,420,5478,86.62,sam2,0.0,0.0,0.0
3939,rebounding,1,889,420,5471,86.51,sam2,0.0,0.0,0.0
3940,rebounding,1,889,420,5687,89.93,sam2,0.0,0.0,0.0
3941,rebounding,1,889,420,5467,86.45,sam2,0.0,0.0,0.0
3942,rebounding,1,889,420,5477,86.61,sam2,0.0,0.0,0.0
3943,rebounding,1,889,419,5397,85.34,sam2,1.0,2996.766,45.406
3944,rebounding,1,889,419,5401,85.4,sam2,0.0,0.0,0.0
3945,rebounding,1,889,419,5413,85.59,sam2,0.0,0.0,0.0
3946,rebounding,1,888,419,5437,85.97,sam2,1.0,2996.766,45.406
3947,rebounding,1,889,419,5376,85.01,sam2,1.0,2996.766,45.406
3948,rebounding,1,889,420,5595,88.47,sam2,1.0,2996.766,45.406
3949,rebounding,1,889,420,5612,88.74,sam2,0.0,0.0,0.0
3950,rebounding,1,889,420,5633,89.07,sam2,0.0,0.0,0.0
3951,rebounding,1,889,419,5435,85.94,sam2,1.0,2996.766,45.406
3952,rebounding,1,889,420,5574,88.14,sam2,1.0,2996.766,45.406
3953,rebounding,1,889,420,5644,89.25,sam2,0.0,0.0,0.0
3954,rebounding,1,889,421,5712,90.32,sam2,1.0,2996.766,45.406
3955,rebounding,1,889,420,5717,90.4,sam2,1.0,2996.766,45.406
3956,rebounding,1,889,421,5718,90.42,sam2,1.0,2996.766,45.406
3957,rebounding,1,889,420,5495,86.89,sam2,1.0,2996.766,45.406
3958,rebounding,1,889,420,5526,87.38,sam2,0.0,0.0,0.0
3959,rebounding,1,889,420,5700,90.13,sam2,0.0,0.0,0.0
3960,rebounding,1,889,420,5539,87.59,sam2,0.0,0.0,0.0
3961,rebounding,1,889,420,5514,87.19,sam2,0.0,0.0,0.0
3962,rebounding,1,889,420,5520,87.29,sam2,0.0,0.0,0.0
3963,rebounding,1,889,420,5457,86.29,sam2,0.0,0.0,0.0
3964,rebounding,1,889,421,5708,90.26,sam2,1.0,2996.766,45.406
3965,rebounding,1,889,420,5548,87.73,sam2,1.0,2996.766,45.406
3966,rebounding,1,889,420,5459,86.32,sam2,0.0,0.0,0.0
3967,rebounding,1,889,419,5411,85.56,sam2,1.0,2996.766,45.406
3968,rebounding,1,889,419,5426,85.8,sam2,0.0,0.0,0.0
3969,rebounding,1,889,419,5413,85.59,sam2,0.0,0.0,0.0
3970,rebounding,1,889,420,5465,86.42,sam2,1.0,2996.766,45.406
3971,rebounding,1,889,420,5437,85.97,sam2,0.0,0.0,0.0
3972,rebounding,1,889,420,5553,87.81,sam2,0.0,0.0,0.0
3973,rebounding,1,889,419,5392,85.26,sam2,1.0,2996.766,45.406
3974,rebounding,1,889,420,5573,88.12,sam2,1.0,2996.766,45.406
3975,rebounding,1,889,420,5631,89.04,sam2,0.0,0.0,0.0
3976,rebounding,1,889,420,5641,89.2,sam2,0.0,0.0,0.0
3977,rebounding,1,889,420,5651,89.36,sam2,0.0,0.0,0.0
3978,rebounding,1,889,420,5673,89.71,sam2,0.0,0.0,0.0
3979,rebounding,1,889,420,5476,86.59,sam2,0.0,0.0,0.0
3980,rebounding,1,889,420,5496,86.91,sam2,0.0,0.0,0.0
3981,rebounding,1,889,420,5461,86.35,sam2,0.0,0.0,0.0
3982,rebounding,1,889,420,5470,86.5,sam2,0.0,0.0,0.0
3983,rebounding,1,889,420,5481,86.67,sam2,0.0,0.0,0.0
3984,rebounding,1,889,420,5465,86.42,sam2,0.0,0.0,0.0
3985,rebounding,1,889,420,5433,85.91,sam2,0.0,0.0,0.0
3986,rebounding,1,889,419,5390,85.23,sam2,1.0,2996.766,45.406
3987,rebounding,1,889,419,5358,84.72,sam2,0.0,0.0,0.0
3988,rebounding,1,889,420,5620,88.87,sam2,1.0,2996.766,45.406
3989,rebounding,1,889,420,5488,86.78,sam2,0.0,0.0,0.0
3990,rebounding,1,889,420,5448,86.15,sam2,0.0,0.0,0.0
3991,rebounding,1,889,420,5598,88.52,sam2,0.0,0.0,0.0
3992,rebounding,1,889,420,5569,88.06,sam2,0.0,0.0,0.0
3993,rebounding,1,889,419,5421,85.72,sam2,1.0,2996.766,45.406
3994,rebounding,1,889,420,5467,86.45,sam2,1.0,2996.766,45.406
3995,rebounding,1,889,419,5419,85.69,sam2,1.0,2996.766,45.406
3996,rebounding,1,889,419,5377,85.03,sam2,0.0,0.0,0.0
3997,rebounding,1,889,419,5386,85.17,sam2,0.0,0.0,0.0
3998,rebounding,1,889,420,5443,86.07,sam2,1.0,2996.766,45.406
3999,rebounding,1,889,419,5401,85.4,sam2,1.0,2996.766,45.406
4000,rebounding,1,889,420,5554,87.82,sam2,1.0,2996.766,45.406
4001,rebounding,1,889,420,5553,87.81,sam2,0.0,0.0,0.0
4002,rebounding,1,889,419,5445,86.1,sam2,1.0,2996.766,45.406
4003,rebounding,1,889,419,5401,85.4,sam2,0.0,0.0,0.0
4004,rebounding,1,889,420,5592,88.43,sam2,1.0,2996.766,45.406
4005,rebounding,1,889,419,5432,85.9,sam2,1.0,2996.766,45.406
4006,rebounding,1,889,420,5683,89.86,sam2,1.0,2996.766,45.406
4007,rebounding,1,889,420,5663,89.55,sam2,0.0,0.0,0.0
4008,rebounding,1,889,420,5452,86.21,sam2,0.0,0.0,0.0
4009,rebounding,1,889,420,5629,89.01,sam2,0.0,0.0,0.0
4010,rebounding,1,889,420,5642,89.22,sam2,0.0,0.0,0.0
4011,rebounding,1,889,420,5492,86.84,sam2,0.0,0.0,0.0
4012,rebounding,1,889,420,5478,86.62,sam2,0.0,0.0,0.0
4013,rebounding,1,889,420,5496,86.91,sam2,0.0,0.0,0.0
4014,rebounding,1,889,420,5639,89.17,sam2,0.0,0.0,0.0
4015,rebounding,1,889,420,5698,90.1,sam2,0.0,0.0,0.0
4016,rebounding,1,889,419,5448,86.15,sam2,1.0,2996.766,45.406
4017,rebounding,1,889,420,5669,89.64,sam2,1.0,2996.766,45.406
4018,rebounding,1,889,420,5481,86.67,sam2,0.0,0.0,0.0
4019,rebounding,1,889,420,5470,86.5,sam2,0.0,0.0,0.0
4020,rebounding,1,889,421,5728,90.58,sam2,1.0,2996.766,45.406
4021,rebounding,1,889,420,5479,86.64,sam2,1.0,2996.766,45.406
4022,rebounding,1,889,420,5648,89.31,sam2,0.0,0.0,0.0
4023,rebounding,1,889,421,5699,90.12,sam2,1.0,2996.766,45.406
4024,rebounding,1,889,420,5688,89.94,sam2,1.0,2996.766,45.406
4025,rebounding,1,889,420,5705,90.21,sam2,0.0,0.0,0.0
4026,rebounding,1,889,421,5757,91.03,sam2,1.0,2996.766,45.406
4027,rebounding,1,889,421,5749,90.91,sam2,0.0,0.0,0.0
4028,rebounding,1,889,420,5568,88.05,sam2,1.0,2996.766,45.406
4029,rebounding,1,889,420,5534,87.51,sam2,0.0,0.0,0.0
4030,rebounding,1,889,420,5526,87.38,sam2,0.0,0.0,0.0
4031,rebounding,1,889,420,5501,86.99,sam2,0.0,0.0,0.0
4032,rebounding,1,889,420,5523,87.33,sam2,0.0,0.0,0.0
4033,rebounding,1,889,420,5503,87.02,sam2,0.0,0.0,0.0
4034,rebounding,1,889,420,5626,88.96,sam2,0.0,0.0,0.0
4035,rebounding,1,889,420,5431,85.88,sam2,0.0,0.0,0.0
4036,rebounding,1,889,420,5642,89.22,sam2,0.0,0.0,0.0
4037,rebounding,1,889,420,5475,86.57,sam2,0.0,0.0,0.0
4038,rebounding,1,889,420,5455,86.26,sam2,0.0,0.0,0.0
4039,rebounding,1,889,420,5663,89.55,sam2,0.0,0.0,0.0
4040,rebounding,1,889,420,5657,89.45,sam2,0.0,0.0,0.0
4041,rebounding,1,889,420,5449,86.16,sam2,0.0,0.0,0.0
4042,rebounding,1,889,420,5647,89.29,sam2,0.0,0.0,0.0
4043,rebounding,1,889,420,5660,89.5,sam2,0.0,0.0,0.0
4044,rebounding,1,889,420,5490,86.81,sam2,0.0,0.0,0.0
4045,rebounding,1,889,420,5478,86.62,sam2,0.0,0.0,0.0
4046,rebounding,1,889,421,5701,90.15,sam2,1.0,2996.766,45.406
4047,rebounding,1,889,420,5671,89.67,sam2,1.0,2996.766,45.406
4048,rebounding,1,889,421,5734,90.67,sam2,1.0,2996.766,45.406
4049,rebounding,1,889,420,5681,89.83,sam2,1.0,2996.766,45.406
4050,rebounding,1,889,420,5465,86.42,sam2,0.0,0.0,0.0
4051,rebounding,1,889,420,5669,89.64,sam2,0.0,0.0,0.0
4052,rebounding,1,889,420,5527,87.4,sam2,0.0,0.0,0.0
4053,rebounding,1,889,420,5534,87.51,sam2,0.0,0.0,0.0
4054,rebounding,1,889,420,5498,86.94,sam2,0.0,0.0,0.0
4055,rebounding,1,889,420,5487,86.76,sam2,0.0,0.0,0.0
4056,rebounding,1,889,420,5626,88.96,sam2,0.0,0.0,0.0
4057,rebounding,1,889,420,5493,86.86,sam2,0.0,0.0,0.0
4058,rebounding,1,889,420,5456,86.27,sam2,0.0,0.0,0.0
4059,rebounding,1,889,420,5491,86.83,sam2,0.0,0.0,0.0
4060,rebounding,1,889,420,5640,89.18,sam2,0.0,0.0,0.0
4061,rebounding,1,889,420,5452,86.21,sam2,0.0,0.0,0.0
4062,rebounding,1,889,420,5438,85.99,sam2,0.0,0.0,0.0
4063,rebounding,1,889,420,5442,86.05,sam2,0.0,0.0,0.0
4064,rebounding,1,889,420,5629,89.01,sam2,0.0,0.0,0.0
4065,rebounding,1,889,420,5661,89.52,sam2,0.0,0.0,0.0
4066,rebounding,1,889,420,5462,86.37,sam2,0.0,0.0,0.0
4067,rebounding,1,889,420,5629,89.01,sam2,0.0,0.0,0.0
4068,rebounding,1,889,419,5425,85.78,sam2,1.0,2996.766,45.406
4069,rebounding,1,889,420,5597,88.5,sam2,1.0,2996.766,45.406
4070,rebounding,1,889,420,5462,86.37,sam2,0.0,0.0,0.0
4071,rebounding,1,889,420,5465,86.42,sam2,0.0,0.0,0.0
4072,rebounding,1,889,420,5637,89.14,sam2,0.0,0.0,0.0
4073,rebounding,1,889,419,5428,85.83,sam2,1.0,2996.766,45.406
4074,rebounding,1,889,420,5452,86.21,sam2,1.0,2996.766,45.406
4075,rebounding,1,889,420,5648,89.31,sam2,0.0,0.0,0.0
4076,rebounding,1,889,420,5619,88.85,sam2,0.0,0.0,0.0
4077,rebounding,1,889,420,5446,86.12,sam2,0.0,0.0,0.0
4078,rebounding,1,889,420,5477,86.61,sam2,0.0,0.0,0.0
4079,rebounding,1,889,420,5438,85.99,sam2,0.0,0.0,0.0
4080,rebounding,1,889,419,5424,85.77,sam2,1.0,2996.766,45.406
4081,rebounding,1,889,420,5454,86.24,sam2,1.0,2996.766,45.406
4082,rebounding,1,889,420,5452,86.21,sam2,0.0,0.0,0.0
4083,rebounding,1,889,419,5378,85.04,sam2,1.0,2996.766,45.406
4084,rebounding,1,889,420,5600,88.55,sam2,1.0,2996.766,45.406
4085,rebounding,1,889,420,5623,88.92,sam2,0.0,0.0,0.0
4086,rebounding,1,889,420,5454,86.24,sam2,0.0,0.0,0.0
4087,rebounding,1,889,420,5460,86.34,sam2,0.0,0.0,0.0
4088,rebounding,1,889,420,5457,86.29,sam2,0.0,0.0,0.0
4089,rebounding,1,889,420,5429,85.85,sam2,0.0,0.0,0.0
4090,rebounding,1,889,420,5647,89.29,sam2,0.0,0.0,0.0
4091,rebounding,1,889,420,5652,89.37,sam2,0.0,0.0,0.0
4092,rebounding,1,889,420,5426,85.8,sam2,0.0,0.0,0.0
4093,rebounding,1,889,419,5429,85.85,sam2,1.0,2996.766,45.406
4094,rebounding,1,889,420,5635,89.1,sam2,1.0,2996.766,45.406
4095,rebounding,1,889,420,5651,89.36,sam2,0.0,0.0,0.0
4096,rebounding,1,889,420,5477,86.61,sam2,0.0,0.0,0.0
4097,rebounding,1,889,420,5459,86.32,sam2,0.0,0.0,0.0
4098,rebounding,1,889,420,5640,89.18,sam2,0.0,0.0,0.0
4099,rebounding,1,889,419,5424,85.77,sam2,1.0,2996.766,45.406
4100,rebounding,1,889,420,5465,86.42,sam2,1.0,2996.766,45.406
4101,rebounding,1,889,420,5657,89.45,sam2,0.0,0.0,0.0
4102,rebounding,1,889,420,5643,89.23,sam2,0.0,0.0,0.0
4103,rebounding,1,889,420,5470,86.5,sam2,0.0,0.0,0.0
4104,rebounding,1,889,420,5429,85.85,sam2,0.0,0.0,0.0
4105,rebounding,1,889,420,5598,88.52,sam2,0.0,0.0,0.0
4106,rebounding,1,889,420,5655,89.42,sam2,0.0,0.0,0.0
4107,rebounding,1,889,419,5436,85.96,sam2,1.0,2996.766,45.406
4108,rebounding,1,889,420,5436,85.96,sam2,1.0,2996.766,45.406
4109,rebounding,1,889,420,5637,89.14,sam2,0.0,0.0,0.0
4110,rebounding,1,889,419,5432,85.9,sam2,1.0,2996.766,45.406
4111,rebounding,1,889,420,5469,86.48,sam2,1.0,2996.766,45.406
4112,rebounding,1,889,420,5434,85.93,sam2,0.0,0.0,0.0
4113,rebounding,1,889,419,5395,85.31,sam2,1.0,2996.766,45.406
4114,rebounding,1,889,419,5428,85.83,sam2,0.0,0.0,0.0
4115,rebounding,1,889,420,5638,89.15,sam2,1.0,2996.766,45.406
4116,rebounding,1,889,420,5620,88.87,sam2,0.0,0.0,0.0
4117,rebounding,1,889,420,5623,88.92,sam2,0.0,0.0,0.0
4118,rebounding,1,889,420,5446,86.12,sam2,0.0,0.0,0.0
4119,rebounding,1,889,419,5390,85.23,sam2,1.0,2996.766,45.406
4120,rebounding,1,889,419,5392,85.26,sam2,0.0,0.0,0.0
4121,rebounding,1,889,420,5449,86.16,sam2,1.0,2996.766,45.406
4122,rebounding,1,889,420,5450,86.18,sam2,0.0,0.0,0.0
4123,rebounding,1,889,419,5429,85.85,sam2,1.0,2996.766,45.406
4124,rebounding,1,889,420,5570,88.08,sam2,1.0,2996.766,45.406
4125,rebounding,1,889,420,5608,88.68,sam2,0.0,0.0,0.0
4126,rebounding,1,888,420,5419,85.69,sam2,1.0,2996.766,45.406
4127,rebounding,1,889,420,5436,85.96,sam2,1.0,2996.766,45.406
4128,rebounding,1,889,419,5369,84.9,sam2,1.0,2996.766,45.406
4129,rebounding,1,889,419,5385,85.15,sam2,0.0,0.0,0.0
4130,rebounding,1,889,419,5379,85.06,sam2,0.0,0.0,0.0
4131,rebounding,1,889,420,5604,88.61,sam2,1.0,2996.766,45.406
4132,rebounding,1,889,419,5339,84.42,sam2,1.0,2996.766,45.406
4133,rebounding,1,889,420,5536,87.54,sam2,1.0,2996.766,45.406
4134,rebounding,1,889,419,5363,84.8,sam2,1.0,2996.766,45.406
4135,rebounding,1,889,419,5388,85.2,sam2,0.0,0.0,0.0
4136,rebounding,1,889,420,5555,87.84,sam2,1.0,2996.766,45.406
4137,rebounding,1,889,420,5639,89.17,sam2,0.0,0.0,0.0
4138,rebounding,1,889,420,5594,88.46,sam2,0.0,0.0,0.0
4139,rebounding,1,889,420,5438,85.99,sam2,0.0,0.0,0.0
4140,rebounding,1,889,419,5359,84.74,sam2,1.0,2996.766,45.406
4141,rebounding,1,889,419,5395,85.31,sam2,0.0,0.0,0.0
4142,rebounding,1,889,419,5414,85.61,sam2,0.0,0.0,0.0
4143,rebounding,1,889,419,5415,85.63,sam2,0.0,0.0,0.0
4144,rebounding,1,889,419,5392,85.26,sam2,0.0,0.0,0.0
4145,rebounding,1,889,420,5576,88.17,sam2,1.0,2996.766,45.406
4146,rebounding,1,889,419,5394,85.29,sam2,1.0,2996.766,45.406
4147,rebounding,1,889,420,5579,88.22,sam2,1.0,2996.766,45.406
4148,rebounding,1,889,420,5453,86.23,sam2,0.0,0.0,0.0
4149,rebounding,1,889,420,5638,89.15,sam2,0.0,0.0,0.0
4150,rebounding,1,889,420,5625,88.95,sam2,0.0,0.0,0.0
4151,rebounding,1,889,420,5491,86.83,sam2,0.0,0.0,0.0
4152,rebounding,1,889,419,5430,85.86,sam2,1.0,2996.766,45.406
4153,rebounding,1,889,419,5393,85.28,sam2,0.0,0.0,0.0
4154,rebounding,1,889,420,5593,88.44,sam2,1.0,2996.766,45.406
4155,rebounding,1,889,420,5455,86.26,sam2,0.0,0.0,0.0
4156,rebounding,1,889,420,5630,89.03,sam2,0.0,0.0,0.0
4157,rebounding,1,889,420,5589,88.38,sam2,0.0,0.0,0.0
4158,rebounding,1,889,420,5457,86.29,sam2,0.0,0.0,0.0
4159,rebounding,1,889,420,5609,88.69,sam2,0.0,0.0,0.0
4160,rebounding,1,889,420,5456,86.27,sam2,0.0,0.0,0.0
4161,rebounding,1,889,420,5672,89.69,sam2,0.0,0.0,0.0
4162,rebounding,1,889,420,5489,86.8,sam2,0.0,0.0,0.0
4163,rebounding,1,889,420,5461,86.35,sam2,0.0,0.0,0.0
4164,rebounding,1,889,419,5424,85.77,sam2,1.0,2996.766,45.406
4165,rebounding,1,889,420,5439,86.01,sam2,1.0,2996.766,45.406
4166,rebounding,1,889,420,5439,86.01,sam2,0.0,0.0,0.0
4167,rebounding,1,889,419,5406,85.48,sam2,1.0,2996.766,45.406
4168,rebounding,1,889,420,5583,88.28,sam2,1.0,2996.766,45.406
4169,rebounding,1,889,419,5416,85.64,sam2,1.0,2996.766,45.406
4170,rebounding,1,889,420,5425,85.78,sam2,1.0,2996.766,45.406
4171,rebounding,1,889,420,5428,85.83,sam2,0.0,0.0,0.0
4172,rebounding,1,889,420,5584,88.3,sam2,0.0,0.0,0.0
4173,rebounding,1,889,419,5395,85.31,sam2,1.0,2996.766,45.406
4174,rebounding,1,889,420,5616,88.8,sam2,1.0,2996.766,45.406
4175,rebounding,1,889,419,5439,86.01,sam2,1.0,2996.766,45.406
4176,rebounding,1,889,419,5411,85.56,sam2,0.0,0.0,0.0
4177,rebounding,1,889,419,5403,85.44,sam2,0.0,0.0,0.0
4178,rebounding,1,889,420,5444,86.08,sam2,1.0,2996.766,45.406
4179,rebounding,1,889,420,5617,88.82,sam2,0.0,0.0,0.0
4180,rebounding,1,889,419,5409,85.53,sam2,1.0,2996.766,45.406
4181,rebounding,1,889,420,5581,88.25,sam2,1.0,2996.766,45.406
4182,rebounding,1,889,419,5389,85.22,sam2,1.0,2996.766,45.406
4183,rebounding,1,889,420,5537,87.56,sam2,1.0,2996.766,45.406
4184,rebounding,1,889,419,5423,85.75,sam2,1.0,2996.766,45.406
4185,rebounding,1,889,420,5519,87.27,sam2,1.0,2996.766,45.406
4186,rebounding,1,889,420,5438,85.99,sam2,0.0,0.0,0.0
4187,rebounding,1,889,420,5635,89.1,sam2,0.0,0.0,0.0
4188,rebounding,1,889,420,5637,89.14,sam2,0.0,0.0,0.0
4189,rebounding,1,889,420,5658,89.47,sam2,0.0,0.0,0.0
4190,rebounding,1,889,420,5452,86.21,sam2,0.0,0.0,0.0
4191,rebounding,1,889,420,5603,88.6,sam2,0.0,0.0,0.0
4192,rebounding,1,889,420,5659,89.48,sam2,0.0,0.0,0.0
4193,rebounding,1,889,420,5544,87.67,sam2,0.0,0.0,0.0
4194,rebounding,1,889,420,5481,86.67,sam2,0.0,0.0,0.0
4195,rebounding,1,889,420,5450,86.18,sam2,0.0,0.0,0.0
4196,rebounding,1,889,419,5409,85.53,sam2,1.0,2996.766,45.406
4197,rebounding,1,889,419,5419,85.69,sam2,0.0,0.0,0.0
4198,rebounding,1,889,420,5480,86.65,sam2,1.0,2996.766,45.406
4199,rebounding,1,889,419,5391,85.25,sam2,1.0,2996.766,45.406
4200,rebounding,1,889,420,5626,88.96,sam2,1.0,2996.766,45.406
4201,rebounding,1,889,420,5603,88.6,sam2,0.0,0.0,0.0
4202,rebounding,1,889,420,5461,86.35,sam2,0.0,0.0,0.0
4203,rebounding,1,889,420,5437,85.97,sam2,0.0,0.0,0.0
4204,rebounding,1,889,420,5431,85.88,sam2,0.0,0.0,0.0
4205,rebounding,1,889,420,5465,86.42,sam2,0.0,0.0,0.0
4206,rebounding,1,889,420,5625,88.95,sam2,0.0,0.0,0.0
4207,rebounding,1,889,419,5398,85.36,sam2,1.0,2996.766,45.406
4208,rebounding,1,889,420,5558,87.89,sam2,1.0,2996.766,45.406
4209,rebounding,1,889,420,5623,88.92,sam2,0.0,0.0,0.0
4210,rebounding,1,889,420,5460,86.34,sam2,0.0,0.0,0.0
4211,rebounding,1,889,420,5453,86.23,sam2,0.0,0.0,0.0
4212,rebounding,1,889,420,5648,89.31,sam2,0.0,0.0,0.0
4213,rebounding,1,889,420,5476,86.59,sam2,0.0,0.0,0.0
4214,rebounding,1,889,420,5440,86.02,sam2,0.0,0.0,0.0
4215,rebounding,1,889,420,5420,85.71,sam2,0.0,0.0,0.0
4216,rebounding,1,889,419,5391,85.25,sam2,1.0,2996.766,45.406
4217,rebounding,1,889,419,5391,85.25,sam2,0.0,0.0,0.0
4218,rebounding,1,889,421,5663,89.55,sam2,2.0,5993.533,90.811
4219,rebounding,1,889,420,5451,86.2,sam2,1.0,2996.766,45.406
4220,rebounding,1,889,420,5444,86.08,sam2,0.0,0.0,0.0
4221,rebounding,1,889,419,5398,85.36,sam2,1.0,2996.766,45.406
4222,rebounding,1,889,419,5385,85.15,sam2,0.0,0.0,0.0
4223,rebounding,1,889,420,5604,88.61,sam2,1.0,2996.766,45.406
4224,rebounding,1,889,420,5427,85.82,sam2,0.0,0.0,0.0
4225,rebounding,1,889,419,5394,85.29,sam2,1.0,2996.766,45.406
4226,rebounding,1,889,419,5391,85.25,sam2,0.0,0.0,0.0
4227,rebounding,1,889,420,5412,85.58,sam2,1.0,2996.766,45.406
4228,rebounding,1,889,420,5543,87.65,sam2,0.0,0.0,0.0
4229,rebounding,1,889,420,5658,89.47,sam2,0.0,0.0,0.0
4230,rebounding,1,889,420,5644,89.25,sam2,0.0,0.0,0.0
4231,rebounding,1,889,419,5403,85.44,sam2,1.0,2996.766,45.406
4232,rebounding,1,889,419,5368,84.88,sam2,0.0,0.0,0.0
4233,rebounding,1,889,420,5620,88.87,sam2,1.0,2996.766,45.406
4234,rebounding,1,889,420,5487,86.76,sam2,0.0,0.0,0.0
4235,rebounding,1,889,420,5485,86.73,sam2,0.0,0.0,0.0
4236,rebounding,1,889,420,5417,85.66,sam2,0.0,0.0,0.0
4237,rebounding,1,889,420,5578,88.2,sam2,0.0,0.0,0.0
4238,rebounding,1,889,420,5422,85.74,sam2,0.0,0.0,0.0
4239,rebounding,1,889,420,5438,85.99,sam2,0.0,0.0,0.0
4240,rebounding,1,889,419,5404,85.45,sam2,1.0,2996.766,45.406
4241,rebounding,1,889,420,5594,88.46,sam2,1.0,2996.766,45.406
4242,rebounding,1,889,419,5379,85.06,sam2,1.0,2996.766,45.406
4243,rebounding,1,889,420,5421,85.72,sam2,1.0,2996.766,45.406
4244,rebounding,1,889,419,5367,84.87,sam2,1.0,2996.766,45.406
4245,rebounding,1,889,419,5378,85.04,sam2,0.0,0.0,0.0
4246,rebounding,1,889,420,5567,88.03,sam2,1.0,2996.766,45.406
4247,rebounding,1,889,420,5597,88.5,sam2,0.0,0.0,0.0
4248,rebounding,1,889,419,5388,85.2,sam2,1.0,2996.766,45.406
4249,rebounding,1,889,419,5368,84.88,sam2,0.0,0.0,0.0
4250,rebounding,1,889,420,5549,87.75,sam2,1.0,2996.766,45.406
4251,rebounding,1,889,420,5584,88.3,sam2,0.0,0.0,0.0
4252,rebounding,1,889,420,5465,86.42,sam2,0.0,0.0,0.0
4253,rebounding,1,889,420,5593,88.44,sam2,0.0,0.0,0.0
4254,rebounding,1,889,420,5622,88.9,sam2,0.0,0.0,0.0
4255,rebounding,1,889,420,5443,86.07,sam2,0.0,0.0,0.0
4256,rebounding,1,889,420,5447,86.13,sam2,0.0,0.0,0.0
4257,rebounding,1,889,420,5456,86.27,sam2,0.0,0.0,0.0
4258,rebounding,1,889,420,5485,86.73,sam2,0.0,0.0,0.0
4259,rebounding,1,889,420,5446,86.12,sam2,0.0,0.0,0.0
4260,rebounding,1,889,420,5445,86.1,sam2,0.0,0.0,0.0
4261,rebounding,1,889,419,5372,84.95,sam2,1.0,2996.766,45.406
4262,rebounding,1,889,420,5572,88.11,sam2,1.0,2996.766,45.406
4263,rebounding,1,889,420,5425,85.78,sam2,0.0,0.0,0.0
4264,rebounding,1,889,419,5390,85.23,sam2,1.0,2996.766,45.406
4265,rebounding,1,889,420,5568,88.05,sam2,1.0,2996.766,45.406
4266,rebounding,1,889,420,5589,88.38,sam2,0.0,0.0,0.0
4267,rebounding,1,889,420,5622,88.9,sam2,0.0,0.0,0.0
4268,rebounding,1,889,420,5649,89.33,sam2,0.0,0.0,0.0
4269,rebounding,1,889,420,5658,89.47,sam2,0.0,0.0,0.0
4270,rebounding,1,889,420,5667,89.61,sam2,0.0,0.0,0.0
4271,rebounding,1,889,420,5503,87.02,sam2,0.0,0.0,0.0
4272,rebounding,1,889,420,5488,86.78,sam2,0.0,0.0,0.0
4273,rebounding,1,889,421,5743,90.81,sam2,1.0,2996.766,45.406
4274,rebounding,1,889,420,5535,87.52,sam2,1.0,2996.766,45.406
4275,rebounding,1,889,420,5570,88.08,sam2,0.0,0.0,0.0
4276,rebounding,1,889,420,5432,85.9,sam2,0.0,0.0,0.0
4277,rebounding,1,889,420,5426,85.8,sam2,0.0,0.0,0.0
4278,rebounding,1,889,419,5402,85.42,sam2,1.0,2996.766,45.406
4279,rebounding,1,889,419,5408,85.52,sam2,0.0,0.0,0.0
4280,rebounding,1,889,420,5443,86.07,sam2,1.0,2996.766,45.406
4281,rebounding,1,889,420,5625,88.95,sam2,0.0,0.0,0.0
4282,rebounding,1,889,420,5413,85.59,sam2,0.0,0.0,0.0
4283,rebounding,1,889,420,5576,88.17,sam2,0.0,0.0,0.0
4284,rebounding,1,889,419,5366,84.85,sam2,1.0,2996.766,45.406
4285,rebounding,1,889,420,5598,88.52,sam2,1.0,2996.766,45.406
4286,rebounding,1,889,420,5440,86.02,sam2,0.0,0.0,0.0
4287,rebounding,1,889,420,5615,88.79,sam2,0.0,0.0,0.0
4288,rebounding,1,889,421,5668,89.63,sam2,1.0,2996.766,45.406
4289,rebounding,1,889,420,5476,86.59,sam2,1.0,2996.766,45.406
4290,rebounding,1,889,420,5644,89.25,sam2,0.0,0.0,0.0
4291,rebounding,1,889,420,5485,86.73,sam2,0.0,0.0,0.0
4292,rebounding,1,889,420,5477,86.61,sam2,0.0,0.0,0.0
4293,rebounding,1,889,420,5551,87.78,sam2,0.0,0.0,0.0
4294,rebounding,1,889,420,5476,86.59,sam2,0.0,0.0,0.0
4295,rebounding,1,889,421,5663,89.55,sam2,1.0,2996.766,45.406
4296,rebounding,1,889,419,5411,85.56,sam2,2.0,5993.533,90.811
4297,rebounding,1,889,420,5437,85.97,sam2,1.0,2996.766,45.406
4298,rebounding,1,889,419,5390,85.23,sam2,1.0,2996.766,45.406
4299,rebounding,1,889,420,5408,85.52,sam2,1.0,2996.766,45.406
4300,rebounding,1,889,420,5586,88.33,sam2,0.0,0.0,0.0
4301,rebounding,1,889,420,5637,89.14,sam2,0.0,0.0,0.0
4302,rebounding,1,889,420,5594,88.46,sam2,0.0,0.0,0.0
4303,rebounding,1,889,420,5447,86.13,sam2,0.0,0.0,0.0
4304,rebounding,1,889,420,5589,88.38,sam2,0.0,0.0,0.0
4305,rebounding,1,889,420,5449,86.16,sam2,0.0,0.0,0.0
4306,rebounding,1,889,420,5452,86.21,sam2,0.0,0.0,0.0
4307,rebounding,1,889,421,5698,90.1,sam2,1.0,2996.766,45.406
4308,rebounding,1,889,421,5736,90.7,sam2,0.0,0.0,0.0
4309,rebounding,1,889,420,5461,86.35,sam2,1.0,2996.766,45.406
4310,rebounding,1,889,420,5467,86.45,sam2,0.0,0.0,0.0
4311,rebounding,1,889,419,5393,85.28,sam2,1.0,2996.766,45.406
4312,rebounding,1,889,419,5408,85.52,sam2,0.0,0.0,0.0
4313,rebounding,1,889,420,5619,88.85,sam2,1.0,2996.766,45.406
4314,rebounding,1,889,419,5413,85.59,sam2,1.0,2996.766,45.406
4315,rebounding,1,889,420,5607,88.66,sam2,1.0,2996.766,45.406
4316,rebounding,1,889,420,5418,85.67,sam2,0.0,0.0,0.0
4317,rebounding,1,889,420,5445,86.1,sam2,0.0,0.0,0.0
4318,rebounding,1,889,420,5454,86.24,sam2,0.0,0.0,0.0
4319,rebounding,1,889,420,5474,86.56,sam2,0.0,0.0,0.0
4320,rebounding,1,889,420,5633,89.07,sam2,0.0,0.0,0.0
4321,rebounding,1,889,421,5672,89.69,sam2,1.0,2996.766,45.406
4322,rebounding,1,889,420,5652,89.37,sam2,1.0,2996.766,45.406
4323,rebounding,1,889,420,5451,86.2,sam2,0.0,0.0,0.0
4324,rebounding,1,888,420,5415,85.63,sam2,1.0,2996.766,45.406
4325,rebounding,1,889,419,5409,85.53,sam2,1.414,4238.068,64.213
4326,rebounding,1,889,420,5463,86.39,sam2,1.0,2996.766,45.406
4327,rebounding,1,889,420,5643,89.23,sam2,0.0,0.0,0.0
4328,rebounding,1,889,420,5484,86.72,sam2,0.0,0.0,0.0
4329,rebounding,1,889,420,5575,88.16,sam2,0.0,0.0,0.0
4330,rebounding,1,889,420,5441,86.04,sam2,0.0,0.0,0.0
4331,rebounding,1,889,420,5419,85.69,sam2,0.0,0.0,0.0
4332,rebounding,1,889,420,5466,86.43,sam2,0.0,0.0,0.0
4333,rebounding,1,889,420,5652,89.37,sam2,0.0,0.0,0.0
4334,rebounding,1,889,421,5677,89.77,sam2,1.0,2996.766,45.406
4335,rebounding,1,889,420,5455,86.26,sam2,1.0,2996.766,45.406
4336,rebounding,1,889,419,5393,85.28,sam2,1.0,2996.766,45.406
4337,rebounding,1,889,420,5437,85.97,sam2,1.0,2996.766,45.406
4338,rebounding,1,889,420,5644,89.25,sam2,0.0,0.0,0.0
4339,rebounding,1,889,420,5496,86.91,sam2,0.0,0.0,0.0
4340,rebounding,1,889,420,5446,86.12,sam2,0.0,0.0,0.0
4341,rebounding,1,889,420,5450,86.18,sam2,0.0,0.0,0.0
4342,rebounding,1,889,420,5439,86.01,sam2,0.0,0.0,0.0
4343,rebounding,1,889,420,5605,88.63,sam2,0.0,0.0,0.0
4344,rebounding,1,889,420,5488,86.78,sam2,0.0,0.0,0.0
4345,rebounding,1,889,420,5553,87.81,sam2,0.0,0.0,0.0
4346,rebounding,1,889,420,5590,88.39,sam2,0.0,0.0,0.0
4347,rebounding,1,889,420,5617,88.82,sam2,0.0,0.0,0.0
4348,rebounding,1,889,420,5662,89.53,sam2,0.0,0.0,0.0
4349,rebounding,1,889,421,5720,90.45,sam2,1.0,2996.766,45.406
4350,rebounding,1,889,420,5526,87.38,sam2,1.0,2996.766,45.406
4351,rebounding,1,889,421,5728,90.58,sam2,1.0,2996.766,45.406
4352,rebounding,1,889,420,5523,87.33,sam2,1.0,2996.766,45.406
4353,rebounding,1,889,420,5472,86.53,sam2,0.0,0.0,0.0
4354,rebounding,1,889,420,5467,86.45,sam2,0.0,0.0,0.0
4355,rebounding,1,889,420,5488,86.78,sam2,0.0,0.0,0.0
4356,rebounding,1,889,420,5468,86.46,sam2,0.0,0.0,0.0
4357,rebounding,1,889,420,5484,86.72,sam2,0.0,0.0,0.0
4358,rebounding,1,889,420,5450,86.18,sam2,0.0,0.0,0.0
4359,rebounding,1,889,420,5570,88.08,sam2,0.0,0.0,0.0
4360,rebounding,1,889,420,5431,85.88,sam2,0.0,0.0,0.0
4361,rebounding,1,889,420,5434,85.93,sam2,0.0,0.0,0.0
4362,rebounding,1,889,420,5407,85.5,sam2,0.0,0.0,0.0
4363,rebounding,1,889,420,5410,85.55,sam2,0.0,0.0,0.0
4364,rebounding,1,889,420,5585,88.31,sam2,0.0,0.0,0.0
4365,rebounding,1,889,419,5394,85.29,sam2,1.0,2996.766,45.406
4366,rebounding,1,889,420,5545,87.68,sam2,1.0,2996.766,45.406
4367,rebounding,1,889,420,5616,88.8,sam2,0.0,0.0,0.0
4368,rebounding,1,889,420,5634,89.09,sam2,0.0,0.0,0.0
4369,rebounding,1,889,420,5470,86.5,sam2,0.0,0.0,0.0
4370,rebounding,1,889,420,5494,86.88,sam2,0.0,0.0,0.0
4371,rebounding,1,889,420,5418,85.67,sam2,0.0,0.0,0.0
4372,rebounding,1,889,421,5687,89.93,sam2,1.0,2996.766,45.406
4373,rebounding,1,889,420,5490,86.81,sam2,1.0,2996.766,45.406
4374,rebounding,1,889,421,5677,89.77,sam2,1.0,2996.766,45.406
4375,rebounding,1,889,420,5443,86.07,sam2,1.0,2996.766,45.406
4376,rebounding,1,889,420,5630,89.03,sam2,0.0,0.0,0.0
4377,rebounding,1,889,420,5478,86.62,sam2,0.0,0.0,0.0
4378,rebounding,1,889,421,5681,89.83,sam2,1.0,2996.766,45.406
4379,rebounding,1,889,420,5447,86.13,sam2,1.0,2996.766,45.406
4380,rebounding,1,889,419,5419,85.69,sam2,1.0,2996.766,45.406
4381,rebounding,1,889,419,5350,84.6,sam2,0.0,0.0,0.0
4382,rebounding,1,889,420,5649,89.33,sam2,1.0,2996.766,45.406
4383,rebounding,1,889,420,5479,86.64,sam2,0.0,0.0,0.0
4384,rebounding,1,889,420,5653,89.39,sam2,0.0,0.0,0.0
4385,rebounding,1,889,420,5602,88.58,sam2,0.0,0.0,0.0
4386,rebounding,1,889,420,5418,85.67,sam2,0.0,0.0,0.0
4387,rebounding,1,889,420,5604,88.61,sam2,0.0,0.0,0.0
4388,rebounding,1,889,420,5466,86.43,sam2,0.0,0.0,0.0
4389,rebounding,1,889,420,5655,89.42,sam2,0.0,0.0,0.0
4390,rebounding,1,889,420,5499,86.95,sam2,0.0,0.0,0.0
4391,rebounding,1,889,420,5497,86.92,sam2,0.0,0.0,0.0
4392,rebounding,1,889,420,5428,85.83,sam2,0.0,0.0,0.0
4393,rebounding,1,889,420,5482,86.69,sam2,0.0,0.0,0.0
4394,rebounding,1,889,420,5433,85.91,sam2,0.0,0.0,0.0
4395,rebounding,1,889,420,5472,86.53,sam2,0.0,0.0,0.0
4396,rebounding,1,889,420,5411,85.56,sam2,0.0,0.0,0.0
4397,rebounding,1,889,420,5637,89.14,sam2,0.0,0.0,0.0
4398,rebounding,1,889,420,5624,88.93,sam2,0.0,0.0,0.0
4399,rebounding,1,889,420,5605,88.63,sam2,0.0,0.0,0.0
4400,rebounding,1,889,420,5642,89.22,sam2,0.0,0.0,0.0
4401,rebounding,1,889,420,5467,86.45,sam2,0.0,0.0,0.0
4402,rebounding,1,889,420,5452,86.21,sam2,0.0,0.0,0.0
4403,rebounding,1,889,420,5484,86.72,sam2,0.0,0.0,0.0
4404,rebounding,1,889,420,5454,86.24,sam2,0.0,0.0,0.0
4405,rebounding,1,889,420,5657,89.45,sam2,0.0,0.0,0.0
4406,rebounding,1,889,420,5631,89.04,sam2,0.0,0.0,0.0
4407,rebounding,1,889,420,5433,85.91,sam2,0.0,0.0,0.0
4408,rebounding,1,889,419,5401,85.4,sam2,1.0,2996.766,45.406
4409,rebounding,1,889,419,5400,85.39,sam2,0.0,0.0,0.0
4410,rebounding,1,889,419,5404,85.45,sam2,0.0,0.0,0.0
4411,rebounding,1,889,419,5414,85.61,sam2,0.0,0.0,0.0
4412,rebounding,1,889,420,5596,88.49,sam2,1.0,2996.766,45.406
4413,rebounding,1,889,420,5600,88.55,sam2,0.0,0.0,0.0
4414,rebounding,1,889,419,5417,85.66,sam2,1.0,2996.766,45.406
4415,rebounding,1,889,420,5627,88.98,sam2,1.0,2996.766,45.406
4416,rebounding,1,889,420,5633,89.07,sam2,0.0,0.0,0.0
4417,rebounding,1,889,420,5423,85.75,sam2,0.0,0.0,0.0
4418,rebounding,1,889,420,5658,89.47,sam2,0.0,0.0,0.0
4419,rebounding,1,889,420,5478,86.62,sam2,0.0,0.0,0.0
4420,rebounding,1,889,420,5445,86.1,sam2,0.0,0.0,0.0
4421,rebounding,1,889,420,5466,86.43,sam2,0.0,0.0,0.0
4422,rebounding,1,889,420,5454,86.24,sam2,0.0,0.0,0.0
4423,rebounding,1,889,419,5365,84.84,sam2,1.0,2996.766,45.406
4424,rebounding,1,889,419,5414,85.61,sam2,0.0,0.0,0.0
4425,rebounding,1,889,419,5344,84.5,sam2,0.0,0.0,0.0
4426,rebounding,1,889,419,5362,84.79,sam2,0.0,0.0,0.0
4427,rebounding,1,889,420,5566,88.01,sam2,1.0,2996.766,45.406
4428,rebounding,1,889,420,5412,85.58,sam2,0.0,0.0,0.0
4429,rebounding,1,889,420,5598,88.52,sam2,0.0,0.0,0.0
4430,rebounding,1,889,419,5397,85.34,sam2,1.0,2996.766,45.406
4431,rebounding,1,889,420,5594,88.46,sam2,1.0,2996.766,45.406
4432,rebounding,1,889,420,5417,85.66,sam2,0.0,0.0,0.0
4433,rebounding,1,889,420,5463,86.39,sam2,0.0,0.0,0.0
4434,rebounding,1,889,420,5575,88.16,sam2,0.0,0.0,0.0
4435,rebounding,1,889,419,5384,85.14,sam2,1.0,2996.766,45.406
4436,rebounding,1,889,420,5608,88.68,sam2,1.0,2996.766,45.406
4437,rebounding,1,889,420,5456,86.27,sam2,0.0,0.0,0.0
4438,rebounding,1,889,420,5422,85.74,sam2,0.0,0.0,0.0
4439,rebounding,1,889,420,5421,85.72,sam2,0.0,0.0,0.0
4440,rebounding,1,889,420,5626,88.96,sam2,0.0,0.0,0.0
4441,rebounding,1,889,420,5594,88.46,sam2,0.0,0.0,0.0
4442,rebounding,1,889,420,5467,86.45,sam2,0.0,0.0,0.0
4443,rebounding,1,889,420,5459,86.32,sam2,0.0,0.0,0.0
4444,rebounding,1,889,420,5408,85.52,sam2,0.0,0.0,0.0
4445,rebounding,1,889,420,5421,85.72,sam2,0.0,0.0,0.0
4446,rebounding,1,889,420,5444,86.08,sam2,0.0,0.0,0.0
4447,rebounding,1,889,420,5593,88.44,sam2,0.0,0.0,0.0
4448,rebounding,1,889,419,5392,85.26,sam2,1.0,2996.766,45.406
4449,rebounding,1,889,419,5362,84.79,sam2,0.0,0.0,0.0
4450,rebounding,1,888,419,5328,84.25,sam2,1.0,2996.766,45.406
4451,rebounding,1,889,419,5315,84.04,sam2,1.0,2996.766,45.406
4452,rebounding,1,889,419,5321,84.14,sam2,0.0,0.0,0.0
4453,rebounding,1,889,419,5361,84.77,sam2,0.0,0.0,0.0
4454,rebounding,1,888,419,5321,84.14,sam2,1.0,2996.766,45.406
4455,rebounding,1,888,419,5325,84.2,sam2,0.0,0.0,0.0
4456,rebounding,1,889,420,5531,87.46,sam2,1.414,4238.068,64.213
4457,rebounding,1,889,420,5606,88.65,sam2,0.0,0.0,0.0
4458,rebounding,1,889,419,5370,84.91,sam2,1.0,2996.766,45.406
4459,rebounding,1,888,420,5415,85.63,sam2,1.414,4238.068,64.213
4460,rebounding,1,889,420,5544,87.67,sam2,1.0,2996.766,45.406
4461,rebounding,1,889,419,5399,85.37,sam2,1.0,2996.766,45.406
4462,rebounding,1,889,420,5631,89.04,sam2,1.0,2996.766,45.406
4463,rebounding,1,889,420,5628,88.99,sam2,0.0,0.0,0.0
4464,rebounding,1,889,420,5435,85.94,sam2,0.0,0.0,0.0
4465,rebounding,1,889,420,5647,89.29,sam2,0.0,0.0,0.0
4466,rebounding,1,889,420,5663,89.55,sam2,0.0,0.0,0.0
4467,rebounding,1,889,421,5688,89.94,sam2,1.0,2996.766,45.406
4468,rebounding,1,889,420,5664,89.56,sam2,1.0,2996.766,45.406
4469,rebounding,1,889,420,5513,87.18,sam2,0.0,0.0,0.0
4470,rebounding,1,889,420,5495,86.89,sam2,0.0,0.0,0.0
4471,rebounding,1,889,420,5514,87.19,sam2,0.0,0.0,0.0
4472,rebounding,1,889,420,5501,86.99,sam2,0.0,0.0,0.0
4473,rebounding,1,889,420,5448,86.15,sam2,0.0,0.0,0.0
4474,rebounding,1,889,420,5460,86.34,sam2,0.0,0.0,0.0
4475,rebounding,1,889,419,5416,85.64,sam2,1.0,2996.766,45.406
4476,rebounding,1,889,420,5640,89.18,sam2,1.0,2996.766,45.406
4477,rebounding,1,889,420,5421,85.72,sam2,0.0,0.0,0.0
4478,rebounding,1,889,420,5590,88.39,sam2,0.0,0.0,0.0
4479,rebounding,1,889,420,5616,88.8,sam2,0.0,0.0,0.0
4480,rebounding,1,889,420,5448,86.15,sam2,0.0,0.0,0.0
4481,rebounding,1,889,420,5613,88.76,sam2,0.0,0.0,0.0
4482,rebounding,1,889,420,5451,86.2,sam2,0.0,0.0,0.0
4483,rebounding,1,889,420,5462,86.37,sam2,0.0,0.0,0.0
4484,rebounding,1,889,420,5442,86.05,sam2,0.0,0.0,0.0
4485,rebounding,1,889,420,5656,89.44,sam2,0.0,0.0,0.0
4486,rebounding,1,889,420,5639,89.17,sam2,0.0,0.0,0.0
4487,rebounding,1,889,421,5705,90.21,sam2,1.0,2996.766,45.406
4488,rebounding,1,889,421,5680,89.82,sam2,0.0,0.0,0.0
4489,rebounding,1,889,420,5480,86.65,sam2,1.0,2996.766,45.406
4490,rebounding,1,889,420,5479,86.64,sam2,0.0,0.0,0.0
4491,rebounding,1,889,420,5486,86.75,sam2,0.0,0.0,0.0
4492,rebounding,1,889,420,5457,86.29,sam2,0.0,0.0,0.0
4493,rebounding,1,889,420,5473,86.54,sam2,0.0,0.0,0.0
4494,rebounding,1,889,420,5426,85.8,sam2,0.0,0.0,0.0
4495,rebounding,1,889,420,5404,85.45,sam2,0.0,0.0,0.0
4496,rebounding,1,889,419,5380,85.07,sam2,1.0,2996.766,45.406
4497,rebounding,1,889,420,5568,88.05,sam2,1.0,2996.766,45.406
4498,rebounding,1,889,420,5574,88.14,sam2,0.0,0.0,0.0
4499,rebounding,1,889,420,5458,86.31,sam2,0.0,0.0,0.0
4500,rebounding,1,889,420,5633,89.07,sam2,0.0,0.0,0.0
4501,rebounding,1,889,420,5426,85.8,sam2,0.0,0.0,0.0
4502,rebounding,1,889,420,5476,86.59,sam2,0.0,0.0,0.0
4503,rebounding,1,889,420,5666,89.6,sam2,0.0,0.0,0.0
4504,rebounding,1,889,420,5452,86.21,sam2,0.0,0.0,0.0
4505,rebounding,1,889,420,5423,85.75,sam2,0.0,0.0,0.0
4506,rebounding,1,889,420,5449,86.16,sam2,0.0,0.0,0.0
4507,rebounding,1,889,420,5629,89.01,sam2,0.0,0.0,0.0
4508,rebounding,1,888,420,5447,86.13,sam2,1.0,2996.766,45.406
4509,rebounding,1,889,420,5479,86.64,sam2,1.0,2996.766,45.406
4510,rebounding,1,889,420,5446,86.12,sam2,0.0,0.0,0.0
4511,rebounding,1,889,420,5623,88.92,sam2,0.0,0.0,0.0
4512,rebounding,1,889,420,5457,86.29,sam2,0.0,0.0,0.0
4513,rebounding,1,889,420,5456,86.27,sam2,0.0,0.0,0.0
4514,rebounding,1,889,420,5617,88.82,sam2,0.0,0.0,0.0
4515,rebounding,1,888,420,5457,86.29,sam2,1.0,2996.766,45.406
4516,rebounding,1,889,420,5634,89.09,sam2,1.0,2996.766,45.406
4517,rebounding,1,889,421,5685,89.9,sam2,1.0,2996.766,45.406
4518,rebounding,1,889,420,5460,86.34,sam2,1.0,2996.766,45.406
4519,rebounding,1,889,420,5617,88.82,sam2,0.0,0.0,0.0
4520,rebounding,1,889,420,5435,85.94,sam2,0.0,0.0,0.0
4521,rebounding,1,889,420,5607,88.66,sam2,0.0,0.0,0.0
4522,rebounding,1,889,420,5484,86.72,sam2,0.0,0.0,0.0
4523,rebounding,1,889,420,5435,85.94,sam2,0.0,0.0,0.0
4524,rebounding,1,889,420,5422,85.74,sam2,0.0,0.0,0.0
4525,rebounding,1,889,420,5663,89.55,sam2,0.0,0.0,0.0
4526,rebounding,1,889,420,5611,88.73,sam2,0.0,0.0,0.0
4527,rebounding,1,889,420,5458,86.31,sam2,0.0,0.0,0.0
4528,rebounding,1,888,419,5387,85.18,sam2,1.414,4238.068,64.213
4529,rebounding,1,889,420,5433,85.91,sam2,1.414,4238.068,64.213
4530,rebounding,1,889,419,5415,85.63,sam2,1.0,2996.766,45.406
4531,rebounding,1,889,419,5395,85.31,sam2,0.0,0.0,0.0
4532,rebounding,1,889,420,5629,89.01,sam2,1.0,2996.766,45.406
4533,rebounding,1,889,420,5589,88.38,sam2,0.0,0.0,0.0
4534,rebounding,1,889,420,5394,85.29,sam2,0.0,0.0,0.0
4535,rebounding,1,889,420,5618,88.84,sam2,0.0,0.0,0.0
4536,rebounding,1,889,420,5617,88.82,sam2,0.0,0.0,0.0
4537,rebounding,1,889,420,5459,86.32,sam2,0.0,0.0,0.0
4538,rebounding,1,889,420,5452,86.21,sam2,0.0,0.0,0.0
4539,rebounding,1,889,420,5620,88.87,sam2,0.0,0.0,0.0
4540,rebounding,1,888,420,5482,86.69,sam2,1.0,2996.766,45.406
4541,rebounding,1,889,420,5669,89.64,sam2,1.0,2996.766,45.406
4542,rebounding,1,889,421,5690,89.97,sam2,1.0,2996.766,45.406
4543,rebounding,1,889,420,5454,86.24,sam2,1.0,2996.766,45.406
4544,rebounding,1,889,420,5658,89.47,sam2,0.0,0.0,0.0
4545,rebounding,1,889,420,5480,86.65,sam2,0.0,0.0,0.0
4546,rebounding,1,889,420,5471,86.51,sam2,0.0,0.0,0.0
4547,rebounding,1,889,420,5486,86.75,sam2,0.0,0.0,0.0
4548,rebounding,1,889,420,5466,86.43,sam2,0.0,0.0,0.0
4549,rebounding,1,889,420,5616,88.8,sam2,0.0,0.0,0.0
4550,rebounding,1,889,420,5433,85.91,sam2,0.0,0.0,0.0
4551,rebounding,1,889,419,5372,84.95,sam2,1.0,2996.766,45.406
4552,rebounding,1,889,420,5402,85.42,sam2,1.0,2996.766,45.406
4553,rebounding,1,889,419,5391,85.25,sam2,1.0,2996.766,45.406
4554,rebounding,1,889,420,5401,85.4,sam2,1.0,2996.766,45.406
4555,rebounding,1,889,420,5419,85.69,sam2,0.0,0.0,0.0
4556,rebounding,1,889,420,5584,88.3,sam2,0.0,0.0,0.0
4557,rebounding,1,889,420,5621,88.88,sam2,0.0,0.0,0.0
4558,rebounding,1,889,420,5648,89.31,sam2,0.0,0.0,0.0
4559,rebounding,1,889,420,5650,89.34,sam2,0.0,0.0,0.0
4560,rebounding,1,889,420,5651,89.36,sam2,0.0,0.0,0.0
4561,rebounding,1,889,420,5475,86.57,sam2,0.0,0.0,0.0
4562,rebounding,1,889,420,5671,89.67,sam2,0.0,0.0,0.0
4563,rebounding,1,889,419,5426,85.8,sam2,1.0,2996.766,45.406
4564,rebounding,1,889,421,5702,90.16,sam2,2.0,5993.533,90.811
4565,rebounding,1,889,420,5521,87.3,sam2,1.0,2996.766,45.406
4566,rebounding,1,889,420,5472,86.53,sam2,0.0,0.0,0.0
4567,rebounding,1,889,420,5459,86.32,sam2,0.0,0.0,0.0
4568,rebounding,1,889,420,5457,86.29,sam2,0.0,0.0,0.0
