frame,phase,drop_id,cx,cy,area_px,percentage,detection_method,distance_px,velocity_px_per_s,velocity_mm_s
2873,rebounding,1,4,78,16286,56.41,hough,,,
2874,rebounding,1,,,,,null,,,
2875,rebounding,1,,,,,null,,,
2876,rebounding,1,770,219,27582,95.53,sam2,,,
2877,rebounding,1,,,,,null,,,
2878,rebounding,1,,,,,null,,,
2879,rebounding,1,,,,,null,,,
2880,rebounding,1,762,297,36209,125.41,sam2,78.409,58743.503,1048.991
2881,rebounding,1,,,,,null,,,
2882,rebounding,1,,,,,null,,,
2883,rebounding,1,,,,,null,,,
2884,rebounding,1,754,303,38140,132.1,sam2,10.0,7491.916,133.784
2885,rebounding,1,,,,,null,,,
2886,rebounding,1,,,,,null,,,
2887,rebounding,1,,,,,null,,,
2888,rebounding,1,751,303,48784,168.96,sam2,3.0,2247.575,40.135
2889,rebounding,1,,,,,null,,,
2890,rebounding,1,,,,,null,,,
2891,rebounding,1,,,,,null,,,
2892,rebounding,1,762,301,54799,189.79,sam2,11.18,8376.217,149.575
2893,rebounding,1,,,,,null,,,
2894,rebounding,1,,,,,null,,,
2895,rebounding,1,,,,,null,,,
2896,rebounding,1,758,299,53838,186.46,sam2,4.472,3350.487,59.83
2897,rebounding,1,,,,,null,,,
2898,rebounding,1,,,,,null,,,
2899,rebounding,1,,,,,null,,,
2900,rebounding,1,748,292,50146,173.68,sam2,12.207,9145.049,163.304
2901,rebounding,1,,,,,null,,,
2902,rebounding,1,,,,,null,,,
2903,rebounding,1,,,,,null,,,
2904,rebounding,1,760,285,45742,158.42,sam2,13.892,10408.103,185.859
2905,rebounding,1,,,,,null,,,
2906,rebounding,1,,,,,null,,,
2907,rebounding,1,,,,,null,,,
2908,rebounding,1,777,274,45839,158.76,sam2,20.248,15169.974,270.892
2909,rebounding,1,,,,,null,,,
2910,rebounding,1,,,,,null,,,
2911,rebounding,1,,,,,null,,,
2912,rebounding,1,785,254,47758,165.41,sam2,21.541,16138.081,288.18
2913,rebounding,1,,,,,null,,,
2914,rebounding,1,,,,,null,,,
2915,rebounding,1,,,,,null,,,
2916,rebounding,1,781,227,49867,172.71,sam2,27.295,20448.952,365.16
2917,rebounding,1,,,,,null,,,
2918,rebounding,1,,,,,null,,,
2919,rebounding,1,,,,,null,,,
2920,rebounding,1,777,214,48151,166.77,sam2,13.601,10190.108,181.966
2921,rebounding,1,,,,,null,,,
2922,rebounding,1,,,,,null,,,
2923,rebounding,1,,,,,null,,,
2924,rebounding,1,771,207,47571,164.76,sam2,9.22,6907.205,123.343
2925,rebounding,1,,,,,null,,,
2926,rebounding,1,,,,,null,,,
2927,rebounding,1,,,,,null,,,
2928,rebounding,1,775,204,45829,158.73,sam2,5.0,3745.958,66.892
2929,rebounding,1,,,,,null,,,
2930,rebounding,1,,,,,null,,,
2931,rebounding,1,,,,,null,,,
2932,rebounding,1,777,187,46155,159.86,sam2,17.117,12824.095,229.002
2933,rebounding,1,,,,,null,,,
2934,rebounding,1,,,,,null,,,
2935,rebounding,1,,,,,null,,,
2936,rebounding,1,782,188,35236,122.04,sam2,5.099,3820.143,68.217
2937,rebounding,1,,,,,null,,,
2938,rebounding,1,,,,,null,,,
2939,rebounding,1,,,,,null,,,
2940,rebounding,1,777,204,35168,121.8,sam2,16.763,12558.74,224.263
2941,rebounding,1,,,,,null,,,
2942,rebounding,1,,,,,null,,,
2943,rebounding,1,,,,,null,,,
2944,rebounding,1,777,197,34913,120.92,sam2,7.0,5244.341,93.649
2945,rebounding,1,,,,,null,,,
2946,rebounding,1,,,,,null,,,
2947,rebounding,1,,,,,null,,,
2948,rebounding,1,782,186,38042,131.76,sam2,12.083,9052.517,161.652
2949,rebounding,1,,,,,null,,,
2950,rebounding,1,,,,,null,,,
2951,rebounding,1,,,,,null,,,
2952,rebounding,1,782,184,38409,133.03,sam2,2.0,1498.383,26.757
2953,rebounding,1,,,,,null,,,
2954,rebounding,1,,,,,null,,,
2955,rebounding,1,,,,,null,,,
2956,rebounding,1,784,192,30361,105.15,sam2,8.246,6177.992,110.321
2957,rebounding,1,,,,,null,,,
2958,rebounding,1,,,,,null,,,
2959,rebounding,1,,,,,null,,,
2960,rebounding,1,779,187,37786,130.87,sam2,7.071,5297.585,94.6
2961,rebounding,1,,,,,null,,,
2962,rebounding,1,,,,,null,,,
2963,rebounding,1,,,,,null,,,
2964,rebounding,1,777,189,35274,122.17,sam2,2.828,2119.034,37.84
2965,rebounding,1,,,,,null,,,
2966,rebounding,1,,,,,null,,,
2967,rebounding,1,,,,,null,,,
2968,rebounding,1,775,194,37772,130.82,sam2,5.385,4034.52,72.045
2969,rebounding,1,,,,,null,,,
2970,rebounding,1,,,,,null,,,
2971,rebounding,1,,,,,null,,,
2972,rebounding,1,774,198,27049,93.68,sam2,4.123,3088.996,55.161
2973,rebounding,1,,,,,null,,,
2974,rebounding,1,,,,,null,,,
2975,rebounding,1,,,,,null,,,
2976,rebounding,1,770,212,34392,119.11,sam2,14.56,10908.395,194.793
2977,rebounding,1,,,,,null,,,
2978,rebounding,1,,,,,null,,,
2979,rebounding,1,,,,,null,,,
2980,rebounding,1,769,234,35099,121.56,sam2,22.023,16499.234,294.629
2981,rebounding,1,,,,,null,,,
2982,rebounding,1,,,,,null,,,
2983,rebounding,1,,,,,null,,,
2984,rebounding,1,767,244,32940,114.09,sam2,10.198,7640.285,136.434
2985,rebounding,1,,,,,null,,,
2986,rebounding,1,,,,,null,,,
2987,rebounding,1,,,,,null,,,
2988,rebounding,1,768,251,27983,96.92,sam2,7.071,5297.585,94.6
2989,rebounding,1,,,,,null,,,
2990,rebounding,1,,,,,null,,,
2991,rebounding,1,,,,,null,,,
2992,rebounding,1,767,263,26818,92.88,sam2,12.042,9021.462,161.098
2993,rebounding,1,,,,,null,,,
2994,rebounding,1,,,,,null,,,
2995,rebounding,1,,,,,null,,,
2996,rebounding,1,768,271,26591,92.1,sam2,8.062,6040.176,107.86
2997,rebounding,1,,,,,null,,,
2998,rebounding,1,,,,,null,,,
2999,rebounding,1,,,,,null,,,
3000,rebounding,1,765,276,24165,83.69,sam2,5.831,4368.5,78.009
3001,rebounding,1,,,,,null,,,
3002,rebounding,1,,,,,null,,,
3003,rebounding,1,,,,,null,,,
3004,rebounding,1,769,277,20704,71.71,sam2,4.123,3088.996,55.161
3005,rebounding,1,,,,,null,,,
3006,rebounding,1,,,,,null,,,
3007,rebounding,1,,,,,null,,,
3008,rebounding,1,764,273,25077,86.85,sam2,6.403,4797.167,85.664
3009,rebounding,1,,,,,null,,,
3010,rebounding,1,,,,,null,,,
3011,rebounding,1,,,,,null,,,
3012,rebounding,1,761,269,26591,92.1,sam2,5.0,3745.958,66.892
3013,rebounding,1,,,,,null,,,
3014,rebounding,1,,,,,null,,,
3015,rebounding,1,,,,,null,,,
3016,rebounding,1,758,253,24833,86.01,sam2,16.279,12195.956,217.785
3017,rebounding,1,,,,,null,,,
3018,rebounding,1,,,,,null,,,
3019,rebounding,1,,,,,null,,,
3020,rebounding,1,759,245,28168,97.56,sam2,8.062,6040.176,107.86
3021,rebounding,1,,,,,null,,,
3022,rebounding,1,,,,,null,,,
3023,rebounding,1,,,,,null,,,
3024,rebounding,1,760,240,29860,103.42,sam2,5.099,3820.143,68.217
3025,rebounding,1,,,,,null,,,
3026,rebounding,1,,,,,null,,,
3027,rebounding,1,,,,,null,,,
3028,rebounding,1,761,239,31185,108.01,sam2,1.414,1059.517,18.92
3029,rebounding,1,,,,,null,,,
3030,rebounding,1,,,,,null,,,
3031,rebounding,1,,,,,null,,,
3032,rebounding,1,761,240,31739,109.93,sam2,1.0,749.192,13.378
3033,rebounding,1,,,,,null,,,
3034,rebounding,1,,,,,null,,,
3035,rebounding,1,,,,,null,,,
3036,rebounding,1,760,241,29241,101.27,sam2,1.414,1059.517,18.92
3037,rebounding,1,,,,,null,,,
3038,rebounding,1,,,,,null,,,
3039,rebounding,1,,,,,null,,,
3040,rebounding,1,755,245,25789,89.32,sam2,6.403,4797.167,85.664
3041,rebounding,1,,,,,null,,,
3042,rebounding,1,,,,,null,,,
3043,rebounding,1,,,,,null,,,
3044,rebounding,1,753,246,24917,86.3,sam2,2.236,1675.243,29.915
3045,rebounding,1,,,,,null,,,
3046,rebounding,1,,,,,null,,,
3047,rebounding,1,,,,,null,,,
3048,rebounding,1,748,218,38593,133.66,sam2,28.443,21309.201,380.521
3049,rebounding,1,,,,,null,,,
3050,rebounding,1,,,,,null,,,
3051,rebounding,1,,,,,null,,,
3052,rebounding,1,749,226,37496,129.87,sam2,8.062,6040.176,107.86
3053,rebounding,1,,,,,null,,,
3054,rebounding,1,,,,,null,,,
3055,rebounding,1,,,,,null,,,
3056,rebounding,1,753,246,39154,135.61,sam2,20.396,15280.571,272.867
3057,rebounding,1,,,,,null,,,
3058,rebounding,1,,,,,null,,,
3059,rebounding,1,,,,,null,,,
3060,rebounding,1,752,258,36699,127.1,sam2,12.042,9021.462,161.098
3061,rebounding,1,,,,,null,,,
3062,rebounding,1,,,,,null,,,
3063,rebounding,1,,,,,null,,,
3064,rebounding,1,750,262,31671,109.69,sam2,4.472,3350.487,59.83
3065,rebounding,1,,,,,null,,,
3066,rebounding,1,,,,,null,,,
3067,rebounding,1,,,,,null,,,
3068,rebounding,1,759,259,26035,90.17,sam2,9.487,7107.456,126.919
3069,rebounding,1,,,,,null,,,
3070,rebounding,1,,,,,null,,,
3071,rebounding,1,,,,,null,,,
3072,rebounding,1,768,259,26616,92.18,sam2,9.0,6742.725,120.406
3073,rebounding,1,,,,,null,,,
3074,rebounding,1,,,,,null,,,
3075,rebounding,1,,,,,null,,,
3076,rebounding,1,752,272,28765,99.63,sam2,20.616,15444.981,275.803
3077,rebounding,1,,,,,null,,,
3078,rebounding,1,,,,,null,,,
3079,rebounding,1,,,,,null,,,
3080,rebounding,1,751,276,25941,89.85,sam2,4.123,3088.996,55.161
3081,rebounding,1,,,,,null,,,
3082,rebounding,1,,,,,null,,,
3083,rebounding,1,,,,,null,,,
3084,rebounding,1,752,258,27284,94.5,sam2,18.028,13506.244,241.183
3085,rebounding,1,,,,,null,,,
3086,rebounding,1,,,,,null,,,
3087,rebounding,1,,,,,null,,,
3088,rebounding,1,752,250,30271,104.84,sam2,8.0,5993.533,107.027
3089,rebounding,1,,,,,null,,,
3090,rebounding,1,,,,,null,,,
3091,rebounding,1,,,,,null,,,
3092,rebounding,1,757,242,32984,114.24,sam2,9.434,7067.86,126.212
3093,rebounding,1,,,,,null,,,
3094,rebounding,1,,,,,null,,,
3095,rebounding,1,,,,,null,,,
3096,rebounding,1,756,247,38919,134.79,sam2,5.099,3820.143,68.217
3097,rebounding,1,,,,,null,,,
3098,rebounding,1,,,,,null,,,
3099,rebounding,1,,,,,null,,,
3100,rebounding,1,756,244,39385,136.41,sam2,3.0,2247.575,40.135
3101,rebounding,1,,,,,null,,,
3102,rebounding,1,,,,,null,,,
3103,rebounding,1,,,,,null,,,
3104,rebounding,1,755,238,39164,135.64,sam2,6.083,4557.155,81.378
3105,rebounding,1,,,,,null,,,
3106,rebounding,1,,,,,null,,,
3107,rebounding,1,,,,,null,,,
3108,rebounding,1,751,239,40886,141.61,sam2,4.123,3088.996,55.161
3109,rebounding,1,,,,,null,,,
3110,rebounding,1,,,,,null,,,
3111,rebounding,1,,,,,null,,,
3112,rebounding,1,749,240,40164,139.11,sam2,2.236,1675.243,29.915
3113,rebounding,1,,,,,null,,,
3114,rebounding,1,,,,,null,,,
3115,rebounding,1,,,,,null,,,
3116,rebounding,1,748,239,37347,129.35,sam2,1.414,1059.517,18.92
3117,rebounding,1,,,,,null,,,
3118,rebounding,1,,,,,null,,,
3119,rebounding,1,,,,,null,,,
3120,rebounding,1,749,245,37509,129.91,sam2,6.083,4557.155,81.378
3121,rebounding,1,,,,,null,,,
3122,rebounding,1,,,,,null,,,
3123,rebounding,1,,,,,null,,,
3124,rebounding,1,748,257,39029,135.17,sam2,12.042,9021.462,161.098
3125,rebounding,1,,,,,null,,,
3126,rebounding,1,,,,,null,,,
3127,rebounding,1,,,,,null,,,
3128,rebounding,1,748,258,29395,101.81,sam2,1.0,749.192,13.378
3129,rebounding,1,,,,,null,,,
3130,rebounding,1,,,,,null,,,
3131,rebounding,1,,,,,null,,,
3132,rebounding,1,745,266,25701,89.01,sam2,8.544,6401.096,114.305
3133,rebounding,1,,,,,null,,,
3134,rebounding,1,,,,,null,,,
3135,rebounding,1,,,,,null,,,
3136,rebounding,1,745,278,25946,89.86,sam2,12.0,8990.299,160.541
3137,rebounding,1,,,,,null,,,
3138,rebounding,1,,,,,null,,,
3139,rebounding,1,,,,,null,,,
3140,rebounding,1,749,279,25444,88.12,sam2,4.123,3088.996,55.161
3141,rebounding,1,,,,,null,,,
3142,rebounding,1,,,,,null,,,
3143,rebounding,1,,,,,null,,,
3144,rebounding,1,770,263,20913,72.43,sam2,26.401,19779.226,353.2
3145,rebounding,1,,,,,null,,,
3146,rebounding,1,,,,,null,,,
3147,rebounding,1,,,,,null,,,
3148,rebounding,1,756,263,26453,91.62,sam2,14.0,10488.683,187.298
3149,rebounding,1,,,,,null,,,
3150,rebounding,1,,,,,null,,,
3151,rebounding,1,,,,,null,,,
3152,rebounding,1,753,257,29963,103.78,sam2,6.708,5025.73,89.745
3153,rebounding,1,,,,,null,,,
3154,rebounding,1,,,,,null,,,
3155,rebounding,1,,,,,null,,,
3156,rebounding,1,749,262,37834,131.04,sam2,6.403,4797.167,85.664
3157,rebounding,1,,,,,null,,,
3158,rebounding,1,,,,,null,,,
3159,rebounding,1,,,,,null,,,
3160,rebounding,1,752,258,38860,134.59,sam2,5.0,3745.958,66.892
3161,rebounding,1,,,,,null,,,
3162,rebounding,1,,,,,null,,,
3163,rebounding,1,,,,,null,,,
3164,rebounding,1,754,253,38505,133.36,sam2,5.385,4034.52,72.045
3165,rebounding,1,,,,,null,,,
3166,rebounding,1,,,,,null,,,
3167,rebounding,1,,,,,null,,,
3168,rebounding,1,753,243,37788,130.88,sam2,10.05,7529.283,134.451
3169,rebounding,1,,,,,null,,,
3170,rebounding,1,,,,,null,,,
3171,rebounding,1,,,,,null,,,
3172,rebounding,1,751,241,39088,135.38,sam2,2.828,2119.034,37.84
3173,rebounding,1,,,,,null,,,
3174,rebounding,1,,,,,null,,,
3175,rebounding,1,,,,,null,,,
3176,rebounding,1,751,240,37660,130.43,sam2,1.0,749.192,13.378
3177,rebounding,1,,,,,null,,,
3178,rebounding,1,,,,,null,,,
3179,rebounding,1,,,,,null,,,
3180,rebounding,1,753,247,37102,128.5,sam2,7.28,5454.197,97.396
3181,rebounding,1,,,,,null,,,
3182,rebounding,1,,,,,null,,,
3183,rebounding,1,,,,,null,,,
3184,rebounding,1,753,256,35293,122.24,sam2,9.0,6742.725,120.406
3185,rebounding,1,,,,,null,,,
3186,rebounding,1,,,,,null,,,
3187,rebounding,1,,,,,null,,,
3188,rebounding,1,754,258,29923,103.64,sam2,2.236,1675.243,29.915
3189,rebounding,1,,,,,null,,,
3190,rebounding,1,,,,,null,,,
3191,rebounding,1,,,,,null,,,
3192,rebounding,1,758,262,26730,92.58,sam2,5.657,4238.068,75.68
3193,rebounding,1,,,,,null,,,
3194,rebounding,1,,,,,null,,,
3195,rebounding,1,,,,,null,,,
3196,rebounding,1,764,270,27038,93.64,sam2,10.0,7491.916,133.784
3197,rebounding,1,,,,,null,,,
3198,rebounding,1,,,,,null,,,
3199,rebounding,1,,,,,null,,,
3200,rebounding,1,760,271,28154,97.51,sam2,4.123,3088.996,55.161
3201,rebounding,1,,,,,null,,,
3202,rebounding,1,,,,,null,,,
3203,rebounding,1,,,,,null,,,
3204,rebounding,1,760,267,28828,99.84,sam2,4.0,2996.766,53.514
3205,rebounding,1,,,,,null,,,
3206,rebounding,1,,,,,null,,,
3207,rebounding,1,,,,,null,,,
3208,rebounding,1,757,258,27219,94.27,sam2,9.487,7107.456,126.919
3209,rebounding,1,,,,,null,,,
3210,rebounding,1,,,,,null,,,
3211,rebounding,1,,,,,null,,,
3212,rebounding,1,759,257,29421,101.9,sam2,2.236,1675.243,29.915
3213,rebounding,1,,,,,null,,,
3214,rebounding,1,,,,,null,,,
3215,rebounding,1,,,,,null,,,
3216,rebounding,1,757,255,29945,103.71,sam2,2.828,2119.034,37.84
3217,rebounding,1,,,,,null,,,
3218,rebounding,1,,,,,null,,,
3219,rebounding,1,,,,,null,,,
3220,rebounding,1,754,255,29155,100.98,sam2,3.0,2247.575,40.135
3221,rebounding,1,,,,,null,,,
3222,rebounding,1,,,,,null,,,
3223,rebounding,1,,,,,null,,,
3224,rebounding,1,752,250,28733,99.52,sam2,5.385,4034.52,72.045
3225,rebounding,1,,,,,null,,,
3226,rebounding,1,,,,,null,,,
3227,rebounding,1,,,,,null,,,
3228,rebounding,1,753,246,31581,109.38,sam2,4.123,3088.996,55.161
3229,rebounding,1,,,,,null,,,
3230,rebounding,1,,,,,null,,,
3231,rebounding,1,,,,,null,,,
3232,rebounding,1,754,245,33421,115.75,sam2,1.414,1059.517,18.92
3233,rebounding,1,,,,,null,,,
3234,rebounding,1,,,,,null,,,
3235,rebounding,1,,,,,null,,,
3236,rebounding,1,752,249,34432,119.25,sam2,4.472,3350.487,59.83
3237,rebounding,1,,,,,null,,,
3238,rebounding,1,,,,,null,,,
3239,rebounding,1,,,,,null,,,
3240,rebounding,1,750,251,32966,114.18,sam2,2.828,2119.034,37.84
3241,rebounding,1,,,,,null,,,
3242,rebounding,1,,,,,null,,,
3243,rebounding,1,,,,,null,,,
3244,rebounding,1,749,253,31379,108.68,sam2,2.236,1675.243,29.915
3245,rebounding,1,,,,,null,,,
3246,rebounding,1,,,,,null,,,
3247,rebounding,1,,,,,null,,,
3248,rebounding,1,747,257,28447,98.52,sam2,4.472,3350.487,59.83
3249,rebounding,1,,,,,null,,,
3250,rebounding,1,,,,,null,,,
3251,rebounding,1,,,,,null,,,
3252,rebounding,1,745,268,30725,106.41,sam2,11.18,8376.217,149.575
3253,rebounding,1,,,,,null,,,
3254,rebounding,1,,,,,null,,,
3255,rebounding,1,,,,,null,,,
3256,rebounding,1,750,265,26055,90.24,sam2,5.831,4368.5,78.009
3257,rebounding,1,,,,,null,,,
3258,rebounding,1,,,,,null,,,
3259,rebounding,1,,,,,null,,,
3260,rebounding,1,753,264,27922,96.71,sam2,3.162,2369.152,42.306
3261,rebounding,1,,,,,null,,,
3262,rebounding,1,,,,,null,,,
3263,rebounding,1,,,,,null,,,
3264,rebounding,1,754,260,28907,100.12,sam2,4.123,3088.996,55.161
3265,rebounding,1,,,,,null,,,
3266,rebounding,1,,,,,null,,,
3267,rebounding,1,,,,,null,,,
3268,rebounding,1,754,264,32983,114.23,sam2,4.0,2996.766,53.514
3269,rebounding,1,,,,,null,,,
3270,rebounding,1,,,,,null,,,
3271,rebounding,1,,,,,null,,,
3272,rebounding,1,755,257,29140,100.92,sam2,7.071,5297.585,94.6
3273,rebounding,1,,,,,null,,,
3274,rebounding,1,,,,,null,,,
3275,rebounding,1,,,,,null,,,
3276,rebounding,1,755,260,28993,100.42,sam2,3.0,2247.575,40.135
3277,rebounding,1,,,,,null,,,
3278,rebounding,1,,,,,null,,,
3279,rebounding,1,,,,,null,,,
3280,rebounding,1,752,259,27968,96.87,sam2,3.162,2369.152,42.306
3281,rebounding,1,,,,,null,,,
3282,rebounding,1,,,,,null,,,
3283,rebounding,1,,,,,null,,,
3284,rebounding,1,745,255,28009,97.01,sam2,8.062,6040.176,107.86
3285,rebounding,1,,,,,null,,,
3286,rebounding,1,,,,,null,,,
3287,rebounding,1,,,,,null,,,
3288,rebounding,1,743,251,29283,101.42,sam2,4.472,3350.487,59.83
3289,rebounding,1,,,,,null,,,
3290,rebounding,1,,,,,null,,,
3291,rebounding,1,,,,,null,,,
3292,rebounding,1,746,248,30605,106.0,sam2,4.243,3178.551,56.76
3293,rebounding,1,,,,,null,,,
3294,rebounding,1,,,,,null,,,
3295,rebounding,1,,,,,null,,,
3296,rebounding,1,748,249,30960,107.23,sam2,2.236,1675.243,29.915
3297,rebounding,1,,,,,null,,,
3298,rebounding,1,,,,,null,,,
3299,rebounding,1,,,,,null,,,
3300,rebounding,1,750,248,30717,106.39,sam2,2.236,1675.243,29.915
3301,rebounding,1,,,,,null,,,
3302,rebounding,1,,,,,null,,,
3303,rebounding,1,,,,,null,,,
3304,rebounding,1,751,249,31283,108.35,sam2,1.414,1059.517,18.92
3305,rebounding,1,,,,,null,,,
3306,rebounding,1,,,,,null,,,
3307,rebounding,1,,,,,null,,,
3308,rebounding,1,752,253,29972,103.81,sam2,4.123,3088.996,55.161
3309,rebounding,1,,,,,null,,,
3310,rebounding,1,,,,,null,,,
3311,rebounding,1,,,,,null,,,
3312,rebounding,1,754,256,28550,98.88,sam2,3.606,2701.249,48.237
3313,rebounding,1,,,,,null,,,
3314,rebounding,1,,,,,null,,,
3315,rebounding,1,,,,,null,,,
3316,rebounding,1,755,259,28504,98.72,sam2,3.162,2369.152,42.306
3317,rebounding,1,,,,,null,,,
3318,rebounding,1,,,,,null,,,
3319,rebounding,1,,,,,null,,,
3320,rebounding,1,755,259,29574,102.43,sam2,0.0,0.0,0.0
3321,rebounding,1,,,,,null,,,
3322,rebounding,1,,,,,null,,,
3323,rebounding,1,,,,,null,,,
3324,rebounding,1,754,260,30671,106.23,sam2,1.414,1059.517,18.92
3325,rebounding,1,,,,,null,,,
3326,rebounding,1,,,,,null,,,
3327,rebounding,1,,,,,null,,,
3328,rebounding,1,755,260,30254,104.78,sam2,1.0,749.192,13.378
3329,rebounding,1,,,,,null,,,
3330,rebounding,1,,,,,null,,,
3331,rebounding,1,,,,,null,,,
3332,rebounding,1,757,263,29333,101.59,sam2,3.606,2701.249,48.237
3333,rebounding,1,,,,,null,,,
3334,rebounding,1,,,,,null,,,
3335,rebounding,1,,,,,null,,,
3336,rebounding,1,759,264,27203,94.22,sam2,2.236,1675.243,29.915
3337,rebounding,1,,,,,null,,,
3338,rebounding,1,,,,,null,,,
3339,rebounding,1,,,,,null,,,
3340,rebounding,1,759,263,27057,93.71,sam2,1.0,749.192,13.378
3341,rebounding,1,,,,,null,,,
3342,rebounding,1,,,,,null,,,
3343,rebounding,1,,,,,null,,,
3344,rebounding,1,757,259,27456,95.09,sam2,4.472,3350.487,59.83
3345,rebounding,1,,,,,null,,,
3346,rebounding,1,,,,,null,,,
3347,rebounding,1,,,,,null,,,
3348,rebounding,1,755,255,29100,100.79,sam2,4.472,3350.487,59.83
3349,rebounding,1,,,,,null,,,
3350,rebounding,1,,,,,null,,,
3351,rebounding,1,,,,,null,,,
3352,rebounding,1,754,252,31220,108.13,sam2,3.162,2369.152,42.306
3353,rebounding,1,,,,,null,,,
3354,rebounding,1,,,,,null,,,
3355,rebounding,1,,,,,null,,,
3356,rebounding,1,753,248,31785,110.09,sam2,4.123,3088.996,55.161
3357,rebounding,1,,,,,null,,,
3358,rebounding,1,,,,,null,,,
3359,rebounding,1,,,,,null,,,
3360,rebounding,1,752,259,38696,134.02,sam2,11.045,8275.092,147.769
3361,rebounding,1,,,,,null,,,
3362,rebounding,1,,,,,null,,,
3363,rebounding,1,,,,,null,,,
3364,rebounding,1,752,261,38502,133.35,sam2,2.0,1498.383,26.757
3365,rebounding,1,,,,,null,,,
3366,rebounding,1,,,,,null,,,
3367,rebounding,1,,,,,null,,,
3368,rebounding,1,752,250,30289,104.9,sam2,11.0,8241.108,147.163
3369,rebounding,1,,,,,null,,,
3370,rebounding,1,,,,,null,,,
3371,rebounding,1,,,,,null,,,
3372,rebounding,1,754,253,28951,100.27,sam2,3.606,2701.249,48.237
3373,rebounding,1,,,,,null,,,
3374,rebounding,1,,,,,null,,,
3375,rebounding,1,,,,,null,,,
3376,rebounding,1,757,257,28914,100.14,sam2,5.0,3745.958,66.892
3377,rebounding,1,,,,,null,,,
3378,rebounding,1,,,,,null,,,
3379,rebounding,1,,,,,null,,,
3380,rebounding,1,757,259,28437,98.49,sam2,2.0,1498.383,26.757
3381,rebounding,1,,,,,null,,,
3382,rebounding,1,,,,,null,,,
3383,rebounding,1,,,,,null,,,
3384,rebounding,1,756,262,27715,95.99,sam2,3.162,2369.152,42.306
3385,rebounding,1,,,,,null,,,
3386,rebounding,1,,,,,null,,,
3387,rebounding,1,,,,,null,,,
3388,rebounding,1,754,265,26878,93.09,sam2,3.606,2701.249,48.237
3389,rebounding,1,,,,,null,,,
3390,rebounding,1,,,,,null,,,
3391,rebounding,1,,,,,null,,,
3392,rebounding,1,752,267,25337,87.75,sam2,2.828,2119.034,37.84
3393,rebounding,1,,,,,null,,,
3394,rebounding,1,,,,,null,,,
3395,rebounding,1,,,,,null,,,
3396,rebounding,1,748,266,24395,84.49,sam2,4.123,3088.996,55.161
3397,rebounding,1,,,,,null,,,
3398,rebounding,1,,,,,null,,,
3399,rebounding,1,,,,,null,,,
3400,rebounding,1,745,266,26748,92.64,sam2,3.0,2247.575,40.135
3401,rebounding,1,,,,,null,,,
3402,rebounding,1,,,,,null,,,
3403,rebounding,1,,,,,null,,,
3404,rebounding,1,744,259,27185,94.15,sam2,7.071,5297.585,94.6
3405,rebounding,1,,,,,null,,,
3406,rebounding,1,,,,,null,,,
3407,rebounding,1,,,,,null,,,
3408,rebounding,1,744,254,29333,101.59,sam2,5.0,3745.958,66.892
3409,rebounding,1,,,,,null,,,
3410,rebounding,1,,,,,null,,,
3411,rebounding,1,,,,,null,,,
3412,rebounding,1,744,249,31492,109.07,sam2,5.0,3745.958,66.892
3413,rebounding,1,,,,,null,,,
3414,rebounding,1,,,,,null,,,
3415,rebounding,1,,,,,null,,,
3416,rebounding,1,745,246,32309,111.9,sam2,3.162,2369.152,42.306
3417,rebounding,1,,,,,null,,,
3418,rebounding,1,,,,,null,,,
3419,rebounding,1,,,,,null,,,
3420,rebounding,1,745,257,38908,134.76,sam2,11.0,8241.108,147.163
3421,rebounding,1,,,,,null,,,
3422,rebounding,1,,,,,null,,,
3423,rebounding,1,,,,,null,,,
3424,rebounding,1,746,256,37291,129.16,sam2,1.414,1059.517,18.92
3425,rebounding,1,,,,,null,,,
3426,rebounding,1,,,,,null,,,
3427,rebounding,1,,,,,null,,,
3428,rebounding,1,748,248,30868,106.91,sam2,8.246,6177.992,110.321
3429,rebounding,1,,,,,null,,,
3430,rebounding,1,,,,,null,,,
3431,rebounding,1,,,,,null,,,
3432,rebounding,1,749,251,29789,103.17,sam2,3.162,2369.152,42.306
3433,rebounding,1,,,,,null,,,
3434,rebounding,1,,,,,null,,,
3435,rebounding,1,,,,,null,,,
3436,rebounding,1,751,255,29244,101.28,sam2,4.472,3350.487,59.83
3437,rebounding,1,,,,,null,,,
3438,rebounding,1,,,,,null,,,
3439,rebounding,1,,,,,null,,,
3440,rebounding,1,754,260,28319,98.08,sam2,5.831,4368.5,78.009
3441,rebounding,1,,,,,null,,,
3442,rebounding,1,,,,,null,,,
3443,rebounding,1,,,,,null,,,
3444,rebounding,1,755,266,27998,96.97,sam2,6.083,4557.155,81.378
3445,rebounding,1,,,,,null,,,
3446,rebounding,1,,,,,null,,,
3447,rebounding,1,,,,,null,,,
3448,rebounding,1,755,268,26248,90.91,sam2,2.0,1498.383,26.757
3449,rebounding,1,,,,,null,,,
3450,rebounding,1,,,,,null,,,
3451,rebounding,1,,,,,null,,,
3452,rebounding,1,754,267,25455,88.16,sam2,1.414,1059.517,18.92
3453,rebounding,1,,,,,null,,,
3454,rebounding,1,,,,,null,,,
3455,rebounding,1,,,,,null,,,
3456,rebounding,1,753,264,25587,88.62,sam2,3.162,2369.152,42.306
3457,rebounding,1,,,,,null,,,
3458,rebounding,1,,,,,null,,,
3459,rebounding,1,,,,,null,,,
3460,rebounding,1,754,260,26733,92.59,sam2,4.123,3088.996,55.161
3461,rebounding,1,,,,,null,,,
3462,rebounding,1,,,,,null,,,
3463,rebounding,1,,,,,null,,,
3464,rebounding,1,756,255,28408,98.39,sam2,5.385,4034.52,72.045
3465,rebounding,1,,,,,null,,,
3466,rebounding,1,,,,,null,,,
3467,rebounding,1,,,,,null,,,
3468,rebounding,1,756,251,31140,107.85,sam2,4.0,2996.766,53.514
3469,rebounding,1,,,,,null,,,
3470,rebounding,1,,,,,null,,,
3471,rebounding,1,,,,,null,,,
3472,rebounding,1,757,262,39222,135.84,sam2,11.045,8275.092,147.769
3473,rebounding,1,,,,,null,,,
3474,rebounding,1,,,,,null,,,
3475,rebounding,1,,,,,null,,,
3476,rebounding,1,757,247,34069,118.0,sam2,15.0,11237.874,200.676
3477,rebounding,1,,,,,null,,,
3478,rebounding,1,,,,,null,,,
3479,rebounding,1,,,,,null,,,
3480,rebounding,1,756,250,35431,122.71,sam2,3.162,2369.152,42.306
3481,rebounding,1,,,,,null,,,
3482,rebounding,1,,,,,null,,,
3483,rebounding,1,,,,,null,,,
3484,rebounding,1,756,252,35008,121.25,sam2,2.0,1498.383,26.757
3485,rebounding,1,,,,,null,,,
3486,rebounding,1,,,,,null,,,
3487,rebounding,1,,,,,null,,,
3488,rebounding,1,755,260,36858,127.66,sam2,8.062,6040.176,107.86
3489,rebounding,1,,,,,null,,,
3490,rebounding,1,,,,,null,,,
3491,rebounding,1,,,,,null,,,
3492,rebounding,1,756,253,28940,100.23,sam2,7.071,5297.585,94.6
3493,rebounding,1,,,,,null,,,
3494,rebounding,1,,,,,null,,,
3495,rebounding,1,,,,,null,,,
3496,rebounding,1,755,259,28157,97.52,sam2,6.083,4557.155,81.378
3497,rebounding,1,,,,,null,,,
3498,rebounding,1,,,,,null,,,
3499,rebounding,1,,,,,null,,,
3500,rebounding,1,753,266,28040,97.11,sam2,7.28,5454.197,97.396
3501,rebounding,1,,,,,null,,,
3502,rebounding,1,,,,,null,,,
3503,rebounding,1,,,,,null,,,
3504,rebounding,1,752,270,26639,92.26,sam2,4.123,3088.996,55.161
3505,rebounding,1,,,,,null,,,
3506,rebounding,1,,,,,null,,,
3507,rebounding,1,,,,,null,,,
3508,rebounding,1,750,272,26570,92.02,sam2,2.828,2119.034,37.84
3509,rebounding,1,,,,,null,,,
3510,rebounding,1,,,,,null,,,
3511,rebounding,1,,,,,null,,,
3512,rebounding,1,748,270,26400,91.43,sam2,2.828,2119.034,37.84
3513,rebounding,1,,,,,null,,,
3514,rebounding,1,,,,,null,,,
3515,rebounding,1,,,,,null,,,
3516,rebounding,1,746,266,27478,95.17,sam2,4.472,3350.487,59.83
3517,rebounding,1,,,,,null,,,
3518,rebounding,1,,,,,null,,,
3519,rebounding,1,,,,,null,,,
3520,rebounding,1,744,260,28073,97.23,sam2,6.325,4738.304,84.613
3521,rebounding,1,,,,,null,,,
3522,rebounding,1,,,,,null,,,
3523,rebounding,1,,,,,null,,,
3524,rebounding,1,743,253,28702,99.41,sam2,7.071,5297.585,94.6
3525,rebounding,1,,,,,null,,,
3526,rebounding,1,,,,,null,,,
3527,rebounding,1,,,,,null,,,
3528,rebounding,1,744,248,30329,105.04,sam2,5.099,3820.143,68.217
3529,rebounding,1,,,,,null,,,
3530,rebounding,1,,,,,null,,,
3531,rebounding,1,,,,,null,,,
3532,rebounding,1,745,256,37433,129.65,sam2,8.062,6040.176,107.86
3533,rebounding,1,,,,,null,,,
3534,rebounding,1,,,,,null,,,
3535,rebounding,1,,,,,null,,,
3536,rebounding,1,746,257,38408,133.02,sam2,1.414,1059.517,18.92
3537,rebounding,1,,,,,null,,,
3538,rebounding,1,,,,,null,,,
3539,rebounding,1,,,,,null,,,
3540,rebounding,1,746,258,38524,133.43,sam2,1.0,749.192,13.378
3541,rebounding,1,,,,,null,,,
3542,rebounding,1,,,,,null,,,
3543,rebounding,1,,,,,null,,,
3544,rebounding,1,746,258,37210,128.87,sam2,0.0,0.0,0.0
3545,rebounding,1,,,,,null,,,
3546,rebounding,1,,,,,null,,,
3547,rebounding,1,,,,,null,,,
3548,rebounding,1,746,251,29977,103.82,sam2,7.0,5244.341,93.649
3549,rebounding,1,,,,,null,,,
3550,rebounding,1,,,,,null,,,
3551,rebounding,1,,,,,null,,,
3552,rebounding,1,746,255,28426,98.45,sam2,4.0,2996.766,53.514
3553,rebounding,1,,,,,null,,,
3554,rebounding,1,,,,,null,,,
3555,rebounding,1,,,,,null,,,
3556,rebounding,1,747,261,27606,95.61,sam2,6.083,4557.155,81.378
3557,rebounding,1,,,,,null,,,
3558,rebounding,1,,,,,null,,,
3559,rebounding,1,,,,,null,,,
3560,rebounding,1,749,265,26510,91.82,sam2,4.472,3350.487,59.83
3561,rebounding,1,,,,,null,,,
3562,rebounding,1,,,,,null,,,
3563,rebounding,1,,,,,null,,,
3564,rebounding,1,751,267,25637,88.79,sam2,2.828,2119.034,37.84
3565,rebounding,1,,,,,null,,,
3566,rebounding,1,,,,,null,,,
3567,rebounding,1,,,,,null,,,
3568,rebounding,1,753,267,25813,89.4,sam2,2.0,1498.383,26.757
3569,rebounding,1,,,,,null,,,
3570,rebounding,1,,,,,null,,,
3571,rebounding,1,,,,,null,,,
3572,rebounding,1,755,265,26182,90.68,sam2,2.828,2119.034,37.84
3573,rebounding,1,,,,,null,,,
3574,rebounding,1,,,,,null,,,
3575,rebounding,1,,,,,null,,,
3576,rebounding,1,756,260,27244,94.36,sam2,5.099,3820.143,68.217
3577,rebounding,1,,,,,null,,,
3578,rebounding,1,,,,,null,,,
3579,rebounding,1,,,,,null,,,
3580,rebounding,1,756,255,28382,98.3,sam2,5.0,3745.958,66.892
3581,rebounding,1,,,,,null,,,
3582,rebounding,1,,,,,null,,,
3583,rebounding,1,,,,,null,,,
3584,rebounding,1,756,251,29618,102.58,sam2,4.0,2996.766,53.514
3585,rebounding,1,,,,,null,,,
3586,rebounding,1,,,,,null,,,
3587,rebounding,1,,,,,null,,,
3588,rebounding,1,757,248,31394,108.73,sam2,3.162,2369.152,42.306
3589,rebounding,1,,,,,null,,,
3590,rebounding,1,,,,,null,,,
3591,rebounding,1,,,,,null,,,
3592,rebounding,1,756,258,37894,131.24,sam2,10.05,7529.283,134.451
3593,rebounding,1,,,,,null,,,
3594,rebounding,1,,,,,null,,,
3595,rebounding,1,,,,,null,,,
3596,rebounding,1,757,259,38768,134.27,sam2,1.414,1059.517,18.92
3596,rebounding,2,808,353,93,0.32,sam2,,,
3597,rebounding,1,,,,,null,,,
3598,rebounding,1,,,,,null,,,
3599,rebounding,1,,,,,null,,,
3600,rebounding,1,758,251,33938,117.54,sam2,8.062,6040.176,107.86
3601,rebounding,1,,,,,null,,,
3602,rebounding,1,,,,,null,,,
3603,rebounding,1,,,,,null,,,
3604,rebounding,1,757,250,30949,107.19,sam2,1.414,1059.517,18.92
3605,rebounding,1,,,,,null,,,
3606,rebounding,1,,,,,null,,,
3607,rebounding,1,,,,,null,,,
3608,rebounding,1,756,253,28927,100.19,sam2,3.162,2369.152,42.306
3609,rebounding,1,,,,,null,,,
3610,rebounding,1,,,,,null,,,
3611,rebounding,1,,,,,null,,,
3612,rebounding,1,754,258,27240,94.34,sam2,5.385,4034.52,72.045
3613,rebounding,1,,,,,null,,,
3614,rebounding,1,,,,,null,,,
3615,rebounding,1,,,,,null,,,
3616,rebounding,1,752,264,26441,91.58,sam2,6.325,4738.304,84.613
3617,rebounding,1,,,,,null,,,
3618,rebounding,1,,,,,null,,,
3619,rebounding,1,,,,,null,,,
3620,rebounding,1,750,267,25956,89.9,sam2,3.606,2701.249,48.237
3621,rebounding,1,,,,,null,,,
3622,rebounding,1,,,,,null,,,
3623,rebounding,1,,,,,null,,,
3624,rebounding,1,749,267,26520,91.85,sam2,1.0,749.192,13.378
3625,rebounding,1,,,,,null,,,
3626,rebounding,1,,,,,null,,,
3627,rebounding,1,,,,,null,,,
3628,rebounding,1,750,271,29880,103.49,sam2,4.123,3088.996,55.161
3629,rebounding,1,,,,,null,,,
3630,rebounding,1,,,,,null,,,
3631,rebounding,1,,,,,null,,,
3632,rebounding,1,750,267,30731,106.44,sam2,4.0,2996.766,53.514
3633,rebounding,1,,,,,null,,,
3634,rebounding,1,,,,,null,,,
3635,rebounding,1,,,,,null,,,
3636,rebounding,1,750,259,28169,97.56,sam2,8.0,5993.533,107.027
3637,rebounding,1,,,,,null,,,
3638,rebounding,1,,,,,null,,,
3639,rebounding,1,,,,,null,,,
3640,rebounding,1,749,253,28596,99.04,sam2,6.083,4557.155,81.378
3641,rebounding,1,,,,,null,,,
3642,rebounding,1,,,,,null,,,
3643,rebounding,1,,,,,null,,,
3644,rebounding,1,747,250,29620,102.59,sam2,3.606,2701.249,48.237
3645,rebounding,1,,,,,null,,,
3646,rebounding,1,,,,,null,,,
3647,rebounding,1,,,,,null,,,
3648,rebounding,1,746,258,36815,127.51,sam2,8.062,6040.176,107.86
3649,rebounding,1,,,,,null,,,
3650,rebounding,1,,,,,null,,,
3651,rebounding,1,,,,,null,,,
3652,rebounding,1,745,259,37968,131.5,sam2,1.414,1059.517,18.92
3653,rebounding,1,,,,,null,,,
3654,rebounding,1,,,,,null,,,
3655,rebounding,1,,,,,null,,,
3656,rebounding,1,744,260,37952,131.44,sam2,1.414,1059.517,18.92
3657,rebounding,1,,,,,null,,,
3658,rebounding,1,,,,,null,,,
3659,rebounding,1,,,,,null,,,
3660,rebounding,1,744,249,30411,105.33,sam2,11.0,8241.108,147.163
3661,rebounding,1,,,,,null,,,
3662,rebounding,1,,,,,null,,,
3663,rebounding,1,,,,,null,,,
3664,rebounding,1,745,253,28971,100.34,sam2,4.123,3088.996,55.161
3665,rebounding,1,,,,,null,,,
3666,rebounding,1,,,,,null,,,
3667,rebounding,1,,,,,null,,,
3668,rebounding,1,745,258,27841,96.43,sam2,5.0,3745.958,66.892
3669,rebounding,1,,,,,null,,,
3670,rebounding,1,,,,,null,,,
3671,rebounding,1,,,,,null,,,
3672,rebounding,1,747,263,27301,94.56,sam2,5.385,4034.52,72.045
3673,rebounding,1,,,,,null,,,
3674,rebounding,1,,,,,null,,,
3675,rebounding,1,,,,,null,,,
3676,rebounding,1,750,267,27409,94.93,sam2,5.0,3745.958,66.892
3677,rebounding,1,,,,,null,,,
3678,rebounding,1,,,,,null,,,
3679,rebounding,1,,,,,null,,,
3680,rebounding,1,750,267,26986,93.46,sam2,0.0,0.0,0.0
3681,rebounding,1,,,,,null,,,
3682,rebounding,1,,,,,null,,,
3683,rebounding,1,,,,,null,,,
3684,rebounding,1,751,266,27354,94.74,sam2,1.414,1059.517,18.92
3685,rebounding,1,,,,,null,,,
3686,rebounding,1,,,,,null,,,
3687,rebounding,1,,,,,null,,,
3688,rebounding,1,753,264,28123,97.4,sam2,2.828,2119.034,37.84
3689,rebounding,1,,,,,null,,,
3690,rebounding,1,,,,,null,,,
3691,rebounding,1,,,,,null,,,
3692,rebounding,1,754,260,28221,97.74,sam2,4.123,3088.996,55.161
3693,rebounding,1,,,,,null,,,
3694,rebounding,1,,,,,null,,,
3695,rebounding,1,,,,,null,,,
3696,rebounding,1,755,256,28586,99.01,sam2,4.123,3088.996,55.161
3697,rebounding,1,,,,,null,,,
3698,rebounding,1,,,,,null,,,
3699,rebounding,1,,,,,null,,,
3700,rebounding,1,756,252,29051,100.62,sam2,4.123,3088.996,55.161
3701,rebounding,1,,,,,null,,,
3702,rebounding,1,,,,,null,,,
3703,rebounding,1,,,,,null,,,
3704,rebounding,1,756,250,29851,103.39,sam2,2.0,1498.383,26.757
3705,rebounding,1,,,,,null,,,
3706,rebounding,1,,,,,null,,,
3707,rebounding,1,,,,,null,,,
3708,rebounding,1,756,249,31076,107.63,sam2,1.0,749.192,13.378
3709,rebounding,1,,,,,null,,,
3710,rebounding,1,,,,,null,,,
3711,rebounding,1,,,,,null,,,
3712,rebounding,1,757,249,31633,109.56,sam2,1.0,749.192,13.378
3713,rebounding,1,,,,,null,,,
3714,rebounding,1,,,,,null,,,
3715,rebounding,1,,,,,null,,,
3716,rebounding,1,756,250,31177,107.98,sam2,1.414,1059.517,18.92
3717,rebounding,1,,,,,null,,,
3718,rebounding,1,,,,,null,,,
3719,rebounding,1,,,,,null,,,
3720,rebounding,1,755,253,30142,104.4,sam2,3.162,2369.152,42.306
3721,rebounding,1,,,,,null,,,
3722,rebounding,1,,,,,null,,,
3723,rebounding,1,,,,,null,,,
3724,rebounding,1,754,255,28130,97.43,sam2,2.236,1675.243,29.915
3725,rebounding,1,,,,,null,,,
3726,rebounding,1,,,,,null,,,
3727,rebounding,1,,,,,null,,,
3728,rebounding,1,754,259,27051,93.69,sam2,4.0,2996.766,53.514
3729,rebounding,1,,,,,null,,,
3730,rebounding,1,,,,,null,,,
3731,rebounding,1,,,,,null,,,
3732,rebounding,1,754,261,26510,91.82,sam2,2.0,1498.383,26.757
3733,rebounding,1,,,,,null,,,
3734,rebounding,1,,,,,null,,,
3735,rebounding,1,,,,,null,,,
3736,rebounding,1,755,264,27158,94.06,sam2,3.162,2369.152,42.306
3737,rebounding,1,,,,,null,,,
3738,rebounding,1,,,,,null,,,
3739,rebounding,1,,,,,null,,,
3740,rebounding,1,756,263,27070,93.76,sam2,1.414,1059.517,18.92
3741,rebounding,1,,,,,null,,,
3742,rebounding,1,,,,,null,,,
3743,rebounding,1,,,,,null,,,
3744,rebounding,1,755,262,27622,95.67,sam2,1.414,1059.517,18.92
3745,rebounding,1,,,,,null,,,
3746,rebounding,1,,,,,null,,,
3747,rebounding,1,,,,,null,,,
3748,rebounding,1,754,260,27663,95.81,sam2,2.236,1675.243,29.915
3749,rebounding,1,,,,,null,,,
3750,rebounding,1,,,,,null,,,
3751,rebounding,1,,,,,null,,,
3752,rebounding,1,752,257,27994,96.96,sam2,3.606,2701.249,48.237
3753,rebounding,1,,,,,null,,,
3754,rebounding,1,,,,,null,,,
3755,rebounding,1,,,,,null,,,
3756,rebounding,1,750,254,28164,97.54,sam2,3.606,2701.249,48.237
3757,rebounding,1,,,,,null,,,
3758,rebounding,1,,,,,null,,,
3759,rebounding,1,,,,,null,,,
3760,rebounding,1,748,253,29099,100.78,sam2,2.236,1675.243,29.915
3761,rebounding,1,,,,,null,,,
3762,rebounding,1,,,,,null,,,
3763,rebounding,1,,,,,null,,,
3764,rebounding,1,746,251,29758,103.07,sam2,2.828,2119.034,37.84
3765,rebounding,1,,,,,null,,,
3766,rebounding,1,,,,,null,,,
3767,rebounding,1,,,,,null,,,
3768,rebounding,1,745,251,30078,104.17,sam2,1.0,749.192,13.378
3769,rebounding,1,,,,,null,,,
3770,rebounding,1,,,,,null,,,
3771,rebounding,1,,,,,null,,,
3772,rebounding,1,745,257,33650,116.54,sam2,6.0,4495.15,80.271
3773,rebounding,1,,,,,null,,,
3774,rebounding,1,,,,,null,,,
3775,rebounding,1,,,,,null,,,
3776,rebounding,1,745,261,35093,121.54,sam2,4.0,2996.766,53.514
3777,rebounding,1,,,,,null,,,
3778,rebounding,1,,,,,null,,,
3779,rebounding,1,,,,,null,,,
3780,rebounding,1,744,255,28318,98.08,sam2,6.083,4557.155,81.378
3781,rebounding,1,,,,,null,,,
3782,rebounding,1,,,,,null,,,
3783,rebounding,1,,,,,null,,,
3784,rebounding,1,745,257,27657,95.79,sam2,2.236,1675.243,29.915
3785,rebounding,1,,,,,null,,,
3786,rebounding,1,,,,,null,,,
3787,rebounding,1,,,,,null,,,
3788,rebounding,1,746,261,27638,95.72,sam2,4.123,3088.996,55.161
3789,rebounding,1,,,,,null,,,
3790,rebounding,1,,,,,null,,,
3791,rebounding,1,,,,,null,,,
3792,rebounding,1,748,262,27709,95.97,sam2,2.236,1675.243,29.915
3793,rebounding,1,,,,,null,,,
3794,rebounding,1,,,,,null,,,
3795,rebounding,1,,,,,null,,,
3796,rebounding,1,750,264,28307,98.04,sam2,2.828,2119.034,37.84
3797,rebounding,1,,,,,null,,,
3798,rebounding,1,,,,,null,,,
3799,rebounding,1,,,,,null,,,
3800,rebounding,1,751,263,28494,98.69,sam2,1.414,1059.517,18.92
3801,rebounding,1,,,,,null,,,
3802,rebounding,1,,,,,null,,,
3803,rebounding,1,,,,,null,,,
3804,rebounding,1,752,261,28256,97.86,sam2,2.236,1675.243,29.915
3805,rebounding,1,,,,,null,,,
3806,rebounding,1,,,,,null,,,
3807,rebounding,1,,,,,null,,,
3808,rebounding,1,753,260,28021,97.05,sam2,1.414,1059.517,18.92
3809,rebounding,1,,,,,null,,,
3810,rebounding,1,,,,,null,,,
3811,rebounding,1,,,,,null,,,
3812,rebounding,1,753,257,27930,96.73,sam2,3.0,2247.575,40.135
3813,rebounding,1,,,,,null,,,
3814,rebounding,1,,,,,null,,,
3815,rebounding,1,,,,,null,,,
3816,rebounding,1,753,255,28223,97.75,sam2,2.0,1498.383,26.757
3817,rebounding,1,,,,,null,,,
3818,rebounding,1,,,,,null,,,
3819,rebounding,1,,,,,null,,,
3820,rebounding,1,753,253,28978,100.36,sam2,2.0,1498.383,26.757
3821,rebounding,1,,,,,null,,,
3822,rebounding,1,,,,,null,,,
3823,rebounding,1,,,,,null,,,
3824,rebounding,1,753,253,29966,103.79,sam2,0.0,0.0,0.0
3825,rebounding,1,,,,,null,,,
3826,rebounding,1,,,,,null,,,
3827,rebounding,1,,,,,null,,,
3828,rebounding,1,754,252,30247,104.76,sam2,1.414,1059.517,18.92
3829,rebounding,1,,,,,null,,,
3830,rebounding,1,,,,,null,,,
3831,rebounding,1,,,,,null,,,
3832,rebounding,1,755,253,30068,104.14,sam2,1.414,1059.517,18.92
3833,rebounding,1,,,,,null,,,
3834,rebounding,1,,,,,null,,,
3835,rebounding,1,,,,,null,,,
3836,rebounding,1,755,253,29000,100.44,sam2,0.0,0.0,0.0
3837,rebounding,1,,,,,null,,,
3838,rebounding,1,,,,,null,,,
3839,rebounding,1,,,,,null,,,
3840,rebounding,1,756,254,28058,97.18,sam2,1.414,1059.517,18.92
3841,rebounding,1,,,,,null,,,
3842,rebounding,1,,,,,null,,,
3843,rebounding,1,,,,,null,,,
3844,rebounding,1,756,256,27550,95.42,sam2,2.0,1498.383,26.757
3845,rebounding,1,,,,,null,,,
3846,rebounding,1,,,,,null,,,
3847,rebounding,1,,,,,null,,,
3848,rebounding,1,757,258,27442,95.04,sam2,2.236,1675.243,29.915
3849,rebounding,1,,,,,null,,,
3850,rebounding,1,,,,,null,,,
3851,rebounding,1,,,,,null,,,
3852,rebounding,1,757,259,27354,94.74,sam2,1.0,749.192,13.378
3853,rebounding,1,,,,,null,,,
3854,rebounding,1,,,,,null,,,
3855,rebounding,1,,,,,null,,,
3856,rebounding,1,757,259,27383,94.84,sam2,0.0,0.0,0.0
3857,rebounding,1,,,,,null,,,
3858,rebounding,1,,,,,null,,,
3859,rebounding,1,,,,,null,,,
3860,rebounding,1,756,260,27476,95.16,sam2,1.414,1059.517,18.92
3861,rebounding,1,,,,,null,,,
3862,rebounding,1,,,,,null,,,
3863,rebounding,1,,,,,null,,,
3864,rebounding,1,754,260,27545,95.4,sam2,2.0,1498.383,26.757
3865,rebounding,1,,,,,null,,,
3866,rebounding,1,,,,,null,,,
3867,rebounding,1,,,,,null,,,
3868,rebounding,1,752,258,27514,95.29,sam2,2.828,2119.034,37.84
3869,rebounding,1,,,,,null,,,
3870,rebounding,1,,,,,null,,,
3871,rebounding,1,,,,,null,,,
3872,rebounding,1,750,257,27837,96.41,sam2,2.236,1675.243,29.915
3873,rebounding,1,,,,,null,,,
3874,rebounding,1,,,,,null,,,
3875,rebounding,1,,,,,null,,,
3876,rebounding,1,748,255,28560,98.92,sam2,2.828,2119.034,37.84
3877,rebounding,1,,,,,null,,,
3878,rebounding,1,,,,,null,,,
3879,rebounding,1,,,,,null,,,
3880,rebounding,1,747,254,29149,100.96,sam2,1.414,1059.517,18.92
3881,rebounding,1,,,,,null,,,
3882,rebounding,1,,,,,null,,,
3883,rebounding,1,,,,,null,,,
3884,rebounding,1,746,252,29504,102.19,sam2,2.236,1675.243,29.915
3885,rebounding,1,,,,,null,,,
3886,rebounding,1,,,,,null,,,
3887,rebounding,1,,,,,null,,,
3888,rebounding,1,745,252,29433,101.94,sam2,1.0,749.192,13.378
3889,rebounding,1,,,,,null,,,
3890,rebounding,1,,,,,null,,,
3891,rebounding,1,,,,,null,,,
3892,rebounding,1,745,252,29073,100.69,sam2,0.0,0.0,0.0
3893,rebounding,1,,,,,null,,,
3894,rebounding,1,,,,,null,,,
3895,rebounding,1,,,,,null,,,
3896,rebounding,1,745,254,28576,98.97,sam2,2.0,1498.383,26.757
3897,rebounding,1,,,,,null,,,
3898,rebounding,1,,,,,null,,,
3899,rebounding,1,,,,,null,,,
3900,rebounding,1,746,255,28105,97.34,sam2,1.414,1059.517,18.92
3901,rebounding,1,,,,,null,,,
3902,rebounding,1,,,,,null,,,
3903,rebounding,1,,,,,null,,,
3904,rebounding,1,747,257,27923,96.71,sam2,2.236,1675.243,29.915
3905,rebounding,1,,,,,null,,,
3906,rebounding,1,,,,,null,,,
3907,rebounding,1,,,,,null,,,
3908,rebounding,1,748,259,27858,96.48,sam2,2.236,1675.243,29.915
3909,rebounding,1,,,,,null,,,
3910,rebounding,1,,,,,null,,,
3911,rebounding,1,,,,,null,,,
3912,rebounding,1,749,260,27677,95.86,sam2,1.414,1059.517,18.92
3913,rebounding,1,,,,,null,,,
3914,rebounding,1,,,,,null,,,
3915,rebounding,1,,,,,null,,,
3916,rebounding,1,750,262,27597,95.58,sam2,2.236,1675.243,29.915
3917,rebounding,1,,,,,null,,,
3918,rebounding,1,,,,,null,,,
3919,rebounding,1,,,,,null,,,
3920,rebounding,1,750,266,30397,105.28,sam2,4.0,2996.766,53.514
3921,rebounding,1,,,,,null,,,
3922,rebounding,1,,,,,null,,,
3923,rebounding,1,,,,,null,,,
3924,rebounding,1,751,265,29893,103.53,sam2,1.414,1059.517,18.92
3925,rebounding,1,,,,,null,,,
3926,rebounding,1,,,,,null,,,
3927,rebounding,1,,,,,null,,,
3928,rebounding,1,751,263,29573,102.42,sam2,2.0,1498.383,26.757
3929,rebounding,1,,,,,null,,,
3930,rebounding,1,,,,,null,,,
3931,rebounding,1,,,,,null,,,
3932,rebounding,1,751,257,27833,96.4,sam2,6.0,4495.15,80.271
3933,rebounding,1,,,,,null,,,
3934,rebounding,1,,,,,null,,,
3935,rebounding,1,,,,,null,,,
3936,rebounding,1,752,255,28439,98.5,sam2,2.236,1675.243,29.915
3937,rebounding,1,,,,,null,,,
3938,rebounding,1,,,,,null,,,
3939,rebounding,1,,,,,null,,,
3940,rebounding,1,753,253,29228,101.23,sam2,2.236,1675.243,29.915
3941,rebounding,1,,,,,null,,,
3942,rebounding,1,,,,,null,,,
3943,rebounding,1,,,,,null,,,
3944,rebounding,1,754,252,29368,101.71,sam2,1.414,1059.517,18.92
3945,rebounding,1,,,,,null,,,
3946,rebounding,1,,,,,null,,,
3947,rebounding,1,,,,,null,,,
3948,rebounding,1,754,252,29190,101.1,sam2,0.0,0.0,0.0
3949,rebounding,1,,,,,null,,,
3950,rebounding,1,,,,,null,,,
3951,rebounding,1,,,,,null,,,
3952,rebounding,1,755,252,28795,99.73,sam2,1.0,749.192,13.378
3953,rebounding,1,,,,,null,,,
3954,rebounding,1,,,,,null,,,
3955,rebounding,1,,,,,null,,,
3956,rebounding,1,756,253,28088,97.28,sam2,1.414,1059.517,18.92
3957,rebounding,1,,,,,null,,,
3958,rebounding,1,,,,,null,,,
3959,rebounding,1,,,,,null,,,
3960,rebounding,1,757,255,28018,97.04,sam2,2.236,1675.243,29.915
3961,rebounding,1,,,,,null,,,
3962,rebounding,1,,,,,null,,,
3963,rebounding,1,,,,,null,,,
3964,rebounding,1,757,257,27777,96.2,sam2,2.0,1498.383,26.757
3965,rebounding,1,,,,,null,,,
3966,rebounding,1,,,,,null,,,
3967,rebounding,1,,,,,null,,,
3968,rebounding,1,757,259,27643,95.74,sam2,2.0,1498.383,26.757
3969,rebounding,1,,,,,null,,,
3970,rebounding,1,,,,,null,,,
3971,rebounding,1,,,,,null,,,
3972,rebounding,1,756,260,27325,94.64,sam2,1.414,1059.517,18.92
3973,rebounding,1,,,,,null,,,
3974,rebounding,1,,,,,null,,,
3975,rebounding,1,,,,,null,,,
3976,rebounding,1,754,260,26841,92.96,sam2,2.0,1498.383,26.757
3977,rebounding,1,,,,,null,,,
3978,rebounding,1,,,,,null,,,
3979,rebounding,1,,,,,null,,,
3980,rebounding,1,753,260,26991,93.48,sam2,1.0,749.192,13.378
3981,rebounding,1,,,,,null,,,
3982,rebounding,1,,,,,null,,,
3983,rebounding,1,,,,,null,,,
3984,rebounding,1,751,259,27238,94.34,sam2,2.236,1675.243,29.915
3985,rebounding,1,,,,,null,,,
3986,rebounding,1,,,,,null,,,
3987,rebounding,1,,,,,null,,,
3988,rebounding,1,750,257,27748,96.1,sam2,2.236,1675.243,29.915
3989,rebounding,1,,,,,null,,,
3990,rebounding,1,,,,,null,,,
3991,rebounding,1,,,,,null,,,
3992,rebounding,1,749,255,28404,98.38,sam2,2.236,1675.243,29.915
3993,rebounding,1,,,,,null,,,
3994,rebounding,1,,,,,null,,,
3995,rebounding,1,,,,,null,,,
3996,rebounding,1,749,254,29122,100.86,sam2,1.0,749.192,13.378
3997,rebounding,1,,,,,null,,,
3998,rebounding,1,,,,,null,,,
3999,rebounding,1,,,,,null,,,
4000,rebounding,1,748,252,29326,101.57,sam2,2.236,1675.243,29.915
4001,rebounding,1,,,,,null,,,
4002,rebounding,1,,,,,null,,,
4003,rebounding,1,,,,,null,,,
4004,rebounding,1,747,251,29255,101.32,sam2,1.414,1059.517,18.92
4005,rebounding,1,,,,,null,,,
4006,rebounding,1,,,,,null,,,
4007,rebounding,1,,,,,null,,,
4008,rebounding,1,747,251,29212,101.17,sam2,0.0,0.0,0.0
4009,rebounding,1,,,,,null,,,
4010,rebounding,1,,,,,null,,,
4011,rebounding,1,,,,,null,,,
4012,rebounding,1,747,252,28774,99.66,sam2,1.0,749.192,13.378
4013,rebounding,1,,,,,null,,,
4014,rebounding,1,,,,,null,,,
4015,rebounding,1,,,,,null,,,
4016,rebounding,1,747,254,28374,98.27,sam2,2.0,1498.383,26.757
4017,rebounding,1,,,,,null,,,
4018,rebounding,1,,,,,null,,,
4019,rebounding,1,,,,,null,,,
4020,rebounding,1,747,256,27861,96.49,sam2,2.0,1498.383,26.757
4021,rebounding,1,,,,,null,,,
4022,rebounding,1,,,,,null,,,
4023,rebounding,1,,,,,null,,,
4024,rebounding,1,748,262,30109,104.28,sam2,6.083,4557.155,81.378
4025,rebounding,1,,,,,null,,,
4026,rebounding,1,,,,,null,,,
4027,rebounding,1,,,,,null,,,
4028,rebounding,1,749,261,27425,94.98,sam2,1.414,1059.517,18.92
4029,rebounding,1,,,,,null,,,
4030,rebounding,1,,,,,null,,,
4031,rebounding,1,,,,,null,,,
4032,rebounding,1,749,262,26965,93.39,sam2,1.0,749.192,13.378
4033,rebounding,1,,,,,null,,,
4034,rebounding,1,,,,,null,,,
4035,rebounding,1,,,,,null,,,
4036,rebounding,1,750,262,26859,93.02,sam2,1.0,749.192,13.378
4037,rebounding,1,,,,,null,,,
4038,rebounding,1,,,,,null,,,
4039,rebounding,1,,,,,null,,,
4040,rebounding,1,751,265,29430,101.93,sam2,3.162,2369.152,42.306
4041,rebounding,1,,,,,null,,,
4042,rebounding,1,,,,,null,,,
4043,rebounding,1,,,,,null,,,
4044,rebounding,1,750,263,29542,102.32,sam2,2.236,1675.243,29.915
4045,rebounding,1,,,,,null,,,
4046,rebounding,1,,,,,null,,,
4047,rebounding,1,,,,,null,,,
4048,rebounding,1,751,257,27810,96.32,sam2,6.083,4557.155,81.378
4049,rebounding,1,,,,,null,,,
4050,rebounding,1,,,,,null,,,
4051,rebounding,1,,,,,null,,,
4052,rebounding,1,752,254,28054,97.16,sam2,3.162,2369.152,42.306
4053,rebounding,1,,,,,null,,,
4054,rebounding,1,,,,,null,,,
4055,rebounding,1,,,,,null,,,
4056,rebounding,1,753,252,28314,98.06,sam2,2.236,1675.243,29.915
4057,rebounding,1,,,,,null,,,
4058,rebounding,1,,,,,null,,,
4059,rebounding,1,,,,,null,,,
4060,rebounding,1,754,251,28478,98.63,sam2,1.414,1059.517,18.92
4061,rebounding,1,,,,,null,,,
4062,rebounding,1,,,,,null,,,
4063,rebounding,1,,,,,null,,,
4064,rebounding,1,755,251,28570,98.95,sam2,1.0,749.192,13.378
4065,rebounding,1,,,,,null,,,
4066,rebounding,1,,,,,null,,,
4067,rebounding,1,,,,,null,,,
4068,rebounding,1,755,252,28373,98.27,sam2,1.0,749.192,13.378
4069,rebounding,1,,,,,null,,,
4070,rebounding,1,,,,,null,,,
4071,rebounding,1,,,,,null,,,
4072,rebounding,1,755,253,28044,97.13,sam2,1.0,749.192,13.378
4073,rebounding,1,,,,,null,,,
4074,rebounding,1,,,,,null,,,
4075,rebounding,1,,,,,null,,,
4076,rebounding,1,755,255,27643,95.74,sam2,2.0,1498.383,26.757
4077,rebounding,1,,,,,null,,,
4078,rebounding,1,,,,,null,,,
4079,rebounding,1,,,,,null,,,
4080,rebounding,1,754,257,27370,94.79,sam2,2.236,1675.243,29.915
4081,rebounding,1,,,,,null,,,
4082,rebounding,1,,,,,null,,,
4083,rebounding,1,,,,,null,,,
4084,rebounding,1,754,259,27107,93.88,sam2,2.0,1498.383,26.757
4085,rebounding,1,,,,,null,,,
4086,rebounding,1,,,,,null,,,
4087,rebounding,1,,,,,null,,,
4088,rebounding,1,754,265,29535,102.29,sam2,6.0,4495.15,80.271
4089,rebounding,1,,,,,null,,,
4090,rebounding,1,,,,,null,,,
4091,rebounding,1,,,,,null,,,
4092,rebounding,1,753,264,29047,100.6,sam2,1.414,1059.517,18.92
4093,rebounding,1,,,,,null,,,
4094,rebounding,1,,,,,null,,,
4095,rebounding,1,,,,,null,,,
4096,rebounding,1,752,260,27283,94.49,sam2,4.123,3088.996,55.161
4097,rebounding,1,,,,,null,,,
4098,rebounding,1,,,,,null,,,
4099,rebounding,1,,,,,null,,,
4100,rebounding,1,752,258,27616,95.65,sam2,2.0,1498.383,26.757
4101,rebounding,1,,,,,null,,,
4102,rebounding,1,,,,,null,,,
4103,rebounding,1,,,,,null,,,
4104,rebounding,1,751,256,27988,96.93,sam2,2.236,1675.243,29.915
4105,rebounding,1,,,,,null,,,
4106,rebounding,1,,,,,null,,,
4107,rebounding,1,,,,,null,,,
4108,rebounding,1,750,254,28543,98.86,sam2,2.236,1675.243,29.915
4109,rebounding,1,,,,,null,,,
4110,rebounding,1,,,,,null,,,
4111,rebounding,1,,,,,null,,,
4112,rebounding,1,749,253,29016,100.5,sam2,1.414,1059.517,18.92
4113,rebounding,1,,,,,null,,,
4114,rebounding,1,,,,,null,,,
4115,rebounding,1,,,,,null,,,
4116,rebounding,1,749,252,29258,101.33,sam2,1.0,749.192,13.378
4117,rebounding,1,,,,,null,,,
4118,rebounding,1,,,,,null,,,
4119,rebounding,1,,,,,null,,,
4120,rebounding,1,748,252,29328,101.58,sam2,1.0,749.192,13.378
4121,rebounding,1,,,,,null,,,
4122,rebounding,1,,,,,null,,,
4123,rebounding,1,,,,,null,,,
4124,rebounding,1,748,252,29123,100.87,sam2,0.0,0.0,0.0
4125,rebounding,1,,,,,null,,,
4126,rebounding,1,,,,,null,,,
4127,rebounding,1,,,,,null,,,
4128,rebounding,1,748,253,28887,100.05,sam2,1.0,749.192,13.378
4129,rebounding,1,,,,,null,,,
4130,rebounding,1,,,,,null,,,
4131,rebounding,1,,,,,null,,,
4132,rebounding,1,748,255,28379,98.29,sam2,2.0,1498.383,26.757
4133,rebounding,1,,,,,null,,,
4134,rebounding,1,,,,,null,,,
4135,rebounding,1,,,,,null,,,
4136,rebounding,1,748,257,27557,95.44,sam2,2.0,1498.383,26.757
4137,rebounding,1,,,,,null,,,
4138,rebounding,1,,,,,null,,,
4139,rebounding,1,,,,,null,,,
4140,rebounding,1,748,262,29249,101.3,sam2,5.0,3745.958,66.892
4141,rebounding,1,,,,,null,,,
4142,rebounding,1,,,,,null,,,
4143,rebounding,1,,,,,null,,,
4144,rebounding,1,749,264,29425,101.91,sam2,2.236,1675.243,29.915
4145,rebounding,1,,,,,null,,,
4146,rebounding,1,,,,,null,,,
4147,rebounding,1,,,,,null,,,
4148,rebounding,1,750,261,26878,93.09,sam2,3.162,2369.152,42.306
4149,rebounding,1,,,,,null,,,
4150,rebounding,1,,,,,null,,,
4151,rebounding,1,,,,,null,,,
4152,rebounding,1,750,261,27140,94.0,sam2,0.0,0.0,0.0
4153,rebounding,1,,,,,null,,,
4154,rebounding,1,,,,,null,,,
4155,rebounding,1,,,,,null,,,
4156,rebounding,1,751,263,29671,102.76,sam2,2.236,1675.243,29.915
4157,rebounding,1,,,,,null,,,
4158,rebounding,1,,,,,null,,,
4159,rebounding,1,,,,,null,,,
4160,rebounding,1,751,258,27565,95.47,sam2,5.0,3745.958,66.892
4161,rebounding,1,,,,,null,,,
4162,rebounding,1,,,,,null,,,
4163,rebounding,1,,,,,null,,,
4164,rebounding,1,752,255,27716,95.99,sam2,3.162,2369.152,42.306
4165,rebounding,1,,,,,null,,,
4166,rebounding,1,,,,,null,,,
4167,rebounding,1,,,,,null,,,
4168,rebounding,1,753,254,27973,96.88,sam2,1.414,1059.517,18.92
4169,rebounding,1,,,,,null,,,
4170,rebounding,1,,,,,null,,,
4171,rebounding,1,,,,,null,,,
4172,rebounding,1,753,252,28100,97.32,sam2,2.0,1498.383,26.757
4173,rebounding,1,,,,,null,,,
4174,rebounding,1,,,,,null,,,
4175,rebounding,1,,,,,null,,,
4176,rebounding,1,753,252,28105,97.34,sam2,0.0,0.0,0.0
4177,rebounding,1,,,,,null,,,
4178,rebounding,1,,,,,null,,,
4179,rebounding,1,,,,,null,,,
4180,rebounding,1,753,252,28284,97.96,sam2,0.0,0.0,0.0
4181,rebounding,1,,,,,null,,,
4182,rebounding,1,,,,,null,,,
4183,rebounding,1,,,,,null,,,
4184,rebounding,1,752,253,28160,97.53,sam2,1.414,1059.517,18.92
4185,rebounding,1,,,,,null,,,
4186,rebounding,1,,,,,null,,,
4187,rebounding,1,,,,,null,,,
4188,rebounding,1,752,255,27938,96.76,sam2,2.0,1498.383,26.757
4189,rebounding,1,,,,,null,,,
4190,rebounding,1,,,,,null,,,
4191,rebounding,1,,,,,null,,,
4192,rebounding,1,753,256,27458,95.1,sam2,1.414,1059.517,18.92
4193,rebounding,1,,,,,null,,,
4194,rebounding,1,,,,,null,,,
4195,rebounding,1,,,,,null,,,
4196,rebounding,1,752,258,27156,94.05,sam2,2.236,1675.243,29.915
4197,rebounding,1,,,,,null,,,
4198,rebounding,1,,,,,null,,,
4199,rebounding,1,,,,,null,,,
4200,rebounding,1,753,259,26999,93.51,sam2,1.414,1059.517,18.92
4201,rebounding,1,,,,,null,,,
4202,rebounding,1,,,,,null,,,
4203,rebounding,1,,,,,null,,,
4204,rebounding,1,753,264,29347,101.64,sam2,5.0,3745.958,66.892
4205,rebounding,1,,,,,null,,,
4206,rebounding,1,,,,,null,,,
4207,rebounding,1,,,,,null,,,
4208,rebounding,1,753,260,27263,94.42,sam2,4.0,2996.766,53.514
4209,rebounding,1,,,,,null,,,
4210,rebounding,1,,,,,null,,,
4211,rebounding,1,,,,,null,,,
4212,rebounding,1,752,258,27582,95.53,sam2,2.236,1675.243,29.915
4213,rebounding,1,,,,,null,,,
4214,rebounding,1,,,,,null,,,
4215,rebounding,1,,,,,null,,,
4216,rebounding,1,752,257,27692,95.91,sam2,1.0,749.192,13.378
4217,rebounding,1,,,,,null,,,
4218,rebounding,1,,,,,null,,,
4219,rebounding,1,,,,,null,,,
4220,rebounding,1,751,255,28007,97.0,sam2,2.236,1675.243,29.915
4221,rebounding,1,,,,,null,,,
4222,rebounding,1,,,,,null,,,
4223,rebounding,1,,,,,null,,,
4224,rebounding,1,750,254,28330,98.12,sam2,1.414,1059.517,18.92
4225,rebounding,1,,,,,null,,,
4226,rebounding,1,,,,,null,,,
4227,rebounding,1,,,,,null,,,
4228,rebounding,1,750,253,28705,99.42,sam2,1.0,749.192,13.378
4229,rebounding,1,,,,,null,,,
4230,rebounding,1,,,,,null,,,
4231,rebounding,1,,,,,null,,,
4232,rebounding,1,750,253,29159,100.99,sam2,0.0,0.0,0.0
4233,rebounding,1,,,,,null,,,
4234,rebounding,1,,,,,null,,,
4235,rebounding,1,,,,,null,,,
4236,rebounding,1,749,253,29195,101.12,sam2,1.0,749.192,13.378
4237,rebounding,1,,,,,null,,,
4238,rebounding,1,,,,,null,,,
4239,rebounding,1,,,,,null,,,
4240,rebounding,1,749,254,29149,100.96,sam2,1.0,749.192,13.378
4241,rebounding,1,,,,,null,,,
4242,rebounding,1,,,,,null,,,
4243,rebounding,1,,,,,null,,,
4244,rebounding,1,749,255,28629,99.15,sam2,1.0,749.192,13.378
4245,rebounding,1,,,,,null,,,
4246,rebounding,1,,,,,null,,,
4247,rebounding,1,,,,,null,,,
4248,rebounding,1,749,259,30002,103.91,sam2,4.0,2996.766,53.514
4249,rebounding,1,,,,,null,,,
4250,rebounding,1,,,,,null,,,
4251,rebounding,1,,,,,null,,,
4252,rebounding,1,750,261,29574,102.43,sam2,2.236,1675.243,29.915
4253,rebounding,1,,,,,null,,,
4254,rebounding,1,,,,,null,,,
4255,rebounding,1,,,,,null,,,
4256,rebounding,1,750,258,27360,94.76,sam2,3.0,2247.575,40.135
4257,rebounding,1,,,,,null,,,
4258,rebounding,1,,,,,null,,,
4259,rebounding,1,,,,,null,,,
4260,rebounding,1,750,259,27255,94.4,sam2,1.0,749.192,13.378
4261,rebounding,1,,,,,null,,,
4262,rebounding,1,,,,,null,,,
4263,rebounding,1,,,,,null,,,
4264,rebounding,1,751,259,27304,94.57,sam2,1.0,749.192,13.378
4265,rebounding,1,,,,,null,,,
4266,rebounding,1,,,,,null,,,
4267,rebounding,1,,,,,null,,,
4268,rebounding,1,752,259,27398,94.89,sam2,1.0,749.192,13.378
4269,rebounding,1,,,,,null,,,
4270,rebounding,1,,,,,null,,,
4271,rebounding,1,,,,,null,,,
4272,rebounding,1,753,258,27506,95.27,sam2,1.414,1059.517,18.92
4273,rebounding,1,,,,,null,,,
4274,rebounding,1,,,,,null,,,
4275,rebounding,1,,,,,null,,,
4276,rebounding,1,753,257,27477,95.17,sam2,1.0,749.192,13.378
4277,rebounding,1,,,,,null,,,
4278,rebounding,1,,,,,null,,,
4279,rebounding,1,,,,,null,,,
4280,rebounding,1,752,255,27621,95.66,sam2,2.236,1675.243,29.915
4281,rebounding,1,,,,,null,,,
4282,rebounding,1,,,,,null,,,
4283,rebounding,1,,,,,null,,,
4284,rebounding,1,752,254,27840,96.42,sam2,1.0,749.192,13.378
4285,rebounding,1,,,,,null,,,
4286,rebounding,1,,,,,null,,,
4287,rebounding,1,,,,,null,,,
4288,rebounding,1,751,254,27992,96.95,sam2,1.0,749.192,13.378
4289,rebounding,1,,,,,null,,,
4290,rebounding,1,,,,,null,,,
4291,rebounding,1,,,,,null,,,
4292,rebounding,1,751,253,28063,97.19,sam2,1.0,749.192,13.378
4293,rebounding,1,,,,,null,,,
4294,rebounding,1,,,,,null,,,
4295,rebounding,1,,,,,null,,,
4296,rebounding,1,751,254,28013,97.02,sam2,1.0,749.192,13.378
4297,rebounding,1,,,,,null,,,
4298,rebounding,1,,,,,null,,,
4299,rebounding,1,,,,,null,,,
4300,rebounding,1,751,254,27789,96.25,sam2,0.0,0.0,0.0
4301,rebounding,1,,,,,null,,,
4302,rebounding,1,,,,,null,,,
4303,rebounding,1,,,,,null,,,
4304,rebounding,1,751,256,27620,95.66,sam2,2.0,1498.383,26.757
4305,rebounding,1,,,,,null,,,
4306,rebounding,1,,,,,null,,,
4307,rebounding,1,,,,,null,,,
4308,rebounding,1,751,257,27345,94.71,sam2,1.0,749.192,13.378
4309,rebounding,1,,,,,null,,,
4310,rebounding,1,,,,,null,,,
4311,rebounding,1,,,,,null,,,
4312,rebounding,1,752,258,27342,94.7,sam2,1.414,1059.517,18.92
4313,rebounding,1,,,,,null,,,
4314,rebounding,1,,,,,null,,,
4315,rebounding,1,,,,,null,,,
4316,rebounding,1,752,258,27228,94.3,sam2,0.0,0.0,0.0
4317,rebounding,1,,,,,null,,,
4318,rebounding,1,,,,,null,,,
4319,rebounding,1,,,,,null,,,
4320,rebounding,1,753,259,27422,94.97,sam2,1.414,1059.517,18.92
4321,rebounding,1,,,,,null,,,
4322,rebounding,1,,,,,null,,,
4323,rebounding,1,,,,,null,,,
4324,rebounding,1,752,258,27365,94.78,sam2,1.414,1059.517,18.92
4325,rebounding,1,,,,,null,,,
4326,rebounding,1,,,,,null,,,
4327,rebounding,1,,,,,null,,,
4328,rebounding,1,752,258,27541,95.39,sam2,0.0,0.0,0.0
4329,rebounding,1,,,,,null,,,
4330,rebounding,1,,,,,null,,,
4331,rebounding,1,,,,,null,,,
4332,rebounding,1,751,257,27638,95.72,sam2,1.414,1059.517,18.92
4333,rebounding,1,,,,,null,,,
4334,rebounding,1,,,,,null,,,
4335,rebounding,1,,,,,null,,,
4336,rebounding,1,751,256,27822,96.36,sam2,1.0,749.192,13.378
4337,rebounding,1,,,,,null,,,
4338,rebounding,1,,,,,null,,,
4339,rebounding,1,,,,,null,,,
4340,rebounding,1,750,255,28126,97.41,sam2,1.414,1059.517,18.92
4341,rebounding,1,,,,,null,,,
4342,rebounding,1,,,,,null,,,
4343,rebounding,1,,,,,null,,,
4344,rebounding,1,750,255,28789,99.71,sam2,0.0,0.0,0.0
4345,rebounding,1,,,,,null,,,
4346,rebounding,1,,,,,null,,,
4347,rebounding,1,,,,,null,,,
4348,rebounding,1,750,254,28910,100.13,sam2,1.0,749.192,13.378
4349,rebounding,1,,,,,null,,,
4350,rebounding,1,,,,,null,,,
4351,rebounding,1,,,,,null,,,
4352,rebounding,1,750,254,28948,100.26,sam2,0.0,0.0,0.0
4353,rebounding,1,,,,,null,,,
4354,rebounding,1,,,,,null,,,
4355,rebounding,1,,,,,null,,,
4356,rebounding,1,750,254,28750,99.57,sam2,0.0,0.0,0.0
4357,rebounding,1,,,,,null,,,
4358,rebounding,1,,,,,null,,,
4359,rebounding,1,,,,,null,,,
4360,rebounding,1,750,255,28337,98.14,sam2,1.0,749.192,13.378
4361,rebounding,1,,,,,null,,,
4362,rebounding,1,,,,,null,,,
4363,rebounding,1,,,,,null,,,
4364,rebounding,1,750,255,27883,96.57,sam2,0.0,0.0,0.0
4365,rebounding,1,,,,,null,,,
4366,rebounding,1,,,,,null,,,
4367,rebounding,1,,,,,null,,,
4368,rebounding,1,751,256,27716,95.99,sam2,1.414,1059.517,18.92
4369,rebounding,1,,,,,null,,,
4370,rebounding,1,,,,,null,,,
4371,rebounding,1,,,,,null,,,
4372,rebounding,1,752,260,29333,101.59,sam2,4.123,3088.996,55.161
4373,rebounding,1,,,,,null,,,
4374,rebounding,1,,,,,null,,,
4375,rebounding,1,,,,,null,,,
4376,rebounding,1,752,262,29571,102.42,sam2,2.0,1498.383,26.757
4377,rebounding,1,,,,,null,,,
4378,rebounding,1,,,,,null,,,
4379,rebounding,1,,,,,null,,,
4380,rebounding,1,752,262,29589,102.48,sam2,0.0,0.0,0.0
4381,rebounding,1,,,,,null,,,
4382,rebounding,1,,,,,null,,,
4383,rebounding,1,,,,,null,,,
4384,rebounding,1,753,258,27366,94.78,sam2,4.123,3088.996,55.161
4385,rebounding,1,,,,,null,,,
4386,rebounding,1,,,,,null,,,
4387,rebounding,1,,,,,null,,,
4388,rebounding,1,753,258,27523,95.32,sam2,0.0,0.0,0.0
4389,rebounding,1,,,,,null,,,
4390,rebounding,1,,,,,null,,,
4391,rebounding,1,,,,,null,,,
4392,rebounding,1,752,257,27599,95.59,sam2,1.414,1059.517,18.92
4393,rebounding,1,,,,,null,,,
4394,rebounding,1,,,,,null,,,
4395,rebounding,1,,,,,null,,,
4396,rebounding,1,752,257,27837,96.41,sam2,0.0,0.0,0.0
4397,rebounding,1,,,,,null,,,
4398,rebounding,1,,,,,null,,,
4399,rebounding,1,,,,,null,,,
4400,rebounding,1,751,255,27956,96.82,sam2,2.236,1675.243,29.915
4401,rebounding,1,,,,,null,,,
4402,rebounding,1,,,,,null,,,
4403,rebounding,1,,,,,null,,,
4404,rebounding,1,751,255,28097,97.31,sam2,0.0,0.0,0.0
4405,rebounding,1,,,,,null,,,
4406,rebounding,1,,,,,null,,,
4407,rebounding,1,,,,,null,,,
4408,rebounding,1,751,254,28020,97.05,sam2,1.0,749.192,13.378
4409,rebounding,1,,,,,null,,,
4410,rebounding,1,,,,,null,,,
4411,rebounding,1,,,,,null,,,
4412,rebounding,1,751,254,28070,97.22,sam2,0.0,0.0,0.0
4413,rebounding,1,,,,,null,,,
4414,rebounding,1,,,,,null,,,
4415,rebounding,1,,,,,null,,,
4416,rebounding,1,751,255,27862,96.5,sam2,1.0,749.192,13.378
4417,rebounding,1,,,,,null,,,
4418,rebounding,1,,,,,null,,,
4419,rebounding,1,,,,,null,,,
4420,rebounding,1,752,255,27780,96.21,sam2,1.0,749.192,13.378
4421,rebounding,1,,,,,null,,,
4422,rebounding,1,,,,,null,,,
4423,rebounding,1,,,,,null,,,
4424,rebounding,1,752,257,27575,95.5,sam2,2.0,1498.383,26.757
4425,rebounding,1,,,,,null,,,
4426,rebounding,1,,,,,null,,,
4427,rebounding,1,,,,,null,,,
4428,rebounding,1,752,257,27428,95.0,sam2,0.0,0.0,0.0
4429,rebounding,1,,,,,null,,,
4430,rebounding,1,,,,,null,,,
4431,rebounding,1,,,,,null,,,
4432,rebounding,1,752,258,27486,95.2,sam2,1.0,749.192,13.378
4433,rebounding,1,,,,,null,,,
4434,rebounding,1,,,,,null,,,
4435,rebounding,1,,,,,null,,,
4436,rebounding,1,751,259,27488,95.2,sam2,1.414,1059.517,18.92
4437,rebounding,1,,,,,null,,,
4438,rebounding,1,,,,,null,,,
4439,rebounding,1,,,,,null,,,
4440,rebounding,1,751,259,27376,94.82,sam2,0.0,0.0,0.0
4441,rebounding,1,,,,,null,,,
4442,rebounding,1,,,,,null,,,
4443,rebounding,1,,,,,null,,,
4444,rebounding,1,751,261,29408,101.85,sam2,2.0,1498.383,26.757
4445,rebounding,1,,,,,null,,,
4446,rebounding,1,,,,,null,,,
4447,rebounding,1,,,,,null,,,
4448,rebounding,1,750,257,27555,95.44,sam2,4.123,3088.996,55.161
4449,rebounding,1,,,,,null,,,
4450,rebounding,1,,,,,null,,,
4451,rebounding,1,,,,,null,,,
4452,rebounding,1,749,256,27804,96.3,sam2,1.414,1059.517,18.92
4453,rebounding,1,,,,,null,,,
4454,rebounding,1,,,,,null,,,
4455,rebounding,1,,,,,null,,,
4456,rebounding,1,749,256,28238,97.8,sam2,0.0,0.0,0.0
4457,rebounding,1,,,,,null,,,
4458,rebounding,1,,,,,null,,,
4459,rebounding,1,,,,,null,,,
4460,rebounding,1,749,255,28713,99.45,sam2,1.0,749.192,13.378
4461,rebounding,1,,,,,null,,,
4462,rebounding,1,,,,,null,,,
4463,rebounding,1,,,,,null,,,
4464,rebounding,1,750,254,28935,100.21,sam2,1.414,1059.517,18.92
4465,rebounding,1,,,,,null,,,
4466,rebounding,1,,,,,null,,,
4467,rebounding,1,,,,,null,,,
4468,rebounding,1,750,254,29012,100.48,sam2,0.0,0.0,0.0
4469,rebounding,1,,,,,null,,,
4470,rebounding,1,,,,,null,,,
4471,rebounding,1,,,,,null,,,
4472,rebounding,1,750,254,28641,99.2,sam2,0.0,0.0,0.0
4473,rebounding,1,,,,,null,,,
4474,rebounding,1,,,,,null,,,
4475,rebounding,1,,,,,null,,,
4476,rebounding,1,750,254,28389,98.32,sam2,0.0,0.0,0.0
4477,rebounding,1,,,,,null,,,
4478,rebounding,1,,,,,null,,,
4479,rebounding,1,,,,,null,,,
4480,rebounding,1,751,255,28059,97.18,sam2,1.414,1059.517,18.92
4481,rebounding,1,,,,,null,,,
4482,rebounding,1,,,,,null,,,
4483,rebounding,1,,,,,null,,,
4484,rebounding,1,752,256,27791,96.25,sam2,1.414,1059.517,18.92
4485,rebounding,1,,,,,null,,,
4486,rebounding,1,,,,,null,,,
4487,rebounding,1,,,,,null,,,
4488,rebounding,1,752,260,29433,101.94,sam2,4.0,2996.766,53.514
4489,rebounding,1,,,,,null,,,
4490,rebounding,1,,,,,null,,,
4491,rebounding,1,,,,,null,,,
4492,rebounding,1,752,258,27341,94.69,sam2,2.0,1498.383,26.757
4493,rebounding,1,,,,,null,,,
4494,rebounding,1,,,,,null,,,
4495,rebounding,1,,,,,null,,,
4496,rebounding,1,753,258,27245,94.36,sam2,1.0,749.192,13.378
4497,rebounding,1,,,,,null,,,
4498,rebounding,1,,,,,null,,,
4499,rebounding,1,,,,,null,,,
4500,rebounding,1,753,262,29339,101.61,sam2,4.0,2996.766,53.514
4501,rebounding,1,,,,,null,,,
4502,rebounding,1,,,,,null,,,
4503,rebounding,1,,,,,null,,,
4504,rebounding,1,753,261,29492,102.14,sam2,1.0,749.192,13.378
4505,rebounding,1,,,,,null,,,
4506,rebounding,1,,,,,null,,,
4507,rebounding,1,,,,,null,,,
4508,rebounding,1,752,257,27629,95.69,sam2,4.123,3088.996,55.161
4509,rebounding,1,,,,,null,,,
4510,rebounding,1,,,,,null,,,
4511,rebounding,1,,,,,null,,,
4512,rebounding,1,752,256,27858,96.48,sam2,1.0,749.192,13.378
4513,rebounding,1,,,,,null,,,
4514,rebounding,1,,,,,null,,,
4515,rebounding,1,,,,,null,,,
4516,rebounding,1,752,255,28042,97.12,sam2,1.0,749.192,13.378
4517,rebounding,1,,,,,null,,,
4518,rebounding,1,,,,,null,,,
4519,rebounding,1,,,,,null,,,
4520,rebounding,1,752,254,28245,97.82,sam2,1.0,749.192,13.378
4521,rebounding,1,,,,,null,,,
4522,rebounding,1,,,,,null,,,
4523,rebounding,1,,,,,null,,,
4524,rebounding,1,752,254,28178,97.59,sam2,0.0,0.0,0.0
4525,rebounding,1,,,,,null,,,
4526,rebounding,1,,,,,null,,,
4527,rebounding,1,,,,,null,,,
4528,rebounding,1,752,254,28170,97.57,sam2,0.0,0.0,0.0
4529,rebounding,1,,,,,null,,,
4530,rebounding,1,,,,,null,,,
4531,rebounding,1,,,,,null,,,
4532,rebounding,1,752,254,27923,96.71,sam2,0.0,0.0,0.0
4533,rebounding,1,,,,,null,,,
4534,rebounding,1,,,,,null,,,
4535,rebounding,1,,,,,null,,,
4536,rebounding,1,752,255,27745,96.09,sam2,1.0,749.192,13.378
4537,rebounding,1,,,,,null,,,
4538,rebounding,1,,,,,null,,,
4539,rebounding,1,,,,,null,,,
4540,rebounding,1,751,256,27464,95.12,sam2,1.414,1059.517,18.92
4541,rebounding,1,,,,,null,,,
4542,rebounding,1,,,,,null,,,
4543,rebounding,1,,,,,null,,,
4544,rebounding,1,751,258,27466,95.13,sam2,2.0,1498.383,26.757
4545,rebounding,1,,,,,null,,,
4546,rebounding,1,,,,,null,,,
4547,rebounding,1,,,,,null,,,
4548,rebounding,1,751,258,27169,94.1,sam2,0.0,0.0,0.0
4549,rebounding,1,,,,,null,,,
4550,rebounding,1,,,,,null,,,
4551,rebounding,1,,,,,null,,,
4552,rebounding,1,750,259,27235,94.33,sam2,1.414,1059.517,18.92
4553,rebounding,1,,,,,null,,,
4554,rebounding,1,,,,,null,,,
4555,rebounding,1,,,,,null,,,
4556,rebounding,1,750,262,29504,102.19,sam2,3.0,2247.575,40.135
4557,rebounding,1,,,,,null,,,
4558,rebounding,1,,,,,null,,,
4559,rebounding,1,,,,,null,,,
4560,rebounding,1,749,261,29395,101.81,sam2,1.414,1059.517,18.92
4561,rebounding,1,,,,,null,,,
4562,rebounding,1,,,,,null,,,
4563,rebounding,1,,,,,null,,,
4564,rebounding,1,749,257,27666,95.82,sam2,4.0,2996.766,53.514
4565,rebounding,1,,,,,null,,,
4566,rebounding,1,,,,,null,,,
4567,rebounding,1,,,,,null,,,
4568,rebounding,1,749,256,27895,96.61,sam2,1.0,749.192,13.378
4569,rebounding,1,,,,,null,,,
4570,rebounding,1,,,,,null,,,
4571,rebounding,1,,,,,null,,,
4572,rebounding,1,749,255,28262,97.88,sam2,1.0,749.192,13.378
4573,rebounding,1,,,,,null,,,
4574,rebounding,1,,,,,null,,,
4575,rebounding,1,,,,,null,,,
4576,rebounding,1,749,255,28740,99.54,sam2,0.0,0.0,0.0
4577,rebounding,1,,,,,null,,,
4578,rebounding,1,,,,,null,,,
4579,rebounding,1,,,,,null,,,
4580,rebounding,1,749,254,28880,100.02,sam2,1.0,749.192,13.378
4581,rebounding,1,,,,,null,,,
4582,rebounding,1,,,,,null,,,
4583,rebounding,1,,,,,null,,,
4584,rebounding,1,750,254,28652,99.23,sam2,1.0,749.192,13.378
4585,rebounding,1,,,,,null,,,
4586,rebounding,1,,,,,null,,,
4587,rebounding,1,,,,,null,,,
4588,rebounding,1,750,254,28422,98.44,sam2,0.0,0.0,0.0
4589,rebounding,1,,,,,null,,,
4590,rebounding,1,,,,,null,,,
4591,rebounding,1,,,,,null,,,
4592,rebounding,1,751,254,28147,97.49,sam2,1.0,749.192,13.378
4593,rebounding,1,,,,,null,,,
4594,rebounding,1,,,,,null,,,
4595,rebounding,1,,,,,null,,,
4596,rebounding,1,752,255,27789,96.25,sam2,1.414,1059.517,18.92
4597,rebounding,1,,,,,null,,,
4598,rebounding,1,,,,,null,,,
4599,rebounding,1,,,,,null,,,
4600,rebounding,1,752,256,27607,95.62,sam2,1.0,749.192,13.378
4601,rebounding,1,,,,,null,,,
4602,rebounding,1,,,,,null,,,
4603,rebounding,1,,,,,null,,,
4604,rebounding,1,752,257,27438,95.03,sam2,1.0,749.192,13.378
4605,rebounding,1,,,,,null,,,
4606,rebounding,1,,,,,null,,,
4607,rebounding,1,,,,,null,,,
4608,rebounding,1,753,258,27318,94.61,sam2,1.414,1059.517,18.92
4609,rebounding,1,,,,,null,,,
4610,rebounding,1,,,,,null,,,
4611,rebounding,1,,,,,null,,,
4612,rebounding,1,753,262,29345,101.63,sam2,4.0,2996.766,53.514
4613,rebounding,1,,,,,null,,,
4614,rebounding,1,,,,,null,,,
4615,rebounding,1,,,,,null,,,
4616,rebounding,1,753,258,27294,94.53,sam2,4.0,2996.766,53.514
4617,rebounding,1,,,,,null,,,
4618,rebounding,1,,,,,null,,,
4619,rebounding,1,,,,,null,,,
4620,rebounding,1,753,257,27532,95.36,sam2,1.0,749.192,13.378
4621,rebounding,1,,,,,null,,,
4622,rebounding,1,,,,,null,,,
4623,rebounding,1,,,,,null,,,
4624,rebounding,1,753,256,27738,96.07,sam2,1.0,749.192,13.378
4625,rebounding,1,,,,,null,,,
4626,rebounding,1,,,,,null,,,
4627,rebounding,1,,,,,null,,,
4628,rebounding,1,753,255,27924,96.71,sam2,1.0,749.192,13.378
4629,rebounding,1,,,,,null,,,
4630,rebounding,1,,,,,null,,,
4631,rebounding,1,,,,,null,,,
4632,rebounding,1,753,254,28114,97.37,sam2,1.0,749.192,13.378
4633,rebounding,1,,,,,null,,,
4634,rebounding,1,,,,,null,,,
4635,rebounding,1,,,,,null,,,
4636,rebounding,1,753,254,28231,97.78,sam2,0.0,0.0,0.0
4637,rebounding,1,,,,,null,,,
4638,rebounding,1,,,,,null,,,
4639,rebounding,1,,,,,null,,,
4640,rebounding,1,752,253,28011,97.01,sam2,1.414,1059.517,18.92
4641,rebounding,1,,,,,null,,,
4642,rebounding,1,,,,,null,,,
4643,rebounding,1,,,,,null,,,
4644,rebounding,1,752,254,27964,96.85,sam2,1.0,749.192,13.378
4645,rebounding,1,,,,,null,,,
4646,rebounding,1,,,,,null,,,
4647,rebounding,1,,,,,null,,,
4648,rebounding,1,751,255,27926,96.72,sam2,1.414,1059.517,18.92
4649,rebounding,1,,,,,null,,,
4650,rebounding,1,,,,,null,,,
4651,rebounding,1,,,,,null,,,
4652,rebounding,1,751,255,27525,95.33,sam2,0.0,0.0,0.0
4653,rebounding,1,,,,,null,,,
4654,rebounding,1,,,,,null,,,
4655,rebounding,1,,,,,null,,,
4656,rebounding,1,751,257,27494,95.22,sam2,2.0,1498.383,26.757
4657,rebounding,1,,,,,null,,,
4658,rebounding,1,,,,,null,,,
4659,rebounding,1,,,,,null,,,
4660,rebounding,1,750,261,29608,102.55,sam2,4.123,3088.996,55.161
4661,rebounding,1,,,,,null,,,
4662,rebounding,1,,,,,null,,,
4663,rebounding,1,,,,,null,,,
4664,rebounding,1,750,262,29291,101.45,sam2,1.0,749.192,13.378
4665,rebounding,1,,,,,null,,,
4666,rebounding,1,,,,,null,,,
4667,rebounding,1,,,,,null,,,
4668,rebounding,1,750,262,29394,101.8,sam2,0.0,0.0,0.0
4669,rebounding,1,,,,,null,,,
4670,rebounding,1,,,,,null,,,
4671,rebounding,1,,,,,null,,,
4672,rebounding,1,749,262,29537,102.3,sam2,1.0,749.192,13.378
4673,rebounding,1,,,,,null,,,
4674,rebounding,1,,,,,null,,,
4675,rebounding,1,,,,,null,,,
4676,rebounding,1,749,261,29781,103.14,sam2,1.0,749.192,13.378
4677,rebounding,1,,,,,null,,,
4678,rebounding,1,,,,,null,,,
4679,rebounding,1,,,,,null,,,
4680,rebounding,1,749,257,27892,96.6,sam2,4.0,2996.766,53.514
4681,rebounding,1,,,,,null,,,
4682,rebounding,1,,,,,null,,,
4683,rebounding,1,,,,,null,,,
4684,rebounding,1,749,256,28246,97.83,sam2,1.0,749.192,13.378
4685,rebounding,1,,,,,null,,,
4686,rebounding,1,,,,,null,,,
4687,rebounding,1,,,,,null,,,
4688,rebounding,1,749,255,28490,98.67,sam2,1.0,749.192,13.378
4689,rebounding,1,,,,,null,,,
4690,rebounding,1,,,,,null,,,
4691,rebounding,1,,,,,null,,,
4692,rebounding,1,749,254,28614,99.1,sam2,1.0,749.192,13.378
4693,rebounding,1,,,,,null,,,
4694,rebounding,1,,,,,null,,,
4695,rebounding,1,,,,,null,,,
4696,rebounding,1,749,254,28711,99.44,sam2,0.0,0.0,0.0
4697,rebounding,1,,,,,null,,,
4698,rebounding,1,,,,,null,,,
4699,rebounding,1,,,,,null,,,
4700,rebounding,1,750,255,28524,98.79,sam2,1.414,1059.517,18.92
4701,rebounding,1,,,,,null,,,
4702,rebounding,1,,,,,null,,,
4703,rebounding,1,,,,,null,,,
4704,rebounding,1,750,255,28194,97.65,sam2,0.0,0.0,0.0
4705,rebounding,1,,,,,null,,,
4706,rebounding,1,,,,,null,,,
4707,rebounding,1,,,,,null,,,
4708,rebounding,1,751,256,28004,96.99,sam2,1.414,1059.517,18.92
4709,rebounding,1,,,,,null,,,
4710,rebounding,1,,,,,null,,,
4711,rebounding,1,,,,,null,,,
4712,rebounding,1,751,256,27648,95.76,sam2,0.0,0.0,0.0
4713,rebounding,1,,,,,null,,,
4714,rebounding,1,,,,,null,,,
4715,rebounding,1,,,,,null,,,
4716,rebounding,1,751,257,27492,95.22,sam2,1.0,749.192,13.378
4717,rebounding,1,,,,,null,,,
4718,rebounding,1,,,,,null,,,
4719,rebounding,1,,,,,null,,,
4720,rebounding,1,752,257,27292,94.52,sam2,1.0,749.192,13.378
4721,rebounding,1,,,,,null,,,
4722,rebounding,1,,,,,null,,,
4723,rebounding,1,,,,,null,,,
4724,rebounding,1,753,258,27317,94.61,sam2,1.414,1059.517,18.92
4725,rebounding,1,,,,,null,,,
4726,rebounding,1,,,,,null,,,
4727,rebounding,1,,,,,null,,,
4728,rebounding,1,753,258,27374,94.81,sam2,0.0,0.0,0.0
4729,rebounding,1,,,,,null,,,
4730,rebounding,1,,,,,null,,,
4731,rebounding,1,,,,,null,,,
4732,rebounding,1,753,257,27612,95.63,sam2,1.0,749.192,13.378
4733,rebounding,1,,,,,null,,,
4734,rebounding,1,,,,,null,,,
4735,rebounding,1,,,,,null,,,
4736,rebounding,1,754,257,27780,96.21,sam2,1.0,749.192,13.378
4737,rebounding,1,,,,,null,,,
4738,rebounding,1,,,,,null,,,
4739,rebounding,1,,,,,null,,,
4740,rebounding,1,754,256,27887,96.59,sam2,1.0,749.192,13.378
4741,rebounding,1,,,,,null,,,
4742,rebounding,1,,,,,null,,,
4743,rebounding,1,,,,,null,,,
4744,rebounding,1,753,255,27992,96.95,sam2,1.414,1059.517,18.92
4745,rebounding,1,,,,,null,,,
4746,rebounding,1,,,,,null,,,
4747,rebounding,1,,,,,null,,,
4748,rebounding,1,753,254,28125,97.41,sam2,1.0,749.192,13.378
4749,rebounding,1,,,,,null,,,
4750,rebounding,1,,,,,null,,,
4751,rebounding,1,,,,,null,,,
4752,rebounding,1,753,254,28084,97.27,sam2,0.0,0.0,0.0
4753,rebounding,1,,,,,null,,,
4754,rebounding,1,,,,,null,,,
4755,rebounding,1,,,,,null,,,
4756,rebounding,1,752,254,27965,96.86,sam2,1.0,749.192,13.378
4757,rebounding,1,,,,,null,,,
4758,rebounding,1,,,,,null,,,
4759,rebounding,1,,,,,null,,,
4760,rebounding,1,752,255,27923,96.71,sam2,1.0,749.192,13.378
4761,rebounding,1,,,,,null,,,
4762,rebounding,1,,,,,null,,,
4763,rebounding,1,,,,,null,,,
4764,rebounding,1,752,255,27753,96.12,sam2,0.0,0.0,0.0
4765,rebounding,1,,,,,null,,,
4766,rebounding,1,,,,,null,,,
4767,rebounding,1,,,,,null,,,
4768,rebounding,1,751,256,27495,95.23,sam2,1.414,1059.517,18.92
4769,rebounding,1,,,,,null,,,
4770,rebounding,1,,,,,null,,,
4771,rebounding,1,,,,,null,,,
4772,rebounding,1,750,257,27374,94.81,sam2,1.414,1059.517,18.92
4773,rebounding,1,,,,,null,,,
4774,rebounding,1,,,,,null,,,
4775,rebounding,1,,,,,null,,,
4776,rebounding,1,750,261,29592,102.49,sam2,4.0,2996.766,53.514
4777,rebounding,1,,,,,null,,,
4778,rebounding,1,,,,,null,,,
4779,rebounding,1,,,,,null,,,
4780,rebounding,1,750,261,29420,101.89,sam2,0.0,0.0,0.0
4781,rebounding,1,,,,,null,,,
4782,rebounding,1,,,,,null,,,
4783,rebounding,1,,,,,null,,,
4784,rebounding,1,750,262,29733,102.98,sam2,1.0,749.192,13.378
4785,rebounding,1,,,,,null,,,
4786,rebounding,1,,,,,null,,,
4787,rebounding,1,,,,,null,,,
4788,rebounding,1,749,258,27654,95.78,sam2,4.123,3088.996,55.161
4789,rebounding,1,,,,,null,,,
4790,rebounding,1,,,,,null,,,
4791,rebounding,1,,,,,null,,,
4792,rebounding,1,749,257,27835,96.4,sam2,1.0,749.192,13.378
4793,rebounding,1,,,,,null,,,
4794,rebounding,1,,,,,null,,,
4795,rebounding,1,,,,,null,,,
4796,rebounding,1,749,256,27978,96.9,sam2,1.0,749.192,13.378
4797,rebounding,1,,,,,null,,,
4798,rebounding,1,,,,,null,,,
4799,rebounding,1,,,,,null,,,
4800,rebounding,1,749,256,28174,97.58,sam2,0.0,0.0,0.0
4801,rebounding,1,,,,,null,,,
4802,rebounding,1,,,,,null,,,
4803,rebounding,1,,,,,null,,,
4804,rebounding,1,749,255,28241,97.81,sam2,1.0,749.192,13.378
4805,rebounding,1,,,,,null,,,
4806,rebounding,1,,,,,null,,,
4807,rebounding,1,,,,,null,,,
4808,rebounding,1,749,255,28271,97.92,sam2,0.0,0.0,0.0
4809,rebounding,1,,,,,null,,,
4810,rebounding,1,,,,,null,,,
4811,rebounding,1,,,,,null,,,
4812,rebounding,1,749,255,28159,97.53,sam2,0.0,0.0,0.0
4813,rebounding,1,,,,,null,,,
4814,rebounding,1,,,,,null,,,
4815,rebounding,1,,,,,null,,,
4816,rebounding,1,749,255,28135,97.44,sam2,0.0,0.0,0.0
4817,rebounding,1,,,,,null,,,
4818,rebounding,1,,,,,null,,,
4819,rebounding,1,,,,,null,,,
4820,rebounding,1,750,255,27993,96.95,sam2,1.0,749.192,13.378
4821,rebounding,1,,,,,null,,,
4822,rebounding,1,,,,,null,,,
4823,rebounding,1,,,,,null,,,
4824,rebounding,1,750,256,27626,95.68,sam2,1.0,749.192,13.378
4825,rebounding,1,,,,,null,,,
4826,rebounding,1,,,,,null,,,
4827,rebounding,1,,,,,null,,,
4828,rebounding,1,751,260,29596,102.5,sam2,4.123,3088.996,55.161
4829,rebounding,1,,,,,null,,,
4830,rebounding,1,,,,,null,,,
4831,rebounding,1,,,,,null,,,
4832,rebounding,1,752,257,27382,94.84,sam2,3.162,2369.152,42.306
4833,rebounding,1,,,,,null,,,
4834,rebounding,1,,,,,null,,,
4835,rebounding,1,,,,,null,,,
4836,rebounding,1,752,257,27476,95.16,sam2,0.0,0.0,0.0
4837,rebounding,1,,,,,null,,,
4838,rebounding,1,,,,,null,,,
4839,rebounding,1,,,,,null,,,
4840,rebounding,1,753,257,27482,95.18,sam2,1.0,749.192,13.378
4841,rebounding,1,,,,,null,,,
4842,rebounding,1,,,,,null,,,
4843,rebounding,1,,,,,null,,,
4844,rebounding,1,753,257,27562,95.46,sam2,0.0,0.0,0.0
4845,rebounding,1,,,,,null,,,
4846,rebounding,1,,,,,null,,,
4847,rebounding,1,,,,,null,,,
4848,rebounding,1,754,257,27595,95.57,sam2,1.0,749.192,13.378
4849,rebounding,1,,,,,null,,,
4850,rebounding,1,,,,,null,,,
4851,rebounding,1,,,,,null,,,
4852,rebounding,1,753,256,27754,96.12,sam2,1.414,1059.517,18.92
4853,rebounding,1,,,,,null,,,
4854,rebounding,1,,,,,null,,,
4855,rebounding,1,,,,,null,,,
4856,rebounding,1,753,255,27748,96.1,sam2,1.0,749.192,13.378
4857,rebounding,1,,,,,null,,,
4858,rebounding,1,,,,,null,,,
4859,rebounding,1,,,,,null,,,
4860,rebounding,1,753,255,27827,96.38,sam2,0.0,0.0,0.0
4861,rebounding,1,,,,,null,,,
4862,rebounding,1,,,,,null,,,
4863,rebounding,1,,,,,null,,,
4864,rebounding,1,753,255,27980,96.91,sam2,0.0,0.0,0.0
4865,rebounding,1,,,,,null,,,
4866,rebounding,1,,,,,null,,,
4867,rebounding,1,,,,,null,,,
4868,rebounding,1,752,255,28047,97.14,sam2,1.0,749.192,13.378
4869,rebounding,1,,,,,null,,,
4870,rebounding,1,,,,,null,,,
4871,rebounding,1,,,,,null,,,
4872,rebounding,1,752,255,28012,97.02,sam2,0.0,0.0,0.0
4873,rebounding,1,,,,,null,,,
4874,rebounding,1,,,,,null,,,
4875,rebounding,1,,,,,null,,,
4876,rebounding,1,752,255,27812,96.33,sam2,0.0,0.0,0.0
4877,rebounding,1,,,,,null,,,
4878,rebounding,1,,,,,null,,,
4879,rebounding,1,,,,,null,,,
4880,rebounding,1,751,255,27662,95.81,sam2,1.0,749.192,13.378
4881,rebounding,1,,,,,null,,,
4882,rebounding,1,,,,,null,,,
4883,rebounding,1,,,,,null,,,
4884,rebounding,1,752,256,27634,95.71,sam2,1.414,1059.517,18.92
4885,rebounding,1,,,,,null,,,
4886,rebounding,1,,,,,null,,,
4887,rebounding,1,,,,,null,,,
4888,rebounding,1,751,256,27484,95.19,sam2,1.0,749.192,13.378
4889,rebounding,1,,,,,null,,,
4890,rebounding,1,,,,,null,,,
4891,rebounding,1,,,,,null,,,
4892,rebounding,1,751,257,27632,95.7,sam2,1.0,749.192,13.378
4893,rebounding,1,,,,,null,,,
4894,rebounding,1,,,,,null,,,
4895,rebounding,1,,,,,null,,,
4896,rebounding,1,751,257,27522,95.32,sam2,0.0,0.0,0.0
4897,rebounding,1,,,,,null,,,
4898,rebounding,1,,,,,null,,,
4899,rebounding,1,,,,,null,,,
4900,rebounding,1,750,257,27485,95.19,sam2,1.0,749.192,13.378
4901,rebounding,1,,,,,null,,,
4902,rebounding,1,,,,,null,,,
4903,rebounding,1,,,,,null,,,
4904,rebounding,1,750,257,27626,95.68,sam2,0.0,0.0,0.0
4905,rebounding,1,,,,,null,,,
4906,rebounding,1,,,,,null,,,
4907,rebounding,1,,,,,null,,,
4908,rebounding,1,750,260,29550,102.34,sam2,3.0,2247.575,40.135
4909,rebounding,1,,,,,null,,,
4910,rebounding,1,,,,,null,,,
4911,rebounding,1,,,,,null,,,
4912,rebounding,1,749,259,29435,101.95,sam2,1.414,1059.517,18.92
4913,rebounding,1,,,,,null,,,
4914,rebounding,1,,,,,null,,,
4915,rebounding,1,,,,,null,,,
4916,rebounding,1,748,256,27826,96.37,sam2,3.162,2369.152,42.306
4917,rebounding,1,,,,,null,,,
4918,rebounding,1,,,,,null,,,
4919,rebounding,1,,,,,null,,,
4920,rebounding,1,749,259,30067,104.14,sam2,3.162,2369.152,42.306
4921,rebounding,1,,,,,null,,,
4922,rebounding,1,,,,,null,,,
4923,rebounding,1,,,,,null,,,
4924,rebounding,1,749,255,28096,97.31,sam2,4.0,2996.766,53.514
4925,rebounding,1,,,,,null,,,
4926,rebounding,1,,,,,null,,,
4927,rebounding,1,,,,,null,,,
4928,rebounding,1,749,255,28157,97.52,sam2,0.0,0.0,0.0
4929,rebounding,1,,,,,null,,,
4930,rebounding,1,,,,,null,,,
4931,rebounding,1,,,,,null,,,
4932,rebounding,1,749,255,28089,97.28,sam2,0.0,0.0,0.0
4933,rebounding,1,,,,,null,,,
4934,rebounding,1,,,,,null,,,
4935,rebounding,1,,,,,null,,,
4936,rebounding,1,749,256,28021,97.05,sam2,1.0,749.192,13.378
4937,rebounding,1,,,,,null,,,
4938,rebounding,1,,,,,null,,,
4939,rebounding,1,,,,,null,,,
4940,rebounding,1,750,256,27755,96.13,sam2,1.0,749.192,13.378
4941,rebounding,1,,,,,null,,,
4942,rebounding,1,,,,,null,,,
4943,rebounding,1,,,,,null,,,
4944,rebounding,1,751,256,27839,96.42,sam2,1.0,749.192,13.378
4945,rebounding,1,,,,,null,,,
4946,rebounding,1,,,,,null,,,
4947,rebounding,1,,,,,null,,,
4948,rebounding,1,752,257,27618,95.65,sam2,1.414,1059.517,18.92
4949,rebounding,1,,,,,null,,,
4950,rebounding,1,,,,,null,,,
4951,rebounding,1,,,,,null,,,
4952,rebounding,1,753,260,29398,101.82,sam2,3.162,2369.152,42.306
4953,rebounding,1,,,,,null,,,
4954,rebounding,1,,,,,null,,,
4955,rebounding,1,,,,,null,,,
4956,rebounding,1,752,257,27502,95.25,sam2,3.162,2369.152,42.306
4957,rebounding,1,,,,,null,,,
4958,rebounding,1,,,,,null,,,
4959,rebounding,1,,,,,null,,,
4960,rebounding,1,753,257,27591,95.56,sam2,1.0,749.192,13.378
4961,rebounding,1,,,,,null,,,
4962,rebounding,1,,,,,null,,,
4963,rebounding,1,,,,,null,,,
4964,rebounding,1,753,257,27659,95.8,sam2,0.0,0.0,0.0
4965,rebounding,1,,,,,null,,,
4966,rebounding,1,,,,,null,,,
4967,rebounding,1,,,,,null,,,
4968,rebounding,1,753,256,27732,96.05,sam2,1.0,749.192,13.378
4969,rebounding,1,,,,,null,,,
4970,rebounding,1,,,,,null,,,
4971,rebounding,1,,,,,null,,,
4972,rebounding,1,753,256,27742,96.08,sam2,0.0,0.0,0.0
4973,rebounding,1,,,,,null,,,
4974,rebounding,1,,,,,null,,,
4975,rebounding,1,,,,,null,,,
4976,rebounding,1,753,256,27983,96.92,sam2,0.0,0.0,0.0
4977,rebounding,1,,,,,null,,,
4978,rebounding,1,,,,,null,,,
4979,rebounding,1,,,,,null,,,
4980,rebounding,1,753,255,27834,96.4,sam2,1.0,749.192,13.378
4981,rebounding,1,,,,,null,,,
4982,rebounding,1,,,,,null,,,
4983,rebounding,1,,,,,null,,,
4984,rebounding,1,752,255,28147,97.49,sam2,1.0,749.192,13.378
4985,rebounding,1,,,,,null,,,
4986,rebounding,1,,,,,null,,,
4987,rebounding,1,,,,,null,,,
4988,rebounding,1,752,255,27992,96.95,sam2,0.0,0.0,0.0
4989,rebounding,1,,,,,null,,,
4990,rebounding,1,,,,,null,,,
4991,rebounding,1,,,,,null,,,
4992,rebounding,1,752,255,27997,96.97,sam2,0.0,0.0,0.0
4993,rebounding,1,,,,,null,,,
4994,rebounding,1,,,,,null,,,
4995,rebounding,1,,,,,null,,,
4996,rebounding,1,752,255,27825,96.37,sam2,0.0,0.0,0.0
4997,rebounding,1,,,,,null,,,
4998,rebounding,1,,,,,null,,,
4999,rebounding,1,,,,,null,,,
5000,rebounding,1,752,256,27879,96.56,sam2,1.0,749.192,13.378
5001,rebounding,1,,,,,null,,,
5002,rebounding,1,,,,,null,,,
5003,rebounding,1,,,,,null,,,
5004,rebounding,1,751,256,27734,96.06,sam2,1.0,749.192,13.378
5005,rebounding,1,,,,,null,,,
5006,rebounding,1,,,,,null,,,
5007,rebounding,1,,,,,null,,,
5008,rebounding,1,751,256,27661,95.8,sam2,0.0,0.0,0.0
5009,rebounding,1,,,,,null,,,
5010,rebounding,1,,,,,null,,,
5011,rebounding,1,,,,,null,,,
5012,rebounding,1,750,257,27529,95.35,sam2,1.414,1059.517,18.92
5013,rebounding,1,,,,,null,,,
5014,rebounding,1,,,,,null,,,
5015,rebounding,1,,,,,null,,,
5016,rebounding,1,750,257,27523,95.32,sam2,0.0,0.0,0.0
5017,rebounding,1,,,,,null,,,
5018,rebounding,1,,,,,null,,,
5019,rebounding,1,,,,,null,,,
5020,rebounding,1,750,257,27493,95.22,sam2,0.0,0.0,0.0
5021,rebounding,1,,,,,null,,,
5022,rebounding,1,,,,,null,,,
5023,rebounding,1,,,,,null,,,
5024,rebounding,1,750,260,29578,102.44,sam2,3.0,2247.575,40.135
5025,rebounding,1,,,,,null,,,
5026,rebounding,1,,,,,null,,,
5027,rebounding,1,,,,,null,,,
5028,rebounding,1,749,257,27876,96.55,sam2,3.162,2369.152,42.306
5029,rebounding,1,,,,,null,,,
5030,rebounding,1,,,,,null,,,
5031,rebounding,1,,,,,null,,,
5032,rebounding,1,749,259,29834,103.33,sam2,2.0,1498.383,26.757
5033,rebounding,1,,,,,null,,,
5034,rebounding,1,,,,,null,,,
5035,rebounding,1,,,,,null,,,
5036,rebounding,1,749,259,29858,103.41,sam2,0.0,0.0,0.0
5037,rebounding,1,,,,,null,,,
5038,rebounding,1,,,,,null,,,
5039,rebounding,1,,,,,null,,,
5040,rebounding,1,749,256,28211,97.71,sam2,3.0,2247.575,40.135
5041,rebounding,1,,,,,null,,,
5042,rebounding,1,,,,,null,,,
5043,rebounding,1,,,,,null,,,
5044,rebounding,1,749,255,28059,97.18,sam2,1.0,749.192,13.378
5045,rebounding,1,,,,,null,,,
5046,rebounding,1,,,,,null,,,
5047,rebounding,1,,,,,null,,,
5048,rebounding,1,750,256,28230,97.77,sam2,1.414,1059.517,18.92
5049,rebounding,1,,,,,null,,,
5050,rebounding,1,,,,,null,,,
5051,rebounding,1,,,,,null,,,
5052,rebounding,1,750,259,30117,104.31,sam2,3.0,2247.575,40.135
5053,rebounding,1,,,,,null,,,
5054,rebounding,1,,,,,null,,,
5055,rebounding,1,,,,,null,,,
5056,rebounding,1,751,256,27954,96.82,sam2,3.162,2369.152,42.306
5057,rebounding,1,,,,,null,,,
5058,rebounding,1,,,,,null,,,
5059,rebounding,1,,,,,null,,,
5060,rebounding,1,751,256,27723,96.02,sam2,0.0,0.0,0.0
5061,rebounding,1,,,,,null,,,
5062,rebounding,1,,,,,null,,,
5063,rebounding,1,,,,,null,,,
5064,rebounding,1,751,260,29546,102.33,sam2,4.0,2996.766,53.514
5065,rebounding,1,,,,,null,,,
5066,rebounding,1,,,,,null,,,
5067,rebounding,1,,,,,null,,,
5068,rebounding,1,752,257,27635,95.71,sam2,3.162,2369.152,42.306
5069,rebounding,1,,,,,null,,,
5070,rebounding,1,,,,,null,,,
5071,rebounding,1,,,,,null,,,
5072,rebounding,1,752,257,27562,95.46,sam2,0.0,0.0,0.0
5073,rebounding,1,,,,,null,,,
5074,rebounding,1,,,,,null,,,
5075,rebounding,1,,,,,null,,,
5076,rebounding,1,752,257,27614,95.64,sam2,0.0,0.0,0.0
5077,rebounding,1,,,,,null,,,
5078,rebounding,1,,,,,null,,,
5079,rebounding,1,,,,,null,,,
5080,rebounding,1,752,257,27630,95.69,sam2,0.0,0.0,0.0
5081,rebounding,1,,,,,null,,,
5082,rebounding,1,,,,,null,,,
5083,rebounding,1,,,,,null,,,
5084,rebounding,1,752,257,27649,95.76,sam2,0.0,0.0,0.0
5085,rebounding,1,,,,,null,,,
5086,rebounding,1,,,,,null,,,
5087,rebounding,1,,,,,null,,,
5088,rebounding,1,752,256,27719,96.0,sam2,1.0,749.192,13.378
5089,rebounding,1,,,,,null,,,
5090,rebounding,1,,,,,null,,,
5091,rebounding,1,,,,,null,,,
5092,rebounding,1,752,255,27706,95.96,sam2,1.0,749.192,13.378
5093,rebounding,1,,,,,null,,,
5094,rebounding,1,,,,,null,,,
5095,rebounding,1,,,,,null,,,
5096,rebounding,1,752,255,27991,96.95,sam2,0.0,0.0,0.0
5097,rebounding,1,,,,,null,,,
5098,rebounding,1,,,,,null,,,
5099,rebounding,1,,,,,null,,,
5100,rebounding,1,752,255,28091,97.29,sam2,0.0,0.0,0.0
5101,rebounding,1,,,,,null,,,
5102,rebounding,1,,,,,null,,,
5103,rebounding,1,,,,,null,,,
5104,rebounding,1,752,255,28118,97.39,sam2,0.0,0.0,0.0
5105,rebounding,1,,,,,null,,,
5106,rebounding,1,,,,,null,,,
5107,rebounding,1,,,,,null,,,
5108,rebounding,1,752,255,27862,96.5,sam2,0.0,0.0,0.0
5109,rebounding,1,,,,,null,,,
5110,rebounding,1,,,,,null,,,
5111,rebounding,1,,,,,null,,,
5112,rebounding,1,752,255,27872,96.53,sam2,0.0,0.0,0.0
5113,rebounding,1,,,,,null,,,
5114,rebounding,1,,,,,null,,,
5115,rebounding,1,,,,,null,,,
5116,rebounding,1,751,255,27751,96.11,sam2,1.0,749.192,13.378
5117,rebounding,1,,,,,null,,,
5118,rebounding,1,,,,,null,,,
5119,rebounding,1,,,,,null,,,
5120,rebounding,1,751,256,27765,96.16,sam2,1.0,749.192,13.378
5121,rebounding,1,,,,,null,,,
5122,rebounding,1,,,,,null,,,
5123,rebounding,1,,,,,null,,,
5124,rebounding,1,751,257,27691,95.91,sam2,1.0,749.192,13.378
5125,rebounding,1,,,,,null,,,
5126,rebounding,1,,,,,null,,,
5127,rebounding,1,,,,,null,,,
5128,rebounding,1,751,257,27524,95.33,sam2,0.0,0.0,0.0
5129,rebounding,1,,,,,null,,,
5130,rebounding,1,,,,,null,,,
5131,rebounding,1,,,,,null,,,
5132,rebounding,1,750,257,27492,95.22,sam2,1.0,749.192,13.378
5133,rebounding,1,,,,,null,,,
5134,rebounding,1,,,,,null,,,
5135,rebounding,1,,,,,null,,,
5136,rebounding,1,750,257,27585,95.54,sam2,0.0,0.0,0.0
5137,rebounding,1,,,,,null,,,
5138,rebounding,1,,,,,null,,,
5139,rebounding,1,,,,,null,,,
5140,rebounding,1,750,256,27684,95.88,sam2,1.0,749.192,13.378
5141,rebounding,1,,,,,null,,,
5142,rebounding,1,,,,,null,,,
5143,rebounding,1,,,,,null,,,
5144,rebounding,1,750,259,29530,102.28,sam2,3.0,2247.575,40.135
5145,rebounding,1,,,,,null,,,
5146,rebounding,1,,,,,null,,,
5147,rebounding,1,,,,,null,,,
5148,rebounding,1,750,256,27758,96.14,sam2,3.0,2247.575,40.135
5149,rebounding,1,,,,,null,,,
5150,rebounding,1,,,,,null,,,
5151,rebounding,1,,,,,null,,,
5152,rebounding,1,750,255,27898,96.62,sam2,1.0,749.192,13.378
5153,rebounding,1,,,,,null,,,
5154,rebounding,1,,,,,null,,,
5155,rebounding,1,,,,,null,,,
5156,rebounding,1,750,255,28100,97.32,sam2,0.0,0.0,0.0
5157,rebounding,1,,,,,null,,,
5158,rebounding,1,,,,,null,,,
5159,rebounding,1,,,,,null,,,
5160,rebounding,1,750,255,27892,96.6,sam2,0.0,0.0,0.0
5161,rebounding,1,,,,,null,,,
5162,rebounding,1,,,,,null,,,
5163,rebounding,1,,,,,null,,,
5164,rebounding,1,750,258,29777,103.13,sam2,3.0,2247.575,40.135
5165,rebounding,1,,,,,null,,,
5166,rebounding,1,,,,,null,,,
5167,rebounding,1,,,,,null,,,
5168,rebounding,1,751,256,28005,96.99,sam2,2.236,1675.243,29.915
5169,rebounding,1,,,,,null,,,
5170,rebounding,1,,,,,null,,,
5171,rebounding,1,,,,,null,,,
5172,rebounding,1,751,259,29485,102.12,sam2,3.0,2247.575,40.135
5173,rebounding,1,,,,,null,,,
5174,rebounding,1,,,,,null,,,
5175,rebounding,1,,,,,null,,,
5176,rebounding,1,751,260,29457,102.02,sam2,1.0,749.192,13.378
5177,rebounding,1,,,,,null,,,
5178,rebounding,1,,,,,null,,,
5179,rebounding,1,,,,,null,,,
5180,rebounding,1,751,257,27475,95.16,sam2,3.0,2247.575,40.135
5181,rebounding,1,,,,,null,,,
5182,rebounding,1,,,,,null,,,
5183,rebounding,1,,,,,null,,,
5184,rebounding,1,751,257,27500,95.24,sam2,0.0,0.0,0.0
5185,rebounding,1,,,,,null,,,
5186,rebounding,1,,,,,null,,,
5187,rebounding,1,,,,,null,,,
5188,rebounding,1,751,258,27570,95.49,sam2,1.0,749.192,13.378
5189,rebounding,1,,,,,null,,,
5190,rebounding,1,,,,,null,,,
5191,rebounding,1,,,,,null,,,
5192,rebounding,1,752,257,27486,95.2,sam2,1.414,1059.517,18.92
5193,rebounding,1,,,,,null,,,
5194,rebounding,1,,,,,null,,,
5195,rebounding,1,,,,,null,,,
5196,rebounding,1,752,257,27642,95.74,sam2,0.0,0.0,0.0
5197,rebounding,1,,,,,null,,,
5198,rebounding,1,,,,,null,,,
5199,rebounding,1,,,,,null,,,
5200,rebounding,1,752,257,27712,95.98,sam2,0.0,0.0,0.0
5201,rebounding,1,,,,,null,,,
5202,rebounding,1,,,,,null,,,
5203,rebounding,1,,,,,null,,,
5204,rebounding,1,752,256,27887,96.59,sam2,1.0,749.192,13.378
5205,rebounding,1,,,,,null,,,
5206,rebounding,1,,,,,null,,,
5207,rebounding,1,,,,,null,,,
5208,rebounding,1,752,255,27757,96.13,sam2,1.0,749.192,13.378
5209,rebounding,1,,,,,null,,,
5210,rebounding,1,,,,,null,,,
5211,rebounding,1,,,,,null,,,
5212,rebounding,1,752,255,28010,97.01,sam2,0.0,0.0,0.0
5213,rebounding,1,,,,,null,,,
5214,rebounding,1,,,,,null,,,
5215,rebounding,1,,,,,null,,,
5216,rebounding,1,752,255,27974,96.89,sam2,0.0,0.0,0.0
5217,rebounding,1,,,,,null,,,
5218,rebounding,1,,,,,null,,,
5219,rebounding,1,,,,,null,,,
5220,rebounding,1,752,255,27977,96.9,sam2,0.0,0.0,0.0
5221,rebounding,1,,,,,null,,,
5222,rebounding,1,,,,,null,,,
5223,rebounding,1,,,,,null,,,
5224,rebounding,1,751,255,27978,96.9,sam2,1.0,749.192,13.378
5225,rebounding,1,,,,,null,,,
5226,rebounding,1,,,,,null,,,
5227,rebounding,1,,,,,null,,,
5228,rebounding,1,751,256,27840,96.42,sam2,1.0,749.192,13.378
5229,rebounding,1,,,,,null,,,
5230,rebounding,1,,,,,null,,,
5231,rebounding,1,,,,,null,,,
5232,rebounding,1,751,256,27750,96.11,sam2,0.0,0.0,0.0
5233,rebounding,1,,,,,null,,,
5234,rebounding,1,,,,,null,,,
5235,rebounding,1,,,,,null,,,
5236,rebounding,1,751,256,27610,95.63,sam2,0.0,0.0,0.0
5237,rebounding,1,,,,,null,,,
5238,rebounding,1,,,,,null,,,
5239,rebounding,1,,,,,null,,,
5240,rebounding,1,751,256,27561,95.46,sam2,0.0,0.0,0.0
5241,rebounding,1,,,,,null,,,
5242,rebounding,1,,,,,null,,,
5243,rebounding,1,,,,,null,,,
5244,rebounding,1,751,257,27621,95.66,sam2,1.0,749.192,13.378
5245,rebounding,1,,,,,null,,,
5246,rebounding,1,,,,,null,,,
5247,rebounding,1,,,,,null,,,
5248,rebounding,1,751,257,27660,95.8,sam2,0.0,0.0,0.0
5249,rebounding,1,,,,,null,,,
5250,rebounding,1,,,,,null,,,
5251,rebounding,1,,,,,null,,,
5252,rebounding,1,751,257,27686,95.89,sam2,0.0,0.0,0.0
5253,rebounding,1,,,,,null,,,
5254,rebounding,1,,,,,null,,,
5255,rebounding,1,,,,,null,,,
5256,rebounding,1,750,256,27741,96.08,sam2,1.414,1059.517,18.92
5257,rebounding,1,,,,,null,,,
5258,rebounding,1,,,,,null,,,
5259,rebounding,1,,,,,null,,,
5260,rebounding,1,751,256,27760,96.15,sam2,1.0,749.192,13.378
5261,rebounding,1,,,,,null,,,
5262,rebounding,1,,,,,null,,,
5263,rebounding,1,,,,,null,,,
5264,rebounding,1,751,255,27728,96.03,sam2,1.0,749.192,13.378
5265,rebounding,1,,,,,null,,,
5266,rebounding,1,,,,,null,,,
5267,rebounding,1,,,,,null,,,
5268,rebounding,1,751,255,28034,97.09,sam2,0.0,0.0,0.0
5269,rebounding,1,,,,,null,,,
5270,rebounding,1,,,,,null,,,
5271,rebounding,1,,,,,null,,,
5272,rebounding,1,751,255,27920,96.7,sam2,0.0,0.0,0.0
5273,rebounding,1,,,,,null,,,
5274,rebounding,1,,,,,null,,,
5275,rebounding,1,,,,,null,,,
5276,rebounding,1,751,255,27946,96.79,sam2,0.0,0.0,0.0
5277,rebounding,1,,,,,null,,,
5278,rebounding,1,,,,,null,,,
5279,rebounding,1,,,,,null,,,
5280,rebounding,1,751,258,29628,102.61,sam2,3.0,2247.575,40.135
5281,rebounding,1,,,,,null,,,
5282,rebounding,1,,,,,null,,,
5283,rebounding,1,,,,,null,,,
5284,rebounding,1,751,259,29469,102.06,sam2,1.0,749.192,13.378
5285,rebounding,1,,,,,null,,,
5286,rebounding,1,,,,,null,,,
5287,rebounding,1,,,,,null,,,
5288,rebounding,1,751,256,27610,95.63,sam2,3.0,2247.575,40.135
5289,rebounding,1,,,,,null,,,
5290,rebounding,1,,,,,null,,,
5291,rebounding,1,,,,,null,,,
5292,rebounding,1,751,257,27544,95.4,sam2,1.0,749.192,13.378
5293,rebounding,1,,,,,null,,,
5294,rebounding,1,,,,,null,,,
5295,rebounding,1,,,,,null,,,
5296,rebounding,1,751,257,27437,95.03,sam2,0.0,0.0,0.0
5297,rebounding,1,,,,,null,,,
5298,rebounding,1,,,,,null,,,
5299,rebounding,1,,,,,null,,,
5300,rebounding,1,751,257,27471,95.14,sam2,0.0,0.0,0.0
5301,rebounding,1,,,,,null,,,
5302,rebounding,1,,,,,null,,,
5303,rebounding,1,,,,,null,,,
5304,rebounding,1,751,258,27607,95.62,sam2,1.0,749.192,13.378
5305,rebounding,1,,,,,null,,,
5306,rebounding,1,,,,,null,,,
5307,rebounding,1,,,,,null,,,
5308,rebounding,1,751,257,27615,95.64,sam2,1.0,749.192,13.378
5309,rebounding,1,,,,,null,,,
5310,rebounding,1,,,,,null,,,
5311,rebounding,1,,,,,null,,,
5312,rebounding,1,752,260,29408,101.85,sam2,3.162,2369.152,42.306
5313,rebounding,1,,,,,null,,,
5314,rebounding,1,,,,,null,,,
5315,rebounding,1,,,,,null,,,
5316,rebounding,1,751,256,27633,95.71,sam2,4.123,3088.996,55.161
5317,rebounding,1,,,,,null,,,
5318,rebounding,1,,,,,null,,,
5319,rebounding,1,,,,,null,,,
5320,rebounding,1,751,256,27712,95.98,sam2,0.0,0.0,0.0
5321,rebounding,1,,,,,null,,,
5322,rebounding,1,,,,,null,,,
5323,rebounding,1,,,,,null,,,
5324,rebounding,1,751,256,27888,96.59,sam2,0.0,0.0,0.0
5325,rebounding,1,,,,,null,,,
5326,rebounding,1,,,,,null,,,
5327,rebounding,1,,,,,null,,,
5328,rebounding,1,751,255,27861,96.49,sam2,1.0,749.192,13.378
5329,rebounding,1,,,,,null,,,
5330,rebounding,1,,,,,null,,,
5331,rebounding,1,,,,,null,,,
5332,rebounding,1,751,255,27971,96.88,sam2,0.0,0.0,0.0
5333,rebounding,1,,,,,null,,,
5334,rebounding,1,,,,,null,,,
5335,rebounding,1,,,,,null,,,
5336,rebounding,1,751,256,28025,97.06,sam2,1.0,749.192,13.378
5337,rebounding,1,,,,,null,,,
5338,rebounding,1,,,,,null,,,
5339,rebounding,1,,,,,null,,,
5340,rebounding,1,751,259,29846,103.37,sam2,3.0,2247.575,40.135
5341,rebounding,1,,,,,null,,,
5342,rebounding,1,,,,,null,,,
5343,rebounding,1,,,,,null,,,
5344,rebounding,1,751,256,27832,96.39,sam2,3.0,2247.575,40.135
5345,rebounding,1,,,,,null,,,
5346,rebounding,1,,,,,null,,,
5347,rebounding,1,,,,,null,,,
5348,rebounding,1,751,256,27814,96.33,sam2,0.0,0.0,0.0
5349,rebounding,1,,,,,null,,,
5350,rebounding,1,,,,,null,,,
5351,rebounding,1,,,,,null,,,
5352,rebounding,1,751,256,27675,95.85,sam2,0.0,0.0,0.0
5353,rebounding,1,,,,,null,,,
5354,rebounding,1,,,,,null,,,
5355,rebounding,1,,,,,null,,,
5356,rebounding,1,751,257,27696,95.92,sam2,1.0,749.192,13.378
5357,rebounding,1,,,,,null,,,
5358,rebounding,1,,,,,null,,,
5359,rebounding,1,,,,,null,,,
5360,rebounding,1,751,257,27811,96.32,sam2,0.0,0.0,0.0
5361,rebounding,1,,,,,null,,,
5362,rebounding,1,,,,,null,,,
5363,rebounding,1,,,,,null,,,
5364,rebounding,1,751,257,27761,96.15,sam2,0.0,0.0,0.0
5365,rebounding,1,,,,,null,,,
5366,rebounding,1,,,,,null,,,
5367,rebounding,1,,,,,null,,,
5368,rebounding,1,751,256,27711,95.98,sam2,1.0,749.192,13.378
5369,rebounding,1,,,,,null,,,
5370,rebounding,1,,,,,null,,,
5371,rebounding,1,,,,,null,,,
5372,rebounding,1,751,256,27838,96.42,sam2,0.0,0.0,0.0
5373,rebounding,1,,,,,null,,,
5374,rebounding,1,,,,,null,,,
5375,rebounding,1,,,,,null,,,
5376,rebounding,1,751,256,27848,96.45,sam2,0.0,0.0,0.0
5377,rebounding,1,,,,,null,,,
5378,rebounding,1,,,,,null,,,
5379,rebounding,1,,,,,null,,,
5380,rebounding,1,751,256,27938,96.76,sam2,0.0,0.0,0.0
5381,rebounding,1,,,,,null,,,
5382,rebounding,1,,,,,null,,,
5383,rebounding,1,,,,,null,,,
5384,rebounding,1,751,255,27961,96.84,sam2,1.0,749.192,13.378
5385,rebounding,1,,,,,null,,,
5386,rebounding,1,,,,,null,,,
5387,rebounding,1,,,,,null,,,
5388,rebounding,1,751,255,27946,96.79,sam2,0.0,0.0,0.0
5389,rebounding,1,,,,,null,,,
5390,rebounding,1,,,,,null,,,
5391,rebounding,1,,,,,null,,,
5392,rebounding,1,751,259,29835,103.33,sam2,4.0,2996.766,53.514
5393,rebounding,1,,,,,null,,,
5394,rebounding,1,,,,,null,,,
5395,rebounding,1,,,,,null,,,
5396,rebounding,1,751,256,27760,96.15,sam2,3.0,2247.575,40.135
5397,rebounding,1,,,,,null,,,
5398,rebounding,1,,,,,null,,,
5399,rebounding,1,,,,,null,,,
5400,rebounding,1,751,256,27738,96.07,sam2,0.0,0.0,0.0
5401,rebounding,1,,,,,null,,,
5402,rebounding,1,,,,,null,,,
5403,rebounding,1,,,,,null,,,
5404,rebounding,1,751,260,29486,102.12,sam2,4.0,2996.766,53.514
5405,rebounding,1,,,,,null,,,
5406,rebounding,1,,,,,null,,,
5407,rebounding,1,,,,,null,,,
5408,rebounding,1,751,257,27752,96.12,sam2,3.0,2247.575,40.135
5409,rebounding,1,,,,,null,,,
5410,rebounding,1,,,,,null,,,
5411,rebounding,1,,,,,null,,,
5412,rebounding,1,751,257,27529,95.35,sam2,0.0,0.0,0.0
5413,rebounding,1,,,,,null,,,
5414,rebounding,1,,,,,null,,,
5415,rebounding,1,,,,,null,,,
5416,rebounding,1,751,257,27665,95.82,sam2,0.0,0.0,0.0
5417,rebounding,1,,,,,null,,,
5418,rebounding,1,,,,,null,,,
5419,rebounding,1,,,,,null,,,
5420,rebounding,1,751,257,27540,95.38,sam2,0.0,0.0,0.0
5421,rebounding,1,,,,,null,,,
5422,rebounding,1,,,,,null,,,
5423,rebounding,1,,,,,null,,,
5424,rebounding,1,751,257,27585,95.54,sam2,0.0,0.0,0.0
5425,rebounding,1,,,,,null,,,
5426,rebounding,1,,,,,null,,,
5427,rebounding,1,,,,,null,,,
5428,rebounding,1,751,257,27710,95.97,sam2,0.0,0.0,0.0
5429,rebounding,1,,,,,null,,,
5430,rebounding,1,,,,,null,,,
5431,rebounding,1,,,,,null,,,
5432,rebounding,1,751,260,29567,102.4,sam2,3.0,2247.575,40.135
5433,rebounding,1,,,,,null,,,
5434,rebounding,1,,,,,null,,,
5435,rebounding,1,,,,,null,,,
5436,rebounding,1,751,256,27771,96.18,sam2,4.0,2996.766,53.514
5437,rebounding,1,,,,,null,,,
5438,rebounding,1,,,,,null,,,
5439,rebounding,1,,,,,null,,,
5440,rebounding,1,751,256,27829,96.38,sam2,0.0,0.0,0.0
5441,rebounding,1,,,,,null,,,
5442,rebounding,1,,,,,null,,,
5443,rebounding,1,,,,,null,,,
5444,rebounding,1,751,256,27893,96.61,sam2,0.0,0.0,0.0
5445,rebounding,1,,,,,null,,,
5446,rebounding,1,,,,,null,,,
5447,rebounding,1,,,,,null,,,
5448,rebounding,1,751,256,27930,96.73,sam2,0.0,0.0,0.0
5449,rebounding,1,,,,,null,,,
5450,rebounding,1,,,,,null,,,
5451,rebounding,1,,,,,null,,,
5452,rebounding,1,750,256,27953,96.81,sam2,1.0,749.192,13.378
5453,rebounding,1,,,,,null,,,
5454,rebounding,1,,,,,null,,,
5455,rebounding,1,,,,,null,,,
5456,rebounding,1,751,256,27980,96.91,sam2,1.0,749.192,13.378
5457,rebounding,1,,,,,null,,,
5458,rebounding,1,,,,,null,,,
5459,rebounding,1,,,,,null,,,
5460,rebounding,1,751,256,27693,95.91,sam2,0.0,0.0,0.0
5461,rebounding,1,,,,,null,,,
5462,rebounding,1,,,,,null,,,
5463,rebounding,1,,,,,null,,,
5464,rebounding,1,751,260,29629,102.62,sam2,4.0,2996.766,53.514
5465,rebounding,1,,,,,null,,,
5466,rebounding,1,,,,,null,,,
5467,rebounding,1,,,,,null,,,
5468,rebounding,1,751,256,27721,96.01,sam2,4.0,2996.766,53.514
5469,rebounding,1,,,,,null,,,
5470,rebounding,1,,,,,null,,,
5471,rebounding,1,,,,,null,,,
5472,rebounding,1,751,256,27801,96.29,sam2,0.0,0.0,0.0
5473,rebounding,1,,,,,null,,,
5474,rebounding,1,,,,,null,,,
5475,rebounding,1,,,,,null,,,
5476,rebounding,1,751,260,29723,102.94,sam2,4.0,2996.766,53.514
5477,rebounding,1,,,,,null,,,
5478,rebounding,1,,,,,null,,,
5479,rebounding,1,,,,,null,,,
5480,rebounding,1,751,257,27812,96.33,sam2,3.0,2247.575,40.135
5481,rebounding,1,,,,,null,,,
5482,rebounding,1,,,,,null,,,
5483,rebounding,1,,,,,null,,,
5484,rebounding,1,751,256,27806,96.3,sam2,1.0,749.192,13.378
5485,rebounding,1,,,,,null,,,
5486,rebounding,1,,,,,null,,,
5487,rebounding,1,,,,,null,,,
5488,rebounding,1,751,256,27911,96.67,sam2,0.0,0.0,0.0
5489,rebounding,1,,,,,null,,,
5490,rebounding,1,,,,,null,,,
5491,rebounding,1,,,,,null,,,
5492,rebounding,1,751,256,27941,96.77,sam2,0.0,0.0,0.0
5493,rebounding,1,,,,,null,,,
5494,rebounding,1,,,,,null,,,
5495,rebounding,1,,,,,null,,,
5496,rebounding,1,752,256,27958,96.83,sam2,1.0,749.192,13.378
5497,rebounding,1,,,,,null,,,
5498,rebounding,1,,,,,null,,,
5499,rebounding,1,,,,,null,,,
5500,rebounding,1,751,256,28010,97.01,sam2,1.0,749.192,13.378
5501,rebounding,1,,,,,null,,,
5502,rebounding,1,,,,,null,,,
5503,rebounding,1,,,,,null,,,
5504,rebounding,1,751,256,27985,96.92,sam2,0.0,0.0,0.0
5505,rebounding,1,,,,,null,,,
5506,rebounding,1,,,,,null,,,
5507,rebounding,1,,,,,null,,,
5508,rebounding,1,752,259,29761,103.08,sam2,3.162,2369.152,42.306
5509,rebounding,1,,,,,null,,,
5510,rebounding,1,,,,,null,,,
5511,rebounding,1,,,,,null,,,
5512,rebounding,1,752,256,27873,96.54,sam2,3.0,2247.575,40.135
5513,rebounding,1,,,,,null,,,
5514,rebounding,1,,,,,null,,,
5515,rebounding,1,,,,,null,,,
5516,rebounding,1,752,256,27743,96.09,sam2,0.0,0.0,0.0
5517,rebounding,1,,,,,null,,,
5518,rebounding,1,,,,,null,,,
5519,rebounding,1,,,,,null,,,
5520,rebounding,1,752,260,29631,102.63,sam2,4.0,2996.766,53.514
5521,rebounding,1,,,,,null,,,
5522,rebounding,1,,,,,null,,,
5523,rebounding,1,,,,,null,,,
5524,rebounding,1,751,256,27615,95.64,sam2,4.123,3088.996,55.161
5525,rebounding,1,,,,,null,,,
5526,rebounding,1,,,,,null,,,
5527,rebounding,1,,,,,null,,,
5528,rebounding,1,752,257,27505,95.26,sam2,1.414,1059.517,18.92
5529,rebounding,1,,,,,null,,,
5530,rebounding,1,,,,,null,,,
5531,rebounding,1,,,,,null,,,
5532,rebounding,1,752,257,27635,95.71,sam2,0.0,0.0,0.0
5533,rebounding,1,,,,,null,,,
5534,rebounding,1,,,,,null,,,
5535,rebounding,1,,,,,null,,,
5536,rebounding,1,752,257,27543,95.39,sam2,0.0,0.0,0.0
5537,rebounding,1,,,,,null,,,
5538,rebounding,1,,,,,null,,,
5539,rebounding,1,,,,,null,,,
5540,rebounding,1,751,257,27702,95.94,sam2,1.0,749.192,13.378
5541,rebounding,1,,,,,null,,,
5542,rebounding,1,,,,,null,,,
5543,rebounding,1,,,,,null,,,
5544,rebounding,1,751,257,27715,95.99,sam2,0.0,0.0,0.0
5545,rebounding,1,,,,,null,,,
5546,rebounding,1,,,,,null,,,
5547,rebounding,1,,,,,null,,,
5548,rebounding,1,751,256,27631,95.7,sam2,1.0,749.192,13.378
5549,rebounding,1,,,,,null,,,
5550,rebounding,1,,,,,null,,,
5551,rebounding,1,,,,,null,,,
5552,rebounding,1,751,259,29499,102.17,sam2,3.0,2247.575,40.135
5553,rebounding,1,,,,,null,,,
5554,rebounding,1,,,,,null,,,
5555,rebounding,1,,,,,null,,,
5556,rebounding,1,750,256,27751,96.11,sam2,3.162,2369.152,42.306
5557,rebounding,1,,,,,null,,,
5558,rebounding,1,,,,,null,,,
5559,rebounding,1,,,,,null,,,
5560,rebounding,1,751,255,27765,96.16,sam2,1.414,1059.517,18.92
5561,rebounding,1,,,,,null,,,
5562,rebounding,1,,,,,null,,,
5563,rebounding,1,,,,,null,,,
5564,rebounding,1,750,256,27916,96.69,sam2,1.414,1059.517,18.92
5565,rebounding,1,,,,,null,,,
5566,rebounding,1,,,,,null,,,
5567,rebounding,1,,,,,null,,,
5568,rebounding,1,750,256,27944,96.78,sam2,0.0,0.0,0.0
5569,rebounding,1,,,,,null,,,
5570,rebounding,1,,,,,null,,,
5571,rebounding,1,,,,,null,,,
5572,rebounding,1,750,258,29537,102.3,sam2,2.0,1498.383,26.757
5573,rebounding,1,,,,,null,,,
5574,rebounding,1,,,,,null,,,
5575,rebounding,1,,,,,null,,,
5576,rebounding,1,750,256,27851,96.46,sam2,2.0,1498.383,26.757
5577,rebounding,1,,,,,null,,,
5578,rebounding,1,,,,,null,,,
5579,rebounding,1,,,,,null,,,
5580,rebounding,1,750,256,27760,96.15,sam2,0.0,0.0,0.0
5581,rebounding,1,,,,,null,,,
5582,rebounding,1,,,,,null,,,
5583,rebounding,1,,,,,null,,,
5584,rebounding,1,751,256,27624,95.67,sam2,1.0,749.192,13.378
5585,rebounding,1,,,,,null,,,
5586,rebounding,1,,,,,null,,,
5587,rebounding,1,,,,,null,,,
5588,rebounding,1,751,260,29560,102.38,sam2,4.0,2996.766,53.514
5589,rebounding,1,,,,,null,,,
5590,rebounding,1,,,,,null,,,
5591,rebounding,1,,,,,null,,,
5592,rebounding,1,751,256,27748,96.1,sam2,4.0,2996.766,53.514
5593,rebounding,1,,,,,null,,,
5594,rebounding,1,,,,,null,,,
5595,rebounding,1,,,,,null,,,
5596,rebounding,1,751,256,27809,96.31,sam2,0.0,0.0,0.0
5597,rebounding,1,,,,,null,,,
5598,rebounding,1,,,,,null,,,
5599,rebounding,1,,,,,null,,,
5600,rebounding,1,751,259,29639,102.65,sam2,3.0,2247.575,40.135
5601,rebounding,1,,,,,null,,,
5602,rebounding,1,,,,,null,,,
5603,rebounding,1,,,,,null,,,
5604,rebounding,1,751,256,27718,96.0,sam2,3.0,2247.575,40.135
5605,rebounding,1,,,,,null,,,
5606,rebounding,1,,,,,null,,,
5607,rebounding,1,,,,,null,,,
5608,rebounding,1,751,256,27850,96.46,sam2,0.0,0.0,0.0
5609,rebounding,1,,,,,null,,,
5610,rebounding,1,,,,,null,,,
5611,rebounding,1,,,,,null,,,
5612,rebounding,1,752,256,27948,96.8,sam2,1.0,749.192,13.378
5613,rebounding,1,,,,,null,,,
5614,rebounding,1,,,,,null,,,
5615,rebounding,1,,,,,null,,,
5616,rebounding,1,752,255,27882,96.57,sam2,1.0,749.192,13.378
5617,rebounding,1,,,,,null,,,
5618,rebounding,1,,,,,null,,,
5619,rebounding,1,,,,,null,,,
5620,rebounding,1,752,256,27935,96.75,sam2,1.0,749.192,13.378
5621,rebounding,1,,,,,null,,,
5622,rebounding,1,,,,,null,,,
5623,rebounding,1,,,,,null,,,
5624,rebounding,1,752,256,27879,96.56,sam2,0.0,0.0,0.0
5625,rebounding,1,,,,,null,,,
5626,rebounding,1,,,,,null,,,
5627,rebounding,1,,,,,null,,,
5628,rebounding,1,752,255,27702,95.94,sam2,1.0,749.192,13.378
5629,rebounding,1,,,,,null,,,
5630,rebounding,1,,,,,null,,,
5631,rebounding,1,,,,,null,,,
5632,rebounding,1,752,259,29639,102.65,sam2,4.0,2996.766,53.514
5633,rebounding,1,,,,,null,,,
5634,rebounding,1,,,,,null,,,
5635,rebounding,1,,,,,null,,,
5636,rebounding,1,752,256,27652,95.77,sam2,3.0,2247.575,40.135
5637,rebounding,1,,,,,null,,,
5638,rebounding,1,,,,,null,,,
5639,rebounding,1,,,,,null,,,
5640,rebounding,1,752,256,27482,95.18,sam2,0.0,0.0,0.0
5641,rebounding,1,,,,,null,,,
5642,rebounding,1,,,,,null,,,
5643,rebounding,1,,,,,null,,,
5644,rebounding,1,752,256,27527,95.34,sam2,0.0,0.0,0.0
5645,rebounding,1,,,,,null,,,
5646,rebounding,1,,,,,null,,,
5647,rebounding,1,,,,,null,,,
5648,rebounding,1,752,260,29606,102.54,sam2,4.0,2996.766,53.514
5649,rebounding,1,,,,,null,,,
5650,rebounding,1,,,,,null,,,
5651,rebounding,1,,,,,null,,,
5652,rebounding,1,751,256,27613,95.64,sam2,4.123,3088.996,55.161
5653,rebounding,1,,,,,null,,,
5654,rebounding,1,,,,,null,,,
5655,rebounding,1,,,,,null,,,
5656,rebounding,1,751,257,27744,96.09,sam2,1.0,749.192,13.378
5657,rebounding,1,,,,,null,,,
5658,rebounding,1,,,,,null,,,
5659,rebounding,1,,,,,null,,,
5660,rebounding,1,751,256,27643,95.74,sam2,1.0,749.192,13.378
5661,rebounding,1,,,,,null,,,
5662,rebounding,1,,,,,null,,,
5663,rebounding,1,,,,,null,,,
5664,rebounding,1,751,256,27708,95.97,sam2,0.0,0.0,0.0
5665,rebounding,1,,,,,null,,,
5666,rebounding,1,,,,,null,,,
5667,rebounding,1,,,,,null,,,
5668,rebounding,1,750,256,27795,96.27,sam2,1.0,749.192,13.378
5669,rebounding,1,,,,,null,,,
5670,rebounding,1,,,,,null,,,
5671,rebounding,1,,,,,null,,,
5672,rebounding,1,750,256,27894,96.61,sam2,0.0,0.0,0.0
5673,rebounding,1,,,,,null,,,
5674,rebounding,1,,,,,null,,,
5675,rebounding,1,,,,,null,,,
5676,rebounding,1,750,255,27769,96.18,sam2,1.0,749.192,13.378
5677,rebounding,1,,,,,null,,,
5678,rebounding,1,,,,,null,,,
5679,rebounding,1,,,,,null,,,
5680,rebounding,1,750,256,27778,96.21,sam2,1.0,749.192,13.378
5681,rebounding,1,,,,,null,,,
5682,rebounding,1,,,,,null,,,
5683,rebounding,1,,,,,null,,,
5684,rebounding,1,750,259,29844,103.36,sam2,3.0,2247.575,40.135
5685,rebounding,1,,,,,null,,,
5686,rebounding,1,,,,,null,,,
5687,rebounding,1,,,,,null,,,
5688,rebounding,1,750,256,27819,96.35,sam2,3.0,2247.575,40.135
5689,rebounding,1,,,,,null,,,
5690,rebounding,1,,,,,null,,,
5691,rebounding,1,,,,,null,,,
5692,rebounding,1,750,260,29803,103.22,sam2,4.0,2996.766,53.514
5693,rebounding,1,,,,,null,,,
5694,rebounding,1,,,,,null,,,
5695,rebounding,1,,,,,null,,,
5696,rebounding,1,750,256,27784,96.23,sam2,4.0,2996.766,53.514
5697,rebounding,1,,,,,null,,,
5698,rebounding,1,,,,,null,,,
5699,rebounding,1,,,,,null,,,
5700,rebounding,1,750,256,27710,95.97,sam2,0.0,0.0,0.0
5701,rebounding,1,,,,,null,,,
5702,rebounding,1,,,,,null,,,
5703,rebounding,1,,,,,null,,,
5704,rebounding,1,750,257,27732,96.05,sam2,1.0,749.192,13.378
5705,rebounding,1,,,,,null,,,
5706,rebounding,1,,,,,null,,,
5707,rebounding,1,,,,,null,,,
5708,rebounding,1,751,257,27860,96.49,sam2,1.0,749.192,13.378
5709,rebounding,1,,,,,null,,,
5710,rebounding,1,,,,,null,,,
5711,rebounding,1,,,,,null,,,
5712,rebounding,1,751,256,27745,96.09,sam2,1.0,749.192,13.378
5713,rebounding,1,,,,,null,,,
5714,rebounding,1,,,,,null,,,
5715,rebounding,1,,,,,null,,,
5716,rebounding,1,751,256,27788,96.24,sam2,0.0,0.0,0.0
5717,rebounding,1,,,,,null,,,
5718,rebounding,1,,,,,null,,,
5719,rebounding,1,,,,,null,,,
5720,rebounding,1,751,259,29621,102.59,sam2,3.0,2247.575,40.135
5721,rebounding,1,,,,,null,,,
5722,rebounding,1,,,,,null,,,
5723,rebounding,1,,,,,null,,,
5724,rebounding,1,751,259,29779,103.14,sam2,0.0,0.0,0.0
5725,rebounding,1,,,,,null,,,
5726,rebounding,1,,,,,null,,,
5727,rebounding,1,,,,,null,,,
5728,rebounding,1,751,256,27916,96.69,sam2,3.0,2247.575,40.135
5729,rebounding,1,,,,,null,,,
5730,rebounding,1,,,,,null,,,
5731,rebounding,1,,,,,null,,,
5732,rebounding,1,752,256,27955,96.82,sam2,1.0,749.192,13.378
5733,rebounding,1,,,,,null,,,
5734,rebounding,1,,,,,null,,,
5735,rebounding,1,,,,,null,,,
5736,rebounding,1,752,256,27871,96.53,sam2,0.0,0.0,0.0
5737,rebounding,1,,,,,null,,,
5738,rebounding,1,,,,,null,,,
5739,rebounding,1,,,,,null,,,
5740,rebounding,1,752,256,27909,96.66,sam2,0.0,0.0,0.0
5741,rebounding,1,,,,,null,,,
5742,rebounding,1,,,,,null,,,
5743,rebounding,1,,,,,null,,,
5744,rebounding,1,752,256,27946,96.79,sam2,0.0,0.0,0.0
5745,rebounding,1,,,,,null,,,
5746,rebounding,1,,,,,null,,,
5747,rebounding,1,,,,,null,,,
5748,rebounding,1,752,256,27779,96.21,sam2,0.0,0.0,0.0
5749,rebounding,1,,,,,null,,,
5750,rebounding,1,,,,,null,,,
5751,rebounding,1,,,,,null,,,
5752,rebounding,1,752,256,27630,95.69,sam2,0.0,0.0,0.0
5753,rebounding,1,,,,,null,,,
5754,rebounding,1,,,,,null,,,
5755,rebounding,1,,,,,null,,,
5756,rebounding,1,752,256,27555,95.44,sam2,0.0,0.0,0.0
5757,rebounding,1,,,,,null,,,
5758,rebounding,1,,,,,null,,,
5759,rebounding,1,,,,,null,,,
5760,rebounding,1,752,256,27679,95.86,sam2,0.0,0.0,0.0
5761,rebounding,1,,,,,null,,,
5762,rebounding,1,,,,,null,,,
5763,rebounding,1,,,,,null,,,
5764,rebounding,1,752,256,27583,95.53,sam2,0.0,0.0,0.0
5765,rebounding,1,,,,,null,,,
5766,rebounding,1,,,,,null,,,
5767,rebounding,1,,,,,null,,,
5768,rebounding,1,752,256,27588,95.55,sam2,0.0,0.0,0.0
5769,rebounding,1,,,,,null,,,
5770,rebounding,1,,,,,null,,,
5771,rebounding,1,,,,,null,,,
5772,rebounding,1,751,260,29473,102.08,sam2,4.123,3088.996,55.161
5773,rebounding,1,,,,,null,,,
5774,rebounding,1,,,,,null,,,
5775,rebounding,1,,,,,null,,,
5776,rebounding,1,751,256,27601,95.59,sam2,4.0,2996.766,53.514
5777,rebounding,1,,,,,null,,,
5778,rebounding,1,,,,,null,,,
5779,rebounding,1,,,,,null,,,
5780,rebounding,1,751,256,27750,96.11,sam2,0.0,0.0,0.0
5781,rebounding,1,,,,,null,,,
5782,rebounding,1,,,,,null,,,
5783,rebounding,1,,,,,null,,,
5784,rebounding,1,751,256,27776,96.2,sam2,0.0,0.0,0.0
5785,rebounding,1,,,,,null,,,
5786,rebounding,1,,,,,null,,,
5787,rebounding,1,,,,,null,,,
5788,rebounding,1,750,255,27720,96.01,sam2,1.414,1059.517,18.92
5789,rebounding,1,,,,,null,,,
5790,rebounding,1,,,,,null,,,
5791,rebounding,1,,,,,null,,,
5792,rebounding,1,750,256,27747,96.1,sam2,1.0,749.192,13.378
5793,rebounding,1,,,,,null,,,
5794,rebounding,1,,,,,null,,,
5795,rebounding,1,,,,,null,,,
5796,rebounding,1,750,255,27732,96.05,sam2,1.0,749.192,13.378
5797,rebounding,1,,,,,null,,,
5798,rebounding,1,,,,,null,,,
5799,rebounding,1,,,,,null,,,
5800,rebounding,1,750,256,27659,95.8,sam2,1.0,749.192,13.378
5801,rebounding,1,,,,,null,,,
5802,rebounding,1,,,,,null,,,
5803,rebounding,1,,,,,null,,,
5804,rebounding,1,750,256,27654,95.78,sam2,0.0,0.0,0.0
5805,rebounding,1,,,,,null,,,
5806,rebounding,1,,,,,null,,,
5807,rebounding,1,,,,,null,,,
5808,rebounding,1,750,256,27659,95.8,sam2,0.0,0.0,0.0
5809,rebounding,1,,,,,null,,,
5810,rebounding,1,,,,,null,,,
5811,rebounding,1,,,,,null,,,
5812,rebounding,1,750,256,27640,95.73,sam2,0.0,0.0,0.0
5813,rebounding,1,,,,,null,,,
5814,rebounding,1,,,,,null,,,
5815,rebounding,1,,,,,null,,,
5816,rebounding,1,750,260,29660,102.73,sam2,4.0,2996.766,53.514
5817,rebounding,1,,,,,null,,,
5818,rebounding,1,,,,,null,,,
5819,rebounding,1,,,,,null,,,
5820,rebounding,1,750,256,27676,95.85,sam2,4.0,2996.766,53.514
5821,rebounding,1,,,,,null,,,
5822,rebounding,1,,,,,null,,,
5823,rebounding,1,,,,,null,,,
5824,rebounding,1,750,256,27667,95.82,sam2,0.0,0.0,0.0
5825,rebounding,1,,,,,null,,,
5826,rebounding,1,,,,,null,,,
5827,rebounding,1,,,,,null,,,
5828,rebounding,1,751,259,29486,102.12,sam2,3.162,2369.152,42.306
5829,rebounding,1,,,,,null,,,
5830,rebounding,1,,,,,null,,,
5831,rebounding,1,,,,,null,,,
5832,rebounding,1,751,260,29727,102.96,sam2,1.0,749.192,13.378
5833,rebounding,1,,,,,null,,,
5834,rebounding,1,,,,,null,,,
5835,rebounding,1,,,,,null,,,
5836,rebounding,1,751,256,27776,96.2,sam2,4.0,2996.766,53.514
5837,rebounding,1,,,,,null,,,
5838,rebounding,1,,,,,null,,,
5839,rebounding,1,,,,,null,,,
5840,rebounding,1,751,256,27919,96.7,sam2,0.0,0.0,0.0
5841,rebounding,1,,,,,null,,,
5842,rebounding,1,,,,,null,,,
5843,rebounding,1,,,,,null,,,
5844,rebounding,1,752,256,27797,96.27,sam2,1.0,749.192,13.378
5845,rebounding,1,,,,,null,,,
5846,rebounding,1,,,,,null,,,
5847,rebounding,1,,,,,null,,,
5848,rebounding,1,752,256,27846,96.44,sam2,0.0,0.0,0.0
5849,rebounding,1,,,,,null,,,
5850,rebounding,1,,,,,null,,,
5851,rebounding,1,,,,,null,,,
5852,rebounding,1,752,256,27992,96.95,sam2,0.0,0.0,0.0
5853,rebounding,1,,,,,null,,,
5854,rebounding,1,,,,,null,,,
5855,rebounding,1,,,,,null,,,
5856,rebounding,1,752,256,27940,96.77,sam2,0.0,0.0,0.0
5857,rebounding,1,,,,,null,,,
5858,rebounding,1,,,,,null,,,
5859,rebounding,1,,,,,null,,,
5860,rebounding,1,752,256,27861,96.49,sam2,0.0,0.0,0.0
5861,rebounding,1,,,,,null,,,
5862,rebounding,1,,,,,null,,,
5863,rebounding,1,,,,,null,,,
5864,rebounding,1,752,256,27692,95.91,sam2,0.0,0.0,0.0
5865,rebounding,1,,,,,null,,,
5866,rebounding,1,,,,,null,,,
5867,rebounding,1,,,,,null,,,
5868,rebounding,1,752,256,27673,95.84,sam2,0.0,0.0,0.0
5869,rebounding,1,,,,,null,,,
5870,rebounding,1,,,,,null,,,
5871,rebounding,1,,,,,null,,,
5872,rebounding,1,752,256,27672,95.84,sam2,0.0,0.0,0.0
5873,rebounding,1,,,,,null,,,
5874,rebounding,1,,,,,null,,,
5875,rebounding,1,,,,,null,,,
5876,rebounding,1,752,256,27617,95.65,sam2,0.0,0.0,0.0
5877,rebounding,1,,,,,null,,,
5878,rebounding,1,,,,,null,,,
5879,rebounding,1,,,,,null,,,
5880,rebounding,1,752,256,27740,96.08,sam2,0.0,0.0,0.0
5881,rebounding,1,,,,,null,,,
5882,rebounding,1,,,,,null,,,
5883,rebounding,1,,,,,null,,,
5884,rebounding,1,752,256,27658,95.79,sam2,0.0,0.0,0.0
5885,rebounding,1,,,,,null,,,
5886,rebounding,1,,,,,null,,,
5887,rebounding,1,,,,,null,,,
5888,rebounding,1,751,256,27654,95.78,sam2,1.0,749.192,13.378
5889,rebounding,1,,,,,null,,,
5890,rebounding,1,,,,,null,,,
5891,rebounding,1,,,,,null,,,
5892,rebounding,1,751,256,27649,95.76,sam2,0.0,0.0,0.0
5893,rebounding,1,,,,,null,,,
5894,rebounding,1,,,,,null,,,
5895,rebounding,1,,,,,null,,,
5896,rebounding,1,751,256,27721,96.01,sam2,0.0,0.0,0.0
5897,rebounding,1,,,,,null,,,
5898,rebounding,1,,,,,null,,,
5899,rebounding,1,,,,,null,,,
5900,rebounding,1,751,256,27799,96.28,sam2,0.0,0.0,0.0
5901,rebounding,1,,,,,null,,,
5902,rebounding,1,,,,,null,,,
5903,rebounding,1,,,,,null,,,
5904,rebounding,1,751,256,27770,96.18,sam2,0.0,0.0,0.0
5905,rebounding,1,,,,,null,,,
5906,rebounding,1,,,,,null,,,
5907,rebounding,1,,,,,null,,,
5908,rebounding,1,750,256,27874,96.54,sam2,1.0,749.192,13.378
5909,rebounding,1,,,,,null,,,
5910,rebounding,1,,,,,null,,,
5911,rebounding,1,,,,,null,,,
5912,rebounding,1,750,256,27770,96.18,sam2,0.0,0.0,0.0
5913,rebounding,1,,,,,null,,,
5914,rebounding,1,,,,,null,,,
5915,rebounding,1,,,,,null,,,
5916,rebounding,1,750,256,27702,95.94,sam2,0.0,0.0,0.0
5917,rebounding,1,,,,,null,,,
5918,rebounding,1,,,,,null,,,
5919,rebounding,1,,,,,null,,,
5920,rebounding,1,750,256,27703,95.95,sam2,0.0,0.0,0.0
5921,rebounding,1,,,,,null,,,
5922,rebounding,1,,,,,null,,,
5923,rebounding,1,,,,,null,,,
5924,rebounding,1,750,256,27646,95.75,sam2,0.0,0.0,0.0
5925,rebounding,1,,,,,null,,,
5926,rebounding,1,,,,,null,,,
5927,rebounding,1,,,,,null,,,
5928,rebounding,1,750,256,27682,95.88,sam2,0.0,0.0,0.0
5929,rebounding,1,,,,,null,,,
5930,rebounding,1,,,,,null,,,
5931,rebounding,1,,,,,null,,,
5932,rebounding,1,750,259,29289,101.44,sam2,3.0,2247.575,40.135
5933,rebounding,1,,,,,null,,,
5934,rebounding,1,,,,,null,,,
5935,rebounding,1,,,,,null,,,
5936,rebounding,1,751,259,29317,101.54,sam2,1.0,749.192,13.378
5937,rebounding,1,,,,,null,,,
5938,rebounding,1,,,,,null,,,
5939,rebounding,1,,,,,null,,,
5940,rebounding,1,751,256,27759,96.14,sam2,3.0,2247.575,40.135
5941,rebounding,1,,,,,null,,,
5942,rebounding,1,,,,,null,,,
5943,rebounding,1,,,,,null,,,
5944,rebounding,1,751,256,27700,95.94,sam2,0.0,0.0,0.0
5945,rebounding,1,,,,,null,,,
5946,rebounding,1,,,,,null,,,
5947,rebounding,1,,,,,null,,,
5948,rebounding,1,751,256,27774,96.19,sam2,0.0,0.0,0.0
5949,rebounding,1,,,,,null,,,
5950,rebounding,1,,,,,null,,,
5951,rebounding,1,,,,,null,,,
5952,rebounding,1,751,256,27817,96.34,sam2,0.0,0.0,0.0
5953,rebounding,1,,,,,null,,,
5954,rebounding,1,,,,,null,,,
5955,rebounding,1,,,,,null,,,
5956,rebounding,1,751,256,27901,96.63,sam2,0.0,0.0,0.0
5957,rebounding,1,,,,,null,,,
5958,rebounding,1,,,,,null,,,
5959,rebounding,1,,,,,null,,,
5960,rebounding,1,751,256,27829,96.38,sam2,0.0,0.0,0.0
5961,rebounding,1,,,,,null,,,
5962,rebounding,1,,,,,null,,,
5963,rebounding,1,,,,,null,,,
5964,rebounding,1,752,256,27733,96.05,sam2,1.0,749.192,13.378
5965,rebounding,1,,,,,null,,,
5966,rebounding,1,,,,,null,,,
5967,rebounding,1,,,,,null,,,
5968,rebounding,1,752,256,27674,95.85,sam2,0.0,0.0,0.0
5969,rebounding,1,,,,,null,,,
5970,rebounding,1,,,,,null,,,
5971,rebounding,1,,,,,null,,,
5972,rebounding,1,752,256,27837,96.41,sam2,0.0,0.0,0.0
5973,rebounding,1,,,,,null,,,
5974,rebounding,1,,,,,null,,,
5975,rebounding,1,,,,,null,,,
5976,rebounding,1,752,256,27768,96.17,sam2,0.0,0.0,0.0
5977,rebounding,1,,,,,null,,,
5978,rebounding,1,,,,,null,,,
5979,rebounding,1,,,,,null,,,
5980,rebounding,1,752,259,29643,102.67,sam2,3.0,2247.575,40.135
5981,rebounding,1,,,,,null,,,
5982,rebounding,1,,,,,null,,,
5983,rebounding,1,,,,,null,,,
5984,rebounding,1,752,256,27712,95.98,sam2,3.0,2247.575,40.135
5985,rebounding,1,,,,,null,,,
5986,rebounding,1,,,,,null,,,
5987,rebounding,1,,,,,null,,,
5988,rebounding,1,752,256,27599,95.59,sam2,0.0,0.0,0.0
5989,rebounding,1,,,,,null,,,
5990,rebounding,1,,,,,null,,,
5991,rebounding,1,,,,,null,,,
5992,rebounding,1,752,256,27715,95.99,sam2,0.0,0.0,0.0
5993,rebounding,1,,,,,null,,,
5994,rebounding,1,,,,,null,,,
5995,rebounding,1,,,,,null,,,
5996,rebounding,1,752,256,27716,95.99,sam2,0.0,0.0,0.0
5997,rebounding,1,,,,,null,,,
5998,rebounding,1,,,,,null,,,
5999,rebounding,1,,,,,null,,,
6000,rebounding,1,752,256,27729,96.04,sam2,0.0,0.0,0.0
6001,rebounding,1,,,,,null,,,
6002,rebounding,1,,,,,null,,,
6003,rebounding,1,,,,,null,,,
6004,rebounding,1,752,256,27744,96.09,sam2,0.0,0.0,0.0
6005,rebounding,1,,,,,null,,,
6006,rebounding,1,,,,,null,,,
6007,rebounding,1,,,,,null,,,
6008,rebounding,1,751,256,27720,96.01,sam2,1.0,749.192,13.378
6009,rebounding,1,,,,,null,,,
6010,rebounding,1,,,,,null,,,
6011,rebounding,1,,,,,null,,,
6012,rebounding,1,751,256,27758,96.14,sam2,0.0,0.0,0.0
6013,rebounding,1,,,,,null,,,
6014,rebounding,1,,,,,null,,,
6015,rebounding,1,,,,,null,,,
6016,rebounding,1,751,256,27719,96.0,sam2,0.0,0.0,0.0
6017,rebounding,1,,,,,null,,,
6018,rebounding,1,,,,,null,,,
6019,rebounding,1,,,,,null,,,
6020,rebounding,1,751,256,27808,96.31,sam2,0.0,0.0,0.0
6021,rebounding,1,,,,,null,,,
6022,rebounding,1,,,,,null,,,
6023,rebounding,1,,,,,null,,,
6024,rebounding,1,750,256,27741,96.08,sam2,1.0,749.192,13.378
6025,rebounding,1,,,,,null,,,
6026,rebounding,1,,,,,null,,,
6027,rebounding,1,,,,,null,,,
6028,rebounding,1,750,259,29738,103.0,sam2,3.0,2247.575,40.135
6029,rebounding,1,,,,,null,,,
6030,rebounding,1,,,,,null,,,
6031,rebounding,1,,,,,null,,,
6032,rebounding,1,750,259,29768,103.1,sam2,0.0,0.0,0.0
6033,rebounding,1,,,,,null,,,
6034,rebounding,1,,,,,null,,,
6035,rebounding,1,,,,,null,,,
6036,rebounding,1,750,256,27784,96.23,sam2,3.0,2247.575,40.135
6037,rebounding,1,,,,,null,,,
6038,rebounding,1,,,,,null,,,
6039,rebounding,1,,,,,null,,,
6040,rebounding,1,750,259,29679,102.79,sam2,3.0,2247.575,40.135
6041,rebounding,1,,,,,null,,,
6042,rebounding,1,,,,,null,,,
6043,rebounding,1,,,,,null,,,
6044,rebounding,1,750,256,27803,96.29,sam2,3.0,2247.575,40.135
6045,rebounding,1,,,,,null,,,
6046,rebounding,1,,,,,null,,,
6047,rebounding,1,,,,,null,,,
6048,rebounding,1,750,257,27753,96.12,sam2,1.0,749.192,13.378
6049,rebounding,1,,,,,null,,,
6050,rebounding,1,,,,,null,,,
6051,rebounding,1,,,,,null,,,
6052,rebounding,1,750,257,27914,96.68,sam2,0.0,0.0,0.0
6053,rebounding,1,,,,,null,,,
6054,rebounding,1,,,,,null,,,
6055,rebounding,1,,,,,null,,,
6056,rebounding,1,750,257,27856,96.48,sam2,0.0,0.0,0.0
6057,rebounding,1,,,,,null,,,
6058,rebounding,1,,,,,null,,,
6059,rebounding,1,,,,,null,,,
6060,rebounding,1,750,256,27749,96.11,sam2,1.0,749.192,13.378
6061,rebounding,1,,,,,null,,,
6062,rebounding,1,,,,,null,,,
6063,rebounding,1,,,,,null,,,
6064,rebounding,1,750,256,27826,96.37,sam2,0.0,0.0,0.0
6065,rebounding,1,,,,,null,,,
6066,rebounding,1,,,,,null,,,
6067,rebounding,1,,,,,null,,,
6068,rebounding,1,751,256,27669,95.83,sam2,1.0,749.192,13.378
6069,rebounding,1,,,,,null,,,
6070,rebounding,1,,,,,null,,,
6071,rebounding,1,,,,,null,,,
6072,rebounding,1,751,256,27769,96.18,sam2,0.0,0.0,0.0
6073,rebounding,1,,,,,null,,,
6074,rebounding,1,,,,,null,,,
6075,rebounding,1,,,,,null,,,
6076,rebounding,1,751,256,27905,96.65,sam2,0.0,0.0,0.0
6077,rebounding,1,,,,,null,,,
6078,rebounding,1,,,,,null,,,
6079,rebounding,1,,,,,null,,,
6080,rebounding,1,751,256,27827,96.38,sam2,0.0,0.0,0.0
6081,rebounding,1,,,,,null,,,
6082,rebounding,1,,,,,null,,,
6083,rebounding,1,,,,,null,,,
6084,rebounding,1,752,256,27769,96.18,sam2,1.0,749.192,13.378
6085,rebounding,1,,,,,null,,,
6086,rebounding,1,,,,,null,,,
6087,rebounding,1,,,,,null,,,
6088,rebounding,1,752,256,27798,96.28,sam2,0.0,0.0,0.0
6089,rebounding,1,,,,,null,,,
6090,rebounding,1,,,,,null,,,
6091,rebounding,1,,,,,null,,,
6092,rebounding,1,752,256,27729,96.04,sam2,0.0,0.0,0.0
6093,rebounding,1,,,,,null,,,
6094,rebounding,1,,,,,null,,,
6095,rebounding,1,,,,,null,,,
6096,rebounding,1,752,256,27781,96.22,sam2,0.0,0.0,0.0
6097,rebounding,1,,,,,null,,,
6098,rebounding,1,,,,,null,,,
6099,rebounding,1,,,,,null,,,
6100,rebounding,1,752,259,29531,102.28,sam2,3.0,2247.575,40.135
6101,rebounding,1,,,,,null,,,
6102,rebounding,1,,,,,null,,,
6103,rebounding,1,,,,,null,,,
6104,rebounding,1,752,256,27636,95.72,sam2,3.0,2247.575,40.135
6105,rebounding,1,,,,,null,,,
6106,rebounding,1,,,,,null,,,
6107,rebounding,1,,,,,null,,,
6108,rebounding,1,752,256,27702,95.94,sam2,0.0,0.0,0.0
6109,rebounding,1,,,,,null,,,
6110,rebounding,1,,,,,null,,,
6111,rebounding,1,,,,,null,,,
6112,rebounding,1,752,256,27733,96.05,sam2,0.0,0.0,0.0
6113,rebounding,1,,,,,null,,,
6114,rebounding,1,,,,,null,,,
6115,rebounding,1,,,,,null,,,
6116,rebounding,1,752,256,27762,96.15,sam2,0.0,0.0,0.0
6117,rebounding,1,,,,,null,,,
6118,rebounding,1,,,,,null,,,
6119,rebounding,1,,,,,null,,,
6120,rebounding,1,751,256,27745,96.09,sam2,1.0,749.192,13.378
6121,rebounding,1,,,,,null,,,
6122,rebounding,1,,,,,null,,,
6123,rebounding,1,,,,,null,,,
6124,rebounding,1,751,256,27836,96.41,sam2,0.0,0.0,0.0
6125,rebounding,1,,,,,null,,,
6126,rebounding,1,,,,,null,,,
6127,rebounding,1,,,,,null,,,
6128,rebounding,1,751,256,27759,96.14,sam2,0.0,0.0,0.0
6129,rebounding,1,,,,,null,,,
6130,rebounding,1,,,,,null,,,
6131,rebounding,1,,,,,null,,,
6132,rebounding,1,751,256,27779,96.21,sam2,0.0,0.0,0.0
6133,rebounding,1,,,,,null,,,
6134,rebounding,1,,,,,null,,,
6135,rebounding,1,,,,,null,,,
6136,rebounding,1,751,256,27803,96.29,sam2,0.0,0.0,0.0
6137,rebounding,1,,,,,null,,,
6138,rebounding,1,,,,,null,,,
6139,rebounding,1,,,,,null,,,
6140,rebounding,1,751,259,29649,102.69,sam2,3.0,2247.575,40.135
6141,rebounding,1,,,,,null,,,
6142,rebounding,1,,,,,null,,,
6143,rebounding,1,,,,,null,,,
6144,rebounding,1,751,259,29634,102.64,sam2,0.0,0.0,0.0
6145,rebounding,1,,,,,null,,,
6146,rebounding,1,,,,,null,,,
6147,rebounding,1,,,,,null,,,
6148,rebounding,1,750,256,27750,96.11,sam2,3.162,2369.152,42.306
6149,rebounding,1,,,,,null,,,
6150,rebounding,1,,,,,null,,,
6151,rebounding,1,,,,,null,,,
6152,rebounding,1,750,256,27756,96.13,sam2,0.0,0.0,0.0
6153,rebounding,1,,,,,null,,,
6154,rebounding,1,,,,,null,,,
6155,rebounding,1,,,,,null,,,
6156,rebounding,1,750,256,27758,96.14,sam2,0.0,0.0,0.0
6157,rebounding,1,,,,,null,,,
6158,rebounding,1,,,,,null,,,
6159,rebounding,1,,,,,null,,,
6160,rebounding,1,750,256,27738,96.07,sam2,0.0,0.0,0.0
6161,rebounding,1,,,,,null,,,
6162,rebounding,1,,,,,null,,,
6163,rebounding,1,,,,,null,,,
6164,rebounding,1,750,257,27839,96.42,sam2,1.0,749.192,13.378
6165,rebounding,1,,,,,null,,,
6166,rebounding,1,,,,,null,,,
6167,rebounding,1,,,,,null,,,
6168,rebounding,1,751,257,27723,96.02,sam2,1.0,749.192,13.378
6169,rebounding,1,,,,,null,,,
6170,rebounding,1,,,,,null,,,
6171,rebounding,1,,,,,null,,,
6172,rebounding,1,750,256,27586,95.54,sam2,1.414,1059.517,18.92
6173,rebounding,1,,,,,null,,,
6174,rebounding,1,,,,,null,,,
6175,rebounding,1,,,,,null,,,
6176,rebounding,1,751,256,27569,95.48,sam2,1.0,749.192,13.378
6177,rebounding,1,,,,,null,,,
6178,rebounding,1,,,,,null,,,
6179,rebounding,1,,,,,null,,,
6180,rebounding,1,751,259,29586,102.47,sam2,3.0,2247.575,40.135
6181,rebounding,1,,,,,null,,,
6182,rebounding,1,,,,,null,,,
6183,rebounding,1,,,,,null,,,
6184,rebounding,1,751,256,27655,95.78,sam2,3.0,2247.575,40.135
6185,rebounding,1,,,,,null,,,
6186,rebounding,1,,,,,null,,,
6187,rebounding,1,,,,,null,,,
6188,rebounding,1,751,256,27688,95.9,sam2,0.0,0.0,0.0
6189,rebounding,1,,,,,null,,,
6190,rebounding,1,,,,,null,,,
6191,rebounding,1,,,,,null,,,
6192,rebounding,1,751,256,27784,96.23,sam2,0.0,0.0,0.0
6193,rebounding,1,,,,,null,,,
6194,rebounding,1,,,,,null,,,
6195,rebounding,1,,,,,null,,,
6196,rebounding,1,751,259,29648,102.68,sam2,3.0,2247.575,40.135
6197,rebounding,1,,,,,null,,,
6198,rebounding,1,,,,,null,,,
6199,rebounding,1,,,,,null,,,
6200,rebounding,1,751,256,27749,96.11,sam2,3.0,2247.575,40.135
6201,rebounding,1,,,,,null,,,
6202,rebounding,1,,,,,null,,,
6203,rebounding,1,,,,,null,,,
6204,rebounding,1,751,256,27813,96.33,sam2,0.0,0.0,0.0
6205,rebounding,1,,,,,null,,,
6206,rebounding,1,,,,,null,,,
6207,rebounding,1,,,,,null,,,
6208,rebounding,1,752,256,27679,95.86,sam2,1.0,749.192,13.378
6209,rebounding,1,,,,,null,,,
6210,rebounding,1,,,,,null,,,
6211,rebounding,1,,,,,null,,,
6212,rebounding,1,752,256,27783,96.22,sam2,0.0,0.0,0.0
6213,rebounding,1,,,,,null,,,
6214,rebounding,1,,,,,null,,,
6215,rebounding,1,,,,,null,,,
6216,rebounding,1,752,256,27750,96.11,sam2,0.0,0.0,0.0
6217,rebounding,1,,,,,null,,,
6218,rebounding,1,,,,,null,,,
6219,rebounding,1,,,,,null,,,
6220,rebounding,1,752,256,27818,96.35,sam2,0.0,0.0,0.0
6221,rebounding,1,,,,,null,,,
6222,rebounding,1,,,,,null,,,
6223,rebounding,1,,,,,null,,,
6224,rebounding,1,751,256,27713,95.98,sam2,1.0,749.192,13.378
6225,rebounding,1,,,,,null,,,
6226,rebounding,1,,,,,null,,,
6227,rebounding,1,,,,,null,,,
6228,rebounding,1,752,260,29666,102.75,sam2,4.123,3088.996,55.161
6229,rebounding,1,,,,,null,,,
6230,rebounding,1,,,,,null,,,
6231,rebounding,1,,,,,null,,,
6232,rebounding,1,752,256,27766,96.17,sam2,4.0,2996.766,53.514
6233,rebounding,1,,,,,null,,,
6234,rebounding,1,,,,,null,,,
6235,rebounding,1,,,,,null,,,
6236,rebounding,1,751,256,27771,96.18,sam2,1.0,749.192,13.378
6237,rebounding,1,,,,,null,,,
6238,rebounding,1,,,,,null,,,
6239,rebounding,1,,,,,null,,,
6240,rebounding,1,751,256,27749,96.11,sam2,0.0,0.0,0.0
6241,rebounding,1,,,,,null,,,
6242,rebounding,1,,,,,null,,,
6243,rebounding,1,,,,,null,,,
6244,rebounding,1,751,256,27895,96.61,sam2,0.0,0.0,0.0
6245,rebounding,1,,,,,null,,,
6246,rebounding,1,,,,,null,,,
6247,rebounding,1,,,,,null,,,
6248,rebounding,1,751,256,27816,96.34,sam2,0.0,0.0,0.0
6249,rebounding,1,,,,,null,,,
6250,rebounding,1,,,,,null,,,
6251,rebounding,1,,,,,null,,,
6252,rebounding,1,751,256,27933,96.74,sam2,0.0,0.0,0.0
6253,rebounding,1,,,,,null,,,
6254,rebounding,1,,,,,null,,,
6255,rebounding,1,,,,,null,,,
6256,rebounding,1,751,259,29709,102.9,sam2,3.0,2247.575,40.135
6257,rebounding,1,,,,,null,,,
6258,rebounding,1,,,,,null,,,
6259,rebounding,1,,,,,null,,,
6260,rebounding,1,751,259,29593,102.49,sam2,0.0,0.0,0.0
6261,rebounding,1,,,,,null,,,
6262,rebounding,1,,,,,null,,,
6263,rebounding,1,,,,,null,,,
6264,rebounding,1,751,259,29709,102.9,sam2,0.0,0.0,0.0
6265,rebounding,1,,,,,null,,,
6266,rebounding,1,,,,,null,,,
6267,rebounding,1,,,,,null,,,
6268,rebounding,1,751,256,27773,96.19,sam2,3.0,2247.575,40.135
6269,rebounding,1,,,,,null,,,
6270,rebounding,1,,,,,null,,,
6271,rebounding,1,,,,,null,,,
6272,rebounding,1,751,257,27882,96.57,sam2,1.0,749.192,13.378
6273,rebounding,1,,,,,null,,,
6274,rebounding,1,,,,,null,,,
6275,rebounding,1,,,,,null,,,
6276,rebounding,1,751,257,27887,96.59,sam2,0.0,0.0,0.0
6277,rebounding,1,,,,,null,,,
6278,rebounding,1,,,,,null,,,
6279,rebounding,1,,,,,null,,,
6280,rebounding,1,750,257,27884,96.57,sam2,1.0,749.192,13.378
6281,rebounding,1,,,,,null,,,
6282,rebounding,1,,,,,null,,,
6283,rebounding,1,,,,,null,,,
6284,rebounding,1,751,256,27753,96.12,sam2,1.414,1059.517,18.92
6285,rebounding,1,,,,,null,,,
6286,rebounding,1,,,,,null,,,
6287,rebounding,1,,,,,null,,,
6288,rebounding,1,751,256,27825,96.37,sam2,0.0,0.0,0.0
6289,rebounding,1,,,,,null,,,
6290,rebounding,1,,,,,null,,,
6291,rebounding,1,,,,,null,,,
6292,rebounding,1,751,256,27643,95.74,sam2,0.0,0.0,0.0
6293,rebounding,1,,,,,null,,,
6294,rebounding,1,,,,,null,,,
6295,rebounding,1,,,,,null,,,
6296,rebounding,1,751,256,27634,95.71,sam2,0.0,0.0,0.0
6297,rebounding,1,,,,,null,,,
6298,rebounding,1,,,,,null,,,
6299,rebounding,1,,,,,null,,,
6300,rebounding,1,751,256,27692,95.91,sam2,0.0,0.0,0.0
6301,rebounding,1,,,,,null,,,
6302,rebounding,1,,,,,null,,,
6303,rebounding,1,,,,,null,,,
6304,rebounding,1,751,256,27776,96.2,sam2,0.0,0.0,0.0
6305,rebounding,1,,,,,null,,,
6306,rebounding,1,,,,,null,,,
6307,rebounding,1,,,,,null,,,
6308,rebounding,1,751,256,27705,95.95,sam2,0.0,0.0,0.0
6309,rebounding,1,,,,,null,,,
6310,rebounding,1,,,,,null,,,
6311,rebounding,1,,,,,null,,,
6312,rebounding,1,751,256,27716,95.99,sam2,0.0,0.0,0.0
6313,rebounding,1,,,,,null,,,
6314,rebounding,1,,,,,null,,,
6315,rebounding,1,,,,,null,,,
6316,rebounding,1,751,256,27641,95.73,sam2,0.0,0.0,0.0
6317,rebounding,1,,,,,null,,,
6318,rebounding,1,,,,,null,,,
6319,rebounding,1,,,,,null,,,
6320,rebounding,1,751,256,27699,95.93,sam2,0.0,0.0,0.0
6321,rebounding,1,,,,,null,,,
6322,rebounding,1,,,,,null,,,
6323,rebounding,1,,,,,null,,,
6324,rebounding,1,751,256,27677,95.86,sam2,0.0,0.0,0.0
6325,rebounding,1,,,,,null,,,
6326,rebounding,1,,,,,null,,,
6327,rebounding,1,,,,,null,,,
6328,rebounding,1,751,256,27673,95.84,sam2,0.0,0.0,0.0
6329,rebounding,1,,,,,null,,,
6330,rebounding,1,,,,,null,,,
6331,rebounding,1,,,,,null,,,
6332,rebounding,1,751,256,27724,96.02,sam2,0.0,0.0,0.0
6333,rebounding,1,,,,,null,,,
6334,rebounding,1,,,,,null,,,
6335,rebounding,1,,,,,null,,,
6336,rebounding,1,752,259,29456,102.02,sam2,3.162,2369.152,42.306
6337,rebounding,1,,,,,null,,,
6338,rebounding,1,,,,,null,,,
6339,rebounding,1,,,,,null,,,
6340,rebounding,1,751,256,27541,95.39,sam2,3.162,2369.152,42.306
6341,rebounding,1,,,,,null,,,
6342,rebounding,1,,,,,null,,,
6343,rebounding,1,,,,,null,,,
6344,rebounding,1,752,259,29611,102.56,sam2,3.162,2369.152,42.306
6345,rebounding,1,,,,,null,,,
6346,rebounding,1,,,,,null,,,
6347,rebounding,1,,,,,null,,,
6348,rebounding,1,751,256,27850,96.46,sam2,3.162,2369.152,42.306
6349,rebounding,1,,,,,null,,,
6350,rebounding,1,,,,,null,,,
6351,rebounding,1,,,,,null,,,
6352,rebounding,1,751,256,27784,96.23,sam2,0.0,0.0,0.0
6353,rebounding,1,,,,,null,,,
6354,rebounding,1,,,,,null,,,
6355,rebounding,1,,,,,null,,,
6356,rebounding,1,751,256,27912,96.67,sam2,0.0,0.0,0.0
6357,rebounding,1,,,,,null,,,
6358,rebounding,1,,,,,null,,,
6359,rebounding,1,,,,,null,,,
6360,rebounding,1,751,256,27884,96.57,sam2,0.0,0.0,0.0
6361,rebounding,1,,,,,null,,,
6362,rebounding,1,,,,,null,,,
6363,rebounding,1,,,,,null,,,
6364,rebounding,1,751,256,27798,96.28,sam2,0.0,0.0,0.0
6365,rebounding,1,,,,,null,,,
6366,rebounding,1,,,,,null,,,
6367,rebounding,1,,,,,null,,,
6368,rebounding,1,751,256,27919,96.7,sam2,0.0,0.0,0.0
6369,rebounding,1,,,,,null,,,
6370,rebounding,1,,,,,null,,,
6371,rebounding,1,,,,,null,,,
6372,rebounding,1,751,256,27768,96.17,sam2,0.0,0.0,0.0
6373,rebounding,1,,,,,null,,,
6374,rebounding,1,,,,,null,,,
6375,rebounding,1,,,,,null,,,
6376,rebounding,1,752,259,29612,102.56,sam2,3.162,2369.152,42.306
6377,rebounding,1,,,,,null,,,
6378,rebounding,1,,,,,null,,,
6379,rebounding,1,,,,,null,,,
6380,rebounding,1,751,256,27786,96.24,sam2,3.162,2369.152,42.306
6381,rebounding,1,,,,,null,,,
6382,rebounding,1,,,,,null,,,
6383,rebounding,1,,,,,null,,,
6384,rebounding,1,751,256,27842,96.43,sam2,0.0,0.0,0.0
6385,rebounding,1,,,,,null,,,
6386,rebounding,1,,,,,null,,,
6387,rebounding,1,,,,,null,,,
6388,rebounding,1,751,256,27793,96.26,sam2,0.0,0.0,0.0
6389,rebounding,1,,,,,null,,,
6390,rebounding,1,,,,,null,,,
6391,rebounding,1,,,,,null,,,
6392,rebounding,1,751,259,29525,102.26,sam2,3.0,2247.575,40.135
6393,rebounding,1,,,,,null,,,
6394,rebounding,1,,,,,null,,,
6395,rebounding,1,,,,,null,,,
6396,rebounding,1,751,256,27765,96.16,sam2,3.0,2247.575,40.135
6397,rebounding,1,,,,,null,,,
6398,rebounding,1,,,,,null,,,
6399,rebounding,1,,,,,null,,,
6400,rebounding,1,751,257,27780,96.21,sam2,1.0,749.192,13.378
6401,rebounding,1,,,,,null,,,
6402,rebounding,1,,,,,null,,,
6403,rebounding,1,,,,,null,,,
6404,rebounding,1,751,256,27706,95.96,sam2,1.0,749.192,13.378
6405,rebounding,1,,,,,null,,,
6406,rebounding,1,,,,,null,,,
6407,rebounding,1,,,,,null,,,
6408,rebounding,1,751,256,27851,96.46,sam2,0.0,0.0,0.0
6409,rebounding,1,,,,,null,,,
6410,rebounding,1,,,,,null,,,
6411,rebounding,1,,,,,null,,,
6412,rebounding,1,751,256,27710,95.97,sam2,0.0,0.0,0.0
6413,rebounding,1,,,,,null,,,
6414,rebounding,1,,,,,null,,,
6415,rebounding,1,,,,,null,,,
6416,rebounding,1,751,256,27831,96.39,sam2,0.0,0.0,0.0
6417,rebounding,1,,,,,null,,,
6418,rebounding,1,,,,,null,,,
6419,rebounding,1,,,,,null,,,
6420,rebounding,1,751,256,27773,96.19,sam2,0.0,0.0,0.0
6421,rebounding,1,,,,,null,,,
6422,rebounding,1,,,,,null,,,
6423,rebounding,1,,,,,null,,,
6424,rebounding,1,751,256,27727,96.03,sam2,0.0,0.0,0.0
6425,rebounding,1,,,,,null,,,
6426,rebounding,1,,,,,null,,,
6427,rebounding,1,,,,,null,,,
6428,rebounding,1,751,256,27687,95.89,sam2,0.0,0.0,0.0
6429,rebounding,1,,,,,null,,,
6430,rebounding,1,,,,,null,,,
6431,rebounding,1,,,,,null,,,
6432,rebounding,1,751,256,27751,96.11,sam2,0.0,0.0,0.0
6433,rebounding,1,,,,,null,,,
6434,rebounding,1,,,,,null,,,
6435,rebounding,1,,,,,null,,,
6436,rebounding,1,751,259,29675,102.78,sam2,3.0,2247.575,40.135
6437,rebounding,1,,,,,null,,,
6438,rebounding,1,,,,,null,,,
6439,rebounding,1,,,,,null,,,
6440,rebounding,1,751,256,27742,96.08,sam2,3.0,2247.575,40.135
6441,rebounding,1,,,,,null,,,
6442,rebounding,1,,,,,null,,,
6443,rebounding,1,,,,,null,,,
6444,rebounding,1,751,256,27711,95.98,sam2,0.0,0.0,0.0
6445,rebounding,1,,,,,null,,,
6446,rebounding,1,,,,,null,,,
6447,rebounding,1,,,,,null,,,
6448,rebounding,1,751,256,27673,95.84,sam2,0.0,0.0,0.0
6449,rebounding,1,,,,,null,,,
6450,rebounding,1,,,,,null,,,
6451,rebounding,1,,,,,null,,,
6452,rebounding,1,751,256,27761,96.15,sam2,0.0,0.0,0.0
6453,rebounding,1,,,,,null,,,
6454,rebounding,1,,,,,null,,,
6455,rebounding,1,,,,,null,,,
6456,rebounding,1,751,256,27811,96.32,sam2,0.0,0.0,0.0
6457,rebounding,1,,,,,null,,,
6458,rebounding,1,,,,,null,,,
6459,rebounding,1,,,,,null,,,
6460,rebounding,1,751,256,27916,96.69,sam2,0.0,0.0,0.0
6461,rebounding,1,,,,,null,,,
6462,rebounding,1,,,,,null,,,
6463,rebounding,1,,,,,null,,,
6464,rebounding,1,751,256,27719,96.0,sam2,0.0,0.0,0.0
6465,rebounding,1,,,,,null,,,
6466,rebounding,1,,,,,null,,,
6467,rebounding,1,,,,,null,,,
6468,rebounding,1,751,260,29853,103.39,sam2,4.0,2996.766,53.514
6469,rebounding,1,,,,,null,,,
6470,rebounding,1,,,,,null,,,
6471,rebounding,1,,,,,null,,,
6472,rebounding,1,751,256,27750,96.11,sam2,4.0,2996.766,53.514
6473,rebounding,1,,,,,null,,,
6474,rebounding,1,,,,,null,,,
6475,rebounding,1,,,,,null,,,
6476,rebounding,1,751,256,27794,96.26,sam2,0.0,0.0,0.0
6477,rebounding,1,,,,,null,,,
6478,rebounding,1,,,,,null,,,
6479,rebounding,1,,,,,null,,,
6480,rebounding,1,751,256,27847,96.45,sam2,0.0,0.0,0.0
6481,rebounding,1,,,,,null,,,
6482,rebounding,1,,,,,null,,,
6483,rebounding,1,,,,,null,,,
6484,rebounding,1,751,256,27863,96.5,sam2,0.0,0.0,0.0
6485,rebounding,1,,,,,null,,,
6486,rebounding,1,,,,,null,,,
6487,rebounding,1,,,,,null,,,
6488,rebounding,1,751,256,27743,96.09,sam2,0.0,0.0,0.0
6489,rebounding,1,,,,,null,,,
6490,rebounding,1,,,,,null,,,
6491,rebounding,1,,,,,null,,,
6492,rebounding,1,751,256,27862,96.5,sam2,0.0,0.0,0.0
6493,rebounding,1,,,,,null,,,
6494,rebounding,1,,,,,null,,,
6495,rebounding,1,,,,,null,,,
6496,rebounding,1,751,256,27680,95.87,sam2,0.0,0.0,0.0
6497,rebounding,1,,,,,null,,,
6498,rebounding,1,,,,,null,,,
6499,rebounding,1,,,,,null,,,
6500,rebounding,1,752,259,29640,102.66,sam2,3.162,2369.152,42.306
6501,rebounding,1,,,,,null,,,
6502,rebounding,1,,,,,null,,,
6503,rebounding,1,,,,,null,,,
6504,rebounding,1,751,256,27762,96.15,sam2,3.162,2369.152,42.306
6505,rebounding,1,,,,,null,,,
6506,rebounding,1,,,,,null,,,
6507,rebounding,1,,,,,null,,,
6508,rebounding,1,751,256,27768,96.17,sam2,0.0,0.0,0.0
6509,rebounding,1,,,,,null,,,
6510,rebounding,1,,,,,null,,,
6511,rebounding,1,,,,,null,,,
6512,rebounding,1,751,256,27662,95.81,sam2,0.0,0.0,0.0
6513,rebounding,1,,,,,null,,,
6514,rebounding,1,,,,,null,,,
6515,rebounding,1,,,,,null,,,
6516,rebounding,1,751,259,29601,102.52,sam2,3.0,2247.575,40.135
6517,rebounding,1,,,,,null,,,
6518,rebounding,1,,,,,null,,,
6519,rebounding,1,,,,,null,,,
6520,rebounding,1,751,256,27807,96.31,sam2,3.0,2247.575,40.135
6521,rebounding,1,,,,,null,,,
6522,rebounding,1,,,,,null,,,
6523,rebounding,1,,,,,null,,,
6524,rebounding,1,751,256,27787,96.24,sam2,0.0,0.0,0.0
6525,rebounding,1,,,,,null,,,
6526,rebounding,1,,,,,null,,,
6527,rebounding,1,,,,,null,,,
6528,rebounding,1,751,256,27684,95.88,sam2,0.0,0.0,0.0
6529,rebounding,1,,,,,null,,,
6530,rebounding,1,,,,,null,,,
6531,rebounding,1,,,,,null,,,
6532,rebounding,1,751,256,27754,96.12,sam2,0.0,0.0,0.0
6533,rebounding,1,,,,,null,,,
6534,rebounding,1,,,,,null,,,
6535,rebounding,1,,,,,null,,,
6536,rebounding,1,751,256,27712,95.98,sam2,0.0,0.0,0.0
6537,rebounding,1,,,,,null,,,
6538,rebounding,1,,,,,null,,,
6539,rebounding,1,,,,,null,,,
6540,rebounding,1,751,256,27814,96.33,sam2,0.0,0.0,0.0
6541,rebounding,1,,,,,null,,,
6542,rebounding,1,,,,,null,,,
6543,rebounding,1,,,,,null,,,
6544,rebounding,1,751,256,27677,95.86,sam2,0.0,0.0,0.0
6545,rebounding,1,,,,,null,,,
6546,rebounding,1,,,,,null,,,
6547,rebounding,1,,,,,null,,,
6548,rebounding,1,751,256,27739,96.07,sam2,0.0,0.0,0.0
6549,rebounding,1,,,,,null,,,
6550,rebounding,1,,,,,null,,,
6551,rebounding,1,,,,,null,,,
6552,rebounding,1,751,256,27784,96.23,sam2,0.0,0.0,0.0
6553,rebounding,1,,,,,null,,,
6554,rebounding,1,,,,,null,,,
6555,rebounding,1,,,,,null,,,
6556,rebounding,1,751,256,27746,96.1,sam2,0.0,0.0,0.0
6557,rebounding,1,,,,,null,,,
6558,rebounding,1,,,,,null,,,
6559,rebounding,1,,,,,null,,,
6560,rebounding,1,751,256,27812,96.33,sam2,0.0,0.0,0.0
6561,rebounding,1,,,,,null,,,
6562,rebounding,1,,,,,null,,,
6563,rebounding,1,,,,,null,,,
6564,rebounding,1,751,256,27812,96.33,sam2,0.0,0.0,0.0
6565,rebounding,1,,,,,null,,,
6566,rebounding,1,,,,,null,,,
6567,rebounding,1,,,,,null,,,
6568,rebounding,1,751,256,27721,96.01,sam2,0.0,0.0,0.0
6569,rebounding,1,,,,,null,,,
6570,rebounding,1,,,,,null,,,
6571,rebounding,1,,,,,null,,,
6572,rebounding,1,751,256,27810,96.32,sam2,0.0,0.0,0.0
6573,rebounding,1,,,,,null,,,
6574,rebounding,1,,,,,null,,,
6575,rebounding,1,,,,,null,,,
6576,rebounding,1,751,256,27700,95.94,sam2,0.0,0.0,0.0
6577,rebounding,1,,,,,null,,,
6578,rebounding,1,,,,,null,,,
6579,rebounding,1,,,,,null,,,
6580,rebounding,1,751,259,29550,102.34,sam2,3.0,2247.575,40.135
6581,rebounding,1,,,,,null,,,
6582,rebounding,1,,,,,null,,,
6583,rebounding,1,,,,,null,,,
6584,rebounding,1,751,256,27825,96.37,sam2,3.0,2247.575,40.135
6585,rebounding,1,,,,,null,,,
6586,rebounding,1,,,,,null,,,
6587,rebounding,1,,,,,null,,,
6588,rebounding,1,751,259,29622,102.59,sam2,3.0,2247.575,40.135
6589,rebounding,1,,,,,null,,,
6590,rebounding,1,,,,,null,,,
6591,rebounding,1,,,,,null,,,
6592,rebounding,1,752,259,29652,102.7,sam2,1.0,749.192,13.378
6593,rebounding,1,,,,,null,,,
6594,rebounding,1,,,,,null,,,
6595,rebounding,1,,,,,null,,,
6596,rebounding,1,752,259,29906,103.58,sam2,0.0,0.0,0.0
6597,rebounding,1,,,,,null,,,
6598,rebounding,1,,,,,null,,,
6599,rebounding,1,,,,,null,,,
6600,rebounding,1,751,256,27917,96.69,sam2,3.162,2369.152,42.306
6601,rebounding,1,,,,,null,,,
6602,rebounding,1,,,,,null,,,
6603,rebounding,1,,,,,null,,,
6604,rebounding,1,751,256,28002,96.98,sam2,0.0,0.0,0.0
6605,rebounding,1,,,,,null,,,
6606,rebounding,1,,,,,null,,,
6607,rebounding,1,,,,,null,,,
6608,rebounding,1,751,256,27915,96.68,sam2,0.0,0.0,0.0
6609,rebounding,1,,,,,null,,,
6610,rebounding,1,,,,,null,,,
6611,rebounding,1,,,,,null,,,
6612,rebounding,1,751,257,28027,97.07,sam2,1.0,749.192,13.378
6613,rebounding,1,,,,,null,,,
6614,rebounding,1,,,,,null,,,
6615,rebounding,1,,,,,null,,,
6616,rebounding,1,751,256,27971,96.88,sam2,1.0,749.192,13.378
6617,rebounding,1,,,,,null,,,
6618,rebounding,1,,,,,null,,,
6619,rebounding,1,,,,,null,,,
6620,rebounding,1,751,256,27967,96.86,sam2,0.0,0.0,0.0
6621,rebounding,1,,,,,null,,,
6622,rebounding,1,,,,,null,,,
6623,rebounding,1,,,,,null,,,
6624,rebounding,1,751,256,27744,96.09,sam2,0.0,0.0,0.0
6625,rebounding,1,,,,,null,,,
6626,rebounding,1,,,,,null,,,
6627,rebounding,1,,,,,null,,,
6628,rebounding,1,751,256,27636,95.72,sam2,0.0,0.0,0.0
6629,rebounding,1,,,,,null,,,
6630,rebounding,1,,,,,null,,,
6631,rebounding,1,,,,,null,,,
6632,rebounding,1,752,256,27734,96.06,sam2,1.0,749.192,13.378
6633,rebounding,1,,,,,null,,,
6634,rebounding,1,,,,,null,,,
6635,rebounding,1,,,,,null,,,
6636,rebounding,1,751,256,27812,96.33,sam2,1.0,749.192,13.378
6637,rebounding,1,,,,,null,,,
6638,rebounding,1,,,,,null,,,
6639,rebounding,1,,,,,null,,,
6640,rebounding,1,751,256,27747,96.1,sam2,0.0,0.0,0.0
6641,rebounding,1,,,,,null,,,
6642,rebounding,1,,,,,null,,,
6643,rebounding,1,,,,,null,,,
6644,rebounding,1,751,256,27656,95.78,sam2,0.0,0.0,0.0
6645,rebounding,1,,,,,null,,,
6646,rebounding,1,,,,,null,,,
6647,rebounding,1,,,,,null,,,
6648,rebounding,1,751,256,27640,95.73,sam2,0.0,0.0,0.0
6649,rebounding,1,,,,,null,,,
6650,rebounding,1,,,,,null,,,
6651,rebounding,1,,,,,null,,,
6652,rebounding,1,751,256,27716,95.99,sam2,0.0,0.0,0.0
6653,rebounding,1,,,,,null,,,
6654,rebounding,1,,,,,null,,,
6655,rebounding,1,,,,,null,,,
6656,rebounding,1,751,256,27776,96.2,sam2,0.0,0.0,0.0
6657,rebounding,1,,,,,null,,,
6658,rebounding,1,,,,,null,,,
6659,rebounding,1,,,,,null,,,
6660,rebounding,1,751,256,27730,96.04,sam2,0.0,0.0,0.0
6661,rebounding,1,,,,,null,,,
6662,rebounding,1,,,,,null,,,
6663,rebounding,1,,,,,null,,,
6664,rebounding,1,751,256,27691,95.91,sam2,0.0,0.0,0.0
6665,rebounding,1,,,,,null,,,
6666,rebounding,1,,,,,null,,,
6667,rebounding,1,,,,,null,,,
6668,rebounding,1,751,256,27806,96.3,sam2,0.0,0.0,0.0
6669,rebounding,1,,,,,null,,,
6670,rebounding,1,,,,,null,,,
6671,rebounding,1,,,,,null,,,
6672,rebounding,1,750,256,27730,96.04,sam2,1.0,749.192,13.378
6673,rebounding,1,,,,,null,,,
6674,rebounding,1,,,,,null,,,
6675,rebounding,1,,,,,null,,,
6676,rebounding,1,751,256,27661,95.8,sam2,1.0,749.192,13.378
6677,rebounding,1,,,,,null,,,
6678,rebounding,1,,,,,null,,,
6679,rebounding,1,,,,,null,,,
6680,rebounding,1,751,256,27703,95.95,sam2,0.0,0.0,0.0
6681,rebounding,1,,,,,null,,,
6682,rebounding,1,,,,,null,,,
6683,rebounding,1,,,,,null,,,
6684,rebounding,1,751,256,27712,95.98,sam2,0.0,0.0,0.0
6685,rebounding,1,,,,,null,,,
6686,rebounding,1,,,,,null,,,
6687,rebounding,1,,,,,null,,,
6688,rebounding,1,750,256,27665,95.82,sam2,1.0,749.192,13.378
6689,rebounding,1,,,,,null,,,
6690,rebounding,1,,,,,null,,,
6691,rebounding,1,,,,,null,,,
6692,rebounding,1,750,256,27587,95.55,sam2,0.0,0.0,0.0
6693,rebounding,1,,,,,null,,,
6694,rebounding,1,,,,,null,,,
6695,rebounding,1,,,,,null,,,
6696,rebounding,1,751,256,27797,96.27,sam2,1.0,749.192,13.378
6697,rebounding,1,,,,,null,,,
6698,rebounding,1,,,,,null,,,
6699,rebounding,1,,,,,null,,,
6700,rebounding,1,751,256,27724,96.02,sam2,0.0,0.0,0.0
6701,rebounding,1,,,,,null,,,
6702,rebounding,1,,,,,null,,,
6703,rebounding,1,,,,,null,,,
6704,rebounding,1,751,256,27709,95.97,sam2,0.0,0.0,0.0
6705,rebounding,1,,,,,null,,,
6706,rebounding,1,,,,,null,,,
6707,rebounding,1,,,,,null,,,
6708,rebounding,1,751,256,27801,96.29,sam2,0.0,0.0,0.0
6709,rebounding,1,,,,,null,,,
6710,rebounding,1,,,,,null,,,
6711,rebounding,1,,,,,null,,,
6712,rebounding,1,751,256,27742,96.08,sam2,0.0,0.0,0.0
6713,rebounding,1,,,,,null,,,
6714,rebounding,1,,,,,null,,,
6715,rebounding,1,,,,,null,,,
6716,rebounding,1,751,256,27672,95.84,sam2,0.0,0.0,0.0
6717,rebounding,1,,,,,null,,,
6718,rebounding,1,,,,,null,,,
6719,rebounding,1,,,,,null,,,
6720,rebounding,1,751,255,27618,95.65,sam2,1.0,749.192,13.378
6721,rebounding,1,,,,,null,,,
6722,rebounding,1,,,,,null,,,
6723,rebounding,1,,,,,null,,,
6724,rebounding,1,752,259,29532,102.28,sam2,4.123,3088.996,55.161
6725,rebounding,1,,,,,null,,,
6726,rebounding,1,,,,,null,,,
6727,rebounding,1,,,,,null,,,
6728,rebounding,1,752,259,29538,102.3,sam2,0.0,0.0,0.0
6729,rebounding,1,,,,,null,,,
6730,rebounding,1,,,,,null,,,
6731,rebounding,1,,,,,null,,,
6732,rebounding,1,751,256,27810,96.32,sam2,3.162,2369.152,42.306
6733,rebounding,1,,,,,null,,,
6734,rebounding,1,,,,,null,,,
6735,rebounding,1,,,,,null,,,
6736,rebounding,1,752,259,29595,102.5,sam2,3.162,2369.152,42.306
6737,rebounding,1,,,,,null,,,
6738,rebounding,1,,,,,null,,,
6739,rebounding,1,,,,,null,,,
6740,rebounding,1,751,256,27817,96.34,sam2,3.162,2369.152,42.306
6741,rebounding,1,,,,,null,,,
6742,rebounding,1,,,,,null,,,
6743,rebounding,1,,,,,null,,,
6744,rebounding,1,751,256,27759,96.14,sam2,0.0,0.0,0.0
6745,rebounding,1,,,,,null,,,
6746,rebounding,1,,,,,null,,,
6747,rebounding,1,,,,,null,,,
6748,rebounding,1,751,256,27890,96.6,sam2,0.0,0.0,0.0
6749,rebounding,1,,,,,null,,,
6750,rebounding,1,,,,,null,,,
6751,rebounding,1,,,,,null,,,
6752,rebounding,1,751,256,27815,96.34,sam2,0.0,0.0,0.0
6753,rebounding,1,,,,,null,,,
6754,rebounding,1,,,,,null,,,
6755,rebounding,1,,,,,null,,,
6756,rebounding,1,751,256,27722,96.01,sam2,0.0,0.0,0.0
6757,rebounding,1,,,,,null,,,
6758,rebounding,1,,,,,null,,,
6759,rebounding,1,,,,,null,,,
6760,rebounding,1,751,256,27831,96.39,sam2,0.0,0.0,0.0
6761,rebounding,1,,,,,null,,,
6762,rebounding,1,,,,,null,,,
6763,rebounding,1,,,,,null,,,
6764,rebounding,1,751,256,27778,96.21,sam2,0.0,0.0,0.0
6765,rebounding,1,,,,,null,,,
6766,rebounding,1,,,,,null,,,
6767,rebounding,1,,,,,null,,,
6768,rebounding,1,751,256,27770,96.18,sam2,0.0,0.0,0.0
6769,rebounding,1,,,,,null,,,
6770,rebounding,1,,,,,null,,,
6771,rebounding,1,,,,,null,,,
6772,rebounding,1,751,256,27795,96.27,sam2,0.0,0.0,0.0
6773,rebounding,1,,,,,null,,,
6774,rebounding,1,,,,,null,,,
6775,rebounding,1,,,,,null,,,
6776,rebounding,1,751,256,27752,96.12,sam2,0.0,0.0,0.0
6777,rebounding,1,,,,,null,,,
6778,rebounding,1,,,,,null,,,
6779,rebounding,1,,,,,null,,,
6780,rebounding,1,751,256,27668,95.83,sam2,0.0,0.0,0.0
6781,rebounding,1,,,,,null,,,
6782,rebounding,1,,,,,null,,,
6783,rebounding,1,,,,,null,,,
6784,rebounding,1,751,256,27653,95.77,sam2,0.0,0.0,0.0
6785,rebounding,1,,,,,null,,,
6786,rebounding,1,,,,,null,,,
6787,rebounding,1,,,,,null,,,
6788,rebounding,1,751,256,27761,96.15,sam2,0.0,0.0,0.0
6789,rebounding,1,,,,,null,,,
6790,rebounding,1,,,,,null,,,
6791,rebounding,1,,,,,null,,,
6792,rebounding,1,751,256,27732,96.05,sam2,0.0,0.0,0.0
6793,rebounding,1,,,,,null,,,
6794,rebounding,1,,,,,null,,,
6795,rebounding,1,,,,,null,,,
6796,rebounding,1,751,259,29738,103.0,sam2,3.0,2247.575,40.135
6797,rebounding,1,,,,,null,,,
6798,rebounding,1,,,,,null,,,
6799,rebounding,1,,,,,null,,,
6800,rebounding,1,750,256,27767,96.17,sam2,3.162,2369.152,42.306
6801,rebounding,1,,,,,null,,,
6802,rebounding,1,,,,,null,,,
6803,rebounding,1,,,,,null,,,
6804,rebounding,1,751,256,27775,96.2,sam2,1.0,749.192,13.378
6805,rebounding,1,,,,,null,,,
6806,rebounding,1,,,,,null,,,
6807,rebounding,1,,,,,null,,,
6808,rebounding,1,751,260,29773,103.12,sam2,4.0,2996.766,53.514
6809,rebounding,1,,,,,null,,,
6810,rebounding,1,,,,,null,,,
6811,rebounding,1,,,,,null,,,
6812,rebounding,1,751,256,27759,96.14,sam2,4.0,2996.766,53.514
6813,rebounding,1,,,,,null,,,
6814,rebounding,1,,,,,null,,,
6815,rebounding,1,,,,,null,,,
6816,rebounding,1,751,256,27891,96.6,sam2,0.0,0.0,0.0
6817,rebounding,1,,,,,null,,,
6818,rebounding,1,,,,,null,,,
6819,rebounding,1,,,,,null,,,
6820,rebounding,1,751,256,27777,96.2,sam2,0.0,0.0,0.0
6821,rebounding,1,,,,,null,,,
6822,rebounding,1,,,,,null,,,
6823,rebounding,1,,,,,null,,,
6824,rebounding,1,751,256,27856,96.48,sam2,0.0,0.0,0.0
6825,rebounding,1,,,,,null,,,
6826,rebounding,1,,,,,null,,,
6827,rebounding,1,,,,,null,,,
6828,rebounding,1,751,256,27774,96.19,sam2,0.0,0.0,0.0
6829,rebounding,1,,,,,null,,,
6830,rebounding,1,,,,,null,,,
6831,rebounding,1,,,,,null,,,
6832,rebounding,1,751,256,27968,96.87,sam2,0.0,0.0,0.0
6833,rebounding,1,,,,,null,,,
6834,rebounding,1,,,,,null,,,
6835,rebounding,1,,,,,null,,,
6836,rebounding,1,751,259,29673,102.77,sam2,3.0,2247.575,40.135
6837,rebounding,1,,,,,null,,,
6838,rebounding,1,,,,,null,,,
6839,rebounding,1,,,,,null,,,
6840,rebounding,1,752,259,29687,102.82,sam2,1.0,749.192,13.378
6841,rebounding,1,,,,,null,,,
6842,rebounding,1,,,,,null,,,
6843,rebounding,1,,,,,null,,,
6844,rebounding,1,751,256,27700,95.94,sam2,3.162,2369.152,42.306
6845,rebounding,1,,,,,null,,,
6846,rebounding,1,,,,,null,,,
6847,rebounding,1,,,,,null,,,
6848,rebounding,1,751,256,27767,96.17,sam2,0.0,0.0,0.0
6849,rebounding,1,,,,,null,,,
6850,rebounding,1,,,,,null,,,
6851,rebounding,1,,,,,null,,,
6852,rebounding,1,751,256,27748,96.1,sam2,0.0,0.0,0.0
6853,rebounding,1,,,,,null,,,
6854,rebounding,1,,,,,null,,,
6855,rebounding,1,,,,,null,,,
6856,rebounding,1,752,256,27864,96.51,sam2,1.0,749.192,13.378
6857,rebounding,1,,,,,null,,,
6858,rebounding,1,,,,,null,,,
6859,rebounding,1,,,,,null,,,
6860,rebounding,1,752,256,27900,96.63,sam2,0.0,0.0,0.0
6861,rebounding,1,,,,,null,,,
6862,rebounding,1,,,,,null,,,
6863,rebounding,1,,,,,null,,,
6864,rebounding,1,752,256,27863,96.5,sam2,0.0,0.0,0.0
6865,rebounding,1,,,,,null,,,
6866,rebounding,1,,,,,null,,,
6867,rebounding,1,,,,,null,,,
6868,rebounding,1,751,260,29725,102.95,sam2,4.123,3088.996,55.161
6869,rebounding,1,,,,,null,,,
6870,rebounding,1,,,,,null,,,
6871,rebounding,1,,,,,null,,,
6872,rebounding,1,751,256,27782,96.22,sam2,4.0,2996.766,53.514
6873,rebounding,1,,,,,null,,,
6874,rebounding,1,,,,,null,,,
6875,rebounding,1,,,,,null,,,
6876,rebounding,1,751,256,27721,96.01,sam2,0.0,0.0,0.0
6877,rebounding,1,,,,,null,,,
6878,rebounding,1,,,,,null,,,
6879,rebounding,1,,,,,null,,,
6880,rebounding,1,751,256,27825,96.37,sam2,0.0,0.0,0.0
6881,rebounding,1,,,,,null,,,
6882,rebounding,1,,,,,null,,,
6883,rebounding,1,,,,,null,,,
6884,rebounding,1,751,256,27837,96.41,sam2,0.0,0.0,0.0
6885,rebounding,1,,,,,null,,,
6886,rebounding,1,,,,,null,,,
6887,rebounding,1,,,,,null,,,
6888,rebounding,1,751,256,27780,96.21,sam2,0.0,0.0,0.0
6889,rebounding,1,,,,,null,,,
6890,rebounding,1,,,,,null,,,
6891,rebounding,1,,,,,null,,,
6892,rebounding,1,751,256,27852,96.46,sam2,0.0,0.0,0.0
6893,rebounding,1,,,,,null,,,
6894,rebounding,1,,,,,null,,,
6895,rebounding,1,,,,,null,,,
6896,rebounding,1,751,256,27724,96.02,sam2,0.0,0.0,0.0
6897,rebounding,1,,,,,null,,,
6898,rebounding,1,,,,,null,,,
6899,rebounding,1,,,,,null,,,
6900,rebounding,1,751,256,27771,96.18,sam2,0.0,0.0,0.0
6901,rebounding,1,,,,,null,,,
6902,rebounding,1,,,,,null,,,
6903,rebounding,1,,,,,null,,,
6904,rebounding,1,751,256,27747,96.1,sam2,0.0,0.0,0.0
6905,rebounding,1,,,,,null,,,
6906,rebounding,1,,,,,null,,,
6907,rebounding,1,,,,,null,,,
6908,rebounding,1,750,256,27735,96.06,sam2,1.0,749.192,13.378
6909,rebounding,1,,,,,null,,,
6910,rebounding,1,,,,,null,,,
6911,rebounding,1,,,,,null,,,
6912,rebounding,1,750,256,27790,96.25,sam2,0.0,0.0,0.0
6913,rebounding,1,,,,,null,,,
6914,rebounding,1,,,,,null,,,
6915,rebounding,1,,,,,null,,,
6916,rebounding,1,750,256,27817,96.34,sam2,0.0,0.0,0.0
6917,rebounding,1,,,,,null,,,
6918,rebounding,1,,,,,null,,,
6919,rebounding,1,,,,,null,,,
6920,rebounding,1,750,256,27797,96.27,sam2,0.0,0.0,0.0
6921,rebounding,1,,,,,null,,,
6922,rebounding,1,,,,,null,,,
6923,rebounding,1,,,,,null,,,
6924,rebounding,1,751,256,27799,96.28,sam2,1.0,749.192,13.378
6925,rebounding,1,,,,,null,,,
6926,rebounding,1,,,,,null,,,
6927,rebounding,1,,,,,null,,,
6928,rebounding,1,750,260,29862,103.43,sam2,4.123,3088.996,55.161
6929,rebounding,1,,,,,null,,,
6930,rebounding,1,,,,,null,,,
6931,rebounding,1,,,,,null,,,
6932,rebounding,1,751,259,29717,102.92,sam2,1.414,1059.517,18.92
6933,rebounding,1,,,,,null,,,
6934,rebounding,1,,,,,null,,,
6935,rebounding,1,,,,,null,,,
6936,rebounding,1,751,256,27773,96.19,sam2,3.0,2247.575,40.135
6937,rebounding,1,,,,,null,,,
6938,rebounding,1,,,,,null,,,
6939,rebounding,1,,,,,null,,,
6940,rebounding,1,751,260,29985,103.85,sam2,4.0,2996.766,53.514
6941,rebounding,1,,,,,null,,,
6942,rebounding,1,,,,,null,,,
6943,rebounding,1,,,,,null,,,
6944,rebounding,1,751,256,27878,96.55,sam2,4.0,2996.766,53.514
6945,rebounding,1,,,,,null,,,
6946,rebounding,1,,,,,null,,,
6947,rebounding,1,,,,,null,,,
6948,rebounding,1,751,256,27948,96.8,sam2,0.0,0.0,0.0
6949,rebounding,1,,,,,null,,,
6950,rebounding,1,,,,,null,,,
6951,rebounding,1,,,,,null,,,
6952,rebounding,1,751,257,28014,97.02,sam2,1.0,749.192,13.378
6953,rebounding,1,,,,,null,,,
6954,rebounding,1,,,,,null,,,
6955,rebounding,1,,,,,null,,,
6956,rebounding,1,751,256,27881,96.56,sam2,1.0,749.192,13.378
6957,rebounding,1,,,,,null,,,
6958,rebounding,1,,,,,null,,,
6959,rebounding,1,,,,,null,,,
6960,rebounding,1,751,256,27872,96.53,sam2,0.0,0.0,0.0
6961,rebounding,1,,,,,null,,,
6962,rebounding,1,,,,,null,,,
6963,rebounding,1,,,,,null,,,
6964,rebounding,1,751,257,27902,96.64,sam2,1.0,749.192,13.378
6965,rebounding,1,,,,,null,,,
6966,rebounding,1,,,,,null,,,
6967,rebounding,1,,,,,null,,,
6968,rebounding,1,751,256,27687,95.89,sam2,1.0,749.192,13.378
6969,rebounding,1,,,,,null,,,
6970,rebounding,1,,,,,null,,,
6971,rebounding,1,,,,,null,,,
6972,rebounding,1,751,256,27767,96.17,sam2,0.0,0.0,0.0
6973,rebounding,1,,,,,null,,,
6974,rebounding,1,,,,,null,,,
6975,rebounding,1,,,,,null,,,
6976,rebounding,1,752,256,27791,96.25,sam2,1.0,749.192,13.378
6977,rebounding,1,,,,,null,,,
6978,rebounding,1,,,,,null,,,
6979,rebounding,1,,,,,null,,,
6980,rebounding,1,752,256,27734,96.06,sam2,0.0,0.0,0.0
6981,rebounding,1,,,,,null,,,
6982,rebounding,1,,,,,null,,,
6983,rebounding,1,,,,,null,,,
6984,rebounding,1,752,256,27753,96.12,sam2,0.0,0.0,0.0
6985,rebounding,1,,,,,null,,,
6986,rebounding,1,,,,,null,,,
6987,rebounding,1,,,,,null,,,
6988,rebounding,1,751,256,27715,95.99,sam2,1.0,749.192,13.378
6989,rebounding,1,,,,,null,,,
6990,rebounding,1,,,,,null,,,
6991,rebounding,1,,,,,null,,,
6992,rebounding,1,752,256,27658,95.79,sam2,1.0,749.192,13.378
6993,rebounding,1,,,,,null,,,
6994,rebounding,1,,,,,null,,,
6995,rebounding,1,,,,,null,,,
6996,rebounding,1,751,256,27668,95.83,sam2,1.0,749.192,13.378
6997,rebounding,1,,,,,null,,,
6998,rebounding,1,,,,,null,,,
6999,rebounding,1,,,,,null,,,
7000,rebounding,1,751,256,27679,95.86,sam2,0.0,0.0,0.0
7001,rebounding,1,,,,,null,,,
7002,rebounding,1,,,,,null,,,
7003,rebounding,1,,,,,null,,,
7004,rebounding,1,751,256,27767,96.17,sam2,0.0,0.0,0.0
7005,rebounding,1,,,,,null,,,
7006,rebounding,1,,,,,null,,,
7007,rebounding,1,,,,,null,,,
7008,rebounding,1,751,256,27836,96.41,sam2,0.0,0.0,0.0
7009,rebounding,1,,,,,null,,,
7010,rebounding,1,,,,,null,,,
7011,rebounding,1,,,,,null,,,
7012,rebounding,1,751,256,27678,95.86,sam2,0.0,0.0,0.0
7013,rebounding,1,,,,,null,,,
7014,rebounding,1,,,,,null,,,
7015,rebounding,1,,,,,null,,,
7016,rebounding,1,751,256,27659,95.8,sam2,0.0,0.0,0.0
7017,rebounding,1,,,,,null,,,
7018,rebounding,1,,,,,null,,,
7019,rebounding,1,,,,,null,,,
7020,rebounding,1,751,256,27776,96.2,sam2,0.0,0.0,0.0
7021,rebounding,1,,,,,null,,,
7022,rebounding,1,,,,,null,,,
7023,rebounding,1,,,,,null,,,
7024,rebounding,1,751,256,27767,96.17,sam2,0.0,0.0,0.0
7025,rebounding,1,,,,,null,,,
7026,rebounding,1,,,,,null,,,
7027,rebounding,1,,,,,null,,,
7028,rebounding,1,751,259,29550,102.34,sam2,3.0,2247.575,40.135
7029,rebounding,1,,,,,null,,,
7030,rebounding,1,,,,,null,,,
7031,rebounding,1,,,,,null,,,
7032,rebounding,1,751,256,27855,96.47,sam2,3.0,2247.575,40.135
7033,rebounding,1,,,,,null,,,
7034,rebounding,1,,,,,null,,,
7035,rebounding,1,,,,,null,,,
7036,rebounding,1,750,256,27729,96.04,sam2,1.0,749.192,13.378
7037,rebounding,1,,,,,null,,,
7038,rebounding,1,,,,,null,,,
7039,rebounding,1,,,,,null,,,
7040,rebounding,1,750,256,27817,96.34,sam2,0.0,0.0,0.0
7041,rebounding,1,,,,,null,,,
7042,rebounding,1,,,,,null,,,
7043,rebounding,1,,,,,null,,,
7044,rebounding,1,751,259,29681,102.8,sam2,3.162,2369.152,42.306
7045,rebounding,1,,,,,null,,,
7046,rebounding,1,,,,,null,,,
7047,rebounding,1,,,,,null,,,
7048,rebounding,1,751,256,27779,96.21,sam2,3.0,2247.575,40.135
7049,rebounding,1,,,,,null,,,
7050,rebounding,1,,,,,null,,,
7051,rebounding,1,,,,,null,,,
7052,rebounding,1,751,256,27810,96.32,sam2,0.0,0.0,0.0
7053,rebounding,1,,,,,null,,,
7054,rebounding,1,,,,,null,,,
7055,rebounding,1,,,,,null,,,
7056,rebounding,1,751,256,27768,96.17,sam2,0.0,0.0,0.0
7057,rebounding,1,,,,,null,,,
7058,rebounding,1,,,,,null,,,
7059,rebounding,1,,,,,null,,,
7060,rebounding,1,751,256,27683,95.88,sam2,0.0,0.0,0.0
7061,rebounding,1,,,,,null,,,
7062,rebounding,1,,,,,null,,,
7063,rebounding,1,,,,,null,,,
7064,rebounding,1,751,256,27633,95.71,sam2,0.0,0.0,0.0
7065,rebounding,1,,,,,null,,,
7066,rebounding,1,,,,,null,,,
7067,rebounding,1,,,,,null,,,
7068,rebounding,1,751,256,27799,96.28,sam2,0.0,0.0,0.0
7069,rebounding,1,,,,,null,,,
7070,rebounding,1,,,,,null,,,
7071,rebounding,1,,,,,null,,,
7072,rebounding,1,751,259,29661,102.73,sam2,3.0,2247.575,40.135
7073,rebounding,1,,,,,null,,,
7074,rebounding,1,,,,,null,,,
7075,rebounding,1,,,,,null,,,
7076,rebounding,1,751,256,27727,96.03,sam2,3.0,2247.575,40.135
7077,rebounding,1,,,,,null,,,
7078,rebounding,1,,,,,null,,,
7079,rebounding,1,,,,,null,,,
7080,rebounding,1,751,256,27787,96.24,sam2,0.0,0.0,0.0
7081,rebounding,1,,,,,null,,,
7082,rebounding,1,,,,,null,,,
7083,rebounding,1,,,,,null,,,
7084,rebounding,1,751,256,27838,96.42,sam2,0.0,0.0,0.0
7085,rebounding,1,,,,,null,,,
7086,rebounding,1,,,,,null,,,
7087,rebounding,1,,,,,null,,,
7088,rebounding,1,751,256,27696,95.92,sam2,0.0,0.0,0.0
7089,rebounding,1,,,,,null,,,
7090,rebounding,1,,,,,null,,,
7091,rebounding,1,,,,,null,,,
7092,rebounding,1,751,256,27732,96.05,sam2,0.0,0.0,0.0
7093,rebounding,1,,,,,null,,,
7094,rebounding,1,,,,,null,,,
7095,rebounding,1,,,,,null,,,
7096,rebounding,1,752,256,27841,96.43,sam2,1.0,749.192,13.378
7097,rebounding,1,,,,,null,,,
7098,rebounding,1,,,,,null,,,
7099,rebounding,1,,,,,null,,,
7100,rebounding,1,751,256,27792,96.26,sam2,1.0,749.192,13.378
7101,rebounding,1,,,,,null,,,
7102,rebounding,1,,,,,null,,,
7103,rebounding,1,,,,,null,,,
7104,rebounding,1,751,256,27677,95.86,sam2,0.0,0.0,0.0
7105,rebounding,1,,,,,null,,,
7106,rebounding,1,,,,,null,,,
7107,rebounding,1,,,,,null,,,
7108,rebounding,1,752,256,27736,96.06,sam2,1.0,749.192,13.378
7109,rebounding,1,,,,,null,,,
7110,rebounding,1,,,,,null,,,
7111,rebounding,1,,,,,null,,,
7112,rebounding,1,751,256,27697,95.93,sam2,1.0,749.192,13.378
7113,rebounding,1,,,,,null,,,
7114,rebounding,1,,,,,null,,,
7115,rebounding,1,,,,,null,,,
7116,rebounding,1,751,256,27768,96.17,sam2,0.0,0.0,0.0
7117,rebounding,1,,,,,null,,,
7118,rebounding,1,,,,,null,,,
7119,rebounding,1,,,,,null,,,
7120,rebounding,1,751,256,27764,96.16,sam2,0.0,0.0,0.0
7121,rebounding,1,,,,,null,,,
7122,rebounding,1,,,,,null,,,
7123,rebounding,1,,,,,null,,,
7124,rebounding,1,751,256,27679,95.86,sam2,0.0,0.0,0.0
7125,rebounding,1,,,,,null,,,
7126,rebounding,1,,,,,null,,,
7127,rebounding,1,,,,,null,,,
7128,rebounding,1,751,256,27714,95.99,sam2,0.0,0.0,0.0
7129,rebounding,1,,,,,null,,,
7130,rebounding,1,,,,,null,,,
7131,rebounding,1,,,,,null,,,
7132,rebounding,1,751,256,27724,96.02,sam2,0.0,0.0,0.0
7133,rebounding,1,,,,,null,,,
7134,rebounding,1,,,,,null,,,
7135,rebounding,1,,,,,null,,,
7136,rebounding,1,751,256,27753,96.12,sam2,0.0,0.0,0.0
7137,rebounding,1,,,,,null,,,
7138,rebounding,1,,,,,null,,,
7139,rebounding,1,,,,,null,,,
7140,rebounding,1,751,260,29698,102.86,sam2,4.0,2996.766,53.514
7141,rebounding,1,,,,,null,,,
7142,rebounding,1,,,,,null,,,
7143,rebounding,1,,,,,null,,,
7144,rebounding,1,751,256,27648,95.76,sam2,4.0,2996.766,53.514
7145,rebounding,1,,,,,null,,,
7146,rebounding,1,,,,,null,,,
7147,rebounding,1,,,,,null,,,
7148,rebounding,1,751,259,29632,102.63,sam2,3.0,2247.575,40.135
7149,rebounding,1,,,,,null,,,
7150,rebounding,1,,,,,null,,,
7151,rebounding,1,,,,,null,,,
7152,rebounding,1,750,256,27673,95.84,sam2,3.162,2369.152,42.306
7153,rebounding,1,,,,,null,,,
7154,rebounding,1,,,,,null,,,
7155,rebounding,1,,,,,null,,,
7156,rebounding,1,751,256,27773,96.19,sam2,1.0,749.192,13.378
7157,rebounding,1,,,,,null,,,
7158,rebounding,1,,,,,null,,,
7159,rebounding,1,,,,,null,,,
7160,rebounding,1,751,256,27871,96.53,sam2,0.0,0.0,0.0
7161,rebounding,1,,,,,null,,,
7162,rebounding,1,,,,,null,,,
7163,rebounding,1,,,,,null,,,
7164,rebounding,1,751,256,27887,96.59,sam2,0.0,0.0,0.0
7165,rebounding,1,,,,,null,,,
7166,rebounding,1,,,,,null,,,
7167,rebounding,1,,,,,null,,,
7168,rebounding,1,751,260,29837,103.34,sam2,4.0,2996.766,53.514
7169,rebounding,1,,,,,null,,,
7170,rebounding,1,,,,,null,,,
7171,rebounding,1,,,,,null,,,
7172,rebounding,1,751,256,27913,96.68,sam2,4.0,2996.766,53.514
7173,rebounding,1,,,,,null,,,
7174,rebounding,1,,,,,null,,,
7175,rebounding,1,,,,,null,,,
7176,rebounding,1,751,256,27850,96.46,sam2,0.0,0.0,0.0
7177,rebounding,1,,,,,null,,,
7178,rebounding,1,,,,,null,,,
7179,rebounding,1,,,,,null,,,
7180,rebounding,1,751,256,27744,96.09,sam2,0.0,0.0,0.0
7181,rebounding,1,,,,,null,,,
7182,rebounding,1,,,,,null,,,
7183,rebounding,1,,,,,null,,,
7184,rebounding,1,751,256,27689,95.9,sam2,0.0,0.0,0.0
7185,rebounding,1,,,,,null,,,
7186,rebounding,1,,,,,null,,,
7187,rebounding,1,,,,,null,,,
7188,rebounding,1,751,256,27698,95.93,sam2,0.0,0.0,0.0
7189,rebounding,1,,,,,null,,,
7190,rebounding,1,,,,,null,,,
7191,rebounding,1,,,,,null,,,
7192,rebounding,1,751,256,27854,96.47,sam2,0.0,0.0,0.0
7193,rebounding,1,,,,,null,,,
7194,rebounding,1,,,,,null,,,
7195,rebounding,1,,,,,null,,,
7196,rebounding,1,751,256,27612,95.63,sam2,0.0,0.0,0.0
7197,rebounding,1,,,,,null,,,
7198,rebounding,1,,,,,null,,,
7199,rebounding,1,,,,,null,,,
7200,rebounding,1,752,259,29503,102.18,sam2,3.162,2369.152,42.306
7201,rebounding,1,,,,,null,,,
7202,rebounding,1,,,,,null,,,
7203,rebounding,1,,,,,null,,,
7204,rebounding,1,751,256,27738,96.07,sam2,3.162,2369.152,42.306
7205,rebounding,1,,,,,null,,,
7206,rebounding,1,,,,,null,,,
7207,rebounding,1,,,,,null,,,
7208,rebounding,1,751,256,27724,96.02,sam2,0.0,0.0,0.0
7209,rebounding,1,,,,,null,,,
7210,rebounding,1,,,,,null,,,
7211,rebounding,1,,,,,null,,,
7212,rebounding,1,751,256,27760,96.15,sam2,0.0,0.0,0.0
7213,rebounding,1,,,,,null,,,
7214,rebounding,1,,,,,null,,,
7215,rebounding,1,,,,,null,,,
7216,rebounding,1,751,256,27669,95.83,sam2,0.0,0.0,0.0
7217,rebounding,1,,,,,null,,,
7218,rebounding,1,,,,,null,,,
7219,rebounding,1,,,,,null,,,
7220,rebounding,1,751,256,27806,96.3,sam2,0.0,0.0,0.0
7221,rebounding,1,,,,,null,,,
7222,rebounding,1,,,,,null,,,
7223,rebounding,1,,,,,null,,,
7224,rebounding,1,751,256,27829,96.38,sam2,0.0,0.0,0.0
7225,rebounding,1,,,,,null,,,
7226,rebounding,1,,,,,null,,,
7227,rebounding,1,,,,,null,,,
7228,rebounding,1,751,256,27697,95.93,sam2,0.0,0.0,0.0
7229,rebounding,1,,,,,null,,,
7230,rebounding,1,,,,,null,,,
7231,rebounding,1,,,,,null,,,
7232,rebounding,1,751,256,27759,96.14,sam2,0.0,0.0,0.0
7233,rebounding,1,,,,,null,,,
7234,rebounding,1,,,,,null,,,
7235,rebounding,1,,,,,null,,,
7236,rebounding,1,751,256,27731,96.04,sam2,0.0,0.0,0.0
7237,rebounding,1,,,,,null,,,
7238,rebounding,1,,,,,null,,,
7239,rebounding,1,,,,,null,,,
7240,rebounding,1,751,256,27814,96.33,sam2,0.0,0.0,0.0
7241,rebounding,1,,,,,null,,,
7242,rebounding,1,,,,,null,,,
7243,rebounding,1,,,,,null,,,
7244,rebounding,1,751,256,27818,96.35,sam2,0.0,0.0,0.0
7245,rebounding,1,,,,,null,,,
7246,rebounding,1,,,,,null,,,
7247,rebounding,1,,,,,null,,,
7248,rebounding,1,751,256,27685,95.89,sam2,0.0,0.0,0.0
7249,rebounding,1,,,,,null,,,
7250,rebounding,1,,,,,null,,,
7251,rebounding,1,,,,,null,,,
7252,rebounding,1,751,256,27791,96.25,sam2,0.0,0.0,0.0
7253,rebounding,1,,,,,null,,,
7254,rebounding,1,,,,,null,,,
7255,rebounding,1,,,,,null,,,
7256,rebounding,1,751,259,29757,103.06,sam2,3.0,2247.575,40.135
7257,rebounding,1,,,,,null,,,
7258,rebounding,1,,,,,null,,,
7259,rebounding,1,,,,,null,,,
7260,rebounding,1,751,256,27744,96.09,sam2,3.0,2247.575,40.135
7261,rebounding,1,,,,,null,,,
7262,rebounding,1,,,,,null,,,
7263,rebounding,1,,,,,null,,,
7264,rebounding,1,751,256,27791,96.25,sam2,0.0,0.0,0.0
7265,rebounding,1,,,,,null,,,
7266,rebounding,1,,,,,null,,,
7267,rebounding,1,,,,,null,,,
7268,rebounding,1,751,256,27729,96.04,sam2,0.0,0.0,0.0
7269,rebounding,1,,,,,null,,,
7270,rebounding,1,,,,,null,,,
7271,rebounding,1,,,,,null,,,
7272,rebounding,1,751,256,27768,96.17,sam2,0.0,0.0,0.0
7273,rebounding,1,,,,,null,,,
7274,rebounding,1,,,,,null,,,
7275,rebounding,1,,,,,null,,,
7276,rebounding,1,751,256,27806,96.3,sam2,0.0,0.0,0.0
7277,rebounding,1,,,,,null,,,
7278,rebounding,1,,,,,null,,,
7279,rebounding,1,,,,,null,,,
7280,rebounding,1,751,256,27772,96.19,sam2,0.0,0.0,0.0
7281,rebounding,1,,,,,null,,,
7282,rebounding,1,,,,,null,,,
7283,rebounding,1,,,,,null,,,
7284,rebounding,1,750,256,27887,96.59,sam2,1.0,749.192,13.378
7285,rebounding,1,,,,,null,,,
7286,rebounding,1,,,,,null,,,
7287,rebounding,1,,,,,null,,,
7288,rebounding,1,750,256,27698,95.93,sam2,0.0,0.0,0.0
7289,rebounding,1,,,,,null,,,
7290,rebounding,1,,,,,null,,,
7291,rebounding,1,,,,,null,,,
7292,rebounding,1,751,256,27738,96.07,sam2,1.0,749.192,13.378
7293,rebounding,1,,,,,null,,,
7294,rebounding,1,,,,,null,,,
7295,rebounding,1,,,,,null,,,
7296,rebounding,1,751,259,29680,102.79,sam2,3.0,2247.575,40.135
7297,rebounding,1,,,,,null,,,
7298,rebounding,1,,,,,null,,,
7299,rebounding,1,,,,,null,,,
7300,rebounding,1,751,256,27823,96.36,sam2,3.0,2247.575,40.135
7301,rebounding,1,,,,,null,,,
7302,rebounding,1,,,,,null,,,
7303,rebounding,1,,,,,null,,,
7304,rebounding,1,751,256,27838,96.42,sam2,0.0,0.0,0.0
7305,rebounding,1,,,,,null,,,
7306,rebounding,1,,,,,null,,,
7307,rebounding,1,,,,,null,,,
7308,rebounding,1,751,256,27772,96.19,sam2,0.0,0.0,0.0
7309,rebounding,1,,,,,null,,,
7310,rebounding,1,,,,,null,,,
7311,rebounding,1,,,,,null,,,
7312,rebounding,1,751,256,27755,96.13,sam2,0.0,0.0,0.0
7313,rebounding,1,,,,,null,,,
7314,rebounding,1,,,,,null,,,
7315,rebounding,1,,,,,null,,,
7316,rebounding,1,751,256,27829,96.38,sam2,0.0,0.0,0.0
7317,rebounding,1,,,,,null,,,
7318,rebounding,1,,,,,null,,,
7319,rebounding,1,,,,,null,,,
7320,rebounding,1,751,256,27916,96.69,sam2,0.0,0.0,0.0
7321,rebounding,1,,,,,null,,,
7322,rebounding,1,,,,,null,,,
7323,rebounding,1,,,,,null,,,
7324,rebounding,1,751,259,29628,102.61,sam2,3.0,2247.575,40.135
7325,rebounding,1,,,,,null,,,
7326,rebounding,1,,,,,null,,,
7327,rebounding,1,,,,,null,,,
7328,rebounding,1,751,260,29740,103.0,sam2,1.0,749.192,13.378
7329,rebounding,1,,,,,null,,,
7330,rebounding,1,,,,,null,,,
7331,rebounding,1,,,,,null,,,
7332,rebounding,1,751,256,27834,96.4,sam2,4.0,2996.766,53.514
7333,rebounding,1,,,,,null,,,
7334,rebounding,1,,,,,null,,,
7335,rebounding,1,,,,,null,,,
7336,rebounding,1,751,256,27764,96.16,sam2,0.0,0.0,0.0
7337,rebounding,1,,,,,null,,,
7338,rebounding,1,,,,,null,,,
7339,rebounding,1,,,,,null,,,
7340,rebounding,1,751,256,27886,96.58,sam2,0.0,0.0,0.0
7341,rebounding,1,,,,,null,,,
7342,rebounding,1,,,,,null,,,
7343,rebounding,1,,,,,null,,,
7344,rebounding,1,751,256,27933,96.74,sam2,0.0,0.0,0.0
7345,rebounding,1,,,,,null,,,
7346,rebounding,1,,,,,null,,,
7347,rebounding,1,,,,,null,,,
7348,rebounding,1,751,257,28052,97.16,sam2,1.0,749.192,13.378
7349,rebounding,1,,,,,null,,,
7350,rebounding,1,,,,,null,,,
7351,rebounding,1,,,,,null,,,
7352,rebounding,1,751,256,27847,96.45,sam2,1.0,749.192,13.378
7353,rebounding,1,,,,,null,,,
7354,rebounding,1,,,,,null,,,
7355,rebounding,1,,,,,null,,,
7356,rebounding,1,751,256,27758,96.14,sam2,0.0,0.0,0.0
7357,rebounding,1,,,,,null,,,
7358,rebounding,1,,,,,null,,,
7359,rebounding,1,,,,,null,,,
7360,rebounding,1,751,256,27701,95.94,sam2,0.0,0.0,0.0
7361,rebounding,1,,,,,null,,,
7362,rebounding,1,,,,,null,,,
7363,rebounding,1,,,,,null,,,
7364,rebounding,1,751,256,27802,96.29,sam2,0.0,0.0,0.0
7365,rebounding,1,,,,,null,,,
7366,rebounding,1,,,,,null,,,
7367,rebounding,1,,,,,null,,,
7368,rebounding,1,751,256,27720,96.01,sam2,0.0,0.0,0.0
7369,rebounding,1,,,,,null,,,
7370,rebounding,1,,,,,null,,,
7371,rebounding,1,,,,,null,,,
7372,rebounding,1,751,256,27740,96.08,sam2,0.0,0.0,0.0
7373,rebounding,1,,,,,null,,,
7374,rebounding,1,,,,,null,,,
7375,rebounding,1,,,,,null,,,
7376,rebounding,1,751,256,27733,96.05,sam2,0.0,0.0,0.0
7377,rebounding,1,,,,,null,,,
7378,rebounding,1,,,,,null,,,
7379,rebounding,1,,,,,null,,,
7380,rebounding,1,751,259,29541,102.31,sam2,3.0,2247.575,40.135
7381,rebounding,1,,,,,null,,,
7382,rebounding,1,,,,,null,,,
7383,rebounding,1,,,,,null,,,
7384,rebounding,1,751,256,27717,96.0,sam2,3.0,2247.575,40.135
7385,rebounding,1,,,,,null,,,
7386,rebounding,1,,,,,null,,,
7387,rebounding,1,,,,,null,,,
7388,rebounding,1,751,256,27712,95.98,sam2,0.0,0.0,0.0
7389,rebounding,1,,,,,null,,,
7390,rebounding,1,,,,,null,,,
7391,rebounding,1,,,,,null,,,
7392,rebounding,1,751,256,27777,96.2,sam2,0.0,0.0,0.0
7393,rebounding,1,,,,,null,,,
7394,rebounding,1,,,,,null,,,
7395,rebounding,1,,,,,null,,,
7396,rebounding,1,751,256,27728,96.03,sam2,0.0,0.0,0.0
7397,rebounding,1,,,,,null,,,
7398,rebounding,1,,,,,null,,,
7399,rebounding,1,,,,,null,,,
7400,rebounding,1,751,256,27775,96.2,sam2,0.0,0.0,0.0
7401,rebounding,1,,,,,null,,,
7402,rebounding,1,,,,,null,,,
7403,rebounding,1,,,,,null,,,
7404,rebounding,1,751,256,27859,96.49,sam2,0.0,0.0,0.0
7405,rebounding,1,,,,,null,,,
7406,rebounding,1,,,,,null,,,
7407,rebounding,1,,,,,null,,,
7408,rebounding,1,751,256,27725,96.02,sam2,0.0,0.0,0.0
7409,rebounding,1,,,,,null,,,
7410,rebounding,1,,,,,null,,,
7411,rebounding,1,,,,,null,,,
7412,rebounding,1,751,256,27689,95.9,sam2,0.0,0.0,0.0
7413,rebounding,1,,,,,null,,,
7414,rebounding,1,,,,,null,,,
7415,rebounding,1,,,,,null,,,
7416,rebounding,1,751,259,29516,102.23,sam2,3.0,2247.575,40.135
7417,rebounding,1,,,,,null,,,
7418,rebounding,1,,,,,null,,,
7419,rebounding,1,,,,,null,,,
7420,rebounding,1,751,259,29544,102.32,sam2,0.0,0.0,0.0
7421,rebounding,1,,,,,null,,,
7422,rebounding,1,,,,,null,,,
7423,rebounding,1,,,,,null,,,
7424,rebounding,1,751,256,27775,96.2,sam2,3.0,2247.575,40.135
7425,rebounding,1,,,,,null,,,
7426,rebounding,1,,,,,null,,,
7427,rebounding,1,,,,,null,,,
7428,rebounding,1,751,256,27772,96.19,sam2,0.0,0.0,0.0
7429,rebounding,1,,,,,null,,,
7430,rebounding,1,,,,,null,,,
7431,rebounding,1,,,,,null,,,
7432,rebounding,1,751,256,27694,95.92,sam2,0.0,0.0,0.0
7433,rebounding,1,,,,,null,,,
7434,rebounding,1,,,,,null,,,
7435,rebounding,1,,,,,null,,,
7436,rebounding,1,751,256,27778,96.21,sam2,0.0,0.0,0.0
7437,rebounding,1,,,,,null,,,
7438,rebounding,1,,,,,null,,,
7439,rebounding,1,,,,,null,,,
7440,rebounding,1,751,256,27816,96.34,sam2,0.0,0.0,0.0
7441,rebounding,1,,,,,null,,,
7442,rebounding,1,,,,,null,,,
7443,rebounding,1,,,,,null,,,
7444,rebounding,1,751,256,27820,96.35,sam2,0.0,0.0,0.0
7445,rebounding,1,,,,,null,,,
7446,rebounding,1,,,,,null,,,
7447,rebounding,1,,,,,null,,,
7448,rebounding,1,751,256,27704,95.95,sam2,0.0,0.0,0.0
7449,rebounding,1,,,,,null,,,
7450,rebounding,1,,,,,null,,,
7451,rebounding,1,,,,,null,,,
7452,rebounding,1,751,256,27739,96.07,sam2,0.0,0.0,0.0
7453,rebounding,1,,,,,null,,,
7454,rebounding,1,,,,,null,,,
7455,rebounding,1,,,,,null,,,
7456,rebounding,1,751,256,27694,95.92,sam2,0.0,0.0,0.0
7457,rebounding,1,,,,,null,,,
7458,rebounding,1,,,,,null,,,
7459,rebounding,1,,,,,null,,,
7460,rebounding,1,751,256,27732,96.05,sam2,0.0,0.0,0.0
7461,rebounding,1,,,,,null,,,
7462,rebounding,1,,,,,null,,,
7463,rebounding,1,,,,,null,,,
7464,rebounding,1,751,256,27777,96.2,sam2,0.0,0.0,0.0
7465,rebounding,1,,,,,null,,,
7466,rebounding,1,,,,,null,,,
7467,rebounding,1,,,,,null,,,
7468,rebounding,1,751,256,27767,96.17,sam2,0.0,0.0,0.0
7469,rebounding,1,,,,,null,,,
7470,rebounding,1,,,,,null,,,
7471,rebounding,1,,,,,null,,,
7472,rebounding,1,751,256,27719,96.0,sam2,0.0,0.0,0.0
7473,rebounding,1,,,,,null,,,
7474,rebounding,1,,,,,null,,,
7475,rebounding,1,,,,,null,,,
7476,rebounding,1,751,256,27638,95.72,sam2,0.0,0.0,0.0
7477,rebounding,1,,,,,null,,,
7478,rebounding,1,,,,,null,,,
7479,rebounding,1,,,,,null,,,
7480,rebounding,1,751,256,27872,96.53,sam2,0.0,0.0,0.0
7481,rebounding,1,,,,,null,,,
7482,rebounding,1,,,,,null,,,
7483,rebounding,1,,,,,null,,,
7484,rebounding,1,751,259,29660,102.73,sam2,3.0,2247.575,40.135
7485,rebounding,1,,,,,null,,,
7486,rebounding,1,,,,,null,,,
7487,rebounding,1,,,,,null,,,
7488,rebounding,1,751,256,27721,96.01,sam2,3.0,2247.575,40.135
7489,rebounding,1,,,,,null,,,
7490,rebounding,1,,,,,null,,,
7491,rebounding,1,,,,,null,,,
7492,rebounding,1,751,256,27696,95.92,sam2,0.0,0.0,0.0
7493,rebounding,1,,,,,null,,,
7494,rebounding,1,,,,,null,,,
7495,rebounding,1,,,,,null,,,
7496,rebounding,1,751,256,27711,95.98,sam2,0.0,0.0,0.0
7497,rebounding,1,,,,,null,,,
7498,rebounding,1,,,,,null,,,
7499,rebounding,1,,,,,null,,,
7500,rebounding,1,751,256,27710,95.97,sam2,0.0,0.0,0.0
7501,rebounding,1,,,,,null,,,
7502,rebounding,1,,,,,null,,,
7503,rebounding,1,,,,,null,,,
7504,rebounding,1,751,256,27867,96.52,sam2,0.0,0.0,0.0
7505,rebounding,1,,,,,null,,,
7506,rebounding,1,,,,,null,,,
7507,rebounding,1,,,,,null,,,
7508,rebounding,1,751,256,27870,96.53,sam2,0.0,0.0,0.0
7509,rebounding,1,,,,,null,,,
7510,rebounding,1,,,,,null,,,
7511,rebounding,1,,,,,null,,,
7512,rebounding,1,751,256,27665,95.82,sam2,0.0,0.0,0.0
7513,rebounding,1,,,,,null,,,
7514,rebounding,1,,,,,null,,,
7515,rebounding,1,,,,,null,,,
7516,rebounding,1,751,256,27783,96.22,sam2,0.0,0.0,0.0
7517,rebounding,1,,,,,null,,,
7518,rebounding,1,,,,,null,,,
7519,rebounding,1,,,,,null,,,
7520,rebounding,1,751,256,27780,96.21,sam2,0.0,0.0,0.0
7521,rebounding,1,,,,,null,,,
7522,rebounding,1,,,,,null,,,
7523,rebounding,1,,,,,null,,,
7524,rebounding,1,751,256,27714,95.99,sam2,0.0,0.0,0.0
7525,rebounding,1,,,,,null,,,
7526,rebounding,1,,,,,null,,,
7527,rebounding,1,,,,,null,,,
7528,rebounding,1,751,256,27738,96.07,sam2,0.0,0.0,0.0
7529,rebounding,1,,,,,null,,,
7530,rebounding,1,,,,,null,,,
7531,rebounding,1,,,,,null,,,
7532,rebounding,1,751,256,27703,95.95,sam2,0.0,0.0,0.0
7533,rebounding,1,,,,,null,,,
7534,rebounding,1,,,,,null,,,
7535,rebounding,1,,,,,null,,,
7536,rebounding,1,751,259,29588,102.48,sam2,3.0,2247.575,40.135
7537,rebounding,1,,,,,null,,,
7538,rebounding,1,,,,,null,,,
7539,rebounding,1,,,,,null,,,
7540,rebounding,1,751,256,27715,95.99,sam2,3.0,2247.575,40.135
7541,rebounding,1,,,,,null,,,
7542,rebounding,1,,,,,null,,,
7543,rebounding,1,,,,,null,,,
7544,rebounding,1,751,256,27669,95.83,sam2,0.0,0.0,0.0
7545,rebounding,1,,,,,null,,,
7546,rebounding,1,,,,,null,,,
7547,rebounding,1,,,,,null,,,
7548,rebounding,1,751,256,27668,95.83,sam2,0.0,0.0,0.0
7549,rebounding,1,,,,,null,,,
7550,rebounding,1,,,,,null,,,
7551,rebounding,1,,,,,null,,,
7552,rebounding,1,751,256,27594,95.57,sam2,0.0,0.0,0.0
7553,rebounding,1,,,,,null,,,
7554,rebounding,1,,,,,null,,,
7555,rebounding,1,,,,,null,,,
7556,rebounding,1,751,256,27759,96.14,sam2,0.0,0.0,0.0
7557,rebounding,1,,,,,null,,,
7558,rebounding,1,,,,,null,,,
7559,rebounding,1,,,,,null,,,
7560,rebounding,1,751,256,27839,96.42,sam2,0.0,0.0,0.0
7561,rebounding,1,,,,,null,,,
7562,rebounding,1,,,,,null,,,
7563,rebounding,1,,,,,null,,,
7564,rebounding,1,751,256,27742,96.08,sam2,0.0,0.0,0.0
7565,rebounding,1,,,,,null,,,
7566,rebounding,1,,,,,null,,,
7567,rebounding,1,,,,,null,,,
7568,rebounding,1,751,256,27682,95.88,sam2,0.0,0.0,0.0
7569,rebounding,1,,,,,null,,,
7570,rebounding,1,,,,,null,,,
7571,rebounding,1,,,,,null,,,
7572,rebounding,1,751,256,27778,96.21,sam2,0.0,0.0,0.0
7573,rebounding,1,,,,,null,,,
7574,rebounding,1,,,,,null,,,
7575,rebounding,1,,,,,null,,,
7576,rebounding,1,751,256,27764,96.16,sam2,0.0,0.0,0.0
7577,rebounding,1,,,,,null,,,
7578,rebounding,1,,,,,null,,,
7579,rebounding,1,,,,,null,,,
7580,rebounding,1,751,256,27647,95.75,sam2,0.0,0.0,0.0
7581,rebounding,1,,,,,null,,,
7582,rebounding,1,,,,,null,,,
7583,rebounding,1,,,,,null,,,
7584,rebounding,1,751,256,27708,95.97,sam2,0.0,0.0,0.0
7585,rebounding,1,,,,,null,,,
7586,rebounding,1,,,,,null,,,
7587,rebounding,1,,,,,null,,,
7588,rebounding,1,751,256,27714,95.99,sam2,0.0,0.0,0.0
7589,rebounding,1,,,,,null,,,
7590,rebounding,1,,,,,null,,,
7591,rebounding,1,,,,,null,,,
7592,rebounding,1,751,259,29612,102.56,sam2,3.0,2247.575,40.135
7593,rebounding,1,,,,,null,,,
7594,rebounding,1,,,,,null,,,
7595,rebounding,1,,,,,null,,,
7596,rebounding,1,751,256,27648,95.76,sam2,3.0,2247.575,40.135
7597,rebounding,1,,,,,null,,,
7598,rebounding,1,,,,,null,,,
7599,rebounding,1,,,,,null,,,
7600,rebounding,1,751,256,27703,95.95,sam2,0.0,0.0,0.0
7601,rebounding,1,,,,,null,,,
7602,rebounding,1,,,,,null,,,
7603,rebounding,1,,,,,null,,,
7604,rebounding,1,751,256,27741,96.08,sam2,0.0,0.0,0.0
7605,rebounding,1,,,,,null,,,
7606,rebounding,1,,,,,null,,,
7607,rebounding,1,,,,,null,,,
7608,rebounding,1,751,256,27682,95.88,sam2,0.0,0.0,0.0
7609,rebounding,1,,,,,null,,,
7610,rebounding,1,,,,,null,,,
7611,rebounding,1,,,,,null,,,
7612,rebounding,1,751,256,27807,96.31,sam2,0.0,0.0,0.0
7613,rebounding,1,,,,,null,,,
7614,rebounding,1,,,,,null,,,
7615,rebounding,1,,,,,null,,,
7616,rebounding,1,751,256,27834,96.4,sam2,0.0,0.0,0.0
7617,rebounding,1,,,,,null,,,
7618,rebounding,1,,,,,null,,,
7619,rebounding,1,,,,,null,,,
7620,rebounding,1,751,256,27626,95.68,sam2,0.0,0.0,0.0
7621,rebounding,1,,,,,null,,,
7622,rebounding,1,,,,,null,,,
7623,rebounding,1,,,,,null,,,
7624,rebounding,1,751,256,27663,95.81,sam2,0.0,0.0,0.0
7625,rebounding,1,,,,,null,,,
7626,rebounding,1,,,,,null,,,
7627,rebounding,1,,,,,null,,,
7628,rebounding,1,751,256,27729,96.04,sam2,0.0,0.0,0.0
7629,rebounding,1,,,,,null,,,
7630,rebounding,1,,,,,null,,,
7631,rebounding,1,,,,,null,,,
7632,rebounding,1,751,259,29585,102.47,sam2,3.0,2247.575,40.135
7633,rebounding,1,,,,,null,,,
7634,rebounding,1,,,,,null,,,
7635,rebounding,1,,,,,null,,,
7636,rebounding,1,751,259,29709,102.9,sam2,0.0,0.0,0.0
7637,rebounding,1,,,,,null,,,
7638,rebounding,1,,,,,null,,,
7639,rebounding,1,,,,,null,,,
7640,rebounding,1,751,259,29611,102.56,sam2,0.0,0.0,0.0
7641,rebounding,1,,,,,null,,,
7642,rebounding,1,,,,,null,,,
7643,rebounding,1,,,,,null,,,
7644,rebounding,1,751,256,27746,96.1,sam2,3.0,2247.575,40.135
7645,rebounding,1,,,,,null,,,
7646,rebounding,1,,,,,null,,,
7647,rebounding,1,,,,,null,,,
7648,rebounding,1,751,256,27844,96.44,sam2,0.0,0.0,0.0
7649,rebounding,1,,,,,null,,,
7650,rebounding,1,,,,,null,,,
7651,rebounding,1,,,,,null,,,
7652,rebounding,1,751,256,27876,96.55,sam2,0.0,0.0,0.0
7653,rebounding,1,,,,,null,,,
7654,rebounding,1,,,,,null,,,
7655,rebounding,1,,,,,null,,,
7656,rebounding,1,751,257,28023,97.06,sam2,1.0,749.192,13.378
7657,rebounding,1,,,,,null,,,
7658,rebounding,1,,,,,null,,,
7659,rebounding,1,,,,,null,,,
7660,rebounding,1,751,256,27888,96.59,sam2,1.0,749.192,13.378
7661,rebounding,1,,,,,null,,,
7662,rebounding,1,,,,,null,,,
7663,rebounding,1,,,,,null,,,
7664,rebounding,1,751,256,27860,96.49,sam2,0.0,0.0,0.0
7665,rebounding,1,,,,,null,,,
7666,rebounding,1,,,,,null,,,
7667,rebounding,1,,,,,null,,,
7668,rebounding,1,751,256,27742,96.08,sam2,0.0,0.0,0.0
7669,rebounding,1,,,,,null,,,
7670,rebounding,1,,,,,null,,,
7671,rebounding,1,,,,,null,,,
7672,rebounding,1,751,256,27732,96.05,sam2,0.0,0.0,0.0
7673,rebounding,1,,,,,null,,,
7674,rebounding,1,,,,,null,,,
7675,rebounding,1,,,,,null,,,
7676,rebounding,1,751,256,27822,96.36,sam2,0.0,0.0,0.0
7677,rebounding,1,,,,,null,,,
7678,rebounding,1,,,,,null,,,
7679,rebounding,1,,,,,null,,,
7680,rebounding,1,751,256,27753,96.12,sam2,0.0,0.0,0.0
7681,rebounding,1,,,,,null,,,
7682,rebounding,1,,,,,null,,,
7683,rebounding,1,,,,,null,,,
7684,rebounding,1,751,256,27763,96.16,sam2,0.0,0.0,0.0
7685,rebounding,1,,,,,null,,,
7686,rebounding,1,,,,,null,,,
7687,rebounding,1,,,,,null,,,
7688,rebounding,1,751,260,29747,103.03,sam2,4.0,2996.766,53.514
7689,rebounding,1,,,,,null,,,
7690,rebounding,1,,,,,null,,,
7691,rebounding,1,,,,,null,,,
7692,rebounding,1,751,256,27759,96.14,sam2,4.0,2996.766,53.514
7693,rebounding,1,,,,,null,,,
7694,rebounding,1,,,,,null,,,
7695,rebounding,1,,,,,null,,,
7696,rebounding,1,751,256,27837,96.41,sam2,0.0,0.0,0.0
7697,rebounding,1,,,,,null,,,
7698,rebounding,1,,,,,null,,,
7699,rebounding,1,,,,,null,,,
7700,rebounding,1,751,256,27738,96.07,sam2,0.0,0.0,0.0
7701,rebounding,1,,,,,null,,,
7702,rebounding,1,,,,,null,,,
7703,rebounding,1,,,,,null,,,
7704,rebounding,1,751,256,27820,96.35,sam2,0.0,0.0,0.0
7705,rebounding,1,,,,,null,,,
7706,rebounding,1,,,,,null,,,
7707,rebounding,1,,,,,null,,,
7708,rebounding,1,751,259,29688,102.82,sam2,3.0,2247.575,40.135
7709,rebounding,1,,,,,null,,,
7710,rebounding,1,,,,,null,,,
7711,rebounding,1,,,,,null,,,
7712,rebounding,1,751,256,27920,96.7,sam2,3.0,2247.575,40.135
7713,rebounding,1,,,,,null,,,
7714,rebounding,1,,,,,null,,,
7715,rebounding,1,,,,,null,,,
7716,rebounding,1,751,259,29518,102.23,sam2,3.0,2247.575,40.135
7717,rebounding,1,,,,,null,,,
7718,rebounding,1,,,,,null,,,
7719,rebounding,1,,,,,null,,,
7720,rebounding,1,751,256,27787,96.24,sam2,3.0,2247.575,40.135
7721,rebounding,1,,,,,null,,,
7722,rebounding,1,,,,,null,,,
7723,rebounding,1,,,,,null,,,
7724,rebounding,1,751,256,27776,96.2,sam2,0.0,0.0,0.0
7725,rebounding,1,,,,,null,,,
7726,rebounding,1,,,,,null,,,
7727,rebounding,1,,,,,null,,,
7728,rebounding,1,751,256,27800,96.28,sam2,0.0,0.0,0.0
7729,rebounding,1,,,,,null,,,
7730,rebounding,1,,,,,null,,,
7731,rebounding,1,,,,,null,,,
7732,rebounding,1,751,256,27901,96.63,sam2,0.0,0.0,0.0
7733,rebounding,1,,,,,null,,,
7734,rebounding,1,,,,,null,,,
7735,rebounding,1,,,,,null,,,
7736,rebounding,1,751,256,27803,96.29,sam2,0.0,0.0,0.0
7737,rebounding,1,,,,,null,,,
7738,rebounding,1,,,,,null,,,
7739,rebounding,1,,,,,null,,,
7740,rebounding,1,751,256,27759,96.14,sam2,0.0,0.0,0.0
7741,rebounding,1,,,,,null,,,
7742,rebounding,1,,,,,null,,,
7743,rebounding,1,,,,,null,,,
7744,rebounding,1,751,256,27712,95.98,sam2,0.0,0.0,0.0
7745,rebounding,1,,,,,null,,,
7746,rebounding,1,,,,,null,,,
7747,rebounding,1,,,,,null,,,
7748,rebounding,1,751,256,27823,96.36,sam2,0.0,0.0,0.0
7749,rebounding,1,,,,,null,,,
7750,rebounding,1,,,,,null,,,
7751,rebounding,1,,,,,null,,,
7752,rebounding,1,751,256,27735,96.06,sam2,0.0,0.0,0.0
7753,rebounding,1,,,,,null,,,
7754,rebounding,1,,,,,null,,,
7755,rebounding,1,,,,,null,,,
7756,rebounding,1,751,256,27785,96.23,sam2,0.0,0.0,0.0
7757,rebounding,1,,,,,null,,,
7758,rebounding,1,,,,,null,,,
7759,rebounding,1,,,,,null,,,
7760,rebounding,1,751,256,27668,95.83,sam2,0.0,0.0,0.0
7761,rebounding,1,,,,,null,,,
7762,rebounding,1,,,,,null,,,
7763,rebounding,1,,,,,null,,,
7764,rebounding,1,751,256,27755,96.13,sam2,0.0,0.0,0.0
7765,rebounding,1,,,,,null,,,
7766,rebounding,1,,,,,null,,,
7767,rebounding,1,,,,,null,,,
7768,rebounding,1,751,256,27589,95.55,sam2,0.0,0.0,0.0
7769,rebounding,1,,,,,null,,,
7770,rebounding,1,,,,,null,,,
7771,rebounding,1,,,,,null,,,
7772,rebounding,1,751,256,27756,96.13,sam2,0.0,0.0,0.0
7773,rebounding,1,,,,,null,,,
7774,rebounding,1,,,,,null,,,
7775,rebounding,1,,,,,null,,,
7776,rebounding,1,751,256,27611,95.63,sam2,0.0,0.0,0.0
7777,rebounding,1,,,,,null,,,
7778,rebounding,1,,,,,null,,,
7779,rebounding,1,,,,,null,,,
7780,rebounding,1,751,256,27695,95.92,sam2,0.0,0.0,0.0
7781,rebounding,1,,,,,null,,,
7782,rebounding,1,,,,,null,,,
7783,rebounding,1,,,,,null,,,
7784,rebounding,1,751,256,27628,95.69,sam2,0.0,0.0,0.0
7785,rebounding,1,,,,,null,,,
7786,rebounding,1,,,,,null,,,
7787,rebounding,1,,,,,null,,,
7788,rebounding,1,751,256,27732,96.05,sam2,0.0,0.0,0.0
7789,rebounding,1,,,,,null,,,
7790,rebounding,1,,,,,null,,,
7791,rebounding,1,,,,,null,,,
7792,rebounding,1,751,259,29534,102.29,sam2,3.0,2247.575,40.135
7793,rebounding,1,,,,,null,,,
7794,rebounding,1,,,,,null,,,
7795,rebounding,1,,,,,null,,,
7796,rebounding,1,751,256,27614,95.64,sam2,3.0,2247.575,40.135
7797,rebounding,1,,,,,null,,,
7798,rebounding,1,,,,,null,,,
7799,rebounding,1,,,,,null,,,
7800,rebounding,1,751,256,27729,96.04,sam2,0.0,0.0,0.0
7801,rebounding,1,,,,,null,,,
7802,rebounding,1,,,,,null,,,
7803,rebounding,1,,,,,null,,,
7804,rebounding,1,751,256,27712,95.98,sam2,0.0,0.0,0.0
7805,rebounding,1,,,,,null,,,
7806,rebounding,1,,,,,null,,,
7807,rebounding,1,,,,,null,,,
7808,rebounding,1,751,256,27800,96.28,sam2,0.0,0.0,0.0
7809,rebounding,1,,,,,null,,,
7810,rebounding,1,,,,,null,,,
7811,rebounding,1,,,,,null,,,
7812,rebounding,1,751,256,27649,95.76,sam2,0.0,0.0,0.0
7813,rebounding,1,,,,,null,,,
7814,rebounding,1,,,,,null,,,
7815,rebounding,1,,,,,null,,,
7816,rebounding,1,751,256,27827,96.38,sam2,0.0,0.0,0.0
7817,rebounding,1,,,,,null,,,
7818,rebounding,1,,,,,null,,,
7819,rebounding,1,,,,,null,,,
7820,rebounding,1,751,256,27662,95.81,sam2,0.0,0.0,0.0
7821,rebounding,1,,,,,null,,,
7822,rebounding,1,,,,,null,,,
7823,rebounding,1,,,,,null,,,
7824,rebounding,1,751,256,27699,95.93,sam2,0.0,0.0,0.0
7825,rebounding,1,,,,,null,,,
7826,rebounding,1,,,,,null,,,
7827,rebounding,1,,,,,null,,,
7828,rebounding,1,751,259,29619,102.58,sam2,3.0,2247.575,40.135
7829,rebounding,1,,,,,null,,,
7830,rebounding,1,,,,,null,,,
7831,rebounding,1,,,,,null,,,
7832,rebounding,1,751,256,27688,95.9,sam2,3.0,2247.575,40.135
7833,rebounding,1,,,,,null,,,
7834,rebounding,1,,,,,null,,,
7835,rebounding,1,,,,,null,,,
7836,rebounding,1,751,256,27763,96.16,sam2,0.0,0.0,0.0
7837,rebounding,1,,,,,null,,,
7838,rebounding,1,,,,,null,,,
7839,rebounding,1,,,,,null,,,
7840,rebounding,1,751,256,27703,95.95,sam2,0.0,0.0,0.0
7841,rebounding,1,,,,,null,,,
7842,rebounding,1,,,,,null,,,
7843,rebounding,1,,,,,null,,,
7844,rebounding,1,751,256,27682,95.88,sam2,0.0,0.0,0.0
7845,rebounding,1,,,,,null,,,
7846,rebounding,1,,,,,null,,,
7847,rebounding,1,,,,,null,,,
7848,rebounding,1,751,256,27713,95.98,sam2,0.0,0.0,0.0
7849,rebounding,1,,,,,null,,,
7850,rebounding,1,,,,,null,,,
7851,rebounding,1,,,,,null,,,
7852,rebounding,1,751,256,27884,96.57,sam2,0.0,0.0,0.0
7853,rebounding,1,,,,,null,,,
7854,rebounding,1,,,,,null,,,
7855,rebounding,1,,,,,null,,,
7856,rebounding,1,751,259,29726,102.95,sam2,3.0,2247.575,40.135
7857,rebounding,1,,,,,null,,,
7858,rebounding,1,,,,,null,,,
7859,rebounding,1,,,,,null,,,
7860,rebounding,1,751,259,29756,103.06,sam2,0.0,0.0,0.0
7861,rebounding,1,,,,,null,,,
7862,rebounding,1,,,,,null,,,
7863,rebounding,1,,,,,null,,,
7864,rebounding,1,751,256,27767,96.17,sam2,3.0,2247.575,40.135
7865,rebounding,1,,,,,null,,,
7866,rebounding,1,,,,,null,,,
7867,rebounding,1,,,,,null,,,
7868,rebounding,1,751,260,29798,103.2,sam2,4.0,2996.766,53.514
7869,rebounding,1,,,,,null,,,
7870,rebounding,1,,,,,null,,,
7871,rebounding,1,,,,,null,,,
7872,rebounding,1,751,256,27827,96.38,sam2,4.0,2996.766,53.514
7873,rebounding,1,,,,,null,,,
7874,rebounding,1,,,,,null,,,
7875,rebounding,1,,,,,null,,,
7876,rebounding,1,751,256,27883,96.57,sam2,0.0,0.0,0.0
7877,rebounding,1,,,,,null,,,
7878,rebounding,1,,,,,null,,,
7879,rebounding,1,,,,,null,,,
7880,rebounding,1,751,257,27983,96.92,sam2,1.0,749.192,13.378
7881,rebounding,1,,,,,null,,,
7882,rebounding,1,,,,,null,,,
7883,rebounding,1,,,,,null,,,
7884,rebounding,1,751,257,27965,96.86,sam2,0.0,0.0,0.0
7885,rebounding,1,,,,,null,,,
7886,rebounding,1,,,,,null,,,
7887,rebounding,1,,,,,null,,,
7888,rebounding,1,751,256,27829,96.38,sam2,1.0,749.192,13.378
7889,rebounding,1,,,,,null,,,
7890,rebounding,1,,,,,null,,,
7891,rebounding,1,,,,,null,,,
7892,rebounding,1,751,256,27864,96.51,sam2,0.0,0.0,0.0
7893,rebounding,1,,,,,null,,,
7894,rebounding,1,,,,,null,,,
7895,rebounding,1,,,,,null,,,
7896,rebounding,1,751,256,27756,96.13,sam2,0.0,0.0,0.0
7897,rebounding,1,,,,,null,,,
7898,rebounding,1,,,,,null,,,
7899,rebounding,1,,,,,null,,,
7900,rebounding,1,751,256,27739,96.07,sam2,0.0,0.0,0.0
7901,rebounding,1,,,,,null,,,
7902,rebounding,1,,,,,null,,,
7903,rebounding,1,,,,,null,,,
7904,rebounding,1,751,260,29773,103.12,sam2,4.0,2996.766,53.514
7905,rebounding,1,,,,,null,,,
7906,rebounding,1,,,,,null,,,
7907,rebounding,1,,,,,null,,,
7908,rebounding,1,751,256,27772,96.19,sam2,4.0,2996.766,53.514
7909,rebounding,1,,,,,null,,,
7910,rebounding,1,,,,,null,,,
7911,rebounding,1,,,,,null,,,
7912,rebounding,1,751,256,27813,96.33,sam2,0.0,0.0,0.0
7913,rebounding,1,,,,,null,,,
7914,rebounding,1,,,,,null,,,
7915,rebounding,1,,,,,null,,,
7916,rebounding,1,751,256,27795,96.27,sam2,0.0,0.0,0.0
7917,rebounding,1,,,,,null,,,
7918,rebounding,1,,,,,null,,,
7919,rebounding,1,,,,,null,,,
7920,rebounding,1,751,256,27733,96.05,sam2,0.0,0.0,0.0
7921,rebounding,1,,,,,null,,,
7922,rebounding,1,,,,,null,,,
7923,rebounding,1,,,,,null,,,
7924,rebounding,1,751,256,27860,96.49,sam2,0.0,0.0,0.0
7925,rebounding,1,,,,,null,,,
7926,rebounding,1,,,,,null,,,
7927,rebounding,1,,,,,null,,,
7928,rebounding,1,751,256,27870,96.53,sam2,0.0,0.0,0.0
7929,rebounding,1,,,,,null,,,
7930,rebounding,1,,,,,null,,,
7931,rebounding,1,,,,,null,,,
7932,rebounding,1,751,259,29653,102.7,sam2,3.0,2247.575,40.135
7933,rebounding,1,,,,,null,,,
7934,rebounding,1,,,,,null,,,
7935,rebounding,1,,,,,null,,,
7936,rebounding,1,751,256,27785,96.23,sam2,3.0,2247.575,40.135
7937,rebounding,1,,,,,null,,,
7938,rebounding,1,,,,,null,,,
7939,rebounding,1,,,,,null,,,
7940,rebounding,1,751,256,27834,96.4,sam2,0.0,0.0,0.0
7941,rebounding,1,,,,,null,,,
7942,rebounding,1,,,,,null,,,
7943,rebounding,1,,,,,null,,,
7944,rebounding,1,751,256,27804,96.3,sam2,0.0,0.0,0.0
7945,rebounding,1,,,,,null,,,
7946,rebounding,1,,,,,null,,,
7947,rebounding,1,,,,,null,,,
7948,rebounding,1,751,256,27712,95.98,sam2,0.0,0.0,0.0
7949,rebounding,1,,,,,null,,,
7950,rebounding,1,,,,,null,,,
7951,rebounding,1,,,,,null,,,
7952,rebounding,1,751,256,27794,96.26,sam2,0.0,0.0,0.0
7953,rebounding,1,,,,,null,,,
7954,rebounding,1,,,,,null,,,
7955,rebounding,1,,,,,null,,,
7956,rebounding,1,751,256,27903,96.64,sam2,0.0,0.0,0.0
7957,rebounding,1,,,,,null,,,
7958,rebounding,1,,,,,null,,,
7959,rebounding,1,,,,,null,,,
7960,rebounding,1,752,260,29628,102.61,sam2,4.123,3088.996,55.161
7961,rebounding,1,,,,,null,,,
7962,rebounding,1,,,,,null,,,
7963,rebounding,1,,,,,null,,,
7964,rebounding,1,751,256,27774,96.19,sam2,4.123,3088.996,55.161
7965,rebounding,1,,,,,null,,,
7966,rebounding,1,,,,,null,,,
7967,rebounding,1,,,,,null,,,
7968,rebounding,1,751,256,27795,96.27,sam2,0.0,0.0,0.0
7969,rebounding,1,,,,,null,,,
7970,rebounding,1,,,,,null,,,
7971,rebounding,1,,,,,null,,,
7972,rebounding,1,751,256,27828,96.38,sam2,0.0,0.0,0.0
7973,rebounding,1,,,,,null,,,
7974,rebounding,1,,,,,null,,,
7975,rebounding,1,,,,,null,,,
7976,rebounding,1,751,256,27806,96.3,sam2,0.0,0.0,0.0
7977,rebounding,1,,,,,null,,,
7978,rebounding,1,,,,,null,,,
7979,rebounding,1,,,,,null,,,
7980,rebounding,1,751,256,27742,96.08,sam2,0.0,0.0,0.0
7981,rebounding,1,,,,,null,,,
7982,rebounding,1,,,,,null,,,
7983,rebounding,1,,,,,null,,,
7984,rebounding,1,751,256,27747,96.1,sam2,0.0,0.0,0.0
7985,rebounding,1,,,,,null,,,
7986,rebounding,1,,,,,null,,,
7987,rebounding,1,,,,,null,,,
7988,rebounding,1,751,256,27780,96.21,sam2,0.0,0.0,0.0
7989,rebounding,1,,,,,null,,,
7990,rebounding,1,,,,,null,,,
7991,rebounding,1,,,,,null,,,
7992,rebounding,1,751,256,27720,96.01,sam2,0.0,0.0,0.0
7993,rebounding,1,,,,,null,,,
7994,rebounding,1,,,,,null,,,
7995,rebounding,1,,,,,null,,,
7996,rebounding,1,751,259,29589,102.48,sam2,3.0,2247.575,40.135
7997,rebounding,1,,,,,null,,,
7998,rebounding,1,,,,,null,,,
7999,rebounding,1,,,,,null,,,
8000,rebounding,1,751,256,27795,96.27,sam2,3.0,2247.575,40.135
8001,rebounding,1,,,,,null,,,
8002,rebounding,1,,,,,null,,,
8003,rebounding,1,,,,,null,,,
8004,rebounding,1,751,256,27762,96.15,sam2,0.0,0.0,0.0
8005,rebounding,1,,,,,null,,,
8006,rebounding,1,,,,,null,,,
8007,rebounding,1,,,,,null,,,
8008,rebounding,1,751,256,27713,95.98,sam2,0.0,0.0,0.0
8009,rebounding,1,,,,,null,,,
8010,rebounding,1,,,,,null,,,
8011,rebounding,1,,,,,null,,,
8012,rebounding,1,751,259,29801,103.21,sam2,3.0,2247.575,40.135
8013,rebounding,1,,,,,null,,,
8014,rebounding,1,,,,,null,,,
8015,rebounding,1,,,,,null,,,
8016,rebounding,1,751,256,27796,96.27,sam2,3.0,2247.575,40.135
8017,rebounding,1,,,,,null,,,
8018,rebounding,1,,,,,null,,,
8019,rebounding,1,,,,,null,,,
8020,rebounding,1,751,256,27854,96.47,sam2,0.0,0.0,0.0
8021,rebounding,1,,,,,null,,,
8022,rebounding,1,,,,,null,,,
8023,rebounding,1,,,,,null,,,
8024,rebounding,1,751,256,27691,95.91,sam2,0.0,0.0,0.0
8025,rebounding,1,,,,,null,,,
8026,rebounding,1,,,,,null,,,
8027,rebounding,1,,,,,null,,,
8028,rebounding,1,751,256,27741,96.08,sam2,0.0,0.0,0.0
8029,rebounding,1,,,,,null,,,
8030,rebounding,1,,,,,null,,,
8031,rebounding,1,,,,,null,,,
8032,rebounding,1,751,256,27771,96.18,sam2,0.0,0.0,0.0
8033,rebounding,1,,,,,null,,,
8034,rebounding,1,,,,,null,,,
8035,rebounding,1,,,,,null,,,
8036,rebounding,1,751,256,27910,96.66,sam2,0.0,0.0,0.0
8037,rebounding,1,,,,,null,,,
8038,rebounding,1,,,,,null,,,
8039,rebounding,1,,,,,null,,,
8040,rebounding,1,751,256,27728,96.03,sam2,0.0,0.0,0.0
8041,rebounding,1,,,,,null,,,
8042,rebounding,1,,,,,null,,,
8043,rebounding,1,,,,,null,,,
8044,rebounding,1,751,256,27752,96.12,sam2,0.0,0.0,0.0
8045,rebounding,1,,,,,null,,,
8046,rebounding,1,,,,,null,,,
8047,rebounding,1,,,,,null,,,
8048,rebounding,1,751,256,27764,96.16,sam2,0.0,0.0,0.0
8049,rebounding,1,,,,,null,,,
8050,rebounding,1,,,,,null,,,
8051,rebounding,1,,,,,null,,,
8052,rebounding,1,751,256,27679,95.86,sam2,0.0,0.0,0.0
8053,rebounding,1,,,,,null,,,
8054,rebounding,1,,,,,null,,,
8055,rebounding,1,,,,,null,,,
8056,rebounding,1,751,256,27623,95.67,sam2,0.0,0.0,0.0
8057,rebounding,1,,,,,null,,,
8058,rebounding,1,,,,,null,,,
8059,rebounding,1,,,,,null,,,
8060,rebounding,1,751,256,27645,95.75,sam2,0.0,0.0,0.0
8061,rebounding,1,,,,,null,,,
8062,rebounding,1,,,,,null,,,
8063,rebounding,1,,,,,null,,,
8064,rebounding,1,751,256,27637,95.72,sam2,0.0,0.0,0.0
8065,rebounding,1,,,,,null,,,
8066,rebounding,1,,,,,null,,,
8067,rebounding,1,,,,,null,,,
8068,rebounding,1,751,256,27767,96.17,sam2,0.0,0.0,0.0
8069,rebounding,1,,,,,null,,,
8070,rebounding,1,,,,,null,,,
8071,rebounding,1,,,,,null,,,
8072,rebounding,1,751,256,27627,95.68,sam2,0.0,0.0,0.0
8073,rebounding,1,,,,,null,,,
8074,rebounding,1,,,,,null,,,
8075,rebounding,1,,,,,null,,,
8076,rebounding,1,751,256,27670,95.83,sam2,0.0,0.0,0.0
8077,rebounding,1,,,,,null,,,
8078,rebounding,1,,,,,null,,,
8079,rebounding,1,,,,,null,,,
8080,rebounding,1,751,259,29624,102.6,sam2,3.0,2247.575,40.135
8081,rebounding,1,,,,,null,,,
8082,rebounding,1,,,,,null,,,
8083,rebounding,1,,,,,null,,,
8084,rebounding,1,751,256,27785,96.23,sam2,3.0,2247.575,40.135
8085,rebounding,1,,,,,null,,,
8086,rebounding,1,,,,,null,,,
8087,rebounding,1,,,,,null,,,
8088,rebounding,1,751,256,27705,95.95,sam2,0.0,0.0,0.0
8089,rebounding,1,,,,,null,,,
8090,rebounding,1,,,,,null,,,
8091,rebounding,1,,,,,null,,,
8092,rebounding,1,751,256,27718,96.0,sam2,0.0,0.0,0.0
8093,rebounding,1,,,,,null,,,
8094,rebounding,1,,,,,null,,,
8095,rebounding,1,,,,,null,,,
8096,rebounding,1,751,256,27743,96.09,sam2,0.0,0.0,0.0
8097,rebounding,1,,,,,null,,,
8098,rebounding,1,,,,,null,,,
8099,rebounding,1,,,,,null,,,
8100,rebounding,1,751,256,27717,96.0,sam2,0.0,0.0,0.0
8101,rebounding,1,,,,,null,,,
8102,rebounding,1,,,,,null,,,
8103,rebounding,1,,,,,null,,,
8104,rebounding,1,751,256,27823,96.36,sam2,0.0,0.0,0.0
8105,rebounding,1,,,,,null,,,
8106,rebounding,1,,,,,null,,,
8107,rebounding,1,,,,,null,,,
8108,rebounding,1,751,256,27637,95.72,sam2,0.0,0.0,0.0
8109,rebounding,1,,,,,null,,,
8110,rebounding,1,,,,,null,,,
8111,rebounding,1,,,,,null,,,
8112,rebounding,1,751,259,29576,102.43,sam2,3.0,2247.575,40.135
8113,rebounding,1,,,,,null,,,
8114,rebounding,1,,,,,null,,,
8115,rebounding,1,,,,,null,,,
8116,rebounding,1,751,256,27682,95.88,sam2,3.0,2247.575,40.135
8117,rebounding,1,,,,,null,,,
8118,rebounding,1,,,,,null,,,
8119,rebounding,1,,,,,null,,,
8120,rebounding,1,751,256,27806,96.3,sam2,0.0,0.0,0.0
8121,rebounding,1,,,,,null,,,
8122,rebounding,1,,,,,null,,,
8123,rebounding,1,,,,,null,,,
8124,rebounding,1,751,256,27699,95.93,sam2,0.0,0.0,0.0
8125,rebounding,1,,,,,null,,,
8126,rebounding,1,,,,,null,,,
8127,rebounding,1,,,,,null,,,
8128,rebounding,1,751,256,27789,96.25,sam2,0.0,0.0,0.0
8129,rebounding,1,,,,,null,,,
8130,rebounding,1,,,,,null,,,
8131,rebounding,1,,,,,null,,,
8132,rebounding,1,751,256,27793,96.26,sam2,0.0,0.0,0.0
8133,rebounding,1,,,,,null,,,
8134,rebounding,1,,,,,null,,,
8135,rebounding,1,,,,,null,,,
8136,rebounding,1,751,256,27868,96.52,sam2,0.0,0.0,0.0
8137,rebounding,1,,,,,null,,,
8138,rebounding,1,,,,,null,,,
8139,rebounding,1,,,,,null,,,
8140,rebounding,1,751,256,27707,95.96,sam2,0.0,0.0,0.0
8141,rebounding,1,,,,,null,,,
8142,rebounding,1,,,,,null,,,
8143,rebounding,1,,,,,null,,,
8144,rebounding,1,751,259,29655,102.71,sam2,3.0,2247.575,40.135
8145,rebounding,1,,,,,null,,,
8146,rebounding,1,,,,,null,,,
8147,rebounding,1,,,,,null,,,
8148,rebounding,1,751,256,27771,96.18,sam2,3.0,2247.575,40.135
8149,rebounding,1,,,,,null,,,
8150,rebounding,1,,,,,null,,,
8151,rebounding,1,,,,,null,,,
8152,rebounding,1,751,256,27637,95.72,sam2,0.0,0.0,0.0
8153,rebounding,1,,,,,null,,,
8154,rebounding,1,,,,,null,,,
8155,rebounding,1,,,,,null,,,
8156,rebounding,1,751,256,27659,95.8,sam2,0.0,0.0,0.0
8157,rebounding,1,,,,,null,,,
8158,rebounding,1,,,,,null,,,
8159,rebounding,1,,,,,null,,,
8160,rebounding,1,751,256,27756,96.13,sam2,0.0,0.0,0.0
8161,rebounding,1,,,,,null,,,
8162,rebounding,1,,,,,null,,,
8163,rebounding,1,,,,,null,,,
8164,rebounding,1,751,256,27756,96.13,sam2,0.0,0.0,0.0
8165,rebounding,1,,,,,null,,,
8166,rebounding,1,,,,,null,,,
8167,rebounding,1,,,,,null,,,
8168,rebounding,1,751,256,27827,96.38,sam2,0.0,0.0,0.0
8169,rebounding,1,,,,,null,,,
8170,rebounding,1,,,,,null,,,
8171,rebounding,1,,,,,null,,,
8172,rebounding,1,751,256,27683,95.88,sam2,0.0,0.0,0.0
8173,rebounding,1,,,,,null,,,
8174,rebounding,1,,,,,null,,,
8175,rebounding,1,,,,,null,,,
8176,rebounding,1,751,256,27721,96.01,sam2,0.0,0.0,0.0
8177,rebounding,1,,,,,null,,,
8178,rebounding,1,,,,,null,,,
8179,rebounding,1,,,,,null,,,
8180,rebounding,1,751,259,29537,102.3,sam2,3.0,2247.575,40.135
8181,rebounding,1,,,,,null,,,
8182,rebounding,1,,,,,null,,,
8183,rebounding,1,,,,,null,,,
8184,rebounding,1,751,256,27580,95.52,sam2,3.0,2247.575,40.135
8185,rebounding,1,,,,,null,,,
8186,rebounding,1,,,,,null,,,
8187,rebounding,1,,,,,null,,,
8188,rebounding,1,751,256,27729,96.04,sam2,0.0,0.0,0.0
8189,rebounding,1,,,,,null,,,
8190,rebounding,1,,,,,null,,,
8191,rebounding,1,,,,,null,,,
8192,rebounding,1,751,256,27722,96.01,sam2,0.0,0.0,0.0
8193,rebounding,1,,,,,null,,,
8194,rebounding,1,,,,,null,,,
8195,rebounding,1,,,,,null,,,
8196,rebounding,1,751,256,27755,96.13,sam2,0.0,0.0,0.0
8197,rebounding,1,,,,,null,,,
8198,rebounding,1,,,,,null,,,
8199,rebounding,1,,,,,null,,,
8200,rebounding,1,751,256,27783,96.22,sam2,0.0,0.0,0.0
8201,rebounding,1,,,,,null,,,
8202,rebounding,1,,,,,null,,,
8203,rebounding,1,,,,,null,,,
8204,rebounding,1,751,256,27762,96.15,sam2,0.0,0.0,0.0
8205,rebounding,1,,,,,null,,,
8206,rebounding,1,,,,,null,,,
8207,rebounding,1,,,,,null,,,
8208,rebounding,1,751,256,27653,95.77,sam2,0.0,0.0,0.0
8209,rebounding,1,,,,,null,,,
8210,rebounding,1,,,,,null,,,
8211,rebounding,1,,,,,null,,,
8212,rebounding,1,751,256,27690,95.9,sam2,0.0,0.0,0.0
8213,rebounding,1,,,,,null,,,
8214,rebounding,1,,,,,null,,,
8215,rebounding,1,,,,,null,,,
8216,rebounding,1,751,256,27715,95.99,sam2,0.0,0.0,0.0
8217,rebounding,1,,,,,null,,,
8218,rebounding,1,,,,,null,,,
8219,rebounding,1,,,,,null,,,
8220,rebounding,1,751,256,27742,96.08,sam2,0.0,0.0,0.0
8221,rebounding,1,,,,,null,,,
8222,rebounding,1,,,,,null,,,
8223,rebounding,1,,,,,null,,,
8224,rebounding,1,751,256,27765,96.16,sam2,0.0,0.0,0.0
8225,rebounding,1,,,,,null,,,
8226,rebounding,1,,,,,null,,,
8227,rebounding,1,,,,,null,,,
8228,rebounding,1,751,256,27753,96.12,sam2,0.0,0.0,0.0
8229,rebounding,1,,,,,null,,,
8230,rebounding,1,,,,,null,,,
8231,rebounding,1,,,,,null,,,
8232,rebounding,1,751,256,27836,96.41,sam2,0.0,0.0,0.0
8233,rebounding,1,,,,,null,,,
8234,rebounding,1,,,,,null,,,
8235,rebounding,1,,,,,null,,,
8236,rebounding,1,751,256,27701,95.94,sam2,0.0,0.0,0.0
8237,rebounding,1,,,,,null,,,
8238,rebounding,1,,,,,null,,,
8239,rebounding,1,,,,,null,,,
8240,rebounding,1,751,256,27664,95.81,sam2,0.0,0.0,0.0
8241,rebounding,1,,,,,null,,,
8242,rebounding,1,,,,,null,,,
8243,rebounding,1,,,,,null,,,
8244,rebounding,1,751,256,27769,96.18,sam2,0.0,0.0,0.0
8245,rebounding,1,,,,,null,,,
8246,rebounding,1,,,,,null,,,
8247,rebounding,1,,,,,null,,,
8248,rebounding,1,751,256,27762,96.15,sam2,0.0,0.0,0.0
8249,rebounding,1,,,,,null,,,
8250,rebounding,1,,,,,null,,,
8251,rebounding,1,,,,,null,,,
8252,rebounding,1,751,256,27731,96.04,sam2,0.0,0.0,0.0
8253,rebounding,1,,,,,null,,,
8254,rebounding,1,,,,,null,,,
8255,rebounding,1,,,,,null,,,
8256,rebounding,1,751,256,27765,96.16,sam2,0.0,0.0,0.0
8257,rebounding,1,,,,,null,,,
8258,rebounding,1,,,,,null,,,
8259,rebounding,1,,,,,null,,,
8260,rebounding,1,751,256,27694,95.92,sam2,0.0,0.0,0.0
8261,rebounding,1,,,,,null,,,
8262,rebounding,1,,,,,null,,,
8263,rebounding,1,,,,,null,,,
8264,rebounding,1,751,256,27681,95.87,sam2,0.0,0.0,0.0
8265,rebounding,1,,,,,null,,,
8266,rebounding,1,,,,,null,,,
8267,rebounding,1,,,,,null,,,
8268,rebounding,1,751,259,29680,102.79,sam2,3.0,2247.575,40.135
8269,rebounding,1,,,,,null,,,
8270,rebounding,1,,,,,null,,,
8271,rebounding,1,,,,,null,,,
8272,rebounding,1,751,256,27679,95.86,sam2,3.0,2247.575,40.135
8273,rebounding,1,,,,,null,,,
8274,rebounding,1,,,,,null,,,
8275,rebounding,1,,,,,null,,,
8276,rebounding,1,751,256,27749,96.11,sam2,0.0,0.0,0.0
8277,rebounding,1,,,,,null,,,
8278,rebounding,1,,,,,null,,,
8279,rebounding,1,,,,,null,,,
8280,rebounding,1,751,256,27644,95.74,sam2,0.0,0.0,0.0
8281,rebounding,1,,,,,null,,,
8282,rebounding,1,,,,,null,,,
8283,rebounding,1,,,,,null,,,
8284,rebounding,1,751,259,29777,103.13,sam2,3.0,2247.575,40.135
8285,rebounding,1,,,,,null,,,
8286,rebounding,1,,,,,null,,,
8287,rebounding,1,,,,,null,,,
8288,rebounding,1,751,256,27843,96.43,sam2,3.0,2247.575,40.135
8289,rebounding,1,,,,,null,,,
8290,rebounding,1,,,,,null,,,
8291,rebounding,1,,,,,null,,,
8292,rebounding,1,751,256,27757,96.13,sam2,0.0,0.0,0.0
8293,rebounding,1,,,,,null,,,
8294,rebounding,1,,,,,null,,,
8295,rebounding,1,,,,,null,,,
8296,rebounding,1,751,256,27700,95.94,sam2,0.0,0.0,0.0
8297,rebounding,1,,,,,null,,,
8298,rebounding,1,,,,,null,,,
8299,rebounding,1,,,,,null,,,
8300,rebounding,1,751,256,27717,96.0,sam2,0.0,0.0,0.0
8301,rebounding,1,,,,,null,,,
8302,rebounding,1,,,,,null,,,
8303,rebounding,1,,,,,null,,,
8304,rebounding,1,751,256,27755,96.13,sam2,0.0,0.0,0.0
8305,rebounding,1,,,,,null,,,
8306,rebounding,1,,,,,null,,,
8307,rebounding,1,,,,,null,,,
8308,rebounding,1,751,256,27897,96.62,sam2,0.0,0.0,0.0
8309,rebounding,1,,,,,null,,,
8310,rebounding,1,,,,,null,,,
8311,rebounding,1,,,,,null,,,
8312,rebounding,1,751,256,27728,96.03,sam2,0.0,0.0,0.0
8313,rebounding,1,,,,,null,,,
8314,rebounding,1,,,,,null,,,
8315,rebounding,1,,,,,null,,,
8316,rebounding,1,751,256,27709,95.97,sam2,0.0,0.0,0.0
8317,rebounding,1,,,,,null,,,
8318,rebounding,1,,,,,null,,,
8319,rebounding,1,,,,,null,,,
8320,rebounding,1,751,256,27740,96.08,sam2,0.0,0.0,0.0
8321,rebounding,1,,,,,null,,,
8322,rebounding,1,,,,,null,,,
8323,rebounding,1,,,,,null,,,
8324,rebounding,1,751,256,27817,96.34,sam2,0.0,0.0,0.0
8325,rebounding,1,,,,,null,,,
8326,rebounding,1,,,,,null,,,
8327,rebounding,1,,,,,null,,,
8328,rebounding,1,751,256,27720,96.01,sam2,0.0,0.0,0.0
8329,rebounding,1,,,,,null,,,
8330,rebounding,1,,,,,null,,,
8331,rebounding,1,,,,,null,,,
8332,rebounding,1,751,256,27841,96.43,sam2,0.0,0.0,0.0
8333,rebounding,1,,,,,null,,,
8334,rebounding,1,,,,,null,,,
8335,rebounding,1,,,,,null,,,
8336,rebounding,1,751,256,27685,95.89,sam2,0.0,0.0,0.0
8337,rebounding,1,,,,,null,,,
8338,rebounding,1,,,,,null,,,
8339,rebounding,1,,,,,null,,,
8340,rebounding,1,751,256,27764,96.16,sam2,0.0,0.0,0.0
8341,rebounding,1,,,,,null,,,
8342,rebounding,1,,,,,null,,,
8343,rebounding,1,,,,,null,,,
8344,rebounding,1,751,256,27818,96.35,sam2,0.0,0.0,0.0
8345,rebounding,1,,,,,null,,,
8346,rebounding,1,,,,,null,,,
8347,rebounding,1,,,,,null,,,
8348,rebounding,1,751,259,29752,103.04,sam2,3.0,2247.575,40.135
8349,rebounding,1,,,,,null,,,
8350,rebounding,1,,,,,null,,,
8351,rebounding,1,,,,,null,,,
8352,rebounding,1,751,256,27719,96.0,sam2,3.0,2247.575,40.135
8353,rebounding,1,,,,,null,,,
8354,rebounding,1,,,,,null,,,
8355,rebounding,1,,,,,null,,,
8356,rebounding,1,750,256,27715,95.99,sam2,1.0,749.192,13.378
8357,rebounding,1,,,,,null,,,
8358,rebounding,1,,,,,null,,,
8359,rebounding,1,,,,,null,,,
8360,rebounding,1,751,256,27715,95.99,sam2,1.0,749.192,13.378
8361,rebounding,1,,,,,null,,,
8362,rebounding,1,,,,,null,,,
8363,rebounding,1,,,,,null,,,
8364,rebounding,1,751,256,27770,96.18,sam2,0.0,0.0,0.0
8365,rebounding,1,,,,,null,,,
8366,rebounding,1,,,,,null,,,
8367,rebounding,1,,,,,null,,,
8368,rebounding,1,751,256,27842,96.43,sam2,0.0,0.0,0.0
8369,rebounding,1,,,,,null,,,
8370,rebounding,1,,,,,null,,,
8371,rebounding,1,,,,,null,,,
8372,rebounding,1,751,256,27858,96.48,sam2,0.0,0.0,0.0
8373,rebounding,1,,,,,null,,,
8374,rebounding,1,,,,,null,,,
8375,rebounding,1,,,,,null,,,
8376,rebounding,1,751,256,27744,96.09,sam2,0.0,0.0,0.0
8377,rebounding,1,,,,,null,,,
8378,rebounding,1,,,,,null,,,
8379,rebounding,1,,,,,null,,,
8380,rebounding,1,751,256,27679,95.86,sam2,0.0,0.0,0.0
8381,rebounding,1,,,,,null,,,
8382,rebounding,1,,,,,null,,,
8383,rebounding,1,,,,,null,,,
8384,rebounding,1,751,256,27670,95.83,sam2,0.0,0.0,0.0
8385,rebounding,1,,,,,null,,,
8386,rebounding,1,,,,,null,,,
8387,rebounding,1,,,,,null,,,
8388,rebounding,1,751,256,27717,96.0,sam2,0.0,0.0,0.0
8389,rebounding,1,,,,,null,,,
8390,rebounding,1,,,,,null,,,
8391,rebounding,1,,,,,null,,,
8392,rebounding,1,751,256,27684,95.88,sam2,0.0,0.0,0.0
8393,rebounding,1,,,,,null,,,
8394,rebounding,1,,,,,null,,,
8395,rebounding,1,,,,,null,,,
8396,rebounding,1,751,256,27733,96.05,sam2,0.0,0.0,0.0
8397,rebounding,1,,,,,null,,,
8398,rebounding,1,,,,,null,,,
8399,rebounding,1,,,,,null,,,
8400,rebounding,1,751,256,27762,96.15,sam2,0.0,0.0,0.0
8401,rebounding,1,,,,,null,,,
8402,rebounding,1,,,,,null,,,
8403,rebounding,1,,,,,null,,,
8404,rebounding,1,751,259,29728,102.96,sam2,3.0,2247.575,40.135
8405,rebounding,1,,,,,null,,,
8406,rebounding,1,,,,,null,,,
8407,rebounding,1,,,,,null,,,
8408,rebounding,1,751,256,27744,96.09,sam2,3.0,2247.575,40.135
8409,rebounding,1,,,,,null,,,
8410,rebounding,1,,,,,null,,,
8411,rebounding,1,,,,,null,,,
8412,rebounding,1,751,256,27789,96.25,sam2,0.0,0.0,0.0
8413,rebounding,1,,,,,null,,,
8414,rebounding,1,,,,,null,,,
8415,rebounding,1,,,,,null,,,
8416,rebounding,1,751,256,27647,95.75,sam2,0.0,0.0,0.0
8417,rebounding,1,,,,,null,,,
8418,rebounding,1,,,,,null,,,
8419,rebounding,1,,,,,null,,,
8420,rebounding,1,751,256,27700,95.94,sam2,0.0,0.0,0.0
8421,rebounding,1,,,,,null,,,
8422,rebounding,1,,,,,null,,,
8423,rebounding,1,,,,,null,,,
8424,rebounding,1,751,256,27802,96.29,sam2,0.0,0.0,0.0
8425,rebounding,1,,,,,null,,,
8426,rebounding,1,,,,,null,,,
8427,rebounding,1,,,,,null,,,
8428,rebounding,1,751,256,27859,96.49,sam2,0.0,0.0,0.0
8429,rebounding,1,,,,,null,,,
8430,rebounding,1,,,,,null,,,
8431,rebounding,1,,,,,null,,,
8432,rebounding,1,751,256,27690,95.9,sam2,0.0,0.0,0.0
8433,rebounding,1,,,,,null,,,
8434,rebounding,1,,,,,null,,,
8435,rebounding,1,,,,,null,,,
8436,rebounding,1,751,256,27653,95.77,sam2,0.0,0.0,0.0
8437,rebounding,1,,,,,null,,,
8438,rebounding,1,,,,,null,,,
8439,rebounding,1,,,,,null,,,
8440,rebounding,1,751,256,27734,96.06,sam2,0.0,0.0,0.0
8441,rebounding,1,,,,,null,,,
8442,rebounding,1,,,,,null,,,
8443,rebounding,1,,,,,null,,,
8444,rebounding,1,751,256,27615,95.64,sam2,0.0,0.0,0.0
8445,rebounding,1,,,,,null,,,
8446,rebounding,1,,,,,null,,,
8447,rebounding,1,,,,,null,,,
8448,rebounding,1,751,256,27717,96.0,sam2,0.0,0.0,0.0
8449,rebounding,1,,,,,null,,,
8450,rebounding,1,,,,,null,,,
8451,rebounding,1,,,,,null,,,
8452,rebounding,1,751,256,27703,95.95,sam2,0.0,0.0,0.0
8453,rebounding,1,,,,,null,,,
8454,rebounding,1,,,,,null,,,
8455,rebounding,1,,,,,null,,,
8456,rebounding,1,751,256,27609,95.62,sam2,0.0,0.0,0.0
8457,rebounding,1,,,,,null,,,
8458,rebounding,1,,,,,null,,,
8459,rebounding,1,,,,,null,,,
8460,rebounding,1,751,256,27741,96.08,sam2,0.0,0.0,0.0
8461,rebounding,1,,,,,null,,,
8462,rebounding,1,,,,,null,,,
8463,rebounding,1,,,,,null,,,
8464,rebounding,1,751,256,27851,96.46,sam2,0.0,0.0,0.0
8465,rebounding,1,,,,,null,,,
8466,rebounding,1,,,,,null,,,
8467,rebounding,1,,,,,null,,,
8468,rebounding,1,751,256,27747,96.1,sam2,0.0,0.0,0.0
8469,rebounding,1,,,,,null,,,
8470,rebounding,1,,,,,null,,,
8471,rebounding,1,,,,,null,,,
8472,rebounding,1,751,256,27669,95.83,sam2,0.0,0.0,0.0
8473,rebounding,1,,,,,null,,,
8474,rebounding,1,,,,,null,,,
8475,rebounding,1,,,,,null,,,
8476,rebounding,1,751,256,27722,96.01,sam2,0.0,0.0,0.0
8477,rebounding,1,,,,,null,,,
8478,rebounding,1,,,,,null,,,
8479,rebounding,1,,,,,null,,,
8480,rebounding,1,751,256,27730,96.04,sam2,0.0,0.0,0.0
8481,rebounding,1,,,,,null,,,
8482,rebounding,1,,,,,null,,,
8483,rebounding,1,,,,,null,,,
8484,rebounding,1,751,256,27772,96.19,sam2,0.0,0.0,0.0
8485,rebounding,1,,,,,null,,,
8486,rebounding,1,,,,,null,,,
8487,rebounding,1,,,,,null,,,
8488,rebounding,1,751,256,27762,96.15,sam2,0.0,0.0,0.0
8489,rebounding,1,,,,,null,,,
8490,rebounding,1,,,,,null,,,
8491,rebounding,1,,,,,null,,,
8492,rebounding,1,751,259,29749,103.03,sam2,3.0,2247.575,40.135
8493,rebounding,1,,,,,null,,,
8494,rebounding,1,,,,,null,,,
8495,rebounding,1,,,,,null,,,
8496,rebounding,1,751,256,27775,96.2,sam2,3.0,2247.575,40.135
8497,rebounding,1,,,,,null,,,
8498,rebounding,1,,,,,null,,,
8499,rebounding,1,,,,,null,,,
8500,rebounding,1,751,256,27809,96.31,sam2,0.0,0.0,0.0
8501,rebounding,1,,,,,null,,,
8502,rebounding,1,,,,,null,,,
8503,rebounding,1,,,,,null,,,
8504,rebounding,1,751,256,27730,96.04,sam2,0.0,0.0,0.0
8505,rebounding,1,,,,,null,,,
8506,rebounding,1,,,,,null,,,
8507,rebounding,1,,,,,null,,,
8508,rebounding,1,751,256,27724,96.02,sam2,0.0,0.0,0.0
8509,rebounding,1,,,,,null,,,
8510,rebounding,1,,,,,null,,,
8511,rebounding,1,,,,,null,,,
8512,rebounding,1,751,256,27809,96.31,sam2,0.0,0.0,0.0
8513,rebounding,1,,,,,null,,,
8514,rebounding,1,,,,,null,,,
8515,rebounding,1,,,,,null,,,
8516,rebounding,1,751,256,27869,96.52,sam2,0.0,0.0,0.0
8517,rebounding,1,,,,,null,,,
8518,rebounding,1,,,,,null,,,
8519,rebounding,1,,,,,null,,,
8520,rebounding,1,751,259,29685,102.81,sam2,3.0,2247.575,40.135
8521,rebounding,1,,,,,null,,,
8522,rebounding,1,,,,,null,,,
8523,rebounding,1,,,,,null,,,
8524,rebounding,1,751,256,27794,96.26,sam2,3.0,2247.575,40.135
8525,rebounding,1,,,,,null,,,
8526,rebounding,1,,,,,null,,,
8527,rebounding,1,,,,,null,,,
8528,rebounding,1,751,256,27769,96.18,sam2,0.0,0.0,0.0
8529,rebounding,1,,,,,null,,,
8530,rebounding,1,,,,,null,,,
8531,rebounding,1,,,,,null,,,
8532,rebounding,1,751,256,27720,96.01,sam2,0.0,0.0,0.0
8533,rebounding,1,,,,,null,,,
8534,rebounding,1,,,,,null,,,
8535,rebounding,1,,,,,null,,,
8536,rebounding,1,751,256,27765,96.16,sam2,0.0,0.0,0.0
8537,rebounding,1,,,,,null,,,
8538,rebounding,1,,,,,null,,,
8539,rebounding,1,,,,,null,,,
8540,rebounding,1,751,256,27743,96.09,sam2,0.0,0.0,0.0
8541,rebounding,1,,,,,null,,,
8542,rebounding,1,,,,,null,,,
8543,rebounding,1,,,,,null,,,
8544,rebounding,1,751,256,27748,96.1,sam2,0.0,0.0,0.0
8545,rebounding,1,,,,,null,,,
8546,rebounding,1,,,,,null,,,
8547,rebounding,1,,,,,null,,,
8548,rebounding,1,751,256,27781,96.22,sam2,0.0,0.0,0.0
8549,rebounding,1,,,,,null,,,
8550,rebounding,1,,,,,null,,,
8551,rebounding,1,,,,,null,,,
8552,rebounding,1,751,256,27684,95.88,sam2,0.0,0.0,0.0
8553,rebounding,1,,,,,null,,,
8554,rebounding,1,,,,,null,,,
8555,rebounding,1,,,,,null,,,
8556,rebounding,1,751,256,27735,96.06,sam2,0.0,0.0,0.0
8557,rebounding,1,,,,,null,,,
8558,rebounding,1,,,,,null,,,
8559,rebounding,1,,,,,null,,,
8560,rebounding,1,751,256,27806,96.3,sam2,0.0,0.0,0.0
8561,rebounding,1,,,,,null,,,
8562,rebounding,1,,,,,null,,,
8563,rebounding,1,,,,,null,,,
8564,rebounding,1,751,256,27735,96.06,sam2,0.0,0.0,0.0
8565,rebounding,1,,,,,null,,,
8566,rebounding,1,,,,,null,,,
8567,rebounding,1,,,,,null,,,
8568,rebounding,1,751,256,27703,95.95,sam2,0.0,0.0,0.0
8569,rebounding,1,,,,,null,,,
8570,rebounding,1,,,,,null,,,
8571,rebounding,1,,,,,null,,,
8572,rebounding,1,751,259,29488,102.13,sam2,3.0,2247.575,40.135
8573,rebounding,1,,,,,null,,,
8574,rebounding,1,,,,,null,,,
8575,rebounding,1,,,,,null,,,
8576,rebounding,1,751,256,27749,96.11,sam2,3.0,2247.575,40.135
8577,rebounding,1,,,,,null,,,
8578,rebounding,1,,,,,null,,,
8579,rebounding,1,,,,,null,,,
8580,rebounding,1,751,256,27796,96.27,sam2,0.0,0.0,0.0
8581,rebounding,1,,,,,null,,,
8582,rebounding,1,,,,,null,,,
8583,rebounding,1,,,,,null,,,
8584,rebounding,1,751,256,27779,96.21,sam2,0.0,0.0,0.0
8585,rebounding,1,,,,,null,,,
8586,rebounding,1,,,,,null,,,
8587,rebounding,1,,,,,null,,,
8588,rebounding,1,751,256,27820,96.35,sam2,0.0,0.0,0.0
8589,rebounding,1,,,,,null,,,
8590,rebounding,1,,,,,null,,,
8591,rebounding,1,,,,,null,,,
8592,rebounding,1,751,256,27793,96.26,sam2,0.0,0.0,0.0
