frame,phase,drop_id,cx,cy,area_px,percentage,detection_method,distance_px,velocity_px_per_s,velocity_mm_s
1353,falling,1,584,94,14957,59.28,hough,,,
1354,falling,1,,,,,null,,,
1355,falling,1,,,,,null,,,
1356,falling,1,611,221,25204,99.9,sam2,,,
1357,falling,1,,,,,null,,,
1358,falling,1,,,,,null,,,
1359,falling,1,,,,,null,,,
1360,falling,1,628,282,13445,53.29,sam2,63.325,47442.23,847.183
1361,falling,1,,,,,null,,,
1362,falling,1,,,,,null,,,
1363,falling,1,,,,,null,,,
1364,falling,1,614,308,34769,137.81,sam2,29.53,22123.363,395.06
1365,falling,1,,,,,null,,,
1366,falling,1,,,,,null,,,
1367,falling,1,,,,,null,,,
1368,falling,1,622,307,42569,168.73,sam2,8.062,6040.176,107.86
1369,falling,1,,,,,null,,,
1370,falling,1,,,,,null,,,
1371,falling,1,,,,,null,,,
1372,falling,1,617,305,43264,171.49,sam2,5.385,4034.52,72.045
1373,falling,1,,,,,null,,,
1374,falling,1,,,,,null,,,
1375,falling,1,,,,,null,,,
1376,falling,1,725,277,12059,47.8,sam2,111.571,83587.763,1492.639
1377,falling,1,,,,,null,,,
1378,falling,1,,,,,null,,,
1379,falling,1,,,,,null,,,
1380,falling,1,614,300,38971,154.47,sam2,113.358,84926.744,1516.549
1381,falling,1,,,,,null,,,
1382,falling,1,,,,,null,,,
1383,falling,1,,,,,null,,,
1384,falling,1,603,277,43149,171.03,sam2,25.495,19100.714,341.084
1385,falling,1,,,,,null,,,
1386,falling,1,,,,,null,,,
1387,falling,1,,,,,null,,,
1388,falling,1,613,167,19425,76.99,sam2,110.454,82750.919,1477.695
1389,falling,1,,,,,null,,,
1390,falling,1,,,,,null,,,
1391,falling,1,,,,,null,,,
1392,falling,1,608,163,23086,91.51,sam2,6.403,4797.167,85.664
1393,falling,1,,,,,null,,,
1394,falling,1,,,,,null,,,
1395,falling,1,,,,,null,,,
1396,falling,1,604,153,23254,92.17,sam2,10.77,8069.041,144.09
1397,falling,1,,,,,null,,,
1398,falling,1,,,,,null,,,
1399,falling,1,,,,,null,,,
1400,falling,1,601,151,24554,97.32,sam2,3.606,2701.249,48.237
1401,falling,1,,,,,null,,,
1402,falling,1,,,,,null,,,
1403,falling,1,,,,,null,,,
1404,falling,1,601,149,27119,107.49,sam2,2.0,1498.383,26.757
1404,falling,2,548,264,110,0.44,sam2,,,
1405,falling,1,,,,,null,,,
1406,falling,1,,,,,null,,,
1407,falling,1,,,,,null,,,
1408,falling,1,599,151,28254,111.99,sam2,2.828,2119.034,37.84
1409,falling,1,,,,,null,,,
1410,falling,1,,,,,null,,,
1411,falling,1,,,,,null,,,
1412,falling,1,598,159,29614,117.38,sam2,8.062,6040.176,107.86
1413,falling,1,,,,,null,,,
1414,falling,1,,,,,null,,,
1415,falling,1,,,,,null,,,
1416,falling,1,597,149,28822,114.24,sam2,10.05,7529.283,134.451
1416,falling,2,643,281,60,0.24,sam2,96.509,24101.261,430.38
1417,falling,1,,,,,null,,,
1418,falling,1,,,,,null,,,
1419,falling,1,,,,,null,,,
1420,falling,1,596,140,28104,111.4,sam2,9.055,6784.219,121.147
1421,falling,1,,,,,null,,,
1422,falling,1,,,,,null,,,
1423,falling,1,,,,,null,,,
1424,falling,1,595,134,27562,109.25,sam2,6.083,4557.155,81.378
1425,falling,1,,,,,null,,,
1426,falling,1,,,,,null,,,
1427,falling,1,,,,,null,,,
1428,falling,1,596,134,27100,107.42,sam2,1.0,749.192,13.378
1428,falling,2,587,281,68,0.27,sam2,56.0,13984.91,249.731
1429,falling,1,,,,,null,,,
1430,falling,1,,,,,null,,,
1431,falling,1,,,,,null,,,
1432,falling,1,595,144,30197,119.69,sam2,10.05,7529.283,134.451
1433,falling,1,,,,,null,,,
1434,falling,1,,,,,null,,,
1435,falling,1,,,,,null,,,
1436,falling,1,595,128,27666,109.66,sam2,16.0,11987.066,214.055
1436,falling,2,591,265,71,0.28,sam2,16.492,6177.992,110.321
1437,falling,1,,,,,null,,,
1438,falling,1,,,,,null,,,
1439,falling,1,,,,,null,,,
1440,falling,1,595,165,35911,142.34,sam2,37.0,27720.09,495.002
1441,falling,1,,,,,null,,,
1442,falling,1,,,,,null,,,
1443,falling,1,,,,,null,,,
1444,falling,1,594,142,31285,124.0,sam2,23.022,17247.686,307.994
1445,falling,1,,,,,null,,,
1446,falling,1,,,,,null,,,
1447,falling,1,,,,,null,,,
1448,falling,1,594,137,31259,123.9,sam2,5.0,3745.958,66.892
1449,falling,1,,,,,null,,,
1450,falling,1,,,,,null,,,
1451,falling,1,,,,,null,,,
1452,falling,1,594,135,32507,128.85,sam2,2.0,1498.383,26.757
1453,falling,1,,,,,null,,,
1454,falling,1,,,,,null,,,
1455,falling,1,,,,,null,,,
1456,falling,1,594,141,32053,127.05,sam2,6.0,4495.15,80.271
1457,falling,1,,,,,null,,,
1458,falling,1,,,,,null,,,
1459,falling,1,,,,,null,,,
1460,falling,1,594,142,28396,112.55,sam2,1.0,749.192,13.378
1461,falling,1,,,,,null,,,
1462,falling,1,,,,,null,,,
1463,falling,1,,,,,null,,,
1464,falling,1,594,159,27779,110.11,sam2,17.0,12736.258,227.433
1465,falling,1,,,,,null,,,
1466,falling,1,,,,,null,,,
1467,falling,1,,,,,null,,,
1468,falling,1,593,178,28389,112.53,sam2,19.026,14254.343,254.542
1469,falling,1,,,,,null,,,
1470,falling,1,,,,,null,,,
1471,falling,1,,,,,null,,,
1472,falling,1,591,175,23237,92.1,sam2,3.606,2701.249,48.237
1473,falling,1,,,,,null,,,
1474,falling,1,,,,,null,,,
1475,falling,1,,,,,null,,,
1476,falling,1,591,193,23499,93.14,sam2,18.0,13485.449,240.812
1477,falling,1,,,,,null,,,
1478,falling,1,590,186,33979,134.68,hough,,,
1479,falling,1,,,,,null,,,
1480,falling,1,592,218,25858,102.49,sam2,,,
1481,falling,1,,,,,null,,,
1482,falling,1,,,,,null,,,
1483,falling,1,,,,,null,,,
1484,falling,1,592,231,23455,92.97,sam2,13.0,9739.491,173.919
1485,falling,1,,,,,null,,,
1486,falling,1,,,,,null,,,
1487,falling,1,,,,,null,,,
1488,falling,1,593,245,22544,89.36,sam2,14.036,10515.406,187.775
1489,falling,1,,,,,null,,,
1490,falling,1,,,,,null,,,
1491,falling,1,,,,,null,,,
1492,falling,1,593,253,21259,84.26,sam2,8.0,5993.533,107.027
1493,falling,1,,,,,null,,,
1494,falling,1,,,,,null,,,
1495,falling,1,,,,,null,,,
1496,falling,1,593,256,20700,82.05,sam2,3.0,2247.575,40.135
1497,falling,1,,,,,null,,,
1498,falling,1,,,,,null,,,
1499,falling,1,,,,,null,,,
1500,falling,1,593,260,19956,79.1,sam2,4.0,2996.766,53.514
1501,falling,1,,,,,null,,,
1502,falling,1,,,,,null,,,
1503,falling,1,,,,,null,,,
1504,falling,1,591,260,19589,77.64,sam2,2.0,1498.383,26.757
1505,falling,1,,,,,null,,,
1506,falling,1,,,,,null,,,
1507,falling,1,,,,,null,,,
1508,falling,1,590,256,19836,78.62,sam2,4.123,3088.996,55.161
1509,falling,1,,,,,null,,,
1510,falling,1,,,,,null,,,
1511,falling,1,,,,,null,,,
1512,falling,1,590,249,21736,86.15,sam2,7.0,5244.341,93.649
1513,falling,1,,,,,null,,,
1514,falling,1,,,,,null,,,
1515,falling,1,,,,,null,,,
1516,falling,1,590,241,23505,93.17,sam2,8.0,5993.533,107.027
1517,falling,1,,,,,null,,,
1518,falling,1,,,,,null,,,
1519,falling,1,,,,,null,,,
1520,falling,1,589,233,24653,97.72,sam2,8.062,6040.176,107.86
1521,falling,1,,,,,null,,,
1522,falling,1,,,,,null,,,
1523,falling,1,,,,,null,,,
1524,falling,1,588,229,25667,101.74,sam2,4.123,3088.996,55.161
1525,falling,1,,,,,null,,,
1526,falling,1,,,,,null,,,
1527,falling,1,,,,,null,,,
1528,falling,1,589,224,25129,99.6,sam2,5.099,3820.143,68.217
1529,falling,1,,,,,null,,,
1530,falling,1,,,,,null,,,
1531,falling,1,,,,,null,,,
1532,falling,1,588,228,25518,101.15,sam2,4.123,3088.996,55.161
1533,falling,1,,,,,null,,,
1534,falling,1,,,,,null,,,
1535,falling,1,,,,,null,,,
1536,falling,1,589,229,24719,97.98,sam2,1.414,1059.517,18.92
1537,falling,1,,,,,null,,,
1538,falling,1,,,,,null,,,
1539,falling,1,,,,,null,,,
1540,falling,1,588,229,23408,92.78,sam2,1.0,749.192,13.378
1541,falling,1,,,,,null,,,
1542,falling,1,,,,,null,,,
1543,falling,1,,,,,null,,,
1544,falling,1,587,235,22871,90.65,sam2,6.083,4557.155,81.378
1545,falling,1,,,,,null,,,
1546,falling,1,,,,,null,,,
1547,falling,1,,,,,null,,,
1548,falling,1,586,245,22521,89.27,sam2,10.05,7529.283,134.451
1549,falling,1,,,,,null,,,
1550,falling,1,,,,,null,,,
1551,falling,1,,,,,null,,,
1552,falling,1,586,253,21324,84.52,sam2,8.0,5993.533,107.027
1553,falling,1,590,244,9852,39.05,hough,,,
1554,falling,1,,,,,null,,,
1555,falling,1,,,,,null,,,
1556,falling,1,586,259,20050,79.47,sam2,,,
1557,falling,1,,,,,null,,,
1558,falling,1,,,,,null,,,
1559,falling,1,,,,,null,,,
1560,falling,1,584,261,19643,77.86,sam2,2.828,2119.034,37.84
1561,falling,1,,,,,null,,,
1562,falling,1,,,,,null,,,
1563,falling,1,,,,,null,,,
1564,falling,1,585,262,19402,76.9,sam2,1.414,1059.517,18.92
1565,falling,1,,,,,null,,,
1566,falling,1,,,,,null,,,
1567,falling,1,,,,,null,,,
1568,falling,1,585,257,20928,82.95,sam2,5.0,3745.958,66.892
1569,falling,1,,,,,null,,,
1570,falling,1,,,,,null,,,
1571,falling,1,,,,,null,,,
1572,falling,1,584,251,21917,86.87,sam2,6.083,4557.155,81.378
1573,falling,1,,,,,null,,,
1574,falling,1,,,,,null,,,
1575,falling,1,,,,,null,,,
1576,falling,1,583,244,22469,89.06,sam2,7.071,5297.585,94.6
1577,falling,1,,,,,null,,,
1578,falling,1,,,,,null,,,
1579,falling,1,,,,,null,,,
1580,falling,1,583,236,22409,88.82,sam2,8.0,5993.533,107.027
1581,falling,1,,,,,null,,,
1582,falling,1,,,,,null,,,
1583,falling,1,,,,,null,,,
1584,falling,1,584,233,23704,93.96,sam2,3.162,2369.152,42.306
1585,falling,1,,,,,null,,,
1586,falling,1,,,,,null,,,
1587,falling,1,,,,,null,,,
1588,falling,1,584,230,24307,96.35,sam2,3.0,2247.575,40.135
1589,falling,1,,,,,null,,,
1590,falling,1,,,,,null,,,
1591,falling,1,,,,,null,,,
1592,falling,1,585,226,23569,93.42,sam2,4.123,3088.996,55.161
1593,falling,1,,,,,null,,,
1594,falling,1,,,,,null,,,
1595,falling,1,,,,,null,,,
1596,falling,1,584,229,23620,93.62,sam2,3.162,2369.152,42.306
1597,falling,1,,,,,null,,,
1598,falling,1,,,,,null,,,
1599,falling,1,,,,,null,,,
1600,falling,1,584,235,23268,92.23,sam2,6.0,4495.15,80.271
1601,falling,1,,,,,null,,,
1602,falling,1,,,,,null,,,
1603,falling,1,,,,,null,,,
1604,falling,1,584,243,22411,88.83,sam2,8.0,5993.533,107.027
1605,falling,1,,,,,null,,,
1606,falling,1,,,,,null,,,
1607,falling,1,,,,,null,,,
1608,falling,1,584,251,21603,85.63,sam2,8.0,5993.533,107.027
1609,falling,1,,,,,null,,,
1610,falling,1,,,,,null,,,
1611,falling,1,,,,,null,,,
1612,falling,1,584,258,20142,79.84,sam2,7.0,5244.341,93.649
1613,falling,1,,,,,null,,,
1614,falling,1,,,,,null,,,
1615,falling,1,,,,,null,,,
1616,falling,1,585,262,19571,77.57,sam2,4.123,3088.996,55.161
1617,falling,1,,,,,null,,,
1618,falling,1,,,,,null,,,
1619,falling,1,,,,,null,,,
1620,falling,1,586,262,19759,78.32,sam2,1.0,749.192,13.378
1621,falling,1,,,,,null,,,
1622,falling,1,,,,,null,,,
1623,falling,1,,,,,null,,,
1624,falling,1,586,260,20308,80.49,sam2,2.0,1498.383,26.757
1625,falling,1,,,,,null,,,
1626,falling,1,,,,,null,,,
1627,falling,1,,,,,null,,,
1628,falling,1,587,255,21053,83.45,sam2,5.099,3820.143,68.217
1629,falling,1,,,,,null,,,
1630,falling,1,,,,,null,,,
1631,falling,1,,,,,null,,,
1632,falling,1,586,249,22005,87.22,sam2,6.083,4557.155,81.378
1633,falling,1,,,,,null,,,
1634,falling,1,,,,,null,,,
1635,falling,1,,,,,null,,,
1636,falling,1,587,239,21969,87.08,sam2,10.05,7529.283,134.451
1637,falling,1,,,,,null,,,
1638,falling,1,,,,,null,,,
1639,falling,1,,,,,null,,,
1640,falling,1,587,232,22307,88.42,sam2,7.0,5244.341,93.649
1641,falling,1,,,,,null,,,
1642,falling,1,,,,,null,,,
1643,falling,1,,,,,null,,,
1644,falling,1,588,231,23620,93.62,sam2,1.414,1059.517,18.92
1645,falling,1,,,,,null,,,
1646,falling,1,,,,,null,,,
1647,falling,1,,,,,null,,,
1648,falling,1,588,228,23246,92.14,sam2,3.0,2247.575,40.135
1649,falling,1,,,,,null,,,
1650,falling,1,,,,,null,,,
1651,falling,1,,,,,null,,,
1652,falling,1,587,230,22767,90.24,sam2,2.236,1675.243,29.915
1653,falling,1,,,,,null,,,
1654,falling,1,,,,,null,,,
1655,falling,1,,,,,null,,,
1656,falling,1,587,234,21706,86.04,sam2,4.0,2996.766,53.514
1657,falling,1,,,,,null,,,
1658,falling,1,,,,,null,,,
1659,falling,1,,,,,null,,,
1660,falling,1,585,241,21188,83.98,sam2,7.28,5454.197,97.396
1661,falling,1,,,,,null,,,
1662,falling,1,,,,,null,,,
1663,falling,1,,,,,null,,,
1664,falling,1,585,250,21404,84.84,sam2,9.0,6742.725,120.406
1665,falling,1,,,,,null,,,
1666,falling,1,,,,,null,,,
1667,falling,1,,,,,null,,,
1668,falling,1,585,256,20842,82.61,sam2,6.0,4495.15,80.271
1669,falling,1,,,,,null,,,
1670,falling,1,,,,,null,,,
1671,falling,1,,,,,null,,,
1672,falling,1,584,260,20168,79.94,sam2,4.123,3088.996,55.161
1673,falling,1,,,,,null,,,
1674,falling,1,,,,,null,,,
1675,falling,1,,,,,null,,,
1676,falling,1,584,261,19719,78.16,sam2,1.0,749.192,13.378
1677,falling,1,,,,,null,,,
1678,falling,1,,,,,null,,,
1679,falling,1,,,,,null,,,
1680,falling,1,584,260,20062,79.52,sam2,1.0,749.192,13.378
1681,falling,1,,,,,null,,,
1682,falling,1,,,,,null,,,
1683,falling,1,,,,,null,,,
1684,falling,1,584,255,20861,82.69,sam2,5.0,3745.958,66.892
1685,falling,1,,,,,null,,,
1686,falling,1,,,,,null,,,
1687,falling,1,,,,,null,,,
1688,falling,1,583,249,21962,87.05,sam2,6.083,4557.155,81.378
1689,falling,1,,,,,null,,,
1690,falling,1,,,,,null,,,
1691,falling,1,,,,,null,,,
1692,falling,1,583,243,22960,91.01,sam2,6.0,4495.15,80.271
1693,falling,1,,,,,null,,,
1694,falling,1,,,,,null,,,
1695,falling,1,,,,,null,,,
1696,falling,1,582,237,23024,91.26,sam2,6.083,4557.155,81.378
1697,falling,1,,,,,null,,,
1698,falling,1,,,,,null,,,
1699,falling,1,,,,,null,,,
1700,falling,1,584,233,22878,90.68,sam2,4.472,3350.487,59.83
1701,falling,1,,,,,null,,,
1702,falling,1,,,,,null,,,
1703,falling,1,,,,,null,,,
1704,falling,1,585,232,22784,90.31,sam2,1.414,1059.517,18.92
1705,falling,1,,,,,null,,,
1706,falling,1,,,,,null,,,
1707,falling,1,,,,,null,,,
1708,falling,1,584,234,22614,89.63,sam2,2.236,1675.243,29.915
1709,falling,1,,,,,null,,,
1710,falling,1,,,,,null,,,
1711,falling,1,,,,,null,,,
1712,falling,1,584,235,21469,85.1,sam2,1.0,749.192,13.378
1713,falling,1,,,,,null,,,
1714,falling,1,,,,,null,,,
1715,falling,1,,,,,null,,,
1716,falling,1,583,243,22186,87.94,sam2,8.062,6040.176,107.86
1717,falling,1,,,,,null,,,
1718,falling,1,,,,,null,,,
1719,falling,1,,,,,null,,,
1720,falling,1,583,249,21766,86.27,sam2,6.0,4495.15,80.271
1721,falling,1,,,,,null,,,
1722,falling,1,,,,,null,,,
1723,falling,1,,,,,null,,,
1724,falling,1,584,255,21267,84.3,sam2,6.083,4557.155,81.378
1725,falling,1,,,,,null,,,
1726,falling,1,,,,,null,,,
1727,falling,1,,,,,null,,,
1728,falling,1,584,259,20230,80.19,sam2,4.0,2996.766,53.514
1729,falling,1,,,,,null,,,
1730,falling,1,,,,,null,,,
1731,falling,1,,,,,null,,,
1732,falling,1,585,261,19865,78.74,sam2,2.236,1675.243,29.915
1733,falling,1,,,,,null,,,
1734,falling,1,,,,,null,,,
1735,falling,1,,,,,null,,,
1736,falling,1,585,259,20310,80.5,sam2,2.0,1498.383,26.757
1737,falling,1,,,,,null,,,
1738,falling,1,,,,,null,,,
1739,falling,1,,,,,null,,,
1740,falling,1,585,256,21162,83.88,sam2,3.0,2247.575,40.135
1741,falling,1,,,,,null,,,
1742,falling,1,,,,,null,,,
1743,falling,1,,,,,null,,,
1744,falling,1,586,250,22144,87.77,sam2,6.083,4557.155,81.378
1745,falling,1,,,,,null,,,
1746,falling,1,,,,,null,,,
1747,falling,1,,,,,null,,,
1748,falling,1,585,244,22328,88.5,sam2,6.083,4557.155,81.378
1749,falling,1,,,,,null,,,
1750,falling,1,,,,,null,,,
1751,falling,1,,,,,null,,,
1752,falling,1,585,238,22232,88.12,sam2,6.0,4495.15,80.271
1753,falling,1,,,,,null,,,
1754,falling,1,,,,,null,,,
1755,falling,1,,,,,null,,,
1756,falling,1,586,235,22457,89.01,sam2,3.162,2369.152,42.306
1757,falling,1,,,,,null,,,
1758,falling,1,,,,,null,,,
1759,falling,1,,,,,null,,,
1760,falling,1,587,233,22272,88.28,sam2,2.236,1675.243,29.915
1761,falling,1,,,,,null,,,
1762,falling,1,588,224,17203,68.19,hough,,,
1763,falling,1,,,,,null,,,
1764,falling,1,587,233,22098,87.59,sam2,,,
1765,falling,1,,,,,null,,,
1766,falling,1,,,,,null,,,
1767,falling,1,,,,,null,,,
1768,falling,1,587,237,22051,87.4,sam2,4.0,2996.766,53.514
1769,falling,1,,,,,null,,,
1770,falling,1,,,,,null,,,
1771,falling,1,,,,,null,,,
1772,falling,1,586,243,22152,87.8,sam2,6.083,4557.155,81.378
1773,falling,1,,,,,null,,,
1774,falling,1,,,,,null,,,
1775,falling,1,,,,,null,,,
1776,falling,1,586,249,21803,86.42,sam2,6.0,4495.15,80.271
1777,falling,1,,,,,null,,,
1778,falling,1,,,,,null,,,
1779,falling,1,,,,,null,,,
1780,falling,1,585,255,21175,83.93,sam2,6.083,4557.155,81.378
1781,falling,1,,,,,null,,,
1782,falling,1,,,,,null,,,
1783,falling,1,,,,,null,,,
1784,falling,1,585,258,20447,81.05,sam2,3.0,2247.575,40.135
1785,falling,1,,,,,null,,,
1786,falling,1,,,,,null,,,
1787,falling,1,,,,,null,,,
1788,falling,1,584,260,20194,80.04,sam2,2.236,1675.243,29.915
1789,falling,1,,,,,null,,,
1790,falling,1,,,,,null,,,
1791,falling,1,,,,,null,,,
1792,falling,1,584,259,20523,81.35,sam2,1.0,749.192,13.378
1793,falling,1,,,,,null,,,
1794,falling,1,,,,,null,,,
1795,falling,1,,,,,null,,,
1796,falling,1,585,256,21150,83.83,sam2,3.162,2369.152,42.306
1797,falling,1,,,,,null,,,
1798,falling,1,,,,,null,,,
1799,falling,1,,,,,null,,,
1800,falling,1,584,251,21815,86.47,sam2,5.099,3820.143,68.217
1801,falling,1,,,,,null,,,
1802,falling,1,,,,,null,,,
1803,falling,1,,,,,null,,,
1804,falling,1,584,246,22179,87.91,sam2,5.0,3745.958,66.892
1805,falling,1,,,,,null,,,
1806,falling,1,,,,,null,,,
1807,falling,1,,,,,null,,,
1808,falling,1,584,240,22253,88.2,sam2,6.0,4495.15,80.271
1809,falling,1,,,,,null,,,
1810,falling,1,,,,,null,,,
1811,falling,1,,,,,null,,,
1812,falling,1,584,236,22299,88.39,sam2,4.0,2996.766,53.514
1813,falling,1,,,,,null,,,
1814,falling,1,,,,,null,,,
1815,falling,1,,,,,null,,,
1816,falling,1,584,234,22436,88.93,sam2,2.0,1498.383,26.757
1817,falling,1,,,,,null,,,
1818,falling,1,,,,,null,,,
1819,falling,1,584,226,17203,68.19,hough,,,
1820,falling,1,584,234,22059,87.44,sam2,,,
1821,falling,1,,,,,null,,,
1822,falling,1,,,,,null,,,
1823,falling,1,,,,,null,,,
1824,falling,1,584,238,22001,87.21,sam2,4.0,2996.766,53.514
1825,falling,1,,,,,null,,,
1826,falling,1,,,,,null,,,
1827,falling,1,,,,,null,,,
1828,falling,1,584,244,21840,86.57,sam2,6.0,4495.15,80.271
1829,falling,1,,,,,null,,,
1830,falling,1,,,,,null,,,
1831,falling,1,,,,,null,,,
1832,falling,1,584,250,21637,85.76,sam2,6.0,4495.15,80.271
1833,falling,1,,,,,null,,,
1834,falling,1,,,,,null,,,
1835,falling,1,,,,,null,,,
1836,falling,1,584,254,21092,83.6,sam2,4.0,2996.766,53.514
1837,falling,1,,,,,null,,,
1838,falling,1,,,,,null,,,
1839,falling,1,,,,,null,,,
1840,falling,1,584,258,20767,82.31,sam2,4.0,2996.766,53.514
1841,falling,1,,,,,null,,,
1842,falling,1,,,,,null,,,
1843,falling,1,,,,,null,,,
1844,falling,1,584,259,20460,81.1,sam2,1.0,749.192,13.378
1845,falling,1,,,,,null,,,
1846,falling,1,,,,,null,,,
1847,falling,1,,,,,null,,,
1848,falling,1,584,258,20573,81.55,sam2,1.0,749.192,13.378
1849,falling,1,,,,,null,,,
1850,falling,1,,,,,null,,,
1851,falling,1,,,,,null,,,
1852,falling,1,584,255,21011,83.28,sam2,3.0,2247.575,40.135
1853,falling,1,,,,,null,,,
1854,falling,1,,,,,null,,,
1855,falling,1,,,,,null,,,
1856,falling,1,585,251,21763,86.26,sam2,4.123,3088.996,55.161
1857,falling,1,,,,,null,,,
1858,falling,1,,,,,null,,,
1859,falling,1,,,,,null,,,
1860,falling,1,585,246,22213,88.05,sam2,5.0,3745.958,66.892
1861,falling,1,,,,,null,,,
1862,falling,1,,,,,null,,,
1863,falling,1,,,,,null,,,
1864,falling,1,585,241,22474,89.08,sam2,5.0,3745.958,66.892
1865,falling,1,,,,,null,,,
1866,falling,1,,,,,null,,,
1867,falling,1,,,,,null,,,
1868,falling,1,585,238,22443,88.96,sam2,3.0,2247.575,40.135
1869,falling,1,,,,,null,,,
1870,falling,1,,,,,null,,,
1871,falling,1,,,,,null,,,
1872,falling,1,586,235,21870,86.69,sam2,3.162,2369.152,42.306
1873,falling,1,,,,,null,,,
1874,falling,1,,,,,null,,,
1875,falling,1,,,,,null,,,
1876,falling,1,586,236,21901,86.81,sam2,1.0,749.192,13.378
1877,falling,1,,,,,null,,,
1878,falling,1,,,,,null,,,
1879,falling,1,,,,,null,,,
1880,falling,1,586,239,21612,85.66,sam2,3.0,2247.575,40.135
1881,falling,1,,,,,null,,,
1882,falling,1,,,,,null,,,
1883,falling,1,,,,,null,,,
1884,falling,1,585,244,21893,86.78,sam2,5.099,3820.143,68.217
1885,falling,1,,,,,null,,,
1886,falling,1,,,,,null,,,
1887,falling,1,,,,,null,,,
1888,falling,1,585,250,21689,85.97,sam2,6.0,4495.15,80.271
1889,falling,1,,,,,null,,,
1890,falling,1,,,,,null,,,
1891,falling,1,,,,,null,,,
1892,falling,1,585,254,21312,84.47,sam2,4.0,2996.766,53.514
1893,falling,1,,,,,null,,,
1894,falling,1,,,,,null,,,
1895,falling,1,,,,,null,,,
1896,falling,1,585,258,20788,82.4,sam2,4.0,2996.766,53.514
1897,falling,1,,,,,null,,,
1898,falling,1,,,,,null,,,
1899,falling,1,,,,,null,,,
1900,falling,1,585,259,20475,81.16,sam2,1.0,749.192,13.378
1901,falling,1,,,,,null,,,
1902,falling,1,,,,,null,,,
1903,falling,1,,,,,null,,,
1904,falling,1,585,258,20544,81.43,sam2,1.0,749.192,13.378
1905,falling,1,,,,,null,,,
1906,falling,1,,,,,null,,,
1907,falling,1,,,,,null,,,
1908,falling,1,585,255,21198,84.02,sam2,3.0,2247.575,40.135
1909,falling,1,,,,,null,,,
1910,falling,1,,,,,null,,,
1911,falling,1,,,,,null,,,
1912,falling,1,585,251,21869,86.68,sam2,4.0,2996.766,53.514
1913,falling,1,,,,,null,,,
1914,falling,1,,,,,null,,,
1915,falling,1,,,,,null,,,
1916,falling,1,584,246,22077,87.51,sam2,5.099,3820.143,68.217
1917,falling,1,,,,,null,,,
1918,falling,1,,,,,null,,,
1919,falling,1,,,,,null,,,
1920,falling,1,584,242,22215,88.05,sam2,4.0,2996.766,53.514
1921,falling,1,,,,,null,,,
1922,falling,1,,,,,null,,,
1923,falling,1,,,,,null,,,
1924,falling,1,585,238,22044,87.38,sam2,4.123,3088.996,55.161
1925,falling,1,,,,,null,,,
1926,falling,1,,,,,null,,,
1927,falling,1,,,,,null,,,
1928,falling,1,585,237,22010,87.24,sam2,1.0,749.192,13.378
1929,falling,1,,,,,null,,,
1930,falling,1,,,,,null,,,
1931,falling,1,,,,,null,,,
1932,falling,1,584,237,21956,87.03,sam2,1.0,749.192,13.378
1933,falling,1,,,,,null,,,
1934,falling,1,,,,,null,,,
1935,falling,1,,,,,null,,,
1936,falling,1,584,241,22297,88.38,sam2,4.0,2996.766,53.514
1937,falling,1,,,,,null,,,
1938,falling,1,,,,,null,,,
1939,falling,1,,,,,null,,,
1940,falling,1,584,245,22034,87.34,sam2,4.0,2996.766,53.514
1941,falling,1,,,,,null,,,
1942,falling,1,,,,,null,,,
1943,falling,1,,,,,null,,,
1944,falling,1,584,250,21665,85.87,sam2,5.0,3745.958,66.892
1945,falling,1,,,,,null,,,
1946,falling,1,,,,,null,,,
1947,falling,1,,,,,null,,,
1948,falling,1,584,254,21166,83.9,sam2,4.0,2996.766,53.514
1949,falling,1,,,,,null,,,
1950,falling,1,,,,,null,,,
1951,falling,1,,,,,null,,,
1952,falling,1,584,257,20550,81.45,sam2,3.0,2247.575,40.135
1953,falling,1,,,,,null,,,
1954,falling,1,,,,,null,,,
1955,falling,1,,,,,null,,,
1956,falling,1,584,258,20395,80.84,sam2,1.0,749.192,13.378
1957,falling,1,,,,,null,,,
1958,falling,1,,,,,null,,,
1959,falling,1,,,,,null,,,
1960,falling,1,584,257,20651,81.85,sam2,1.0,749.192,13.378
1961,falling,1,,,,,null,,,
1962,falling,1,,,,,null,,,
1963,falling,1,,,,,null,,,
1964,falling,1,584,255,21150,83.83,sam2,2.0,1498.383,26.757
1965,falling,1,,,,,null,,,
1966,falling,1,,,,,null,,,
1967,falling,1,,,,,null,,,
1968,falling,1,584,251,21727,86.12,sam2,4.0,2996.766,53.514
1969,falling,1,,,,,null,,,
1970,falling,1,,,,,null,,,
1971,falling,1,,,,,null,,,
1972,falling,1,584,247,22020,87.28,sam2,4.0,2996.766,53.514
1973,falling,1,,,,,null,,,
1974,falling,1,,,,,null,,,
1975,falling,1,,,,,null,,,
1976,falling,1,585,243,22173,87.89,sam2,4.123,3088.996,55.161
1977,falling,1,,,,,null,,,
1978,falling,1,,,,,null,,,
1979,falling,1,,,,,null,,,
1980,falling,1,585,240,22517,89.25,sam2,3.0,2247.575,40.135
1981,falling,1,,,,,null,,,
1982,falling,1,,,,,null,,,
1983,falling,1,,,,,null,,,
1984,falling,1,585,238,22082,87.53,sam2,2.0,1498.383,26.757
1985,falling,1,,,,,null,,,
1986,falling,1,,,,,null,,,
1987,falling,1,,,,,null,,,
1988,falling,1,585,239,22342,88.56,sam2,1.0,749.192,13.378
1989,falling,1,,,,,null,,,
1990,falling,1,,,,,null,,,
1991,falling,1,,,,,null,,,
1992,falling,1,585,242,21924,86.9,sam2,3.0,2247.575,40.135
1993,falling,1,,,,,null,,,
1994,falling,1,,,,,null,,,
1995,falling,1,,,,,null,,,
1996,falling,1,585,246,21911,86.85,sam2,4.0,2996.766,53.514
1997,falling,1,,,,,null,,,
1998,falling,1,,,,,null,,,
1999,falling,1,,,,,null,,,
2000,falling,1,585,251,21659,85.85,sam2,5.0,3745.958,66.892
2001,falling,1,,,,,null,,,
2002,falling,1,,,,,null,,,
2003,falling,1,,,,,null,,,
2004,falling,1,585,254,21258,84.26,sam2,3.0,2247.575,40.135
2005,falling,1,,,,,null,,,
2006,falling,1,,,,,null,,,
2007,falling,1,,,,,null,,,
2008,falling,1,585,257,20746,82.23,sam2,3.0,2247.575,40.135
2009,falling,1,,,,,null,,,
2010,falling,1,,,,,null,,,
2011,falling,1,,,,,null,,,
2012,falling,1,585,258,20712,82.1,sam2,1.0,749.192,13.378
2013,falling,1,,,,,null,,,
2014,falling,1,,,,,null,,,
2015,falling,1,,,,,null,,,
2016,falling,1,585,257,20794,82.42,sam2,1.0,749.192,13.378
2017,falling,1,,,,,null,,,
2018,falling,1,,,,,null,,,
2019,falling,1,,,,,null,,,
2020,falling,1,585,254,21148,83.82,sam2,3.0,2247.575,40.135
2021,falling,1,,,,,null,,,
2022,falling,1,,,,,null,,,
2023,falling,1,,,,,null,,,
2024,falling,1,585,251,21666,85.88,sam2,3.0,2247.575,40.135
2025,falling,1,,,,,null,,,
2026,falling,1,,,,,null,,,
2027,falling,1,,,,,null,,,
2028,falling,1,585,247,22230,88.11,sam2,4.0,2996.766,53.514
2029,falling,1,,,,,null,,,
2030,falling,1,,,,,null,,,
2031,falling,1,,,,,null,,,
2032,falling,1,585,244,22390,88.75,sam2,3.0,2247.575,40.135
2033,falling,1,,,,,null,,,
2034,falling,1,,,,,null,,,
2035,falling,1,,,,,null,,,
2036,falling,1,585,241,22522,89.27,sam2,3.0,2247.575,40.135
2037,falling,1,,,,,null,,,
2038,falling,1,,,,,null,,,
2039,falling,1,,,,,null,,,
2040,falling,1,585,239,22220,88.07,sam2,2.0,1498.383,26.757
2041,falling,1,,,,,null,,,
2042,falling,1,,,,,null,,,
2043,falling,1,,,,,null,,,
2044,falling,1,584,240,22163,87.85,sam2,1.414,1059.517,18.92
2045,falling,1,,,,,null,,,
2046,falling,1,,,,,null,,,
2047,falling,1,,,,,null,,,
2048,falling,1,584,243,22111,87.64,sam2,3.0,2247.575,40.135
2049,falling,1,,,,,null,,,
2050,falling,1,,,,,null,,,
2051,falling,1,,,,,null,,,
2052,falling,1,584,247,21866,86.67,sam2,4.0,2996.766,53.514
2053,falling,1,,,,,null,,,
2054,falling,1,,,,,null,,,
2055,falling,1,,,,,null,,,
2056,falling,1,584,251,21759,86.25,sam2,4.0,2996.766,53.514
2057,falling,1,,,,,null,,,
2058,falling,1,,,,,null,,,
2059,falling,1,,,,,null,,,
2060,falling,1,584,254,20993,83.21,sam2,3.0,2247.575,40.135
2061,falling,1,,,,,null,,,
2062,falling,1,,,,,null,,,
2063,falling,1,,,,,null,,,
2064,falling,1,584,256,20765,82.31,sam2,2.0,1498.383,26.757
2065,falling,1,,,,,null,,,
2066,falling,1,,,,,null,,,
2067,falling,1,,,,,null,,,
2068,falling,1,584,257,20693,82.02,sam2,1.0,749.192,13.378
2069,falling,1,,,,,null,,,
2070,falling,1,,,,,null,,,
2071,falling,1,,,,,null,,,
2072,falling,1,584,256,20782,82.37,sam2,1.0,749.192,13.378
2073,falling,1,,,,,null,,,
2074,falling,1,,,,,null,,,
2075,falling,1,,,,,null,,,
2076,falling,1,584,254,21282,84.36,sam2,2.0,1498.383,26.757
2077,falling,1,,,,,null,,,
2078,falling,1,,,,,null,,,
2079,falling,1,,,,,null,,,
2080,falling,1,584,250,21655,85.83,sam2,4.0,2996.766,53.514
2081,falling,1,,,,,null,,,
2082,falling,1,,,,,null,,,
2083,falling,1,,,,,null,,,
2084,falling,1,584,247,21954,87.02,sam2,3.0,2247.575,40.135
2085,falling,1,,,,,null,,,
2086,falling,1,,,,,null,,,
2087,falling,1,,,,,null,,,
2088,falling,1,584,243,22008,87.23,sam2,4.0,2996.766,53.514
2089,falling,1,,,,,null,,,
2090,falling,1,,,,,null,,,
2091,falling,1,,,,,null,,,
2092,falling,1,585,241,22100,87.6,sam2,2.236,1675.243,29.915
2093,falling,1,,,,,null,,,
2094,falling,1,,,,,null,,,
2095,falling,1,,,,,null,,,
2096,falling,1,585,240,22138,87.75,sam2,1.0,749.192,13.378
2097,falling,1,,,,,null,,,
2098,falling,1,,,,,null,,,
2099,falling,1,,,,,null,,,
2100,falling,1,585,241,22044,87.38,sam2,1.0,749.192,13.378
2101,falling,1,,,,,null,,,
2102,falling,1,,,,,null,,,
2103,falling,1,,,,,null,,,
2104,falling,1,585,244,22307,88.42,sam2,3.0,2247.575,40.135
2105,falling,1,,,,,null,,,
2106,falling,1,,,,,null,,,
2107,falling,1,,,,,null,,,
2108,falling,1,585,247,21862,86.65,sam2,3.0,2247.575,40.135
2109,falling,1,,,,,null,,,
2110,falling,1,,,,,null,,,
2111,falling,1,,,,,null,,,
2112,falling,1,585,251,21442,84.99,sam2,4.0,2996.766,53.514
2113,falling,1,,,,,null,,,
2114,falling,1,,,,,null,,,
2115,falling,1,,,,,null,,,
2116,falling,1,585,254,21064,83.49,sam2,3.0,2247.575,40.135
2117,falling,1,,,,,null,,,
2118,falling,1,,,,,null,,,
2119,falling,1,,,,,null,,,
2120,falling,1,585,256,20835,82.58,sam2,2.0,1498.383,26.757
2121,falling,1,,,,,null,,,
2122,falling,1,,,,,null,,,
2123,falling,1,,,,,null,,,
2124,falling,1,585,257,20782,82.37,sam2,1.0,749.192,13.378
2125,falling,1,,,,,null,,,
2126,falling,1,,,,,null,,,
2127,falling,1,,,,,null,,,
2128,falling,1,585,256,21000,83.24,sam2,1.0,749.192,13.378
2129,falling,1,,,,,null,,,
2130,falling,1,,,,,null,,,
2131,falling,1,,,,,null,,,
2132,falling,1,585,254,21383,84.76,sam2,2.0,1498.383,26.757
2133,falling,1,,,,,null,,,
2134,falling,1,,,,,null,,,
2135,falling,1,,,,,null,,,
2136,falling,1,585,251,21957,87.03,sam2,3.0,2247.575,40.135
2137,falling,1,,,,,null,,,
2138,falling,1,,,,,null,,,
2139,falling,1,,,,,null,,,
2140,falling,1,585,247,21951,87.01,sam2,4.0,2996.766,53.514
2141,falling,1,,,,,null,,,
2142,falling,1,,,,,null,,,
2143,falling,1,,,,,null,,,
2144,falling,1,585,244,22150,87.8,sam2,3.0,2247.575,40.135
2145,falling,1,,,,,null,,,
2146,falling,1,,,,,null,,,
2147,falling,1,,,,,null,,,
2148,falling,1,585,242,22263,88.24,sam2,2.0,1498.383,26.757
2149,falling,1,,,,,null,,,
2150,falling,1,,,,,null,,,
2151,falling,1,,,,,null,,,
2152,falling,1,585,242,22397,88.77,sam2,0.0,0.0,0.0
2153,falling,1,,,,,null,,,
2154,falling,1,,,,,null,,,
2155,falling,1,,,,,null,,,
2156,falling,1,584,242,21872,86.69,sam2,1.0,749.192,13.378
2157,falling,1,,,,,null,,,
2158,falling,1,,,,,null,,,
2159,falling,1,,,,,null,,,
2160,falling,1,585,245,21983,87.13,sam2,3.162,2369.152,42.306
2161,falling,1,,,,,null,,,
2162,falling,1,,,,,null,,,
2163,falling,1,,,,,null,,,
2164,falling,1,584,248,21610,85.66,sam2,3.162,2369.152,42.306
2165,falling,1,,,,,null,,,
2166,falling,1,,,,,null,,,
2167,falling,1,,,,,null,,,
2168,falling,1,584,251,21466,85.08,sam2,3.0,2247.575,40.135
2169,falling,1,,,,,null,,,
2170,falling,1,,,,,null,,,
2171,falling,1,,,,,null,,,
2172,falling,1,584,254,21159,83.87,sam2,3.0,2247.575,40.135
2173,falling,1,,,,,null,,,
2174,falling,1,,,,,null,,,
2175,falling,1,,,,,null,,,
2176,falling,1,584,256,20903,82.85,sam2,2.0,1498.383,26.757
2177,falling,1,,,,,null,,,
2178,falling,1,,,,,null,,,
2179,falling,1,,,,,null,,,
2180,falling,1,584,256,20975,83.14,sam2,0.0,0.0,0.0
2181,falling,1,,,,,null,,,
2182,falling,1,,,,,null,,,
2183,falling,1,,,,,null,,,
2184,falling,1,584,255,21084,83.57,sam2,1.0,749.192,13.378
2185,falling,1,,,,,null,,,
2186,falling,1,,,,,null,,,
2187,falling,1,,,,,null,,,
2188,falling,1,584,253,21357,84.65,sam2,2.0,1498.383,26.757
2189,falling,1,,,,,null,,,
2190,falling,1,,,,,null,,,
2191,falling,1,,,,,null,,,
2192,falling,1,584,251,22008,87.23,sam2,2.0,1498.383,26.757
2193,falling,1,,,,,null,,,
2194,falling,1,,,,,null,,,
2195,falling,1,,,,,null,,,
2196,falling,1,584,247,22104,87.61,sam2,4.0,2996.766,53.514
2197,falling,1,,,,,null,,,
2198,falling,1,,,,,null,,,
2199,falling,1,,,,,null,,,
2200,falling,1,584,244,22224,88.09,sam2,3.0,2247.575,40.135
2201,falling,1,,,,,null,,,
2202,falling,1,,,,,null,,,
2203,falling,1,,,,,null,,,
2204,falling,1,584,243,22402,88.79,sam2,1.0,749.192,13.378
2205,falling,1,,,,,null,,,
2206,falling,1,,,,,null,,,
2207,falling,1,,,,,null,,,
2208,falling,1,585,242,22333,88.52,sam2,1.414,1059.517,18.92
2209,falling,1,,,,,null,,,
2210,falling,1,,,,,null,,,
2211,falling,1,,,,,null,,,
2212,falling,1,585,244,22214,88.05,sam2,2.0,1498.383,26.757
2213,falling,1,,,,,null,,,
2214,falling,1,,,,,null,,,
2215,falling,1,,,,,null,,,
2216,falling,1,584,245,21940,86.96,sam2,1.414,1059.517,18.92
2217,falling,1,,,,,null,,,
2218,falling,1,,,,,null,,,
2219,falling,1,,,,,null,,,
2220,falling,1,585,248,21704,86.03,sam2,3.162,2369.152,42.306
2221,falling,1,,,,,null,,,
2222,falling,1,,,,,null,,,
2223,falling,1,,,,,null,,,
2224,falling,1,585,251,21541,85.38,sam2,3.0,2247.575,40.135
2225,falling,1,,,,,null,,,
2226,falling,1,,,,,null,,,
2227,falling,1,,,,,null,,,
2228,falling,1,585,254,21158,83.86,sam2,3.0,2247.575,40.135
2229,falling,1,,,,,null,,,
2230,falling,1,,,,,null,,,
2231,falling,1,,,,,null,,,
2232,falling,1,585,256,21027,83.34,sam2,2.0,1498.383,26.757
2233,falling,1,,,,,null,,,
2234,falling,1,,,,,null,,,
2235,falling,1,,,,,null,,,
2236,falling,1,585,256,20936,82.98,sam2,0.0,0.0,0.0
2237,falling,1,,,,,null,,,
2238,falling,1,,,,,null,,,
2239,falling,1,,,,,null,,,
2240,falling,1,585,255,21148,83.82,sam2,1.0,749.192,13.378
2241,falling,1,,,,,null,,,
2242,falling,1,,,,,null,,,
2243,falling,1,,,,,null,,,
2244,falling,1,585,253,21544,85.39,sam2,2.0,1498.383,26.757
2245,falling,1,,,,,null,,,
2246,falling,1,,,,,null,,,
2247,falling,1,,,,,null,,,
2248,falling,1,585,250,22026,87.3,sam2,3.0,2247.575,40.135
2249,falling,1,,,,,null,,,
2250,falling,1,,,,,null,,,
2251,falling,1,,,,,null,,,
2252,falling,1,585,247,22178,87.91,sam2,3.0,2247.575,40.135
2253,falling,1,,,,,null,,,
2254,falling,1,,,,,null,,,
2255,falling,1,,,,,null,,,
2256,falling,1,585,244,21972,87.09,sam2,3.0,2247.575,40.135
2257,falling,1,,,,,null,,,
2258,falling,1,,,,,null,,,
2259,falling,1,,,,,null,,,
2260,falling,1,585,243,22216,88.06,sam2,1.0,749.192,13.378
2261,falling,1,,,,,null,,,
2262,falling,1,,,,,null,,,
2263,falling,1,,,,,null,,,
2264,falling,1,585,243,22100,87.6,sam2,0.0,0.0,0.0
2265,falling,1,,,,,null,,,
2266,falling,1,,,,,null,,,
2267,falling,1,,,,,null,,,
2268,falling,1,585,244,22104,87.61,sam2,1.0,749.192,13.378
2269,falling,1,,,,,null,,,
2270,falling,1,,,,,null,,,
2271,falling,1,,,,,null,,,
2272,falling,1,585,246,21858,86.64,sam2,2.0,1498.383,26.757
2273,falling,1,,,,,null,,,
2274,falling,1,,,,,null,,,
2275,falling,1,,,,,null,,,
2276,falling,1,584,249,21616,85.68,sam2,3.162,2369.152,42.306
2277,falling,1,,,,,null,,,
2278,falling,1,,,,,null,,,
2279,falling,1,,,,,null,,,
2280,falling,1,584,252,21431,84.95,sam2,3.0,2247.575,40.135
2281,falling,1,,,,,null,,,
2282,falling,1,,,,,null,,,
2283,falling,1,,,,,null,,,
2284,falling,1,584,254,21156,83.86,sam2,2.0,1498.383,26.757
2285,falling,1,,,,,null,,,
2286,falling,1,,,,,null,,,
2287,falling,1,,,,,null,,,
2288,falling,1,584,255,20913,82.89,sam2,1.0,749.192,13.378
2289,falling,1,,,,,null,,,
2290,falling,1,,,,,null,,,
2291,falling,1,,,,,null,,,
2292,falling,1,584,255,21041,83.4,sam2,0.0,0.0,0.0
2293,falling,1,,,,,null,,,
2294,falling,1,,,,,null,,,
2295,falling,1,,,,,null,,,
2296,falling,1,584,254,21320,84.51,sam2,1.0,749.192,13.378
2297,falling,1,,,,,null,,,
2298,falling,1,,,,,null,,,
2299,falling,1,,,,,null,,,
2300,falling,1,584,253,21654,85.83,sam2,1.0,749.192,13.378
2301,falling,1,,,,,null,,,
2302,falling,1,,,,,null,,,
2303,falling,1,,,,,null,,,
2304,falling,1,584,251,22165,87.86,sam2,2.0,1498.383,26.757
2305,falling,1,,,,,null,,,
2306,falling,1,,,,,null,,,
2307,falling,1,,,,,null,,,
2308,falling,1,584,247,22042,87.37,sam2,4.0,2996.766,53.514
2309,falling,1,,,,,null,,,
2310,falling,1,,,,,null,,,
2311,falling,1,,,,,null,,,
2312,falling,1,584,246,22382,88.72,sam2,1.0,749.192,13.378
2313,falling,1,,,,,null,,,
2314,falling,1,,,,,null,,,
2315,falling,1,,,,,null,,,
2316,falling,1,584,244,22206,88.02,sam2,2.0,1498.383,26.757
2317,falling,1,,,,,null,,,
2318,falling,1,,,,,null,,,
2319,falling,1,,,,,null,,,
2320,falling,1,584,244,22212,88.04,sam2,0.0,0.0,0.0
2321,falling,1,,,,,null,,,
2322,falling,1,,,,,null,,,
2323,falling,1,,,,,null,,,
2324,falling,1,584,244,21948,87.0,sam2,0.0,0.0,0.0
2325,falling,1,,,,,null,,,
2326,falling,1,,,,,null,,,
2327,falling,1,,,,,null,,,
2328,falling,1,584,247,21892,86.77,sam2,3.0,2247.575,40.135
2329,falling,1,,,,,null,,,
2330,falling,1,,,,,null,,,
2331,falling,1,,,,,null,,,
2332,falling,1,584,249,21754,86.23,sam2,2.0,1498.383,26.757
2333,falling,1,,,,,null,,,
2334,falling,1,,,,,null,,,
2335,falling,1,,,,,null,,,
2336,falling,1,585,252,21597,85.6,sam2,3.162,2369.152,42.306
2337,falling,1,,,,,null,,,
2338,falling,1,,,,,null,,,
2339,falling,1,,,,,null,,,
2340,falling,1,585,254,21219,84.11,sam2,2.0,1498.383,26.757
2341,falling,1,,,,,null,,,
2342,falling,1,,,,,null,,,
2343,falling,1,,,,,null,,,
2344,falling,1,585,255,21100,83.63,sam2,1.0,749.192,13.378
2345,falling,1,,,,,null,,,
2346,falling,1,,,,,null,,,
2347,falling,1,,,,,null,,,
2348,falling,1,585,255,21241,84.19,sam2,0.0,0.0,0.0
2349,falling,1,,,,,null,,,
2350,falling,1,,,,,null,,,
2351,falling,1,,,,,null,,,
2352,falling,1,585,254,21380,84.74,sam2,1.0,749.192,13.378
2353,falling,1,,,,,null,,,
2354,falling,1,,,,,null,,,
2355,falling,1,,,,,null,,,
2356,falling,1,585,252,21700,86.01,sam2,2.0,1498.383,26.757
2357,falling,1,,,,,null,,,
2358,falling,1,,,,,null,,,
2359,falling,1,,,,,null,,,
2360,falling,1,585,250,22164,87.85,sam2,2.0,1498.383,26.757
2361,falling,1,,,,,null,,,
2362,falling,1,,,,,null,,,
2363,falling,1,,,,,null,,,
2364,falling,1,585,248,22186,87.94,sam2,2.0,1498.383,26.757
2365,falling,1,,,,,null,,,
2366,falling,1,,,,,null,,,
2367,falling,1,,,,,null,,,
2368,falling,1,585,245,21975,87.1,sam2,3.0,2247.575,40.135
2369,falling,1,,,,,null,,,
2370,falling,1,,,,,null,,,
2371,falling,1,,,,,null,,,
2372,falling,1,585,244,22062,87.45,sam2,1.0,749.192,13.378
2373,falling,1,,,,,null,,,
2374,falling,1,,,,,null,,,
2375,falling,1,,,,,null,,,
2376,falling,1,585,244,21982,87.13,sam2,0.0,0.0,0.0
2377,falling,1,,,,,null,,,
2378,falling,1,,,,,null,,,
2379,falling,1,,,,,null,,,
2380,falling,1,585,245,21838,86.56,sam2,1.0,749.192,13.378
2381,falling,1,,,,,null,,,
2382,falling,1,,,,,null,,,
2383,falling,1,,,,,null,,,
2384,falling,1,585,247,21843,86.58,sam2,2.0,1498.383,26.757
2385,falling,1,,,,,null,,,
2386,falling,1,,,,,null,,,
2387,falling,1,,,,,null,,,
2388,falling,1,585,250,21736,86.15,sam2,3.0,2247.575,40.135
2389,falling,1,,,,,null,,,
2390,falling,1,,,,,null,,,
2391,falling,1,,,,,null,,,
2392,falling,1,584,252,21587,85.56,sam2,2.236,1675.243,29.915
2393,falling,1,,,,,null,,,
2394,falling,1,,,,,null,,,
2395,falling,1,,,,,null,,,
2396,falling,1,584,253,21207,84.06,sam2,1.0,749.192,13.378
2397,falling,1,,,,,null,,,
2398,falling,1,,,,,null,,,
2399,falling,1,,,,,null,,,
2400,falling,1,584,255,21187,83.98,sam2,2.0,1498.383,26.757
2401,falling,1,,,,,null,,,
2402,falling,1,,,,,null,,,
2403,falling,1,,,,,null,,,
2404,falling,1,584,254,21151,83.84,sam2,1.0,749.192,13.378
2405,falling,1,,,,,null,,,
2406,falling,1,,,,,null,,,
2407,falling,1,,,,,null,,,
2408,falling,1,584,254,21342,84.59,sam2,0.0,0.0,0.0
2409,falling,1,,,,,null,,,
2410,falling,1,,,,,null,,,
2411,falling,1,,,,,null,,,
2412,falling,1,584,252,21716,86.08,sam2,2.0,1498.383,26.757
2413,falling,1,,,,,null,,,
2414,falling,1,,,,,null,,,
2415,falling,1,,,,,null,,,
2416,falling,1,584,250,21999,87.2,sam2,2.0,1498.383,26.757
2417,falling,1,,,,,null,,,
2418,falling,1,,,,,null,,,
2419,falling,1,,,,,null,,,
2420,falling,1,584,248,22147,87.78,sam2,2.0,1498.383,26.757
2421,falling,1,,,,,null,,,
2422,falling,1,,,,,null,,,
2423,falling,1,,,,,null,,,
2424,falling,1,584,246,22075,87.5,sam2,2.0,1498.383,26.757
2425,falling,1,,,,,null,,,
2426,falling,1,,,,,null,,,
2427,falling,1,,,,,null,,,
2428,falling,1,584,245,22136,87.74,sam2,1.0,749.192,13.378
2429,falling,1,,,,,null,,,
2430,falling,1,,,,,null,,,
2431,falling,1,,,,,null,,,
2432,falling,1,584,244,21806,86.43,sam2,1.0,749.192,13.378
2433,falling,1,,,,,null,,,
2434,falling,1,,,,,null,,,
2435,falling,1,,,,,null,,,
2436,falling,1,584,246,21970,87.08,sam2,2.0,1498.383,26.757
2437,falling,1,,,,,null,,,
2438,falling,1,,,,,null,,,
2439,falling,1,,,,,null,,,
2440,falling,1,584,247,21785,86.35,sam2,1.0,749.192,13.378
2441,falling,1,,,,,null,,,
2442,falling,1,,,,,null,,,
2443,falling,1,,,,,null,,,
2444,falling,1,584,249,21531,85.34,sam2,2.0,1498.383,26.757
2445,falling,1,,,,,null,,,
2446,falling,1,,,,,null,,,
2447,falling,1,,,,,null,,,
2448,falling,1,585,252,21724,86.11,sam2,3.162,2369.152,42.306
2449,falling,1,,,,,null,,,
2450,falling,1,,,,,null,,,
2451,falling,1,,,,,null,,,
2452,falling,1,584,254,21353,84.64,sam2,2.236,1675.243,29.915
2453,falling,1,,,,,null,,,
2454,falling,1,,,,,null,,,
2455,falling,1,,,,,null,,,
2456,falling,1,585,254,21126,83.74,sam2,1.0,749.192,13.378
2457,falling,1,,,,,null,,,
2458,falling,1,,,,,null,,,
2459,falling,1,,,,,null,,,
2460,falling,1,585,254,21209,84.07,sam2,0.0,0.0,0.0
2461,falling,1,,,,,null,,,
2462,falling,1,,,,,null,,,
2463,falling,1,,,,,null,,,
2464,falling,1,585,253,21370,84.7,sam2,1.0,749.192,13.378
2465,falling,1,,,,,null,,,
2466,falling,1,,,,,null,,,
2467,falling,1,,,,,null,,,
2468,falling,1,585,252,21673,85.91,sam2,1.0,749.192,13.378
2469,falling,1,,,,,null,,,
2470,falling,1,,,,,null,,,
2471,falling,1,,,,,null,,,
2472,falling,1,585,250,21904,86.82,sam2,2.0,1498.383,26.757
2473,falling,1,,,,,null,,,
2474,falling,1,,,,,null,,,
2475,falling,1,,,,,null,,,
2476,falling,1,585,247,21908,86.84,sam2,3.0,2247.575,40.135
2477,falling,1,,,,,null,,,
2478,falling,1,,,,,null,,,
2479,falling,1,,,,,null,,,
2480,falling,1,585,245,21876,86.71,sam2,2.0,1498.383,26.757
2481,falling,1,,,,,null,,,
2482,falling,1,,,,,null,,,
2483,falling,1,,,,,null,,,
2484,falling,1,585,245,22060,87.44,sam2,0.0,0.0,0.0
2485,falling,1,,,,,null,,,
2486,falling,1,,,,,null,,,
2487,falling,1,,,,,null,,,
2488,falling,1,585,245,21924,86.9,sam2,0.0,0.0,0.0
2489,falling,1,,,,,null,,,
2490,falling,1,,,,,null,,,
2491,falling,1,,,,,null,,,
2492,falling,1,585,246,21797,86.4,sam2,1.0,749.192,13.378
2493,falling,1,,,,,null,,,
2494,falling,1,,,,,null,,,
2495,falling,1,,,,,null,,,
2496,falling,1,585,248,21936,86.95,sam2,2.0,1498.383,26.757
2497,falling,1,,,,,null,,,
2498,falling,1,,,,,null,,,
2499,falling,1,,,,,null,,,
2500,falling,1,585,250,21576,85.52,sam2,2.0,1498.383,26.757
2501,falling,1,,,,,null,,,
2502,falling,1,,,,,null,,,
2503,falling,1,,,,,null,,,
2504,falling,1,584,252,21459,85.06,sam2,2.236,1675.243,29.915
2505,falling,1,,,,,null,,,
2506,falling,1,,,,,null,,,
2507,falling,1,,,,,null,,,
2508,falling,1,584,253,21294,84.4,sam2,1.0,749.192,13.378
2509,falling,1,,,,,null,,,
2510,falling,1,,,,,null,,,
2511,falling,1,,,,,null,,,
2512,falling,1,584,254,21289,84.38,sam2,1.0,749.192,13.378
2513,falling,1,,,,,null,,,
2514,falling,1,,,,,null,,,
2515,falling,1,,,,,null,,,
2516,falling,1,584,254,21231,84.15,sam2,0.0,0.0,0.0
2517,falling,1,,,,,null,,,
2518,falling,1,,,,,null,,,
2519,falling,1,,,,,null,,,
2520,falling,1,584,253,21518,85.29,sam2,1.0,749.192,13.378
2521,falling,1,,,,,null,,,
2522,falling,1,,,,,null,,,
2523,falling,1,,,,,null,,,
2524,falling,1,584,252,21708,86.04,sam2,1.0,749.192,13.378
2525,falling,1,,,,,null,,,
2526,falling,1,,,,,null,,,
2527,falling,1,,,,,null,,,
2528,falling,1,584,250,22002,87.21,sam2,2.0,1498.383,26.757
2529,falling,1,,,,,null,,,
2530,falling,1,,,,,null,,,
2531,falling,1,,,,,null,,,
2532,falling,1,584,248,21996,87.19,sam2,2.0,1498.383,26.757
2533,falling,1,,,,,null,,,
2534,falling,1,,,,,null,,,
2535,falling,1,,,,,null,,,
2536,falling,1,584,247,22164,87.85,sam2,1.0,749.192,13.378
2537,falling,1,,,,,null,,,
2538,falling,1,,,,,null,,,
2539,falling,1,,,,,null,,,
2540,falling,1,584,245,21964,87.06,sam2,2.0,1498.383,26.757
2541,falling,1,,,,,null,,,
2542,falling,1,,,,,null,,,
2543,falling,1,,,,,null,,,
2544,falling,1,584,246,22031,87.32,sam2,1.0,749.192,13.378
2545,falling,1,,,,,null,,,
2546,falling,1,,,,,null,,,
2547,falling,1,,,,,null,,,
2548,falling,1,584,247,21875,86.71,sam2,1.0,749.192,13.378
2549,falling,1,,,,,null,,,
2550,falling,1,,,,,null,,,
2551,falling,1,,,,,null,,,
2552,falling,1,584,248,21800,86.41,sam2,1.0,749.192,13.378
2553,falling,1,,,,,null,,,
2554,falling,1,,,,,null,,,
2555,falling,1,,,,,null,,,
2556,falling,1,584,250,21754,86.23,sam2,2.0,1498.383,26.757
2557,falling,1,,,,,null,,,
2558,falling,1,,,,,null,,,
2559,falling,1,,,,,null,,,
2560,falling,1,584,252,21600,85.62,sam2,2.0,1498.383,26.757
2561,falling,1,,,,,null,,,
2562,falling,1,,,,,null,,,
2563,falling,1,,,,,null,,,
2564,falling,1,584,253,21260,84.27,sam2,1.0,749.192,13.378
2565,falling,1,,,,,null,,,
2566,falling,1,,,,,null,,,
2567,falling,1,,,,,null,,,
2568,falling,1,585,253,21149,83.83,sam2,1.0,749.192,13.378
2569,falling,1,,,,,null,,,
2570,falling,1,,,,,null,,,
2571,falling,1,,,,,null,,,
2572,falling,1,585,254,21355,84.64,sam2,1.0,749.192,13.378
2573,falling,1,,,,,null,,,
2574,falling,1,,,,,null,,,
2575,falling,1,,,,,null,,,
2576,falling,1,585,253,21566,85.48,sam2,1.0,749.192,13.378
2577,falling,1,,,,,null,,,
2578,falling,1,,,,,null,,,
2579,falling,1,,,,,null,,,
2580,falling,1,585,251,21776,86.31,sam2,2.0,1498.383,26.757
2581,falling,1,,,,,null,,,
2582,falling,1,,,,,null,,,
2583,falling,1,,,,,null,,,
2584,falling,1,585,249,21832,86.54,sam2,2.0,1498.383,26.757
2585,falling,1,,,,,null,,,
2586,falling,1,,,,,null,,,
2587,falling,1,,,,,null,,,
2588,falling,1,585,248,22058,87.43,sam2,1.0,749.192,13.378
2589,falling,1,,,,,null,,,
2590,falling,1,,,,,null,,,
2591,falling,1,,,,,null,,,
2592,falling,1,585,246,21837,86.56,sam2,2.0,1498.383,26.757
2593,falling,1,,,,,null,,,
2594,falling,1,,,,,null,,,
2595,falling,1,,,,,null,,,
2596,falling,1,585,245,21921,86.89,sam2,1.0,749.192,13.378
2597,falling,1,,,,,null,,,
2598,falling,1,,,,,null,,,
2599,falling,1,,,,,null,,,
2600,falling,1,585,246,22059,87.44,sam2,1.0,749.192,13.378
2601,falling,1,,,,,null,,,
2602,falling,1,,,,,null,,,
2603,falling,1,,,,,null,,,
2604,falling,1,585,247,22069,87.47,sam2,1.0,749.192,13.378
2605,falling,1,,,,,null,,,
2606,falling,1,,,,,null,,,
2607,falling,1,,,,,null,,,
2608,falling,1,585,249,21893,86.78,sam2,2.0,1498.383,26.757
2609,falling,1,,,,,null,,,
2610,falling,1,,,,,null,,,
2611,falling,1,,,,,null,,,
2612,falling,1,585,251,21764,86.27,sam2,2.0,1498.383,26.757
2613,falling,1,,,,,null,,,
2614,falling,1,,,,,null,,,
2615,falling,1,,,,,null,,,
2616,falling,1,585,252,21492,85.19,sam2,1.0,749.192,13.378
2617,falling,1,,,,,null,,,
2618,falling,1,,,,,null,,,
2619,falling,1,,,,,null,,,
2620,falling,1,584,253,21411,84.87,sam2,1.414,1059.517,18.92
2621,falling,1,,,,,null,,,
2622,falling,1,,,,,null,,,
2623,falling,1,,,,,null,,,
2624,falling,1,585,253,21217,84.1,sam2,1.0,749.192,13.378
2625,falling,1,,,,,null,,,
2626,falling,1,,,,,null,,,
2627,falling,1,,,,,null,,,
2628,falling,1,584,253,21421,84.91,sam2,1.0,749.192,13.378
2629,falling,1,,,,,null,,,
2630,falling,1,,,,,null,,,
2631,falling,1,,,,,null,,,
2632,falling,1,584,253,21709,86.05,sam2,0.0,0.0,0.0
2633,falling,1,,,,,null,,,
2634,falling,1,,,,,null,,,
2635,falling,1,,,,,null,,,
2636,falling,1,584,251,21800,86.41,sam2,2.0,1498.383,26.757
2637,falling,1,,,,,null,,,
2638,falling,1,,,,,null,,,
2639,falling,1,,,,,null,,,
2640,falling,1,584,249,21872,86.69,sam2,2.0,1498.383,26.757
2641,falling,1,,,,,null,,,
2642,falling,1,,,,,null,,,
2643,falling,1,,,,,null,,,
2644,falling,1,584,248,21946,86.99,sam2,1.0,749.192,13.378
2645,falling,1,,,,,null,,,
2646,falling,1,,,,,null,,,
2647,falling,1,,,,,null,,,
2648,falling,1,584,246,21932,86.93,sam2,2.0,1498.383,26.757
2649,falling,1,,,,,null,,,
2650,falling,1,,,,,null,,,
2651,falling,1,,,,,null,,,
2652,falling,1,584,246,22098,87.59,sam2,0.0,0.0,0.0
2653,falling,1,,,,,null,,,
2654,falling,1,,,,,null,,,
2655,falling,1,,,,,null,,,
2656,falling,1,584,246,22021,87.28,sam2,0.0,0.0,0.0
2657,falling,1,,,,,null,,,
2658,falling,1,,,,,null,,,
2659,falling,1,,,,,null,,,
2660,falling,1,584,248,22038,87.35,sam2,2.0,1498.383,26.757
2661,falling,1,,,,,null,,,
2662,falling,1,,,,,null,,,
2663,falling,1,,,,,null,,,
2664,falling,1,584,249,21856,86.63,sam2,1.0,749.192,13.378
2665,falling,1,,,,,null,,,
2666,falling,1,,,,,null,,,
2667,falling,1,,,,,null,,,
2668,falling,1,584,250,21669,85.89,sam2,1.0,749.192,13.378
2669,falling,1,,,,,null,,,
2670,falling,1,,,,,null,,,
2671,falling,1,,,,,null,,,
2672,falling,1,584,251,21374,84.72,sam2,1.0,749.192,13.378
2673,falling,1,,,,,null,,,
2674,falling,1,,,,,null,,,
2675,falling,1,,,,,null,,,
2676,falling,1,584,253,21453,85.03,sam2,2.0,1498.383,26.757
2677,falling,1,,,,,null,,,
2678,falling,1,,,,,null,,,
2679,falling,1,,,,,null,,,
2680,falling,1,584,253,21272,84.32,sam2,0.0,0.0,0.0
2681,falling,1,,,,,null,,,
2682,falling,1,,,,,null,,,
2683,falling,1,,,,,null,,,
2684,falling,1,585,253,21438,84.97,sam2,1.0,749.192,13.378
2685,falling,1,,,,,null,,,
2686,falling,1,,,,,null,,,
2687,falling,1,,,,,null,,,
2688,falling,1,585,252,21610,85.66,sam2,1.0,749.192,13.378
2689,falling,1,,,,,null,,,
2690,falling,1,,,,,null,,,
2691,falling,1,,,,,null,,,
2692,falling,1,585,251,21799,86.4,sam2,1.0,749.192,13.378
2693,falling,1,,,,,null,,,
2694,falling,1,,,,,null,,,
2695,falling,1,,,,,null,,,
2696,falling,1,585,250,22067,87.47,sam2,1.0,749.192,13.378
2697,falling,1,,,,,null,,,
2698,falling,1,,,,,null,,,
2699,falling,1,,,,,null,,,
2700,falling,1,585,248,21981,87.13,sam2,2.0,1498.383,26.757
2701,falling,1,,,,,null,,,
2702,falling,1,,,,,null,,,
2703,falling,1,,,,,null,,,
2704,falling,1,585,247,22006,87.23,sam2,1.0,749.192,13.378
2705,falling,1,,,,,null,,,
2706,falling,1,,,,,null,,,
2707,falling,1,,,,,null,,,
2708,falling,1,585,247,22069,87.47,sam2,0.0,0.0,0.0
2709,falling,1,,,,,null,,,
2710,falling,1,,,,,null,,,
2711,falling,1,,,,,null,,,
2712,falling,1,585,247,21997,87.19,sam2,0.0,0.0,0.0
2713,falling,1,,,,,null,,,
2714,falling,1,,,,,null,,,
2715,falling,1,,,,,null,,,
2716,falling,1,585,248,21909,86.84,sam2,1.0,749.192,13.378
2717,falling,1,,,,,null,,,
2718,falling,1,,,,,null,,,
2719,falling,1,,,,,null,,,
2720,falling,1,585,249,21858,86.64,sam2,1.0,749.192,13.378
2721,falling,1,,,,,null,,,
2722,falling,1,,,,,null,,,
2723,falling,1,,,,,null,,,
2724,falling,1,585,251,21848,86.6,sam2,2.0,1498.383,26.757
2725,falling,1,,,,,null,,,
2726,falling,1,,,,,null,,,
2727,falling,1,,,,,null,,,
2728,falling,1,585,252,21624,85.71,sam2,1.0,749.192,13.378
2729,falling,1,,,,,null,,,
2730,falling,1,,,,,null,,,
2731,falling,1,,,,,null,,,
2732,falling,1,585,253,21391,84.79,sam2,1.0,749.192,13.378
2733,falling,1,,,,,null,,,
2734,falling,1,,,,,null,,,
2735,falling,1,,,,,null,,,
2736,falling,1,585,253,21191,83.99,sam2,0.0,0.0,0.0
2737,falling,1,,,,,null,,,
2738,falling,1,,,,,null,,,
2739,falling,1,,,,,null,,,
2740,falling,1,585,253,21519,85.29,sam2,0.0,0.0,0.0
2741,falling,1,,,,,null,,,
2742,falling,1,,,,,null,,,
2743,falling,1,,,,,null,,,
2744,falling,1,585,252,21653,85.83,sam2,1.0,749.192,13.378
2745,falling,1,,,,,null,,,
2746,falling,1,,,,,null,,,
2747,falling,1,,,,,null,,,
2748,falling,1,585,251,21809,86.44,sam2,1.0,749.192,13.378
2749,falling,1,,,,,null,,,
2750,falling,1,,,,,null,,,
2751,falling,1,,,,,null,,,
2752,falling,1,584,249,21919,86.88,sam2,2.236,1675.243,29.915
2753,falling,1,,,,,null,,,
2754,falling,1,,,,,null,,,
2755,falling,1,,,,,null,,,
2756,falling,1,584,248,21904,86.82,sam2,1.0,749.192,13.378
2757,falling,1,,,,,null,,,
2758,falling,1,,,,,null,,,
2759,falling,1,,,,,null,,,
2760,falling,1,584,247,22138,87.75,sam2,1.0,749.192,13.378
2761,falling,1,,,,,null,,,
2762,falling,1,,,,,null,,,
2763,falling,1,,,,,null,,,
2764,falling,1,584,247,21972,87.09,sam2,0.0,0.0,0.0
2765,falling,1,,,,,null,,,
2766,falling,1,,,,,null,,,
2767,falling,1,,,,,null,,,
2768,falling,1,584,247,21967,87.07,sam2,0.0,0.0,0.0
2769,falling,1,,,,,null,,,
2770,falling,1,,,,,null,,,
2771,falling,1,,,,,null,,,
2772,falling,1,584,248,21997,87.19,sam2,1.0,749.192,13.378
2773,falling,1,,,,,null,,,
2774,falling,1,,,,,null,,,
2775,falling,1,,,,,null,,,
2776,falling,1,584,250,21950,87.0,sam2,2.0,1498.383,26.757
2777,falling,1,,,,,null,,,
2778,falling,1,,,,,null,,,
2779,falling,1,,,,,null,,,
2780,falling,1,584,250,21571,85.5,sam2,0.0,0.0,0.0
2781,falling,1,,,,,null,,,
2782,falling,1,,,,,null,,,
2783,falling,1,,,,,null,,,
2784,falling,1,584,252,21516,85.28,sam2,2.0,1498.383,26.757
2785,falling,1,,,,,null,,,
2786,falling,1,,,,,null,,,
2787,falling,1,,,,,null,,,
2788,falling,1,584,253,21415,84.88,sam2,1.0,749.192,13.378
2789,falling,1,,,,,null,,,
2790,falling,1,,,,,null,,,
2791,falling,1,,,,,null,,,
2792,falling,1,584,253,21375,84.72,sam2,0.0,0.0,0.0
2793,falling,1,,,,,null,,,
2794,falling,1,,,,,null,,,
2795,falling,1,,,,,null,,,
2796,falling,1,584,253,21499,85.22,sam2,0.0,0.0,0.0
2797,falling,1,,,,,null,,,
2798,falling,1,,,,,null,,,
2799,falling,1,,,,,null,,,
2800,falling,1,584,252,21656,85.84,sam2,1.0,749.192,13.378
2801,falling,1,,,,,null,,,
2802,falling,1,,,,,null,,,
2803,falling,1,,,,,null,,,
2804,falling,1,585,251,21801,86.41,sam2,1.414,1059.517,18.92
2805,falling,1,,,,,null,,,
2806,falling,1,,,,,null,,,
2807,falling,1,,,,,null,,,
2808,falling,1,585,249,21842,86.57,sam2,2.0,1498.383,26.757
2809,falling,1,,,,,null,,,
2810,falling,1,,,,,null,,,
2811,falling,1,,,,,null,,,
2812,falling,1,585,249,22168,87.87,sam2,0.0,0.0,0.0
2813,falling,1,,,,,null,,,
2814,falling,1,,,,,null,,,
2815,falling,1,,,,,null,,,
2816,falling,1,585,248,22150,87.8,sam2,1.0,749.192,13.378
2817,falling,1,,,,,null,,,
2818,falling,1,,,,,null,,,
2819,falling,1,,,,,null,,,
2820,falling,1,585,247,22072,87.49,sam2,1.0,749.192,13.378
2821,falling,1,,,,,null,,,
2822,falling,1,,,,,null,,,
2823,falling,1,,,,,null,,,
2824,falling,1,584,247,21860,86.65,sam2,1.0,749.192,13.378
2825,falling,1,,,,,null,,,
2826,falling,1,,,,,null,,,
2827,falling,1,,,,,null,,,
2828,falling,1,585,248,21865,86.67,sam2,1.414,1059.517,18.92
2829,falling,1,,,,,null,,,
2830,falling,1,,,,,null,,,
2831,falling,1,,,,,null,,,
2832,falling,1,585,249,21602,85.62,sam2,1.0,749.192,13.378
2833,falling,1,,,,,null,,,
2834,falling,1,,,,,null,,,
2835,falling,1,,,,,null,,,
2836,falling,1,585,251,21748,86.2,sam2,2.0,1498.383,26.757
2837,falling,1,,,,,null,,,
2838,falling,1,,,,,null,,,
2839,falling,1,,,,,null,,,
2840,falling,1,585,252,21636,85.76,sam2,1.0,749.192,13.378
2841,falling,1,,,,,null,,,
2842,falling,1,,,,,null,,,
2843,falling,1,,,,,null,,,
2844,falling,1,585,253,21474,85.12,sam2,1.0,749.192,13.378
2845,falling,1,,,,,null,,,
2846,falling,1,,,,,null,,,
2847,falling,1,,,,,null,,,
2848,falling,1,585,253,21504,85.24,sam2,0.0,0.0,0.0
2849,falling,1,,,,,null,,,
2850,falling,1,,,,,null,,,
2851,falling,1,,,,,null,,,
2852,falling,1,585,252,21511,85.26,sam2,1.0,749.192,13.378
2853,falling,1,,,,,null,,,
2854,falling,1,,,,,null,,,
2855,falling,1,,,,,null,,,
2856,falling,1,585,252,21645,85.79,sam2,0.0,0.0,0.0
2857,falling,1,,,,,null,,,
2858,falling,1,,,,,null,,,
2859,falling,1,,,,,null,,,
2860,falling,1,585,251,21882,86.73,sam2,1.0,749.192,13.378
2861,falling,1,,,,,null,,,
2862,falling,1,,,,,null,,,
2863,falling,1,,,,,null,,,
2864,falling,1,585,250,22019,87.28,sam2,1.0,749.192,13.378
2865,falling,1,,,,,null,,,
2866,falling,1,,,,,null,,,
2867,falling,1,,,,,null,,,
2868,falling,1,584,248,21929,86.92,sam2,2.236,1675.243,29.915
2869,falling,1,,,,,null,,,
2870,falling,1,,,,,null,,,
2871,falling,1,,,,,null,,,
2872,falling,1,584,248,22106,87.62,sam2,0.0,0.0,0.0
2873,falling,1,,,,,null,,,
2874,falling,1,,,,,null,,,
2875,falling,1,,,,,null,,,
2876,falling,1,584,248,22071,87.48,sam2,0.0,0.0,0.0
2877,falling,1,,,,,null,,,
2878,falling,1,,,,,null,,,
2879,falling,1,,,,,null,,,
2880,falling,1,584,248,21891,86.77,sam2,0.0,0.0,0.0
2881,falling,1,,,,,null,,,
2882,falling,1,,,,,null,,,
2883,falling,1,,,,,null,,,
2884,falling,1,584,248,21795,86.39,sam2,0.0,0.0,0.0
2885,falling,1,,,,,null,,,
2886,falling,1,,,,,null,,,
2887,falling,1,,,,,null,,,
2888,falling,1,584,250,21857,86.63,sam2,2.0,1498.383,26.757
2889,falling,1,,,,,null,,,
2890,falling,1,,,,,null,,,
2891,falling,1,,,,,null,,,
2892,falling,1,584,251,21584,85.55,sam2,1.0,749.192,13.378
2893,falling,1,,,,,null,,,
2894,falling,1,,,,,null,,,
2895,falling,1,,,,,null,,,
2896,falling,1,584,252,21583,85.55,sam2,1.0,749.192,13.378
2897,falling,1,,,,,null,,,
2898,falling,1,,,,,null,,,
2899,falling,1,,,,,null,,,
2900,falling,1,584,252,21368,84.7,sam2,0.0,0.0,0.0
2901,falling,1,,,,,null,,,
2902,falling,1,,,,,null,,,
2903,falling,1,,,,,null,,,
2904,falling,1,584,253,21629,85.73,sam2,1.0,749.192,13.378
2905,falling,1,,,,,null,,,
2906,falling,1,,,,,null,,,
2907,falling,1,,,,,null,,,
2908,falling,1,584,252,21399,84.82,sam2,1.0,749.192,13.378
2909,falling,1,,,,,null,,,
2910,falling,1,,,,,null,,,
2911,falling,1,,,,,null,,,
2912,falling,1,584,251,21495,85.2,sam2,1.0,749.192,13.378
2913,falling,1,,,,,null,,,
2914,falling,1,,,,,null,,,
2915,falling,1,,,,,null,,,
2916,falling,1,584,250,21664,85.87,sam2,1.0,749.192,13.378
2917,falling,1,,,,,null,,,
2918,falling,1,,,,,null,,,
2919,falling,1,,,,,null,,,
2920,falling,1,584,249,21721,86.1,sam2,1.0,749.192,13.378
2921,falling,1,,,,,null,,,
2922,falling,1,,,,,null,,,
2923,falling,1,,,,,null,,,
2924,falling,1,584,249,22043,87.37,sam2,0.0,0.0,0.0
2925,falling,1,,,,,null,,,
2926,falling,1,,,,,null,,,
2927,falling,1,,,,,null,,,
2928,falling,1,584,248,22018,87.27,sam2,1.0,749.192,13.378
2929,falling,1,,,,,null,,,
2930,falling,1,,,,,null,,,
2931,falling,1,,,,,null,,,
2932,falling,1,585,247,21883,86.74,sam2,1.414,1059.517,18.92
2933,falling,1,,,,,null,,,
2934,falling,1,,,,,null,,,
2935,falling,1,,,,,null,,,
2936,falling,1,585,248,21811,86.45,sam2,1.0,749.192,13.378
2937,falling,1,,,,,null,,,
2938,falling,1,,,,,null,,,
2939,falling,1,,,,,null,,,
2940,falling,1,585,249,21794,86.38,sam2,1.0,749.192,13.378
2941,falling,1,,,,,null,,,
2942,falling,1,,,,,null,,,
2943,falling,1,,,,,null,,,
2944,falling,1,585,250,21726,86.12,sam2,1.0,749.192,13.378
2945,falling,1,,,,,null,,,
2946,falling,1,,,,,null,,,
2947,falling,1,,,,,null,,,
2948,falling,1,585,251,21637,85.76,sam2,1.0,749.192,13.378
2949,falling,1,,,,,null,,,
2950,falling,1,,,,,null,,,
2951,falling,1,,,,,null,,,
2952,falling,1,585,251,21415,84.88,sam2,0.0,0.0,0.0
2953,falling,1,,,,,null,,,
2954,falling,1,,,,,null,,,
2955,falling,1,,,,,null,,,
2956,falling,1,585,252,21448,85.01,sam2,1.0,749.192,13.378
2957,falling,1,,,,,null,,,
2958,falling,1,,,,,null,,,
2959,falling,1,,,,,null,,,
2960,falling,1,585,253,21561,85.46,sam2,1.0,749.192,13.378
2961,falling,1,,,,,null,,,
2962,falling,1,,,,,null,,,
2963,falling,1,,,,,null,,,
2964,falling,1,585,252,21597,85.6,sam2,1.0,749.192,13.378
2965,falling,1,,,,,null,,,
2966,falling,1,,,,,null,,,
2967,falling,1,,,,,null,,,
2968,falling,1,585,252,21702,86.02,sam2,0.0,0.0,0.0
2969,falling,1,,,,,null,,,
2970,falling,1,,,,,null,,,
2971,falling,1,,,,,null,,,
2972,falling,1,585,251,21886,86.75,sam2,1.0,749.192,13.378
2973,falling,1,,,,,null,,,
2974,falling,1,,,,,null,,,
2975,falling,1,,,,,null,,,
2976,falling,1,585,250,22209,88.03,sam2,1.0,749.192,13.378
2977,falling,1,,,,,null,,,
2978,falling,1,,,,,null,,,
2979,falling,1,,,,,null,,,
2980,falling,1,585,249,21908,86.84,sam2,1.0,749.192,13.378
2981,falling,1,,,,,null,,,
2982,falling,1,,,,,null,,,
2983,falling,1,,,,,null,,,
2984,falling,1,584,248,21972,87.09,sam2,1.414,1059.517,18.92
2985,falling,1,,,,,null,,,
2986,falling,1,,,,,null,,,
2987,falling,1,,,,,null,,,
2988,falling,1,584,248,21877,86.71,sam2,0.0,0.0,0.0
2989,falling,1,,,,,null,,,
2990,falling,1,,,,,null,,,
2991,falling,1,,,,,null,,,
2992,falling,1,584,249,22036,87.34,sam2,1.0,749.192,13.378
2993,falling,1,,,,,null,,,
2994,falling,1,,,,,null,,,
2995,falling,1,,,,,null,,,
2996,falling,1,584,249,21742,86.18,sam2,0.0,0.0,0.0
2997,falling,1,,,,,null,,,
2998,falling,1,,,,,null,,,
2999,falling,1,,,,,null,,,
3000,falling,1,584,250,21607,85.64,sam2,1.0,749.192,13.378
3001,falling,1,,,,,null,,,
3002,falling,1,,,,,null,,,
3003,falling,1,,,,,null,,,
3004,falling,1,584,251,21757,86.24,sam2,1.0,749.192,13.378
3005,falling,1,,,,,null,,,
3006,falling,1,,,,,null,,,
3007,falling,1,,,,,null,,,
3008,falling,1,584,252,21666,85.88,sam2,1.0,749.192,13.378
3009,falling,1,,,,,null,,,
3010,falling,1,,,,,null,,,
3011,falling,1,,,,,null,,,
3012,falling,1,584,252,21540,85.38,sam2,0.0,0.0,0.0
3013,falling,1,,,,,null,,,
3014,falling,1,,,,,null,,,
3015,falling,1,,,,,null,,,
3016,falling,1,584,253,21584,85.55,sam2,1.0,749.192,13.378
3017,falling,1,,,,,null,,,
3018,falling,1,,,,,null,,,
3019,falling,1,,,,,null,,,
3020,falling,1,584,252,21358,84.66,sam2,1.0,749.192,13.378
3021,falling,1,,,,,null,,,
3022,falling,1,,,,,null,,,
3023,falling,1,,,,,null,,,
3024,falling,1,584,251,21593,85.59,sam2,1.0,749.192,13.378
3025,falling,1,,,,,null,,,
3026,falling,1,,,,,null,,,
3027,falling,1,,,,,null,,,
3028,falling,1,584,250,21659,85.85,sam2,1.0,749.192,13.378
3029,falling,1,,,,,null,,,
3030,falling,1,,,,,null,,,
3031,falling,1,,,,,null,,,
3032,falling,1,584,250,21876,86.71,sam2,0.0,0.0,0.0
3033,falling,1,,,,,null,,,
3034,falling,1,,,,,null,,,
3035,falling,1,,,,,null,,,
3036,falling,1,584,249,21989,87.16,sam2,1.0,749.192,13.378
3037,falling,1,,,,,null,,,
3038,falling,1,,,,,null,,,
3039,falling,1,,,,,null,,,
3040,falling,1,584,248,21942,86.97,sam2,1.0,749.192,13.378
3041,falling,1,,,,,null,,,
3042,falling,1,,,,,null,,,
3043,falling,1,,,,,null,,,
3044,falling,1,584,248,21844,86.58,sam2,0.0,0.0,0.0
3045,falling,1,,,,,null,,,
3046,falling,1,,,,,null,,,
3047,falling,1,,,,,null,,,
3048,falling,1,585,249,21975,87.1,sam2,1.414,1059.517,18.92
3049,falling,1,,,,,null,,,
3050,falling,1,,,,,null,,,
3051,falling,1,,,,,null,,,
3052,falling,1,585,249,21796,86.39,sam2,0.0,0.0,0.0
3053,falling,1,,,,,null,,,
3054,falling,1,,,,,null,,,
3055,falling,1,,,,,null,,,
3056,falling,1,585,250,21866,86.67,sam2,1.0,749.192,13.378
3057,falling,1,,,,,null,,,
3058,falling,1,,,,,null,,,
3059,falling,1,,,,,null,,,
3060,falling,1,585,251,21809,86.44,sam2,1.0,749.192,13.378
3061,falling,1,,,,,null,,,
3062,falling,1,,,,,null,,,
3063,falling,1,,,,,null,,,
3064,falling,1,585,252,21562,85.47,sam2,1.0,749.192,13.378
3065,falling,1,,,,,null,,,
3066,falling,1,,,,,null,,,
3067,falling,1,,,,,null,,,
3068,falling,1,585,252,21500,85.22,sam2,0.0,0.0,0.0
3069,falling,1,,,,,null,,,
3070,falling,1,,,,,null,,,
3071,falling,1,,,,,null,,,
3072,falling,1,585,253,21654,85.83,sam2,1.0,749.192,13.378
3073,falling,1,,,,,null,,,
3074,falling,1,,,,,null,,,
3075,falling,1,,,,,null,,,
3076,falling,1,585,252,21610,85.66,sam2,1.0,749.192,13.378
3077,falling,1,,,,,null,,,
3078,falling,1,,,,,null,,,
3079,falling,1,,,,,null,,,
3080,falling,1,585,252,21756,86.23,sam2,0.0,0.0,0.0
3081,falling,1,,,,,null,,,
3082,falling,1,,,,,null,,,
3083,falling,1,,,,,null,,,
3084,falling,1,585,251,21863,86.66,sam2,1.0,749.192,13.378
3085,falling,1,,,,,null,,,
3086,falling,1,,,,,null,,,
3087,falling,1,,,,,null,,,
3088,falling,1,585,250,22042,87.37,sam2,1.0,749.192,13.378
3089,falling,1,,,,,null,,,
3090,falling,1,,,,,null,,,
3091,falling,1,,,,,null,,,
3092,falling,1,585,249,21774,86.31,sam2,1.0,749.192,13.378
3093,falling,1,,,,,null,,,
3094,falling,1,,,,,null,,,
3095,falling,1,,,,,null,,,
3096,falling,1,585,248,21907,86.83,sam2,1.0,749.192,13.378
3097,falling,1,,,,,null,,,
3098,falling,1,,,,,null,,,
3099,falling,1,,,,,null,,,
3100,falling,1,585,248,21792,86.38,sam2,0.0,0.0,0.0
3101,falling,1,,,,,null,,,
3102,falling,1,,,,,null,,,
3103,falling,1,,,,,null,,,
3104,falling,1,584,248,21851,86.61,sam2,1.0,749.192,13.378
3105,falling,1,,,,,null,,,
3106,falling,1,,,,,null,,,
3107,falling,1,,,,,null,,,
3108,falling,1,584,249,21819,86.48,sam2,1.0,749.192,13.378
3109,falling,1,,,,,null,,,
3110,falling,1,,,,,null,,,
3111,falling,1,,,,,null,,,
3112,falling,1,584,250,21846,86.59,sam2,1.0,749.192,13.378
3113,falling,1,,,,,null,,,
3114,falling,1,,,,,null,,,
3115,falling,1,,,,,null,,,
3116,falling,1,584,251,21755,86.23,sam2,1.0,749.192,13.378
3117,falling,1,,,,,null,,,
3118,falling,1,,,,,null,,,
3119,falling,1,,,,,null,,,
3120,falling,1,584,252,21773,86.3,sam2,1.0,749.192,13.378
3121,falling,1,,,,,null,,,
3122,falling,1,,,,,null,,,
3123,falling,1,,,,,null,,,
3124,falling,1,584,252,21585,85.56,sam2,0.0,0.0,0.0
3125,falling,1,,,,,null,,,
3126,falling,1,,,,,null,,,
3127,falling,1,,,,,null,,,
3128,falling,1,584,252,21561,85.46,sam2,0.0,0.0,0.0
3129,falling,1,,,,,null,,,
3130,falling,1,,,,,null,,,
3131,falling,1,,,,,null,,,
3132,falling,1,584,252,21694,85.99,sam2,0.0,0.0,0.0
3133,falling,1,,,,,null,,,
3134,falling,1,,,,,null,,,
3135,falling,1,,,,,null,,,
3136,falling,1,584,252,21939,86.96,sam2,0.0,0.0,0.0
3137,falling,1,,,,,null,,,
3138,falling,1,,,,,null,,,
3139,falling,1,,,,,null,,,
3140,falling,1,584,250,21775,86.31,sam2,2.0,1498.383,26.757
3141,falling,1,,,,,null,,,
3142,falling,1,,,,,null,,,
3143,falling,1,,,,,null,,,
3144,falling,1,584,250,21821,86.49,sam2,0.0,0.0,0.0
3145,falling,1,,,,,null,,,
3146,falling,1,,,,,null,,,
3147,falling,1,,,,,null,,,
3148,falling,1,584,249,21980,87.12,sam2,1.0,749.192,13.378
3149,falling,1,,,,,null,,,
3150,falling,1,,,,,null,,,
3151,falling,1,,,,,null,,,
3152,falling,1,584,248,21942,86.97,sam2,1.0,749.192,13.378
3153,falling,1,,,,,null,,,
3154,falling,1,,,,,null,,,
3155,falling,1,,,,,null,,,
3156,falling,1,584,248,21832,86.54,sam2,0.0,0.0,0.0
3157,falling,1,,,,,null,,,
3158,falling,1,,,,,null,,,
3159,falling,1,,,,,null,,,
3160,falling,1,584,249,21968,87.07,sam2,1.0,749.192,13.378
3161,falling,1,,,,,null,,,
3162,falling,1,,,,,null,,,
3163,falling,1,,,,,null,,,
3164,falling,1,585,250,22037,87.35,sam2,1.414,1059.517,18.92
3165,falling,1,,,,,null,,,
3166,falling,1,,,,,null,,,
3167,falling,1,,,,,null,,,
3168,falling,1,584,250,21863,86.66,sam2,1.0,749.192,13.378
3169,falling,1,,,,,null,,,
3170,falling,1,,,,,null,,,
3171,falling,1,,,,,null,,,
3172,falling,1,585,251,21824,86.5,sam2,1.414,1059.517,18.92
3173,falling,1,,,,,null,,,
3174,falling,1,,,,,null,,,
3175,falling,1,,,,,null,,,
3176,falling,1,585,252,21690,85.97,sam2,1.0,749.192,13.378
3177,falling,1,,,,,null,,,
3178,falling,1,,,,,null,,,
3179,falling,1,,,,,null,,,
3180,falling,1,585,252,21625,85.71,sam2,0.0,0.0,0.0
3181,falling,1,,,,,null,,,
3182,falling,1,,,,,null,,,
3183,falling,1,,,,,null,,,
3184,falling,1,585,252,21664,85.87,sam2,0.0,0.0,0.0
3185,falling,1,,,,,null,,,
3186,falling,1,,,,,null,,,
3187,falling,1,,,,,null,,,
3188,falling,1,585,252,21863,86.66,sam2,0.0,0.0,0.0
3189,falling,1,,,,,null,,,
3190,falling,1,,,,,null,,,
3191,falling,1,,,,,null,,,
3192,falling,1,585,251,21903,86.82,sam2,1.0,749.192,13.378
3193,falling,1,,,,,null,,,
3194,falling,1,,,,,null,,,
3195,falling,1,,,,,null,,,
3196,falling,1,585,251,21836,86.55,sam2,0.0,0.0,0.0
3197,falling,1,,,,,null,,,
3198,falling,1,,,,,null,,,
3199,falling,1,,,,,null,,,
3200,falling,1,585,250,21892,86.77,sam2,1.0,749.192,13.378
3201,falling,1,,,,,null,,,
3202,falling,1,,,,,null,,,
3203,falling,1,,,,,null,,,
3204,falling,1,585,249,21862,86.65,sam2,1.0,749.192,13.378
3205,falling,1,,,,,null,,,
3206,falling,1,,,,,null,,,
3207,falling,1,,,,,null,,,
3208,falling,1,585,249,21976,87.11,sam2,0.0,0.0,0.0
3209,falling,1,,,,,null,,,
3210,falling,1,,,,,null,,,
3211,falling,1,,,,,null,,,
3212,falling,1,585,248,21813,86.46,sam2,1.0,749.192,13.378
3213,falling,1,,,,,null,,,
3214,falling,1,,,,,null,,,
3215,falling,1,,,,,null,,,
3216,falling,1,585,249,22001,87.21,sam2,1.0,749.192,13.378
3217,falling,1,,,,,null,,,
3218,falling,1,,,,,null,,,
3219,falling,1,,,,,null,,,
3220,falling,1,585,249,21629,85.73,sam2,0.0,0.0,0.0
3221,falling,1,,,,,null,,,
3222,falling,1,,,,,null,,,
3223,falling,1,,,,,null,,,
3224,falling,1,585,250,21768,86.28,sam2,1.0,749.192,13.378
3225,falling,1,,,,,null,,,
3226,falling,1,,,,,null,,,
3227,falling,1,,,,,null,,,
3228,falling,1,585,251,21721,86.1,sam2,1.0,749.192,13.378
3229,falling,1,,,,,null,,,
3230,falling,1,,,,,null,,,
3231,falling,1,,,,,null,,,
3232,falling,1,584,251,21502,85.23,sam2,1.0,749.192,13.378
3233,falling,1,,,,,null,,,
3234,falling,1,,,,,null,,,
3235,falling,1,,,,,null,,,
3236,falling,1,585,252,21733,86.14,sam2,1.414,1059.517,18.92
3237,falling,1,,,,,null,,,
3238,falling,1,,,,,null,,,
3239,falling,1,,,,,null,,,
3240,falling,1,584,252,21780,86.33,sam2,1.0,749.192,13.378
3241,falling,1,,,,,null,,,
3242,falling,1,,,,,null,,,
3243,falling,1,,,,,null,,,
3244,falling,1,584,252,21761,86.25,sam2,0.0,0.0,0.0
3245,falling,1,,,,,null,,,
3246,falling,1,,,,,null,,,
3247,falling,1,,,,,null,,,
3248,falling,1,584,251,21760,86.25,sam2,1.0,749.192,13.378
3249,falling,1,,,,,null,,,
3250,falling,1,,,,,null,,,
3251,falling,1,,,,,null,,,
3252,falling,1,584,250,21803,86.42,sam2,1.0,749.192,13.378
3253,falling,1,,,,,null,,,
3254,falling,1,,,,,null,,,
3255,falling,1,,,,,null,,,
3256,falling,1,584,250,21820,86.49,sam2,0.0,0.0,0.0
3257,falling,1,,,,,null,,,
3258,falling,1,,,,,null,,,
3259,falling,1,,,,,null,,,
3260,falling,1,584,249,21996,87.19,sam2,1.0,749.192,13.378
3261,falling,1,,,,,null,,,
3262,falling,1,,,,,null,,,
3263,falling,1,,,,,null,,,
3264,falling,1,584,249,21846,86.59,sam2,0.0,0.0,0.0
3265,falling,1,,,,,null,,,
3266,falling,1,,,,,null,,,
3267,falling,1,,,,,null,,,
3268,falling,1,584,248,21770,86.29,sam2,1.0,749.192,13.378
3269,falling,1,,,,,null,,,
3270,falling,1,,,,,null,,,
3271,falling,1,,,,,null,,,
3272,falling,1,584,249,21949,87.0,sam2,1.0,749.192,13.378
3273,falling,1,,,,,null,,,
3274,falling,1,,,,,null,,,
3275,falling,1,,,,,null,,,
3276,falling,1,584,249,21833,86.54,sam2,0.0,0.0,0.0
3277,falling,1,,,,,null,,,
3278,falling,1,,,,,null,,,
3279,falling,1,,,,,null,,,
3280,falling,1,584,250,21920,86.88,sam2,1.0,749.192,13.378
3281,falling,1,,,,,null,,,
3282,falling,1,,,,,null,,,
3283,falling,1,,,,,null,,,
3284,falling,1,584,251,21782,86.34,sam2,1.0,749.192,13.378
3285,falling,1,,,,,null,,,
3286,falling,1,,,,,null,,,
3287,falling,1,,,,,null,,,
3288,falling,1,585,251,21669,85.89,sam2,1.0,749.192,13.378
3289,falling,1,,,,,null,,,
3290,falling,1,,,,,null,,,
3291,falling,1,,,,,null,,,
3292,falling,1,585,252,21581,85.54,sam2,1.0,749.192,13.378
3293,falling,1,,,,,null,,,
3294,falling,1,,,,,null,,,
3295,falling,1,,,,,null,,,
3296,falling,1,585,252,21783,86.34,sam2,0.0,0.0,0.0
3297,falling,1,,,,,null,,,
3298,falling,1,,,,,null,,,
3299,falling,1,,,,,null,,,
3300,falling,1,585,252,21767,86.28,sam2,0.0,0.0,0.0
3301,falling,1,,,,,null,,,
3302,falling,1,,,,,null,,,
3303,falling,1,,,,,null,,,
3304,falling,1,585,251,21932,86.93,sam2,1.0,749.192,13.378
3305,falling,1,,,,,null,,,
3306,falling,1,,,,,null,,,
3307,falling,1,,,,,null,,,
3308,falling,1,585,250,21802,86.42,sam2,1.0,749.192,13.378
3309,falling,1,,,,,null,,,
3310,falling,1,,,,,null,,,
3311,falling,1,,,,,null,,,
3312,falling,1,585,249,21705,86.03,sam2,1.0,749.192,13.378
3313,falling,1,,,,,null,,,
3314,falling,1,,,,,null,,,
3315,falling,1,,,,,null,,,
3316,falling,1,585,249,21970,87.08,sam2,0.0,0.0,0.0
3317,falling,1,,,,,null,,,
3318,falling,1,,,,,null,,,
3319,falling,1,,,,,null,,,
3320,falling,1,585,249,22161,87.84,sam2,0.0,0.0,0.0
3321,falling,1,,,,,null,,,
3322,falling,1,,,,,null,,,
3323,falling,1,,,,,null,,,
3324,falling,1,585,249,22009,87.24,sam2,0.0,0.0,0.0
3325,falling,1,,,,,null,,,
3326,falling,1,,,,,null,,,
3327,falling,1,,,,,null,,,
3328,falling,1,585,249,21886,86.75,sam2,0.0,0.0,0.0
3329,falling,1,,,,,null,,,
3330,falling,1,,,,,null,,,
3331,falling,1,,,,,null,,,
3332,falling,1,585,249,21695,85.99,sam2,0.0,0.0,0.0
3333,falling,1,,,,,null,,,
3334,falling,1,,,,,null,,,
3335,falling,1,,,,,null,,,
3336,falling,1,585,250,21894,86.78,sam2,1.0,749.192,13.378
3337,falling,1,,,,,null,,,
3338,falling,1,,,,,null,,,
3339,falling,1,,,,,null,,,
3340,falling,1,585,251,21764,86.27,sam2,1.0,749.192,13.378
3341,falling,1,,,,,null,,,
3342,falling,1,,,,,null,,,
3343,falling,1,,,,,null,,,
3344,falling,1,585,251,21640,85.77,sam2,0.0,0.0,0.0
3345,falling,1,,,,,null,,,
3346,falling,1,,,,,null,,,
3347,falling,1,,,,,null,,,
3348,falling,1,585,252,21827,86.52,sam2,1.0,749.192,13.378
3349,falling,1,,,,,null,,,
3350,falling,1,,,,,null,,,
3351,falling,1,,,,,null,,,
3352,falling,1,585,252,21676,85.92,sam2,0.0,0.0,0.0
3353,falling,1,,,,,null,,,
3354,falling,1,,,,,null,,,
3355,falling,1,,,,,null,,,
3356,falling,1,585,251,21583,85.55,sam2,1.0,749.192,13.378
3357,falling,1,,,,,null,,,
3358,falling,1,,,,,null,,,
3359,falling,1,,,,,null,,,
3360,falling,1,585,251,21806,86.43,sam2,0.0,0.0,0.0
3361,falling,1,,,,,null,,,
3362,falling,1,,,,,null,,,
3363,falling,1,,,,,null,,,
3364,falling,1,584,251,21896,86.79,sam2,1.0,749.192,13.378
3365,falling,1,,,,,null,,,
3366,falling,1,,,,,null,,,
3367,falling,1,,,,,null,,,
3368,falling,1,584,250,21786,86.35,sam2,1.0,749.192,13.378
3369,falling,1,,,,,null,,,
3370,falling,1,,,,,null,,,
3371,falling,1,,,,,null,,,
3372,falling,1,584,249,21757,86.24,sam2,1.0,749.192,13.378
3373,falling,1,,,,,null,,,
3374,falling,1,,,,,null,,,
3375,falling,1,,,,,null,,,
3376,falling,1,584,249,21889,86.76,sam2,0.0,0.0,0.0
3377,falling,1,,,,,null,,,
3378,falling,1,,,,,null,,,
3379,falling,1,,,,,null,,,
3380,falling,1,584,249,21914,86.86,sam2,0.0,0.0,0.0
3381,falling,1,,,,,null,,,
3382,falling,1,,,,,null,,,
3383,falling,1,,,,,null,,,
3384,falling,1,584,249,21757,86.24,sam2,0.0,0.0,0.0
3385,falling,1,,,,,null,,,
3386,falling,1,,,,,null,,,
3387,falling,1,,,,,null,,,
3388,falling,1,584,249,21631,85.74,sam2,0.0,0.0,0.0
3389,falling,1,,,,,null,,,
3390,falling,1,,,,,null,,,
3391,falling,1,,,,,null,,,
3392,falling,1,585,250,21936,86.95,sam2,1.414,1059.517,18.92
3393,falling,1,,,,,null,,,
3394,falling,1,,,,,null,,,
3395,falling,1,,,,,null,,,
3396,falling,1,585,251,21763,86.26,sam2,1.0,749.192,13.378
3397,falling,1,,,,,null,,,
3398,falling,1,,,,,null,,,
3399,falling,1,,,,,null,,,
3400,falling,1,584,251,21755,86.23,sam2,1.0,749.192,13.378
3401,falling,1,,,,,null,,,
3402,falling,1,,,,,null,,,
3403,falling,1,,,,,null,,,
3404,falling,1,585,252,21819,86.48,sam2,1.414,1059.517,18.92
3405,falling,1,,,,,null,,,
3406,falling,1,,,,,null,,,
3407,falling,1,,,,,null,,,
3408,falling,1,585,252,21745,86.19,sam2,0.0,0.0,0.0
3409,falling,1,,,,,null,,,
3410,falling,1,,,,,null,,,
3411,falling,1,,,,,null,,,
3412,falling,1,585,252,21851,86.61,sam2,0.0,0.0,0.0
3413,falling,1,,,,,null,,,
3414,falling,1,,,,,null,,,
3415,falling,1,,,,,null,,,
3416,falling,1,585,251,21730,86.13,sam2,1.0,749.192,13.378
3417,falling,1,,,,,null,,,
3418,falling,1,,,,,null,,,
3419,falling,1,,,,,null,,,
3420,falling,1,585,250,21811,86.45,sam2,1.0,749.192,13.378
3421,falling,1,,,,,null,,,
3422,falling,1,,,,,null,,,
3423,falling,1,,,,,null,,,
3424,falling,1,585,250,21961,87.05,sam2,0.0,0.0,0.0
3425,falling,1,,,,,null,,,
3426,falling,1,,,,,null,,,
3427,falling,1,,,,,null,,,
3428,falling,1,585,250,22001,87.21,sam2,0.0,0.0,0.0
3429,falling,1,,,,,null,,,
3430,falling,1,,,,,null,,,
3431,falling,1,,,,,null,,,
3432,falling,1,585,250,22150,87.8,sam2,0.0,0.0,0.0
3433,falling,1,,,,,null,,,
3434,falling,1,,,,,null,,,
3435,falling,1,,,,,null,,,
3436,falling,1,585,249,21809,86.44,sam2,1.0,749.192,13.378
3437,falling,1,,,,,null,,,
3438,falling,1,,,,,null,,,
3439,falling,1,,,,,null,,,
3440,falling,1,585,250,22026,87.3,sam2,1.0,749.192,13.378
3441,falling,1,,,,,null,,,
3442,falling,1,,,,,null,,,
3443,falling,1,,,,,null,,,
3444,falling,1,585,250,21979,87.12,sam2,0.0,0.0,0.0
3445,falling,1,,,,,null,,,
3446,falling,1,,,,,null,,,
3447,falling,1,,,,,null,,,
3448,falling,1,585,251,21997,87.19,sam2,1.0,749.192,13.378
3449,falling,1,,,,,null,,,
3450,falling,1,,,,,null,,,
3451,falling,1,,,,,null,,,
3452,falling,1,585,251,21823,86.5,sam2,0.0,0.0,0.0
3453,falling,1,,,,,null,,,
3454,falling,1,,,,,null,,,
3455,falling,1,,,,,null,,,
3456,falling,1,585,251,21841,86.57,sam2,0.0,0.0,0.0
3457,falling,1,,,,,null,,,
3458,falling,1,,,,,null,,,
3459,falling,1,,,,,null,,,
3460,falling,1,585,251,21455,85.04,sam2,0.0,0.0,0.0
3461,falling,1,,,,,null,,,
3462,falling,1,,,,,null,,,
3463,falling,1,,,,,null,,,
3464,falling,1,585,251,21661,85.86,sam2,0.0,0.0,0.0
3465,falling,1,,,,,null,,,
3466,falling,1,,,,,null,,,
3467,falling,1,,,,,null,,,
3468,falling,1,585,251,21734,86.15,sam2,0.0,0.0,0.0
3469,falling,1,,,,,null,,,
3470,falling,1,,,,,null,,,
3471,falling,1,,,,,null,,,
3472,falling,1,585,251,21694,85.99,sam2,0.0,0.0,0.0
3473,falling,1,,,,,null,,,
3474,falling,1,,,,,null,,,
3475,falling,1,,,,,null,,,
3476,falling,1,585,250,21686,85.96,sam2,1.0,749.192,13.378
3477,falling,1,,,,,null,,,
3478,falling,1,,,,,null,,,
3479,falling,1,,,,,null,,,
3480,falling,1,585,250,21810,86.45,sam2,0.0,0.0,0.0
3481,falling,1,,,,,null,,,
3482,falling,1,,,,,null,,,
3483,falling,1,,,,,null,,,
3484,falling,1,584,249,21769,86.29,sam2,1.414,1059.517,18.92
3485,falling,1,,,,,null,,,
3486,falling,1,,,,,null,,,
3487,falling,1,,,,,null,,,
3488,falling,1,584,249,21907,86.83,sam2,0.0,0.0,0.0
3489,falling,1,,,,,null,,,
3490,falling,1,,,,,null,,,
3491,falling,1,,,,,null,,,
3492,falling,1,584,249,22013,87.25,sam2,0.0,0.0,0.0
3493,falling,1,,,,,null,,,
3494,falling,1,,,,,null,,,
3495,falling,1,,,,,null,,,
3496,falling,1,584,249,21891,86.77,sam2,0.0,0.0,0.0
3497,falling,1,,,,,null,,,
3498,falling,1,,,,,null,,,
3499,falling,1,,,,,null,,,
3500,falling,1,584,250,21836,86.55,sam2,1.0,749.192,13.378
3501,falling,1,,,,,null,,,
3502,falling,1,,,,,null,,,
3503,falling,1,,,,,null,,,
3504,falling,1,584,250,21833,86.54,sam2,0.0,0.0,0.0
3505,falling,1,,,,,null,,,
3506,falling,1,,,,,null,,,
3507,falling,1,,,,,null,,,
3508,falling,1,584,250,21654,85.83,sam2,0.0,0.0,0.0
3509,falling,1,,,,,null,,,
3510,falling,1,,,,,null,,,
3511,falling,1,,,,,null,,,
3512,falling,1,584,251,21735,86.15,sam2,1.0,749.192,13.378
3513,falling,1,,,,,null,,,
3514,falling,1,,,,,null,,,
3515,falling,1,,,,,null,,,
3516,falling,1,584,251,21688,85.96,sam2,0.0,0.0,0.0
3517,falling,1,,,,,null,,,
3518,falling,1,,,,,null,,,
3519,falling,1,,,,,null,,,
3520,falling,1,585,251,21517,85.29,sam2,1.0,749.192,13.378
3521,falling,1,,,,,null,,,
3522,falling,1,,,,,null,,,
3523,falling,1,,,,,null,,,
3524,falling,1,584,252,21902,86.81,sam2,1.414,1059.517,18.92
3525,falling,1,,,,,null,,,
3526,falling,1,,,,,null,,,
3527,falling,1,,,,,null,,,
3528,falling,1,585,251,21806,86.43,sam2,1.414,1059.517,18.92
3529,falling,1,,,,,null,,,
3530,falling,1,,,,,null,,,
3531,falling,1,,,,,null,,,
3532,falling,1,584,250,21837,86.56,sam2,1.414,1059.517,18.92
3533,falling,1,,,,,null,,,
3534,falling,1,,,,,null,,,
3535,falling,1,,,,,null,,,
3536,falling,1,584,250,21819,86.48,sam2,0.0,0.0,0.0
3537,falling,1,,,,,null,,,
3538,falling,1,,,,,null,,,
3539,falling,1,,,,,null,,,
3540,falling,1,585,249,21909,86.84,sam2,1.414,1059.517,18.92
3541,falling,1,,,,,null,,,
3542,falling,1,,,,,null,,,
3543,falling,1,,,,,null,,,
3544,falling,1,584,249,21885,86.75,sam2,1.0,749.192,13.378
3545,falling,1,,,,,null,,,
3546,falling,1,,,,,null,,,
3547,falling,1,,,,,null,,,
3548,falling,1,585,249,21826,86.51,sam2,1.0,749.192,13.378
3549,falling,1,,,,,null,,,
3550,falling,1,,,,,null,,,
3551,falling,1,,,,,null,,,
3552,falling,1,585,249,21783,86.34,sam2,0.0,0.0,0.0
3553,falling,1,,,,,null,,,
3554,falling,1,,,,,null,,,
3555,falling,1,,,,,null,,,
3556,falling,1,585,249,21728,86.12,sam2,0.0,0.0,0.0
3557,falling,1,,,,,null,,,
3558,falling,1,,,,,null,,,
3559,falling,1,,,,,null,,,
3560,falling,1,585,250,21698,86.0,sam2,1.0,749.192,13.378
3561,falling,1,,,,,null,,,
3562,falling,1,,,,,null,,,
3563,falling,1,,,,,null,,,
3564,falling,1,585,250,21502,85.23,sam2,0.0,0.0,0.0
3565,falling,1,,,,,null,,,
3566,falling,1,,,,,null,,,
3567,falling,1,,,,,null,,,
3568,falling,1,585,251,21767,86.28,sam2,1.0,749.192,13.378
3569,falling,1,,,,,null,,,
3570,falling,1,,,,,null,,,
3571,falling,1,,,,,null,,,
3572,falling,1,585,251,21720,86.09,sam2,0.0,0.0,0.0
3573,falling,1,,,,,null,,,
3574,falling,1,,,,,null,,,
3575,falling,1,,,,,null,,,
3576,falling,1,585,252,21814,86.46,sam2,1.0,749.192,13.378
3577,falling,1,,,,,null,,,
3578,falling,1,,,,,null,,,
3579,falling,1,,,,,null,,,
3580,falling,1,585,251,21696,86.0,sam2,1.0,749.192,13.378
3581,falling,1,,,,,null,,,
3582,falling,1,,,,,null,,,
3583,falling,1,,,,,null,,,
3584,falling,1,585,251,21797,86.4,sam2,0.0,0.0,0.0
3585,falling,1,,,,,null,,,
3586,falling,1,,,,,null,,,
3587,falling,1,,,,,null,,,
3588,falling,1,585,251,21980,87.12,sam2,0.0,0.0,0.0
3589,falling,1,,,,,null,,,
3590,falling,1,,,,,null,,,
3591,falling,1,,,,,null,,,
3592,falling,1,585,250,21983,87.13,sam2,1.0,749.192,13.378
3593,falling,1,,,,,null,,,
3594,falling,1,,,,,null,,,
3595,falling,1,,,,,null,,,
3596,falling,1,585,250,22012,87.25,sam2,0.0,0.0,0.0
3597,falling,1,,,,,null,,,
3598,falling,1,,,,,null,,,
3599,falling,1,,,,,null,,,
3600,falling,1,585,249,21818,86.48,sam2,1.0,749.192,13.378
3601,falling,1,,,,,null,,,
3602,falling,1,,,,,null,,,
3603,falling,1,,,,,null,,,
3604,falling,1,585,249,21854,86.62,sam2,0.0,0.0,0.0
3605,falling,1,,,,,null,,,
3606,falling,1,,,,,null,,,
3607,falling,1,,,,,null,,,
3608,falling,1,585,249,21771,86.29,sam2,0.0,0.0,0.0
3609,falling,1,,,,,null,,,
3610,falling,1,,,,,null,,,
3611,falling,1,,,,,null,,,
3612,falling,1,584,250,21789,86.36,sam2,1.414,1059.517,18.92
3613,falling,1,,,,,null,,,
3614,falling,1,,,,,null,,,
3615,falling,1,,,,,null,,,
3616,falling,1,584,250,21713,86.06,sam2,0.0,0.0,0.0
3617,falling,1,,,,,null,,,
3618,falling,1,,,,,null,,,
3619,falling,1,,,,,null,,,
3620,falling,1,584,250,21717,86.08,sam2,0.0,0.0,0.0
3621,falling,1,,,,,null,,,
3622,falling,1,,,,,null,,,
3623,falling,1,,,,,null,,,
3624,falling,1,585,251,21620,85.7,sam2,1.414,1059.517,18.92
3625,falling,1,,,,,null,,,
3626,falling,1,,,,,null,,,
3627,falling,1,,,,,null,,,
3628,falling,1,584,251,21738,86.16,sam2,1.0,749.192,13.378
3629,falling,1,,,,,null,,,
3630,falling,1,,,,,null,,,
3631,falling,1,,,,,null,,,
3632,falling,1,584,251,21590,85.58,sam2,0.0,0.0,0.0
3633,falling,1,,,,,null,,,
3634,falling,1,,,,,null,,,
3635,falling,1,,,,,null,,,
3636,falling,1,584,251,21568,85.49,sam2,0.0,0.0,0.0
3637,falling,1,,,,,null,,,
3638,falling,1,,,,,null,,,
3639,falling,1,,,,,null,,,
3640,falling,1,584,250,21582,85.54,sam2,1.0,749.192,13.378
3641,falling,1,,,,,null,,,
3642,falling,1,,,,,null,,,
3643,falling,1,,,,,null,,,
3644,falling,1,584,251,21929,86.92,sam2,1.0,749.192,13.378
3645,falling,1,,,,,null,,,
3646,falling,1,,,,,null,,,
3647,falling,1,,,,,null,,,
3648,falling,1,585,250,22023,87.29,sam2,1.414,1059.517,18.92
3649,falling,1,,,,,null,,,
3650,falling,1,,,,,null,,,
3651,falling,1,,,,,null,,,
3652,falling,1,584,250,21982,87.13,sam2,1.0,749.192,13.378
3653,falling,1,,,,,null,,,
3654,falling,1,,,,,null,,,
3655,falling,1,,,,,null,,,
3656,falling,1,584,250,21948,87.0,sam2,0.0,0.0,0.0
3657,falling,1,,,,,null,,,
3658,falling,1,,,,,null,,,
3659,falling,1,,,,,null,,,
3660,falling,1,584,249,21738,86.16,sam2,1.0,749.192,13.378
3661,falling,1,,,,,null,,,
3662,falling,1,,,,,null,,,
3663,falling,1,,,,,null,,,
3664,falling,1,585,250,21972,87.09,sam2,1.414,1059.517,18.92
3665,falling,1,,,,,null,,,
3666,falling,1,,,,,null,,,
3667,falling,1,,,,,null,,,
3668,falling,1,585,250,21867,86.67,sam2,0.0,0.0,0.0
3669,falling,1,,,,,null,,,
3670,falling,1,,,,,null,,,
3671,falling,1,,,,,null,,,
3672,falling,1,585,250,21620,85.7,sam2,0.0,0.0,0.0
3673,falling,1,,,,,null,,,
3674,falling,1,,,,,null,,,
3675,falling,1,,,,,null,,,
3676,falling,1,585,251,21834,86.54,sam2,1.0,749.192,13.378
3677,falling,1,,,,,null,,,
3678,falling,1,,,,,null,,,
3679,falling,1,,,,,null,,,
3680,falling,1,585,251,21926,86.91,sam2,0.0,0.0,0.0
3681,falling,1,,,,,null,,,
3682,falling,1,,,,,null,,,
3683,falling,1,,,,,null,,,
3684,falling,1,585,251,21607,85.64,sam2,0.0,0.0,0.0
3685,falling,1,,,,,null,,,
3686,falling,1,,,,,null,,,
3687,falling,1,,,,,null,,,
3688,falling,1,585,251,21677,85.92,sam2,0.0,0.0,0.0
3689,falling,1,,,,,null,,,
3690,falling,1,,,,,null,,,
3691,falling,1,,,,,null,,,
3692,falling,1,585,252,21945,86.98,sam2,1.0,749.192,13.378
3693,falling,1,,,,,null,,,
3694,falling,1,,,,,null,,,
3695,falling,1,,,,,null,,,
3696,falling,1,585,251,21813,86.46,sam2,1.0,749.192,13.378
3697,falling,1,,,,,null,,,
3698,falling,1,,,,,null,,,
3699,falling,1,,,,,null,,,
3700,falling,1,585,251,21967,87.07,sam2,0.0,0.0,0.0
3701,falling,1,,,,,null,,,
3702,falling,1,,,,,null,,,
3703,falling,1,,,,,null,,,
3704,falling,1,585,250,21904,86.82,sam2,1.0,749.192,13.378
3705,falling,1,,,,,null,,,
3706,falling,1,,,,,null,,,
3707,falling,1,,,,,null,,,
3708,falling,1,585,250,21969,87.08,sam2,0.0,0.0,0.0
3709,falling,1,,,,,null,,,
3710,falling,1,,,,,null,,,
3711,falling,1,,,,,null,,,
3712,falling,1,585,249,21624,85.71,sam2,1.0,749.192,13.378
3713,falling,1,,,,,null,,,
3714,falling,1,,,,,null,,,
3715,falling,1,,,,,null,,,
3716,falling,1,585,249,21712,86.06,sam2,0.0,0.0,0.0
3717,falling,1,,,,,null,,,
3718,falling,1,,,,,null,,,
3719,falling,1,,,,,null,,,
3720,falling,1,585,250,21881,86.73,sam2,1.0,749.192,13.378
3721,falling,1,,,,,null,,,
3722,falling,1,,,,,null,,,
3723,falling,1,,,,,null,,,
3724,falling,1,585,249,21670,85.89,sam2,1.0,749.192,13.378
3725,falling,1,,,,,null,,,
3726,falling,1,,,,,null,,,
3727,falling,1,,,,,null,,,
3728,falling,1,585,250,21700,86.01,sam2,1.0,749.192,13.378
3729,falling,1,,,,,null,,,
3730,falling,1,,,,,null,,,
3731,falling,1,,,,,null,,,
3732,falling,1,585,251,21840,86.57,sam2,1.0,749.192,13.378
3733,falling,1,,,,,null,,,
3734,falling,1,,,,,null,,,
3735,falling,1,,,,,null,,,
3736,falling,1,585,251,21716,86.08,sam2,0.0,0.0,0.0
3737,falling,1,,,,,null,,,
3738,falling,1,,,,,null,,,
3739,falling,1,,,,,null,,,
3740,falling,1,585,251,21689,85.97,sam2,0.0,0.0,0.0
3741,falling,1,,,,,null,,,
3742,falling,1,,,,,null,,,
3743,falling,1,,,,,null,,,
3744,falling,1,585,251,21790,86.37,sam2,0.0,0.0,0.0
3745,falling,1,,,,,null,,,
3746,falling,1,,,,,null,,,
3747,falling,1,,,,,null,,,
3748,falling,1,584,251,21617,85.68,sam2,1.0,749.192,13.378
3749,falling,1,,,,,null,,,
3750,falling,1,,,,,null,,,
3751,falling,1,,,,,null,,,
3752,falling,1,584,251,21737,86.16,sam2,0.0,0.0,0.0
3753,falling,1,,,,,null,,,
3754,falling,1,,,,,null,,,
3755,falling,1,,,,,null,,,
3756,falling,1,584,250,21815,86.47,sam2,1.0,749.192,13.378
3757,falling,1,,,,,null,,,
3758,falling,1,,,,,null,,,
3759,falling,1,,,,,null,,,
3760,falling,1,584,250,21763,86.26,sam2,0.0,0.0,0.0
3761,falling,1,,,,,null,,,
3762,falling,1,,,,,null,,,
3763,falling,1,,,,,null,,,
3764,falling,1,585,250,22013,87.25,sam2,1.0,749.192,13.378
3765,falling,1,,,,,null,,,
3766,falling,1,,,,,null,,,
3767,falling,1,,,,,null,,,
3768,falling,1,584,249,21777,86.32,sam2,1.414,1059.517,18.92
3769,falling,1,,,,,null,,,
3770,falling,1,,,,,null,,,
3771,falling,1,,,,,null,,,
3772,falling,1,584,249,21862,86.65,sam2,0.0,0.0,0.0
3773,falling,1,,,,,null,,,
3774,falling,1,,,,,null,,,
3775,falling,1,,,,,null,,,
3776,falling,1,585,250,21876,86.71,sam2,1.414,1059.517,18.92
3777,falling,1,,,,,null,,,
3778,falling,1,,,,,null,,,
3779,falling,1,,,,,null,,,
3780,falling,1,585,250,21917,86.87,sam2,0.0,0.0,0.0
3781,falling,1,,,,,null,,,
3782,falling,1,,,,,null,,,
3783,falling,1,,,,,null,,,
3784,falling,1,585,251,22051,87.4,sam2,1.0,749.192,13.378
3785,falling,1,,,,,null,,,
3786,falling,1,,,,,null,,,
3787,falling,1,,,,,null,,,
3788,falling,1,585,250,21707,86.04,sam2,1.0,749.192,13.378
3789,falling,1,,,,,null,,,
3790,falling,1,,,,,null,,,
3791,falling,1,,,,,null,,,
3792,falling,1,585,251,21821,86.49,sam2,1.0,749.192,13.378
3793,falling,1,,,,,null,,,
3794,falling,1,,,,,null,,,
3795,falling,1,,,,,null,,,
3796,falling,1,585,251,21752,86.22,sam2,0.0,0.0,0.0
3797,falling,1,,,,,null,,,
3798,falling,1,,,,,null,,,
3799,falling,1,,,,,null,,,
3800,falling,1,585,251,21872,86.69,sam2,0.0,0.0,0.0
3801,falling,1,,,,,null,,,
3802,falling,1,,,,,null,,,
3803,falling,1,,,,,null,,,
3804,falling,1,585,251,21774,86.31,sam2,0.0,0.0,0.0
3805,falling,1,,,,,null,,,
3806,falling,1,,,,,null,,,
3807,falling,1,,,,,null,,,
3808,falling,1,585,251,21839,86.56,sam2,0.0,0.0,0.0
3809,falling,1,,,,,null,,,
3810,falling,1,,,,,null,,,
3811,falling,1,,,,,null,,,
3812,falling,1,585,251,21990,87.16,sam2,0.0,0.0,0.0
3813,falling,1,,,,,null,,,
3814,falling,1,,,,,null,,,
3815,falling,1,,,,,null,,,
3816,falling,1,585,250,22024,87.3,sam2,1.0,749.192,13.378
3817,falling,1,,,,,null,,,
3818,falling,1,,,,,null,,,
3819,falling,1,,,,,null,,,
3820,falling,1,585,250,21971,87.09,sam2,0.0,0.0,0.0
3821,falling,1,,,,,null,,,
3822,falling,1,,,,,null,,,
3823,falling,1,,,,,null,,,
3824,falling,1,585,250,21907,86.83,sam2,0.0,0.0,0.0
3825,falling,1,,,,,null,,,
3826,falling,1,,,,,null,,,
3827,falling,1,,,,,null,,,
3828,falling,1,585,250,21883,86.74,sam2,0.0,0.0,0.0
3829,falling,1,,,,,null,,,
3830,falling,1,,,,,null,,,
3831,falling,1,,,,,null,,,
3832,falling,1,585,250,21957,87.03,sam2,0.0,0.0,0.0
3833,falling,1,,,,,null,,,
3834,falling,1,,,,,null,,,
3835,falling,1,,,,,null,,,
3836,falling,1,585,250,21814,86.46,sam2,0.0,0.0,0.0
3837,falling,1,,,,,null,,,
3838,falling,1,,,,,null,,,
3839,falling,1,,,,,null,,,
3840,falling,1,585,250,21784,86.35,sam2,0.0,0.0,0.0
3841,falling,1,,,,,null,,,
3842,falling,1,,,,,null,,,
3843,falling,1,,,,,null,,,
3844,falling,1,585,250,21786,86.35,sam2,0.0,0.0,0.0
3845,falling,1,,,,,null,,,
3846,falling,1,,,,,null,,,
3847,falling,1,,,,,null,,,
3848,falling,1,585,251,21920,86.88,sam2,1.0,749.192,13.378
3849,falling,1,,,,,null,,,
3850,falling,1,,,,,null,,,
3851,falling,1,,,,,null,,,
3852,falling,1,585,251,21809,86.44,sam2,0.0,0.0,0.0
3853,falling,1,,,,,null,,,
3854,falling,1,,,,,null,,,
3855,falling,1,,,,,null,,,
3856,falling,1,585,251,21805,86.43,sam2,0.0,0.0,0.0
3857,falling,1,,,,,null,,,
3858,falling,1,,,,,null,,,
3859,falling,1,,,,,null,,,
3860,falling,1,585,251,21840,86.57,sam2,0.0,0.0,0.0
3861,falling,1,,,,,null,,,
3862,falling,1,,,,,null,,,
3863,falling,1,,,,,null,,,
3864,falling,1,585,251,21904,86.82,sam2,0.0,0.0,0.0
3865,falling,1,,,,,null,,,
3866,falling,1,,,,,null,,,
3867,falling,1,,,,,null,,,
3868,falling,1,585,251,21922,86.89,sam2,0.0,0.0,0.0
3869,falling,1,,,,,null,,,
3870,falling,1,,,,,null,,,
3871,falling,1,,,,,null,,,
3872,falling,1,585,250,21923,86.9,sam2,1.0,749.192,13.378
3873,falling,1,,,,,null,,,
3874,falling,1,,,,,null,,,
3875,falling,1,,,,,null,,,
3876,falling,1,584,250,21980,87.12,sam2,1.0,749.192,13.378
3877,falling,1,,,,,null,,,
3878,falling,1,,,,,null,,,
3879,falling,1,,,,,null,,,
3880,falling,1,584,250,21862,86.65,sam2,0.0,0.0,0.0
3881,falling,1,,,,,null,,,
3882,falling,1,,,,,null,,,
3883,falling,1,,,,,null,,,
3884,falling,1,585,250,22060,87.44,sam2,1.0,749.192,13.378
3885,falling,1,,,,,null,,,
3886,falling,1,,,,,null,,,
3887,falling,1,,,,,null,,,
3888,falling,1,584,250,22029,87.32,sam2,1.0,749.192,13.378
3889,falling,1,,,,,null,,,
3890,falling,1,,,,,null,,,
3891,falling,1,,,,,null,,,
3892,falling,1,584,250,21903,86.82,sam2,0.0,0.0,0.0
3893,falling,1,,,,,null,,,
3894,falling,1,,,,,null,,,
3895,falling,1,,,,,null,,,
3896,falling,1,584,250,21909,86.84,sam2,0.0,0.0,0.0
3897,falling,1,,,,,null,,,
3898,falling,1,,,,,null,,,
3899,falling,1,,,,,null,,,
3900,falling,1,584,250,21724,86.11,sam2,0.0,0.0,0.0
3901,falling,1,,,,,null,,,
3902,falling,1,,,,,null,,,
3903,falling,1,,,,,null,,,
3904,falling,1,585,251,21780,86.33,sam2,1.414,1059.517,18.92
3905,falling,1,,,,,null,,,
3906,falling,1,,,,,null,,,
3907,falling,1,,,,,null,,,
3908,falling,1,585,251,21704,86.03,sam2,0.0,0.0,0.0
3909,falling,1,,,,,null,,,
3910,falling,1,,,,,null,,,
3911,falling,1,,,,,null,,,
3912,falling,1,585,251,21765,86.27,sam2,0.0,0.0,0.0
3913,falling,1,,,,,null,,,
3914,falling,1,,,,,null,,,
3915,falling,1,,,,,null,,,
3916,falling,1,585,251,21831,86.53,sam2,0.0,0.0,0.0
3917,falling,1,,,,,null,,,
3918,falling,1,,,,,null,,,
3919,falling,1,,,,,null,,,
3920,falling,1,585,251,21820,86.49,sam2,0.0,0.0,0.0
3921,falling,1,,,,,null,,,
3922,falling,1,,,,,null,,,
3923,falling,1,,,,,null,,,
3924,falling,1,585,251,21944,86.98,sam2,0.0,0.0,0.0
3925,falling,1,,,,,null,,,
3926,falling,1,,,,,null,,,
3927,falling,1,,,,,null,,,
3928,falling,1,585,250,21827,86.52,sam2,1.0,749.192,13.378
3929,falling,1,,,,,null,,,
3930,falling,1,,,,,null,,,
3931,falling,1,,,,,null,,,
3932,falling,1,585,250,21745,86.19,sam2,0.0,0.0,0.0
3933,falling,1,,,,,null,,,
3934,falling,1,,,,,null,,,
3935,falling,1,,,,,null,,,
3936,falling,1,585,250,21822,86.5,sam2,0.0,0.0,0.0
3937,falling,1,,,,,null,,,
3938,falling,1,,,,,null,,,
3939,falling,1,,,,,null,,,
3940,falling,1,585,249,21786,86.35,sam2,1.0,749.192,13.378
3941,falling,1,,,,,null,,,
3942,falling,1,,,,,null,,,
3943,falling,1,,,,,null,,,
3944,falling,1,585,250,21851,86.61,sam2,1.0,749.192,13.378
3945,falling,1,,,,,null,,,
3946,falling,1,,,,,null,,,
3947,falling,1,,,,,null,,,
3948,falling,1,585,250,21865,86.67,sam2,0.0,0.0,0.0
3949,falling,1,,,,,null,,,
3950,falling,1,,,,,null,,,
3951,falling,1,,,,,null,,,
3952,falling,1,585,251,22025,87.3,sam2,1.0,749.192,13.378
3953,falling,1,,,,,null,,,
3954,falling,1,,,,,null,,,
3955,falling,1,,,,,null,,,
3956,falling,1,585,250,21785,86.35,sam2,1.0,749.192,13.378
3957,falling,1,,,,,null,,,
3958,falling,1,,,,,null,,,
3959,falling,1,,,,,null,,,
3960,falling,1,585,251,21781,86.33,sam2,1.0,749.192,13.378
3961,falling,1,,,,,null,,,
3962,falling,1,,,,,null,,,
3963,falling,1,,,,,null,,,
3964,falling,1,585,251,21825,86.51,sam2,0.0,0.0,0.0
3965,falling,1,,,,,null,,,
3966,falling,1,,,,,null,,,
3967,falling,1,,,,,null,,,
3968,falling,1,585,251,21859,86.64,sam2,0.0,0.0,0.0
3969,falling,1,,,,,null,,,
3970,falling,1,,,,,null,,,
3971,falling,1,,,,,null,,,
3972,falling,1,585,251,21891,86.77,sam2,0.0,0.0,0.0
3973,falling,1,,,,,null,,,
3974,falling,1,,,,,null,,,
3975,falling,1,,,,,null,,,
3976,falling,1,585,251,21959,87.04,sam2,0.0,0.0,0.0
3977,falling,1,,,,,null,,,
3978,falling,1,,,,,null,,,
3979,falling,1,,,,,null,,,
3980,falling,1,585,251,21981,87.13,sam2,0.0,0.0,0.0
3981,falling,1,,,,,null,,,
3982,falling,1,,,,,null,,,
3983,falling,1,,,,,null,,,
3984,falling,1,585,250,21851,86.61,sam2,1.0,749.192,13.378
3985,falling,1,,,,,null,,,
3986,falling,1,,,,,null,,,
3987,falling,1,,,,,null,,,
3988,falling,1,585,250,21848,86.6,sam2,0.0,0.0,0.0
3989,falling,1,,,,,null,,,
3990,falling,1,,,,,null,,,
3991,falling,1,,,,,null,,,
3992,falling,1,585,250,22024,87.3,sam2,0.0,0.0,0.0
3993,falling,1,,,,,null,,,
3994,falling,1,,,,,null,,,
3995,falling,1,,,,,null,,,
3996,falling,1,584,250,21810,86.45,sam2,1.0,749.192,13.378
3997,falling,1,,,,,null,,,
3998,falling,1,,,,,null,,,
3999,falling,1,,,,,null,,,
4000,falling,1,584,250,22023,87.29,sam2,0.0,0.0,0.0
4001,falling,1,,,,,null,,,
4002,falling,1,,,,,null,,,
4003,falling,1,,,,,null,,,
4004,falling,1,585,250,21804,86.42,sam2,1.0,749.192,13.378
4005,falling,1,,,,,null,,,
4006,falling,1,,,,,null,,,
4007,falling,1,,,,,null,,,
4008,falling,1,584,250,21747,86.2,sam2,1.0,749.192,13.378
4009,falling,1,,,,,null,,,
4010,falling,1,,,,,null,,,
4011,falling,1,,,,,null,,,
4012,falling,1,584,250,21824,86.5,sam2,0.0,0.0,0.0
4013,falling,1,,,,,null,,,
4014,falling,1,,,,,null,,,
4015,falling,1,,,,,null,,,
4016,falling,1,584,251,21759,86.25,sam2,1.0,749.192,13.378
4017,falling,1,,,,,null,,,
4018,falling,1,,,,,null,,,
4019,falling,1,,,,,null,,,
4020,falling,1,585,251,21887,86.75,sam2,1.0,749.192,13.378
4021,falling,1,,,,,null,,,
4022,falling,1,,,,,null,,,
4023,falling,1,,,,,null,,,
4024,falling,1,585,251,21798,86.4,sam2,0.0,0.0,0.0
4025,falling,1,,,,,null,,,
4026,falling,1,,,,,null,,,
4027,falling,1,,,,,null,,,
4028,falling,1,585,251,21695,85.99,sam2,0.0,0.0,0.0
4029,falling,1,,,,,null,,,
4030,falling,1,,,,,null,,,
4031,falling,1,,,,,null,,,
4032,falling,1,585,251,21883,86.74,sam2,0.0,0.0,0.0
4033,falling,1,,,,,null,,,
4034,falling,1,,,,,null,,,
4035,falling,1,,,,,null,,,
4036,falling,1,585,250,21558,85.45,sam2,1.0,749.192,13.378
4037,falling,1,,,,,null,,,
4038,falling,1,,,,,null,,,
4039,falling,1,,,,,null,,,
4040,falling,1,585,250,21876,86.71,sam2,0.0,0.0,0.0
4041,falling,1,,,,,null,,,
4042,falling,1,,,,,null,,,
4043,falling,1,,,,,null,,,
4044,falling,1,585,250,21897,86.79,sam2,0.0,0.0,0.0
4045,falling,1,,,,,null,,,
4046,falling,1,,,,,null,,,
4047,falling,1,,,,,null,,,
4048,falling,1,585,250,21834,86.54,sam2,0.0,0.0,0.0
4049,falling,1,,,,,null,,,
4050,falling,1,,,,,null,,,
4051,falling,1,,,,,null,,,
4052,falling,1,585,250,21963,87.05,sam2,0.0,0.0,0.0
4053,falling,1,,,,,null,,,
4054,falling,1,,,,,null,,,
4055,falling,1,,,,,null,,,
4056,falling,1,585,250,21795,86.39,sam2,0.0,0.0,0.0
4057,falling,1,,,,,null,,,
4058,falling,1,,,,,null,,,
4059,falling,1,,,,,null,,,
4060,falling,1,585,250,21777,86.32,sam2,0.0,0.0,0.0
4061,falling,1,,,,,null,,,
4062,falling,1,,,,,null,,,
4063,falling,1,,,,,null,,,
4064,falling,1,585,250,21825,86.51,sam2,0.0,0.0,0.0
4065,falling,1,,,,,null,,,
4066,falling,1,,,,,null,,,
4067,falling,1,,,,,null,,,
4068,falling,1,585,250,21783,86.34,sam2,0.0,0.0,0.0
4069,falling,1,,,,,null,,,
4070,falling,1,,,,,null,,,
4071,falling,1,,,,,null,,,
4072,falling,1,585,251,21832,86.54,sam2,1.0,749.192,13.378
4073,falling,1,,,,,null,,,
4074,falling,1,,,,,null,,,
4075,falling,1,,,,,null,,,
4076,falling,1,585,251,21810,86.45,sam2,0.0,0.0,0.0
4077,falling,1,,,,,null,,,
4078,falling,1,,,,,null,,,
4079,falling,1,,,,,null,,,
4080,falling,1,585,251,21857,86.63,sam2,0.0,0.0,0.0
4081,falling,1,,,,,null,,,
4082,falling,1,,,,,null,,,
4083,falling,1,,,,,null,,,
4084,falling,1,585,251,22003,87.21,sam2,0.0,0.0,0.0
4085,falling,1,,,,,null,,,
4086,falling,1,,,,,null,,,
4087,falling,1,,,,,null,,,
4088,falling,1,585,251,21982,87.13,sam2,0.0,0.0,0.0
4089,falling,1,,,,,null,,,
4090,falling,1,,,,,null,,,
4091,falling,1,,,,,null,,,
4092,falling,1,585,251,21839,86.56,sam2,0.0,0.0,0.0
4093,falling,1,,,,,null,,,
4094,falling,1,,,,,null,,,
4095,falling,1,,,,,null,,,
4096,falling,1,585,250,21769,86.29,sam2,1.0,749.192,13.378
4097,falling,1,,,,,null,,,
4098,falling,1,,,,,null,,,
4099,falling,1,,,,,null,,,
4100,falling,1,585,250,21721,86.1,sam2,0.0,0.0,0.0
4101,falling,1,,,,,null,,,
4102,falling,1,,,,,null,,,
4103,falling,1,,,,,null,,,
4104,falling,1,585,250,21796,86.39,sam2,0.0,0.0,0.0
4105,falling,1,,,,,null,,,
4106,falling,1,,,,,null,,,
4107,falling,1,,,,,null,,,
4108,falling,1,585,250,21773,86.3,sam2,0.0,0.0,0.0
4109,falling,1,,,,,null,,,
4110,falling,1,,,,,null,,,
4111,falling,1,,,,,null,,,
4112,falling,1,585,250,21838,86.56,sam2,0.0,0.0,0.0
4113,falling,1,,,,,null,,,
4114,falling,1,,,,,null,,,
4115,falling,1,,,,,null,,,
4116,falling,1,584,250,21935,86.94,sam2,1.0,749.192,13.378
4117,falling,1,,,,,null,,,
4118,falling,1,,,,,null,,,
4119,falling,1,,,,,null,,,
4120,falling,1,584,250,21886,86.75,sam2,0.0,0.0,0.0
4121,falling,1,,,,,null,,,
4122,falling,1,,,,,null,,,
4123,falling,1,,,,,null,,,
4124,falling,1,584,251,22034,87.34,sam2,1.0,749.192,13.378
4125,falling,1,,,,,null,,,
4126,falling,1,,,,,null,,,
4127,falling,1,,,,,null,,,
4128,falling,1,584,251,21787,86.36,sam2,0.0,0.0,0.0
4129,falling,1,,,,,null,,,
4130,falling,1,,,,,null,,,
4131,falling,1,,,,,null,,,
4132,falling,1,584,251,21862,86.65,sam2,0.0,0.0,0.0
4133,falling,1,,,,,null,,,
4134,falling,1,,,,,null,,,
4135,falling,1,,,,,null,,,
4136,falling,1,584,251,21771,86.29,sam2,0.0,0.0,0.0
4137,falling,1,,,,,null,,,
4138,falling,1,,,,,null,,,
4139,falling,1,,,,,null,,,
4140,falling,1,584,252,22068,87.47,sam2,1.0,749.192,13.378
4141,falling,1,,,,,null,,,
4142,falling,1,,,,,null,,,
4143,falling,1,,,,,null,,,
4144,falling,1,584,251,21798,86.4,sam2,1.0,749.192,13.378
4145,falling,1,,,,,null,,,
4146,falling,1,,,,,null,,,
4147,falling,1,,,,,null,,,
4148,falling,1,584,250,21786,86.35,sam2,1.0,749.192,13.378
4149,falling,1,,,,,null,,,
4150,falling,1,,,,,null,,,
4151,falling,1,,,,,null,,,
4152,falling,1,585,251,21918,86.88,sam2,1.414,1059.517,18.92
4153,falling,1,,,,,null,,,
4154,falling,1,,,,,null,,,
4155,falling,1,,,,,null,,,
4156,falling,1,584,250,21814,86.46,sam2,1.414,1059.517,18.92
4157,falling,1,,,,,null,,,
4158,falling,1,,,,,null,,,
4159,falling,1,,,,,null,,,
4160,falling,1,585,250,21915,86.86,sam2,1.0,749.192,13.378
4161,falling,1,,,,,null,,,
4162,falling,1,,,,,null,,,
4163,falling,1,,,,,null,,,
4164,falling,1,585,250,21966,87.07,sam2,0.0,0.0,0.0
4165,falling,1,,,,,null,,,
4166,falling,1,,,,,null,,,
4167,falling,1,,,,,null,,,
4168,falling,1,585,250,21982,87.13,sam2,0.0,0.0,0.0
4169,falling,1,,,,,null,,,
4170,falling,1,,,,,null,,,
4171,falling,1,,,,,null,,,
4172,falling,1,585,250,21852,86.61,sam2,0.0,0.0,0.0
4173,falling,1,,,,,null,,,
4174,falling,1,,,,,null,,,
4175,falling,1,,,,,null,,,
4176,falling,1,585,251,21934,86.94,sam2,1.0,749.192,13.378
4177,falling,1,,,,,null,,,
4178,falling,1,,,,,null,,,
4179,falling,1,,,,,null,,,
4180,falling,1,585,250,21641,85.78,sam2,1.0,749.192,13.378
4181,falling,1,,,,,null,,,
4182,falling,1,,,,,null,,,
4183,falling,1,,,,,null,,,
4184,falling,1,585,251,21845,86.59,sam2,1.0,749.192,13.378
4185,falling,1,,,,,null,,,
4186,falling,1,,,,,null,,,
4187,falling,1,,,,,null,,,
4188,falling,1,585,251,21669,85.89,sam2,0.0,0.0,0.0
4189,falling,1,,,,,null,,,
4190,falling,1,,,,,null,,,
4191,falling,1,,,,,null,,,
4192,falling,1,585,251,21856,86.63,sam2,0.0,0.0,0.0
4193,falling,1,,,,,null,,,
4194,falling,1,,,,,null,,,
4195,falling,1,,,,,null,,,
4196,falling,1,585,251,21924,86.9,sam2,0.0,0.0,0.0
4197,falling,1,,,,,null,,,
4198,falling,1,,,,,null,,,
4199,falling,1,,,,,null,,,
4200,falling,1,585,250,21690,85.97,sam2,1.0,749.192,13.378
4201,falling,1,,,,,null,,,
4202,falling,1,,,,,null,,,
4203,falling,1,,,,,null,,,
4204,falling,1,585,250,21787,86.36,sam2,0.0,0.0,0.0
4205,falling,1,,,,,null,,,
4206,falling,1,,,,,null,,,
4207,falling,1,,,,,null,,,
4208,falling,1,585,250,21889,86.76,sam2,0.0,0.0,0.0
4209,falling,1,,,,,null,,,
4210,falling,1,,,,,null,,,
4211,falling,1,,,,,null,,,
4212,falling,1,585,251,21971,87.09,sam2,1.0,749.192,13.378
4213,falling,1,,,,,null,,,
4214,falling,1,,,,,null,,,
4215,falling,1,,,,,null,,,
4216,falling,1,585,250,21952,87.01,sam2,1.0,749.192,13.378
4217,falling,1,,,,,null,,,
4218,falling,1,,,,,null,,,
4219,falling,1,,,,,null,,,
4220,falling,1,585,250,22011,87.24,sam2,0.0,0.0,0.0
4221,falling,1,,,,,null,,,
4222,falling,1,,,,,null,,,
4223,falling,1,,,,,null,,,
4224,falling,1,585,250,21905,86.82,sam2,0.0,0.0,0.0
4225,falling,1,,,,,null,,,
4226,falling,1,,,,,null,,,
4227,falling,1,,,,,null,,,
4228,falling,1,585,250,21850,86.61,sam2,0.0,0.0,0.0
4229,falling,1,,,,,null,,,
4230,falling,1,,,,,null,,,
4231,falling,1,,,,,null,,,
4232,falling,1,585,250,21890,86.77,sam2,0.0,0.0,0.0
4233,falling,1,,,,,null,,,
4234,falling,1,,,,,null,,,
4235,falling,1,,,,,null,,,
4236,falling,1,585,251,21850,86.61,sam2,1.0,749.192,13.378
4237,falling,1,,,,,null,,,
4238,falling,1,,,,,null,,,
4239,falling,1,,,,,null,,,
4240,falling,1,584,251,21919,86.88,sam2,1.0,749.192,13.378
4241,falling,1,,,,,null,,,
4242,falling,1,,,,,null,,,
4243,falling,1,,,,,null,,,
4244,falling,1,585,251,21892,86.77,sam2,1.0,749.192,13.378
4245,falling,1,,,,,null,,,
4246,falling,1,,,,,null,,,
4247,falling,1,,,,,null,,,
4248,falling,1,584,251,21844,86.58,sam2,1.0,749.192,13.378
4249,falling,1,,,,,null,,,
4250,falling,1,,,,,null,,,
4251,falling,1,,,,,null,,,
4252,falling,1,585,251,21856,86.63,sam2,1.0,749.192,13.378
4253,falling,1,,,,,null,,,
4254,falling,1,,,,,null,,,
4255,falling,1,,,,,null,,,
4256,falling,1,585,251,22069,87.47,sam2,0.0,0.0,0.0
4257,falling,1,,,,,null,,,
4258,falling,1,,,,,null,,,
4259,falling,1,,,,,null,,,
4260,falling,1,584,251,22004,87.22,sam2,1.0,749.192,13.378
4261,falling,1,,,,,null,,,
4262,falling,1,,,,,null,,,
4263,falling,1,,,,,null,,,
4264,falling,1,585,251,21929,86.92,sam2,1.0,749.192,13.378
4265,falling,1,,,,,null,,,
4266,falling,1,,,,,null,,,
4267,falling,1,,,,,null,,,
4268,falling,1,585,250,21831,86.53,sam2,1.0,749.192,13.378
4269,falling,1,,,,,null,,,
4270,falling,1,,,,,null,,,
4271,falling,1,,,,,null,,,
4272,falling,1,585,250,21983,87.13,sam2,0.0,0.0,0.0
4273,falling,1,,,,,null,,,
4274,falling,1,,,,,null,,,
4275,falling,1,,,,,null,,,
4276,falling,1,584,250,21842,86.57,sam2,1.0,749.192,13.378
4277,falling,1,,,,,null,,,
4278,falling,1,,,,,null,,,
4279,falling,1,,,,,null,,,
4280,falling,1,585,250,21941,86.97,sam2,1.0,749.192,13.378
4281,falling,1,,,,,null,,,
4282,falling,1,,,,,null,,,
4283,falling,1,,,,,null,,,
4284,falling,1,585,251,22032,87.33,sam2,1.0,749.192,13.378
4285,falling,1,,,,,null,,,
4286,falling,1,,,,,null,,,
4287,falling,1,,,,,null,,,
4288,falling,1,585,251,22093,87.57,sam2,0.0,0.0,0.0
4289,falling,1,,,,,null,,,
4290,falling,1,,,,,null,,,
4291,falling,1,,,,,null,,,
4292,falling,1,585,250,21785,86.35,sam2,1.0,749.192,13.378
4293,falling,1,,,,,null,,,
4294,falling,1,,,,,null,,,
4295,falling,1,,,,,null,,,
4296,falling,1,585,251,21807,86.44,sam2,1.0,749.192,13.378
4297,falling,1,,,,,null,,,
4298,falling,1,,,,,null,,,
4299,falling,1,,,,,null,,,
4300,falling,1,585,251,21847,86.59,sam2,0.0,0.0,0.0
4301,falling,1,,,,,null,,,
4302,falling,1,,,,,null,,,
4303,falling,1,,,,,null,,,
4304,falling,1,585,251,21899,86.8,sam2,0.0,0.0,0.0
4305,falling,1,,,,,null,,,
4306,falling,1,,,,,null,,,
4307,falling,1,,,,,null,,,
4308,falling,1,585,251,21836,86.55,sam2,0.0,0.0,0.0
4309,falling,1,,,,,null,,,
4310,falling,1,,,,,null,,,
4311,falling,1,,,,,null,,,
4312,falling,1,585,251,21961,87.05,sam2,0.0,0.0,0.0
4313,falling,1,,,,,null,,,
4314,falling,1,,,,,null,,,
4315,falling,1,,,,,null,,,
4316,falling,1,585,251,21820,86.49,sam2,0.0,0.0,0.0
4317,falling,1,,,,,null,,,
4318,falling,1,,,,,null,,,
4319,falling,1,,,,,null,,,
4320,falling,1,585,251,21931,86.93,sam2,0.0,0.0,0.0
4321,falling,1,,,,,null,,,
4322,falling,1,,,,,null,,,
4323,falling,1,,,,,null,,,
4324,falling,1,585,251,21957,87.03,sam2,0.0,0.0,0.0
4325,falling,1,,,,,null,,,
4326,falling,1,,,,,null,,,
4327,falling,1,,,,,null,,,
4328,falling,1,585,250,21810,86.45,sam2,1.0,749.192,13.378
4329,falling,1,,,,,null,,,
4330,falling,1,,,,,null,,,
4331,falling,1,,,,,null,,,
4332,falling,1,585,250,21880,86.73,sam2,0.0,0.0,0.0
4333,falling,1,,,,,null,,,
4334,falling,1,,,,,null,,,
4335,falling,1,,,,,null,,,
4336,falling,1,585,250,21832,86.54,sam2,0.0,0.0,0.0
4337,falling,1,,,,,null,,,
4338,falling,1,,,,,null,,,
4339,falling,1,,,,,null,,,
4340,falling,1,585,250,21802,86.42,sam2,0.0,0.0,0.0
4341,falling,1,,,,,null,,,
4342,falling,1,,,,,null,,,
4343,falling,1,,,,,null,,,
4344,falling,1,585,250,21879,86.72,sam2,0.0,0.0,0.0
4345,falling,1,,,,,null,,,
4346,falling,1,,,,,null,,,
4347,falling,1,,,,,null,,,
4348,falling,1,585,251,21821,86.49,sam2,1.0,749.192,13.378
4349,falling,1,,,,,null,,,
4350,falling,1,,,,,null,,,
4351,falling,1,,,,,null,,,
4352,falling,1,585,251,21788,86.36,sam2,0.0,0.0,0.0
4353,falling,1,,,,,null,,,
4354,falling,1,,,,,null,,,
4355,falling,1,,,,,null,,,
4356,falling,1,585,251,21977,87.11,sam2,0.0,0.0,0.0
4357,falling,1,,,,,null,,,
4358,falling,1,,,,,null,,,
4359,falling,1,,,,,null,,,
4360,falling,1,585,251,21879,86.72,sam2,0.0,0.0,0.0
4361,falling,1,,,,,null,,,
4362,falling,1,,,,,null,,,
4363,falling,1,,,,,null,,,
4364,falling,1,584,251,21937,86.95,sam2,1.0,749.192,13.378
4365,falling,1,,,,,null,,,
4366,falling,1,,,,,null,,,
4367,falling,1,,,,,null,,,
4368,falling,1,584,251,21968,87.07,sam2,0.0,0.0,0.0
4369,falling,1,,,,,null,,,
4370,falling,1,,,,,null,,,
4371,falling,1,,,,,null,,,
4372,falling,1,584,251,21948,87.0,sam2,0.0,0.0,0.0
4373,falling,1,,,,,null,,,
4374,falling,1,,,,,null,,,
4375,falling,1,,,,,null,,,
4376,falling,1,584,250,21754,86.23,sam2,1.0,749.192,13.378
4377,falling,1,,,,,null,,,
4378,falling,1,,,,,null,,,
4379,falling,1,,,,,null,,,
4380,falling,1,584,250,21844,86.58,sam2,0.0,0.0,0.0
4381,falling,1,,,,,null,,,
4382,falling,1,,,,,null,,,
4383,falling,1,,,,,null,,,
4384,falling,1,584,250,21830,86.53,sam2,0.0,0.0,0.0
4385,falling,1,,,,,null,,,
4386,falling,1,,,,,null,,,
4387,falling,1,,,,,null,,,
4388,falling,1,584,250,21807,86.44,sam2,0.0,0.0,0.0
4389,falling,1,,,,,null,,,
4390,falling,1,,,,,null,,,
4391,falling,1,,,,,null,,,
4392,falling,1,584,250,21855,86.63,sam2,0.0,0.0,0.0
4393,falling,1,,,,,null,,,
4394,falling,1,,,,,null,,,
4395,falling,1,,,,,null,,,
4396,falling,1,585,250,21961,87.05,sam2,1.0,749.192,13.378
4397,falling,1,,,,,null,,,
4398,falling,1,,,,,null,,,
4399,falling,1,,,,,null,,,
4400,falling,1,585,250,21867,86.67,sam2,0.0,0.0,0.0
4401,falling,1,,,,,null,,,
4402,falling,1,,,,,null,,,
4403,falling,1,,,,,null,,,
4404,falling,1,585,250,21756,86.23,sam2,0.0,0.0,0.0
4405,falling,1,,,,,null,,,
4406,falling,1,,,,,null,,,
4407,falling,1,,,,,null,,,
4408,falling,1,585,251,21981,87.13,sam2,1.0,749.192,13.378
4409,falling,1,,,,,null,,,
4410,falling,1,,,,,null,,,
4411,falling,1,,,,,null,,,
4412,falling,1,585,251,22014,87.26,sam2,0.0,0.0,0.0
4413,falling,1,,,,,null,,,
4414,falling,1,,,,,null,,,
4415,falling,1,,,,,null,,,
4416,falling,1,585,251,21983,87.13,sam2,0.0,0.0,0.0
4417,falling,1,,,,,null,,,
4418,falling,1,,,,,null,,,
4419,falling,1,,,,,null,,,
4420,falling,1,585,251,21901,86.81,sam2,0.0,0.0,0.0
4421,falling,1,,,,,null,,,
4422,falling,1,,,,,null,,,
4423,falling,1,,,,,null,,,
4424,falling,1,585,251,22022,87.29,sam2,0.0,0.0,0.0
4425,falling,1,,,,,null,,,
4426,falling,1,,,,,null,,,
4427,falling,1,,,,,null,,,
4428,falling,1,585,251,22002,87.21,sam2,0.0,0.0,0.0
4429,falling,1,,,,,null,,,
4430,falling,1,,,,,null,,,
4431,falling,1,,,,,null,,,
4432,falling,1,585,250,21808,86.44,sam2,1.0,749.192,13.378
4433,falling,1,,,,,null,,,
4434,falling,1,,,,,null,,,
4435,falling,1,,,,,null,,,
4436,falling,1,585,250,21904,86.82,sam2,0.0,0.0,0.0
4437,falling,1,,,,,null,,,
4438,falling,1,,,,,null,,,
4439,falling,1,,,,,null,,,
4440,falling,1,585,250,21896,86.79,sam2,0.0,0.0,0.0
4441,falling,1,,,,,null,,,
4442,falling,1,,,,,null,,,
4443,falling,1,,,,,null,,,
4444,falling,1,585,251,22107,87.63,sam2,1.0,749.192,13.378
4445,falling,1,,,,,null,,,
4446,falling,1,,,,,null,,,
4447,falling,1,,,,,null,,,
4448,falling,1,585,251,22110,87.64,sam2,0.0,0.0,0.0
4449,falling,1,,,,,null,,,
4450,falling,1,,,,,null,,,
4451,falling,1,,,,,null,,,
4452,falling,1,585,250,21971,87.09,sam2,1.0,749.192,13.378
4453,falling,1,,,,,null,,,
4454,falling,1,,,,,null,,,
4455,falling,1,,,,,null,,,
4456,falling,1,585,251,21950,87.0,sam2,1.0,749.192,13.378
4457,falling,1,,,,,null,,,
4458,falling,1,,,,,null,,,
4459,falling,1,,,,,null,,,
4460,falling,1,585,250,21699,86.01,sam2,1.0,749.192,13.378
4461,falling,1,,,,,null,,,
4462,falling,1,,,,,null,,,
4463,falling,1,,,,,null,,,
4464,falling,1,585,251,21815,86.47,sam2,1.0,749.192,13.378
4465,falling,1,,,,,null,,,
4466,falling,1,,,,,null,,,
4467,falling,1,,,,,null,,,
4468,falling,1,585,251,21907,86.83,sam2,0.0,0.0,0.0
4469,falling,1,,,,,null,,,
4470,falling,1,,,,,null,,,
4471,falling,1,,,,,null,,,
4472,falling,1,585,251,21924,86.9,sam2,0.0,0.0,0.0
4473,falling,1,,,,,null,,,
4474,falling,1,,,,,null,,,
4475,falling,1,,,,,null,,,
4476,falling,1,585,251,21895,86.79,sam2,0.0,0.0,0.0
4477,falling,1,,,,,null,,,
4478,falling,1,,,,,null,,,
4479,falling,1,,,,,null,,,
4480,falling,1,585,251,21848,86.6,sam2,0.0,0.0,0.0
4481,falling,1,,,,,null,,,
4482,falling,1,,,,,null,,,
4483,falling,1,,,,,null,,,
4484,falling,1,585,251,21859,86.64,sam2,0.0,0.0,0.0
4485,falling,1,,,,,null,,,
4486,falling,1,,,,,null,,,
4487,falling,1,,,,,null,,,
4488,falling,1,585,251,21936,86.95,sam2,0.0,0.0,0.0
4489,falling,1,,,,,null,,,
4490,falling,1,,,,,null,,,
4491,falling,1,,,,,null,,,
4492,falling,1,584,251,21975,87.1,sam2,1.0,749.192,13.378
4493,falling,1,,,,,null,,,
4494,falling,1,,,,,null,,,
4495,falling,1,,,,,null,,,
4496,falling,1,584,250,21878,86.72,sam2,1.0,749.192,13.378
4497,falling,1,,,,,null,,,
4498,falling,1,,,,,null,,,
4499,falling,1,,,,,null,,,
4500,falling,1,584,250,21914,86.86,sam2,0.0,0.0,0.0
4501,falling,1,,,,,null,,,
4502,falling,1,,,,,null,,,
4503,falling,1,,,,,null,,,
4504,falling,1,584,250,21938,86.96,sam2,0.0,0.0,0.0
4505,falling,1,,,,,null,,,
4506,falling,1,,,,,null,,,
4507,falling,1,,,,,null,,,
4508,falling,1,584,250,21845,86.59,sam2,0.0,0.0,0.0
4509,falling,1,,,,,null,,,
4510,falling,1,,,,,null,,,
4511,falling,1,,,,,null,,,
4512,falling,1,585,251,21924,86.9,sam2,1.414,1059.517,18.92
4513,falling,1,,,,,null,,,
4514,falling,1,,,,,null,,,
4515,falling,1,,,,,null,,,
4516,falling,1,585,251,22136,87.74,sam2,0.0,0.0,0.0
4517,falling,1,,,,,null,,,
4518,falling,1,,,,,null,,,
4519,falling,1,,,,,null,,,
4520,falling,1,585,251,21938,86.96,sam2,0.0,0.0,0.0
4521,falling,1,,,,,null,,,
4522,falling,1,,,,,null,,,
4523,falling,1,,,,,null,,,
4524,falling,1,585,251,22007,87.23,sam2,0.0,0.0,0.0
4525,falling,1,,,,,null,,,
4526,falling,1,,,,,null,,,
4527,falling,1,,,,,null,,,
4528,falling,1,585,251,21888,86.76,sam2,0.0,0.0,0.0
4529,falling,1,,,,,null,,,
4530,falling,1,,,,,null,,,
4531,falling,1,,,,,null,,,
4532,falling,1,585,251,21764,86.27,sam2,0.0,0.0,0.0
4533,falling,1,,,,,null,,,
4534,falling,1,,,,,null,,,
4535,falling,1,,,,,null,,,
4536,falling,1,585,251,21981,87.13,sam2,0.0,0.0,0.0
4537,falling,1,,,,,null,,,
4538,falling,1,,,,,null,,,
4539,falling,1,,,,,null,,,
4540,falling,1,585,251,22002,87.21,sam2,0.0,0.0,0.0
4541,falling,1,,,,,null,,,
4542,falling,1,,,,,null,,,
4543,falling,1,,,,,null,,,
4544,falling,1,585,251,22084,87.53,sam2,0.0,0.0,0.0
4545,falling,1,,,,,null,,,
4546,falling,1,,,,,null,,,
4547,falling,1,,,,,null,,,
4548,falling,1,585,251,22096,87.58,sam2,0.0,0.0,0.0
4549,falling,1,,,,,null,,,
4550,falling,1,,,,,null,,,
4551,falling,1,,,,,null,,,
4552,falling,1,585,250,21984,87.14,sam2,1.0,749.192,13.378
4553,falling,1,,,,,null,,,
4554,falling,1,,,,,null,,,
4555,falling,1,,,,,null,,,
4556,falling,1,585,250,21974,87.1,sam2,0.0,0.0,0.0
4557,falling,1,,,,,null,,,
4558,falling,1,,,,,null,,,
4559,falling,1,,,,,null,,,
4560,falling,1,585,250,21844,86.58,sam2,0.0,0.0,0.0
4561,falling,1,,,,,null,,,
4562,falling,1,,,,,null,,,
4563,falling,1,,,,,null,,,
4564,falling,1,585,250,21829,86.52,sam2,0.0,0.0,0.0
4565,falling,1,,,,,null,,,
4566,falling,1,,,,,null,,,
4567,falling,1,,,,,null,,,
4568,falling,1,585,250,21792,86.38,sam2,0.0,0.0,0.0
4569,falling,1,,,,,null,,,
4570,falling,1,,,,,null,,,
4571,falling,1,,,,,null,,,
4572,falling,1,585,251,21919,86.88,sam2,1.0,749.192,13.378
4573,falling,1,,,,,null,,,
4574,falling,1,,,,,null,,,
4575,falling,1,,,,,null,,,
4576,falling,1,585,251,21904,86.82,sam2,0.0,0.0,0.0
4577,falling,1,,,,,null,,,
4578,falling,1,,,,,null,,,
4579,falling,1,,,,,null,,,
4580,falling,1,585,251,21817,86.48,sam2,0.0,0.0,0.0
4581,falling,1,,,,,null,,,
4582,falling,1,,,,,null,,,
4583,falling,1,,,,,null,,,
4584,falling,1,585,251,21989,87.16,sam2,0.0,0.0,0.0
4585,falling,1,,,,,null,,,
4586,falling,1,,,,,null,,,
4587,falling,1,,,,,null,,,
4588,falling,1,585,251,21928,86.92,sam2,0.0,0.0,0.0
4589,falling,1,,,,,null,,,
4590,falling,1,,,,,null,,,
4591,falling,1,,,,,null,,,
4592,falling,1,585,250,21721,86.1,sam2,1.0,749.192,13.378
4593,falling,1,,,,,null,,,
4594,falling,1,,,,,null,,,
4595,falling,1,,,,,null,,,
4596,falling,1,585,251,21916,86.87,sam2,1.0,749.192,13.378
4597,falling,1,,,,,null,,,
4598,falling,1,,,,,null,,,
4599,falling,1,,,,,null,,,
4600,falling,1,585,251,22051,87.4,sam2,0.0,0.0,0.0
4601,falling,1,,,,,null,,,
4602,falling,1,,,,,null,,,
4603,falling,1,,,,,null,,,
4604,falling,1,585,250,21817,86.48,sam2,1.0,749.192,13.378
4605,falling,1,,,,,null,,,
4606,falling,1,,,,,null,,,
4607,falling,1,,,,,null,,,
4608,falling,1,584,250,21860,86.65,sam2,1.0,749.192,13.378
4609,falling,1,,,,,null,,,
4610,falling,1,,,,,null,,,
4611,falling,1,,,,,null,,,
4612,falling,1,585,251,22087,87.55,sam2,1.414,1059.517,18.92
4613,falling,1,,,,,null,,,
4614,falling,1,,,,,null,,,
4615,falling,1,,,,,null,,,
4616,falling,1,584,250,21938,86.96,sam2,1.414,1059.517,18.92
4617,falling,1,,,,,null,,,
4618,falling,1,,,,,null,,,
4619,falling,1,,,,,null,,,
4620,falling,1,584,250,21919,86.88,sam2,0.0,0.0,0.0
4621,falling,1,,,,,null,,,
4622,falling,1,,,,,null,,,
4623,falling,1,,,,,null,,,
4624,falling,1,584,250,21945,86.98,sam2,0.0,0.0,0.0
4625,falling,1,,,,,null,,,
4626,falling,1,,,,,null,,,
4627,falling,1,,,,,null,,,
4628,falling,1,585,251,22037,87.35,sam2,1.414,1059.517,18.92
4629,falling,1,,,,,null,,,
4630,falling,1,,,,,null,,,
4631,falling,1,,,,,null,,,
4632,falling,1,585,251,22006,87.23,sam2,0.0,0.0,0.0
4633,falling,1,,,,,null,,,
4634,falling,1,,,,,null,,,
4635,falling,1,,,,,null,,,
4636,falling,1,585,251,21860,86.65,sam2,0.0,0.0,0.0
4637,falling,1,,,,,null,,,
4638,falling,1,,,,,null,,,
4639,falling,1,,,,,null,,,
4640,falling,1,585,251,21874,86.7,sam2,0.0,0.0,0.0
4641,falling,1,,,,,null,,,
4642,falling,1,,,,,null,,,
4643,falling,1,,,,,null,,,
4644,falling,1,585,251,21935,86.94,sam2,0.0,0.0,0.0
4645,falling,1,,,,,null,,,
4646,falling,1,,,,,null,,,
4647,falling,1,,,,,null,,,
4648,falling,1,585,251,22030,87.32,sam2,0.0,0.0,0.0
4649,falling,1,,,,,null,,,
4650,falling,1,,,,,null,,,
4651,falling,1,,,,,null,,,
4652,falling,1,585,251,21922,86.89,sam2,0.0,0.0,0.0
4653,falling,1,,,,,null,,,
4654,falling,1,,,,,null,,,
4655,falling,1,,,,,null,,,
4656,falling,1,585,251,21955,87.02,sam2,0.0,0.0,0.0
4657,falling,1,,,,,null,,,
4658,falling,1,,,,,null,,,
4659,falling,1,,,,,null,,,
4660,falling,1,585,250,21851,86.61,sam2,1.0,749.192,13.378
4661,falling,1,,,,,null,,,
4662,falling,1,,,,,null,,,
4663,falling,1,,,,,null,,,
4664,falling,1,585,251,22077,87.51,sam2,1.0,749.192,13.378
4665,falling,1,,,,,null,,,
4666,falling,1,,,,,null,,,
4667,falling,1,,,,,null,,,
4668,falling,1,585,251,22061,87.44,sam2,0.0,0.0,0.0
4669,falling,1,,,,,null,,,
4670,falling,1,,,,,null,,,
4671,falling,1,,,,,null,,,
4672,falling,1,585,251,22077,87.51,sam2,0.0,0.0,0.0
4673,falling,1,,,,,null,,,
4674,falling,1,,,,,null,,,
4675,falling,1,,,,,null,,,
4676,falling,1,585,251,22063,87.45,sam2,0.0,0.0,0.0
4677,falling,1,,,,,null,,,
4678,falling,1,,,,,null,,,
4679,falling,1,,,,,null,,,
4680,falling,1,585,250,21956,87.03,sam2,1.0,749.192,13.378
4681,falling,1,,,,,null,,,
4682,falling,1,,,,,null,,,
4683,falling,1,,,,,null,,,
4684,falling,1,585,251,22113,87.65,sam2,1.0,749.192,13.378
4685,falling,1,,,,,null,,,
4686,falling,1,,,,,null,,,
4687,falling,1,,,,,null,,,
4688,falling,1,585,251,21969,87.08,sam2,0.0,0.0,0.0
4689,falling,1,,,,,null,,,
4690,falling,1,,,,,null,,,
4691,falling,1,,,,,null,,,
4692,falling,1,585,251,21946,86.99,sam2,0.0,0.0,0.0
4693,falling,1,,,,,null,,,
4694,falling,1,,,,,null,,,
4695,falling,1,,,,,null,,,
4696,falling,1,585,251,22066,87.46,sam2,0.0,0.0,0.0
4697,falling,1,,,,,null,,,
4698,falling,1,,,,,null,,,
4699,falling,1,,,,,null,,,
4700,falling,1,585,251,22032,87.33,sam2,0.0,0.0,0.0
4701,falling,1,,,,,null,,,
4702,falling,1,,,,,null,,,
4703,falling,1,,,,,null,,,
4704,falling,1,585,251,22071,87.48,sam2,0.0,0.0,0.0
4705,falling,1,,,,,null,,,
4706,falling,1,,,,,null,,,
4707,falling,1,,,,,null,,,
4708,falling,1,585,251,21916,86.87,sam2,0.0,0.0,0.0
4709,falling,1,,,,,null,,,
4710,falling,1,,,,,null,,,
4711,falling,1,,,,,null,,,
4712,falling,1,585,251,22044,87.38,sam2,0.0,0.0,0.0
4713,falling,1,,,,,null,,,
4714,falling,1,,,,,null,,,
4715,falling,1,,,,,null,,,
4716,falling,1,585,250,21788,86.36,sam2,1.0,749.192,13.378
4717,falling,1,,,,,null,,,
4718,falling,1,,,,,null,,,
4719,falling,1,,,,,null,,,
4720,falling,1,585,251,21980,87.12,sam2,1.0,749.192,13.378
4721,falling,1,,,,,null,,,
4722,falling,1,,,,,null,,,
4723,falling,1,,,,,null,,,
4724,falling,1,585,251,22150,87.8,sam2,0.0,0.0,0.0
4725,falling,1,,,,,null,,,
4726,falling,1,,,,,null,,,
4727,falling,1,,,,,null,,,
4728,falling,1,585,251,22069,87.47,sam2,0.0,0.0,0.0
4729,falling,1,,,,,null,,,
4730,falling,1,,,,,null,,,
4731,falling,1,,,,,null,,,
4732,falling,1,585,251,22104,87.61,sam2,0.0,0.0,0.0
4733,falling,1,,,,,null,,,
4734,falling,1,,,,,null,,,
4735,falling,1,,,,,null,,,
4736,falling,1,584,251,21987,87.15,sam2,1.0,749.192,13.378
4737,falling,1,,,,,null,,,
4738,falling,1,,,,,null,,,
4739,falling,1,,,,,null,,,
4740,falling,1,584,250,21906,86.83,sam2,1.0,749.192,13.378
4741,falling,1,,,,,null,,,
4742,falling,1,,,,,null,,,
4743,falling,1,,,,,null,,,
4744,falling,1,584,251,21907,86.83,sam2,1.0,749.192,13.378
4745,falling,1,,,,,null,,,
4746,falling,1,,,,,null,,,
4747,falling,1,,,,,null,,,
4748,falling,1,584,251,21853,86.62,sam2,0.0,0.0,0.0
4749,falling,1,,,,,null,,,
4750,falling,1,,,,,null,,,
4751,falling,1,,,,,null,,,
4752,falling,1,585,251,21943,86.98,sam2,1.0,749.192,13.378
4753,falling,1,,,,,null,,,
4754,falling,1,,,,,null,,,
4755,falling,1,,,,,null,,,
4756,falling,1,585,251,21956,87.03,sam2,0.0,0.0,0.0
4757,falling,1,,,,,null,,,
4758,falling,1,,,,,null,,,
4759,falling,1,,,,,null,,,
4760,falling,1,585,251,22088,87.55,sam2,0.0,0.0,0.0
4761,falling,1,,,,,null,,,
4762,falling,1,,,,,null,,,
4763,falling,1,,,,,null,,,
4764,falling,1,585,251,21890,86.77,sam2,0.0,0.0,0.0
4765,falling,1,,,,,null,,,
4766,falling,1,,,,,null,,,
4767,falling,1,,,,,null,,,
4768,falling,1,585,251,21874,86.7,sam2,0.0,0.0,0.0
4769,falling,1,,,,,null,,,
4770,falling,1,,,,,null,,,
4771,falling,1,,,,,null,,,
4772,falling,1,585,251,21951,87.01,sam2,0.0,0.0,0.0
4773,falling,1,,,,,null,,,
4774,falling,1,,,,,null,,,
4775,falling,1,,,,,null,,,
4776,falling,1,585,251,21901,86.81,sam2,0.0,0.0,0.0
4777,falling,1,,,,,null,,,
4778,falling,1,,,,,null,,,
4779,falling,1,,,,,null,,,
4780,falling,1,585,250,21918,86.88,sam2,1.0,749.192,13.378
4781,falling,1,,,,,null,,,
4782,falling,1,,,,,null,,,
4783,falling,1,,,,,null,,,
4784,falling,1,585,251,21956,87.03,sam2,1.0,749.192,13.378
4785,falling,1,,,,,null,,,
4786,falling,1,,,,,null,,,
4787,falling,1,,,,,null,,,
4788,falling,1,585,250,21829,86.52,sam2,1.0,749.192,13.378
4789,falling,1,,,,,null,,,
4790,falling,1,,,,,null,,,
4791,falling,1,,,,,null,,,
4792,falling,1,585,251,21957,87.03,sam2,1.0,749.192,13.378
4793,falling,1,,,,,null,,,
4794,falling,1,,,,,null,,,
4795,falling,1,,,,,null,,,
4796,falling,1,585,251,21926,86.91,sam2,0.0,0.0,0.0
4797,falling,1,,,,,null,,,
4798,falling,1,,,,,null,,,
4799,falling,1,,,,,null,,,
4800,falling,1,585,250,21800,86.41,sam2,1.0,749.192,13.378
4801,falling,1,,,,,null,,,
4802,falling,1,,,,,null,,,
4803,falling,1,,,,,null,,,
4804,falling,1,585,251,21967,87.07,sam2,1.0,749.192,13.378
4805,falling,1,,,,,null,,,
4806,falling,1,,,,,null,,,
4807,falling,1,,,,,null,,,
4808,falling,1,585,251,21999,87.2,sam2,0.0,0.0,0.0
4809,falling,1,,,,,null,,,
4810,falling,1,,,,,null,,,
4811,falling,1,,,,,null,,,
4812,falling,1,585,251,21900,86.8,sam2,0.0,0.0,0.0
4813,falling,1,,,,,null,,,
4814,falling,1,,,,,null,,,
4815,falling,1,,,,,null,,,
4816,falling,1,585,251,22051,87.4,sam2,0.0,0.0,0.0
4817,falling,1,,,,,null,,,
4818,falling,1,,,,,null,,,
4819,falling,1,,,,,null,,,
4820,falling,1,585,251,21884,86.74,sam2,0.0,0.0,0.0
4821,falling,1,,,,,null,,,
4822,falling,1,,,,,null,,,
4823,falling,1,,,,,null,,,
4824,falling,1,585,251,21880,86.73,sam2,0.0,0.0,0.0
4825,falling,1,,,,,null,,,
4826,falling,1,,,,,null,,,
4827,falling,1,,,,,null,,,
4828,falling,1,585,251,21914,86.86,sam2,0.0,0.0,0.0
4829,falling,1,,,,,null,,,
4830,falling,1,,,,,null,,,
4831,falling,1,,,,,null,,,
4832,falling,1,585,251,21970,87.08,sam2,0.0,0.0,0.0
4833,falling,1,,,,,null,,,
4834,falling,1,,,,,null,,,
4835,falling,1,,,,,null,,,
4836,falling,1,585,251,22058,87.43,sam2,0.0,0.0,0.0
4837,falling,1,,,,,null,,,
4838,falling,1,,,,,null,,,
4839,falling,1,,,,,null,,,
4840,falling,1,585,250,21868,86.68,sam2,1.0,749.192,13.378
4841,falling,1,,,,,null,,,
4842,falling,1,,,,,null,,,
4843,falling,1,,,,,null,,,
4844,falling,1,585,250,21860,86.65,sam2,0.0,0.0,0.0
4845,falling,1,,,,,null,,,
4846,falling,1,,,,,null,,,
4847,falling,1,,,,,null,,,
4848,falling,1,585,251,21924,86.9,sam2,1.0,749.192,13.378
4849,falling,1,,,,,null,,,
4850,falling,1,,,,,null,,,
4851,falling,1,,,,,null,,,
4852,falling,1,585,250,21774,86.31,sam2,1.0,749.192,13.378
4853,falling,1,,,,,null,,,
4854,falling,1,,,,,null,,,
4855,falling,1,,,,,null,,,
4856,falling,1,585,250,21805,86.43,sam2,0.0,0.0,0.0
4857,falling,1,,,,,null,,,
4858,falling,1,,,,,null,,,
4859,falling,1,,,,,null,,,
4860,falling,1,585,251,21964,87.06,sam2,1.0,749.192,13.378
4861,falling,1,,,,,null,,,
4862,falling,1,,,,,null,,,
4863,falling,1,,,,,null,,,
4864,falling,1,584,251,21772,86.3,sam2,1.0,749.192,13.378
4865,falling,1,,,,,null,,,
4866,falling,1,,,,,null,,,
4867,falling,1,,,,,null,,,
4868,falling,1,584,251,21841,86.57,sam2,0.0,0.0,0.0
4869,falling,1,,,,,null,,,
4870,falling,1,,,,,null,,,
4871,falling,1,,,,,null,,,
4872,falling,1,584,251,21973,87.09,sam2,0.0,0.0,0.0
4873,falling,1,,,,,null,,,
4874,falling,1,,,,,null,,,
4875,falling,1,,,,,null,,,
4876,falling,1,584,251,21981,87.13,sam2,0.0,0.0,0.0
4877,falling,1,,,,,null,,,
4878,falling,1,,,,,null,,,
4879,falling,1,,,,,null,,,
4880,falling,1,585,251,21909,86.84,sam2,1.0,749.192,13.378
4881,falling,1,,,,,null,,,
4882,falling,1,,,,,null,,,
4883,falling,1,,,,,null,,,
4884,falling,1,585,251,21939,86.96,sam2,0.0,0.0,0.0
4885,falling,1,,,,,null,,,
4886,falling,1,,,,,null,,,
4887,falling,1,,,,,null,,,
4888,falling,1,585,251,22072,87.49,sam2,0.0,0.0,0.0
4889,falling,1,,,,,null,,,
4890,falling,1,,,,,null,,,
4891,falling,1,,,,,null,,,
4892,falling,1,585,251,21968,87.07,sam2,0.0,0.0,0.0
4893,falling,1,,,,,null,,,
4894,falling,1,,,,,null,,,
4895,falling,1,,,,,null,,,
4896,falling,1,585,250,21918,86.88,sam2,1.0,749.192,13.378
4897,falling,1,,,,,null,,,
4898,falling,1,,,,,null,,,
4899,falling,1,,,,,null,,,
4900,falling,1,585,251,22041,87.36,sam2,1.0,749.192,13.378
4901,falling,1,,,,,null,,,
4902,falling,1,,,,,null,,,
4903,falling,1,,,,,null,,,
4904,falling,1,585,251,22092,87.57,sam2,0.0,0.0,0.0
4905,falling,1,,,,,null,,,
4906,falling,1,,,,,null,,,
4907,falling,1,,,,,null,,,
4908,falling,1,585,251,22191,87.96,sam2,0.0,0.0,0.0
4909,falling,1,,,,,null,,,
4910,falling,1,,,,,null,,,
4911,falling,1,,,,,null,,,
4912,falling,1,585,251,22093,87.57,sam2,0.0,0.0,0.0
4913,falling,1,,,,,null,,,
4914,falling,1,,,,,null,,,
4915,falling,1,,,,,null,,,
4916,falling,1,585,251,22016,87.26,sam2,0.0,0.0,0.0
4917,falling,1,,,,,null,,,
4918,falling,1,,,,,null,,,
4919,falling,1,,,,,null,,,
4920,falling,1,585,251,21957,87.03,sam2,0.0,0.0,0.0
4921,falling,1,,,,,null,,,
4922,falling,1,,,,,null,,,
4923,falling,1,,,,,null,,,
4924,falling,1,585,251,21865,86.67,sam2,0.0,0.0,0.0
4925,falling,1,,,,,null,,,
4926,falling,1,,,,,null,,,
4927,falling,1,,,,,null,,,
4928,falling,1,585,251,22057,87.43,sam2,0.0,0.0,0.0
4929,falling,1,,,,,null,,,
4930,falling,1,,,,,null,,,
4931,falling,1,,,,,null,,,
4932,falling,1,585,251,22178,87.91,sam2,0.0,0.0,0.0
4933,falling,1,,,,,null,,,
4934,falling,1,,,,,null,,,
4935,falling,1,,,,,null,,,
4936,falling,1,585,251,22068,87.47,sam2,0.0,0.0,0.0
4937,falling,1,,,,,null,,,
4938,falling,1,,,,,null,,,
4939,falling,1,,,,,null,,,
4940,falling,1,585,251,21885,86.75,sam2,0.0,0.0,0.0
4941,falling,1,,,,,null,,,
4942,falling,1,,,,,null,,,
4943,falling,1,,,,,null,,,
4944,falling,1,585,251,22110,87.64,sam2,0.0,0.0,0.0
4945,falling,1,,,,,null,,,
4946,falling,1,,,,,null,,,
4947,falling,1,,,,,null,,,
4948,falling,1,585,251,22099,87.59,sam2,0.0,0.0,0.0
4949,falling,1,,,,,null,,,
4950,falling,1,,,,,null,,,
4951,falling,1,,,,,null,,,
4952,falling,1,585,251,21993,87.17,sam2,0.0,0.0,0.0
4953,falling,1,,,,,null,,,
4954,falling,1,,,,,null,,,
4955,falling,1,,,,,null,,,
4956,falling,1,585,251,21992,87.17,sam2,0.0,0.0,0.0
4957,falling,1,,,,,null,,,
4958,falling,1,,,,,null,,,
4959,falling,1,,,,,null,,,
4960,falling,1,585,250,21884,86.74,sam2,1.0,749.192,13.378
4961,falling,1,,,,,null,,,
4962,falling,1,,,,,null,,,
4963,falling,1,,,,,null,,,
4964,falling,1,585,251,21959,87.04,sam2,1.0,749.192,13.378
4965,falling,1,,,,,null,,,
4966,falling,1,,,,,null,,,
4967,falling,1,,,,,null,,,
4968,falling,1,585,251,21911,86.85,sam2,0.0,0.0,0.0
4969,falling,1,,,,,null,,,
4970,falling,1,,,,,null,,,
4971,falling,1,,,,,null,,,
4972,falling,1,585,251,22141,87.76,sam2,0.0,0.0,0.0
4973,falling,1,,,,,null,,,
4974,falling,1,,,,,null,,,
4975,falling,1,,,,,null,,,
4976,falling,1,585,251,22131,87.72,sam2,0.0,0.0,0.0
4977,falling,1,,,,,null,,,
4978,falling,1,,,,,null,,,
4979,falling,1,,,,,null,,,
4980,falling,1,585,251,21892,86.77,sam2,0.0,0.0,0.0
4981,falling,1,,,,,null,,,
4982,falling,1,,,,,null,,,
4983,falling,1,,,,,null,,,
4984,falling,1,584,251,21996,87.19,sam2,1.0,749.192,13.378
4985,falling,1,,,,,null,,,
4986,falling,1,,,,,null,,,
4987,falling,1,,,,,null,,,
4988,falling,1,585,251,22063,87.45,sam2,1.0,749.192,13.378
4989,falling,1,,,,,null,,,
4990,falling,1,,,,,null,,,
4991,falling,1,,,,,null,,,
4992,falling,1,585,251,22019,87.28,sam2,0.0,0.0,0.0
4993,falling,1,,,,,null,,,
4994,falling,1,,,,,null,,,
4995,falling,1,,,,,null,,,
4996,falling,1,584,251,22007,87.23,sam2,1.0,749.192,13.378
4997,falling,1,,,,,null,,,
4998,falling,1,,,,,null,,,
4999,falling,1,,,,,null,,,
5000,falling,1,585,251,22068,87.47,sam2,1.0,749.192,13.378
5001,falling,1,,,,,null,,,
5002,falling,1,,,,,null,,,
5003,falling,1,,,,,null,,,
5004,falling,1,585,251,21959,87.04,sam2,0.0,0.0,0.0
5005,falling,1,,,,,null,,,
5006,falling,1,,,,,null,,,
5007,falling,1,,,,,null,,,
5008,falling,1,584,251,22015,87.26,sam2,1.0,749.192,13.378
5009,falling,1,,,,,null,,,
5010,falling,1,,,,,null,,,
5011,falling,1,,,,,null,,,
5012,falling,1,585,251,21980,87.12,sam2,1.0,749.192,13.378
5013,falling,1,,,,,null,,,
5014,falling,1,,,,,null,,,
5015,falling,1,,,,,null,,,
5016,falling,1,585,251,22172,87.88,sam2,0.0,0.0,0.0
5017,falling,1,,,,,null,,,
5018,falling,1,,,,,null,,,
5019,falling,1,,,,,null,,,
5020,falling,1,585,251,21978,87.11,sam2,0.0,0.0,0.0
5021,falling,1,,,,,null,,,
5022,falling,1,,,,,null,,,
5023,falling,1,,,,,null,,,
5024,falling,1,585,251,22082,87.53,sam2,0.0,0.0,0.0
5025,falling,1,,,,,null,,,
5026,falling,1,,,,,null,,,
5027,falling,1,,,,,null,,,
5028,falling,1,585,251,21908,86.84,sam2,0.0,0.0,0.0
5029,falling,1,,,,,null,,,
5030,falling,1,,,,,null,,,
5031,falling,1,,,,,null,,,
5032,falling,1,585,251,21943,86.98,sam2,0.0,0.0,0.0
5033,falling,1,,,,,null,,,
5034,falling,1,,,,,null,,,
5035,falling,1,,,,,null,,,
5036,falling,1,585,251,21986,87.15,sam2,0.0,0.0,0.0
5037,falling,1,,,,,null,,,
5038,falling,1,,,,,null,,,
5039,falling,1,,,,,null,,,
5040,falling,1,585,251,22098,87.59,sam2,0.0,0.0,0.0
5041,falling,1,,,,,null,,,
5042,falling,1,,,,,null,,,
5043,falling,1,,,,,null,,,
5044,falling,1,585,251,21946,86.99,sam2,0.0,0.0,0.0
5045,falling,1,,,,,null,,,
5046,falling,1,,,,,null,,,
5047,falling,1,,,,,null,,,
5048,falling,1,585,251,22084,87.53,sam2,0.0,0.0,0.0
5049,falling,1,,,,,null,,,
5050,falling,1,,,,,null,,,
5051,falling,1,,,,,null,,,
5052,falling,1,585,251,22025,87.3,sam2,0.0,0.0,0.0
5053,falling,1,,,,,null,,,
5054,falling,1,,,,,null,,,
5055,falling,1,,,,,null,,,
5056,falling,1,585,251,22008,87.23,sam2,0.0,0.0,0.0
5057,falling,1,,,,,null,,,
5058,falling,1,,,,,null,,,
5059,falling,1,,,,,null,,,
5060,falling,1,585,251,21988,87.15,sam2,0.0,0.0,0.0
5061,falling,1,,,,,null,,,
5062,falling,1,,,,,null,,,
5063,falling,1,,,,,null,,,
5064,falling,1,585,250,21820,86.49,sam2,1.0,749.192,13.378
5065,falling,1,,,,,null,,,
5066,falling,1,,,,,null,,,
5067,falling,1,,,,,null,,,
5068,falling,1,585,251,22035,87.34,sam2,1.0,749.192,13.378
5069,falling,1,,,,,null,,,
5070,falling,1,,,,,null,,,
5071,falling,1,,,,,null,,,
5072,falling,1,585,251,22090,87.56,sam2,0.0,0.0,0.0
5073,falling,1,,,,,null,,,
5074,falling,1,,,,,null,,,
5075,falling,1,,,,,null,,,
5076,falling,1,585,250,21869,86.68,sam2,1.0,749.192,13.378
5077,falling,1,,,,,null,,,
5078,falling,1,,,,,null,,,
5079,falling,1,,,,,null,,,
5080,falling,1,585,251,21980,87.12,sam2,1.0,749.192,13.378
5081,falling,1,,,,,null,,,
5082,falling,1,,,,,null,,,
5083,falling,1,,,,,null,,,
5084,falling,1,585,250,21828,86.52,sam2,1.0,749.192,13.378
5085,falling,1,,,,,null,,,
5086,falling,1,,,,,null,,,
5087,falling,1,,,,,null,,,
5088,falling,1,585,251,22034,87.34,sam2,1.0,749.192,13.378
5089,falling,1,,,,,null,,,
5090,falling,1,,,,,null,,,
5091,falling,1,,,,,null,,,
5092,falling,1,585,251,22011,87.24,sam2,0.0,0.0,0.0
5093,falling,1,,,,,null,,,
5094,falling,1,,,,,null,,,
5095,falling,1,,,,,null,,,
5096,falling,1,585,250,21704,86.03,sam2,1.0,749.192,13.378
5097,falling,1,,,,,null,,,
5098,falling,1,,,,,null,,,
5099,falling,1,,,,,null,,,
5100,falling,1,585,251,21995,87.18,sam2,1.0,749.192,13.378
5101,falling,1,,,,,null,,,
5102,falling,1,,,,,null,,,
5103,falling,1,,,,,null,,,
5104,falling,1,585,251,21950,87.0,sam2,0.0,0.0,0.0
5105,falling,1,,,,,null,,,
5106,falling,1,,,,,null,,,
5107,falling,1,,,,,null,,,
5108,falling,1,585,251,22138,87.75,sam2,0.0,0.0,0.0
5109,falling,1,,,,,null,,,
5110,falling,1,,,,,null,,,
5111,falling,1,,,,,null,,,
5112,falling,1,584,251,22062,87.45,sam2,1.0,749.192,13.378
5113,falling,1,,,,,null,,,
5114,falling,1,,,,,null,,,
5115,falling,1,,,,,null,,,
5116,falling,1,584,251,22049,87.4,sam2,0.0,0.0,0.0
5117,falling,1,,,,,null,,,
5118,falling,1,,,,,null,,,
5119,falling,1,,,,,null,,,
5120,falling,1,584,251,21952,87.01,sam2,0.0,0.0,0.0
5121,falling,1,,,,,null,,,
5122,falling,1,,,,,null,,,
5123,falling,1,,,,,null,,,
5124,falling,1,585,251,22015,87.26,sam2,1.0,749.192,13.378
5125,falling,1,,,,,null,,,
5126,falling,1,,,,,null,,,
5127,falling,1,,,,,null,,,
5128,falling,1,584,251,21985,87.14,sam2,1.0,749.192,13.378
5129,falling,1,,,,,null,,,
5130,falling,1,,,,,null,,,
5131,falling,1,,,,,null,,,
5132,falling,1,585,251,21942,86.97,sam2,1.0,749.192,13.378
5133,falling,1,,,,,null,,,
5134,falling,1,,,,,null,,,
5135,falling,1,,,,,null,,,
5136,falling,1,585,251,21979,87.12,sam2,0.0,0.0,0.0
5137,falling,1,,,,,null,,,
5138,falling,1,,,,,null,,,
5139,falling,1,,,,,null,,,
5140,falling,1,585,251,21935,86.94,sam2,0.0,0.0,0.0
5141,falling,1,,,,,null,,,
5142,falling,1,,,,,null,,,
5143,falling,1,,,,,null,,,
5144,falling,1,585,251,22067,87.47,sam2,0.0,0.0,0.0
5145,falling,1,,,,,null,,,
5146,falling,1,,,,,null,,,
5147,falling,1,,,,,null,,,
5148,falling,1,585,251,21772,86.3,sam2,0.0,0.0,0.0
5149,falling,1,,,,,null,,,
5150,falling,1,,,,,null,,,
5151,falling,1,,,,,null,,,
5152,falling,1,585,251,21917,86.87,sam2,0.0,0.0,0.0
5153,falling,1,,,,,null,,,
5154,falling,1,,,,,null,,,
5155,falling,1,,,,,null,,,
5156,falling,1,585,251,22011,87.24,sam2,0.0,0.0,0.0
5157,falling,1,,,,,null,,,
5158,falling,1,,,,,null,,,
5159,falling,1,,,,,null,,,
5160,falling,1,585,251,22048,87.39,sam2,0.0,0.0,0.0
5161,falling,1,,,,,null,,,
5162,falling,1,,,,,null,,,
5163,falling,1,,,,,null,,,
5164,falling,1,585,251,22097,87.59,sam2,0.0,0.0,0.0
5165,falling,1,,,,,null,,,
5166,falling,1,,,,,null,,,
5167,falling,1,,,,,null,,,
5168,falling,1,585,251,21968,87.07,sam2,0.0,0.0,0.0
5169,falling,1,,,,,null,,,
5170,falling,1,,,,,null,,,
5171,falling,1,,,,,null,,,
5172,falling,1,585,251,22042,87.37,sam2,0.0,0.0,0.0
5173,falling,1,,,,,null,,,
5174,falling,1,,,,,null,,,
5175,falling,1,,,,,null,,,
5176,falling,1,585,251,22165,87.86,sam2,0.0,0.0,0.0
5177,falling,1,,,,,null,,,
5178,falling,1,,,,,null,,,
5179,falling,1,,,,,null,,,
5180,falling,1,585,251,22075,87.5,sam2,0.0,0.0,0.0
5181,falling,1,,,,,null,,,
5182,falling,1,,,,,null,,,
5183,falling,1,,,,,null,,,
5184,falling,1,585,251,22131,87.72,sam2,0.0,0.0,0.0
5185,falling,1,,,,,null,,,
5186,falling,1,,,,,null,,,
5187,falling,1,,,,,null,,,
5188,falling,1,585,251,22042,87.37,sam2,0.0,0.0,0.0
5189,falling,1,,,,,null,,,
5190,falling,1,,,,,null,,,
5191,falling,1,,,,,null,,,
5192,falling,1,585,251,22013,87.25,sam2,0.0,0.0,0.0
5193,falling,1,,,,,null,,,
5194,falling,1,,,,,null,,,
5195,falling,1,,,,,null,,,
5196,falling,1,585,251,22139,87.75,sam2,0.0,0.0,0.0
5197,falling,1,,,,,null,,,
5198,falling,1,,,,,null,,,
5199,falling,1,,,,,null,,,
5200,falling,1,585,251,21854,86.62,sam2,0.0,0.0,0.0
5201,falling,1,,,,,null,,,
5202,falling,1,,,,,null,,,
5203,falling,1,,,,,null,,,
5204,falling,1,585,251,21932,86.93,sam2,0.0,0.0,0.0
5205,falling,1,,,,,null,,,
5206,falling,1,,,,,null,,,
5207,falling,1,,,,,null,,,
5208,falling,1,585,251,21983,87.13,sam2,0.0,0.0,0.0
5209,falling,1,,,,,null,,,
5210,falling,1,,,,,null,,,
5211,falling,1,,,,,null,,,
5212,falling,1,585,251,22069,87.47,sam2,0.0,0.0,0.0
5213,falling,1,,,,,null,,,
5214,falling,1,,,,,null,,,
5215,falling,1,,,,,null,,,
5216,falling,1,585,251,22190,87.95,sam2,0.0,0.0,0.0
5217,falling,1,,,,,null,,,
5218,falling,1,,,,,null,,,
5219,falling,1,,,,,null,,,
5220,falling,1,585,251,22109,87.63,sam2,0.0,0.0,0.0
5221,falling,1,,,,,null,,,
5222,falling,1,,,,,null,,,
5223,falling,1,,,,,null,,,
5224,falling,1,585,251,22178,87.91,sam2,0.0,0.0,0.0
5225,falling,1,,,,,null,,,
5226,falling,1,,,,,null,,,
5227,falling,1,,,,,null,,,
5228,falling,1,584,251,22098,87.59,sam2,1.0,749.192,13.378
5229,falling,1,,,,,null,,,
5230,falling,1,,,,,null,,,
5231,falling,1,,,,,null,,,
5232,falling,1,584,251,22032,87.33,sam2,0.0,0.0,0.0
5233,falling,1,,,,,null,,,
5234,falling,1,,,,,null,,,
5235,falling,1,,,,,null,,,
5236,falling,1,585,251,21988,87.15,sam2,1.0,749.192,13.378
5237,falling,1,,,,,null,,,
5238,falling,1,,,,,null,,,
5239,falling,1,,,,,null,,,
5240,falling,1,585,251,21996,87.19,sam2,0.0,0.0,0.0
5241,falling,1,,,,,null,,,
5242,falling,1,,,,,null,,,
5243,falling,1,,,,,null,,,
5244,falling,1,585,251,22047,87.39,sam2,0.0,0.0,0.0
5245,falling,1,,,,,null,,,
5246,falling,1,,,,,null,,,
5247,falling,1,,,,,null,,,
5248,falling,1,585,251,22102,87.61,sam2,0.0,0.0,0.0
5249,falling,1,,,,,null,,,
5250,falling,1,,,,,null,,,
5251,falling,1,,,,,null,,,
5252,falling,1,585,251,22044,87.38,sam2,0.0,0.0,0.0
5253,falling,1,,,,,null,,,
5254,falling,1,,,,,null,,,
5255,falling,1,,,,,null,,,
5256,falling,1,585,251,22071,87.48,sam2,0.0,0.0,0.0
5257,falling,1,,,,,null,,,
5258,falling,1,,,,,null,,,
5259,falling,1,,,,,null,,,
5260,falling,1,585,251,21992,87.17,sam2,0.0,0.0,0.0
5261,falling,1,,,,,null,,,
5262,falling,1,,,,,null,,,
5263,falling,1,,,,,null,,,
5264,falling,1,585,251,21928,86.92,sam2,0.0,0.0,0.0
5265,falling,1,,,,,null,,,
5266,falling,1,,,,,null,,,
5267,falling,1,,,,,null,,,
5268,falling,1,585,251,21963,87.05,sam2,0.0,0.0,0.0
5269,falling,1,,,,,null,,,
5270,falling,1,,,,,null,,,
5271,falling,1,,,,,null,,,
5272,falling,1,585,251,22013,87.25,sam2,0.0,0.0,0.0
5273,falling,1,,,,,null,,,
5274,falling,1,,,,,null,,,
5275,falling,1,,,,,null,,,
5276,falling,1,585,251,22160,87.84,sam2,0.0,0.0,0.0
5277,falling,1,,,,,null,,,
5278,falling,1,,,,,null,,,
5279,falling,1,,,,,null,,,
5280,falling,1,585,251,22083,87.53,sam2,0.0,0.0,0.0
5281,falling,1,,,,,null,,,
5282,falling,1,,,,,null,,,
5283,falling,1,,,,,null,,,
5284,falling,1,585,251,22049,87.4,sam2,0.0,0.0,0.0
5285,falling,1,,,,,null,,,
5286,falling,1,,,,,null,,,
5287,falling,1,,,,,null,,,
5288,falling,1,585,251,22074,87.49,sam2,0.0,0.0,0.0
5289,falling,1,,,,,null,,,
5290,falling,1,,,,,null,,,
5291,falling,1,,,,,null,,,
5292,falling,1,585,251,21978,87.11,sam2,0.0,0.0,0.0
5293,falling,1,,,,,null,,,
5294,falling,1,,,,,null,,,
5295,falling,1,,,,,null,,,
5296,falling,1,585,251,22060,87.44,sam2,0.0,0.0,0.0
5297,falling,1,,,,,null,,,
5298,falling,1,,,,,null,,,
5299,falling,1,,,,,null,,,
5300,falling,1,585,251,22018,87.27,sam2,0.0,0.0,0.0
5301,falling,1,,,,,null,,,
5302,falling,1,,,,,null,,,
5303,falling,1,,,,,null,,,
5304,falling,1,585,251,22050,87.4,sam2,0.0,0.0,0.0
5305,falling,1,,,,,null,,,
5306,falling,1,,,,,null,,,
5307,falling,1,,,,,null,,,
5308,falling,1,585,251,22029,87.32,sam2,0.0,0.0,0.0
5309,falling,1,,,,,null,,,
5310,falling,1,,,,,null,,,
5311,falling,1,,,,,null,,,
5312,falling,1,585,251,22058,87.43,sam2,0.0,0.0,0.0
5313,falling,1,,,,,null,,,
5314,falling,1,,,,,null,,,
5315,falling,1,,,,,null,,,
5316,falling,1,585,251,21957,87.03,sam2,0.0,0.0,0.0
5317,falling,1,,,,,null,,,
5318,falling,1,,,,,null,,,
5319,falling,1,,,,,null,,,
5320,falling,1,585,251,22067,87.47,sam2,0.0,0.0,0.0
5321,falling,1,,,,,null,,,
5322,falling,1,,,,,null,,,
5323,falling,1,,,,,null,,,
5324,falling,1,585,251,22047,87.39,sam2,0.0,0.0,0.0
5325,falling,1,,,,,null,,,
5326,falling,1,,,,,null,,,
5327,falling,1,,,,,null,,,
5328,falling,1,585,251,22110,87.64,sam2,0.0,0.0,0.0
5329,falling,1,,,,,null,,,
5330,falling,1,,,,,null,,,
5331,falling,1,,,,,null,,,
5332,falling,1,585,251,22139,87.75,sam2,0.0,0.0,0.0
5333,falling,1,,,,,null,,,
5334,falling,1,,,,,null,,,
5335,falling,1,,,,,null,,,
5336,falling,1,585,251,22100,87.6,sam2,0.0,0.0,0.0
5337,falling,1,,,,,null,,,
5338,falling,1,,,,,null,,,
5339,falling,1,,,,,null,,,
5340,falling,1,585,251,22069,87.47,sam2,0.0,0.0,0.0
5341,falling,1,,,,,null,,,
5342,falling,1,,,,,null,,,
5343,falling,1,,,,,null,,,
5344,falling,1,585,251,22093,87.57,sam2,0.0,0.0,0.0
5345,falling,1,,,,,null,,,
5346,falling,1,,,,,null,,,
5347,falling,1,,,,,null,,,
5348,falling,1,585,251,22070,87.48,sam2,0.0,0.0,0.0
5349,falling,1,,,,,null,,,
5350,falling,1,,,,,null,,,
5351,falling,1,,,,,null,,,
5352,falling,1,585,251,22143,87.77,sam2,0.0,0.0,0.0
5353,falling,1,,,,,null,,,
5354,falling,1,,,,,null,,,
5355,falling,1,,,,,null,,,
5356,falling,1,585,251,22237,88.14,sam2,0.0,0.0,0.0
5357,falling,1,,,,,null,,,
5358,falling,1,,,,,null,,,
5359,falling,1,,,,,null,,,
5360,falling,1,585,251,22086,87.54,sam2,0.0,0.0,0.0
5361,falling,1,,,,,null,,,
5362,falling,1,,,,,null,,,
5363,falling,1,,,,,null,,,
5364,falling,1,585,251,22106,87.62,sam2,0.0,0.0,0.0
5365,falling,1,,,,,null,,,
5366,falling,1,,,,,null,,,
5367,falling,1,,,,,null,,,
5368,falling,1,585,251,22061,87.44,sam2,0.0,0.0,0.0
5369,falling,1,,,,,null,,,
5370,falling,1,,,,,null,,,
5371,falling,1,,,,,null,,,
5372,falling,1,585,251,22108,87.63,sam2,0.0,0.0,0.0
5373,falling,1,,,,,null,,,
5374,falling,1,,,,,null,,,
5375,falling,1,,,,,null,,,
5376,falling,1,585,251,22120,87.68,sam2,0.0,0.0,0.0
5377,falling,1,,,,,null,,,
5378,falling,1,,,,,null,,,
5379,falling,1,,,,,null,,,
5380,falling,1,585,251,21901,86.81,sam2,0.0,0.0,0.0
5381,falling,1,,,,,null,,,
5382,falling,1,,,,,null,,,
5383,falling,1,,,,,null,,,
5384,falling,1,585,251,21983,87.13,sam2,0.0,0.0,0.0
5385,falling,1,,,,,null,,,
5386,falling,1,,,,,null,,,
5387,falling,1,,,,,null,,,
5388,falling,1,585,251,21957,87.03,sam2,0.0,0.0,0.0
5389,falling,1,,,,,null,,,
5390,falling,1,,,,,null,,,
5391,falling,1,,,,,null,,,
5392,falling,1,585,251,22027,87.31,sam2,0.0,0.0,0.0
5393,falling,1,,,,,null,,,
5394,falling,1,,,,,null,,,
5395,falling,1,,,,,null,,,
5396,falling,1,585,251,22083,87.53,sam2,0.0,0.0,0.0
5397,falling,1,,,,,null,,,
5398,falling,1,,,,,null,,,
5399,falling,1,,,,,null,,,
5400,falling,1,585,251,22131,87.72,sam2,0.0,0.0,0.0
5401,falling,1,,,,,null,,,
5402,falling,1,,,,,null,,,
5403,falling,1,,,,,null,,,
5404,falling,1,585,251,22066,87.46,sam2,0.0,0.0,0.0
5405,falling,1,,,,,null,,,
5406,falling,1,,,,,null,,,
5407,falling,1,,,,,null,,,
5408,falling,1,585,251,22124,87.69,sam2,0.0,0.0,0.0
5409,falling,1,,,,,null,,,
5410,falling,1,,,,,null,,,
5411,falling,1,,,,,null,,,
5412,falling,1,585,251,22039,87.36,sam2,0.0,0.0,0.0
5413,falling,1,,,,,null,,,
5414,falling,1,,,,,null,,,
5415,falling,1,,,,,null,,,
5416,falling,1,585,251,21915,86.86,sam2,0.0,0.0,0.0
5417,falling,1,,,,,null,,,
5418,falling,1,,,,,null,,,
5419,falling,1,,,,,null,,,
5420,falling,1,585,251,22010,87.24,sam2,0.0,0.0,0.0
5421,falling,1,,,,,null,,,
5422,falling,1,,,,,null,,,
5423,falling,1,,,,,null,,,
5424,falling,1,585,251,22097,87.59,sam2,0.0,0.0,0.0
5425,falling,1,,,,,null,,,
5426,falling,1,,,,,null,,,
5427,falling,1,,,,,null,,,
5428,falling,1,585,251,21993,87.17,sam2,0.0,0.0,0.0
5429,falling,1,,,,,null,,,
5430,falling,1,,,,,null,,,
5431,falling,1,,,,,null,,,
5432,falling,1,585,251,21859,86.64,sam2,0.0,0.0,0.0
5433,falling,1,,,,,null,,,
5434,falling,1,,,,,null,,,
5435,falling,1,,,,,null,,,
5436,falling,1,585,251,22004,87.22,sam2,0.0,0.0,0.0
5437,falling,1,,,,,null,,,
5438,falling,1,,,,,null,,,
5439,falling,1,,,,,null,,,
5440,falling,1,585,251,22013,87.25,sam2,0.0,0.0,0.0
5441,falling,1,,,,,null,,,
5442,falling,1,,,,,null,,,
5443,falling,1,,,,,null,,,
5444,falling,1,585,251,21911,86.85,sam2,0.0,0.0,0.0
5445,falling,1,,,,,null,,,
5446,falling,1,,,,,null,,,
5447,falling,1,,,,,null,,,
5448,falling,1,585,250,21794,86.38,sam2,1.0,749.192,13.378
5449,falling,1,,,,,null,,,
5450,falling,1,,,,,null,,,
5451,falling,1,,,,,null,,,
5452,falling,1,585,251,21852,86.61,sam2,1.0,749.192,13.378
5453,falling,1,,,,,null,,,
5454,falling,1,,,,,null,,,
5455,falling,1,,,,,null,,,
5456,falling,1,585,251,21979,87.12,sam2,0.0,0.0,0.0
5457,falling,1,,,,,null,,,
5458,falling,1,,,,,null,,,
5459,falling,1,,,,,null,,,
5460,falling,1,585,251,21904,86.82,sam2,0.0,0.0,0.0
5461,falling,1,,,,,null,,,
5462,falling,1,,,,,null,,,
5463,falling,1,,,,,null,,,
5464,falling,1,585,251,21946,86.99,sam2,0.0,0.0,0.0
5465,falling,1,,,,,null,,,
5466,falling,1,,,,,null,,,
5467,falling,1,,,,,null,,,
5468,falling,1,585,251,21917,86.87,sam2,0.0,0.0,0.0
5469,falling,1,,,,,null,,,
5470,falling,1,,,,,null,,,
5471,falling,1,,,,,null,,,
5472,falling,1,585,251,22046,87.38,sam2,0.0,0.0,0.0
5473,falling,1,,,,,null,,,
5474,falling,1,,,,,null,,,
5475,falling,1,,,,,null,,,
5476,falling,1,585,251,21990,87.16,sam2,0.0,0.0,0.0
5477,falling,1,,,,,null,,,
5478,falling,1,,,,,null,,,
5479,falling,1,,,,,null,,,
5480,falling,1,585,251,22006,87.23,sam2,0.0,0.0,0.0
5481,falling,1,,,,,null,,,
5482,falling,1,,,,,null,,,
5483,falling,1,,,,,null,,,
5484,falling,1,585,251,21953,87.01,sam2,0.0,0.0,0.0
5485,falling,1,,,,,null,,,
5486,falling,1,,,,,null,,,
5487,falling,1,,,,,null,,,
5488,falling,1,585,251,21919,86.88,sam2,0.0,0.0,0.0
5489,falling,1,,,,,null,,,
5490,falling,1,,,,,null,,,
5491,falling,1,,,,,null,,,
5492,falling,1,585,251,21965,87.06,sam2,0.0,0.0,0.0
5493,falling,1,,,,,null,,,
5494,falling,1,,,,,null,,,
5495,falling,1,,,,,null,,,
5496,falling,1,585,251,21908,86.84,sam2,0.0,0.0,0.0
5497,falling,1,,,,,null,,,
5498,falling,1,,,,,null,,,
5499,falling,1,,,,,null,,,
5500,falling,1,585,251,21961,87.05,sam2,0.0,0.0,0.0
5501,falling,1,,,,,null,,,
5502,falling,1,,,,,null,,,
5503,falling,1,,,,,null,,,
5504,falling,1,585,251,21957,87.03,sam2,0.0,0.0,0.0
5505,falling,1,,,,,null,,,
5506,falling,1,,,,,null,,,
5507,falling,1,,,,,null,,,
5508,falling,1,585,250,21884,86.74,sam2,1.0,749.192,13.378
5509,falling,1,,,,,null,,,
5510,falling,1,,,,,null,,,
5511,falling,1,,,,,null,,,
5512,falling,1,585,250,21911,86.85,sam2,0.0,0.0,0.0
5513,falling,1,,,,,null,,,
5514,falling,1,,,,,null,,,
5515,falling,1,,,,,null,,,
5516,falling,1,585,250,21919,86.88,sam2,0.0,0.0,0.0
5517,falling,1,,,,,null,,,
5518,falling,1,,,,,null,,,
5519,falling,1,,,,,null,,,
5520,falling,1,585,250,21701,86.02,sam2,0.0,0.0,0.0
5521,falling,1,,,,,null,,,
5522,falling,1,,,,,null,,,
5523,falling,1,,,,,null,,,
5524,falling,1,585,251,22028,87.31,sam2,1.0,749.192,13.378
5525,falling,1,,,,,null,,,
5526,falling,1,,,,,null,,,
5527,falling,1,,,,,null,,,
5528,falling,1,585,251,21950,87.0,sam2,0.0,0.0,0.0
5529,falling,1,,,,,null,,,
5530,falling,1,,,,,null,,,
5531,falling,1,,,,,null,,,
5532,falling,1,585,251,21962,87.05,sam2,0.0,0.0,0.0
5533,falling,1,,,,,null,,,
5534,falling,1,,,,,null,,,
5535,falling,1,,,,,null,,,
5536,falling,1,585,251,22030,87.32,sam2,0.0,0.0,0.0
5537,falling,1,,,,,null,,,
5538,falling,1,,,,,null,,,
5539,falling,1,,,,,null,,,
5540,falling,1,585,250,21818,86.48,sam2,1.0,749.192,13.378
5541,falling,1,,,,,null,,,
5542,falling,1,,,,,null,,,
5543,falling,1,,,,,null,,,
5544,falling,1,585,251,21941,86.97,sam2,1.0,749.192,13.378
5545,falling,1,,,,,null,,,
5546,falling,1,,,,,null,,,
5547,falling,1,,,,,null,,,
5548,falling,1,585,251,22023,87.29,sam2,0.0,0.0,0.0
5549,falling,1,,,,,null,,,
5550,falling,1,,,,,null,,,
5551,falling,1,,,,,null,,,
5552,falling,1,585,251,21888,86.76,sam2,0.0,0.0,0.0
5553,falling,1,,,,,null,,,
5554,falling,1,,,,,null,,,
5555,falling,1,,,,,null,,,
5556,falling,1,585,251,21947,86.99,sam2,0.0,0.0,0.0
5557,falling,1,,,,,null,,,
5558,falling,1,,,,,null,,,
5559,falling,1,,,,,null,,,
5560,falling,1,585,251,22091,87.56,sam2,0.0,0.0,0.0
5561,falling,1,,,,,null,,,
5562,falling,1,,,,,null,,,
5563,falling,1,,,,,null,,,
5564,falling,1,585,250,21927,86.91,sam2,1.0,749.192,13.378
5565,falling,1,,,,,null,,,
5566,falling,1,,,,,null,,,
5567,falling,1,,,,,null,,,
5568,falling,1,585,251,22134,87.73,sam2,1.0,749.192,13.378
5569,falling,1,,,,,null,,,
5570,falling,1,,,,,null,,,
5571,falling,1,,,,,null,,,
5572,falling,1,585,251,22039,87.36,sam2,0.0,0.0,0.0
5573,falling,1,,,,,null,,,
5574,falling,1,,,,,null,,,
5575,falling,1,,,,,null,,,
5576,falling,1,585,251,22037,87.35,sam2,0.0,0.0,0.0
5577,falling,1,,,,,null,,,
5578,falling,1,,,,,null,,,
5579,falling,1,,,,,null,,,
5580,falling,1,585,251,21960,87.04,sam2,0.0,0.0,0.0
5581,falling,1,,,,,null,,,
5582,falling,1,,,,,null,,,
5583,falling,1,,,,,null,,,
5584,falling,1,585,251,21993,87.17,sam2,0.0,0.0,0.0
5585,falling,1,,,,,null,,,
5586,falling,1,,,,,null,,,
5587,falling,1,,,,,null,,,
5588,falling,1,585,251,22024,87.3,sam2,0.0,0.0,0.0
5589,falling,1,,,,,null,,,
5590,falling,1,,,,,null,,,
5591,falling,1,,,,,null,,,
5592,falling,1,585,251,21892,86.77,sam2,0.0,0.0,0.0
5593,falling,1,,,,,null,,,
5594,falling,1,,,,,null,,,
5595,falling,1,,,,,null,,,
5596,falling,1,585,251,21961,87.05,sam2,0.0,0.0,0.0
5597,falling,1,,,,,null,,,
5598,falling,1,,,,,null,,,
5599,falling,1,,,,,null,,,
5600,falling,1,585,250,21825,86.51,sam2,1.0,749.192,13.378
5601,falling,1,,,,,null,,,
5602,falling,1,,,,,null,,,
5603,falling,1,,,,,null,,,
5604,falling,1,585,251,21849,86.6,sam2,1.0,749.192,13.378
5605,falling,1,,,,,null,,,
5606,falling,1,,,,,null,,,
5607,falling,1,,,,,null,,,
5608,falling,1,585,250,21823,86.5,sam2,1.0,749.192,13.378
5609,falling,1,,,,,null,,,
5610,falling,1,,,,,null,,,
5611,falling,1,,,,,null,,,
5612,falling,1,585,251,21989,87.16,sam2,1.0,749.192,13.378
5613,falling,1,,,,,null,,,
5614,falling,1,,,,,null,,,
5615,falling,1,,,,,null,,,
5616,falling,1,585,251,22070,87.48,sam2,0.0,0.0,0.0
5617,falling,1,,,,,null,,,
5618,falling,1,,,,,null,,,
5619,falling,1,,,,,null,,,
5620,falling,1,585,251,22070,87.48,sam2,0.0,0.0,0.0
5621,falling,1,,,,,null,,,
5622,falling,1,,,,,null,,,
5623,falling,1,,,,,null,,,
5624,falling,1,585,251,22061,87.44,sam2,0.0,0.0,0.0
5625,falling,1,,,,,null,,,
5626,falling,1,,,,,null,,,
5627,falling,1,,,,,null,,,
5628,falling,1,585,250,21854,86.62,sam2,1.0,749.192,13.378
5629,falling,1,,,,,null,,,
5630,falling,1,,,,,null,,,
5631,falling,1,,,,,null,,,
5632,falling,1,585,251,22012,87.25,sam2,1.0,749.192,13.378
5633,falling,1,,,,,null,,,
5634,falling,1,,,,,null,,,
5635,falling,1,,,,,null,,,
5636,falling,1,585,251,22065,87.46,sam2,0.0,0.0,0.0
5637,falling,1,,,,,null,,,
5638,falling,1,,,,,null,,,
5639,falling,1,,,,,null,,,
5640,falling,1,585,251,22052,87.41,sam2,0.0,0.0,0.0
5641,falling,1,,,,,null,,,
5642,falling,1,,,,,null,,,
5643,falling,1,,,,,null,,,
5644,falling,1,585,251,21944,86.98,sam2,0.0,0.0,0.0
5645,falling,1,,,,,null,,,
5646,falling,1,,,,,null,,,
5647,falling,1,,,,,null,,,
5648,falling,1,585,251,21937,86.95,sam2,0.0,0.0,0.0
5649,falling,1,,,,,null,,,
5650,falling,1,,,,,null,,,
5651,falling,1,,,,,null,,,
5652,falling,1,585,251,22070,87.48,sam2,0.0,0.0,0.0
5653,falling,1,,,,,null,,,
5654,falling,1,,,,,null,,,
5655,falling,1,,,,,null,,,
5656,falling,1,585,251,21936,86.95,sam2,0.0,0.0,0.0
5657,falling,1,,,,,null,,,
5658,falling,1,,,,,null,,,
5659,falling,1,,,,,null,,,
5660,falling,1,585,251,22019,87.28,sam2,0.0,0.0,0.0
5661,falling,1,,,,,null,,,
5662,falling,1,,,,,null,,,
5663,falling,1,,,,,null,,,
5664,falling,1,585,251,21969,87.08,sam2,0.0,0.0,0.0
5665,falling,1,,,,,null,,,
5666,falling,1,,,,,null,,,
5667,falling,1,,,,,null,,,
5668,falling,1,585,251,22057,87.43,sam2,0.0,0.0,0.0
5669,falling,1,,,,,null,,,
5670,falling,1,,,,,null,,,
5671,falling,1,,,,,null,,,
5672,falling,1,585,251,22062,87.45,sam2,0.0,0.0,0.0
5673,falling,1,,,,,null,,,
5674,falling,1,,,,,null,,,
5675,falling,1,,,,,null,,,
5676,falling,1,585,251,21968,87.07,sam2,0.0,0.0,0.0
5677,falling,1,,,,,null,,,
5678,falling,1,,,,,null,,,
5679,falling,1,,,,,null,,,
5680,falling,1,585,251,21932,86.93,sam2,0.0,0.0,0.0
5681,falling,1,,,,,null,,,
5682,falling,1,,,,,null,,,
5683,falling,1,,,,,null,,,
5684,falling,1,585,251,22110,87.64,sam2,0.0,0.0,0.0
5685,falling,1,,,,,null,,,
5686,falling,1,,,,,null,,,
5687,falling,1,,,,,null,,,
5688,falling,1,585,251,22031,87.32,sam2,0.0,0.0,0.0
5689,falling,1,,,,,null,,,
5690,falling,1,,,,,null,,,
5691,falling,1,,,,,null,,,
5692,falling,1,585,251,22099,87.59,sam2,0.0,0.0,0.0
5693,falling,1,,,,,null,,,
5694,falling,1,,,,,null,,,
5695,falling,1,,,,,null,,,
5696,falling,1,585,251,22077,87.51,sam2,0.0,0.0,0.0
5697,falling,1,,,,,null,,,
5698,falling,1,,,,,null,,,
5699,falling,1,,,,,null,,,
5700,falling,1,585,251,22105,87.62,sam2,0.0,0.0,0.0
5701,falling,1,,,,,null,,,
5702,falling,1,,,,,null,,,
5703,falling,1,,,,,null,,,
5704,falling,1,585,251,21936,86.95,sam2,0.0,0.0,0.0
5705,falling,1,,,,,null,,,
5706,falling,1,,,,,null,,,
5707,falling,1,,,,,null,,,
5708,falling,1,585,251,22043,87.37,sam2,0.0,0.0,0.0
5709,falling,1,,,,,null,,,
5710,falling,1,,,,,null,,,
5711,falling,1,,,,,null,,,
5712,falling,1,585,251,22029,87.32,sam2,0.0,0.0,0.0
5713,falling,1,,,,,null,,,
5714,falling,1,,,,,null,,,
5715,falling,1,,,,,null,,,
5716,falling,1,585,251,22038,87.35,sam2,0.0,0.0,0.0
5717,falling,1,,,,,null,,,
5718,falling,1,,,,,null,,,
5719,falling,1,,,,,null,,,
5720,falling,1,584,251,21920,86.88,sam2,1.0,749.192,13.378
5721,falling,1,,,,,null,,,
5722,falling,1,,,,,null,,,
5723,falling,1,,,,,null,,,
5724,falling,1,585,251,22153,87.81,sam2,1.0,749.192,13.378
5725,falling,1,,,,,null,,,
5726,falling,1,,,,,null,,,
5727,falling,1,,,,,null,,,
5728,falling,1,585,251,22083,87.53,sam2,0.0,0.0,0.0
5729,falling,1,,,,,null,,,
5730,falling,1,,,,,null,,,
5731,falling,1,,,,,null,,,
5732,falling,1,585,251,21964,87.06,sam2,0.0,0.0,0.0
5733,falling,1,,,,,null,,,
5734,falling,1,,,,,null,,,
5735,falling,1,,,,,null,,,
5736,falling,1,585,251,21990,87.16,sam2,0.0,0.0,0.0
5737,falling,1,,,,,null,,,
5738,falling,1,,,,,null,,,
5739,falling,1,,,,,null,,,
5740,falling,1,585,251,22015,87.26,sam2,0.0,0.0,0.0
5741,falling,1,,,,,null,,,
5742,falling,1,,,,,null,,,
5743,falling,1,,,,,null,,,
5744,falling,1,585,251,22025,87.3,sam2,0.0,0.0,0.0
5745,falling,1,,,,,null,,,
5746,falling,1,,,,,null,,,
5747,falling,1,,,,,null,,,
5748,falling,1,585,251,22027,87.31,sam2,0.0,0.0,0.0
5749,falling,1,,,,,null,,,
5750,falling,1,,,,,null,,,
5751,falling,1,,,,,null,,,
5752,falling,1,585,250,21912,86.85,sam2,1.0,749.192,13.378
5753,falling,1,,,,,null,,,
5754,falling,1,,,,,null,,,
5755,falling,1,,,,,null,,,
5756,falling,1,585,251,22037,87.35,sam2,1.0,749.192,13.378
5757,falling,1,,,,,null,,,
5758,falling,1,,,,,null,,,
5759,falling,1,,,,,null,,,
5760,falling,1,585,251,21972,87.09,sam2,0.0,0.0,0.0
5761,falling,1,,,,,null,,,
5762,falling,1,,,,,null,,,
5763,falling,1,,,,,null,,,
5764,falling,1,585,250,21887,86.75,sam2,1.0,749.192,13.378
5765,falling,1,,,,,null,,,
5766,falling,1,,,,,null,,,
5767,falling,1,,,,,null,,,
5768,falling,1,585,251,22031,87.32,sam2,1.0,749.192,13.378
5769,falling,1,,,,,null,,,
5770,falling,1,,,,,null,,,
5771,falling,1,,,,,null,,,
5772,falling,1,585,251,22031,87.32,sam2,0.0,0.0,0.0
5773,falling,1,,,,,null,,,
5774,falling,1,,,,,null,,,
5775,falling,1,,,,,null,,,
5776,falling,1,585,251,22092,87.57,sam2,0.0,0.0,0.0
5777,falling,1,,,,,null,,,
5778,falling,1,,,,,null,,,
5779,falling,1,,,,,null,,,
5780,falling,1,585,251,22008,87.23,sam2,0.0,0.0,0.0
5781,falling,1,,,,,null,,,
5782,falling,1,,,,,null,,,
5783,falling,1,,,,,null,,,
5784,falling,1,585,251,21869,86.68,sam2,0.0,0.0,0.0
5785,falling,1,,,,,null,,,
5786,falling,1,,,,,null,,,
5787,falling,1,,,,,null,,,
5788,falling,1,585,251,21958,87.03,sam2,0.0,0.0,0.0
5789,falling,1,,,,,null,,,
5790,falling,1,,,,,null,,,
5791,falling,1,,,,,null,,,
5792,falling,1,585,251,22121,87.68,sam2,0.0,0.0,0.0
5793,falling,1,,,,,null,,,
5794,falling,1,,,,,null,,,
5795,falling,1,,,,,null,,,
5796,falling,1,585,251,22087,87.55,sam2,0.0,0.0,0.0
5797,falling,1,,,,,null,,,
5798,falling,1,,,,,null,,,
5799,falling,1,,,,,null,,,
5800,falling,1,585,251,22020,87.28,sam2,0.0,0.0,0.0
5801,falling,1,,,,,null,,,
5802,falling,1,,,,,null,,,
5803,falling,1,,,,,null,,,
5804,falling,1,585,251,22164,87.85,sam2,0.0,0.0,0.0
5805,falling,1,,,,,null,,,
5806,falling,1,,,,,null,,,
5807,falling,1,,,,,null,,,
5808,falling,1,585,250,21878,86.72,sam2,1.0,749.192,13.378
5809,falling,1,,,,,null,,,
5810,falling,1,,,,,null,,,
5811,falling,1,,,,,null,,,
5812,falling,1,585,250,21886,86.75,sam2,0.0,0.0,0.0
5813,falling,1,,,,,null,,,
5814,falling,1,,,,,null,,,
5815,falling,1,,,,,null,,,
5816,falling,1,585,251,22157,87.82,sam2,1.0,749.192,13.378
5817,falling,1,,,,,null,,,
5818,falling,1,,,,,null,,,
5819,falling,1,,,,,null,,,
5820,falling,1,585,251,22125,87.7,sam2,0.0,0.0,0.0
5821,falling,1,,,,,null,,,
5822,falling,1,,,,,null,,,
5823,falling,1,,,,,null,,,
5824,falling,1,585,251,21919,86.88,sam2,0.0,0.0,0.0
5825,falling,1,,,,,null,,,
5826,falling,1,,,,,null,,,
5827,falling,1,,,,,null,,,
5828,falling,1,585,251,21972,87.09,sam2,0.0,0.0,0.0
5829,falling,1,,,,,null,,,
5830,falling,1,,,,,null,,,
5831,falling,1,,,,,null,,,
5832,falling,1,585,251,22007,87.23,sam2,0.0,0.0,0.0
5833,falling,1,,,,,null,,,
5834,falling,1,,,,,null,,,
5835,falling,1,,,,,null,,,
5836,falling,1,585,251,21905,86.82,sam2,0.0,0.0,0.0
5837,falling,1,,,,,null,,,
5838,falling,1,,,,,null,,,
5839,falling,1,,,,,null,,,
5840,falling,1,585,251,22021,87.28,sam2,0.0,0.0,0.0
5841,falling,1,,,,,null,,,
5842,falling,1,,,,,null,,,
5843,falling,1,,,,,null,,,
5844,falling,1,584,251,21961,87.05,sam2,1.0,749.192,13.378
5845,falling,1,,,,,null,,,
5846,falling,1,,,,,null,,,
5847,falling,1,,,,,null,,,
5848,falling,1,585,251,21908,86.84,sam2,1.0,749.192,13.378
5849,falling,1,,,,,null,,,
5850,falling,1,,,,,null,,,
5851,falling,1,,,,,null,,,
5852,falling,1,585,251,21964,87.06,sam2,0.0,0.0,0.0
5853,falling,1,,,,,null,,,
5854,falling,1,,,,,null,,,
5855,falling,1,,,,,null,,,
5856,falling,1,585,251,22024,87.3,sam2,0.0,0.0,0.0
5857,falling,1,,,,,null,,,
5858,falling,1,,,,,null,,,
5859,falling,1,,,,,null,,,
5860,falling,1,585,251,21941,86.97,sam2,0.0,0.0,0.0
5861,falling,1,,,,,null,,,
5862,falling,1,,,,,null,,,
5863,falling,1,,,,,null,,,
5864,falling,1,585,251,21943,86.98,sam2,0.0,0.0,0.0
5865,falling,1,,,,,null,,,
5866,falling,1,,,,,null,,,
5867,falling,1,,,,,null,,,
5868,falling,1,585,250,21836,86.55,sam2,1.0,749.192,13.378
5869,falling,1,,,,,null,,,
5870,falling,1,,,,,null,,,
5871,falling,1,,,,,null,,,
5872,falling,1,585,251,21902,86.81,sam2,1.0,749.192,13.378
5873,falling,1,,,,,null,,,
5874,falling,1,,,,,null,,,
5875,falling,1,,,,,null,,,
5876,falling,1,585,251,22015,87.26,sam2,0.0,0.0,0.0
5877,falling,1,,,,,null,,,
5878,falling,1,,,,,null,,,
5879,falling,1,,,,,null,,,
5880,falling,1,585,251,22018,87.27,sam2,0.0,0.0,0.0
5881,falling,1,,,,,null,,,
5882,falling,1,,,,,null,,,
5883,falling,1,,,,,null,,,
5884,falling,1,585,251,21980,87.12,sam2,0.0,0.0,0.0
5885,falling,1,,,,,null,,,
5886,falling,1,,,,,null,,,
5887,falling,1,,,,,null,,,
5888,falling,1,585,251,21925,86.9,sam2,0.0,0.0,0.0
5889,falling,1,,,,,null,,,
5890,falling,1,,,,,null,,,
5891,falling,1,,,,,null,,,
5892,falling,1,585,251,21953,87.01,sam2,0.0,0.0,0.0
5893,falling,1,,,,,null,,,
5894,falling,1,,,,,null,,,
5895,falling,1,,,,,null,,,
5896,falling,1,585,251,21932,86.93,sam2,0.0,0.0,0.0
5897,falling,1,,,,,null,,,
5898,falling,1,,,,,null,,,
5899,falling,1,,,,,null,,,
5900,falling,1,585,251,21951,87.01,sam2,0.0,0.0,0.0
5901,falling,1,,,,,null,,,
5902,falling,1,,,,,null,,,
5903,falling,1,,,,,null,,,
5904,falling,1,585,251,21923,86.9,sam2,0.0,0.0,0.0
5905,falling,1,,,,,null,,,
5906,falling,1,,,,,null,,,
5907,falling,1,,,,,null,,,
5908,falling,1,585,251,21938,86.96,sam2,0.0,0.0,0.0
5909,falling,1,,,,,null,,,
5910,falling,1,,,,,null,,,
5911,falling,1,,,,,null,,,
5912,falling,1,585,251,21929,86.92,sam2,0.0,0.0,0.0
5913,falling,1,,,,,null,,,
5914,falling,1,,,,,null,,,
5915,falling,1,,,,,null,,,
5916,falling,1,585,251,22009,87.24,sam2,0.0,0.0,0.0
5917,falling,1,,,,,null,,,
5918,falling,1,,,,,null,,,
5919,falling,1,,,,,null,,,
5920,falling,1,585,251,21959,87.04,sam2,0.0,0.0,0.0
5921,falling,1,,,,,null,,,
5922,falling,1,,,,,null,,,
5923,falling,1,,,,,null,,,
5924,falling,1,585,251,21979,87.12,sam2,0.0,0.0,0.0
5925,falling,1,,,,,null,,,
5926,falling,1,,,,,null,,,
5927,falling,1,,,,,null,,,
5928,falling,1,585,251,22064,87.45,sam2,0.0,0.0,0.0
5929,falling,1,,,,,null,,,
5930,falling,1,,,,,null,,,
5931,falling,1,,,,,null,,,
5932,falling,1,585,251,22080,87.52,sam2,0.0,0.0,0.0
5933,falling,1,,,,,null,,,
5934,falling,1,,,,,null,,,
5935,falling,1,,,,,null,,,
5936,falling,1,585,251,22065,87.46,sam2,0.0,0.0,0.0
5937,falling,1,,,,,null,,,
5938,falling,1,,,,,null,,,
5939,falling,1,,,,,null,,,
5940,falling,1,585,251,21991,87.17,sam2,0.0,0.0,0.0
5941,falling,1,,,,,null,,,
5942,falling,1,,,,,null,,,
5943,falling,1,,,,,null,,,
5944,falling,1,585,251,22178,87.91,sam2,0.0,0.0,0.0
5945,falling,1,,,,,null,,,
5946,falling,1,,,,,null,,,
5947,falling,1,,,,,null,,,
5948,falling,1,585,251,22167,87.86,sam2,0.0,0.0,0.0
5949,falling,1,,,,,null,,,
5950,falling,1,,,,,null,,,
5951,falling,1,,,,,null,,,
5952,falling,1,585,251,22041,87.36,sam2,0.0,0.0,0.0
5953,falling,1,,,,,null,,,
5954,falling,1,,,,,null,,,
5955,falling,1,,,,,null,,,
5956,falling,1,585,251,22022,87.29,sam2,0.0,0.0,0.0
5957,falling,1,,,,,null,,,
5958,falling,1,,,,,null,,,
5959,falling,1,,,,,null,,,
5960,falling,1,585,251,22125,87.7,sam2,0.0,0.0,0.0
5961,falling,1,,,,,null,,,
5962,falling,1,,,,,null,,,
5963,falling,1,,,,,null,,,
5964,falling,1,585,251,22039,87.36,sam2,0.0,0.0,0.0
5965,falling,1,,,,,null,,,
5966,falling,1,,,,,null,,,
5967,falling,1,,,,,null,,,
5968,falling,1,585,251,22127,87.7,sam2,0.0,0.0,0.0
5969,falling,1,,,,,null,,,
5970,falling,1,,,,,null,,,
5971,falling,1,,,,,null,,,
5972,falling,1,585,250,21916,86.87,sam2,1.0,749.192,13.378
5973,falling,1,,,,,null,,,
5974,falling,1,,,,,null,,,
5975,falling,1,,,,,null,,,
5976,falling,1,585,251,22009,87.24,sam2,1.0,749.192,13.378
5977,falling,1,,,,,null,,,
5978,falling,1,,,,,null,,,
5979,falling,1,,,,,null,,,
5980,falling,1,585,251,22057,87.43,sam2,0.0,0.0,0.0
5981,falling,1,,,,,null,,,
5982,falling,1,,,,,null,,,
5983,falling,1,,,,,null,,,
5984,falling,1,585,251,22090,87.56,sam2,0.0,0.0,0.0
5985,falling,1,,,,,null,,,
5986,falling,1,,,,,null,,,
5987,falling,1,,,,,null,,,
5988,falling,1,585,251,22112,87.65,sam2,0.0,0.0,0.0
5989,falling,1,,,,,null,,,
5990,falling,1,,,,,null,,,
5991,falling,1,,,,,null,,,
5992,falling,1,585,251,21908,86.84,sam2,0.0,0.0,0.0
5993,falling,1,,,,,null,,,
5994,falling,1,,,,,null,,,
5995,falling,1,,,,,null,,,
5996,falling,1,585,251,22168,87.87,sam2,0.0,0.0,0.0
5997,falling,1,,,,,null,,,
5998,falling,1,,,,,null,,,
5999,falling,1,,,,,null,,,
6000,falling,1,585,251,22035,87.34,sam2,0.0,0.0,0.0
6001,falling,1,,,,,null,,,
6002,falling,1,,,,,null,,,
6003,falling,1,,,,,null,,,
6004,falling,1,585,251,22173,87.89,sam2,0.0,0.0,0.0
6005,falling,1,,,,,null,,,
6006,falling,1,,,,,null,,,
6007,falling,1,,,,,null,,,
6008,falling,1,585,251,22015,87.26,sam2,0.0,0.0,0.0
6009,falling,1,,,,,null,,,
6010,falling,1,,,,,null,,,
6011,falling,1,,,,,null,,,
6012,falling,1,585,251,22051,87.4,sam2,0.0,0.0,0.0
6013,falling,1,,,,,null,,,
6014,falling,1,,,,,null,,,
6015,falling,1,,,,,null,,,
6016,falling,1,585,251,22043,87.37,sam2,0.0,0.0,0.0
6017,falling,1,,,,,null,,,
6018,falling,1,,,,,null,,,
6019,falling,1,,,,,null,,,
6020,falling,1,585,251,22026,87.3,sam2,0.0,0.0,0.0
6021,falling,1,,,,,null,,,
6022,falling,1,,,,,null,,,
6023,falling,1,,,,,null,,,
6024,falling,1,585,251,22045,87.38,sam2,0.0,0.0,0.0
6025,falling,1,,,,,null,,,
6026,falling,1,,,,,null,,,
6027,falling,1,,,,,null,,,
6028,falling,1,585,251,22192,87.96,sam2,0.0,0.0,0.0
6029,falling,1,,,,,null,,,
6030,falling,1,,,,,null,,,
6031,falling,1,,,,,null,,,
6032,falling,1,585,251,21942,86.97,sam2,0.0,0.0,0.0
6033,falling,1,,,,,null,,,
6034,falling,1,,,,,null,,,
6035,falling,1,,,,,null,,,
6036,falling,1,585,251,21978,87.11,sam2,0.0,0.0,0.0
6037,falling,1,,,,,null,,,
6038,falling,1,,,,,null,,,
6039,falling,1,,,,,null,,,
6040,falling,1,585,251,22051,87.4,sam2,0.0,0.0,0.0
6041,falling,1,,,,,null,,,
6042,falling,1,,,,,null,,,
6043,falling,1,,,,,null,,,
6044,falling,1,585,251,22092,87.57,sam2,0.0,0.0,0.0
6045,falling,1,,,,,null,,,
6046,falling,1,,,,,null,,,
6047,falling,1,,,,,null,,,
6048,falling,1,585,251,21944,86.98,sam2,0.0,0.0,0.0
6049,falling,1,,,,,null,,,
6050,falling,1,,,,,null,,,
6051,falling,1,,,,,null,,,
6052,falling,1,585,251,21939,86.96,sam2,0.0,0.0,0.0
6053,falling,1,,,,,null,,,
6054,falling,1,,,,,null,,,
6055,falling,1,,,,,null,,,
6056,falling,1,585,251,22145,87.78,sam2,0.0,0.0,0.0
6057,falling,1,,,,,null,,,
6058,falling,1,,,,,null,,,
6059,falling,1,,,,,null,,,
6060,falling,1,585,251,22008,87.23,sam2,0.0,0.0,0.0
6061,falling,1,,,,,null,,,
6062,falling,1,,,,,null,,,
6063,falling,1,,,,,null,,,
6064,falling,1,585,251,22034,87.34,sam2,0.0,0.0,0.0
6065,falling,1,,,,,null,,,
6066,falling,1,,,,,null,,,
6067,falling,1,,,,,null,,,
6068,falling,1,585,251,22080,87.52,sam2,0.0,0.0,0.0
6069,falling,1,,,,,null,,,
6070,falling,1,,,,,null,,,
6071,falling,1,,,,,null,,,
6072,falling,1,585,251,22011,87.24,sam2,0.0,0.0,0.0
6073,falling,1,,,,,null,,,
6074,falling,1,,,,,null,,,
6075,falling,1,,,,,null,,,
6076,falling,1,585,251,21928,86.92,sam2,0.0,0.0,0.0
6077,falling,1,,,,,null,,,
6078,falling,1,,,,,null,,,
6079,falling,1,,,,,null,,,
6080,falling,1,585,251,21924,86.9,sam2,0.0,0.0,0.0
6081,falling,1,,,,,null,,,
6082,falling,1,,,,,null,,,
6083,falling,1,,,,,null,,,
6084,falling,1,585,250,21845,86.59,sam2,1.0,749.192,13.378
6085,falling,1,,,,,null,,,
6086,falling,1,,,,,null,,,
6087,falling,1,,,,,null,,,
6088,falling,1,585,251,21941,86.97,sam2,1.0,749.192,13.378
6089,falling,1,,,,,null,,,
6090,falling,1,,,,,null,,,
6091,falling,1,,,,,null,,,
6092,falling,1,585,251,21950,87.0,sam2,0.0,0.0,0.0
6093,falling,1,,,,,null,,,
6094,falling,1,,,,,null,,,
6095,falling,1,,,,,null,,,
6096,falling,1,585,251,22033,87.33,sam2,0.0,0.0,0.0
6097,falling,1,,,,,null,,,
6098,falling,1,,,,,null,,,
6099,falling,1,,,,,null,,,
6100,falling,1,585,251,21922,86.89,sam2,0.0,0.0,0.0
6101,falling,1,,,,,null,,,
6102,falling,1,,,,,null,,,
6103,falling,1,,,,,null,,,
6104,falling,1,585,251,21930,86.92,sam2,0.0,0.0,0.0
6105,falling,1,,,,,null,,,
6106,falling,1,,,,,null,,,
6107,falling,1,,,,,null,,,
6108,falling,1,585,251,21887,86.75,sam2,0.0,0.0,0.0
6109,falling,1,,,,,null,,,
6110,falling,1,,,,,null,,,
6111,falling,1,,,,,null,,,
6112,falling,1,585,251,22157,87.82,sam2,0.0,0.0,0.0
6113,falling,1,,,,,null,,,
6114,falling,1,,,,,null,,,
6115,falling,1,,,,,null,,,
6116,falling,1,585,251,21903,86.82,sam2,0.0,0.0,0.0
6117,falling,1,,,,,null,,,
6118,falling,1,,,,,null,,,
6119,falling,1,,,,,null,,,
6120,falling,1,585,251,21921,86.89,sam2,0.0,0.0,0.0
6121,falling,1,,,,,null,,,
6122,falling,1,,,,,null,,,
6123,falling,1,,,,,null,,,
6124,falling,1,585,250,21830,86.53,sam2,1.0,749.192,13.378
6125,falling,1,,,,,null,,,
6126,falling,1,,,,,null,,,
6127,falling,1,,,,,null,,,
6128,falling,1,585,251,21950,87.0,sam2,1.0,749.192,13.378
6129,falling,1,,,,,null,,,
6130,falling,1,,,,,null,,,
6131,falling,1,,,,,null,,,
6132,falling,1,585,251,22107,87.63,sam2,0.0,0.0,0.0
6133,falling,1,,,,,null,,,
6134,falling,1,,,,,null,,,
6135,falling,1,,,,,null,,,
6136,falling,1,585,251,21925,86.9,sam2,0.0,0.0,0.0
6137,falling,1,,,,,null,,,
6138,falling,1,,,,,null,,,
6139,falling,1,,,,,null,,,
6140,falling,1,585,251,22032,87.33,sam2,0.0,0.0,0.0
6141,falling,1,,,,,null,,,
6142,falling,1,,,,,null,,,
6143,falling,1,,,,,null,,,
6144,falling,1,585,251,22007,87.23,sam2,0.0,0.0,0.0
6145,falling,1,,,,,null,,,
6146,falling,1,,,,,null,,,
6147,falling,1,,,,,null,,,
6148,falling,1,585,250,21861,86.65,sam2,1.0,749.192,13.378
6149,falling,1,,,,,null,,,
6150,falling,1,,,,,null,,,
6151,falling,1,,,,,null,,,
6152,falling,1,585,251,22034,87.34,sam2,1.0,749.192,13.378
6153,falling,1,,,,,null,,,
6154,falling,1,,,,,null,,,
6155,falling,1,,,,,null,,,
6156,falling,1,585,251,22067,87.47,sam2,0.0,0.0,0.0
6157,falling,1,,,,,null,,,
6158,falling,1,,,,,null,,,
6159,falling,1,,,,,null,,,
6160,falling,1,585,251,22119,87.67,sam2,0.0,0.0,0.0
6161,falling,1,,,,,null,,,
6162,falling,1,,,,,null,,,
6163,falling,1,,,,,null,,,
6164,falling,1,585,251,22167,87.86,sam2,0.0,0.0,0.0
6165,falling,1,,,,,null,,,
6166,falling,1,,,,,null,,,
6167,falling,1,,,,,null,,,
6168,falling,1,585,251,22093,87.57,sam2,0.0,0.0,0.0
6169,falling,1,,,,,null,,,
6170,falling,1,,,,,null,,,
6171,falling,1,,,,,null,,,
6172,falling,1,585,251,21930,86.92,sam2,0.0,0.0,0.0
6173,falling,1,,,,,null,,,
6174,falling,1,,,,,null,,,
6175,falling,1,,,,,null,,,
6176,falling,1,585,250,21900,86.8,sam2,1.0,749.192,13.378
6177,falling,1,,,,,null,,,
6178,falling,1,,,,,null,,,
6179,falling,1,,,,,null,,,
6180,falling,1,585,251,22031,87.32,sam2,1.0,749.192,13.378
6181,falling,1,,,,,null,,,
6182,falling,1,,,,,null,,,
6183,falling,1,,,,,null,,,
6184,falling,1,585,251,22047,87.39,sam2,0.0,0.0,0.0
6185,falling,1,,,,,null,,,
6186,falling,1,,,,,null,,,
6187,falling,1,,,,,null,,,
6188,falling,1,585,251,21997,87.19,sam2,0.0,0.0,0.0
6189,falling,1,,,,,null,,,
6190,falling,1,,,,,null,,,
6191,falling,1,,,,,null,,,
6192,falling,1,585,251,21961,87.05,sam2,0.0,0.0,0.0
6193,falling,1,,,,,null,,,
6194,falling,1,,,,,null,,,
6195,falling,1,,,,,null,,,
6196,falling,1,585,251,21936,86.95,sam2,0.0,0.0,0.0
6197,falling,1,,,,,null,,,
6198,falling,1,,,,,null,,,
6199,falling,1,,,,,null,,,
6200,falling,1,585,251,21923,86.9,sam2,0.0,0.0,0.0
6201,falling,1,,,,,null,,,
6202,falling,1,,,,,null,,,
6203,falling,1,,,,,null,,,
6204,falling,1,584,251,21979,87.12,sam2,1.0,749.192,13.378
6205,falling,1,,,,,null,,,
6206,falling,1,,,,,null,,,
6207,falling,1,,,,,null,,,
6208,falling,1,585,251,21899,86.8,sam2,1.0,749.192,13.378
6209,falling,1,,,,,null,,,
6210,falling,1,,,,,null,,,
6211,falling,1,,,,,null,,,
6212,falling,1,584,251,22018,87.27,sam2,1.0,749.192,13.378
6213,falling,1,,,,,null,,,
6214,falling,1,,,,,null,,,
6215,falling,1,,,,,null,,,
6216,falling,1,585,251,22012,87.25,sam2,1.0,749.192,13.378
6217,falling,1,,,,,null,,,
6218,falling,1,,,,,null,,,
6219,falling,1,,,,,null,,,
6220,falling,1,585,251,21988,87.15,sam2,0.0,0.0,0.0
6221,falling,1,,,,,null,,,
6222,falling,1,,,,,null,,,
6223,falling,1,,,,,null,,,
6224,falling,1,585,251,21927,86.91,sam2,0.0,0.0,0.0
6225,falling,1,,,,,null,,,
6226,falling,1,,,,,null,,,
6227,falling,1,,,,,null,,,
6228,falling,1,585,251,21983,87.13,sam2,0.0,0.0,0.0
6229,falling,1,,,,,null,,,
6230,falling,1,,,,,null,,,
6231,falling,1,,,,,null,,,
6232,falling,1,585,251,21863,86.66,sam2,0.0,0.0,0.0
6233,falling,1,,,,,null,,,
6234,falling,1,,,,,null,,,
6235,falling,1,,,,,null,,,
6236,falling,1,585,251,21968,87.07,sam2,0.0,0.0,0.0
6237,falling,1,,,,,null,,,
6238,falling,1,,,,,null,,,
6239,falling,1,,,,,null,,,
6240,falling,1,585,251,22009,87.24,sam2,0.0,0.0,0.0
6241,falling,1,,,,,null,,,
6242,falling,1,,,,,null,,,
6243,falling,1,,,,,null,,,
6244,falling,1,585,251,21948,87.0,sam2,0.0,0.0,0.0
6245,falling,1,,,,,null,,,
6246,falling,1,,,,,null,,,
6247,falling,1,,,,,null,,,
6248,falling,1,585,251,21909,86.84,sam2,0.0,0.0,0.0
6249,falling,1,,,,,null,,,
6250,falling,1,,,,,null,,,
6251,falling,1,,,,,null,,,
6252,falling,1,585,251,22013,87.25,sam2,0.0,0.0,0.0
6253,falling,1,,,,,null,,,
6254,falling,1,,,,,null,,,
6255,falling,1,,,,,null,,,
6256,falling,1,585,251,21964,87.06,sam2,0.0,0.0,0.0
6257,falling,1,,,,,null,,,
6258,falling,1,,,,,null,,,
6259,falling,1,,,,,null,,,
6260,falling,1,585,251,22043,87.37,sam2,0.0,0.0,0.0
6261,falling,1,,,,,null,,,
6262,falling,1,,,,,null,,,
6263,falling,1,,,,,null,,,
6264,falling,1,585,251,22012,87.25,sam2,0.0,0.0,0.0
6265,falling,1,,,,,null,,,
6266,falling,1,,,,,null,,,
6267,falling,1,,,,,null,,,
6268,falling,1,585,251,21998,87.19,sam2,0.0,0.0,0.0
6269,falling,1,,,,,null,,,
6270,falling,1,,,,,null,,,
6271,falling,1,,,,,null,,,
6272,falling,1,585,251,21922,86.89,sam2,0.0,0.0,0.0
6273,falling,1,,,,,null,,,
6274,falling,1,,,,,null,,,
6275,falling,1,,,,,null,,,
6276,falling,1,585,251,21984,87.14,sam2,0.0,0.0,0.0
6277,falling,1,,,,,null,,,
6278,falling,1,,,,,null,,,
6279,falling,1,,,,,null,,,
6280,falling,1,585,250,21844,86.58,sam2,1.0,749.192,13.378
6281,falling,1,,,,,null,,,
6282,falling,1,,,,,null,,,
6283,falling,1,,,,,null,,,
6284,falling,1,585,251,21976,87.11,sam2,1.0,749.192,13.378
6285,falling,1,,,,,null,,,
6286,falling,1,,,,,null,,,
6287,falling,1,,,,,null,,,
6288,falling,1,585,251,21929,86.92,sam2,0.0,0.0,0.0
6289,falling,1,,,,,null,,,
6290,falling,1,,,,,null,,,
6291,falling,1,,,,,null,,,
6292,falling,1,585,251,21900,86.8,sam2,0.0,0.0,0.0
6293,falling,1,,,,,null,,,
6294,falling,1,,,,,null,,,
6295,falling,1,,,,,null,,,
6296,falling,1,585,251,22044,87.38,sam2,0.0,0.0,0.0
6297,falling,1,,,,,null,,,
6298,falling,1,,,,,null,,,
6299,falling,1,,,,,null,,,
6300,falling,1,585,251,22045,87.38,sam2,0.0,0.0,0.0
6301,falling,1,,,,,null,,,
6302,falling,1,,,,,null,,,
6303,falling,1,,,,,null,,,
6304,falling,1,585,251,21974,87.1,sam2,0.0,0.0,0.0
6305,falling,1,,,,,null,,,
6306,falling,1,,,,,null,,,
6307,falling,1,,,,,null,,,
6308,falling,1,585,251,22045,87.38,sam2,0.0,0.0,0.0
6309,falling,1,,,,,null,,,
6310,falling,1,,,,,null,,,
6311,falling,1,,,,,null,,,
6312,falling,1,585,251,21860,86.65,sam2,0.0,0.0,0.0
6313,falling,1,,,,,null,,,
6314,falling,1,,,,,null,,,
6315,falling,1,,,,,null,,,
6316,falling,1,585,251,21878,86.72,sam2,0.0,0.0,0.0
6317,falling,1,,,,,null,,,
6318,falling,1,,,,,null,,,
6319,falling,1,,,,,null,,,
6320,falling,1,585,251,21997,87.19,sam2,0.0,0.0,0.0
6321,falling,1,,,,,null,,,
6322,falling,1,,,,,null,,,
6323,falling,1,,,,,null,,,
6324,falling,1,585,251,22011,87.24,sam2,0.0,0.0,0.0
6325,falling,1,,,,,null,,,
6326,falling,1,,,,,null,,,
6327,falling,1,,,,,null,,,
6328,falling,1,585,251,21942,86.97,sam2,0.0,0.0,0.0
6329,falling,1,,,,,null,,,
6330,falling,1,,,,,null,,,
6331,falling,1,,,,,null,,,
6332,falling,1,585,251,22016,87.26,sam2,0.0,0.0,0.0
6333,falling,1,,,,,null,,,
6334,falling,1,,,,,null,,,
6335,falling,1,,,,,null,,,
6336,falling,1,585,250,21837,86.56,sam2,1.0,749.192,13.378
6337,falling,1,,,,,null,,,
6338,falling,1,,,,,null,,,
6339,falling,1,,,,,null,,,
6340,falling,1,585,251,21875,86.71,sam2,1.0,749.192,13.378
6341,falling,1,,,,,null,,,
6342,falling,1,,,,,null,,,
6343,falling,1,,,,,null,,,
6344,falling,1,585,251,21981,87.13,sam2,0.0,0.0,0.0
6345,falling,1,,,,,null,,,
6346,falling,1,,,,,null,,,
6347,falling,1,,,,,null,,,
6348,falling,1,585,251,21926,86.91,sam2,0.0,0.0,0.0
6349,falling,1,,,,,null,,,
6350,falling,1,,,,,null,,,
6351,falling,1,,,,,null,,,
6352,falling,1,585,251,21889,86.76,sam2,0.0,0.0,0.0
6353,falling,1,,,,,null,,,
6354,falling,1,,,,,null,,,
6355,falling,1,,,,,null,,,
6356,falling,1,585,251,21925,86.9,sam2,0.0,0.0,0.0
6357,falling,1,,,,,null,,,
6358,falling,1,,,,,null,,,
6359,falling,1,,,,,null,,,
6360,falling,1,585,251,21905,86.82,sam2,0.0,0.0,0.0
6361,falling,1,,,,,null,,,
6362,falling,1,,,,,null,,,
6363,falling,1,,,,,null,,,
6364,falling,1,585,251,21906,86.83,sam2,0.0,0.0,0.0
6365,falling,1,,,,,null,,,
6366,falling,1,,,,,null,,,
6367,falling,1,,,,,null,,,
6368,falling,1,585,251,21906,86.83,sam2,0.0,0.0,0.0
6369,falling,1,,,,,null,,,
6370,falling,1,,,,,null,,,
6371,falling,1,,,,,null,,,
6372,falling,1,585,251,21932,86.93,sam2,0.0,0.0,0.0
6373,falling,1,,,,,null,,,
6374,falling,1,,,,,null,,,
6375,falling,1,,,,,null,,,
6376,falling,1,585,251,22066,87.46,sam2,0.0,0.0,0.0
6377,falling,1,,,,,null,,,
6378,falling,1,,,,,null,,,
6379,falling,1,,,,,null,,,
6380,falling,1,585,251,22061,87.44,sam2,0.0,0.0,0.0
6381,falling,1,,,,,null,,,
6382,falling,1,,,,,null,,,
6383,falling,1,,,,,null,,,
6384,falling,1,585,251,21956,87.03,sam2,0.0,0.0,0.0
6385,falling,1,,,,,null,,,
6386,falling,1,,,,,null,,,
6387,falling,1,,,,,null,,,
6388,falling,1,585,251,21998,87.19,sam2,0.0,0.0,0.0
6389,falling,1,,,,,null,,,
6390,falling,1,,,,,null,,,
6391,falling,1,,,,,null,,,
6392,falling,1,585,251,21892,86.77,sam2,0.0,0.0,0.0
6393,falling,1,,,,,null,,,
6394,falling,1,,,,,null,,,
6395,falling,1,,,,,null,,,
6396,falling,1,585,251,21963,87.05,sam2,0.0,0.0,0.0
6397,falling,1,,,,,null,,,
6398,falling,1,,,,,null,,,
6399,falling,1,,,,,null,,,
6400,falling,1,585,251,21878,86.72,sam2,0.0,0.0,0.0
6401,falling,1,,,,,null,,,
6402,falling,1,,,,,null,,,
6403,falling,1,,,,,null,,,
6404,falling,1,585,251,21963,87.05,sam2,0.0,0.0,0.0
6405,falling,1,,,,,null,,,
6406,falling,1,,,,,null,,,
6407,falling,1,,,,,null,,,
6408,falling,1,585,251,21886,86.75,sam2,0.0,0.0,0.0
6409,falling,1,,,,,null,,,
6410,falling,1,,,,,null,,,
6411,falling,1,,,,,null,,,
6412,falling,1,585,251,21912,86.85,sam2,0.0,0.0,0.0
6413,falling,1,,,,,null,,,
6414,falling,1,,,,,null,,,
6415,falling,1,,,,,null,,,
6416,falling,1,585,251,21874,86.7,sam2,0.0,0.0,0.0
6417,falling,1,,,,,null,,,
6418,falling,1,,,,,null,,,
6419,falling,1,,,,,null,,,
6420,falling,1,585,251,22008,87.23,sam2,0.0,0.0,0.0
6421,falling,1,,,,,null,,,
6422,falling,1,,,,,null,,,
6423,falling,1,,,,,null,,,
6424,falling,1,585,250,21866,86.67,sam2,1.0,749.192,13.378
6425,falling,1,,,,,null,,,
6426,falling,1,,,,,null,,,
6427,falling,1,,,,,null,,,
6428,falling,1,585,251,22039,87.36,sam2,1.0,749.192,13.378
6429,falling,1,,,,,null,,,
6430,falling,1,,,,,null,,,
6431,falling,1,,,,,null,,,
6432,falling,1,585,251,22064,87.45,sam2,0.0,0.0,0.0
6433,falling,1,,,,,null,,,
6434,falling,1,,,,,null,,,
6435,falling,1,,,,,null,,,
6436,falling,1,585,251,22039,87.36,sam2,0.0,0.0,0.0
6437,falling,1,,,,,null,,,
6438,falling,1,,,,,null,,,
6439,falling,1,,,,,null,,,
6440,falling,1,585,251,21981,87.13,sam2,0.0,0.0,0.0
6441,falling,1,,,,,null,,,
6442,falling,1,,,,,null,,,
6443,falling,1,,,,,null,,,
6444,falling,1,585,251,21979,87.12,sam2,0.0,0.0,0.0
6445,falling,1,,,,,null,,,
6446,falling,1,,,,,null,,,
6447,falling,1,,,,,null,,,
6448,falling,1,585,251,22082,87.53,sam2,0.0,0.0,0.0
6449,falling,1,,,,,null,,,
6450,falling,1,,,,,null,,,
6451,falling,1,,,,,null,,,
6452,falling,1,585,251,22016,87.26,sam2,0.0,0.0,0.0
6453,falling,1,,,,,null,,,
6454,falling,1,,,,,null,,,
6455,falling,1,,,,,null,,,
6456,falling,1,585,251,21850,86.61,sam2,0.0,0.0,0.0
6457,falling,1,,,,,null,,,
6458,falling,1,,,,,null,,,
6459,falling,1,,,,,null,,,
6460,falling,1,585,251,21880,86.73,sam2,0.0,0.0,0.0
6461,falling,1,,,,,null,,,
6462,falling,1,,,,,null,,,
6463,falling,1,,,,,null,,,
6464,falling,1,585,251,21914,86.86,sam2,0.0,0.0,0.0
6465,falling,1,,,,,null,,,
6466,falling,1,,,,,null,,,
6467,falling,1,,,,,null,,,
6468,falling,1,585,251,21983,87.13,sam2,0.0,0.0,0.0
6469,falling,1,,,,,null,,,
6470,falling,1,,,,,null,,,
6471,falling,1,,,,,null,,,
6472,falling,1,585,251,21933,86.94,sam2,0.0,0.0,0.0
6473,falling,1,,,,,null,,,
6474,falling,1,,,,,null,,,
6475,falling,1,,,,,null,,,
6476,falling,1,585,251,21980,87.12,sam2,0.0,0.0,0.0
6477,falling,1,,,,,null,,,
6478,falling,1,,,,,null,,,
6479,falling,1,,,,,null,,,
6480,falling,1,585,251,22004,87.22,sam2,0.0,0.0,0.0
6481,falling,1,,,,,null,,,
6482,falling,1,,,,,null,,,
6483,falling,1,,,,,null,,,
6484,falling,1,585,250,21698,86.0,sam2,1.0,749.192,13.378
6485,falling,1,,,,,null,,,
6486,falling,1,,,,,null,,,
6487,falling,1,,,,,null,,,
6488,falling,1,585,251,22080,87.52,sam2,1.0,749.192,13.378
6489,falling,1,,,,,null,,,
6490,falling,1,,,,,null,,,
6491,falling,1,,,,,null,,,
6492,falling,1,585,251,22049,87.4,sam2,0.0,0.0,0.0
6493,falling,1,,,,,null,,,
6494,falling,1,,,,,null,,,
6495,falling,1,,,,,null,,,
6496,falling,1,585,251,21842,86.57,sam2,0.0,0.0,0.0
6497,falling,1,,,,,null,,,
6498,falling,1,,,,,null,,,
6499,falling,1,,,,,null,,,
6500,falling,1,585,251,21963,87.05,sam2,0.0,0.0,0.0
6501,falling,1,,,,,null,,,
6502,falling,1,,,,,null,,,
6503,falling,1,,,,,null,,,
6504,falling,1,585,251,22004,87.22,sam2,0.0,0.0,0.0
6505,falling,1,,,,,null,,,
6506,falling,1,,,,,null,,,
6507,falling,1,,,,,null,,,
6508,falling,1,585,251,21987,87.15,sam2,0.0,0.0,0.0
6509,falling,1,,,,,null,,,
6510,falling,1,,,,,null,,,
6511,falling,1,,,,,null,,,
6512,falling,1,585,251,22040,87.36,sam2,0.0,0.0,0.0
6513,falling,1,,,,,null,,,
6514,falling,1,,,,,null,,,
6515,falling,1,,,,,null,,,
6516,falling,1,585,251,21913,86.86,sam2,0.0,0.0,0.0
6517,falling,1,,,,,null,,,
6518,falling,1,,,,,null,,,
6519,falling,1,,,,,null,,,
6520,falling,1,585,250,21817,86.48,sam2,1.0,749.192,13.378
6521,falling,1,,,,,null,,,
6522,falling,1,,,,,null,,,
6523,falling,1,,,,,null,,,
6524,falling,1,585,251,21989,87.16,sam2,1.0,749.192,13.378
6525,falling,1,,,,,null,,,
6526,falling,1,,,,,null,,,
6527,falling,1,,,,,null,,,
6528,falling,1,585,251,22026,87.3,sam2,0.0,0.0,0.0
6529,falling,1,,,,,null,,,
6530,falling,1,,,,,null,,,
6531,falling,1,,,,,null,,,
6532,falling,1,585,250,21820,86.49,sam2,1.0,749.192,13.378
6533,falling,1,,,,,null,,,
6534,falling,1,,,,,null,,,
6535,falling,1,,,,,null,,,
6536,falling,1,585,250,21782,86.34,sam2,0.0,0.0,0.0
6537,falling,1,,,,,null,,,
6538,falling,1,,,,,null,,,
6539,falling,1,,,,,null,,,
6540,falling,1,585,251,21964,87.06,sam2,1.0,749.192,13.378
6541,falling,1,,,,,null,,,
6542,falling,1,,,,,null,,,
6543,falling,1,,,,,null,,,
6544,falling,1,585,251,21960,87.04,sam2,0.0,0.0,0.0
6545,falling,1,,,,,null,,,
6546,falling,1,,,,,null,,,
6547,falling,1,,,,,null,,,
6548,falling,1,585,251,21960,87.04,sam2,0.0,0.0,0.0
6549,falling,1,,,,,null,,,
6550,falling,1,,,,,null,,,
6551,falling,1,,,,,null,,,
6552,falling,1,585,251,21990,87.16,sam2,0.0,0.0,0.0
6553,falling,1,,,,,null,,,
6554,falling,1,,,,,null,,,
6555,falling,1,,,,,null,,,
6556,falling,1,585,251,22041,87.36,sam2,0.0,0.0,0.0
6557,falling,1,,,,,null,,,
6558,falling,1,,,,,null,,,
6559,falling,1,,,,,null,,,
6560,falling,1,585,251,21863,86.66,sam2,0.0,0.0,0.0
6561,falling,1,,,,,null,,,
6562,falling,1,,,,,null,,,
6563,falling,1,,,,,null,,,
6564,falling,1,584,251,21888,86.76,sam2,1.0,749.192,13.378
6565,falling,1,,,,,null,,,
6566,falling,1,,,,,null,,,
6567,falling,1,,,,,null,,,
6568,falling,1,585,251,21890,86.77,sam2,1.0,749.192,13.378
6569,falling,1,,,,,null,,,
6570,falling,1,,,,,null,,,
6571,falling,1,,,,,null,,,
6572,falling,1,585,251,21892,86.77,sam2,0.0,0.0,0.0
6573,falling,1,,,,,null,,,
6574,falling,1,,,,,null,,,
6575,falling,1,,,,,null,,,
6576,falling,1,585,251,22081,87.52,sam2,0.0,0.0,0.0
6577,falling,1,,,,,null,,,
6578,falling,1,,,,,null,,,
6579,falling,1,,,,,null,,,
6580,falling,1,585,251,22065,87.46,sam2,0.0,0.0,0.0
6581,falling,1,,,,,null,,,
6582,falling,1,,,,,null,,,
6583,falling,1,,,,,null,,,
6584,falling,1,585,251,21937,86.95,sam2,0.0,0.0,0.0
6585,falling,1,,,,,null,,,
6586,falling,1,,,,,null,,,
6587,falling,1,,,,,null,,,
6588,falling,1,585,251,22003,87.21,sam2,0.0,0.0,0.0
6589,falling,1,,,,,null,,,
6590,falling,1,,,,,null,,,
6591,falling,1,,,,,null,,,
6592,falling,1,585,251,21869,86.68,sam2,0.0,0.0,0.0
6593,falling,1,,,,,null,,,
6594,falling,1,,,,,null,,,
6595,falling,1,,,,,null,,,
6596,falling,1,585,251,21922,86.89,sam2,0.0,0.0,0.0
6597,falling,1,,,,,null,,,
6598,falling,1,,,,,null,,,
6599,falling,1,,,,,null,,,
6600,falling,1,585,251,21898,86.8,sam2,0.0,0.0,0.0
6601,falling,1,,,,,null,,,
6602,falling,1,,,,,null,,,
6603,falling,1,,,,,null,,,
6604,falling,1,585,251,22002,87.21,sam2,0.0,0.0,0.0
6605,falling,1,,,,,null,,,
6606,falling,1,,,,,null,,,
6607,falling,1,,,,,null,,,
6608,falling,1,585,251,22013,87.25,sam2,0.0,0.0,0.0
6609,falling,1,,,,,null,,,
6610,falling,1,,,,,null,,,
6611,falling,1,,,,,null,,,
6612,falling,1,585,251,21961,87.05,sam2,0.0,0.0,0.0
6613,falling,1,,,,,null,,,
6614,falling,1,,,,,null,,,
6615,falling,1,,,,,null,,,
6616,falling,1,585,251,21887,86.75,sam2,0.0,0.0,0.0
6617,falling,1,,,,,null,,,
6618,falling,1,,,,,null,,,
6619,falling,1,,,,,null,,,
6620,falling,1,585,251,21954,87.02,sam2,0.0,0.0,0.0
6621,falling,1,,,,,null,,,
6622,falling,1,,,,,null,,,
6623,falling,1,,,,,null,,,
6624,falling,1,585,251,21918,86.88,sam2,0.0,0.0,0.0
6625,falling,1,,,,,null,,,
6626,falling,1,,,,,null,,,
6627,falling,1,,,,,null,,,
6628,falling,1,585,251,22037,87.35,sam2,0.0,0.0,0.0
6629,falling,1,,,,,null,,,
6630,falling,1,,,,,null,,,
6631,falling,1,,,,,null,,,
6632,falling,1,585,250,21765,86.27,sam2,1.0,749.192,13.378
6633,falling,1,,,,,null,,,
6634,falling,1,,,,,null,,,
6635,falling,1,,,,,null,,,
6636,falling,1,585,251,21920,86.88,sam2,1.0,749.192,13.378
6637,falling,1,,,,,null,,,
6638,falling,1,,,,,null,,,
6639,falling,1,,,,,null,,,
6640,falling,1,585,251,21939,86.96,sam2,0.0,0.0,0.0
6641,falling,1,,,,,null,,,
6642,falling,1,,,,,null,,,
6643,falling,1,,,,,null,,,
6644,falling,1,585,251,21943,86.98,sam2,0.0,0.0,0.0
6645,falling,1,,,,,null,,,
6646,falling,1,,,,,null,,,
6647,falling,1,,,,,null,,,
6648,falling,1,585,251,21954,87.02,sam2,0.0,0.0,0.0
6649,falling,1,,,,,null,,,
6650,falling,1,,,,,null,,,
6651,falling,1,,,,,null,,,
6652,falling,1,585,251,22031,87.32,sam2,0.0,0.0,0.0
6653,falling,1,,,,,null,,,
6654,falling,1,,,,,null,,,
6655,falling,1,,,,,null,,,
6656,falling,1,585,251,22053,87.41,sam2,0.0,0.0,0.0
6657,falling,1,,,,,null,,,
6658,falling,1,,,,,null,,,
6659,falling,1,,,,,null,,,
6660,falling,1,585,251,22065,87.46,sam2,0.0,0.0,0.0
6661,falling,1,,,,,null,,,
6662,falling,1,,,,,null,,,
6663,falling,1,,,,,null,,,
6664,falling,1,585,251,21947,86.99,sam2,0.0,0.0,0.0
6665,falling,1,,,,,null,,,
6666,falling,1,,,,,null,,,
6667,falling,1,,,,,null,,,
6668,falling,1,585,251,21892,86.77,sam2,0.0,0.0,0.0
6669,falling,1,,,,,null,,,
6670,falling,1,,,,,null,,,
6671,falling,1,,,,,null,,,
6672,falling,1,585,251,22013,87.25,sam2,0.0,0.0,0.0
6673,falling,1,,,,,null,,,
6674,falling,1,,,,,null,,,
6675,falling,1,,,,,null,,,
6676,falling,1,585,251,22063,87.45,sam2,0.0,0.0,0.0
6677,falling,1,,,,,null,,,
6678,falling,1,,,,,null,,,
6679,falling,1,,,,,null,,,
6680,falling,1,585,251,22012,87.25,sam2,0.0,0.0,0.0
6681,falling,1,,,,,null,,,
6682,falling,1,,,,,null,,,
6683,falling,1,,,,,null,,,
6684,falling,1,585,251,21809,86.44,sam2,0.0,0.0,0.0
6685,falling,1,,,,,null,,,
6686,falling,1,,,,,null,,,
6687,falling,1,,,,,null,,,
6688,falling,1,585,251,22055,87.42,sam2,0.0,0.0,0.0
6689,falling,1,,,,,null,,,
6690,falling,1,,,,,null,,,
6691,falling,1,,,,,null,,,
6692,falling,1,585,251,21972,87.09,sam2,0.0,0.0,0.0
6693,falling,1,,,,,null,,,
6694,falling,1,,,,,null,,,
6695,falling,1,,,,,null,,,
6696,falling,1,585,251,21978,87.11,sam2,0.0,0.0,0.0
6697,falling,1,,,,,null,,,
6698,falling,1,,,,,null,,,
6699,falling,1,,,,,null,,,
6700,falling,1,585,251,21873,86.7,sam2,0.0,0.0,0.0
6701,falling,1,,,,,null,,,
6702,falling,1,,,,,null,,,
6703,falling,1,,,,,null,,,
6704,falling,1,585,251,21910,86.84,sam2,0.0,0.0,0.0
6705,falling,1,,,,,null,,,
6706,falling,1,,,,,null,,,
6707,falling,1,,,,,null,,,
6708,falling,1,584,251,21921,86.89,sam2,1.0,749.192,13.378
6709,falling,1,,,,,null,,,
6710,falling,1,,,,,null,,,
6711,falling,1,,,,,null,,,
6712,falling,1,585,251,22028,87.31,sam2,1.0,749.192,13.378
6713,falling,1,,,,,null,,,
6714,falling,1,,,,,null,,,
6715,falling,1,,,,,null,,,
6716,falling,1,585,251,22014,87.26,sam2,0.0,0.0,0.0
6717,falling,1,,,,,null,,,
6718,falling,1,,,,,null,,,
6719,falling,1,,,,,null,,,
6720,falling,1,585,251,21947,86.99,sam2,0.0,0.0,0.0
6721,falling,1,,,,,null,,,
6722,falling,1,,,,,null,,,
6723,falling,1,,,,,null,,,
6724,falling,1,585,251,22022,87.29,sam2,0.0,0.0,0.0
6725,falling,1,,,,,null,,,
6726,falling,1,,,,,null,,,
6727,falling,1,,,,,null,,,
6728,falling,1,585,251,21977,87.11,sam2,0.0,0.0,0.0
6729,falling,1,,,,,null,,,
6730,falling,1,,,,,null,,,
6731,falling,1,,,,,null,,,
6732,falling,1,585,251,22080,87.52,sam2,0.0,0.0,0.0
6733,falling,1,,,,,null,,,
6734,falling,1,,,,,null,,,
6735,falling,1,,,,,null,,,
6736,falling,1,585,251,21859,86.64,sam2,0.0,0.0,0.0
6737,falling,1,,,,,null,,,
6738,falling,1,,,,,null,,,
6739,falling,1,,,,,null,,,
6740,falling,1,585,251,21997,87.19,sam2,0.0,0.0,0.0
6741,falling,1,,,,,null,,,
6742,falling,1,,,,,null,,,
6743,falling,1,,,,,null,,,
6744,falling,1,585,251,22045,87.38,sam2,0.0,0.0,0.0
6745,falling,1,,,,,null,,,
6746,falling,1,,,,,null,,,
6747,falling,1,,,,,null,,,
6748,falling,1,585,251,21931,86.93,sam2,0.0,0.0,0.0
6749,falling,1,,,,,null,,,
6750,falling,1,,,,,null,,,
6751,falling,1,,,,,null,,,
6752,falling,1,585,251,21916,86.87,sam2,0.0,0.0,0.0
6753,falling,1,,,,,null,,,
6754,falling,1,,,,,null,,,
6755,falling,1,,,,,null,,,
6756,falling,1,585,251,22045,87.38,sam2,0.0,0.0,0.0
6757,falling,1,,,,,null,,,
6758,falling,1,,,,,null,,,
6759,falling,1,,,,,null,,,
6760,falling,1,585,251,22059,87.44,sam2,0.0,0.0,0.0
6761,falling,1,,,,,null,,,
6762,falling,1,,,,,null,,,
6763,falling,1,,,,,null,,,
6764,falling,1,585,251,22029,87.32,sam2,0.0,0.0,0.0
6765,falling,1,,,,,null,,,
6766,falling,1,,,,,null,,,
6767,falling,1,,,,,null,,,
6768,falling,1,585,251,21948,87.0,sam2,0.0,0.0,0.0
6769,falling,1,,,,,null,,,
6770,falling,1,,,,,null,,,
6771,falling,1,,,,,null,,,
6772,falling,1,585,251,21983,87.13,sam2,0.0,0.0,0.0
6773,falling,1,,,,,null,,,
6774,falling,1,,,,,null,,,
6775,falling,1,,,,,null,,,
6776,falling,1,585,251,21818,86.48,sam2,0.0,0.0,0.0
6777,falling,1,,,,,null,,,
6778,falling,1,,,,,null,,,
6779,falling,1,,,,,null,,,
6780,falling,1,585,251,22153,87.81,sam2,0.0,0.0,0.0
6781,falling,1,,,,,null,,,
6782,falling,1,,,,,null,,,
6783,falling,1,,,,,null,,,
6784,falling,1,585,251,22099,87.59,sam2,0.0,0.0,0.0
6785,falling,1,,,,,null,,,
6786,falling,1,,,,,null,,,
6787,falling,1,,,,,null,,,
6788,falling,1,585,251,21971,87.09,sam2,0.0,0.0,0.0
6789,falling,1,,,,,null,,,
6790,falling,1,,,,,null,,,
6791,falling,1,,,,,null,,,
6792,falling,1,585,251,21919,86.88,sam2,0.0,0.0,0.0
6793,falling,1,,,,,null,,,
6794,falling,1,,,,,null,,,
6795,falling,1,,,,,null,,,
6796,falling,1,585,251,22083,87.53,sam2,0.0,0.0,0.0
6797,falling,1,,,,,null,,,
6798,falling,1,,,,,null,,,
6799,falling,1,,,,,null,,,
6800,falling,1,585,250,21831,86.53,sam2,1.0,749.192,13.378
6801,falling,1,,,,,null,,,
6802,falling,1,,,,,null,,,
6803,falling,1,,,,,null,,,
6804,falling,1,585,251,21945,86.98,sam2,1.0,749.192,13.378
6805,falling,1,,,,,null,,,
6806,falling,1,,,,,null,,,
6807,falling,1,,,,,null,,,
6808,falling,1,585,251,22038,87.35,sam2,0.0,0.0,0.0
6809,falling,1,,,,,null,,,
6810,falling,1,,,,,null,,,
6811,falling,1,,,,,null,,,
6812,falling,1,585,251,21831,86.53,sam2,0.0,0.0,0.0
6813,falling,1,,,,,null,,,
6814,falling,1,,,,,null,,,
6815,falling,1,,,,,null,,,
6816,falling,1,584,251,21951,87.01,sam2,1.0,749.192,13.378
6817,falling,1,,,,,null,,,
6818,falling,1,,,,,null,,,
6819,falling,1,,,,,null,,,
6820,falling,1,585,251,21943,86.98,sam2,1.0,749.192,13.378
6821,falling,1,,,,,null,,,
6822,falling,1,,,,,null,,,
6823,falling,1,,,,,null,,,
6824,falling,1,585,251,21975,87.1,sam2,0.0,0.0,0.0
6825,falling,1,,,,,null,,,
6826,falling,1,,,,,null,,,
6827,falling,1,,,,,null,,,
6828,falling,1,585,251,21916,86.87,sam2,0.0,0.0,0.0
6829,falling,1,,,,,null,,,
6830,falling,1,,,,,null,,,
6831,falling,1,,,,,null,,,
6832,falling,1,585,251,21851,86.61,sam2,0.0,0.0,0.0
6833,falling,1,,,,,null,,,
6834,falling,1,,,,,null,,,
6835,falling,1,,,,,null,,,
6836,falling,1,585,251,21885,86.75,sam2,0.0,0.0,0.0
6837,falling,1,,,,,null,,,
6838,falling,1,,,,,null,,,
6839,falling,1,,,,,null,,,
6840,falling,1,585,251,22106,87.62,sam2,0.0,0.0,0.0
6841,falling,1,,,,,null,,,
6842,falling,1,,,,,null,,,
6843,falling,1,,,,,null,,,
6844,falling,1,585,251,22026,87.3,sam2,0.0,0.0,0.0
6845,falling,1,,,,,null,,,
6846,falling,1,,,,,null,,,
6847,falling,1,,,,,null,,,
6848,falling,1,585,251,21863,86.66,sam2,0.0,0.0,0.0
6849,falling,1,,,,,null,,,
6850,falling,1,,,,,null,,,
6851,falling,1,,,,,null,,,
6852,falling,1,585,251,22008,87.23,sam2,0.0,0.0,0.0
6853,falling,1,,,,,null,,,
6854,falling,1,,,,,null,,,
6855,falling,1,,,,,null,,,
6856,falling,1,585,251,22033,87.33,sam2,0.0,0.0,0.0
6857,falling,1,,,,,null,,,
6858,falling,1,,,,,null,,,
6859,falling,1,,,,,null,,,
6860,falling,1,585,251,21948,87.0,sam2,0.0,0.0,0.0
6861,falling,1,,,,,null,,,
6862,falling,1,,,,,null,,,
6863,falling,1,,,,,null,,,
6864,falling,1,585,251,21999,87.2,sam2,0.0,0.0,0.0
6865,falling,1,,,,,null,,,
6866,falling,1,,,,,null,,,
6867,falling,1,,,,,null,,,
6868,falling,1,585,251,21888,86.76,sam2,0.0,0.0,0.0
6869,falling,1,,,,,null,,,
6870,falling,1,,,,,null,,,
6871,falling,1,,,,,null,,,
6872,falling,1,585,251,21980,87.12,sam2,0.0,0.0,0.0
6873,falling,1,,,,,null,,,
6874,falling,1,,,,,null,,,
6875,falling,1,,,,,null,,,
6876,falling,1,585,251,22040,87.36,sam2,0.0,0.0,0.0
6877,falling,1,,,,,null,,,
6878,falling,1,,,,,null,,,
6879,falling,1,,,,,null,,,
6880,falling,1,585,251,21939,86.96,sam2,0.0,0.0,0.0
6881,falling,1,,,,,null,,,
6882,falling,1,,,,,null,,,
6883,falling,1,,,,,null,,,
6884,falling,1,585,251,21965,87.06,sam2,0.0,0.0,0.0
6885,falling,1,,,,,null,,,
6886,falling,1,,,,,null,,,
6887,falling,1,,,,,null,,,
6888,falling,1,585,251,22022,87.29,sam2,0.0,0.0,0.0
6889,falling,1,,,,,null,,,
6890,falling,1,,,,,null,,,
6891,falling,1,,,,,null,,,
6892,falling,1,585,251,21817,86.48,sam2,0.0,0.0,0.0
6893,falling,1,,,,,null,,,
6894,falling,1,,,,,null,,,
6895,falling,1,,,,,null,,,
6896,falling,1,585,251,21888,86.76,sam2,0.0,0.0,0.0
6897,falling,1,,,,,null,,,
6898,falling,1,,,,,null,,,
6899,falling,1,,,,,null,,,
6900,falling,1,585,251,22039,87.36,sam2,0.0,0.0,0.0
6901,falling,1,,,,,null,,,
6902,falling,1,,,,,null,,,
6903,falling,1,,,,,null,,,
6904,falling,1,585,251,22000,87.2,sam2,0.0,0.0,0.0
6905,falling,1,,,,,null,,,
6906,falling,1,,,,,null,,,
6907,falling,1,,,,,null,,,
6908,falling,1,585,251,22042,87.37,sam2,0.0,0.0,0.0
6909,falling,1,,,,,null,,,
6910,falling,1,,,,,null,,,
6911,falling,1,,,,,null,,,
6912,falling,1,585,251,21929,86.92,sam2,0.0,0.0,0.0
6913,falling,1,,,,,null,,,
6914,falling,1,,,,,null,,,
6915,falling,1,,,,,null,,,
6916,falling,1,585,251,21866,86.67,sam2,0.0,0.0,0.0
6917,falling,1,,,,,null,,,
6918,falling,1,,,,,null,,,
6919,falling,1,,,,,null,,,
6920,falling,1,585,251,21966,87.07,sam2,0.0,0.0,0.0
6921,falling,1,,,,,null,,,
6922,falling,1,,,,,null,,,
6923,falling,1,,,,,null,,,
6924,falling,1,585,251,21966,87.07,sam2,0.0,0.0,0.0
6925,falling,1,,,,,null,,,
6926,falling,1,,,,,null,,,
6927,falling,1,,,,,null,,,
6928,falling,1,585,251,21944,86.98,sam2,0.0,0.0,0.0
6929,falling,1,,,,,null,,,
6930,falling,1,,,,,null,,,
6931,falling,1,,,,,null,,,
6932,falling,1,585,251,22041,87.36,sam2,0.0,0.0,0.0
6933,falling,1,,,,,null,,,
6934,falling,1,,,,,null,,,
6935,falling,1,,,,,null,,,
6936,falling,1,585,251,22065,87.46,sam2,0.0,0.0,0.0
6937,falling,1,,,,,null,,,
6938,falling,1,,,,,null,,,
6939,falling,1,,,,,null,,,
6940,falling,1,585,251,21952,87.01,sam2,0.0,0.0,0.0
6941,falling,1,,,,,null,,,
6942,falling,1,,,,,null,,,
6943,falling,1,,,,,null,,,
6944,falling,1,585,251,21956,87.03,sam2,0.0,0.0,0.0
6945,falling,1,,,,,null,,,
6946,falling,1,,,,,null,,,
6947,falling,1,,,,,null,,,
6948,falling,1,585,251,21940,86.96,sam2,0.0,0.0,0.0
6949,falling,1,,,,,null,,,
6950,falling,1,,,,,null,,,
6951,falling,1,,,,,null,,,
6952,falling,1,585,251,21876,86.71,sam2,0.0,0.0,0.0
6953,falling,1,,,,,null,,,
6954,falling,1,,,,,null,,,
6955,falling,1,,,,,null,,,
6956,falling,1,585,251,21918,86.88,sam2,0.0,0.0,0.0
6957,falling,1,,,,,null,,,
6958,falling,1,,,,,null,,,
6959,falling,1,,,,,null,,,
6960,falling,1,585,251,21860,86.65,sam2,0.0,0.0,0.0
6961,falling,1,,,,,null,,,
6962,falling,1,,,,,null,,,
6963,falling,1,,,,,null,,,
6964,falling,1,585,251,22019,87.28,sam2,0.0,0.0,0.0
6965,falling,1,,,,,null,,,
6966,falling,1,,,,,null,,,
6967,falling,1,,,,,null,,,
6968,falling,1,585,251,21995,87.18,sam2,0.0,0.0,0.0
6969,falling,1,,,,,null,,,
6970,falling,1,,,,,null,,,
6971,falling,1,,,,,null,,,
6972,falling,1,585,251,22057,87.43,sam2,0.0,0.0,0.0
6973,falling,1,,,,,null,,,
6974,falling,1,,,,,null,,,
6975,falling,1,,,,,null,,,
6976,falling,1,585,251,22004,87.22,sam2,0.0,0.0,0.0
6977,falling,1,,,,,null,,,
6978,falling,1,,,,,null,,,
6979,falling,1,,,,,null,,,
6980,falling,1,585,251,22074,87.49,sam2,0.0,0.0,0.0
6981,falling,1,,,,,null,,,
6982,falling,1,,,,,null,,,
6983,falling,1,,,,,null,,,
6984,falling,1,585,251,22062,87.45,sam2,0.0,0.0,0.0
6985,falling,1,,,,,null,,,
6986,falling,1,,,,,null,,,
6987,falling,1,,,,,null,,,
6988,falling,1,585,251,22093,87.57,sam2,0.0,0.0,0.0
6989,falling,1,,,,,null,,,
6990,falling,1,,,,,null,,,
6991,falling,1,,,,,null,,,
6992,falling,1,585,251,21938,86.96,sam2,0.0,0.0,0.0
6993,falling,1,,,,,null,,,
6994,falling,1,,,,,null,,,
6995,falling,1,,,,,null,,,
6996,falling,1,585,251,21945,86.98,sam2,0.0,0.0,0.0
6997,falling,1,,,,,null,,,
6998,falling,1,,,,,null,,,
6999,falling,1,,,,,null,,,
7000,falling,1,585,251,21970,87.08,sam2,0.0,0.0,0.0
7001,falling,1,,,,,null,,,
7002,falling,1,,,,,null,,,
7003,falling,1,,,,,null,,,
7004,falling,1,585,251,21960,87.04,sam2,0.0,0.0,0.0
7005,falling,1,,,,,null,,,
7006,falling,1,,,,,null,,,
7007,falling,1,,,,,null,,,
7008,falling,1,585,251,22011,87.24,sam2,0.0,0.0,0.0
7009,falling,1,,,,,null,,,
7010,falling,1,,,,,null,,,
7011,falling,1,,,,,null,,,
7012,falling,1,585,251,21921,86.89,sam2,0.0,0.0,0.0
7013,falling,1,,,,,null,,,
7014,falling,1,,,,,null,,,
7015,falling,1,,,,,null,,,
7016,falling,1,585,251,21980,87.12,sam2,0.0,0.0,0.0
7017,falling,1,,,,,null,,,
7018,falling,1,,,,,null,,,
7019,falling,1,,,,,null,,,
7020,falling,1,585,251,21954,87.02,sam2,0.0,0.0,0.0
7021,falling,1,,,,,null,,,
7022,falling,1,,,,,null,,,
7023,falling,1,,,,,null,,,
7024,falling,1,585,251,22001,87.21,sam2,0.0,0.0,0.0
7025,falling,1,,,,,null,,,
7026,falling,1,,,,,null,,,
7027,falling,1,,,,,null,,,
7028,falling,1,585,251,22046,87.38,sam2,0.0,0.0,0.0
7029,falling,1,,,,,null,,,
7030,falling,1,,,,,null,,,
7031,falling,1,,,,,null,,,
7032,falling,1,585,251,22020,87.28,sam2,0.0,0.0,0.0
7033,falling,1,,,,,null,,,
7034,falling,1,,,,,null,,,
7035,falling,1,,,,,null,,,
7036,falling,1,585,251,21971,87.09,sam2,0.0,0.0,0.0
7037,falling,1,,,,,null,,,
7038,falling,1,,,,,null,,,
7039,falling,1,,,,,null,,,
7040,falling,1,585,251,21906,86.83,sam2,0.0,0.0,0.0
7041,falling,1,,,,,null,,,
7042,falling,1,,,,,null,,,
7043,falling,1,,,,,null,,,
7044,falling,1,585,251,21987,87.15,sam2,0.0,0.0,0.0
7045,falling,1,,,,,null,,,
7046,falling,1,,,,,null,,,
7047,falling,1,,,,,null,,,
7048,falling,1,585,251,22006,87.23,sam2,0.0,0.0,0.0
7049,falling,1,,,,,null,,,
7050,falling,1,,,,,null,,,
7051,falling,1,,,,,null,,,
7052,falling,1,585,251,21935,86.94,sam2,0.0,0.0,0.0
7053,falling,1,,,,,null,,,
7054,falling,1,,,,,null,,,
7055,falling,1,,,,,null,,,
7056,falling,1,585,251,21997,87.19,sam2,0.0,0.0,0.0
7057,falling,1,,,,,null,,,
7058,falling,1,,,,,null,,,
7059,falling,1,,,,,null,,,
7060,falling,1,585,251,22033,87.33,sam2,0.0,0.0,0.0
7061,falling,1,,,,,null,,,
7062,falling,1,,,,,null,,,
7063,falling,1,,,,,null,,,
7064,falling,1,584,250,21770,86.29,sam2,1.414,1059.517,18.92
7065,falling,1,,,,,null,,,
7066,falling,1,,,,,null,,,
7067,falling,1,,,,,null,,,
7068,falling,1,585,251,21926,86.91,sam2,1.414,1059.517,18.92
7069,falling,1,,,,,null,,,
7070,falling,1,,,,,null,,,
7071,falling,1,,,,,null,,,
7072,falling,1,585,251,21822,86.5,sam2,0.0,0.0,0.0
7073,falling,1,,,,,null,,,
7074,falling,1,,,,,null,,,
7075,falling,1,,,,,null,,,
7076,falling,1,585,250,21815,86.47,sam2,1.0,749.192,13.378
7077,falling,1,,,,,null,,,
7078,falling,1,,,,,null,,,
7079,falling,1,,,,,null,,,
7080,falling,1,585,251,21936,86.95,sam2,1.0,749.192,13.378
7081,falling,1,,,,,null,,,
7082,falling,1,,,,,null,,,
7083,falling,1,,,,,null,,,
7084,falling,1,585,251,21820,86.49,sam2,0.0,0.0,0.0
7085,falling,1,,,,,null,,,
7086,falling,1,,,,,null,,,
7087,falling,1,,,,,null,,,
7088,falling,1,585,251,21949,87.0,sam2,0.0,0.0,0.0
7089,falling,1,,,,,null,,,
7090,falling,1,,,,,null,,,
7091,falling,1,,,,,null,,,
7092,falling,1,585,251,22078,87.51,sam2,0.0,0.0,0.0
7093,falling,1,,,,,null,,,
7094,falling,1,,,,,null,,,
7095,falling,1,,,,,null,,,
7096,falling,1,585,251,21973,87.09,sam2,0.0,0.0,0.0
7097,falling,1,,,,,null,,,
7098,falling,1,,,,,null,,,
7099,falling,1,,,,,null,,,
7100,falling,1,585,251,22041,87.36,sam2,0.0,0.0,0.0
7101,falling,1,,,,,null,,,
7102,falling,1,,,,,null,,,
7103,falling,1,,,,,null,,,
7104,falling,1,585,251,22043,87.37,sam2,0.0,0.0,0.0
7105,falling,1,,,,,null,,,
7106,falling,1,,,,,null,,,
7107,falling,1,,,,,null,,,
7108,falling,1,585,251,22054,87.42,sam2,0.0,0.0,0.0
7109,falling,1,,,,,null,,,
7110,falling,1,,,,,null,,,
7111,falling,1,,,,,null,,,
7112,falling,1,585,251,22057,87.43,sam2,0.0,0.0,0.0
7113,falling,1,,,,,null,,,
7114,falling,1,,,,,null,,,
7115,falling,1,,,,,null,,,
7116,falling,1,585,251,22048,87.39,sam2,0.0,0.0,0.0
7117,falling,1,,,,,null,,,
7118,falling,1,,,,,null,,,
7119,falling,1,,,,,null,,,
7120,falling,1,585,251,22114,87.65,sam2,0.0,0.0,0.0
7121,falling,1,,,,,null,,,
7122,falling,1,,,,,null,,,
7123,falling,1,,,,,null,,,
7124,falling,1,585,251,21999,87.2,sam2,0.0,0.0,0.0
7125,falling,1,,,,,null,,,
7126,falling,1,,,,,null,,,
7127,falling,1,,,,,null,,,
7128,falling,1,585,251,22043,87.37,sam2,0.0,0.0,0.0
7129,falling,1,,,,,null,,,
7130,falling,1,,,,,null,,,
7131,falling,1,,,,,null,,,
7132,falling,1,585,251,21996,87.19,sam2,0.0,0.0,0.0
7133,falling,1,,,,,null,,,
7134,falling,1,,,,,null,,,
7135,falling,1,,,,,null,,,
7136,falling,1,585,251,22074,87.49,sam2,0.0,0.0,0.0
7137,falling,1,,,,,null,,,
7138,falling,1,,,,,null,,,
7139,falling,1,,,,,null,,,
7140,falling,1,585,251,22018,87.27,sam2,0.0,0.0,0.0
7141,falling,1,,,,,null,,,
7142,falling,1,,,,,null,,,
7143,falling,1,,,,,null,,,
7144,falling,1,585,251,22033,87.33,sam2,0.0,0.0,0.0
7145,falling,1,,,,,null,,,
7146,falling,1,,,,,null,,,
7147,falling,1,,,,,null,,,
7148,falling,1,585,251,22068,87.47,sam2,0.0,0.0,0.0
7149,falling,1,,,,,null,,,
7150,falling,1,,,,,null,,,
7151,falling,1,,,,,null,,,
7152,falling,1,585,251,21926,86.91,sam2,0.0,0.0,0.0
7153,falling,1,,,,,null,,,
7154,falling,1,,,,,null,,,
7155,falling,1,,,,,null,,,
7156,falling,1,585,251,22045,87.38,sam2,0.0,0.0,0.0
7157,falling,1,,,,,null,,,
7158,falling,1,,,,,null,,,
7159,falling,1,,,,,null,,,
7160,falling,1,585,251,21935,86.94,sam2,0.0,0.0,0.0
7161,falling,1,,,,,null,,,
7162,falling,1,,,,,null,,,
7163,falling,1,,,,,null,,,
7164,falling,1,585,251,21980,87.12,sam2,0.0,0.0,0.0
7165,falling,1,,,,,null,,,
7166,falling,1,,,,,null,,,
7167,falling,1,,,,,null,,,
7168,falling,1,585,250,21768,86.28,sam2,1.0,749.192,13.378
7169,falling,1,,,,,null,,,
7170,falling,1,,,,,null,,,
7171,falling,1,,,,,null,,,
7172,falling,1,585,251,21950,87.0,sam2,1.0,749.192,13.378
7173,falling,1,,,,,null,,,
7174,falling,1,,,,,null,,,
7175,falling,1,,,,,null,,,
7176,falling,1,585,251,21960,87.04,sam2,0.0,0.0,0.0
7177,falling,1,,,,,null,,,
7178,falling,1,,,,,null,,,
7179,falling,1,,,,,null,,,
7180,falling,1,585,251,21947,86.99,sam2,0.0,0.0,0.0
7181,falling,1,,,,,null,,,
7182,falling,1,,,,,null,,,
7183,falling,1,,,,,null,,,
7184,falling,1,584,250,21840,86.57,sam2,1.414,1059.517,18.92
7185,falling,1,,,,,null,,,
7186,falling,1,,,,,null,,,
7187,falling,1,,,,,null,,,
7188,falling,1,585,251,21831,86.53,sam2,1.414,1059.517,18.92
7189,falling,1,,,,,null,,,
7190,falling,1,,,,,null,,,
7191,falling,1,,,,,null,,,
7192,falling,1,585,251,21924,86.9,sam2,0.0,0.0,0.0
7193,falling,1,,,,,null,,,
7194,falling,1,,,,,null,,,
7195,falling,1,,,,,null,,,
7196,falling,1,585,250,21761,86.25,sam2,1.0,749.192,13.378
7197,falling,1,,,,,null,,,
7198,falling,1,,,,,null,,,
7199,falling,1,,,,,null,,,
7200,falling,1,585,251,21933,86.94,sam2,1.0,749.192,13.378
7201,falling,1,,,,,null,,,
7202,falling,1,,,,,null,,,
7203,falling,1,,,,,null,,,
7204,falling,1,585,251,21906,86.83,sam2,0.0,0.0,0.0
7205,falling,1,,,,,null,,,
7206,falling,1,,,,,null,,,
7207,falling,1,,,,,null,,,
7208,falling,1,585,251,21834,86.54,sam2,0.0,0.0,0.0
7209,falling,1,,,,,null,,,
7210,falling,1,,,,,null,,,
7211,falling,1,,,,,null,,,
7212,falling,1,585,251,21938,86.96,sam2,0.0,0.0,0.0
7213,falling,1,,,,,null,,,
7214,falling,1,,,,,null,,,
7215,falling,1,,,,,null,,,
7216,falling,1,585,251,21903,86.82,sam2,0.0,0.0,0.0
7217,falling,1,,,,,null,,,
7218,falling,1,,,,,null,,,
7219,falling,1,,,,,null,,,
7220,falling,1,585,251,21872,86.69,sam2,0.0,0.0,0.0
7221,falling,1,,,,,null,,,
7222,falling,1,,,,,null,,,
7223,falling,1,,,,,null,,,
7224,falling,1,585,251,21913,86.86,sam2,0.0,0.0,0.0
7225,falling,1,,,,,null,,,
7226,falling,1,,,,,null,,,
7227,falling,1,,,,,null,,,
7228,falling,1,585,251,21914,86.86,sam2,0.0,0.0,0.0
7229,falling,1,,,,,null,,,
7230,falling,1,,,,,null,,,
7231,falling,1,,,,,null,,,
7232,falling,1,585,251,21930,86.92,sam2,0.0,0.0,0.0
7233,falling,1,,,,,null,,,
7234,falling,1,,,,,null,,,
7235,falling,1,,,,,null,,,
7236,falling,1,585,251,21946,86.99,sam2,0.0,0.0,0.0
7237,falling,1,,,,,null,,,
7238,falling,1,,,,,null,,,
7239,falling,1,,,,,null,,,
7240,falling,1,585,251,21914,86.86,sam2,0.0,0.0,0.0
7241,falling,1,,,,,null,,,
7242,falling,1,,,,,null,,,
7243,falling,1,,,,,null,,,
7244,falling,1,585,251,22009,87.24,sam2,0.0,0.0,0.0
7245,falling,1,,,,,null,,,
7246,falling,1,,,,,null,,,
7247,falling,1,,,,,null,,,
7248,falling,1,585,251,21831,86.53,sam2,0.0,0.0,0.0
7249,falling,1,,,,,null,,,
7250,falling,1,,,,,null,,,
7251,falling,1,,,,,null,,,
7252,falling,1,585,251,21940,86.96,sam2,0.0,0.0,0.0
7253,falling,1,,,,,null,,,
7254,falling,1,,,,,null,,,
7255,falling,1,,,,,null,,,
7256,falling,1,585,251,22008,87.23,sam2,0.0,0.0,0.0
7257,falling,1,,,,,null,,,
7258,falling,1,,,,,null,,,
7259,falling,1,,,,,null,,,
7260,falling,1,585,251,22072,87.49,sam2,0.0,0.0,0.0
7261,falling,1,,,,,null,,,
7262,falling,1,,,,,null,,,
7263,falling,1,,,,,null,,,
7264,falling,1,585,251,22072,87.49,sam2,0.0,0.0,0.0
7265,falling,1,,,,,null,,,
7266,falling,1,,,,,null,,,
7267,falling,1,,,,,null,,,
7268,falling,1,585,251,21923,86.9,sam2,0.0,0.0,0.0
7269,falling,1,,,,,null,,,
7270,falling,1,,,,,null,,,
7271,falling,1,,,,,null,,,
7272,falling,1,585,251,22036,87.34,sam2,0.0,0.0,0.0
7273,falling,1,,,,,null,,,
7274,falling,1,,,,,null,,,
7275,falling,1,,,,,null,,,
7276,falling,1,585,251,22059,87.44,sam2,0.0,0.0,0.0
7277,falling,1,,,,,null,,,
7278,falling,1,,,,,null,,,
7279,falling,1,,,,,null,,,
7280,falling,1,585,251,21916,86.87,sam2,0.0,0.0,0.0
7281,falling,1,,,,,null,,,
7282,falling,1,,,,,null,,,
7283,falling,1,,,,,null,,,
7284,falling,1,585,251,21888,86.76,sam2,0.0,0.0,0.0
7285,falling,1,,,,,null,,,
7286,falling,1,,,,,null,,,
7287,falling,1,,,,,null,,,
7288,falling,1,585,251,22022,87.29,sam2,0.0,0.0,0.0
7289,falling,1,,,,,null,,,
7290,falling,1,,,,,null,,,
7291,falling,1,,,,,null,,,
7292,falling,1,585,251,21990,87.16,sam2,0.0,0.0,0.0
7293,falling,1,,,,,null,,,
7294,falling,1,,,,,null,,,
7295,falling,1,,,,,null,,,
7296,falling,1,585,251,21965,87.06,sam2,0.0,0.0,0.0
7297,falling,1,,,,,null,,,
7298,falling,1,,,,,null,,,
7299,falling,1,,,,,null,,,
7300,falling,1,584,251,21978,87.11,sam2,1.0,749.192,13.378
7301,falling,1,,,,,null,,,
7302,falling,1,,,,,null,,,
7303,falling,1,,,,,null,,,
7304,falling,1,585,251,22095,87.58,sam2,1.0,749.192,13.378
7305,falling,1,,,,,null,,,
7306,falling,1,,,,,null,,,
7307,falling,1,,,,,null,,,
7308,falling,1,585,251,21969,87.08,sam2,0.0,0.0,0.0
7309,falling,1,,,,,null,,,
7310,falling,1,,,,,null,,,
7311,falling,1,,,,,null,,,
7312,falling,1,585,251,22071,87.48,sam2,0.0,0.0,0.0
7313,falling,1,,,,,null,,,
7314,falling,1,,,,,null,,,
7315,falling,1,,,,,null,,,
7316,falling,1,585,251,22109,87.63,sam2,0.0,0.0,0.0
7317,falling,1,,,,,null,,,
7318,falling,1,,,,,null,,,
7319,falling,1,,,,,null,,,
7320,falling,1,585,251,21935,86.94,sam2,0.0,0.0,0.0
7321,falling,1,,,,,null,,,
7322,falling,1,,,,,null,,,
7323,falling,1,,,,,null,,,
7324,falling,1,585,251,22017,87.27,sam2,0.0,0.0,0.0
7325,falling,1,,,,,null,,,
7326,falling,1,,,,,null,,,
7327,falling,1,,,,,null,,,
7328,falling,1,585,251,21985,87.14,sam2,0.0,0.0,0.0
7329,falling,1,,,,,null,,,
7330,falling,1,,,,,null,,,
7331,falling,1,,,,,null,,,
7332,falling,1,585,251,21939,86.96,sam2,0.0,0.0,0.0
7333,falling,1,,,,,null,,,
7334,falling,1,,,,,null,,,
7335,falling,1,,,,,null,,,
7336,falling,1,585,251,22070,87.48,sam2,0.0,0.0,0.0
7337,falling,1,,,,,null,,,
7338,falling,1,,,,,null,,,
7339,falling,1,,,,,null,,,
7340,falling,1,585,251,21995,87.18,sam2,0.0,0.0,0.0
7341,falling,1,,,,,null,,,
7342,falling,1,,,,,null,,,
7343,falling,1,,,,,null,,,
7344,falling,1,585,251,22149,87.79,sam2,0.0,0.0,0.0
7345,falling,1,,,,,null,,,
7346,falling,1,,,,,null,,,
7347,falling,1,,,,,null,,,
7348,falling,1,585,251,22176,87.9,sam2,0.0,0.0,0.0
7349,falling,1,,,,,null,,,
7350,falling,1,,,,,null,,,
7351,falling,1,,,,,null,,,
7352,falling,1,585,251,22137,87.74,sam2,0.0,0.0,0.0
7353,falling,1,,,,,null,,,
7354,falling,1,,,,,null,,,
7355,falling,1,,,,,null,,,
7356,falling,1,585,251,21992,87.17,sam2,0.0,0.0,0.0
7357,falling,1,,,,,null,,,
7358,falling,1,,,,,null,,,
7359,falling,1,,,,,null,,,
7360,falling,1,585,251,21944,86.98,sam2,0.0,0.0,0.0
7361,falling,1,,,,,null,,,
7362,falling,1,,,,,null,,,
7363,falling,1,,,,,null,,,
7364,falling,1,585,251,22101,87.6,sam2,0.0,0.0,0.0
7365,falling,1,,,,,null,,,
7366,falling,1,,,,,null,,,
7367,falling,1,,,,,null,,,
7368,falling,1,585,250,21882,86.73,sam2,1.0,749.192,13.378
7369,falling,1,,,,,null,,,
7370,falling,1,,,,,null,,,
7371,falling,1,,,,,null,,,
7372,falling,1,585,251,21982,87.13,sam2,1.0,749.192,13.378
7373,falling,1,,,,,null,,,
7374,falling,1,,,,,null,,,
7375,falling,1,,,,,null,,,
7376,falling,1,585,250,21910,86.84,sam2,1.0,749.192,13.378
7377,falling,1,,,,,null,,,
7378,falling,1,,,,,null,,,
7379,falling,1,,,,,null,,,
7380,falling,1,585,251,22007,87.23,sam2,1.0,749.192,13.378
7381,falling,1,,,,,null,,,
7382,falling,1,,,,,null,,,
7383,falling,1,,,,,null,,,
7384,falling,1,585,251,22059,87.44,sam2,0.0,0.0,0.0
7385,falling,1,,,,,null,,,
7386,falling,1,,,,,null,,,
7387,falling,1,,,,,null,,,
7388,falling,1,585,251,22029,87.32,sam2,0.0,0.0,0.0
7389,falling,1,,,,,null,,,
7390,falling,1,,,,,null,,,
7391,falling,1,,,,,null,,,
7392,falling,1,585,251,21939,86.96,sam2,0.0,0.0,0.0
7393,falling,1,,,,,null,,,
7394,falling,1,,,,,null,,,
7395,falling,1,,,,,null,,,
7396,falling,1,585,250,21803,86.42,sam2,1.0,749.192,13.378
7397,falling,1,,,,,null,,,
7398,falling,1,,,,,null,,,
7399,falling,1,,,,,null,,,
7400,falling,1,585,250,21831,86.53,sam2,0.0,0.0,0.0
7401,falling,1,,,,,null,,,
7402,falling,1,,,,,null,,,
7403,falling,1,,,,,null,,,
7404,falling,1,585,251,22048,87.39,sam2,1.0,749.192,13.378
7405,falling,1,,,,,null,,,
7406,falling,1,,,,,null,,,
7407,falling,1,,,,,null,,,
7408,falling,1,585,251,21978,87.11,sam2,0.0,0.0,0.0
7409,falling,1,,,,,null,,,
7410,falling,1,,,,,null,,,
7411,falling,1,,,,,null,,,
7412,falling,1,584,250,21835,86.55,sam2,1.414,1059.517,18.92
7413,falling,1,,,,,null,,,
7414,falling,1,,,,,null,,,
7415,falling,1,,,,,null,,,
7416,falling,1,585,251,22009,87.24,sam2,1.414,1059.517,18.92
7417,falling,1,,,,,null,,,
7418,falling,1,,,,,null,,,
7419,falling,1,,,,,null,,,
7420,falling,1,585,251,21941,86.97,sam2,0.0,0.0,0.0
7421,falling,1,,,,,null,,,
7422,falling,1,,,,,null,,,
7423,falling,1,,,,,null,,,
7424,falling,1,585,251,21927,86.91,sam2,0.0,0.0,0.0
7425,falling,1,,,,,null,,,
7426,falling,1,,,,,null,,,
7427,falling,1,,,,,null,,,
7428,falling,1,585,251,21949,87.0,sam2,0.0,0.0,0.0
7429,falling,1,,,,,null,,,
7430,falling,1,,,,,null,,,
7431,falling,1,,,,,null,,,
7432,falling,1,585,251,22006,87.23,sam2,0.0,0.0,0.0
7433,falling,1,,,,,null,,,
7434,falling,1,,,,,null,,,
7435,falling,1,,,,,null,,,
7436,falling,1,585,251,22061,87.44,sam2,0.0,0.0,0.0
7437,falling,1,,,,,null,,,
7438,falling,1,,,,,null,,,
7439,falling,1,,,,,null,,,
7440,falling,1,585,251,21895,86.79,sam2,0.0,0.0,0.0
7441,falling,1,,,,,null,,,
7442,falling,1,,,,,null,,,
7443,falling,1,,,,,null,,,
7444,falling,1,585,251,21980,87.12,sam2,0.0,0.0,0.0
7445,falling,1,,,,,null,,,
7446,falling,1,,,,,null,,,
7447,falling,1,,,,,null,,,
7448,falling,1,585,251,21932,86.93,sam2,0.0,0.0,0.0
7449,falling,1,,,,,null,,,
7450,falling,1,,,,,null,,,
7451,falling,1,,,,,null,,,
7452,falling,1,585,251,21956,87.03,sam2,0.0,0.0,0.0
7453,falling,1,,,,,null,,,
7454,falling,1,,,,,null,,,
7455,falling,1,,,,,null,,,
7456,falling,1,585,251,22040,87.36,sam2,0.0,0.0,0.0
7457,falling,1,,,,,null,,,
7458,falling,1,,,,,null,,,
7459,falling,1,,,,,null,,,
7460,falling,1,585,251,21989,87.16,sam2,0.0,0.0,0.0
7461,falling,1,,,,,null,,,
7462,falling,1,,,,,null,,,
7463,falling,1,,,,,null,,,
7464,falling,1,585,251,21880,86.73,sam2,0.0,0.0,0.0
7465,falling,1,,,,,null,,,
7466,falling,1,,,,,null,,,
7467,falling,1,,,,,null,,,
7468,falling,1,585,251,21920,86.88,sam2,0.0,0.0,0.0
7469,falling,1,,,,,null,,,
7470,falling,1,,,,,null,,,
7471,falling,1,,,,,null,,,
7472,falling,1,585,251,21999,87.2,sam2,0.0,0.0,0.0
7473,falling,1,,,,,null,,,
7474,falling,1,,,,,null,,,
7475,falling,1,,,,,null,,,
7476,falling,1,585,251,21962,87.05,sam2,0.0,0.0,0.0
7477,falling,1,,,,,null,,,
7478,falling,1,,,,,null,,,
7479,falling,1,,,,,null,,,
7480,falling,1,585,251,21952,87.01,sam2,0.0,0.0,0.0
7481,falling,1,,,,,null,,,
7482,falling,1,,,,,null,,,
7483,falling,1,,,,,null,,,
7484,falling,1,585,251,21935,86.94,sam2,0.0,0.0,0.0
7485,falling,1,,,,,null,,,
7486,falling,1,,,,,null,,,
7487,falling,1,,,,,null,,,
7488,falling,1,585,251,22052,87.41,sam2,0.0,0.0,0.0
7489,falling,1,,,,,null,,,
7490,falling,1,,,,,null,,,
7491,falling,1,,,,,null,,,
7492,falling,1,585,251,21930,86.92,sam2,0.0,0.0,0.0
7493,falling,1,,,,,null,,,
7494,falling,1,,,,,null,,,
7495,falling,1,,,,,null,,,
7496,falling,1,585,251,22184,87.93,sam2,0.0,0.0,0.0
7497,falling,1,,,,,null,,,
7498,falling,1,,,,,null,,,
7499,falling,1,,,,,null,,,
7500,falling,1,585,250,21928,86.92,sam2,1.0,749.192,13.378
7501,falling,1,,,,,null,,,
7502,falling,1,,,,,null,,,
7503,falling,1,,,,,null,,,
7504,falling,1,585,251,22115,87.66,sam2,1.0,749.192,13.378
7505,falling,1,,,,,null,,,
7506,falling,1,,,,,null,,,
7507,falling,1,,,,,null,,,
7508,falling,1,585,251,21976,87.11,sam2,0.0,0.0,0.0
7509,falling,1,,,,,null,,,
7510,falling,1,,,,,null,,,
7511,falling,1,,,,,null,,,
7512,falling,1,585,251,21986,87.15,sam2,0.0,0.0,0.0
7513,falling,1,,,,,null,,,
7514,falling,1,,,,,null,,,
7515,falling,1,,,,,null,,,
7516,falling,1,585,251,21972,87.09,sam2,0.0,0.0,0.0
7517,falling,1,,,,,null,,,
7518,falling,1,,,,,null,,,
7519,falling,1,,,,,null,,,
7520,falling,1,585,251,21998,87.19,sam2,0.0,0.0,0.0
7521,falling,1,,,,,null,,,
7522,falling,1,,,,,null,,,
7523,falling,1,,,,,null,,,
7524,falling,1,585,251,21958,87.03,sam2,0.0,0.0,0.0
7525,falling,1,,,,,null,,,
7526,falling,1,,,,,null,,,
7527,falling,1,,,,,null,,,
7528,falling,1,585,250,21833,86.54,sam2,1.0,749.192,13.378
7529,falling,1,,,,,null,,,
7530,falling,1,,,,,null,,,
7531,falling,1,,,,,null,,,
7532,falling,1,585,251,21980,87.12,sam2,1.0,749.192,13.378
7533,falling,1,,,,,null,,,
7534,falling,1,,,,,null,,,
7535,falling,1,,,,,null,,,
7536,falling,1,585,251,21967,87.07,sam2,0.0,0.0,0.0
7537,falling,1,,,,,null,,,
7538,falling,1,,,,,null,,,
7539,falling,1,,,,,null,,,
7540,falling,1,585,250,21845,86.59,sam2,1.0,749.192,13.378
7541,falling,1,,,,,null,,,
7542,falling,1,,,,,null,,,
7543,falling,1,,,,,null,,,
7544,falling,1,585,250,21758,86.24,sam2,0.0,0.0,0.0
7545,falling,1,,,,,null,,,
7546,falling,1,,,,,null,,,
7547,falling,1,,,,,null,,,
7548,falling,1,585,251,21981,87.13,sam2,1.0,749.192,13.378
7549,falling,1,,,,,null,,,
7550,falling,1,,,,,null,,,
7551,falling,1,,,,,null,,,
7552,falling,1,585,251,21960,87.04,sam2,0.0,0.0,0.0
7553,falling,1,,,,,null,,,
7554,falling,1,,,,,null,,,
7555,falling,1,,,,,null,,,
7556,falling,1,585,250,21734,86.15,sam2,1.0,749.192,13.378
7557,falling,1,,,,,null,,,
7558,falling,1,,,,,null,,,
7559,falling,1,,,,,null,,,
7560,falling,1,585,251,21908,86.84,sam2,1.0,749.192,13.378
7561,falling,1,,,,,null,,,
7562,falling,1,,,,,null,,,
7563,falling,1,,,,,null,,,
7564,falling,1,585,251,21938,86.96,sam2,0.0,0.0,0.0
7565,falling,1,,,,,null,,,
7566,falling,1,,,,,null,,,
7567,falling,1,,,,,null,,,
7568,falling,1,585,251,21966,87.07,sam2,0.0,0.0,0.0
7569,falling,1,,,,,null,,,
7570,falling,1,,,,,null,,,
7571,falling,1,,,,,null,,,
7572,falling,1,585,251,21929,86.92,sam2,0.0,0.0,0.0
7573,falling,1,,,,,null,,,
7574,falling,1,,,,,null,,,
7575,falling,1,,,,,null,,,
7576,falling,1,585,251,22016,87.26,sam2,0.0,0.0,0.0
7577,falling,1,,,,,null,,,
7578,falling,1,,,,,null,,,
7579,falling,1,,,,,null,,,
7580,falling,1,585,251,21914,86.86,sam2,0.0,0.0,0.0
7581,falling,1,,,,,null,,,
7582,falling,1,,,,,null,,,
7583,falling,1,,,,,null,,,
7584,falling,1,585,251,21964,87.06,sam2,0.0,0.0,0.0
7585,falling,1,,,,,null,,,
7586,falling,1,,,,,null,,,
7587,falling,1,,,,,null,,,
7588,falling,1,585,251,21923,86.9,sam2,0.0,0.0,0.0
7589,falling,1,,,,,null,,,
7590,falling,1,,,,,null,,,
7591,falling,1,,,,,null,,,
7592,falling,1,585,251,21903,86.82,sam2,0.0,0.0,0.0
7593,falling,1,,,,,null,,,
7594,falling,1,,,,,null,,,
7595,falling,1,,,,,null,,,
7596,falling,1,585,251,21952,87.01,sam2,0.0,0.0,0.0
7597,falling,1,,,,,null,,,
7598,falling,1,,,,,null,,,
7599,falling,1,,,,,null,,,
7600,falling,1,585,251,22040,87.36,sam2,0.0,0.0,0.0
7601,falling,1,,,,,null,,,
7602,falling,1,,,,,null,,,
7603,falling,1,,,,,null,,,
7604,falling,1,585,251,22146,87.78,sam2,0.0,0.0,0.0
7605,falling,1,,,,,null,,,
7606,falling,1,,,,,null,,,
7607,falling,1,,,,,null,,,
7608,falling,1,585,251,21975,87.1,sam2,0.0,0.0,0.0
7609,falling,1,,,,,null,,,
7610,falling,1,,,,,null,,,
7611,falling,1,,,,,null,,,
7612,falling,1,585,251,21915,86.86,sam2,0.0,0.0,0.0
7613,falling,1,,,,,null,,,
7614,falling,1,,,,,null,,,
7615,falling,1,,,,,null,,,
7616,falling,1,585,251,22043,87.37,sam2,0.0,0.0,0.0
7617,falling,1,,,,,null,,,
7618,falling,1,,,,,null,,,
7619,falling,1,,,,,null,,,
7620,falling,1,585,251,22035,87.34,sam2,0.0,0.0,0.0
7621,falling,1,,,,,null,,,
7622,falling,1,,,,,null,,,
7623,falling,1,,,,,null,,,
7624,falling,1,585,250,21819,86.48,sam2,1.0,749.192,13.378
7625,falling,1,,,,,null,,,
7626,falling,1,,,,,null,,,
7627,falling,1,,,,,null,,,
7628,falling,1,585,251,21944,86.98,sam2,1.0,749.192,13.378
7629,falling,1,,,,,null,,,
7630,falling,1,,,,,null,,,
7631,falling,1,,,,,null,,,
7632,falling,1,585,251,21949,87.0,sam2,0.0,0.0,0.0
7633,falling,1,,,,,null,,,
7634,falling,1,,,,,null,,,
7635,falling,1,,,,,null,,,
7636,falling,1,585,251,21936,86.95,sam2,0.0,0.0,0.0
7637,falling,1,,,,,null,,,
7638,falling,1,,,,,null,,,
7639,falling,1,,,,,null,,,
7640,falling,1,585,251,21929,86.92,sam2,0.0,0.0,0.0
7641,falling,1,,,,,null,,,
7642,falling,1,,,,,null,,,
7643,falling,1,,,,,null,,,
7644,falling,1,585,251,21985,87.14,sam2,0.0,0.0,0.0
7645,falling,1,,,,,null,,,
7646,falling,1,,,,,null,,,
7647,falling,1,,,,,null,,,
7648,falling,1,585,251,21909,86.84,sam2,0.0,0.0,0.0
7649,falling,1,,,,,null,,,
7650,falling,1,,,,,null,,,
7651,falling,1,,,,,null,,,
7652,falling,1,585,251,21960,87.04,sam2,0.0,0.0,0.0
7653,falling,1,,,,,null,,,
7654,falling,1,,,,,null,,,
7655,falling,1,,,,,null,,,
7656,falling,1,585,251,21934,86.94,sam2,0.0,0.0,0.0
7657,falling,1,,,,,null,,,
7658,falling,1,,,,,null,,,
7659,falling,1,,,,,null,,,
7660,falling,1,585,251,21960,87.04,sam2,0.0,0.0,0.0
7661,falling,1,,,,,null,,,
7662,falling,1,,,,,null,,,
7663,falling,1,,,,,null,,,
7664,falling,1,585,251,22099,87.59,sam2,0.0,0.0,0.0
7665,falling,1,,,,,null,,,
7666,falling,1,,,,,null,,,
7667,falling,1,,,,,null,,,
7668,falling,1,585,250,21876,86.71,sam2,1.0,749.192,13.378
7669,falling,1,,,,,null,,,
7670,falling,1,,,,,null,,,
7671,falling,1,,,,,null,,,
7672,falling,1,585,251,21978,87.11,sam2,1.0,749.192,13.378
7673,falling,1,,,,,null,,,
7674,falling,1,,,,,null,,,
7675,falling,1,,,,,null,,,
7676,falling,1,585,251,22056,87.42,sam2,0.0,0.0,0.0
7677,falling,1,,,,,null,,,
7678,falling,1,,,,,null,,,
7679,falling,1,,,,,null,,,
7680,falling,1,585,251,22052,87.41,sam2,0.0,0.0,0.0
7681,falling,1,,,,,null,,,
7682,falling,1,,,,,null,,,
7683,falling,1,,,,,null,,,
7684,falling,1,585,251,21968,87.07,sam2,0.0,0.0,0.0
7685,falling,1,,,,,null,,,
7686,falling,1,,,,,null,,,
7687,falling,1,,,,,null,,,
7688,falling,1,585,251,22011,87.24,sam2,0.0,0.0,0.0
7689,falling,1,,,,,null,,,
7690,falling,1,,,,,null,,,
7691,falling,1,,,,,null,,,
7692,falling,1,585,251,21946,86.99,sam2,0.0,0.0,0.0
7693,falling,1,,,,,null,,,
7694,falling,1,,,,,null,,,
7695,falling,1,,,,,null,,,
7696,falling,1,585,251,22103,87.61,sam2,0.0,0.0,0.0
7697,falling,1,,,,,null,,,
7698,falling,1,,,,,null,,,
7699,falling,1,,,,,null,,,
7700,falling,1,585,251,21979,87.12,sam2,0.0,0.0,0.0
7701,falling,1,,,,,null,,,
7702,falling,1,,,,,null,,,
7703,falling,1,,,,,null,,,
7704,falling,1,585,251,22046,87.38,sam2,0.0,0.0,0.0
7705,falling,1,,,,,null,,,
7706,falling,1,,,,,null,,,
7707,falling,1,,,,,null,,,
7708,falling,1,585,251,22030,87.32,sam2,0.0,0.0,0.0
7709,falling,1,,,,,null,,,
7710,falling,1,,,,,null,,,
7711,falling,1,,,,,null,,,
7712,falling,1,585,251,21982,87.13,sam2,0.0,0.0,0.0
7713,falling,1,,,,,null,,,
7714,falling,1,,,,,null,,,
7715,falling,1,,,,,null,,,
7716,falling,1,585,251,22004,87.22,sam2,0.0,0.0,0.0
7717,falling,1,,,,,null,,,
7718,falling,1,,,,,null,,,
7719,falling,1,,,,,null,,,
7720,falling,1,585,251,22106,87.62,sam2,0.0,0.0,0.0
7721,falling,1,,,,,null,,,
7722,falling,1,,,,,null,,,
7723,falling,1,,,,,null,,,
7724,falling,1,585,251,22031,87.32,sam2,0.0,0.0,0.0
7725,falling,1,,,,,null,,,
7726,falling,1,,,,,null,,,
7727,falling,1,,,,,null,,,
7728,falling,1,585,251,21978,87.11,sam2,0.0,0.0,0.0
7729,falling,1,,,,,null,,,
7730,falling,1,,,,,null,,,
7731,falling,1,,,,,null,,,
7732,falling,1,585,251,22026,87.3,sam2,0.0,0.0,0.0
7733,falling,1,,,,,null,,,
7734,falling,1,,,,,null,,,
7735,falling,1,,,,,null,,,
7736,falling,1,585,251,22086,87.54,sam2,0.0,0.0,0.0
7737,falling,1,,,,,null,,,
7738,falling,1,,,,,null,,,
7739,falling,1,,,,,null,,,
7740,falling,1,585,251,21974,87.1,sam2,0.0,0.0,0.0
7741,falling,1,,,,,null,,,
7742,falling,1,,,,,null,,,
7743,falling,1,,,,,null,,,
7744,falling,1,585,251,21994,87.18,sam2,0.0,0.0,0.0
7745,falling,1,,,,,null,,,
7746,falling,1,,,,,null,,,
7747,falling,1,,,,,null,,,
7748,falling,1,585,251,21968,87.07,sam2,0.0,0.0,0.0
7749,falling,1,,,,,null,,,
7750,falling,1,,,,,null,,,
7751,falling,1,,,,,null,,,
7752,falling,1,585,251,22057,87.43,sam2,0.0,0.0,0.0
7753,falling,1,,,,,null,,,
7754,falling,1,,,,,null,,,
7755,falling,1,,,,,null,,,
7756,falling,1,585,251,22041,87.36,sam2,0.0,0.0,0.0
7757,falling,1,,,,,null,,,
7758,falling,1,,,,,null,,,
7759,falling,1,,,,,null,,,
7760,falling,1,585,251,22131,87.72,sam2,0.0,0.0,0.0
7761,falling,1,,,,,null,,,
7762,falling,1,,,,,null,,,
7763,falling,1,,,,,null,,,
7764,falling,1,585,251,21929,86.92,sam2,0.0,0.0,0.0
7765,falling,1,,,,,null,,,
7766,falling,1,,,,,null,,,
7767,falling,1,,,,,null,,,
7768,falling,1,585,251,22082,87.53,sam2,0.0,0.0,0.0
7769,falling,1,,,,,null,,,
7770,falling,1,,,,,null,,,
7771,falling,1,,,,,null,,,
7772,falling,1,585,251,21943,86.98,sam2,0.0,0.0,0.0
7773,falling,1,,,,,null,,,
7774,falling,1,,,,,null,,,
7775,falling,1,,,,,null,,,
7776,falling,1,585,250,21853,86.62,sam2,1.0,749.192,13.378
7777,falling,1,,,,,null,,,
7778,falling,1,,,,,null,,,
7779,falling,1,,,,,null,,,
7780,falling,1,585,251,21934,86.94,sam2,1.0,749.192,13.378
7781,falling,1,,,,,null,,,
7782,falling,1,,,,,null,,,
7783,falling,1,,,,,null,,,
7784,falling,1,585,251,22048,87.39,sam2,0.0,0.0,0.0
7785,falling,1,,,,,null,,,
7786,falling,1,,,,,null,,,
7787,falling,1,,,,,null,,,
7788,falling,1,585,251,21988,87.15,sam2,0.0,0.0,0.0
7789,falling,1,,,,,null,,,
7790,falling,1,,,,,null,,,
7791,falling,1,,,,,null,,,
7792,falling,1,585,251,22094,87.57,sam2,0.0,0.0,0.0
7793,falling,1,,,,,null,,,
7794,falling,1,,,,,null,,,
7795,falling,1,,,,,null,,,
7796,falling,1,585,250,21889,86.76,sam2,1.0,749.192,13.378
7797,falling,1,,,,,null,,,
7798,falling,1,,,,,null,,,
7799,falling,1,,,,,null,,,
7800,falling,1,585,251,22076,87.5,sam2,1.0,749.192,13.378
7801,falling,1,,,,,null,,,
7802,falling,1,,,,,null,,,
7803,falling,1,,,,,null,,,
7804,falling,1,585,251,22051,87.4,sam2,0.0,0.0,0.0
7805,falling,1,,,,,null,,,
7806,falling,1,,,,,null,,,
7807,falling,1,,,,,null,,,
7808,falling,1,585,251,22000,87.2,sam2,0.0,0.0,0.0
7809,falling,1,,,,,null,,,
7810,falling,1,,,,,null,,,
7811,falling,1,,,,,null,,,
7812,falling,1,585,251,22153,87.81,sam2,0.0,0.0,0.0
7813,falling,1,,,,,null,,,
7814,falling,1,,,,,null,,,
7815,falling,1,,,,,null,,,
7816,falling,1,585,251,22044,87.38,sam2,0.0,0.0,0.0
7817,falling,1,,,,,null,,,
7818,falling,1,,,,,null,,,
7819,falling,1,,,,,null,,,
7820,falling,1,585,251,22151,87.8,sam2,0.0,0.0,0.0
7821,falling,1,,,,,null,,,
7822,falling,1,,,,,null,,,
7823,falling,1,,,,,null,,,
7824,falling,1,585,251,22048,87.39,sam2,0.0,0.0,0.0
7825,falling,1,,,,,null,,,
7826,falling,1,,,,,null,,,
7827,falling,1,,,,,null,,,
7828,falling,1,585,251,22023,87.29,sam2,0.0,0.0,0.0
7829,falling,1,,,,,null,,,
7830,falling,1,,,,,null,,,
7831,falling,1,,,,,null,,,
7832,falling,1,585,251,22027,87.31,sam2,0.0,0.0,0.0
7833,falling,1,,,,,null,,,
7834,falling,1,,,,,null,,,
7835,falling,1,,,,,null,,,
7836,falling,1,585,250,21849,86.6,sam2,1.0,749.192,13.378
7837,falling,1,,,,,null,,,
7838,falling,1,,,,,null,,,
7839,falling,1,,,,,null,,,
7840,falling,1,585,250,21817,86.48,sam2,0.0,0.0,0.0
7841,falling,1,,,,,null,,,
7842,falling,1,,,,,null,,,
7843,falling,1,,,,,null,,,
7844,falling,1,585,251,22064,87.45,sam2,1.0,749.192,13.378
7845,falling,1,,,,,null,,,
7846,falling,1,,,,,null,,,
7847,falling,1,,,,,null,,,
7848,falling,1,585,251,22126,87.7,sam2,0.0,0.0,0.0
7849,falling,1,,,,,null,,,
7850,falling,1,,,,,null,,,
7851,falling,1,,,,,null,,,
7852,falling,1,585,251,22012,87.25,sam2,0.0,0.0,0.0
7853,falling,1,,,,,null,,,
7854,falling,1,,,,,null,,,
7855,falling,1,,,,,null,,,
7856,falling,1,585,251,21967,87.07,sam2,0.0,0.0,0.0
7857,falling,1,,,,,null,,,
7858,falling,1,,,,,null,,,
7859,falling,1,,,,,null,,,
7860,falling,1,585,251,22008,87.23,sam2,0.0,0.0,0.0
7861,falling,1,,,,,null,,,
7862,falling,1,,,,,null,,,
7863,falling,1,,,,,null,,,
7864,falling,1,585,251,21997,87.19,sam2,0.0,0.0,0.0
7865,falling,1,,,,,null,,,
7866,falling,1,,,,,null,,,
7867,falling,1,,,,,null,,,
7868,falling,1,585,251,21960,87.04,sam2,0.0,0.0,0.0
7869,falling,1,,,,,null,,,
7870,falling,1,,,,,null,,,
7871,falling,1,,,,,null,,,
7872,falling,1,585,251,22122,87.68,sam2,0.0,0.0,0.0
7873,falling,1,,,,,null,,,
7874,falling,1,,,,,null,,,
7875,falling,1,,,,,null,,,
7876,falling,1,585,251,22060,87.44,sam2,0.0,0.0,0.0
7877,falling,1,,,,,null,,,
7878,falling,1,,,,,null,,,
7879,falling,1,,,,,null,,,
7880,falling,1,585,251,22033,87.33,sam2,0.0,0.0,0.0
7881,falling,1,,,,,null,,,
7882,falling,1,,,,,null,,,
7883,falling,1,,,,,null,,,
7884,falling,1,585,251,22078,87.51,sam2,0.0,0.0,0.0
7885,falling,1,,,,,null,,,
7886,falling,1,,,,,null,,,
7887,falling,1,,,,,null,,,
7888,falling,1,585,251,22061,87.44,sam2,0.0,0.0,0.0
7889,falling,1,,,,,null,,,
7890,falling,1,,,,,null,,,
7891,falling,1,,,,,null,,,
7892,falling,1,585,251,22011,87.24,sam2,0.0,0.0,0.0
7893,falling,1,,,,,null,,,
7894,falling,1,,,,,null,,,
7895,falling,1,,,,,null,,,
7896,falling,1,585,251,21958,87.03,sam2,0.0,0.0,0.0
7897,falling,1,,,,,null,,,
7898,falling,1,,,,,null,,,
7899,falling,1,,,,,null,,,
7900,falling,1,585,251,22089,87.55,sam2,0.0,0.0,0.0
7901,falling,1,,,,,null,,,
7902,falling,1,,,,,null,,,
7903,falling,1,,,,,null,,,
7904,falling,1,585,251,22105,87.62,sam2,0.0,0.0,0.0
7905,falling,1,,,,,null,,,
7906,falling,1,,,,,null,,,
7907,falling,1,,,,,null,,,
7908,falling,1,585,251,22003,87.21,sam2,0.0,0.0,0.0
7909,falling,1,,,,,null,,,
7910,falling,1,,,,,null,,,
7911,falling,1,,,,,null,,,
7912,falling,1,585,251,22033,87.33,sam2,0.0,0.0,0.0
7913,falling,1,,,,,null,,,
7914,falling,1,,,,,null,,,
7915,falling,1,,,,,null,,,
7916,falling,1,585,251,21926,86.91,sam2,0.0,0.0,0.0
7917,falling,1,,,,,null,,,
7918,falling,1,,,,,null,,,
7919,falling,1,,,,,null,,,
7920,falling,1,585,251,21936,86.95,sam2,0.0,0.0,0.0
7921,falling,1,,,,,null,,,
7922,falling,1,,,,,null,,,
7923,falling,1,,,,,null,,,
7924,falling,1,585,250,21833,86.54,sam2,1.0,749.192,13.378
7925,falling,1,,,,,null,,,
7926,falling,1,,,,,null,,,
7927,falling,1,,,,,null,,,
7928,falling,1,585,251,22033,87.33,sam2,1.0,749.192,13.378
7929,falling,1,,,,,null,,,
7930,falling,1,,,,,null,,,
7931,falling,1,,,,,null,,,
7932,falling,1,585,251,22095,87.58,sam2,0.0,0.0,0.0
7933,falling,1,,,,,null,,,
7934,falling,1,,,,,null,,,
7935,falling,1,,,,,null,,,
7936,falling,1,585,251,22018,87.27,sam2,0.0,0.0,0.0
7937,falling,1,,,,,null,,,
7938,falling,1,,,,,null,,,
7939,falling,1,,,,,null,,,
7940,falling,1,585,251,21984,87.14,sam2,0.0,0.0,0.0
7941,falling,1,,,,,null,,,
7942,falling,1,,,,,null,,,
7943,falling,1,,,,,null,,,
7944,falling,1,585,250,21918,86.88,sam2,1.0,749.192,13.378
7945,falling,1,,,,,null,,,
7946,falling,1,,,,,null,,,
7947,falling,1,,,,,null,,,
7948,falling,1,585,251,22015,87.26,sam2,1.0,749.192,13.378
7949,falling,1,,,,,null,,,
7950,falling,1,,,,,null,,,
7951,falling,1,,,,,null,,,
7952,falling,1,585,251,21945,86.98,sam2,0.0,0.0,0.0
7953,falling,1,,,,,null,,,
7954,falling,1,,,,,null,,,
7955,falling,1,,,,,null,,,
7956,falling,1,585,251,22040,87.36,sam2,0.0,0.0,0.0
7957,falling,1,,,,,null,,,
7958,falling,1,,,,,null,,,
7959,falling,1,,,,,null,,,
7960,falling,1,585,251,22047,87.39,sam2,0.0,0.0,0.0
7961,falling,1,,,,,null,,,
7962,falling,1,,,,,null,,,
7963,falling,1,,,,,null,,,
7964,falling,1,585,251,22020,87.28,sam2,0.0,0.0,0.0
7965,falling,1,,,,,null,,,
7966,falling,1,,,,,null,,,
7967,falling,1,,,,,null,,,
7968,falling,1,585,251,22082,87.53,sam2,0.0,0.0,0.0
7969,falling,1,,,,,null,,,
7970,falling,1,,,,,null,,,
7971,falling,1,,,,,null,,,
7972,falling,1,585,251,22031,87.32,sam2,0.0,0.0,0.0
7973,falling,1,,,,,null,,,
7974,falling,1,,,,,null,,,
7975,falling,1,,,,,null,,,
7976,falling,1,585,251,21982,87.13,sam2,0.0,0.0,0.0
7977,falling,1,,,,,null,,,
7978,falling,1,,,,,null,,,
7979,falling,1,,,,,null,,,
7980,falling,1,585,251,21967,87.07,sam2,0.0,0.0,0.0
7981,falling,1,,,,,null,,,
7982,falling,1,,,,,null,,,
7983,falling,1,,,,,null,,,
7984,falling,1,585,251,22064,87.45,sam2,0.0,0.0,0.0
7985,falling,1,,,,,null,,,
7986,falling,1,,,,,null,,,
7987,falling,1,,,,,null,,,
7988,falling,1,585,251,22084,87.53,sam2,0.0,0.0,0.0
7989,falling,1,,,,,null,,,
7990,falling,1,,,,,null,,,
7991,falling,1,,,,,null,,,
7992,falling,1,585,251,22034,87.34,sam2,0.0,0.0,0.0
7993,falling,1,,,,,null,,,
7994,falling,1,,,,,null,,,
7995,falling,1,,,,,null,,,
7996,falling,1,585,251,21936,86.95,sam2,0.0,0.0,0.0
7997,falling,1,,,,,null,,,
7998,falling,1,,,,,null,,,
7999,falling,1,,,,,null,,,
8000,falling,1,585,251,22011,87.24,sam2,0.0,0.0,0.0
8001,falling,1,,,,,null,,,
8002,falling,1,,,,,null,,,
8003,falling,1,,,,,null,,,
8004,falling,1,585,251,21879,86.72,sam2,0.0,0.0,0.0
8005,falling,1,,,,,null,,,
8006,falling,1,,,,,null,,,
8007,falling,1,,,,,null,,,
8008,falling,1,585,251,21890,86.77,sam2,0.0,0.0,0.0
8009,falling,1,,,,,null,,,
8010,falling,1,,,,,null,,,
8011,falling,1,,,,,null,,,
8012,falling,1,585,250,21817,86.48,sam2,1.0,749.192,13.378
8013,falling,1,,,,,null,,,
8014,falling,1,,,,,null,,,
8015,falling,1,,,,,null,,,
8016,falling,1,585,251,22043,87.37,sam2,1.0,749.192,13.378
8017,falling,1,,,,,null,,,
8018,falling,1,,,,,null,,,
8019,falling,1,,,,,null,,,
8020,falling,1,585,251,21947,86.99,sam2,0.0,0.0,0.0
8021,falling,1,,,,,null,,,
8022,falling,1,,,,,null,,,
8023,falling,1,,,,,null,,,
8024,falling,1,585,250,21775,86.31,sam2,1.0,749.192,13.378
8025,falling,1,,,,,null,,,
8026,falling,1,,,,,null,,,
8027,falling,1,,,,,null,,,
8028,falling,1,585,250,21835,86.55,sam2,0.0,0.0,0.0
8029,falling,1,,,,,null,,,
8030,falling,1,,,,,null,,,
8031,falling,1,,,,,null,,,
8032,falling,1,585,251,21944,86.98,sam2,1.0,749.192,13.378
8033,falling,1,,,,,null,,,
8034,falling,1,,,,,null,,,
8035,falling,1,,,,,null,,,
8036,falling,1,585,251,21972,87.09,sam2,0.0,0.0,0.0
8037,falling,1,,,,,null,,,
8038,falling,1,,,,,null,,,
8039,falling,1,,,,,null,,,
8040,falling,1,585,250,21799,86.4,sam2,1.0,749.192,13.378
8041,falling,1,,,,,null,,,
8042,falling,1,,,,,null,,,
8043,falling,1,,,,,null,,,
8044,falling,1,585,251,21955,87.02,sam2,1.0,749.192,13.378
8045,falling,1,,,,,null,,,
8046,falling,1,,,,,null,,,
8047,falling,1,,,,,null,,,
8048,falling,1,585,250,21864,86.66,sam2,1.0,749.192,13.378
8049,falling,1,,,,,null,,,
8050,falling,1,,,,,null,,,
8051,falling,1,,,,,null,,,
8052,falling,1,585,251,21965,87.06,sam2,1.0,749.192,13.378
8053,falling,1,,,,,null,,,
8054,falling,1,,,,,null,,,
8055,falling,1,,,,,null,,,
8056,falling,1,585,251,22062,87.45,sam2,0.0,0.0,0.0
8057,falling,1,,,,,null,,,
8058,falling,1,,,,,null,,,
8059,falling,1,,,,,null,,,
8060,falling,1,585,251,21888,86.76,sam2,0.0,0.0,0.0
8061,falling,1,,,,,null,,,
8062,falling,1,,,,,null,,,
8063,falling,1,,,,,null,,,
8064,falling,1,585,251,22011,87.24,sam2,0.0,0.0,0.0
8065,falling,1,,,,,null,,,
8066,falling,1,,,,,null,,,
8067,falling,1,,,,,null,,,
8068,falling,1,585,251,21928,86.92,sam2,0.0,0.0,0.0
8069,falling,1,,,,,null,,,
8070,falling,1,,,,,null,,,
8071,falling,1,,,,,null,,,
8072,falling,1,585,251,22008,87.23,sam2,0.0,0.0,0.0
8073,falling,1,,,,,null,,,
8074,falling,1,,,,,null,,,
8075,falling,1,,,,,null,,,
8076,falling,1,585,251,21998,87.19,sam2,0.0,0.0,0.0
8077,falling,1,,,,,null,,,
8078,falling,1,,,,,null,,,
8079,falling,1,,,,,null,,,
8080,falling,1,585,251,22007,87.23,sam2,0.0,0.0,0.0
8081,falling,1,,,,,null,,,
8082,falling,1,,,,,null,,,
8083,falling,1,,,,,null,,,
8084,falling,1,585,251,21945,86.98,sam2,0.0,0.0,0.0
8085,falling,1,,,,,null,,,
8086,falling,1,,,,,null,,,
8087,falling,1,,,,,null,,,
8088,falling,1,585,251,21988,87.15,sam2,0.0,0.0,0.0
8089,falling,1,,,,,null,,,
8090,falling,1,,,,,null,,,
8091,falling,1,,,,,null,,,
8092,falling,1,585,251,21954,87.02,sam2,0.0,0.0,0.0
8093,falling,1,,,,,null,,,
8094,falling,1,,,,,null,,,
8095,falling,1,,,,,null,,,
8096,falling,1,585,251,21988,87.15,sam2,0.0,0.0,0.0
8097,falling,1,,,,,null,,,
8098,falling,1,,,,,null,,,
8099,falling,1,,,,,null,,,
8100,falling,1,585,250,21846,86.59,sam2,1.0,749.192,13.378
8101,falling,1,,,,,null,,,
8102,falling,1,,,,,null,,,
8103,falling,1,,,,,null,,,
8104,falling,1,585,250,21902,86.81,sam2,0.0,0.0,0.0
8105,falling,1,,,,,null,,,
8106,falling,1,,,,,null,,,
8107,falling,1,,,,,null,,,
8108,falling,1,585,251,21994,87.18,sam2,1.0,749.192,13.378
8109,falling,1,,,,,null,,,
8110,falling,1,,,,,null,,,
8111,falling,1,,,,,null,,,
8112,falling,1,585,250,21972,87.09,sam2,1.0,749.192,13.378
8113,falling,1,,,,,null,,,
8114,falling,1,,,,,null,,,
8115,falling,1,,,,,null,,,
8116,falling,1,585,251,21984,87.14,sam2,1.0,749.192,13.378
8117,falling,1,,,,,null,,,
8118,falling,1,,,,,null,,,
8119,falling,1,,,,,null,,,
8120,falling,1,585,251,22119,87.67,sam2,0.0,0.0,0.0
8121,falling,1,,,,,null,,,
8122,falling,1,,,,,null,,,
8123,falling,1,,,,,null,,,
8124,falling,1,585,251,22075,87.5,sam2,0.0,0.0,0.0
8125,falling,1,,,,,null,,,
8126,falling,1,,,,,null,,,
8127,falling,1,,,,,null,,,
8128,falling,1,585,251,21959,87.04,sam2,0.0,0.0,0.0
8129,falling,1,,,,,null,,,
8130,falling,1,,,,,null,,,
8131,falling,1,,,,,null,,,
8132,falling,1,585,251,22046,87.38,sam2,0.0,0.0,0.0
8133,falling,1,,,,,null,,,
8134,falling,1,,,,,null,,,
8135,falling,1,,,,,null,,,
8136,falling,1,585,251,22050,87.4,sam2,0.0,0.0,0.0
8137,falling,1,,,,,null,,,
8138,falling,1,,,,,null,,,
8139,falling,1,,,,,null,,,
8140,falling,1,585,251,22008,87.23,sam2,0.0,0.0,0.0
8141,falling,1,,,,,null,,,
8142,falling,1,,,,,null,,,
8143,falling,1,,,,,null,,,
8144,falling,1,585,250,21834,86.54,sam2,1.0,749.192,13.378
8145,falling,1,,,,,null,,,
8146,falling,1,,,,,null,,,
8147,falling,1,,,,,null,,,
8148,falling,1,585,250,21726,86.12,sam2,0.0,0.0,0.0
8149,falling,1,,,,,null,,,
8150,falling,1,,,,,null,,,
8151,falling,1,,,,,null,,,
8152,falling,1,585,250,21856,86.63,sam2,0.0,0.0,0.0
8153,falling,1,,,,,null,,,
8154,falling,1,,,,,null,,,
8155,falling,1,,,,,null,,,
8156,falling,1,585,250,21916,86.87,sam2,0.0,0.0,0.0
8157,falling,1,,,,,null,,,
8158,falling,1,,,,,null,,,
8159,falling,1,,,,,null,,,
8160,falling,1,585,251,22016,87.26,sam2,1.0,749.192,13.378
8161,falling,1,,,,,null,,,
8162,falling,1,,,,,null,,,
8163,falling,1,,,,,null,,,
8164,falling,1,585,251,21981,87.13,sam2,0.0,0.0,0.0
8165,falling,1,,,,,null,,,
8166,falling,1,,,,,null,,,
8167,falling,1,,,,,null,,,
8168,falling,1,585,251,22008,87.23,sam2,0.0,0.0,0.0
8169,falling,1,,,,,null,,,
8170,falling,1,,,,,null,,,
8171,falling,1,,,,,null,,,
8172,falling,1,585,250,21712,86.06,sam2,1.0,749.192,13.378
8173,falling,1,,,,,null,,,
8174,falling,1,,,,,null,,,
8175,falling,1,,,,,null,,,
8176,falling,1,585,250,21901,86.81,sam2,0.0,0.0,0.0
8177,falling,1,,,,,null,,,
8178,falling,1,,,,,null,,,
8179,falling,1,,,,,null,,,
8180,falling,1,585,250,21848,86.6,sam2,0.0,0.0,0.0
8181,falling,1,,,,,null,,,
8182,falling,1,,,,,null,,,
8183,falling,1,,,,,null,,,
8184,falling,1,585,251,21913,86.86,sam2,1.0,749.192,13.378
8185,falling,1,,,,,null,,,
8186,falling,1,,,,,null,,,
8187,falling,1,,,,,null,,,
8188,falling,1,585,251,22057,87.43,sam2,0.0,0.0,0.0
8189,falling,1,,,,,null,,,
8190,falling,1,,,,,null,,,
8191,falling,1,,,,,null,,,
8192,falling,1,585,251,22083,87.53,sam2,0.0,0.0,0.0
8193,falling,1,,,,,null,,,
8194,falling,1,,,,,null,,,
8195,falling,1,,,,,null,,,
8196,falling,1,585,251,22008,87.23,sam2,0.0,0.0,0.0
8197,falling,1,,,,,null,,,
8198,falling,1,,,,,null,,,
8199,falling,1,,,,,null,,,
8200,falling,1,585,250,21877,86.71,sam2,1.0,749.192,13.378
8201,falling,1,,,,,null,,,
8202,falling,1,,,,,null,,,
8203,falling,1,,,,,null,,,
8204,falling,1,585,251,22046,87.38,sam2,1.0,749.192,13.378
8205,falling,1,,,,,null,,,
8206,falling,1,,,,,null,,,
8207,falling,1,,,,,null,,,
8208,falling,1,585,251,22063,87.45,sam2,0.0,0.0,0.0
8209,falling,1,,,,,null,,,
8210,falling,1,,,,,null,,,
8211,falling,1,,,,,null,,,
8212,falling,1,585,251,22042,87.37,sam2,0.0,0.0,0.0
8213,falling,1,,,,,null,,,
8214,falling,1,,,,,null,,,
8215,falling,1,,,,,null,,,
8216,falling,1,585,251,22126,87.7,sam2,0.0,0.0,0.0
8217,falling,1,,,,,null,,,
8218,falling,1,,,,,null,,,
8219,falling,1,,,,,null,,,
8220,falling,1,585,251,22100,87.6,sam2,0.0,0.0,0.0
8221,falling,1,,,,,null,,,
8222,falling,1,,,,,null,,,
8223,falling,1,,,,,null,,,
8224,falling,1,585,251,22042,87.37,sam2,0.0,0.0,0.0
8225,falling,1,,,,,null,,,
8226,falling,1,,,,,null,,,
8227,falling,1,,,,,null,,,
8228,falling,1,585,251,22057,87.43,sam2,0.0,0.0,0.0
8229,falling,1,,,,,null,,,
8230,falling,1,,,,,null,,,
8231,falling,1,,,,,null,,,
8232,falling,1,585,251,22046,87.38,sam2,0.0,0.0,0.0
8233,falling,1,,,,,null,,,
8234,falling,1,,,,,null,,,
8235,falling,1,,,,,null,,,
8236,falling,1,585,251,21994,87.18,sam2,0.0,0.0,0.0
8237,falling,1,,,,,null,,,
8238,falling,1,,,,,null,,,
8239,falling,1,,,,,null,,,
8240,falling,1,585,251,22051,87.4,sam2,0.0,0.0,0.0
8241,falling,1,,,,,null,,,
8242,falling,1,,,,,null,,,
8243,falling,1,,,,,null,,,
8244,falling,1,585,251,21949,87.0,sam2,0.0,0.0,0.0
8245,falling,1,,,,,null,,,
8246,falling,1,,,,,null,,,
8247,falling,1,,,,,null,,,
8248,falling,1,585,251,22062,87.45,sam2,0.0,0.0,0.0
8249,falling,1,,,,,null,,,
8250,falling,1,,,,,null,,,
8251,falling,1,,,,,null,,,
8252,falling,1,585,251,21992,87.17,sam2,0.0,0.0,0.0
8253,falling,1,,,,,null,,,
8254,falling,1,,,,,null,,,
8255,falling,1,,,,,null,,,
8256,falling,1,585,251,22050,87.4,sam2,0.0,0.0,0.0
8257,falling,1,,,,,null,,,
8258,falling,1,,,,,null,,,
8259,falling,1,,,,,null,,,
8260,falling,1,585,251,22020,87.28,sam2,0.0,0.0,0.0
8261,falling,1,,,,,null,,,
8262,falling,1,,,,,null,,,
8263,falling,1,,,,,null,,,
8264,falling,1,585,251,22023,87.29,sam2,0.0,0.0,0.0
8265,falling,1,,,,,null,,,
8266,falling,1,,,,,null,,,
8267,falling,1,,,,,null,,,
8268,falling,1,585,251,22092,87.57,sam2,0.0,0.0,0.0
8269,falling,1,,,,,null,,,
8270,falling,1,,,,,null,,,
8271,falling,1,,,,,null,,,
8272,falling,1,585,251,22078,87.51,sam2,0.0,0.0,0.0
8273,falling,1,,,,,null,,,
8274,falling,1,,,,,null,,,
8275,falling,1,,,,,null,,,
8276,falling,1,585,251,22023,87.29,sam2,0.0,0.0,0.0
8277,falling,1,,,,,null,,,
8278,falling,1,,,,,null,,,
8279,falling,1,,,,,null,,,
8280,falling,1,585,251,22011,87.24,sam2,0.0,0.0,0.0
8281,falling,1,,,,,null,,,
8282,falling,1,,,,,null,,,
8283,falling,1,,,,,null,,,
8284,falling,1,585,251,22019,87.28,sam2,0.0,0.0,0.0
8285,falling,1,,,,,null,,,
8286,falling,1,,,,,null,,,
8287,falling,1,,,,,null,,,
8288,falling,1,585,251,21960,87.04,sam2,0.0,0.0,0.0
8289,falling,1,,,,,null,,,
8290,falling,1,,,,,null,,,
8291,falling,1,,,,,null,,,
8292,falling,1,585,250,21850,86.61,sam2,1.0,749.192,13.378
8293,falling,1,,,,,null,,,
8294,falling,1,,,,,null,,,
8295,falling,1,,,,,null,,,
8296,falling,1,585,250,21897,86.79,sam2,0.0,0.0,0.0
8297,falling,1,,,,,null,,,
8298,falling,1,,,,,null,,,
8299,falling,1,,,,,null,,,
8300,falling,1,585,250,21843,86.58,sam2,0.0,0.0,0.0
8301,falling,1,,,,,null,,,
8302,falling,1,,,,,null,,,
8303,falling,1,,,,,null,,,
8304,falling,1,585,251,21906,86.83,sam2,1.0,749.192,13.378
8305,falling,1,,,,,null,,,
8306,falling,1,,,,,null,,,
8307,falling,1,,,,,null,,,
8308,falling,1,585,251,22132,87.72,sam2,0.0,0.0,0.0
8309,falling,1,,,,,null,,,
8310,falling,1,,,,,null,,,
8311,falling,1,,,,,null,,,
8312,falling,1,585,251,21977,87.11,sam2,0.0,0.0,0.0
8313,falling,1,,,,,null,,,
8314,falling,1,,,,,null,,,
8315,falling,1,,,,,null,,,
8316,falling,1,585,251,21944,86.98,sam2,0.0,0.0,0.0
8317,falling,1,,,,,null,,,
8318,falling,1,,,,,null,,,
8319,falling,1,,,,,null,,,
8320,falling,1,585,251,22030,87.32,sam2,0.0,0.0,0.0
8321,falling,1,,,,,null,,,
8322,falling,1,,,,,null,,,
8323,falling,1,,,,,null,,,
8324,falling,1,585,251,21969,87.08,sam2,0.0,0.0,0.0
8325,falling,1,,,,,null,,,
8326,falling,1,,,,,null,,,
8327,falling,1,,,,,null,,,
8328,falling,1,585,251,21966,87.07,sam2,0.0,0.0,0.0
8329,falling,1,,,,,null,,,
8330,falling,1,,,,,null,,,
8331,falling,1,,,,,null,,,
8332,falling,1,585,250,21779,86.33,sam2,1.0,749.192,13.378
8333,falling,1,,,,,null,,,
8334,falling,1,,,,,null,,,
8335,falling,1,,,,,null,,,
8336,falling,1,585,251,21976,87.11,sam2,1.0,749.192,13.378
8337,falling,1,,,,,null,,,
8338,falling,1,,,,,null,,,
8339,falling,1,,,,,null,,,
8340,falling,1,585,250,21821,86.49,sam2,1.0,749.192,13.378
8341,falling,1,,,,,null,,,
8342,falling,1,,,,,null,,,
8343,falling,1,,,,,null,,,
8344,falling,1,585,251,22004,87.22,sam2,1.0,749.192,13.378
8345,falling,1,,,,,null,,,
8346,falling,1,,,,,null,,,
8347,falling,1,,,,,null,,,
8348,falling,1,585,251,21984,87.14,sam2,0.0,0.0,0.0
8349,falling,1,,,,,null,,,
8350,falling,1,,,,,null,,,
8351,falling,1,,,,,null,,,
8352,falling,1,585,250,21867,86.67,sam2,1.0,749.192,13.378
8353,falling,1,,,,,null,,,
8354,falling,1,,,,,null,,,
8355,falling,1,,,,,null,,,
8356,falling,1,585,251,22087,87.55,sam2,1.0,749.192,13.378
8357,falling,1,,,,,null,,,
8358,falling,1,,,,,null,,,
8359,falling,1,,,,,null,,,
8360,falling,1,585,251,22005,87.22,sam2,0.0,0.0,0.0
8361,falling,1,,,,,null,,,
8362,falling,1,,,,,null,,,
8363,falling,1,,,,,null,,,
8364,falling,1,585,251,22022,87.29,sam2,0.0,0.0,0.0
8365,falling,1,,,,,null,,,
8366,falling,1,,,,,null,,,
8367,falling,1,,,,,null,,,
8368,falling,1,585,251,22074,87.49,sam2,0.0,0.0,0.0
8369,falling,1,,,,,null,,,
8370,falling,1,,,,,null,,,
8371,falling,1,,,,,null,,,
8372,falling,1,585,251,21977,87.11,sam2,0.0,0.0,0.0
8373,falling,1,,,,,null,,,
8374,falling,1,,,,,null,,,
8375,falling,1,,,,,null,,,
8376,falling,1,585,251,22104,87.61,sam2,0.0,0.0,0.0
8377,falling,1,,,,,null,,,
8378,falling,1,,,,,null,,,
8379,falling,1,,,,,null,,,
8380,falling,1,585,251,21957,87.03,sam2,0.0,0.0,0.0
8381,falling,1,,,,,null,,,
8382,falling,1,,,,,null,,,
8383,falling,1,,,,,null,,,
8384,falling,1,585,251,21973,87.09,sam2,0.0,0.0,0.0
8385,falling,1,,,,,null,,,
8386,falling,1,,,,,null,,,
8387,falling,1,,,,,null,,,
8388,falling,1,585,251,22017,87.27,sam2,0.0,0.0,0.0
8389,falling,1,,,,,null,,,
8390,falling,1,,,,,null,,,
8391,falling,1,,,,,null,,,
8392,falling,1,585,251,22096,87.58,sam2,0.0,0.0,0.0
8393,falling,1,,,,,null,,,
8394,falling,1,,,,,null,,,
8395,falling,1,,,,,null,,,
8396,falling,1,585,251,21924,86.9,sam2,0.0,0.0,0.0
8397,falling,1,,,,,null,,,
8398,falling,1,,,,,null,,,
8399,falling,1,,,,,null,,,
8400,falling,1,585,251,22065,87.46,sam2,0.0,0.0,0.0
8401,falling,1,,,,,null,,,
8402,falling,1,,,,,null,,,
8403,falling,1,,,,,null,,,
8404,falling,1,585,251,21928,86.92,sam2,0.0,0.0,0.0
8405,falling,1,,,,,null,,,
8406,falling,1,,,,,null,,,
8407,falling,1,,,,,null,,,
8408,falling,1,585,251,22040,87.36,sam2,0.0,0.0,0.0
8409,falling,1,,,,,null,,,
8410,falling,1,,,,,null,,,
8411,falling,1,,,,,null,,,
8412,falling,1,585,251,21943,86.98,sam2,0.0,0.0,0.0
8413,falling,1,,,,,null,,,
8414,falling,1,,,,,null,,,
8415,falling,1,,,,,null,,,
8416,falling,1,585,251,21977,87.11,sam2,0.0,0.0,0.0
8417,falling,1,,,,,null,,,
8418,falling,1,,,,,null,,,
8419,falling,1,,,,,null,,,
8420,falling,1,585,250,21856,86.63,sam2,1.0,749.192,13.378
8421,falling,1,,,,,null,,,
8422,falling,1,,,,,null,,,
8423,falling,1,,,,,null,,,
8424,falling,1,585,251,21936,86.95,sam2,1.0,749.192,13.378
8425,falling,1,,,,,null,,,
8426,falling,1,,,,,null,,,
8427,falling,1,,,,,null,,,
8428,falling,1,585,251,21993,87.17,sam2,0.0,0.0,0.0
8429,falling,1,,,,,null,,,
8430,falling,1,,,,,null,,,
8431,falling,1,,,,,null,,,
8432,falling,1,585,251,22100,87.6,sam2,0.0,0.0,0.0
8433,falling,1,,,,,null,,,
8434,falling,1,,,,,null,,,
8435,falling,1,,,,,null,,,
8436,falling,1,585,251,21956,87.03,sam2,0.0,0.0,0.0
8437,falling,1,,,,,null,,,
8438,falling,1,,,,,null,,,
8439,falling,1,,,,,null,,,
8440,falling,1,585,251,21960,87.04,sam2,0.0,0.0,0.0
8441,falling,1,,,,,null,,,
8442,falling,1,,,,,null,,,
8443,falling,1,,,,,null,,,
8444,falling,1,585,251,21990,87.16,sam2,0.0,0.0,0.0
8445,falling,1,,,,,null,,,
8446,falling,1,,,,,null,,,
8447,falling,1,,,,,null,,,
8448,falling,1,585,251,21960,87.04,sam2,0.0,0.0,0.0
8449,falling,1,,,,,null,,,
8450,falling,1,,,,,null,,,
8451,falling,1,,,,,null,,,
8452,falling,1,585,251,21957,87.03,sam2,0.0,0.0,0.0
8453,falling,1,,,,,null,,,
8454,falling,1,,,,,null,,,
8455,falling,1,,,,,null,,,
8456,falling,1,585,251,22179,87.91,sam2,0.0,0.0,0.0
8457,falling,1,,,,,null,,,
8458,falling,1,,,,,null,,,
8459,falling,1,,,,,null,,,
8460,falling,1,585,251,22051,87.4,sam2,0.0,0.0,0.0
8461,falling,1,,,,,null,,,
8462,falling,1,,,,,null,,,
8463,falling,1,,,,,null,,,
8464,falling,1,585,250,21869,86.68,sam2,1.0,749.192,13.378
8465,falling,1,,,,,null,,,
8466,falling,1,,,,,null,,,
8467,falling,1,,,,,null,,,
8468,falling,1,585,251,22051,87.4,sam2,1.0,749.192,13.378
8469,falling,1,,,,,null,,,
8470,falling,1,,,,,null,,,
8471,falling,1,,,,,null,,,
8472,falling,1,585,251,21995,87.18,sam2,0.0,0.0,0.0
8473,falling,1,,,,,null,,,
8474,falling,1,,,,,null,,,
8475,falling,1,,,,,null,,,
8476,falling,1,585,251,21931,86.93,sam2,0.0,0.0,0.0
8477,falling,1,,,,,null,,,
8478,falling,1,,,,,null,,,
8479,falling,1,,,,,null,,,
8480,falling,1,585,251,22010,87.24,sam2,0.0,0.0,0.0
8481,falling,1,,,,,null,,,
8482,falling,1,,,,,null,,,
8483,falling,1,,,,,null,,,
8484,falling,1,585,250,21834,86.54,sam2,1.0,749.192,13.378
8485,falling,1,,,,,null,,,
8486,falling,1,,,,,null,,,
8487,falling,1,,,,,null,,,
8488,falling,1,585,251,21982,87.13,sam2,1.0,749.192,13.378
8489,falling,1,,,,,null,,,
8490,falling,1,,,,,null,,,
8491,falling,1,,,,,null,,,
8492,falling,1,585,251,21988,87.15,sam2,0.0,0.0,0.0
8493,falling,1,,,,,null,,,
8494,falling,1,,,,,null,,,
8495,falling,1,,,,,null,,,
8496,falling,1,585,251,21997,87.19,sam2,0.0,0.0,0.0
8497,falling,1,,,,,null,,,
8498,falling,1,,,,,null,,,
8499,falling,1,,,,,null,,,
8500,falling,1,585,251,22043,87.37,sam2,0.0,0.0,0.0
8501,falling,1,,,,,null,,,
8502,falling,1,,,,,null,,,
8503,falling,1,,,,,null,,,
8504,falling,1,585,250,21883,86.74,sam2,1.0,749.192,13.378
8505,falling,1,,,,,null,,,
8506,falling,1,,,,,null,,,
8507,falling,1,,,,,null,,,
8508,falling,1,585,251,21982,87.13,sam2,1.0,749.192,13.378
8509,falling,1,,,,,null,,,
8510,falling,1,,,,,null,,,
8511,falling,1,,,,,null,,,
8512,falling,1,585,251,22025,87.3,sam2,0.0,0.0,0.0
8513,falling,1,,,,,null,,,
8514,falling,1,,,,,null,,,
8515,falling,1,,,,,null,,,
8516,falling,1,585,251,22106,87.62,sam2,0.0,0.0,0.0
8517,falling,1,,,,,null,,,
8518,falling,1,,,,,null,,,
8519,falling,1,,,,,null,,,
8520,falling,1,585,250,21871,86.69,sam2,1.0,749.192,13.378
8521,falling,1,,,,,null,,,
8522,falling,1,,,,,null,,,
8523,falling,1,,,,,null,,,
8524,falling,1,585,250,21850,86.61,sam2,0.0,0.0,0.0
8525,falling,1,,,,,null,,,
8526,falling,1,,,,,null,,,
8527,falling,1,,,,,null,,,
8528,falling,1,585,251,22020,87.28,sam2,1.0,749.192,13.378
8529,falling,1,,,,,null,,,
8530,falling,1,,,,,null,,,
8531,falling,1,,,,,null,,,
8532,falling,1,585,250,21874,86.7,sam2,1.0,749.192,13.378
8533,falling,1,,,,,null,,,
8534,falling,1,,,,,null,,,
8535,falling,1,,,,,null,,,
8536,falling,1,585,251,21930,86.92,sam2,1.0,749.192,13.378
8537,falling,1,,,,,null,,,
8538,falling,1,,,,,null,,,
8539,falling,1,,,,,null,,,
8540,falling,1,585,250,21701,86.02,sam2,1.0,749.192,13.378
8541,falling,1,,,,,null,,,
8542,falling,1,,,,,null,,,
8543,falling,1,,,,,null,,,
8544,falling,1,585,251,21920,86.88,sam2,1.0,749.192,13.378
8545,falling,1,,,,,null,,,
8546,falling,1,,,,,null,,,
8547,falling,1,,,,,null,,,
8548,falling,1,585,250,21875,86.71,sam2,1.0,749.192,13.378
8549,falling,1,,,,,null,,,
8550,falling,1,,,,,null,,,
8551,falling,1,,,,,null,,,
8552,falling,1,585,251,21904,86.82,sam2,1.0,749.192,13.378
8553,falling,1,,,,,null,,,
8554,falling,1,,,,,null,,,
8555,falling,1,,,,,null,,,
8556,falling,1,585,250,21902,86.81,sam2,1.0,749.192,13.378
8557,falling,1,,,,,null,,,
8558,falling,1,,,,,null,,,
8559,falling,1,,,,,null,,,
8560,falling,1,585,251,22020,87.28,sam2,1.0,749.192,13.378
8561,falling,1,,,,,null,,,
8562,falling,1,,,,,null,,,
8563,falling,1,,,,,null,,,
8564,falling,1,585,251,21988,87.15,sam2,0.0,0.0,0.0
8565,falling,1,,,,,null,,,
8566,falling,1,,,,,null,,,
8567,falling,1,,,,,null,,,
8568,falling,1,585,251,21964,87.06,sam2,0.0,0.0,0.0
8569,falling,1,,,,,null,,,
8570,falling,1,,,,,null,,,
8571,falling,1,,,,,null,,,
8572,falling,1,585,251,21952,87.01,sam2,0.0,0.0,0.0
8573,falling,1,,,,,null,,,
8574,falling,1,,,,,null,,,
8575,falling,1,,,,,null,,,
8576,falling,1,585,251,22052,87.41,sam2,0.0,0.0,0.0
8577,falling,1,,,,,null,,,
8578,falling,1,,,,,null,,,
8579,falling,1,,,,,null,,,
8580,falling,1,585,251,22053,87.41,sam2,0.0,0.0,0.0
8581,falling,1,,,,,null,,,
8582,falling,1,,,,,null,,,
8583,falling,1,,,,,null,,,
8584,falling,1,585,251,21991,87.17,sam2,0.0,0.0,0.0
8585,falling,1,,,,,null,,,
8586,falling,1,,,,,null,,,
8587,falling,1,,,,,null,,,
8588,falling,1,585,250,21893,86.78,sam2,1.0,749.192,13.378
8589,falling,1,,,,,null,,,
8590,falling,1,,,,,null,,,
8591,falling,1,,,,,null,,,
8592,falling,1,585,251,21990,87.16,sam2,1.0,749.192,13.378
8593,falling,1,,,,,null,,,
8594,falling,1,,,,,null,,,
8595,falling,1,,,,,null,,,
8596,falling,1,585,251,22033,87.33,sam2,0.0,0.0,0.0
8597,falling,1,,,,,null,,,
8598,falling,1,,,,,null,,,
8599,falling,1,,,,,null,,,
8600,falling,1,585,251,21993,87.17,sam2,0.0,0.0,0.0
8601,falling,1,,,,,null,,,
8602,falling,1,,,,,null,,,
8603,falling,1,,,,,null,,,
8604,falling,1,585,251,22084,87.53,sam2,0.0,0.0,0.0
8605,falling,1,,,,,null,,,
8606,falling,1,,,,,null,,,
8607,falling,1,,,,,null,,,
8608,falling,1,585,251,22029,87.32,sam2,0.0,0.0,0.0
8609,falling,1,,,,,null,,,
8610,falling,1,,,,,null,,,
8611,falling,1,,,,,null,,,
8612,falling,1,585,251,21954,87.02,sam2,0.0,0.0,0.0
8613,falling,1,,,,,null,,,
8614,falling,1,,,,,null,,,
8615,falling,1,,,,,null,,,
8616,falling,1,585,251,21942,86.97,sam2,0.0,0.0,0.0
8617,falling,1,,,,,null,,,
8618,falling,1,,,,,null,,,
8619,falling,1,,,,,null,,,
8620,falling,1,585,251,22020,87.28,sam2,0.0,0.0,0.0
8621,falling,1,,,,,null,,,
8622,falling,1,,,,,null,,,
8623,falling,1,,,,,null,,,
8624,falling,1,585,251,21981,87.13,sam2,0.0,0.0,0.0
8625,falling,1,,,,,null,,,
8626,falling,1,,,,,null,,,
8627,falling,1,,,,,null,,,
8628,falling,1,585,251,21953,87.01,sam2,0.0,0.0,0.0
8629,falling,1,,,,,null,,,
8630,falling,1,,,,,null,,,
8631,falling,1,,,,,null,,,
8632,falling,1,585,251,21919,86.88,sam2,0.0,0.0,0.0
8633,falling,1,,,,,null,,,
8634,falling,1,,,,,null,,,
8635,falling,1,,,,,null,,,
8636,falling,1,585,251,22015,87.26,sam2,0.0,0.0,0.0
8637,falling,1,,,,,null,,,
8638,falling,1,,,,,null,,,
8639,falling,1,,,,,null,,,
8640,falling,1,585,251,22055,87.42,sam2,0.0,0.0,0.0
8641,falling,1,,,,,null,,,
8642,falling,1,,,,,null,,,
8643,falling,1,,,,,null,,,
8644,falling,1,585,251,21936,86.95,sam2,0.0,0.0,0.0
8645,falling,1,,,,,null,,,
8646,falling,1,,,,,null,,,
8647,falling,1,,,,,null,,,
8648,falling,1,585,251,21925,86.9,sam2,0.0,0.0,0.0
8649,falling,1,,,,,null,,,
8650,falling,1,,,,,null,,,
8651,falling,1,,,,,null,,,
8652,falling,1,585,250,21873,86.7,sam2,1.0,749.192,13.378
8653,falling,1,,,,,null,,,
8654,falling,1,,,,,null,,,
8655,falling,1,,,,,null,,,
8656,falling,1,585,251,21960,87.04,sam2,1.0,749.192,13.378
8657,falling,1,,,,,null,,,
8658,falling,1,,,,,null,,,
8659,falling,1,,,,,null,,,
8660,falling,1,585,250,21868,86.68,sam2,1.0,749.192,13.378
8661,falling,1,,,,,null,,,
8662,falling,1,,,,,null,,,
8663,falling,1,,,,,null,,,
8664,falling,1,585,250,21882,86.73,sam2,0.0,0.0,0.0
8665,falling,1,,,,,null,,,
8666,falling,1,,,,,null,,,
8667,falling,1,,,,,null,,,
8668,falling,1,585,251,21991,87.17,sam2,1.0,749.192,13.378
8669,falling,1,,,,,null,,,
8670,falling,1,,,,,null,,,
8671,falling,1,,,,,null,,,
8672,falling,1,585,251,21917,86.87,sam2,0.0,0.0,0.0
8673,falling,1,,,,,null,,,
8674,falling,1,,,,,null,,,
8675,falling,1,,,,,null,,,
8676,falling,1,585,250,21905,86.82,sam2,1.0,749.192,13.378
8677,falling,1,,,,,null,,,
8678,falling,1,,,,,null,,,
8679,falling,1,,,,,null,,,
8680,falling,1,585,250,21832,86.54,sam2,0.0,0.0,0.0
8681,falling,1,,,,,null,,,
8682,falling,1,,,,,null,,,
8683,falling,1,,,,,null,,,
8684,falling,1,585,251,21958,87.03,sam2,1.0,749.192,13.378
8685,falling,1,,,,,null,,,
8686,falling,1,,,,,null,,,
8687,falling,1,,,,,null,,,
8688,falling,1,585,250,21922,86.89,sam2,1.0,749.192,13.378
8689,falling,1,,,,,null,,,
8690,falling,1,,,,,null,,,
8691,falling,1,,,,,null,,,
8692,falling,1,585,251,21959,87.04,sam2,1.0,749.192,13.378
8693,falling,1,,,,,null,,,
8694,falling,1,,,,,null,,,
8695,falling,1,,,,,null,,,
8696,falling,1,585,251,21961,87.05,sam2,0.0,0.0,0.0
8697,falling,1,,,,,null,,,
8698,falling,1,,,,,null,,,
8699,falling,1,,,,,null,,,
8700,falling,1,585,251,22065,87.46,sam2,0.0,0.0,0.0
8701,falling,1,,,,,null,,,
8702,falling,1,,,,,null,,,
8703,falling,1,,,,,null,,,
8704,falling,1,585,251,21962,87.05,sam2,0.0,0.0,0.0
8705,falling,1,,,,,null,,,
8706,falling,1,,,,,null,,,
8707,falling,1,,,,,null,,,
8708,falling,1,585,251,21962,87.05,sam2,0.0,0.0,0.0
8709,falling,1,,,,,null,,,
8710,falling,1,,,,,null,,,
8711,falling,1,,,,,null,,,
8712,falling,1,585,251,21999,87.2,sam2,0.0,0.0,0.0
8713,falling,1,,,,,null,,,
8714,falling,1,,,,,null,,,
8715,falling,1,,,,,null,,,
8716,falling,1,585,251,21997,87.19,sam2,0.0,0.0,0.0
8717,falling,1,,,,,null,,,
8718,falling,1,,,,,null,,,
8719,falling,1,,,,,null,,,
8720,falling,1,585,251,22110,87.64,sam2,0.0,0.0,0.0
8721,falling,1,,,,,null,,,
8722,falling,1,,,,,null,,,
8723,falling,1,,,,,null,,,
8724,falling,1,585,251,21920,86.88,sam2,0.0,0.0,0.0
8725,falling,1,,,,,null,,,
8726,falling,1,,,,,null,,,
8727,falling,1,,,,,null,,,
8728,falling,1,585,251,21944,86.98,sam2,0.0,0.0,0.0
8729,falling,1,,,,,null,,,
8730,falling,1,,,,,null,,,
8731,falling,1,,,,,null,,,
8732,falling,1,585,251,22126,87.7,sam2,0.0,0.0,0.0
8733,falling,1,,,,,null,,,
8734,falling,1,,,,,null,,,
8735,falling,1,,,,,null,,,
8736,falling,1,585,251,21996,87.19,sam2,0.0,0.0,0.0
8737,falling,1,,,,,null,,,
8738,falling,1,,,,,null,,,
8739,falling,1,,,,,null,,,
8740,falling,1,585,251,21940,86.96,sam2,0.0,0.0,0.0
8741,falling,1,,,,,null,,,
8742,falling,1,,,,,null,,,
8743,falling,1,,,,,null,,,
8744,falling,1,585,251,21946,86.99,sam2,0.0,0.0,0.0
8745,falling,1,,,,,null,,,
8746,falling,1,,,,,null,,,
8747,falling,1,,,,,null,,,
8748,falling,1,585,251,21990,87.16,sam2,0.0,0.0,0.0
8749,falling,1,,,,,null,,,
8750,falling,1,,,,,null,,,
8751,falling,1,,,,,null,,,
8752,falling,1,585,251,21986,87.15,sam2,0.0,0.0,0.0
8753,falling,1,,,,,null,,,
8754,falling,1,,,,,null,,,
8755,falling,1,,,,,null,,,
8756,falling,1,585,251,22001,87.21,sam2,0.0,0.0,0.0
8757,falling,1,,,,,null,,,
8758,falling,1,,,,,null,,,
8759,falling,1,,,,,null,,,
8760,falling,1,585,251,21907,86.83,sam2,0.0,0.0,0.0
8761,falling,1,,,,,null,,,
8762,falling,1,,,,,null,,,
8763,falling,1,,,,,null,,,
8764,falling,1,585,250,21873,86.7,sam2,1.0,749.192,13.378
8765,falling,1,,,,,null,,,
8766,falling,1,,,,,null,,,
8767,falling,1,,,,,null,,,
8768,falling,1,585,251,22090,87.56,sam2,1.0,749.192,13.378
8769,falling,1,,,,,null,,,
8770,falling,1,,,,,null,,,
8771,falling,1,,,,,null,,,
8772,falling,1,585,251,21901,86.81,sam2,0.0,0.0,0.0
8773,falling,1,,,,,null,,,
8774,falling,1,,,,,null,,,
8775,falling,1,,,,,null,,,
8776,falling,1,585,251,21996,87.19,sam2,0.0,0.0,0.0
8777,falling,1,,,,,null,,,
8778,falling,1,,,,,null,,,
8779,falling,1,,,,,null,,,
8780,falling,1,585,251,21901,86.81,sam2,0.0,0.0,0.0
8781,falling,1,,,,,null,,,
8782,falling,1,,,,,null,,,
8783,falling,1,,,,,null,,,
8784,falling,1,585,251,21966,87.07,sam2,0.0,0.0,0.0
8785,falling,1,,,,,null,,,
8786,falling,1,,,,,null,,,
8787,falling,1,,,,,null,,,
8788,falling,1,585,250,21869,86.68,sam2,1.0,749.192,13.378
8789,falling,1,,,,,null,,,
8790,falling,1,,,,,null,,,
8791,falling,1,,,,,null,,,
8792,falling,1,585,251,21963,87.05,sam2,1.0,749.192,13.378
8793,falling,1,,,,,null,,,
8794,falling,1,,,,,null,,,
8795,falling,1,,,,,null,,,
8796,falling,1,585,251,21986,87.15,sam2,0.0,0.0,0.0
8797,falling,1,,,,,null,,,
8798,falling,1,,,,,null,,,
8799,falling,1,,,,,null,,,
8800,falling,1,585,250,21882,86.73,sam2,1.0,749.192,13.378
8801,falling,1,,,,,null,,,
8802,falling,1,,,,,null,,,
8803,falling,1,,,,,null,,,
8804,falling,1,585,251,21974,87.1,sam2,1.0,749.192,13.378
8805,falling,1,,,,,null,,,
8806,falling,1,,,,,null,,,
8807,falling,1,,,,,null,,,
8808,falling,1,585,250,21852,86.61,sam2,1.0,749.192,13.378
8809,falling,1,,,,,null,,,
8810,falling,1,,,,,null,,,
8811,falling,1,,,,,null,,,
8812,falling,1,585,251,22142,87.76,sam2,1.0,749.192,13.378
8813,falling,1,,,,,null,,,
8814,falling,1,,,,,null,,,
8815,falling,1,,,,,null,,,
8816,falling,1,585,251,21936,86.95,sam2,0.0,0.0,0.0
8817,falling,1,,,,,null,,,
8818,falling,1,,,,,null,,,
8819,falling,1,,,,,null,,,
8820,falling,1,585,250,21866,86.67,sam2,1.0,749.192,13.378
8821,falling,1,,,,,null,,,
8822,falling,1,,,,,null,,,
8823,falling,1,,,,,null,,,
8824,falling,1,585,251,21957,87.03,sam2,1.0,749.192,13.378
8825,falling,1,,,,,null,,,
8826,falling,1,,,,,null,,,
8827,spreading,1,,,,,null,,,
8828,spreading,1,585,251,21981,87.13,sam2,0.0,0.0,0.0
8829,spreading,1,,,,,null,,,
8830,spreading,1,,,,,null,,,
8831,spreading,1,,,,,null,,,
8832,spreading,1,585,251,22027,87.31,sam2,0.0,0.0,0.0
8833,spreading,1,,,,,null,,,
8834,spreading,1,,,,,null,,,
8835,spreading,1,,,,,null,,,
8836,spreading,1,585,251,22021,87.28,sam2,0.0,0.0,0.0
8837,spreading,1,,,,,null,,,
8838,spreading,1,,,,,null,,,
8839,spreading,1,,,,,null,,,
8840,spreading,1,585,251,21994,87.18,sam2,0.0,0.0,0.0
8841,spreading,1,,,,,null,,,
8842,spreading,1,,,,,null,,,
8843,spreading,1,,,,,null,,,
8844,spreading,1,585,251,21986,87.15,sam2,0.0,0.0,0.0
8845,spreading,1,,,,,null,,,
8846,spreading,1,,,,,null,,,
8847,spreading,1,,,,,null,,,
8848,spreading,1,585,251,22012,87.25,sam2,0.0,0.0,0.0
8849,spreading,1,,,,,null,,,
8850,spreading,1,,,,,null,,,
8851,spreading,1,,,,,null,,,
8852,spreading,1,585,251,22005,87.22,sam2,0.0,0.0,0.0
8853,spreading,1,,,,,null,,,
8854,spreading,1,,,,,null,,,
8855,spreading,1,,,,,null,,,
8856,spreading,1,585,251,21925,86.9,sam2,0.0,0.0,0.0
8857,spreading,1,,,,,null,,,
8858,spreading,1,,,,,null,,,
8859,spreading,1,,,,,null,,,
8860,spreading,1,585,250,21831,86.53,sam2,1.0,749.192,13.378
8861,spreading,1,,,,,null,,,
8862,spreading,1,,,,,null,,,
8863,spreading,1,,,,,null,,,
8864,spreading,1,585,251,21975,87.1,sam2,1.0,749.192,13.378
8865,spreading,1,,,,,null,,,
8866,spreading,1,,,,,null,,,
8867,spreading,1,,,,,null,,,
8868,spreading,1,585,251,22017,87.27,sam2,0.0,0.0,0.0
8869,spreading,1,,,,,null,,,
8870,spreading,1,,,,,null,,,
8871,spreading,1,,,,,null,,,
8872,spreading,1,585,251,22105,87.62,sam2,0.0,0.0,0.0
8873,spreading,1,,,,,null,,,
8874,spreading,1,,,,,null,,,
8875,spreading,1,,,,,null,,,
8876,spreading,1,585,251,22147,87.78,sam2,0.0,0.0,0.0
8877,spreading,1,,,,,null,,,
8878,spreading,1,,,,,null,,,
8879,spreading,1,,,,,null,,,
8880,spreading,1,585,250,21708,86.04,sam2,1.0,749.192,13.378
8881,spreading,1,,,,,null,,,
8882,spreading,1,,,,,null,,,
8883,spreading,1,,,,,null,,,
8884,spreading,1,585,251,22029,87.32,sam2,1.0,749.192,13.378
8885,spreading,1,,,,,null,,,
8886,spreading,1,,,,,null,,,
8887,spreading,1,,,,,null,,,
8888,spreading,1,585,251,21965,87.06,sam2,0.0,0.0,0.0
8889,spreading,1,,,,,null,,,
8890,spreading,1,,,,,null,,,
8891,spreading,1,,,,,null,,,
8892,spreading,1,585,251,21987,87.15,sam2,0.0,0.0,0.0
8893,spreading,1,,,,,null,,,
8894,spreading,1,,,,,null,,,
8895,spreading,1,,,,,null,,,
8896,spreading,1,585,251,21924,86.9,sam2,0.0,0.0,0.0
8897,spreading,1,,,,,null,,,
8898,spreading,1,,,,,null,,,
8899,spreading,1,,,,,null,,,
8900,spreading,1,585,250,21884,86.74,sam2,1.0,749.192,13.378
8901,spreading,1,,,,,null,,,
8902,spreading,1,,,,,null,,,
8903,spreading,1,,,,,null,,,
8904,spreading,1,585,251,21904,86.82,sam2,1.0,749.192,13.378
8905,spreading,1,,,,,null,,,
8906,spreading,1,,,,,null,,,
8907,spreading,1,,,,,null,,,
8908,spreading,1,585,251,21998,87.19,sam2,0.0,0.0,0.0
8909,spreading,1,,,,,null,,,
8910,spreading,1,,,,,null,,,
8911,spreading,1,,,,,null,,,
8912,spreading,1,585,251,21947,86.99,sam2,0.0,0.0,0.0
8913,spreading,1,,,,,null,,,
8914,spreading,1,,,,,null,,,
8915,spreading,1,,,,,null,,,
8916,spreading,1,585,251,22035,87.34,sam2,0.0,0.0,0.0
8917,spreading,1,,,,,null,,,
8918,spreading,1,,,,,null,,,
8919,spreading,1,,,,,null,,,
8920,spreading,1,585,251,21987,87.15,sam2,0.0,0.0,0.0
8921,spreading,1,,,,,null,,,
8922,spreading,1,,,,,null,,,
8923,spreading,1,,,,,null,,,
8924,spreading,1,585,251,22055,87.42,sam2,0.0,0.0,0.0
8925,spreading,1,,,,,null,,,
8926,spreading,1,,,,,null,,,
8927,spreading,1,,,,,null,,,
8928,spreading,1,585,251,21993,87.17,sam2,0.0,0.0,0.0
8929,spreading,1,,,,,null,,,
8930,spreading,1,,,,,null,,,
8931,spreading,1,,,,,null,,,
8932,spreading,1,585,250,21850,86.61,sam2,1.0,749.192,13.378
8933,spreading,1,,,,,null,,,
8934,spreading,1,,,,,null,,,
8935,spreading,1,,,,,null,,,
8936,spreading,1,585,251,22036,87.34,sam2,1.0,749.192,13.378
8937,spreading,1,,,,,null,,,
8938,spreading,1,,,,,null,,,
8939,spreading,1,,,,,null,,,
8940,spreading,1,585,251,22150,87.8,sam2,0.0,0.0,0.0
8941,spreading,1,,,,,null,,,
8942,spreading,1,,,,,null,,,
8943,spreading,1,,,,,null,,,
8944,spreading,1,585,251,22025,87.3,sam2,0.0,0.0,0.0
8945,spreading,1,,,,,null,,,
8946,spreading,1,,,,,null,,,
8947,spreading,1,,,,,null,,,
8948,spreading,1,585,251,21963,87.05,sam2,0.0,0.0,0.0
8949,spreading,1,,,,,null,,,
8950,spreading,1,,,,,null,,,
8951,spreading,1,,,,,null,,,
8952,spreading,1,585,251,21988,87.15,sam2,0.0,0.0,0.0
8953,spreading,1,,,,,null,,,
8954,spreading,1,,,,,null,,,
8955,spreading,1,,,,,null,,,
8956,spreading,1,585,251,22044,87.38,sam2,0.0,0.0,0.0
8957,spreading,1,,,,,null,,,
8958,spreading,1,,,,,null,,,
8959,spreading,1,,,,,null,,,
8960,spreading,1,585,251,22142,87.76,sam2,0.0,0.0,0.0
8961,spreading,1,,,,,null,,,
8962,spreading,1,,,,,null,,,
8963,spreading,1,,,,,null,,,
8964,spreading,1,585,250,21887,86.75,sam2,1.0,749.192,13.378
8965,spreading,1,,,,,null,,,
8966,spreading,1,,,,,null,,,
8967,spreading,1,,,,,null,,,
8968,spreading,1,585,251,22016,87.26,sam2,1.0,749.192,13.378
8969,spreading,1,,,,,null,,,
8970,spreading,1,,,,,null,,,
8971,spreading,1,,,,,null,,,
8972,spreading,1,585,251,22041,87.36,sam2,0.0,0.0,0.0
8973,spreading,1,,,,,null,,,
8974,spreading,1,,,,,null,,,
8975,spreading,1,,,,,null,,,
8976,spreading,1,585,251,21933,86.94,sam2,0.0,0.0,0.0
8977,spreading,1,,,,,null,,,
8978,spreading,1,,,,,null,,,
8979,spreading,1,,,,,null,,,
8980,spreading,1,585,251,21940,86.96,sam2,0.0,0.0,0.0
8981,spreading,1,,,,,null,,,
8982,spreading,1,,,,,null,,,
8983,spreading,1,,,,,null,,,
8984,spreading,1,585,251,21946,86.99,sam2,0.0,0.0,0.0
8985,spreading,1,,,,,null,,,
8986,spreading,1,,,,,null,,,
8987,spreading,1,,,,,null,,,
8988,spreading,1,585,251,21983,87.13,sam2,0.0,0.0,0.0
8989,spreading,1,,,,,null,,,
8990,spreading,1,,,,,null,,,
8991,spreading,1,,,,,null,,,
8992,spreading,1,585,251,21977,87.11,sam2,0.0,0.0,0.0
8993,spreading,1,,,,,null,,,
8994,spreading,1,,,,,null,,,
8995,spreading,1,,,,,null,,,
8996,spreading,1,585,251,21984,87.14,sam2,0.0,0.0,0.0
8997,spreading,1,,,,,null,,,
8998,spreading,1,,,,,null,,,
8999,spreading,1,,,,,null,,,
9000,spreading,1,585,251,22040,87.36,sam2,0.0,0.0,0.0
9001,spreading,1,,,,,null,,,
9002,spreading,1,,,,,null,,,
9003,spreading,1,,,,,null,,,
9004,spreading,1,585,251,21979,87.12,sam2,0.0,0.0,0.0
9005,spreading,1,,,,,null,,,
9006,spreading,1,,,,,null,,,
9007,spreading,1,,,,,null,,,
9008,spreading,1,585,251,22010,87.24,sam2,0.0,0.0,0.0
9009,spreading,1,,,,,null,,,
9010,spreading,1,,,,,null,,,
9011,spreading,1,,,,,null,,,
9012,spreading,1,585,251,21940,86.96,sam2,0.0,0.0,0.0
9013,spreading,1,,,,,null,,,
9014,spreading,1,,,,,null,,,
9015,spreading,1,,,,,null,,,
9016,spreading,1,585,250,21845,86.59,sam2,1.0,749.192,13.378
9017,spreading,1,,,,,null,,,
9018,spreading,1,,,,,null,,,
9019,spreading,1,,,,,null,,,
9020,spreading,1,585,250,21888,86.76,sam2,0.0,0.0,0.0
9021,spreading,1,,,,,null,,,
9022,spreading,1,,,,,null,,,
9023,spreading,1,,,,,null,,,
9024,spreading,1,585,250,21907,86.83,sam2,0.0,0.0,0.0
9025,spreading,1,,,,,null,,,
9026,spreading,1,,,,,null,,,
9027,spreading,1,,,,,null,,,
9028,spreading,1,585,251,22077,87.51,sam2,1.0,749.192,13.378
9029,spreading,1,,,,,null,,,
9030,spreading,1,,,,,null,,,
9031,spreading,1,,,,,null,,,
9032,spreading,1,585,250,21913,86.86,sam2,1.0,749.192,13.378
9033,spreading,1,,,,,null,,,
9034,spreading,1,,,,,null,,,
9035,spreading,1,,,,,null,,,
9036,spreading,1,585,251,21953,87.01,sam2,1.0,749.192,13.378
9037,spreading,1,,,,,null,,,
9038,spreading,1,,,,,null,,,
9039,spreading,1,,,,,null,,,
9040,spreading,1,585,251,21934,86.94,sam2,0.0,0.0,0.0
9041,spreading,1,,,,,null,,,
9042,spreading,1,,,,,null,,,
9043,spreading,1,,,,,null,,,
9044,spreading,1,585,250,21918,86.88,sam2,1.0,749.192,13.378
9045,spreading,1,,,,,null,,,
9046,spreading,1,,,,,null,,,
9047,spreading,1,,,,,null,,,
9048,spreading,1,585,251,22139,87.75,sam2,1.0,749.192,13.378
9049,spreading,1,,,,,null,,,
9050,spreading,1,,,,,null,,,
9051,spreading,1,,,,,null,,,
9052,spreading,1,585,251,21951,87.01,sam2,0.0,0.0,0.0
9053,spreading,1,,,,,null,,,
9054,spreading,1,,,,,null,,,
9055,spreading,1,,,,,null,,,
9056,spreading,1,585,251,21924,86.9,sam2,0.0,0.0,0.0
9057,spreading,1,,,,,null,,,
9058,spreading,1,,,,,null,,,
9059,spreading,1,,,,,null,,,
9060,spreading,1,585,251,21951,87.01,sam2,0.0,0.0,0.0
9061,spreading,1,,,,,null,,,
9062,spreading,1,,,,,null,,,
9063,spreading,1,,,,,null,,,
9064,spreading,1,585,251,21966,87.07,sam2,0.0,0.0,0.0
9065,spreading,1,,,,,null,,,
9066,spreading,1,,,,,null,,,
9067,spreading,1,,,,,null,,,
9068,spreading,1,585,251,21926,86.91,sam2,0.0,0.0,0.0
9069,spreading,1,,,,,null,,,
9070,spreading,1,,,,,null,,,
9071,spreading,1,,,,,null,,,
9072,spreading,1,585,251,22074,87.49,sam2,0.0,0.0,0.0
9073,spreading,1,,,,,null,,,
9074,spreading,1,,,,,null,,,
9075,spreading,1,,,,,null,,,
9076,spreading,1,585,251,21981,87.13,sam2,0.0,0.0,0.0
9077,spreading,1,,,,,null,,,
9078,spreading,1,,,,,null,,,
9079,spreading,1,,,,,null,,,
9080,spreading,1,585,251,22110,87.64,sam2,0.0,0.0,0.0
9081,spreading,1,,,,,null,,,
9082,spreading,1,,,,,null,,,
9083,spreading,1,,,,,null,,,
9084,spreading,1,585,251,22026,87.3,sam2,0.0,0.0,0.0
9085,spreading,1,,,,,null,,,
9086,spreading,1,,,,,null,,,
9087,spreading,1,,,,,null,,,
9088,spreading,1,585,251,21914,86.86,sam2,0.0,0.0,0.0
9089,spreading,1,,,,,null,,,
9090,spreading,1,,,,,null,,,
9091,spreading,1,,,,,null,,,
9092,spreading,1,585,251,22026,87.3,sam2,0.0,0.0,0.0
9093,spreading,1,,,,,null,,,
9094,spreading,1,,,,,null,,,
9095,spreading,1,,,,,null,,,
9096,spreading,1,585,251,22046,87.38,sam2,0.0,0.0,0.0
9097,spreading,1,,,,,null,,,
9098,spreading,1,,,,,null,,,
9099,spreading,1,,,,,null,,,
9100,spreading,1,585,251,21960,87.04,sam2,0.0,0.0,0.0
9101,spreading,1,,,,,null,,,
9102,spreading,1,,,,,null,,,
9103,spreading,1,,,,,null,,,
9104,spreading,1,585,251,21979,87.12,sam2,0.0,0.0,0.0
9105,spreading,1,,,,,null,,,
9106,spreading,1,,,,,null,,,
9107,spreading,1,,,,,null,,,
9108,spreading,1,585,251,22103,87.61,sam2,0.0,0.0,0.0
9109,spreading,1,,,,,null,,,
9110,spreading,1,,,,,null,,,
9111,spreading,1,,,,,null,,,
9112,spreading,1,585,251,22097,87.59,sam2,0.0,0.0,0.0
9113,spreading,1,,,,,null,,,
9114,spreading,1,,,,,null,,,
9115,spreading,1,,,,,null,,,
9116,spreading,1,585,251,22033,87.33,sam2,0.0,0.0,0.0
9117,spreading,1,,,,,null,,,
9118,spreading,1,,,,,null,,,
9119,spreading,1,,,,,null,,,
9120,spreading,1,585,250,21842,86.57,sam2,1.0,749.192,13.378
9121,spreading,1,,,,,null,,,
9122,spreading,1,,,,,null,,,
9123,spreading,1,,,,,null,,,
9124,spreading,1,585,251,22112,87.65,sam2,1.0,749.192,13.378
9125,spreading,1,,,,,null,,,
9126,spreading,1,,,,,null,,,
9127,spreading,1,,,,,null,,,
9128,rebounding,1,585,250,21874,86.7,sam2,1.0,749.192,13.378
9129,rebounding,1,,,,,null,,,
9130,rebounding,1,,,,,null,,,
9131,rebounding,1,,,,,null,,,
9132,rebounding,1,585,251,22006,87.23,sam2,1.0,749.192,13.378
9133,rebounding,1,,,,,null,,,
9134,rebounding,1,,,,,null,,,
9135,rebounding,1,,,,,null,,,
9136,rebounding,1,585,251,21930,86.92,sam2,0.0,0.0,0.0
9137,rebounding,1,,,,,null,,,
9138,rebounding,1,,,,,null,,,
9139,rebounding,1,,,,,null,,,
9140,rebounding,1,585,251,21912,86.85,sam2,0.0,0.0,0.0
9141,rebounding,1,,,,,null,,,
9142,rebounding,1,,,,,null,,,
9143,rebounding,1,,,,,null,,,
9144,rebounding,1,585,251,21948,87.0,sam2,0.0,0.0,0.0
9145,rebounding,1,,,,,null,,,
9146,rebounding,1,,,,,null,,,
9147,rebounding,1,,,,,null,,,
9148,rebounding,1,585,250,21874,86.7,sam2,1.0,749.192,13.378
9149,rebounding,1,,,,,null,,,
9150,rebounding,1,,,,,null,,,
9151,rebounding,1,,,,,null,,,
9152,rebounding,1,585,251,22042,87.37,sam2,1.0,749.192,13.378
9153,rebounding,1,,,,,null,,,
9154,rebounding,1,,,,,null,,,
9155,rebounding,1,,,,,null,,,
9156,rebounding,1,585,251,22070,87.48,sam2,0.0,0.0,0.0
9157,rebounding,1,,,,,null,,,
9158,rebounding,1,,,,,null,,,
9159,rebounding,1,,,,,null,,,
9160,rebounding,1,585,251,21971,87.09,sam2,0.0,0.0,0.0
9161,rebounding,1,,,,,null,,,
9162,rebounding,1,,,,,null,,,
9163,rebounding,1,,,,,null,,,
9164,rebounding,1,585,250,21925,86.9,sam2,1.0,749.192,13.378
9165,rebounding,1,,,,,null,,,
9166,rebounding,1,,,,,null,,,
9167,rebounding,1,,,,,null,,,
9168,rebounding,1,585,251,21966,87.07,sam2,1.0,749.192,13.378
9169,rebounding,1,,,,,null,,,
9170,rebounding,1,,,,,null,,,
9171,rebounding,1,,,,,null,,,
9172,rebounding,1,585,251,22071,87.48,sam2,0.0,0.0,0.0
9173,rebounding,1,,,,,null,,,
9174,rebounding,1,,,,,null,,,
9175,rebounding,1,,,,,null,,,
9176,rebounding,1,585,251,22064,87.45,sam2,0.0,0.0,0.0
9177,rebounding,1,,,,,null,,,
9178,rebounding,1,,,,,null,,,
9179,rebounding,1,,,,,null,,,
9180,rebounding,1,585,251,22047,87.39,sam2,0.0,0.0,0.0
9181,rebounding,1,,,,,null,,,
9182,rebounding,1,,,,,null,,,
9183,rebounding,1,,,,,null,,,
9184,rebounding,1,585,251,22040,87.36,sam2,0.0,0.0,0.0
9185,rebounding,1,,,,,null,,,
9186,rebounding,1,,,,,null,,,
9187,rebounding,1,,,,,null,,,
9188,rebounding,1,585,251,22082,87.53,sam2,0.0,0.0,0.0
9189,rebounding,1,,,,,null,,,
9190,rebounding,1,,,,,null,,,
9191,rebounding,1,,,,,null,,,
9192,rebounding,1,585,251,22051,87.4,sam2,0.0,0.0,0.0
9193,rebounding,1,,,,,null,,,
9194,rebounding,1,,,,,null,,,
9195,rebounding,1,,,,,null,,,
9196,rebounding,1,585,250,21864,86.66,sam2,1.0,749.192,13.378
9197,rebounding,1,,,,,null,,,
9198,rebounding,1,,,,,null,,,
9199,rebounding,1,,,,,null,,,
9200,rebounding,1,585,251,21947,86.99,sam2,1.0,749.192,13.378
9201,rebounding,1,,,,,null,,,
9202,rebounding,1,,,,,null,,,
9203,rebounding,1,,,,,null,,,
9204,rebounding,1,585,250,21865,86.67,sam2,1.0,749.192,13.378
9205,rebounding,1,,,,,null,,,
9206,rebounding,1,,,,,null,,,
9207,rebounding,1,,,,,null,,,
9208,rebounding,1,585,250,21930,86.92,sam2,0.0,0.0,0.0
9209,rebounding,1,,,,,null,,,
9210,rebounding,1,,,,,null,,,
9211,rebounding,1,,,,,null,,,
9212,rebounding,1,585,250,21896,86.79,sam2,0.0,0.0,0.0
9213,rebounding,1,,,,,null,,,
9214,rebounding,1,,,,,null,,,
9215,rebounding,1,,,,,null,,,
9216,rebounding,1,585,251,22042,87.37,sam2,1.0,749.192,13.378
9217,rebounding,1,,,,,null,,,
9218,rebounding,1,,,,,null,,,
9219,rebounding,1,,,,,null,,,
9220,rebounding,1,585,251,21939,86.96,sam2,0.0,0.0,0.0
9221,rebounding,1,,,,,null,,,
9222,rebounding,1,,,,,null,,,
9223,rebounding,1,,,,,null,,,
9224,rebounding,1,585,251,21997,87.19,sam2,0.0,0.0,0.0
9225,rebounding,1,,,,,null,,,
9226,rebounding,1,,,,,null,,,
9227,rebounding,1,,,,,null,,,
9228,rebounding,1,585,251,21963,87.05,sam2,0.0,0.0,0.0
9229,rebounding,1,,,,,null,,,
9230,rebounding,1,,,,,null,,,
9231,rebounding,1,,,,,null,,,
9232,rebounding,1,585,250,21865,86.67,sam2,1.0,749.192,13.378
9233,rebounding,1,,,,,null,,,
9234,rebounding,1,,,,,null,,,
9235,rebounding,1,,,,,null,,,
9236,rebounding,1,585,250,21875,86.71,sam2,0.0,0.0,0.0
9237,rebounding,1,,,,,null,,,
9238,rebounding,1,,,,,null,,,
9239,rebounding,1,,,,,null,,,
9240,rebounding,1,585,251,21969,87.08,sam2,1.0,749.192,13.378
9241,rebounding,1,,,,,null,,,
9242,rebounding,1,,,,,null,,,
9243,rebounding,1,,,,,null,,,
9244,rebounding,1,585,250,21827,86.52,sam2,1.0,749.192,13.378
9245,rebounding,1,,,,,null,,,
9246,rebounding,1,,,,,null,,,
9247,rebounding,1,,,,,null,,,
9248,rebounding,1,585,251,22039,87.36,sam2,1.0,749.192,13.378
9249,rebounding,1,,,,,null,,,
9250,rebounding,1,,,,,null,,,
9251,rebounding,1,,,,,null,,,
9252,rebounding,1,585,251,21959,87.04,sam2,0.0,0.0,0.0
9253,rebounding,1,,,,,null,,,
9254,rebounding,1,,,,,null,,,
9255,rebounding,1,,,,,null,,,
9256,rebounding,1,585,251,21959,87.04,sam2,0.0,0.0,0.0
9257,rebounding,1,,,,,null,,,
9258,rebounding,1,,,,,null,,,
9259,rebounding,1,,,,,null,,,
9260,rebounding,1,585,251,21910,86.84,sam2,0.0,0.0,0.0
9261,rebounding,1,,,,,null,,,
9262,rebounding,1,,,,,null,,,
9263,rebounding,1,,,,,null,,,
9264,rebounding,1,585,251,21958,87.03,sam2,0.0,0.0,0.0
9265,rebounding,1,,,,,null,,,
9266,rebounding,1,,,,,null,,,
9267,rebounding,1,,,,,null,,,
9268,rebounding,1,585,251,22006,87.23,sam2,0.0,0.0,0.0
9269,rebounding,1,,,,,null,,,
9270,rebounding,1,,,,,null,,,
9271,rebounding,1,,,,,null,,,
9272,rebounding,1,585,251,22029,87.32,sam2,0.0,0.0,0.0
9273,rebounding,1,,,,,null,,,
9274,rebounding,1,,,,,null,,,
9275,rebounding,1,,,,,null,,,
9276,rebounding,1,585,250,21888,86.76,sam2,1.0,749.192,13.378
9277,rebounding,1,,,,,null,,,
9278,rebounding,1,,,,,null,,,
9279,rebounding,1,,,,,null,,,
9280,rebounding,1,585,251,21984,87.14,sam2,1.0,749.192,13.378
9281,rebounding,1,,,,,null,,,
9282,rebounding,1,,,,,null,,,
9283,rebounding,1,,,,,null,,,
9284,rebounding,1,585,251,22069,87.47,sam2,0.0,0.0,0.0
9285,rebounding,1,,,,,null,,,
9286,rebounding,1,,,,,null,,,
9287,rebounding,1,,,,,null,,,
9288,rebounding,1,585,251,22001,87.21,sam2,0.0,0.0,0.0
9289,rebounding,1,,,,,null,,,
9290,rebounding,1,,,,,null,,,
9291,rebounding,1,,,,,null,,,
9292,rebounding,1,585,251,22007,87.23,sam2,0.0,0.0,0.0
9293,rebounding,1,,,,,null,,,
9294,rebounding,1,,,,,null,,,
9295,rebounding,1,,,,,null,,,
9296,rebounding,1,585,251,21947,86.99,sam2,0.0,0.0,0.0
9297,rebounding,1,,,,,null,,,
9298,rebounding,1,,,,,null,,,
9299,rebounding,1,,,,,null,,,
9300,rebounding,1,585,251,22027,87.31,sam2,0.0,0.0,0.0
9301,rebounding,1,,,,,null,,,
9302,rebounding,1,,,,,null,,,
9303,rebounding,1,,,,,null,,,
9304,rebounding,1,585,251,22035,87.34,sam2,0.0,0.0,0.0
9305,rebounding,1,,,,,null,,,
9306,rebounding,1,,,,,null,,,
9307,rebounding,1,,,,,null,,,
9308,rebounding,1,585,251,22071,87.48,sam2,0.0,0.0,0.0
9309,rebounding,1,,,,,null,,,
9310,rebounding,1,,,,,null,,,
9311,rebounding,1,,,,,null,,,
9312,rebounding,1,585,251,22063,87.45,sam2,0.0,0.0,0.0
9313,rebounding,1,,,,,null,,,
9314,rebounding,1,,,,,null,,,
9315,rebounding,1,,,,,null,,,
9316,rebounding,1,585,251,21956,87.03,sam2,0.0,0.0,0.0
9317,rebounding,1,,,,,null,,,
9318,rebounding,1,,,,,null,,,
9319,rebounding,1,,,,,null,,,
9320,rebounding,1,585,251,22005,87.22,sam2,0.0,0.0,0.0
9321,rebounding,1,,,,,null,,,
9322,rebounding,1,,,,,null,,,
9323,rebounding,1,,,,,null,,,
9324,rebounding,1,585,251,21974,87.1,sam2,0.0,0.0,0.0
9325,rebounding,1,,,,,null,,,
9326,rebounding,1,,,,,null,,,
9327,rebounding,1,,,,,null,,,
9328,rebounding,1,585,251,21982,87.13,sam2,0.0,0.0,0.0
9329,rebounding,1,,,,,null,,,
9330,rebounding,1,,,,,null,,,
9331,rebounding,1,,,,,null,,,
9332,rebounding,1,585,251,22090,87.56,sam2,0.0,0.0,0.0
9333,rebounding,1,,,,,null,,,
9334,rebounding,1,,,,,null,,,
9335,rebounding,1,,,,,null,,,
9336,rebounding,1,585,251,21964,87.06,sam2,0.0,0.0,0.0
9337,rebounding,1,,,,,null,,,
9338,rebounding,1,,,,,null,,,
9339,rebounding,1,,,,,null,,,
9340,rebounding,1,585,250,21888,86.76,sam2,1.0,749.192,13.378
9341,rebounding,1,,,,,null,,,
9342,rebounding,1,,,,,null,,,
9343,rebounding,1,,,,,null,,,
9344,rebounding,1,585,251,21940,86.96,sam2,1.0,749.192,13.378
9345,rebounding,1,,,,,null,,,
9346,rebounding,1,,,,,null,,,
9347,rebounding,1,,,,,null,,,
9348,rebounding,1,585,251,21949,87.0,sam2,0.0,0.0,0.0
9349,rebounding,1,,,,,null,,,
9350,rebounding,1,,,,,null,,,
9351,rebounding,1,,,,,null,,,
9352,rebounding,1,585,250,21916,86.87,sam2,1.0,749.192,13.378
9353,rebounding,1,,,,,null,,,
9354,rebounding,1,,,,,null,,,
9355,rebounding,1,,,,,null,,,
9356,rebounding,1,585,251,21986,87.15,sam2,1.0,749.192,13.378
9357,rebounding,1,,,,,null,,,
9358,rebounding,1,,,,,null,,,
9359,rebounding,1,,,,,null,,,
9360,rebounding,1,585,251,22034,87.34,sam2,0.0,0.0,0.0
9361,rebounding,1,,,,,null,,,
9362,rebounding,1,,,,,null,,,
9363,rebounding,1,,,,,null,,,
9364,rebounding,1,585,251,22038,87.35,sam2,0.0,0.0,0.0
9365,rebounding,1,,,,,null,,,
9366,rebounding,1,,,,,null,,,
9367,rebounding,1,,,,,null,,,
9368,rebounding,1,585,251,21917,86.87,sam2,0.0,0.0,0.0
9369,rebounding,1,,,,,null,,,
9370,rebounding,1,,,,,null,,,
9371,rebounding,1,,,,,null,,,
9372,rebounding,1,585,251,22067,87.47,sam2,0.0,0.0,0.0
9373,rebounding,1,,,,,null,,,
9374,rebounding,1,,,,,null,,,
9375,rebounding,1,,,,,null,,,
9376,rebounding,1,585,251,21973,87.09,sam2,0.0,0.0,0.0
9377,rebounding,1,,,,,null,,,
9378,rebounding,1,,,,,null,,,
9379,rebounding,1,,,,,null,,,
9380,rebounding,1,585,251,21890,86.77,sam2,0.0,0.0,0.0
9381,rebounding,1,,,,,null,,,
9382,rebounding,1,,,,,null,,,
9383,rebounding,1,,,,,null,,,
9384,rebounding,1,585,251,22026,87.3,sam2,0.0,0.0,0.0
9385,rebounding,1,,,,,null,,,
9386,rebounding,1,,,,,null,,,
9387,rebounding,1,,,,,null,,,
9388,rebounding,1,585,251,21990,87.16,sam2,0.0,0.0,0.0
9389,rebounding,1,,,,,null,,,
9390,rebounding,1,,,,,null,,,
9391,rebounding,1,,,,,null,,,
9392,rebounding,1,585,251,22104,87.61,sam2,0.0,0.0,0.0
9393,rebounding,1,,,,,null,,,
9394,rebounding,1,,,,,null,,,
9395,rebounding,1,,,,,null,,,
9396,rebounding,1,585,251,22014,87.26,sam2,0.0,0.0,0.0
9397,rebounding,1,,,,,null,,,
9398,rebounding,1,,,,,null,,,
9399,rebounding,1,,,,,null,,,
9400,rebounding,1,585,251,22067,87.47,sam2,0.0,0.0,0.0
9401,rebounding,1,,,,,null,,,
9402,rebounding,1,,,,,null,,,
9403,rebounding,1,,,,,null,,,
9404,rebounding,1,585,251,22119,87.67,sam2,0.0,0.0,0.0
9405,rebounding,1,,,,,null,,,
9406,rebounding,1,,,,,null,,,
9407,rebounding,1,,,,,null,,,
9408,rebounding,1,585,251,22075,87.5,sam2,0.0,0.0,0.0
9409,rebounding,1,,,,,null,,,
9410,rebounding,1,,,,,null,,,
9411,rebounding,1,,,,,null,,,
9412,rebounding,1,585,251,22062,87.45,sam2,0.0,0.0,0.0
9413,rebounding,1,,,,,null,,,
9414,rebounding,1,,,,,null,,,
9415,rebounding,1,,,,,null,,,
9416,rebounding,1,585,251,22204,88.01,sam2,0.0,0.0,0.0
9417,rebounding,1,,,,,null,,,
9418,rebounding,1,,,,,null,,,
9419,rebounding,1,,,,,null,,,
9420,rebounding,1,585,251,22071,87.48,sam2,0.0,0.0,0.0
9421,rebounding,1,,,,,null,,,
9422,rebounding,1,,,,,null,,,
9423,rebounding,1,,,,,null,,,
9424,rebounding,1,585,251,22067,87.47,sam2,0.0,0.0,0.0
9425,rebounding,1,,,,,null,,,
9426,rebounding,1,,,,,null,,,
9427,rebounding,1,,,,,null,,,
9428,rebounding,1,585,250,21851,86.61,sam2,1.0,749.192,13.378
9429,rebounding,1,,,,,null,,,
9430,rebounding,1,,,,,null,,,
9431,rebounding,1,,,,,null,,,
9432,rebounding,1,585,251,22004,87.22,sam2,1.0,749.192,13.378
9433,rebounding,1,,,,,null,,,
9434,rebounding,1,,,,,null,,,
9435,rebounding,1,,,,,null,,,
9436,rebounding,1,585,251,22089,87.55,sam2,0.0,0.0,0.0
9437,rebounding,1,,,,,null,,,
9438,rebounding,1,,,,,null,,,
9439,rebounding,1,,,,,null,,,
9440,rebounding,1,585,251,22020,87.28,sam2,0.0,0.0,0.0
9441,rebounding,1,,,,,null,,,
9442,rebounding,1,,,,,null,,,
9443,rebounding,1,,,,,null,,,
9444,rebounding,1,585,251,22019,87.28,sam2,0.0,0.0,0.0
9445,rebounding,1,,,,,null,,,
9446,rebounding,1,,,,,null,,,
9447,rebounding,1,,,,,null,,,
9448,rebounding,1,585,251,22044,87.38,sam2,0.0,0.0,0.0
9449,rebounding,1,,,,,null,,,
9450,rebounding,1,,,,,null,,,
9451,rebounding,1,,,,,null,,,
9452,rebounding,1,585,251,22004,87.22,sam2,0.0,0.0,0.0
9453,rebounding,1,,,,,null,,,
9454,rebounding,1,,,,,null,,,
9455,rebounding,1,,,,,null,,,
9456,rebounding,1,585,251,22039,87.36,sam2,0.0,0.0,0.0
9457,rebounding,1,,,,,null,,,
9458,rebounding,1,,,,,null,,,
9459,rebounding,1,,,,,null,,,
9460,rebounding,1,585,251,21987,87.15,sam2,0.0,0.0,0.0
9461,rebounding,1,,,,,null,,,
9462,rebounding,1,,,,,null,,,
9463,rebounding,1,,,,,null,,,
9464,rebounding,1,585,251,21979,87.12,sam2,0.0,0.0,0.0
9465,rebounding,1,,,,,null,,,
9466,rebounding,1,,,,,null,,,
9467,rebounding,1,,,,,null,,,
9468,rebounding,1,585,251,22080,87.52,sam2,0.0,0.0,0.0
9469,rebounding,1,,,,,null,,,
9470,rebounding,1,,,,,null,,,
9471,rebounding,1,,,,,null,,,
9472,rebounding,1,585,251,21992,87.17,sam2,0.0,0.0,0.0
9473,rebounding,1,,,,,null,,,
9474,rebounding,1,,,,,null,,,
9475,rebounding,1,,,,,null,,,
9476,rebounding,1,585,251,21973,87.09,sam2,0.0,0.0,0.0
9477,rebounding,1,,,,,null,,,
9478,rebounding,1,,,,,null,,,
9479,rebounding,1,,,,,null,,,
9480,rebounding,1,585,250,21803,86.42,sam2,1.0,749.192,13.378
9481,rebounding,1,,,,,null,,,
9482,rebounding,1,,,,,null,,,
9483,rebounding,1,,,,,null,,,
9484,rebounding,1,585,250,21791,86.37,sam2,0.0,0.0,0.0
9485,rebounding,1,,,,,null,,,
9486,rebounding,1,,,,,null,,,
9487,rebounding,1,,,,,null,,,
9488,rebounding,1,585,251,21935,86.94,sam2,1.0,749.192,13.378
9489,rebounding,1,,,,,null,,,
9490,rebounding,1,,,,,null,,,
9491,rebounding,1,,,,,null,,,
9492,rebounding,1,585,250,21792,86.38,sam2,1.0,749.192,13.378
9493,rebounding,1,,,,,null,,,
9494,rebounding,1,,,,,null,,,
9495,rebounding,1,,,,,null,,,
9496,rebounding,1,585,251,21944,86.98,sam2,1.0,749.192,13.378
9497,rebounding,1,,,,,null,,,
9498,rebounding,1,,,,,null,,,
9499,rebounding,1,,,,,null,,,
9500,rebounding,1,585,251,21949,87.0,sam2,0.0,0.0,0.0
9501,rebounding,1,,,,,null,,,
9502,rebounding,1,,,,,null,,,
9503,rebounding,1,,,,,null,,,
9504,rebounding,1,585,251,21910,86.84,sam2,0.0,0.0,0.0
9505,rebounding,1,,,,,null,,,
9506,rebounding,1,,,,,null,,,
9507,rebounding,1,,,,,null,,,
9508,rebounding,1,585,251,21965,87.06,sam2,0.0,0.0,0.0
9509,rebounding,1,,,,,null,,,
9510,rebounding,1,,,,,null,,,
9511,rebounding,1,,,,,null,,,
9512,rebounding,1,585,251,21977,87.11,sam2,0.0,0.0,0.0
9513,rebounding,1,,,,,null,,,
9514,rebounding,1,,,,,null,,,
9515,rebounding,1,,,,,null,,,
9516,rebounding,1,585,251,21917,86.87,sam2,0.0,0.0,0.0
9517,rebounding,1,,,,,null,,,
9518,rebounding,1,,,,,null,,,
9519,rebounding,1,,,,,null,,,
9520,rebounding,1,585,251,21982,87.13,sam2,0.0,0.0,0.0
9521,rebounding,1,,,,,null,,,
9522,rebounding,1,,,,,null,,,
9523,rebounding,1,,,,,null,,,
9524,rebounding,1,585,251,22009,87.24,sam2,0.0,0.0,0.0
9525,rebounding,1,,,,,null,,,
9526,rebounding,1,,,,,null,,,
9527,rebounding,1,,,,,null,,,
9528,rebounding,1,585,251,21962,87.05,sam2,0.0,0.0,0.0
9529,rebounding,1,,,,,null,,,
9530,rebounding,1,,,,,null,,,
9531,rebounding,1,,,,,null,,,
9532,rebounding,1,585,251,21952,87.01,sam2,0.0,0.0,0.0
9533,rebounding,1,,,,,null,,,
9534,rebounding,1,,,,,null,,,
9535,rebounding,1,,,,,null,,,
9536,rebounding,1,585,251,21988,87.15,sam2,0.0,0.0,0.0
9537,rebounding,1,,,,,null,,,
9538,rebounding,1,,,,,null,,,
9539,rebounding,1,,,,,null,,,
9540,rebounding,1,585,251,22029,87.32,sam2,0.0,0.0,0.0
9541,rebounding,1,,,,,null,,,
9542,rebounding,1,,,,,null,,,
9543,rebounding,1,,,,,null,,,
9544,rebounding,1,585,251,22009,87.24,sam2,0.0,0.0,0.0
9545,rebounding,1,,,,,null,,,
9546,rebounding,1,,,,,null,,,
9547,rebounding,1,,,,,null,,,
9548,rebounding,1,585,251,21991,87.17,sam2,0.0,0.0,0.0
9549,rebounding,1,,,,,null,,,
9550,rebounding,1,,,,,null,,,
9551,rebounding,1,,,,,null,,,
9552,rebounding,1,585,251,21946,86.99,sam2,0.0,0.0,0.0
9553,rebounding,1,,,,,null,,,
9554,rebounding,1,,,,,null,,,
9555,rebounding,1,,,,,null,,,
9556,rebounding,1,585,251,21956,87.03,sam2,0.0,0.0,0.0
9557,rebounding,1,,,,,null,,,
9558,rebounding,1,,,,,null,,,
9559,rebounding,1,,,,,null,,,
9560,rebounding,1,585,250,21866,86.67,sam2,1.0,749.192,13.378
9561,rebounding,1,,,,,null,,,
9562,rebounding,1,,,,,null,,,
9563,rebounding,1,,,,,null,,,
9564,rebounding,1,585,250,21909,86.84,sam2,0.0,0.0,0.0
9565,rebounding,1,,,,,null,,,
9566,rebounding,1,,,,,null,,,
9567,rebounding,1,,,,,null,,,
9568,rebounding,1,585,251,21933,86.94,sam2,1.0,749.192,13.378
9569,rebounding,1,,,,,null,,,
9570,rebounding,1,,,,,null,,,
9571,rebounding,1,,,,,null,,,
9572,rebounding,1,585,251,21992,87.17,sam2,0.0,0.0,0.0
9573,rebounding,1,,,,,null,,,
9574,rebounding,1,,,,,null,,,
9575,rebounding,1,,,,,null,,,
9576,rebounding,1,585,251,22110,87.64,sam2,0.0,0.0,0.0
9577,rebounding,1,,,,,null,,,
9578,rebounding,1,,,,,null,,,
9579,rebounding,1,,,,,null,,,
9580,rebounding,1,585,251,21993,87.17,sam2,0.0,0.0,0.0
9581,rebounding,1,,,,,null,,,
9582,rebounding,1,,,,,null,,,
9583,rebounding,1,,,,,null,,,
9584,rebounding,1,585,251,21952,87.01,sam2,0.0,0.0,0.0
9585,rebounding,1,,,,,null,,,
9586,rebounding,1,,,,,null,,,
9587,rebounding,1,,,,,null,,,
9588,rebounding,1,585,251,21872,86.69,sam2,0.0,0.0,0.0
9589,rebounding,1,,,,,null,,,
9590,rebounding,1,,,,,null,,,
9591,rebounding,1,,,,,null,,,
9592,rebounding,1,585,251,22072,87.49,sam2,0.0,0.0,0.0
9593,rebounding,1,,,,,null,,,
9594,rebounding,1,,,,,null,,,
9595,rebounding,1,,,,,null,,,
9596,rebounding,1,585,251,21974,87.1,sam2,0.0,0.0,0.0
9597,rebounding,1,,,,,null,,,
9598,rebounding,1,,,,,null,,,
9599,rebounding,1,,,,,null,,,
9600,rebounding,1,585,251,22068,87.47,sam2,0.0,0.0,0.0
9601,rebounding,1,,,,,null,,,
9602,rebounding,1,,,,,null,,,
9603,rebounding,1,,,,,null,,,
9604,rebounding,1,585,251,22014,87.26,sam2,0.0,0.0,0.0
9605,rebounding,1,,,,,null,,,
9606,rebounding,1,,,,,null,,,
9607,rebounding,1,,,,,null,,,
9608,rebounding,1,585,251,21954,87.02,sam2,0.0,0.0,0.0
9609,rebounding,1,,,,,null,,,
9610,rebounding,1,,,,,null,,,
9611,rebounding,1,,,,,null,,,
9612,rebounding,1,585,251,21995,87.18,sam2,0.0,0.0,0.0
9613,rebounding,1,,,,,null,,,
9614,rebounding,1,,,,,null,,,
9615,rebounding,1,,,,,null,,,
9616,rebounding,1,585,251,22115,87.66,sam2,0.0,0.0,0.0
9617,rebounding,1,,,,,null,,,
9618,rebounding,1,,,,,null,,,
9619,rebounding,1,,,,,null,,,
9620,rebounding,1,585,251,21966,87.07,sam2,0.0,0.0,0.0
9621,rebounding,1,,,,,null,,,
9622,rebounding,1,,,,,null,,,
9623,rebounding,1,,,,,null,,,
9624,rebounding,1,585,251,21948,87.0,sam2,0.0,0.0,0.0
9625,rebounding,1,,,,,null,,,
9626,rebounding,1,,,,,null,,,
9627,rebounding,1,,,,,null,,,
9628,rebounding,1,585,250,21701,86.02,sam2,1.0,749.192,13.378
9629,rebounding,1,,,,,null,,,
9630,rebounding,1,,,,,null,,,
9631,rebounding,1,,,,,null,,,
9632,rebounding,1,585,251,21911,86.85,sam2,1.0,749.192,13.378
9633,rebounding,1,,,,,null,,,
9634,rebounding,1,,,,,null,,,
9635,rebounding,1,,,,,null,,,
9636,rebounding,1,585,251,21933,86.94,sam2,0.0,0.0,0.0
9637,rebounding,1,,,,,null,,,
9638,rebounding,1,,,,,null,,,
9639,rebounding,1,,,,,null,,,
9640,rebounding,1,585,251,21950,87.0,sam2,0.0,0.0,0.0
9641,rebounding,1,,,,,null,,,
9642,rebounding,1,,,,,null,,,
9643,rebounding,1,,,,,null,,,
9644,rebounding,1,585,251,21909,86.84,sam2,0.0,0.0,0.0
9645,rebounding,1,,,,,null,,,
9646,rebounding,1,,,,,null,,,
9647,rebounding,1,,,,,null,,,
9648,rebounding,1,585,251,21952,87.01,sam2,0.0,0.0,0.0
9649,rebounding,1,,,,,null,,,
9650,rebounding,1,,,,,null,,,
9651,rebounding,1,,,,,null,,,
9652,rebounding,1,585,251,22029,87.32,sam2,0.0,0.0,0.0
9653,rebounding,1,,,,,null,,,
9654,rebounding,1,,,,,null,,,
9655,rebounding,1,,,,,null,,,
9656,rebounding,1,585,251,22030,87.32,sam2,0.0,0.0,0.0
9657,rebounding,1,,,,,null,,,
9658,rebounding,1,,,,,null,,,
9659,rebounding,1,,,,,null,,,
9660,rebounding,1,585,251,22120,87.68,sam2,0.0,0.0,0.0
9661,rebounding,1,,,,,null,,,
9662,rebounding,1,,,,,null,,,
9663,rebounding,1,,,,,null,,,
9664,rebounding,1,585,251,21997,87.19,sam2,0.0,0.0,0.0
9665,rebounding,1,,,,,null,,,
9666,rebounding,1,,,,,null,,,
9667,rebounding,1,,,,,null,,,
9668,rebounding,1,585,250,21868,86.68,sam2,1.0,749.192,13.378
9669,rebounding,1,,,,,null,,,
9670,rebounding,1,,,,,null,,,
9671,rebounding,1,,,,,null,,,
9672,rebounding,1,585,250,21897,86.79,sam2,0.0,0.0,0.0
9673,rebounding,1,,,,,null,,,
9674,rebounding,1,,,,,null,,,
9675,rebounding,1,,,,,null,,,
9676,rebounding,1,585,251,22046,87.38,sam2,1.0,749.192,13.378
9677,rebounding,1,,,,,null,,,
9678,rebounding,1,,,,,null,,,
9679,rebounding,1,,,,,null,,,
9680,rebounding,1,585,251,22011,87.24,sam2,0.0,0.0,0.0
9681,rebounding,1,,,,,null,,,
9682,rebounding,1,,,,,null,,,
9683,rebounding,1,,,,,null,,,
9684,rebounding,1,585,251,22051,87.4,sam2,0.0,0.0,0.0
9685,rebounding,1,,,,,null,,,
9686,rebounding,1,,,,,null,,,
9687,rebounding,1,,,,,null,,,
9688,rebounding,1,585,251,21972,87.09,sam2,0.0,0.0,0.0
9689,rebounding,1,,,,,null,,,
9690,rebounding,1,,,,,null,,,
