frame,phase,drop_id,cx,cy,area_px,percentage,detection_method,distance_px,velocity_px_per_s,velocity_mm_s
656,falling,1,627,116,25636,100.0,sam2,,,
657,falling,1,,,,,null,,,
658,falling,1,,,,,null,,,
659,falling,1,,,,,null,,,
660,falling,1,627,239,20973,81.81,sam2,123.0,92150.57,1645.546
661,falling,1,,,,,null,,,
662,falling,1,,,,,null,,,
663,falling,1,,,,,null,,,
664,falling,1,613,285,13305,51.9,sam2,48.083,36023.576,643.278
665,falling,1,,,,,null,,,
666,falling,1,,,,,null,,,
667,falling,1,,,,,null,,,
668,falling,1,640,280,12356,48.2,sam2,27.459,20572.098,367.359
669,falling,1,,,,,null,,,
670,falling,1,,,,,null,,,
671,falling,1,,,,,null,,,
672,falling,1,633,279,19100,74.5,sam2,7.071,5297.585,94.6
673,falling,1,,,,,null,,,
674,falling,1,,,,,null,,,
675,falling,1,,,,,null,,,
676,falling,1,627,276,21855,85.25,sam2,6.708,5025.73,89.745
677,falling,1,,,,,null,,,
678,falling,1,,,,,null,,,
679,falling,1,,,,,null,,,
680,falling,1,646,274,19248,75.08,sam2,19.105,14313.286,255.594
681,falling,1,,,,,null,,,
682,falling,1,,,,,null,,,
683,falling,1,,,,,null,,,
684,falling,1,635,299,33271,129.78,sam2,27.313,20462.671,365.405
685,falling,1,,,,,null,,,
686,falling,1,,,,,null,,,
687,falling,1,,,,,null,,,
688,falling,1,637,267,38353,149.61,sam2,32.062,24020.911,428.945
689,falling,1,,,,,null,,,
690,falling,1,,,,,null,,,
691,falling,1,,,,,null,,,
692,falling,1,642,207,30437,118.73,sam2,60.208,45107.309,805.488
693,falling,1,,,,,null,,,
694,falling,1,,,,,null,,,
695,falling,1,,,,,null,,,
696,falling,1,638,187,30841,120.3,sam2,20.396,15280.571,272.867
697,falling,1,,,,,null,,,
698,falling,1,,,,,null,,,
699,falling,1,,,,,null,,,
700,falling,1,644,172,30379,118.5,sam2,16.155,12103.561,216.135
701,falling,1,,,,,null,,,
702,falling,1,,,,,null,,,
703,falling,1,,,,,null,,,
704,falling,1,645,159,27452,107.08,sam2,13.038,9768.264,174.433
705,falling,1,,,,,null,,,
706,falling,1,,,,,null,,,
707,falling,1,,,,,null,,,
708,falling,1,649,156,27404,106.9,sam2,5.0,3745.958,66.892
709,falling,1,,,,,null,,,
710,falling,1,,,,,null,,,
711,falling,1,,,,,null,,,
712,falling,1,650,156,29270,114.18,sam2,1.0,749.192,13.378
713,falling,1,,,,,null,,,
714,falling,1,,,,,null,,,
715,falling,1,,,,,null,,,
716,falling,1,654,150,28928,112.84,sam2,7.211,5402.498,96.473
717,falling,1,,,,,null,,,
718,falling,1,,,,,null,,,
719,falling,1,,,,,null,,,
720,falling,1,659,142,28310,110.43,sam2,9.434,7067.86,126.212
721,falling,1,,,,,null,,,
722,falling,1,,,,,null,,,
723,falling,1,,,,,null,,,
724,falling,1,662,142,28838,112.49,sam2,3.0,2247.575,40.135
725,falling,1,,,,,null,,,
726,falling,1,,,,,null,,,
727,falling,1,,,,,null,,,
728,falling,1,665,136,28453,110.99,sam2,6.708,5025.73,89.745
729,falling,1,,,,,null,,,
730,falling,1,,,,,null,,,
731,falling,1,,,,,null,,,
732,falling,1,669,138,30447,118.77,sam2,4.472,3350.487,59.83
733,falling,1,,,,,null,,,
734,falling,1,,,,,null,,,
735,falling,1,,,,,null,,,
736,falling,1,672,149,32966,128.59,sam2,11.402,8542.099,152.537
737,falling,1,,,,,null,,,
738,falling,1,,,,,null,,,
739,falling,1,,,,,null,,,
740,falling,1,675,148,30975,120.83,sam2,3.162,2369.152,42.306
741,falling,1,,,,,null,,,
742,falling,1,,,,,null,,,
743,falling,1,,,,,null,,,
744,falling,1,677,154,29895,116.61,sam2,6.325,4738.304,84.613
745,falling,1,,,,,null,,,
746,falling,1,,,,,null,,,
747,falling,1,,,,,null,,,
748,falling,1,680,164,29078,113.43,sam2,10.44,7821.79,139.675
749,falling,1,,,,,null,,,
750,falling,1,,,,,null,,,
751,falling,1,,,,,null,,,
752,falling,1,682,178,29286,114.24,sam2,14.142,10595.17,189.199
753,falling,1,,,,,null,,,
754,falling,1,,,,,null,,,
755,falling,1,,,,,null,,,
756,falling,1,685,185,27522,107.36,sam2,7.616,5705.673,101.887
757,falling,1,,,,,null,,,
758,falling,1,,,,,null,,,
759,falling,1,,,,,null,,,
760,falling,1,687,195,25768,100.51,sam2,10.198,7640.285,136.434
761,falling,1,,,,,null,,,
762,falling,1,,,,,null,,,
763,falling,1,,,,,null,,,
764,falling,1,688,209,25148,98.1,sam2,14.036,10515.406,187.775
765,falling,1,,,,,null,,,
766,falling,1,,,,,null,,,
767,falling,1,,,,,null,,,
768,falling,1,692,220,24373,95.07,sam2,11.705,8769.063,156.59
769,falling,1,,,,,null,,,
770,falling,1,,,,,null,,,
771,falling,1,,,,,null,,,
772,falling,1,694,234,23182,90.43,sam2,14.142,10595.17,189.199
773,falling,1,,,,,null,,,
774,falling,1,,,,,null,,,
775,falling,1,,,,,null,,,
776,falling,1,694,247,21082,82.24,sam2,13.0,9739.491,173.919
777,falling,1,,,,,null,,,
778,falling,1,,,,,null,,,
779,falling,1,,,,,null,,,
780,falling,1,696,254,19599,76.45,sam2,7.28,5454.197,97.396
781,falling,1,,,,,null,,,
782,falling,1,,,,,null,,,
783,falling,1,,,,,null,,,
784,falling,1,697,258,18490,72.13,sam2,4.123,3088.996,55.161
785,falling,1,,,,,null,,,
786,falling,1,,,,,null,,,
787,falling,1,,,,,null,,,
788,falling,1,699,259,18675,72.85,sam2,2.236,1675.243,29.915
789,falling,1,,,,,null,,,
790,falling,1,,,,,null,,,
791,falling,1,,,,,null,,,
792,falling,1,700,256,19092,74.47,sam2,3.162,2369.152,42.306
793,falling,1,,,,,null,,,
794,falling,1,,,,,null,,,
795,falling,1,,,,,null,,,
796,falling,1,703,248,21656,84.47,sam2,8.544,6401.096,114.305
797,falling,1,,,,,null,,,
798,falling,1,,,,,null,,,
799,falling,1,,,,,null,,,
800,falling,1,705,239,23250,90.69,sam2,9.22,6907.205,123.343
801,falling,1,,,,,null,,,
802,falling,1,,,,,null,,,
803,falling,1,,,,,null,,,
804,falling,1,705,231,24099,94.0,sam2,8.0,5993.533,107.027
805,falling,1,,,,,null,,,
806,falling,1,,,,,null,,,
807,falling,1,,,,,null,,,
808,falling,1,709,228,24666,96.22,sam2,5.0,3745.958,66.892
809,falling,1,,,,,null,,,
810,falling,1,,,,,null,,,
811,falling,1,,,,,null,,,
812,falling,1,710,227,23728,92.56,sam2,1.414,1059.517,18.92
813,falling,1,,,,,null,,,
814,falling,1,,,,,null,,,
815,falling,1,,,,,null,,,
816,falling,1,712,229,23053,89.92,sam2,2.828,2119.034,37.84
817,falling,1,,,,,null,,,
818,falling,1,,,,,null,,,
819,falling,1,,,,,null,,,
820,falling,1,713,233,22978,89.63,sam2,4.123,3088.996,55.161
821,falling,1,,,,,null,,,
822,falling,1,,,,,null,,,
823,falling,1,,,,,null,,,
824,falling,1,713,239,22135,86.34,sam2,6.0,4495.15,80.271
825,falling,1,,,,,null,,,
826,falling,1,,,,,null,,,
827,falling,1,,,,,null,,,
828,falling,1,712,248,21645,84.43,sam2,9.055,6784.219,121.147
829,falling,1,,,,,null,,,
830,falling,1,,,,,null,,,
831,falling,1,,,,,null,,,
832,falling,1,712,254,19449,75.87,sam2,6.0,4495.15,80.271
833,falling,1,,,,,null,,,
834,falling,1,,,,,null,,,
835,falling,1,,,,,null,,,
836,falling,1,710,259,18654,72.76,sam2,5.385,4034.52,72.045
837,falling,1,,,,,null,,,
838,falling,1,,,,,null,,,
839,falling,1,,,,,null,,,
840,falling,1,708,261,18775,73.24,sam2,2.828,2119.034,37.84
841,falling,1,,,,,null,,,
842,falling,1,,,,,null,,,
843,falling,1,,,,,null,,,
844,falling,1,704,257,19375,75.58,sam2,5.657,4238.068,75.68
845,falling,1,,,,,null,,,
846,falling,1,,,,,null,,,
847,falling,1,,,,,null,,,
848,falling,1,721,253,24571,95.85,sam2,17.464,13084.069,233.644
849,falling,1,,,,,null,,,
850,falling,1,,,,,null,,,
851,falling,1,,,,,null,,,
852,falling,1,722,247,26286,102.54,sam2,6.083,4557.155,81.378
853,falling,1,,,,,null,,,
854,falling,1,,,,,null,,,
855,falling,1,,,,,null,,,
856,falling,1,718,240,25886,100.98,sam2,8.062,6040.176,107.86
857,falling,1,,,,,null,,,
858,falling,1,,,,,null,,,
859,falling,1,,,,,null,,,
860,falling,1,716,236,26231,102.32,sam2,4.472,3350.487,59.83
861,falling,1,,,,,null,,,
862,falling,1,,,,,null,,,
863,falling,1,,,,,null,,,
864,falling,1,712,233,25526,99.57,sam2,5.0,3745.958,66.892
865,falling,1,,,,,null,,,
866,falling,1,,,,,null,,,
867,falling,1,,,,,null,,,
868,falling,1,711,235,24548,95.76,sam2,2.236,1675.243,29.915
869,falling,1,,,,,null,,,
870,falling,1,,,,,null,,,
871,falling,1,,,,,null,,,
872,falling,1,714,240,23049,89.91,sam2,5.831,4368.5,78.009
873,falling,1,,,,,null,,,
874,falling,1,,,,,null,,,
875,falling,1,,,,,null,,,
876,falling,1,716,244,22453,87.58,sam2,4.472,3350.487,59.83
877,falling,1,,,,,null,,,
878,falling,1,,,,,null,,,
879,falling,1,,,,,null,,,
880,falling,1,717,249,22061,86.05,sam2,5.099,3820.143,68.217
881,falling,1,,,,,null,,,
882,falling,1,,,,,null,,,
883,falling,1,,,,,null,,,
884,falling,1,717,252,22260,86.83,sam2,3.0,2247.575,40.135
885,falling,1,,,,,null,,,
886,falling,1,,,,,null,,,
887,falling,1,,,,,null,,,
888,falling,1,719,254,22608,88.19,sam2,2.828,2119.034,37.84
889,falling,1,,,,,null,,,
890,falling,1,,,,,null,,,
891,falling,1,,,,,null,,,
892,falling,1,717,256,23269,90.77,sam2,2.828,2119.034,37.84
893,falling,1,,,,,null,,,
894,falling,1,,,,,null,,,
895,falling,1,,,,,null,,,
896,falling,1,718,256,24195,94.38,sam2,1.0,749.192,13.378
897,falling,1,,,,,null,,,
898,falling,1,,,,,null,,,
899,falling,1,,,,,null,,,
900,falling,1,720,253,26075,101.71,sam2,3.606,2701.249,48.237
901,falling,1,,,,,null,,,
902,falling,1,,,,,null,,,
903,falling,1,,,,,null,,,
904,falling,1,722,248,27385,106.82,sam2,5.385,4034.52,72.045
905,falling,1,,,,,null,,,
906,falling,1,,,,,null,,,
907,falling,1,,,,,null,,,
908,falling,1,723,246,27468,107.15,sam2,2.236,1675.243,29.915
909,falling,1,,,,,null,,,
910,falling,1,,,,,null,,,
911,falling,1,,,,,null,,,
912,falling,1,724,245,26444,103.15,sam2,1.414,1059.517,18.92
913,falling,1,,,,,null,,,
914,falling,1,,,,,null,,,
915,falling,1,,,,,null,,,
916,falling,1,726,244,24438,95.33,sam2,2.236,1675.243,29.915
917,falling,1,,,,,null,,,
918,falling,1,,,,,null,,,
919,falling,1,,,,,null,,,
920,falling,1,728,245,23186,90.44,sam2,2.236,1675.243,29.915
921,falling,1,,,,,null,,,
922,falling,1,,,,,null,,,
923,falling,1,,,,,null,,,
924,falling,1,730,247,22502,87.78,sam2,2.828,2119.034,37.84
925,falling,1,,,,,null,,,
926,falling,1,,,,,null,,,
927,falling,1,,,,,null,,,
928,falling,1,732,248,21791,85.0,sam2,2.236,1675.243,29.915
929,falling,1,,,,,null,,,
930,falling,1,,,,,null,,,
931,falling,1,,,,,null,,,
932,falling,1,731,249,21434,83.61,sam2,1.414,1059.517,18.92
933,falling,1,,,,,null,,,
934,falling,1,,,,,null,,,
935,falling,1,,,,,null,,,
936,falling,1,731,252,22132,86.33,sam2,3.0,2247.575,40.135
937,falling,1,,,,,null,,,
938,falling,1,,,,,null,,,
939,falling,1,,,,,null,,,
940,falling,1,730,253,23154,90.32,sam2,1.414,1059.517,18.92
941,falling,1,,,,,null,,,
942,falling,1,,,,,null,,,
943,falling,1,,,,,null,,,
944,falling,1,729,252,24760,96.58,sam2,1.414,1059.517,18.92
945,falling,1,,,,,null,,,
946,falling,1,,,,,null,,,
947,falling,1,,,,,null,,,
948,falling,1,729,252,26169,102.08,sam2,0.0,0.0,0.0
949,falling,1,,,,,null,,,
950,falling,1,,,,,null,,,
951,falling,1,,,,,null,,,
952,falling,1,729,251,26993,105.29,sam2,1.0,749.192,13.378
953,falling,1,,,,,null,,,
954,falling,1,,,,,null,,,
955,falling,1,,,,,null,,,
956,falling,1,730,250,26648,103.95,sam2,1.414,1059.517,18.92
957,falling,1,,,,,null,,,
958,falling,1,,,,,null,,,
959,falling,1,,,,,null,,,
960,falling,1,730,249,26474,103.27,sam2,1.0,749.192,13.378
961,falling,1,,,,,null,,,
962,falling,1,,,,,null,,,
963,falling,1,,,,,null,,,
964,falling,1,728,249,25347,98.87,sam2,2.0,1498.383,26.757
965,falling,1,,,,,null,,,
966,falling,1,,,,,null,,,
967,falling,1,,,,,null,,,
968,falling,1,724,250,23822,92.92,sam2,4.123,3088.996,55.161
969,falling,1,,,,,null,,,
970,falling,1,,,,,null,,,
971,falling,1,,,,,null,,,
972,falling,1,721,250,22218,86.67,sam2,3.0,2247.575,40.135
973,falling,1,,,,,null,,,
974,falling,1,,,,,null,,,
975,falling,1,,,,,null,,,
976,falling,1,719,250,21586,84.2,sam2,2.0,1498.383,26.757
977,falling,1,,,,,null,,,
978,falling,1,,,,,null,,,
979,falling,1,,,,,null,,,
980,falling,1,718,248,21138,82.45,sam2,2.236,1675.243,29.915
981,falling,1,,,,,null,,,
982,falling,1,,,,,null,,,
983,falling,1,,,,,null,,,
984,falling,1,719,248,21574,84.16,sam2,1.0,749.192,13.378
985,falling,1,,,,,null,,,
986,falling,1,,,,,null,,,
987,falling,1,,,,,null,,,
988,falling,1,721,249,22675,88.45,sam2,2.236,1675.243,29.915
989,falling,1,,,,,null,,,
990,falling,1,,,,,null,,,
991,falling,1,,,,,null,,,
992,falling,1,721,249,24057,93.84,sam2,0.0,0.0,0.0
993,falling,1,,,,,null,,,
994,falling,1,,,,,null,,,
995,falling,1,,,,,null,,,
996,falling,1,719,248,25504,99.49,sam2,2.236,1675.243,29.915
997,falling,1,,,,,null,,,
998,falling,1,,,,,null,,,
999,falling,1,,,,,null,,,
1000,falling,1,717,248,26385,102.92,sam2,2.0,1498.383,26.757
1001,falling,1,,,,,null,,,
1002,falling,1,,,,,null,,,
1003,falling,1,,,,,null,,,
1004,falling,1,716,249,26719,104.22,sam2,1.414,1059.517,18.92
1005,falling,1,,,,,null,,,
1006,falling,1,,,,,null,,,
1007,falling,1,,,,,null,,,
1008,falling,1,715,250,25934,101.16,sam2,1.414,1059.517,18.92
1009,falling,1,,,,,null,,,
1010,falling,1,,,,,null,,,
1011,falling,1,,,,,null,,,
1012,falling,1,717,253,25309,98.72,sam2,3.606,2701.249,48.237
1013,falling,1,,,,,null,,,
1014,falling,1,,,,,null,,,
1015,falling,1,,,,,null,,,
1016,falling,1,719,254,24260,94.63,sam2,2.236,1675.243,29.915
1017,falling,1,,,,,null,,,
1018,falling,1,,,,,null,,,
1019,falling,1,,,,,null,,,
1020,falling,1,722,254,23462,91.52,sam2,3.0,2247.575,40.135
1021,falling,1,,,,,null,,,
1022,falling,1,,,,,null,,,
1023,falling,1,,,,,null,,,
1024,falling,1,724,253,22736,88.69,sam2,2.236,1675.243,29.915
1025,falling,1,,,,,null,,,
1026,falling,1,,,,,null,,,
1027,falling,1,,,,,null,,,
1028,falling,1,724,251,22412,87.42,sam2,2.0,1498.383,26.757
1029,falling,1,,,,,null,,,
1030,falling,1,,,,,null,,,
1031,falling,1,,,,,null,,,
1032,falling,1,723,249,22437,87.52,sam2,2.236,1675.243,29.915
1033,falling,1,,,,,null,,,
1034,falling,1,,,,,null,,,
1035,falling,1,,,,,null,,,
1036,falling,1,723,246,22532,87.89,sam2,3.0,2247.575,40.135
1037,falling,1,,,,,null,,,
1038,falling,1,,,,,null,,,
1039,falling,1,,,,,null,,,
1040,falling,1,724,245,23613,92.11,sam2,1.414,1059.517,18.92
1041,falling,1,,,,,null,,,
1042,falling,1,,,,,null,,,
1043,falling,1,,,,,null,,,
1044,falling,1,725,245,24634,96.09,sam2,1.0,749.192,13.378
1045,falling,1,,,,,null,,,
1046,falling,1,,,,,null,,,
1047,falling,1,,,,,null,,,
1048,falling,1,728,245,25479,99.39,sam2,3.0,2247.575,40.135
1049,falling,1,,,,,null,,,
1050,falling,1,,,,,null,,,
1051,falling,1,,,,,null,,,
1052,falling,1,731,246,25613,99.91,sam2,3.162,2369.152,42.306
1053,falling,1,,,,,null,,,
1054,falling,1,,,,,null,,,
1055,falling,1,,,,,null,,,
1056,falling,1,732,248,25262,98.54,sam2,2.236,1675.243,29.915
1057,falling,1,,,,,null,,,
1058,falling,1,,,,,null,,,
1059,falling,1,,,,,null,,,
1060,falling,1,730,252,24824,96.83,sam2,4.472,3350.487,59.83
1061,falling,1,,,,,null,,,
1062,falling,1,,,,,null,,,
1063,falling,1,,,,,null,,,
1064,falling,1,729,254,23969,93.5,sam2,2.236,1675.243,29.915
1065,falling,1,,,,,null,,,
1066,falling,1,,,,,null,,,
1067,falling,1,,,,,null,,,
1068,falling,1,728,255,23355,91.1,sam2,1.414,1059.517,18.92
1069,falling,1,,,,,null,,,
1070,falling,1,,,,,null,,,
1071,falling,1,,,,,null,,,
1072,falling,1,728,255,22916,89.39,sam2,0.0,0.0,0.0
1073,falling,1,,,,,null,,,
1074,falling,1,,,,,null,,,
1075,falling,1,,,,,null,,,
1076,falling,1,728,253,23007,89.74,sam2,2.0,1498.383,26.757
1077,falling,1,,,,,null,,,
1078,falling,1,,,,,null,,,
1079,falling,1,,,,,null,,,
1080,falling,1,729,250,23227,90.6,sam2,3.162,2369.152,42.306
1081,falling,1,,,,,null,,,
1082,falling,1,,,,,null,,,
1083,falling,1,,,,,null,,,
1084,falling,1,728,247,23418,91.35,sam2,3.162,2369.152,42.306
1085,falling,1,,,,,null,,,
1086,falling,1,,,,,null,,,
1087,falling,1,,,,,null,,,
1088,falling,1,727,245,24109,94.04,sam2,2.236,1675.243,29.915
1089,falling,1,,,,,null,,,
1090,falling,1,,,,,null,,,
1091,falling,1,,,,,null,,,
1092,falling,1,726,243,24697,96.34,sam2,2.236,1675.243,29.915
1093,falling,1,,,,,null,,,
1094,falling,1,,,,,null,,,
1095,falling,1,,,,,null,,,
1096,falling,1,724,242,24890,97.09,sam2,2.236,1675.243,29.915
1097,falling,1,,,,,null,,,
1098,falling,1,,,,,null,,,
1099,falling,1,,,,,null,,,
1100,falling,1,723,242,24759,96.58,sam2,1.0,749.192,13.378
1101,falling,1,,,,,null,,,
1102,falling,1,,,,,null,,,
1103,falling,1,,,,,null,,,
1104,falling,1,722,245,24759,96.58,sam2,3.162,2369.152,42.306
1105,falling,1,,,,,null,,,
1106,falling,1,,,,,null,,,
1107,falling,1,,,,,null,,,
1108,falling,1,721,248,24241,94.56,sam2,3.162,2369.152,42.306
1109,falling,1,,,,,null,,,
1110,falling,1,,,,,null,,,
1111,falling,1,,,,,null,,,
1112,falling,1,721,252,23780,92.76,sam2,4.0,2996.766,53.514
1113,falling,1,,,,,null,,,
1114,falling,1,,,,,null,,,
1115,falling,1,,,,,null,,,
1116,falling,1,720,255,23270,90.77,sam2,3.162,2369.152,42.306
1117,falling,1,,,,,null,,,
1118,falling,1,,,,,null,,,
1119,falling,1,,,,,null,,,
1120,falling,1,720,256,22856,89.16,sam2,1.0,749.192,13.378
1121,falling,1,,,,,null,,,
1122,falling,1,,,,,null,,,
1123,falling,1,,,,,null,,,
1124,falling,1,719,255,22764,88.8,sam2,1.414,1059.517,18.92
1125,falling,1,,,,,null,,,
1126,falling,1,,,,,null,,,
1127,falling,1,,,,,null,,,
1128,falling,1,719,253,23366,91.15,sam2,2.0,1498.383,26.757
1129,falling,1,,,,,null,,,
1130,falling,1,,,,,null,,,
1131,falling,1,,,,,null,,,
1132,falling,1,719,250,23816,92.9,sam2,3.0,2247.575,40.135
1133,falling,1,,,,,null,,,
1134,falling,1,,,,,null,,,
1135,falling,1,,,,,null,,,
1136,falling,1,719,247,24474,95.47,sam2,3.0,2247.575,40.135
1137,falling,1,,,,,null,,,
1138,falling,1,,,,,null,,,
1139,falling,1,,,,,null,,,
1140,falling,1,720,244,24830,96.86,sam2,3.162,2369.152,42.306
1141,falling,1,,,,,null,,,
1142,falling,1,,,,,null,,,
1143,falling,1,,,,,null,,,
1144,falling,1,721,243,24799,96.74,sam2,1.414,1059.517,18.92
1145,falling,1,,,,,null,,,
1146,falling,1,,,,,null,,,
1147,falling,1,,,,,null,,,
1148,falling,1,721,243,24674,96.25,sam2,0.0,0.0,0.0
1149,falling,1,,,,,null,,,
1150,falling,1,,,,,null,,,
1151,falling,1,,,,,null,,,
1152,falling,1,722,244,24093,93.98,sam2,1.414,1059.517,18.92
1153,falling,1,,,,,null,,,
1154,falling,1,,,,,null,,,
1155,falling,1,,,,,null,,,
1156,falling,1,723,246,23764,92.7,sam2,2.236,1675.243,29.915
1157,falling,1,,,,,null,,,
1158,falling,1,,,,,null,,,
1159,falling,1,,,,,null,,,
1160,falling,1,725,249,23424,91.37,sam2,3.606,2701.249,48.237
1161,falling,1,,,,,null,,,
1162,falling,1,,,,,null,,,
1163,falling,1,,,,,null,,,
1164,falling,1,726,252,22982,89.65,sam2,3.162,2369.152,42.306
1165,falling,1,,,,,null,,,
1166,falling,1,,,,,null,,,
1167,falling,1,,,,,null,,,
1168,falling,1,727,254,22907,89.35,sam2,2.236,1675.243,29.915
1169,falling,1,,,,,null,,,
1170,falling,1,,,,,null,,,
1171,falling,1,,,,,null,,,
1172,falling,1,727,255,23014,89.77,sam2,1.0,749.192,13.378
1173,falling,1,,,,,null,,,
1174,falling,1,,,,,null,,,
1175,falling,1,,,,,null,,,
1176,falling,1,728,255,23630,92.18,sam2,1.0,749.192,13.378
1177,falling,1,,,,,null,,,
1178,falling,1,,,,,null,,,
1179,falling,1,,,,,null,,,
1180,falling,1,728,253,24286,94.73,sam2,2.0,1498.383,26.757
1181,falling,1,,,,,null,,,
1182,falling,1,,,,,null,,,
1183,falling,1,,,,,null,,,
1184,falling,1,729,250,25119,97.98,sam2,3.162,2369.152,42.306
1185,falling,1,,,,,null,,,
1186,falling,1,,,,,null,,,
1187,falling,1,,,,,null,,,
1188,falling,1,729,248,25619,99.93,sam2,2.0,1498.383,26.757
1189,falling,1,,,,,null,,,
1190,falling,1,,,,,null,,,
1191,falling,1,,,,,null,,,
1192,falling,1,730,246,25449,99.27,sam2,2.236,1675.243,29.915
1193,falling,1,,,,,null,,,
1194,falling,1,,,,,null,,,
1195,falling,1,,,,,null,,,
1196,falling,1,729,245,24964,97.38,sam2,1.414,1059.517,18.92
1197,falling,1,,,,,null,,,
1198,falling,1,,,,,null,,,
1199,falling,1,,,,,null,,,
1200,falling,1,729,245,24226,94.5,sam2,0.0,0.0,0.0
1201,falling,1,,,,,null,,,
1202,falling,1,,,,,null,,,
1203,falling,1,,,,,null,,,
1204,falling,1,728,246,23578,91.97,sam2,1.414,1059.517,18.92
1205,falling,1,,,,,null,,,
1206,falling,1,,,,,null,,,
1207,falling,1,,,,,null,,,
1208,falling,1,727,248,22989,89.67,sam2,2.236,1675.243,29.915
1209,falling,1,,,,,null,,,
1210,falling,1,,,,,null,,,
1211,falling,1,,,,,null,,,
1212,falling,1,727,250,22663,88.4,sam2,2.0,1498.383,26.757
1213,falling,1,,,,,null,,,
1214,falling,1,,,,,null,,,
1215,falling,1,,,,,null,,,
1216,falling,1,726,251,22644,88.33,sam2,1.414,1059.517,18.92
1217,falling,1,,,,,null,,,
1218,falling,1,,,,,null,,,
1219,falling,1,,,,,null,,,
1220,falling,1,725,253,23103,90.12,sam2,2.236,1675.243,29.915
1221,falling,1,,,,,null,,,
1222,falling,1,,,,,null,,,
1223,falling,1,,,,,null,,,
1224,falling,1,724,253,23649,92.25,sam2,1.0,749.192,13.378
1225,falling,1,,,,,null,,,
1226,falling,1,,,,,null,,,
1227,falling,1,,,,,null,,,
1228,falling,1,723,253,24395,95.16,sam2,1.0,749.192,13.378
1229,falling,1,,,,,null,,,
1230,falling,1,,,,,null,,,
1231,falling,1,,,,,null,,,
1232,falling,1,723,252,25131,98.03,sam2,1.0,749.192,13.378
1233,falling,1,,,,,null,,,
1234,falling,1,,,,,null,,,
1235,falling,1,,,,,null,,,
1236,falling,1,721,250,25541,99.63,sam2,2.828,2119.034,37.84
1237,falling,1,,,,,null,,,
1238,falling,1,,,,,null,,,
1239,falling,1,,,,,null,,,
1240,falling,1,720,249,25612,99.91,sam2,1.414,1059.517,18.92
1241,falling,1,,,,,null,,,
1242,falling,1,,,,,null,,,
1243,falling,1,,,,,null,,,
1244,falling,1,719,248,25205,98.32,sam2,1.414,1059.517,18.92
1245,falling,1,,,,,null,,,
1246,falling,1,,,,,null,,,
1247,falling,1,,,,,null,,,
1248,falling,1,718,247,24279,94.71,sam2,1.414,1059.517,18.92
1249,falling,1,,,,,null,,,
1250,falling,1,,,,,null,,,
1251,falling,1,,,,,null,,,
1252,falling,1,719,247,23409,91.31,sam2,1.0,749.192,13.378
1253,falling,1,,,,,null,,,
1254,falling,1,,,,,null,,,
1255,falling,1,,,,,null,,,
1256,falling,1,720,248,22912,89.37,sam2,1.414,1059.517,18.92
1257,falling,1,,,,,null,,,
1258,falling,1,,,,,null,,,
1259,falling,1,,,,,null,,,
1260,falling,1,720,248,22152,86.41,sam2,0.0,0.0,0.0
1261,falling,1,,,,,null,,,
1262,falling,1,,,,,null,,,
1263,falling,1,,,,,null,,,
1264,falling,1,721,249,22269,86.87,sam2,1.414,1059.517,18.92
1265,falling,1,,,,,null,,,
1266,falling,1,,,,,null,,,
1267,falling,1,,,,,null,,,
1268,falling,1,721,250,22801,88.94,sam2,1.0,749.192,13.378
1269,falling,1,,,,,null,,,
1270,falling,1,,,,,null,,,
1271,falling,1,,,,,null,,,
1272,falling,1,721,251,23302,90.9,sam2,1.0,749.192,13.378
1273,falling,1,,,,,null,,,
1274,falling,1,,,,,null,,,
1275,falling,1,,,,,null,,,
1276,falling,1,721,251,24052,93.82,sam2,0.0,0.0,0.0
1277,falling,1,,,,,null,,,
1278,falling,1,,,,,null,,,
1279,falling,1,,,,,null,,,
1280,falling,1,722,251,24722,96.43,sam2,1.0,749.192,13.378
1281,falling,1,,,,,null,,,
1282,falling,1,,,,,null,,,
1283,falling,1,,,,,null,,,
1284,falling,1,724,251,25445,99.25,sam2,2.0,1498.383,26.757
1285,falling,1,,,,,null,,,
1286,falling,1,,,,,null,,,
1287,falling,1,,,,,null,,,
1288,falling,1,725,250,25533,99.6,sam2,1.414,1059.517,18.92
1289,falling,1,,,,,null,,,
1290,falling,1,,,,,null,,,
1291,falling,1,,,,,null,,,
1292,falling,1,727,250,25324,98.78,sam2,2.0,1498.383,26.757
1293,falling,1,,,,,null,,,
1294,falling,1,,,,,null,,,
1295,falling,1,,,,,null,,,
1296,falling,1,727,250,24620,96.04,sam2,0.0,0.0,0.0
1297,falling,1,,,,,null,,,
1298,falling,1,,,,,null,,,
1299,falling,1,,,,,null,,,
1300,falling,1,728,250,23894,93.2,sam2,1.0,749.192,13.378
1301,falling,1,,,,,null,,,
1302,falling,1,,,,,null,,,
1303,falling,1,,,,,null,,,
1304,falling,1,728,250,23487,91.62,sam2,0.0,0.0,0.0
1305,falling,1,,,,,null,,,
1306,falling,1,,,,,null,,,
1307,falling,1,,,,,null,,,
1308,falling,1,728,250,22823,89.03,sam2,0.0,0.0,0.0
1309,falling,1,,,,,null,,,
1310,falling,1,,,,,null,,,
1311,falling,1,,,,,null,,,
1312,falling,1,728,250,22716,88.61,sam2,0.0,0.0,0.0
1313,falling,1,,,,,null,,,
1314,falling,1,,,,,null,,,
1315,falling,1,,,,,null,,,
1316,falling,1,729,249,22689,88.5,sam2,1.414,1059.517,18.92
1317,falling,1,,,,,null,,,
1318,falling,1,,,,,null,,,
1319,falling,1,,,,,null,,,
1320,falling,1,729,249,23394,91.25,sam2,0.0,0.0,0.0
1321,falling,1,,,,,null,,,
1322,falling,1,,,,,null,,,
1323,falling,1,,,,,null,,,
1324,falling,1,730,249,23848,93.03,sam2,1.0,749.192,13.378
1325,falling,1,,,,,null,,,
1326,falling,1,,,,,null,,,
1327,falling,1,,,,,null,,,
1328,falling,1,729,249,24546,95.75,sam2,1.0,749.192,13.378
1329,falling,1,,,,,null,,,
1330,falling,1,,,,,null,,,
1331,falling,1,,,,,null,,,
1332,falling,1,727,249,25172,98.19,sam2,2.0,1498.383,26.757
1333,falling,1,,,,,null,,,
1334,falling,1,,,,,null,,,
1335,falling,1,,,,,null,,,
1336,falling,1,726,250,25341,98.85,sam2,1.414,1059.517,18.92
1337,falling,1,,,,,null,,,
1338,falling,1,,,,,null,,,
1339,falling,1,,,,,null,,,
1340,falling,1,725,250,25093,97.88,sam2,1.0,749.192,13.378
1341,falling,1,,,,,null,,,
1342,falling,1,,,,,null,,,
1343,falling,1,,,,,null,,,
1344,falling,1,725,251,24601,95.96,sam2,1.0,749.192,13.378
1345,falling,1,,,,,null,,,
1346,falling,1,,,,,null,,,
1347,falling,1,,,,,null,,,
1348,falling,1,724,252,24095,93.99,sam2,1.414,1059.517,18.92
1349,falling,1,,,,,null,,,
1350,falling,1,,,,,null,,,
1351,falling,1,,,,,null,,,
1352,falling,1,723,252,23578,91.97,sam2,1.0,749.192,13.378
1353,falling,1,,,,,null,,,
1354,falling,1,,,,,null,,,
1355,falling,1,,,,,null,,,
1356,falling,1,722,252,23293,90.86,sam2,1.0,749.192,13.378
1357,falling,1,,,,,null,,,
1358,falling,1,,,,,null,,,
1359,falling,1,,,,,null,,,
1360,falling,1,722,250,22549,87.96,sam2,2.0,1498.383,26.757
1361,falling,1,,,,,null,,,
1362,falling,1,,,,,null,,,
1363,falling,1,,,,,null,,,
1364,falling,1,721,249,22695,88.53,sam2,1.414,1059.517,18.92
1365,falling,1,,,,,null,,,
1366,falling,1,,,,,null,,,
1367,falling,1,,,,,null,,,
1368,falling,1,720,248,23022,89.8,sam2,1.414,1059.517,18.92
1369,falling,1,,,,,null,,,
1370,falling,1,,,,,null,,,
1371,falling,1,,,,,null,,,
1372,falling,1,720,246,23226,90.6,sam2,2.0,1498.383,26.757
1373,falling,1,,,,,null,,,
1374,falling,1,,,,,null,,,
1375,falling,1,,,,,null,,,
1376,falling,1,720,247,24111,94.05,sam2,1.0,749.192,13.378
1377,falling,1,,,,,null,,,
1378,falling,1,,,,,null,,,
1379,falling,1,,,,,null,,,
1380,falling,1,720,247,24609,95.99,sam2,0.0,0.0,0.0
1381,falling,1,,,,,null,,,
1382,falling,1,,,,,null,,,
1383,falling,1,,,,,null,,,
1384,falling,1,720,248,24846,96.92,sam2,1.0,749.192,13.378
1385,falling,1,,,,,null,,,
1386,falling,1,,,,,null,,,
1387,falling,1,,,,,null,,,
1388,falling,1,720,249,24709,96.38,sam2,1.0,749.192,13.378
1389,falling,1,,,,,null,,,
1390,falling,1,,,,,null,,,
1391,falling,1,,,,,null,,,
1392,falling,1,721,251,24443,95.35,sam2,2.236,1675.243,29.915
1393,falling,1,,,,,null,,,
1394,falling,1,,,,,null,,,
1395,falling,1,,,,,null,,,
1396,falling,1,722,252,24090,93.97,sam2,1.414,1059.517,18.92
1397,falling,1,,,,,null,,,
1398,falling,1,,,,,null,,,
1399,falling,1,,,,,null,,,
1400,falling,1,722,253,23695,92.43,sam2,1.0,749.192,13.378
1401,falling,1,,,,,null,,,
1402,falling,1,,,,,null,,,
1403,falling,1,,,,,null,,,
1404,falling,1,723,253,23678,92.36,sam2,1.0,749.192,13.378
1405,falling,1,,,,,null,,,
1406,falling,1,,,,,null,,,
1407,falling,1,,,,,null,,,
1408,falling,1,724,252,23324,90.98,sam2,1.414,1059.517,18.92
1409,falling,1,,,,,null,,,
1410,falling,1,,,,,null,,,
1411,falling,1,,,,,null,,,
1412,falling,1,725,251,23496,91.65,sam2,1.414,1059.517,18.92
1413,falling,1,,,,,null,,,
1414,falling,1,,,,,null,,,
1415,falling,1,,,,,null,,,
1416,falling,1,726,249,23752,92.65,sam2,2.236,1675.243,29.915
1417,falling,1,,,,,null,,,
1418,falling,1,,,,,null,,,
1419,falling,1,,,,,null,,,
1420,falling,1,726,248,24044,93.79,sam2,1.0,749.192,13.378
1421,falling,1,,,,,null,,,
1422,falling,1,,,,,null,,,
1423,falling,1,,,,,null,,,
1424,falling,1,727,247,24488,95.52,sam2,1.414,1059.517,18.92
1425,falling,1,,,,,null,,,
1426,falling,1,,,,,null,,,
1427,falling,1,,,,,null,,,
1428,falling,1,728,246,24475,95.47,sam2,1.414,1059.517,18.92
1429,falling,1,,,,,null,,,
1430,falling,1,,,,,null,,,
1431,falling,1,,,,,null,,,
1432,falling,1,729,246,24481,95.49,sam2,1.0,749.192,13.378
1433,falling,1,,,,,null,,,
1434,falling,1,,,,,null,,,
1435,falling,1,,,,,null,,,
1436,falling,1,729,247,24250,94.59,sam2,1.0,749.192,13.378
1437,falling,1,,,,,null,,,
1438,falling,1,,,,,null,,,
1439,falling,1,,,,,null,,,
1440,falling,1,729,249,24420,95.26,sam2,2.0,1498.383,26.757
1441,falling,1,,,,,null,,,
1442,falling,1,,,,,null,,,
1443,falling,1,,,,,null,,,
1444,falling,1,729,251,23888,93.18,sam2,2.0,1498.383,26.757
1445,falling,1,,,,,null,,,
1446,falling,1,,,,,null,,,
1447,falling,1,,,,,null,,,
1448,falling,1,728,252,23724,92.54,sam2,1.414,1059.517,18.92
1449,falling,1,,,,,null,,,
1450,falling,1,,,,,null,,,
1451,falling,1,,,,,null,,,
1452,falling,1,727,253,23660,92.29,sam2,1.414,1059.517,18.92
1453,falling,1,,,,,null,,,
1454,falling,1,,,,,null,,,
1455,falling,1,,,,,null,,,
1456,falling,1,727,253,23478,91.58,sam2,0.0,0.0,0.0
1457,falling,1,,,,,null,,,
1458,falling,1,,,,,null,,,
1459,falling,1,,,,,null,,,
1460,falling,1,727,252,23413,91.33,sam2,1.0,749.192,13.378
1461,falling,1,,,,,null,,,
1462,falling,1,,,,,null,,,
1463,falling,1,,,,,null,,,
1464,falling,1,726,250,23587,92.01,sam2,2.236,1675.243,29.915
1465,falling,1,,,,,null,,,
1466,falling,1,,,,,null,,,
1467,falling,1,,,,,null,,,
1468,falling,1,725,248,23932,93.35,sam2,2.236,1675.243,29.915
1469,falling,1,,,,,null,,,
1470,falling,1,,,,,null,,,
1471,falling,1,,,,,null,,,
1472,falling,1,724,247,24367,95.05,sam2,1.414,1059.517,18.92
1473,falling,1,,,,,null,,,
1474,falling,1,,,,,null,,,
1475,falling,1,,,,,null,,,
1476,falling,1,723,246,24312,94.84,sam2,1.414,1059.517,18.92
1477,falling,1,,,,,null,,,
1478,falling,1,,,,,null,,,
1479,falling,1,,,,,null,,,
1480,falling,1,722,246,24219,94.47,sam2,1.0,749.192,13.378
1481,falling,1,,,,,null,,,
1482,falling,1,,,,,null,,,
1483,falling,1,,,,,null,,,
1484,falling,1,721,246,24134,94.14,sam2,1.0,749.192,13.378
1485,falling,1,,,,,null,,,
1486,falling,1,,,,,null,,,
1487,falling,1,,,,,null,,,
1488,falling,1,721,248,23855,93.05,sam2,2.0,1498.383,26.757
1489,falling,1,,,,,null,,,
1490,falling,1,,,,,null,,,
1491,falling,1,,,,,null,,,
1492,falling,1,721,249,23741,92.61,sam2,1.0,749.192,13.378
1493,falling,1,,,,,null,,,
1494,falling,1,,,,,null,,,
1495,falling,1,,,,,null,,,
1496,falling,1,721,251,23391,91.24,sam2,2.0,1498.383,26.757
1497,falling,1,,,,,null,,,
1498,falling,1,,,,,null,,,
1499,falling,1,,,,,null,,,
1500,falling,1,721,252,23579,91.98,sam2,1.0,749.192,13.378
1501,falling,1,,,,,null,,,
1502,falling,1,,,,,null,,,
1503,falling,1,,,,,null,,,
1504,falling,1,721,253,23541,91.83,sam2,1.0,749.192,13.378
1505,falling,1,,,,,null,,,
1506,falling,1,,,,,null,,,
1507,falling,1,,,,,null,,,
1508,falling,1,720,253,23736,92.59,sam2,1.0,749.192,13.378
1509,falling,1,,,,,null,,,
1510,falling,1,,,,,null,,,
1511,falling,1,,,,,null,,,
1512,falling,1,720,252,24220,94.48,sam2,1.0,749.192,13.378
1513,falling,1,,,,,null,,,
1514,falling,1,,,,,null,,,
1515,falling,1,,,,,null,,,
1516,falling,1,721,250,24211,94.44,sam2,2.236,1675.243,29.915
1517,falling,1,,,,,null,,,
1518,falling,1,,,,,null,,,
1519,falling,1,,,,,null,,,
1520,falling,1,721,249,24454,95.39,sam2,1.0,749.192,13.378
1521,falling,1,,,,,null,,,
1522,falling,1,,,,,null,,,
1523,falling,1,,,,,null,,,
1524,falling,1,722,248,24525,95.67,sam2,1.414,1059.517,18.92
1525,falling,1,,,,,null,,,
1526,falling,1,,,,,null,,,
1527,falling,1,,,,,null,,,
1528,falling,1,723,247,24396,95.16,sam2,1.414,1059.517,18.92
1529,falling,1,,,,,null,,,
1530,falling,1,,,,,null,,,
1531,falling,1,,,,,null,,,
1532,falling,1,725,247,24112,94.06,sam2,2.0,1498.383,26.757
1533,falling,1,,,,,null,,,
1534,falling,1,,,,,null,,,
1535,falling,1,,,,,null,,,
1536,falling,1,725,247,23865,93.09,sam2,0.0,0.0,0.0
1537,falling,1,,,,,null,,,
1538,falling,1,,,,,null,,,
1539,falling,1,,,,,null,,,
1540,falling,1,726,248,23703,92.46,sam2,1.414,1059.517,18.92
1541,falling,1,,,,,null,,,
1542,falling,1,,,,,null,,,
1543,falling,1,,,,,null,,,
1544,falling,1,726,249,23381,91.2,sam2,1.0,749.192,13.378
1545,falling,1,,,,,null,,,
1546,falling,1,,,,,null,,,
1547,falling,1,,,,,null,,,
1548,falling,1,727,250,23066,89.98,sam2,1.414,1059.517,18.92
1549,falling,1,,,,,null,,,
1550,falling,1,,,,,null,,,
1551,falling,1,,,,,null,,,
1552,falling,1,728,251,23331,91.01,sam2,1.414,1059.517,18.92
1553,falling,1,,,,,null,,,
1554,falling,1,,,,,null,,,
1555,falling,1,,,,,null,,,
1556,falling,1,728,251,23407,91.31,sam2,0.0,0.0,0.0
1557,falling,1,,,,,null,,,
1558,falling,1,,,,,null,,,
1559,falling,1,,,,,null,,,
1560,falling,1,728,252,23944,93.4,sam2,1.0,749.192,13.378
1561,falling,1,,,,,null,,,
1562,falling,1,,,,,null,,,
1563,falling,1,,,,,null,,,
1564,falling,1,729,251,24205,94.42,sam2,1.414,1059.517,18.92
1565,falling,1,,,,,null,,,
1566,falling,1,,,,,null,,,
1567,falling,1,,,,,null,,,
1568,falling,1,728,250,24654,96.17,sam2,1.414,1059.517,18.92
1569,falling,1,,,,,null,,,
1570,falling,1,,,,,null,,,
1571,falling,1,,,,,null,,,
1572,falling,1,728,249,24781,96.66,sam2,1.0,749.192,13.378
1573,falling,1,,,,,null,,,
1574,falling,1,,,,,null,,,
1575,falling,1,,,,,null,,,
1576,falling,1,727,249,24707,96.38,sam2,1.0,749.192,13.378
1577,falling,1,,,,,null,,,
1578,falling,1,,,,,null,,,
1579,falling,1,,,,,null,,,
1580,falling,1,727,248,24427,95.28,sam2,1.0,749.192,13.378
1581,falling,1,,,,,null,,,
1582,falling,1,,,,,null,,,
1583,falling,1,,,,,null,,,
1584,falling,1,727,248,23855,93.05,sam2,0.0,0.0,0.0
1585,falling,1,,,,,null,,,
1586,falling,1,,,,,null,,,
1587,falling,1,,,,,null,,,
1588,falling,1,726,248,23514,91.72,sam2,1.0,749.192,13.378
1589,falling,1,,,,,null,,,
1590,falling,1,,,,,null,,,
1591,falling,1,,,,,null,,,
1592,falling,1,726,249,23270,90.77,sam2,1.0,749.192,13.378
1593,falling,1,,,,,null,,,
1594,falling,1,,,,,null,,,
1595,falling,1,,,,,null,,,
1596,falling,1,725,249,22964,89.58,sam2,1.0,749.192,13.378
1597,falling,1,,,,,null,,,
1598,falling,1,,,,,null,,,
1599,falling,1,,,,,null,,,
1600,falling,1,724,250,23095,90.09,sam2,1.414,1059.517,18.92
1601,falling,1,,,,,null,,,
1602,falling,1,,,,,null,,,
1603,falling,1,,,,,null,,,
1604,falling,1,723,251,23708,92.48,sam2,1.414,1059.517,18.92
1605,falling,1,,,,,null,,,
1606,falling,1,,,,,null,,,
1607,falling,1,,,,,null,,,
1608,falling,1,722,251,23943,93.4,sam2,1.0,749.192,13.378
1609,falling,1,,,,,null,,,
1610,falling,1,,,,,null,,,
1611,falling,1,,,,,null,,,
1612,falling,1,721,251,24380,95.1,sam2,1.0,749.192,13.378
1613,falling,1,,,,,null,,,
1614,falling,1,,,,,null,,,
1615,falling,1,,,,,null,,,
1616,falling,1,721,250,24638,96.11,sam2,1.0,749.192,13.378
1617,falling,1,,,,,null,,,
1618,falling,1,,,,,null,,,
1619,falling,1,,,,,null,,,
1620,falling,1,721,250,24779,96.66,sam2,0.0,0.0,0.0
1621,falling,1,,,,,null,,,
1622,falling,1,,,,,null,,,
1623,falling,1,,,,,null,,,
1624,falling,1,720,250,24704,96.36,sam2,1.0,749.192,13.378
1625,falling,1,,,,,null,,,
1626,falling,1,,,,,null,,,
1627,falling,1,,,,,null,,,
1628,falling,1,720,250,24627,96.06,sam2,0.0,0.0,0.0
1629,falling,1,,,,,null,,,
1630,falling,1,,,,,null,,,
1631,falling,1,,,,,null,,,
1632,falling,1,721,249,24180,94.32,sam2,1.414,1059.517,18.92
1633,falling,1,,,,,null,,,
1634,falling,1,,,,,null,,,
1635,falling,1,,,,,null,,,
1636,falling,1,721,249,23798,92.83,sam2,0.0,0.0,0.0
1637,falling,1,,,,,null,,,
1638,falling,1,,,,,null,,,
1639,falling,1,,,,,null,,,
1640,falling,1,722,249,23252,90.7,sam2,1.0,749.192,13.378
1641,falling,1,,,,,null,,,
1642,falling,1,,,,,null,,,
1643,falling,1,,,,,null,,,
1644,falling,1,722,249,23179,90.42,sam2,0.0,0.0,0.0
1645,falling,1,,,,,null,,,
1646,falling,1,,,,,null,,,
1647,falling,1,,,,,null,,,
1648,falling,1,723,249,22884,89.27,sam2,1.0,749.192,13.378
1649,falling,1,,,,,null,,,
1650,falling,1,,,,,null,,,
1651,falling,1,,,,,null,,,
1652,falling,1,723,249,23100,90.11,sam2,0.0,0.0,0.0
1653,falling,1,,,,,null,,,
1654,falling,1,,,,,null,,,
1655,falling,1,,,,,null,,,
1656,falling,1,724,249,23427,91.38,sam2,1.0,749.192,13.378
1657,falling,1,,,,,null,,,
1658,falling,1,,,,,null,,,
1659,falling,1,,,,,null,,,
1660,falling,1,725,249,23747,92.63,sam2,1.0,749.192,13.378
1661,falling,1,,,,,null,,,
1662,falling,1,,,,,null,,,
1663,falling,1,,,,,null,,,
1664,falling,1,725,249,24144,94.18,sam2,0.0,0.0,0.0
1665,falling,1,,,,,null,,,
1666,falling,1,,,,,null,,,
1667,falling,1,,,,,null,,,
1668,falling,1,726,249,24362,95.03,sam2,1.0,749.192,13.378
1669,falling,1,,,,,null,,,
1670,falling,1,,,,,null,,,
1671,falling,1,,,,,null,,,
1672,falling,1,727,250,24434,95.31,sam2,1.414,1059.517,18.92
1673,falling,1,,,,,null,,,
1674,falling,1,,,,,null,,,
1675,falling,1,,,,,null,,,
1676,falling,1,727,250,24378,95.09,sam2,0.0,0.0,0.0
1677,falling,1,,,,,null,,,
1678,falling,1,,,,,null,,,
1679,falling,1,,,,,null,,,
1680,falling,1,728,250,24200,94.4,sam2,1.0,749.192,13.378
1681,falling,1,,,,,null,,,
1682,falling,1,,,,,null,,,
1683,falling,1,,,,,null,,,
1684,falling,1,728,250,23943,93.4,sam2,0.0,0.0,0.0
1685,falling,1,,,,,null,,,
1686,falling,1,,,,,null,,,
1687,falling,1,,,,,null,,,
1688,falling,1,728,250,23538,91.82,sam2,0.0,0.0,0.0
1689,falling,1,,,,,null,,,
1690,falling,1,,,,,null,,,
1691,falling,1,,,,,null,,,
1692,falling,1,728,250,23494,91.64,sam2,0.0,0.0,0.0
1693,falling,1,,,,,null,,,
1694,falling,1,,,,,null,,,
1695,falling,1,,,,,null,,,
1696,falling,1,728,249,23176,90.4,sam2,1.0,749.192,13.378
1697,falling,1,,,,,null,,,
1698,falling,1,,,,,null,,,
1699,falling,1,,,,,null,,,
1700,falling,1,728,249,23492,91.64,sam2,0.0,0.0,0.0
1701,falling,1,,,,,null,,,
1702,falling,1,,,,,null,,,
1703,falling,1,,,,,null,,,
1704,falling,1,727,249,23630,92.18,sam2,1.0,749.192,13.378
1705,falling,1,,,,,null,,,
1706,falling,1,,,,,null,,,
1707,falling,1,,,,,null,,,
1708,falling,1,727,248,23835,92.97,sam2,1.0,749.192,13.378
1709,falling,1,,,,,null,,,
1710,falling,1,,,,,null,,,
1711,falling,1,,,,,null,,,
1712,falling,1,726,248,24077,93.92,sam2,1.0,749.192,13.378
1713,falling,1,,,,,null,,,
1714,falling,1,,,,,null,,,
1715,falling,1,,,,,null,,,
1716,falling,1,725,248,24216,94.46,sam2,1.0,749.192,13.378
1717,falling,1,,,,,null,,,
1718,falling,1,,,,,null,,,
1719,falling,1,,,,,null,,,
1720,falling,1,724,249,24353,95.0,sam2,1.414,1059.517,18.92
1721,falling,1,,,,,null,,,
1722,falling,1,,,,,null,,,
1723,falling,1,,,,,null,,,
1724,falling,1,723,250,24345,94.96,sam2,1.414,1059.517,18.92
1725,falling,1,,,,,null,,,
1726,falling,1,,,,,null,,,
1727,falling,1,,,,,null,,,
1728,falling,1,723,250,24040,93.77,sam2,0.0,0.0,0.0
1729,falling,1,,,,,null,,,
1730,falling,1,,,,,null,,,
1731,falling,1,,,,,null,,,
1732,falling,1,722,251,24156,94.23,sam2,1.414,1059.517,18.92
1733,falling,1,,,,,null,,,
1734,falling,1,,,,,null,,,
1735,falling,1,,,,,null,,,
1736,falling,1,722,251,23915,93.29,sam2,0.0,0.0,0.0
1737,falling,1,,,,,null,,,
1738,falling,1,,,,,null,,,
1739,falling,1,,,,,null,,,
1740,falling,1,722,251,23689,92.41,sam2,0.0,0.0,0.0
1741,falling,1,,,,,null,,,
1742,falling,1,,,,,null,,,
1743,falling,1,,,,,null,,,
1744,falling,1,721,251,23687,92.4,sam2,1.0,749.192,13.378
1745,falling,1,,,,,null,,,
1746,falling,1,,,,,null,,,
1747,falling,1,,,,,null,,,
1748,falling,1,721,250,23642,92.22,sam2,1.0,749.192,13.378
1749,falling,1,,,,,null,,,
1750,falling,1,,,,,null,,,
1751,falling,1,,,,,null,,,
1752,falling,1,721,249,23565,91.92,sam2,1.0,749.192,13.378
1753,falling,1,,,,,null,,,
1754,falling,1,,,,,null,,,
1755,falling,1,,,,,null,,,
1756,falling,1,721,248,23695,92.43,sam2,1.0,749.192,13.378
1757,falling,1,,,,,null,,,
1758,falling,1,,,,,null,,,
1759,falling,1,,,,,null,,,
1760,falling,1,721,248,23794,92.81,sam2,0.0,0.0,0.0
1761,falling,1,,,,,null,,,
1762,falling,1,,,,,null,,,
1763,falling,1,,,,,null,,,
1764,falling,1,722,248,24120,94.09,sam2,1.0,749.192,13.378
1765,falling,1,,,,,null,,,
1766,falling,1,,,,,null,,,
1767,falling,1,,,,,null,,,
1768,falling,1,722,248,24148,94.2,sam2,0.0,0.0,0.0
1769,falling,1,,,,,null,,,
1770,falling,1,,,,,null,,,
1771,falling,1,,,,,null,,,
1772,falling,1,723,249,24083,93.94,sam2,1.414,1059.517,18.92
1773,falling,1,,,,,null,,,
1774,falling,1,,,,,null,,,
1775,falling,1,,,,,null,,,
1776,falling,1,723,250,24210,94.44,sam2,1.0,749.192,13.378
1777,falling,1,,,,,null,,,
1778,falling,1,,,,,null,,,
1779,falling,1,,,,,null,,,
1780,falling,1,724,250,23816,92.9,sam2,1.0,749.192,13.378
1781,falling,1,,,,,null,,,
1782,falling,1,,,,,null,,,
1783,falling,1,,,,,null,,,
1784,falling,1,724,251,23778,92.75,sam2,1.0,749.192,13.378
1785,falling,1,,,,,null,,,
1786,falling,1,,,,,null,,,
1787,falling,1,,,,,null,,,
1788,falling,1,725,252,23764,92.7,sam2,1.414,1059.517,18.92
1789,falling,1,,,,,null,,,
1790,falling,1,,,,,null,,,
1791,falling,1,,,,,null,,,
1792,falling,1,726,251,23566,91.93,sam2,1.414,1059.517,18.92
1793,falling,1,,,,,null,,,
1794,falling,1,,,,,null,,,
1795,falling,1,,,,,null,,,
1796,falling,1,726,251,23703,92.46,sam2,0.0,0.0,0.0
1797,falling,1,,,,,null,,,
1798,falling,1,,,,,null,,,
1799,falling,1,,,,,null,,,
1800,falling,1,727,250,23704,92.46,sam2,1.414,1059.517,18.92
1801,falling,1,,,,,null,,,
1802,falling,1,,,,,null,,,
1803,falling,1,,,,,null,,,
1804,falling,1,727,249,24041,93.78,sam2,1.0,749.192,13.378
1805,falling,1,,,,,null,,,
1806,falling,1,,,,,null,,,
1807,falling,1,,,,,null,,,
1808,falling,1,727,248,23937,93.37,sam2,1.0,749.192,13.378
1809,falling,1,,,,,null,,,
1810,falling,1,,,,,null,,,
1811,falling,1,,,,,null,,,
1812,falling,1,727,248,24146,94.19,sam2,0.0,0.0,0.0
1813,falling,1,,,,,null,,,
1814,falling,1,,,,,null,,,
1815,falling,1,,,,,null,,,
1816,falling,1,727,248,24257,94.62,sam2,0.0,0.0,0.0
1817,falling,1,,,,,null,,,
1818,falling,1,,,,,null,,,
1819,falling,1,,,,,null,,,
1820,falling,1,728,248,24022,93.7,sam2,1.0,749.192,13.378
1821,falling,1,,,,,null,,,
1822,falling,1,,,,,null,,,
1823,falling,1,,,,,null,,,
1824,falling,1,727,248,23821,92.92,sam2,1.0,749.192,13.378
1825,falling,1,,,,,null,,,
1826,falling,1,,,,,null,,,
1827,falling,1,,,,,null,,,
1828,falling,1,727,250,23999,93.61,sam2,2.0,1498.383,26.757
1829,falling,1,,,,,null,,,
1830,falling,1,,,,,null,,,
1831,falling,1,,,,,null,,,
1832,falling,1,727,250,23550,91.86,sam2,0.0,0.0,0.0
1833,falling,1,,,,,null,,,
1834,falling,1,,,,,null,,,
1835,falling,1,,,,,null,,,
1836,falling,1,726,251,23442,91.44,sam2,1.414,1059.517,18.92
1837,falling,1,,,,,null,,,
1838,falling,1,,,,,null,,,
1839,falling,1,,,,,null,,,
1840,falling,1,725,251,23566,91.93,sam2,1.0,749.192,13.378
1841,falling,1,,,,,null,,,
1842,falling,1,,,,,null,,,
1843,falling,1,,,,,null,,,
1844,falling,1,725,251,23783,92.77,sam2,0.0,0.0,0.0
1845,falling,1,,,,,null,,,
1846,falling,1,,,,,null,,,
1847,falling,1,,,,,null,,,
1848,falling,1,724,251,23912,93.28,sam2,1.0,749.192,13.378
1849,falling,1,,,,,null,,,
1850,falling,1,,,,,null,,,
1851,falling,1,,,,,null,,,
1852,falling,1,723,250,24022,93.7,sam2,1.414,1059.517,18.92
1853,falling,1,,,,,null,,,
1854,falling,1,,,,,null,,,
1855,falling,1,,,,,null,,,
1856,falling,1,723,249,24096,93.99,sam2,1.0,749.192,13.378
1857,falling,1,,,,,null,,,
1858,falling,1,,,,,null,,,
1859,falling,1,,,,,null,,,
1860,falling,1,722,249,24127,94.11,sam2,1.0,749.192,13.378
1861,falling,1,,,,,null,,,
1862,falling,1,,,,,null,,,
1863,falling,1,,,,,null,,,
1864,falling,1,722,248,24000,93.62,sam2,1.0,749.192,13.378
1865,falling,1,,,,,null,,,
1866,falling,1,,,,,null,,,
1867,falling,1,,,,,null,,,
1868,falling,1,722,248,23902,93.24,sam2,0.0,0.0,0.0
1869,falling,1,,,,,null,,,
1870,falling,1,,,,,null,,,
1871,falling,1,,,,,null,,,
1872,falling,1,722,249,23998,93.61,sam2,1.0,749.192,13.378
1873,falling,1,,,,,null,,,
1874,falling,1,,,,,null,,,
1875,falling,1,,,,,null,,,
1876,falling,1,722,249,23604,92.07,sam2,0.0,0.0,0.0
1877,falling,1,,,,,null,,,
1878,falling,1,,,,,null,,,
1879,falling,1,,,,,null,,,
1880,falling,1,722,250,23650,92.25,sam2,1.0,749.192,13.378
1881,falling,1,,,,,null,,,
1882,falling,1,,,,,null,,,
1883,falling,1,,,,,null,,,
1884,falling,1,722,250,23580,91.98,sam2,0.0,0.0,0.0
1885,falling,1,,,,,null,,,
1886,falling,1,,,,,null,,,
1887,falling,1,,,,,null,,,
1888,falling,1,722,251,23848,93.03,sam2,1.0,749.192,13.378
1889,falling,1,,,,,null,,,
1890,falling,1,,,,,null,,,
1891,falling,1,,,,,null,,,
1892,falling,1,722,251,23592,92.03,sam2,0.0,0.0,0.0
1893,falling,1,,,,,null,,,
1894,falling,1,,,,,null,,,
1895,falling,1,,,,,null,,,
1896,falling,1,722,251,23948,93.42,sam2,0.0,0.0,0.0
1897,falling,1,,,,,null,,,
1898,falling,1,,,,,null,,,
1899,falling,1,,,,,null,,,
1900,falling,1,723,251,24118,94.08,sam2,1.0,749.192,13.378
1901,falling,1,,,,,null,,,
1902,falling,1,,,,,null,,,
1903,falling,1,,,,,null,,,
1904,falling,1,723,250,24211,94.44,sam2,1.0,749.192,13.378
1905,falling,1,,,,,null,,,
1906,falling,1,,,,,null,,,
1907,falling,1,,,,,null,,,
1908,falling,1,724,249,24279,94.71,sam2,1.414,1059.517,18.92
1909,falling,1,,,,,null,,,
1910,falling,1,,,,,null,,,
1911,falling,1,,,,,null,,,
1912,falling,1,725,249,24312,94.84,sam2,1.0,749.192,13.378
1913,falling,1,,,,,null,,,
1914,falling,1,,,,,null,,,
1915,falling,1,,,,,null,,,
1916,falling,1,725,249,24054,93.83,sam2,0.0,0.0,0.0
1917,falling,1,,,,,null,,,
1918,falling,1,,,,,null,,,
1919,falling,1,,,,,null,,,
1920,falling,1,726,249,24163,94.25,sam2,1.0,749.192,13.378
1921,falling,1,,,,,null,,,
1922,falling,1,,,,,null,,,
1923,falling,1,,,,,null,,,
1924,falling,1,726,249,23861,93.08,sam2,0.0,0.0,0.0
1925,falling,1,,,,,null,,,
1926,falling,1,,,,,null,,,
1927,falling,1,,,,,null,,,
1928,falling,1,727,249,23562,91.91,sam2,1.0,749.192,13.378
1929,falling,1,,,,,null,,,
1930,falling,1,,,,,null,,,
1931,falling,1,,,,,null,,,
1932,falling,1,727,249,23555,91.88,sam2,0.0,0.0,0.0
1933,falling,1,,,,,null,,,
1934,falling,1,,,,,null,,,
1935,falling,1,,,,,null,,,
1936,falling,1,727,250,23644,92.23,sam2,1.0,749.192,13.378
1937,falling,1,,,,,null,,,
1938,falling,1,,,,,null,,,
1939,falling,1,,,,,null,,,
1940,falling,1,727,250,23648,92.25,sam2,0.0,0.0,0.0
1941,falling,1,,,,,null,,,
1942,falling,1,,,,,null,,,
1943,falling,1,,,,,null,,,
1944,falling,1,727,250,23637,92.2,sam2,0.0,0.0,0.0
1945,falling,1,,,,,null,,,
1946,falling,1,,,,,null,,,
1947,falling,1,,,,,null,,,
1948,falling,1,727,250,23992,93.59,sam2,0.0,0.0,0.0
1949,falling,1,,,,,null,,,
1950,falling,1,,,,,null,,,
1951,falling,1,,,,,null,,,
1952,falling,1,726,250,24019,93.69,sam2,1.0,749.192,13.378
1953,falling,1,,,,,null,,,
1954,falling,1,,,,,null,,,
1955,falling,1,,,,,null,,,
1956,falling,1,726,250,24140,94.16,sam2,0.0,0.0,0.0
1957,falling,1,,,,,null,,,
1958,falling,1,,,,,null,,,
1959,falling,1,,,,,null,,,
1960,falling,1,726,250,24396,95.16,sam2,0.0,0.0,0.0
1961,falling,1,,,,,null,,,
1962,falling,1,,,,,null,,,
1963,falling,1,,,,,null,,,
1964,falling,1,725,250,24247,94.58,sam2,1.0,749.192,13.378
1965,falling,1,,,,,null,,,
1966,falling,1,,,,,null,,,
1967,falling,1,,,,,null,,,
1968,falling,1,725,249,23959,93.46,sam2,1.0,749.192,13.378
1969,falling,1,,,,,null,,,
1970,falling,1,,,,,null,,,
1971,falling,1,,,,,null,,,
1972,falling,1,725,249,23682,92.38,sam2,0.0,0.0,0.0
1973,falling,1,,,,,null,,,
1974,falling,1,,,,,null,,,
1975,falling,1,,,,,null,,,
1976,falling,1,724,249,23467,91.54,sam2,1.0,749.192,13.378
1977,falling,1,,,,,null,,,
1978,falling,1,,,,,null,,,
1979,falling,1,,,,,null,,,
1980,falling,1,723,249,23423,91.37,sam2,1.0,749.192,13.378
1981,falling,1,,,,,null,,,
1982,falling,1,,,,,null,,,
1983,falling,1,,,,,null,,,
1984,falling,1,723,249,23464,91.53,sam2,0.0,0.0,0.0
1985,falling,1,,,,,null,,,
1986,falling,1,,,,,null,,,
1987,falling,1,,,,,null,,,
1988,falling,1,723,249,23514,91.72,sam2,0.0,0.0,0.0
1989,falling,1,,,,,null,,,
1990,falling,1,,,,,null,,,
1991,falling,1,,,,,null,,,
1992,falling,1,722,249,23613,92.11,sam2,1.0,749.192,13.378
1993,falling,1,,,,,null,,,
1994,falling,1,,,,,null,,,
1995,falling,1,,,,,null,,,
1996,falling,1,722,249,23750,92.64,sam2,0.0,0.0,0.0
1997,falling,1,,,,,null,,,
1998,falling,1,,,,,null,,,
1999,falling,1,,,,,null,,,
2000,falling,1,722,249,23885,93.17,sam2,0.0,0.0,0.0
2001,falling,1,,,,,null,,,
2002,falling,1,,,,,null,,,
2003,falling,1,,,,,null,,,
2004,falling,1,722,250,24080,93.93,sam2,1.0,749.192,13.378
2005,falling,1,,,,,null,,,
2006,falling,1,,,,,null,,,
2007,falling,1,,,,,null,,,
2008,falling,1,722,250,24148,94.2,sam2,0.0,0.0,0.0
2009,falling,1,,,,,null,,,
2010,falling,1,,,,,null,,,
2011,falling,1,,,,,null,,,
2012,falling,1,722,250,24231,94.52,sam2,0.0,0.0,0.0
2013,falling,1,,,,,null,,,
2014,falling,1,,,,,null,,,
2015,falling,1,,,,,null,,,
2016,falling,1,722,250,24177,94.31,sam2,0.0,0.0,0.0
2017,falling,1,,,,,null,,,
2018,falling,1,,,,,null,,,
2019,falling,1,,,,,null,,,
2020,falling,1,723,250,23809,92.87,sam2,1.0,749.192,13.378
2021,falling,1,,,,,null,,,
2022,falling,1,,,,,null,,,
2023,falling,1,,,,,null,,,
2024,falling,1,723,250,23758,92.67,sam2,0.0,0.0,0.0
2025,falling,1,,,,,null,,,
2026,falling,1,,,,,null,,,
2027,falling,1,,,,,null,,,
2028,falling,1,724,250,23530,91.78,sam2,1.0,749.192,13.378
2029,falling,1,,,,,null,,,
2030,falling,1,,,,,null,,,
2031,falling,1,,,,,null,,,
2032,falling,1,724,250,23605,92.08,sam2,0.0,0.0,0.0
2033,falling,1,,,,,null,,,
2034,falling,1,,,,,null,,,
2035,falling,1,,,,,null,,,
2036,falling,1,725,249,23474,91.57,sam2,1.414,1059.517,18.92
2037,falling,1,,,,,null,,,
2038,falling,1,,,,,null,,,
2039,falling,1,,,,,null,,,
2040,falling,1,725,249,23394,91.25,sam2,0.0,0.0,0.0
2041,falling,1,,,,,null,,,
2042,falling,1,,,,,null,,,
2043,falling,1,,,,,null,,,
2044,falling,1,726,249,23800,92.84,sam2,1.0,749.192,13.378
2045,falling,1,,,,,null,,,
2046,falling,1,,,,,null,,,
2047,falling,1,,,,,null,,,
2048,falling,1,726,249,23831,92.96,sam2,0.0,0.0,0.0
2049,falling,1,,,,,null,,,
2050,falling,1,,,,,null,,,
2051,falling,1,,,,,null,,,
2052,falling,1,726,249,24108,94.04,sam2,0.0,0.0,0.0
2053,falling,1,,,,,null,,,
2054,falling,1,,,,,null,,,
2055,falling,1,,,,,null,,,
2056,falling,1,727,249,24214,94.45,sam2,1.0,749.192,13.378
2057,falling,1,,,,,null,,,
2058,falling,1,,,,,null,,,
2059,falling,1,,,,,null,,,
2060,falling,1,727,249,24048,93.81,sam2,0.0,0.0,0.0
2061,falling,1,,,,,null,,,
2062,falling,1,,,,,null,,,
2063,falling,1,,,,,null,,,
2064,falling,1,727,250,23970,93.5,sam2,1.0,749.192,13.378
2065,falling,1,,,,,null,,,
2066,falling,1,,,,,null,,,
2067,falling,1,,,,,null,,,
2068,falling,1,727,250,24112,94.06,sam2,0.0,0.0,0.0
2069,falling,1,,,,,null,,,
2070,falling,1,,,,,null,,,
2071,falling,1,,,,,null,,,
2072,falling,1,727,250,23770,92.72,sam2,0.0,0.0,0.0
2073,falling,1,,,,,null,,,
2074,falling,1,,,,,null,,,
2075,falling,1,,,,,null,,,
2076,falling,1,726,251,23882,93.16,sam2,1.414,1059.517,18.92
2077,falling,1,,,,,null,,,
2078,falling,1,,,,,null,,,
2079,falling,1,,,,,null,,,
2080,falling,1,726,250,23703,92.46,sam2,1.0,749.192,13.378
2081,falling,1,,,,,null,,,
2082,falling,1,,,,,null,,,
2083,falling,1,,,,,null,,,
2084,falling,1,726,250,23852,93.04,sam2,0.0,0.0,0.0
2085,falling,1,,,,,null,,,
2086,falling,1,,,,,null,,,
2087,falling,1,,,,,null,,,
2088,falling,1,726,249,23689,92.41,sam2,1.0,749.192,13.378
2089,falling,1,,,,,null,,,
2090,falling,1,,,,,null,,,
2091,falling,1,,,,,null,,,
2092,falling,1,725,249,23658,92.28,sam2,1.0,749.192,13.378
2093,falling,1,,,,,null,,,
2094,falling,1,,,,,null,,,
2095,falling,1,,,,,null,,,
2096,falling,1,725,248,23687,92.4,sam2,1.0,749.192,13.378
2097,falling,1,,,,,null,,,
2098,falling,1,,,,,null,,,
2099,falling,1,,,,,null,,,
2100,falling,1,724,248,23808,92.87,sam2,1.0,749.192,13.378
2101,falling,1,,,,,null,,,
2102,falling,1,,,,,null,,,
2103,falling,1,,,,,null,,,
2104,falling,1,724,249,24178,94.31,sam2,1.0,749.192,13.378
2105,falling,1,,,,,null,,,
2106,falling,1,,,,,null,,,
2107,falling,1,,,,,null,,,
2108,falling,1,723,249,24229,94.51,sam2,1.0,749.192,13.378
2109,falling,1,,,,,null,,,
2110,falling,1,,,,,null,,,
2111,falling,1,,,,,null,,,
2112,falling,1,723,250,24032,93.74,sam2,1.0,749.192,13.378
2113,falling,1,,,,,null,,,
2114,falling,1,,,,,null,,,
2115,falling,1,,,,,null,,,
2116,falling,1,722,250,23878,93.14,sam2,1.0,749.192,13.378
2117,falling,1,,,,,null,,,
2118,falling,1,,,,,null,,,
2119,falling,1,,,,,null,,,
2120,falling,1,722,251,24062,93.86,sam2,1.0,749.192,13.378
2121,falling,1,,,,,null,,,
2122,falling,1,,,,,null,,,
2123,falling,1,,,,,null,,,
2124,falling,1,722,251,24112,94.06,sam2,0.0,0.0,0.0
2125,falling,1,,,,,null,,,
2126,falling,1,,,,,null,,,
2127,falling,1,,,,,null,,,
2128,falling,1,722,251,23889,93.19,sam2,0.0,0.0,0.0
2129,falling,1,,,,,null,,,
2130,falling,1,,,,,null,,,
2131,falling,1,,,,,null,,,
2132,falling,1,722,251,24092,93.98,sam2,0.0,0.0,0.0
2133,falling,1,,,,,null,,,
2134,falling,1,,,,,null,,,
2135,falling,1,,,,,null,,,
2136,falling,1,722,250,23905,93.25,sam2,1.0,749.192,13.378
2137,falling,1,,,,,null,,,
2138,falling,1,,,,,null,,,
2139,falling,1,,,,,null,,,
2140,falling,1,722,250,23879,93.15,sam2,0.0,0.0,0.0
2141,falling,1,,,,,null,,,
2142,falling,1,,,,,null,,,
2143,falling,1,,,,,null,,,
2144,falling,1,723,249,23991,93.58,sam2,1.414,1059.517,18.92
2145,falling,1,,,,,null,,,
2146,falling,1,,,,,null,,,
2147,falling,1,,,,,null,,,
2148,falling,1,723,248,23731,92.57,sam2,1.0,749.192,13.378
2149,falling,1,,,,,null,,,
2150,falling,1,,,,,null,,,
2151,falling,1,,,,,null,,,
2152,falling,1,723,249,23994,93.59,sam2,1.0,749.192,13.378
2153,falling,1,,,,,null,,,
2154,falling,1,,,,,null,,,
2155,falling,1,,,,,null,,,
2156,falling,1,724,249,24296,94.77,sam2,1.0,749.192,13.378
2157,falling,1,,,,,null,,,
2158,falling,1,,,,,null,,,
2159,falling,1,,,,,null,,,
2160,falling,1,724,250,24189,94.36,sam2,1.0,749.192,13.378
2161,falling,1,,,,,null,,,
2162,falling,1,,,,,null,,,
2163,falling,1,,,,,null,,,
2164,falling,1,725,249,23925,93.33,sam2,1.414,1059.517,18.92
2165,falling,1,,,,,null,,,
2166,falling,1,,,,,null,,,
2167,falling,1,,,,,null,,,
2168,falling,1,725,250,23900,93.23,sam2,1.0,749.192,13.378
2169,falling,1,,,,,null,,,
2170,falling,1,,,,,null,,,
2171,falling,1,,,,,null,,,
2172,falling,1,725,250,23794,92.81,sam2,0.0,0.0,0.0
2173,falling,1,,,,,null,,,
2174,falling,1,,,,,null,,,
2175,falling,1,,,,,null,,,
2176,falling,1,726,251,23776,92.74,sam2,1.414,1059.517,18.92
2177,falling,1,,,,,null,,,
2178,falling,1,,,,,null,,,
2179,falling,1,,,,,null,,,
2180,falling,1,726,250,23758,92.67,sam2,1.0,749.192,13.378
2181,falling,1,,,,,null,,,
2182,falling,1,,,,,null,,,
2183,falling,1,,,,,null,,,
2184,falling,1,727,250,23826,92.94,sam2,1.0,749.192,13.378
2185,falling,1,,,,,null,,,
2186,falling,1,,,,,null,,,
2187,falling,1,,,,,null,,,
2188,falling,1,726,250,23956,93.45,sam2,1.0,749.192,13.378
2189,falling,1,,,,,null,,,
2190,falling,1,,,,,null,,,
2191,falling,1,,,,,null,,,
2192,falling,1,727,250,24148,94.2,sam2,1.0,749.192,13.378
2193,falling,1,,,,,null,,,
2194,falling,1,,,,,null,,,
2195,falling,1,,,,,null,,,
2196,falling,1,727,249,24009,93.65,sam2,1.0,749.192,13.378
2197,falling,1,,,,,null,,,
2198,falling,1,,,,,null,,,
2199,falling,1,,,,,null,,,
2200,falling,1,726,249,24067,93.88,sam2,1.0,749.192,13.378
2201,falling,1,,,,,null,,,
2202,falling,1,,,,,null,,,
2203,falling,1,,,,,null,,,
2204,falling,1,726,249,23965,93.48,sam2,0.0,0.0,0.0
2205,falling,1,,,,,null,,,
2206,falling,1,,,,,null,,,
2207,falling,1,,,,,null,,,
2208,falling,1,726,249,23811,92.88,sam2,0.0,0.0,0.0
2209,falling,1,,,,,null,,,
2210,falling,1,,,,,null,,,
2211,falling,1,,,,,null,,,
2212,falling,1,726,249,23636,92.2,sam2,0.0,0.0,0.0
2213,falling,1,,,,,null,,,
2214,falling,1,,,,,null,,,
2215,falling,1,,,,,null,,,
2216,falling,1,725,249,23540,91.82,sam2,1.0,749.192,13.378
2217,falling,1,,,,,null,,,
2218,falling,1,,,,,null,,,
2219,falling,1,,,,,null,,,
2220,falling,1,725,250,23792,92.81,sam2,1.0,749.192,13.378
2221,falling,1,,,,,null,,,
2222,falling,1,,,,,null,,,
2223,falling,1,,,,,null,,,
2224,falling,1,724,250,23783,92.77,sam2,1.0,749.192,13.378
2225,falling,1,,,,,null,,,
2226,falling,1,,,,,null,,,
2227,falling,1,,,,,null,,,
2228,falling,1,724,250,23616,92.12,sam2,0.0,0.0,0.0
2229,falling,1,,,,,null,,,
2230,falling,1,,,,,null,,,
2231,falling,1,,,,,null,,,
2232,falling,1,723,250,23767,92.71,sam2,1.0,749.192,13.378
2233,falling,1,,,,,null,,,
2234,falling,1,,,,,null,,,
2235,falling,1,,,,,null,,,
2236,falling,1,723,250,23864,93.09,sam2,0.0,0.0,0.0
2237,falling,1,,,,,null,,,
2238,falling,1,,,,,null,,,
2239,falling,1,,,,,null,,,
2240,falling,1,722,250,23892,93.2,sam2,1.0,749.192,13.378
2241,falling,1,,,,,null,,,
2242,falling,1,,,,,null,,,
2243,falling,1,,,,,null,,,
2244,falling,1,722,250,23945,93.4,sam2,0.0,0.0,0.0
2245,falling,1,,,,,null,,,
2246,falling,1,,,,,null,,,
2247,falling,1,,,,,null,,,
2248,falling,1,722,250,24308,94.82,sam2,0.0,0.0,0.0
2249,falling,1,,,,,null,,,
2250,falling,1,,,,,null,,,
2251,falling,1,,,,,null,,,
2252,falling,1,722,250,24216,94.46,sam2,0.0,0.0,0.0
2253,falling,1,,,,,null,,,
2254,falling,1,,,,,null,,,
2255,falling,1,,,,,null,,,
2256,falling,1,722,249,23990,93.58,sam2,1.0,749.192,13.378
2257,falling,1,,,,,null,,,
2258,falling,1,,,,,null,,,
2259,falling,1,,,,,null,,,
2260,falling,1,722,249,23933,93.36,sam2,0.0,0.0,0.0
2261,falling,1,,,,,null,,,
2262,falling,1,,,,,null,,,
2263,falling,1,,,,,null,,,
2264,falling,1,722,249,23884,93.17,sam2,0.0,0.0,0.0
2265,falling,1,,,,,null,,,
2266,falling,1,,,,,null,,,
2267,falling,1,,,,,null,,,
2268,falling,1,723,250,23932,93.35,sam2,1.414,1059.517,18.92
2269,falling,1,,,,,null,,,
2270,falling,1,,,,,null,,,
2271,falling,1,,,,,null,,,
2272,falling,1,723,250,23895,93.21,sam2,0.0,0.0,0.0
2273,falling,1,,,,,null,,,
2274,falling,1,,,,,null,,,
2275,falling,1,,,,,null,,,
2276,falling,1,723,250,23715,92.51,sam2,0.0,0.0,0.0
2277,falling,1,,,,,null,,,
2278,falling,1,,,,,null,,,
2279,falling,1,,,,,null,,,
2280,falling,1,724,250,23627,92.16,sam2,1.0,749.192,13.378
2281,falling,1,,,,,null,,,
2282,falling,1,,,,,null,,,
2283,falling,1,,,,,null,,,
2284,falling,1,724,250,23905,93.25,sam2,0.0,0.0,0.0
2285,falling,1,,,,,null,,,
2286,falling,1,,,,,null,,,
2287,falling,1,,,,,null,,,
2288,falling,1,725,250,24061,93.86,sam2,1.0,749.192,13.378
2289,falling,1,,,,,null,,,
2290,falling,1,,,,,null,,,
2291,falling,1,,,,,null,,,
2292,falling,1,725,250,24040,93.77,sam2,0.0,0.0,0.0
2293,falling,1,,,,,null,,,
2294,falling,1,,,,,null,,,
2295,falling,1,,,,,null,,,
2296,falling,1,725,250,24170,94.28,sam2,0.0,0.0,0.0
2297,falling,1,,,,,null,,,
2298,falling,1,,,,,null,,,
2299,falling,1,,,,,null,,,
2300,falling,1,726,250,24161,94.25,sam2,1.0,749.192,13.378
2301,falling,1,,,,,null,,,
2302,falling,1,,,,,null,,,
2303,falling,1,,,,,null,,,
2304,falling,1,726,249,23907,93.26,sam2,1.0,749.192,13.378
2305,falling,1,,,,,null,,,
2306,falling,1,,,,,null,,,
2307,falling,1,,,,,null,,,
2308,falling,1,726,250,24026,93.72,sam2,1.0,749.192,13.378
2309,falling,1,,,,,null,,,
2310,falling,1,,,,,null,,,
2311,falling,1,,,,,null,,,
2312,falling,1,726,250,23968,93.49,sam2,0.0,0.0,0.0
2313,falling,1,,,,,null,,,
2314,falling,1,,,,,null,,,
2315,falling,1,,,,,null,,,
2316,falling,1,726,250,23825,92.94,sam2,0.0,0.0,0.0
2317,falling,1,,,,,null,,,
2318,falling,1,,,,,null,,,
2319,falling,1,,,,,null,,,
2320,falling,1,727,249,23590,92.02,sam2,1.414,1059.517,18.92
2321,falling,1,,,,,null,,,
2322,falling,1,,,,,null,,,
2323,falling,1,,,,,null,,,
2324,falling,1,727,250,23694,92.42,sam2,1.0,749.192,13.378
2325,falling,1,,,,,null,,,
2326,falling,1,,,,,null,,,
2327,falling,1,,,,,null,,,
2328,falling,1,726,250,23834,92.97,sam2,1.0,749.192,13.378
2329,falling,1,,,,,null,,,
2330,falling,1,,,,,null,,,
2331,falling,1,,,,,null,,,
2332,falling,1,726,249,23645,92.23,sam2,1.0,749.192,13.378
2333,falling,1,,,,,null,,,
2334,falling,1,,,,,null,,,
2335,falling,1,,,,,null,,,
2336,falling,1,726,249,23712,92.49,sam2,0.0,0.0,0.0
2337,falling,1,,,,,null,,,
2338,falling,1,,,,,null,,,
2339,falling,1,,,,,null,,,
2340,falling,1,725,250,24000,93.62,sam2,1.414,1059.517,18.92
2341,falling,1,,,,,null,,,
2342,falling,1,,,,,null,,,
2343,falling,1,,,,,null,,,
2344,falling,1,725,250,24071,93.9,sam2,0.0,0.0,0.0
2345,falling,1,,,,,null,,,
2346,falling,1,,,,,null,,,
2347,falling,1,,,,,null,,,
2348,falling,1,724,249,23951,93.43,sam2,1.414,1059.517,18.92
2349,falling,1,,,,,null,,,
2350,falling,1,,,,,null,,,
2351,falling,1,,,,,null,,,
2352,falling,1,724,250,24106,94.03,sam2,1.0,749.192,13.378
2353,falling,1,,,,,null,,,
2354,falling,1,,,,,null,,,
2355,falling,1,,,,,null,,,
2356,falling,1,724,250,23875,93.13,sam2,0.0,0.0,0.0
2357,falling,1,,,,,null,,,
2358,falling,1,,,,,null,,,
2359,falling,1,,,,,null,,,
2360,falling,1,723,250,24102,94.02,sam2,1.0,749.192,13.378
2361,falling,1,,,,,null,,,
2362,falling,1,,,,,null,,,
2363,falling,1,,,,,null,,,
2364,falling,1,723,250,23885,93.17,sam2,0.0,0.0,0.0
2365,falling,1,,,,,null,,,
2366,falling,1,,,,,null,,,
2367,falling,1,,,,,null,,,
2368,falling,1,723,249,23666,92.32,sam2,1.0,749.192,13.378
2369,falling,1,,,,,null,,,
2370,falling,1,,,,,null,,,
2371,falling,1,,,,,null,,,
2372,falling,1,723,250,23691,92.41,sam2,1.0,749.192,13.378
2373,falling,1,,,,,null,,,
2374,falling,1,,,,,null,,,
2375,falling,1,,,,,null,,,
2376,falling,1,723,250,23718,92.52,sam2,0.0,0.0,0.0
2377,falling,1,,,,,null,,,
2378,falling,1,,,,,null,,,
2379,falling,1,,,,,null,,,
2380,falling,1,722,250,23836,92.98,sam2,1.0,749.192,13.378
2381,falling,1,,,,,null,,,
2382,falling,1,,,,,null,,,
2383,falling,1,,,,,null,,,
2384,falling,1,723,249,23803,92.85,sam2,1.414,1059.517,18.92
2385,falling,1,,,,,null,,,
2386,falling,1,,,,,null,,,
2387,falling,1,,,,,null,,,
2388,falling,1,722,250,24051,93.82,sam2,1.414,1059.517,18.92
2389,falling,1,,,,,null,,,
2390,falling,1,,,,,null,,,
2391,falling,1,,,,,null,,,
2392,falling,1,723,249,23849,93.03,sam2,1.414,1059.517,18.92
2393,falling,1,,,,,null,,,
2394,falling,1,,,,,null,,,
2395,falling,1,,,,,null,,,
2396,falling,1,723,249,23892,93.2,sam2,0.0,0.0,0.0
2397,falling,1,,,,,null,,,
2398,falling,1,,,,,null,,,
2399,falling,1,,,,,null,,,
2400,falling,1,723,250,24029,93.73,sam2,1.0,749.192,13.378
2401,falling,1,,,,,null,,,
2402,falling,1,,,,,null,,,
2403,falling,1,,,,,null,,,
2404,falling,1,724,250,24086,93.95,sam2,1.0,749.192,13.378
2405,falling,1,,,,,null,,,
2406,falling,1,,,,,null,,,
2407,falling,1,,,,,null,,,
2408,falling,1,724,250,23904,93.24,sam2,0.0,0.0,0.0
2409,falling,1,,,,,null,,,
2410,falling,1,,,,,null,,,
2411,falling,1,,,,,null,,,
2412,falling,1,724,250,23812,92.89,sam2,0.0,0.0,0.0
2413,falling,1,,,,,null,,,
2414,falling,1,,,,,null,,,
2415,falling,1,,,,,null,,,
2416,falling,1,725,250,23674,92.35,sam2,1.0,749.192,13.378
2417,falling,1,,,,,null,,,
2418,falling,1,,,,,null,,,
2419,falling,1,,,,,null,,,
2420,falling,1,725,250,23795,92.82,sam2,0.0,0.0,0.0
2421,falling,1,,,,,null,,,
2422,falling,1,,,,,null,,,
2423,falling,1,,,,,null,,,
2424,falling,1,725,250,23884,93.17,sam2,0.0,0.0,0.0
2425,falling,1,,,,,null,,,
2426,falling,1,,,,,null,,,
2427,falling,1,,,,,null,,,
2428,falling,1,726,250,23778,92.75,sam2,1.0,749.192,13.378
2429,falling,1,,,,,null,,,
2430,falling,1,,,,,null,,,
2431,falling,1,,,,,null,,,
2432,falling,1,726,249,23723,92.54,sam2,1.0,749.192,13.378
2433,falling,1,,,,,null,,,
2434,falling,1,,,,,null,,,
2435,falling,1,,,,,null,,,
2436,falling,1,726,249,23872,93.12,sam2,0.0,0.0,0.0
2437,falling,1,,,,,null,,,
2438,falling,1,,,,,null,,,
2439,falling,1,,,,,null,,,
2440,falling,1,726,249,23994,93.59,sam2,0.0,0.0,0.0
2441,falling,1,,,,,null,,,
2442,falling,1,,,,,null,,,
2443,falling,1,,,,,null,,,
2444,falling,1,726,250,24163,94.25,sam2,1.0,749.192,13.378
2445,falling,1,,,,,null,,,
2446,falling,1,,,,,null,,,
2447,falling,1,,,,,null,,,
2448,falling,1,726,249,23957,93.45,sam2,1.0,749.192,13.378
2449,falling,1,,,,,null,,,
2450,falling,1,,,,,null,,,
2451,falling,1,,,,,null,,,
2452,falling,1,726,250,24014,93.67,sam2,1.0,749.192,13.378
2453,falling,1,,,,,null,,,
2454,falling,1,,,,,null,,,
2455,falling,1,,,,,null,,,
2456,falling,1,726,250,23822,92.92,sam2,0.0,0.0,0.0
2457,falling,1,,,,,null,,,
2458,falling,1,,,,,null,,,
2459,falling,1,,,,,null,,,
2460,falling,1,725,250,24053,93.83,sam2,1.0,749.192,13.378
2461,falling,1,,,,,null,,,
2462,falling,1,,,,,null,,,
2463,falling,1,,,,,null,,,
2464,falling,1,725,251,24077,93.92,sam2,1.0,749.192,13.378
2465,falling,1,,,,,null,,,
2466,falling,1,,,,,null,,,
2467,falling,1,,,,,null,,,
2468,falling,1,725,250,23890,93.19,sam2,1.0,749.192,13.378
2469,falling,1,,,,,null,,,
2470,falling,1,,,,,null,,,
2471,falling,1,,,,,null,,,
2472,falling,1,725,250,23824,92.93,sam2,0.0,0.0,0.0
2473,falling,1,,,,,null,,,
2474,falling,1,,,,,null,,,
2475,falling,1,,,,,null,,,
2476,falling,1,724,250,23723,92.54,sam2,1.0,749.192,13.378
2477,falling,1,,,,,null,,,
2478,falling,1,,,,,null,,,
2479,falling,1,,,,,null,,,
2480,falling,1,724,250,23930,93.35,sam2,0.0,0.0,0.0
2481,falling,1,,,,,null,,,
2482,falling,1,,,,,null,,,
2483,falling,1,,,,,null,,,
2484,falling,1,724,249,23737,92.59,sam2,1.0,749.192,13.378
2485,falling,1,,,,,null,,,
2486,falling,1,,,,,null,,,
2487,falling,1,,,,,null,,,
2488,falling,1,723,249,23964,93.48,sam2,1.0,749.192,13.378
2489,falling,1,,,,,null,,,
2490,falling,1,,,,,null,,,
2491,falling,1,,,,,null,,,
2492,falling,1,723,249,24032,93.74,sam2,0.0,0.0,0.0
2493,falling,1,,,,,null,,,
2494,falling,1,,,,,null,,,
2495,falling,1,,,,,null,,,
2496,falling,1,723,249,23831,92.96,sam2,0.0,0.0,0.0
2497,falling,1,,,,,null,,,
2498,falling,1,,,,,null,,,
2499,falling,1,,,,,null,,,
2500,falling,1,723,249,23756,92.67,sam2,0.0,0.0,0.0
2501,falling,1,,,,,null,,,
2502,falling,1,,,,,null,,,
2503,falling,1,,,,,null,,,
2504,falling,1,723,250,23987,93.57,sam2,1.0,749.192,13.378
2505,falling,1,,,,,null,,,
2506,falling,1,,,,,null,,,
2507,falling,1,,,,,null,,,
2508,falling,1,723,250,23936,93.37,sam2,0.0,0.0,0.0
2509,falling,1,,,,,null,,,
2510,falling,1,,,,,null,,,
2511,falling,1,,,,,null,,,
2512,falling,1,723,250,23704,92.46,sam2,0.0,0.0,0.0
2513,falling,1,,,,,null,,,
2514,falling,1,,,,,null,,,
2515,falling,1,,,,,null,,,
2516,falling,1,723,250,23933,93.36,sam2,0.0,0.0,0.0
2517,falling,1,,,,,null,,,
2518,falling,1,,,,,null,,,
2519,falling,1,,,,,null,,,
2520,falling,1,723,250,23898,93.22,sam2,0.0,0.0,0.0
2521,falling,1,,,,,null,,,
2522,falling,1,,,,,null,,,
2523,falling,1,,,,,null,,,
2524,falling,1,723,250,23733,92.58,sam2,0.0,0.0,0.0
2525,falling,1,,,,,null,,,
2526,falling,1,,,,,null,,,
2527,falling,1,,,,,null,,,
2528,falling,1,724,250,23881,93.15,sam2,1.0,749.192,13.378
2529,falling,1,,,,,null,,,
2530,falling,1,,,,,null,,,
2531,falling,1,,,,,null,,,
2532,falling,1,724,249,23764,92.7,sam2,1.0,749.192,13.378
2533,falling,1,,,,,null,,,
2534,falling,1,,,,,null,,,
2535,falling,1,,,,,null,,,
2536,falling,1,724,249,23783,92.77,sam2,0.0,0.0,0.0
2537,falling,1,,,,,null,,,
2538,falling,1,,,,,null,,,
2539,falling,1,,,,,null,,,
2540,falling,1,725,249,23764,92.7,sam2,1.0,749.192,13.378
2541,falling,1,,,,,null,,,
2542,falling,1,,,,,null,,,
2543,falling,1,,,,,null,,,
2544,falling,1,725,249,23871,93.12,sam2,0.0,0.0,0.0
2545,falling,1,,,,,null,,,
2546,falling,1,,,,,null,,,
2547,falling,1,,,,,null,,,
2548,falling,1,725,249,23815,92.9,sam2,0.0,0.0,0.0
2549,falling,1,,,,,null,,,
2550,falling,1,,,,,null,,,
2551,falling,1,,,,,null,,,
2552,falling,1,725,249,23878,93.14,sam2,0.0,0.0,0.0
2553,falling,1,,,,,null,,,
2554,falling,1,,,,,null,,,
2555,falling,1,,,,,null,,,
2556,falling,1,726,249,23742,92.61,sam2,1.0,749.192,13.378
2557,falling,1,,,,,null,,,
2558,falling,1,,,,,null,,,
2559,falling,1,,,,,null,,,
2560,falling,1,726,250,23758,92.67,sam2,1.0,749.192,13.378
2561,falling,1,,,,,null,,,
2562,falling,1,,,,,null,,,
2563,falling,1,,,,,null,,,
2564,falling,1,726,250,23746,92.63,sam2,0.0,0.0,0.0
2565,falling,1,,,,,null,,,
2566,falling,1,,,,,null,,,
2567,falling,1,,,,,null,,,
2568,falling,1,726,250,23669,92.33,sam2,0.0,0.0,0.0
2569,falling,1,,,,,null,,,
2570,falling,1,,,,,null,,,
2571,falling,1,,,,,null,,,
2572,falling,1,726,250,23844,93.01,sam2,0.0,0.0,0.0
2573,falling,1,,,,,null,,,
2574,falling,1,,,,,null,,,
2575,falling,1,,,,,null,,,
2576,falling,1,726,250,23872,93.12,sam2,0.0,0.0,0.0
2577,falling,1,,,,,null,,,
2578,falling,1,,,,,null,,,
2579,falling,1,,,,,null,,,
2580,falling,1,726,250,23835,92.97,sam2,0.0,0.0,0.0
2581,falling,1,,,,,null,,,
2582,falling,1,,,,,null,,,
2583,falling,1,,,,,null,,,
2584,falling,1,725,250,23912,93.28,sam2,1.0,749.192,13.378
2585,falling,1,,,,,null,,,
2586,falling,1,,,,,null,,,
2587,falling,1,,,,,null,,,
2588,falling,1,725,250,24098,94.0,sam2,0.0,0.0,0.0
2589,falling,1,,,,,null,,,
2590,falling,1,,,,,null,,,
2591,falling,1,,,,,null,,,
2592,falling,1,725,250,24063,93.86,sam2,0.0,0.0,0.0
2593,falling,1,,,,,null,,,
2594,falling,1,,,,,null,,,
2595,falling,1,,,,,null,,,
2596,falling,1,725,250,23995,93.6,sam2,0.0,0.0,0.0
2597,falling,1,,,,,null,,,
2598,falling,1,,,,,null,,,
2599,falling,1,,,,,null,,,
2600,falling,1,725,249,23822,92.92,sam2,1.0,749.192,13.378
2601,falling,1,,,,,null,,,
2602,falling,1,,,,,null,,,
2603,falling,1,,,,,null,,,
2604,falling,1,724,249,23728,92.56,sam2,1.0,749.192,13.378
2605,falling,1,,,,,null,,,
2606,falling,1,,,,,null,,,
2607,falling,1,,,,,null,,,
2608,falling,1,724,250,23787,92.79,sam2,1.0,749.192,13.378
2609,falling,1,,,,,null,,,
2610,falling,1,,,,,null,,,
2611,falling,1,,,,,null,,,
2612,falling,1,724,250,23671,92.33,sam2,0.0,0.0,0.0
2613,falling,1,,,,,null,,,
2614,falling,1,,,,,null,,,
2615,falling,1,,,,,null,,,
2616,falling,1,723,250,23866,93.1,sam2,1.0,749.192,13.378
2617,falling,1,,,,,null,,,
2618,falling,1,,,,,null,,,
2619,falling,1,,,,,null,,,
2620,falling,1,723,250,23691,92.41,sam2,0.0,0.0,0.0
2621,falling,1,,,,,null,,,
2622,falling,1,,,,,null,,,
2623,falling,1,,,,,null,,,
2624,falling,1,723,250,24111,94.05,sam2,0.0,0.0,0.0
2625,falling,1,,,,,null,,,
2626,falling,1,,,,,null,,,
2627,falling,1,,,,,null,,,
2628,falling,1,723,251,24202,94.41,sam2,1.0,749.192,13.378
2629,falling,1,,,,,null,,,
2630,falling,1,,,,,null,,,
2631,falling,1,,,,,null,,,
2632,falling,1,723,249,23705,92.47,sam2,2.0,1498.383,26.757
2633,falling,1,,,,,null,,,
2634,falling,1,,,,,null,,,
2635,falling,1,,,,,null,,,
2636,falling,1,723,250,23988,93.57,sam2,1.0,749.192,13.378
2637,falling,1,,,,,null,,,
2638,falling,1,,,,,null,,,
2639,falling,1,,,,,null,,,
2640,falling,1,723,249,23844,93.01,sam2,1.0,749.192,13.378
2641,falling,1,,,,,null,,,
2642,falling,1,,,,,null,,,
2643,falling,1,,,,,null,,,
2644,falling,1,723,250,24051,93.82,sam2,1.0,749.192,13.378
2645,falling,1,,,,,null,,,
2646,falling,1,,,,,null,,,
2647,falling,1,,,,,null,,,
2648,falling,1,723,250,24122,94.09,sam2,0.0,0.0,0.0
2649,falling,1,,,,,null,,,
2650,falling,1,,,,,null,,,
2651,falling,1,,,,,null,,,
2652,falling,1,723,250,23883,93.16,sam2,0.0,0.0,0.0
2653,falling,1,,,,,null,,,
2654,falling,1,,,,,null,,,
2655,falling,1,,,,,null,,,
2656,falling,1,724,250,23771,92.73,sam2,1.0,749.192,13.378
2657,falling,1,,,,,null,,,
2658,falling,1,,,,,null,,,
2659,falling,1,,,,,null,,,
2660,falling,1,724,250,23771,92.73,sam2,0.0,0.0,0.0
2661,falling,1,,,,,null,,,
2662,falling,1,,,,,null,,,
2663,falling,1,,,,,null,,,
2664,falling,1,724,249,23636,92.2,sam2,1.0,749.192,13.378
2665,falling,1,,,,,null,,,
2666,falling,1,,,,,null,,,
2667,falling,1,,,,,null,,,
2668,falling,1,724,250,23791,92.8,sam2,1.0,749.192,13.378
2669,falling,1,,,,,null,,,
2670,falling,1,,,,,null,,,
2671,falling,1,,,,,null,,,
2672,falling,1,725,250,23918,93.3,sam2,1.0,749.192,13.378
2673,falling,1,,,,,null,,,
2674,falling,1,,,,,null,,,
2675,falling,1,,,,,null,,,
2676,falling,1,725,250,23987,93.57,sam2,0.0,0.0,0.0
2677,falling,1,,,,,null,,,
2678,falling,1,,,,,null,,,
2679,falling,1,,,,,null,,,
2680,falling,1,725,250,23954,93.44,sam2,0.0,0.0,0.0
2681,falling,1,,,,,null,,,
2682,falling,1,,,,,null,,,
2683,falling,1,,,,,null,,,
2684,falling,1,725,250,23901,93.23,sam2,0.0,0.0,0.0
2685,falling,1,,,,,null,,,
2686,falling,1,,,,,null,,,
2687,falling,1,,,,,null,,,
2688,falling,1,726,250,24059,93.85,sam2,1.0,749.192,13.378
2689,falling,1,,,,,null,,,
2690,falling,1,,,,,null,,,
2691,falling,1,,,,,null,,,
2692,falling,1,726,250,23988,93.57,sam2,0.0,0.0,0.0
2693,falling,1,,,,,null,,,
2694,falling,1,,,,,null,,,
2695,falling,1,,,,,null,,,
2696,falling,1,726,250,24024,93.71,sam2,0.0,0.0,0.0
2697,falling,1,,,,,null,,,
2698,falling,1,,,,,null,,,
2699,falling,1,,,,,null,,,
2700,falling,1,726,250,23824,92.93,sam2,0.0,0.0,0.0
2701,falling,1,,,,,null,,,
2702,falling,1,,,,,null,,,
2703,falling,1,,,,,null,,,
2704,falling,1,726,250,23878,93.14,sam2,0.0,0.0,0.0
2705,falling,1,,,,,null,,,
2706,falling,1,,,,,null,,,
2707,falling,1,,,,,null,,,
2708,falling,1,726,250,23781,92.76,sam2,0.0,0.0,0.0
2709,falling,1,,,,,null,,,
2710,falling,1,,,,,null,,,
2711,falling,1,,,,,null,,,
2712,falling,1,726,250,23809,92.87,sam2,0.0,0.0,0.0
2713,falling,1,,,,,null,,,
2714,falling,1,,,,,null,,,
2715,falling,1,,,,,null,,,
2716,falling,1,725,249,23690,92.41,sam2,1.414,1059.517,18.92
2717,falling,1,,,,,null,,,
2718,falling,1,,,,,null,,,
2719,falling,1,,,,,null,,,
2720,falling,1,725,250,23963,93.47,sam2,1.0,749.192,13.378
2721,falling,1,,,,,null,,,
2722,falling,1,,,,,null,,,
2723,falling,1,,,,,null,,,
2724,falling,1,725,250,23858,93.06,sam2,0.0,0.0,0.0
2725,falling,1,,,,,null,,,
2726,falling,1,,,,,null,,,
2727,falling,1,,,,,null,,,
2728,falling,1,724,250,23844,93.01,sam2,1.0,749.192,13.378
2729,falling,1,,,,,null,,,
2730,falling,1,,,,,null,,,
2731,falling,1,,,,,null,,,
2732,falling,1,724,250,23834,92.97,sam2,0.0,0.0,0.0
2733,falling,1,,,,,null,,,
2734,falling,1,,,,,null,,,
2735,falling,1,,,,,null,,,
2736,falling,1,724,250,23973,93.51,sam2,0.0,0.0,0.0
2737,falling,1,,,,,null,,,
2738,falling,1,,,,,null,,,
2739,falling,1,,,,,null,,,
2740,falling,1,724,250,23963,93.47,sam2,0.0,0.0,0.0
2741,falling,1,,,,,null,,,
2742,falling,1,,,,,null,,,
2743,falling,1,,,,,null,,,
2744,falling,1,723,250,24010,93.66,sam2,1.0,749.192,13.378
2745,falling,1,,,,,null,,,
2746,falling,1,,,,,null,,,
2747,falling,1,,,,,null,,,
2748,falling,1,723,250,24063,93.86,sam2,0.0,0.0,0.0
2749,falling,1,,,,,null,,,
2750,falling,1,,,,,null,,,
2751,falling,1,,,,,null,,,
2752,falling,1,723,250,23926,93.33,sam2,0.0,0.0,0.0
2753,falling,1,,,,,null,,,
2754,falling,1,,,,,null,,,
2755,falling,1,,,,,null,,,
2756,falling,1,723,250,23902,93.24,sam2,0.0,0.0,0.0
2757,falling,1,,,,,null,,,
2758,falling,1,,,,,null,,,
2759,falling,1,,,,,null,,,
2760,falling,1,723,250,23702,92.46,sam2,0.0,0.0,0.0
2761,falling,1,,,,,null,,,
2762,falling,1,,,,,null,,,
2763,falling,1,,,,,null,,,
2764,falling,1,723,250,23719,92.52,sam2,0.0,0.0,0.0
2765,falling,1,,,,,null,,,
2766,falling,1,,,,,null,,,
2767,falling,1,,,,,null,,,
2768,falling,1,723,249,23726,92.55,sam2,1.0,749.192,13.378
2769,falling,1,,,,,null,,,
2770,falling,1,,,,,null,,,
2771,falling,1,,,,,null,,,
2772,falling,1,723,250,23905,93.25,sam2,1.0,749.192,13.378
2773,falling,1,,,,,null,,,
2774,falling,1,,,,,null,,,
2775,falling,1,,,,,null,,,
2776,falling,1,723,249,23764,92.7,sam2,1.0,749.192,13.378
2777,falling,1,,,,,null,,,
2778,falling,1,,,,,null,,,
2779,falling,1,,,,,null,,,
2780,falling,1,724,249,23734,92.58,sam2,1.0,749.192,13.378
2781,falling,1,,,,,null,,,
2782,falling,1,,,,,null,,,
2783,falling,1,,,,,null,,,
2784,falling,1,724,249,23810,92.88,sam2,0.0,0.0,0.0
2785,falling,1,,,,,null,,,
2786,falling,1,,,,,null,,,
2787,falling,1,,,,,null,,,
2788,falling,1,724,249,23781,92.76,sam2,0.0,0.0,0.0
2789,falling,1,,,,,null,,,
2790,falling,1,,,,,null,,,
2791,falling,1,,,,,null,,,
2792,falling,1,724,250,24027,93.72,sam2,1.0,749.192,13.378
2793,falling,1,,,,,null,,,
2794,falling,1,,,,,null,,,
2795,falling,1,,,,,null,,,
2796,falling,1,724,250,23920,93.31,sam2,0.0,0.0,0.0
2797,falling,1,,,,,null,,,
2798,falling,1,,,,,null,,,
2799,falling,1,,,,,null,,,
2800,falling,1,725,250,23761,92.69,sam2,1.0,749.192,13.378
2801,falling,1,,,,,null,,,
2802,falling,1,,,,,null,,,
2803,falling,1,,,,,null,,,
2804,falling,1,725,250,23700,92.45,sam2,0.0,0.0,0.0
2805,falling,1,,,,,null,,,
2806,falling,1,,,,,null,,,
2807,falling,1,,,,,null,,,
2808,falling,1,725,250,23770,92.72,sam2,0.0,0.0,0.0
2809,falling,1,,,,,null,,,
2810,falling,1,,,,,null,,,
2811,falling,1,,,,,null,,,
2812,falling,1,725,250,23661,92.3,sam2,0.0,0.0,0.0
2813,falling,1,,,,,null,,,
2814,falling,1,,,,,null,,,
2815,falling,1,,,,,null,,,
2816,falling,1,725,250,23923,93.32,sam2,0.0,0.0,0.0
2817,falling,1,,,,,null,,,
2818,falling,1,,,,,null,,,
2819,falling,1,,,,,null,,,
2820,falling,1,726,249,23729,92.56,sam2,1.414,1059.517,18.92
2821,falling,1,,,,,null,,,
2822,falling,1,,,,,null,,,
2823,falling,1,,,,,null,,,
2824,falling,1,726,249,23756,92.67,sam2,0.0,0.0,0.0
2825,falling,1,,,,,null,,,
2826,falling,1,,,,,null,,,
2827,falling,1,,,,,null,,,
2828,falling,1,726,249,23715,92.51,sam2,0.0,0.0,0.0
2829,falling,1,,,,,null,,,
2830,falling,1,,,,,null,,,
2831,falling,1,,,,,null,,,
2832,falling,1,726,250,23961,93.47,sam2,1.0,749.192,13.378
2833,falling,1,,,,,null,,,
2834,falling,1,,,,,null,,,
2835,falling,1,,,,,null,,,
2836,falling,1,725,250,23952,93.43,sam2,1.0,749.192,13.378
2837,falling,1,,,,,null,,,
2838,falling,1,,,,,null,,,
2839,falling,1,,,,,null,,,
2840,falling,1,725,250,23958,93.45,sam2,0.0,0.0,0.0
2841,falling,1,,,,,null,,,
2842,falling,1,,,,,null,,,
2843,falling,1,,,,,null,,,
2844,falling,1,725,250,23929,93.34,sam2,0.0,0.0,0.0
2845,falling,1,,,,,null,,,
2846,falling,1,,,,,null,,,
2847,falling,1,,,,,null,,,
2848,falling,1,725,250,23964,93.48,sam2,0.0,0.0,0.0
2849,falling,1,,,,,null,,,
2850,falling,1,,,,,null,,,
2851,falling,1,,,,,null,,,
2852,falling,1,725,250,23914,93.28,sam2,0.0,0.0,0.0
2853,falling,1,,,,,null,,,
2854,falling,1,,,,,null,,,
2855,falling,1,,,,,null,,,
2856,falling,1,724,250,23920,93.31,sam2,1.0,749.192,13.378
2857,falling,1,,,,,null,,,
2858,falling,1,,,,,null,,,
2859,falling,1,,,,,null,,,
2860,falling,1,724,250,23787,92.79,sam2,0.0,0.0,0.0
2861,falling,1,,,,,null,,,
2862,falling,1,,,,,null,,,
2863,falling,1,,,,,null,,,
2864,falling,1,724,250,23693,92.42,sam2,0.0,0.0,0.0
2865,falling,1,,,,,null,,,
2866,falling,1,,,,,null,,,
2867,falling,1,,,,,null,,,
2868,falling,1,724,250,23952,93.43,sam2,0.0,0.0,0.0
2869,falling,1,,,,,null,,,
2870,falling,1,,,,,null,,,
2871,falling,1,,,,,null,,,
2872,falling,1,724,250,23978,93.53,sam2,0.0,0.0,0.0
2873,falling,1,,,,,null,,,
2874,falling,1,,,,,null,,,
2875,falling,1,,,,,null,,,
2876,falling,1,723,250,23989,93.58,sam2,1.0,749.192,13.378
2877,falling,1,,,,,null,,,
2878,falling,1,,,,,null,,,
2879,falling,1,,,,,null,,,
2880,falling,1,723,250,24019,93.69,sam2,0.0,0.0,0.0
2881,falling,1,,,,,null,,,
2882,falling,1,,,,,null,,,
2883,falling,1,,,,,null,,,
2884,falling,1,723,250,24039,93.77,sam2,0.0,0.0,0.0
2885,falling,1,,,,,null,,,
2886,falling,1,,,,,null,,,
2887,falling,1,,,,,null,,,
2888,falling,1,723,250,23946,93.41,sam2,0.0,0.0,0.0
2889,falling,1,,,,,null,,,
2890,falling,1,,,,,null,,,
2891,falling,1,,,,,null,,,
2892,falling,1,723,249,23853,93.04,sam2,1.0,749.192,13.378
2893,falling,1,,,,,null,,,
2894,falling,1,,,,,null,,,
2895,falling,1,,,,,null,,,
2896,falling,1,723,250,23912,93.28,sam2,1.0,749.192,13.378
2897,falling,1,,,,,null,,,
2898,falling,1,,,,,null,,,
2899,falling,1,,,,,null,,,
2900,falling,1,723,250,23886,93.17,sam2,0.0,0.0,0.0
2901,falling,1,,,,,null,,,
2902,falling,1,,,,,null,,,
2903,falling,1,,,,,null,,,
2904,falling,1,724,250,23790,92.8,sam2,1.0,749.192,13.378
2905,falling,1,,,,,null,,,
2906,falling,1,,,,,null,,,
2907,falling,1,,,,,null,,,
2908,falling,1,724,250,23987,93.57,sam2,0.0,0.0,0.0
2909,falling,1,,,,,null,,,
2910,falling,1,,,,,null,,,
2911,falling,1,,,,,null,,,
2912,falling,1,724,250,23701,92.45,sam2,0.0,0.0,0.0
2913,falling,1,,,,,null,,,
2914,falling,1,,,,,null,,,
2915,falling,1,,,,,null,,,
2916,falling,1,724,250,23712,92.49,sam2,0.0,0.0,0.0
2917,falling,1,,,,,null,,,
2918,falling,1,,,,,null,,,
2919,falling,1,,,,,null,,,
2920,falling,1,724,250,23774,92.74,sam2,0.0,0.0,0.0
2921,falling,1,,,,,null,,,
2922,falling,1,,,,,null,,,
2923,falling,1,,,,,null,,,
2924,falling,1,725,250,23799,92.83,sam2,1.0,749.192,13.378
2925,falling,1,,,,,null,,,
2926,falling,1,,,,,null,,,
2927,falling,1,,,,,null,,,
2928,falling,1,725,249,23796,92.82,sam2,1.0,749.192,13.378
2929,falling,1,,,,,null,,,
2930,falling,1,,,,,null,,,
2931,falling,1,,,,,null,,,
2932,falling,1,725,250,24000,93.62,sam2,1.0,749.192,13.378
2933,falling,1,,,,,null,,,
2934,falling,1,,,,,null,,,
2935,falling,1,,,,,null,,,
2936,falling,1,725,250,23929,93.34,sam2,0.0,0.0,0.0
2937,falling,1,,,,,null,,,
2938,falling,1,,,,,null,,,
2939,falling,1,,,,,null,,,
2940,falling,1,726,249,23746,92.63,sam2,1.414,1059.517,18.92
2941,falling,1,,,,,null,,,
2942,falling,1,,,,,null,,,
2943,falling,1,,,,,null,,,
2944,falling,1,726,249,23679,92.37,sam2,0.0,0.0,0.0
2945,falling,1,,,,,null,,,
2946,falling,1,,,,,null,,,
2947,falling,1,,,,,null,,,
2948,falling,1,725,249,23716,92.51,sam2,1.0,749.192,13.378
2949,falling,1,,,,,null,,,
2950,falling,1,,,,,null,,,
2951,falling,1,,,,,null,,,
2952,falling,1,726,250,23785,92.78,sam2,1.414,1059.517,18.92
2953,falling,1,,,,,null,,,
2954,falling,1,,,,,null,,,
2955,falling,1,,,,,null,,,
2956,falling,1,726,250,23912,93.28,sam2,0.0,0.0,0.0
2957,falling,1,,,,,null,,,
2958,falling,1,,,,,null,,,
2959,falling,1,,,,,null,,,
2960,falling,1,726,250,23723,92.54,sam2,0.0,0.0,0.0
2961,falling,1,,,,,null,,,
2962,falling,1,,,,,null,,,
2963,falling,1,,,,,null,,,
2964,falling,1,725,250,23908,93.26,sam2,1.0,749.192,13.378
2965,falling,1,,,,,null,,,
2966,falling,1,,,,,null,,,
2967,falling,1,,,,,null,,,
2968,falling,1,725,250,23873,93.12,sam2,0.0,0.0,0.0
2969,falling,1,,,,,null,,,
2970,falling,1,,,,,null,,,
2971,falling,1,,,,,null,,,
2972,falling,1,725,250,23936,93.37,sam2,0.0,0.0,0.0
2973,falling,1,,,,,null,,,
2974,falling,1,,,,,null,,,
2975,falling,1,,,,,null,,,
2976,falling,1,725,250,23975,93.52,sam2,0.0,0.0,0.0
2977,falling,1,,,,,null,,,
2978,falling,1,,,,,null,,,
2979,falling,1,,,,,null,,,
2980,falling,1,725,249,23669,92.33,sam2,1.0,749.192,13.378
2981,falling,1,,,,,null,,,
2982,falling,1,,,,,null,,,
2983,falling,1,,,,,null,,,
2984,falling,1,725,249,23739,92.6,sam2,0.0,0.0,0.0
2985,falling,1,,,,,null,,,
2986,falling,1,,,,,null,,,
2987,falling,1,,,,,null,,,
2988,falling,1,724,250,23914,93.28,sam2,1.414,1059.517,18.92
2989,falling,1,,,,,null,,,
2990,falling,1,,,,,null,,,
2991,falling,1,,,,,null,,,
2992,falling,1,724,250,23967,93.49,sam2,0.0,0.0,0.0
2993,falling,1,,,,,null,,,
2994,falling,1,,,,,null,,,
2995,falling,1,,,,,null,,,
2996,falling,1,724,250,23814,92.89,sam2,0.0,0.0,0.0
2997,falling,1,,,,,null,,,
2998,falling,1,,,,,null,,,
2999,falling,1,,,,,null,,,
3000,falling,1,724,250,23987,93.57,sam2,0.0,0.0,0.0
3001,falling,1,,,,,null,,,
3002,falling,1,,,,,null,,,
3003,falling,1,,,,,null,,,
3004,falling,1,723,250,24180,94.32,sam2,1.0,749.192,13.378
3005,falling,1,,,,,null,,,
3006,falling,1,,,,,null,,,
3007,falling,1,,,,,null,,,
3008,falling,1,723,250,23922,93.31,sam2,0.0,0.0,0.0
3009,falling,1,,,,,null,,,
3010,falling,1,,,,,null,,,
3011,falling,1,,,,,null,,,
3012,falling,1,723,250,23771,92.73,sam2,0.0,0.0,0.0
3013,falling,1,,,,,null,,,
3014,falling,1,,,,,null,,,
3015,falling,1,,,,,null,,,
3016,falling,1,723,250,23976,93.52,sam2,0.0,0.0,0.0
3017,falling,1,,,,,null,,,
3018,falling,1,,,,,null,,,
3019,falling,1,,,,,null,,,
3020,falling,1,723,250,23771,92.73,sam2,0.0,0.0,0.0
3021,falling,1,,,,,null,,,
3022,falling,1,,,,,null,,,
3023,falling,1,,,,,null,,,
3024,falling,1,723,250,23933,93.36,sam2,0.0,0.0,0.0
3025,falling,1,,,,,null,,,
3026,falling,1,,,,,null,,,
3027,falling,1,,,,,null,,,
3028,falling,1,723,249,23633,92.19,sam2,1.0,749.192,13.378
3029,falling,1,,,,,null,,,
3030,falling,1,,,,,null,,,
3031,falling,1,,,,,null,,,
3032,falling,1,724,250,23924,93.32,sam2,1.414,1059.517,18.92
3033,falling,1,,,,,null,,,
3034,falling,1,,,,,null,,,
3035,falling,1,,,,,null,,,
3036,falling,1,724,250,24021,93.7,sam2,0.0,0.0,0.0
3037,falling,1,,,,,null,,,
3038,falling,1,,,,,null,,,
3039,falling,1,,,,,null,,,
3040,falling,1,724,250,23897,93.22,sam2,0.0,0.0,0.0
3041,falling,1,,,,,null,,,
3042,falling,1,,,,,null,,,
3043,falling,1,,,,,null,,,
3044,falling,1,724,250,23886,93.17,sam2,0.0,0.0,0.0
3045,falling,1,,,,,null,,,
3046,falling,1,,,,,null,,,
3047,falling,1,,,,,null,,,
3048,falling,1,725,249,23592,92.03,sam2,1.414,1059.517,18.92
3049,falling,1,,,,,null,,,
3050,falling,1,,,,,null,,,
3051,falling,1,,,,,null,,,
3052,falling,1,725,250,23725,92.55,sam2,1.0,749.192,13.378
3053,falling,1,,,,,null,,,
3054,falling,1,,,,,null,,,
3055,falling,1,,,,,null,,,
3056,falling,1,725,250,23814,92.89,sam2,0.0,0.0,0.0
3057,falling,1,,,,,null,,,
3058,falling,1,,,,,null,,,
3059,falling,1,,,,,null,,,
3060,falling,1,725,250,23836,92.98,sam2,0.0,0.0,0.0
3061,falling,1,,,,,null,,,
3062,falling,1,,,,,null,,,
3063,falling,1,,,,,null,,,
3064,falling,1,725,250,23898,93.22,sam2,0.0,0.0,0.0
3065,falling,1,,,,,null,,,
3066,falling,1,,,,,null,,,
3067,falling,1,,,,,null,,,
3068,falling,1,725,250,23749,92.64,sam2,0.0,0.0,0.0
3069,falling,1,,,,,null,,,
3070,falling,1,,,,,null,,,
3071,falling,1,,,,,null,,,
3072,falling,1,725,249,23780,92.76,sam2,1.0,749.192,13.378
3073,falling,1,,,,,null,,,
3074,falling,1,,,,,null,,,
3075,falling,1,,,,,null,,,
3076,falling,1,725,249,23772,92.73,sam2,0.0,0.0,0.0
3077,falling,1,,,,,null,,,
3078,falling,1,,,,,null,,,
3079,falling,1,,,,,null,,,
3080,falling,1,725,250,23791,92.8,sam2,1.0,749.192,13.378
3081,falling,1,,,,,null,,,
3082,falling,1,,,,,null,,,
3083,falling,1,,,,,null,,,
3084,falling,1,725,250,23960,93.46,sam2,0.0,0.0,0.0
3085,falling,1,,,,,null,,,
3086,falling,1,,,,,null,,,
3087,falling,1,,,,,null,,,
3088,falling,1,725,250,23988,93.57,sam2,0.0,0.0,0.0
3089,falling,1,,,,,null,,,
3090,falling,1,,,,,null,,,
3091,falling,1,,,,,null,,,
3092,falling,1,725,250,23812,92.89,sam2,0.0,0.0,0.0
3093,falling,1,,,,,null,,,
3094,falling,1,,,,,null,,,
3095,falling,1,,,,,null,,,
3096,falling,1,725,249,23711,92.49,sam2,1.0,749.192,13.378
3097,falling,1,,,,,null,,,
3098,falling,1,,,,,null,,,
3099,falling,1,,,,,null,,,
3100,falling,1,725,249,23668,92.32,sam2,0.0,0.0,0.0
3101,falling,1,,,,,null,,,
3102,falling,1,,,,,null,,,
3103,falling,1,,,,,null,,,
3104,falling,1,725,250,23761,92.69,sam2,1.0,749.192,13.378
3105,falling,1,,,,,null,,,
3106,falling,1,,,,,null,,,
3107,falling,1,,,,,null,,,
3108,falling,1,724,250,23801,92.84,sam2,1.0,749.192,13.378
3109,falling,1,,,,,null,,,
3110,falling,1,,,,,null,,,
3111,falling,1,,,,,null,,,
3112,falling,1,725,249,23718,92.52,sam2,1.414,1059.517,18.92
3113,falling,1,,,,,null,,,
3114,falling,1,,,,,null,,,
3115,falling,1,,,,,null,,,
3116,falling,1,724,249,23788,92.79,sam2,1.0,749.192,13.378
3117,falling,1,,,,,null,,,
3118,falling,1,,,,,null,,,
3119,falling,1,,,,,null,,,
3120,falling,1,724,249,23814,92.89,sam2,0.0,0.0,0.0
3121,falling,1,,,,,null,,,
3122,falling,1,,,,,null,,,
3123,falling,1,,,,,null,,,
3124,falling,1,724,250,24075,93.91,sam2,1.0,749.192,13.378
3125,falling,1,,,,,null,,,
3126,falling,1,,,,,null,,,
3127,falling,1,,,,,null,,,
3128,falling,1,724,249,23795,92.82,sam2,1.0,749.192,13.378
3129,falling,1,,,,,null,,,
3130,falling,1,,,,,null,,,
3131,falling,1,,,,,null,,,
3132,falling,1,724,250,23822,92.92,sam2,1.0,749.192,13.378
3133,falling,1,,,,,null,,,
3134,falling,1,,,,,null,,,
3135,falling,1,,,,,null,,,
3136,falling,1,723,249,23758,92.67,sam2,1.414,1059.517,18.92
3137,falling,1,,,,,null,,,
3138,falling,1,,,,,null,,,
3139,falling,1,,,,,null,,,
3140,falling,1,723,250,23799,92.83,sam2,1.0,749.192,13.378
3141,falling,1,,,,,null,,,
3142,falling,1,,,,,null,,,
3143,falling,1,,,,,null,,,
3144,falling,1,723,250,23758,92.67,sam2,0.0,0.0,0.0
3145,falling,1,,,,,null,,,
3146,falling,1,,,,,null,,,
3147,falling,1,,,,,null,,,
3148,falling,1,723,250,23857,93.06,sam2,0.0,0.0,0.0
3149,falling,1,,,,,null,,,
3150,falling,1,,,,,null,,,
3151,falling,1,,,,,null,,,
3152,falling,1,724,250,23932,93.35,sam2,1.0,749.192,13.378
3153,falling,1,,,,,null,,,
3154,falling,1,,,,,null,,,
3155,falling,1,,,,,null,,,
3156,falling,1,724,250,23832,92.96,sam2,0.0,0.0,0.0
3157,falling,1,,,,,null,,,
3158,falling,1,,,,,null,,,
3159,falling,1,,,,,null,,,
3160,falling,1,724,250,23853,93.04,sam2,0.0,0.0,0.0
3161,falling,1,,,,,null,,,
3162,falling,1,,,,,null,,,
3163,falling,1,,,,,null,,,
3164,falling,1,724,250,23781,92.76,sam2,0.0,0.0,0.0
3165,falling,1,,,,,null,,,
3166,falling,1,,,,,null,,,
3167,falling,1,,,,,null,,,
3168,falling,1,724,249,23739,92.6,sam2,1.0,749.192,13.378
3169,falling,1,,,,,null,,,
3170,falling,1,,,,,null,,,
3171,falling,1,,,,,null,,,
3172,falling,1,724,250,23840,92.99,sam2,1.0,749.192,13.378
3173,falling,1,,,,,null,,,
3174,falling,1,,,,,null,,,
3175,falling,1,,,,,null,,,
3176,falling,1,724,249,23699,92.44,sam2,1.0,749.192,13.378
3177,falling,1,,,,,null,,,
3178,falling,1,,,,,null,,,
3179,falling,1,,,,,null,,,
3180,falling,1,725,249,23683,92.38,sam2,1.0,749.192,13.378
3181,falling,1,,,,,null,,,
3182,falling,1,,,,,null,,,
3183,falling,1,,,,,null,,,
3184,falling,1,725,249,23790,92.8,sam2,0.0,0.0,0.0
3185,falling,1,,,,,null,,,
3186,falling,1,,,,,null,,,
3187,falling,1,,,,,null,,,
3188,falling,1,725,250,23770,92.72,sam2,1.0,749.192,13.378
3189,falling,1,,,,,null,,,
3190,falling,1,,,,,null,,,
3191,falling,1,,,,,null,,,
3192,falling,1,725,250,23862,93.08,sam2,0.0,0.0,0.0
3193,falling,1,,,,,null,,,
3194,falling,1,,,,,null,,,
3195,falling,1,,,,,null,,,
3196,falling,1,725,250,23836,92.98,sam2,0.0,0.0,0.0
3197,falling,1,,,,,null,,,
3198,falling,1,,,,,null,,,
3199,falling,1,,,,,null,,,
3200,falling,1,725,250,23772,92.73,sam2,0.0,0.0,0.0
3201,falling,1,,,,,null,,,
3202,falling,1,,,,,null,,,
3203,falling,1,,,,,null,,,
3204,falling,1,725,250,23848,93.03,sam2,0.0,0.0,0.0
3205,falling,1,,,,,null,,,
3206,falling,1,,,,,null,,,
3207,falling,1,,,,,null,,,
3208,falling,1,725,250,23760,92.68,sam2,0.0,0.0,0.0
3209,falling,1,,,,,null,,,
3210,falling,1,,,,,null,,,
3211,falling,1,,,,,null,,,
3212,falling,1,725,250,23863,93.08,sam2,0.0,0.0,0.0
3213,falling,1,,,,,null,,,
3214,falling,1,,,,,null,,,
3215,falling,1,,,,,null,,,
3216,falling,1,725,250,23917,93.29,sam2,0.0,0.0,0.0
3217,falling,1,,,,,null,,,
3218,falling,1,,,,,null,,,
3219,falling,1,,,,,null,,,
3220,falling,1,725,250,24033,93.75,sam2,0.0,0.0,0.0
3221,falling,1,,,,,null,,,
3222,falling,1,,,,,null,,,
3223,falling,1,,,,,null,,,
3224,falling,1,725,249,23836,92.98,sam2,1.0,749.192,13.378
3225,falling,1,,,,,null,,,
3226,falling,1,,,,,null,,,
3227,falling,1,,,,,null,,,
3228,falling,1,725,250,23899,93.22,sam2,1.0,749.192,13.378
3229,falling,1,,,,,null,,,
3230,falling,1,,,,,null,,,
3231,falling,1,,,,,null,,,
3232,falling,1,725,249,23803,92.85,sam2,1.0,749.192,13.378
3233,falling,1,,,,,null,,,
3234,falling,1,,,,,null,,,
3235,falling,1,,,,,null,,,
3236,falling,1,725,250,23858,93.06,sam2,1.0,749.192,13.378
3237,falling,1,,,,,null,,,
3238,falling,1,,,,,null,,,
3239,falling,1,,,,,null,,,
3240,falling,1,724,250,23926,93.33,sam2,1.0,749.192,13.378
3241,falling,1,,,,,null,,,
3242,falling,1,,,,,null,,,
3243,falling,1,,,,,null,,,
3244,falling,1,724,250,23793,92.81,sam2,0.0,0.0,0.0
3245,falling,1,,,,,null,,,
3246,falling,1,,,,,null,,,
3247,falling,1,,,,,null,,,
3248,falling,1,724,250,23930,93.35,sam2,0.0,0.0,0.0
3249,falling,1,,,,,null,,,
3250,falling,1,,,,,null,,,
3251,falling,1,,,,,null,,,
3252,falling,1,724,249,23580,91.98,sam2,1.0,749.192,13.378
3253,falling,1,,,,,null,,,
3254,falling,1,,,,,null,,,
3255,falling,1,,,,,null,,,
3256,falling,1,724,250,23743,92.62,sam2,1.0,749.192,13.378
3257,falling,1,,,,,null,,,
3258,falling,1,,,,,null,,,
3259,falling,1,,,,,null,,,
3260,falling,1,724,250,23916,93.29,sam2,0.0,0.0,0.0
3261,falling,1,,,,,null,,,
3262,falling,1,,,,,null,,,
3263,falling,1,,,,,null,,,
3264,falling,1,724,250,23946,93.41,sam2,0.0,0.0,0.0
3265,falling,1,,,,,null,,,
3266,falling,1,,,,,null,,,
3267,falling,1,,,,,null,,,
3268,falling,1,724,250,23764,92.7,sam2,0.0,0.0,0.0
3269,falling,1,,,,,null,,,
3270,falling,1,,,,,null,,,
3271,falling,1,,,,,null,,,
3272,falling,1,724,250,23782,92.77,sam2,0.0,0.0,0.0
3273,falling,1,,,,,null,,,
3274,falling,1,,,,,null,,,
3275,falling,1,,,,,null,,,
3276,falling,1,724,249,23788,92.79,sam2,1.0,749.192,13.378
3277,falling,1,,,,,null,,,
3278,falling,1,,,,,null,,,
3279,falling,1,,,,,null,,,
3280,falling,1,724,250,23919,93.3,sam2,1.0,749.192,13.378
3281,falling,1,,,,,null,,,
3282,falling,1,,,,,null,,,
3283,falling,1,,,,,null,,,
3284,falling,1,724,249,23771,92.73,sam2,1.0,749.192,13.378
3285,falling,1,,,,,null,,,
3286,falling,1,,,,,null,,,
3287,falling,1,,,,,null,,,
3288,falling,1,724,250,23862,93.08,sam2,1.0,749.192,13.378
3289,falling,1,,,,,null,,,
3290,falling,1,,,,,null,,,
3291,falling,1,,,,,null,,,
3292,falling,1,724,249,23697,92.44,sam2,1.0,749.192,13.378
3293,falling,1,,,,,null,,,
3294,falling,1,,,,,null,,,
3295,falling,1,,,,,null,,,
3296,falling,1,724,250,23752,92.65,sam2,1.0,749.192,13.378
3297,falling,1,,,,,null,,,
3298,falling,1,,,,,null,,,
3299,falling,1,,,,,null,,,
3300,falling,1,724,250,23701,92.45,sam2,0.0,0.0,0.0
3301,falling,1,,,,,null,,,
3302,falling,1,,,,,null,,,
3303,falling,1,,,,,null,,,
3304,falling,1,724,250,23775,92.74,sam2,0.0,0.0,0.0
3305,falling,1,,,,,null,,,
3306,falling,1,,,,,null,,,
3307,falling,1,,,,,null,,,
3308,falling,1,725,250,23944,93.4,sam2,1.0,749.192,13.378
3309,falling,1,,,,,null,,,
3310,falling,1,,,,,null,,,
3311,falling,1,,,,,null,,,
3312,falling,1,725,250,23722,92.53,sam2,0.0,0.0,0.0
3313,falling,1,,,,,null,,,
3314,falling,1,,,,,null,,,
3315,falling,1,,,,,null,,,
3316,falling,1,725,249,23729,92.56,sam2,1.0,749.192,13.378
3317,falling,1,,,,,null,,,
3318,falling,1,,,,,null,,,
3319,falling,1,,,,,null,,,
3320,falling,1,725,249,23680,92.37,sam2,0.0,0.0,0.0
3321,falling,1,,,,,null,,,
3322,falling,1,,,,,null,,,
3323,falling,1,,,,,null,,,
3324,falling,1,725,249,23741,92.61,sam2,0.0,0.0,0.0
3325,falling,1,,,,,null,,,
3326,falling,1,,,,,null,,,
3327,falling,1,,,,,null,,,
3328,falling,1,725,249,23648,92.25,sam2,0.0,0.0,0.0
3329,falling,1,,,,,null,,,
3330,falling,1,,,,,null,,,
3331,falling,1,,,,,null,,,
3332,falling,1,725,249,23647,92.24,sam2,0.0,0.0,0.0
3333,falling,1,,,,,null,,,
3334,falling,1,,,,,null,,,
3335,falling,1,,,,,null,,,
3336,falling,1,725,250,23863,93.08,sam2,1.0,749.192,13.378
3337,falling,1,,,,,null,,,
3338,falling,1,,,,,null,,,
3339,falling,1,,,,,null,,,
3340,falling,1,725,250,23876,93.13,sam2,0.0,0.0,0.0
3341,falling,1,,,,,null,,,
3342,falling,1,,,,,null,,,
3343,falling,1,,,,,null,,,
3344,falling,1,725,250,23903,93.24,sam2,0.0,0.0,0.0
3345,falling,1,,,,,null,,,
3346,falling,1,,,,,null,,,
3347,falling,1,,,,,null,,,
3348,falling,1,725,250,23940,93.38,sam2,0.0,0.0,0.0
3349,falling,1,,,,,null,,,
3350,falling,1,,,,,null,,,
3351,falling,1,,,,,null,,,
3352,falling,1,725,250,23765,92.7,sam2,0.0,0.0,0.0
3353,falling,1,,,,,null,,,
3354,falling,1,,,,,null,,,
3355,falling,1,,,,,null,,,
3356,falling,1,725,250,23699,92.44,sam2,0.0,0.0,0.0
3357,falling,1,,,,,null,,,
3358,falling,1,,,,,null,,,
3359,falling,1,,,,,null,,,
3360,falling,1,724,250,23733,92.58,sam2,1.0,749.192,13.378
3361,falling,1,,,,,null,,,
3362,falling,1,,,,,null,,,
3363,falling,1,,,,,null,,,
3364,falling,1,724,250,23828,92.95,sam2,0.0,0.0,0.0
3365,falling,1,,,,,null,,,
3366,falling,1,,,,,null,,,
3367,falling,1,,,,,null,,,
3368,falling,1,724,250,23841,93.0,sam2,0.0,0.0,0.0
3369,falling,1,,,,,null,,,
3370,falling,1,,,,,null,,,
3371,falling,1,,,,,null,,,
3372,falling,1,724,250,23894,93.2,sam2,0.0,0.0,0.0
3373,falling,1,,,,,null,,,
3374,falling,1,,,,,null,,,
3375,falling,1,,,,,null,,,
3376,falling,1,724,250,23851,93.04,sam2,0.0,0.0,0.0
3377,falling,1,,,,,null,,,
3378,falling,1,,,,,null,,,
3379,falling,1,,,,,null,,,
3380,falling,1,724,249,23726,92.55,sam2,1.0,749.192,13.378
3381,falling,1,,,,,null,,,
3382,falling,1,,,,,null,,,
3383,falling,1,,,,,null,,,
3384,falling,1,724,250,23844,93.01,sam2,1.0,749.192,13.378
3385,falling,1,,,,,null,,,
3386,falling,1,,,,,null,,,
3387,falling,1,,,,,null,,,
3388,falling,1,724,250,23807,92.87,sam2,0.0,0.0,0.0
3389,falling,1,,,,,null,,,
3390,falling,1,,,,,null,,,
3391,falling,1,,,,,null,,,
3392,falling,1,724,250,23733,92.58,sam2,0.0,0.0,0.0
3393,falling,1,,,,,null,,,
3394,falling,1,,,,,null,,,
3395,falling,1,,,,,null,,,
3396,falling,1,724,250,23895,93.21,sam2,0.0,0.0,0.0
3397,falling,1,,,,,null,,,
3398,falling,1,,,,,null,,,
3399,falling,1,,,,,null,,,
3400,falling,1,724,250,23995,93.6,sam2,0.0,0.0,0.0
3401,falling,1,,,,,null,,,
3402,falling,1,,,,,null,,,
3403,falling,1,,,,,null,,,
3404,falling,1,724,250,23732,92.57,sam2,0.0,0.0,0.0
3405,falling,1,,,,,null,,,
3406,falling,1,,,,,null,,,
3407,falling,1,,,,,null,,,
3408,falling,1,724,250,23962,93.47,sam2,0.0,0.0,0.0
3409,falling,1,,,,,null,,,
3410,falling,1,,,,,null,,,
3411,falling,1,,,,,null,,,
3412,falling,1,724,250,23926,93.33,sam2,0.0,0.0,0.0
3413,falling,1,,,,,null,,,
3414,falling,1,,,,,null,,,
3415,falling,1,,,,,null,,,
3416,falling,1,724,250,23811,92.88,sam2,0.0,0.0,0.0
3417,falling,1,,,,,null,,,
3418,falling,1,,,,,null,,,
3419,falling,1,,,,,null,,,
3420,falling,1,724,250,23944,93.4,sam2,0.0,0.0,0.0
3421,falling,1,,,,,null,,,
3422,falling,1,,,,,null,,,
3423,falling,1,,,,,null,,,
3424,falling,1,724,250,23855,93.05,sam2,0.0,0.0,0.0
3425,falling,1,,,,,null,,,
3426,falling,1,,,,,null,,,
3427,falling,1,,,,,null,,,
3428,falling,1,724,250,23924,93.32,sam2,0.0,0.0,0.0
3429,falling,1,,,,,null,,,
3430,falling,1,,,,,null,,,
3431,falling,1,,,,,null,,,
3432,falling,1,724,250,24052,93.82,sam2,0.0,0.0,0.0
3433,falling,1,,,,,null,,,
3434,falling,1,,,,,null,,,
3435,falling,1,,,,,null,,,
3436,falling,1,724,250,23919,93.3,sam2,0.0,0.0,0.0
3437,falling,1,,,,,null,,,
3438,falling,1,,,,,null,,,
3439,falling,1,,,,,null,,,
3440,falling,1,725,249,23697,92.44,sam2,1.414,1059.517,18.92
3441,falling,1,,,,,null,,,
3442,falling,1,,,,,null,,,
3443,falling,1,,,,,null,,,
3444,falling,1,725,250,23873,93.12,sam2,1.0,749.192,13.378
3445,falling,1,,,,,null,,,
3446,falling,1,,,,,null,,,
3447,falling,1,,,,,null,,,
3448,falling,1,725,250,23833,92.97,sam2,0.0,0.0,0.0
3449,falling,1,,,,,null,,,
3450,falling,1,,,,,null,,,
3451,falling,1,,,,,null,,,
3452,falling,1,725,249,23681,92.37,sam2,1.0,749.192,13.378
3453,falling,1,,,,,null,,,
3454,falling,1,,,,,null,,,
3455,falling,1,,,,,null,,,
3456,falling,1,725,250,23774,92.74,sam2,1.0,749.192,13.378
3457,falling,1,,,,,null,,,
3458,falling,1,,,,,null,,,
3459,falling,1,,,,,null,,,
3460,falling,1,725,250,23952,93.43,sam2,0.0,0.0,0.0
3461,falling,1,,,,,null,,,
3462,falling,1,,,,,null,,,
3463,falling,1,,,,,null,,,
3464,falling,1,725,250,23815,92.9,sam2,0.0,0.0,0.0
3465,falling,1,,,,,null,,,
3466,falling,1,,,,,null,,,
3467,falling,1,,,,,null,,,
3468,falling,1,725,250,23940,93.38,sam2,0.0,0.0,0.0
3469,falling,1,,,,,null,,,
3470,falling,1,,,,,null,,,
3471,falling,1,,,,,null,,,
3472,falling,1,725,250,23849,93.03,sam2,0.0,0.0,0.0
3473,falling,1,,,,,null,,,
3474,falling,1,,,,,null,,,
3475,falling,1,,,,,null,,,
3476,falling,1,725,250,24022,93.7,sam2,0.0,0.0,0.0
3477,falling,1,,,,,null,,,
3478,falling,1,,,,,null,,,
3479,falling,1,,,,,null,,,
3480,falling,1,725,250,24086,93.95,sam2,0.0,0.0,0.0
3481,falling,1,,,,,null,,,
3482,falling,1,,,,,null,,,
3483,falling,1,,,,,null,,,
3484,falling,1,725,250,23936,93.37,sam2,0.0,0.0,0.0
3485,falling,1,,,,,null,,,
3486,falling,1,,,,,null,,,
3487,falling,1,,,,,null,,,
3488,falling,1,725,250,23927,93.33,sam2,0.0,0.0,0.0
3489,falling,1,,,,,null,,,
3490,falling,1,,,,,null,,,
3491,falling,1,,,,,null,,,
3492,falling,1,725,250,23832,92.96,sam2,0.0,0.0,0.0
3493,falling,1,,,,,null,,,
3494,falling,1,,,,,null,,,
3495,falling,1,,,,,null,,,
3496,falling,1,724,250,23913,93.28,sam2,1.0,749.192,13.378
3497,falling,1,,,,,null,,,
3498,falling,1,,,,,null,,,
3499,falling,1,,,,,null,,,
3500,falling,1,724,250,23972,93.51,sam2,0.0,0.0,0.0
3501,falling,1,,,,,null,,,
3502,falling,1,,,,,null,,,
3503,falling,1,,,,,null,,,
3504,falling,1,724,250,23883,93.16,sam2,0.0,0.0,0.0
3505,falling,1,,,,,null,,,
3506,falling,1,,,,,null,,,
3507,falling,1,,,,,null,,,
3508,falling,1,724,250,23872,93.12,sam2,0.0,0.0,0.0
3509,falling,1,,,,,null,,,
3510,falling,1,,,,,null,,,
3511,falling,1,,,,,null,,,
3512,falling,1,724,250,23808,92.87,sam2,0.0,0.0,0.0
3513,falling,1,,,,,null,,,
3514,falling,1,,,,,null,,,
3515,falling,1,,,,,null,,,
3516,falling,1,724,249,23752,92.65,sam2,1.0,749.192,13.378
3517,falling,1,,,,,null,,,
3518,falling,1,,,,,null,,,
3519,falling,1,,,,,null,,,
3520,falling,1,724,250,23902,93.24,sam2,1.0,749.192,13.378
3521,falling,1,,,,,null,,,
3522,falling,1,,,,,null,,,
3523,falling,1,,,,,null,,,
3524,falling,1,724,249,23684,92.39,sam2,1.0,749.192,13.378
3525,falling,1,,,,,null,,,
3526,falling,1,,,,,null,,,
3527,falling,1,,,,,null,,,
3528,falling,1,724,250,23760,92.68,sam2,1.0,749.192,13.378
3529,falling,1,,,,,null,,,
3530,falling,1,,,,,null,,,
3531,falling,1,,,,,null,,,
3532,falling,1,724,250,23747,92.63,sam2,0.0,0.0,0.0
3533,falling,1,,,,,null,,,
3534,falling,1,,,,,null,,,
3535,falling,1,,,,,null,,,
3536,falling,1,724,250,23866,93.1,sam2,0.0,0.0,0.0
3537,falling,1,,,,,null,,,
3538,falling,1,,,,,null,,,
3539,falling,1,,,,,null,,,
3540,falling,1,724,250,23898,93.22,sam2,0.0,0.0,0.0
3541,falling,1,,,,,null,,,
3542,falling,1,,,,,null,,,
3543,falling,1,,,,,null,,,
3544,falling,1,724,250,24027,93.72,sam2,0.0,0.0,0.0
3545,falling,1,,,,,null,,,
3546,falling,1,,,,,null,,,
3547,falling,1,,,,,null,,,
3548,falling,1,724,250,23912,93.28,sam2,0.0,0.0,0.0
3549,falling,1,,,,,null,,,
3550,falling,1,,,,,null,,,
3551,falling,1,,,,,null,,,
3552,falling,1,724,250,23784,92.78,sam2,0.0,0.0,0.0
3553,falling,1,,,,,null,,,
3554,falling,1,,,,,null,,,
3555,falling,1,,,,,null,,,
3556,falling,1,724,250,23910,93.27,sam2,0.0,0.0,0.0
3557,falling,1,,,,,null,,,
3558,falling,1,,,,,null,,,
3559,falling,1,,,,,null,,,
3560,falling,1,724,250,24014,93.67,sam2,0.0,0.0,0.0
3561,falling,1,,,,,null,,,
3562,falling,1,,,,,null,,,
3563,falling,1,,,,,null,,,
3564,falling,1,724,250,23892,93.2,sam2,0.0,0.0,0.0
3565,falling,1,,,,,null,,,
3566,falling,1,,,,,null,,,
3567,falling,1,,,,,null,,,
3568,falling,1,725,250,23998,93.61,sam2,1.0,749.192,13.378
3569,falling,1,,,,,null,,,
3570,falling,1,,,,,null,,,
3571,falling,1,,,,,null,,,
3572,falling,1,725,250,23884,93.17,sam2,0.0,0.0,0.0
3573,falling,1,,,,,null,,,
3574,falling,1,,,,,null,,,
3575,falling,1,,,,,null,,,
3576,falling,1,725,250,23941,93.39,sam2,0.0,0.0,0.0
3577,falling,1,,,,,null,,,
3578,falling,1,,,,,null,,,
3579,falling,1,,,,,null,,,
3580,falling,1,725,250,23986,93.56,sam2,0.0,0.0,0.0
3581,falling,1,,,,,null,,,
3582,falling,1,,,,,null,,,
3583,falling,1,,,,,null,,,
3584,falling,1,725,250,23876,93.13,sam2,0.0,0.0,0.0
3585,falling,1,,,,,null,,,
3586,falling,1,,,,,null,,,
3587,falling,1,,,,,null,,,
3588,falling,1,725,249,23685,92.39,sam2,1.0,749.192,13.378
3589,falling,1,,,,,null,,,
3590,falling,1,,,,,null,,,
3591,falling,1,,,,,null,,,
3592,falling,1,725,250,24124,94.1,sam2,1.0,749.192,13.378
3593,falling,1,,,,,null,,,
3594,falling,1,,,,,null,,,
3595,falling,1,,,,,null,,,
3596,falling,1,725,250,23920,93.31,sam2,0.0,0.0,0.0
3597,falling,1,,,,,null,,,
3598,falling,1,,,,,null,,,
3599,falling,1,,,,,null,,,
3600,falling,1,725,250,24143,94.18,sam2,0.0,0.0,0.0
3601,falling,1,,,,,null,,,
3602,falling,1,,,,,null,,,
3603,falling,1,,,,,null,,,
3604,falling,1,725,250,23917,93.29,sam2,0.0,0.0,0.0
3605,falling,1,,,,,null,,,
3606,falling,1,,,,,null,,,
3607,falling,1,,,,,null,,,
3608,falling,1,725,250,23883,93.16,sam2,0.0,0.0,0.0
3609,falling,1,,,,,null,,,
3610,falling,1,,,,,null,,,
3611,falling,1,,,,,null,,,
3612,falling,1,725,250,23794,92.81,sam2,0.0,0.0,0.0
3613,falling,1,,,,,null,,,
3614,falling,1,,,,,null,,,
3615,falling,1,,,,,null,,,
3616,falling,1,724,250,23856,93.06,sam2,1.0,749.192,13.378
3617,falling,1,,,,,null,,,
3618,falling,1,,,,,null,,,
3619,falling,1,,,,,null,,,
3620,falling,1,725,250,23830,92.96,sam2,1.0,749.192,13.378
3621,falling,1,,,,,null,,,
3622,falling,1,,,,,null,,,
3623,falling,1,,,,,null,,,
3624,falling,1,724,250,23874,93.13,sam2,1.0,749.192,13.378
3625,falling,1,,,,,null,,,
3626,falling,1,,,,,null,,,
3627,falling,1,,,,,null,,,
3628,falling,1,724,250,23940,93.38,sam2,0.0,0.0,0.0
3629,falling,1,,,,,null,,,
3630,falling,1,,,,,null,,,
3631,falling,1,,,,,null,,,
3632,falling,1,724,250,23955,93.44,sam2,0.0,0.0,0.0
3633,falling,1,,,,,null,,,
3634,falling,1,,,,,null,,,
3635,falling,1,,,,,null,,,
3636,falling,1,724,250,23990,93.58,sam2,0.0,0.0,0.0
3637,falling,1,,,,,null,,,
3638,falling,1,,,,,null,,,
3639,falling,1,,,,,null,,,
3640,spreading,1,724,250,23808,92.87,sam2,0.0,0.0,0.0
3641,spreading,1,,,,,null,,,
3642,spreading,1,,,,,null,,,
3643,spreading,1,,,,,null,,,
3644,spreading,1,724,250,23849,93.03,sam2,0.0,0.0,0.0
3645,spreading,1,,,,,null,,,
3646,spreading,1,,,,,null,,,
3647,spreading,1,,,,,null,,,
3648,spreading,1,724,250,23889,93.19,sam2,0.0,0.0,0.0
3649,spreading,1,,,,,null,,,
3650,spreading,1,,,,,null,,,
3651,spreading,1,,,,,null,,,
3652,spreading,1,724,250,23850,93.03,sam2,0.0,0.0,0.0
3653,spreading,1,,,,,null,,,
3654,spreading,1,,,,,null,,,
3655,spreading,1,,,,,null,,,
3656,spreading,1,724,250,23720,92.53,sam2,0.0,0.0,0.0
3657,spreading,1,,,,,null,,,
3658,spreading,1,,,,,null,,,
3659,spreading,1,,,,,null,,,
3660,spreading,1,724,250,23779,92.76,sam2,0.0,0.0,0.0
3661,spreading,1,,,,,null,,,
3662,spreading,1,,,,,null,,,
3663,spreading,1,,,,,null,,,
3664,spreading,1,724,250,24003,93.63,sam2,0.0,0.0,0.0
3665,spreading,1,,,,,null,,,
3666,spreading,1,,,,,null,,,
3667,spreading,1,,,,,null,,,
3668,spreading,1,724,250,23865,93.09,sam2,0.0,0.0,0.0
3669,spreading,1,,,,,null,,,
3670,spreading,1,,,,,null,,,
3671,spreading,1,,,,,null,,,
3672,spreading,1,724,250,23993,93.59,sam2,0.0,0.0,0.0
3673,spreading,1,,,,,null,,,
3674,spreading,1,,,,,null,,,
3675,spreading,1,,,,,null,,,
3676,spreading,1,724,249,23691,92.41,sam2,1.0,749.192,13.378
3677,spreading,1,,,,,null,,,
3678,spreading,1,,,,,null,,,
3679,spreading,1,,,,,null,,,
3680,spreading,1,724,250,23802,92.85,sam2,1.0,749.192,13.378
3681,spreading,1,,,,,null,,,
3682,spreading,1,,,,,null,,,
3683,spreading,1,,,,,null,,,
3684,spreading,1,724,250,24133,94.14,sam2,0.0,0.0,0.0
3685,spreading,1,,,,,null,,,
3686,spreading,1,,,,,null,,,
3687,spreading,1,,,,,null,,,
3688,spreading,1,724,250,23838,92.99,sam2,0.0,0.0,0.0
3689,spreading,1,,,,,null,,,
3690,spreading,1,,,,,null,,,
3691,spreading,1,,,,,null,,,
3692,spreading,1,725,249,23603,92.07,sam2,1.414,1059.517,18.92
3693,spreading,1,,,,,null,,,
3694,spreading,1,,,,,null,,,
3695,spreading,1,,,,,null,,,
3696,spreading,1,725,250,24009,93.65,sam2,1.0,749.192,13.378
3697,spreading,1,,,,,null,,,
3698,spreading,1,,,,,null,,,
3699,spreading,1,,,,,null,,,
3700,spreading,1,725,250,23877,93.14,sam2,0.0,0.0,0.0
3701,spreading,1,,,,,null,,,
3702,spreading,1,,,,,null,,,
3703,spreading,1,,,,,null,,,
3704,spreading,1,725,249,23666,92.32,sam2,1.0,749.192,13.378
3705,spreading,1,,,,,null,,,
3706,spreading,1,,,,,null,,,
3707,spreading,1,,,,,null,,,
3708,spreading,1,725,250,23760,92.68,sam2,1.0,749.192,13.378
3709,spreading,1,,,,,null,,,
3710,spreading,1,,,,,null,,,
3711,spreading,1,,,,,null,,,
3712,spreading,1,725,250,23837,92.98,sam2,0.0,0.0,0.0
3713,spreading,1,,,,,null,,,
3714,spreading,1,,,,,null,,,
3715,spreading,1,,,,,null,,,
3716,spreading,1,725,250,23770,92.72,sam2,0.0,0.0,0.0
3717,spreading,1,,,,,null,,,
3718,spreading,1,,,,,null,,,
3719,spreading,1,,,,,null,,,
3720,spreading,1,725,250,23768,92.71,sam2,0.0,0.0,0.0
3721,spreading,1,,,,,null,,,
3722,spreading,1,,,,,null,,,
3723,spreading,1,,,,,null,,,
3724,spreading,1,725,250,23922,93.31,sam2,0.0,0.0,0.0
3725,spreading,1,,,,,null,,,
3726,spreading,1,,,,,null,,,
3727,spreading,1,,,,,null,,,
3728,spreading,1,725,250,23833,92.97,sam2,0.0,0.0,0.0
3729,spreading,1,,,,,null,,,
3730,spreading,1,,,,,null,,,
3731,spreading,1,,,,,null,,,
3732,spreading,1,725,250,23848,93.03,sam2,0.0,0.0,0.0
3733,spreading,1,,,,,null,,,
3734,spreading,1,,,,,null,,,
3735,spreading,1,,,,,null,,,
3736,spreading,1,725,250,23803,92.85,sam2,0.0,0.0,0.0
3737,spreading,1,,,,,null,,,
3738,spreading,1,,,,,null,,,
3739,spreading,1,,,,,null,,,
3740,spreading,1,725,249,23705,92.47,sam2,1.0,749.192,13.378
3741,spreading,1,,,,,null,,,
3742,spreading,1,,,,,null,,,
3743,spreading,1,,,,,null,,,
3744,spreading,1,725,250,23812,92.89,sam2,1.0,749.192,13.378
3745,spreading,1,,,,,null,,,
3746,spreading,1,,,,,null,,,
3747,spreading,1,,,,,null,,,
3748,spreading,1,724,250,24051,93.82,sam2,1.0,749.192,13.378
3749,spreading,1,,,,,null,,,
3750,spreading,1,,,,,null,,,
3751,spreading,1,,,,,null,,,
3752,spreading,1,724,250,23733,92.58,sam2,0.0,0.0,0.0
3753,spreading,1,,,,,null,,,
3754,spreading,1,,,,,null,,,
3755,spreading,1,,,,,null,,,
3756,spreading,1,724,250,23850,93.03,sam2,0.0,0.0,0.0
3757,spreading,1,,,,,null,,,
3758,spreading,1,,,,,null,,,
3759,spreading,1,,,,,null,,,
3760,spreading,1,724,250,24061,93.86,sam2,0.0,0.0,0.0
3761,spreading,1,,,,,null,,,
3762,spreading,1,,,,,null,,,
3763,spreading,1,,,,,null,,,
3764,spreading,1,724,250,24057,93.84,sam2,0.0,0.0,0.0
3765,spreading,1,,,,,null,,,
3766,spreading,1,,,,,null,,,
3767,spreading,1,,,,,null,,,
3768,spreading,1,724,250,23892,93.2,sam2,0.0,0.0,0.0
3769,spreading,1,,,,,null,,,
3770,spreading,1,,,,,null,,,
3771,spreading,1,,,,,null,,,
3772,spreading,1,724,250,23976,93.52,sam2,0.0,0.0,0.0
3773,spreading,1,,,,,null,,,
3774,spreading,1,,,,,null,,,
3775,spreading,1,,,,,null,,,
3776,spreading,1,724,250,23801,92.84,sam2,0.0,0.0,0.0
3777,spreading,1,,,,,null,,,
3778,spreading,1,,,,,null,,,
3779,spreading,1,,,,,null,,,
3780,spreading,1,724,250,23904,93.24,sam2,0.0,0.0,0.0
3781,spreading,1,,,,,null,,,
3782,spreading,1,,,,,null,,,
3783,spreading,1,,,,,null,,,
3784,spreading,1,724,250,23973,93.51,sam2,0.0,0.0,0.0
3785,spreading,1,,,,,null,,,
3786,spreading,1,,,,,null,,,
3787,spreading,1,,,,,null,,,
3788,spreading,1,724,250,23900,93.23,sam2,0.0,0.0,0.0
3789,spreading,1,,,,,null,,,
3790,spreading,1,,,,,null,,,
3791,spreading,1,,,,,null,,,
3792,spreading,1,724,250,23775,92.74,sam2,0.0,0.0,0.0
3793,spreading,1,,,,,null,,,
3794,spreading,1,,,,,null,,,
3795,spreading,1,,,,,null,,,
3796,spreading,1,724,250,23915,93.29,sam2,0.0,0.0,0.0
3797,spreading,1,,,,,null,,,
3798,spreading,1,,,,,null,,,
3799,spreading,1,,,,,null,,,
3800,spreading,1,724,250,23941,93.39,sam2,0.0,0.0,0.0
3801,spreading,1,,,,,null,,,
3802,spreading,1,,,,,null,,,
3803,spreading,1,,,,,null,,,
3804,spreading,1,724,250,23782,92.77,sam2,0.0,0.0,0.0
3805,spreading,1,,,,,null,,,
3806,spreading,1,,,,,null,,,
3807,spreading,1,,,,,null,,,
3808,spreading,1,724,250,24072,93.9,sam2,0.0,0.0,0.0
3809,spreading,1,,,,,null,,,
3810,spreading,1,,,,,null,,,
3811,spreading,1,,,,,null,,,
3812,spreading,1,724,250,23903,93.24,sam2,0.0,0.0,0.0
3813,spreading,1,,,,,null,,,
3814,spreading,1,,,,,null,,,
3815,spreading,1,,,,,null,,,
3816,spreading,1,724,250,23755,92.66,sam2,0.0,0.0,0.0
3817,spreading,1,,,,,null,,,
3818,spreading,1,,,,,null,,,
3819,spreading,1,,,,,null,,,
3820,spreading,1,724,250,24065,93.87,sam2,0.0,0.0,0.0
3821,spreading,1,,,,,null,,,
3822,spreading,1,,,,,null,,,
3823,spreading,1,,,,,null,,,
3824,spreading,1,724,250,24018,93.69,sam2,0.0,0.0,0.0
3825,spreading,1,,,,,null,,,
3826,spreading,1,,,,,null,,,
3827,spreading,1,,,,,null,,,
3828,spreading,1,725,250,23764,92.7,sam2,1.0,749.192,13.378
3829,spreading,1,,,,,null,,,
3830,spreading,1,,,,,null,,,
3831,spreading,1,,,,,null,,,
3832,spreading,1,724,250,23924,93.32,sam2,1.0,749.192,13.378
3833,spreading,1,,,,,null,,,
3834,spreading,1,,,,,null,,,
3835,spreading,1,,,,,null,,,
3836,spreading,1,725,250,23754,92.66,sam2,1.0,749.192,13.378
3837,spreading,1,,,,,null,,,
3838,spreading,1,,,,,null,,,
3839,spreading,1,,,,,null,,,
3840,spreading,1,725,250,23737,92.59,sam2,0.0,0.0,0.0
3841,spreading,1,,,,,null,,,
3842,spreading,1,,,,,null,,,
3843,spreading,1,,,,,null,,,
3844,spreading,1,725,250,23750,92.64,sam2,0.0,0.0,0.0
3845,spreading,1,,,,,null,,,
3846,spreading,1,,,,,null,,,
3847,spreading,1,,,,,null,,,
3848,spreading,1,725,250,23921,93.31,sam2,0.0,0.0,0.0
3849,spreading,1,,,,,null,,,
3850,spreading,1,,,,,null,,,
3851,spreading,1,,,,,null,,,
3852,spreading,1,725,250,23788,92.79,sam2,0.0,0.0,0.0
3853,spreading,1,,,,,null,,,
3854,spreading,1,,,,,null,,,
3855,spreading,1,,,,,null,,,
3856,spreading,1,725,250,23808,92.87,sam2,0.0,0.0,0.0
3857,spreading,1,,,,,null,,,
3858,spreading,1,,,,,null,,,
3859,spreading,1,,,,,null,,,
3860,spreading,1,725,250,23974,93.52,sam2,0.0,0.0,0.0
3861,spreading,1,,,,,null,,,
3862,spreading,1,,,,,null,,,
3863,spreading,1,,,,,null,,,
3864,spreading,1,725,250,23749,92.64,sam2,0.0,0.0,0.0
3865,spreading,1,,,,,null,,,
3866,spreading,1,,,,,null,,,
3867,spreading,1,,,,,null,,,
3868,spreading,1,725,250,23887,93.18,sam2,0.0,0.0,0.0
3869,spreading,1,,,,,null,,,
3870,spreading,1,,,,,null,,,
3871,spreading,1,,,,,null,,,
3872,spreading,1,725,250,23996,93.6,sam2,0.0,0.0,0.0
3873,spreading,1,,,,,null,,,
3874,spreading,1,,,,,null,,,
3875,spreading,1,,,,,null,,,
3876,spreading,1,725,250,23704,92.46,sam2,0.0,0.0,0.0
3877,spreading,1,,,,,null,,,
3878,spreading,1,,,,,null,,,
3879,spreading,1,,,,,null,,,
3880,spreading,1,724,250,23949,93.42,sam2,1.0,749.192,13.378
3881,spreading,1,,,,,null,,,
3882,spreading,1,,,,,null,,,
3883,spreading,1,,,,,null,,,
3884,spreading,1,724,250,23793,92.81,sam2,0.0,0.0,0.0
3885,spreading,1,,,,,null,,,
3886,spreading,1,,,,,null,,,
3887,spreading,1,,,,,null,,,
3888,spreading,1,724,250,23772,92.73,sam2,0.0,0.0,0.0
3889,spreading,1,,,,,null,,,
3890,spreading,1,,,,,null,,,
3891,spreading,1,,,,,null,,,
3892,spreading,1,724,250,23743,92.62,sam2,0.0,0.0,0.0
3893,spreading,1,,,,,null,,,
3894,spreading,1,,,,,null,,,
3895,spreading,1,,,,,null,,,
3896,spreading,1,724,250,23743,92.62,sam2,0.0,0.0,0.0
3897,spreading,1,,,,,null,,,
3898,spreading,1,,,,,null,,,
3899,spreading,1,,,,,null,,,
3900,spreading,1,724,250,23743,92.62,sam2,0.0,0.0,0.0
3901,spreading,1,,,,,null,,,
3902,spreading,1,,,,,null,,,
3903,spreading,1,,,,,null,,,
3904,spreading,1,724,250,23849,93.03,sam2,0.0,0.0,0.0
3905,spreading,1,,,,,null,,,
3906,spreading,1,,,,,null,,,
3907,spreading,1,,,,,null,,,
3908,spreading,1,724,250,23737,92.59,sam2,0.0,0.0,0.0
3909,spreading,1,,,,,null,,,
3910,spreading,1,,,,,null,,,
3911,spreading,1,,,,,null,,,
3912,spreading,1,724,250,23776,92.74,sam2,0.0,0.0,0.0
3913,spreading,1,,,,,null,,,
3914,spreading,1,,,,,null,,,
3915,spreading,1,,,,,null,,,
3916,spreading,1,724,250,23951,93.43,sam2,0.0,0.0,0.0
3917,spreading,1,,,,,null,,,
3918,spreading,1,,,,,null,,,
3919,spreading,1,,,,,null,,,
3920,spreading,1,724,250,23878,93.14,sam2,0.0,0.0,0.0
3921,spreading,1,,,,,null,,,
3922,spreading,1,,,,,null,,,
3923,spreading,1,,,,,null,,,
3924,spreading,1,724,250,23886,93.17,sam2,0.0,0.0,0.0
3925,spreading,1,,,,,null,,,
3926,spreading,1,,,,,null,,,
3927,spreading,1,,,,,null,,,
3928,spreading,1,724,250,23812,92.89,sam2,0.0,0.0,0.0
3929,spreading,1,,,,,null,,,
3930,spreading,1,,,,,null,,,
3931,spreading,1,,,,,null,,,
3932,spreading,1,724,250,23894,93.2,sam2,0.0,0.0,0.0
3933,spreading,1,,,,,null,,,
3934,spreading,1,,,,,null,,,
3935,spreading,1,,,,,null,,,
3936,spreading,1,724,250,23937,93.37,sam2,0.0,0.0,0.0
3937,spreading,1,,,,,null,,,
3938,spreading,1,,,,,null,,,
3939,spreading,1,,,,,null,,,
3940,spreading,1,724,250,23991,93.58,sam2,0.0,0.0,0.0
3941,rebounding,1,,,,,null,,,
3942,rebounding,1,,,,,null,,,
3943,rebounding,1,,,,,null,,,
3944,rebounding,1,724,250,23811,92.88,sam2,0.0,0.0,0.0
3945,rebounding,1,,,,,null,,,
3946,rebounding,1,,,,,null,,,
3947,rebounding,1,,,,,null,,,
3948,rebounding,1,724,250,23722,92.53,sam2,0.0,0.0,0.0
3949,rebounding,1,,,,,null,,,
3950,rebounding,1,,,,,null,,,
3951,rebounding,1,,,,,null,,,
3952,rebounding,1,725,249,23627,92.16,sam2,1.414,1059.517,18.92
3953,rebounding,1,,,,,null,,,
3954,rebounding,1,,,,,null,,,
3955,rebounding,1,,,,,null,,,
3956,rebounding,1,724,250,23868,93.1,sam2,1.414,1059.517,18.92
3957,rebounding,1,,,,,null,,,
3958,rebounding,1,,,,,null,,,
3959,rebounding,1,,,,,null,,,
3960,rebounding,1,725,250,23794,92.81,sam2,1.0,749.192,13.378
3961,rebounding,1,,,,,null,,,
3962,rebounding,1,,,,,null,,,
3963,rebounding,1,,,,,null,,,
3964,rebounding,1,725,250,23773,92.73,sam2,0.0,0.0,0.0
3965,rebounding,1,,,,,null,,,
3966,rebounding,1,,,,,null,,,
3967,rebounding,1,,,,,null,,,
3968,rebounding,1,725,249,23691,92.41,sam2,1.0,749.192,13.378
3969,rebounding,1,,,,,null,,,
3970,rebounding,1,,,,,null,,,
3971,rebounding,1,,,,,null,,,
3972,rebounding,1,725,249,23717,92.51,sam2,0.0,0.0,0.0
3973,rebounding,1,,,,,null,,,
3974,rebounding,1,,,,,null,,,
3975,rebounding,1,,,,,null,,,
3976,rebounding,1,725,250,23740,92.6,sam2,1.0,749.192,13.378
3977,rebounding,1,,,,,null,,,
3978,rebounding,1,,,,,null,,,
3979,rebounding,1,,,,,null,,,
3980,rebounding,1,725,250,23830,92.96,sam2,0.0,0.0,0.0
3981,rebounding,1,,,,,null,,,
3982,rebounding,1,,,,,null,,,
3983,rebounding,1,,,,,null,,,
3984,rebounding,1,725,250,23811,92.88,sam2,0.0,0.0,0.0
3985,rebounding,1,,,,,null,,,
3986,rebounding,1,,,,,null,,,
3987,rebounding,1,,,,,null,,,
3988,rebounding,1,725,250,23763,92.69,sam2,0.0,0.0,0.0
3989,rebounding,1,,,,,null,,,
3990,rebounding,1,,,,,null,,,
3991,rebounding,1,,,,,null,,,
3992,rebounding,1,725,250,24008,93.65,sam2,0.0,0.0,0.0
3993,rebounding,1,,,,,null,,,
3994,rebounding,1,,,,,null,,,
3995,rebounding,1,,,,,null,,,
3996,rebounding,1,725,250,23727,92.55,sam2,0.0,0.0,0.0
3997,rebounding,1,,,,,null,,,
3998,rebounding,1,,,,,null,,,
3999,rebounding,1,,,,,null,,,
4000,rebounding,1,724,250,23763,92.69,sam2,1.0,749.192,13.378
4001,rebounding,1,,,,,null,,,
4002,rebounding,1,,,,,null,,,
4003,rebounding,1,,,,,null,,,
4004,rebounding,1,724,250,23795,92.82,sam2,0.0,0.0,0.0
4005,rebounding,1,,,,,null,,,
4006,rebounding,1,,,,,null,,,
4007,rebounding,1,,,,,null,,,
4008,rebounding,1,724,250,23969,93.5,sam2,0.0,0.0,0.0
4009,rebounding,1,,,,,null,,,
4010,rebounding,1,,,,,null,,,
4011,rebounding,1,,,,,null,,,
4012,rebounding,1,724,249,23710,92.49,sam2,1.0,749.192,13.378
4013,rebounding,1,,,,,null,,,
4014,rebounding,1,,,,,null,,,
4015,rebounding,1,,,,,null,,,
4016,rebounding,1,724,250,23900,93.23,sam2,1.0,749.192,13.378
4017,rebounding,1,,,,,null,,,
4018,rebounding,1,,,,,null,,,
4019,rebounding,1,,,,,null,,,
4020,rebounding,1,724,250,24071,93.9,sam2,0.0,0.0,0.0
4021,rebounding,1,,,,,null,,,
4022,rebounding,1,,,,,null,,,
4023,rebounding,1,,,,,null,,,
4024,rebounding,1,724,250,23740,92.6,sam2,0.0,0.0,0.0
4025,rebounding,1,,,,,null,,,
4026,rebounding,1,,,,,null,,,
4027,rebounding,1,,,,,null,,,
4028,rebounding,1,724,250,23885,93.17,sam2,0.0,0.0,0.0
4029,rebounding,1,,,,,null,,,
4030,rebounding,1,,,,,null,,,
4031,rebounding,1,,,,,null,,,
4032,rebounding,1,724,249,23620,92.14,sam2,1.0,749.192,13.378
4033,rebounding,1,,,,,null,,,
4034,rebounding,1,,,,,null,,,
4035,rebounding,1,,,,,null,,,
4036,rebounding,1,724,250,23827,92.94,sam2,1.0,749.192,13.378
4037,rebounding,1,,,,,null,,,
4038,rebounding,1,,,,,null,,,
4039,rebounding,1,,,,,null,,,
4040,rebounding,1,724,250,23920,93.31,sam2,0.0,0.0,0.0
4041,rebounding,1,,,,,null,,,
4042,rebounding,1,,,,,null,,,
4043,rebounding,1,,,,,null,,,
4044,rebounding,1,724,250,23829,92.95,sam2,0.0,0.0,0.0
4045,rebounding,1,,,,,null,,,
4046,rebounding,1,,,,,null,,,
4047,rebounding,1,,,,,null,,,
4048,rebounding,1,724,250,23875,93.13,sam2,0.0,0.0,0.0
4049,rebounding,1,,,,,null,,,
4050,rebounding,1,,,,,null,,,
4051,rebounding,1,,,,,null,,,
4052,rebounding,1,724,250,23972,93.51,sam2,0.0,0.0,0.0
4053,rebounding,1,,,,,null,,,
4054,rebounding,1,,,,,null,,,
4055,rebounding,1,,,,,null,,,
4056,rebounding,1,724,250,23746,92.63,sam2,0.0,0.0,0.0
4057,rebounding,1,,,,,null,,,
4058,rebounding,1,,,,,null,,,
4059,rebounding,1,,,,,null,,,
4060,rebounding,1,724,250,23724,92.54,sam2,0.0,0.0,0.0
4061,rebounding,1,,,,,null,,,
4062,rebounding,1,,,,,null,,,
4063,rebounding,1,,,,,null,,,
4064,rebounding,1,724,250,23918,93.3,sam2,0.0,0.0,0.0
4065,rebounding,1,,,,,null,,,
4066,rebounding,1,,,,,null,,,
4067,rebounding,1,,,,,null,,,
4068,rebounding,1,724,250,23750,92.64,sam2,0.0,0.0,0.0
4069,rebounding,1,,,,,null,,,
4070,rebounding,1,,,,,null,,,
4071,rebounding,1,,,,,null,,,
4072,rebounding,1,724,250,23779,92.76,sam2,0.0,0.0,0.0
4073,rebounding,1,,,,,null,,,
4074,rebounding,1,,,,,null,,,
4075,rebounding,1,,,,,null,,,
4076,rebounding,1,724,250,23916,93.29,sam2,0.0,0.0,0.0
4077,rebounding,1,,,,,null,,,
4078,rebounding,1,,,,,null,,,
4079,rebounding,1,,,,,null,,,
4080,rebounding,1,724,250,23876,93.13,sam2,0.0,0.0,0.0
4081,rebounding,1,,,,,null,,,
4082,rebounding,1,,,,,null,,,
4083,rebounding,1,,,,,null,,,
4084,rebounding,1,724,249,23664,92.31,sam2,1.0,749.192,13.378
4085,rebounding,1,,,,,null,,,
4086,rebounding,1,,,,,null,,,
4087,rebounding,1,,,,,null,,,
4088,rebounding,1,725,250,23997,93.61,sam2,1.414,1059.517,18.92
4089,rebounding,1,,,,,null,,,
4090,rebounding,1,,,,,null,,,
4091,rebounding,1,,,,,null,,,
4092,rebounding,1,725,250,23873,93.12,sam2,0.0,0.0,0.0
4093,rebounding,1,,,,,null,,,
4094,rebounding,1,,,,,null,,,
4095,rebounding,1,,,,,null,,,
4096,rebounding,1,725,250,23857,93.06,sam2,0.0,0.0,0.0
4097,rebounding,1,,,,,null,,,
4098,rebounding,1,,,,,null,,,
4099,rebounding,1,,,,,null,,,
4100,rebounding,1,725,250,23813,92.89,sam2,0.0,0.0,0.0
4101,rebounding,1,,,,,null,,,
4102,rebounding,1,,,,,null,,,
4103,rebounding,1,,,,,null,,,
4104,rebounding,1,725,250,24014,93.67,sam2,0.0,0.0,0.0
4105,rebounding,1,,,,,null,,,
4106,rebounding,1,,,,,null,,,
4107,rebounding,1,,,,,null,,,
4108,rebounding,1,725,250,23804,92.85,sam2,0.0,0.0,0.0
4109,rebounding,1,,,,,null,,,
4110,rebounding,1,,,,,null,,,
4111,rebounding,1,,,,,null,,,
4112,rebounding,1,725,250,24003,93.63,sam2,0.0,0.0,0.0
4113,rebounding,1,,,,,null,,,
4114,rebounding,1,,,,,null,,,
4115,rebounding,1,,,,,null,,,
4116,rebounding,1,725,250,23784,92.78,sam2,0.0,0.0,0.0
4117,rebounding,1,,,,,null,,,
4118,rebounding,1,,,,,null,,,
4119,rebounding,1,,,,,null,,,
4120,rebounding,1,725,250,23970,93.5,sam2,0.0,0.0,0.0
4121,rebounding,1,,,,,null,,,
4122,rebounding,1,,,,,null,,,
4123,rebounding,1,,,,,null,,,
4124,rebounding,1,725,250,24037,93.76,sam2,0.0,0.0,0.0
4125,rebounding,1,,,,,null,,,
4126,rebounding,1,,,,,null,,,
4127,rebounding,1,,,,,null,,,
4128,rebounding,1,725,249,23689,92.41,sam2,1.0,749.192,13.378
4129,rebounding,1,,,,,null,,,
4130,rebounding,1,,,,,null,,,
4131,rebounding,1,,,,,null,,,
4132,rebounding,1,724,249,23682,92.38,sam2,1.0,749.192,13.378
4133,rebounding,1,,,,,null,,,
4134,rebounding,1,,,,,null,,,
4135,rebounding,1,,,,,null,,,
4136,rebounding,1,724,250,23836,92.98,sam2,1.0,749.192,13.378
4137,rebounding,1,,,,,null,,,
4138,rebounding,1,,,,,null,,,
4139,rebounding,1,,,,,null,,,
4140,rebounding,1,724,250,23751,92.65,sam2,0.0,0.0,0.0
4141,rebounding,1,,,,,null,,,
4142,rebounding,1,,,,,null,,,
4143,rebounding,1,,,,,null,,,
4144,rebounding,1,724,250,23938,93.38,sam2,0.0,0.0,0.0
4145,rebounding,1,,,,,null,,,
4146,rebounding,1,,,,,null,,,
4147,rebounding,1,,,,,null,,,
4148,rebounding,1,724,250,24033,93.75,sam2,0.0,0.0,0.0
4149,rebounding,1,,,,,null,,,
4150,rebounding,1,,,,,null,,,
4151,rebounding,1,,,,,null,,,
4152,rebounding,1,724,250,23856,93.06,sam2,0.0,0.0,0.0
4153,rebounding,1,,,,,null,,,
4154,rebounding,1,,,,,null,,,
4155,rebounding,1,,,,,null,,,
4156,rebounding,1,724,250,23913,93.28,sam2,0.0,0.0,0.0
4157,rebounding,1,,,,,null,,,
4158,rebounding,1,,,,,null,,,
4159,rebounding,1,,,,,null,,,
4160,rebounding,1,724,250,23870,93.11,sam2,0.0,0.0,0.0
4161,rebounding,1,,,,,null,,,
4162,rebounding,1,,,,,null,,,
4163,rebounding,1,,,,,null,,,
4164,rebounding,1,724,250,24069,93.89,sam2,0.0,0.0,0.0
4165,rebounding,1,,,,,null,,,
4166,rebounding,1,,,,,null,,,
4167,rebounding,1,,,,,null,,,
4168,rebounding,1,724,250,24048,93.81,sam2,0.0,0.0,0.0
4169,rebounding,1,,,,,null,,,
4170,rebounding,1,,,,,null,,,
4171,rebounding,1,,,,,null,,,
4172,rebounding,1,724,250,24055,93.83,sam2,0.0,0.0,0.0
4173,rebounding,1,,,,,null,,,
4174,rebounding,1,,,,,null,,,
4175,rebounding,1,,,,,null,,,
4176,rebounding,1,724,250,23857,93.06,sam2,0.0,0.0,0.0
4177,rebounding,1,,,,,null,,,
4178,rebounding,1,,,,,null,,,
4179,rebounding,1,,,,,null,,,
4180,rebounding,1,724,250,23834,92.97,sam2,0.0,0.0,0.0
4181,rebounding,1,,,,,null,,,
4182,rebounding,1,,,,,null,,,
4183,rebounding,1,,,,,null,,,
4184,rebounding,1,724,250,23711,92.49,sam2,0.0,0.0,0.0
4185,rebounding,1,,,,,null,,,
4186,rebounding,1,,,,,null,,,
4187,rebounding,1,,,,,null,,,
4188,rebounding,1,724,250,24028,93.73,sam2,0.0,0.0,0.0
4189,rebounding,1,,,,,null,,,
4190,rebounding,1,,,,,null,,,
4191,rebounding,1,,,,,null,,,
4192,rebounding,1,724,250,23952,93.43,sam2,0.0,0.0,0.0
4193,rebounding,1,,,,,null,,,
4194,rebounding,1,,,,,null,,,
4195,rebounding,1,,,,,null,,,
4196,rebounding,1,724,250,23945,93.4,sam2,0.0,0.0,0.0
4197,rebounding,1,,,,,null,,,
4198,rebounding,1,,,,,null,,,
4199,rebounding,1,,,,,null,,,
4200,rebounding,1,724,250,23813,92.89,sam2,0.0,0.0,0.0
4201,rebounding,1,,,,,null,,,
4202,rebounding,1,,,,,null,,,
4203,rebounding,1,,,,,null,,,
4204,rebounding,1,724,250,23983,93.55,sam2,0.0,0.0,0.0
4205,rebounding,1,,,,,null,,,
4206,rebounding,1,,,,,null,,,
4207,rebounding,1,,,,,null,,,
4208,rebounding,1,725,250,23949,93.42,sam2,1.0,749.192,13.378
4209,rebounding,1,,,,,null,,,
4210,rebounding,1,,,,,null,,,
4211,rebounding,1,,,,,null,,,
4212,rebounding,1,724,250,23983,93.55,sam2,1.0,749.192,13.378
4213,rebounding,1,,,,,null,,,
4214,rebounding,1,,,,,null,,,
4215,rebounding,1,,,,,null,,,
4216,rebounding,1,724,250,23968,93.49,sam2,0.0,0.0,0.0
4217,rebounding,1,,,,,null,,,
4218,rebounding,1,,,,,null,,,
4219,rebounding,1,,,,,null,,,
4220,rebounding,1,725,250,23983,93.55,sam2,1.0,749.192,13.378
4221,rebounding,1,,,,,null,,,
4222,rebounding,1,,,,,null,,,
4223,rebounding,1,,,,,null,,,
4224,rebounding,1,725,250,23840,92.99,sam2,0.0,0.0,0.0
4225,rebounding,1,,,,,null,,,
4226,rebounding,1,,,,,null,,,
4227,rebounding,1,,,,,null,,,
4228,rebounding,1,725,250,24118,94.08,sam2,0.0,0.0,0.0
4229,rebounding,1,,,,,null,,,
4230,rebounding,1,,,,,null,,,
4231,rebounding,1,,,,,null,,,
4232,rebounding,1,725,250,24030,93.74,sam2,0.0,0.0,0.0
4233,rebounding,1,,,,,null,,,
4234,rebounding,1,,,,,null,,,
4235,rebounding,1,,,,,null,,,
4236,rebounding,1,725,250,24014,93.67,sam2,0.0,0.0,0.0
4237,rebounding,1,,,,,null,,,
4238,rebounding,1,,,,,null,,,
4239,rebounding,1,,,,,null,,,
4240,rebounding,1,725,250,24134,94.14,sam2,0.0,0.0,0.0
4241,rebounding,1,,,,,null,,,
4242,rebounding,1,,,,,null,,,
4243,rebounding,1,,,,,null,,,
4244,rebounding,1,725,250,23977,93.53,sam2,0.0,0.0,0.0
4245,rebounding,1,,,,,null,,,
4246,rebounding,1,,,,,null,,,
4247,rebounding,1,,,,,null,,,
4248,rebounding,1,725,250,23995,93.6,sam2,0.0,0.0,0.0
4249,rebounding,1,,,,,null,,,
4250,rebounding,1,,,,,null,,,
4251,rebounding,1,,,,,null,,,
4252,rebounding,1,724,250,23966,93.49,sam2,1.0,749.192,13.378
4253,rebounding,1,,,,,null,,,
4254,rebounding,1,,,,,null,,,
4255,rebounding,1,,,,,null,,,
4256,rebounding,1,724,250,23852,93.04,sam2,0.0,0.0,0.0
4257,rebounding,1,,,,,null,,,
4258,rebounding,1,,,,,null,,,
4259,rebounding,1,,,,,null,,,
4260,rebounding,1,725,249,23656,92.28,sam2,1.414,1059.517,18.92
4261,rebounding,1,,,,,null,,,
4262,rebounding,1,,,,,null,,,
4263,rebounding,1,,,,,null,,,
4264,rebounding,1,724,250,23971,93.51,sam2,1.414,1059.517,18.92
4265,rebounding,1,,,,,null,,,
4266,rebounding,1,,,,,null,,,
4267,rebounding,1,,,,,null,,,
4268,rebounding,1,724,250,23917,93.29,sam2,0.0,0.0,0.0
4269,rebounding,1,,,,,null,,,
4270,rebounding,1,,,,,null,,,
4271,rebounding,1,,,,,null,,,
4272,rebounding,1,724,250,23902,93.24,sam2,0.0,0.0,0.0
4273,rebounding,1,,,,,null,,,
4274,rebounding,1,,,,,null,,,
4275,rebounding,1,,,,,null,,,
4276,rebounding,1,724,250,23885,93.17,sam2,0.0,0.0,0.0
4277,rebounding,1,,,,,null,,,
4278,rebounding,1,,,,,null,,,
4279,rebounding,1,,,,,null,,,
4280,rebounding,1,724,249,23700,92.45,sam2,1.0,749.192,13.378
4281,rebounding,1,,,,,null,,,
4282,rebounding,1,,,,,null,,,
4283,rebounding,1,,,,,null,,,
4284,rebounding,1,724,250,23735,92.58,sam2,1.0,749.192,13.378
4285,rebounding,1,,,,,null,,,
4286,rebounding,1,,,,,null,,,
4287,rebounding,1,,,,,null,,,
4288,rebounding,1,724,250,23780,92.76,sam2,0.0,0.0,0.0
4289,rebounding,1,,,,,null,,,
4290,rebounding,1,,,,,null,,,
4291,rebounding,1,,,,,null,,,
4292,rebounding,1,724,250,23962,93.47,sam2,0.0,0.0,0.0
4293,rebounding,1,,,,,null,,,
4294,rebounding,1,,,,,null,,,
4295,rebounding,1,,,,,null,,,
4296,rebounding,1,724,250,23976,93.52,sam2,0.0,0.0,0.0
4297,rebounding,1,,,,,null,,,
4298,rebounding,1,,,,,null,,,
4299,rebounding,1,,,,,null,,,
4300,rebounding,1,724,250,24000,93.62,sam2,0.0,0.0,0.0
4301,rebounding,1,,,,,null,,,
4302,rebounding,1,,,,,null,,,
4303,rebounding,1,,,,,null,,,
4304,rebounding,1,724,250,23759,92.68,sam2,0.0,0.0,0.0
4305,rebounding,1,,,,,null,,,
4306,rebounding,1,,,,,null,,,
4307,rebounding,1,,,,,null,,,
4308,rebounding,1,724,250,23775,92.74,sam2,0.0,0.0,0.0
4309,rebounding,1,,,,,null,,,
4310,rebounding,1,,,,,null,,,
4311,rebounding,1,,,,,null,,,
4312,rebounding,1,724,250,23944,93.4,sam2,0.0,0.0,0.0
4313,rebounding,1,,,,,null,,,
4314,rebounding,1,,,,,null,,,
4315,rebounding,1,,,,,null,,,
4316,rebounding,1,724,250,23854,93.05,sam2,0.0,0.0,0.0
4317,rebounding,1,,,,,null,,,
4318,rebounding,1,,,,,null,,,
4319,rebounding,1,,,,,null,,,
4320,rebounding,1,724,250,23881,93.15,sam2,0.0,0.0,0.0
4321,rebounding,1,,,,,null,,,
4322,rebounding,1,,,,,null,,,
4323,rebounding,1,,,,,null,,,
4324,rebounding,1,724,250,23931,93.35,sam2,0.0,0.0,0.0
4325,rebounding,1,,,,,null,,,
4326,rebounding,1,,,,,null,,,
4327,rebounding,1,,,,,null,,,
4328,rebounding,1,724,250,23703,92.46,sam2,0.0,0.0,0.0
4329,rebounding,1,,,,,null,,,
4330,rebounding,1,,,,,null,,,
4331,rebounding,1,,,,,null,,,
4332,rebounding,1,724,250,23935,93.36,sam2,0.0,0.0,0.0
4333,rebounding,1,,,,,null,,,
4334,rebounding,1,,,,,null,,,
4335,rebounding,1,,,,,null,,,
4336,rebounding,1,724,250,24031,93.74,sam2,0.0,0.0,0.0
4337,rebounding,1,,,,,null,,,
4338,rebounding,1,,,,,null,,,
4339,rebounding,1,,,,,null,,,
4340,rebounding,1,724,250,24019,93.69,sam2,0.0,0.0,0.0
4341,rebounding,1,,,,,null,,,
4342,rebounding,1,,,,,null,,,
4343,rebounding,1,,,,,null,,,
4344,rebounding,1,724,250,23903,93.24,sam2,0.0,0.0,0.0
4345,rebounding,1,,,,,null,,,
4346,rebounding,1,,,,,null,,,
4347,rebounding,1,,,,,null,,,
4348,rebounding,1,724,250,23829,92.95,sam2,0.0,0.0,0.0
4349,rebounding,1,,,,,null,,,
4350,rebounding,1,,,,,null,,,
4351,rebounding,1,,,,,null,,,
4352,rebounding,1,725,250,23888,93.18,sam2,1.0,749.192,13.378
4353,rebounding,1,,,,,null,,,
4354,rebounding,1,,,,,null,,,
4355,rebounding,1,,,,,null,,,
4356,rebounding,1,724,250,23752,92.65,sam2,1.0,749.192,13.378
4357,rebounding,1,,,,,null,,,
4358,rebounding,1,,,,,null,,,
4359,rebounding,1,,,,,null,,,
4360,rebounding,1,725,249,23682,92.38,sam2,1.414,1059.517,18.92
4361,rebounding,1,,,,,null,,,
4362,rebounding,1,,,,,null,,,
4363,rebounding,1,,,,,null,,,
4364,rebounding,1,725,250,23803,92.85,sam2,1.0,749.192,13.378
4365,rebounding,1,,,,,null,,,
4366,rebounding,1,,,,,null,,,
4367,rebounding,1,,,,,null,,,
4368,rebounding,1,724,250,23754,92.66,sam2,1.0,749.192,13.378
4369,rebounding,1,,,,,null,,,
4370,rebounding,1,,,,,null,,,
4371,rebounding,1,,,,,null,,,
4372,rebounding,1,725,250,23918,93.3,sam2,1.0,749.192,13.378
4373,rebounding,1,,,,,null,,,
4374,rebounding,1,,,,,null,,,
4375,rebounding,1,,,,,null,,,
4376,rebounding,1,724,250,24097,94.0,sam2,1.0,749.192,13.378
4377,rebounding,1,,,,,null,,,
4378,rebounding,1,,,,,null,,,
4379,rebounding,1,,,,,null,,,
4380,rebounding,1,725,250,23809,92.87,sam2,1.0,749.192,13.378
4381,rebounding,1,,,,,null,,,
4382,rebounding,1,,,,,null,,,
4383,rebounding,1,,,,,null,,,
4384,rebounding,1,724,250,23744,92.62,sam2,1.0,749.192,13.378
4385,rebounding,1,,,,,null,,,
4386,rebounding,1,,,,,null,,,
4387,rebounding,1,,,,,null,,,
4388,rebounding,1,725,250,23841,93.0,sam2,1.0,749.192,13.378
4389,rebounding,1,,,,,null,,,
4390,rebounding,1,,,,,null,,,
4391,rebounding,1,,,,,null,,,
4392,rebounding,1,725,250,23975,93.52,sam2,0.0,0.0,0.0
4393,rebounding,1,,,,,null,,,
4394,rebounding,1,,,,,null,,,
4395,rebounding,1,,,,,null,,,
4396,rebounding,1,724,250,23712,92.49,sam2,1.0,749.192,13.378
4397,rebounding,1,,,,,null,,,
4398,rebounding,1,,,,,null,,,
4399,rebounding,1,,,,,null,,,
4400,rebounding,1,724,250,23963,93.47,sam2,0.0,0.0,0.0
4401,rebounding,1,,,,,null,,,
4402,rebounding,1,,,,,null,,,
4403,rebounding,1,,,,,null,,,
4404,rebounding,1,724,250,23746,92.63,sam2,0.0,0.0,0.0
4405,rebounding,1,,,,,null,,,
4406,rebounding,1,,,,,null,,,
4407,rebounding,1,,,,,null,,,
4408,rebounding,1,724,250,23749,92.64,sam2,0.0,0.0,0.0
4409,rebounding,1,,,,,null,,,
4410,rebounding,1,,,,,null,,,
4411,rebounding,1,,,,,null,,,
4412,rebounding,1,724,250,23798,92.83,sam2,0.0,0.0,0.0
4413,rebounding,1,,,,,null,,,
4414,rebounding,1,,,,,null,,,
4415,rebounding,1,,,,,null,,,
4416,rebounding,1,724,250,24116,94.07,sam2,0.0,0.0,0.0
4417,rebounding,1,,,,,null,,,
4418,rebounding,1,,,,,null,,,
4419,rebounding,1,,,,,null,,,
4420,rebounding,1,724,250,23762,92.69,sam2,0.0,0.0,0.0
4421,rebounding,1,,,,,null,,,
4422,rebounding,1,,,,,null,,,
4423,rebounding,1,,,,,null,,,
4424,rebounding,1,724,250,23797,92.83,sam2,0.0,0.0,0.0
4425,rebounding,1,,,,,null,,,
4426,rebounding,1,,,,,null,,,
4427,rebounding,1,,,,,null,,,
4428,rebounding,1,724,250,23973,93.51,sam2,0.0,0.0,0.0
4429,rebounding,1,,,,,null,,,
4430,rebounding,1,,,,,null,,,
4431,rebounding,1,,,,,null,,,
4432,rebounding,1,724,250,23946,93.41,sam2,0.0,0.0,0.0
4433,rebounding,1,,,,,null,,,
4434,rebounding,1,,,,,null,,,
4435,rebounding,1,,,,,null,,,
4436,rebounding,1,724,250,23982,93.55,sam2,0.0,0.0,0.0
4437,rebounding,1,,,,,null,,,
4438,rebounding,1,,,,,null,,,
4439,rebounding,1,,,,,null,,,
4440,rebounding,1,724,250,23878,93.14,sam2,0.0,0.0,0.0
4441,rebounding,1,,,,,null,,,
4442,rebounding,1,,,,,null,,,
4443,rebounding,1,,,,,null,,,
4444,rebounding,1,724,250,23748,92.64,sam2,0.0,0.0,0.0
4445,rebounding,1,,,,,null,,,
4446,rebounding,1,,,,,null,,,
4447,rebounding,1,,,,,null,,,
4448,rebounding,1,724,250,23710,92.49,sam2,0.0,0.0,0.0
4449,rebounding,1,,,,,null,,,
4450,rebounding,1,,,,,null,,,
4451,rebounding,1,,,,,null,,,
4452,rebounding,1,724,250,24053,93.83,sam2,0.0,0.0,0.0
4453,rebounding,1,,,,,null,,,
4454,rebounding,1,,,,,null,,,
4455,rebounding,1,,,,,null,,,
4456,rebounding,1,724,250,23755,92.66,sam2,0.0,0.0,0.0
4457,rebounding,1,,,,,null,,,
4458,rebounding,1,,,,,null,,,
4459,rebounding,1,,,,,null,,,
4460,rebounding,1,724,250,24045,93.79,sam2,0.0,0.0,0.0
4461,rebounding,1,,,,,null,,,
4462,rebounding,1,,,,,null,,,
4463,rebounding,1,,,,,null,,,
4464,rebounding,1,724,250,23926,93.33,sam2,0.0,0.0,0.0
4465,rebounding,1,,,,,null,,,
4466,rebounding,1,,,,,null,,,
4467,rebounding,1,,,,,null,,,
4468,rebounding,1,725,249,23638,92.21,sam2,1.414,1059.517,18.92
4469,rebounding,1,,,,,null,,,
4470,rebounding,1,,,,,null,,,
4471,rebounding,1,,,,,null,,,
4472,rebounding,1,724,250,23950,93.42,sam2,1.414,1059.517,18.92
4473,rebounding,1,,,,,null,,,
4474,rebounding,1,,,,,null,,,
4475,rebounding,1,,,,,null,,,
4476,rebounding,1,725,250,23718,92.52,sam2,1.0,749.192,13.378
4477,rebounding,1,,,,,null,,,
4478,rebounding,1,,,,,null,,,
4479,rebounding,1,,,,,null,,,
4480,rebounding,1,724,250,23854,93.05,sam2,1.0,749.192,13.378
4481,rebounding,1,,,,,null,,,
4482,rebounding,1,,,,,null,,,
4483,rebounding,1,,,,,null,,,
4484,rebounding,1,724,250,23964,93.48,sam2,0.0,0.0,0.0
4485,rebounding,1,,,,,null,,,
4486,rebounding,1,,,,,null,,,
4487,rebounding,1,,,,,null,,,
4488,rebounding,1,725,250,23869,93.11,sam2,1.0,749.192,13.378
4489,rebounding,1,,,,,null,,,
4490,rebounding,1,,,,,null,,,
4491,rebounding,1,,,,,null,,,
4492,rebounding,1,725,250,23718,92.52,sam2,0.0,0.0,0.0
4493,rebounding,1,,,,,null,,,
4494,rebounding,1,,,,,null,,,
4495,rebounding,1,,,,,null,,,
4496,rebounding,1,725,250,23757,92.67,sam2,0.0,0.0,0.0
4497,rebounding,1,,,,,null,,,
4498,rebounding,1,,,,,null,,,
4499,rebounding,1,,,,,null,,,
4500,rebounding,1,725,249,23647,92.24,sam2,1.0,749.192,13.378
4501,rebounding,1,,,,,null,,,
4502,rebounding,1,,,,,null,,,
4503,rebounding,1,,,,,null,,,
4504,rebounding,1,724,250,23735,92.58,sam2,1.414,1059.517,18.92
4505,rebounding,1,,,,,null,,,
4506,rebounding,1,,,,,null,,,
4507,rebounding,1,,,,,null,,,
4508,rebounding,1,725,250,23840,92.99,sam2,1.0,749.192,13.378
4509,rebounding,1,,,,,null,,,
4510,rebounding,1,,,,,null,,,
4511,rebounding,1,,,,,null,,,
4512,rebounding,1,724,250,23877,93.14,sam2,1.0,749.192,13.378
4513,rebounding,1,,,,,null,,,
4514,rebounding,1,,,,,null,,,
4515,rebounding,1,,,,,null,,,
4516,rebounding,1,724,250,23714,92.5,sam2,0.0,0.0,0.0
4517,rebounding,1,,,,,null,,,
4518,rebounding,1,,,,,null,,,
4519,rebounding,1,,,,,null,,,
4520,rebounding,1,724,250,23811,92.88,sam2,0.0,0.0,0.0
4521,rebounding,1,,,,,null,,,
4522,rebounding,1,,,,,null,,,
4523,rebounding,1,,,,,null,,,
4524,rebounding,1,724,250,23785,92.78,sam2,0.0,0.0,0.0
4525,rebounding,1,,,,,null,,,
4526,rebounding,1,,,,,null,,,
4527,rebounding,1,,,,,null,,,
4528,rebounding,1,724,250,23698,92.44,sam2,0.0,0.0,0.0
4529,rebounding,1,,,,,null,,,
4530,rebounding,1,,,,,null,,,
4531,rebounding,1,,,,,null,,,
4532,rebounding,1,724,250,23756,92.67,sam2,0.0,0.0,0.0
4533,rebounding,1,,,,,null,,,
4534,rebounding,1,,,,,null,,,
4535,rebounding,1,,,,,null,,,
4536,rebounding,1,724,250,23868,93.1,sam2,0.0,0.0,0.0
4537,rebounding,1,,,,,null,,,
4538,rebounding,1,,,,,null,,,
4539,rebounding,1,,,,,null,,,
4540,rebounding,1,724,250,23822,92.92,sam2,0.0,0.0,0.0
4541,rebounding,1,,,,,null,,,
4542,rebounding,1,,,,,null,,,
4543,rebounding,1,,,,,null,,,
4544,rebounding,1,724,250,24044,93.79,sam2,0.0,0.0,0.0
4545,rebounding,1,,,,,null,,,
4546,rebounding,1,,,,,null,,,
4547,rebounding,1,,,,,null,,,
4548,rebounding,1,724,250,23820,92.92,sam2,0.0,0.0,0.0
4549,rebounding,1,,,,,null,,,
4550,rebounding,1,,,,,null,,,
4551,rebounding,1,,,,,null,,,
4552,rebounding,1,724,250,23785,92.78,sam2,0.0,0.0,0.0
4553,rebounding,1,,,,,null,,,
4554,rebounding,1,,,,,null,,,
4555,rebounding,1,,,,,null,,,
4556,rebounding,1,724,249,23707,92.48,sam2,1.0,749.192,13.378
4557,rebounding,1,,,,,null,,,
4558,rebounding,1,,,,,null,,,
4559,rebounding,1,,,,,null,,,
4560,rebounding,1,724,250,23808,92.87,sam2,1.0,749.192,13.378
4561,rebounding,1,,,,,null,,,
4562,rebounding,1,,,,,null,,,
4563,rebounding,1,,,,,null,,,
4564,rebounding,1,724,250,23845,93.01,sam2,0.0,0.0,0.0
4565,rebounding,1,,,,,null,,,
4566,rebounding,1,,,,,null,,,
4567,rebounding,1,,,,,null,,,
4568,rebounding,1,724,250,23731,92.57,sam2,0.0,0.0,0.0
4569,rebounding,1,,,,,null,,,
4570,rebounding,1,,,,,null,,,
4571,rebounding,1,,,,,null,,,
4572,rebounding,1,724,250,23918,93.3,sam2,0.0,0.0,0.0
4573,rebounding,1,,,,,null,,,
4574,rebounding,1,,,,,null,,,
4575,rebounding,1,,,,,null,,,
4576,rebounding,1,724,250,23930,93.35,sam2,0.0,0.0,0.0
4577,rebounding,1,,,,,null,,,
4578,rebounding,1,,,,,null,,,
4579,rebounding,1,,,,,null,,,
4580,rebounding,1,724,250,23899,93.22,sam2,0.0,0.0,0.0
4581,rebounding,1,,,,,null,,,
4582,rebounding,1,,,,,null,,,
4583,rebounding,1,,,,,null,,,
4584,rebounding,1,724,250,23932,93.35,sam2,0.0,0.0,0.0
4585,rebounding,1,,,,,null,,,
4586,rebounding,1,,,,,null,,,
4587,rebounding,1,,,,,null,,,
4588,rebounding,1,724,250,23824,92.93,sam2,0.0,0.0,0.0
4589,rebounding,1,,,,,null,,,
4590,rebounding,1,,,,,null,,,
4591,rebounding,1,,,,,null,,,
4592,rebounding,1,724,250,23743,92.62,sam2,0.0,0.0,0.0
4593,rebounding,1,,,,,null,,,
4594,rebounding,1,,,,,null,,,
4595,rebounding,1,,,,,null,,,
4596,rebounding,1,725,250,23903,93.24,sam2,1.0,749.192,13.378
4597,rebounding,1,,,,,null,,,
4598,rebounding,1,,,,,null,,,
4599,rebounding,1,,,,,null,,,
4600,rebounding,1,724,250,23823,92.93,sam2,1.0,749.192,13.378
4601,rebounding,1,,,,,null,,,
4602,rebounding,1,,,,,null,,,
4603,rebounding,1,,,,,null,,,
4604,rebounding,1,725,250,23846,93.02,sam2,1.0,749.192,13.378
4605,rebounding,1,,,,,null,,,
4606,rebounding,1,,,,,null,,,
4607,rebounding,1,,,,,null,,,
4608,rebounding,1,724,250,23821,92.92,sam2,1.0,749.192,13.378
4609,rebounding,1,,,,,null,,,
4610,rebounding,1,,,,,null,,,
4611,rebounding,1,,,,,null,,,
4612,rebounding,1,724,249,23716,92.51,sam2,1.0,749.192,13.378
4613,rebounding,1,,,,,null,,,
4614,rebounding,1,,,,,null,,,
4615,rebounding,1,,,,,null,,,
4616,rebounding,1,725,250,23985,93.56,sam2,1.414,1059.517,18.92
4617,rebounding,1,,,,,null,,,
4618,rebounding,1,,,,,null,,,
4619,rebounding,1,,,,,null,,,
4620,rebounding,1,725,250,23882,93.16,sam2,0.0,0.0,0.0
4621,rebounding,1,,,,,null,,,
4622,rebounding,1,,,,,null,,,
4623,rebounding,1,,,,,null,,,
4624,rebounding,1,725,250,23868,93.1,sam2,0.0,0.0,0.0
4625,rebounding,1,,,,,null,,,
4626,rebounding,1,,,,,null,,,
4627,rebounding,1,,,,,null,,,
4628,rebounding,1,725,250,23739,92.6,sam2,0.0,0.0,0.0
4629,rebounding,1,,,,,null,,,
4630,rebounding,1,,,,,null,,,
4631,rebounding,1,,,,,null,,,
4632,rebounding,1,725,250,23968,93.49,sam2,0.0,0.0,0.0
4633,rebounding,1,,,,,null,,,
4634,rebounding,1,,,,,null,,,
4635,rebounding,1,,,,,null,,,
4636,rebounding,1,724,250,23899,93.22,sam2,1.0,749.192,13.378
4637,rebounding,1,,,,,null,,,
4638,rebounding,1,,,,,null,,,
4639,rebounding,1,,,,,null,,,
4640,rebounding,1,724,250,23802,92.85,sam2,0.0,0.0,0.0
4641,rebounding,1,,,,,null,,,
4642,rebounding,1,,,,,null,,,
4643,rebounding,1,,,,,null,,,
4644,rebounding,1,724,250,23964,93.48,sam2,0.0,0.0,0.0
4645,rebounding,1,,,,,null,,,
4646,rebounding,1,,,,,null,,,
4647,rebounding,1,,,,,null,,,
4648,rebounding,1,724,250,23843,93.01,sam2,0.0,0.0,0.0
4649,rebounding,1,,,,,null,,,
4650,rebounding,1,,,,,null,,,
4651,rebounding,1,,,,,null,,,
4652,rebounding,1,724,250,23888,93.18,sam2,0.0,0.0,0.0
4653,rebounding,1,,,,,null,,,
4654,rebounding,1,,,,,null,,,
4655,rebounding,1,,,,,null,,,
4656,rebounding,1,724,250,23808,92.87,sam2,0.0,0.0,0.0
4657,rebounding,1,,,,,null,,,
4658,rebounding,1,,,,,null,,,
4659,rebounding,1,,,,,null,,,
4660,rebounding,1,724,250,23780,92.76,sam2,0.0,0.0,0.0
4661,rebounding,1,,,,,null,,,
4662,rebounding,1,,,,,null,,,
4663,rebounding,1,,,,,null,,,
4664,rebounding,1,724,250,23793,92.81,sam2,0.0,0.0,0.0
4665,rebounding,1,,,,,null,,,
4666,rebounding,1,,,,,null,,,
4667,rebounding,1,,,,,null,,,
4668,rebounding,1,724,250,23739,92.6,sam2,0.0,0.0,0.0
4669,rebounding,1,,,,,null,,,
4670,rebounding,1,,,,,null,,,
4671,rebounding,1,,,,,null,,,
4672,rebounding,1,724,249,23671,92.33,sam2,1.0,749.192,13.378
4673,rebounding,1,,,,,null,,,
4674,rebounding,1,,,,,null,,,
4675,rebounding,1,,,,,null,,,
4676,rebounding,1,724,250,23776,92.74,sam2,1.0,749.192,13.378
4677,rebounding,1,,,,,null,,,
4678,rebounding,1,,,,,null,,,
4679,rebounding,1,,,,,null,,,
4680,rebounding,1,724,250,23792,92.81,sam2,0.0,0.0,0.0
4681,rebounding,1,,,,,null,,,
4682,rebounding,1,,,,,null,,,
4683,rebounding,1,,,,,null,,,
4684,rebounding,1,724,250,23961,93.47,sam2,0.0,0.0,0.0
4685,rebounding,1,,,,,null,,,
4686,rebounding,1,,,,,null,,,
4687,rebounding,1,,,,,null,,,
4688,rebounding,1,724,250,23893,93.2,sam2,0.0,0.0,0.0
4689,rebounding,1,,,,,null,,,
4690,rebounding,1,,,,,null,,,
4691,rebounding,1,,,,,null,,,
4692,rebounding,1,724,250,23950,93.42,sam2,0.0,0.0,0.0
4693,rebounding,1,,,,,null,,,
4694,rebounding,1,,,,,null,,,
4695,rebounding,1,,,,,null,,,
4696,rebounding,1,724,250,23892,93.2,sam2,0.0,0.0,0.0
4697,rebounding,1,,,,,null,,,
4698,rebounding,1,,,,,null,,,
4699,rebounding,1,,,,,null,,,
4700,rebounding,1,724,250,23710,92.49,sam2,0.0,0.0,0.0
4701,rebounding,1,,,,,null,,,
4702,rebounding,1,,,,,null,,,
4703,rebounding,1,,,,,null,,,
4704,rebounding,1,724,250,23765,92.7,sam2,0.0,0.0,0.0
4705,rebounding,1,,,,,null,,,
4706,rebounding,1,,,,,null,,,
4707,rebounding,1,,,,,null,,,
4708,rebounding,1,724,250,23963,93.47,sam2,0.0,0.0,0.0
4709,rebounding,1,,,,,null,,,
4710,rebounding,1,,,,,null,,,
4711,rebounding,1,,,,,null,,,
4712,rebounding,1,724,250,23722,92.53,sam2,0.0,0.0,0.0
4713,rebounding,1,,,,,null,,,
4714,rebounding,1,,,,,null,,,
4715,rebounding,1,,,,,null,,,
4716,rebounding,1,724,250,23824,92.93,sam2,0.0,0.0,0.0
4717,rebounding,1,,,,,null,,,
4718,rebounding,1,,,,,null,,,
4719,rebounding,1,,,,,null,,,
4720,rebounding,1,725,249,23694,92.42,sam2,1.414,1059.517,18.92
4721,rebounding,1,,,,,null,,,
4722,rebounding,1,,,,,null,,,
4723,rebounding,1,,,,,null,,,
4724,rebounding,1,725,250,23796,92.82,sam2,1.0,749.192,13.378
4725,rebounding,1,,,,,null,,,
4726,rebounding,1,,,,,null,,,
4727,rebounding,1,,,,,null,,,
4728,rebounding,1,724,250,23789,92.8,sam2,1.0,749.192,13.378
4729,rebounding,1,,,,,null,,,
4730,rebounding,1,,,,,null,,,
4731,rebounding,1,,,,,null,,,
4732,rebounding,1,724,249,23642,92.22,sam2,1.0,749.192,13.378
4733,rebounding,1,,,,,null,,,
4734,rebounding,1,,,,,null,,,
4735,rebounding,1,,,,,null,,,
4736,rebounding,1,724,250,23907,93.26,sam2,1.0,749.192,13.378
4737,rebounding,1,,,,,null,,,
4738,rebounding,1,,,,,null,,,
4739,rebounding,1,,,,,null,,,
4740,rebounding,1,725,250,24068,93.88,sam2,1.0,749.192,13.378
4741,rebounding,1,,,,,null,,,
4742,rebounding,1,,,,,null,,,
4743,rebounding,1,,,,,null,,,
4744,rebounding,1,725,250,23880,93.15,sam2,0.0,0.0,0.0
4745,rebounding,1,,,,,null,,,
4746,rebounding,1,,,,,null,,,
4747,rebounding,1,,,,,null,,,
4748,rebounding,1,725,250,24096,93.99,sam2,0.0,0.0,0.0
4749,rebounding,1,,,,,null,,,
4750,rebounding,1,,,,,null,,,
4751,rebounding,1,,,,,null,,,
4752,rebounding,1,725,250,23954,93.44,sam2,0.0,0.0,0.0
4753,rebounding,1,,,,,null,,,
4754,rebounding,1,,,,,null,,,
4755,rebounding,1,,,,,null,,,
4756,rebounding,1,724,250,23921,93.31,sam2,1.0,749.192,13.378
4757,rebounding,1,,,,,null,,,
4758,rebounding,1,,,,,null,,,
4759,rebounding,1,,,,,null,,,
4760,rebounding,1,724,250,23904,93.24,sam2,0.0,0.0,0.0
4761,rebounding,1,,,,,null,,,
4762,rebounding,1,,,,,null,,,
4763,rebounding,1,,,,,null,,,
4764,rebounding,1,724,250,23940,93.38,sam2,0.0,0.0,0.0
4765,rebounding,1,,,,,null,,,
4766,rebounding,1,,,,,null,,,
4767,rebounding,1,,,,,null,,,
4768,rebounding,1,725,250,23988,93.57,sam2,1.0,749.192,13.378
4769,rebounding,1,,,,,null,,,
4770,rebounding,1,,,,,null,,,
4771,rebounding,1,,,,,null,,,
4772,rebounding,1,724,250,24052,93.82,sam2,1.0,749.192,13.378
4773,rebounding,1,,,,,null,,,
4774,rebounding,1,,,,,null,,,
4775,rebounding,1,,,,,null,,,
4776,rebounding,1,724,250,23972,93.51,sam2,0.0,0.0,0.0
4777,rebounding,1,,,,,null,,,
4778,rebounding,1,,,,,null,,,
4779,rebounding,1,,,,,null,,,
4780,rebounding,1,725,250,23762,92.69,sam2,1.0,749.192,13.378
4781,rebounding,1,,,,,null,,,
4782,rebounding,1,,,,,null,,,
4783,rebounding,1,,,,,null,,,
4784,rebounding,1,724,250,23859,93.07,sam2,1.0,749.192,13.378
4785,rebounding,1,,,,,null,,,
4786,rebounding,1,,,,,null,,,
4787,rebounding,1,,,,,null,,,
4788,rebounding,1,724,250,23988,93.57,sam2,0.0,0.0,0.0
4789,rebounding,1,,,,,null,,,
4790,rebounding,1,,,,,null,,,
4791,rebounding,1,,,,,null,,,
4792,rebounding,1,724,250,23965,93.48,sam2,0.0,0.0,0.0
4793,rebounding,1,,,,,null,,,
4794,rebounding,1,,,,,null,,,
4795,rebounding,1,,,,,null,,,
4796,rebounding,1,724,250,23896,93.21,sam2,0.0,0.0,0.0
4797,rebounding,1,,,,,null,,,
4798,rebounding,1,,,,,null,,,
4799,rebounding,1,,,,,null,,,
4800,rebounding,1,724,250,23961,93.47,sam2,0.0,0.0,0.0
4801,rebounding,1,,,,,null,,,
4802,rebounding,1,,,,,null,,,
4803,rebounding,1,,,,,null,,,
4804,rebounding,1,724,250,23948,93.42,sam2,0.0,0.0,0.0
4805,rebounding,1,,,,,null,,,
4806,rebounding,1,,,,,null,,,
4807,rebounding,1,,,,,null,,,
4808,rebounding,1,724,250,23946,93.41,sam2,0.0,0.0,0.0
4809,rebounding,1,,,,,null,,,
4810,rebounding,1,,,,,null,,,
4811,rebounding,1,,,,,null,,,
4812,rebounding,1,724,250,23897,93.22,sam2,0.0,0.0,0.0
4813,rebounding,1,,,,,null,,,
4814,rebounding,1,,,,,null,,,
4815,rebounding,1,,,,,null,,,
4816,rebounding,1,724,250,23830,92.96,sam2,0.0,0.0,0.0
4817,rebounding,1,,,,,null,,,
4818,rebounding,1,,,,,null,,,
4819,rebounding,1,,,,,null,,,
4820,rebounding,1,724,250,23865,93.09,sam2,0.0,0.0,0.0
4821,rebounding,1,,,,,null,,,
4822,rebounding,1,,,,,null,,,
4823,rebounding,1,,,,,null,,,
4824,rebounding,1,724,250,24075,93.91,sam2,0.0,0.0,0.0
4825,rebounding,1,,,,,null,,,
4826,rebounding,1,,,,,null,,,
4827,rebounding,1,,,,,null,,,
4828,rebounding,1,724,250,23709,92.48,sam2,0.0,0.0,0.0
4829,rebounding,1,,,,,null,,,
4830,rebounding,1,,,,,null,,,
4831,rebounding,1,,,,,null,,,
4832,rebounding,1,724,250,23805,92.86,sam2,0.0,0.0,0.0
4833,rebounding,1,,,,,null,,,
4834,rebounding,1,,,,,null,,,
4835,rebounding,1,,,,,null,,,
4836,rebounding,1,724,250,23727,92.55,sam2,0.0,0.0,0.0
4837,rebounding,1,,,,,null,,,
4838,rebounding,1,,,,,null,,,
4839,rebounding,1,,,,,null,,,
4840,rebounding,1,724,250,23766,92.71,sam2,0.0,0.0,0.0
4841,rebounding,1,,,,,null,,,
4842,rebounding,1,,,,,null,,,
4843,rebounding,1,,,,,null,,,
4844,rebounding,1,724,250,23716,92.51,sam2,0.0,0.0,0.0
4845,rebounding,1,,,,,null,,,
4846,rebounding,1,,,,,null,,,
4847,rebounding,1,,,,,null,,,
4848,rebounding,1,724,250,23921,93.31,sam2,0.0,0.0,0.0
4849,rebounding,1,,,,,null,,,
4850,rebounding,1,,,,,null,,,
4851,rebounding,1,,,,,null,,,
4852,rebounding,1,724,250,23859,93.07,sam2,0.0,0.0,0.0
4853,rebounding,1,,,,,null,,,
4854,rebounding,1,,,,,null,,,
4855,rebounding,1,,,,,null,,,
4856,rebounding,1,724,250,23878,93.14,sam2,0.0,0.0,0.0
4857,rebounding,1,,,,,null,,,
4858,rebounding,1,,,,,null,,,
4859,rebounding,1,,,,,null,,,
4860,rebounding,1,725,250,23863,93.08,sam2,1.0,749.192,13.378
4861,rebounding,1,,,,,null,,,
4862,rebounding,1,,,,,null,,,
4863,rebounding,1,,,,,null,,,
4864,rebounding,1,724,250,23876,93.13,sam2,1.0,749.192,13.378
4865,rebounding,1,,,,,null,,,
4866,rebounding,1,,,,,null,,,
4867,rebounding,1,,,,,null,,,
4868,rebounding,1,725,250,23921,93.31,sam2,1.0,749.192,13.378
4869,rebounding,1,,,,,null,,,
4870,rebounding,1,,,,,null,,,
4871,rebounding,1,,,,,null,,,
4872,rebounding,1,724,250,24074,93.91,sam2,1.0,749.192,13.378
4873,rebounding,1,,,,,null,,,
4874,rebounding,1,,,,,null,,,
4875,rebounding,1,,,,,null,,,
4876,rebounding,1,725,250,23940,93.38,sam2,1.0,749.192,13.378
4877,rebounding,1,,,,,null,,,
4878,rebounding,1,,,,,null,,,
4879,rebounding,1,,,,,null,,,
4880,rebounding,1,725,250,23894,93.2,sam2,0.0,0.0,0.0
4881,rebounding,1,,,,,null,,,
4882,rebounding,1,,,,,null,,,
4883,rebounding,1,,,,,null,,,
4884,rebounding,1,724,250,23966,93.49,sam2,1.0,749.192,13.378
4885,rebounding,1,,,,,null,,,
4886,rebounding,1,,,,,null,,,
4887,rebounding,1,,,,,null,,,
4888,rebounding,1,724,250,23960,93.46,sam2,0.0,0.0,0.0
4889,rebounding,1,,,,,null,,,
4890,rebounding,1,,,,,null,,,
4891,rebounding,1,,,,,null,,,
4892,rebounding,1,725,250,23909,93.26,sam2,1.0,749.192,13.378
4893,rebounding,1,,,,,null,,,
4894,rebounding,1,,,,,null,,,
4895,rebounding,1,,,,,null,,,
4896,rebounding,1,724,250,23968,93.49,sam2,1.0,749.192,13.378
4897,rebounding,1,,,,,null,,,
4898,rebounding,1,,,,,null,,,
4899,rebounding,1,,,,,null,,,
4900,rebounding,1,724,250,23833,92.97,sam2,0.0,0.0,0.0
4901,rebounding,1,,,,,null,,,
4902,rebounding,1,,,,,null,,,
4903,rebounding,1,,,,,null,,,
4904,rebounding,1,724,250,24018,93.69,sam2,0.0,0.0,0.0
4905,rebounding,1,,,,,null,,,
4906,rebounding,1,,,,,null,,,
4907,rebounding,1,,,,,null,,,
4908,rebounding,1,724,250,24140,94.16,sam2,0.0,0.0,0.0
4909,rebounding,1,,,,,null,,,
4910,rebounding,1,,,,,null,,,
4911,rebounding,1,,,,,null,,,
4912,rebounding,1,724,250,23869,93.11,sam2,0.0,0.0,0.0
4913,rebounding,1,,,,,null,,,
4914,rebounding,1,,,,,null,,,
4915,rebounding,1,,,,,null,,,
4916,rebounding,1,724,250,23808,92.87,sam2,0.0,0.0,0.0
4917,rebounding,1,,,,,null,,,
4918,rebounding,1,,,,,null,,,
4919,rebounding,1,,,,,null,,,
4920,rebounding,1,724,250,23892,93.2,sam2,0.0,0.0,0.0
4921,rebounding,1,,,,,null,,,
4922,rebounding,1,,,,,null,,,
4923,rebounding,1,,,,,null,,,
4924,rebounding,1,724,250,23774,92.74,sam2,0.0,0.0,0.0
4925,rebounding,1,,,,,null,,,
4926,rebounding,1,,,,,null,,,
4927,rebounding,1,,,,,null,,,
4928,rebounding,1,724,250,23789,92.8,sam2,0.0,0.0,0.0
4929,rebounding,1,,,,,null,,,
4930,rebounding,1,,,,,null,,,
4931,rebounding,1,,,,,null,,,
4932,rebounding,1,724,250,23853,93.04,sam2,0.0,0.0,0.0
4933,rebounding,1,,,,,null,,,
4934,rebounding,1,,,,,null,,,
4935,rebounding,1,,,,,null,,,
4936,rebounding,1,724,250,23818,92.91,sam2,0.0,0.0,0.0
4937,rebounding,1,,,,,null,,,
4938,rebounding,1,,,,,null,,,
4939,rebounding,1,,,,,null,,,
4940,rebounding,1,724,250,23726,92.55,sam2,0.0,0.0,0.0
4941,rebounding,1,,,,,null,,,
4942,rebounding,1,,,,,null,,,
4943,rebounding,1,,,,,null,,,
4944,rebounding,1,724,250,23956,93.45,sam2,0.0,0.0,0.0
4945,rebounding,1,,,,,null,,,
4946,rebounding,1,,,,,null,,,
4947,rebounding,1,,,,,null,,,
4948,rebounding,1,724,250,23845,93.01,sam2,0.0,0.0,0.0
4949,rebounding,1,,,,,null,,,
4950,rebounding,1,,,,,null,,,
4951,rebounding,1,,,,,null,,,
4952,rebounding,1,724,250,23820,92.92,sam2,0.0,0.0,0.0
4953,rebounding,1,,,,,null,,,
4954,rebounding,1,,,,,null,,,
4955,rebounding,1,,,,,null,,,
4956,rebounding,1,724,250,23948,93.42,sam2,0.0,0.0,0.0
4957,rebounding,1,,,,,null,,,
4958,rebounding,1,,,,,null,,,
4959,rebounding,1,,,,,null,,,
4960,rebounding,1,724,249,23690,92.41,sam2,1.0,749.192,13.378
4961,rebounding,1,,,,,null,,,
4962,rebounding,1,,,,,null,,,
4963,rebounding,1,,,,,null,,,
4964,rebounding,1,724,250,23941,93.39,sam2,1.0,749.192,13.378
4965,rebounding,1,,,,,null,,,
4966,rebounding,1,,,,,null,,,
4967,rebounding,1,,,,,null,,,
4968,rebounding,1,724,250,23959,93.46,sam2,0.0,0.0,0.0
4969,rebounding,1,,,,,null,,,
4970,rebounding,1,,,,,null,,,
4971,rebounding,1,,,,,null,,,
4972,rebounding,1,724,250,23871,93.12,sam2,0.0,0.0,0.0
4973,rebounding,1,,,,,null,,,
4974,rebounding,1,,,,,null,,,
4975,rebounding,1,,,,,null,,,
4976,rebounding,1,724,250,23791,92.8,sam2,0.0,0.0,0.0
4977,rebounding,1,,,,,null,,,
4978,rebounding,1,,,,,null,,,
4979,rebounding,1,,,,,null,,,
4980,rebounding,1,724,250,23969,93.5,sam2,0.0,0.0,0.0
4981,rebounding,1,,,,,null,,,
4982,rebounding,1,,,,,null,,,
4983,rebounding,1,,,,,null,,,
4984,rebounding,1,724,250,23908,93.26,sam2,0.0,0.0,0.0
4985,rebounding,1,,,,,null,,,
4986,rebounding,1,,,,,null,,,
4987,rebounding,1,,,,,null,,,
4988,rebounding,1,724,250,23799,92.83,sam2,0.0,0.0,0.0
4989,rebounding,1,,,,,null,,,
4990,rebounding,1,,,,,null,,,
4991,rebounding,1,,,,,null,,,
4992,rebounding,1,724,250,23936,93.37,sam2,0.0,0.0,0.0
4993,rebounding,1,,,,,null,,,
4994,rebounding,1,,,,,null,,,
4995,rebounding,1,,,,,null,,,
4996,rebounding,1,724,250,24010,93.66,sam2,0.0,0.0,0.0
4997,rebounding,1,,,,,null,,,
4998,rebounding,1,,,,,null,,,
4999,rebounding,1,,,,,null,,,
5000,rebounding,1,724,250,23697,92.44,sam2,0.0,0.0,0.0
5001,rebounding,1,,,,,null,,,
5002,rebounding,1,,,,,null,,,
5003,rebounding,1,,,,,null,,,
5004,rebounding,1,724,250,23929,93.34,sam2,0.0,0.0,0.0
5005,rebounding,1,,,,,null,,,
5006,rebounding,1,,,,,null,,,
5007,rebounding,1,,,,,null,,,
5008,rebounding,1,725,250,23920,93.31,sam2,1.0,749.192,13.378
5009,rebounding,1,,,,,null,,,
5010,rebounding,1,,,,,null,,,
5011,rebounding,1,,,,,null,,,
5012,rebounding,1,724,250,24078,93.92,sam2,1.0,749.192,13.378
5013,rebounding,1,,,,,null,,,
5014,rebounding,1,,,,,null,,,
5015,rebounding,1,,,,,null,,,
5016,rebounding,1,724,250,23994,93.59,sam2,0.0,0.0,0.0
5017,rebounding,1,,,,,null,,,
5018,rebounding,1,,,,,null,,,
5019,rebounding,1,,,,,null,,,
5020,rebounding,1,724,250,24094,93.99,sam2,0.0,0.0,0.0
5021,rebounding,1,,,,,null,,,
5022,rebounding,1,,,,,null,,,
5023,rebounding,1,,,,,null,,,
5024,rebounding,1,724,250,23885,93.17,sam2,0.0,0.0,0.0
5025,rebounding,1,,,,,null,,,
5026,rebounding,1,,,,,null,,,
5027,rebounding,1,,,,,null,,,
5028,rebounding,1,724,250,23861,93.08,sam2,0.0,0.0,0.0
5029,rebounding,1,,,,,null,,,
5030,rebounding,1,,,,,null,,,
5031,rebounding,1,,,,,null,,,
5032,rebounding,1,725,250,23809,92.87,sam2,1.0,749.192,13.378
5033,rebounding,1,,,,,null,,,
5034,rebounding,1,,,,,null,,,
5035,rebounding,1,,,,,null,,,
5036,rebounding,1,724,250,24033,93.75,sam2,1.0,749.192,13.378
5037,rebounding,1,,,,,null,,,
5038,rebounding,1,,,,,null,,,
5039,rebounding,1,,,,,null,,,
5040,rebounding,1,724,250,23855,93.05,sam2,0.0,0.0,0.0
5041,rebounding,1,,,,,null,,,
5042,rebounding,1,,,,,null,,,
5043,rebounding,1,,,,,null,,,
5044,rebounding,1,724,250,23944,93.4,sam2,0.0,0.0,0.0
5045,rebounding,1,,,,,null,,,
5046,rebounding,1,,,,,null,,,
5047,rebounding,1,,,,,null,,,
5048,rebounding,1,724,250,23918,93.3,sam2,0.0,0.0,0.0
5049,rebounding,1,,,,,null,,,
5050,rebounding,1,,,,,null,,,
5051,rebounding,1,,,,,null,,,
5052,rebounding,1,724,250,24007,93.65,sam2,0.0,0.0,0.0
5053,rebounding,1,,,,,null,,,
5054,rebounding,1,,,,,null,,,
5055,rebounding,1,,,,,null,,,
5056,rebounding,1,724,250,23884,93.17,sam2,0.0,0.0,0.0
5057,rebounding,1,,,,,null,,,
5058,rebounding,1,,,,,null,,,
5059,rebounding,1,,,,,null,,,
5060,rebounding,1,724,250,23987,93.57,sam2,0.0,0.0,0.0
5061,rebounding,1,,,,,null,,,
5062,rebounding,1,,,,,null,,,
5063,rebounding,1,,,,,null,,,
5064,rebounding,1,724,250,24127,94.11,sam2,0.0,0.0,0.0
5065,rebounding,1,,,,,null,,,
5066,rebounding,1,,,,,null,,,
5067,rebounding,1,,,,,null,,,
5068,rebounding,1,724,250,23782,92.77,sam2,0.0,0.0,0.0
5069,rebounding,1,,,,,null,,,
5070,rebounding,1,,,,,null,,,
5071,rebounding,1,,,,,null,,,
5072,rebounding,1,724,250,23948,93.42,sam2,0.0,0.0,0.0
5073,rebounding,1,,,,,null,,,
5074,rebounding,1,,,,,null,,,
5075,rebounding,1,,,,,null,,,
5076,rebounding,1,724,250,23903,93.24,sam2,0.0,0.0,0.0
5077,rebounding,1,,,,,null,,,
5078,rebounding,1,,,,,null,,,
5079,rebounding,1,,,,,null,,,
5080,rebounding,1,724,249,23685,92.39,sam2,1.0,749.192,13.378
5081,rebounding,1,,,,,null,,,
5082,rebounding,1,,,,,null,,,
5083,rebounding,1,,,,,null,,,
5084,rebounding,1,724,250,23834,92.97,sam2,1.0,749.192,13.378
5085,rebounding,1,,,,,null,,,
5086,rebounding,1,,,,,null,,,
5087,rebounding,1,,,,,null,,,
5088,rebounding,1,724,250,23882,93.16,sam2,0.0,0.0,0.0
5089,rebounding,1,,,,,null,,,
5090,rebounding,1,,,,,null,,,
5091,rebounding,1,,,,,null,,,
5092,rebounding,1,724,250,23860,93.07,sam2,0.0,0.0,0.0
5093,rebounding,1,,,,,null,,,
5094,rebounding,1,,,,,null,,,
5095,rebounding,1,,,,,null,,,
5096,rebounding,1,724,250,23726,92.55,sam2,0.0,0.0,0.0
5097,rebounding,1,,,,,null,,,
5098,rebounding,1,,,,,null,,,
5099,rebounding,1,,,,,null,,,
5100,rebounding,1,724,250,23774,92.74,sam2,0.0,0.0,0.0
5101,rebounding,1,,,,,null,,,
5102,rebounding,1,,,,,null,,,
5103,rebounding,1,,,,,null,,,
5104,rebounding,1,724,250,23910,93.27,sam2,0.0,0.0,0.0
5105,rebounding,1,,,,,null,,,
5106,rebounding,1,,,,,null,,,
5107,rebounding,1,,,,,null,,,
5108,rebounding,1,724,250,24019,93.69,sam2,0.0,0.0,0.0
5109,rebounding,1,,,,,null,,,
5110,rebounding,1,,,,,null,,,
5111,rebounding,1,,,,,null,,,
5112,rebounding,1,724,250,23943,93.4,sam2,0.0,0.0,0.0
5113,rebounding,1,,,,,null,,,
5114,rebounding,1,,,,,null,,,
5115,rebounding,1,,,,,null,,,
5116,rebounding,1,724,250,23770,92.72,sam2,0.0,0.0,0.0
5117,rebounding,1,,,,,null,,,
5118,rebounding,1,,,,,null,,,
5119,rebounding,1,,,,,null,,,
5120,rebounding,1,724,250,23853,93.04,sam2,0.0,0.0,0.0
5121,rebounding,1,,,,,null,,,
5122,rebounding,1,,,,,null,,,
5123,rebounding,1,,,,,null,,,
5124,rebounding,1,724,250,23876,93.13,sam2,0.0,0.0,0.0
5125,rebounding,1,,,,,null,,,
5126,rebounding,1,,,,,null,,,
5127,rebounding,1,,,,,null,,,
5128,rebounding,1,725,250,23964,93.48,sam2,1.0,749.192,13.378
5129,rebounding,1,,,,,null,,,
5130,rebounding,1,,,,,null,,,
5131,rebounding,1,,,,,null,,,
5132,rebounding,1,724,250,23861,93.08,sam2,1.0,749.192,13.378
5133,rebounding,1,,,,,null,,,
5134,rebounding,1,,,,,null,,,
5135,rebounding,1,,,,,null,,,
5136,rebounding,1,724,250,23916,93.29,sam2,0.0,0.0,0.0
5137,rebounding,1,,,,,null,,,
5138,rebounding,1,,,,,null,,,
5139,rebounding,1,,,,,null,,,
5140,rebounding,1,724,250,23804,92.85,sam2,0.0,0.0,0.0
5141,rebounding,1,,,,,null,,,
5142,rebounding,1,,,,,null,,,
5143,rebounding,1,,,,,null,,,
5144,rebounding,1,724,250,23738,92.6,sam2,0.0,0.0,0.0
5145,rebounding,1,,,,,null,,,
5146,rebounding,1,,,,,null,,,
5147,rebounding,1,,,,,null,,,
5148,rebounding,1,724,250,23920,93.31,sam2,0.0,0.0,0.0
5149,rebounding,1,,,,,null,,,
5150,rebounding,1,,,,,null,,,
5151,rebounding,1,,,,,null,,,
5152,rebounding,1,724,250,23982,93.55,sam2,0.0,0.0,0.0
5153,rebounding,1,,,,,null,,,
5154,rebounding,1,,,,,null,,,
5155,rebounding,1,,,,,null,,,
5156,rebounding,1,725,250,23720,92.53,sam2,1.0,749.192,13.378
5157,rebounding,1,,,,,null,,,
5158,rebounding,1,,,,,null,,,
5159,rebounding,1,,,,,null,,,
5160,rebounding,1,725,250,23736,92.59,sam2,0.0,0.0,0.0
5161,rebounding,1,,,,,null,,,
5162,rebounding,1,,,,,null,,,
5163,rebounding,1,,,,,null,,,
5164,rebounding,1,724,250,23725,92.55,sam2,1.0,749.192,13.378
5165,rebounding,1,,,,,null,,,
5166,rebounding,1,,,,,null,,,
5167,rebounding,1,,,,,null,,,
5168,rebounding,1,724,250,23869,93.11,sam2,0.0,0.0,0.0
5169,rebounding,1,,,,,null,,,
5170,rebounding,1,,,,,null,,,
5171,rebounding,1,,,,,null,,,
5172,rebounding,1,724,250,23930,93.35,sam2,0.0,0.0,0.0
5173,rebounding,1,,,,,null,,,
5174,rebounding,1,,,,,null,,,
5175,rebounding,1,,,,,null,,,
5176,rebounding,1,724,250,23925,93.33,sam2,0.0,0.0,0.0
5177,rebounding,1,,,,,null,,,
5178,rebounding,1,,,,,null,,,
5179,rebounding,1,,,,,null,,,
5180,rebounding,1,724,250,23864,93.09,sam2,0.0,0.0,0.0
5181,rebounding,1,,,,,null,,,
5182,rebounding,1,,,,,null,,,
5183,rebounding,1,,,,,null,,,
5184,rebounding,1,724,250,23813,92.89,sam2,0.0,0.0,0.0
5185,rebounding,1,,,,,null,,,
5186,rebounding,1,,,,,null,,,
5187,rebounding,1,,,,,null,,,
5188,rebounding,1,724,250,23705,92.47,sam2,0.0,0.0,0.0
5189,rebounding,1,,,,,null,,,
5190,rebounding,1,,,,,null,,,
5191,rebounding,1,,,,,null,,,
5192,rebounding,1,724,250,23884,93.17,sam2,0.0,0.0,0.0
5193,rebounding,1,,,,,null,,,
5194,rebounding,1,,,,,null,,,
5195,rebounding,1,,,,,null,,,
5196,rebounding,1,724,250,23989,93.58,sam2,0.0,0.0,0.0
5197,rebounding,1,,,,,null,,,
5198,rebounding,1,,,,,null,,,
5199,rebounding,1,,,,,null,,,
5200,rebounding,1,724,250,23802,92.85,sam2,0.0,0.0,0.0
5201,rebounding,1,,,,,null,,,
5202,rebounding,1,,,,,null,,,
5203,rebounding,1,,,,,null,,,
5204,rebounding,1,724,250,23753,92.65,sam2,0.0,0.0,0.0
5205,rebounding,1,,,,,null,,,
5206,rebounding,1,,,,,null,,,
5207,rebounding,1,,,,,null,,,
5208,rebounding,1,724,250,23829,92.95,sam2,0.0,0.0,0.0
5209,rebounding,1,,,,,null,,,
5210,rebounding,1,,,,,null,,,
5211,rebounding,1,,,,,null,,,
5212,rebounding,1,724,250,23890,93.19,sam2,0.0,0.0,0.0
5213,rebounding,1,,,,,null,,,
5214,rebounding,1,,,,,null,,,
5215,rebounding,1,,,,,null,,,
5216,rebounding,1,724,250,23727,92.55,sam2,0.0,0.0,0.0
5217,rebounding,1,,,,,null,,,
5218,rebounding,1,,,,,null,,,
5219,rebounding,1,,,,,null,,,
5220,rebounding,1,724,250,23904,93.24,sam2,0.0,0.0,0.0
5221,rebounding,1,,,,,null,,,
5222,rebounding,1,,,,,null,,,
5223,rebounding,1,,,,,null,,,
5224,rebounding,1,724,250,24138,94.16,sam2,0.0,0.0,0.0
5225,rebounding,1,,,,,null,,,
5226,rebounding,1,,,,,null,,,
5227,rebounding,1,,,,,null,,,
5228,rebounding,1,724,250,23948,93.42,sam2,0.0,0.0,0.0
5229,rebounding,1,,,,,null,,,
5230,rebounding,1,,,,,null,,,
5231,rebounding,1,,,,,null,,,
5232,rebounding,1,724,250,23805,92.86,sam2,0.0,0.0,0.0
5233,rebounding,1,,,,,null,,,
5234,rebounding,1,,,,,null,,,
5235,rebounding,1,,,,,null,,,
5236,rebounding,1,724,250,23988,93.57,sam2,0.0,0.0,0.0
5237,rebounding,1,,,,,null,,,
5238,rebounding,1,,,,,null,,,
5239,rebounding,1,,,,,null,,,
5240,rebounding,1,724,250,23804,92.85,sam2,0.0,0.0,0.0
5241,rebounding,1,,,,,null,,,
5242,rebounding,1,,,,,null,,,
5243,rebounding,1,,,,,null,,,
5244,rebounding,1,724,250,23784,92.78,sam2,0.0,0.0,0.0
5245,rebounding,1,,,,,null,,,
5246,rebounding,1,,,,,null,,,
5247,rebounding,1,,,,,null,,,
5248,rebounding,1,725,250,23837,92.98,sam2,1.0,749.192,13.378
5249,rebounding,1,,,,,null,,,
5250,rebounding,1,,,,,null,,,
5251,rebounding,1,,,,,null,,,
5252,rebounding,1,724,250,23742,92.61,sam2,1.0,749.192,13.378
5253,rebounding,1,,,,,null,,,
5254,rebounding,1,,,,,null,,,
5255,rebounding,1,,,,,null,,,
5256,rebounding,1,724,250,23932,93.35,sam2,0.0,0.0,0.0
5257,rebounding,1,,,,,null,,,
5258,rebounding,1,,,,,null,,,
5259,rebounding,1,,,,,null,,,
5260,rebounding,1,724,250,23816,92.9,sam2,0.0,0.0,0.0
5261,rebounding,1,,,,,null,,,
5262,rebounding,1,,,,,null,,,
5263,rebounding,1,,,,,null,,,
5264,rebounding,1,724,250,23798,92.83,sam2,0.0,0.0,0.0
5265,rebounding,1,,,,,null,,,
5266,rebounding,1,,,,,null,,,
5267,rebounding,1,,,,,null,,,
5268,rebounding,1,724,250,23722,92.53,sam2,0.0,0.0,0.0
5269,rebounding,1,,,,,null,,,
5270,rebounding,1,,,,,null,,,
5271,rebounding,1,,,,,null,,,
5272,rebounding,1,724,250,23704,92.46,sam2,0.0,0.0,0.0
5273,rebounding,1,,,,,null,,,
5274,rebounding,1,,,,,null,,,
5275,rebounding,1,,,,,null,,,
5276,rebounding,1,725,250,23701,92.45,sam2,1.0,749.192,13.378
5277,rebounding,1,,,,,null,,,
5278,rebounding,1,,,,,null,,,
5279,rebounding,1,,,,,null,,,
5280,rebounding,1,724,250,23720,92.53,sam2,1.0,749.192,13.378
5281,rebounding,1,,,,,null,,,
5282,rebounding,1,,,,,null,,,
5283,rebounding,1,,,,,null,,,
5284,rebounding,1,724,250,23926,93.33,sam2,0.0,0.0,0.0
5285,rebounding,1,,,,,null,,,
5286,rebounding,1,,,,,null,,,
5287,rebounding,1,,,,,null,,,
5288,rebounding,1,724,250,23852,93.04,sam2,0.0,0.0,0.0
5289,rebounding,1,,,,,null,,,
5290,rebounding,1,,,,,null,,,
5291,rebounding,1,,,,,null,,,
5292,rebounding,1,724,250,23888,93.18,sam2,0.0,0.0,0.0
5293,rebounding,1,,,,,null,,,
5294,rebounding,1,,,,,null,,,
5295,rebounding,1,,,,,null,,,
5296,rebounding,1,724,250,23867,93.1,sam2,0.0,0.0,0.0
5297,rebounding,1,,,,,null,,,
5298,rebounding,1,,,,,null,,,
5299,rebounding,1,,,,,null,,,
5300,rebounding,1,724,250,23914,93.28,sam2,0.0,0.0,0.0
5301,rebounding,1,,,,,null,,,
5302,rebounding,1,,,,,null,,,
5303,rebounding,1,,,,,null,,,
5304,rebounding,1,724,250,23897,93.22,sam2,0.0,0.0,0.0
5305,rebounding,1,,,,,null,,,
5306,rebounding,1,,,,,null,,,
5307,rebounding,1,,,,,null,,,
5308,rebounding,1,724,250,23807,92.87,sam2,0.0,0.0,0.0
5309,rebounding,1,,,,,null,,,
5310,rebounding,1,,,,,null,,,
5311,rebounding,1,,,,,null,,,
5312,rebounding,1,724,250,23849,93.03,sam2,0.0,0.0,0.0
5313,rebounding,1,,,,,null,,,
5314,rebounding,1,,,,,null,,,
5315,rebounding,1,,,,,null,,,
5316,rebounding,1,724,250,23832,92.96,sam2,0.0,0.0,0.0
5317,rebounding,1,,,,,null,,,
5318,rebounding,1,,,,,null,,,
5319,rebounding,1,,,,,null,,,
5320,rebounding,1,724,250,23894,93.2,sam2,0.0,0.0,0.0
5321,rebounding,1,,,,,null,,,
5322,rebounding,1,,,,,null,,,
5323,rebounding,1,,,,,null,,,
5324,rebounding,1,724,250,23810,92.88,sam2,0.0,0.0,0.0
5325,rebounding,1,,,,,null,,,
5326,rebounding,1,,,,,null,,,
5327,rebounding,1,,,,,null,,,
5328,rebounding,1,724,250,23791,92.8,sam2,0.0,0.0,0.0
5329,rebounding,1,,,,,null,,,
5330,rebounding,1,,,,,null,,,
5331,rebounding,1,,,,,null,,,
5332,rebounding,1,724,250,23775,92.74,sam2,0.0,0.0,0.0
5333,rebounding,1,,,,,null,,,
5334,rebounding,1,,,,,null,,,
5335,rebounding,1,,,,,null,,,
5336,rebounding,1,724,250,23867,93.1,sam2,0.0,0.0,0.0
5337,rebounding,1,,,,,null,,,
5338,rebounding,1,,,,,null,,,
5339,rebounding,1,,,,,null,,,
5340,rebounding,1,724,250,23875,93.13,sam2,0.0,0.0,0.0
5341,rebounding,1,,,,,null,,,
5342,rebounding,1,,,,,null,,,
5343,rebounding,1,,,,,null,,,
5344,rebounding,1,724,250,23947,93.41,sam2,0.0,0.0,0.0
5345,rebounding,1,,,,,null,,,
5346,rebounding,1,,,,,null,,,
5347,rebounding,1,,,,,null,,,
5348,rebounding,1,724,250,23775,92.74,sam2,0.0,0.0,0.0
5349,rebounding,1,,,,,null,,,
5350,rebounding,1,,,,,null,,,
5351,rebounding,1,,,,,null,,,
5352,rebounding,1,724,249,23695,92.43,sam2,1.0,749.192,13.378
5353,rebounding,1,,,,,null,,,
5354,rebounding,1,,,,,null,,,
5355,rebounding,1,,,,,null,,,
5356,rebounding,1,724,249,23669,92.33,sam2,0.0,0.0,0.0
5357,rebounding,1,,,,,null,,,
5358,rebounding,1,,,,,null,,,
5359,rebounding,1,,,,,null,,,
5360,rebounding,1,724,250,23834,92.97,sam2,1.0,749.192,13.378
5361,rebounding,1,,,,,null,,,
5362,rebounding,1,,,,,null,,,
5363,rebounding,1,,,,,null,,,
5364,rebounding,1,724,250,23730,92.57,sam2,0.0,0.0,0.0
5365,rebounding,1,,,,,null,,,
5366,rebounding,1,,,,,null,,,
5367,rebounding,1,,,,,null,,,
5368,rebounding,1,724,250,23886,93.17,sam2,0.0,0.0,0.0
5369,rebounding,1,,,,,null,,,
5370,rebounding,1,,,,,null,,,
5371,rebounding,1,,,,,null,,,
5372,rebounding,1,724,250,23776,92.74,sam2,0.0,0.0,0.0
5373,rebounding,1,,,,,null,,,
5374,rebounding,1,,,,,null,,,
5375,rebounding,1,,,,,null,,,
5376,rebounding,1,724,250,23991,93.58,sam2,0.0,0.0,0.0
5377,rebounding,1,,,,,null,,,
5378,rebounding,1,,,,,null,,,
5379,rebounding,1,,,,,null,,,
5380,rebounding,1,725,250,23834,92.97,sam2,1.0,749.192,13.378
5381,rebounding,1,,,,,null,,,
5382,rebounding,1,,,,,null,,,
5383,rebounding,1,,,,,null,,,
5384,rebounding,1,725,250,23835,92.97,sam2,0.0,0.0,0.0
5385,rebounding,1,,,,,null,,,
5386,rebounding,1,,,,,null,,,
5387,rebounding,1,,,,,null,,,
5388,rebounding,1,724,250,23847,93.02,sam2,1.0,749.192,13.378
5389,rebounding,1,,,,,null,,,
5390,rebounding,1,,,,,null,,,
5391,rebounding,1,,,,,null,,,
5392,rebounding,1,725,250,23858,93.06,sam2,1.0,749.192,13.378
5393,rebounding,1,,,,,null,,,
5394,rebounding,1,,,,,null,,,
5395,rebounding,1,,,,,null,,,
5396,rebounding,1,724,250,24010,93.66,sam2,1.0,749.192,13.378
5397,rebounding,1,,,,,null,,,
5398,rebounding,1,,,,,null,,,
5399,rebounding,1,,,,,null,,,
5400,rebounding,1,725,250,23744,92.62,sam2,1.0,749.192,13.378
5401,rebounding,1,,,,,null,,,
5402,rebounding,1,,,,,null,,,
5403,rebounding,1,,,,,null,,,
5404,rebounding,1,725,249,23657,92.28,sam2,1.0,749.192,13.378
5405,rebounding,1,,,,,null,,,
5406,rebounding,1,,,,,null,,,
5407,rebounding,1,,,,,null,,,
5408,rebounding,1,725,249,23675,92.35,sam2,0.0,0.0,0.0
5409,rebounding,1,,,,,null,,,
5410,rebounding,1,,,,,null,,,
5411,rebounding,1,,,,,null,,,
5412,rebounding,1,724,250,23984,93.56,sam2,1.414,1059.517,18.92
5413,rebounding,1,,,,,null,,,
5414,rebounding,1,,,,,null,,,
5415,rebounding,1,,,,,null,,,
5416,rebounding,1,724,250,23930,93.35,sam2,0.0,0.0,0.0
5417,rebounding,1,,,,,null,,,
5418,rebounding,1,,,,,null,,,
5419,rebounding,1,,,,,null,,,
5420,rebounding,1,724,250,23710,92.49,sam2,0.0,0.0,0.0
5421,rebounding,1,,,,,null,,,
5422,rebounding,1,,,,,null,,,
5423,rebounding,1,,,,,null,,,
5424,rebounding,1,724,250,23799,92.83,sam2,0.0,0.0,0.0
5425,rebounding,1,,,,,null,,,
5426,rebounding,1,,,,,null,,,
5427,rebounding,1,,,,,null,,,
5428,rebounding,1,725,249,23662,92.3,sam2,1.414,1059.517,18.92
5429,rebounding,1,,,,,null,,,
5430,rebounding,1,,,,,null,,,
5431,rebounding,1,,,,,null,,,
5432,rebounding,1,725,250,23906,93.25,sam2,1.0,749.192,13.378
5433,rebounding,1,,,,,null,,,
5434,rebounding,1,,,,,null,,,
5435,rebounding,1,,,,,null,,,
5436,rebounding,1,724,250,23851,93.04,sam2,1.0,749.192,13.378
5437,rebounding,1,,,,,null,,,
5438,rebounding,1,,,,,null,,,
5439,rebounding,1,,,,,null,,,
5440,rebounding,1,724,250,23923,93.32,sam2,0.0,0.0,0.0
5441,rebounding,1,,,,,null,,,
5442,rebounding,1,,,,,null,,,
5443,rebounding,1,,,,,null,,,
5444,rebounding,1,724,250,23886,93.17,sam2,0.0,0.0,0.0
5445,rebounding,1,,,,,null,,,
5446,rebounding,1,,,,,null,,,
5447,rebounding,1,,,,,null,,,
5448,rebounding,1,724,250,23885,93.17,sam2,0.0,0.0,0.0
5449,rebounding,1,,,,,null,,,
5450,rebounding,1,,,,,null,,,
5451,rebounding,1,,,,,null,,,
5452,rebounding,1,724,250,23884,93.17,sam2,0.0,0.0,0.0
5453,rebounding,1,,,,,null,,,
5454,rebounding,1,,,,,null,,,
5455,rebounding,1,,,,,null,,,
5456,rebounding,1,724,250,23883,93.16,sam2,0.0,0.0,0.0
5457,rebounding,1,,,,,null,,,
5458,rebounding,1,,,,,null,,,
5459,rebounding,1,,,,,null,,,
5460,rebounding,1,724,250,23731,92.57,sam2,0.0,0.0,0.0
5461,rebounding,1,,,,,null,,,
5462,rebounding,1,,,,,null,,,
5463,rebounding,1,,,,,null,,,
5464,rebounding,1,724,250,24040,93.77,sam2,0.0,0.0,0.0
5465,rebounding,1,,,,,null,,,
5466,rebounding,1,,,,,null,,,
5467,rebounding,1,,,,,null,,,
5468,rebounding,1,724,250,23908,93.26,sam2,0.0,0.0,0.0
5469,rebounding,1,,,,,null,,,
5470,rebounding,1,,,,,null,,,
5471,rebounding,1,,,,,null,,,
5472,rebounding,1,724,250,23782,92.77,sam2,0.0,0.0,0.0
5473,rebounding,1,,,,,null,,,
5474,rebounding,1,,,,,null,,,
5475,rebounding,1,,,,,null,,,
5476,rebounding,1,724,250,23912,93.28,sam2,0.0,0.0,0.0
5477,rebounding,1,,,,,null,,,
5478,rebounding,1,,,,,null,,,
5479,rebounding,1,,,,,null,,,
5480,rebounding,1,724,250,23839,92.99,sam2,0.0,0.0,0.0
5481,rebounding,1,,,,,null,,,
5482,rebounding,1,,,,,null,,,
5483,rebounding,1,,,,,null,,,
5484,rebounding,1,724,250,23957,93.45,sam2,0.0,0.0,0.0
5485,rebounding,1,,,,,null,,,
5486,rebounding,1,,,,,null,,,
5487,rebounding,1,,,,,null,,,
5488,rebounding,1,724,250,23741,92.61,sam2,0.0,0.0,0.0
5489,rebounding,1,,,,,null,,,
5490,rebounding,1,,,,,null,,,
5491,rebounding,1,,,,,null,,,
5492,rebounding,1,724,250,23735,92.58,sam2,0.0,0.0,0.0
5493,rebounding,1,,,,,null,,,
5494,rebounding,1,,,,,null,,,
5495,rebounding,1,,,,,null,,,
5496,rebounding,1,724,250,23825,92.94,sam2,0.0,0.0,0.0
5497,rebounding,1,,,,,null,,,
5498,rebounding,1,,,,,null,,,
5499,rebounding,1,,,,,null,,,
5500,rebounding,1,724,250,23833,92.97,sam2,0.0,0.0,0.0
5501,rebounding,1,,,,,null,,,
5502,rebounding,1,,,,,null,,,
5503,rebounding,1,,,,,null,,,
5504,rebounding,1,724,250,23898,93.22,sam2,0.0,0.0,0.0
5505,rebounding,1,,,,,null,,,
5506,rebounding,1,,,,,null,,,
5507,rebounding,1,,,,,null,,,
5508,rebounding,1,724,250,23740,92.6,sam2,0.0,0.0,0.0
5509,rebounding,1,,,,,null,,,
5510,rebounding,1,,,,,null,,,
5511,rebounding,1,,,,,null,,,
5512,rebounding,1,724,250,23951,93.43,sam2,0.0,0.0,0.0
5513,rebounding,1,,,,,null,,,
5514,rebounding,1,,,,,null,,,
5515,rebounding,1,,,,,null,,,
5516,rebounding,1,724,250,23882,93.16,sam2,0.0,0.0,0.0
5517,rebounding,1,,,,,null,,,
5518,rebounding,1,,,,,null,,,
5519,rebounding,1,,,,,null,,,
5520,rebounding,1,724,250,24064,93.87,sam2,0.0,0.0,0.0
5521,rebounding,1,,,,,null,,,
5522,rebounding,1,,,,,null,,,
5523,rebounding,1,,,,,null,,,
5524,rebounding,1,724,250,23815,92.9,sam2,0.0,0.0,0.0
5525,rebounding,1,,,,,null,,,
5526,rebounding,1,,,,,null,,,
5527,rebounding,1,,,,,null,,,
5528,rebounding,1,724,250,24006,93.64,sam2,0.0,0.0,0.0
5529,rebounding,1,,,,,null,,,
5530,rebounding,1,,,,,null,,,
5531,rebounding,1,,,,,null,,,
5532,rebounding,1,724,250,23981,93.54,sam2,0.0,0.0,0.0
5533,rebounding,1,,,,,null,,,
5534,rebounding,1,,,,,null,,,
5535,rebounding,1,,,,,null,,,
5536,rebounding,1,724,250,24058,93.84,sam2,0.0,0.0,0.0
5537,rebounding,1,,,,,null,,,
5538,rebounding,1,,,,,null,,,
5539,rebounding,1,,,,,null,,,
5540,rebounding,1,724,250,24001,93.62,sam2,0.0,0.0,0.0
5541,rebounding,1,,,,,null,,,
5542,rebounding,1,,,,,null,,,
5543,rebounding,1,,,,,null,,,
5544,rebounding,1,724,250,23813,92.89,sam2,0.0,0.0,0.0
5545,rebounding,1,,,,,null,,,
5546,rebounding,1,,,,,null,,,
5547,rebounding,1,,,,,null,,,
5548,rebounding,1,724,250,23920,93.31,sam2,0.0,0.0,0.0
5549,rebounding,1,,,,,null,,,
5550,rebounding,1,,,,,null,,,
5551,rebounding,1,,,,,null,,,
5552,rebounding,1,724,250,23895,93.21,sam2,0.0,0.0,0.0
5553,rebounding,1,,,,,null,,,
5554,rebounding,1,,,,,null,,,
5555,rebounding,1,,,,,null,,,
5556,rebounding,1,724,250,23767,92.71,sam2,0.0,0.0,0.0
5557,rebounding,1,,,,,null,,,
5558,rebounding,1,,,,,null,,,
5559,rebounding,1,,,,,null,,,
5560,rebounding,1,724,250,23794,92.81,sam2,0.0,0.0,0.0
5561,rebounding,1,,,,,null,,,
5562,rebounding,1,,,,,null,,,
5563,rebounding,1,,,,,null,,,
5564,rebounding,1,724,250,23818,92.91,sam2,0.0,0.0,0.0
5565,rebounding,1,,,,,null,,,
5566,rebounding,1,,,,,null,,,
5567,rebounding,1,,,,,null,,,
5568,rebounding,1,724,250,23721,92.53,sam2,0.0,0.0,0.0
5569,rebounding,1,,,,,null,,,
5570,rebounding,1,,,,,null,,,
5571,rebounding,1,,,,,null,,,
5572,rebounding,1,724,250,23808,92.87,sam2,0.0,0.0,0.0
5573,rebounding,1,,,,,null,,,
5574,rebounding,1,,,,,null,,,
5575,rebounding,1,,,,,null,,,
5576,rebounding,1,724,249,23667,92.32,sam2,1.0,749.192,13.378
5577,rebounding,1,,,,,null,,,
5578,rebounding,1,,,,,null,,,
5579,rebounding,1,,,,,null,,,
5580,rebounding,1,724,250,23760,92.68,sam2,1.0,749.192,13.378
5581,rebounding,1,,,,,null,,,
5582,rebounding,1,,,,,null,,,
5583,rebounding,1,,,,,null,,,
5584,rebounding,1,724,250,23961,93.47,sam2,0.0,0.0,0.0
5585,rebounding,1,,,,,null,,,
5586,rebounding,1,,,,,null,,,
5587,rebounding,1,,,,,null,,,
5588,rebounding,1,724,250,23894,93.2,sam2,0.0,0.0,0.0
5589,rebounding,1,,,,,null,,,
5590,rebounding,1,,,,,null,,,
5591,rebounding,1,,,,,null,,,
5592,rebounding,1,724,250,23908,93.26,sam2,0.0,0.0,0.0
5593,rebounding,1,,,,,null,,,
5594,rebounding,1,,,,,null,,,
5595,rebounding,1,,,,,null,,,
5596,rebounding,1,724,250,23782,92.77,sam2,0.0,0.0,0.0
5597,rebounding,1,,,,,null,,,
5598,rebounding,1,,,,,null,,,
5599,rebounding,1,,,,,null,,,
5600,rebounding,1,724,250,23736,92.59,sam2,0.0,0.0,0.0
5601,rebounding,1,,,,,null,,,
5602,rebounding,1,,,,,null,,,
5603,rebounding,1,,,,,null,,,
5604,rebounding,1,724,250,23838,92.99,sam2,0.0,0.0,0.0
5605,rebounding,1,,,,,null,,,
5606,rebounding,1,,,,,null,,,
5607,rebounding,1,,,,,null,,,
5608,rebounding,1,724,250,23907,93.26,sam2,0.0,0.0,0.0
5609,rebounding,1,,,,,null,,,
5610,rebounding,1,,,,,null,,,
5611,rebounding,1,,,,,null,,,
5612,rebounding,1,724,250,24019,93.69,sam2,0.0,0.0,0.0
5613,rebounding,1,,,,,null,,,
5614,rebounding,1,,,,,null,,,
5615,rebounding,1,,,,,null,,,
5616,rebounding,1,725,250,24042,93.78,sam2,1.0,749.192,13.378
5617,rebounding,1,,,,,null,,,
5618,rebounding,1,,,,,null,,,
5619,rebounding,1,,,,,null,,,
5620,rebounding,1,724,250,23973,93.51,sam2,1.0,749.192,13.378
5621,rebounding,1,,,,,null,,,
5622,rebounding,1,,,,,null,,,
5623,rebounding,1,,,,,null,,,
5624,rebounding,1,725,250,23823,92.93,sam2,1.0,749.192,13.378
5625,rebounding,1,,,,,null,,,
5626,rebounding,1,,,,,null,,,
5627,rebounding,1,,,,,null,,,
5628,rebounding,1,724,249,23687,92.4,sam2,1.414,1059.517,18.92
5629,rebounding,1,,,,,null,,,
5630,rebounding,1,,,,,null,,,
5631,rebounding,1,,,,,null,,,
5632,rebounding,1,724,250,23810,92.88,sam2,1.0,749.192,13.378
5633,rebounding,1,,,,,null,,,
5634,rebounding,1,,,,,null,,,
5635,rebounding,1,,,,,null,,,
5636,rebounding,1,724,250,23933,93.36,sam2,0.0,0.0,0.0
5637,rebounding,1,,,,,null,,,
5638,rebounding,1,,,,,null,,,
5639,rebounding,1,,,,,null,,,
5640,rebounding,1,725,250,23840,92.99,sam2,1.0,749.192,13.378
5641,rebounding,1,,,,,null,,,
5642,rebounding,1,,,,,null,,,
5643,rebounding,1,,,,,null,,,
5644,rebounding,1,724,250,23928,93.34,sam2,1.0,749.192,13.378
5645,rebounding,1,,,,,null,,,
5646,rebounding,1,,,,,null,,,
5647,rebounding,1,,,,,null,,,
5648,rebounding,1,724,250,23939,93.38,sam2,0.0,0.0,0.0
5649,rebounding,1,,,,,null,,,
5650,rebounding,1,,,,,null,,,
5651,rebounding,1,,,,,null,,,
5652,rebounding,1,724,250,23896,93.21,sam2,0.0,0.0,0.0
5653,rebounding,1,,,,,null,,,
5654,rebounding,1,,,,,null,,,
5655,rebounding,1,,,,,null,,,
5656,rebounding,1,724,250,23862,93.08,sam2,0.0,0.0,0.0
5657,rebounding,1,,,,,null,,,
5658,rebounding,1,,,,,null,,,
5659,rebounding,1,,,,,null,,,
5660,rebounding,1,725,250,23760,92.68,sam2,1.0,749.192,13.378
5661,rebounding,1,,,,,null,,,
5662,rebounding,1,,,,,null,,,
5663,rebounding,1,,,,,null,,,
5664,rebounding,1,724,250,23913,93.28,sam2,1.0,749.192,13.378
5665,rebounding,1,,,,,null,,,
5666,rebounding,1,,,,,null,,,
5667,rebounding,1,,,,,null,,,
5668,rebounding,1,724,250,23792,92.81,sam2,0.0,0.0,0.0
5669,rebounding,1,,,,,null,,,
5670,rebounding,1,,,,,null,,,
5671,rebounding,1,,,,,null,,,
5672,rebounding,1,724,250,23863,93.08,sam2,0.0,0.0,0.0
5673,rebounding,1,,,,,null,,,
5674,rebounding,1,,,,,null,,,
5675,rebounding,1,,,,,null,,,
5676,rebounding,1,724,250,23779,92.76,sam2,0.0,0.0,0.0
5677,rebounding,1,,,,,null,,,
5678,rebounding,1,,,,,null,,,
5679,rebounding,1,,,,,null,,,
5680,rebounding,1,725,249,23658,92.28,sam2,1.414,1059.517,18.92
5681,rebounding,1,,,,,null,,,
5682,rebounding,1,,,,,null,,,
5683,rebounding,1,,,,,null,,,
5684,rebounding,1,724,250,23764,92.7,sam2,1.414,1059.517,18.92
5685,rebounding,1,,,,,null,,,
5686,rebounding,1,,,,,null,,,
5687,rebounding,1,,,,,null,,,
5688,rebounding,1,724,250,23921,93.31,sam2,0.0,0.0,0.0
5689,rebounding,1,,,,,null,,,
5690,rebounding,1,,,,,null,,,
5691,rebounding,1,,,,,null,,,
5692,rebounding,1,724,250,24094,93.99,sam2,0.0,0.0,0.0
5693,rebounding,1,,,,,null,,,
5694,rebounding,1,,,,,null,,,
5695,rebounding,1,,,,,null,,,
5696,rebounding,1,725,250,23791,92.8,sam2,1.0,749.192,13.378
5697,rebounding,1,,,,,null,,,
5698,rebounding,1,,,,,null,,,
5699,rebounding,1,,,,,null,,,
5700,rebounding,1,724,250,23712,92.49,sam2,1.0,749.192,13.378
5701,rebounding,1,,,,,null,,,
5702,rebounding,1,,,,,null,,,
5703,rebounding,1,,,,,null,,,
5704,rebounding,1,724,250,23780,92.76,sam2,0.0,0.0,0.0
5705,rebounding,1,,,,,null,,,
5706,rebounding,1,,,,,null,,,
5707,rebounding,1,,,,,null,,,
5708,rebounding,1,724,250,23771,92.73,sam2,0.0,0.0,0.0
5709,rebounding,1,,,,,null,,,
5710,rebounding,1,,,,,null,,,
5711,rebounding,1,,,,,null,,,
5712,rebounding,1,724,250,23928,93.34,sam2,0.0,0.0,0.0
5713,rebounding,1,,,,,null,,,
5714,rebounding,1,,,,,null,,,
5715,rebounding,1,,,,,null,,,
5716,rebounding,1,724,250,23832,92.96,sam2,0.0,0.0,0.0
5717,rebounding,1,,,,,null,,,
5718,rebounding,1,,,,,null,,,
5719,rebounding,1,,,,,null,,,
5720,rebounding,1,725,250,23735,92.58,sam2,1.0,749.192,13.378
5721,rebounding,1,,,,,null,,,
5722,rebounding,1,,,,,null,,,
5723,rebounding,1,,,,,null,,,
5724,rebounding,1,725,250,23884,93.17,sam2,0.0,0.0,0.0
5725,rebounding,1,,,,,null,,,
5726,rebounding,1,,,,,null,,,
5727,rebounding,1,,,,,null,,,
5728,rebounding,1,724,250,23833,92.97,sam2,1.0,749.192,13.378
5729,rebounding,1,,,,,null,,,
5730,rebounding,1,,,,,null,,,
5731,rebounding,1,,,,,null,,,
5732,rebounding,1,725,250,23736,92.59,sam2,1.0,749.192,13.378
5733,rebounding,1,,,,,null,,,
5734,rebounding,1,,,,,null,,,
5735,rebounding,1,,,,,null,,,
5736,rebounding,1,724,250,23737,92.59,sam2,1.0,749.192,13.378
5737,rebounding,1,,,,,null,,,
5738,rebounding,1,,,,,null,,,
5739,rebounding,1,,,,,null,,,
5740,rebounding,1,724,250,23753,92.65,sam2,0.0,0.0,0.0
5741,rebounding,1,,,,,null,,,
5742,rebounding,1,,,,,null,,,
5743,rebounding,1,,,,,null,,,
5744,rebounding,1,724,250,23900,93.23,sam2,0.0,0.0,0.0
5745,rebounding,1,,,,,null,,,
5746,rebounding,1,,,,,null,,,
5747,rebounding,1,,,,,null,,,
5748,rebounding,1,724,250,24003,93.63,sam2,0.0,0.0,0.0
5749,rebounding,1,,,,,null,,,
5750,rebounding,1,,,,,null,,,
5751,rebounding,1,,,,,null,,,
5752,rebounding,1,724,250,23999,93.61,sam2,0.0,0.0,0.0
5753,rebounding,1,,,,,null,,,
5754,rebounding,1,,,,,null,,,
5755,rebounding,1,,,,,null,,,
5756,rebounding,1,724,250,23969,93.5,sam2,0.0,0.0,0.0
5757,rebounding,1,,,,,null,,,
5758,rebounding,1,,,,,null,,,
5759,rebounding,1,,,,,null,,,
5760,rebounding,1,724,250,23921,93.31,sam2,0.0,0.0,0.0
5761,rebounding,1,,,,,null,,,
5762,rebounding,1,,,,,null,,,
5763,rebounding,1,,,,,null,,,
5764,rebounding,1,725,250,23904,93.24,sam2,1.0,749.192,13.378
5765,rebounding,1,,,,,null,,,
5766,rebounding,1,,,,,null,,,
5767,rebounding,1,,,,,null,,,
5768,rebounding,1,724,250,23912,93.28,sam2,1.0,749.192,13.378
5769,rebounding,1,,,,,null,,,
5770,rebounding,1,,,,,null,,,
5771,rebounding,1,,,,,null,,,
5772,rebounding,1,724,250,24005,93.64,sam2,0.0,0.0,0.0
5773,rebounding,1,,,,,null,,,
5774,rebounding,1,,,,,null,,,
5775,rebounding,1,,,,,null,,,
5776,rebounding,1,724,250,23966,93.49,sam2,0.0,0.0,0.0
5777,rebounding,1,,,,,null,,,
5778,rebounding,1,,,,,null,,,
5779,rebounding,1,,,,,null,,,
5780,rebounding,1,724,250,23935,93.36,sam2,0.0,0.0,0.0
5781,rebounding,1,,,,,null,,,
5782,rebounding,1,,,,,null,,,
5783,rebounding,1,,,,,null,,,
5784,rebounding,1,724,250,23815,92.9,sam2,0.0,0.0,0.0
5785,rebounding,1,,,,,null,,,
5786,rebounding,1,,,,,null,,,
5787,rebounding,1,,,,,null,,,
5788,rebounding,1,724,250,24176,94.3,sam2,0.0,0.0,0.0
5789,rebounding,1,,,,,null,,,
5790,rebounding,1,,,,,null,,,
5791,rebounding,1,,,,,null,,,
5792,rebounding,1,724,250,23856,93.06,sam2,0.0,0.0,0.0
5793,rebounding,1,,,,,null,,,
5794,rebounding,1,,,,,null,,,
5795,rebounding,1,,,,,null,,,
5796,rebounding,1,724,250,23871,93.12,sam2,0.0,0.0,0.0
5797,rebounding,1,,,,,null,,,
5798,rebounding,1,,,,,null,,,
5799,rebounding,1,,,,,null,,,
5800,rebounding,1,724,250,23993,93.59,sam2,0.0,0.0,0.0
5801,rebounding,1,,,,,null,,,
5802,rebounding,1,,,,,null,,,
5803,rebounding,1,,,,,null,,,
5804,rebounding,1,724,250,24100,94.01,sam2,0.0,0.0,0.0
5805,rebounding,1,,,,,null,,,
5806,rebounding,1,,,,,null,,,
5807,rebounding,1,,,,,null,,,
5808,rebounding,1,724,250,24052,93.82,sam2,0.0,0.0,0.0
5809,rebounding,1,,,,,null,,,
5810,rebounding,1,,,,,null,,,
5811,rebounding,1,,,,,null,,,
5812,rebounding,1,724,250,23923,93.32,sam2,0.0,0.0,0.0
5813,rebounding,1,,,,,null,,,
5814,rebounding,1,,,,,null,,,
5815,rebounding,1,,,,,null,,,
5816,rebounding,1,724,250,23787,92.79,sam2,0.0,0.0,0.0
5817,rebounding,1,,,,,null,,,
5818,rebounding,1,,,,,null,,,
5819,rebounding,1,,,,,null,,,
5820,rebounding,1,724,250,24033,93.75,sam2,0.0,0.0,0.0
5821,rebounding,1,,,,,null,,,
5822,rebounding,1,,,,,null,,,
5823,rebounding,1,,,,,null,,,
5824,rebounding,1,724,250,23931,93.35,sam2,0.0,0.0,0.0
5825,rebounding,1,,,,,null,,,
5826,rebounding,1,,,,,null,,,
5827,rebounding,1,,,,,null,,,
5828,rebounding,1,724,250,24127,94.11,sam2,0.0,0.0,0.0
5829,rebounding,1,,,,,null,,,
5830,rebounding,1,,,,,null,,,
5831,rebounding,1,,,,,null,,,
5832,rebounding,1,724,250,23968,93.49,sam2,0.0,0.0,0.0
5833,rebounding,1,,,,,null,,,
5834,rebounding,1,,,,,null,,,
5835,rebounding,1,,,,,null,,,
5836,rebounding,1,724,250,23723,92.54,sam2,0.0,0.0,0.0
5837,rebounding,1,,,,,null,,,
5838,rebounding,1,,,,,null,,,
5839,rebounding,1,,,,,null,,,
5840,rebounding,1,724,250,23840,92.99,sam2,0.0,0.0,0.0
5841,rebounding,1,,,,,null,,,
5842,rebounding,1,,,,,null,,,
5843,rebounding,1,,,,,null,,,
5844,rebounding,1,724,250,23947,93.41,sam2,0.0,0.0,0.0
5845,rebounding,1,,,,,null,,,
5846,rebounding,1,,,,,null,,,
5847,rebounding,1,,,,,null,,,
5848,rebounding,1,724,250,23838,92.99,sam2,0.0,0.0,0.0
5849,rebounding,1,,,,,null,,,
5850,rebounding,1,,,,,null,,,
5851,rebounding,1,,,,,null,,,
5852,rebounding,1,724,250,23987,93.57,sam2,0.0,0.0,0.0
5853,rebounding,1,,,,,null,,,
5854,rebounding,1,,,,,null,,,
5855,rebounding,1,,,,,null,,,
5856,rebounding,1,724,250,24058,93.84,sam2,0.0,0.0,0.0
5857,rebounding,1,,,,,null,,,
5858,rebounding,1,,,,,null,,,
5859,rebounding,1,,,,,null,,,
5860,rebounding,1,724,250,23884,93.17,sam2,0.0,0.0,0.0
5861,rebounding,1,,,,,null,,,
5862,rebounding,1,,,,,null,,,
5863,rebounding,1,,,,,null,,,
5864,rebounding,1,724,250,23787,92.79,sam2,0.0,0.0,0.0
5865,rebounding,1,,,,,null,,,
5866,rebounding,1,,,,,null,,,
5867,rebounding,1,,,,,null,,,
5868,rebounding,1,724,250,23853,93.04,sam2,0.0,0.0,0.0
5869,rebounding,1,,,,,null,,,
5870,rebounding,1,,,,,null,,,
5871,rebounding,1,,,,,null,,,
5872,rebounding,1,724,250,23715,92.51,sam2,0.0,0.0,0.0
5873,rebounding,1,,,,,null,,,
5874,rebounding,1,,,,,null,,,
5875,rebounding,1,,,,,null,,,
5876,rebounding,1,724,250,23942,93.39,sam2,0.0,0.0,0.0
5877,rebounding,1,,,,,null,,,
5878,rebounding,1,,,,,null,,,
5879,rebounding,1,,,,,null,,,
5880,rebounding,1,724,250,24007,93.65,sam2,0.0,0.0,0.0
5881,rebounding,1,,,,,null,,,
5882,rebounding,1,,,,,null,,,
5883,rebounding,1,,,,,null,,,
5884,rebounding,1,724,250,23976,93.52,sam2,0.0,0.0,0.0
5885,rebounding,1,,,,,null,,,
5886,rebounding,1,,,,,null,,,
5887,rebounding,1,,,,,null,,,
5888,rebounding,1,724,250,23991,93.58,sam2,0.0,0.0,0.0
5889,rebounding,1,,,,,null,,,
5890,rebounding,1,,,,,null,,,
5891,rebounding,1,,,,,null,,,
5892,rebounding,1,724,250,23870,93.11,sam2,0.0,0.0,0.0
5893,rebounding,1,,,,,null,,,
5894,rebounding,1,,,,,null,,,
5895,rebounding,1,,,,,null,,,
5896,rebounding,1,724,250,23787,92.79,sam2,0.0,0.0,0.0
5897,rebounding,1,,,,,null,,,
5898,rebounding,1,,,,,null,,,
5899,rebounding,1,,,,,null,,,
5900,rebounding,1,724,250,23927,93.33,sam2,0.0,0.0,0.0
5901,rebounding,1,,,,,null,,,
5902,rebounding,1,,,,,null,,,
5903,rebounding,1,,,,,null,,,
5904,rebounding,1,724,250,23957,93.45,sam2,0.0,0.0,0.0
5905,rebounding,1,,,,,null,,,
5906,rebounding,1,,,,,null,,,
5907,rebounding,1,,,,,null,,,
5908,rebounding,1,724,250,23914,93.28,sam2,0.0,0.0,0.0
5909,rebounding,1,,,,,null,,,
5910,rebounding,1,,,,,null,,,
5911,rebounding,1,,,,,null,,,
5912,rebounding,1,724,250,23991,93.58,sam2,0.0,0.0,0.0
5913,rebounding,1,,,,,null,,,
5914,rebounding,1,,,,,null,,,
5915,rebounding,1,,,,,null,,,
5916,rebounding,1,724,250,23854,93.05,sam2,0.0,0.0,0.0
5917,rebounding,1,,,,,null,,,
5918,rebounding,1,,,,,null,,,
5919,rebounding,1,,,,,null,,,
5920,rebounding,1,724,250,23946,93.41,sam2,0.0,0.0,0.0
5921,rebounding,1,,,,,null,,,
5922,rebounding,1,,,,,null,,,
5923,rebounding,1,,,,,null,,,
5924,rebounding,1,724,250,24007,93.65,sam2,0.0,0.0,0.0
5925,rebounding,1,,,,,null,,,
5926,rebounding,1,,,,,null,,,
5927,rebounding,1,,,,,null,,,
5928,rebounding,1,724,250,23937,93.37,sam2,0.0,0.0,0.0
5929,rebounding,1,,,,,null,,,
5930,rebounding,1,,,,,null,,,
5931,rebounding,1,,,,,null,,,
5932,rebounding,1,724,250,23961,93.47,sam2,0.0,0.0,0.0
5933,rebounding,1,,,,,null,,,
5934,rebounding,1,,,,,null,,,
5935,rebounding,1,,,,,null,,,
5936,rebounding,1,724,250,24031,93.74,sam2,0.0,0.0,0.0
5937,rebounding,1,,,,,null,,,
5938,rebounding,1,,,,,null,,,
5939,rebounding,1,,,,,null,,,
5940,rebounding,1,724,250,23835,92.97,sam2,0.0,0.0,0.0
5941,rebounding,1,,,,,null,,,
5942,rebounding,1,,,,,null,,,
5943,rebounding,1,,,,,null,,,
5944,rebounding,1,724,250,24024,93.71,sam2,0.0,0.0,0.0
5945,rebounding,1,,,,,null,,,
5946,rebounding,1,,,,,null,,,
5947,rebounding,1,,,,,null,,,
5948,rebounding,1,724,251,24213,94.45,sam2,1.0,749.192,13.378
5949,rebounding,1,,,,,null,,,
5950,rebounding,1,,,,,null,,,
5951,rebounding,1,,,,,null,,,
5952,rebounding,1,724,250,23836,92.98,sam2,1.0,749.192,13.378
5953,rebounding,1,,,,,null,,,
5954,rebounding,1,,,,,null,,,
5955,rebounding,1,,,,,null,,,
5956,rebounding,1,724,250,23948,93.42,sam2,0.0,0.0,0.0
5957,rebounding,1,,,,,null,,,
5958,rebounding,1,,,,,null,,,
5959,rebounding,1,,,,,null,,,
5960,rebounding,1,724,250,24004,93.63,sam2,0.0,0.0,0.0
5961,rebounding,1,,,,,null,,,
5962,rebounding,1,,,,,null,,,
5963,rebounding,1,,,,,null,,,
5964,rebounding,1,724,250,23803,92.85,sam2,0.0,0.0,0.0
5965,rebounding,1,,,,,null,,,
5966,rebounding,1,,,,,null,,,
5967,rebounding,1,,,,,null,,,
5968,rebounding,1,724,250,24142,94.17,sam2,0.0,0.0,0.0
5969,rebounding,1,,,,,null,,,
5970,rebounding,1,,,,,null,,,
5971,rebounding,1,,,,,null,,,
5972,rebounding,1,724,250,23901,93.23,sam2,0.0,0.0,0.0
5973,rebounding,1,,,,,null,,,
5974,rebounding,1,,,,,null,,,
5975,rebounding,1,,,,,null,,,
5976,rebounding,1,724,250,23891,93.19,sam2,0.0,0.0,0.0
5977,rebounding,1,,,,,null,,,
5978,rebounding,1,,,,,null,,,
5979,rebounding,1,,,,,null,,,
5980,rebounding,1,724,250,24055,93.83,sam2,0.0,0.0,0.0
5981,rebounding,1,,,,,null,,,
5982,rebounding,1,,,,,null,,,
5983,rebounding,1,,,,,null,,,
5984,rebounding,1,724,250,24097,94.0,sam2,0.0,0.0,0.0
5985,rebounding,1,,,,,null,,,
5986,rebounding,1,,,,,null,,,
5987,rebounding,1,,,,,null,,,
5988,rebounding,1,724,250,23948,93.42,sam2,0.0,0.0,0.0
5989,rebounding,1,,,,,null,,,
5990,rebounding,1,,,,,null,,,
5991,rebounding,1,,,,,null,,,
5992,rebounding,1,724,250,23889,93.19,sam2,0.0,0.0,0.0
5993,rebounding,1,,,,,null,,,
5994,rebounding,1,,,,,null,,,
5995,rebounding,1,,,,,null,,,
5996,rebounding,1,724,250,24034,93.75,sam2,0.0,0.0,0.0
5997,rebounding,1,,,,,null,,,
5998,rebounding,1,,,,,null,,,
5999,rebounding,1,,,,,null,,,
6000,rebounding,1,724,250,23894,93.2,sam2,0.0,0.0,0.0
6001,rebounding,1,,,,,null,,,
6002,rebounding,1,,,,,null,,,
6003,rebounding,1,,,,,null,,,
6004,rebounding,1,724,250,23796,92.82,sam2,0.0,0.0,0.0
6005,rebounding,1,,,,,null,,,
6006,rebounding,1,,,,,null,,,
6007,rebounding,1,,,,,null,,,
6008,rebounding,1,724,250,24032,93.74,sam2,0.0,0.0,0.0
6009,rebounding,1,,,,,null,,,
6010,rebounding,1,,,,,null,,,
6011,rebounding,1,,,,,null,,,
6012,rebounding,1,724,250,24063,93.86,sam2,0.0,0.0,0.0
6013,rebounding,1,,,,,null,,,
6014,rebounding,1,,,,,null,,,
6015,rebounding,1,,,,,null,,,
6016,rebounding,1,724,250,23824,92.93,sam2,0.0,0.0,0.0
6017,rebounding,1,,,,,null,,,
6018,rebounding,1,,,,,null,,,
6019,rebounding,1,,,,,null,,,
6020,rebounding,1,724,250,23813,92.89,sam2,0.0,0.0,0.0
6021,rebounding,1,,,,,null,,,
6022,rebounding,1,,,,,null,,,
6023,rebounding,1,,,,,null,,,
6024,rebounding,1,724,250,23999,93.61,sam2,0.0,0.0,0.0
6025,rebounding,1,,,,,null,,,
6026,rebounding,1,,,,,null,,,
6027,rebounding,1,,,,,null,,,
6028,rebounding,1,724,250,23953,93.44,sam2,0.0,0.0,0.0
6029,rebounding,1,,,,,null,,,
6030,rebounding,1,,,,,null,,,
6031,rebounding,1,,,,,null,,,
6032,rebounding,1,724,251,24191,94.36,sam2,1.0,749.192,13.378
6033,rebounding,1,,,,,null,,,
6034,rebounding,1,,,,,null,,,
6035,rebounding,1,,,,,null,,,
6036,rebounding,1,724,250,23935,93.36,sam2,1.0,749.192,13.378
6037,rebounding,1,,,,,null,,,
6038,rebounding,1,,,,,null,,,
6039,rebounding,1,,,,,null,,,
6040,rebounding,1,724,250,23878,93.14,sam2,0.0,0.0,0.0
6041,rebounding,1,,,,,null,,,
6042,rebounding,1,,,,,null,,,
6043,rebounding,1,,,,,null,,,
6044,rebounding,1,724,250,24132,94.13,sam2,0.0,0.0,0.0
6045,rebounding,1,,,,,null,,,
6046,rebounding,1,,,,,null,,,
6047,rebounding,1,,,,,null,,,
6048,rebounding,1,724,250,23707,92.48,sam2,0.0,0.0,0.0
6049,rebounding,1,,,,,null,,,
6050,rebounding,1,,,,,null,,,
6051,rebounding,1,,,,,null,,,
6052,rebounding,1,724,250,23797,92.83,sam2,0.0,0.0,0.0
6053,rebounding,1,,,,,null,,,
6054,rebounding,1,,,,,null,,,
6055,rebounding,1,,,,,null,,,
6056,rebounding,1,724,250,23856,93.06,sam2,0.0,0.0,0.0
6057,rebounding,1,,,,,null,,,
6058,rebounding,1,,,,,null,,,
6059,rebounding,1,,,,,null,,,
6060,rebounding,1,724,250,23939,93.38,sam2,0.0,0.0,0.0
6061,rebounding,1,,,,,null,,,
6062,rebounding,1,,,,,null,,,
6063,rebounding,1,,,,,null,,,
6064,rebounding,1,724,250,23911,93.27,sam2,0.0,0.0,0.0
6065,rebounding,1,,,,,null,,,
6066,rebounding,1,,,,,null,,,
6067,rebounding,1,,,,,null,,,
6068,rebounding,1,724,250,24078,93.92,sam2,0.0,0.0,0.0
6069,rebounding,1,,,,,null,,,
6070,rebounding,1,,,,,null,,,
6071,rebounding,1,,,,,null,,,
6072,rebounding,1,724,250,23732,92.57,sam2,0.0,0.0,0.0
6073,rebounding,1,,,,,null,,,
6074,rebounding,1,,,,,null,,,
6075,rebounding,1,,,,,null,,,
6076,rebounding,1,724,250,23799,92.83,sam2,0.0,0.0,0.0
6077,rebounding,1,,,,,null,,,
6078,rebounding,1,,,,,null,,,
6079,rebounding,1,,,,,null,,,
6080,rebounding,1,724,250,24118,94.08,sam2,0.0,0.0,0.0
6081,rebounding,1,,,,,null,,,
6082,rebounding,1,,,,,null,,,
6083,rebounding,1,,,,,null,,,
6084,rebounding,1,724,250,24003,93.63,sam2,0.0,0.0,0.0
6085,rebounding,1,,,,,null,,,
6086,rebounding,1,,,,,null,,,
6087,rebounding,1,,,,,null,,,
6088,rebounding,1,724,250,23839,92.99,sam2,0.0,0.0,0.0
6089,rebounding,1,,,,,null,,,
6090,rebounding,1,,,,,null,,,
6091,rebounding,1,,,,,null,,,
6092,rebounding,1,724,250,23893,93.2,sam2,0.0,0.0,0.0
6093,rebounding,1,,,,,null,,,
6094,rebounding,1,,,,,null,,,
6095,rebounding,1,,,,,null,,,
6096,rebounding,1,724,250,23888,93.18,sam2,0.0,0.0,0.0
6097,rebounding,1,,,,,null,,,
6098,rebounding,1,,,,,null,,,
6099,rebounding,1,,,,,null,,,
6100,rebounding,1,724,250,23712,92.49,sam2,0.0,0.0,0.0
6101,rebounding,1,,,,,null,,,
6102,rebounding,1,,,,,null,,,
6103,rebounding,1,,,,,null,,,
6104,rebounding,1,724,250,23754,92.66,sam2,0.0,0.0,0.0
6105,rebounding,1,,,,,null,,,
6106,rebounding,1,,,,,null,,,
6107,rebounding,1,,,,,null,,,
6108,rebounding,1,724,250,23965,93.48,sam2,0.0,0.0,0.0
6109,rebounding,1,,,,,null,,,
6110,rebounding,1,,,,,null,,,
6111,rebounding,1,,,,,null,,,
6112,rebounding,1,724,250,23884,93.17,sam2,0.0,0.0,0.0
6113,rebounding,1,,,,,null,,,
6114,rebounding,1,,,,,null,,,
6115,rebounding,1,,,,,null,,,
6116,rebounding,1,724,250,24010,93.66,sam2,0.0,0.0,0.0
6117,rebounding,1,,,,,null,,,
6118,rebounding,1,,,,,null,,,
6119,rebounding,1,,,,,null,,,
6120,rebounding,1,724,250,23762,92.69,sam2,0.0,0.0,0.0
6121,rebounding,1,,,,,null,,,
6122,rebounding,1,,,,,null,,,
6123,rebounding,1,,,,,null,,,
6124,rebounding,1,724,250,24049,93.81,sam2,0.0,0.0,0.0
6125,rebounding,1,,,,,null,,,
6126,rebounding,1,,,,,null,,,
6127,rebounding,1,,,,,null,,,
6128,rebounding,1,724,250,23931,93.35,sam2,0.0,0.0,0.0
6129,rebounding,1,,,,,null,,,
6130,rebounding,1,,,,,null,,,
6131,rebounding,1,,,,,null,,,
6132,rebounding,1,724,250,23940,93.38,sam2,0.0,0.0,0.0
6133,rebounding,1,,,,,null,,,
6134,rebounding,1,,,,,null,,,
6135,rebounding,1,,,,,null,,,
6136,rebounding,1,724,250,23953,93.44,sam2,0.0,0.0,0.0
6137,rebounding,1,,,,,null,,,
6138,rebounding,1,,,,,null,,,
6139,rebounding,1,,,,,null,,,
6140,rebounding,1,724,250,23934,93.36,sam2,0.0,0.0,0.0
6141,rebounding,1,,,,,null,,,
6142,rebounding,1,,,,,null,,,
6143,rebounding,1,,,,,null,,,
6144,rebounding,1,724,250,23891,93.19,sam2,0.0,0.0,0.0
6145,rebounding,1,,,,,null,,,
6146,rebounding,1,,,,,null,,,
6147,rebounding,1,,,,,null,,,
6148,rebounding,1,724,250,24052,93.82,sam2,0.0,0.0,0.0
6149,rebounding,1,,,,,null,,,
6150,rebounding,1,,,,,null,,,
6151,rebounding,1,,,,,null,,,
6152,rebounding,1,725,250,23773,92.73,sam2,1.0,749.192,13.378
6153,rebounding,1,,,,,null,,,
6154,rebounding,1,,,,,null,,,
6155,rebounding,1,,,,,null,,,
6156,rebounding,1,724,250,23849,93.03,sam2,1.0,749.192,13.378
6157,rebounding,1,,,,,null,,,
6158,rebounding,1,,,,,null,,,
6159,rebounding,1,,,,,null,,,
6160,rebounding,1,724,250,23844,93.01,sam2,0.0,0.0,0.0
6161,rebounding,1,,,,,null,,,
6162,rebounding,1,,,,,null,,,
6163,rebounding,1,,,,,null,,,
6164,rebounding,1,724,250,23924,93.32,sam2,0.0,0.0,0.0
6165,rebounding,1,,,,,null,,,
6166,rebounding,1,,,,,null,,,
6167,rebounding,1,,,,,null,,,
6168,rebounding,1,724,250,23904,93.24,sam2,0.0,0.0,0.0
6169,rebounding,1,,,,,null,,,
6170,rebounding,1,,,,,null,,,
6171,rebounding,1,,,,,null,,,
6172,rebounding,1,724,250,23835,92.97,sam2,0.0,0.0,0.0
6173,rebounding,1,,,,,null,,,
6174,rebounding,1,,,,,null,,,
6175,rebounding,1,,,,,null,,,
6176,rebounding,1,724,250,23753,92.65,sam2,0.0,0.0,0.0
6177,rebounding,1,,,,,null,,,
6178,rebounding,1,,,,,null,,,
6179,rebounding,1,,,,,null,,,
6180,rebounding,1,724,250,23786,92.78,sam2,0.0,0.0,0.0
6181,rebounding,1,,,,,null,,,
6182,rebounding,1,,,,,null,,,
6183,rebounding,1,,,,,null,,,
6184,rebounding,1,724,250,23782,92.77,sam2,0.0,0.0,0.0
6185,rebounding,1,,,,,null,,,
6186,rebounding,1,,,,,null,,,
6187,rebounding,1,,,,,null,,,
6188,rebounding,1,724,250,24149,94.2,sam2,0.0,0.0,0.0
6189,rebounding,1,,,,,null,,,
6190,rebounding,1,,,,,null,,,
6191,rebounding,1,,,,,null,,,
6192,rebounding,1,724,250,23893,93.2,sam2,0.0,0.0,0.0
6193,rebounding,1,,,,,null,,,
6194,rebounding,1,,,,,null,,,
6195,rebounding,1,,,,,null,,,
6196,rebounding,1,724,250,24104,94.02,sam2,0.0,0.0,0.0
6197,rebounding,1,,,,,null,,,
6198,rebounding,1,,,,,null,,,
6199,rebounding,1,,,,,null,,,
6200,rebounding,1,724,250,23694,92.42,sam2,0.0,0.0,0.0
6201,rebounding,1,,,,,null,,,
6202,rebounding,1,,,,,null,,,
6203,rebounding,1,,,,,null,,,
6204,rebounding,1,724,250,23969,93.5,sam2,0.0,0.0,0.0
6205,rebounding,1,,,,,null,,,
6206,rebounding,1,,,,,null,,,
6207,rebounding,1,,,,,null,,,
6208,rebounding,1,724,250,24048,93.81,sam2,0.0,0.0,0.0
6209,rebounding,1,,,,,null,,,
6210,rebounding,1,,,,,null,,,
6211,rebounding,1,,,,,null,,,
6212,rebounding,1,724,250,24004,93.63,sam2,0.0,0.0,0.0
6213,rebounding,1,,,,,null,,,
6214,rebounding,1,,,,,null,,,
6215,rebounding,1,,,,,null,,,
6216,rebounding,1,724,250,23948,93.42,sam2,0.0,0.0,0.0
6217,rebounding,1,,,,,null,,,
6218,rebounding,1,,,,,null,,,
6219,rebounding,1,,,,,null,,,
6220,rebounding,1,725,250,23752,92.65,sam2,1.0,749.192,13.378
6221,rebounding,1,,,,,null,,,
6222,rebounding,1,,,,,null,,,
6223,rebounding,1,,,,,null,,,
6224,rebounding,1,724,250,23918,93.3,sam2,1.0,749.192,13.378
6225,rebounding,1,,,,,null,,,
6226,rebounding,1,,,,,null,,,
6227,rebounding,1,,,,,null,,,
6228,rebounding,1,724,250,23825,92.94,sam2,0.0,0.0,0.0
6229,rebounding,1,,,,,null,,,
6230,rebounding,1,,,,,null,,,
6231,rebounding,1,,,,,null,,,
6232,rebounding,1,724,250,23967,93.49,sam2,0.0,0.0,0.0
6233,rebounding,1,,,,,null,,,
6234,rebounding,1,,,,,null,,,
6235,rebounding,1,,,,,null,,,
6236,rebounding,1,724,250,23772,92.73,sam2,0.0,0.0,0.0
6237,rebounding,1,,,,,null,,,
6238,rebounding,1,,,,,null,,,
6239,rebounding,1,,,,,null,,,
6240,rebounding,1,724,250,23684,92.39,sam2,0.0,0.0,0.0
6241,rebounding,1,,,,,null,,,
6242,rebounding,1,,,,,null,,,
6243,rebounding,1,,,,,null,,,
6244,rebounding,1,724,250,23757,92.67,sam2,0.0,0.0,0.0
6245,rebounding,1,,,,,null,,,
6246,rebounding,1,,,,,null,,,
6247,rebounding,1,,,,,null,,,
6248,rebounding,1,724,250,23941,93.39,sam2,0.0,0.0,0.0
6249,rebounding,1,,,,,null,,,
6250,rebounding,1,,,,,null,,,
6251,rebounding,1,,,,,null,,,
6252,rebounding,1,724,250,23888,93.18,sam2,0.0,0.0,0.0
6253,rebounding,1,,,,,null,,,
6254,rebounding,1,,,,,null,,,
6255,rebounding,1,,,,,null,,,
6256,rebounding,1,725,250,23756,92.67,sam2,1.0,749.192,13.378
6257,rebounding,1,,,,,null,,,
6258,rebounding,1,,,,,null,,,
6259,rebounding,1,,,,,null,,,
6260,rebounding,1,724,250,23835,92.97,sam2,1.0,749.192,13.378
6261,rebounding,1,,,,,null,,,
6262,rebounding,1,,,,,null,,,
6263,rebounding,1,,,,,null,,,
6264,rebounding,1,724,250,23802,92.85,sam2,0.0,0.0,0.0
6265,rebounding,1,,,,,null,,,
6266,rebounding,1,,,,,null,,,
6267,rebounding,1,,,,,null,,,
6268,rebounding,1,724,250,23918,93.3,sam2,0.0,0.0,0.0
6269,rebounding,1,,,,,null,,,
6270,rebounding,1,,,,,null,,,
6271,rebounding,1,,,,,null,,,
6272,rebounding,1,724,250,23853,93.04,sam2,0.0,0.0,0.0
6273,rebounding,1,,,,,null,,,
6274,rebounding,1,,,,,null,,,
6275,rebounding,1,,,,,null,,,
6276,rebounding,1,724,250,23874,93.13,sam2,0.0,0.0,0.0
6277,rebounding,1,,,,,null,,,
6278,rebounding,1,,,,,null,,,
6279,rebounding,1,,,,,null,,,
6280,rebounding,1,724,250,23970,93.5,sam2,0.0,0.0,0.0
6281,rebounding,1,,,,,null,,,
6282,rebounding,1,,,,,null,,,
6283,rebounding,1,,,,,null,,,
6284,rebounding,1,724,250,23839,92.99,sam2,0.0,0.0,0.0
6285,rebounding,1,,,,,null,,,
6286,rebounding,1,,,,,null,,,
6287,rebounding,1,,,,,null,,,
6288,rebounding,1,724,250,23940,93.38,sam2,0.0,0.0,0.0
6289,rebounding,1,,,,,null,,,
6290,rebounding,1,,,,,null,,,
6291,rebounding,1,,,,,null,,,
6292,rebounding,1,724,250,23721,92.53,sam2,0.0,0.0,0.0
6293,rebounding,1,,,,,null,,,
6294,rebounding,1,,,,,null,,,
6295,rebounding,1,,,,,null,,,
6296,rebounding,1,725,250,24081,93.93,sam2,1.0,749.192,13.378
6297,rebounding,1,,,,,null,,,
6298,rebounding,1,,,,,null,,,
6299,rebounding,1,,,,,null,,,
6300,rebounding,1,724,250,23920,93.31,sam2,1.0,749.192,13.378
6301,rebounding,1,,,,,null,,,
6302,rebounding,1,,,,,null,,,
6303,rebounding,1,,,,,null,,,
6304,rebounding,1,724,250,23956,93.45,sam2,0.0,0.0,0.0
6305,rebounding,1,,,,,null,,,
6306,rebounding,1,,,,,null,,,
6307,rebounding,1,,,,,null,,,
6308,rebounding,1,724,250,23750,92.64,sam2,0.0,0.0,0.0
6309,rebounding,1,,,,,null,,,
6310,rebounding,1,,,,,null,,,
6311,rebounding,1,,,,,null,,,
6312,rebounding,1,724,250,23867,93.1,sam2,0.0,0.0,0.0
6313,rebounding,1,,,,,null,,,
6314,rebounding,1,,,,,null,,,
6315,rebounding,1,,,,,null,,,
6316,rebounding,1,724,250,23790,92.8,sam2,0.0,0.0,0.0
6317,rebounding,1,,,,,null,,,
6318,rebounding,1,,,,,null,,,
6319,rebounding,1,,,,,null,,,
6320,rebounding,1,724,250,23903,93.24,sam2,0.0,0.0,0.0
6321,rebounding,1,,,,,null,,,
6322,rebounding,1,,,,,null,,,
6323,rebounding,1,,,,,null,,,
6324,rebounding,1,724,250,24044,93.79,sam2,0.0,0.0,0.0
6325,rebounding,1,,,,,null,,,
6326,rebounding,1,,,,,null,,,
6327,rebounding,1,,,,,null,,,
6328,rebounding,1,724,250,23814,92.89,sam2,0.0,0.0,0.0
6329,rebounding,1,,,,,null,,,
6330,rebounding,1,,,,,null,,,
6331,rebounding,1,,,,,null,,,
6332,rebounding,1,724,250,23992,93.59,sam2,0.0,0.0,0.0
6333,rebounding,1,,,,,null,,,
6334,rebounding,1,,,,,null,,,
6335,rebounding,1,,,,,null,,,
6336,rebounding,1,724,250,23794,92.81,sam2,0.0,0.0,0.0
6337,rebounding,1,,,,,null,,,
6338,rebounding,1,,,,,null,,,
6339,rebounding,1,,,,,null,,,
6340,rebounding,1,724,250,23881,93.15,sam2,0.0,0.0,0.0
6341,rebounding,1,,,,,null,,,
6342,rebounding,1,,,,,null,,,
6343,rebounding,1,,,,,null,,,
6344,rebounding,1,724,250,24042,93.78,sam2,0.0,0.0,0.0
6345,rebounding,1,,,,,null,,,
6346,rebounding,1,,,,,null,,,
6347,rebounding,1,,,,,null,,,
6348,rebounding,1,724,250,23941,93.39,sam2,0.0,0.0,0.0
6349,rebounding,1,,,,,null,,,
6350,rebounding,1,,,,,null,,,
6351,rebounding,1,,,,,null,,,
6352,rebounding,1,724,249,23654,92.27,sam2,1.0,749.192,13.378
6353,rebounding,1,,,,,null,,,
6354,rebounding,1,,,,,null,,,
6355,rebounding,1,,,,,null,,,
6356,rebounding,1,724,250,23818,92.91,sam2,1.0,749.192,13.378
6357,rebounding,1,,,,,null,,,
6358,rebounding,1,,,,,null,,,
6359,rebounding,1,,,,,null,,,
6360,rebounding,1,724,250,23840,92.99,sam2,0.0,0.0,0.0
6361,rebounding,1,,,,,null,,,
6362,rebounding,1,,,,,null,,,
6363,rebounding,1,,,,,null,,,
6364,rebounding,1,724,250,23798,92.83,sam2,0.0,0.0,0.0
6365,rebounding,1,,,,,null,,,
6366,rebounding,1,,,,,null,,,
6367,rebounding,1,,,,,null,,,
6368,rebounding,1,724,249,23643,92.23,sam2,1.0,749.192,13.378
6369,rebounding,1,,,,,null,,,
6370,rebounding,1,,,,,null,,,
6371,rebounding,1,,,,,null,,,
6372,rebounding,1,724,250,23735,92.58,sam2,1.0,749.192,13.378
6373,rebounding,1,,,,,null,,,
6374,rebounding,1,,,,,null,,,
6375,rebounding,1,,,,,null,,,
6376,rebounding,1,724,250,23811,92.88,sam2,0.0,0.0,0.0
6377,rebounding,1,,,,,null,,,
6378,rebounding,1,,,,,null,,,
6379,rebounding,1,,,,,null,,,
6380,rebounding,1,724,249,23619,92.13,sam2,1.0,749.192,13.378
6381,rebounding,1,,,,,null,,,
6382,rebounding,1,,,,,null,,,
6383,rebounding,1,,,,,null,,,
6384,rebounding,1,724,250,23827,92.94,sam2,1.0,749.192,13.378
6385,rebounding,1,,,,,null,,,
6386,rebounding,1,,,,,null,,,
6387,rebounding,1,,,,,null,,,
6388,rebounding,1,724,250,23820,92.92,sam2,0.0,0.0,0.0
6389,rebounding,1,,,,,null,,,
6390,rebounding,1,,,,,null,,,
6391,rebounding,1,,,,,null,,,
6392,rebounding,1,724,250,23700,92.45,sam2,0.0,0.0,0.0
6393,rebounding,1,,,,,null,,,
6394,rebounding,1,,,,,null,,,
6395,rebounding,1,,,,,null,,,
6396,rebounding,1,724,250,23683,92.38,sam2,0.0,0.0,0.0
6397,rebounding,1,,,,,null,,,
6398,rebounding,1,,,,,null,,,
6399,rebounding,1,,,,,null,,,
6400,rebounding,1,725,250,23831,92.96,sam2,1.0,749.192,13.378
6401,rebounding,1,,,,,null,,,
6402,rebounding,1,,,,,null,,,
6403,rebounding,1,,,,,null,,,
6404,rebounding,1,724,249,23622,92.14,sam2,1.414,1059.517,18.92
6405,rebounding,1,,,,,null,,,
6406,rebounding,1,,,,,null,,,
6407,rebounding,1,,,,,null,,,
6408,rebounding,1,724,250,23876,93.13,sam2,1.0,749.192,13.378
6409,rebounding,1,,,,,null,,,
6410,rebounding,1,,,,,null,,,
6411,rebounding,1,,,,,null,,,
6412,rebounding,1,724,249,23608,92.09,sam2,1.0,749.192,13.378
6413,rebounding,1,,,,,null,,,
6414,rebounding,1,,,,,null,,,
6415,rebounding,1,,,,,null,,,
6416,rebounding,1,724,250,23801,92.84,sam2,1.0,749.192,13.378
6417,rebounding,1,,,,,null,,,
6418,rebounding,1,,,,,null,,,
6419,rebounding,1,,,,,null,,,
6420,rebounding,1,724,250,23860,93.07,sam2,0.0,0.0,0.0
6421,rebounding,1,,,,,null,,,
6422,rebounding,1,,,,,null,,,
6423,rebounding,1,,,,,null,,,
6424,rebounding,1,724,250,23868,93.1,sam2,0.0,0.0,0.0
6425,rebounding,1,,,,,null,,,
6426,rebounding,1,,,,,null,,,
6427,rebounding,1,,,,,null,,,
6428,rebounding,1,724,250,23820,92.92,sam2,0.0,0.0,0.0
6429,rebounding,1,,,,,null,,,
6430,rebounding,1,,,,,null,,,
6431,rebounding,1,,,,,null,,,
6432,rebounding,1,724,250,23753,92.65,sam2,0.0,0.0,0.0
6433,rebounding,1,,,,,null,,,
6434,rebounding,1,,,,,null,,,
6435,rebounding,1,,,,,null,,,
6436,rebounding,1,724,250,23739,92.6,sam2,0.0,0.0,0.0
6437,rebounding,1,,,,,null,,,
6438,rebounding,1,,,,,null,,,
6439,rebounding,1,,,,,null,,,
6440,rebounding,1,724,250,23700,92.45,sam2,0.0,0.0,0.0
6441,rebounding,1,,,,,null,,,
6442,rebounding,1,,,,,null,,,
6443,rebounding,1,,,,,null,,,
6444,rebounding,1,724,250,23985,93.56,sam2,0.0,0.0,0.0
6445,rebounding,1,,,,,null,,,
6446,rebounding,1,,,,,null,,,
6447,rebounding,1,,,,,null,,,
6448,rebounding,1,724,250,23904,93.24,sam2,0.0,0.0,0.0
6449,rebounding,1,,,,,null,,,
6450,rebounding,1,,,,,null,,,
6451,rebounding,1,,,,,null,,,
6452,rebounding,1,724,250,23914,93.28,sam2,0.0,0.0,0.0
6453,rebounding,1,,,,,null,,,
6454,rebounding,1,,,,,null,,,
6455,rebounding,1,,,,,null,,,
6456,rebounding,1,724,250,23881,93.15,sam2,0.0,0.0,0.0
6457,rebounding,1,,,,,null,,,
6458,rebounding,1,,,,,null,,,
6459,rebounding,1,,,,,null,,,
6460,rebounding,1,724,250,23875,93.13,sam2,0.0,0.0,0.0
6461,rebounding,1,,,,,null,,,
6462,rebounding,1,,,,,null,,,
6463,rebounding,1,,,,,null,,,
6464,rebounding,1,724,250,23855,93.05,sam2,0.0,0.0,0.0
6465,rebounding,1,,,,,null,,,
6466,rebounding,1,,,,,null,,,
6467,rebounding,1,,,,,null,,,
6468,rebounding,1,724,250,23960,93.46,sam2,0.0,0.0,0.0
6469,rebounding,1,,,,,null,,,
6470,rebounding,1,,,,,null,,,
6471,rebounding,1,,,,,null,,,
6472,rebounding,1,724,250,23943,93.4,sam2,0.0,0.0,0.0
6473,rebounding,1,,,,,null,,,
6474,rebounding,1,,,,,null,,,
6475,rebounding,1,,,,,null,,,
6476,rebounding,1,724,250,23872,93.12,sam2,0.0,0.0,0.0
6477,rebounding,1,,,,,null,,,
6478,rebounding,1,,,,,null,,,
6479,rebounding,1,,,,,null,,,
6480,rebounding,1,724,250,23771,92.73,sam2,0.0,0.0,0.0
6481,rebounding,1,,,,,null,,,
6482,rebounding,1,,,,,null,,,
6483,rebounding,1,,,,,null,,,
6484,rebounding,1,724,250,23822,92.92,sam2,0.0,0.0,0.0
6485,rebounding,1,,,,,null,,,
6486,rebounding,1,,,,,null,,,
6487,rebounding,1,,,,,null,,,
6488,rebounding,1,724,250,24012,93.67,sam2,0.0,0.0,0.0
6489,rebounding,1,,,,,null,,,
6490,rebounding,1,,,,,null,,,
6491,rebounding,1,,,,,null,,,
6492,rebounding,1,724,250,23942,93.39,sam2,0.0,0.0,0.0
6493,rebounding,1,,,,,null,,,
6494,rebounding,1,,,,,null,,,
6495,rebounding,1,,,,,null,,,
6496,rebounding,1,724,250,23915,93.29,sam2,0.0,0.0,0.0
6497,rebounding,1,,,,,null,,,
6498,rebounding,1,,,,,null,,,
6499,rebounding,1,,,,,null,,,
6500,rebounding,1,724,250,24093,93.98,sam2,0.0,0.0,0.0
6501,rebounding,1,,,,,null,,,
6502,rebounding,1,,,,,null,,,
6503,rebounding,1,,,,,null,,,
6504,rebounding,1,724,250,23835,92.97,sam2,0.0,0.0,0.0
6505,rebounding,1,,,,,null,,,
6506,rebounding,1,,,,,null,,,
6507,rebounding,1,,,,,null,,,
6508,rebounding,1,724,250,23916,93.29,sam2,0.0,0.0,0.0
6509,rebounding,1,,,,,null,,,
6510,rebounding,1,,,,,null,,,
6511,rebounding,1,,,,,null,,,
6512,rebounding,1,724,250,23954,93.44,sam2,0.0,0.0,0.0
6513,rebounding,1,,,,,null,,,
6514,rebounding,1,,,,,null,,,
6515,rebounding,1,,,,,null,,,
6516,rebounding,1,724,250,23742,92.61,sam2,0.0,0.0,0.0
6517,rebounding,1,,,,,null,,,
6518,rebounding,1,,,,,null,,,
6519,rebounding,1,,,,,null,,,
6520,rebounding,1,724,250,23908,93.26,sam2,0.0,0.0,0.0
6521,rebounding,1,,,,,null,,,
6522,rebounding,1,,,,,null,,,
6523,rebounding,1,,,,,null,,,
6524,rebounding,1,724,250,23954,93.44,sam2,0.0,0.0,0.0
6525,rebounding,1,,,,,null,,,
6526,rebounding,1,,,,,null,,,
6527,rebounding,1,,,,,null,,,
6528,rebounding,1,724,250,24008,93.65,sam2,0.0,0.0,0.0
6529,rebounding,1,,,,,null,,,
6530,rebounding,1,,,,,null,,,
6531,rebounding,1,,,,,null,,,
6532,rebounding,1,724,250,24025,93.72,sam2,0.0,0.0,0.0
6533,rebounding,1,,,,,null,,,
6534,rebounding,1,,,,,null,,,
6535,rebounding,1,,,,,null,,,
6536,rebounding,1,724,250,24080,93.93,sam2,0.0,0.0,0.0
6537,rebounding,1,,,,,null,,,
6538,rebounding,1,,,,,null,,,
6539,rebounding,1,,,,,null,,,
6540,rebounding,1,724,250,23951,93.43,sam2,0.0,0.0,0.0
6541,rebounding,1,,,,,null,,,
6542,rebounding,1,,,,,null,,,
6543,rebounding,1,,,,,null,,,
6544,rebounding,1,724,250,24155,94.22,sam2,0.0,0.0,0.0
6545,rebounding,1,,,,,null,,,
6546,rebounding,1,,,,,null,,,
6547,rebounding,1,,,,,null,,,
6548,rebounding,1,724,250,23967,93.49,sam2,0.0,0.0,0.0
6549,rebounding,1,,,,,null,,,
6550,rebounding,1,,,,,null,,,
6551,rebounding,1,,,,,null,,,
6552,rebounding,1,724,250,24063,93.86,sam2,0.0,0.0,0.0
6553,rebounding,1,,,,,null,,,
6554,rebounding,1,,,,,null,,,
6555,rebounding,1,,,,,null,,,
6556,rebounding,1,724,250,23912,93.28,sam2,0.0,0.0,0.0
6557,rebounding,1,,,,,null,,,
6558,rebounding,1,,,,,null,,,
6559,rebounding,1,,,,,null,,,
6560,rebounding,1,724,250,23722,92.53,sam2,0.0,0.0,0.0
6561,rebounding,1,,,,,null,,,
6562,rebounding,1,,,,,null,,,
6563,rebounding,1,,,,,null,,,
6564,rebounding,1,724,250,23953,93.44,sam2,0.0,0.0,0.0
6565,rebounding,1,,,,,null,,,
6566,rebounding,1,,,,,null,,,
6567,rebounding,1,,,,,null,,,
6568,rebounding,1,724,250,24023,93.71,sam2,0.0,0.0,0.0
6569,rebounding,1,,,,,null,,,
6570,rebounding,1,,,,,null,,,
6571,rebounding,1,,,,,null,,,
6572,rebounding,1,724,250,23860,93.07,sam2,0.0,0.0,0.0
6573,rebounding,1,,,,,null,,,
6574,rebounding,1,,,,,null,,,
6575,rebounding,1,,,,,null,,,
6576,rebounding,1,724,250,23911,93.27,sam2,0.0,0.0,0.0
6577,rebounding,1,,,,,null,,,
6578,rebounding,1,,,,,null,,,
6579,rebounding,1,,,,,null,,,
6580,rebounding,1,724,250,24021,93.7,sam2,0.0,0.0,0.0
6581,rebounding,1,,,,,null,,,
6582,rebounding,1,,,,,null,,,
6583,rebounding,1,,,,,null,,,
6584,rebounding,1,724,250,23764,92.7,sam2,0.0,0.0,0.0
6585,rebounding,1,,,,,null,,,
6586,rebounding,1,,,,,null,,,
6587,rebounding,1,,,,,null,,,
6588,rebounding,1,724,250,23714,92.5,sam2,0.0,0.0,0.0
6589,rebounding,1,,,,,null,,,
6590,rebounding,1,,,,,null,,,
6591,rebounding,1,,,,,null,,,
6592,rebounding,1,724,250,23924,93.32,sam2,0.0,0.0,0.0
6593,rebounding,1,,,,,null,,,
6594,rebounding,1,,,,,null,,,
6595,rebounding,1,,,,,null,,,
6596,rebounding,1,724,250,23727,92.55,sam2,0.0,0.0,0.0
6597,rebounding,1,,,,,null,,,
6598,rebounding,1,,,,,null,,,
6599,rebounding,1,,,,,null,,,
6600,rebounding,1,724,250,23687,92.4,sam2,0.0,0.0,0.0
6601,rebounding,1,,,,,null,,,
6602,rebounding,1,,,,,null,,,
6603,rebounding,1,,,,,null,,,
6604,rebounding,1,724,250,23715,92.51,sam2,0.0,0.0,0.0
6605,rebounding,1,,,,,null,,,
6606,rebounding,1,,,,,null,,,
6607,rebounding,1,,,,,null,,,
6608,rebounding,1,724,250,23853,93.04,sam2,0.0,0.0,0.0
6609,rebounding,1,,,,,null,,,
6610,rebounding,1,,,,,null,,,
6611,rebounding,1,,,,,null,,,
6612,rebounding,1,724,250,23827,92.94,sam2,0.0,0.0,0.0
6613,rebounding,1,,,,,null,,,
6614,rebounding,1,,,,,null,,,
6615,rebounding,1,,,,,null,,,
6616,rebounding,1,724,250,23881,93.15,sam2,0.0,0.0,0.0
6617,rebounding,1,,,,,null,,,
6618,rebounding,1,,,,,null,,,
6619,rebounding,1,,,,,null,,,
6620,rebounding,1,724,250,23722,92.53,sam2,0.0,0.0,0.0
6621,rebounding,1,,,,,null,,,
6622,rebounding,1,,,,,null,,,
6623,rebounding,1,,,,,null,,,
6624,rebounding,1,724,250,23729,92.56,sam2,0.0,0.0,0.0
6625,rebounding,1,,,,,null,,,
6626,rebounding,1,,,,,null,,,
6627,rebounding,1,,,,,null,,,
6628,rebounding,1,724,250,23780,92.76,sam2,0.0,0.0,0.0
6629,rebounding,1,,,,,null,,,
6630,rebounding,1,,,,,null,,,
6631,rebounding,1,,,,,null,,,
6632,rebounding,1,724,250,23693,92.42,sam2,0.0,0.0,0.0
6633,rebounding,1,,,,,null,,,
6634,rebounding,1,,,,,null,,,
6635,rebounding,1,,,,,null,,,
6636,rebounding,1,724,250,23716,92.51,sam2,0.0,0.0,0.0
6637,rebounding,1,,,,,null,,,
6638,rebounding,1,,,,,null,,,
6639,rebounding,1,,,,,null,,,
6640,rebounding,1,724,250,23882,93.16,sam2,0.0,0.0,0.0
6641,rebounding,1,,,,,null,,,
6642,rebounding,1,,,,,null,,,
6643,rebounding,1,,,,,null,,,
6644,rebounding,1,724,250,23868,93.1,sam2,0.0,0.0,0.0
6645,rebounding,1,,,,,null,,,
6646,rebounding,1,,,,,null,,,
6647,rebounding,1,,,,,null,,,
6648,rebounding,1,724,250,23763,92.69,sam2,0.0,0.0,0.0
6649,rebounding,1,,,,,null,,,
6650,rebounding,1,,,,,null,,,
6651,rebounding,1,,,,,null,,,
6652,rebounding,1,724,250,23855,93.05,sam2,0.0,0.0,0.0
6653,rebounding,1,,,,,null,,,
6654,rebounding,1,,,,,null,,,
6655,rebounding,1,,,,,null,,,
6656,rebounding,1,724,250,23864,93.09,sam2,0.0,0.0,0.0
6657,rebounding,1,,,,,null,,,
6658,rebounding,1,,,,,null,,,
6659,rebounding,1,,,,,null,,,
6660,rebounding,1,724,250,23845,93.01,sam2,0.0,0.0,0.0
6661,rebounding,1,,,,,null,,,
6662,rebounding,1,,,,,null,,,
6663,rebounding,1,,,,,null,,,
6664,rebounding,1,724,250,23948,93.42,sam2,0.0,0.0,0.0
6665,rebounding,1,,,,,null,,,
6666,rebounding,1,,,,,null,,,
6667,rebounding,1,,,,,null,,,
6668,rebounding,1,724,250,23786,92.78,sam2,0.0,0.0,0.0
6669,rebounding,1,,,,,null,,,
6670,rebounding,1,,,,,null,,,
6671,rebounding,1,,,,,null,,,
6672,rebounding,1,725,250,23715,92.51,sam2,1.0,749.192,13.378
6673,rebounding,1,,,,,null,,,
6674,rebounding,1,,,,,null,,,
6675,rebounding,1,,,,,null,,,
6676,rebounding,1,724,250,23744,92.62,sam2,1.0,749.192,13.378
6677,rebounding,1,,,,,null,,,
6678,rebounding,1,,,,,null,,,
6679,rebounding,1,,,,,null,,,
6680,rebounding,1,724,250,23721,92.53,sam2,0.0,0.0,0.0
6681,rebounding,1,,,,,null,,,
6682,rebounding,1,,,,,null,,,
6683,rebounding,1,,,,,null,,,
6684,rebounding,1,724,250,23750,92.64,sam2,0.0,0.0,0.0
6685,rebounding,1,,,,,null,,,
6686,rebounding,1,,,,,null,,,
6687,rebounding,1,,,,,null,,,
6688,rebounding,1,724,250,23894,93.2,sam2,0.0,0.0,0.0
6689,rebounding,1,,,,,null,,,
6690,rebounding,1,,,,,null,,,
6691,rebounding,1,,,,,null,,,
6692,rebounding,1,724,250,23913,93.28,sam2,0.0,0.0,0.0
6693,rebounding,1,,,,,null,,,
6694,rebounding,1,,,,,null,,,
6695,rebounding,1,,,,,null,,,
6696,rebounding,1,724,250,23914,93.28,sam2,0.0,0.0,0.0
6697,rebounding,1,,,,,null,,,
6698,rebounding,1,,,,,null,,,
6699,rebounding,1,,,,,null,,,
6700,rebounding,1,725,249,23619,92.13,sam2,1.414,1059.517,18.92
6701,rebounding,1,,,,,null,,,
6702,rebounding,1,,,,,null,,,
6703,rebounding,1,,,,,null,,,
6704,rebounding,1,724,250,23855,93.05,sam2,1.414,1059.517,18.92
6705,rebounding,1,,,,,null,,,
6706,rebounding,1,,,,,null,,,
6707,rebounding,1,,,,,null,,,
6708,rebounding,1,725,250,23803,92.85,sam2,1.0,749.192,13.378
6709,rebounding,1,,,,,null,,,
6710,rebounding,1,,,,,null,,,
6711,rebounding,1,,,,,null,,,
6712,rebounding,1,724,250,23791,92.8,sam2,1.0,749.192,13.378
6713,rebounding,1,,,,,null,,,
6714,rebounding,1,,,,,null,,,
6715,rebounding,1,,,,,null,,,
6716,rebounding,1,724,250,23750,92.64,sam2,0.0,0.0,0.0
6717,rebounding,1,,,,,null,,,
6718,rebounding,1,,,,,null,,,
6719,rebounding,1,,,,,null,,,
6720,rebounding,1,724,250,23886,93.17,sam2,0.0,0.0,0.0
6721,rebounding,1,,,,,null,,,
6722,rebounding,1,,,,,null,,,
6723,rebounding,1,,,,,null,,,
6724,rebounding,1,724,250,23780,92.76,sam2,0.0,0.0,0.0
6725,rebounding,1,,,,,null,,,
6726,rebounding,1,,,,,null,,,
6727,rebounding,1,,,,,null,,,
6728,rebounding,1,724,250,23926,93.33,sam2,0.0,0.0,0.0
6729,rebounding,1,,,,,null,,,
6730,rebounding,1,,,,,null,,,
6731,rebounding,1,,,,,null,,,
6732,rebounding,1,724,250,23824,92.93,sam2,0.0,0.0,0.0
6733,rebounding,1,,,,,null,,,
6734,rebounding,1,,,,,null,,,
6735,rebounding,1,,,,,null,,,
6736,rebounding,1,724,250,23728,92.56,sam2,0.0,0.0,0.0
6737,rebounding,1,,,,,null,,,
6738,rebounding,1,,,,,null,,,
6739,rebounding,1,,,,,null,,,
6740,rebounding,1,724,250,23823,92.93,sam2,0.0,0.0,0.0
6741,rebounding,1,,,,,null,,,
6742,rebounding,1,,,,,null,,,
6743,rebounding,1,,,,,null,,,
6744,rebounding,1,724,250,23768,92.71,sam2,0.0,0.0,0.0
6745,rebounding,1,,,,,null,,,
6746,rebounding,1,,,,,null,,,
6747,rebounding,1,,,,,null,,,
6748,rebounding,1,724,250,23868,93.1,sam2,0.0,0.0,0.0
6749,rebounding,1,,,,,null,,,
6750,rebounding,1,,,,,null,,,
6751,rebounding,1,,,,,null,,,
6752,rebounding,1,724,250,23887,93.18,sam2,0.0,0.0,0.0
6753,rebounding,1,,,,,null,,,
6754,rebounding,1,,,,,null,,,
6755,rebounding,1,,,,,null,,,
6756,rebounding,1,724,250,23778,92.75,sam2,0.0,0.0,0.0
6757,rebounding,1,,,,,null,,,
6758,rebounding,1,,,,,null,,,
6759,rebounding,1,,,,,null,,,
6760,rebounding,1,724,249,23618,92.13,sam2,1.0,749.192,13.378
6761,rebounding,1,,,,,null,,,
6762,rebounding,1,,,,,null,,,
6763,rebounding,1,,,,,null,,,
6764,rebounding,1,724,250,23801,92.84,sam2,1.0,749.192,13.378
6765,rebounding,1,,,,,null,,,
6766,rebounding,1,,,,,null,,,
6767,rebounding,1,,,,,null,,,
6768,rebounding,1,724,250,23825,92.94,sam2,0.0,0.0,0.0
6769,rebounding,1,,,,,null,,,
6770,rebounding,1,,,,,null,,,
6771,rebounding,1,,,,,null,,,
6772,rebounding,1,725,250,23669,92.33,sam2,1.0,749.192,13.378
6773,rebounding,1,,,,,null,,,
6774,rebounding,1,,,,,null,,,
6775,rebounding,1,,,,,null,,,
6776,rebounding,1,724,250,23905,93.25,sam2,1.0,749.192,13.378
6777,rebounding,1,,,,,null,,,
6778,rebounding,1,,,,,null,,,
6779,rebounding,1,,,,,null,,,
6780,rebounding,1,724,250,23790,92.8,sam2,0.0,0.0,0.0
6781,rebounding,1,,,,,null,,,
6782,rebounding,1,,,,,null,,,
6783,rebounding,1,,,,,null,,,
6784,rebounding,1,724,250,24004,93.63,sam2,0.0,0.0,0.0
6785,rebounding,1,,,,,null,,,
6786,rebounding,1,,,,,null,,,
6787,rebounding,1,,,,,null,,,
6788,rebounding,1,724,250,23807,92.87,sam2,0.0,0.0,0.0
6789,rebounding,1,,,,,null,,,
6790,rebounding,1,,,,,null,,,
6791,rebounding,1,,,,,null,,,
6792,rebounding,1,724,250,23859,93.07,sam2,0.0,0.0,0.0
6793,rebounding,1,,,,,null,,,
6794,rebounding,1,,,,,null,,,
6795,rebounding,1,,,,,null,,,
6796,rebounding,1,725,250,23850,93.03,sam2,1.0,749.192,13.378
6797,rebounding,1,,,,,null,,,
6798,rebounding,1,,,,,null,,,
6799,rebounding,1,,,,,null,,,
6800,rebounding,1,724,250,23967,93.49,sam2,1.0,749.192,13.378
6801,rebounding,1,,,,,null,,,
6802,rebounding,1,,,,,null,,,
6803,rebounding,1,,,,,null,,,
6804,rebounding,1,724,250,23946,93.41,sam2,0.0,0.0,0.0
6805,rebounding,1,,,,,null,,,
6806,rebounding,1,,,,,null,,,
6807,rebounding,1,,,,,null,,,
6808,rebounding,1,724,250,23927,93.33,sam2,0.0,0.0,0.0
6809,rebounding,1,,,,,null,,,
6810,rebounding,1,,,,,null,,,
6811,rebounding,1,,,,,null,,,
6812,rebounding,1,724,250,23896,93.21,sam2,0.0,0.0,0.0
6813,rebounding,1,,,,,null,,,
6814,rebounding,1,,,,,null,,,
6815,rebounding,1,,,,,null,,,
6816,rebounding,1,724,250,24093,93.98,sam2,0.0,0.0,0.0
6817,rebounding,1,,,,,null,,,
6818,rebounding,1,,,,,null,,,
6819,rebounding,1,,,,,null,,,
6820,rebounding,1,724,250,23883,93.16,sam2,0.0,0.0,0.0
6821,rebounding,1,,,,,null,,,
6822,rebounding,1,,,,,null,,,
6823,rebounding,1,,,,,null,,,
6824,rebounding,1,725,250,23917,93.29,sam2,1.0,749.192,13.378
6825,rebounding,1,,,,,null,,,
6826,rebounding,1,,,,,null,,,
6827,rebounding,1,,,,,null,,,
6828,rebounding,1,724,250,23934,93.36,sam2,1.0,749.192,13.378
6829,rebounding,1,,,,,null,,,
6830,rebounding,1,,,,,null,,,
6831,rebounding,1,,,,,null,,,
6832,rebounding,1,724,249,23585,92.0,sam2,1.0,749.192,13.378
6833,rebounding,1,,,,,null,,,
6834,rebounding,1,,,,,null,,,
6835,rebounding,1,,,,,null,,,
6836,rebounding,1,724,250,23859,93.07,sam2,1.0,749.192,13.378
6837,rebounding,1,,,,,null,,,
6838,rebounding,1,,,,,null,,,
6839,rebounding,1,,,,,null,,,
6840,rebounding,1,725,250,23818,92.91,sam2,1.0,749.192,13.378
6841,rebounding,1,,,,,null,,,
6842,rebounding,1,,,,,null,,,
6843,rebounding,1,,,,,null,,,
6844,rebounding,1,724,250,23887,93.18,sam2,1.0,749.192,13.378
6845,rebounding,1,,,,,null,,,
6846,rebounding,1,,,,,null,,,
6847,rebounding,1,,,,,null,,,
6848,rebounding,1,724,250,23823,92.93,sam2,0.0,0.0,0.0
6849,rebounding,1,,,,,null,,,
6850,rebounding,1,,,,,null,,,
6851,rebounding,1,,,,,null,,,
6852,rebounding,1,724,250,23962,93.47,sam2,0.0,0.0,0.0
6853,rebounding,1,,,,,null,,,
6854,rebounding,1,,,,,null,,,
6855,rebounding,1,,,,,null,,,
6856,rebounding,1,724,250,23745,92.62,sam2,0.0,0.0,0.0
6857,rebounding,1,,,,,null,,,
6858,rebounding,1,,,,,null,,,
6859,rebounding,1,,,,,null,,,
6860,rebounding,1,724,250,23798,92.83,sam2,0.0,0.0,0.0
6861,rebounding,1,,,,,null,,,
6862,rebounding,1,,,,,null,,,
6863,rebounding,1,,,,,null,,,
6864,rebounding,1,724,250,23804,92.85,sam2,0.0,0.0,0.0
6865,rebounding,1,,,,,null,,,
6866,rebounding,1,,,,,null,,,
6867,rebounding,1,,,,,null,,,
6868,rebounding,1,724,250,23727,92.55,sam2,0.0,0.0,0.0
6869,rebounding,1,,,,,null,,,
6870,rebounding,1,,,,,null,,,
6871,rebounding,1,,,,,null,,,
6872,rebounding,1,724,250,24044,93.79,sam2,0.0,0.0,0.0
6873,rebounding,1,,,,,null,,,
6874,rebounding,1,,,,,null,,,
6875,rebounding,1,,,,,null,,,
6876,rebounding,1,724,250,23692,92.42,sam2,0.0,0.0,0.0
6877,rebounding,1,,,,,null,,,
6878,rebounding,1,,,,,null,,,
6879,rebounding,1,,,,,null,,,
6880,rebounding,1,724,250,23668,92.32,sam2,0.0,0.0,0.0
6881,rebounding,1,,,,,null,,,
6882,rebounding,1,,,,,null,,,
6883,rebounding,1,,,,,null,,,
6884,rebounding,1,724,250,23711,92.49,sam2,0.0,0.0,0.0
6885,rebounding,1,,,,,null,,,
6886,rebounding,1,,,,,null,,,
6887,rebounding,1,,,,,null,,,
6888,rebounding,1,724,250,23808,92.87,sam2,0.0,0.0,0.0
6889,rebounding,1,,,,,null,,,
6890,rebounding,1,,,,,null,,,
6891,rebounding,1,,,,,null,,,
6892,rebounding,1,724,250,23737,92.59,sam2,0.0,0.0,0.0
6893,rebounding,1,,,,,null,,,
6894,rebounding,1,,,,,null,,,
6895,rebounding,1,,,,,null,,,
6896,rebounding,1,724,250,23769,92.72,sam2,0.0,0.0,0.0
6897,rebounding,1,,,,,null,,,
6898,rebounding,1,,,,,null,,,
6899,rebounding,1,,,,,null,,,
6900,rebounding,1,724,250,23832,92.96,sam2,0.0,0.0,0.0
6901,rebounding,1,,,,,null,,,
6902,rebounding,1,,,,,null,,,
6903,rebounding,1,,,,,null,,,
6904,rebounding,1,725,250,23890,93.19,sam2,1.0,749.192,13.378
6905,rebounding,1,,,,,null,,,
6906,rebounding,1,,,,,null,,,
6907,rebounding,1,,,,,null,,,
6908,rebounding,1,724,250,23808,92.87,sam2,1.0,749.192,13.378
6909,rebounding,1,,,,,null,,,
6910,rebounding,1,,,,,null,,,
6911,rebounding,1,,,,,null,,,
6912,rebounding,1,724,250,23713,92.5,sam2,0.0,0.0,0.0
6913,rebounding,1,,,,,null,,,
6914,rebounding,1,,,,,null,,,
6915,rebounding,1,,,,,null,,,
6916,rebounding,1,724,250,23700,92.45,sam2,0.0,0.0,0.0
6917,rebounding,1,,,,,null,,,
6918,rebounding,1,,,,,null,,,
6919,rebounding,1,,,,,null,,,
6920,rebounding,1,724,250,24017,93.68,sam2,0.0,0.0,0.0
6921,rebounding,1,,,,,null,,,
6922,rebounding,1,,,,,null,,,
6923,rebounding,1,,,,,null,,,
6924,rebounding,1,724,250,23825,92.94,sam2,0.0,0.0,0.0
6925,rebounding,1,,,,,null,,,
6926,rebounding,1,,,,,null,,,
6927,rebounding,1,,,,,null,,,
6928,rebounding,1,724,250,23924,93.32,sam2,0.0,0.0,0.0
6929,rebounding,1,,,,,null,,,
6930,rebounding,1,,,,,null,,,
6931,rebounding,1,,,,,null,,,
6932,rebounding,1,724,250,23748,92.64,sam2,0.0,0.0,0.0
6933,rebounding,1,,,,,null,,,
6934,rebounding,1,,,,,null,,,
6935,rebounding,1,,,,,null,,,
6936,rebounding,1,724,250,23985,93.56,sam2,0.0,0.0,0.0
6937,rebounding,1,,,,,null,,,
6938,rebounding,1,,,,,null,,,
6939,rebounding,1,,,,,null,,,
6940,rebounding,1,725,250,23788,92.79,sam2,1.0,749.192,13.378
6941,rebounding,1,,,,,null,,,
6942,rebounding,1,,,,,null,,,
6943,rebounding,1,,,,,null,,,
6944,rebounding,1,724,250,24005,93.64,sam2,1.0,749.192,13.378
6945,rebounding,1,,,,,null,,,
6946,rebounding,1,,,,,null,,,
6947,rebounding,1,,,,,null,,,
6948,rebounding,1,725,250,23779,92.76,sam2,1.0,749.192,13.378
6949,rebounding,1,,,,,null,,,
6950,rebounding,1,,,,,null,,,
6951,rebounding,1,,,,,null,,,
6952,rebounding,1,725,250,23746,92.63,sam2,0.0,0.0,0.0
6953,rebounding,1,,,,,null,,,
6954,rebounding,1,,,,,null,,,
6955,rebounding,1,,,,,null,,,
6956,rebounding,1,724,250,23866,93.1,sam2,1.0,749.192,13.378
6957,rebounding,1,,,,,null,,,
6958,rebounding,1,,,,,null,,,
6959,rebounding,1,,,,,null,,,
6960,rebounding,1,724,250,23803,92.85,sam2,0.0,0.0,0.0
6961,rebounding,1,,,,,null,,,
6962,rebounding,1,,,,,null,,,
6963,rebounding,1,,,,,null,,,
6964,rebounding,1,724,250,23736,92.59,sam2,0.0,0.0,0.0
6965,rebounding,1,,,,,null,,,
6966,rebounding,1,,,,,null,,,
6967,rebounding,1,,,,,null,,,
6968,rebounding,1,724,250,23850,93.03,sam2,0.0,0.0,0.0
6969,rebounding,1,,,,,null,,,
6970,rebounding,1,,,,,null,,,
6971,rebounding,1,,,,,null,,,
6972,rebounding,1,724,250,23723,92.54,sam2,0.0,0.0,0.0
6973,rebounding,1,,,,,null,,,
6974,rebounding,1,,,,,null,,,
6975,rebounding,1,,,,,null,,,
6976,rebounding,1,724,250,23930,93.35,sam2,0.0,0.0,0.0
6977,rebounding,1,,,,,null,,,
6978,rebounding,1,,,,,null,,,
6979,rebounding,1,,,,,null,,,
6980,rebounding,1,724,250,23981,93.54,sam2,0.0,0.0,0.0
6981,rebounding,1,,,,,null,,,
6982,rebounding,1,,,,,null,,,
6983,rebounding,1,,,,,null,,,
6984,rebounding,1,724,250,23750,92.64,sam2,0.0,0.0,0.0
6985,rebounding,1,,,,,null,,,
6986,rebounding,1,,,,,null,,,
6987,rebounding,1,,,,,null,,,
6988,rebounding,1,724,250,23768,92.71,sam2,0.0,0.0,0.0
6989,rebounding,1,,,,,null,,,
6990,rebounding,1,,,,,null,,,
6991,rebounding,1,,,,,null,,,
6992,rebounding,1,724,250,23921,93.31,sam2,0.0,0.0,0.0
6993,rebounding,1,,,,,null,,,
6994,rebounding,1,,,,,null,,,
6995,rebounding,1,,,,,null,,,
6996,rebounding,1,724,250,23915,93.29,sam2,0.0,0.0,0.0
6997,rebounding,1,,,,,null,,,
6998,rebounding,1,,,,,null,,,
6999,rebounding,1,,,,,null,,,
7000,rebounding,1,724,250,23692,92.42,sam2,0.0,0.0,0.0
7001,rebounding,1,,,,,null,,,
7002,rebounding,1,,,,,null,,,
7003,rebounding,1,,,,,null,,,
7004,rebounding,1,724,250,23937,93.37,sam2,0.0,0.0,0.0
7005,rebounding,1,,,,,null,,,
7006,rebounding,1,,,,,null,,,
7007,rebounding,1,,,,,null,,,
7008,rebounding,1,724,250,23887,93.18,sam2,0.0,0.0,0.0
7009,rebounding,1,,,,,null,,,
7010,rebounding,1,,,,,null,,,
7011,rebounding,1,,,,,null,,,
7012,rebounding,1,724,250,23864,93.09,sam2,0.0,0.0,0.0
7013,rebounding,1,,,,,null,,,
7014,rebounding,1,,,,,null,,,
7015,rebounding,1,,,,,null,,,
7016,rebounding,1,724,250,23849,93.03,sam2,0.0,0.0,0.0
7017,rebounding,1,,,,,null,,,
7018,rebounding,1,,,,,null,,,
7019,rebounding,1,,,,,null,,,
7020,rebounding,1,724,250,23729,92.56,sam2,0.0,0.0,0.0
7021,rebounding,1,,,,,null,,,
7022,rebounding,1,,,,,null,,,
7023,rebounding,1,,,,,null,,,
7024,rebounding,1,724,250,23714,92.5,sam2,0.0,0.0,0.0
7025,rebounding,1,,,,,null,,,
7026,rebounding,1,,,,,null,,,
7027,rebounding,1,,,,,null,,,
7028,rebounding,1,724,250,23900,93.23,sam2,0.0,0.0,0.0
7029,rebounding,1,,,,,null,,,
7030,rebounding,1,,,,,null,,,
7031,rebounding,1,,,,,null,,,
7032,rebounding,1,724,250,23879,93.15,sam2,0.0,0.0,0.0
7033,rebounding,1,,,,,null,,,
7034,rebounding,1,,,,,null,,,
7035,rebounding,1,,,,,null,,,
7036,rebounding,1,724,250,23870,93.11,sam2,0.0,0.0,0.0
7037,rebounding,1,,,,,null,,,
7038,rebounding,1,,,,,null,,,
7039,rebounding,1,,,,,null,,,
7040,rebounding,1,724,250,23971,93.51,sam2,0.0,0.0,0.0
7041,rebounding,1,,,,,null,,,
7042,rebounding,1,,,,,null,,,
7043,rebounding,1,,,,,null,,,
7044,rebounding,1,724,250,23757,92.67,sam2,0.0,0.0,0.0
7045,rebounding,1,,,,,null,,,
7046,rebounding,1,,,,,null,,,
7047,rebounding,1,,,,,null,,,
7048,rebounding,1,724,250,23950,93.42,sam2,0.0,0.0,0.0
7049,rebounding,1,,,,,null,,,
7050,rebounding,1,,,,,null,,,
7051,rebounding,1,,,,,null,,,
7052,rebounding,1,724,250,23772,92.73,sam2,0.0,0.0,0.0
7053,rebounding,1,,,,,null,,,
7054,rebounding,1,,,,,null,,,
7055,rebounding,1,,,,,null,,,
7056,rebounding,1,724,250,23872,93.12,sam2,0.0,0.0,0.0
7057,rebounding,1,,,,,null,,,
7058,rebounding,1,,,,,null,,,
7059,rebounding,1,,,,,null,,,
7060,rebounding,1,724,250,23834,92.97,sam2,0.0,0.0,0.0
7061,rebounding,1,,,,,null,,,
7062,rebounding,1,,,,,null,,,
7063,rebounding,1,,,,,null,,,
7064,rebounding,1,724,250,23851,93.04,sam2,0.0,0.0,0.0
7065,rebounding,1,,,,,null,,,
7066,rebounding,1,,,,,null,,,
7067,rebounding,1,,,,,null,,,
7068,rebounding,1,725,250,23779,92.76,sam2,1.0,749.192,13.378
7069,rebounding,1,,,,,null,,,
7070,rebounding,1,,,,,null,,,
7071,rebounding,1,,,,,null,,,
7072,rebounding,1,724,250,23947,93.41,sam2,1.0,749.192,13.378
7073,rebounding,1,,,,,null,,,
7074,rebounding,1,,,,,null,,,
7075,rebounding,1,,,,,null,,,
7076,rebounding,1,724,250,23895,93.21,sam2,0.0,0.0,0.0
7077,rebounding,1,,,,,null,,,
7078,rebounding,1,,,,,null,,,
7079,rebounding,1,,,,,null,,,
7080,rebounding,1,724,250,23755,92.66,sam2,0.0,0.0,0.0
7081,rebounding,1,,,,,null,,,
7082,rebounding,1,,,,,null,,,
7083,rebounding,1,,,,,null,,,
7084,rebounding,1,724,250,23905,93.25,sam2,0.0,0.0,0.0
7085,rebounding,1,,,,,null,,,
7086,rebounding,1,,,,,null,,,
7087,rebounding,1,,,,,null,,,
7088,rebounding,1,724,250,23770,92.72,sam2,0.0,0.0,0.0
7089,rebounding,1,,,,,null,,,
7090,rebounding,1,,,,,null,,,
7091,rebounding,1,,,,,null,,,
7092,rebounding,1,724,250,23942,93.39,sam2,0.0,0.0,0.0
7093,rebounding,1,,,,,null,,,
7094,rebounding,1,,,,,null,,,
7095,rebounding,1,,,,,null,,,
7096,rebounding,1,724,250,23806,92.86,sam2,0.0,0.0,0.0
7097,rebounding,1,,,,,null,,,
7098,rebounding,1,,,,,null,,,
7099,rebounding,1,,,,,null,,,
7100,rebounding,1,724,250,23964,93.48,sam2,0.0,0.0,0.0
7101,rebounding,1,,,,,null,,,
7102,rebounding,1,,,,,null,,,
7103,rebounding,1,,,,,null,,,
7104,rebounding,1,724,250,23791,92.8,sam2,0.0,0.0,0.0
7105,rebounding,1,,,,,null,,,
7106,rebounding,1,,,,,null,,,
7107,rebounding,1,,,,,null,,,
7108,rebounding,1,724,250,23791,92.8,sam2,0.0,0.0,0.0
7109,rebounding,1,,,,,null,,,
7110,rebounding,1,,,,,null,,,
7111,rebounding,1,,,,,null,,,
7112,rebounding,1,725,250,23865,93.09,sam2,1.0,749.192,13.378
7113,rebounding,1,,,,,null,,,
7114,rebounding,1,,,,,null,,,
7115,rebounding,1,,,,,null,,,
7116,rebounding,1,724,250,23908,93.26,sam2,1.0,749.192,13.378
7117,rebounding,1,,,,,null,,,
7118,rebounding,1,,,,,null,,,
7119,rebounding,1,,,,,null,,,
7120,rebounding,1,724,250,23706,92.47,sam2,0.0,0.0,0.0
7121,rebounding,1,,,,,null,,,
7122,rebounding,1,,,,,null,,,
7123,rebounding,1,,,,,null,,,
7124,rebounding,1,724,250,23820,92.92,sam2,0.0,0.0,0.0
7125,rebounding,1,,,,,null,,,
7126,rebounding,1,,,,,null,,,
7127,rebounding,1,,,,,null,,,
7128,rebounding,1,724,250,23921,93.31,sam2,0.0,0.0,0.0
7129,rebounding,1,,,,,null,,,
7130,rebounding,1,,,,,null,,,
7131,rebounding,1,,,,,null,,,
7132,rebounding,1,724,250,23812,92.89,sam2,0.0,0.0,0.0
7133,rebounding,1,,,,,null,,,
7134,rebounding,1,,,,,null,,,
7135,rebounding,1,,,,,null,,,
7136,rebounding,1,724,250,23789,92.8,sam2,0.0,0.0,0.0
7137,rebounding,1,,,,,null,,,
7138,rebounding,1,,,,,null,,,
7139,rebounding,1,,,,,null,,,
7140,rebounding,1,724,250,23697,92.44,sam2,0.0,0.0,0.0
7141,rebounding,1,,,,,null,,,
7142,rebounding,1,,,,,null,,,
7143,rebounding,1,,,,,null,,,
7144,rebounding,1,724,250,23768,92.71,sam2,0.0,0.0,0.0
7145,rebounding,1,,,,,null,,,
7146,rebounding,1,,,,,null,,,
7147,rebounding,1,,,,,null,,,
7148,rebounding,1,724,250,23881,93.15,sam2,0.0,0.0,0.0
7149,rebounding,1,,,,,null,,,
7150,rebounding,1,,,,,null,,,
7151,rebounding,1,,,,,null,,,
7152,rebounding,1,725,250,23867,93.1,sam2,1.0,749.192,13.378
7153,rebounding,1,,,,,null,,,
7154,rebounding,1,,,,,null,,,
7155,rebounding,1,,,,,null,,,
7156,rebounding,1,725,250,23815,92.9,sam2,0.0,0.0,0.0
7157,rebounding,1,,,,,null,,,
7158,rebounding,1,,,,,null,,,
7159,rebounding,1,,,,,null,,,
7160,rebounding,1,724,250,23683,92.38,sam2,1.0,749.192,13.378
7161,rebounding,1,,,,,null,,,
7162,rebounding,1,,,,,null,,,
7163,rebounding,1,,,,,null,,,
7164,rebounding,1,724,250,23766,92.71,sam2,0.0,0.0,0.0
7165,rebounding,1,,,,,null,,,
7166,rebounding,1,,,,,null,,,
7167,rebounding,1,,,,,null,,,
7168,rebounding,1,724,250,23816,92.9,sam2,0.0,0.0,0.0
7169,rebounding,1,,,,,null,,,
7170,rebounding,1,,,,,null,,,
7171,rebounding,1,,,,,null,,,
7172,rebounding,1,724,250,23884,93.17,sam2,0.0,0.0,0.0
7173,rebounding,1,,,,,null,,,
7174,rebounding,1,,,,,null,,,
7175,rebounding,1,,,,,null,,,
7176,rebounding,1,724,250,23844,93.01,sam2,0.0,0.0,0.0
7177,rebounding,1,,,,,null,,,
7178,rebounding,1,,,,,null,,,
7179,rebounding,1,,,,,null,,,
7180,rebounding,1,725,250,23796,92.82,sam2,1.0,749.192,13.378
7181,rebounding,1,,,,,null,,,
7182,rebounding,1,,,,,null,,,
7183,rebounding,1,,,,,null,,,
7184,rebounding,1,724,250,24005,93.64,sam2,1.0,749.192,13.378
7185,rebounding,1,,,,,null,,,
7186,rebounding,1,,,,,null,,,
7187,rebounding,1,,,,,null,,,
7188,rebounding,1,725,250,23708,92.48,sam2,1.0,749.192,13.378
7189,rebounding,1,,,,,null,,,
7190,rebounding,1,,,,,null,,,
7191,rebounding,1,,,,,null,,,
7192,rebounding,1,725,250,23741,92.61,sam2,0.0,0.0,0.0
7193,rebounding,1,,,,,null,,,
7194,rebounding,1,,,,,null,,,
7195,rebounding,1,,,,,null,,,
7196,rebounding,1,724,250,23729,92.56,sam2,1.0,749.192,13.378
7197,rebounding,1,,,,,null,,,
7198,rebounding,1,,,,,null,,,
7199,rebounding,1,,,,,null,,,
7200,rebounding,1,724,250,23715,92.51,sam2,0.0,0.0,0.0
7201,rebounding,1,,,,,null,,,
7202,rebounding,1,,,,,null,,,
7203,rebounding,1,,,,,null,,,
7204,rebounding,1,724,250,23688,92.4,sam2,0.0,0.0,0.0
7205,rebounding,1,,,,,null,,,
7206,rebounding,1,,,,,null,,,
7207,rebounding,1,,,,,null,,,
7208,rebounding,1,724,250,23739,92.6,sam2,0.0,0.0,0.0
7209,rebounding,1,,,,,null,,,
7210,rebounding,1,,,,,null,,,
7211,rebounding,1,,,,,null,,,
7212,rebounding,1,724,250,23698,92.44,sam2,0.0,0.0,0.0
7213,rebounding,1,,,,,null,,,
7214,rebounding,1,,,,,null,,,
7215,rebounding,1,,,,,null,,,
7216,rebounding,1,724,250,23770,92.72,sam2,0.0,0.0,0.0
7217,rebounding,1,,,,,null,,,
7218,rebounding,1,,,,,null,,,
7219,rebounding,1,,,,,null,,,
7220,rebounding,1,724,250,23824,92.93,sam2,0.0,0.0,0.0
7221,rebounding,1,,,,,null,,,
7222,rebounding,1,,,,,null,,,
7223,rebounding,1,,,,,null,,,
7224,rebounding,1,724,250,23848,93.03,sam2,0.0,0.0,0.0
7225,rebounding,1,,,,,null,,,
7226,rebounding,1,,,,,null,,,
7227,rebounding,1,,,,,null,,,
7228,rebounding,1,724,250,23911,93.27,sam2,0.0,0.0,0.0
7229,rebounding,1,,,,,null,,,
7230,rebounding,1,,,,,null,,,
7231,rebounding,1,,,,,null,,,
7232,rebounding,1,724,250,23806,92.86,sam2,0.0,0.0,0.0
7233,rebounding,1,,,,,null,,,
7234,rebounding,1,,,,,null,,,
7235,rebounding,1,,,,,null,,,
7236,rebounding,1,724,250,23700,92.45,sam2,0.0,0.0,0.0
7237,rebounding,1,,,,,null,,,
7238,rebounding,1,,,,,null,,,
7239,rebounding,1,,,,,null,,,
7240,rebounding,1,725,250,23860,93.07,sam2,1.0,749.192,13.378
7241,rebounding,1,,,,,null,,,
7242,rebounding,1,,,,,null,,,
7243,rebounding,1,,,,,null,,,
7244,rebounding,1,725,250,23677,92.36,sam2,0.0,0.0,0.0
7245,rebounding,1,,,,,null,,,
7246,rebounding,1,,,,,null,,,
7247,rebounding,1,,,,,null,,,
7248,rebounding,1,725,249,23625,92.16,sam2,1.0,749.192,13.378
7249,rebounding,1,,,,,null,,,
7250,rebounding,1,,,,,null,,,
7251,rebounding,1,,,,,null,,,
7252,rebounding,1,724,250,23766,92.71,sam2,1.414,1059.517,18.92
7253,rebounding,1,,,,,null,,,
7254,rebounding,1,,,,,null,,,
7255,rebounding,1,,,,,null,,,
7256,rebounding,1,724,250,23729,92.56,sam2,0.0,0.0,0.0
7257,rebounding,1,,,,,null,,,
7258,rebounding,1,,,,,null,,,
7259,rebounding,1,,,,,null,,,
7260,rebounding,1,724,250,23926,93.33,sam2,0.0,0.0,0.0
7261,rebounding,1,,,,,null,,,
7262,rebounding,1,,,,,null,,,
7263,rebounding,1,,,,,null,,,
7264,rebounding,1,724,250,23877,93.14,sam2,0.0,0.0,0.0
7265,rebounding,1,,,,,null,,,
7266,rebounding,1,,,,,null,,,
7267,rebounding,1,,,,,null,,,
7268,rebounding,1,724,250,23871,93.12,sam2,0.0,0.0,0.0
7269,rebounding,1,,,,,null,,,
7270,rebounding,1,,,,,null,,,
7271,rebounding,1,,,,,null,,,
7272,rebounding,1,724,250,23808,92.87,sam2,0.0,0.0,0.0
7273,rebounding,1,,,,,null,,,
7274,rebounding,1,,,,,null,,,
7275,rebounding,1,,,,,null,,,
7276,rebounding,1,724,250,23868,93.1,sam2,0.0,0.0,0.0
7277,rebounding,1,,,,,null,,,
7278,rebounding,1,,,,,null,,,
7279,rebounding,1,,,,,null,,,
7280,rebounding,1,724,250,23856,93.06,sam2,0.0,0.0,0.0
7281,rebounding,1,,,,,null,,,
7282,rebounding,1,,,,,null,,,
7283,rebounding,1,,,,,null,,,
7284,rebounding,1,724,250,23776,92.74,sam2,0.0,0.0,0.0
7285,rebounding,1,,,,,null,,,
7286,rebounding,1,,,,,null,,,
7287,rebounding,1,,,,,null,,,
7288,rebounding,1,725,250,23871,93.12,sam2,1.0,749.192,13.378
7289,rebounding,1,,,,,null,,,
7290,rebounding,1,,,,,null,,,
7291,rebounding,1,,,,,null,,,
7292,rebounding,1,724,250,24120,94.09,sam2,1.0,749.192,13.378
7293,rebounding,1,,,,,null,,,
7294,rebounding,1,,,,,null,,,
7295,rebounding,1,,,,,null,,,
7296,rebounding,1,724,250,23849,93.03,sam2,0.0,0.0,0.0
7297,rebounding,1,,,,,null,,,
