frame,phase,drop_id,cx,cy,area_px,percentage,detection_method,distance_px,velocity_px_per_s,velocity_mm_s
1211,falling,1,6,82,16286,61.69,hough,,,
1212,falling,1,646,189,35263,133.57,sam2,,,
1213,falling,1,,,,,null,,,
1214,falling,1,,,,,null,,,
1215,falling,1,,,,,null,,,
1216,falling,1,646,292,40876,154.83,sam2,103.0,77166.737,1377.977
1217,falling,1,,,,,null,,,
1218,falling,1,,,,,null,,,
1219,falling,1,,,,,null,,,
1220,falling,1,636,306,41720,158.02,sam2,17.205,12889.58,230.171
1221,falling,1,,,,,null,,,
1222,falling,1,,,,,null,,,
1223,falling,1,,,,,null,,,
1224,falling,1,645,304,52571,199.13,sam2,9.22,6907.205,123.343
1225,falling,1,,,,,null,,,
1226,falling,1,,,,,null,,,
1227,falling,1,,,,,null,,,
1228,falling,1,672,302,60278,228.32,sam2,27.074,20283.594,362.207
1229,falling,1,,,,,null,,,
1230,falling,1,,,,,null,,,
1231,falling,1,,,,,null,,,
1232,falling,1,669,327,31968,121.09,sam2,25.179,18864.163,336.86
1233,falling,1,,,,,null,,,
1234,falling,1,,,,,null,,,
1235,falling,1,,,,,null,,,
1236,falling,1,669,329,28389,107.53,sam2,2.0,1498.383,26.757
1237,falling,1,,,,,null,,,
1238,falling,1,,,,,null,,,
1239,falling,1,,,,,null,,,
1240,falling,1,662,287,54590,206.77,sam2,42.579,31900.083,569.644
1241,falling,1,,,,,null,,,
1242,falling,1,,,,,null,,,
1243,falling,1,,,,,null,,,
1244,falling,1,661,276,54327,205.78,sam2,11.045,8275.092,147.769
1245,falling,1,,,,,null,,,
1246,falling,1,,,,,null,,,
1247,falling,1,,,,,null,,,
1248,falling,1,676,256,52847,200.17,sam2,25.0,18729.791,334.461
1248,falling,2,432,278,751,2.84,sam2,,,
1248,falling,3,464,276,347,1.31,sam2,,,
1249,falling,1,,,,,null,,,
1250,falling,1,,,,,null,,,
1251,falling,1,,,,,null,,,
1252,falling,1,654,228,52588,199.19,sam2,35.609,26677.955,476.392
1253,falling,1,,,,,null,,,
1254,falling,1,,,,,null,,,
1255,falling,1,,,,,null,,,
1256,falling,1,657,213,50261,190.38,sam2,15.297,11460.428,204.651
1257,falling,1,,,,,null,,,
1258,falling,1,,,,,null,,,
1259,falling,1,,,,,null,,,
1260,falling,1,658,195,50375,190.81,sam2,18.028,13506.244,241.183
1261,falling,1,,,,,null,,,
1262,falling,1,,,,,null,,,
1263,falling,1,,,,,null,,,
1264,falling,1,658,183,47584,180.24,sam2,12.0,8990.299,160.541
1265,falling,1,,,,,null,,,
1266,falling,1,,,,,null,,,
1267,falling,1,,,,,null,,,
1268,falling,1,658,153,39803,150.76,sam2,30.0,22475.749,401.353
1269,falling,1,,,,,null,,,
1270,falling,1,,,,,null,,,
1271,falling,1,,,,,null,,,
1272,falling,1,664,149,37270,141.17,sam2,7.211,5402.498,96.473
1273,falling,1,,,,,null,,,
1274,falling,1,,,,,null,,,
1275,falling,1,,,,,null,,,
1276,falling,1,669,150,36372,137.77,sam2,5.099,3820.143,68.217
1276,falling,2,668,321,51,0.19,sam2,239.885,25674.303,458.47
1277,falling,1,,,,,null,,,
1278,falling,1,,,,,null,,,
1279,falling,1,,,,,null,,,
1280,falling,1,672,149,36775,139.29,sam2,3.162,2369.152,42.306
1280,falling,2,682,329,161,0.61,sam2,16.125,12080.352,215.721
1281,falling,1,,,,,null,,,
1282,falling,1,,,,,null,,,
1283,falling,1,,,,,null,,,
1284,falling,1,670,146,35486,134.41,sam2,3.606,2701.249,48.237
1285,falling,1,,,,,null,,,
1286,falling,1,,,,,null,,,
1287,falling,1,,,,,null,,,
1288,falling,1,675,146,35494,134.44,sam2,5.0,3745.958,66.892
1289,falling,1,,,,,null,,,
1290,falling,1,,,,,null,,,
1291,falling,1,,,,,null,,,
1292,falling,1,677,146,32783,124.17,sam2,2.0,1498.383,26.757
1293,falling,1,,,,,null,,,
1294,falling,1,,,,,null,,,
1295,falling,1,,,,,null,,,
1296,falling,1,676,145,30100,114.01,sam2,1.414,1059.517,18.92
1297,falling,1,,,,,null,,,
1298,falling,1,,,,,null,,,
1299,falling,1,,,,,null,,,
1300,falling,1,679,140,28878,109.38,sam2,5.831,4368.5,78.009
1301,falling,1,,,,,null,,,
1302,falling,1,,,,,null,,,
1303,falling,1,,,,,null,,,
1304,falling,1,680,139,28876,109.37,sam2,1.414,1059.517,18.92
1305,falling,1,,,,,null,,,
1306,falling,1,,,,,null,,,
1307,falling,1,,,,,null,,,
1308,falling,1,680,141,30567,115.78,sam2,2.0,1498.383,26.757
1309,falling,1,,,,,null,,,
1310,falling,1,,,,,null,,,
1311,falling,1,,,,,null,,,
1312,falling,1,679,138,31112,117.84,sam2,3.162,2369.152,42.306
1313,falling,1,,,,,null,,,
1314,falling,1,,,,,null,,,
1315,falling,1,,,,,null,,,
1316,falling,1,680,135,30116,114.07,sam2,3.162,2369.152,42.306
1317,falling,1,,,,,null,,,
1318,falling,1,,,,,null,,,
1319,falling,1,,,,,null,,,
1320,falling,1,679,130,28653,108.53,sam2,5.099,3820.143,68.217
1321,falling,1,,,,,null,,,
1322,falling,1,,,,,null,,,
1323,falling,1,,,,,null,,,
1324,falling,1,680,120,27946,105.85,sam2,10.05,7529.283,134.451
1325,falling,1,,,,,null,,,
1326,falling,1,,,,,null,,,
1327,falling,1,,,,,null,,,
1328,falling,1,681,115,30538,115.67,sam2,5.099,3820.143,68.217
1329,falling,1,,,,,null,,,
1330,falling,1,,,,,null,,,
1331,falling,1,,,,,null,,,
1332,falling,1,685,112,33225,125.85,sam2,5.0,3745.958,66.892
1333,falling,1,,,,,null,,,
1334,falling,1,,,,,null,,,
1335,falling,1,,,,,null,,,
1336,falling,1,688,108,34722,131.52,sam2,5.0,3745.958,66.892
1337,falling,1,,,,,null,,,
1338,falling,1,,,,,null,,,
1339,falling,1,,,,,null,,,
1340,falling,1,691,104,35318,133.78,sam2,5.0,3745.958,66.892
1341,falling,1,,,,,null,,,
1342,falling,1,,,,,null,,,
1343,falling,1,,,,,null,,,
1344,falling,1,694,101,35804,135.62,sam2,4.243,3178.551,56.76
1345,falling,1,,,,,null,,,
1346,falling,1,,,,,null,,,
1347,falling,1,,,,,null,,,
1348,falling,1,697,107,38416,145.51,sam2,6.708,5025.73,89.745
1349,falling,1,,,,,null,,,
1350,falling,1,,,,,null,,,
1351,falling,1,,,,,null,,,
1352,falling,1,700,113,36930,139.88,sam2,6.708,5025.73,89.745
1353,falling,1,,,,,null,,,
1354,falling,1,,,,,null,,,
1355,falling,1,,,,,null,,,
1356,falling,1,701,129,35095,132.93,sam2,16.031,12010.455,214.472
1357,falling,1,,,,,null,,,
1358,falling,1,,,,,null,,,
1359,falling,1,,,,,null,,,
1360,falling,1,702,147,34128,129.27,sam2,18.028,13506.244,241.183
1361,falling,1,,,,,null,,,
1362,falling,1,,,,,null,,,
1363,falling,1,,,,,null,,,
1364,falling,1,701,165,33766,127.9,sam2,18.028,13506.244,241.183
1365,falling,1,,,,,null,,,
1366,falling,1,,,,,null,,,
1367,falling,1,,,,,null,,,
1368,falling,1,705,188,36918,139.84,sam2,23.345,17490.055,312.322
1369,falling,1,,,,,null,,,
1370,falling,1,,,,,null,,,
1371,falling,1,,,,,null,,,
1372,falling,1,706,205,36492,138.22,sam2,17.029,12758.274,227.826
1373,falling,1,,,,,null,,,
1374,falling,1,,,,,null,,,
1375,falling,1,,,,,null,,,
1376,falling,1,709,217,34858,132.03,sam2,12.369,9266.989,165.482
1377,falling,1,,,,,null,,,
1378,falling,1,,,,,null,,,
1379,falling,1,,,,,null,,,
1380,falling,1,712,228,32655,123.69,sam2,11.402,8542.099,152.537
1381,falling,1,,,,,null,,,
1382,falling,1,,,,,null,,,
1383,falling,1,,,,,null,,,
1384,falling,1,703,243,32090,121.55,sam2,17.493,13105.501,234.027
1385,falling,1,,,,,null,,,
1386,falling,1,,,,,null,,,
1387,falling,1,,,,,null,,,
1388,falling,1,710,250,28318,107.26,sam2,9.899,7416.619,132.44
1389,falling,1,,,,,null,,,
1390,falling,1,,,,,null,,,
1391,falling,1,,,,,null,,,
1392,falling,1,711,254,26831,101.63,sam2,4.123,3088.996,55.161
1393,falling,1,,,,,null,,,
1394,falling,1,,,,,null,,,
1395,falling,1,,,,,null,,,
1396,falling,1,712,257,26202,99.25,sam2,3.162,2369.152,42.306
1397,falling,1,,,,,null,,,
1398,falling,1,,,,,null,,,
1399,falling,1,,,,,null,,,
1400,falling,1,712,254,27616,104.6,sam2,3.0,2247.575,40.135
1401,falling,1,,,,,null,,,
1402,falling,1,,,,,null,,,
1403,falling,1,,,,,null,,,
1404,falling,1,711,250,28207,106.84,sam2,4.123,3088.996,55.161
1405,falling,1,,,,,null,,,
1406,falling,1,,,,,null,,,
1407,falling,1,,,,,null,,,
1408,falling,1,712,239,30967,117.29,sam2,11.045,8275.092,147.769
1409,falling,1,,,,,null,,,
1410,falling,1,,,,,null,,,
1411,falling,1,,,,,null,,,
1412,falling,1,716,232,33706,127.67,sam2,8.062,6040.176,107.86
1413,falling,1,,,,,null,,,
1414,falling,1,,,,,null,,,
1415,falling,1,,,,,null,,,
1416,falling,1,718,226,35768,135.48,sam2,6.325,4738.304,84.613
1417,falling,1,,,,,null,,,
1418,falling,1,,,,,null,,,
1419,falling,1,,,,,null,,,
1420,falling,1,718,217,35668,135.1,sam2,9.0,6742.725,120.406
1421,falling,1,,,,,null,,,
1422,falling,1,,,,,null,,,
1423,falling,1,,,,,null,,,
1424,falling,1,716,213,36793,139.36,sam2,4.472,3350.487,59.83
1425,falling,1,,,,,null,,,
1426,falling,1,,,,,null,,,
1427,falling,1,,,,,null,,,
1428,falling,1,715,210,37126,140.62,sam2,3.162,2369.152,42.306
1429,falling,1,,,,,null,,,
1430,falling,1,,,,,null,,,
1431,falling,1,,,,,null,,,
1432,falling,1,715,210,36230,137.23,sam2,0.0,0.0,0.0
1433,falling,1,,,,,null,,,
1434,falling,1,,,,,null,,,
1435,falling,1,,,,,null,,,
1436,falling,1,716,211,35586,134.79,sam2,1.414,1059.517,18.92
1437,falling,1,,,,,null,,,
1438,falling,1,,,,,null,,,
1439,falling,1,,,,,null,,,
1440,falling,1,718,217,33966,128.65,sam2,6.325,4738.304,84.613
1441,falling,1,,,,,null,,,
1442,falling,1,,,,,null,,,
1443,falling,1,,,,,null,,,
1444,falling,1,718,225,32064,121.45,sam2,8.0,5993.533,107.027
1445,falling,1,,,,,null,,,
1446,falling,1,,,,,null,,,
1447,falling,1,,,,,null,,,
1448,falling,1,716,234,30598,115.9,sam2,9.22,6907.205,123.343
1449,falling,1,,,,,null,,,
1450,falling,1,,,,,null,,,
1451,falling,1,,,,,null,,,
1452,falling,1,714,242,28524,108.04,sam2,8.246,6177.992,110.321
1453,falling,1,,,,,null,,,
1454,falling,1,,,,,null,,,
1455,falling,1,,,,,null,,,
1456,falling,1,711,250,26737,101.27,sam2,8.544,6401.096,114.305
1457,falling,1,,,,,null,,,
1458,falling,1,,,,,null,,,
1459,falling,1,,,,,null,,,
1460,falling,1,709,253,25952,98.3,sam2,3.606,2701.249,48.237
1461,falling,1,,,,,null,,,
1462,falling,1,,,,,null,,,
1463,falling,1,,,,,null,,,
1464,falling,1,708,255,26046,98.66,sam2,2.236,1675.243,29.915
1465,falling,1,,,,,null,,,
1466,falling,1,,,,,null,,,
1467,falling,1,,,,,null,,,
1468,falling,1,706,254,27473,104.06,sam2,2.236,1675.243,29.915
1469,falling,1,,,,,null,,,
1470,falling,1,,,,,null,,,
1471,falling,1,,,,,null,,,
1472,falling,1,703,249,29578,112.03,sam2,5.831,4368.5,78.009
1473,falling,1,,,,,null,,,
1474,falling,1,,,,,null,,,
1475,falling,1,,,,,null,,,
1476,falling,1,703,241,31976,121.12,sam2,8.0,5993.533,107.027
1477,falling,1,,,,,null,,,
1478,falling,1,,,,,null,,,
1479,falling,1,,,,,null,,,
1480,falling,1,704,230,32609,123.51,sam2,11.045,8275.092,147.769
1481,falling,1,,,,,null,,,
1482,falling,1,,,,,null,,,
1483,falling,1,,,,,null,,,
1484,falling,1,703,223,33926,128.5,sam2,7.071,5297.585,94.6
1485,falling,1,,,,,null,,,
1486,falling,1,,,,,null,,,
1487,falling,1,,,,,null,,,
1488,falling,1,700,218,34587,131.01,sam2,5.831,4368.5,78.009
1489,falling,1,,,,,null,,,
1490,falling,1,,,,,null,,,
1491,falling,1,,,,,null,,,
1492,falling,1,697,215,33885,128.35,sam2,4.243,3178.551,56.76
1493,falling,1,,,,,null,,,
1494,falling,1,,,,,null,,,
1495,falling,1,,,,,null,,,
1496,falling,1,695,216,33010,125.03,sam2,2.236,1675.243,29.915
1497,falling,1,,,,,null,,,
1498,falling,1,,,,,null,,,
1499,falling,1,,,,,null,,,
1500,falling,1,695,217,31515,119.37,sam2,1.0,749.192,13.378
1501,falling,1,,,,,null,,,
1502,falling,1,,,,,null,,,
1503,falling,1,,,,,null,,,
1504,falling,1,696,219,29738,112.64,sam2,2.236,1675.243,29.915
1505,falling,1,,,,,null,,,
1506,falling,1,,,,,null,,,
1507,falling,1,,,,,null,,,
1508,falling,1,699,227,29462,111.59,sam2,8.544,6401.096,114.305
1509,falling,1,,,,,null,,,
1510,falling,1,,,,,null,,,
1511,falling,1,,,,,null,,,
1512,falling,1,699,236,28599,108.33,sam2,9.0,6742.725,120.406
1513,falling,1,,,,,null,,,
1514,falling,1,,,,,null,,,
1515,falling,1,,,,,null,,,
1516,falling,1,698,246,27849,105.48,sam2,10.05,7529.283,134.451
1517,falling,1,,,,,null,,,
1518,falling,1,,,,,null,,,
1519,falling,1,,,,,null,,,
1520,falling,1,697,253,27723,105.01,sam2,7.071,5297.585,94.6
1521,falling,1,,,,,null,,,
1522,falling,1,,,,,null,,,
1523,falling,1,,,,,null,,,
1524,falling,1,697,255,27731,105.04,sam2,2.0,1498.383,26.757
1525,falling,1,,,,,null,,,
1526,falling,1,,,,,null,,,
1527,falling,1,,,,,null,,,
1528,falling,1,697,254,28419,107.64,sam2,1.0,749.192,13.378
1529,falling,1,,,,,null,,,
1530,falling,1,,,,,null,,,
1531,falling,1,,,,,null,,,
1532,falling,1,699,250,29738,112.64,sam2,4.472,3350.487,59.83
1533,falling,1,,,,,null,,,
1534,falling,1,,,,,null,,,
1535,falling,1,,,,,null,,,
1536,falling,1,701,244,31162,118.03,sam2,6.325,4738.304,84.613
1537,falling,1,,,,,null,,,
1538,falling,1,,,,,null,,,
1539,falling,1,,,,,null,,,
1540,falling,1,704,235,31812,120.5,sam2,9.487,7107.456,126.919
1541,falling,1,,,,,null,,,
1542,falling,1,,,,,null,,,
1543,falling,1,,,,,null,,,
1544,falling,1,707,229,32899,124.61,sam2,6.708,5025.73,89.745
1545,falling,1,,,,,null,,,
1546,falling,1,,,,,null,,,
1547,falling,1,,,,,null,,,
1548,falling,1,709,225,33008,125.03,sam2,4.472,3350.487,59.83
1549,falling,1,,,,,null,,,
1550,falling,1,,,,,null,,,
1551,falling,1,,,,,null,,,
1552,falling,1,708,222,31715,120.13,sam2,3.162,2369.152,42.306
1553,falling,1,,,,,null,,,
1554,falling,1,,,,,null,,,
1555,falling,1,,,,,null,,,
1556,falling,1,706,224,31109,117.83,sam2,2.828,2119.034,37.84
1557,falling,1,,,,,null,,,
1558,falling,1,,,,,null,,,
1559,falling,1,,,,,null,,,
1560,falling,1,704,224,29813,112.92,sam2,2.0,1498.383,26.757
1561,falling,1,,,,,null,,,
1562,falling,1,,,,,null,,,
1563,falling,1,,,,,null,,,
1564,falling,1,705,228,29114,110.28,sam2,4.123,3088.996,55.161
1565,falling,1,,,,,null,,,
1566,falling,1,,,,,null,,,
1567,falling,1,,,,,null,,,
1568,falling,1,707,234,28883,109.4,sam2,6.325,4738.304,84.613
1569,falling,1,,,,,null,,,
1570,falling,1,,,,,null,,,
1571,falling,1,,,,,null,,,
1572,falling,1,710,240,28625,108.42,sam2,6.708,5025.73,89.745
1573,falling,1,,,,,null,,,
1574,falling,1,,,,,null,,,
1575,falling,1,,,,,null,,,
1576,falling,1,710,246,29113,110.27,sam2,6.0,4495.15,80.271
1577,falling,1,,,,,null,,,
1578,falling,1,,,,,null,,,
1579,falling,1,,,,,null,,,
1580,falling,1,709,250,29007,109.87,sam2,4.123,3088.996,55.161
1581,falling,1,,,,,null,,,
1582,falling,1,,,,,null,,,
1583,falling,1,,,,,null,,,
1584,falling,1,707,253,28846,109.26,sam2,3.606,2701.249,48.237
1585,falling,1,,,,,null,,,
1586,falling,1,,,,,null,,,
1587,falling,1,,,,,null,,,
1588,falling,1,703,252,29435,111.49,sam2,4.123,3088.996,55.161
1589,falling,1,,,,,null,,,
1590,falling,1,,,,,null,,,
1591,falling,1,,,,,null,,,
1592,falling,1,700,248,30957,117.26,sam2,5.0,3745.958,66.892
1593,falling,1,,,,,null,,,
1594,falling,1,,,,,null,,,
1595,falling,1,,,,,null,,,
1596,falling,1,699,244,32600,123.48,sam2,4.123,3088.996,55.161
1597,falling,1,,,,,null,,,
1598,falling,1,,,,,null,,,
1599,falling,1,,,,,null,,,
1600,falling,1,698,238,33284,126.07,sam2,6.083,4557.155,81.378
1601,falling,1,,,,,null,,,
1602,falling,1,,,,,null,,,
1603,falling,1,,,,,null,,,
1604,falling,1,698,234,32475,123.01,sam2,4.0,2996.766,53.514
1605,falling,1,,,,,null,,,
1606,falling,1,,,,,null,,,
1607,falling,1,,,,,null,,,
1608,falling,1,699,231,30840,116.81,sam2,3.162,2369.152,42.306
1609,falling,1,,,,,null,,,
1610,falling,1,,,,,null,,,
1611,falling,1,,,,,null,,,
1612,falling,1,698,229,29676,112.4,sam2,2.236,1675.243,29.915
1613,falling,1,,,,,null,,,
1614,falling,1,,,,,null,,,
1615,falling,1,,,,,null,,,
1616,falling,1,696,229,29462,111.59,sam2,2.0,1498.383,26.757
1617,falling,1,,,,,null,,,
1618,falling,1,,,,,null,,,
1619,falling,1,,,,,null,,,
1620,falling,1,694,230,29071,110.11,sam2,2.236,1675.243,29.915
1621,falling,1,,,,,null,,,
1622,falling,1,,,,,null,,,
1623,falling,1,,,,,null,,,
1624,falling,1,693,233,28611,108.37,sam2,3.162,2369.152,42.306
1625,falling,1,,,,,null,,,
1626,falling,1,,,,,null,,,
1627,falling,1,,,,,null,,,
1628,falling,1,693,236,27920,105.75,sam2,3.0,2247.575,40.135
1629,falling,1,,,,,null,,,
1630,falling,1,,,,,null,,,
1631,falling,1,,,,,null,,,
1632,falling,1,693,242,28717,108.77,sam2,6.0,4495.15,80.271
1633,falling,1,,,,,null,,,
1634,falling,1,,,,,null,,,
1635,falling,1,,,,,null,,,
1636,falling,1,696,245,29447,111.54,sam2,4.243,3178.551,56.76
1637,falling,1,,,,,null,,,
1638,falling,1,,,,,null,,,
1639,falling,1,,,,,null,,,
1640,falling,1,699,248,30276,114.68,sam2,4.243,3178.551,56.76
1641,falling,1,,,,,null,,,
1642,falling,1,,,,,null,,,
1643,falling,1,,,,,null,,,
1644,falling,1,700,249,30774,116.56,sam2,1.414,1059.517,18.92
1645,falling,1,,,,,null,,,
1646,falling,1,,,,,null,,,
1647,falling,1,,,,,null,,,
1648,falling,1,700,248,31113,117.85,sam2,1.0,749.192,13.378
1649,falling,1,,,,,null,,,
1650,falling,1,,,,,null,,,
1651,falling,1,,,,,null,,,
1652,falling,1,699,246,31537,119.45,sam2,2.236,1675.243,29.915
1653,falling,1,,,,,null,,,
1654,falling,1,,,,,null,,,
1655,falling,1,,,,,null,,,
1656,falling,1,698,243,32132,121.71,sam2,3.162,2369.152,42.306
1657,falling,1,,,,,null,,,
1658,falling,1,,,,,null,,,
1659,falling,1,,,,,null,,,
1660,falling,1,699,240,31869,120.71,sam2,3.162,2369.152,42.306
1661,falling,1,,,,,null,,,
1662,falling,1,,,,,null,,,
1663,falling,1,,,,,null,,,
1664,falling,1,699,237,30309,114.8,sam2,3.0,2247.575,40.135
1665,falling,1,,,,,null,,,
1666,falling,1,,,,,null,,,
1667,falling,1,,,,,null,,,
1668,falling,1,701,235,29249,110.79,sam2,2.828,2119.034,37.84
1669,falling,1,,,,,null,,,
1670,falling,1,,,,,null,,,
1671,falling,1,,,,,null,,,
1672,falling,1,703,234,28850,109.28,sam2,2.236,1675.243,29.915
1673,falling,1,,,,,null,,,
1674,falling,1,,,,,null,,,
1675,falling,1,,,,,null,,,
1676,falling,1,704,233,28888,109.42,sam2,1.414,1059.517,18.92
1677,falling,1,,,,,null,,,
1678,falling,1,,,,,null,,,
1679,falling,1,,,,,null,,,
1680,falling,1,705,233,28686,108.65,sam2,1.0,749.192,13.378
1681,falling,1,,,,,null,,,
1682,falling,1,,,,,null,,,
1683,falling,1,,,,,null,,,
1684,falling,1,705,235,28423,107.66,sam2,2.0,1498.383,26.757
1685,falling,1,,,,,null,,,
1686,falling,1,,,,,null,,,
1687,falling,1,,,,,null,,,
1688,falling,1,704,238,28569,108.21,sam2,3.162,2369.152,42.306
1689,falling,1,,,,,null,,,
1690,falling,1,,,,,null,,,
1691,falling,1,,,,,null,,,
1692,falling,1,703,241,29101,110.23,sam2,3.162,2369.152,42.306
1693,falling,1,,,,,null,,,
1694,falling,1,,,,,null,,,
1695,falling,1,,,,,null,,,
1696,falling,1,704,244,30200,114.39,sam2,3.162,2369.152,42.306
1697,falling,1,,,,,null,,,
1698,falling,1,,,,,null,,,
1699,falling,1,,,,,null,,,
1700,falling,1,705,246,30786,116.61,sam2,2.236,1675.243,29.915
1701,falling,1,,,,,null,,,
1702,falling,1,,,,,null,,,
1703,falling,1,,,,,null,,,
1704,falling,1,706,247,31036,117.56,sam2,1.414,1059.517,18.92
1705,falling,1,,,,,null,,,
1706,falling,1,,,,,null,,,
1707,falling,1,,,,,null,,,
1708,falling,1,707,246,31237,118.32,sam2,1.414,1059.517,18.92
1709,falling,1,,,,,null,,,
1710,falling,1,,,,,null,,,
1711,falling,1,,,,,null,,,
1712,falling,1,706,245,31351,118.75,sam2,1.414,1059.517,18.92
1713,falling,1,,,,,null,,,
1714,falling,1,,,,,null,,,
1715,falling,1,,,,,null,,,
1716,falling,1,705,244,31188,118.13,sam2,1.414,1059.517,18.92
1717,falling,1,,,,,null,,,
1718,falling,1,,,,,null,,,
1719,falling,1,,,,,null,,,
1720,falling,1,702,242,30056,113.84,sam2,3.606,2701.249,48.237
1721,falling,1,,,,,null,,,
1722,falling,1,,,,,null,,,
1723,falling,1,,,,,null,,,
1724,falling,1,699,239,28835,109.22,sam2,4.243,3178.551,56.76
1725,falling,1,,,,,null,,,
1726,falling,1,,,,,null,,,
1727,falling,1,,,,,null,,,
1728,falling,1,699,237,28776,109.0,sam2,2.0,1498.383,26.757
1729,falling,1,,,,,null,,,
1730,falling,1,,,,,null,,,
1731,falling,1,,,,,null,,,
1732,falling,1,698,235,28600,108.33,sam2,2.236,1675.243,29.915
1733,falling,1,,,,,null,,,
1734,falling,1,,,,,null,,,
1735,falling,1,,,,,null,,,
1736,falling,1,698,234,29202,110.61,sam2,1.0,749.192,13.378
1737,falling,1,,,,,null,,,
1738,falling,1,,,,,null,,,
1739,falling,1,,,,,null,,,
1740,falling,1,698,234,29259,110.83,sam2,0.0,0.0,0.0
1741,falling,1,,,,,null,,,
1742,falling,1,,,,,null,,,
1743,falling,1,,,,,null,,,
1744,falling,1,698,236,29622,112.2,sam2,2.0,1498.383,26.757
1745,falling,1,,,,,null,,,
1746,falling,1,,,,,null,,,
1747,falling,1,,,,,null,,,
1748,falling,1,697,237,29087,110.17,sam2,1.414,1059.517,18.92
1749,falling,1,,,,,null,,,
1750,falling,1,,,,,null,,,
1751,falling,1,,,,,null,,,
1752,falling,1,696,239,29349,111.17,sam2,2.236,1675.243,29.915
1753,falling,1,,,,,null,,,
1754,falling,1,,,,,null,,,
1755,falling,1,,,,,null,,,
1756,falling,1,695,241,30081,113.94,sam2,2.236,1675.243,29.915
1757,falling,1,,,,,null,,,
1758,falling,1,,,,,null,,,
1759,falling,1,,,,,null,,,
1760,falling,1,694,243,30315,114.83,sam2,2.236,1675.243,29.915
1761,falling,1,,,,,null,,,
1762,falling,1,,,,,null,,,
1763,falling,1,,,,,null,,,
1764,falling,1,695,245,30220,114.47,sam2,2.236,1675.243,29.915
1765,falling,1,,,,,null,,,
1766,falling,1,,,,,null,,,
1767,falling,1,,,,,null,,,
1768,falling,1,696,246,30045,113.8,sam2,1.414,1059.517,18.92
1769,falling,1,,,,,null,,,
1770,falling,1,,,,,null,,,
1771,falling,1,,,,,null,,,
1772,falling,1,697,246,29810,112.91,sam2,1.0,749.192,13.378
1773,falling,1,,,,,null,,,
1774,falling,1,,,,,null,,,
1775,falling,1,,,,,null,,,
1776,falling,1,699,244,29347,111.16,sam2,2.828,2119.034,37.84
1777,falling,1,,,,,null,,,
1778,falling,1,,,,,null,,,
1779,falling,1,,,,,null,,,
1780,falling,1,699,242,28861,109.32,sam2,2.0,1498.383,26.757
1781,falling,1,,,,,null,,,
1782,falling,1,,,,,null,,,
1783,falling,1,,,,,null,,,
1784,falling,1,699,239,28327,107.3,sam2,3.0,2247.575,40.135
1785,falling,1,,,,,null,,,
1786,falling,1,,,,,null,,,
1787,falling,1,,,,,null,,,
1788,falling,1,700,236,28850,109.28,sam2,3.162,2369.152,42.306
1789,falling,1,,,,,null,,,
1790,falling,1,,,,,null,,,
1791,falling,1,,,,,null,,,
1792,falling,1,700,235,29624,112.21,sam2,1.0,749.192,13.378
1793,falling,1,,,,,null,,,
1794,falling,1,,,,,null,,,
1795,falling,1,,,,,null,,,
1796,falling,1,700,233,29681,112.42,sam2,2.0,1498.383,26.757
1797,falling,1,,,,,null,,,
1798,falling,1,,,,,null,,,
1799,falling,1,,,,,null,,,
1800,falling,1,701,234,30031,113.75,sam2,1.414,1059.517,18.92
1801,falling,1,,,,,null,,,
1802,falling,1,,,,,null,,,
1803,falling,1,,,,,null,,,
1804,falling,1,702,233,29397,111.35,sam2,1.414,1059.517,18.92
1805,falling,1,,,,,null,,,
1806,falling,1,,,,,null,,,
1807,falling,1,,,,,null,,,
1808,falling,1,703,235,29186,110.55,sam2,2.236,1675.243,29.915
1809,falling,1,,,,,null,,,
1810,falling,1,,,,,null,,,
1811,falling,1,,,,,null,,,
1812,falling,1,705,238,29891,113.22,sam2,3.606,2701.249,48.237
1813,falling,1,,,,,null,,,
1814,falling,1,,,,,null,,,
1815,falling,1,,,,,null,,,
1816,falling,1,706,241,30004,113.65,sam2,3.162,2369.152,42.306
1817,falling,1,,,,,null,,,
1818,falling,1,,,,,null,,,
1819,falling,1,,,,,null,,,
1820,falling,1,705,244,29642,112.28,sam2,3.162,2369.152,42.306
1821,falling,1,,,,,null,,,
1822,falling,1,,,,,null,,,
1823,falling,1,,,,,null,,,
1824,falling,1,705,246,29361,111.21,sam2,2.0,1498.383,26.757
1825,falling,1,,,,,null,,,
1826,falling,1,,,,,null,,,
1827,falling,1,,,,,null,,,
1828,falling,1,704,247,28987,109.8,sam2,1.414,1059.517,18.92
1829,falling,1,,,,,null,,,
1830,falling,1,,,,,null,,,
1831,falling,1,,,,,null,,,
1832,falling,1,704,247,28933,109.59,sam2,0.0,0.0,0.0
1833,falling,1,,,,,null,,,
1834,falling,1,,,,,null,,,
1835,falling,1,,,,,null,,,
1836,falling,1,703,245,29083,110.16,sam2,2.236,1675.243,29.915
1837,falling,1,,,,,null,,,
1838,falling,1,,,,,null,,,
1839,falling,1,,,,,null,,,
1840,falling,1,702,242,29046,110.02,sam2,3.162,2369.152,42.306
1841,falling,1,,,,,null,,,
1842,falling,1,,,,,null,,,
1843,falling,1,,,,,null,,,
1844,falling,1,701,237,28829,109.2,sam2,5.099,3820.143,68.217
1845,falling,1,,,,,null,,,
1846,falling,1,,,,,null,,,
1847,falling,1,,,,,null,,,
1848,falling,1,701,235,29859,113.1,sam2,2.0,1498.383,26.757
1849,falling,1,,,,,null,,,
1850,falling,1,,,,,null,,,
1851,falling,1,,,,,null,,,
1852,falling,1,701,233,30346,114.94,sam2,2.0,1498.383,26.757
1853,falling,1,,,,,null,,,
1854,falling,1,,,,,null,,,
1855,falling,1,,,,,null,,,
1856,falling,1,700,232,30243,114.55,sam2,1.414,1059.517,18.92
1857,falling,1,,,,,null,,,
1858,falling,1,,,,,null,,,
1859,falling,1,,,,,null,,,
1860,falling,1,699,232,30041,113.79,sam2,1.0,749.192,13.378
1861,falling,1,,,,,null,,,
1862,falling,1,,,,,null,,,
1863,falling,1,,,,,null,,,
1864,falling,1,698,233,29513,111.79,sam2,1.414,1059.517,18.92
1865,falling,1,,,,,null,,,
1866,falling,1,,,,,null,,,
1867,falling,1,,,,,null,,,
1868,falling,1,697,235,29025,109.94,sam2,2.236,1675.243,29.915
1869,falling,1,,,,,null,,,
1870,falling,1,,,,,null,,,
1871,falling,1,,,,,null,,,
1872,falling,1,696,239,29207,110.63,sam2,4.123,3088.996,55.161
1873,falling,1,,,,,null,,,
1874,falling,1,,,,,null,,,
1875,falling,1,,,,,null,,,
1876,falling,1,696,241,28478,107.87,sam2,2.0,1498.383,26.757
1877,falling,1,,,,,null,,,
1878,falling,1,,,,,null,,,
1879,falling,1,,,,,null,,,
1880,falling,1,696,245,28505,107.97,sam2,4.0,2996.766,53.514
1881,falling,1,,,,,null,,,
1882,falling,1,,,,,null,,,
1883,falling,1,,,,,null,,,
1884,falling,1,697,247,28493,107.92,sam2,2.236,1675.243,29.915
1885,falling,1,,,,,null,,,
1886,falling,1,,,,,null,,,
1887,falling,1,,,,,null,,,
1888,falling,1,697,248,28470,107.84,sam2,1.0,749.192,13.378
1889,falling,1,,,,,null,,,
1890,falling,1,,,,,null,,,
1891,falling,1,,,,,null,,,
1892,falling,1,697,246,28885,109.41,sam2,2.0,1498.383,26.757
1893,falling,1,,,,,null,,,
1894,falling,1,,,,,null,,,
1895,falling,1,,,,,null,,,
1896,falling,1,697,243,29076,110.13,sam2,3.0,2247.575,40.135
1897,falling,1,,,,,null,,,
1898,falling,1,,,,,null,,,
1899,falling,1,,,,,null,,,
1900,falling,1,697,239,29527,111.84,sam2,4.0,2996.766,53.514
1901,falling,1,,,,,null,,,
1902,falling,1,,,,,null,,,
1903,falling,1,,,,,null,,,
1904,falling,1,697,236,30218,114.46,sam2,3.0,2247.575,40.135
1905,falling,1,,,,,null,,,
1906,falling,1,,,,,null,,,
1907,falling,1,,,,,null,,,
1908,falling,1,698,233,30297,114.76,sam2,3.162,2369.152,42.306
1909,falling,1,,,,,null,,,
1910,falling,1,,,,,null,,,
1911,falling,1,,,,,null,,,
1912,falling,1,699,232,30385,115.09,sam2,1.414,1059.517,18.92
1913,falling,1,,,,,null,,,
1914,falling,1,,,,,null,,,
1915,falling,1,,,,,null,,,
1916,falling,1,700,231,30002,113.64,sam2,1.414,1059.517,18.92
1917,falling,1,,,,,null,,,
1918,falling,1,,,,,null,,,
1919,falling,1,,,,,null,,,
1920,falling,1,701,232,29464,111.6,sam2,1.414,1059.517,18.92
1921,falling,1,,,,,null,,,
1922,falling,1,,,,,null,,,
1923,falling,1,,,,,null,,,
1924,falling,1,701,234,29168,110.48,sam2,2.0,1498.383,26.757
1925,falling,1,,,,,null,,,
1926,falling,1,,,,,null,,,
1927,falling,1,,,,,null,,,
1928,falling,1,701,237,28686,108.65,sam2,3.0,2247.575,40.135
1929,falling,1,,,,,null,,,
1930,falling,1,,,,,null,,,
1931,falling,1,,,,,null,,,
1932,falling,1,702,240,28154,106.64,sam2,3.162,2369.152,42.306
1933,falling,1,,,,,null,,,
1934,falling,1,,,,,null,,,
1935,falling,1,,,,,null,,,
1936,falling,1,703,244,28265,107.06,sam2,4.123,3088.996,55.161
1937,falling,1,,,,,null,,,
1938,falling,1,,,,,null,,,
1939,falling,1,,,,,null,,,
1940,falling,1,703,247,28524,108.04,sam2,3.0,2247.575,40.135
1941,falling,1,,,,,null,,,
1942,falling,1,,,,,null,,,
1943,falling,1,,,,,null,,,
1944,falling,1,703,248,28771,108.98,sam2,1.0,749.192,13.378
1945,falling,1,,,,,null,,,
1946,falling,1,,,,,null,,,
1947,falling,1,,,,,null,,,
1948,falling,1,704,247,29326,111.08,sam2,1.414,1059.517,18.92
1949,falling,1,,,,,null,,,
1950,falling,1,,,,,null,,,
1951,falling,1,,,,,null,,,
1952,falling,1,704,245,29721,112.58,sam2,2.0,1498.383,26.757
1953,falling,1,,,,,null,,,
1954,falling,1,,,,,null,,,
1955,falling,1,,,,,null,,,
1956,falling,1,704,241,30238,114.53,sam2,4.0,2996.766,53.514
1957,falling,1,,,,,null,,,
1958,falling,1,,,,,null,,,
1959,falling,1,,,,,null,,,
1960,falling,1,702,237,30303,114.78,sam2,4.472,3350.487,59.83
1961,falling,1,,,,,null,,,
1962,falling,1,,,,,null,,,
1963,falling,1,,,,,null,,,
1964,falling,1,701,234,30052,113.83,sam2,3.162,2369.152,42.306
1965,falling,1,,,,,null,,,
1966,falling,1,,,,,null,,,
1967,falling,1,,,,,null,,,
1968,falling,1,701,233,30352,114.97,sam2,1.0,749.192,13.378
1969,falling,1,,,,,null,,,
1970,falling,1,,,,,null,,,
1971,falling,1,,,,,null,,,
1972,falling,1,700,232,29922,113.34,sam2,1.414,1059.517,18.92
1973,falling,1,,,,,null,,,
1974,falling,1,,,,,null,,,
1975,falling,1,,,,,null,,,
1976,falling,1,700,233,29346,111.15,sam2,1.0,749.192,13.378
1977,falling,1,,,,,null,,,
1978,falling,1,,,,,null,,,
1979,falling,1,,,,,null,,,
1980,falling,1,700,235,29011,109.89,sam2,2.0,1498.383,26.757
1981,falling,1,,,,,null,,,
1982,falling,1,,,,,null,,,
1983,falling,1,,,,,null,,,
1984,falling,1,699,237,28622,108.41,sam2,2.236,1675.243,29.915
1985,falling,1,,,,,null,,,
1986,falling,1,,,,,null,,,
1987,falling,1,,,,,null,,,
1988,falling,1,699,239,28083,106.37,sam2,2.0,1498.383,26.757
1989,falling,1,,,,,null,,,
1990,falling,1,,,,,null,,,
1991,falling,1,,,,,null,,,
1992,falling,1,698,243,28367,107.45,sam2,4.123,3088.996,55.161
1993,falling,1,,,,,null,,,
1994,falling,1,,,,,null,,,
1995,falling,1,,,,,null,,,
1996,falling,1,698,245,28519,108.02,sam2,2.0,1498.383,26.757
1997,falling,1,,,,,null,,,
1998,falling,1,,,,,null,,,
1999,falling,1,,,,,null,,,
2000,falling,1,698,247,29101,110.23,sam2,2.0,1498.383,26.757
2001,falling,1,,,,,null,,,
2002,falling,1,,,,,null,,,
2003,falling,1,,,,,null,,,
2004,falling,1,698,247,29444,111.53,sam2,0.0,0.0,0.0
2005,falling,1,,,,,null,,,
2006,falling,1,,,,,null,,,
2007,falling,1,,,,,null,,,
2008,falling,1,698,245,29890,113.22,sam2,2.0,1498.383,26.757
2009,falling,1,,,,,null,,,
2010,falling,1,,,,,null,,,
2011,falling,1,,,,,null,,,
2012,falling,1,698,243,30597,115.89,sam2,2.0,1498.383,26.757
2013,falling,1,,,,,null,,,
2014,falling,1,,,,,null,,,
2015,falling,1,,,,,null,,,
2016,falling,1,698,239,30350,114.96,sam2,4.0,2996.766,53.514
2017,falling,1,,,,,null,,,
2018,falling,1,,,,,null,,,
2019,falling,1,,,,,null,,,
2020,falling,1,698,236,30098,114.0,sam2,3.0,2247.575,40.135
2021,falling,1,,,,,null,,,
2022,falling,1,,,,,null,,,
2023,falling,1,,,,,null,,,
2024,falling,1,698,234,29786,112.82,sam2,2.0,1498.383,26.757
2025,falling,1,,,,,null,,,
2026,falling,1,,,,,null,,,
2027,falling,1,,,,,null,,,
2028,falling,1,699,234,29703,112.51,sam2,1.0,749.192,13.378
2029,falling,1,,,,,null,,,
2030,falling,1,,,,,null,,,
2031,falling,1,,,,,null,,,
2032,falling,1,699,234,29164,110.47,sam2,0.0,0.0,0.0
2033,falling,1,,,,,null,,,
2034,falling,1,,,,,null,,,
2035,falling,1,,,,,null,,,
2036,falling,1,699,234,28264,107.06,sam2,0.0,0.0,0.0
2037,falling,1,,,,,null,,,
2038,falling,1,,,,,null,,,
2039,falling,1,,,,,null,,,
2040,falling,1,700,237,28405,107.59,sam2,3.162,2369.152,42.306
2041,falling,1,,,,,null,,,
2042,falling,1,,,,,null,,,
2043,falling,1,,,,,null,,,
2044,falling,1,700,239,28153,106.64,sam2,2.0,1498.383,26.757
2045,falling,1,,,,,null,,,
2046,falling,1,,,,,null,,,
2047,falling,1,,,,,null,,,
2048,falling,1,700,241,28291,107.16,sam2,2.0,1498.383,26.757
2049,falling,1,,,,,null,,,
2050,falling,1,,,,,null,,,
2051,falling,1,,,,,null,,,
2052,falling,1,701,244,28836,109.22,sam2,3.162,2369.152,42.306
2053,falling,1,,,,,null,,,
2054,falling,1,,,,,null,,,
2055,falling,1,,,,,null,,,
2056,falling,1,702,245,29123,110.31,sam2,1.414,1059.517,18.92
2057,falling,1,,,,,null,,,
2058,falling,1,,,,,null,,,
2059,falling,1,,,,,null,,,
2060,falling,1,702,246,29966,113.5,sam2,1.0,749.192,13.378
2061,falling,1,,,,,null,,,
2062,falling,1,,,,,null,,,
2063,falling,1,,,,,null,,,
2064,falling,1,702,245,30244,114.56,sam2,1.0,749.192,13.378
2065,falling,1,,,,,null,,,
2066,falling,1,,,,,null,,,
2067,falling,1,,,,,null,,,
2068,falling,1,702,243,30645,116.08,sam2,2.0,1498.383,26.757
2069,falling,1,,,,,null,,,
2070,falling,1,,,,,null,,,
2071,falling,1,,,,,null,,,
2072,falling,1,702,241,30572,115.8,sam2,2.0,1498.383,26.757
2073,falling,1,,,,,null,,,
2074,falling,1,,,,,null,,,
2075,falling,1,,,,,null,,,
2076,falling,1,702,238,30117,114.08,sam2,3.0,2247.575,40.135
2077,falling,1,,,,,null,,,
2078,falling,1,,,,,null,,,
2079,falling,1,,,,,null,,,
2080,falling,1,701,235,29398,111.35,sam2,3.162,2369.152,42.306
2081,falling,1,,,,,null,,,
2082,falling,1,,,,,null,,,
2083,falling,1,,,,,null,,,
2084,falling,1,702,235,29184,110.54,sam2,1.0,749.192,13.378
2085,falling,1,,,,,null,,,
2086,falling,1,,,,,null,,,
2087,falling,1,,,,,null,,,
2088,falling,1,701,235,29083,110.16,sam2,1.0,749.192,13.378
2089,falling,1,,,,,null,,,
2090,falling,1,,,,,null,,,
2091,falling,1,,,,,null,,,
2092,falling,1,701,236,28699,108.7,sam2,1.0,749.192,13.378
2093,falling,1,,,,,null,,,
2094,falling,1,,,,,null,,,
2095,falling,1,,,,,null,,,
2096,falling,1,701,236,28368,107.45,sam2,0.0,0.0,0.0
2097,falling,1,,,,,null,,,
2098,falling,1,,,,,null,,,
2099,falling,1,,,,,null,,,
2100,falling,1,700,237,28176,106.72,sam2,1.414,1059.517,18.92
2101,falling,1,,,,,null,,,
2102,falling,1,,,,,null,,,
2103,falling,1,,,,,null,,,
2104,falling,1,700,239,28337,107.33,sam2,2.0,1498.383,26.757
2105,falling,1,,,,,null,,,
2106,falling,1,,,,,null,,,
2107,falling,1,,,,,null,,,
2108,falling,1,700,243,29361,111.21,sam2,4.0,2996.766,53.514
2109,falling,1,,,,,null,,,
2110,falling,1,,,,,null,,,
2111,falling,1,,,,,null,,,
2112,falling,1,700,244,29790,112.84,sam2,1.0,749.192,13.378
2113,falling,1,,,,,null,,,
2114,falling,1,,,,,null,,,
2115,falling,1,,,,,null,,,
2116,falling,1,700,245,30145,114.18,sam2,1.0,749.192,13.378
2117,falling,1,,,,,null,,,
2118,falling,1,,,,,null,,,
2119,falling,1,,,,,null,,,
2120,falling,1,700,245,30381,115.08,sam2,0.0,0.0,0.0
2121,falling,1,,,,,null,,,
2122,falling,1,,,,,null,,,
2123,falling,1,,,,,null,,,
2124,falling,1,699,244,30436,115.28,sam2,1.414,1059.517,18.92
2125,falling,1,,,,,null,,,
2126,falling,1,,,,,null,,,
2127,falling,1,,,,,null,,,
2128,falling,1,699,241,30000,113.63,sam2,3.0,2247.575,40.135
2129,falling,1,,,,,null,,,
2130,falling,1,,,,,null,,,
2131,falling,1,,,,,null,,,
2132,falling,1,698,240,29748,112.68,sam2,1.414,1059.517,18.92
2133,falling,1,,,,,null,,,
2134,falling,1,,,,,null,,,
2135,falling,1,,,,,null,,,
2136,falling,1,698,237,29069,110.11,sam2,3.0,2247.575,40.135
2137,falling,1,,,,,null,,,
2138,falling,1,,,,,null,,,
2139,falling,1,,,,,null,,,
2140,falling,1,699,237,28994,109.82,sam2,1.0,749.192,13.378
2141,falling,1,,,,,null,,,
2142,falling,1,,,,,null,,,
2143,falling,1,,,,,null,,,
2144,falling,1,699,236,28663,108.57,sam2,1.0,749.192,13.378
2145,falling,1,,,,,null,,,
2146,falling,1,,,,,null,,,
2147,falling,1,,,,,null,,,
2148,falling,1,699,236,28540,108.1,sam2,0.0,0.0,0.0
2149,falling,1,,,,,null,,,
2150,falling,1,,,,,null,,,
2151,falling,1,,,,,null,,,
2152,falling,1,699,236,28541,108.11,sam2,0.0,0.0,0.0
2153,falling,1,,,,,null,,,
2154,falling,1,,,,,null,,,
2155,falling,1,,,,,null,,,
2156,falling,1,699,237,28364,107.44,sam2,1.0,749.192,13.378
2157,falling,1,,,,,null,,,
2158,falling,1,,,,,null,,,
2159,falling,1,,,,,null,,,
2160,falling,1,698,238,28689,108.67,sam2,1.414,1059.517,18.92
2161,falling,1,,,,,null,,,
2162,falling,1,,,,,null,,,
2163,falling,1,,,,,null,,,
2164,falling,1,699,240,29039,109.99,sam2,2.236,1675.243,29.915
2165,falling,1,,,,,null,,,
2166,falling,1,,,,,null,,,
2167,falling,1,,,,,null,,,
2168,falling,1,700,242,29660,112.34,sam2,2.236,1675.243,29.915
2169,falling,1,,,,,null,,,
2170,falling,1,,,,,null,,,
2171,falling,1,,,,,null,,,
2172,falling,1,700,244,29979,113.55,sam2,2.0,1498.383,26.757
2173,falling,1,,,,,null,,,
2174,falling,1,,,,,null,,,
2175,falling,1,,,,,null,,,
2176,falling,1,701,244,30054,113.84,sam2,1.0,749.192,13.378
2177,falling,1,,,,,null,,,
2178,falling,1,,,,,null,,,
2179,falling,1,,,,,null,,,
2180,falling,1,701,244,29948,113.44,sam2,0.0,0.0,0.0
2181,falling,1,,,,,null,,,
2182,falling,1,,,,,null,,,
2183,falling,1,,,,,null,,,
2184,falling,1,702,243,29771,112.76,sam2,1.414,1059.517,18.92
2185,falling,1,,,,,null,,,
2186,falling,1,,,,,null,,,
2187,falling,1,,,,,null,,,
2188,falling,1,701,241,29209,110.64,sam2,2.236,1675.243,29.915
2189,falling,1,,,,,null,,,
2190,falling,1,,,,,null,,,
2191,falling,1,,,,,null,,,
2192,falling,1,700,238,28486,107.9,sam2,3.162,2369.152,42.306
2193,falling,1,,,,,null,,,
2194,falling,1,,,,,null,,,
2195,falling,1,,,,,null,,,
2196,falling,1,700,237,28132,106.56,sam2,1.0,749.192,13.378
2197,falling,1,,,,,null,,,
2198,falling,1,,,,,null,,,
2199,falling,1,,,,,null,,,
2200,falling,1,700,236,28368,107.45,sam2,1.0,749.192,13.378
2201,falling,1,,,,,null,,,
2202,falling,1,,,,,null,,,
2203,falling,1,,,,,null,,,
2204,falling,1,701,237,28886,109.41,sam2,1.414,1059.517,18.92
2205,falling,1,,,,,null,,,
2206,falling,1,,,,,null,,,
2207,falling,1,,,,,null,,,
2208,falling,1,701,236,28689,108.67,sam2,1.0,749.192,13.378
2209,falling,1,,,,,null,,,
2210,falling,1,,,,,null,,,
2211,falling,1,,,,,null,,,
2212,falling,1,701,236,28793,109.06,sam2,0.0,0.0,0.0
2213,falling,1,,,,,null,,,
2214,falling,1,,,,,null,,,
2215,falling,1,,,,,null,,,
2216,falling,1,701,236,28430,107.69,sam2,0.0,0.0,0.0
2217,falling,1,,,,,null,,,
2218,falling,1,,,,,null,,,
2219,falling,1,,,,,null,,,
2220,falling,1,700,238,29155,110.43,sam2,2.236,1675.243,29.915
2221,falling,1,,,,,null,,,
2222,falling,1,,,,,null,,,
2223,falling,1,,,,,null,,,
2224,falling,1,700,241,29796,112.86,sam2,3.0,2247.575,40.135
2225,falling,1,,,,,null,,,
2226,falling,1,,,,,null,,,
2227,falling,1,,,,,null,,,
2228,falling,1,700,242,29769,112.76,sam2,1.0,749.192,13.378
2229,falling,1,,,,,null,,,
2230,falling,1,,,,,null,,,
2231,falling,1,,,,,null,,,
2232,falling,1,700,243,29747,112.67,sam2,1.0,749.192,13.378
2233,falling,1,,,,,null,,,
2234,falling,1,,,,,null,,,
2235,falling,1,,,,,null,,,
2236,falling,1,700,243,29286,110.93,sam2,0.0,0.0,0.0
2237,falling,1,,,,,null,,,
2238,falling,1,,,,,null,,,
2239,falling,1,,,,,null,,,
2240,falling,1,700,243,29043,110.01,sam2,0.0,0.0,0.0
2241,falling,1,,,,,null,,,
2242,falling,1,,,,,null,,,
2243,falling,1,,,,,null,,,
2244,falling,1,700,242,28696,108.69,sam2,1.0,749.192,13.378
2245,falling,1,,,,,null,,,
2246,falling,1,,,,,null,,,
2247,falling,1,,,,,null,,,
2248,falling,1,700,240,28267,107.07,sam2,2.0,1498.383,26.757
2249,falling,1,,,,,null,,,
2250,falling,1,,,,,null,,,
2251,falling,1,,,,,null,,,
2252,falling,1,699,238,28256,107.03,sam2,2.236,1675.243,29.915
2253,falling,1,,,,,null,,,
2254,falling,1,,,,,null,,,
2255,falling,1,,,,,null,,,
2256,falling,1,700,237,28482,107.88,sam2,1.414,1059.517,18.92
2257,falling,1,,,,,null,,,
2258,falling,1,,,,,null,,,
2259,falling,1,,,,,null,,,
2260,falling,1,700,236,28773,108.98,sam2,1.0,749.192,13.378
2261,falling,1,,,,,null,,,
2262,falling,1,,,,,null,,,
2263,falling,1,,,,,null,,,
2264,falling,1,700,236,29085,110.17,sam2,0.0,0.0,0.0
2265,falling,1,,,,,null,,,
2266,falling,1,,,,,null,,,
2267,falling,1,,,,,null,,,
2268,falling,1,699,236,29316,111.04,sam2,1.0,749.192,13.378
2269,falling,1,,,,,null,,,
2270,falling,1,,,,,null,,,
2271,falling,1,,,,,null,,,
2272,falling,1,699,236,29161,110.45,sam2,0.0,0.0,0.0
2273,falling,1,,,,,null,,,
2274,falling,1,,,,,null,,,
2275,falling,1,,,,,null,,,
2276,falling,1,699,238,29580,112.04,sam2,2.0,1498.383,26.757
2277,falling,1,,,,,null,,,
2278,falling,1,,,,,null,,,
2279,falling,1,,,,,null,,,
2280,falling,1,699,239,29444,111.53,sam2,1.0,749.192,13.378
2281,falling,1,,,,,null,,,
2282,falling,1,,,,,null,,,
2283,falling,1,,,,,null,,,
2284,falling,1,700,241,29463,111.6,sam2,2.236,1675.243,29.915
2285,falling,1,,,,,null,,,
2286,falling,1,,,,,null,,,
2287,falling,1,,,,,null,,,
2288,falling,1,700,242,28924,109.56,sam2,1.0,749.192,13.378
2289,falling,1,,,,,null,,,
2290,falling,1,,,,,null,,,
2291,falling,1,,,,,null,,,
2292,falling,1,700,243,28692,108.68,sam2,1.0,749.192,13.378
2293,falling,1,,,,,null,,,
2294,falling,1,,,,,null,,,
2295,falling,1,,,,,null,,,
2296,falling,1,700,244,28745,108.88,sam2,1.0,749.192,13.378
2297,falling,1,,,,,null,,,
2298,falling,1,,,,,null,,,
2299,falling,1,,,,,null,,,
2300,falling,1,700,242,28377,107.48,sam2,2.0,1498.383,26.757
2301,falling,1,,,,,null,,,
2302,falling,1,,,,,null,,,
2303,falling,1,,,,,null,,,
2304,falling,1,699,241,28236,106.95,sam2,1.414,1059.517,18.92
2305,falling,1,,,,,null,,,
2306,falling,1,,,,,null,,,
2307,falling,1,,,,,null,,,
2308,falling,1,699,239,28243,106.98,sam2,2.0,1498.383,26.757
2309,falling,1,,,,,null,,,
2310,falling,1,,,,,null,,,
2311,falling,1,,,,,null,,,
2312,falling,1,699,237,28376,107.48,sam2,2.0,1498.383,26.757
2313,falling,1,,,,,null,,,
2314,falling,1,,,,,null,,,
2315,falling,1,,,,,null,,,
2316,falling,1,699,236,28818,109.15,sam2,1.0,749.192,13.378
2317,falling,1,,,,,null,,,
2318,falling,1,,,,,null,,,
2319,falling,1,,,,,null,,,
2320,falling,1,699,234,28669,108.59,sam2,2.0,1498.383,26.757
2321,falling,1,,,,,null,,,
2322,falling,1,,,,,null,,,
2323,falling,1,,,,,null,,,
2324,falling,1,699,234,29121,110.3,sam2,0.0,0.0,0.0
2325,falling,1,,,,,null,,,
2326,falling,1,,,,,null,,,
2327,falling,1,,,,,null,,,
2328,falling,1,699,234,28780,109.01,sam2,0.0,0.0,0.0
2329,falling,1,,,,,null,,,
2330,falling,1,,,,,null,,,
2331,falling,1,,,,,null,,,
2332,falling,1,699,236,28869,109.35,sam2,2.0,1498.383,26.757
2333,falling,1,,,,,null,,,
2334,falling,1,,,,,null,,,
2335,falling,1,,,,,null,,,
2336,falling,1,699,238,29165,110.47,sam2,2.0,1498.383,26.757
2337,falling,1,,,,,null,,,
2338,falling,1,,,,,null,,,
2339,falling,1,,,,,null,,,
2340,falling,1,699,239,28503,107.96,sam2,1.0,749.192,13.378
2341,falling,1,,,,,null,,,
2342,falling,1,,,,,null,,,
2343,falling,1,,,,,null,,,
2344,falling,1,700,242,29003,109.86,sam2,3.162,2369.152,42.306
2345,falling,1,,,,,null,,,
2346,falling,1,,,,,null,,,
2347,falling,1,,,,,null,,,
2348,falling,1,700,243,28669,108.59,sam2,1.0,749.192,13.378
2349,falling,1,,,,,null,,,
2350,falling,1,,,,,null,,,
2351,falling,1,,,,,null,,,
2352,falling,1,700,244,28570,108.22,sam2,1.0,749.192,13.378
2353,falling,1,,,,,null,,,
2354,falling,1,,,,,null,,,
2355,falling,1,,,,,null,,,
2356,falling,1,701,243,28362,107.43,sam2,1.414,1059.517,18.92
2357,falling,1,,,,,null,,,
2358,falling,1,,,,,null,,,
2359,falling,1,,,,,null,,,
2360,falling,1,701,242,28306,107.22,sam2,1.0,749.192,13.378
2361,falling,1,,,,,null,,,
2362,falling,1,,,,,null,,,
2363,falling,1,,,,,null,,,
2364,falling,1,701,240,28412,107.62,sam2,2.0,1498.383,26.757
2365,falling,1,,,,,null,,,
2366,falling,1,,,,,null,,,
2367,falling,1,,,,,null,,,
2368,falling,1,700,239,29093,110.2,sam2,1.414,1059.517,18.92
2369,falling,1,,,,,null,,,
2370,falling,1,,,,,null,,,
2371,falling,1,,,,,null,,,
2372,falling,1,701,236,29008,109.87,sam2,3.162,2369.152,42.306
2373,falling,1,,,,,null,,,
2374,falling,1,,,,,null,,,
2375,falling,1,,,,,null,,,
2376,falling,1,701,235,29273,110.88,sam2,1.0,749.192,13.378
2377,falling,1,,,,,null,,,
2378,falling,1,,,,,null,,,
2379,falling,1,,,,,null,,,
2380,falling,1,701,234,29111,110.26,sam2,1.0,749.192,13.378
2381,falling,1,,,,,null,,,
2382,falling,1,,,,,null,,,
2383,falling,1,,,,,null,,,
2384,falling,1,701,235,29394,111.34,sam2,1.0,749.192,13.378
2385,falling,1,,,,,null,,,
2386,falling,1,,,,,null,,,
2387,falling,1,,,,,null,,,
2388,falling,1,700,236,29160,110.45,sam2,1.414,1059.517,18.92
2389,falling,1,,,,,null,,,
2390,falling,1,,,,,null,,,
2391,falling,1,,,,,null,,,
2392,falling,1,700,237,28572,108.22,sam2,1.0,749.192,13.378
2393,falling,1,,,,,null,,,
2394,falling,1,,,,,null,,,
2395,falling,1,,,,,null,,,
2396,falling,1,700,239,28393,107.55,sam2,2.0,1498.383,26.757
2397,falling,1,,,,,null,,,
2398,falling,1,,,,,null,,,
2399,falling,1,,,,,null,,,
2400,falling,1,701,241,28230,106.93,sam2,2.236,1675.243,29.915
2401,falling,1,,,,,null,,,
2402,falling,1,,,,,null,,,
2403,falling,1,,,,,null,,,
2404,falling,1,700,242,28022,106.14,sam2,1.414,1059.517,18.92
2405,falling,1,,,,,null,,,
2406,falling,1,,,,,null,,,
2407,falling,1,,,,,null,,,
2408,falling,1,700,243,28214,106.87,sam2,1.0,749.192,13.378
2409,falling,1,,,,,null,,,
2410,falling,1,,,,,null,,,
2411,falling,1,,,,,null,,,
2412,falling,1,700,243,28176,106.72,sam2,0.0,0.0,0.0
2413,falling,1,,,,,null,,,
2414,falling,1,,,,,null,,,
2415,falling,1,,,,,null,,,
2416,falling,1,699,242,28500,107.95,sam2,1.414,1059.517,18.92
2417,falling,1,,,,,null,,,
2418,falling,1,,,,,null,,,
2419,falling,1,,,,,null,,,
2420,falling,1,698,241,28621,108.41,sam2,1.414,1059.517,18.92
2421,falling,1,,,,,null,,,
2422,falling,1,,,,,null,,,
2423,falling,1,,,,,null,,,
2424,falling,1,698,239,29078,110.14,sam2,2.0,1498.383,26.757
2425,falling,1,,,,,null,,,
2426,falling,1,,,,,null,,,
2427,falling,1,,,,,null,,,
2428,falling,1,698,237,29216,110.66,sam2,2.0,1498.383,26.757
2429,falling,1,,,,,null,,,
2430,falling,1,,,,,null,,,
2431,falling,1,,,,,null,,,
2432,falling,1,698,235,29222,110.69,sam2,2.0,1498.383,26.757
2433,falling,1,,,,,null,,,
2434,falling,1,,,,,null,,,
2435,falling,1,,,,,null,,,
2436,falling,1,698,235,29447,111.54,sam2,0.0,0.0,0.0
2437,falling,1,,,,,null,,,
2438,falling,1,,,,,null,,,
2439,falling,1,,,,,null,,,
2440,falling,1,698,235,29290,110.94,sam2,0.0,0.0,0.0
2441,falling,1,,,,,null,,,
2442,falling,1,,,,,null,,,
2443,falling,1,,,,,null,,,
2444,falling,1,698,235,28820,109.16,sam2,0.0,0.0,0.0
2445,falling,1,,,,,null,,,
2446,falling,1,,,,,null,,,
2447,falling,1,,,,,null,,,
2448,falling,1,698,236,28318,107.26,sam2,1.0,749.192,13.378
2449,falling,1,,,,,null,,,
2450,falling,1,,,,,null,,,
2451,falling,1,,,,,null,,,
2452,falling,1,698,239,28382,107.5,sam2,3.0,2247.575,40.135
2453,falling,1,,,,,null,,,
2454,falling,1,,,,,null,,,
2455,falling,1,,,,,null,,,
2456,falling,1,699,240,28096,106.42,sam2,1.414,1059.517,18.92
2457,falling,1,,,,,null,,,
2458,falling,1,,,,,null,,,
2459,falling,1,,,,,null,,,
2460,falling,1,699,242,28091,106.4,sam2,2.0,1498.383,26.757
2461,falling,1,,,,,null,,,
2462,falling,1,,,,,null,,,
2463,falling,1,,,,,null,,,
2464,falling,1,700,243,28304,107.21,sam2,1.414,1059.517,18.92
2465,falling,1,,,,,null,,,
2466,falling,1,,,,,null,,,
2467,falling,1,,,,,null,,,
2468,falling,1,700,243,28586,108.28,sam2,0.0,0.0,0.0
2469,falling,1,,,,,null,,,
2470,falling,1,,,,,null,,,
2471,falling,1,,,,,null,,,
2472,falling,1,701,243,29157,110.44,sam2,1.0,749.192,13.378
2473,falling,1,,,,,null,,,
2474,falling,1,,,,,null,,,
2475,falling,1,,,,,null,,,
2476,falling,1,701,242,29216,110.66,sam2,1.0,749.192,13.378
2477,falling,1,,,,,null,,,
2478,falling,1,,,,,null,,,
2479,falling,1,,,,,null,,,
2480,falling,1,702,240,29523,111.83,sam2,2.236,1675.243,29.915
2481,falling,1,,,,,null,,,
2482,falling,1,,,,,null,,,
2483,falling,1,,,,,null,,,
2484,falling,1,702,238,29620,112.19,sam2,2.0,1498.383,26.757
2485,falling,1,,,,,null,,,
2486,falling,1,,,,,null,,,
2487,falling,1,,,,,null,,,
2488,falling,1,702,237,29769,112.76,sam2,1.0,749.192,13.378
2489,falling,1,,,,,null,,,
2490,falling,1,,,,,null,,,
2491,falling,1,,,,,null,,,
2492,falling,1,702,236,29682,112.43,sam2,1.0,749.192,13.378
2493,falling,1,,,,,null,,,
2494,falling,1,,,,,null,,,
2495,falling,1,,,,,null,,,
2496,falling,1,702,236,29409,111.39,sam2,0.0,0.0,0.0
2497,falling,1,,,,,null,,,
2498,falling,1,,,,,null,,,
2499,falling,1,,,,,null,,,
2500,falling,1,702,236,29034,109.97,sam2,0.0,0.0,0.0
2501,falling,1,,,,,null,,,
2502,falling,1,,,,,null,,,
2503,falling,1,,,,,null,,,
2504,falling,1,702,237,28680,108.63,sam2,1.0,749.192,13.378
2505,falling,1,,,,,null,,,
2506,falling,1,,,,,null,,,
2507,falling,1,,,,,null,,,
2508,falling,1,701,238,28052,106.25,sam2,1.414,1059.517,18.92
2509,falling,1,,,,,null,,,
2510,falling,1,,,,,null,,,
2511,falling,1,,,,,null,,,
2512,falling,1,701,240,28205,106.83,sam2,2.0,1498.383,26.757
2513,falling,1,,,,,null,,,
2514,falling,1,,,,,null,,,
2515,falling,1,,,,,null,,,
2516,falling,1,701,241,27727,105.02,sam2,1.0,749.192,13.378
2517,falling,1,,,,,null,,,
2518,falling,1,,,,,null,,,
2519,falling,1,,,,,null,,,
2520,falling,1,701,243,28467,107.83,sam2,2.0,1498.383,26.757
2521,falling,1,,,,,null,,,
2522,falling,1,,,,,null,,,
2523,falling,1,,,,,null,,,
2524,falling,1,701,243,28559,108.17,sam2,0.0,0.0,0.0
2525,falling,1,,,,,null,,,
2526,falling,1,,,,,null,,,
2527,falling,1,,,,,null,,,
2528,falling,1,700,242,28911,109.51,sam2,1.414,1059.517,18.92
2529,falling,1,,,,,null,,,
2530,falling,1,,,,,null,,,
2531,falling,1,,,,,null,,,
2532,falling,1,699,242,29345,111.15,sam2,1.0,749.192,13.378
2533,falling,1,,,,,null,,,
2534,falling,1,,,,,null,,,
2535,falling,1,,,,,null,,,
2536,falling,1,698,240,29452,111.56,sam2,2.236,1675.243,29.915
2537,falling,1,,,,,null,,,
2538,falling,1,,,,,null,,,
2539,falling,1,,,,,null,,,
2540,falling,1,698,238,29522,111.82,sam2,2.0,1498.383,26.757
2541,falling,1,,,,,null,,,
2542,falling,1,,,,,null,,,
2543,falling,1,,,,,null,,,
2544,falling,1,697,237,29539,111.89,sam2,1.414,1059.517,18.92
2545,falling,1,,,,,null,,,
2546,falling,1,,,,,null,,,
2547,falling,1,,,,,null,,,
2548,falling,1,697,236,29395,111.34,sam2,1.0,749.192,13.378
2549,falling,1,,,,,null,,,
2550,falling,1,,,,,null,,,
2551,falling,1,,,,,null,,,
2552,falling,1,698,236,29212,110.65,sam2,1.0,749.192,13.378
2553,falling,1,,,,,null,,,
2554,falling,1,,,,,null,,,
2555,falling,1,,,,,null,,,
2556,falling,1,698,237,28916,109.53,sam2,1.0,749.192,13.378
2557,falling,1,,,,,null,,,
2558,falling,1,,,,,null,,,
2559,falling,1,,,,,null,,,
2560,falling,1,698,237,28532,108.07,sam2,0.0,0.0,0.0
2561,falling,1,,,,,null,,,
2562,falling,1,,,,,null,,,
2563,falling,1,,,,,null,,,
2564,falling,1,697,238,28290,107.16,sam2,1.414,1059.517,18.92
2565,falling,1,,,,,null,,,
2566,falling,1,,,,,null,,,
2567,falling,1,,,,,null,,,
2568,falling,1,697,239,28122,106.52,sam2,1.0,749.192,13.378
2569,falling,1,,,,,null,,,
2570,falling,1,,,,,null,,,
2571,falling,1,,,,,null,,,
2572,falling,1,697,241,28127,106.54,sam2,2.0,1498.383,26.757
2573,falling,1,,,,,null,,,
2574,falling,1,,,,,null,,,
2575,falling,1,,,,,null,,,
2576,falling,1,698,242,28444,107.74,sam2,1.414,1059.517,18.92
2577,falling,1,,,,,null,,,
2578,falling,1,,,,,null,,,
2579,falling,1,,,,,null,,,
2580,falling,1,699,242,28908,109.5,sam2,1.0,749.192,13.378
2581,falling,1,,,,,null,,,
2582,falling,1,,,,,null,,,
2583,falling,1,,,,,null,,,
2584,falling,1,700,242,29040,110.0,sam2,1.0,749.192,13.378
2585,falling,1,,,,,null,,,
2586,falling,1,,,,,null,,,
2587,falling,1,,,,,null,,,
2588,falling,1,700,241,29426,111.46,sam2,1.0,749.192,13.378
2589,falling,1,,,,,null,,,
2590,falling,1,,,,,null,,,
2591,falling,1,,,,,null,,,
2592,falling,1,701,240,29590,112.08,sam2,1.414,1059.517,18.92
2593,falling,1,,,,,null,,,
2594,falling,1,,,,,null,,,
2595,falling,1,,,,,null,,,
2596,falling,1,701,238,29243,110.76,sam2,2.0,1498.383,26.757
2597,falling,1,,,,,null,,,
2598,falling,1,,,,,null,,,
2599,falling,1,,,,,null,,,
2600,falling,1,702,238,29361,111.21,sam2,1.0,749.192,13.378
2601,falling,1,,,,,null,,,
2602,falling,1,,,,,null,,,
2603,falling,1,,,,,null,,,
2604,falling,1,702,237,29137,110.36,sam2,1.0,749.192,13.378
2605,falling,1,,,,,null,,,
2606,falling,1,,,,,null,,,
2607,falling,1,,,,,null,,,
2608,falling,1,702,236,28717,108.77,sam2,1.0,749.192,13.378
2609,falling,1,,,,,null,,,
2610,falling,1,,,,,null,,,
2611,falling,1,,,,,null,,,
2612,falling,1,702,237,28863,109.33,sam2,1.0,749.192,13.378
2613,falling,1,,,,,null,,,
2614,falling,1,,,,,null,,,
2615,falling,1,,,,,null,,,
2616,falling,1,702,237,28163,106.67,sam2,0.0,0.0,0.0
2617,falling,1,,,,,null,,,
2618,falling,1,,,,,null,,,
2619,falling,1,,,,,null,,,
2620,falling,1,702,238,28229,106.92,sam2,1.0,749.192,13.378
2621,falling,1,,,,,null,,,
2622,falling,1,,,,,null,,,
2623,falling,1,,,,,null,,,
2624,falling,1,702,239,28308,107.22,sam2,1.0,749.192,13.378
2625,falling,1,,,,,null,,,
2626,falling,1,,,,,null,,,
2627,falling,1,,,,,null,,,
2628,falling,1,702,240,28361,107.42,sam2,1.0,749.192,13.378
2629,falling,1,,,,,null,,,
2630,falling,1,,,,,null,,,
2631,falling,1,,,,,null,,,
2632,falling,1,702,241,28618,108.4,sam2,1.0,749.192,13.378
2633,falling,1,,,,,null,,,
2634,falling,1,,,,,null,,,
2635,falling,1,,,,,null,,,
2636,falling,1,702,242,29145,110.39,sam2,1.0,749.192,13.378
2637,falling,1,,,,,null,,,
2638,falling,1,,,,,null,,,
2639,falling,1,,,,,null,,,
2640,falling,1,702,242,29532,111.86,sam2,0.0,0.0,0.0
2641,falling,1,,,,,null,,,
2642,falling,1,,,,,null,,,
2643,falling,1,,,,,null,,,
2644,falling,1,701,242,29773,112.77,sam2,1.0,749.192,13.378
2645,falling,1,,,,,null,,,
2646,falling,1,,,,,null,,,
2647,falling,1,,,,,null,,,
2648,falling,1,700,241,29691,112.46,sam2,1.414,1059.517,18.92
2649,falling,1,,,,,null,,,
2650,falling,1,,,,,null,,,
2651,falling,1,,,,,null,,,
2652,falling,1,699,239,29261,110.83,sam2,2.236,1675.243,29.915
2653,falling,1,,,,,null,,,
2654,falling,1,,,,,null,,,
2655,falling,1,,,,,null,,,
2656,falling,1,698,238,29121,110.3,sam2,1.414,1059.517,18.92
2657,falling,1,,,,,null,,,
2658,falling,1,,,,,null,,,
2659,falling,1,,,,,null,,,
2660,falling,1,698,238,29123,110.31,sam2,0.0,0.0,0.0
2661,falling,1,,,,,null,,,
2662,falling,1,,,,,null,,,
2663,falling,1,,,,,null,,,
2664,falling,1,697,237,28626,108.43,sam2,1.414,1059.517,18.92
2665,falling,1,,,,,null,,,
2666,falling,1,,,,,null,,,
2667,falling,1,,,,,null,,,
2668,falling,1,697,236,28152,106.63,sam2,1.0,749.192,13.378
2669,falling,1,,,,,null,,,
2670,falling,1,,,,,null,,,
2671,falling,1,,,,,null,,,
2672,falling,1,697,237,28149,106.62,sam2,1.0,749.192,13.378
2673,falling,1,,,,,null,,,
2674,falling,1,,,,,null,,,
2675,falling,1,,,,,null,,,
2676,falling,1,697,238,28181,106.74,sam2,1.0,749.192,13.378
2677,falling,1,,,,,null,,,
2678,falling,1,,,,,null,,,
2679,falling,1,,,,,null,,,
2680,falling,1,697,238,28334,107.32,sam2,0.0,0.0,0.0
2681,falling,1,,,,,null,,,
2682,falling,1,,,,,null,,,
2683,falling,1,,,,,null,,,
2684,falling,1,696,238,27941,105.83,sam2,1.0,749.192,13.378
2685,falling,1,,,,,null,,,
2686,falling,1,,,,,null,,,
2687,falling,1,,,,,null,,,
2688,falling,1,697,240,28722,108.79,sam2,2.236,1675.243,29.915
2689,falling,1,,,,,null,,,
2690,falling,1,,,,,null,,,
2691,falling,1,,,,,null,,,
2692,falling,1,697,240,28795,109.07,sam2,0.0,0.0,0.0
2693,falling,1,,,,,null,,,
2694,falling,1,,,,,null,,,
2695,falling,1,,,,,null,,,
2696,falling,1,698,241,29354,111.19,sam2,1.414,1059.517,18.92
2697,falling,1,,,,,null,,,
2698,falling,1,,,,,null,,,
2699,falling,1,,,,,null,,,
2700,falling,1,699,241,29490,111.7,sam2,1.0,749.192,13.378
2701,falling,1,,,,,null,,,
2702,falling,1,,,,,null,,,
2703,falling,1,,,,,null,,,
2704,falling,1,699,241,29398,111.35,sam2,0.0,0.0,0.0
2705,falling,1,,,,,null,,,
2706,falling,1,,,,,null,,,
2707,falling,1,,,,,null,,,
2708,falling,1,700,240,29268,110.86,sam2,1.414,1059.517,18.92
2709,falling,1,,,,,null,,,
2710,falling,1,,,,,null,,,
2711,falling,1,,,,,null,,,
2712,falling,1,700,239,28863,109.33,sam2,1.0,749.192,13.378
2713,falling,1,,,,,null,,,
2714,falling,1,,,,,null,,,
2715,falling,1,,,,,null,,,
2716,falling,1,701,239,28855,109.3,sam2,1.0,749.192,13.378
2717,falling,1,,,,,null,,,
2718,falling,1,,,,,null,,,
2719,falling,1,,,,,null,,,
2720,falling,1,702,238,28462,107.81,sam2,1.414,1059.517,18.92
2721,falling,1,,,,,null,,,
2722,falling,1,,,,,null,,,
2723,falling,1,,,,,null,,,
2724,falling,1,702,237,28084,106.37,sam2,1.0,749.192,13.378
2725,falling,1,,,,,null,,,
2726,falling,1,,,,,null,,,
2727,falling,1,,,,,null,,,
2728,falling,1,702,237,28153,106.64,sam2,0.0,0.0,0.0
2729,falling,1,,,,,null,,,
2730,falling,1,,,,,null,,,
2731,falling,1,,,,,null,,,
2732,falling,1,702,236,27823,105.39,sam2,1.0,749.192,13.378
2733,falling,1,,,,,null,,,
2734,falling,1,,,,,null,,,
2735,falling,1,,,,,null,,,
2736,falling,1,703,238,28598,108.32,sam2,2.236,1675.243,29.915
2737,falling,1,,,,,null,,,
2738,falling,1,,,,,null,,,
2739,falling,1,,,,,null,,,
2740,falling,1,703,238,28272,107.09,sam2,0.0,0.0,0.0
2741,falling,1,,,,,null,,,
2742,falling,1,,,,,null,,,
2743,falling,1,,,,,null,,,
2744,falling,1,703,239,28686,108.65,sam2,1.0,749.192,13.378
2745,falling,1,,,,,null,,,
2746,falling,1,,,,,null,,,
2747,falling,1,,,,,null,,,
2748,falling,1,703,241,29350,111.17,sam2,2.0,1498.383,26.757
2749,falling,1,,,,,null,,,
2750,falling,1,,,,,null,,,
2751,falling,1,,,,,null,,,
2752,falling,1,703,241,29304,111.0,sam2,0.0,0.0,0.0
2753,falling,1,,,,,null,,,
2754,falling,1,,,,,null,,,
2755,falling,1,,,,,null,,,
2756,falling,1,702,241,29208,110.63,sam2,1.0,749.192,13.378
2757,falling,1,,,,,null,,,
2758,falling,1,,,,,null,,,
2759,falling,1,,,,,null,,,
2760,falling,1,702,241,29273,110.88,sam2,0.0,0.0,0.0
2761,falling,1,,,,,null,,,
2762,falling,1,,,,,null,,,
2763,falling,1,,,,,null,,,
2764,falling,1,701,240,28949,109.65,sam2,1.414,1059.517,18.92
2765,falling,1,,,,,null,,,
2766,falling,1,,,,,null,,,
2767,falling,1,,,,,null,,,
2768,falling,1,700,240,28710,108.75,sam2,1.0,749.192,13.378
2769,falling,1,,,,,null,,,
2770,falling,1,,,,,null,,,
2771,falling,1,,,,,null,,,
2772,falling,1,699,239,28403,107.58,sam2,1.414,1059.517,18.92
2773,falling,1,,,,,null,,,
2774,falling,1,,,,,null,,,
2775,falling,1,,,,,null,,,
2776,falling,1,698,238,28382,107.5,sam2,1.414,1059.517,18.92
2777,falling,1,,,,,null,,,
2778,falling,1,,,,,null,,,
2779,falling,1,,,,,null,,,
2780,falling,1,698,237,27906,105.7,sam2,1.0,749.192,13.378
2781,falling,1,,,,,null,,,
2782,falling,1,,,,,null,,,
2783,falling,1,,,,,null,,,
2784,falling,1,697,237,28117,106.5,sam2,1.0,749.192,13.378
2785,falling,1,,,,,null,,,
2786,falling,1,,,,,null,,,
2787,falling,1,,,,,null,,,
2788,falling,1,697,237,28505,107.97,sam2,0.0,0.0,0.0
2789,falling,1,,,,,null,,,
2790,falling,1,,,,,null,,,
2791,falling,1,,,,,null,,,
2792,falling,1,696,237,28560,108.18,sam2,1.0,749.192,13.378
2793,falling,1,,,,,null,,,
2794,falling,1,,,,,null,,,
2795,falling,1,,,,,null,,,
2796,falling,1,696,238,28604,108.34,sam2,1.0,749.192,13.378
2797,falling,1,,,,,null,,,
2798,falling,1,,,,,null,,,
2799,falling,1,,,,,null,,,
2800,falling,1,696,239,29001,109.85,sam2,1.0,749.192,13.378
2801,falling,1,,,,,null,,,
2802,falling,1,,,,,null,,,
2803,falling,1,,,,,null,,,
2804,falling,1,696,239,28845,109.26,sam2,0.0,0.0,0.0
2805,falling,1,,,,,null,,,
2806,falling,1,,,,,null,,,
2807,falling,1,,,,,null,,,
2808,falling,1,697,240,28980,109.77,sam2,1.414,1059.517,18.92
2809,falling,1,,,,,null,,,
2810,falling,1,,,,,null,,,
2811,falling,1,,,,,null,,,
2812,falling,1,697,240,28738,108.85,sam2,0.0,0.0,0.0
2813,falling,1,,,,,null,,,
2814,falling,1,,,,,null,,,
2815,falling,1,,,,,null,,,
2816,falling,1,698,241,29081,110.15,sam2,1.414,1059.517,18.92
2817,falling,1,,,,,null,,,
2818,falling,1,,,,,null,,,
2819,falling,1,,,,,null,,,
2820,falling,1,698,241,29017,109.91,sam2,0.0,0.0,0.0
2821,falling,1,,,,,null,,,
2822,falling,1,,,,,null,,,
2823,falling,1,,,,,null,,,
2824,falling,1,699,240,28701,108.71,sam2,1.414,1059.517,18.92
2825,falling,1,,,,,null,,,
2826,falling,1,,,,,null,,,
2827,falling,1,,,,,null,,,
2828,falling,1,699,240,28735,108.84,sam2,0.0,0.0,0.0
2829,falling,1,,,,,null,,,
2830,falling,1,,,,,null,,,
2831,falling,1,,,,,null,,,
2832,falling,1,700,238,28100,106.44,sam2,2.236,1675.243,29.915
2833,falling,1,,,,,null,,,
2834,falling,1,,,,,null,,,
2835,falling,1,,,,,null,,,
2836,falling,1,700,238,28477,107.86,sam2,0.0,0.0,0.0
2837,falling,1,,,,,null,,,
2838,falling,1,,,,,null,,,
2839,falling,1,,,,,null,,,
2840,falling,1,701,238,28894,109.44,sam2,1.0,749.192,13.378
2841,falling,1,,,,,null,,,
2842,falling,1,,,,,null,,,
2843,falling,1,,,,,null,,,
2844,falling,1,702,237,28589,108.29,sam2,1.414,1059.517,18.92
2845,falling,1,,,,,null,,,
2846,falling,1,,,,,null,,,
2847,falling,1,,,,,null,,,
2848,falling,1,702,238,29066,110.09,sam2,1.0,749.192,13.378
2849,falling,1,,,,,null,,,
2850,falling,1,,,,,null,,,
2851,falling,1,,,,,null,,,
2852,falling,1,702,238,29016,109.9,sam2,0.0,0.0,0.0
2853,falling,1,,,,,null,,,
2854,falling,1,,,,,null,,,
2855,falling,1,,,,,null,,,
2856,falling,1,702,238,28868,109.34,sam2,0.0,0.0,0.0
2857,falling,1,,,,,null,,,
2858,falling,1,,,,,null,,,
2859,falling,1,,,,,null,,,
2860,falling,1,703,240,29348,111.16,sam2,2.236,1675.243,29.915
2861,falling,1,,,,,null,,,
2862,falling,1,,,,,null,,,
2863,falling,1,,,,,null,,,
2864,falling,1,703,240,29252,110.8,sam2,0.0,0.0,0.0
2865,falling,1,,,,,null,,,
2866,falling,1,,,,,null,,,
2867,falling,1,,,,,null,,,
2868,falling,1,703,241,29052,110.04,sam2,1.0,749.192,13.378
2869,falling,1,,,,,null,,,
2870,falling,1,,,,,null,,,
2871,falling,1,,,,,null,,,
2872,falling,1,703,241,29047,110.02,sam2,0.0,0.0,0.0
2873,falling,1,,,,,null,,,
2874,falling,1,,,,,null,,,
2875,falling,1,,,,,null,,,
2876,falling,1,702,241,28644,108.5,sam2,1.0,749.192,13.378
2877,falling,1,,,,,null,,,
2878,falling,1,,,,,null,,,
2879,falling,1,,,,,null,,,
2880,falling,1,701,241,28772,108.98,sam2,1.0,749.192,13.378
2881,falling,1,,,,,null,,,
2882,falling,1,,,,,null,,,
2883,falling,1,,,,,null,,,
2884,falling,1,701,240,28608,108.36,sam2,1.0,749.192,13.378
2885,falling,1,,,,,null,,,
2886,falling,1,,,,,null,,,
2887,falling,1,,,,,null,,,
2888,falling,1,700,239,28569,108.21,sam2,1.414,1059.517,18.92
2889,falling,1,,,,,null,,,
2890,falling,1,,,,,null,,,
2891,falling,1,,,,,null,,,
2892,falling,1,699,239,28991,109.81,sam2,1.0,749.192,13.378
2893,falling,1,,,,,null,,,
2894,falling,1,,,,,null,,,
2895,falling,1,,,,,null,,,
2896,falling,1,699,238,29034,109.97,sam2,1.0,749.192,13.378
2897,falling,1,,,,,null,,,
2898,falling,1,,,,,null,,,
2899,falling,1,,,,,null,,,
2900,falling,1,698,238,29038,109.99,sam2,1.0,749.192,13.378
2901,falling,1,,,,,null,,,
2902,falling,1,,,,,null,,,
2903,falling,1,,,,,null,,,
2904,falling,1,698,237,28989,109.8,sam2,1.0,749.192,13.378
2905,falling,1,,,,,null,,,
2906,falling,1,,,,,null,,,
2907,falling,1,,,,,null,,,
2908,falling,1,697,238,29185,110.55,sam2,1.414,1059.517,18.92
2909,falling,1,,,,,null,,,
2910,falling,1,,,,,null,,,
2911,falling,1,,,,,null,,,
2912,falling,1,697,238,29068,110.1,sam2,0.0,0.0,0.0
2913,falling,1,,,,,null,,,
2914,falling,1,,,,,null,,,
2915,falling,1,,,,,null,,,
2916,falling,1,697,240,29315,111.04,sam2,2.0,1498.383,26.757
2917,falling,1,,,,,null,,,
2918,falling,1,,,,,null,,,
2919,falling,1,,,,,null,,,
2920,falling,1,697,240,29052,110.04,sam2,0.0,0.0,0.0
2921,falling,1,,,,,null,,,
2922,falling,1,,,,,null,,,
2923,falling,1,,,,,null,,,
2924,falling,1,697,241,28855,109.3,sam2,1.0,749.192,13.378
2925,falling,1,,,,,null,,,
2926,falling,1,,,,,null,,,
2927,falling,1,,,,,null,,,
2928,falling,1,697,241,28862,109.32,sam2,0.0,0.0,0.0
2929,falling,1,,,,,null,,,
2930,falling,1,,,,,null,,,
2931,falling,1,,,,,null,,,
2932,falling,1,697,242,28874,109.37,sam2,1.0,749.192,13.378
2933,falling,1,,,,,null,,,
2934,falling,1,,,,,null,,,
2935,falling,1,,,,,null,,,
2936,falling,1,698,241,28609,108.36,sam2,1.414,1059.517,18.92
2937,falling,1,,,,,null,,,
2938,falling,1,,,,,null,,,
2939,falling,1,,,,,null,,,
2940,falling,1,698,240,28592,108.3,sam2,1.0,749.192,13.378
2941,falling,1,,,,,null,,,
2942,falling,1,,,,,null,,,
2943,falling,1,,,,,null,,,
2944,falling,1,699,240,28865,109.33,sam2,1.0,749.192,13.378
2945,falling,1,,,,,null,,,
2946,falling,1,,,,,null,,,
2947,falling,1,,,,,null,,,
2948,falling,1,699,239,28916,109.53,sam2,1.0,749.192,13.378
2949,falling,1,,,,,null,,,
2950,falling,1,,,,,null,,,
2951,falling,1,,,,,null,,,
2952,falling,1,700,238,28855,109.3,sam2,1.414,1059.517,18.92
2953,falling,1,,,,,null,,,
2954,falling,1,,,,,null,,,
2955,falling,1,,,,,null,,,
2956,falling,1,700,237,28828,109.19,sam2,1.0,749.192,13.378
2957,falling,1,,,,,null,,,
2958,falling,1,,,,,null,,,
2959,falling,1,,,,,null,,,
2960,falling,1,701,238,29204,110.62,sam2,1.414,1059.517,18.92
2961,falling,1,,,,,null,,,
2962,falling,1,,,,,null,,,
2963,falling,1,,,,,null,,,
2964,falling,1,701,237,28862,109.32,sam2,1.0,749.192,13.378
2965,falling,1,,,,,null,,,
2966,falling,1,,,,,null,,,
2967,falling,1,,,,,null,,,
2968,falling,1,702,237,28670,108.59,sam2,1.0,749.192,13.378
2969,falling,1,,,,,null,,,
2970,falling,1,,,,,null,,,
2971,falling,1,,,,,null,,,
2972,falling,1,702,239,28837,109.23,sam2,2.0,1498.383,26.757
2973,falling,1,,,,,null,,,
2974,falling,1,,,,,null,,,
2975,falling,1,,,,,null,,,
2976,falling,1,703,240,28872,109.36,sam2,1.414,1059.517,18.92
2977,falling,1,,,,,null,,,
2978,falling,1,,,,,null,,,
2979,falling,1,,,,,null,,,
2980,falling,1,703,240,28730,108.82,sam2,0.0,0.0,0.0
2981,falling,1,,,,,null,,,
2982,falling,1,,,,,null,,,
2983,falling,1,,,,,null,,,
2984,falling,1,703,241,28740,108.86,sam2,1.0,749.192,13.378
2985,falling,1,,,,,null,,,
2986,falling,1,,,,,null,,,
2987,falling,1,,,,,null,,,
2988,falling,1,703,241,28728,108.81,sam2,0.0,0.0,0.0
2989,falling,1,,,,,null,,,
2990,falling,1,,,,,null,,,
2991,falling,1,,,,,null,,,
2992,falling,1,702,241,28766,108.96,sam2,1.0,749.192,13.378
2993,falling,1,,,,,null,,,
2994,falling,1,,,,,null,,,
2995,falling,1,,,,,null,,,
2996,falling,1,702,240,28786,109.03,sam2,1.0,749.192,13.378
2997,falling,1,,,,,null,,,
2998,falling,1,,,,,null,,,
2999,falling,1,,,,,null,,,
3000,falling,1,701,239,28751,108.9,sam2,1.414,1059.517,18.92
3001,falling,1,,,,,null,,,
3002,falling,1,,,,,null,,,
3003,falling,1,,,,,null,,,
3004,falling,1,701,238,28775,108.99,sam2,1.0,749.192,13.378
3005,falling,1,,,,,null,,,
3006,falling,1,,,,,null,,,
3007,falling,1,,,,,null,,,
3008,falling,1,700,238,29025,109.94,sam2,1.0,749.192,13.378
3009,falling,1,,,,,null,,,
3010,falling,1,,,,,null,,,
3011,falling,1,,,,,null,,,
3012,falling,1,699,237,28787,109.04,sam2,1.414,1059.517,18.92
3013,falling,1,,,,,null,,,
3014,falling,1,,,,,null,,,
3015,falling,1,,,,,null,,,
3016,falling,1,699,237,28824,109.18,sam2,0.0,0.0,0.0
3017,falling,1,,,,,null,,,
3018,falling,1,,,,,null,,,
3019,falling,1,,,,,null,,,
3020,falling,1,698,238,29038,109.99,sam2,1.414,1059.517,18.92
3021,falling,1,,,,,null,,,
3022,falling,1,,,,,null,,,
3023,falling,1,,,,,null,,,
3024,falling,1,698,237,28471,107.84,sam2,1.0,749.192,13.378
3025,falling,1,,,,,null,,,
3026,falling,1,,,,,null,,,
3027,falling,1,,,,,null,,,
3028,falling,1,698,238,28538,108.09,sam2,1.0,749.192,13.378
3029,falling,1,,,,,null,,,
3030,falling,1,,,,,null,,,
3031,falling,1,,,,,null,,,
3032,falling,1,697,239,28401,107.58,sam2,1.414,1059.517,18.92
3033,falling,1,,,,,null,,,
3034,falling,1,,,,,null,,,
3035,falling,1,,,,,null,,,
3036,falling,1,697,239,27948,105.86,sam2,0.0,0.0,0.0
3037,falling,1,,,,,null,,,
3038,falling,1,,,,,null,,,
3039,falling,1,,,,,null,,,
3040,falling,1,697,240,28188,106.77,sam2,1.0,749.192,13.378
3041,falling,1,,,,,null,,,
3042,falling,1,,,,,null,,,
3043,falling,1,,,,,null,,,
3044,falling,1,696,240,28107,106.46,sam2,1.0,749.192,13.378
3045,falling,1,,,,,null,,,
3046,falling,1,,,,,null,,,
3047,falling,1,,,,,null,,,
3048,falling,1,697,240,28197,106.8,sam2,1.0,749.192,13.378
3049,falling,1,,,,,null,,,
3050,falling,1,,,,,null,,,
3051,falling,1,,,,,null,,,
3052,falling,1,697,239,28300,107.19,sam2,1.0,749.192,13.378
3053,falling,1,,,,,null,,,
3054,falling,1,,,,,null,,,
3055,falling,1,,,,,null,,,
3056,falling,1,698,240,28859,109.31,sam2,1.414,1059.517,18.92
3057,falling,1,,,,,null,,,
3058,falling,1,,,,,null,,,
3059,falling,1,,,,,null,,,
3060,falling,1,698,238,28697,108.7,sam2,2.0,1498.383,26.757
3061,falling,1,,,,,null,,,
3062,falling,1,,,,,null,,,
3063,falling,1,,,,,null,,,
3064,falling,1,698,237,28634,108.46,sam2,1.0,749.192,13.378
3065,falling,1,,,,,null,,,
3066,falling,1,,,,,null,,,
3067,falling,1,,,,,null,,,
3068,falling,1,699,237,28938,109.61,sam2,1.0,749.192,13.378
3069,falling,1,,,,,null,,,
3070,falling,1,,,,,null,,,
3071,falling,1,,,,,null,,,
3072,falling,1,698,237,28738,108.85,sam2,1.0,749.192,13.378
3073,falling,1,,,,,null,,,
3074,falling,1,,,,,null,,,
3075,falling,1,,,,,null,,,
3076,falling,1,699,237,28506,107.97,sam2,1.0,749.192,13.378
3077,falling,1,,,,,null,,,
3078,falling,1,,,,,null,,,
3079,falling,1,,,,,null,,,
3080,falling,1,699,237,28278,107.11,sam2,0.0,0.0,0.0
3081,falling,1,,,,,null,,,
3082,falling,1,,,,,null,,,
3083,falling,1,,,,,null,,,
3084,falling,1,700,237,28152,106.63,sam2,1.0,749.192,13.378
3085,falling,1,,,,,null,,,
3086,falling,1,,,,,null,,,
3087,falling,1,,,,,null,,,
3088,falling,1,701,239,28460,107.8,sam2,2.236,1675.243,29.915
3089,falling,1,,,,,null,,,
3090,falling,1,,,,,null,,,
3091,falling,1,,,,,null,,,
3092,falling,1,701,240,28501,107.95,sam2,1.0,749.192,13.378
3093,falling,1,,,,,null,,,
3094,falling,1,,,,,null,,,
3095,falling,1,,,,,null,,,
3096,falling,1,702,240,28545,108.12,sam2,1.0,749.192,13.378
3097,falling,1,,,,,null,,,
3098,falling,1,,,,,null,,,
3099,falling,1,,,,,null,,,
3100,falling,1,702,241,28909,109.5,sam2,1.0,749.192,13.378
3101,falling,1,,,,,null,,,
3102,falling,1,,,,,null,,,
3103,falling,1,,,,,null,,,
3104,falling,1,702,241,28799,109.08,sam2,0.0,0.0,0.0
3105,falling,1,,,,,null,,,
3106,falling,1,,,,,null,,,
3107,falling,1,,,,,null,,,
3108,falling,1,701,240,28693,108.68,sam2,1.414,1059.517,18.92
3109,falling,1,,,,,null,,,
3110,falling,1,,,,,null,,,
3111,falling,1,,,,,null,,,
3112,falling,1,701,239,28686,108.65,sam2,1.0,749.192,13.378
3113,falling,1,,,,,null,,,
3114,falling,1,,,,,null,,,
3115,falling,1,,,,,null,,,
3116,falling,1,701,240,29361,111.21,sam2,1.0,749.192,13.378
3117,falling,1,,,,,null,,,
3118,falling,1,,,,,null,,,
3119,falling,1,,,,,null,,,
3120,falling,1,701,238,29112,110.27,sam2,2.0,1498.383,26.757
3121,falling,1,,,,,null,,,
3122,falling,1,,,,,null,,,
3123,falling,1,,,,,null,,,
3124,falling,1,700,237,28776,109.0,sam2,1.414,1059.517,18.92
3125,falling,1,,,,,null,,,
3126,falling,1,,,,,null,,,
3127,falling,1,,,,,null,,,
3128,falling,1,700,238,29111,110.26,sam2,1.0,749.192,13.378
3129,falling,1,,,,,null,,,
3130,falling,1,,,,,null,,,
3131,falling,1,,,,,null,,,
3132,falling,1,699,237,28560,108.18,sam2,1.414,1059.517,18.92
3133,falling,1,,,,,null,,,
3134,falling,1,,,,,null,,,
3135,falling,1,,,,,null,,,
3136,falling,1,699,238,28769,108.97,sam2,1.0,749.192,13.378
3137,falling,1,,,,,null,,,
3138,falling,1,,,,,null,,,
3139,falling,1,,,,,null,,,
3140,falling,1,699,238,28334,107.32,sam2,0.0,0.0,0.0
3141,falling,1,,,,,null,,,
3142,falling,1,,,,,null,,,
3143,falling,1,,,,,null,,,
3144,falling,1,698,239,28729,108.82,sam2,1.414,1059.517,18.92
3145,falling,1,,,,,null,,,
3146,falling,1,,,,,null,,,
3147,falling,1,,,,,null,,,
3148,falling,1,698,239,28472,107.84,sam2,0.0,0.0,0.0
3149,falling,1,,,,,null,,,
3150,falling,1,,,,,null,,,
3151,falling,1,,,,,null,,,
3152,falling,1,698,240,28468,107.83,sam2,1.0,749.192,13.378
3153,falling,1,,,,,null,,,
3154,falling,1,,,,,null,,,
3155,falling,1,,,,,null,,,
3156,falling,1,697,240,28392,107.54,sam2,1.0,749.192,13.378
3157,falling,1,,,,,null,,,
3158,falling,1,,,,,null,,,
3159,falling,1,,,,,null,,,
3160,falling,1,698,240,28838,109.23,sam2,1.0,749.192,13.378
3161,falling,1,,,,,null,,,
3162,falling,1,,,,,null,,,
3163,falling,1,,,,,null,,,
3164,falling,1,698,240,29033,109.97,sam2,0.0,0.0,0.0
3165,falling,1,,,,,null,,,
3166,falling,1,,,,,null,,,
3167,falling,1,,,,,null,,,
3168,falling,1,698,240,29149,110.41,sam2,0.0,0.0,0.0
3169,falling,1,,,,,null,,,
3170,falling,1,,,,,null,,,
3171,falling,1,,,,,null,,,
3172,falling,1,698,239,29209,110.64,sam2,1.0,749.192,13.378
3173,falling,1,,,,,null,,,
3174,falling,1,,,,,null,,,
3175,falling,1,,,,,null,,,
3176,falling,1,698,239,29035,109.98,sam2,0.0,0.0,0.0
3177,falling,1,,,,,null,,,
3178,falling,1,,,,,null,,,
3179,falling,1,,,,,null,,,
3180,falling,1,698,239,29251,110.8,sam2,0.0,0.0,0.0
3181,falling,1,,,,,null,,,
3182,falling,1,,,,,null,,,
3183,falling,1,,,,,null,,,
3184,falling,1,699,238,29099,110.22,sam2,1.414,1059.517,18.92
3185,falling,1,,,,,null,,,
3186,falling,1,,,,,null,,,
3187,falling,1,,,,,null,,,
3188,falling,1,699,239,29066,110.09,sam2,1.0,749.192,13.378
3189,falling,1,,,,,null,,,
3190,falling,1,,,,,null,,,
3191,falling,1,,,,,null,,,
3192,falling,1,699,238,28712,108.75,sam2,1.0,749.192,13.378
3193,falling,1,,,,,null,,,
3194,falling,1,,,,,null,,,
3195,falling,1,,,,,null,,,
3196,falling,1,699,238,28513,108.0,sam2,0.0,0.0,0.0
3197,falling,1,,,,,null,,,
3198,falling,1,,,,,null,,,
3199,falling,1,,,,,null,,,
3200,falling,1,700,238,28227,106.92,sam2,1.0,749.192,13.378
3201,falling,1,,,,,null,,,
3202,falling,1,,,,,null,,,
3203,falling,1,,,,,null,,,
3204,falling,1,700,239,28472,107.84,sam2,1.0,749.192,13.378
3205,falling,1,,,,,null,,,
3206,falling,1,,,,,null,,,
3207,falling,1,,,,,null,,,
3208,falling,1,700,239,28504,107.97,sam2,0.0,0.0,0.0
3209,falling,1,,,,,null,,,
3210,falling,1,,,,,null,,,
3211,falling,1,,,,,null,,,
3212,falling,1,701,240,28878,109.38,sam2,1.414,1059.517,18.92
3213,falling,1,,,,,null,,,
3214,falling,1,,,,,null,,,
3215,falling,1,,,,,null,,,
3216,falling,1,701,240,28727,108.81,sam2,0.0,0.0,0.0
3217,falling,1,,,,,null,,,
3218,falling,1,,,,,null,,,
3219,falling,1,,,,,null,,,
3220,falling,1,702,240,29202,110.61,sam2,1.0,749.192,13.378
3221,falling,1,,,,,null,,,
3222,falling,1,,,,,null,,,
3223,falling,1,,,,,null,,,
3224,falling,1,702,240,29443,111.52,sam2,0.0,0.0,0.0
3225,falling,1,,,,,null,,,
3226,falling,1,,,,,null,,,
3227,falling,1,,,,,null,,,
3228,falling,1,701,239,29003,109.86,sam2,1.414,1059.517,18.92
3229,falling,1,,,,,null,,,
3230,falling,1,,,,,null,,,
3231,falling,1,,,,,null,,,
3232,falling,1,701,239,29308,111.01,sam2,0.0,0.0,0.0
3233,falling,1,,,,,null,,,
3234,falling,1,,,,,null,,,
3235,falling,1,,,,,null,,,
3236,falling,1,701,239,29093,110.2,sam2,0.0,0.0,0.0
3237,falling,1,,,,,null,,,
3238,falling,1,,,,,null,,,
3239,falling,1,,,,,null,,,
3240,falling,1,700,238,28456,107.78,sam2,1.414,1059.517,18.92
3241,falling,1,,,,,null,,,
3242,falling,1,,,,,null,,,
3243,falling,1,,,,,null,,,
3244,falling,1,700,237,28409,107.61,sam2,1.0,749.192,13.378
3245,falling,1,,,,,null,,,
3246,falling,1,,,,,null,,,
3247,falling,1,,,,,null,,,
3248,falling,1,700,238,28636,108.47,sam2,1.0,749.192,13.378
3249,falling,1,,,,,null,,,
3250,falling,1,,,,,null,,,
3251,falling,1,,,,,null,,,
3252,falling,1,700,238,28254,107.02,sam2,0.0,0.0,0.0
3253,falling,1,,,,,null,,,
3254,falling,1,,,,,null,,,
3255,falling,1,,,,,null,,,
3256,falling,1,700,239,28559,108.17,sam2,1.0,749.192,13.378
3257,falling,1,,,,,null,,,
3258,falling,1,,,,,null,,,
3259,falling,1,,,,,null,,,
3260,falling,1,699,239,28603,108.34,sam2,1.0,749.192,13.378
3261,falling,1,,,,,null,,,
3262,falling,1,,,,,null,,,
3263,falling,1,,,,,null,,,
3264,falling,1,699,239,28458,107.79,sam2,0.0,0.0,0.0
3265,falling,1,,,,,null,,,
3266,falling,1,,,,,null,,,
3267,falling,1,,,,,null,,,
3268,falling,1,699,240,28851,109.28,sam2,1.0,749.192,13.378
3269,falling,1,,,,,null,,,
3270,falling,1,,,,,null,,,
3271,falling,1,,,,,null,,,
3272,falling,1,699,240,28823,109.17,sam2,0.0,0.0,0.0
3273,falling,1,,,,,null,,,
3274,falling,1,,,,,null,,,
3275,falling,1,,,,,null,,,
3276,falling,1,698,240,29128,110.33,sam2,1.0,749.192,13.378
3277,falling,1,,,,,null,,,
3278,falling,1,,,,,null,,,
3279,falling,1,,,,,null,,,
3280,falling,1,698,240,29100,110.22,sam2,0.0,0.0,0.0
3281,falling,1,,,,,null,,,
3282,falling,1,,,,,null,,,
3283,falling,1,,,,,null,,,
3284,falling,1,699,240,29178,110.52,sam2,1.0,749.192,13.378
3285,falling,1,,,,,null,,,
3286,falling,1,,,,,null,,,
3287,falling,1,,,,,null,,,
3288,falling,1,698,239,29076,110.13,sam2,1.414,1059.517,18.92
3289,falling,1,,,,,null,,,
3290,falling,1,,,,,null,,,
3291,falling,1,,,,,null,,,
3292,falling,1,699,239,29168,110.48,sam2,1.0,749.192,13.378
3293,falling,1,,,,,null,,,
3294,falling,1,,,,,null,,,
3295,falling,1,,,,,null,,,
3296,falling,1,699,239,28774,108.99,sam2,0.0,0.0,0.0
3297,falling,1,,,,,null,,,
3298,falling,1,,,,,null,,,
3299,falling,1,,,,,null,,,
3300,falling,1,698,238,28594,108.31,sam2,1.414,1059.517,18.92
3301,falling,1,,,,,null,,,
3302,falling,1,,,,,null,,,
3303,falling,1,,,,,null,,,
3304,falling,1,699,239,28981,109.77,sam2,1.414,1059.517,18.92
3305,falling,1,,,,,null,,,
3306,falling,1,,,,,null,,,
3307,falling,1,,,,,null,,,
3308,falling,1,699,238,28413,107.62,sam2,1.0,749.192,13.378
3309,falling,1,,,,,null,,,
3310,falling,1,,,,,null,,,
3311,falling,1,,,,,null,,,
3312,falling,1,699,239,28633,108.45,sam2,1.0,749.192,13.378
3313,falling,1,,,,,null,,,
3314,falling,1,,,,,null,,,
3315,falling,1,,,,,null,,,
3316,falling,1,700,239,28712,108.75,sam2,1.0,749.192,13.378
3317,falling,1,,,,,null,,,
3318,falling,1,,,,,null,,,
3319,falling,1,,,,,null,,,
3320,falling,1,700,238,28345,107.36,sam2,1.0,749.192,13.378
3321,falling,1,,,,,null,,,
3322,falling,1,,,,,null,,,
3323,falling,1,,,,,null,,,
3324,falling,1,700,239,28819,109.16,sam2,1.0,749.192,13.378
3325,falling,1,,,,,null,,,
3326,falling,1,,,,,null,,,
3327,falling,1,,,,,null,,,
3328,falling,1,701,239,28730,108.82,sam2,1.0,749.192,13.378
3329,falling,1,,,,,null,,,
3330,falling,1,,,,,null,,,
3331,falling,1,,,,,null,,,
3332,falling,1,700,240,29005,109.86,sam2,1.414,1059.517,18.92
3333,falling,1,,,,,null,,,
3334,falling,1,,,,,null,,,
3335,falling,1,,,,,null,,,
3336,falling,1,701,240,28933,109.59,sam2,1.0,749.192,13.378
3337,falling,1,,,,,null,,,
3338,falling,1,,,,,null,,,
3339,falling,1,,,,,null,,,
3340,falling,1,700,239,28730,108.82,sam2,1.414,1059.517,18.92
3341,falling,1,,,,,null,,,
3342,falling,1,,,,,null,,,
3343,falling,1,,,,,null,,,
3344,falling,1,700,238,28358,107.41,sam2,1.0,749.192,13.378
3345,falling,1,,,,,null,,,
3346,falling,1,,,,,null,,,
3347,falling,1,,,,,null,,,
3348,falling,1,700,239,28593,108.3,sam2,1.0,749.192,13.378
3349,falling,1,,,,,null,,,
3350,falling,1,,,,,null,,,
3351,falling,1,,,,,null,,,
3352,falling,1,700,238,28260,107.04,sam2,1.0,749.192,13.378
3353,falling,1,,,,,null,,,
3354,falling,1,,,,,null,,,
3355,falling,1,,,,,null,,,
3356,falling,1,700,238,28325,107.29,sam2,0.0,0.0,0.0
3357,falling,1,,,,,null,,,
3358,falling,1,,,,,null,,,
3359,falling,1,,,,,null,,,
3360,falling,1,700,238,28436,107.71,sam2,0.0,0.0,0.0
3361,falling,1,,,,,null,,,
3362,falling,1,,,,,null,,,
3363,falling,1,,,,,null,,,
3364,falling,1,700,237,28145,106.61,sam2,1.0,749.192,13.378
3365,falling,1,,,,,null,,,
3366,falling,1,,,,,null,,,
3367,falling,1,,,,,null,,,
3368,falling,1,700,237,28236,106.95,sam2,0.0,0.0,0.0
3369,falling,1,,,,,null,,,
3370,falling,1,,,,,null,,,
3371,falling,1,,,,,null,,,
3372,falling,1,700,239,28835,109.22,sam2,2.0,1498.383,26.757
3373,falling,1,,,,,null,,,
3374,falling,1,,,,,null,,,
3375,falling,1,,,,,null,,,
3376,falling,1,699,239,28636,108.47,sam2,1.0,749.192,13.378
3377,falling,1,,,,,null,,,
3378,falling,1,,,,,null,,,
3379,falling,1,,,,,null,,,
3380,falling,1,699,239,28593,108.3,sam2,0.0,0.0,0.0
3381,falling,1,,,,,null,,,
3382,falling,1,,,,,null,,,
3383,falling,1,,,,,null,,,
3384,falling,1,699,240,29177,110.51,sam2,1.0,749.192,13.378
3385,falling,1,,,,,null,,,
3386,falling,1,,,,,null,,,
3387,falling,1,,,,,null,,,
3388,falling,1,699,240,28959,109.69,sam2,0.0,0.0,0.0
3389,falling,1,,,,,null,,,
3390,falling,1,,,,,null,,,
3391,falling,1,,,,,null,,,
3392,falling,1,699,240,28982,109.78,sam2,0.0,0.0,0.0
3393,falling,1,,,,,null,,,
3394,falling,1,,,,,null,,,
3395,falling,1,,,,,null,,,
3396,falling,1,699,240,28815,109.14,sam2,0.0,0.0,0.0
3397,falling,1,,,,,null,,,
3398,falling,1,,,,,null,,,
3399,falling,1,,,,,null,,,
3400,falling,1,699,239,28780,109.01,sam2,1.0,749.192,13.378
3401,falling,1,,,,,null,,,
3402,falling,1,,,,,null,,,
3403,falling,1,,,,,null,,,
3404,falling,1,699,239,28772,108.98,sam2,0.0,0.0,0.0
3405,falling,1,,,,,null,,,
3406,falling,1,,,,,null,,,
3407,falling,1,,,,,null,,,
3408,falling,1,699,238,28471,107.84,sam2,1.0,749.192,13.378
3409,falling,1,,,,,null,,,
3410,falling,1,,,,,null,,,
3411,falling,1,,,,,null,,,
3412,falling,1,699,239,28899,109.46,sam2,1.0,749.192,13.378
3413,falling,1,,,,,null,,,
3414,falling,1,,,,,null,,,
3415,falling,1,,,,,null,,,
3416,falling,1,699,239,28823,109.17,sam2,0.0,0.0,0.0
3417,falling,1,,,,,null,,,
3418,falling,1,,,,,null,,,
3419,falling,1,,,,,null,,,
3420,falling,1,699,239,28925,109.56,sam2,0.0,0.0,0.0
3421,falling,1,,,,,null,,,
3422,falling,1,,,,,null,,,
3423,falling,1,,,,,null,,,
3424,falling,1,699,238,28537,108.09,sam2,1.0,749.192,13.378
3425,falling,1,,,,,null,,,
3426,falling,1,,,,,null,,,
3427,falling,1,,,,,null,,,
3428,falling,1,699,239,28870,109.35,sam2,1.0,749.192,13.378
3429,falling,1,,,,,null,,,
3430,falling,1,,,,,null,,,
3431,falling,1,,,,,null,,,
3432,falling,1,700,239,28871,109.36,sam2,1.0,749.192,13.378
3433,falling,1,,,,,null,,,
3434,falling,1,,,,,null,,,
3435,falling,1,,,,,null,,,
3436,falling,1,700,239,28909,109.5,sam2,0.0,0.0,0.0
3437,falling,1,,,,,null,,,
3438,falling,1,,,,,null,,,
3439,falling,1,,,,,null,,,
3440,falling,1,700,239,28517,108.01,sam2,0.0,0.0,0.0
3441,falling,1,,,,,null,,,
3442,falling,1,,,,,null,,,
3443,falling,1,,,,,null,,,
3444,falling,1,700,239,28561,108.18,sam2,0.0,0.0,0.0
3445,falling,1,,,,,null,,,
3446,falling,1,,,,,null,,,
3447,falling,1,,,,,null,,,
3448,falling,1,700,240,28808,109.12,sam2,1.0,749.192,13.378
3449,falling,1,,,,,null,,,
3450,falling,1,,,,,null,,,
3451,falling,1,,,,,null,,,
3452,falling,1,700,240,28801,109.09,sam2,0.0,0.0,0.0
3453,falling,1,,,,,null,,,
3454,falling,1,,,,,null,,,
3455,falling,1,,,,,null,,,
3456,falling,1,700,240,28825,109.18,sam2,0.0,0.0,0.0
3457,falling,1,,,,,null,,,
3458,falling,1,,,,,null,,,
3459,falling,1,,,,,null,,,
3460,falling,1,700,239,28611,108.37,sam2,1.0,749.192,13.378
3461,falling,1,,,,,null,,,
3462,falling,1,,,,,null,,,
3463,falling,1,,,,,null,,,
3464,falling,1,700,238,28434,107.7,sam2,1.0,749.192,13.378
3465,falling,1,,,,,null,,,
3466,falling,1,,,,,null,,,
3467,falling,1,,,,,null,,,
3468,falling,1,700,239,28848,109.27,sam2,1.0,749.192,13.378
3469,falling,1,,,,,null,,,
3470,falling,1,,,,,null,,,
3471,falling,1,,,,,null,,,
3472,falling,1,700,239,28810,109.12,sam2,0.0,0.0,0.0
3473,falling,1,,,,,null,,,
3474,falling,1,,,,,null,,,
3475,falling,1,,,,,null,,,
3476,falling,1,700,239,29021,109.92,sam2,0.0,0.0,0.0
3477,falling,1,,,,,null,,,
3478,falling,1,,,,,null,,,
3479,falling,1,,,,,null,,,
3480,falling,1,700,239,28967,109.72,sam2,0.0,0.0,0.0
3481,falling,1,,,,,null,,,
3482,falling,1,,,,,null,,,
3483,falling,1,,,,,null,,,
3484,falling,1,700,238,28849,109.27,sam2,1.0,749.192,13.378
3485,falling,1,,,,,null,,,
3486,falling,1,,,,,null,,,
3487,falling,1,,,,,null,,,
3488,falling,1,699,239,28917,109.53,sam2,1.414,1059.517,18.92
3489,falling,1,,,,,null,,,
3490,falling,1,,,,,null,,,
3491,falling,1,,,,,null,,,
3492,falling,1,699,239,28757,108.92,sam2,0.0,0.0,0.0
3493,falling,1,,,,,null,,,
3494,falling,1,,,,,null,,,
3495,falling,1,,,,,null,,,
3496,falling,1,699,239,28632,108.45,sam2,0.0,0.0,0.0
3497,falling,1,,,,,null,,,
3498,falling,1,,,,,null,,,
3499,falling,1,,,,,null,,,
3500,falling,1,699,239,28689,108.67,sam2,0.0,0.0,0.0
3501,falling,1,,,,,null,,,
3502,falling,1,,,,,null,,,
3503,falling,1,,,,,null,,,
3504,falling,1,699,239,28596,108.31,sam2,0.0,0.0,0.0
3505,falling,1,,,,,null,,,
3506,falling,1,,,,,null,,,
3507,falling,1,,,,,null,,,
3508,falling,1,699,240,28690,108.67,sam2,1.0,749.192,13.378
3509,falling,1,,,,,null,,,
3510,falling,1,,,,,null,,,
3511,falling,1,,,,,null,,,
3512,falling,1,700,240,28675,108.61,sam2,1.0,749.192,13.378
3513,falling,1,,,,,null,,,
3514,falling,1,,,,,null,,,
3515,falling,1,,,,,null,,,
3516,falling,1,699,240,28908,109.5,sam2,1.0,749.192,13.378
3517,falling,1,,,,,null,,,
3518,falling,1,,,,,null,,,
3519,falling,1,,,,,null,,,
3520,falling,1,699,239,28582,108.26,sam2,1.0,749.192,13.378
3521,falling,1,,,,,null,,,
3522,falling,1,,,,,null,,,
3523,falling,1,,,,,null,,,
3524,falling,1,699,239,28802,109.09,sam2,0.0,0.0,0.0
3525,falling,1,,,,,null,,,
3526,falling,1,,,,,null,,,
3527,falling,1,,,,,null,,,
3528,falling,1,700,239,28929,109.58,sam2,1.0,749.192,13.378
3529,falling,1,,,,,null,,,
3530,falling,1,,,,,null,,,
3531,falling,1,,,,,null,,,
3532,falling,1,700,239,28970,109.73,sam2,0.0,0.0,0.0
3533,falling,1,,,,,null,,,
3534,falling,1,,,,,null,,,
3535,falling,1,,,,,null,,,
3536,falling,1,700,238,28628,108.44,sam2,1.0,749.192,13.378
3537,falling,1,,,,,null,,,
3538,falling,1,,,,,null,,,
3539,falling,1,,,,,null,,,
3540,falling,1,700,239,28970,109.73,sam2,1.0,749.192,13.378
3541,falling,1,,,,,null,,,
3542,falling,1,,,,,null,,,
3543,falling,1,,,,,null,,,
3544,falling,1,700,239,28919,109.54,sam2,0.0,0.0,0.0
3545,falling,1,,,,,null,,,
3546,falling,1,,,,,null,,,
3547,falling,1,,,,,null,,,
3548,falling,1,700,239,28848,109.27,sam2,0.0,0.0,0.0
3549,falling,1,,,,,null,,,
3550,falling,1,,,,,null,,,
3551,falling,1,,,,,null,,,
3552,falling,1,700,240,28985,109.79,sam2,1.0,749.192,13.378
3553,falling,1,,,,,null,,,
3554,falling,1,,,,,null,,,
3555,falling,1,,,,,null,,,
3556,falling,1,699,240,28760,108.94,sam2,1.0,749.192,13.378
3557,falling,1,,,,,null,,,
3558,falling,1,,,,,null,,,
3559,falling,1,,,,,null,,,
3560,falling,1,700,240,28730,108.82,sam2,1.0,749.192,13.378
3561,falling,1,,,,,null,,,
3562,falling,1,,,,,null,,,
3563,falling,1,,,,,null,,,
3564,falling,1,700,240,28812,109.13,sam2,0.0,0.0,0.0
3565,falling,1,,,,,null,,,
3566,falling,1,,,,,null,,,
3567,falling,1,,,,,null,,,
3568,falling,1,700,240,28694,108.69,sam2,0.0,0.0,0.0
3569,falling,1,,,,,null,,,
3570,falling,1,,,,,null,,,
3571,falling,1,,,,,null,,,
3572,falling,1,700,240,28838,109.23,sam2,0.0,0.0,0.0
3573,falling,1,,,,,null,,,
3574,falling,1,,,,,null,,,
3575,falling,1,,,,,null,,,
3576,falling,1,699,239,28816,109.15,sam2,1.414,1059.517,18.92
3577,falling,1,,,,,null,,,
3578,falling,1,,,,,null,,,
3579,falling,1,,,,,null,,,
3580,falling,1,699,239,28847,109.26,sam2,0.0,0.0,0.0
3581,falling,1,,,,,null,,,
3582,falling,1,,,,,null,,,
3583,falling,1,,,,,null,,,
3584,falling,1,699,239,28858,109.31,sam2,0.0,0.0,0.0
3585,falling,1,,,,,null,,,
3586,falling,1,,,,,null,,,
3587,falling,1,,,,,null,,,
3588,falling,1,699,239,28957,109.68,sam2,0.0,0.0,0.0
3589,falling,1,,,,,null,,,
3590,falling,1,,,,,null,,,
3591,falling,1,,,,,null,,,
3592,falling,1,699,239,29099,110.22,sam2,0.0,0.0,0.0
3593,falling,1,,,,,null,,,
3594,falling,1,,,,,null,,,
3595,falling,1,,,,,null,,,
3596,falling,1,699,238,28764,108.95,sam2,1.0,749.192,13.378
3597,falling,1,,,,,null,,,
3598,falling,1,,,,,null,,,
3599,falling,1,,,,,null,,,
3600,falling,1,699,239,29060,110.07,sam2,1.0,749.192,13.378
3601,falling,1,,,,,null,,,
3602,falling,1,,,,,null,,,
3603,falling,1,,,,,null,,,
3604,falling,1,699,239,28739,108.86,sam2,0.0,0.0,0.0
3605,falling,1,,,,,null,,,
3606,falling,1,,,,,null,,,
3607,falling,1,,,,,null,,,
3608,falling,1,699,239,28621,108.41,sam2,0.0,0.0,0.0
3609,falling,1,,,,,null,,,
3610,falling,1,,,,,null,,,
3611,falling,1,,,,,null,,,
3612,falling,1,699,239,28436,107.71,sam2,0.0,0.0,0.0
3613,falling,1,,,,,null,,,
3614,falling,1,,,,,null,,,
3615,falling,1,,,,,null,,,
3616,falling,1,699,239,28423,107.66,sam2,0.0,0.0,0.0
3617,falling,1,,,,,null,,,
3618,falling,1,,,,,null,,,
3619,falling,1,,,,,null,,,
3620,falling,1,699,239,28487,107.9,sam2,0.0,0.0,0.0
3621,falling,1,,,,,null,,,
3622,falling,1,,,,,null,,,
3623,falling,1,,,,,null,,,
3624,falling,1,700,240,28837,109.23,sam2,1.414,1059.517,18.92
3625,falling,1,,,,,null,,,
3626,falling,1,,,,,null,,,
3627,falling,1,,,,,null,,,
3628,falling,1,700,240,28823,109.17,sam2,0.0,0.0,0.0
3629,falling,1,,,,,null,,,
3630,falling,1,,,,,null,,,
3631,falling,1,,,,,null,,,
3632,falling,1,700,239,28815,109.14,sam2,1.0,749.192,13.378
3633,falling,1,,,,,null,,,
3634,falling,1,,,,,null,,,
3635,falling,1,,,,,null,,,
3636,falling,1,700,239,29005,109.86,sam2,0.0,0.0,0.0
3637,falling,1,,,,,null,,,
3638,falling,1,,,,,null,,,
3639,falling,1,,,,,null,,,
3640,falling,1,700,238,28694,108.69,sam2,1.0,749.192,13.378
3641,falling,1,,,,,null,,,
3642,falling,1,,,,,null,,,
3643,falling,1,,,,,null,,,
3644,falling,1,700,239,28961,109.7,sam2,1.0,749.192,13.378
3645,falling,1,,,,,null,,,
3646,falling,1,,,,,null,,,
3647,falling,1,,,,,null,,,
3648,falling,1,700,238,28640,108.48,sam2,1.0,749.192,13.378
3649,falling,1,,,,,null,,,
3650,falling,1,,,,,null,,,
3651,falling,1,,,,,null,,,
3652,falling,1,700,239,29006,109.87,sam2,1.0,749.192,13.378
3653,falling,1,,,,,null,,,
3654,falling,1,,,,,null,,,
3655,falling,1,,,,,null,,,
3656,falling,1,700,239,28949,109.65,sam2,0.0,0.0,0.0
3657,falling,1,,,,,null,,,
3658,falling,1,,,,,null,,,
3659,falling,1,,,,,null,,,
3660,falling,1,700,239,28730,108.82,sam2,0.0,0.0,0.0
3661,falling,1,,,,,null,,,
3662,falling,1,,,,,null,,,
3663,falling,1,,,,,null,,,
3664,falling,1,700,239,28833,109.21,sam2,0.0,0.0,0.0
3665,falling,1,,,,,null,,,
3666,falling,1,,,,,null,,,
3667,falling,1,,,,,null,,,
3668,falling,1,700,240,28841,109.24,sam2,1.0,749.192,13.378
3669,falling,1,,,,,null,,,
3670,falling,1,,,,,null,,,
3671,falling,1,,,,,null,,,
3672,falling,1,700,239,28356,107.41,sam2,1.0,749.192,13.378
3673,falling,1,,,,,null,,,
3674,falling,1,,,,,null,,,
3675,falling,1,,,,,null,,,
3676,falling,1,700,240,28740,108.86,sam2,1.0,749.192,13.378
3677,falling,1,,,,,null,,,
3678,falling,1,,,,,null,,,
3679,falling,1,,,,,null,,,
3680,falling,1,700,240,28957,109.68,sam2,0.0,0.0,0.0
3681,falling,1,,,,,null,,,
3682,falling,1,,,,,null,,,
3683,falling,1,,,,,null,,,
3684,falling,1,699,239,28703,108.72,sam2,1.414,1059.517,18.92
3685,falling,1,,,,,null,,,
3686,falling,1,,,,,null,,,
3687,falling,1,,,,,null,,,
3688,falling,1,700,239,28797,109.08,sam2,1.0,749.192,13.378
3689,falling,1,,,,,null,,,
3690,falling,1,,,,,null,,,
3691,falling,1,,,,,null,,,
3692,falling,1,700,240,29074,110.12,sam2,1.0,749.192,13.378
3693,falling,1,,,,,null,,,
3694,falling,1,,,,,null,,,
3695,falling,1,,,,,null,,,
3696,falling,1,699,239,28851,109.28,sam2,1.414,1059.517,18.92
3697,falling,1,,,,,null,,,
3698,falling,1,,,,,null,,,
3699,falling,1,,,,,null,,,
3700,falling,1,699,239,28989,109.8,sam2,0.0,0.0,0.0
3701,falling,1,,,,,null,,,
3702,falling,1,,,,,null,,,
3703,falling,1,,,,,null,,,
3704,falling,1,699,238,28756,108.92,sam2,1.0,749.192,13.378
3705,falling,1,,,,,null,,,
3706,falling,1,,,,,null,,,
3707,falling,1,,,,,null,,,
3708,falling,1,699,238,28762,108.94,sam2,0.0,0.0,0.0
3709,falling,1,,,,,null,,,
3710,falling,1,,,,,null,,,
3711,falling,1,,,,,null,,,
3712,falling,1,699,239,28944,109.63,sam2,1.0,749.192,13.378
3713,falling,1,,,,,null,,,
3714,falling,1,,,,,null,,,
3715,falling,1,,,,,null,,,
3716,falling,1,699,239,28905,109.48,sam2,0.0,0.0,0.0
3717,falling,1,,,,,null,,,
3718,falling,1,,,,,null,,,
3719,falling,1,,,,,null,,,
3720,falling,1,699,239,28984,109.78,sam2,0.0,0.0,0.0
3721,falling,1,,,,,null,,,
3722,falling,1,,,,,null,,,
3723,falling,1,,,,,null,,,
3724,falling,1,699,239,28624,108.42,sam2,0.0,0.0,0.0
3725,falling,1,,,,,null,,,
3726,falling,1,,,,,null,,,
3727,falling,1,,,,,null,,,
3728,falling,1,699,239,28542,108.11,sam2,0.0,0.0,0.0
3729,falling,1,,,,,null,,,
3730,falling,1,,,,,null,,,
3731,falling,1,,,,,null,,,
3732,falling,1,699,240,28922,109.55,sam2,1.0,749.192,13.378
3733,falling,1,,,,,null,,,
3734,falling,1,,,,,null,,,
3735,falling,1,,,,,null,,,
3736,falling,1,699,240,28915,109.52,sam2,0.0,0.0,0.0
3737,falling,1,,,,,null,,,
3738,falling,1,,,,,null,,,
3739,falling,1,,,,,null,,,
3740,falling,1,700,240,29193,110.58,sam2,1.0,749.192,13.378
3741,falling,1,,,,,null,,,
3742,falling,1,,,,,null,,,
3743,falling,1,,,,,null,,,
3744,falling,1,700,239,28817,109.15,sam2,1.0,749.192,13.378
3745,falling,1,,,,,null,,,
3746,falling,1,,,,,null,,,
3747,falling,1,,,,,null,,,
3748,falling,1,700,239,28831,109.2,sam2,0.0,0.0,0.0
3749,falling,1,,,,,null,,,
3750,falling,1,,,,,null,,,
3751,falling,1,,,,,null,,,
3752,falling,1,700,239,28771,108.98,sam2,0.0,0.0,0.0
3753,falling,1,,,,,null,,,
3754,falling,1,,,,,null,,,
3755,falling,1,,,,,null,,,
3756,falling,1,700,239,28895,109.45,sam2,0.0,0.0,0.0
3757,falling,1,,,,,null,,,
3758,falling,1,,,,,null,,,
3759,falling,1,,,,,null,,,
3760,falling,1,700,238,28530,108.06,sam2,1.0,749.192,13.378
3761,falling,1,,,,,null,,,
3762,falling,1,,,,,null,,,
3763,falling,1,,,,,null,,,
3764,falling,1,700,238,28757,108.92,sam2,0.0,0.0,0.0
3765,falling,1,,,,,null,,,
3766,falling,1,,,,,null,,,
3767,falling,1,,,,,null,,,
3768,falling,1,701,238,28636,108.47,sam2,1.0,749.192,13.378
3769,falling,1,,,,,null,,,
3770,falling,1,,,,,null,,,
3771,falling,1,,,,,null,,,
3772,falling,1,700,238,28437,107.71,sam2,1.0,749.192,13.378
3773,falling,1,,,,,null,,,
3774,falling,1,,,,,null,,,
3775,falling,1,,,,,null,,,
3776,falling,1,700,239,28709,108.74,sam2,1.0,749.192,13.378
3777,falling,1,,,,,null,,,
3778,falling,1,,,,,null,,,
3779,falling,1,,,,,null,,,
3780,falling,1,700,239,28675,108.61,sam2,0.0,0.0,0.0
3781,falling,1,,,,,null,,,
3782,falling,1,,,,,null,,,
3783,falling,1,,,,,null,,,
3784,falling,1,700,239,28746,108.88,sam2,0.0,0.0,0.0
3785,falling,1,,,,,null,,,
3786,falling,1,,,,,null,,,
3787,falling,1,,,,,null,,,
3788,falling,1,700,239,28741,108.86,sam2,0.0,0.0,0.0
3789,falling,1,,,,,null,,,
3790,falling,1,,,,,null,,,
3791,falling,1,,,,,null,,,
3792,falling,1,700,239,28614,108.38,sam2,0.0,0.0,0.0
3793,falling,1,,,,,null,,,
3794,falling,1,,,,,null,,,
3795,falling,1,,,,,null,,,
3796,falling,1,700,239,28675,108.61,sam2,0.0,0.0,0.0
3797,falling,1,,,,,null,,,
3798,falling,1,,,,,null,,,
3799,falling,1,,,,,null,,,
3800,falling,1,700,239,28911,109.51,sam2,0.0,0.0,0.0
3801,falling,1,,,,,null,,,
3802,falling,1,,,,,null,,,
3803,falling,1,,,,,null,,,
3804,falling,1,699,239,28909,109.5,sam2,1.0,749.192,13.378
3805,falling,1,,,,,null,,,
3806,falling,1,,,,,null,,,
3807,falling,1,,,,,null,,,
3808,falling,1,699,239,28727,108.81,sam2,0.0,0.0,0.0
3809,falling,1,,,,,null,,,
3810,falling,1,,,,,null,,,
3811,falling,1,,,,,null,,,
3812,falling,1,699,238,28716,108.77,sam2,1.0,749.192,13.378
3813,falling,1,,,,,null,,,
3814,falling,1,,,,,null,,,
3815,falling,1,,,,,null,,,
3816,falling,1,699,238,28706,108.73,sam2,0.0,0.0,0.0
3817,falling,1,,,,,null,,,
3818,falling,1,,,,,null,,,
3819,falling,1,,,,,null,,,
3820,falling,1,699,239,29013,109.89,sam2,1.0,749.192,13.378
3821,falling,1,,,,,null,,,
3822,falling,1,,,,,null,,,
3823,falling,1,,,,,null,,,
3824,falling,1,699,239,28867,109.34,sam2,0.0,0.0,0.0
3825,falling,1,,,,,null,,,
3826,falling,1,,,,,null,,,
3827,falling,1,,,,,null,,,
3828,falling,1,699,239,28754,108.91,sam2,0.0,0.0,0.0
3829,falling,1,,,,,null,,,
3830,falling,1,,,,,null,,,
3831,falling,1,,,,,null,,,
3832,falling,1,699,239,28937,109.61,sam2,0.0,0.0,0.0
3833,falling,1,,,,,null,,,
3834,falling,1,,,,,null,,,
3835,falling,1,,,,,null,,,
3836,falling,1,699,239,28772,108.98,sam2,0.0,0.0,0.0
3837,falling,1,,,,,null,,,
3838,falling,1,,,,,null,,,
3839,falling,1,,,,,null,,,
3840,falling,1,699,240,28963,109.7,sam2,1.0,749.192,13.378
3841,falling,1,,,,,null,,,
3842,falling,1,,,,,null,,,
3843,falling,1,,,,,null,,,
3844,falling,1,699,239,28627,108.43,sam2,1.0,749.192,13.378
3845,falling,1,,,,,null,,,
3846,falling,1,,,,,null,,,
3847,falling,1,,,,,null,,,
3848,falling,1,699,239,28739,108.86,sam2,0.0,0.0,0.0
3849,falling,1,,,,,null,,,
3850,falling,1,,,,,null,,,
3851,falling,1,,,,,null,,,
3852,falling,1,699,240,29075,110.13,sam2,1.0,749.192,13.378
3853,falling,1,,,,,null,,,
3854,falling,1,,,,,null,,,
3855,falling,1,,,,,null,,,
3856,falling,1,699,240,29097,110.21,sam2,0.0,0.0,0.0
3857,falling,1,,,,,null,,,
3858,falling,1,,,,,null,,,
3859,falling,1,,,,,null,,,
3860,falling,1,700,239,28895,109.45,sam2,1.414,1059.517,18.92
3861,falling,1,,,,,null,,,
3862,falling,1,,,,,null,,,
3863,falling,1,,,,,null,,,
3864,falling,1,700,239,28930,109.58,sam2,0.0,0.0,0.0
3865,falling,1,,,,,null,,,
3866,falling,1,,,,,null,,,
3867,falling,1,,,,,null,,,
3868,falling,1,700,239,28863,109.33,sam2,0.0,0.0,0.0
3869,falling,1,,,,,null,,,
3870,falling,1,,,,,null,,,
3871,falling,1,,,,,null,,,
3872,falling,1,700,239,28925,109.56,sam2,0.0,0.0,0.0
3873,falling,1,,,,,null,,,
3874,falling,1,,,,,null,,,
3875,falling,1,,,,,null,,,
3876,falling,1,700,239,28815,109.14,sam2,0.0,0.0,0.0
3877,falling,1,,,,,null,,,
3878,falling,1,,,,,null,,,
3879,falling,1,,,,,null,,,
3880,falling,1,701,239,28883,109.4,sam2,1.0,749.192,13.378
3881,falling,1,,,,,null,,,
3882,falling,1,,,,,null,,,
3883,falling,1,,,,,null,,,
3884,falling,1,700,239,28924,109.56,sam2,1.0,749.192,13.378
3885,falling,1,,,,,null,,,
3886,falling,1,,,,,null,,,
3887,falling,1,,,,,null,,,
3888,falling,1,700,239,28815,109.14,sam2,0.0,0.0,0.0
3889,falling,1,,,,,null,,,
3890,falling,1,,,,,null,,,
3891,falling,1,,,,,null,,,
3892,falling,1,701,239,28841,109.24,sam2,1.0,749.192,13.378
3893,falling,1,,,,,null,,,
3894,falling,1,,,,,null,,,
3895,falling,1,,,,,null,,,
3896,falling,1,700,239,28805,109.11,sam2,1.0,749.192,13.378
3897,falling,1,,,,,null,,,
3898,falling,1,,,,,null,,,
3899,falling,1,,,,,null,,,
3900,falling,1,701,239,28565,108.2,sam2,1.0,749.192,13.378
3901,falling,1,,,,,null,,,
3902,falling,1,,,,,null,,,
3903,falling,1,,,,,null,,,
3904,falling,1,700,239,28942,109.62,sam2,1.0,749.192,13.378
3905,falling,1,,,,,null,,,
3906,falling,1,,,,,null,,,
3907,falling,1,,,,,null,,,
3908,falling,1,700,239,28678,108.62,sam2,0.0,0.0,0.0
3909,falling,1,,,,,null,,,
3910,falling,1,,,,,null,,,
3911,falling,1,,,,,null,,,
3912,falling,1,700,240,29008,109.87,sam2,1.0,749.192,13.378
3913,falling,1,,,,,null,,,
3914,falling,1,,,,,null,,,
3915,falling,1,,,,,null,,,
3916,falling,1,700,239,28793,109.06,sam2,1.0,749.192,13.378
3917,falling,1,,,,,null,,,
3918,falling,1,,,,,null,,,
3919,falling,1,,,,,null,,,
3920,falling,1,700,239,28777,109.0,sam2,0.0,0.0,0.0
3921,falling,1,,,,,null,,,
3922,falling,1,,,,,null,,,
3923,falling,1,,,,,null,,,
3924,falling,1,699,239,28830,109.2,sam2,1.0,749.192,13.378
3925,falling,1,,,,,null,,,
3926,falling,1,,,,,null,,,
3927,falling,1,,,,,null,,,
3928,falling,1,699,239,28859,109.31,sam2,0.0,0.0,0.0
3929,falling,1,,,,,null,,,
3930,falling,1,,,,,null,,,
3931,falling,1,,,,,null,,,
3932,falling,1,699,238,28430,107.69,sam2,1.0,749.192,13.378
3933,falling,1,,,,,null,,,
3934,falling,1,,,,,null,,,
3935,falling,1,,,,,null,,,
3936,falling,1,698,238,28612,108.37,sam2,1.0,749.192,13.378
3937,falling,1,,,,,null,,,
3938,falling,1,,,,,null,,,
3939,falling,1,,,,,null,,,
3940,falling,1,699,239,28903,109.48,sam2,1.414,1059.517,18.92
3941,falling,1,,,,,null,,,
3942,falling,1,,,,,null,,,
3943,falling,1,,,,,null,,,
3944,falling,1,699,239,28917,109.53,sam2,0.0,0.0,0.0
3945,falling,1,,,,,null,,,
3946,falling,1,,,,,null,,,
3947,falling,1,,,,,null,,,
3948,falling,1,699,239,28778,109.0,sam2,0.0,0.0,0.0
3949,falling,1,,,,,null,,,
3950,falling,1,,,,,null,,,
3951,falling,1,,,,,null,,,
3952,falling,1,699,239,28822,109.17,sam2,0.0,0.0,0.0
3953,falling,1,,,,,null,,,
3954,falling,1,,,,,null,,,
3955,falling,1,,,,,null,,,
3956,falling,1,699,239,28974,109.75,sam2,0.0,0.0,0.0
3957,falling,1,,,,,null,,,
3958,falling,1,,,,,null,,,
3959,falling,1,,,,,null,,,
3960,falling,1,698,239,28684,108.65,sam2,1.0,749.192,13.378
3961,falling,1,,,,,null,,,
3962,falling,1,,,,,null,,,
3963,falling,1,,,,,null,,,
3964,falling,1,699,239,28895,109.45,sam2,1.0,749.192,13.378
3965,falling,1,,,,,null,,,
3966,falling,1,,,,,null,,,
3967,falling,1,,,,,null,,,
3968,falling,1,699,239,28645,108.5,sam2,0.0,0.0,0.0
3969,falling,1,,,,,null,,,
3970,falling,1,,,,,null,,,
3971,falling,1,,,,,null,,,
3972,falling,1,699,239,28901,109.47,sam2,0.0,0.0,0.0
3973,falling,1,,,,,null,,,
3974,falling,1,,,,,null,,,
3975,falling,1,,,,,null,,,
3976,falling,1,699,238,28373,107.47,sam2,1.0,749.192,13.378
3977,falling,1,,,,,null,,,
3978,falling,1,,,,,null,,,
3979,falling,1,,,,,null,,,
3980,falling,1,699,239,28789,109.05,sam2,1.0,749.192,13.378
3981,falling,1,,,,,null,,,
3982,falling,1,,,,,null,,,
3983,falling,1,,,,,null,,,
3984,falling,1,700,239,28827,109.19,sam2,1.0,749.192,13.378
3985,falling,1,,,,,null,,,
3986,falling,1,,,,,null,,,
3987,falling,1,,,,,null,,,
3988,falling,1,700,239,28651,108.52,sam2,0.0,0.0,0.0
3989,falling,1,,,,,null,,,
3990,falling,1,,,,,null,,,
3991,falling,1,,,,,null,,,
3992,falling,1,700,239,28661,108.56,sam2,0.0,0.0,0.0
3993,falling,1,,,,,null,,,
3994,falling,1,,,,,null,,,
3995,falling,1,,,,,null,,,
3996,falling,1,700,238,28363,107.43,sam2,1.0,749.192,13.378
3997,falling,1,,,,,null,,,
3998,falling,1,,,,,null,,,
3999,falling,1,,,,,null,,,
4000,falling,1,700,238,28394,107.55,sam2,0.0,0.0,0.0
4001,falling,1,,,,,null,,,
4002,falling,1,,,,,null,,,
4003,falling,1,,,,,null,,,
4004,falling,1,700,239,28688,108.66,sam2,1.0,749.192,13.378
4005,falling,1,,,,,null,,,
4006,falling,1,,,,,null,,,
4007,falling,1,,,,,null,,,
4008,falling,1,700,239,28737,108.85,sam2,0.0,0.0,0.0
4009,falling,1,,,,,null,,,
4010,falling,1,,,,,null,,,
4011,falling,1,,,,,null,,,
4012,falling,1,701,239,28671,108.6,sam2,1.0,749.192,13.378
4013,falling,1,,,,,null,,,
4014,falling,1,,,,,null,,,
4015,falling,1,,,,,null,,,
4016,falling,1,700,239,28786,109.03,sam2,1.0,749.192,13.378
4017,falling,1,,,,,null,,,
4018,falling,1,,,,,null,,,
4019,falling,1,,,,,null,,,
4020,falling,1,700,238,28351,107.39,sam2,1.0,749.192,13.378
4021,falling,1,,,,,null,,,
4022,falling,1,,,,,null,,,
4023,falling,1,,,,,null,,,
4024,falling,1,700,239,28559,108.17,sam2,1.0,749.192,13.378
4025,falling,1,,,,,null,,,
4026,falling,1,,,,,null,,,
4027,falling,1,,,,,null,,,
4028,falling,1,700,239,28733,108.83,sam2,0.0,0.0,0.0
4029,falling,1,,,,,null,,,
4030,falling,1,,,,,null,,,
4031,falling,1,,,,,null,,,
4032,falling,1,700,239,28652,108.53,sam2,0.0,0.0,0.0
4033,falling,1,,,,,null,,,
4034,falling,1,,,,,null,,,
4035,falling,1,,,,,null,,,
4036,falling,1,700,239,28506,107.97,sam2,0.0,0.0,0.0
4037,falling,1,,,,,null,,,
4038,falling,1,,,,,null,,,
4039,falling,1,,,,,null,,,
4040,falling,1,699,239,28620,108.4,sam2,1.0,749.192,13.378
4041,falling,1,,,,,null,,,
4042,falling,1,,,,,null,,,
4043,falling,1,,,,,null,,,
4044,falling,1,699,239,28780,109.01,sam2,0.0,0.0,0.0
4045,falling,1,,,,,null,,,
4046,falling,1,,,,,null,,,
4047,falling,1,,,,,null,,,
4048,falling,1,699,238,28506,107.97,sam2,1.0,749.192,13.378
4049,falling,1,,,,,null,,,
4050,falling,1,,,,,null,,,
4051,falling,1,,,,,null,,,
4052,falling,1,699,239,28702,108.72,sam2,1.0,749.192,13.378
4053,falling,1,,,,,null,,,
4054,falling,1,,,,,null,,,
4055,falling,1,,,,,null,,,
4056,falling,1,699,239,28775,108.99,sam2,0.0,0.0,0.0
4057,falling,1,,,,,null,,,
4058,falling,1,,,,,null,,,
4059,falling,1,,,,,null,,,
4060,falling,1,699,239,28810,109.12,sam2,0.0,0.0,0.0
4061,falling,1,,,,,null,,,
4062,falling,1,,,,,null,,,
4063,falling,1,,,,,null,,,
4064,falling,1,698,238,28492,107.92,sam2,1.414,1059.517,18.92
4065,falling,1,,,,,null,,,
4066,falling,1,,,,,null,,,
4067,falling,1,,,,,null,,,
4068,falling,1,698,239,28620,108.4,sam2,1.0,749.192,13.378
4069,falling,1,,,,,null,,,
4070,falling,1,,,,,null,,,
4071,falling,1,,,,,null,,,
4072,falling,1,698,238,28487,107.9,sam2,1.0,749.192,13.378
4073,falling,1,,,,,null,,,
4074,falling,1,,,,,null,,,
4075,falling,1,,,,,null,,,
4076,falling,1,698,239,28717,108.77,sam2,1.0,749.192,13.378
4077,falling,1,,,,,null,,,
4078,falling,1,,,,,null,,,
4079,falling,1,,,,,null,,,
4080,falling,1,698,239,28652,108.53,sam2,0.0,0.0,0.0
4081,falling,1,,,,,null,,,
4082,falling,1,,,,,null,,,
4083,falling,1,,,,,null,,,
4084,falling,1,699,240,28896,109.45,sam2,1.414,1059.517,18.92
4085,falling,1,,,,,null,,,
4086,falling,1,,,,,null,,,
4087,falling,1,,,,,null,,,
4088,falling,1,698,238,28258,107.03,sam2,2.236,1675.243,29.915
4089,falling,1,,,,,null,,,
4090,falling,1,,,,,null,,,
4091,falling,1,,,,,null,,,
4092,falling,1,698,238,28369,107.45,sam2,0.0,0.0,0.0
4093,falling,1,,,,,null,,,
4094,falling,1,,,,,null,,,
4095,falling,1,,,,,null,,,
4096,falling,1,699,239,28567,108.2,sam2,1.414,1059.517,18.92
4097,falling,1,,,,,null,,,
4098,falling,1,,,,,null,,,
4099,falling,1,,,,,null,,,
4100,falling,1,699,239,28624,108.42,sam2,0.0,0.0,0.0
4101,falling,1,,,,,null,,,
4102,falling,1,,,,,null,,,
4103,falling,1,,,,,null,,,
4104,falling,1,699,238,28375,107.48,sam2,1.0,749.192,13.378
4105,falling,1,,,,,null,,,
4106,falling,1,,,,,null,,,
4107,falling,1,,,,,null,,,
4108,falling,1,699,238,28340,107.34,sam2,0.0,0.0,0.0
4109,falling,1,,,,,null,,,
4110,falling,1,,,,,null,,,
4111,falling,1,,,,,null,,,
4112,falling,1,699,239,28799,109.08,sam2,1.0,749.192,13.378
4113,falling,1,,,,,null,,,
4114,falling,1,,,,,null,,,
4115,falling,1,,,,,null,,,
4116,falling,1,699,238,28340,107.34,sam2,1.0,749.192,13.378
4117,falling,1,,,,,null,,,
4118,falling,1,,,,,null,,,
4119,falling,1,,,,,null,,,
4120,falling,1,699,238,28411,107.61,sam2,0.0,0.0,0.0
4121,falling,1,,,,,null,,,
4122,falling,1,,,,,null,,,
4123,falling,1,,,,,null,,,
4124,falling,1,700,239,28797,109.08,sam2,1.414,1059.517,18.92
4125,falling,1,,,,,null,,,
4126,falling,1,,,,,null,,,
4127,falling,1,,,,,null,,,
4128,falling,1,700,238,28417,107.64,sam2,1.0,749.192,13.378
4129,falling,1,,,,,null,,,
4130,falling,1,,,,,null,,,
4131,falling,1,,,,,null,,,
4132,falling,1,700,239,28625,108.42,sam2,1.0,749.192,13.378
4133,falling,1,,,,,null,,,
4134,falling,1,,,,,null,,,
4135,falling,1,,,,,null,,,
4136,falling,1,700,238,28325,107.29,sam2,1.0,749.192,13.378
4137,falling,1,,,,,null,,,
4138,falling,1,,,,,null,,,
4139,falling,1,,,,,null,,,
4140,falling,1,700,239,28460,107.8,sam2,1.0,749.192,13.378
4141,falling,1,,,,,null,,,
4142,falling,1,,,,,null,,,
4143,falling,1,,,,,null,,,
4144,falling,1,700,239,28583,108.26,sam2,0.0,0.0,0.0
4145,falling,1,,,,,null,,,
4146,falling,1,,,,,null,,,
4147,falling,1,,,,,null,,,
4148,falling,1,699,239,28394,107.55,sam2,1.0,749.192,13.378
4149,falling,1,,,,,null,,,
4150,falling,1,,,,,null,,,
4151,falling,1,,,,,null,,,
4152,falling,1,700,239,28639,108.48,sam2,1.0,749.192,13.378
4153,falling,1,,,,,null,,,
4154,falling,1,,,,,null,,,
4155,falling,1,,,,,null,,,
4156,falling,1,699,240,29131,110.34,sam2,1.414,1059.517,18.92
4157,falling,1,,,,,null,,,
4158,falling,1,,,,,null,,,
4159,falling,1,,,,,null,,,
4160,falling,1,699,239,28582,108.26,sam2,1.0,749.192,13.378
4161,falling,1,,,,,null,,,
4162,falling,1,,,,,null,,,
4163,falling,1,,,,,null,,,
4164,falling,1,699,239,28770,108.97,sam2,0.0,0.0,0.0
4165,falling,1,,,,,null,,,
4166,falling,1,,,,,null,,,
4167,falling,1,,,,,null,,,
4168,falling,1,699,239,28732,108.83,sam2,0.0,0.0,0.0
4169,falling,1,,,,,null,,,
4170,falling,1,,,,,null,,,
4171,falling,1,,,,,null,,,
4172,falling,1,698,239,28816,109.15,sam2,1.0,749.192,13.378
4173,falling,1,,,,,null,,,
4174,falling,1,,,,,null,,,
4175,falling,1,,,,,null,,,
4176,falling,1,699,238,28439,107.72,sam2,1.414,1059.517,18.92
4177,falling,1,,,,,null,,,
4178,falling,1,,,,,null,,,
4179,falling,1,,,,,null,,,
4180,falling,1,698,239,28788,109.04,sam2,1.414,1059.517,18.92
4181,falling,1,,,,,null,,,
4182,falling,1,,,,,null,,,
4183,falling,1,,,,,null,,,
4184,falling,1,698,240,28971,109.73,sam2,1.0,749.192,13.378
4185,falling,1,,,,,null,,,
4186,falling,1,,,,,null,,,
4187,falling,1,,,,,null,,,
4188,falling,1,698,239,28619,108.4,sam2,1.0,749.192,13.378
4189,falling,1,,,,,null,,,
4190,falling,1,,,,,null,,,
4191,falling,1,,,,,null,,,
4192,falling,1,698,240,28953,109.67,sam2,1.0,749.192,13.378
4193,falling,1,,,,,null,,,
4194,falling,1,,,,,null,,,
4195,falling,1,,,,,null,,,
4196,falling,1,698,239,28336,107.33,sam2,1.0,749.192,13.378
4197,falling,1,,,,,null,,,
4198,falling,1,,,,,null,,,
4199,falling,1,,,,,null,,,
4200,falling,1,698,239,28607,108.36,sam2,0.0,0.0,0.0
4201,falling,1,,,,,null,,,
4202,falling,1,,,,,null,,,
4203,falling,1,,,,,null,,,
4204,falling,1,698,239,28792,109.06,sam2,0.0,0.0,0.0
4205,falling,1,,,,,null,,,
4206,falling,1,,,,,null,,,
4207,falling,1,,,,,null,,,
4208,falling,1,699,240,28919,109.54,sam2,1.414,1059.517,18.92
4209,falling,1,,,,,null,,,
4210,falling,1,,,,,null,,,
4211,falling,1,,,,,null,,,
4212,falling,1,699,238,28463,107.81,sam2,2.0,1498.383,26.757
4213,falling,1,,,,,null,,,
4214,falling,1,,,,,null,,,
4215,falling,1,,,,,null,,,
4216,falling,1,699,239,28809,109.12,sam2,1.0,749.192,13.378
4217,falling,1,,,,,null,,,
4218,falling,1,,,,,null,,,
4219,falling,1,,,,,null,,,
4220,falling,1,699,239,28620,108.4,sam2,0.0,0.0,0.0
4221,falling,1,,,,,null,,,
4222,falling,1,,,,,null,,,
4223,falling,1,,,,,null,,,
4224,falling,1,699,239,28734,108.84,sam2,0.0,0.0,0.0
4225,falling,1,,,,,null,,,
4226,falling,1,,,,,null,,,
4227,falling,1,,,,,null,,,
4228,falling,1,700,239,28851,109.28,sam2,1.0,749.192,13.378
4229,falling,1,,,,,null,,,
4230,falling,1,,,,,null,,,
4231,falling,1,,,,,null,,,
4232,falling,1,700,239,28779,109.01,sam2,0.0,0.0,0.0
4233,falling,1,,,,,null,,,
4234,falling,1,,,,,null,,,
4235,falling,1,,,,,null,,,
4236,falling,1,700,238,28448,107.75,sam2,1.0,749.192,13.378
4237,falling,1,,,,,null,,,
4238,falling,1,,,,,null,,,
4239,falling,1,,,,,null,,,
4240,falling,1,700,239,28683,108.64,sam2,1.0,749.192,13.378
4241,falling,1,,,,,null,,,
4242,falling,1,,,,,null,,,
4243,falling,1,,,,,null,,,
4244,falling,1,700,239,28743,108.87,sam2,0.0,0.0,0.0
4245,falling,1,,,,,null,,,
4246,falling,1,,,,,null,,,
4247,falling,1,,,,,null,,,
4248,falling,1,700,239,28741,108.86,sam2,0.0,0.0,0.0
4249,falling,1,,,,,null,,,
4250,falling,1,,,,,null,,,
4251,falling,1,,,,,null,,,
4252,falling,1,700,238,28331,107.31,sam2,1.0,749.192,13.378
4253,falling,1,,,,,null,,,
4254,falling,1,,,,,null,,,
4255,falling,1,,,,,null,,,
4256,falling,1,700,239,28808,109.12,sam2,1.0,749.192,13.378
4257,falling,1,,,,,null,,,
4258,falling,1,,,,,null,,,
4259,falling,1,,,,,null,,,
4260,falling,1,700,239,28679,108.63,sam2,0.0,0.0,0.0
4261,falling,1,,,,,null,,,
4262,falling,1,,,,,null,,,
4263,falling,1,,,,,null,,,
4264,falling,1,700,240,29112,110.27,sam2,1.0,749.192,13.378
4265,falling,1,,,,,null,,,
4266,falling,1,,,,,null,,,
4267,falling,1,,,,,null,,,
4268,falling,1,700,239,28884,109.4,sam2,1.0,749.192,13.378
4269,falling,1,,,,,null,,,
4270,falling,1,,,,,null,,,
4271,falling,1,,,,,null,,,
4272,falling,1,700,239,28873,109.36,sam2,0.0,0.0,0.0
4273,falling,1,,,,,null,,,
4274,falling,1,,,,,null,,,
4275,falling,1,,,,,null,,,
4276,falling,1,700,239,29121,110.3,sam2,0.0,0.0,0.0
4277,falling,1,,,,,null,,,
4278,falling,1,,,,,null,,,
4279,falling,1,,,,,null,,,
4280,falling,1,699,239,28805,109.11,sam2,1.0,749.192,13.378
4281,falling,1,,,,,null,,,
4282,falling,1,,,,,null,,,
4283,falling,1,,,,,null,,,
4284,falling,1,699,238,28413,107.62,sam2,1.0,749.192,13.378
4285,falling,1,,,,,null,,,
4286,falling,1,,,,,null,,,
4287,falling,1,,,,,null,,,
4288,falling,1,699,239,28665,108.58,sam2,1.0,749.192,13.378
4289,falling,1,,,,,null,,,
4290,falling,1,,,,,null,,,
4291,falling,1,,,,,null,,,
4292,falling,1,699,239,28906,109.49,sam2,0.0,0.0,0.0
4293,falling,1,,,,,null,,,
4294,falling,1,,,,,null,,,
4295,falling,1,,,,,null,,,
4296,falling,1,699,239,28962,109.7,sam2,0.0,0.0,0.0
4297,falling,1,,,,,null,,,
4298,falling,1,,,,,null,,,
4299,falling,1,,,,,null,,,
4300,falling,1,699,239,28880,109.39,sam2,0.0,0.0,0.0
4301,falling,1,,,,,null,,,
4302,falling,1,,,,,null,,,
4303,falling,1,,,,,null,,,
4304,falling,1,699,239,28865,109.33,sam2,0.0,0.0,0.0
4305,falling,1,,,,,null,,,
4306,falling,1,,,,,null,,,
4307,falling,1,,,,,null,,,
4308,falling,1,699,239,28404,107.59,sam2,0.0,0.0,0.0
4309,falling,1,,,,,null,,,
4310,falling,1,,,,,null,,,
4311,falling,1,,,,,null,,,
4312,falling,1,699,239,28757,108.92,sam2,0.0,0.0,0.0
4313,falling,1,,,,,null,,,
4314,falling,1,,,,,null,,,
4315,falling,1,,,,,null,,,
4316,falling,1,699,239,28660,108.56,sam2,0.0,0.0,0.0
4317,falling,1,,,,,null,,,
4318,falling,1,,,,,null,,,
4319,falling,1,,,,,null,,,
4320,falling,1,699,239,28791,109.05,sam2,0.0,0.0,0.0
4321,falling,1,,,,,null,,,
4322,falling,1,,,,,null,,,
4323,falling,1,,,,,null,,,
4324,falling,1,699,239,28700,108.71,sam2,0.0,0.0,0.0
4325,falling,1,,,,,null,,,
4326,falling,1,,,,,null,,,
4327,falling,1,,,,,null,,,
4328,falling,1,699,239,28681,108.64,sam2,0.0,0.0,0.0
4329,falling,1,,,,,null,,,
4330,falling,1,,,,,null,,,
4331,falling,1,,,,,null,,,
4332,falling,1,699,239,28769,108.97,sam2,0.0,0.0,0.0
4333,falling,1,,,,,null,,,
4334,falling,1,,,,,null,,,
4335,falling,1,,,,,null,,,
4336,falling,1,699,239,28826,109.19,sam2,0.0,0.0,0.0
4337,falling,1,,,,,null,,,
4338,falling,1,,,,,null,,,
4339,falling,1,,,,,null,,,
4340,falling,1,700,240,29284,110.92,sam2,1.414,1059.517,18.92
4341,falling,1,,,,,null,,,
4342,falling,1,,,,,null,,,
4343,falling,1,,,,,null,,,
4344,falling,1,699,239,28725,108.8,sam2,1.414,1059.517,18.92
4345,falling,1,,,,,null,,,
4346,falling,1,,,,,null,,,
4347,falling,1,,,,,null,,,
4348,falling,1,700,239,28981,109.77,sam2,1.0,749.192,13.378
4349,falling,1,,,,,null,,,
4350,falling,1,,,,,null,,,
4351,falling,1,,,,,null,,,
4352,falling,1,699,238,28195,106.8,sam2,1.414,1059.517,18.92
4353,falling,1,,,,,null,,,
4354,falling,1,,,,,null,,,
4355,falling,1,,,,,null,,,
4356,falling,1,700,239,28738,108.85,sam2,1.414,1059.517,18.92
4357,falling,1,,,,,null,,,
4358,falling,1,,,,,null,,,
4359,falling,1,,,,,null,,,
4360,falling,1,700,239,28725,108.8,sam2,0.0,0.0,0.0
4361,falling,1,,,,,null,,,
4362,falling,1,,,,,null,,,
4363,falling,1,,,,,null,,,
4364,falling,1,700,239,28796,109.07,sam2,0.0,0.0,0.0
4365,falling,1,,,,,null,,,
4366,falling,1,,,,,null,,,
4367,falling,1,,,,,null,,,
4368,falling,1,700,240,28915,109.52,sam2,1.0,749.192,13.378
4369,falling,1,,,,,null,,,
4370,falling,1,,,,,null,,,
4371,falling,1,,,,,null,,,
4372,falling,1,700,240,28998,109.84,sam2,0.0,0.0,0.0
4373,falling,1,,,,,null,,,
4374,falling,1,,,,,null,,,
4375,falling,1,,,,,null,,,
4376,falling,1,700,239,28830,109.2,sam2,1.0,749.192,13.378
4377,falling,1,,,,,null,,,
4378,falling,1,,,,,null,,,
4379,falling,1,,,,,null,,,
4380,falling,1,700,239,28781,109.01,sam2,0.0,0.0,0.0
4381,falling,1,,,,,null,,,
4382,falling,1,,,,,null,,,
4383,falling,1,,,,,null,,,
4384,falling,1,700,239,28989,109.8,sam2,0.0,0.0,0.0
4385,falling,1,,,,,null,,,
4386,falling,1,,,,,null,,,
4387,falling,1,,,,,null,,,
4388,falling,1,700,239,28908,109.5,sam2,0.0,0.0,0.0
4389,falling,1,,,,,null,,,
4390,falling,1,,,,,null,,,
4391,falling,1,,,,,null,,,
4392,falling,1,700,239,28929,109.58,sam2,0.0,0.0,0.0
4393,falling,1,,,,,null,,,
4394,falling,1,,,,,null,,,
4395,falling,1,,,,,null,,,
4396,falling,1,700,239,28976,109.75,sam2,0.0,0.0,0.0
4397,falling,1,,,,,null,,,
4398,falling,1,,,,,null,,,
4399,falling,1,,,,,null,,,
4400,falling,1,700,238,28428,107.68,sam2,1.0,749.192,13.378
4401,falling,1,,,,,null,,,
4402,falling,1,,,,,null,,,
4403,falling,1,,,,,null,,,
4404,falling,1,700,239,28688,108.66,sam2,1.0,749.192,13.378
4405,falling,1,,,,,null,,,
4406,falling,1,,,,,null,,,
4407,falling,1,,,,,null,,,
4408,falling,1,700,239,28779,109.01,sam2,0.0,0.0,0.0
4409,falling,1,,,,,null,,,
4410,falling,1,,,,,null,,,
4411,falling,1,,,,,null,,,
4412,falling,1,699,239,28653,108.53,sam2,1.0,749.192,13.378
4413,falling,1,,,,,null,,,
4414,falling,1,,,,,null,,,
4415,falling,1,,,,,null,,,
4416,falling,1,699,240,29037,109.98,sam2,1.0,749.192,13.378
4417,falling,1,,,,,null,,,
4418,falling,1,,,,,null,,,
4419,falling,1,,,,,null,,,
4420,falling,1,699,239,28678,108.62,sam2,1.0,749.192,13.378
4421,falling,1,,,,,null,,,
4422,falling,1,,,,,null,,,
4423,falling,1,,,,,null,,,
4424,falling,1,699,239,28593,108.3,sam2,0.0,0.0,0.0
4425,falling,1,,,,,null,,,
4426,falling,1,,,,,null,,,
4427,falling,1,,,,,null,,,
4428,falling,1,699,239,28448,107.75,sam2,0.0,0.0,0.0
4429,falling,1,,,,,null,,,
4430,falling,1,,,,,null,,,
4431,falling,1,,,,,null,,,
4432,falling,1,699,239,28606,108.35,sam2,0.0,0.0,0.0
4433,falling,1,,,,,null,,,
4434,falling,1,,,,,null,,,
4435,falling,1,,,,,null,,,
4436,falling,1,699,239,28918,109.53,sam2,0.0,0.0,0.0
4437,falling,1,,,,,null,,,
4438,falling,1,,,,,null,,,
4439,falling,1,,,,,null,,,
4440,falling,1,699,239,28709,108.74,sam2,0.0,0.0,0.0
4441,falling,1,,,,,null,,,
4442,falling,1,,,,,null,,,
4443,falling,1,,,,,null,,,
4444,falling,1,699,239,28874,109.37,sam2,0.0,0.0,0.0
4445,falling,1,,,,,null,,,
4446,falling,1,,,,,null,,,
4447,falling,1,,,,,null,,,
4448,falling,1,699,239,28670,108.59,sam2,0.0,0.0,0.0
4449,falling,1,,,,,null,,,
4450,falling,1,,,,,null,,,
4451,falling,1,,,,,null,,,
4452,falling,1,700,239,28922,109.55,sam2,1.0,749.192,13.378
4453,falling,1,,,,,null,,,
4454,falling,1,,,,,null,,,
4455,falling,1,,,,,null,,,
4456,falling,1,699,239,28655,108.54,sam2,1.0,749.192,13.378
4457,falling,1,,,,,null,,,
4458,falling,1,,,,,null,,,
4459,falling,1,,,,,null,,,
4460,falling,1,700,240,29067,110.1,sam2,1.414,1059.517,18.92
4461,falling,1,,,,,null,,,
4462,falling,1,,,,,null,,,
4463,falling,1,,,,,null,,,
4464,falling,1,699,238,28489,107.91,sam2,2.236,1675.243,29.915
4465,falling,1,,,,,null,,,
4466,falling,1,,,,,null,,,
4467,falling,1,,,,,null,,,
4468,falling,1,700,239,28882,109.4,sam2,1.414,1059.517,18.92
4469,falling,1,,,,,null,,,
4470,falling,1,,,,,null,,,
4471,falling,1,,,,,null,,,
4472,falling,1,700,239,28834,109.22,sam2,0.0,0.0,0.0
4473,falling,1,,,,,null,,,
4474,falling,1,,,,,null,,,
4475,falling,1,,,,,null,,,
4476,falling,1,700,240,29052,110.04,sam2,1.0,749.192,13.378
4477,falling,1,,,,,null,,,
4478,falling,1,,,,,null,,,
4479,falling,1,,,,,null,,,
4480,falling,1,700,239,28781,109.01,sam2,1.0,749.192,13.378
4481,falling,1,,,,,null,,,
4482,falling,1,,,,,null,,,
4483,falling,1,,,,,null,,,
4484,falling,1,700,240,28975,109.75,sam2,1.0,749.192,13.378
4485,falling,1,,,,,null,,,
4486,falling,1,,,,,null,,,
4487,falling,1,,,,,null,,,
4488,falling,1,700,240,29144,110.39,sam2,0.0,0.0,0.0
4489,falling,1,,,,,null,,,
4490,falling,1,,,,,null,,,
4491,falling,1,,,,,null,,,
4492,falling,1,700,240,29120,110.3,sam2,0.0,0.0,0.0
4493,falling,1,,,,,null,,,
4494,falling,1,,,,,null,,,
4495,falling,1,,,,,null,,,
4496,falling,1,700,240,29009,109.88,sam2,0.0,0.0,0.0
4497,falling,1,,,,,null,,,
4498,falling,1,,,,,null,,,
4499,falling,1,,,,,null,,,
4500,falling,1,700,239,28623,108.42,sam2,1.0,749.192,13.378
4501,falling,1,,,,,null,,,
4502,falling,1,,,,,null,,,
4503,falling,1,,,,,null,,,
4504,falling,1,700,239,28636,108.47,sam2,0.0,0.0,0.0
4505,falling,1,,,,,null,,,
4506,falling,1,,,,,null,,,
4507,falling,1,,,,,null,,,
4508,falling,1,700,239,28914,109.52,sam2,0.0,0.0,0.0
4509,falling,1,,,,,null,,,
4510,falling,1,,,,,null,,,
4511,falling,1,,,,,null,,,
4512,falling,1,700,239,28896,109.45,sam2,0.0,0.0,0.0
4513,falling,1,,,,,null,,,
4514,falling,1,,,,,null,,,
4515,falling,1,,,,,null,,,
4516,falling,1,700,239,28932,109.59,sam2,0.0,0.0,0.0
4517,falling,1,,,,,null,,,
4518,falling,1,,,,,null,,,
4519,falling,1,,,,,null,,,
4520,falling,1,700,239,28816,109.15,sam2,0.0,0.0,0.0
4521,falling,1,,,,,null,,,
4522,falling,1,,,,,null,,,
4523,falling,1,,,,,null,,,
4524,falling,1,700,239,28773,108.98,sam2,0.0,0.0,0.0
4525,falling,1,,,,,null,,,
4526,falling,1,,,,,null,,,
4527,falling,1,,,,,null,,,
4528,falling,1,700,239,28513,108.0,sam2,0.0,0.0,0.0
4529,falling,1,,,,,null,,,
4530,falling,1,,,,,null,,,
4531,falling,1,,,,,null,,,
4532,falling,1,700,239,28464,107.81,sam2,0.0,0.0,0.0
4533,falling,1,,,,,null,,,
4534,falling,1,,,,,null,,,
4535,falling,1,,,,,null,,,
4536,falling,1,700,240,28898,109.46,sam2,1.0,749.192,13.378
4537,falling,1,,,,,null,,,
4538,falling,1,,,,,null,,,
4539,falling,1,,,,,null,,,
4540,falling,1,700,240,28966,109.72,sam2,0.0,0.0,0.0
4541,falling,1,,,,,null,,,
4542,falling,1,,,,,null,,,
4543,falling,1,,,,,null,,,
4544,falling,1,699,239,28538,108.09,sam2,1.414,1059.517,18.92
4545,falling,1,,,,,null,,,
4546,falling,1,,,,,null,,,
4547,falling,1,,,,,null,,,
4548,falling,1,699,239,28716,108.77,sam2,0.0,0.0,0.0
4549,falling,1,,,,,null,,,
4550,falling,1,,,,,null,,,
4551,falling,1,,,,,null,,,
4552,falling,1,699,240,28891,109.43,sam2,1.0,749.192,13.378
4553,falling,1,,,,,null,,,
4554,falling,1,,,,,null,,,
4555,falling,1,,,,,null,,,
4556,falling,1,699,239,28802,109.09,sam2,1.0,749.192,13.378
4557,falling,1,,,,,null,,,
4558,falling,1,,,,,null,,,
4559,falling,1,,,,,null,,,
4560,falling,1,699,239,28536,108.09,sam2,0.0,0.0,0.0
4561,falling,1,,,,,null,,,
4562,falling,1,,,,,null,,,
4563,falling,1,,,,,null,,,
4564,falling,1,699,239,28689,108.67,sam2,0.0,0.0,0.0
4565,falling,1,,,,,null,,,
4566,falling,1,,,,,null,,,
4567,falling,1,,,,,null,,,
4568,falling,1,699,239,28732,108.83,sam2,0.0,0.0,0.0
4569,falling,1,,,,,null,,,
4570,falling,1,,,,,null,,,
4571,falling,1,,,,,null,,,
4572,falling,1,699,239,28703,108.72,sam2,0.0,0.0,0.0
4573,falling,1,,,,,null,,,
4574,falling,1,,,,,null,,,
4575,falling,1,,,,,null,,,
4576,falling,1,699,239,28683,108.64,sam2,0.0,0.0,0.0
4577,falling,1,,,,,null,,,
4578,falling,1,,,,,null,,,
4579,falling,1,,,,,null,,,
4580,falling,1,700,239,28774,108.99,sam2,1.0,749.192,13.378
4581,falling,1,,,,,null,,,
4582,falling,1,,,,,null,,,
4583,falling,1,,,,,null,,,
4584,falling,1,699,239,28530,108.06,sam2,1.0,749.192,13.378
4585,falling,1,,,,,null,,,
4586,falling,1,,,,,null,,,
4587,falling,1,,,,,null,,,
4588,falling,1,699,239,28895,109.45,sam2,0.0,0.0,0.0
4589,falling,1,,,,,null,,,
4590,falling,1,,,,,null,,,
4591,falling,1,,,,,null,,,
4592,falling,1,700,240,28920,109.54,sam2,1.414,1059.517,18.92
4593,falling,1,,,,,null,,,
4594,falling,1,,,,,null,,,
4595,falling,1,,,,,null,,,
4596,falling,1,700,240,28907,109.49,sam2,0.0,0.0,0.0
4597,falling,1,,,,,null,,,
4598,falling,1,,,,,null,,,
4599,falling,1,,,,,null,,,
4600,falling,1,699,239,28796,109.07,sam2,1.414,1059.517,18.92
4601,falling,1,,,,,null,,,
4602,falling,1,,,,,null,,,
4603,falling,1,,,,,null,,,
4604,falling,1,700,240,29024,109.94,sam2,1.414,1059.517,18.92
4605,falling,1,,,,,null,,,
4606,falling,1,,,,,null,,,
4607,falling,1,,,,,null,,,
4608,falling,1,700,239,28707,108.73,sam2,1.0,749.192,13.378
4609,falling,1,,,,,null,,,
4610,falling,1,,,,,null,,,
4611,falling,1,,,,,null,,,
4612,falling,1,700,239,28799,109.08,sam2,0.0,0.0,0.0
4613,falling,1,,,,,null,,,
4614,falling,1,,,,,null,,,
4615,falling,1,,,,,null,,,
4616,falling,1,699,239,28596,108.31,sam2,1.0,749.192,13.378
4617,falling,1,,,,,null,,,
4618,falling,1,,,,,null,,,
4619,falling,1,,,,,null,,,
4620,falling,1,699,239,28804,109.1,sam2,0.0,0.0,0.0
4621,falling,1,,,,,null,,,
4622,falling,1,,,,,null,,,
4623,falling,1,,,,,null,,,
4624,falling,1,699,239,28869,109.35,sam2,0.0,0.0,0.0
4625,falling,1,,,,,null,,,
4626,falling,1,,,,,null,,,
4627,falling,1,,,,,null,,,
4628,falling,1,700,240,29115,110.28,sam2,1.414,1059.517,18.92
4629,falling,1,,,,,null,,,
4630,falling,1,,,,,null,,,
4631,falling,1,,,,,null,,,
4632,falling,1,699,239,28779,109.01,sam2,1.414,1059.517,18.92
4633,falling,1,,,,,null,,,
4634,falling,1,,,,,null,,,
4635,falling,1,,,,,null,,,
4636,falling,1,700,240,29033,109.97,sam2,1.414,1059.517,18.92
4637,falling,1,,,,,null,,,
4638,falling,1,,,,,null,,,
4639,falling,1,,,,,null,,,
4640,falling,1,700,239,28820,109.16,sam2,1.0,749.192,13.378
4641,falling,1,,,,,null,,,
4642,falling,1,,,,,null,,,
4643,falling,1,,,,,null,,,
4644,falling,1,699,239,28712,108.75,sam2,1.0,749.192,13.378
4645,falling,1,,,,,null,,,
4646,falling,1,,,,,null,,,
4647,falling,1,,,,,null,,,
4648,falling,1,699,239,28537,108.09,sam2,0.0,0.0,0.0
4649,falling,1,,,,,null,,,
4650,falling,1,,,,,null,,,
4651,falling,1,,,,,null,,,
4652,falling,1,699,239,28609,108.36,sam2,0.0,0.0,0.0
4653,falling,1,,,,,null,,,
4654,falling,1,,,,,null,,,
4655,falling,1,,,,,null,,,
4656,falling,1,699,239,28846,109.26,sam2,0.0,0.0,0.0
4657,falling,1,,,,,null,,,
4658,falling,1,,,,,null,,,
4659,falling,1,,,,,null,,,
4660,falling,1,700,240,28903,109.48,sam2,1.414,1059.517,18.92
4661,falling,1,,,,,null,,,
4662,falling,1,,,,,null,,,
4663,falling,1,,,,,null,,,
4664,falling,1,700,239,28801,109.09,sam2,1.0,749.192,13.378
4665,falling,1,,,,,null,,,
4666,falling,1,,,,,null,,,
4667,falling,1,,,,,null,,,
4668,falling,1,700,239,28868,109.34,sam2,0.0,0.0,0.0
4669,falling,1,,,,,null,,,
4670,falling,1,,,,,null,,,
4671,falling,1,,,,,null,,,
4672,falling,1,700,239,28786,109.03,sam2,0.0,0.0,0.0
4673,falling,1,,,,,null,,,
4674,falling,1,,,,,null,,,
4675,falling,1,,,,,null,,,
4676,falling,1,699,239,28616,108.39,sam2,1.0,749.192,13.378
4677,falling,1,,,,,null,,,
4678,falling,1,,,,,null,,,
4679,falling,1,,,,,null,,,
4680,falling,1,700,240,29003,109.86,sam2,1.414,1059.517,18.92
4681,falling,1,,,,,null,,,
4682,falling,1,,,,,null,,,
4683,falling,1,,,,,null,,,
4684,falling,1,700,239,28784,109.03,sam2,1.0,749.192,13.378
4685,falling,1,,,,,null,,,
4686,falling,1,,,,,null,,,
4687,falling,1,,,,,null,,,
4688,falling,1,700,240,29024,109.94,sam2,1.0,749.192,13.378
4689,falling,1,,,,,null,,,
4690,falling,1,,,,,null,,,
4691,falling,1,,,,,null,,,
4692,falling,1,700,239,28966,109.72,sam2,1.0,749.192,13.378
4693,falling,1,,,,,null,,,
4694,falling,1,,,,,null,,,
4695,falling,1,,,,,null,,,
4696,falling,1,700,239,28901,109.47,sam2,0.0,0.0,0.0
4697,falling,1,,,,,null,,,
4698,falling,1,,,,,null,,,
4699,falling,1,,,,,null,,,
4700,falling,1,700,239,28720,108.78,sam2,0.0,0.0,0.0
4701,falling,1,,,,,null,,,
4702,falling,1,,,,,null,,,
4703,falling,1,,,,,null,,,
4704,falling,1,700,239,28691,108.67,sam2,0.0,0.0,0.0
4705,falling,1,,,,,null,,,
4706,falling,1,,,,,null,,,
4707,falling,1,,,,,null,,,
4708,falling,1,700,239,28882,109.4,sam2,0.0,0.0,0.0
4709,falling,1,,,,,null,,,
4710,falling,1,,,,,null,,,
4711,falling,1,,,,,null,,,
4712,falling,1,700,239,28688,108.66,sam2,0.0,0.0,0.0
4713,falling,1,,,,,null,,,
4714,falling,1,,,,,null,,,
4715,falling,1,,,,,null,,,
4716,falling,1,700,239,28780,109.01,sam2,0.0,0.0,0.0
4717,falling,1,,,,,null,,,
4718,falling,1,,,,,null,,,
4719,falling,1,,,,,null,,,
4720,falling,1,699,240,28907,109.49,sam2,1.414,1059.517,18.92
4721,falling,1,,,,,null,,,
4722,falling,1,,,,,null,,,
4723,falling,1,,,,,null,,,
4724,falling,1,699,239,28623,108.42,sam2,1.0,749.192,13.378
4725,falling,1,,,,,null,,,
4726,falling,1,,,,,null,,,
4727,falling,1,,,,,null,,,
4728,falling,1,699,239,28559,108.17,sam2,0.0,0.0,0.0
4729,falling,1,,,,,null,,,
4730,falling,1,,,,,null,,,
4731,falling,1,,,,,null,,,
4732,falling,1,700,240,29128,110.33,sam2,1.414,1059.517,18.92
4733,falling,1,,,,,null,,,
4734,falling,1,,,,,null,,,
4735,falling,1,,,,,null,,,
4736,falling,1,700,239,28942,109.62,sam2,1.0,749.192,13.378
4737,falling,1,,,,,null,,,
4738,falling,1,,,,,null,,,
4739,falling,1,,,,,null,,,
4740,falling,1,700,240,29214,110.65,sam2,1.0,749.192,13.378
4741,falling,1,,,,,null,,,
4742,falling,1,,,,,null,,,
4743,falling,1,,,,,null,,,
4744,falling,1,699,239,28565,108.2,sam2,1.414,1059.517,18.92
4745,falling,1,,,,,null,,,
4746,falling,1,,,,,null,,,
4747,falling,1,,,,,null,,,
4748,falling,1,699,239,28925,109.56,sam2,0.0,0.0,0.0
4749,falling,1,,,,,null,,,
4750,falling,1,,,,,null,,,
4751,falling,1,,,,,null,,,
4752,falling,1,700,239,29001,109.85,sam2,1.0,749.192,13.378
4753,falling,1,,,,,null,,,
4754,falling,1,,,,,null,,,
4755,falling,1,,,,,null,,,
4756,falling,1,700,239,28928,109.57,sam2,0.0,0.0,0.0
4757,falling,1,,,,,null,,,
4758,falling,1,,,,,null,,,
4759,falling,1,,,,,null,,,
4760,falling,1,699,239,28754,108.91,sam2,1.0,749.192,13.378
4761,falling,1,,,,,null,,,
4762,falling,1,,,,,null,,,
4763,falling,1,,,,,null,,,
4764,falling,1,699,239,28651,108.52,sam2,0.0,0.0,0.0
4765,falling,1,,,,,null,,,
4766,falling,1,,,,,null,,,
4767,falling,1,,,,,null,,,
4768,falling,1,700,240,29076,110.13,sam2,1.414,1059.517,18.92
4769,falling,1,,,,,null,,,
4770,falling,1,,,,,null,,,
4771,falling,1,,,,,null,,,
4772,falling,1,700,240,28989,109.8,sam2,0.0,0.0,0.0
4773,falling,1,,,,,null,,,
4774,falling,1,,,,,null,,,
4775,falling,1,,,,,null,,,
4776,falling,1,699,239,28672,108.6,sam2,1.414,1059.517,18.92
4777,falling,1,,,,,null,,,
4778,falling,1,,,,,null,,,
4779,falling,1,,,,,null,,,
4780,falling,1,700,239,28807,109.11,sam2,1.0,749.192,13.378
4781,falling,1,,,,,null,,,
4782,falling,1,,,,,null,,,
4783,falling,1,,,,,null,,,
4784,falling,1,700,239,28827,109.19,sam2,0.0,0.0,0.0
4785,falling,1,,,,,null,,,
4786,falling,1,,,,,null,,,
4787,falling,1,,,,,null,,,
4788,falling,1,700,239,28936,109.6,sam2,0.0,0.0,0.0
4789,falling,1,,,,,null,,,
4790,falling,1,,,,,null,,,
4791,falling,1,,,,,null,,,
4792,falling,1,700,239,28838,109.23,sam2,0.0,0.0,0.0
4793,falling,1,,,,,null,,,
4794,falling,1,,,,,null,,,
4795,falling,1,,,,,null,,,
4796,falling,1,700,239,28814,109.14,sam2,0.0,0.0,0.0
4797,falling,1,,,,,null,,,
4798,falling,1,,,,,null,,,
4799,falling,1,,,,,null,,,
4800,falling,1,700,238,28604,108.34,sam2,1.0,749.192,13.378
4801,falling,1,,,,,null,,,
4802,falling,1,,,,,null,,,
4803,falling,1,,,,,null,,,
4804,falling,1,700,239,28916,109.53,sam2,1.0,749.192,13.378
4805,falling,1,,,,,null,,,
4806,falling,1,,,,,null,,,
4807,falling,1,,,,,null,,,
4808,falling,1,700,239,28965,109.71,sam2,0.0,0.0,0.0
4809,falling,1,,,,,null,,,
4810,falling,1,,,,,null,,,
4811,falling,1,,,,,null,,,
4812,falling,1,700,239,28672,108.6,sam2,0.0,0.0,0.0
4813,falling,1,,,,,null,,,
4814,falling,1,,,,,null,,,
4815,falling,1,,,,,null,,,
4816,falling,1,700,239,28737,108.85,sam2,0.0,0.0,0.0
4817,falling,1,,,,,null,,,
4818,falling,1,,,,,null,,,
4819,falling,1,,,,,null,,,
4820,falling,1,700,239,28719,108.78,sam2,0.0,0.0,0.0
4821,falling,1,,,,,null,,,
4822,falling,1,,,,,null,,,
4823,falling,1,,,,,null,,,
4824,falling,1,699,239,28523,108.04,sam2,1.0,749.192,13.378
4825,falling,1,,,,,null,,,
4826,falling,1,,,,,null,,,
4827,falling,1,,,,,null,,,
4828,falling,1,700,239,28773,108.98,sam2,1.0,749.192,13.378
4829,falling,1,,,,,null,,,
4830,falling,1,,,,,null,,,
4831,falling,1,,,,,null,,,
4832,falling,1,700,240,28890,109.43,sam2,1.0,749.192,13.378
4833,falling,1,,,,,null,,,
4834,falling,1,,,,,null,,,
4835,falling,1,,,,,null,,,
4836,falling,1,700,240,29270,110.87,sam2,0.0,0.0,0.0
4837,falling,1,,,,,null,,,
4838,falling,1,,,,,null,,,
4839,falling,1,,,,,null,,,
4840,falling,1,699,239,28916,109.53,sam2,1.414,1059.517,18.92
4841,falling,1,,,,,null,,,
4842,falling,1,,,,,null,,,
4843,falling,1,,,,,null,,,
4844,falling,1,700,239,28919,109.54,sam2,1.0,749.192,13.378
4845,falling,1,,,,,null,,,
4846,falling,1,,,,,null,,,
4847,falling,1,,,,,null,,,
4848,falling,1,699,239,28919,109.54,sam2,1.0,749.192,13.378
4849,falling,1,,,,,null,,,
4850,falling,1,,,,,null,,,
4851,falling,1,,,,,null,,,
4852,falling,1,699,239,28987,109.8,sam2,0.0,0.0,0.0
4853,falling,1,,,,,null,,,
4854,falling,1,,,,,null,,,
4855,falling,1,,,,,null,,,
4856,falling,1,700,239,29051,110.04,sam2,1.0,749.192,13.378
4857,falling,1,,,,,null,,,
4858,falling,1,,,,,null,,,
4859,falling,1,,,,,null,,,
4860,falling,1,699,238,28499,107.95,sam2,1.414,1059.517,18.92
4861,falling,1,,,,,null,,,
4862,falling,1,,,,,null,,,
4863,falling,1,,,,,null,,,
4864,falling,1,700,239,28865,109.33,sam2,1.414,1059.517,18.92
4865,falling,1,,,,,null,,,
4866,falling,1,,,,,null,,,
4867,falling,1,,,,,null,,,
4868,falling,1,699,239,28766,108.96,sam2,1.0,749.192,13.378
4869,falling,1,,,,,null,,,
4870,falling,1,,,,,null,,,
4871,falling,1,,,,,null,,,
4872,falling,1,700,240,29168,110.48,sam2,1.414,1059.517,18.92
4873,falling,1,,,,,null,,,
4874,falling,1,,,,,null,,,
4875,falling,1,,,,,null,,,
4876,falling,1,699,239,28780,109.01,sam2,1.414,1059.517,18.92
4877,falling,1,,,,,null,,,
4878,falling,1,,,,,null,,,
4879,falling,1,,,,,null,,,
4880,falling,1,699,239,28668,108.59,sam2,0.0,0.0,0.0
4881,falling,1,,,,,null,,,
4882,falling,1,,,,,null,,,
4883,falling,1,,,,,null,,,
4884,falling,1,699,239,28498,107.94,sam2,0.0,0.0,0.0
4885,falling,1,,,,,null,,,
4886,falling,1,,,,,null,,,
4887,falling,1,,,,,null,,,
4888,falling,1,700,240,28903,109.48,sam2,1.414,1059.517,18.92
4889,falling,1,,,,,null,,,
4890,falling,1,,,,,null,,,
4891,falling,1,,,,,null,,,
4892,falling,1,700,240,29047,110.02,sam2,0.0,0.0,0.0
4893,falling,1,,,,,null,,,
4894,falling,1,,,,,null,,,
4895,falling,1,,,,,null,,,
4896,falling,1,700,240,28964,109.71,sam2,0.0,0.0,0.0
4897,falling,1,,,,,null,,,
4898,falling,1,,,,,null,,,
4899,falling,1,,,,,null,,,
4900,falling,1,700,239,28913,109.51,sam2,1.0,749.192,13.378
4901,falling,1,,,,,null,,,
4902,falling,1,,,,,null,,,
4903,falling,1,,,,,null,,,
4904,falling,1,700,239,28658,108.55,sam2,0.0,0.0,0.0
4905,falling,1,,,,,null,,,
4906,falling,1,,,,,null,,,
4907,falling,1,,,,,null,,,
4908,falling,1,700,239,28824,109.18,sam2,0.0,0.0,0.0
4909,falling,1,,,,,null,,,
4910,falling,1,,,,,null,,,
4911,falling,1,,,,,null,,,
4912,falling,1,700,239,28851,109.28,sam2,0.0,0.0,0.0
4913,falling,1,,,,,null,,,
4914,falling,1,,,,,null,,,
4915,falling,1,,,,,null,,,
4916,falling,1,700,240,29083,110.16,sam2,1.0,749.192,13.378
4917,falling,1,,,,,null,,,
4918,falling,1,,,,,null,,,
4919,falling,1,,,,,null,,,
4920,falling,1,700,239,28737,108.85,sam2,1.0,749.192,13.378
4921,falling,1,,,,,null,,,
4922,falling,1,,,,,null,,,
4923,falling,1,,,,,null,,,
4924,falling,1,700,240,28983,109.78,sam2,1.0,749.192,13.378
4925,falling,1,,,,,null,,,
4926,falling,1,,,,,null,,,
4927,falling,1,,,,,null,,,
4928,falling,1,700,240,29010,109.88,sam2,0.0,0.0,0.0
4929,falling,1,,,,,null,,,
4930,falling,1,,,,,null,,,
4931,falling,1,,,,,null,,,
4932,falling,1,700,240,28946,109.64,sam2,0.0,0.0,0.0
4933,falling,1,,,,,null,,,
4934,falling,1,,,,,null,,,
4935,falling,1,,,,,null,,,
4936,falling,1,700,239,28791,109.05,sam2,1.0,749.192,13.378
4937,falling,1,,,,,null,,,
4938,falling,1,,,,,null,,,
4939,falling,1,,,,,null,,,
4940,falling,1,700,239,28496,107.94,sam2,0.0,0.0,0.0
4941,falling,1,,,,,null,,,
4942,falling,1,,,,,null,,,
4943,falling,1,,,,,null,,,
4944,falling,1,700,239,28634,108.46,sam2,0.0,0.0,0.0
4945,falling,1,,,,,null,,,
4946,falling,1,,,,,null,,,
4947,falling,1,,,,,null,,,
4948,falling,1,700,240,29126,110.32,sam2,1.0,749.192,13.378
4949,falling,1,,,,,null,,,
4950,falling,1,,,,,null,,,
4951,falling,1,,,,,null,,,
4952,falling,1,700,239,28775,108.99,sam2,1.0,749.192,13.378
4953,falling,1,,,,,null,,,
4954,falling,1,,,,,null,,,
4955,falling,1,,,,,null,,,
4956,falling,1,700,240,29185,110.55,sam2,1.0,749.192,13.378
4957,falling,1,,,,,null,,,
4958,falling,1,,,,,null,,,
4959,falling,1,,,,,null,,,
4960,falling,1,699,240,28930,109.58,sam2,1.0,749.192,13.378
4961,falling,1,,,,,null,,,
4962,falling,1,,,,,null,,,
4963,falling,1,,,,,null,,,
4964,falling,1,699,240,28940,109.62,sam2,0.0,0.0,0.0
4965,falling,1,,,,,null,,,
4966,falling,1,,,,,null,,,
4967,falling,1,,,,,null,,,
4968,falling,1,699,239,28838,109.23,sam2,1.0,749.192,13.378
4969,falling,1,,,,,null,,,
4970,falling,1,,,,,null,,,
4971,falling,1,,,,,null,,,
4972,falling,1,699,240,28996,109.83,sam2,1.0,749.192,13.378
4973,falling,1,,,,,null,,,
4974,falling,1,,,,,null,,,
4975,falling,1,,,,,null,,,
4976,falling,1,699,239,28871,109.36,sam2,1.0,749.192,13.378
4977,falling,1,,,,,null,,,
4978,falling,1,,,,,null,,,
4979,falling,1,,,,,null,,,
4980,falling,1,699,239,28851,109.28,sam2,0.0,0.0,0.0
4981,falling,1,,,,,null,,,
4982,falling,1,,,,,null,,,
4983,falling,1,,,,,null,,,
4984,falling,1,699,239,28744,108.87,sam2,0.0,0.0,0.0
4985,falling,1,,,,,null,,,
4986,falling,1,,,,,null,,,
4987,falling,1,,,,,null,,,
4988,falling,1,699,239,28812,109.13,sam2,0.0,0.0,0.0
4989,falling,1,,,,,null,,,
4990,falling,1,,,,,null,,,
4991,falling,1,,,,,null,,,
4992,falling,1,699,239,28773,108.98,sam2,0.0,0.0,0.0
4993,falling,1,,,,,null,,,
4994,falling,1,,,,,null,,,
4995,falling,1,,,,,null,,,
4996,falling,1,699,239,28801,109.09,sam2,0.0,0.0,0.0
4997,falling,1,,,,,null,,,
4998,falling,1,,,,,null,,,
4999,falling,1,,,,,null,,,
5000,falling,1,699,239,28798,109.08,sam2,0.0,0.0,0.0
5001,falling,1,,,,,null,,,
5002,falling,1,,,,,null,,,
5003,falling,1,,,,,null,,,
5004,falling,1,699,239,28719,108.78,sam2,0.0,0.0,0.0
5005,falling,1,,,,,null,,,
5006,falling,1,,,,,null,,,
5007,falling,1,,,,,null,,,
5008,falling,1,699,239,28735,108.84,sam2,0.0,0.0,0.0
5009,falling,1,,,,,null,,,
5010,falling,1,,,,,null,,,
5011,falling,1,,,,,null,,,
5012,falling,1,699,239,28668,108.59,sam2,0.0,0.0,0.0
5013,falling,1,,,,,null,,,
5014,falling,1,,,,,null,,,
5015,falling,1,,,,,null,,,
5016,falling,1,699,239,28702,108.72,sam2,0.0,0.0,0.0
5017,falling,1,,,,,null,,,
5018,falling,1,,,,,null,,,
5019,falling,1,,,,,null,,,
5020,falling,1,699,239,28536,108.09,sam2,0.0,0.0,0.0
5021,falling,1,,,,,null,,,
5022,falling,1,,,,,null,,,
5023,falling,1,,,,,null,,,
5024,falling,1,700,239,28601,108.33,sam2,1.0,749.192,13.378
5025,falling,1,,,,,null,,,
5026,falling,1,,,,,null,,,
5027,falling,1,,,,,null,,,
5028,falling,1,700,239,28651,108.52,sam2,0.0,0.0,0.0
5029,falling,1,,,,,null,,,
5030,falling,1,,,,,null,,,
5031,falling,1,,,,,null,,,
5032,falling,1,700,238,28334,107.32,sam2,1.0,749.192,13.378
5033,falling,1,,,,,null,,,
5034,falling,1,,,,,null,,,
5035,falling,1,,,,,null,,,
5036,falling,1,700,239,28688,108.66,sam2,1.0,749.192,13.378
5037,falling,1,,,,,null,,,
5038,falling,1,,,,,null,,,
5039,falling,1,,,,,null,,,
5040,falling,1,700,239,28708,108.74,sam2,0.0,0.0,0.0
5041,falling,1,,,,,null,,,
5042,falling,1,,,,,null,,,
5043,falling,1,,,,,null,,,
5044,falling,1,700,239,28847,109.26,sam2,0.0,0.0,0.0
5045,falling,1,,,,,null,,,
5046,falling,1,,,,,null,,,
5047,falling,1,,,,,null,,,
5048,falling,1,700,239,28677,108.62,sam2,0.0,0.0,0.0
5049,falling,1,,,,,null,,,
5050,falling,1,,,,,null,,,
5051,falling,1,,,,,null,,,
5052,falling,1,700,239,28501,107.95,sam2,0.0,0.0,0.0
5053,falling,1,,,,,null,,,
5054,falling,1,,,,,null,,,
5055,falling,1,,,,,null,,,
5056,falling,1,700,239,28506,107.97,sam2,0.0,0.0,0.0
5057,falling,1,,,,,null,,,
5058,falling,1,,,,,null,,,
5059,falling,1,,,,,null,,,
5060,falling,1,700,239,28599,108.33,sam2,0.0,0.0,0.0
5061,falling,1,,,,,null,,,
5062,falling,1,,,,,null,,,
5063,falling,1,,,,,null,,,
5064,falling,1,700,239,28682,108.64,sam2,0.0,0.0,0.0
5065,falling,1,,,,,null,,,
5066,falling,1,,,,,null,,,
5067,falling,1,,,,,null,,,
5068,falling,1,700,239,28675,108.61,sam2,0.0,0.0,0.0
5069,falling,1,,,,,null,,,
5070,falling,1,,,,,null,,,
5071,falling,1,,,,,null,,,
5072,falling,1,699,239,28498,107.94,sam2,1.0,749.192,13.378
5073,falling,1,,,,,null,,,
5074,falling,1,,,,,null,,,
5075,falling,1,,,,,null,,,
5076,falling,1,699,239,28624,108.42,sam2,0.0,0.0,0.0
5077,falling,1,,,,,null,,,
5078,falling,1,,,,,null,,,
5079,falling,1,,,,,null,,,
5080,falling,1,700,239,28924,109.56,sam2,1.0,749.192,13.378
5081,falling,1,,,,,null,,,
5082,falling,1,,,,,null,,,
5083,falling,1,,,,,null,,,
5084,falling,1,699,238,28459,107.8,sam2,1.414,1059.517,18.92
5085,falling,1,,,,,null,,,
5086,falling,1,,,,,null,,,
5087,falling,1,,,,,null,,,
5088,falling,1,699,239,28924,109.56,sam2,1.0,749.192,13.378
5089,falling,1,,,,,null,,,
5090,falling,1,,,,,null,,,
5091,falling,1,,,,,null,,,
5092,falling,1,699,239,28558,108.17,sam2,0.0,0.0,0.0
5093,falling,1,,,,,null,,,
5094,falling,1,,,,,null,,,
5095,falling,1,,,,,null,,,
5096,falling,1,699,239,28869,109.35,sam2,0.0,0.0,0.0
5097,falling,1,,,,,null,,,
5098,falling,1,,,,,null,,,
5099,falling,1,,,,,null,,,
5100,falling,1,699,239,28757,108.92,sam2,0.0,0.0,0.0
5101,falling,1,,,,,null,,,
5102,falling,1,,,,,null,,,
5103,falling,1,,,,,null,,,
5104,falling,1,699,239,28705,108.73,sam2,0.0,0.0,0.0
5105,falling,1,,,,,null,,,
5106,falling,1,,,,,null,,,
5107,falling,1,,,,,null,,,
5108,falling,1,699,239,28747,108.89,sam2,0.0,0.0,0.0
5109,falling,1,,,,,null,,,
5110,falling,1,,,,,null,,,
5111,falling,1,,,,,null,,,
5112,falling,1,699,239,28747,108.89,sam2,0.0,0.0,0.0
5113,falling,1,,,,,null,,,
5114,falling,1,,,,,null,,,
5115,falling,1,,,,,null,,,
5116,falling,1,699,239,28603,108.34,sam2,0.0,0.0,0.0
5117,falling,1,,,,,null,,,
5118,falling,1,,,,,null,,,
5119,falling,1,,,,,null,,,
5120,falling,1,699,239,28738,108.85,sam2,0.0,0.0,0.0
5121,falling,1,,,,,null,,,
5122,falling,1,,,,,null,,,
5123,falling,1,,,,,null,,,
5124,falling,1,699,238,28361,107.42,sam2,1.0,749.192,13.378
5125,falling,1,,,,,null,,,
5126,falling,1,,,,,null,,,
5127,falling,1,,,,,null,,,
5128,falling,1,699,239,28549,108.14,sam2,1.0,749.192,13.378
5129,falling,1,,,,,null,,,
5130,falling,1,,,,,null,,,
5131,falling,1,,,,,null,,,
5132,falling,1,699,239,28483,107.89,sam2,0.0,0.0,0.0
5133,falling,1,,,,,null,,,
5134,falling,1,,,,,null,,,
5135,falling,1,,,,,null,,,
5136,falling,1,700,239,28455,107.78,sam2,1.0,749.192,13.378
5137,falling,1,,,,,null,,,
5138,falling,1,,,,,null,,,
5139,falling,1,,,,,null,,,
5140,falling,1,700,239,28592,108.3,sam2,0.0,0.0,0.0
5141,falling,1,,,,,null,,,
5142,falling,1,,,,,null,,,
5143,falling,1,,,,,null,,,
5144,falling,1,700,239,28671,108.6,sam2,0.0,0.0,0.0
5145,falling,1,,,,,null,,,
5146,falling,1,,,,,null,,,
5147,falling,1,,,,,null,,,
5148,falling,1,700,239,28579,108.25,sam2,0.0,0.0,0.0
5149,falling,1,,,,,null,,,
5150,falling,1,,,,,null,,,
5151,falling,1,,,,,null,,,
5152,falling,1,700,239,28626,108.43,sam2,0.0,0.0,0.0
5153,falling,1,,,,,null,,,
5154,falling,1,,,,,null,,,
5155,falling,1,,,,,null,,,
5156,falling,1,700,239,28584,108.27,sam2,0.0,0.0,0.0
5157,falling,1,,,,,null,,,
5158,falling,1,,,,,null,,,
5159,falling,1,,,,,null,,,
5160,falling,1,700,239,28763,108.95,sam2,0.0,0.0,0.0
5161,falling,1,,,,,null,,,
5162,falling,1,,,,,null,,,
5163,falling,1,,,,,null,,,
5164,falling,1,700,239,28489,107.91,sam2,0.0,0.0,0.0
5165,falling,1,,,,,null,,,
5166,falling,1,,,,,null,,,
5167,falling,1,,,,,null,,,
5168,falling,1,700,239,28510,107.99,sam2,0.0,0.0,0.0
5169,falling,1,,,,,null,,,
5170,falling,1,,,,,null,,,
5171,falling,1,,,,,null,,,
5172,falling,1,700,239,28464,107.81,sam2,0.0,0.0,0.0
5173,falling,1,,,,,null,,,
5174,falling,1,,,,,null,,,
5175,falling,1,,,,,null,,,
5176,falling,1,700,240,28887,109.42,sam2,1.0,749.192,13.378
5177,falling,1,,,,,null,,,
5178,falling,1,,,,,null,,,
5179,falling,1,,,,,null,,,
5180,falling,1,700,239,28809,109.12,sam2,1.0,749.192,13.378
5181,falling,1,,,,,null,,,
5182,falling,1,,,,,null,,,
5183,falling,1,,,,,null,,,
5184,falling,1,700,239,28593,108.3,sam2,0.0,0.0,0.0
5185,falling,1,,,,,null,,,
5186,falling,1,,,,,null,,,
5187,falling,1,,,,,null,,,
5188,falling,1,700,239,28669,108.59,sam2,0.0,0.0,0.0
5189,falling,1,,,,,null,,,
5190,falling,1,,,,,null,,,
5191,falling,1,,,,,null,,,
5192,falling,1,700,239,28642,108.49,sam2,0.0,0.0,0.0
5193,falling,1,,,,,null,,,
5194,falling,1,,,,,null,,,
5195,falling,1,,,,,null,,,
5196,falling,1,700,239,28817,109.15,sam2,0.0,0.0,0.0
5197,falling,1,,,,,null,,,
5198,falling,1,,,,,null,,,
5199,falling,1,,,,,null,,,
5200,falling,1,700,239,28457,107.79,sam2,0.0,0.0,0.0
5201,falling,1,,,,,null,,,
5202,falling,1,,,,,null,,,
5203,falling,1,,,,,null,,,
5204,falling,1,699,239,28638,108.47,sam2,1.0,749.192,13.378
5205,falling,1,,,,,null,,,
5206,falling,1,,,,,null,,,
5207,falling,1,,,,,null,,,
5208,falling,1,699,240,29056,110.06,sam2,1.0,749.192,13.378
5209,falling,1,,,,,null,,,
5210,falling,1,,,,,null,,,
5211,falling,1,,,,,null,,,
5212,falling,1,699,240,28979,109.76,sam2,0.0,0.0,0.0
5213,falling,1,,,,,null,,,
5214,falling,1,,,,,null,,,
5215,falling,1,,,,,null,,,
5216,falling,1,699,239,28752,108.9,sam2,1.0,749.192,13.378
5217,falling,1,,,,,null,,,
5218,falling,1,,,,,null,,,
5219,falling,1,,,,,null,,,
5220,falling,1,699,239,28781,109.01,sam2,0.0,0.0,0.0
5221,falling,1,,,,,null,,,
5222,falling,1,,,,,null,,,
5223,falling,1,,,,,null,,,
5224,falling,1,699,239,28787,109.04,sam2,0.0,0.0,0.0
5225,falling,1,,,,,null,,,
5226,falling,1,,,,,null,,,
5227,falling,1,,,,,null,,,
5228,falling,1,699,239,28433,107.7,sam2,0.0,0.0,0.0
5229,falling,1,,,,,null,,,
5230,falling,1,,,,,null,,,
5231,falling,1,,,,,null,,,
5232,falling,1,699,239,28891,109.43,sam2,0.0,0.0,0.0
5233,falling,1,,,,,null,,,
5234,falling,1,,,,,null,,,
5235,falling,1,,,,,null,,,
5236,falling,1,699,240,28948,109.65,sam2,1.0,749.192,13.378
5237,falling,1,,,,,null,,,
5238,falling,1,,,,,null,,,
5239,falling,1,,,,,null,,,
5240,falling,1,699,239,28603,108.34,sam2,1.0,749.192,13.378
5241,falling,1,,,,,null,,,
5242,falling,1,,,,,null,,,
5243,falling,1,,,,,null,,,
5244,falling,1,699,239,28517,108.01,sam2,0.0,0.0,0.0
5245,falling,1,,,,,null,,,
5246,falling,1,,,,,null,,,
5247,falling,1,,,,,null,,,
5248,falling,1,699,239,28795,109.07,sam2,0.0,0.0,0.0
5249,falling,1,,,,,null,,,
5250,falling,1,,,,,null,,,
5251,falling,1,,,,,null,,,
5252,falling,1,699,239,28682,108.64,sam2,0.0,0.0,0.0
5253,falling,1,,,,,null,,,
5254,falling,1,,,,,null,,,
5255,falling,1,,,,,null,,,
5256,falling,1,699,239,28672,108.6,sam2,0.0,0.0,0.0
5257,falling,1,,,,,null,,,
5258,falling,1,,,,,null,,,
5259,falling,1,,,,,null,,,
5260,falling,1,700,239,28780,109.01,sam2,1.0,749.192,13.378
5261,falling,1,,,,,null,,,
5262,falling,1,,,,,null,,,
5263,falling,1,,,,,null,,,
5264,falling,1,699,239,28780,109.01,sam2,1.0,749.192,13.378
5265,falling,1,,,,,null,,,
5266,falling,1,,,,,null,,,
5267,falling,1,,,,,null,,,
5268,falling,1,699,238,28366,107.44,sam2,1.0,749.192,13.378
5269,falling,1,,,,,null,,,
5270,falling,1,,,,,null,,,
5271,falling,1,,,,,null,,,
5272,falling,1,700,239,28899,109.46,sam2,1.414,1059.517,18.92
5273,falling,1,,,,,null,,,
5274,falling,1,,,,,null,,,
5275,falling,1,,,,,null,,,
5276,falling,1,700,240,28921,109.55,sam2,1.0,749.192,13.378
5277,falling,1,,,,,null,,,
5278,falling,1,,,,,null,,,
5279,falling,1,,,,,null,,,
5280,falling,1,700,240,28966,109.72,sam2,0.0,0.0,0.0
5281,falling,1,,,,,null,,,
5282,falling,1,,,,,null,,,
5283,falling,1,,,,,null,,,
5284,falling,1,700,239,28568,108.21,sam2,1.0,749.192,13.378
5285,falling,1,,,,,null,,,
5286,falling,1,,,,,null,,,
5287,falling,1,,,,,null,,,
5288,falling,1,700,239,28812,109.13,sam2,0.0,0.0,0.0
5289,falling,1,,,,,null,,,
5290,falling,1,,,,,null,,,
5291,falling,1,,,,,null,,,
5292,falling,1,700,239,28722,108.79,sam2,0.0,0.0,0.0
5293,falling,1,,,,,null,,,
5294,falling,1,,,,,null,,,
5295,falling,1,,,,,null,,,
5296,falling,1,700,239,28751,108.9,sam2,0.0,0.0,0.0
5297,falling,1,,,,,null,,,
5298,falling,1,,,,,null,,,
5299,falling,1,,,,,null,,,
5300,falling,1,700,240,28920,109.54,sam2,1.0,749.192,13.378
5301,falling,1,,,,,null,,,
5302,falling,1,,,,,null,,,
5303,falling,1,,,,,null,,,
5304,falling,1,700,239,28577,108.24,sam2,1.0,749.192,13.378
5305,falling,1,,,,,null,,,
5306,falling,1,,,,,null,,,
5307,falling,1,,,,,null,,,
5308,falling,1,700,240,29155,110.43,sam2,1.0,749.192,13.378
5309,falling,1,,,,,null,,,
5310,falling,1,,,,,null,,,
5311,falling,1,,,,,null,,,
5312,falling,1,700,239,28727,108.81,sam2,1.0,749.192,13.378
5313,falling,1,,,,,null,,,
5314,falling,1,,,,,null,,,
5315,falling,1,,,,,null,,,
5316,falling,1,700,239,28916,109.53,sam2,0.0,0.0,0.0
5317,falling,1,,,,,null,,,
5318,falling,1,,,,,null,,,
5319,falling,1,,,,,null,,,
5320,falling,1,700,240,29056,110.06,sam2,1.0,749.192,13.378
5321,falling,1,,,,,null,,,
5322,falling,1,,,,,null,,,
5323,falling,1,,,,,null,,,
5324,falling,1,700,240,29011,109.89,sam2,0.0,0.0,0.0
5325,falling,1,,,,,null,,,
5326,falling,1,,,,,null,,,
5327,falling,1,,,,,null,,,
5328,falling,1,699,240,28988,109.8,sam2,1.0,749.192,13.378
5329,falling,1,,,,,null,,,
5330,falling,1,,,,,null,,,
5331,falling,1,,,,,null,,,
5332,falling,1,699,240,28969,109.73,sam2,0.0,0.0,0.0
5333,falling,1,,,,,null,,,
5334,falling,1,,,,,null,,,
5335,falling,1,,,,,null,,,
5336,falling,1,699,239,28705,108.73,sam2,1.0,749.192,13.378
5337,falling,1,,,,,null,,,
5338,falling,1,,,,,null,,,
5339,falling,1,,,,,null,,,
5340,falling,1,699,239,28837,109.23,sam2,0.0,0.0,0.0
5341,falling,1,,,,,null,,,
5342,falling,1,,,,,null,,,
5343,falling,1,,,,,null,,,
5344,falling,1,699,239,28666,108.58,sam2,0.0,0.0,0.0
5345,falling,1,,,,,null,,,
5346,falling,1,,,,,null,,,
5347,falling,1,,,,,null,,,
5348,falling,1,699,239,28886,109.41,sam2,0.0,0.0,0.0
5349,falling,1,,,,,null,,,
5350,falling,1,,,,,null,,,
5351,falling,1,,,,,null,,,
5352,falling,1,699,240,28978,109.76,sam2,1.0,749.192,13.378
5353,falling,1,,,,,null,,,
5354,falling,1,,,,,null,,,
5355,falling,1,,,,,null,,,
5356,falling,1,699,239,28881,109.39,sam2,1.0,749.192,13.378
5357,falling,1,,,,,null,,,
5358,falling,1,,,,,null,,,
5359,falling,1,,,,,null,,,
5360,falling,1,699,240,28973,109.74,sam2,1.0,749.192,13.378
5361,falling,1,,,,,null,,,
5362,falling,1,,,,,null,,,
5363,falling,1,,,,,null,,,
5364,falling,1,699,240,29033,109.97,sam2,0.0,0.0,0.0
5365,falling,1,,,,,null,,,
5366,falling,1,,,,,null,,,
5367,falling,1,,,,,null,,,
5368,falling,1,699,239,28909,109.5,sam2,1.0,749.192,13.378
5369,falling,1,,,,,null,,,
5370,falling,1,,,,,null,,,
5371,falling,1,,,,,null,,,
5372,falling,1,700,239,28880,109.39,sam2,1.0,749.192,13.378
5373,falling,1,,,,,null,,,
5374,falling,1,,,,,null,,,
5375,falling,1,,,,,null,,,
5376,falling,1,700,240,28965,109.71,sam2,1.0,749.192,13.378
5377,falling,1,,,,,null,,,
5378,falling,1,,,,,null,,,
5379,falling,1,,,,,null,,,
5380,falling,1,700,239,28653,108.53,sam2,1.0,749.192,13.378
5381,falling,1,,,,,null,,,
5382,falling,1,,,,,null,,,
5383,falling,1,,,,,null,,,
5384,falling,1,699,239,28754,108.91,sam2,1.0,749.192,13.378
5385,falling,1,,,,,null,,,
5386,falling,1,,,,,null,,,
5387,falling,1,,,,,null,,,
5388,falling,1,700,240,28962,109.7,sam2,1.414,1059.517,18.92
5389,falling,1,,,,,null,,,
5390,falling,1,,,,,null,,,
5391,falling,1,,,,,null,,,
5392,falling,1,700,239,28620,108.4,sam2,1.0,749.192,13.378
5393,falling,1,,,,,null,,,
5394,falling,1,,,,,null,,,
5395,falling,1,,,,,null,,,
5396,falling,1,700,239,28865,109.33,sam2,0.0,0.0,0.0
5397,falling,1,,,,,null,,,
5398,falling,1,,,,,null,,,
5399,falling,1,,,,,null,,,
5400,falling,1,700,239,28590,108.29,sam2,0.0,0.0,0.0
5401,falling,1,,,,,null,,,
5402,falling,1,,,,,null,,,
5403,falling,1,,,,,null,,,
5404,falling,1,700,239,28825,109.18,sam2,0.0,0.0,0.0
5405,falling,1,,,,,null,,,
5406,falling,1,,,,,null,,,
5407,falling,1,,,,,null,,,
5408,falling,1,700,239,28592,108.3,sam2,0.0,0.0,0.0
5409,falling,1,,,,,null,,,
5410,falling,1,,,,,null,,,
5411,falling,1,,,,,null,,,
5412,falling,1,700,239,28753,108.91,sam2,0.0,0.0,0.0
5413,falling,1,,,,,null,,,
5414,falling,1,,,,,null,,,
5415,falling,1,,,,,null,,,
5416,falling,1,700,240,28934,109.59,sam2,1.0,749.192,13.378
5417,falling,1,,,,,null,,,
5418,falling,1,,,,,null,,,
5419,falling,1,,,,,null,,,
5420,falling,1,700,239,28592,108.3,sam2,1.0,749.192,13.378
5421,falling,1,,,,,null,,,
5422,falling,1,,,,,null,,,
5423,falling,1,,,,,null,,,
5424,falling,1,700,239,28806,109.11,sam2,0.0,0.0,0.0
5425,falling,1,,,,,null,,,
5426,falling,1,,,,,null,,,
5427,falling,1,,,,,null,,,
5428,falling,1,700,239,28836,109.22,sam2,0.0,0.0,0.0
5429,falling,1,,,,,null,,,
5430,falling,1,,,,,null,,,
5431,falling,1,,,,,null,,,
5432,falling,1,700,239,28797,109.08,sam2,0.0,0.0,0.0
5433,falling,1,,,,,null,,,
5434,falling,1,,,,,null,,,
5435,falling,1,,,,,null,,,
5436,falling,1,700,239,28524,108.04,sam2,0.0,0.0,0.0
5437,falling,1,,,,,null,,,
5438,falling,1,,,,,null,,,
5439,falling,1,,,,,null,,,
5440,falling,1,699,238,28366,107.44,sam2,1.414,1059.517,18.92
5441,falling,1,,,,,null,,,
5442,falling,1,,,,,null,,,
5443,falling,1,,,,,null,,,
5444,falling,1,699,239,28650,108.52,sam2,1.0,749.192,13.378
5445,falling,1,,,,,null,,,
5446,falling,1,,,,,null,,,
5447,falling,1,,,,,null,,,
5448,falling,1,699,239,28730,108.82,sam2,0.0,0.0,0.0
5449,falling,1,,,,,null,,,
5450,falling,1,,,,,null,,,
5451,falling,1,,,,,null,,,
5452,falling,1,699,239,28581,108.26,sam2,0.0,0.0,0.0
5453,falling,1,,,,,null,,,
5454,falling,1,,,,,null,,,
5455,falling,1,,,,,null,,,
5456,falling,1,699,239,28801,109.09,sam2,0.0,0.0,0.0
5457,falling,1,,,,,null,,,
5458,falling,1,,,,,null,,,
5459,falling,1,,,,,null,,,
5460,falling,1,699,239,28851,109.28,sam2,0.0,0.0,0.0
5461,falling,1,,,,,null,,,
5462,falling,1,,,,,null,,,
5463,falling,1,,,,,null,,,
5464,falling,1,699,239,28739,108.86,sam2,0.0,0.0,0.0
5465,falling,1,,,,,null,,,
5466,falling,1,,,,,null,,,
5467,falling,1,,,,,null,,,
5468,falling,1,699,238,28326,107.29,sam2,1.0,749.192,13.378
5469,falling,1,,,,,null,,,
5470,falling,1,,,,,null,,,
5471,falling,1,,,,,null,,,
5472,falling,1,699,239,28809,109.12,sam2,1.0,749.192,13.378
5473,falling,1,,,,,null,,,
5474,falling,1,,,,,null,,,
5475,falling,1,,,,,null,,,
5476,falling,1,699,238,28184,106.75,sam2,1.0,749.192,13.378
5477,falling,1,,,,,null,,,
5478,falling,1,,,,,null,,,
5479,falling,1,,,,,null,,,
5480,falling,1,699,239,28590,108.29,sam2,1.0,749.192,13.378
5481,falling,1,,,,,null,,,
5482,falling,1,,,,,null,,,
5483,falling,1,,,,,null,,,
5484,falling,1,699,238,28374,107.47,sam2,1.0,749.192,13.378
5485,falling,1,,,,,null,,,
5486,falling,1,,,,,null,,,
5487,falling,1,,,,,null,,,
5488,falling,1,699,239,28684,108.65,sam2,1.0,749.192,13.378
5489,falling,1,,,,,null,,,
5490,falling,1,,,,,null,,,
5491,falling,1,,,,,null,,,
5492,falling,1,700,239,28530,108.06,sam2,1.0,749.192,13.378
5493,falling,1,,,,,null,,,
5494,falling,1,,,,,null,,,
5495,falling,1,,,,,null,,,
5496,falling,1,699,239,28660,108.56,sam2,1.0,749.192,13.378
5497,falling,1,,,,,null,,,
5498,falling,1,,,,,null,,,
5499,falling,1,,,,,null,,,
5500,falling,1,700,239,28856,109.3,sam2,1.0,749.192,13.378
5501,falling,1,,,,,null,,,
5502,falling,1,,,,,null,,,
5503,falling,1,,,,,null,,,
5504,falling,1,700,239,28661,108.56,sam2,0.0,0.0,0.0
5505,falling,1,,,,,null,,,
5506,falling,1,,,,,null,,,
5507,falling,1,,,,,null,,,
5508,falling,1,700,239,28783,109.02,sam2,0.0,0.0,0.0
5509,falling,1,,,,,null,,,
5510,falling,1,,,,,null,,,
5511,falling,1,,,,,null,,,
5512,falling,1,700,239,28723,108.8,sam2,0.0,0.0,0.0
5513,falling,1,,,,,null,,,
5514,falling,1,,,,,null,,,
5515,falling,1,,,,,null,,,
5516,falling,1,700,239,28681,108.64,sam2,0.0,0.0,0.0
5517,falling,1,,,,,null,,,
5518,falling,1,,,,,null,,,
5519,falling,1,,,,,null,,,
5520,falling,1,700,239,28637,108.47,sam2,0.0,0.0,0.0
5521,falling,1,,,,,null,,,
5522,falling,1,,,,,null,,,
5523,falling,1,,,,,null,,,
5524,falling,1,700,239,28631,108.45,sam2,0.0,0.0,0.0
5525,falling,1,,,,,null,,,
5526,falling,1,,,,,null,,,
5527,falling,1,,,,,null,,,
5528,falling,1,700,239,28480,107.87,sam2,0.0,0.0,0.0
5529,falling,1,,,,,null,,,
5530,falling,1,,,,,null,,,
5531,falling,1,,,,,null,,,
5532,falling,1,700,239,28778,109.0,sam2,0.0,0.0,0.0
5533,falling,1,,,,,null,,,
5534,falling,1,,,,,null,,,
5535,falling,1,,,,,null,,,
5536,falling,1,700,240,28945,109.64,sam2,1.0,749.192,13.378
5537,falling,1,,,,,null,,,
5538,falling,1,,,,,null,,,
5539,falling,1,,,,,null,,,
5540,falling,1,700,239,28719,108.78,sam2,1.0,749.192,13.378
5541,falling,1,,,,,null,,,
5542,falling,1,,,,,null,,,
5543,falling,1,,,,,null,,,
5544,falling,1,700,238,28238,106.96,sam2,1.0,749.192,13.378
5545,falling,1,,,,,null,,,
5546,falling,1,,,,,null,,,
5547,falling,1,,,,,null,,,
5548,falling,1,700,238,28393,107.55,sam2,0.0,0.0,0.0
5549,falling,1,,,,,null,,,
5550,falling,1,,,,,null,,,
5551,falling,1,,,,,null,,,
5552,falling,1,700,239,28564,108.19,sam2,1.0,749.192,13.378
5553,falling,1,,,,,null,,,
5554,falling,1,,,,,null,,,
5555,falling,1,,,,,null,,,
5556,falling,1,700,239,28930,109.58,sam2,0.0,0.0,0.0
5557,falling,1,,,,,null,,,
5558,falling,1,,,,,null,,,
5559,falling,1,,,,,null,,,
5560,falling,1,700,239,28770,108.97,sam2,0.0,0.0,0.0
5561,falling,1,,,,,null,,,
5562,falling,1,,,,,null,,,
5563,falling,1,,,,,null,,,
5564,falling,1,699,239,28924,109.56,sam2,1.0,749.192,13.378
5565,falling,1,,,,,null,,,
5566,falling,1,,,,,null,,,
5567,falling,1,,,,,null,,,
5568,falling,1,699,238,28288,107.15,sam2,1.0,749.192,13.378
5569,falling,1,,,,,null,,,
5570,falling,1,,,,,null,,,
5571,falling,1,,,,,null,,,
5572,falling,1,699,239,28618,108.4,sam2,1.0,749.192,13.378
5573,falling,1,,,,,null,,,
5574,falling,1,,,,,null,,,
5575,falling,1,,,,,null,,,
5576,falling,1,699,239,28763,108.95,sam2,0.0,0.0,0.0
5577,falling,1,,,,,null,,,
5578,falling,1,,,,,null,,,
5579,falling,1,,,,,null,,,
5580,falling,1,699,240,28931,109.58,sam2,1.0,749.192,13.378
5581,falling,1,,,,,null,,,
5582,falling,1,,,,,null,,,
5583,falling,1,,,,,null,,,
5584,falling,1,699,239,28613,108.38,sam2,1.0,749.192,13.378
5585,falling,1,,,,,null,,,
5586,falling,1,,,,,null,,,
5587,falling,1,,,,,null,,,
5588,falling,1,699,239,28502,107.96,sam2,0.0,0.0,0.0
5589,falling,1,,,,,null,,,
5590,falling,1,,,,,null,,,
5591,falling,1,,,,,null,,,
5592,falling,1,699,239,28456,107.78,sam2,0.0,0.0,0.0
5593,falling,1,,,,,null,,,
5594,falling,1,,,,,null,,,
5595,falling,1,,,,,null,,,
5596,falling,1,699,239,28699,108.7,sam2,0.0,0.0,0.0
5597,falling,1,,,,,null,,,
5598,falling,1,,,,,null,,,
5599,falling,1,,,,,null,,,
5600,falling,1,699,238,28399,107.57,sam2,1.0,749.192,13.378
5601,falling,1,,,,,null,,,
5602,falling,1,,,,,null,,,
5603,falling,1,,,,,null,,,
5604,falling,1,699,239,28754,108.91,sam2,1.0,749.192,13.378
5605,falling,1,,,,,null,,,
5606,falling,1,,,,,null,,,
5607,falling,1,,,,,null,,,
5608,falling,1,699,239,28566,108.2,sam2,0.0,0.0,0.0
5609,falling,1,,,,,null,,,
5610,falling,1,,,,,null,,,
5611,falling,1,,,,,null,,,
5612,falling,1,699,239,28652,108.53,sam2,0.0,0.0,0.0
5613,falling,1,,,,,null,,,
5614,falling,1,,,,,null,,,
5615,falling,1,,,,,null,,,
5616,falling,1,699,239,28802,109.09,sam2,0.0,0.0,0.0
5617,falling,1,,,,,null,,,
5618,falling,1,,,,,null,,,
5619,falling,1,,,,,null,,,
5620,falling,1,699,239,28620,108.4,sam2,0.0,0.0,0.0
5621,falling,1,,,,,null,,,
5622,falling,1,,,,,null,,,
5623,falling,1,,,,,null,,,
5624,falling,1,700,238,28390,107.53,sam2,1.414,1059.517,18.92
5625,falling,1,,,,,null,,,
5626,falling,1,,,,,null,,,
5627,falling,1,,,,,null,,,
5628,falling,1,700,239,28511,107.99,sam2,1.0,749.192,13.378
5629,falling,1,,,,,null,,,
5630,falling,1,,,,,null,,,
5631,falling,1,,,,,null,,,
5632,falling,1,699,239,28529,108.06,sam2,1.0,749.192,13.378
5633,falling,1,,,,,null,,,
5634,falling,1,,,,,null,,,
5635,falling,1,,,,,null,,,
5636,falling,1,700,239,28839,109.23,sam2,1.0,749.192,13.378
5637,falling,1,,,,,null,,,
5638,falling,1,,,,,null,,,
5639,falling,1,,,,,null,,,
5640,falling,1,700,239,28711,108.75,sam2,0.0,0.0,0.0
5641,falling,1,,,,,null,,,
5642,falling,1,,,,,null,,,
5643,falling,1,,,,,null,,,
5644,falling,1,700,239,28562,108.19,sam2,0.0,0.0,0.0
5645,falling,1,,,,,null,,,
5646,falling,1,,,,,null,,,
5647,falling,1,,,,,null,,,
5648,falling,1,700,239,28675,108.61,sam2,0.0,0.0,0.0
5649,falling,1,,,,,null,,,
5650,falling,1,,,,,null,,,
5651,falling,1,,,,,null,,,
5652,falling,1,700,239,28625,108.42,sam2,0.0,0.0,0.0
5653,falling,1,,,,,null,,,
5654,falling,1,,,,,null,,,
5655,falling,1,,,,,null,,,
5656,falling,1,700,239,28625,108.42,sam2,0.0,0.0,0.0
5657,falling,1,,,,,null,,,
5658,falling,1,,,,,null,,,
5659,falling,1,,,,,null,,,
5660,falling,1,700,239,28831,109.2,sam2,0.0,0.0,0.0
5661,falling,1,,,,,null,,,
5662,falling,1,,,,,null,,,
5663,falling,1,,,,,null,,,
5664,falling,1,700,239,28545,108.12,sam2,0.0,0.0,0.0
5665,falling,1,,,,,null,,,
5666,falling,1,,,,,null,,,
5667,falling,1,,,,,null,,,
5668,falling,1,700,239,28654,108.53,sam2,0.0,0.0,0.0
5669,falling,1,,,,,null,,,
5670,falling,1,,,,,null,,,
5671,falling,1,,,,,null,,,
5672,falling,1,700,239,28757,108.92,sam2,0.0,0.0,0.0
5673,falling,1,,,,,null,,,
5674,falling,1,,,,,null,,,
5675,falling,1,,,,,null,,,
5676,falling,1,700,239,28612,108.37,sam2,0.0,0.0,0.0
5677,falling,1,,,,,null,,,
5678,falling,1,,,,,null,,,
5679,falling,1,,,,,null,,,
5680,falling,1,700,239,28888,109.42,sam2,0.0,0.0,0.0
5681,falling,1,,,,,null,,,
5682,falling,1,,,,,null,,,
5683,falling,1,,,,,null,,,
5684,falling,1,699,240,28959,109.69,sam2,1.414,1059.517,18.92
5685,falling,1,,,,,null,,,
5686,falling,1,,,,,null,,,
5687,falling,1,,,,,null,,,
5688,falling,1,700,240,28920,109.54,sam2,1.0,749.192,13.378
5689,falling,1,,,,,null,,,
5690,falling,1,,,,,null,,,
5691,falling,1,,,,,null,,,
5692,falling,1,700,239,28588,108.28,sam2,1.0,749.192,13.378
5693,falling,1,,,,,null,,,
5694,falling,1,,,,,null,,,
5695,falling,1,,,,,null,,,
5696,falling,1,699,240,28949,109.65,sam2,1.414,1059.517,18.92
5697,falling,1,,,,,null,,,
5698,falling,1,,,,,null,,,
5699,falling,1,,,,,null,,,
5700,falling,1,699,239,28729,108.82,sam2,1.0,749.192,13.378
5701,falling,1,,,,,null,,,
5702,falling,1,,,,,null,,,
5703,falling,1,,,,,null,,,
5704,falling,1,699,239,28765,108.95,sam2,0.0,0.0,0.0
5705,falling,1,,,,,null,,,
5706,falling,1,,,,,null,,,
5707,falling,1,,,,,null,,,
5708,falling,1,699,239,28853,109.29,sam2,0.0,0.0,0.0
5709,falling,1,,,,,null,,,
5710,falling,1,,,,,null,,,
5711,falling,1,,,,,null,,,
5712,falling,1,699,239,28766,108.96,sam2,0.0,0.0,0.0
5713,falling,1,,,,,null,,,
5714,falling,1,,,,,null,,,
5715,falling,1,,,,,null,,,
5716,falling,1,699,240,28957,109.68,sam2,1.0,749.192,13.378
5717,falling,1,,,,,null,,,
5718,falling,1,,,,,null,,,
5719,falling,1,,,,,null,,,
5720,falling,1,699,239,28541,108.11,sam2,1.0,749.192,13.378
5721,falling,1,,,,,null,,,
5722,falling,1,,,,,null,,,
5723,falling,1,,,,,null,,,
5724,falling,1,699,239,28704,108.72,sam2,0.0,0.0,0.0
5725,falling,1,,,,,null,,,
5726,falling,1,,,,,null,,,
5727,falling,1,,,,,null,,,
5728,falling,1,699,239,28765,108.95,sam2,0.0,0.0,0.0
5729,falling,1,,,,,null,,,
5730,falling,1,,,,,null,,,
5731,falling,1,,,,,null,,,
5732,falling,1,699,239,28423,107.66,sam2,0.0,0.0,0.0
5733,falling,1,,,,,null,,,
5734,falling,1,,,,,null,,,
5735,falling,1,,,,,null,,,
5736,falling,1,699,239,28603,108.34,sam2,0.0,0.0,0.0
5737,falling,1,,,,,null,,,
5738,falling,1,,,,,null,,,
5739,falling,1,,,,,null,,,
5740,falling,1,699,239,28873,109.36,sam2,0.0,0.0,0.0
5741,falling,1,,,,,null,,,
5742,falling,1,,,,,null,,,
5743,falling,1,,,,,null,,,
5744,falling,1,700,240,28989,109.8,sam2,1.414,1059.517,18.92
5745,falling,1,,,,,null,,,
5746,falling,1,,,,,null,,,
5747,falling,1,,,,,null,,,
5748,falling,1,699,239,28483,107.89,sam2,1.414,1059.517,18.92
5749,falling,1,,,,,null,,,
5750,falling,1,,,,,null,,,
5751,falling,1,,,,,null,,,
5752,falling,1,700,240,29092,110.19,sam2,1.414,1059.517,18.92
5753,falling,1,,,,,null,,,
5754,falling,1,,,,,null,,,
5755,falling,1,,,,,null,,,
5756,falling,1,700,240,28889,109.42,sam2,0.0,0.0,0.0
5757,falling,1,,,,,null,,,
5758,falling,1,,,,,null,,,
5759,falling,1,,,,,null,,,
5760,falling,1,700,239,28794,109.06,sam2,1.0,749.192,13.378
5761,falling,1,,,,,null,,,
5762,falling,1,,,,,null,,,
5763,falling,1,,,,,null,,,
5764,falling,1,700,239,28498,107.94,sam2,0.0,0.0,0.0
5765,falling,1,,,,,null,,,
5766,falling,1,,,,,null,,,
5767,falling,1,,,,,null,,,
5768,falling,1,700,239,28722,108.79,sam2,0.0,0.0,0.0
5769,falling,1,,,,,null,,,
5770,falling,1,,,,,null,,,
5771,falling,1,,,,,null,,,
5772,falling,1,700,239,28842,109.25,sam2,0.0,0.0,0.0
5773,falling,1,,,,,null,,,
5774,falling,1,,,,,null,,,
5775,falling,1,,,,,null,,,
5776,falling,1,700,239,28854,109.29,sam2,0.0,0.0,0.0
5777,falling,1,,,,,null,,,
5778,falling,1,,,,,null,,,
5779,falling,1,,,,,null,,,
5780,falling,1,700,239,28523,108.04,sam2,0.0,0.0,0.0
5781,falling,1,,,,,null,,,
5782,falling,1,,,,,null,,,
5783,falling,1,,,,,null,,,
5784,falling,1,699,239,28615,108.39,sam2,1.0,749.192,13.378
5785,falling,1,,,,,null,,,
5786,falling,1,,,,,null,,,
5787,falling,1,,,,,null,,,
5788,falling,1,700,239,28764,108.95,sam2,1.0,749.192,13.378
5789,falling,1,,,,,null,,,
5790,falling,1,,,,,null,,,
5791,falling,1,,,,,null,,,
5792,falling,1,699,239,28524,108.04,sam2,1.0,749.192,13.378
5793,falling,1,,,,,null,,,
5794,falling,1,,,,,null,,,
5795,falling,1,,,,,null,,,
5796,falling,1,700,239,28823,109.17,sam2,1.0,749.192,13.378
5797,falling,1,,,,,null,,,
5798,falling,1,,,,,null,,,
5799,falling,1,,,,,null,,,
5800,falling,1,700,240,29140,110.37,sam2,1.0,749.192,13.378
5801,falling,1,,,,,null,,,
5802,falling,1,,,,,null,,,
5803,falling,1,,,,,null,,,
5804,falling,1,699,239,28781,109.01,sam2,1.414,1059.517,18.92
5805,falling,1,,,,,null,,,
5806,falling,1,,,,,null,,,
5807,falling,1,,,,,null,,,
5808,falling,1,699,239,28679,108.63,sam2,0.0,0.0,0.0
5809,falling,1,,,,,null,,,
5810,falling,1,,,,,null,,,
5811,falling,1,,,,,null,,,
5812,falling,1,699,239,28709,108.74,sam2,0.0,0.0,0.0
5813,falling,1,,,,,null,,,
5814,falling,1,,,,,null,,,
5815,falling,1,,,,,null,,,
5816,falling,1,699,240,28906,109.49,sam2,1.0,749.192,13.378
5817,falling,1,,,,,null,,,
5818,falling,1,,,,,null,,,
5819,falling,1,,,,,null,,,
5820,falling,1,699,239,28733,108.83,sam2,1.0,749.192,13.378
5821,falling,1,,,,,null,,,
5822,falling,1,,,,,null,,,
5823,falling,1,,,,,null,,,
5824,falling,1,699,240,28885,109.41,sam2,1.0,749.192,13.378
5825,falling,1,,,,,null,,,
5826,falling,1,,,,,null,,,
5827,falling,1,,,,,null,,,
5828,falling,1,699,239,28717,108.77,sam2,1.0,749.192,13.378
5829,falling,1,,,,,null,,,
5830,falling,1,,,,,null,,,
5831,falling,1,,,,,null,,,
5832,falling,1,699,239,28736,108.84,sam2,0.0,0.0,0.0
5833,falling,1,,,,,null,,,
5834,falling,1,,,,,null,,,
5835,falling,1,,,,,null,,,
5836,falling,1,699,239,28779,109.01,sam2,0.0,0.0,0.0
5837,falling,1,,,,,null,,,
5838,falling,1,,,,,null,,,
5839,falling,1,,,,,null,,,
5840,falling,1,699,240,28897,109.45,sam2,1.0,749.192,13.378
5841,falling,1,,,,,null,,,
5842,falling,1,,,,,null,,,
5843,falling,1,,,,,null,,,
5844,falling,1,699,239,28835,109.22,sam2,1.0,749.192,13.378
5845,falling,1,,,,,null,,,
5846,falling,1,,,,,null,,,
5847,falling,1,,,,,null,,,
5848,falling,1,700,240,28904,109.48,sam2,1.414,1059.517,18.92
5849,falling,1,,,,,null,,,
5850,falling,1,,,,,null,,,
5851,falling,1,,,,,null,,,
5852,falling,1,699,239,28765,108.95,sam2,1.414,1059.517,18.92
5853,falling,1,,,,,null,,,
5854,falling,1,,,,,null,,,
5855,falling,1,,,,,null,,,
5856,falling,1,700,239,28671,108.6,sam2,1.0,749.192,13.378
5857,falling,1,,,,,null,,,
5858,falling,1,,,,,null,,,
5859,falling,1,,,,,null,,,
5860,falling,1,700,239,28666,108.58,sam2,0.0,0.0,0.0
5861,falling,1,,,,,null,,,
5862,falling,1,,,,,null,,,
5863,falling,1,,,,,null,,,
5864,falling,1,700,239,28741,108.86,sam2,0.0,0.0,0.0
5865,falling,1,,,,,null,,,
5866,falling,1,,,,,null,,,
5867,falling,1,,,,,null,,,
5868,falling,1,700,239,28812,109.13,sam2,0.0,0.0,0.0
5869,falling,1,,,,,null,,,
5870,falling,1,,,,,null,,,
5871,falling,1,,,,,null,,,
5872,falling,1,699,239,28622,108.41,sam2,1.0,749.192,13.378
5873,falling,1,,,,,null,,,
5874,falling,1,,,,,null,,,
5875,falling,1,,,,,null,,,
5876,falling,1,699,239,28697,108.7,sam2,0.0,0.0,0.0
5877,falling,1,,,,,null,,,
5878,falling,1,,,,,null,,,
5879,falling,1,,,,,null,,,
5880,falling,1,700,238,28361,107.42,sam2,1.414,1059.517,18.92
5881,falling,1,,,,,null,,,
5882,falling,1,,,,,null,,,
5883,falling,1,,,,,null,,,
5884,falling,1,700,239,28591,108.3,sam2,1.0,749.192,13.378
5885,falling,1,,,,,null,,,
5886,falling,1,,,,,null,,,
5887,falling,1,,,,,null,,,
5888,falling,1,700,239,28587,108.28,sam2,0.0,0.0,0.0
5889,falling,1,,,,,null,,,
5890,falling,1,,,,,null,,,
5891,falling,1,,,,,null,,,
5892,falling,1,700,240,28910,109.5,sam2,1.0,749.192,13.378
5893,falling,1,,,,,null,,,
5894,falling,1,,,,,null,,,
5895,falling,1,,,,,null,,,
5896,falling,1,700,239,28827,109.19,sam2,1.0,749.192,13.378
5897,falling,1,,,,,null,,,
5898,falling,1,,,,,null,,,
5899,falling,1,,,,,null,,,
5900,falling,1,700,239,28492,107.92,sam2,0.0,0.0,0.0
5901,falling,1,,,,,null,,,
5902,falling,1,,,,,null,,,
5903,falling,1,,,,,null,,,
5904,falling,1,700,239,28608,108.36,sam2,0.0,0.0,0.0
5905,falling,1,,,,,null,,,
5906,falling,1,,,,,null,,,
5907,falling,1,,,,,null,,,
5908,falling,1,700,239,28815,109.14,sam2,0.0,0.0,0.0
5909,falling,1,,,,,null,,,
5910,falling,1,,,,,null,,,
5911,falling,1,,,,,null,,,
5912,falling,1,700,239,28580,108.25,sam2,0.0,0.0,0.0
5913,falling,1,,,,,null,,,
5914,falling,1,,,,,null,,,
5915,falling,1,,,,,null,,,
5916,falling,1,700,240,28888,109.42,sam2,1.0,749.192,13.378
5917,falling,1,,,,,null,,,
5918,falling,1,,,,,null,,,
5919,falling,1,,,,,null,,,
5920,falling,1,700,240,29000,109.84,sam2,0.0,0.0,0.0
5921,falling,1,,,,,null,,,
5922,falling,1,,,,,null,,,
5923,falling,1,,,,,null,,,
5924,falling,1,700,239,28644,108.5,sam2,1.0,749.192,13.378
5925,falling,1,,,,,null,,,
5926,falling,1,,,,,null,,,
5927,falling,1,,,,,null,,,
5928,falling,1,699,239,28497,107.94,sam2,1.0,749.192,13.378
5929,falling,1,,,,,null,,,
5930,falling,1,,,,,null,,,
5931,falling,1,,,,,null,,,
5932,falling,1,700,240,29067,110.1,sam2,1.414,1059.517,18.92
5933,falling,1,,,,,null,,,
5934,falling,1,,,,,null,,,
5935,falling,1,,,,,null,,,
5936,falling,1,699,239,28559,108.17,sam2,1.414,1059.517,18.92
5937,falling,1,,,,,null,,,
5938,falling,1,,,,,null,,,
5939,falling,1,,,,,null,,,
5940,falling,1,699,239,28492,107.92,sam2,0.0,0.0,0.0
5941,falling,1,,,,,null,,,
5942,falling,1,,,,,null,,,
5943,falling,1,,,,,null,,,
5944,falling,1,699,239,28812,109.13,sam2,0.0,0.0,0.0
5945,falling,1,,,,,null,,,
5946,falling,1,,,,,null,,,
5947,falling,1,,,,,null,,,
5948,falling,1,699,239,28883,109.4,sam2,0.0,0.0,0.0
5949,falling,1,,,,,null,,,
5950,falling,1,,,,,null,,,
5951,falling,1,,,,,null,,,
5952,falling,1,699,239,28675,108.61,sam2,0.0,0.0,0.0
5953,falling,1,,,,,null,,,
5954,falling,1,,,,,null,,,
5955,falling,1,,,,,null,,,
5956,falling,1,700,239,28707,108.73,sam2,1.0,749.192,13.378
5957,falling,1,,,,,null,,,
5958,falling,1,,,,,null,,,
5959,falling,1,,,,,null,,,
5960,falling,1,699,238,28185,106.76,sam2,1.414,1059.517,18.92
5961,falling,1,,,,,null,,,
5962,falling,1,,,,,null,,,
5963,falling,1,,,,,null,,,
5964,falling,1,699,239,28760,108.94,sam2,1.0,749.192,13.378
5965,falling,1,,,,,null,,,
5966,falling,1,,,,,null,,,
5967,falling,1,,,,,null,,,
5968,falling,1,700,240,28933,109.59,sam2,1.414,1059.517,18.92
5969,falling,1,,,,,null,,,
5970,falling,1,,,,,null,,,
5971,falling,1,,,,,null,,,
5972,falling,1,700,240,29087,110.17,sam2,0.0,0.0,0.0
5973,falling,1,,,,,null,,,
5974,falling,1,,,,,null,,,
5975,falling,1,,,,,null,,,
5976,falling,1,699,239,28664,108.57,sam2,1.414,1059.517,18.92
5977,falling,1,,,,,null,,,
5978,falling,1,,,,,null,,,
5979,falling,1,,,,,null,,,
5980,falling,1,700,240,28919,109.54,sam2,1.414,1059.517,18.92
5981,falling,1,,,,,null,,,
5982,falling,1,,,,,null,,,
5983,falling,1,,,,,null,,,
5984,falling,1,699,239,28507,107.98,sam2,1.414,1059.517,18.92
5985,falling,1,,,,,null,,,
5986,falling,1,,,,,null,,,
5987,falling,1,,,,,null,,,
5988,falling,1,700,239,28729,108.82,sam2,1.0,749.192,13.378
5989,falling,1,,,,,null,,,
5990,falling,1,,,,,null,,,
5991,falling,1,,,,,null,,,
5992,falling,1,700,239,28549,108.14,sam2,0.0,0.0,0.0
5993,falling,1,,,,,null,,,
5994,falling,1,,,,,null,,,
5995,falling,1,,,,,null,,,
5996,falling,1,700,239,28810,109.12,sam2,0.0,0.0,0.0
5997,falling,1,,,,,null,,,
5998,falling,1,,,,,null,,,
5999,falling,1,,,,,null,,,
6000,falling,1,700,239,28611,108.37,sam2,0.0,0.0,0.0
6001,falling,1,,,,,null,,,
6002,falling,1,,,,,null,,,
6003,falling,1,,,,,null,,,
6004,falling,1,699,239,28578,108.25,sam2,1.0,749.192,13.378
6005,falling,1,,,,,null,,,
6006,falling,1,,,,,null,,,
6007,falling,1,,,,,null,,,
6008,falling,1,700,239,28607,108.36,sam2,1.0,749.192,13.378
6009,falling,1,,,,,null,,,
6010,falling,1,,,,,null,,,
6011,falling,1,,,,,null,,,
6012,falling,1,700,239,28850,109.28,sam2,0.0,0.0,0.0
6013,falling,1,,,,,null,,,
6014,falling,1,,,,,null,,,
6015,falling,1,,,,,null,,,
6016,falling,1,700,239,28694,108.69,sam2,0.0,0.0,0.0
6017,falling,1,,,,,null,,,
6018,falling,1,,,,,null,,,
6019,falling,1,,,,,null,,,
6020,falling,1,700,239,28680,108.63,sam2,0.0,0.0,0.0
6021,falling,1,,,,,null,,,
6022,falling,1,,,,,null,,,
6023,falling,1,,,,,null,,,
6024,falling,1,700,239,28905,109.48,sam2,0.0,0.0,0.0
6025,falling,1,,,,,null,,,
6026,falling,1,,,,,null,,,
6027,falling,1,,,,,null,,,
6028,falling,1,700,239,28927,109.57,sam2,0.0,0.0,0.0
6029,falling,1,,,,,null,,,
6030,falling,1,,,,,null,,,
6031,falling,1,,,,,null,,,
6032,falling,1,699,239,28811,109.13,sam2,1.0,749.192,13.378
6033,falling,1,,,,,null,,,
6034,falling,1,,,,,null,,,
6035,falling,1,,,,,null,,,
6036,falling,1,699,239,28792,109.06,sam2,0.0,0.0,0.0
6037,falling,1,,,,,null,,,
6038,falling,1,,,,,null,,,
6039,falling,1,,,,,null,,,
6040,falling,1,700,239,28649,108.51,sam2,1.0,749.192,13.378
6041,falling,1,,,,,null,,,
6042,falling,1,,,,,null,,,
6043,falling,1,,,,,null,,,
6044,falling,1,699,239,28649,108.51,sam2,1.0,749.192,13.378
6045,falling,1,,,,,null,,,
6046,falling,1,,,,,null,,,
6047,falling,1,,,,,null,,,
6048,falling,1,699,239,28445,107.74,sam2,0.0,0.0,0.0
6049,falling,1,,,,,null,,,
6050,falling,1,,,,,null,,,
6051,falling,1,,,,,null,,,
6052,falling,1,700,240,28945,109.64,sam2,1.414,1059.517,18.92
6053,falling,1,,,,,null,,,
6054,falling,1,,,,,null,,,
6055,falling,1,,,,,null,,,
6056,falling,1,700,239,28623,108.42,sam2,1.0,749.192,13.378
6057,falling,1,,,,,null,,,
6058,falling,1,,,,,null,,,
6059,falling,1,,,,,null,,,
6060,falling,1,699,239,28441,107.73,sam2,1.0,749.192,13.378
6061,falling,1,,,,,null,,,
6062,falling,1,,,,,null,,,
6063,falling,1,,,,,null,,,
6064,falling,1,699,239,28866,109.34,sam2,0.0,0.0,0.0
6065,falling,1,,,,,null,,,
6066,falling,1,,,,,null,,,
6067,falling,1,,,,,null,,,
6068,falling,1,700,239,28755,108.92,sam2,1.0,749.192,13.378
6069,falling,1,,,,,null,,,
6070,falling,1,,,,,null,,,
6071,falling,1,,,,,null,,,
6072,falling,1,699,239,28889,109.42,sam2,1.0,749.192,13.378
6073,falling,1,,,,,null,,,
6074,falling,1,,,,,null,,,
6075,falling,1,,,,,null,,,
6076,falling,1,699,239,28626,108.43,sam2,0.0,0.0,0.0
6077,falling,1,,,,,null,,,
6078,falling,1,,,,,null,,,
6079,falling,1,,,,,null,,,
6080,falling,1,699,239,28574,108.23,sam2,0.0,0.0,0.0
6081,falling,1,,,,,null,,,
6082,falling,1,,,,,null,,,
6083,falling,1,,,,,null,,,
6084,falling,1,699,239,28745,108.88,sam2,0.0,0.0,0.0
6085,falling,1,,,,,null,,,
6086,falling,1,,,,,null,,,
6087,falling,1,,,,,null,,,
6088,falling,1,699,239,28823,109.17,sam2,0.0,0.0,0.0
6089,falling,1,,,,,null,,,
6090,falling,1,,,,,null,,,
6091,falling,1,,,,,null,,,
6092,falling,1,700,239,28711,108.75,sam2,1.0,749.192,13.378
6093,falling,1,,,,,null,,,
6094,falling,1,,,,,null,,,
6095,falling,1,,,,,null,,,
6096,falling,1,700,239,28838,109.23,sam2,0.0,0.0,0.0
6097,falling,1,,,,,null,,,
6098,falling,1,,,,,null,,,
6099,falling,1,,,,,null,,,
6100,falling,1,699,239,28702,108.72,sam2,1.0,749.192,13.378
6101,falling,1,,,,,null,,,
6102,falling,1,,,,,null,,,
6103,falling,1,,,,,null,,,
6104,falling,1,699,239,28779,109.01,sam2,0.0,0.0,0.0
6105,falling,1,,,,,null,,,
6106,falling,1,,,,,null,,,
6107,falling,1,,,,,null,,,
6108,falling,1,699,239,28535,108.08,sam2,0.0,0.0,0.0
6109,falling,1,,,,,null,,,
6110,falling,1,,,,,null,,,
6111,falling,1,,,,,null,,,
6112,falling,1,699,239,28540,108.1,sam2,0.0,0.0,0.0
6113,falling,1,,,,,null,,,
6114,falling,1,,,,,null,,,
6115,falling,1,,,,,null,,,
6116,falling,1,700,239,28512,108.0,sam2,1.0,749.192,13.378
6117,falling,1,,,,,null,,,
6118,falling,1,,,,,null,,,
6119,falling,1,,,,,null,,,
6120,falling,1,699,239,28627,108.43,sam2,1.0,749.192,13.378
6121,falling,1,,,,,null,,,
6122,falling,1,,,,,null,,,
6123,falling,1,,,,,null,,,
6124,falling,1,700,239,28485,107.89,sam2,1.0,749.192,13.378
6125,falling,1,,,,,null,,,
6126,falling,1,,,,,null,,,
6127,falling,1,,,,,null,,,
6128,falling,1,699,239,28486,107.9,sam2,1.0,749.192,13.378
6129,falling,1,,,,,null,,,
6130,falling,1,,,,,null,,,
6131,falling,1,,,,,null,,,
6132,falling,1,699,239,28523,108.04,sam2,0.0,0.0,0.0
6133,falling,1,,,,,null,,,
6134,falling,1,,,,,null,,,
6135,falling,1,,,,,null,,,
6136,falling,1,699,239,28580,108.25,sam2,0.0,0.0,0.0
6137,falling,1,,,,,null,,,
6138,falling,1,,,,,null,,,
6139,falling,1,,,,,null,,,
6140,falling,1,699,239,28685,108.65,sam2,0.0,0.0,0.0
6141,falling,1,,,,,null,,,
6142,falling,1,,,,,null,,,
6143,falling,1,,,,,null,,,
6144,falling,1,700,239,28809,109.12,sam2,1.0,749.192,13.378
6145,falling,1,,,,,null,,,
6146,falling,1,,,,,null,,,
6147,falling,1,,,,,null,,,
6148,falling,1,700,239,28683,108.64,sam2,0.0,0.0,0.0
6149,falling,1,,,,,null,,,
6150,falling,1,,,,,null,,,
6151,falling,1,,,,,null,,,
6152,falling,1,699,239,28763,108.95,sam2,1.0,749.192,13.378
6153,falling,1,,,,,null,,,
6154,falling,1,,,,,null,,,
6155,falling,1,,,,,null,,,
6156,falling,1,699,239,28527,108.05,sam2,0.0,0.0,0.0
6157,falling,1,,,,,null,,,
6158,falling,1,,,,,null,,,
6159,falling,1,,,,,null,,,
6160,falling,1,699,239,28426,107.67,sam2,0.0,0.0,0.0
6161,falling,1,,,,,null,,,
6162,falling,1,,,,,null,,,
6163,falling,1,,,,,null,,,
6164,falling,1,700,239,28826,109.19,sam2,1.0,749.192,13.378
6165,falling,1,,,,,null,,,
6166,falling,1,,,,,null,,,
6167,falling,1,,,,,null,,,
6168,falling,1,700,239,28732,108.83,sam2,0.0,0.0,0.0
6169,falling,1,,,,,null,,,
6170,falling,1,,,,,null,,,
6171,falling,1,,,,,null,,,
6172,falling,1,699,239,28560,108.18,sam2,1.0,749.192,13.378
6173,falling,1,,,,,null,,,
6174,falling,1,,,,,null,,,
6175,falling,1,,,,,null,,,
6176,falling,1,699,239,28666,108.58,sam2,0.0,0.0,0.0
6177,falling,1,,,,,null,,,
6178,falling,1,,,,,null,,,
6179,falling,1,,,,,null,,,
6180,falling,1,699,239,28787,109.04,sam2,0.0,0.0,0.0
6181,falling,1,,,,,null,,,
6182,falling,1,,,,,null,,,
6183,falling,1,,,,,null,,,
6184,falling,1,699,239,28498,107.94,sam2,0.0,0.0,0.0
6185,falling,1,,,,,null,,,
6186,falling,1,,,,,null,,,
6187,falling,1,,,,,null,,,
6188,falling,1,700,240,29042,110.0,sam2,1.414,1059.517,18.92
6189,falling,1,,,,,null,,,
6190,falling,1,,,,,null,,,
6191,falling,1,,,,,null,,,
6192,falling,1,700,239,28694,108.69,sam2,1.0,749.192,13.378
6193,falling,1,,,,,null,,,
6194,falling,1,,,,,null,,,
6195,falling,1,,,,,null,,,
6196,falling,1,700,239,28646,108.5,sam2,0.0,0.0,0.0
6197,falling,1,,,,,null,,,
6198,falling,1,,,,,null,,,
6199,falling,1,,,,,null,,,
6200,falling,1,699,239,28604,108.34,sam2,1.0,749.192,13.378
6201,falling,1,,,,,null,,,
6202,falling,1,,,,,null,,,
6203,falling,1,,,,,null,,,
6204,falling,1,700,239,28817,109.15,sam2,1.0,749.192,13.378
6205,falling,1,,,,,null,,,
6206,falling,1,,,,,null,,,
6207,falling,1,,,,,null,,,
6208,falling,1,700,239,28720,108.78,sam2,0.0,0.0,0.0
6209,falling,1,,,,,null,,,
6210,falling,1,,,,,null,,,
6211,falling,1,,,,,null,,,
6212,falling,1,699,240,28893,109.44,sam2,1.414,1059.517,18.92
6213,falling,1,,,,,null,,,
6214,falling,1,,,,,null,,,
6215,falling,1,,,,,null,,,
6216,falling,1,700,239,28781,109.01,sam2,1.414,1059.517,18.92
6217,falling,1,,,,,null,,,
6218,falling,1,,,,,null,,,
6219,falling,1,,,,,null,,,
6220,falling,1,699,240,28896,109.45,sam2,1.414,1059.517,18.92
6221,falling,1,,,,,null,,,
6222,falling,1,,,,,null,,,
6223,falling,1,,,,,null,,,
6224,falling,1,700,239,28819,109.16,sam2,1.414,1059.517,18.92
6225,falling,1,,,,,null,,,
6226,falling,1,,,,,null,,,
6227,falling,1,,,,,null,,,
6228,falling,1,700,239,28537,108.09,sam2,0.0,0.0,0.0
6229,falling,1,,,,,null,,,
6230,falling,1,,,,,null,,,
6231,falling,1,,,,,null,,,
6232,falling,1,700,239,28705,108.73,sam2,0.0,0.0,0.0
6233,falling,1,,,,,null,,,
6234,falling,1,,,,,null,,,
6235,falling,1,,,,,null,,,
6236,falling,1,699,239,28379,107.49,sam2,1.0,749.192,13.378
6237,falling,1,,,,,null,,,
6238,falling,1,,,,,null,,,
6239,falling,1,,,,,null,,,
6240,falling,1,700,239,28785,109.03,sam2,1.0,749.192,13.378
6241,falling,1,,,,,null,,,
6242,falling,1,,,,,null,,,
6243,falling,1,,,,,null,,,
6244,falling,1,700,239,28790,109.05,sam2,0.0,0.0,0.0
6245,falling,1,,,,,null,,,
6246,falling,1,,,,,null,,,
6247,falling,1,,,,,null,,,
6248,falling,1,700,239,28837,109.23,sam2,0.0,0.0,0.0
6249,falling,1,,,,,null,,,
6250,falling,1,,,,,null,,,
6251,falling,1,,,,,null,,,
6252,falling,1,700,239,28518,108.02,sam2,0.0,0.0,0.0
6253,falling,1,,,,,null,,,
6254,falling,1,,,,,null,,,
6255,falling,1,,,,,null,,,
6256,falling,1,699,239,28594,108.31,sam2,1.0,749.192,13.378
6257,falling,1,,,,,null,,,
6258,falling,1,,,,,null,,,
6259,falling,1,,,,,null,,,
6260,falling,1,699,239,28542,108.11,sam2,0.0,0.0,0.0
6261,falling,1,,,,,null,,,
6262,falling,1,,,,,null,,,
6263,falling,1,,,,,null,,,
6264,falling,1,699,239,28816,109.15,sam2,0.0,0.0,0.0
6265,falling,1,,,,,null,,,
6266,falling,1,,,,,null,,,
6267,falling,1,,,,,null,,,
6268,falling,1,699,239,28404,107.59,sam2,0.0,0.0,0.0
6269,falling,1,,,,,null,,,
6270,falling,1,,,,,null,,,
6271,falling,1,,,,,null,,,
6272,falling,1,699,239,28586,108.28,sam2,0.0,0.0,0.0
6273,falling,1,,,,,null,,,
6274,falling,1,,,,,null,,,
6275,falling,1,,,,,null,,,
6276,falling,1,699,239,28759,108.93,sam2,0.0,0.0,0.0
6277,falling,1,,,,,null,,,
6278,falling,1,,,,,null,,,
6279,falling,1,,,,,null,,,
6280,falling,1,699,239,28773,108.98,sam2,0.0,0.0,0.0
6281,falling,1,,,,,null,,,
6282,falling,1,,,,,null,,,
6283,falling,1,,,,,null,,,
6284,falling,1,699,239,28602,108.34,sam2,0.0,0.0,0.0
6285,falling,1,,,,,null,,,
6286,falling,1,,,,,null,,,
6287,falling,1,,,,,null,,,
6288,falling,1,700,240,28844,109.25,sam2,1.414,1059.517,18.92
6289,falling,1,,,,,null,,,
6290,falling,1,,,,,null,,,
6291,falling,1,,,,,null,,,
6292,falling,1,699,239,28394,107.55,sam2,1.414,1059.517,18.92
6293,falling,1,,,,,null,,,
6294,falling,1,,,,,null,,,
6295,falling,1,,,,,null,,,
6296,falling,1,699,239,28563,108.19,sam2,0.0,0.0,0.0
6297,falling,1,,,,,null,,,
6298,falling,1,,,,,null,,,
6299,falling,1,,,,,null,,,
6300,falling,1,699,239,28776,109.0,sam2,0.0,0.0,0.0
6301,falling,1,,,,,null,,,
6302,falling,1,,,,,null,,,
6303,falling,1,,,,,null,,,
6304,falling,1,699,239,28611,108.37,sam2,0.0,0.0,0.0
6305,falling,1,,,,,null,,,
6306,falling,1,,,,,null,,,
6307,falling,1,,,,,null,,,
6308,falling,1,700,239,28411,107.61,sam2,1.0,749.192,13.378
6309,falling,1,,,,,null,,,
6310,falling,1,,,,,null,,,
6311,falling,1,,,,,null,,,
6312,falling,1,699,239,28787,109.04,sam2,1.0,749.192,13.378
6313,falling,1,,,,,null,,,
6314,falling,1,,,,,null,,,
6315,falling,1,,,,,null,,,
6316,falling,1,700,239,28632,108.45,sam2,1.0,749.192,13.378
6317,falling,1,,,,,null,,,
6318,falling,1,,,,,null,,,
6319,falling,1,,,,,null,,,
6320,falling,1,699,239,28750,108.9,sam2,1.0,749.192,13.378
6321,falling,1,,,,,null,,,
6322,falling,1,,,,,null,,,
6323,falling,1,,,,,null,,,
6324,falling,1,700,239,28763,108.95,sam2,1.0,749.192,13.378
6325,falling,1,,,,,null,,,
6326,falling,1,,,,,null,,,
6327,falling,1,,,,,null,,,
6328,falling,1,700,239,28751,108.9,sam2,0.0,0.0,0.0
6329,falling,1,,,,,null,,,
6330,falling,1,,,,,null,,,
6331,falling,1,,,,,null,,,
6332,falling,1,699,239,28432,107.69,sam2,1.0,749.192,13.378
6333,falling,1,,,,,null,,,
6334,falling,1,,,,,null,,,
6335,falling,1,,,,,null,,,
6336,falling,1,699,239,28651,108.52,sam2,0.0,0.0,0.0
6337,falling,1,,,,,null,,,
6338,falling,1,,,,,null,,,
6339,falling,1,,,,,null,,,
6340,falling,1,699,239,28501,107.95,sam2,0.0,0.0,0.0
6341,falling,1,,,,,null,,,
6342,falling,1,,,,,null,,,
6343,falling,1,,,,,null,,,
6344,falling,1,699,239,28771,108.98,sam2,0.0,0.0,0.0
6345,falling,1,,,,,null,,,
6346,falling,1,,,,,null,,,
6347,falling,1,,,,,null,,,
6348,falling,1,700,240,28845,109.26,sam2,1.414,1059.517,18.92
6349,falling,1,,,,,null,,,
6350,falling,1,,,,,null,,,
6351,falling,1,,,,,null,,,
6352,falling,1,700,239,28646,108.5,sam2,1.0,749.192,13.378
6353,falling,1,,,,,null,,,
6354,falling,1,,,,,null,,,
6355,falling,1,,,,,null,,,
6356,falling,1,700,239,28697,108.7,sam2,0.0,0.0,0.0
6357,falling,1,,,,,null,,,
6358,falling,1,,,,,null,,,
6359,falling,1,,,,,null,,,
6360,falling,1,700,239,28628,108.44,sam2,0.0,0.0,0.0
6361,falling,1,,,,,null,,,
6362,falling,1,,,,,null,,,
6363,falling,1,,,,,null,,,
6364,falling,1,699,239,28592,108.3,sam2,1.0,749.192,13.378
6365,falling,1,,,,,null,,,
6366,falling,1,,,,,null,,,
6367,falling,1,,,,,null,,,
6368,falling,1,700,240,28957,109.68,sam2,1.414,1059.517,18.92
6369,falling,1,,,,,null,,,
6370,falling,1,,,,,null,,,
6371,falling,1,,,,,null,,,
6372,falling,1,699,239,28779,109.01,sam2,1.414,1059.517,18.92
6373,falling,1,,,,,null,,,
6374,falling,1,,,,,null,,,
6375,falling,1,,,,,null,,,
6376,falling,1,699,240,28841,109.24,sam2,1.0,749.192,13.378
6377,falling,1,,,,,null,,,
6378,falling,1,,,,,null,,,
6379,falling,1,,,,,null,,,
6380,falling,1,700,239,28769,108.97,sam2,1.414,1059.517,18.92
6381,falling,1,,,,,null,,,
6382,falling,1,,,,,null,,,
6383,falling,1,,,,,null,,,
6384,falling,1,700,239,28554,108.15,sam2,0.0,0.0,0.0
6385,falling,1,,,,,null,,,
6386,falling,1,,,,,null,,,
6387,falling,1,,,,,null,,,
6388,falling,1,699,239,28495,107.93,sam2,1.0,749.192,13.378
6389,falling,1,,,,,null,,,
6390,falling,1,,,,,null,,,
6391,falling,1,,,,,null,,,
6392,falling,1,699,239,28788,109.04,sam2,0.0,0.0,0.0
6393,falling,1,,,,,null,,,
6394,falling,1,,,,,null,,,
6395,falling,1,,,,,null,,,
6396,falling,1,699,240,28922,109.55,sam2,1.0,749.192,13.378
6397,falling,1,,,,,null,,,
6398,falling,1,,,,,null,,,
6399,falling,1,,,,,null,,,
6400,falling,1,699,239,28782,109.02,sam2,1.0,749.192,13.378
6401,falling,1,,,,,null,,,
6402,falling,1,,,,,null,,,
6403,falling,1,,,,,null,,,
6404,falling,1,699,239,28745,108.88,sam2,0.0,0.0,0.0
6405,falling,1,,,,,null,,,
6406,falling,1,,,,,null,,,
6407,falling,1,,,,,null,,,
6408,falling,1,700,240,28931,109.58,sam2,1.414,1059.517,18.92
6409,falling,1,,,,,null,,,
6410,falling,1,,,,,null,,,
6411,falling,1,,,,,null,,,
6412,falling,1,700,239,28726,108.81,sam2,1.0,749.192,13.378
6413,falling,1,,,,,null,,,
6414,falling,1,,,,,null,,,
6415,falling,1,,,,,null,,,
6416,falling,1,700,239,28675,108.61,sam2,0.0,0.0,0.0
6417,falling,1,,,,,null,,,
6418,falling,1,,,,,null,,,
6419,falling,1,,,,,null,,,
6420,falling,1,700,239,28723,108.8,sam2,0.0,0.0,0.0
6421,falling,1,,,,,null,,,
6422,falling,1,,,,,null,,,
6423,falling,1,,,,,null,,,
6424,falling,1,700,240,28928,109.57,sam2,1.0,749.192,13.378
6425,falling,1,,,,,null,,,
6426,falling,1,,,,,null,,,
6427,falling,1,,,,,null,,,
6428,falling,1,699,240,28849,109.27,sam2,1.0,749.192,13.378
6429,falling,1,,,,,null,,,
6430,falling,1,,,,,null,,,
6431,falling,1,,,,,null,,,
6432,falling,1,700,240,28851,109.28,sam2,1.0,749.192,13.378
6433,falling,1,,,,,null,,,
6434,falling,1,,,,,null,,,
6435,falling,1,,,,,null,,,
6436,falling,1,699,240,28969,109.73,sam2,1.0,749.192,13.378
6437,falling,1,,,,,null,,,
6438,falling,1,,,,,null,,,
6439,falling,1,,,,,null,,,
6440,falling,1,700,240,29089,110.18,sam2,1.0,749.192,13.378
6441,falling,1,,,,,null,,,
6442,falling,1,,,,,null,,,
6443,falling,1,,,,,null,,,
6444,falling,1,700,239,28756,108.92,sam2,1.0,749.192,13.378
6445,falling,1,,,,,null,,,
6446,falling,1,,,,,null,,,
6447,falling,1,,,,,null,,,
6448,falling,1,699,240,28932,109.59,sam2,1.414,1059.517,18.92
6449,falling,1,,,,,null,,,
6450,falling,1,,,,,null,,,
6451,falling,1,,,,,null,,,
6452,falling,1,699,240,28929,109.58,sam2,0.0,0.0,0.0
6453,falling,1,,,,,null,,,
6454,falling,1,,,,,null,,,
6455,falling,1,,,,,null,,,
6456,falling,1,699,239,28734,108.84,sam2,1.0,749.192,13.378
6457,falling,1,,,,,null,,,
6458,falling,1,,,,,null,,,
6459,falling,1,,,,,null,,,
6460,falling,1,699,240,28875,109.37,sam2,1.0,749.192,13.378
6461,falling,1,,,,,null,,,
6462,falling,1,,,,,null,,,
6463,falling,1,,,,,null,,,
6464,falling,1,700,240,28891,109.43,sam2,1.0,749.192,13.378
6465,falling,1,,,,,null,,,
6466,falling,1,,,,,null,,,
6467,falling,1,,,,,null,,,
6468,falling,1,700,240,28996,109.83,sam2,0.0,0.0,0.0
6469,falling,1,,,,,null,,,
6470,falling,1,,,,,null,,,
6471,falling,1,,,,,null,,,
6472,falling,1,700,240,29057,110.06,sam2,0.0,0.0,0.0
6473,falling,1,,,,,null,,,
6474,falling,1,,,,,null,,,
6475,falling,1,,,,,null,,,
6476,falling,1,700,240,28884,109.4,sam2,0.0,0.0,0.0
6477,falling,1,,,,,null,,,
6478,falling,1,,,,,null,,,
6479,falling,1,,,,,null,,,
6480,falling,1,700,240,28881,109.39,sam2,0.0,0.0,0.0
6481,falling,1,,,,,null,,,
6482,falling,1,,,,,null,,,
6483,falling,1,,,,,null,,,
6484,falling,1,699,239,28714,108.76,sam2,1.414,1059.517,18.92
6485,falling,1,,,,,null,,,
6486,falling,1,,,,,null,,,
6487,falling,1,,,,,null,,,
6488,falling,1,700,240,28985,109.79,sam2,1.414,1059.517,18.92
6489,falling,1,,,,,null,,,
6490,falling,1,,,,,null,,,
6491,falling,1,,,,,null,,,
6492,falling,1,700,239,28812,109.13,sam2,1.0,749.192,13.378
6493,falling,1,,,,,null,,,
6494,falling,1,,,,,null,,,
6495,falling,1,,,,,null,,,
6496,falling,1,700,240,28954,109.67,sam2,1.0,749.192,13.378
6497,falling,1,,,,,null,,,
6498,falling,1,,,,,null,,,
6499,falling,1,,,,,null,,,
6500,falling,1,700,240,28965,109.71,sam2,0.0,0.0,0.0
6501,falling,1,,,,,null,,,
6502,falling,1,,,,,null,,,
6503,falling,1,,,,,null,,,
6504,falling,1,700,240,28982,109.78,sam2,0.0,0.0,0.0
6505,falling,1,,,,,null,,,
6506,falling,1,,,,,null,,,
6507,falling,1,,,,,null,,,
6508,falling,1,699,239,28655,108.54,sam2,1.414,1059.517,18.92
6509,falling,1,,,,,null,,,
6510,falling,1,,,,,null,,,
6511,falling,1,,,,,null,,,
6512,falling,1,700,240,28988,109.8,sam2,1.414,1059.517,18.92
6513,falling,1,,,,,null,,,
6514,falling,1,,,,,null,,,
6515,falling,1,,,,,null,,,
6516,falling,1,699,239,28782,109.02,sam2,1.414,1059.517,18.92
6517,falling,1,,,,,null,,,
6518,falling,1,,,,,null,,,
6519,falling,1,,,,,null,,,
6520,falling,1,700,239,28476,107.86,sam2,1.0,749.192,13.378
6521,falling,1,,,,,null,,,
6522,falling,1,,,,,null,,,
6523,falling,1,,,,,null,,,
6524,falling,1,699,239,28604,108.34,sam2,1.0,749.192,13.378
6525,falling,1,,,,,null,,,
6526,falling,1,,,,,null,,,
6527,falling,1,,,,,null,,,
6528,falling,1,700,239,28726,108.81,sam2,1.0,749.192,13.378
6529,falling,1,,,,,null,,,
6530,falling,1,,,,,null,,,
6531,falling,1,,,,,null,,,
6532,falling,1,699,239,28772,108.98,sam2,1.0,749.192,13.378
6533,falling,1,,,,,null,,,
6534,falling,1,,,,,null,,,
6535,falling,1,,,,,null,,,
6536,falling,1,700,239,28719,108.78,sam2,1.0,749.192,13.378
6537,falling,1,,,,,null,,,
6538,falling,1,,,,,null,,,
6539,falling,1,,,,,null,,,
6540,falling,1,699,239,28811,109.13,sam2,1.0,749.192,13.378
6541,falling,1,,,,,null,,,
6542,falling,1,,,,,null,,,
6543,falling,1,,,,,null,,,
6544,falling,1,699,239,28499,107.95,sam2,0.0,0.0,0.0
6545,falling,1,,,,,null,,,
6546,falling,1,,,,,null,,,
6547,falling,1,,,,,null,,,
6548,falling,1,700,240,28902,109.47,sam2,1.414,1059.517,18.92
6549,falling,1,,,,,null,,,
6550,falling,1,,,,,null,,,
6551,falling,1,,,,,null,,,
6552,falling,1,700,239,28594,108.31,sam2,1.0,749.192,13.378
6553,falling,1,,,,,null,,,
6554,falling,1,,,,,null,,,
6555,falling,1,,,,,null,,,
6556,falling,1,700,239,28734,108.84,sam2,0.0,0.0,0.0
6557,falling,1,,,,,null,,,
6558,falling,1,,,,,null,,,
6559,falling,1,,,,,null,,,
6560,falling,1,700,239,28677,108.62,sam2,0.0,0.0,0.0
6561,falling,1,,,,,null,,,
6562,falling,1,,,,,null,,,
6563,falling,1,,,,,null,,,
6564,falling,1,699,239,28488,107.91,sam2,1.0,749.192,13.378
6565,falling,1,,,,,null,,,
6566,falling,1,,,,,null,,,
6567,falling,1,,,,,null,,,
6568,falling,1,699,239,28605,108.35,sam2,0.0,0.0,0.0
6569,falling,1,,,,,null,,,
6570,falling,1,,,,,null,,,
6571,falling,1,,,,,null,,,
6572,falling,1,700,239,28852,109.28,sam2,1.0,749.192,13.378
6573,falling,1,,,,,null,,,
6574,falling,1,,,,,null,,,
6575,falling,1,,,,,null,,,
6576,falling,1,699,238,28263,107.05,sam2,1.414,1059.517,18.92
6577,falling,1,,,,,null,,,
6578,falling,1,,,,,null,,,
6579,falling,1,,,,,null,,,
6580,falling,1,700,240,28887,109.42,sam2,2.236,1675.243,29.915
6581,falling,1,,,,,null,,,
6582,falling,1,,,,,null,,,
6583,falling,1,,,,,null,,,
6584,falling,1,700,239,28431,107.69,sam2,1.0,749.192,13.378
6585,falling,1,,,,,null,,,
6586,falling,1,,,,,null,,,
6587,falling,1,,,,,null,,,
6588,falling,1,700,239,28665,108.58,sam2,0.0,0.0,0.0
6589,falling,1,,,,,null,,,
6590,falling,1,,,,,null,,,
6591,falling,1,,,,,null,,,
6592,falling,1,700,239,28718,108.78,sam2,0.0,0.0,0.0
6593,falling,1,,,,,null,,,
6594,falling,1,,,,,null,,,
6595,falling,1,,,,,null,,,
6596,falling,1,700,239,28865,109.33,sam2,0.0,0.0,0.0
6597,falling,1,,,,,null,,,
6598,falling,1,,,,,null,,,
6599,falling,1,,,,,null,,,
6600,falling,1,700,239,28586,108.28,sam2,0.0,0.0,0.0
6601,falling,1,,,,,null,,,
6602,falling,1,,,,,null,,,
6603,falling,1,,,,,null,,,
6604,falling,1,700,238,28191,106.78,sam2,1.0,749.192,13.378
6605,falling,1,,,,,null,,,
6606,falling,1,,,,,null,,,
6607,falling,1,,,,,null,,,
6608,falling,1,700,239,28644,108.5,sam2,1.0,749.192,13.378
6609,falling,1,,,,,null,,,
6610,falling,1,,,,,null,,,
6611,falling,1,,,,,null,,,
6612,falling,1,700,239,28674,108.61,sam2,0.0,0.0,0.0
6613,falling,1,,,,,null,,,
6614,falling,1,,,,,null,,,
6615,falling,1,,,,,null,,,
6616,falling,1,700,239,28622,108.41,sam2,0.0,0.0,0.0
6617,falling,1,,,,,null,,,
6618,falling,1,,,,,null,,,
6619,falling,1,,,,,null,,,
6620,falling,1,700,239,28778,109.0,sam2,0.0,0.0,0.0
6621,falling,1,,,,,null,,,
6622,falling,1,,,,,null,,,
6623,falling,1,,,,,null,,,
6624,falling,1,700,239,28788,109.04,sam2,0.0,0.0,0.0
6625,falling,1,,,,,null,,,
6626,falling,1,,,,,null,,,
6627,falling,1,,,,,null,,,
6628,falling,1,699,239,28633,108.45,sam2,1.0,749.192,13.378
6629,falling,1,,,,,null,,,
6630,falling,1,,,,,null,,,
6631,falling,1,,,,,null,,,
6632,falling,1,699,239,28457,107.79,sam2,0.0,0.0,0.0
6633,falling,1,,,,,null,,,
6634,falling,1,,,,,null,,,
6635,falling,1,,,,,null,,,
6636,falling,1,700,239,28523,108.04,sam2,1.0,749.192,13.378
6637,falling,1,,,,,null,,,
6638,falling,1,,,,,null,,,
6639,falling,1,,,,,null,,,
6640,falling,1,700,239,28439,107.72,sam2,0.0,0.0,0.0
6641,falling,1,,,,,null,,,
6642,falling,1,,,,,null,,,
6643,falling,1,,,,,null,,,
6644,falling,1,700,239,28558,108.17,sam2,0.0,0.0,0.0
6645,falling,1,,,,,null,,,
6646,falling,1,,,,,null,,,
6647,falling,1,,,,,null,,,
6648,falling,1,700,240,28875,109.37,sam2,1.0,749.192,13.378
6649,falling,1,,,,,null,,,
6650,falling,1,,,,,null,,,
6651,falling,1,,,,,null,,,
6652,falling,1,700,239,28605,108.35,sam2,1.0,749.192,13.378
6653,falling,1,,,,,null,,,
6654,falling,1,,,,,null,,,
6655,falling,1,,,,,null,,,
6656,falling,1,700,240,29035,109.98,sam2,1.0,749.192,13.378
6657,falling,1,,,,,null,,,
6658,falling,1,,,,,null,,,
6659,falling,1,,,,,null,,,
6660,falling,1,700,240,28899,109.46,sam2,0.0,0.0,0.0
6661,falling,1,,,,,null,,,
6662,falling,1,,,,,null,,,
6663,falling,1,,,,,null,,,
6664,falling,1,700,240,28948,109.65,sam2,0.0,0.0,0.0
6665,falling,1,,,,,null,,,
6666,falling,1,,,,,null,,,
6667,falling,1,,,,,null,,,
6668,falling,1,700,239,28587,108.28,sam2,1.0,749.192,13.378
6669,falling,1,,,,,null,,,
6670,falling,1,,,,,null,,,
6671,falling,1,,,,,null,,,
6672,falling,1,700,239,28843,109.25,sam2,0.0,0.0,0.0
6673,falling,1,,,,,null,,,
6674,falling,1,,,,,null,,,
6675,falling,1,,,,,null,,,
6676,falling,1,700,239,28673,108.61,sam2,0.0,0.0,0.0
6677,falling,1,,,,,null,,,
6678,falling,1,,,,,null,,,
6679,falling,1,,,,,null,,,
6680,falling,1,699,239,28732,108.83,sam2,1.0,749.192,13.378
6681,falling,1,,,,,null,,,
6682,falling,1,,,,,null,,,
6683,falling,1,,,,,null,,,
6684,falling,1,700,239,28673,108.61,sam2,1.0,749.192,13.378
6685,falling,1,,,,,null,,,
6686,falling,1,,,,,null,,,
6687,falling,1,,,,,null,,,
6688,falling,1,699,239,28614,108.38,sam2,1.0,749.192,13.378
6689,falling,1,,,,,null,,,
6690,falling,1,,,,,null,,,
6691,falling,1,,,,,null,,,
6692,falling,1,700,239,28536,108.09,sam2,1.0,749.192,13.378
6693,falling,1,,,,,null,,,
6694,falling,1,,,,,null,,,
6695,falling,1,,,,,null,,,
6696,falling,1,699,239,28545,108.12,sam2,1.0,749.192,13.378
6697,falling,1,,,,,null,,,
6698,falling,1,,,,,null,,,
6699,falling,1,,,,,null,,,
6700,falling,1,700,239,28435,107.7,sam2,1.0,749.192,13.378
6701,falling,1,,,,,null,,,
6702,falling,1,,,,,null,,,
6703,falling,1,,,,,null,,,
6704,falling,1,700,239,28640,108.48,sam2,0.0,0.0,0.0
6705,falling,1,,,,,null,,,
6706,falling,1,,,,,null,,,
6707,falling,1,,,,,null,,,
6708,falling,1,700,239,28638,108.47,sam2,0.0,0.0,0.0
6709,falling,1,,,,,null,,,
6710,falling,1,,,,,null,,,
6711,falling,1,,,,,null,,,
6712,falling,1,700,239,28581,108.26,sam2,0.0,0.0,0.0
6713,falling,1,,,,,null,,,
6714,falling,1,,,,,null,,,
6715,falling,1,,,,,null,,,
6716,falling,1,700,239,28716,108.77,sam2,0.0,0.0,0.0
6717,falling,1,,,,,null,,,
6718,falling,1,,,,,null,,,
6719,falling,1,,,,,null,,,
6720,falling,1,700,239,28629,108.44,sam2,0.0,0.0,0.0
6721,falling,1,,,,,null,,,
6722,falling,1,,,,,null,,,
6723,falling,1,,,,,null,,,
6724,falling,1,700,239,28433,107.7,sam2,0.0,0.0,0.0
6725,falling,1,,,,,null,,,
6726,falling,1,,,,,null,,,
6727,falling,1,,,,,null,,,
6728,falling,1,699,239,28638,108.47,sam2,1.0,749.192,13.378
6729,falling,1,,,,,null,,,
6730,falling,1,,,,,null,,,
6731,falling,1,,,,,null,,,
6732,falling,1,700,239,28819,109.16,sam2,1.0,749.192,13.378
6733,falling,1,,,,,null,,,
6734,falling,1,,,,,null,,,
6735,falling,1,,,,,null,,,
6736,falling,1,700,240,28854,109.29,sam2,1.0,749.192,13.378
6737,falling,1,,,,,null,,,
6738,falling,1,,,,,null,,,
6739,falling,1,,,,,null,,,
6740,falling,1,700,239,28622,108.41,sam2,1.0,749.192,13.378
6741,falling,1,,,,,null,,,
6742,falling,1,,,,,null,,,
6743,falling,1,,,,,null,,,
6744,falling,1,699,239,28722,108.79,sam2,1.0,749.192,13.378
6745,falling,1,,,,,null,,,
6746,falling,1,,,,,null,,,
6747,falling,1,,,,,null,,,
6748,falling,1,699,240,28910,109.5,sam2,1.0,749.192,13.378
6749,falling,1,,,,,null,,,
6750,falling,1,,,,,null,,,
6751,falling,1,,,,,null,,,
6752,falling,1,700,240,28960,109.69,sam2,1.0,749.192,13.378
6753,falling,1,,,,,null,,,
6754,falling,1,,,,,null,,,
6755,falling,1,,,,,null,,,
6756,falling,1,699,239,28791,109.05,sam2,1.414,1059.517,18.92
6757,falling,1,,,,,null,,,
6758,falling,1,,,,,null,,,
6759,falling,1,,,,,null,,,
6760,falling,1,700,239,28640,108.48,sam2,1.0,749.192,13.378
6761,falling,1,,,,,null,,,
6762,falling,1,,,,,null,,,
6763,falling,1,,,,,null,,,
6764,falling,1,700,239,28823,109.17,sam2,0.0,0.0,0.0
6765,falling,1,,,,,null,,,
6766,falling,1,,,,,null,,,
6767,falling,1,,,,,null,,,
6768,falling,1,699,239,28710,108.75,sam2,1.0,749.192,13.378
6769,falling,1,,,,,null,,,
6770,falling,1,,,,,null,,,
6771,falling,1,,,,,null,,,
6772,falling,1,700,240,29002,109.85,sam2,1.414,1059.517,18.92
6773,falling,1,,,,,null,,,
6774,falling,1,,,,,null,,,
6775,falling,1,,,,,null,,,
6776,falling,1,699,239,28685,108.65,sam2,1.414,1059.517,18.92
6777,falling,1,,,,,null,,,
6778,falling,1,,,,,null,,,
6779,falling,1,,,,,null,,,
6780,falling,1,700,239,28486,107.9,sam2,1.0,749.192,13.378
6781,falling,1,,,,,null,,,
6782,falling,1,,,,,null,,,
6783,falling,1,,,,,null,,,
6784,falling,1,699,240,28901,109.47,sam2,1.414,1059.517,18.92
6785,falling,1,,,,,null,,,
6786,falling,1,,,,,null,,,
6787,falling,1,,,,,null,,,
6788,falling,1,699,239,28754,108.91,sam2,1.0,749.192,13.378
6789,falling,1,,,,,null,,,
6790,falling,1,,,,,null,,,
6791,falling,1,,,,,null,,,
6792,falling,1,700,240,29228,110.71,sam2,1.414,1059.517,18.92
6793,falling,1,,,,,null,,,
6794,falling,1,,,,,null,,,
6795,falling,1,,,,,null,,,
6796,falling,1,700,239,28717,108.77,sam2,1.0,749.192,13.378
6797,falling,1,,,,,null,,,
6798,falling,1,,,,,null,,,
6799,falling,1,,,,,null,,,
6800,falling,1,700,239,28760,108.94,sam2,0.0,0.0,0.0
6801,falling,1,,,,,null,,,
6802,falling,1,,,,,null,,,
6803,falling,1,,,,,null,,,
6804,falling,1,699,239,28565,108.2,sam2,1.0,749.192,13.378
6805,falling,1,,,,,null,,,
6806,falling,1,,,,,null,,,
6807,falling,1,,,,,null,,,
6808,falling,1,699,239,28750,108.9,sam2,0.0,0.0,0.0
6809,falling,1,,,,,null,,,
6810,falling,1,,,,,null,,,
6811,falling,1,,,,,null,,,
6812,falling,1,699,240,28823,109.17,sam2,1.0,749.192,13.378
6813,falling,1,,,,,null,,,
6814,falling,1,,,,,null,,,
6815,falling,1,,,,,null,,,
6816,falling,1,699,240,28912,109.51,sam2,0.0,0.0,0.0
6817,falling,1,,,,,null,,,
6818,falling,1,,,,,null,,,
6819,falling,1,,,,,null,,,
6820,falling,1,699,239,28817,109.15,sam2,1.0,749.192,13.378
6821,falling,1,,,,,null,,,
6822,falling,1,,,,,null,,,
6823,falling,1,,,,,null,,,
6824,falling,1,699,239,28555,108.16,sam2,0.0,0.0,0.0
6825,falling,1,,,,,null,,,
6826,falling,1,,,,,null,,,
6827,falling,1,,,,,null,,,
6828,falling,1,699,240,28883,109.4,sam2,1.0,749.192,13.378
6829,falling,1,,,,,null,,,
6830,falling,1,,,,,null,,,
6831,falling,1,,,,,null,,,
6832,falling,1,699,240,28865,109.33,sam2,0.0,0.0,0.0
6833,falling,1,,,,,null,,,
6834,falling,1,,,,,null,,,
6835,falling,1,,,,,null,,,
6836,falling,1,699,239,28539,108.1,sam2,1.0,749.192,13.378
6837,falling,1,,,,,null,,,
6838,falling,1,,,,,null,,,
6839,falling,1,,,,,null,,,
6840,falling,1,700,240,28967,109.72,sam2,1.414,1059.517,18.92
6841,falling,1,,,,,null,,,
6842,falling,1,,,,,null,,,
6843,falling,1,,,,,null,,,
6844,falling,1,700,240,29008,109.87,sam2,0.0,0.0,0.0
6845,falling,1,,,,,null,,,
6846,falling,1,,,,,null,,,
6847,falling,1,,,,,null,,,
6848,falling,1,700,239,28747,108.89,sam2,1.0,749.192,13.378
6849,falling,1,,,,,null,,,
6850,falling,1,,,,,null,,,
6851,falling,1,,,,,null,,,
6852,falling,1,700,239,28672,108.6,sam2,0.0,0.0,0.0
6853,falling,1,,,,,null,,,
6854,falling,1,,,,,null,,,
6855,falling,1,,,,,null,,,
6856,falling,1,700,240,29061,110.08,sam2,1.0,749.192,13.378
6857,falling,1,,,,,null,,,
6858,falling,1,,,,,null,,,
6859,falling,1,,,,,null,,,
6860,falling,1,700,240,28879,109.39,sam2,0.0,0.0,0.0
6861,falling,1,,,,,null,,,
6862,falling,1,,,,,null,,,
6863,falling,1,,,,,null,,,
6864,falling,1,699,239,28630,108.44,sam2,1.414,1059.517,18.92
6865,falling,1,,,,,null,,,
6866,falling,1,,,,,null,,,
6867,falling,1,,,,,null,,,
6868,falling,1,700,240,28978,109.76,sam2,1.414,1059.517,18.92
6869,falling,1,,,,,null,,,
6870,falling,1,,,,,null,,,
6871,falling,1,,,,,null,,,
6872,falling,1,700,239,28755,108.92,sam2,1.0,749.192,13.378
6873,falling,1,,,,,null,,,
6874,falling,1,,,,,null,,,
6875,falling,1,,,,,null,,,
6876,falling,1,699,239,28607,108.36,sam2,1.0,749.192,13.378
6877,falling,1,,,,,null,,,
6878,falling,1,,,,,null,,,
6879,falling,1,,,,,null,,,
6880,falling,1,700,240,29096,110.21,sam2,1.414,1059.517,18.92
6881,falling,1,,,,,null,,,
6882,falling,1,,,,,null,,,
6883,falling,1,,,,,null,,,
6884,falling,1,699,240,28787,109.04,sam2,1.0,749.192,13.378
6885,falling,1,,,,,null,,,
6886,falling,1,,,,,null,,,
6887,falling,1,,,,,null,,,
6888,falling,1,700,240,28868,109.34,sam2,1.0,749.192,13.378
6889,falling,1,,,,,null,,,
6890,falling,1,,,,,null,,,
6891,falling,1,,,,,null,,,
6892,falling,1,700,239,28628,108.44,sam2,1.0,749.192,13.378
6893,falling,1,,,,,null,,,
6894,falling,1,,,,,null,,,
6895,falling,1,,,,,null,,,
6896,falling,1,700,240,28947,109.64,sam2,1.0,749.192,13.378
6897,falling,1,,,,,null,,,
6898,falling,1,,,,,null,,,
6899,falling,1,,,,,null,,,
6900,falling,1,700,240,28934,109.59,sam2,0.0,0.0,0.0
6901,falling,1,,,,,null,,,
6902,falling,1,,,,,null,,,
6903,falling,1,,,,,null,,,
6904,falling,1,700,239,28694,108.69,sam2,1.0,749.192,13.378
6905,falling,1,,,,,null,,,
6906,falling,1,,,,,null,,,
6907,falling,1,,,,,null,,,
6908,falling,1,699,239,28492,107.92,sam2,1.0,749.192,13.378
6909,falling,1,,,,,null,,,
6910,falling,1,,,,,null,,,
6911,falling,1,,,,,null,,,
6912,falling,1,700,239,28700,108.71,sam2,1.0,749.192,13.378
6913,falling,1,,,,,null,,,
6914,falling,1,,,,,null,,,
6915,falling,1,,,,,null,,,
6916,falling,1,699,239,28562,108.19,sam2,1.0,749.192,13.378
6917,falling,1,,,,,null,,,
6918,falling,1,,,,,null,,,
6919,falling,1,,,,,null,,,
6920,falling,1,699,239,28666,108.58,sam2,0.0,0.0,0.0
6921,falling,1,,,,,null,,,
6922,falling,1,,,,,null,,,
6923,falling,1,,,,,null,,,
6924,falling,1,700,240,28818,109.15,sam2,1.414,1059.517,18.92
6925,falling,1,,,,,null,,,
6926,falling,1,,,,,null,,,
6927,falling,1,,,,,null,,,
6928,falling,1,700,240,28781,109.01,sam2,0.0,0.0,0.0
6929,falling,1,,,,,null,,,
6930,falling,1,,,,,null,,,
6931,falling,1,,,,,null,,,
6932,falling,1,700,239,28750,108.9,sam2,1.0,749.192,13.378
6933,falling,1,,,,,null,,,
6934,falling,1,,,,,null,,,
6935,falling,1,,,,,null,,,
6936,falling,1,699,240,28915,109.52,sam2,1.414,1059.517,18.92
6937,falling,1,,,,,null,,,
6938,falling,1,,,,,null,,,
6939,falling,1,,,,,null,,,
6940,falling,1,699,239,28657,108.55,sam2,1.0,749.192,13.378
6941,falling,1,,,,,null,,,
6942,falling,1,,,,,null,,,
6943,falling,1,,,,,null,,,
6944,falling,1,700,239,28696,108.69,sam2,1.0,749.192,13.378
6945,falling,1,,,,,null,,,
6946,falling,1,,,,,null,,,
6947,falling,1,,,,,null,,,
6948,falling,1,700,240,28811,109.13,sam2,1.0,749.192,13.378
6949,falling,1,,,,,null,,,
6950,falling,1,,,,,null,,,
6951,falling,1,,,,,null,,,
6952,falling,1,699,239,28646,108.5,sam2,1.414,1059.517,18.92
6953,falling,1,,,,,null,,,
6954,falling,1,,,,,null,,,
6955,falling,1,,,,,null,,,
6956,falling,1,700,239,28767,108.96,sam2,1.0,749.192,13.378
6957,falling,1,,,,,null,,,
6958,falling,1,,,,,null,,,
6959,falling,1,,,,,null,,,
6960,falling,1,699,239,28511,107.99,sam2,1.0,749.192,13.378
6961,falling,1,,,,,null,,,
6962,falling,1,,,,,null,,,
6963,falling,1,,,,,null,,,
6964,falling,1,700,240,28858,109.31,sam2,1.414,1059.517,18.92
6965,falling,1,,,,,null,,,
6966,falling,1,,,,,null,,,
6967,falling,1,,,,,null,,,
6968,falling,1,700,239,28661,108.56,sam2,1.0,749.192,13.378
6969,falling,1,,,,,null,,,
6970,falling,1,,,,,null,,,
6971,falling,1,,,,,null,,,
6972,falling,1,700,239,28702,108.72,sam2,0.0,0.0,0.0
6973,falling,1,,,,,null,,,
6974,falling,1,,,,,null,,,
6975,falling,1,,,,,null,,,
6976,falling,1,700,240,28758,108.93,sam2,1.0,749.192,13.378
6977,falling,1,,,,,null,,,
6978,falling,1,,,,,null,,,
6979,falling,1,,,,,null,,,
6980,falling,1,700,239,28712,108.75,sam2,1.0,749.192,13.378
6981,falling,1,,,,,null,,,
6982,falling,1,,,,,null,,,
6983,falling,1,,,,,null,,,
6984,falling,1,700,239,28519,108.02,sam2,0.0,0.0,0.0
6985,falling,1,,,,,null,,,
6986,falling,1,,,,,null,,,
6987,falling,1,,,,,null,,,
6988,falling,1,700,239,28567,108.2,sam2,0.0,0.0,0.0
6989,falling,1,,,,,null,,,
6990,falling,1,,,,,null,,,
6991,falling,1,,,,,null,,,
6992,falling,1,700,239,28625,108.42,sam2,0.0,0.0,0.0
6993,falling,1,,,,,null,,,
6994,falling,1,,,,,null,,,
6995,falling,1,,,,,null,,,
6996,falling,1,699,239,28673,108.61,sam2,1.0,749.192,13.378
6997,falling,1,,,,,null,,,
6998,falling,1,,,,,null,,,
6999,falling,1,,,,,null,,,
7000,falling,1,699,239,28590,108.29,sam2,0.0,0.0,0.0
7001,falling,1,,,,,null,,,
7002,falling,1,,,,,null,,,
7003,falling,1,,,,,null,,,
7004,falling,1,699,239,28561,108.18,sam2,0.0,0.0,0.0
7005,falling,1,,,,,null,,,
7006,falling,1,,,,,null,,,
7007,falling,1,,,,,null,,,
7008,falling,1,700,240,28865,109.33,sam2,1.414,1059.517,18.92
7009,falling,1,,,,,null,,,
7010,falling,1,,,,,null,,,
7011,falling,1,,,,,null,,,
7012,falling,1,700,239,28650,108.52,sam2,1.0,749.192,13.378
7013,falling,1,,,,,null,,,
7014,falling,1,,,,,null,,,
7015,falling,1,,,,,null,,,
7016,falling,1,699,239,28640,108.48,sam2,1.0,749.192,13.378
7017,falling,1,,,,,null,,,
7018,falling,1,,,,,null,,,
7019,falling,1,,,,,null,,,
7020,falling,1,699,240,28800,109.09,sam2,1.0,749.192,13.378
7021,falling,1,,,,,null,,,
7022,falling,1,,,,,null,,,
7023,falling,1,,,,,null,,,
7024,falling,1,699,239,28562,108.19,sam2,1.0,749.192,13.378
7025,falling,1,,,,,null,,,
7026,falling,1,,,,,null,,,
7027,falling,1,,,,,null,,,
7028,falling,1,700,239,28685,108.65,sam2,1.0,749.192,13.378
7029,falling,1,,,,,null,,,
7030,falling,1,,,,,null,,,
7031,falling,1,,,,,null,,,
7032,falling,1,699,239,28648,108.51,sam2,1.0,749.192,13.378
7033,falling,1,,,,,null,,,
7034,falling,1,,,,,null,,,
7035,falling,1,,,,,null,,,
7036,falling,1,699,239,28539,108.1,sam2,0.0,0.0,0.0
7037,falling,1,,,,,null,,,
7038,falling,1,,,,,null,,,
7039,falling,1,,,,,null,,,
7040,falling,1,700,239,28570,108.22,sam2,1.0,749.192,13.378
7041,falling,1,,,,,null,,,
7042,falling,1,,,,,null,,,
7043,falling,1,,,,,null,,,
7044,falling,1,699,239,28769,108.97,sam2,1.0,749.192,13.378
7045,falling,1,,,,,null,,,
7046,falling,1,,,,,null,,,
7047,falling,1,,,,,null,,,
7048,falling,1,699,239,28585,108.27,sam2,0.0,0.0,0.0
7049,falling,1,,,,,null,,,
7050,falling,1,,,,,null,,,
7051,falling,1,,,,,null,,,
7052,falling,1,700,239,28784,109.03,sam2,1.0,749.192,13.378
7053,falling,1,,,,,null,,,
7054,falling,1,,,,,null,,,
7055,falling,1,,,,,null,,,
7056,falling,1,700,239,28710,108.75,sam2,0.0,0.0,0.0
7057,falling,1,,,,,null,,,
7058,falling,1,,,,,null,,,
7059,falling,1,,,,,null,,,
7060,falling,1,699,239,28481,107.88,sam2,1.0,749.192,13.378
7061,falling,1,,,,,null,,,
7062,falling,1,,,,,null,,,
7063,falling,1,,,,,null,,,
7064,falling,1,699,239,28312,107.24,sam2,0.0,0.0,0.0
7065,falling,1,,,,,null,,,
7066,falling,1,,,,,null,,,
7067,falling,1,,,,,null,,,
7068,falling,1,699,240,28925,109.56,sam2,1.0,749.192,13.378
7069,falling,1,,,,,null,,,
7070,falling,1,,,,,null,,,
7071,falling,1,,,,,null,,,
7072,falling,1,700,239,28776,109.0,sam2,1.414,1059.517,18.92
7073,falling,1,,,,,null,,,
7074,falling,1,,,,,null,,,
7075,falling,1,,,,,null,,,
7076,falling,1,700,240,28835,109.22,sam2,1.0,749.192,13.378
7077,falling,1,,,,,null,,,
7078,falling,1,,,,,null,,,
7079,falling,1,,,,,null,,,
7080,falling,1,699,240,28976,109.75,sam2,1.0,749.192,13.378
7081,falling,1,,,,,null,,,
7082,falling,1,,,,,null,,,
7083,falling,1,,,,,null,,,
7084,falling,1,700,240,28898,109.46,sam2,1.0,749.192,13.378
7085,falling,1,,,,,null,,,
7086,falling,1,,,,,null,,,
7087,falling,1,,,,,null,,,
7088,falling,1,699,239,28807,109.11,sam2,1.414,1059.517,18.92
7089,falling,1,,,,,null,,,
7090,falling,1,,,,,null,,,
7091,falling,1,,,,,null,,,
7092,falling,1,700,239,28625,108.42,sam2,1.0,749.192,13.378
7093,falling,1,,,,,null,,,
7094,falling,1,,,,,null,,,
7095,falling,1,,,,,null,,,
7096,falling,1,700,239,28691,108.67,sam2,0.0,0.0,0.0
7097,falling,1,,,,,null,,,
7098,spreading,1,,,,,null,,,
7099,spreading,1,,,,,null,,,
7100,spreading,1,700,240,28947,109.64,sam2,1.0,749.192,13.378
7101,spreading,1,,,,,null,,,
7102,spreading,1,,,,,null,,,
7103,spreading,1,,,,,null,,,
7104,spreading,1,700,240,28813,109.14,sam2,0.0,0.0,0.0
7105,spreading,1,,,,,null,,,
7106,spreading,1,,,,,null,,,
7107,spreading,1,,,,,null,,,
7108,spreading,1,700,239,28635,108.46,sam2,1.0,749.192,13.378
7109,spreading,1,,,,,null,,,
7110,spreading,1,,,,,null,,,
7111,spreading,1,,,,,null,,,
7112,spreading,1,699,239,28677,108.62,sam2,1.0,749.192,13.378
7113,spreading,1,,,,,null,,,
7114,spreading,1,,,,,null,,,
7115,spreading,1,,,,,null,,,
7116,spreading,1,699,239,28539,108.1,sam2,0.0,0.0,0.0
7117,spreading,1,,,,,null,,,
7118,spreading,1,,,,,null,,,
7119,spreading,1,,,,,null,,,
7120,spreading,1,700,239,28751,108.9,sam2,1.0,749.192,13.378
7121,spreading,1,,,,,null,,,
7122,spreading,1,,,,,null,,,
7123,spreading,1,,,,,null,,,
7124,spreading,1,700,240,28972,109.74,sam2,1.0,749.192,13.378
7125,spreading,1,,,,,null,,,
7126,spreading,1,,,,,null,,,
7127,spreading,1,,,,,null,,,
7128,spreading,1,699,239,28724,108.8,sam2,1.414,1059.517,18.92
7129,spreading,1,,,,,null,,,
7130,spreading,1,,,,,null,,,
7131,spreading,1,,,,,null,,,
7132,spreading,1,700,239,28760,108.94,sam2,1.0,749.192,13.378
7133,spreading,1,,,,,null,,,
7134,spreading,1,,,,,null,,,
7135,spreading,1,,,,,null,,,
7136,spreading,1,700,240,28956,109.68,sam2,1.0,749.192,13.378
7137,spreading,1,,,,,null,,,
7138,spreading,1,,,,,null,,,
7139,spreading,1,,,,,null,,,
7140,spreading,1,700,239,28645,108.5,sam2,1.0,749.192,13.378
7141,spreading,1,,,,,null,,,
7142,spreading,1,,,,,null,,,
7143,spreading,1,,,,,null,,,
7144,spreading,1,700,239,28711,108.75,sam2,0.0,0.0,0.0
7145,spreading,1,,,,,null,,,
7146,spreading,1,,,,,null,,,
7147,spreading,1,,,,,null,,,
7148,spreading,1,700,240,28867,109.34,sam2,1.0,749.192,13.378
7149,spreading,1,,,,,null,,,
7150,spreading,1,,,,,null,,,
7151,spreading,1,,,,,null,,,
7152,spreading,1,699,239,28619,108.4,sam2,1.414,1059.517,18.92
7153,spreading,1,,,,,null,,,
7154,spreading,1,,,,,null,,,
7155,spreading,1,,,,,null,,,
7156,spreading,1,699,239,28665,108.58,sam2,0.0,0.0,0.0
7157,spreading,1,,,,,null,,,
7158,spreading,1,,,,,null,,,
7159,spreading,1,,,,,null,,,
7160,spreading,1,700,239,28807,109.11,sam2,1.0,749.192,13.378
7161,spreading,1,,,,,null,,,
7162,spreading,1,,,,,null,,,
7163,spreading,1,,,,,null,,,
7164,spreading,1,700,239,28685,108.65,sam2,0.0,0.0,0.0
7165,spreading,1,,,,,null,,,
7166,spreading,1,,,,,null,,,
7167,spreading,1,,,,,null,,,
7168,spreading,1,700,239,28557,108.17,sam2,0.0,0.0,0.0
7169,spreading,1,,,,,null,,,
7170,spreading,1,,,,,null,,,
7171,spreading,1,,,,,null,,,
7172,spreading,1,699,239,28699,108.7,sam2,1.0,749.192,13.378
7173,spreading,1,,,,,null,,,
7174,spreading,1,,,,,null,,,
7175,spreading,1,,,,,null,,,
7176,spreading,1,699,239,28700,108.71,sam2,0.0,0.0,0.0
7177,spreading,1,,,,,null,,,
7178,spreading,1,,,,,null,,,
7179,spreading,1,,,,,null,,,
7180,spreading,1,700,239,28561,108.18,sam2,1.0,749.192,13.378
7181,spreading,1,,,,,null,,,
7182,spreading,1,,,,,null,,,
7183,spreading,1,,,,,null,,,
7184,spreading,1,699,239,28758,108.93,sam2,1.0,749.192,13.378
7185,spreading,1,,,,,null,,,
7186,spreading,1,,,,,null,,,
7187,spreading,1,,,,,null,,,
7188,spreading,1,700,239,28779,109.01,sam2,1.0,749.192,13.378
7189,spreading,1,,,,,null,,,
7190,spreading,1,,,,,null,,,
7191,spreading,1,,,,,null,,,
7192,spreading,1,700,240,28838,109.23,sam2,1.0,749.192,13.378
7193,spreading,1,,,,,null,,,
7194,spreading,1,,,,,null,,,
7195,spreading,1,,,,,null,,,
7196,spreading,1,700,240,28822,109.17,sam2,0.0,0.0,0.0
7197,spreading,1,,,,,null,,,
7198,spreading,1,,,,,null,,,
7199,spreading,1,,,,,null,,,
7200,spreading,1,699,239,28447,107.75,sam2,1.414,1059.517,18.92
7201,spreading,1,,,,,null,,,
7202,spreading,1,,,,,null,,,
7203,spreading,1,,,,,null,,,
7204,spreading,1,700,240,28816,109.15,sam2,1.414,1059.517,18.92
7205,spreading,1,,,,,null,,,
7206,spreading,1,,,,,null,,,
7207,spreading,1,,,,,null,,,
7208,spreading,1,700,240,29036,109.98,sam2,0.0,0.0,0.0
7209,spreading,1,,,,,null,,,
7210,spreading,1,,,,,null,,,
7211,spreading,1,,,,,null,,,
7212,spreading,1,700,240,28881,109.39,sam2,0.0,0.0,0.0
7213,spreading,1,,,,,null,,,
7214,spreading,1,,,,,null,,,
7215,spreading,1,,,,,null,,,
7216,spreading,1,700,239,28771,108.98,sam2,1.0,749.192,13.378
7217,spreading,1,,,,,null,,,
7218,spreading,1,,,,,null,,,
7219,spreading,1,,,,,null,,,
7220,spreading,1,700,239,28655,108.54,sam2,0.0,0.0,0.0
7221,spreading,1,,,,,null,,,
7222,spreading,1,,,,,null,,,
7223,spreading,1,,,,,null,,,
7224,spreading,1,700,239,28728,108.81,sam2,0.0,0.0,0.0
7225,spreading,1,,,,,null,,,
7226,spreading,1,,,,,null,,,
7227,spreading,1,,,,,null,,,
7228,spreading,1,700,240,29067,110.1,sam2,1.0,749.192,13.378
7229,spreading,1,,,,,null,,,
7230,spreading,1,,,,,null,,,
7231,spreading,1,,,,,null,,,
7232,spreading,1,700,239,28647,108.51,sam2,1.0,749.192,13.378
7233,spreading,1,,,,,null,,,
7234,spreading,1,,,,,null,,,
7235,spreading,1,,,,,null,,,
7236,spreading,1,700,239,28737,108.85,sam2,0.0,0.0,0.0
7237,spreading,1,,,,,null,,,
7238,spreading,1,,,,,null,,,
7239,spreading,1,,,,,null,,,
7240,spreading,1,700,239,28738,108.85,sam2,0.0,0.0,0.0
7241,spreading,1,,,,,null,,,
7242,spreading,1,,,,,null,,,
7243,spreading,1,,,,,null,,,
7244,spreading,1,700,240,28970,109.73,sam2,1.0,749.192,13.378
7245,spreading,1,,,,,null,,,
7246,spreading,1,,,,,null,,,
7247,spreading,1,,,,,null,,,
7248,spreading,1,700,239,28588,108.28,sam2,1.0,749.192,13.378
7249,spreading,1,,,,,null,,,
7250,spreading,1,,,,,null,,,
7251,spreading,1,,,,,null,,,
7252,spreading,1,700,239,28662,108.56,sam2,0.0,0.0,0.0
7253,spreading,1,,,,,null,,,
7254,spreading,1,,,,,null,,,
7255,spreading,1,,,,,null,,,
7256,spreading,1,700,239,28731,108.83,sam2,0.0,0.0,0.0
7257,spreading,1,,,,,null,,,
7258,spreading,1,,,,,null,,,
7259,spreading,1,,,,,null,,,
7260,spreading,1,700,240,28845,109.26,sam2,1.0,749.192,13.378
7261,spreading,1,,,,,null,,,
7262,spreading,1,,,,,null,,,
7263,spreading,1,,,,,null,,,
7264,spreading,1,699,239,28535,108.08,sam2,1.414,1059.517,18.92
7265,spreading,1,,,,,null,,,
7266,spreading,1,,,,,null,,,
7267,spreading,1,,,,,null,,,
7268,spreading,1,699,240,28866,109.34,sam2,1.0,749.192,13.378
7269,spreading,1,,,,,null,,,
7270,spreading,1,,,,,null,,,
7271,spreading,1,,,,,null,,,
7272,spreading,1,699,239,28622,108.41,sam2,1.0,749.192,13.378
7273,spreading,1,,,,,null,,,
7274,spreading,1,,,,,null,,,
7275,spreading,1,,,,,null,,,
7276,spreading,1,699,239,28423,107.66,sam2,0.0,0.0,0.0
7277,spreading,1,,,,,null,,,
7278,spreading,1,,,,,null,,,
7279,spreading,1,,,,,null,,,
7280,spreading,1,699,239,28792,109.06,sam2,0.0,0.0,0.0
7281,spreading,1,,,,,null,,,
7282,spreading,1,,,,,null,,,
7283,spreading,1,,,,,null,,,
7284,spreading,1,699,239,28457,107.79,sam2,0.0,0.0,0.0
7285,spreading,1,,,,,null,,,
7286,spreading,1,,,,,null,,,
7287,spreading,1,,,,,null,,,
7288,spreading,1,699,239,28502,107.96,sam2,0.0,0.0,0.0
7289,spreading,1,,,,,null,,,
7290,spreading,1,,,,,null,,,
7291,spreading,1,,,,,null,,,
7292,spreading,1,699,239,28773,108.98,sam2,0.0,0.0,0.0
7293,spreading,1,,,,,null,,,
7294,spreading,1,,,,,null,,,
7295,spreading,1,,,,,null,,,
7296,spreading,1,699,239,28731,108.83,sam2,0.0,0.0,0.0
7297,spreading,1,,,,,null,,,
7298,spreading,1,,,,,null,,,
7299,spreading,1,,,,,null,,,
7300,spreading,1,700,239,28560,108.18,sam2,1.0,749.192,13.378
7301,spreading,1,,,,,null,,,
7302,spreading,1,,,,,null,,,
7303,spreading,1,,,,,null,,,
7304,spreading,1,700,240,28959,109.69,sam2,1.0,749.192,13.378
7305,spreading,1,,,,,null,,,
7306,spreading,1,,,,,null,,,
7307,spreading,1,,,,,null,,,
7308,spreading,1,699,239,28639,108.48,sam2,1.414,1059.517,18.92
7309,spreading,1,,,,,null,,,
7310,spreading,1,,,,,null,,,
7311,spreading,1,,,,,null,,,
7312,spreading,1,699,239,28307,107.22,sam2,0.0,0.0,0.0
7313,spreading,1,,,,,null,,,
7314,spreading,1,,,,,null,,,
7315,spreading,1,,,,,null,,,
7316,spreading,1,700,240,28843,109.25,sam2,1.414,1059.517,18.92
7317,spreading,1,,,,,null,,,
7318,spreading,1,,,,,null,,,
7319,spreading,1,,,,,null,,,
7320,spreading,1,699,239,28491,107.92,sam2,1.414,1059.517,18.92
7321,spreading,1,,,,,null,,,
7322,spreading,1,,,,,null,,,
7323,spreading,1,,,,,null,,,
7324,spreading,1,700,240,28865,109.33,sam2,1.414,1059.517,18.92
7325,spreading,1,,,,,null,,,
7326,spreading,1,,,,,null,,,
7327,spreading,1,,,,,null,,,
7328,spreading,1,699,239,28400,107.57,sam2,1.414,1059.517,18.92
7329,spreading,1,,,,,null,,,
7330,spreading,1,,,,,null,,,
7331,spreading,1,,,,,null,,,
7332,spreading,1,700,240,28797,109.08,sam2,1.414,1059.517,18.92
7333,spreading,1,,,,,null,,,
7334,spreading,1,,,,,null,,,
7335,spreading,1,,,,,null,,,
7336,spreading,1,700,239,28715,108.76,sam2,1.0,749.192,13.378
7337,spreading,1,,,,,null,,,
7338,spreading,1,,,,,null,,,
7339,spreading,1,,,,,null,,,
7340,spreading,1,699,239,28608,108.36,sam2,1.0,749.192,13.378
7341,spreading,1,,,,,null,,,
7342,spreading,1,,,,,null,,,
7343,spreading,1,,,,,null,,,
7344,spreading,1,699,239,28477,107.86,sam2,0.0,0.0,0.0
7345,spreading,1,,,,,null,,,
7346,spreading,1,,,,,null,,,
7347,spreading,1,,,,,null,,,
7348,spreading,1,700,239,28680,108.63,sam2,1.0,749.192,13.378
7349,spreading,1,,,,,null,,,
7350,spreading,1,,,,,null,,,
7351,spreading,1,,,,,null,,,
7352,spreading,1,700,239,28317,107.26,sam2,0.0,0.0,0.0
7353,spreading,1,,,,,null,,,
7354,spreading,1,,,,,null,,,
7355,spreading,1,,,,,null,,,
7356,spreading,1,699,239,28644,108.5,sam2,1.0,749.192,13.378
7357,spreading,1,,,,,null,,,
7358,spreading,1,,,,,null,,,
7359,spreading,1,,,,,null,,,
7360,spreading,1,700,239,28709,108.74,sam2,1.0,749.192,13.378
7361,spreading,1,,,,,null,,,
7362,spreading,1,,,,,null,,,
7363,spreading,1,,,,,null,,,
7364,spreading,1,700,239,28693,108.68,sam2,0.0,0.0,0.0
7365,spreading,1,,,,,null,,,
7366,spreading,1,,,,,null,,,
7367,spreading,1,,,,,null,,,
7368,spreading,1,700,240,28778,109.0,sam2,1.0,749.192,13.378
7369,spreading,1,,,,,null,,,
7370,spreading,1,,,,,null,,,
7371,spreading,1,,,,,null,,,
7372,spreading,1,700,239,28744,108.87,sam2,1.0,749.192,13.378
7373,spreading,1,,,,,null,,,
7374,spreading,1,,,,,null,,,
7375,spreading,1,,,,,null,,,
7376,spreading,1,699,239,28505,107.97,sam2,1.0,749.192,13.378
7377,spreading,1,,,,,null,,,
7378,spreading,1,,,,,null,,,
7379,spreading,1,,,,,null,,,
7380,spreading,1,699,239,28620,108.4,sam2,0.0,0.0,0.0
7381,spreading,1,,,,,null,,,
7382,spreading,1,,,,,null,,,
7383,spreading,1,,,,,null,,,
7384,spreading,1,700,239,28615,108.39,sam2,1.0,749.192,13.378
7385,spreading,1,,,,,null,,,
7386,spreading,1,,,,,null,,,
7387,spreading,1,,,,,null,,,
7388,spreading,1,699,239,28631,108.45,sam2,1.0,749.192,13.378
7389,spreading,1,,,,,null,,,
7390,spreading,1,,,,,null,,,
7391,spreading,1,,,,,null,,,
7392,spreading,1,699,240,28793,109.06,sam2,1.0,749.192,13.378
7393,spreading,1,,,,,null,,,
7394,spreading,1,,,,,null,,,
7395,spreading,1,,,,,null,,,
7396,spreading,1,699,239,28646,108.5,sam2,1.0,749.192,13.378
7397,spreading,1,,,,,null,,,
7398,spreading,1,,,,,null,,,
7399,rebounding,1,,,,,null,,,
7400,rebounding,1,699,239,28425,107.67,sam2,0.0,0.0,0.0
7401,rebounding,1,,,,,null,,,
7402,rebounding,1,,,,,null,,,
7403,rebounding,1,,,,,null,,,
7404,rebounding,1,699,239,28531,108.07,sam2,0.0,0.0,0.0
7405,rebounding,1,,,,,null,,,
7406,rebounding,1,,,,,null,,,
7407,rebounding,1,,,,,null,,,
7408,rebounding,1,699,239,28592,108.3,sam2,0.0,0.0,0.0
7409,rebounding,1,,,,,null,,,
7410,rebounding,1,,,,,null,,,
7411,rebounding,1,,,,,null,,,
7412,rebounding,1,699,239,28615,108.39,sam2,0.0,0.0,0.0
7413,rebounding,1,,,,,null,,,
7414,rebounding,1,,,,,null,,,
7415,rebounding,1,,,,,null,,,
7416,rebounding,1,700,240,28805,109.11,sam2,1.414,1059.517,18.92
7417,rebounding,1,,,,,null,,,
7418,rebounding,1,,,,,null,,,
7419,rebounding,1,,,,,null,,,
7420,rebounding,1,700,240,28933,109.59,sam2,0.0,0.0,0.0
7421,rebounding,1,,,,,null,,,
7422,rebounding,1,,,,,null,,,
7423,rebounding,1,,,,,null,,,
7424,rebounding,1,700,239,28563,108.19,sam2,1.0,749.192,13.378
7425,rebounding,1,,,,,null,,,
7426,rebounding,1,,,,,null,,,
7427,rebounding,1,,,,,null,,,
7428,rebounding,1,699,240,28828,109.19,sam2,1.414,1059.517,18.92
7429,rebounding,1,,,,,null,,,
7430,rebounding,1,,,,,null,,,
7431,rebounding,1,,,,,null,,,
7432,rebounding,1,700,239,28363,107.43,sam2,1.414,1059.517,18.92
7433,rebounding,1,,,,,null,,,
7434,rebounding,1,,,,,null,,,
7435,rebounding,1,,,,,null,,,
7436,rebounding,1,700,239,28344,107.36,sam2,0.0,0.0,0.0
7437,rebounding,1,,,,,null,,,
7438,rebounding,1,,,,,null,,,
7439,rebounding,1,,,,,null,,,
7440,rebounding,1,700,239,28745,108.88,sam2,0.0,0.0,0.0
7441,rebounding,1,,,,,null,,,
7442,rebounding,1,,,,,null,,,
7443,rebounding,1,,,,,null,,,
7444,rebounding,1,699,239,28697,108.7,sam2,1.0,749.192,13.378
7445,rebounding,1,,,,,null,,,
7446,rebounding,1,,,,,null,,,
7447,rebounding,1,,,,,null,,,
7448,rebounding,1,700,239,28643,108.49,sam2,1.0,749.192,13.378
7449,rebounding,1,,,,,null,,,
7450,rebounding,1,,,,,null,,,
7451,rebounding,1,,,,,null,,,
7452,rebounding,1,700,239,28735,108.84,sam2,0.0,0.0,0.0
7453,rebounding,1,,,,,null,,,
7454,rebounding,1,,,,,null,,,
7455,rebounding,1,,,,,null,,,
7456,rebounding,1,700,239,28689,108.67,sam2,0.0,0.0,0.0
7457,rebounding,1,,,,,null,,,
7458,rebounding,1,,,,,null,,,
7459,rebounding,1,,,,,null,,,
7460,rebounding,1,699,239,28396,107.56,sam2,1.0,749.192,13.378
7461,rebounding,1,,,,,null,,,
7462,rebounding,1,,,,,null,,,
7463,rebounding,1,,,,,null,,,
7464,rebounding,1,700,239,28755,108.92,sam2,1.0,749.192,13.378
7465,rebounding,1,,,,,null,,,
7466,rebounding,1,,,,,null,,,
7467,rebounding,1,,,,,null,,,
7468,rebounding,1,700,239,28738,108.85,sam2,0.0,0.0,0.0
7469,rebounding,1,,,,,null,,,
7470,rebounding,1,,,,,null,,,
7471,rebounding,1,,,,,null,,,
7472,rebounding,1,700,239,28531,108.07,sam2,0.0,0.0,0.0
7473,rebounding,1,,,,,null,,,
7474,rebounding,1,,,,,null,,,
7475,rebounding,1,,,,,null,,,
7476,rebounding,1,700,240,28800,109.09,sam2,1.0,749.192,13.378
7477,rebounding,1,,,,,null,,,
7478,rebounding,1,,,,,null,,,
7479,rebounding,1,,,,,null,,,
7480,rebounding,1,700,240,28785,109.03,sam2,0.0,0.0,0.0
7481,rebounding,1,,,,,null,,,
7482,rebounding,1,,,,,null,,,
7483,rebounding,1,,,,,null,,,
7484,rebounding,1,700,239,28505,107.97,sam2,1.0,749.192,13.378
7485,rebounding,1,,,,,null,,,
7486,rebounding,1,,,,,null,,,
7487,rebounding,1,,,,,null,,,
7488,rebounding,1,700,239,28639,108.48,sam2,0.0,0.0,0.0
7489,rebounding,1,,,,,null,,,
7490,rebounding,1,,,,,null,,,
7491,rebounding,1,,,,,null,,,
7492,rebounding,1,700,240,28814,109.14,sam2,1.0,749.192,13.378
7493,rebounding,1,,,,,null,,,
7494,rebounding,1,,,,,null,,,
7495,rebounding,1,,,,,null,,,
7496,rebounding,1,700,239,28536,108.09,sam2,1.0,749.192,13.378
7497,rebounding,1,,,,,null,,,
7498,rebounding,1,,,,,null,,,
7499,rebounding,1,,,,,null,,,
7500,rebounding,1,700,240,28902,109.47,sam2,1.0,749.192,13.378
7501,rebounding,1,,,,,null,,,
7502,rebounding,1,,,,,null,,,
7503,rebounding,1,,,,,null,,,
7504,rebounding,1,700,239,28612,108.37,sam2,1.0,749.192,13.378
7505,rebounding,1,,,,,null,,,
7506,rebounding,1,,,,,null,,,
7507,rebounding,1,,,,,null,,,
7508,rebounding,1,700,240,28805,109.11,sam2,1.0,749.192,13.378
7509,rebounding,1,,,,,null,,,
7510,rebounding,1,,,,,null,,,
7511,rebounding,1,,,,,null,,,
7512,rebounding,1,699,239,28791,109.05,sam2,1.414,1059.517,18.92
7513,rebounding,1,,,,,null,,,
7514,rebounding,1,,,,,null,,,
7515,rebounding,1,,,,,null,,,
7516,rebounding,1,699,239,28657,108.55,sam2,0.0,0.0,0.0
7517,rebounding,1,,,,,null,,,
7518,rebounding,1,,,,,null,,,
7519,rebounding,1,,,,,null,,,
7520,rebounding,1,699,239,28728,108.81,sam2,0.0,0.0,0.0
7521,rebounding,1,,,,,null,,,
7522,rebounding,1,,,,,null,,,
7523,rebounding,1,,,,,null,,,
7524,rebounding,1,700,239,28587,108.28,sam2,1.0,749.192,13.378
7525,rebounding,1,,,,,null,,,
7526,rebounding,1,,,,,null,,,
7527,rebounding,1,,,,,null,,,
7528,rebounding,1,700,239,28777,109.0,sam2,0.0,0.0,0.0
7529,rebounding,1,,,,,null,,,
7530,rebounding,1,,,,,null,,,
7531,rebounding,1,,,,,null,,,
7532,rebounding,1,699,239,28467,107.83,sam2,1.0,749.192,13.378
7533,rebounding,1,,,,,null,,,
7534,rebounding,1,,,,,null,,,
7535,rebounding,1,,,,,null,,,
7536,rebounding,1,699,239,28519,108.02,sam2,0.0,0.0,0.0
7537,rebounding,1,,,,,null,,,
7538,rebounding,1,,,,,null,,,
7539,rebounding,1,,,,,null,,,
7540,rebounding,1,699,239,28557,108.17,sam2,0.0,0.0,0.0
7541,rebounding,1,,,,,null,,,
7542,rebounding,1,,,,,null,,,
7543,rebounding,1,,,,,null,,,
7544,rebounding,1,700,240,28866,109.34,sam2,1.414,1059.517,18.92
7545,rebounding,1,,,,,null,,,
7546,rebounding,1,,,,,null,,,
7547,rebounding,1,,,,,null,,,
7548,rebounding,1,699,239,28758,108.93,sam2,1.414,1059.517,18.92
7549,rebounding,1,,,,,null,,,
7550,rebounding,1,,,,,null,,,
7551,rebounding,1,,,,,null,,,
7552,rebounding,1,700,240,28896,109.45,sam2,1.414,1059.517,18.92
7553,rebounding,1,,,,,null,,,
7554,rebounding,1,,,,,null,,,
7555,rebounding,1,,,,,null,,,
7556,rebounding,1,700,239,28574,108.23,sam2,1.0,749.192,13.378
7557,rebounding,1,,,,,null,,,
7558,rebounding,1,,,,,null,,,
7559,rebounding,1,,,,,null,,,
7560,rebounding,1,699,239,28703,108.72,sam2,1.0,749.192,13.378
7561,rebounding,1,,,,,null,,,
7562,rebounding,1,,,,,null,,,
7563,rebounding,1,,,,,null,,,
7564,rebounding,1,699,239,28654,108.53,sam2,0.0,0.0,0.0
7565,rebounding,1,,,,,null,,,
7566,rebounding,1,,,,,null,,,
7567,rebounding,1,,,,,null,,,
7568,rebounding,1,700,240,28847,109.26,sam2,1.414,1059.517,18.92
7569,rebounding,1,,,,,null,,,
7570,rebounding,1,,,,,null,,,
7571,rebounding,1,,,,,null,,,
7572,rebounding,1,699,239,28362,107.43,sam2,1.414,1059.517,18.92
7573,rebounding,1,,,,,null,,,
7574,rebounding,1,,,,,null,,,
7575,rebounding,1,,,,,null,,,
7576,rebounding,1,699,240,28891,109.43,sam2,1.0,749.192,13.378
7577,rebounding,1,,,,,null,,,
7578,rebounding,1,,,,,null,,,
7579,rebounding,1,,,,,null,,,
7580,rebounding,1,699,239,28524,108.04,sam2,1.0,749.192,13.378
7581,rebounding,1,,,,,null,,,
7582,rebounding,1,,,,,null,,,
7583,rebounding,1,,,,,null,,,
7584,rebounding,1,700,239,28512,108.0,sam2,1.0,749.192,13.378
7585,rebounding,1,,,,,null,,,
7586,rebounding,1,,,,,null,,,
7587,rebounding,1,,,,,null,,,
7588,rebounding,1,700,239,28772,108.98,sam2,0.0,0.0,0.0
7589,rebounding,1,,,,,null,,,
7590,rebounding,1,,,,,null,,,
7591,rebounding,1,,,,,null,,,
7592,rebounding,1,700,239,28726,108.81,sam2,0.0,0.0,0.0
7593,rebounding,1,,,,,null,,,
7594,rebounding,1,,,,,null,,,
7595,rebounding,1,,,,,null,,,
7596,rebounding,1,700,240,28851,109.28,sam2,1.0,749.192,13.378
7597,rebounding,1,,,,,null,,,
7598,rebounding,1,,,,,null,,,
7599,rebounding,1,,,,,null,,,
7600,rebounding,1,700,240,28871,109.36,sam2,0.0,0.0,0.0
7601,rebounding,1,,,,,null,,,
7602,rebounding,1,,,,,null,,,
7603,rebounding,1,,,,,null,,,
7604,rebounding,1,700,240,28884,109.4,sam2,0.0,0.0,0.0
7605,rebounding,1,,,,,null,,,
7606,rebounding,1,,,,,null,,,
7607,rebounding,1,,,,,null,,,
7608,rebounding,1,700,239,28684,108.65,sam2,1.0,749.192,13.378
7609,rebounding,1,,,,,null,,,
7610,rebounding,1,,,,,null,,,
7611,rebounding,1,,,,,null,,,
7612,rebounding,1,700,239,28764,108.95,sam2,0.0,0.0,0.0
7613,rebounding,1,,,,,null,,,
7614,rebounding,1,,,,,null,,,
7615,rebounding,1,,,,,null,,,
7616,rebounding,1,700,239,28604,108.34,sam2,0.0,0.0,0.0
7617,rebounding,1,,,,,null,,,
7618,rebounding,1,,,,,null,,,
7619,rebounding,1,,,,,null,,,
7620,rebounding,1,700,240,29013,109.89,sam2,1.0,749.192,13.378
7621,rebounding,1,,,,,null,,,
7622,rebounding,1,,,,,null,,,
7623,rebounding,1,,,,,null,,,
7624,rebounding,1,700,239,28618,108.4,sam2,1.0,749.192,13.378
7625,rebounding,1,,,,,null,,,
7626,rebounding,1,,,,,null,,,
7627,rebounding,1,,,,,null,,,
7628,rebounding,1,700,240,28833,109.21,sam2,1.0,749.192,13.378
7629,rebounding,1,,,,,null,,,
7630,rebounding,1,,,,,null,,,
7631,rebounding,1,,,,,null,,,
7632,rebounding,1,700,240,28834,109.22,sam2,0.0,0.0,0.0
7633,rebounding,1,,,,,null,,,
7634,rebounding,1,,,,,null,,,
7635,rebounding,1,,,,,null,,,
7636,rebounding,1,699,240,28920,109.54,sam2,1.0,749.192,13.378
7637,rebounding,1,,,,,null,,,
7638,rebounding,1,,,,,null,,,
7639,rebounding,1,,,,,null,,,
7640,rebounding,1,700,240,28878,109.38,sam2,1.0,749.192,13.378
7641,rebounding,1,,,,,null,,,
7642,rebounding,1,,,,,null,,,
7643,rebounding,1,,,,,null,,,
7644,rebounding,1,699,239,28784,109.03,sam2,1.414,1059.517,18.92
7645,rebounding,1,,,,,null,,,
7646,rebounding,1,,,,,null,,,
7647,rebounding,1,,,,,null,,,
7648,rebounding,1,699,239,28459,107.8,sam2,0.0,0.0,0.0
7649,rebounding,1,,,,,null,,,
7650,rebounding,1,,,,,null,,,
7651,rebounding,1,,,,,null,,,
7652,rebounding,1,700,240,28931,109.58,sam2,1.414,1059.517,18.92
7653,rebounding,1,,,,,null,,,
7654,rebounding,1,,,,,null,,,
7655,rebounding,1,,,,,null,,,
7656,rebounding,1,699,239,28739,108.86,sam2,1.414,1059.517,18.92
7657,rebounding,1,,,,,null,,,
7658,rebounding,1,,,,,null,,,
7659,rebounding,1,,,,,null,,,
7660,rebounding,1,699,239,28587,108.28,sam2,0.0,0.0,0.0
7661,rebounding,1,,,,,null,,,
7662,rebounding,1,,,,,null,,,
7663,rebounding,1,,,,,null,,,
7664,rebounding,1,699,239,28527,108.05,sam2,0.0,0.0,0.0
7665,rebounding,1,,,,,null,,,
7666,rebounding,1,,,,,null,,,
7667,rebounding,1,,,,,null,,,
7668,rebounding,1,699,239,28339,107.34,sam2,0.0,0.0,0.0
7669,rebounding,1,,,,,null,,,
7670,rebounding,1,,,,,null,,,
7671,rebounding,1,,,,,null,,,
7672,rebounding,1,699,239,28584,108.27,sam2,0.0,0.0,0.0
7673,rebounding,1,,,,,null,,,
7674,rebounding,1,,,,,null,,,
7675,rebounding,1,,,,,null,,,
7676,rebounding,1,699,240,28814,109.14,sam2,1.0,749.192,13.378
7677,rebounding,1,,,,,null,,,
7678,rebounding,1,,,,,null,,,
7679,rebounding,1,,,,,null,,,
7680,rebounding,1,700,239,28475,107.86,sam2,1.414,1059.517,18.92
7681,rebounding,1,,,,,null,,,
7682,rebounding,1,,,,,null,,,
7683,rebounding,1,,,,,null,,,
7684,rebounding,1,699,239,28698,108.7,sam2,1.0,749.192,13.378
7685,rebounding,1,,,,,null,,,
7686,rebounding,1,,,,,null,,,
7687,rebounding,1,,,,,null,,,
7688,rebounding,1,699,240,28837,109.23,sam2,1.0,749.192,13.378
7689,rebounding,1,,,,,null,,,
7690,rebounding,1,,,,,null,,,
7691,rebounding,1,,,,,null,,,
7692,rebounding,1,699,239,28691,108.67,sam2,1.0,749.192,13.378
7693,rebounding,1,,,,,null,,,
7694,rebounding,1,,,,,null,,,
7695,rebounding,1,,,,,null,,,
7696,rebounding,1,699,239,28453,107.77,sam2,0.0,0.0,0.0
7697,rebounding,1,,,,,null,,,
7698,rebounding,1,,,,,null,,,
7699,rebounding,1,,,,,null,,,
7700,rebounding,1,699,239,28609,108.36,sam2,0.0,0.0,0.0
7701,rebounding,1,,,,,null,,,
7702,rebounding,1,,,,,null,,,
7703,rebounding,1,,,,,null,,,
7704,rebounding,1,699,239,28760,108.94,sam2,0.0,0.0,0.0
7705,rebounding,1,,,,,null,,,
7706,rebounding,1,,,,,null,,,
7707,rebounding,1,,,,,null,,,
7708,rebounding,1,700,239,28723,108.8,sam2,1.0,749.192,13.378
7709,rebounding,1,,,,,null,,,
7710,rebounding,1,,,,,null,,,
7711,rebounding,1,,,,,null,,,
7712,rebounding,1,700,239,28746,108.88,sam2,0.0,0.0,0.0
7713,rebounding,1,,,,,null,,,
7714,rebounding,1,,,,,null,,,
7715,rebounding,1,,,,,null,,,
7716,rebounding,1,700,239,28612,108.37,sam2,0.0,0.0,0.0
7717,rebounding,1,,,,,null,,,
7718,rebounding,1,,,,,null,,,
7719,rebounding,1,,,,,null,,,
7720,rebounding,1,700,239,28614,108.38,sam2,0.0,0.0,0.0
7721,rebounding,1,,,,,null,,,
7722,rebounding,1,,,,,null,,,
7723,rebounding,1,,,,,null,,,
7724,rebounding,1,700,239,28800,109.09,sam2,0.0,0.0,0.0
7725,rebounding,1,,,,,null,,,
7726,rebounding,1,,,,,null,,,
7727,rebounding,1,,,,,null,,,
7728,rebounding,1,700,239,28638,108.47,sam2,0.0,0.0,0.0
7729,rebounding,1,,,,,null,,,
7730,rebounding,1,,,,,null,,,
7731,rebounding,1,,,,,null,,,
7732,rebounding,1,700,239,28749,108.89,sam2,0.0,0.0,0.0
7733,rebounding,1,,,,,null,,,
7734,rebounding,1,,,,,null,,,
7735,rebounding,1,,,,,null,,,
7736,rebounding,1,700,239,28535,108.08,sam2,0.0,0.0,0.0
7737,rebounding,1,,,,,null,,,
7738,rebounding,1,,,,,null,,,
7739,rebounding,1,,,,,null,,,
7740,rebounding,1,700,239,28588,108.28,sam2,0.0,0.0,0.0
7741,rebounding,1,,,,,null,,,
7742,rebounding,1,,,,,null,,,
7743,rebounding,1,,,,,null,,,
7744,rebounding,1,700,240,28925,109.56,sam2,1.0,749.192,13.378
7745,rebounding,1,,,,,null,,,
7746,rebounding,1,,,,,null,,,
7747,rebounding,1,,,,,null,,,
7748,rebounding,1,700,239,28649,108.51,sam2,1.0,749.192,13.378
7749,rebounding,1,,,,,null,,,
7750,rebounding,1,,,,,null,,,
7751,rebounding,1,,,,,null,,,
7752,rebounding,1,700,239,28622,108.41,sam2,0.0,0.0,0.0
7753,rebounding,1,,,,,null,,,
7754,rebounding,1,,,,,null,,,
7755,rebounding,1,,,,,null,,,
7756,rebounding,1,700,239,28695,108.69,sam2,0.0,0.0,0.0
7757,rebounding,1,,,,,null,,,
7758,rebounding,1,,,,,null,,,
7759,rebounding,1,,,,,null,,,
7760,rebounding,1,699,239,28596,108.31,sam2,1.0,749.192,13.378
7761,rebounding,1,,,,,null,,,
7762,rebounding,1,,,,,null,,,
7763,rebounding,1,,,,,null,,,
7764,rebounding,1,699,239,28528,108.06,sam2,0.0,0.0,0.0
7765,rebounding,1,,,,,null,,,
7766,rebounding,1,,,,,null,,,
7767,rebounding,1,,,,,null,,,
7768,rebounding,1,700,239,28515,108.01,sam2,1.0,749.192,13.378
7769,rebounding,1,,,,,null,,,
7770,rebounding,1,,,,,null,,,
7771,rebounding,1,,,,,null,,,
7772,rebounding,1,699,239,28396,107.56,sam2,1.0,749.192,13.378
7773,rebounding,1,,,,,null,,,
7774,rebounding,1,,,,,null,,,
7775,rebounding,1,,,,,null,,,
7776,rebounding,1,699,239,28470,107.84,sam2,0.0,0.0,0.0
7777,rebounding,1,,,,,null,,,
7778,rebounding,1,,,,,null,,,
7779,rebounding,1,,,,,null,,,
7780,rebounding,1,699,239,28721,108.79,sam2,0.0,0.0,0.0
7781,rebounding,1,,,,,null,,,
7782,rebounding,1,,,,,null,,,
7783,rebounding,1,,,,,null,,,
7784,rebounding,1,699,239,28612,108.37,sam2,0.0,0.0,0.0
7785,rebounding,1,,,,,null,,,
7786,rebounding,1,,,,,null,,,
7787,rebounding,1,,,,,null,,,
7788,rebounding,1,699,239,28668,108.59,sam2,0.0,0.0,0.0
7789,rebounding,1,,,,,null,,,
7790,rebounding,1,,,,,null,,,
7791,rebounding,1,,,,,null,,,
7792,rebounding,1,700,239,28712,108.75,sam2,1.0,749.192,13.378
7793,rebounding,1,,,,,null,,,
7794,rebounding,1,,,,,null,,,
7795,rebounding,1,,,,,null,,,
7796,rebounding,1,699,239,28770,108.97,sam2,1.0,749.192,13.378
7797,rebounding,1,,,,,null,,,
7798,rebounding,1,,,,,null,,,
7799,rebounding,1,,,,,null,,,
7800,rebounding,1,700,240,28863,109.33,sam2,1.414,1059.517,18.92
7801,rebounding,1,,,,,null,,,
7802,rebounding,1,,,,,null,,,
7803,rebounding,1,,,,,null,,,
7804,rebounding,1,699,239,28566,108.2,sam2,1.414,1059.517,18.92
7805,rebounding,1,,,,,null,,,
7806,rebounding,1,,,,,null,,,
7807,rebounding,1,,,,,null,,,
7808,rebounding,1,699,239,28364,107.44,sam2,0.0,0.0,0.0
7809,rebounding,1,,,,,null,,,
7810,rebounding,1,,,,,null,,,
7811,rebounding,1,,,,,null,,,
7812,rebounding,1,699,238,28300,107.19,sam2,1.0,749.192,13.378
7813,rebounding,1,,,,,null,,,
7814,rebounding,1,,,,,null,,,
7815,rebounding,1,,,,,null,,,
7816,rebounding,1,699,239,28415,107.63,sam2,1.0,749.192,13.378
7817,rebounding,1,,,,,null,,,
7818,rebounding,1,,,,,null,,,
7819,rebounding,1,,,,,null,,,
7820,rebounding,1,699,239,28337,107.33,sam2,0.0,0.0,0.0
7821,rebounding,1,,,,,null,,,
7822,rebounding,1,,,,,null,,,
7823,rebounding,1,,,,,null,,,
7824,rebounding,1,700,239,28450,107.76,sam2,1.0,749.192,13.378
7825,rebounding,1,,,,,null,,,
7826,rebounding,1,,,,,null,,,
7827,rebounding,1,,,,,null,,,
7828,rebounding,1,699,239,28694,108.69,sam2,1.0,749.192,13.378
7829,rebounding,1,,,,,null,,,
7830,rebounding,1,,,,,null,,,
7831,rebounding,1,,,,,null,,,
7832,rebounding,1,700,239,28603,108.34,sam2,1.0,749.192,13.378
7833,rebounding,1,,,,,null,,,
7834,rebounding,1,,,,,null,,,
7835,rebounding,1,,,,,null,,,
7836,rebounding,1,699,239,28553,108.15,sam2,1.0,749.192,13.378
7837,rebounding,1,,,,,null,,,
7838,rebounding,1,,,,,null,,,
7839,rebounding,1,,,,,null,,,
7840,rebounding,1,699,239,28344,107.36,sam2,0.0,0.0,0.0
7841,rebounding,1,,,,,null,,,
7842,rebounding,1,,,,,null,,,
7843,rebounding,1,,,,,null,,,
7844,rebounding,1,700,239,28732,108.83,sam2,1.0,749.192,13.378
7845,rebounding,1,,,,,null,,,
7846,rebounding,1,,,,,null,,,
7847,rebounding,1,,,,,null,,,
7848,rebounding,1,700,239,28608,108.36,sam2,0.0,0.0,0.0
7849,rebounding,1,,,,,null,,,
7850,rebounding,1,,,,,null,,,
7851,rebounding,1,,,,,null,,,
7852,rebounding,1,700,239,28636,108.47,sam2,0.0,0.0,0.0
7853,rebounding,1,,,,,null,,,
7854,rebounding,1,,,,,null,,,
7855,rebounding,1,,,,,null,,,
7856,rebounding,1,700,239,28822,109.17,sam2,0.0,0.0,0.0
7857,rebounding,1,,,,,null,,,
7858,rebounding,1,,,,,null,,,
7859,rebounding,1,,,,,null,,,
7860,rebounding,1,700,239,28677,108.62,sam2,0.0,0.0,0.0
7861,rebounding,1,,,,,null,,,
7862,rebounding,1,,,,,null,,,
7863,rebounding,1,,,,,null,,,
7864,rebounding,1,699,239,28659,108.55,sam2,1.0,749.192,13.378
7865,rebounding,1,,,,,null,,,
7866,rebounding,1,,,,,null,,,
7867,rebounding,1,,,,,null,,,
7868,rebounding,1,699,240,28842,109.25,sam2,1.0,749.192,13.378
7869,rebounding,1,,,,,null,,,
7870,rebounding,1,,,,,null,,,
7871,rebounding,1,,,,,null,,,
7872,rebounding,1,699,240,28874,109.37,sam2,0.0,0.0,0.0
7873,rebounding,1,,,,,null,,,
7874,rebounding,1,,,,,null,,,
7875,rebounding,1,,,,,null,,,
7876,rebounding,1,699,239,28476,107.86,sam2,1.0,749.192,13.378
7877,rebounding,1,,,,,null,,,
7878,rebounding,1,,,,,null,,,
7879,rebounding,1,,,,,null,,,
7880,rebounding,1,699,239,28672,108.6,sam2,0.0,0.0,0.0
7881,rebounding,1,,,,,null,,,
7882,rebounding,1,,,,,null,,,
7883,rebounding,1,,,,,null,,,
7884,rebounding,1,699,239,28651,108.52,sam2,0.0,0.0,0.0
7885,rebounding,1,,,,,null,,,
7886,rebounding,1,,,,,null,,,
7887,rebounding,1,,,,,null,,,
7888,rebounding,1,699,239,28573,108.23,sam2,0.0,0.0,0.0
7889,rebounding,1,,,,,null,,,
7890,rebounding,1,,,,,null,,,
7891,rebounding,1,,,,,null,,,
7892,rebounding,1,700,239,28808,109.12,sam2,1.0,749.192,13.378
7893,rebounding,1,,,,,null,,,
7894,rebounding,1,,,,,null,,,
7895,rebounding,1,,,,,null,,,
7896,rebounding,1,700,239,28664,108.57,sam2,0.0,0.0,0.0
7897,rebounding,1,,,,,null,,,
7898,rebounding,1,,,,,null,,,
7899,rebounding,1,,,,,null,,,
7900,rebounding,1,699,239,28773,108.98,sam2,1.0,749.192,13.378
7901,rebounding,1,,,,,null,,,
7902,rebounding,1,,,,,null,,,
7903,rebounding,1,,,,,null,,,
7904,rebounding,1,699,239,28647,108.51,sam2,0.0,0.0,0.0
7905,rebounding,1,,,,,null,,,
7906,rebounding,1,,,,,null,,,
7907,rebounding,1,,,,,null,,,
7908,rebounding,1,699,238,28339,107.34,sam2,1.0,749.192,13.378
7909,rebounding,1,,,,,null,,,
7910,rebounding,1,,,,,null,,,
7911,rebounding,1,,,,,null,,,
7912,rebounding,1,699,238,28244,106.98,sam2,0.0,0.0,0.0
7913,rebounding,1,,,,,null,,,
7914,rebounding,1,,,,,null,,,
7915,rebounding,1,,,,,null,,,
7916,rebounding,1,700,239,28537,108.09,sam2,1.414,1059.517,18.92
7917,rebounding,1,,,,,null,,,
7918,rebounding,1,,,,,null,,,
7919,rebounding,1,,,,,null,,,
7920,rebounding,1,700,240,28872,109.36,sam2,1.0,749.192,13.378
7921,rebounding,1,,,,,null,,,
7922,rebounding,1,,,,,null,,,
7923,rebounding,1,,,,,null,,,
7924,rebounding,1,699,239,28661,108.56,sam2,1.414,1059.517,18.92
7925,rebounding,1,,,,,null,,,
7926,rebounding,1,,,,,null,,,
7927,rebounding,1,,,,,null,,,
7928,rebounding,1,699,240,28867,109.34,sam2,1.0,749.192,13.378
7929,rebounding,1,,,,,null,,,
7930,rebounding,1,,,,,null,,,
7931,rebounding,1,,,,,null,,,
7932,rebounding,1,700,239,28602,108.34,sam2,1.414,1059.517,18.92
7933,rebounding,1,,,,,null,,,
7934,rebounding,1,,,,,null,,,
7935,rebounding,1,,,,,null,,,
7936,rebounding,1,700,239,28837,109.23,sam2,0.0,0.0,0.0
7937,rebounding,1,,,,,null,,,
7938,rebounding,1,,,,,null,,,
7939,rebounding,1,,,,,null,,,
7940,rebounding,1,700,239,28554,108.15,sam2,0.0,0.0,0.0
7941,rebounding,1,,,,,null,,,
7942,rebounding,1,,,,,null,,,
7943,rebounding,1,,,,,null,,,
7944,rebounding,1,699,239,28705,108.73,sam2,1.0,749.192,13.378
7945,rebounding,1,,,,,null,,,
7946,rebounding,1,,,,,null,,,
7947,rebounding,1,,,,,null,,,
7948,rebounding,1,700,240,28884,109.4,sam2,1.414,1059.517,18.92
7949,rebounding,1,,,,,null,,,
7950,rebounding,1,,,,,null,,,
7951,rebounding,1,,,,,null,,,
7952,rebounding,1,700,239,28649,108.51,sam2,1.0,749.192,13.378
7953,rebounding,1,,,,,null,,,
7954,rebounding,1,,,,,null,,,
7955,rebounding,1,,,,,null,,,
7956,rebounding,1,700,239,28766,108.96,sam2,0.0,0.0,0.0
7957,rebounding,1,,,,,null,,,
7958,rebounding,1,,,,,null,,,
7959,rebounding,1,,,,,null,,,
7960,rebounding,1,699,239,28397,107.56,sam2,1.0,749.192,13.378
7961,rebounding,1,,,,,null,,,
7962,rebounding,1,,,,,null,,,
7963,rebounding,1,,,,,null,,,
7964,rebounding,1,700,240,28957,109.68,sam2,1.414,1059.517,18.92
7965,rebounding,1,,,,,null,,,
7966,rebounding,1,,,,,null,,,
7967,rebounding,1,,,,,null,,,
7968,rebounding,1,699,238,28253,107.01,sam2,2.236,1675.243,29.915
7969,rebounding,1,,,,,null,,,
7970,rebounding,1,,,,,null,,,
7971,rebounding,1,,,,,null,,,
7972,rebounding,1,700,239,28702,108.72,sam2,1.414,1059.517,18.92
7973,rebounding,1,,,,,null,,,
7974,rebounding,1,,,,,null,,,
7975,rebounding,1,,,,,null,,,
7976,rebounding,1,700,239,28679,108.63,sam2,0.0,0.0,0.0
7977,rebounding,1,,,,,null,,,
7978,rebounding,1,,,,,null,,,
7979,rebounding,1,,,,,null,,,
7980,rebounding,1,699,239,28815,109.14,sam2,1.0,749.192,13.378
7981,rebounding,1,,,,,null,,,
7982,rebounding,1,,,,,null,,,
7983,rebounding,1,,,,,null,,,
7984,rebounding,1,699,239,28799,109.08,sam2,0.0,0.0,0.0
7985,rebounding,1,,,,,null,,,
7986,rebounding,1,,,,,null,,,
7987,rebounding,1,,,,,null,,,
7988,rebounding,1,699,239,28747,108.89,sam2,0.0,0.0,0.0
7989,rebounding,1,,,,,null,,,
7990,rebounding,1,,,,,null,,,
7991,rebounding,1,,,,,null,,,
7992,rebounding,1,699,238,28273,107.09,sam2,1.0,749.192,13.378
7993,rebounding,1,,,,,null,,,
7994,rebounding,1,,,,,null,,,
7995,rebounding,1,,,,,null,,,
7996,rebounding,1,700,240,28877,109.38,sam2,2.236,1675.243,29.915
7997,rebounding,1,,,,,null,,,
7998,rebounding,1,,,,,null,,,
7999,rebounding,1,,,,,null,,,
8000,rebounding,1,700,239,28689,108.67,sam2,1.0,749.192,13.378
8001,rebounding,1,,,,,null,,,
8002,rebounding,1,,,,,null,,,
8003,rebounding,1,,,,,null,,,
8004,rebounding,1,700,239,28644,108.5,sam2,0.0,0.0,0.0
8005,rebounding,1,,,,,null,,,
8006,rebounding,1,,,,,null,,,
8007,rebounding,1,,,,,null,,,
8008,rebounding,1,699,239,28809,109.12,sam2,1.0,749.192,13.378
8009,rebounding,1,,,,,null,,,
8010,rebounding,1,,,,,null,,,
8011,rebounding,1,,,,,null,,,
8012,rebounding,1,699,239,28814,109.14,sam2,0.0,0.0,0.0
8013,rebounding,1,,,,,null,,,
8014,rebounding,1,,,,,null,,,
8015,rebounding,1,,,,,null,,,
8016,rebounding,1,699,239,28416,107.63,sam2,0.0,0.0,0.0
8017,rebounding,1,,,,,null,,,
8018,rebounding,1,,,,,null,,,
8019,rebounding,1,,,,,null,,,
8020,rebounding,1,699,239,28735,108.84,sam2,0.0,0.0,0.0
8021,rebounding,1,,,,,null,,,
8022,rebounding,1,,,,,null,,,
8023,rebounding,1,,,,,null,,,
8024,rebounding,1,699,239,28500,107.95,sam2,0.0,0.0,0.0
8025,rebounding,1,,,,,null,,,
8026,rebounding,1,,,,,null,,,
8027,rebounding,1,,,,,null,,,
8028,rebounding,1,699,239,28558,108.17,sam2,0.0,0.0,0.0
8029,rebounding,1,,,,,null,,,
8030,rebounding,1,,,,,null,,,
8031,rebounding,1,,,,,null,,,
8032,rebounding,1,699,239,28807,109.11,sam2,0.0,0.0,0.0
8033,rebounding,1,,,,,null,,,
8034,rebounding,1,,,,,null,,,
8035,rebounding,1,,,,,null,,,
8036,rebounding,1,699,239,28749,108.89,sam2,0.0,0.0,0.0
8037,rebounding,1,,,,,null,,,
8038,rebounding,1,,,,,null,,,
8039,rebounding,1,,,,,null,,,
8040,rebounding,1,700,239,28856,109.3,sam2,1.0,749.192,13.378
8041,rebounding,1,,,,,null,,,
8042,rebounding,1,,,,,null,,,
8043,rebounding,1,,,,,null,,,
8044,rebounding,1,700,239,28797,109.08,sam2,0.0,0.0,0.0
8045,rebounding,1,,,,,null,,,
8046,rebounding,1,,,,,null,,,
8047,rebounding,1,,,,,null,,,
8048,rebounding,1,699,239,28577,108.24,sam2,1.0,749.192,13.378
8049,rebounding,1,,,,,null,,,
8050,rebounding,1,,,,,null,,,
8051,rebounding,1,,,,,null,,,
8052,rebounding,1,699,240,29044,110.01,sam2,1.0,749.192,13.378
8053,rebounding,1,,,,,null,,,
8054,rebounding,1,,,,,null,,,
8055,rebounding,1,,,,,null,,,
8056,rebounding,1,700,239,28617,108.39,sam2,1.414,1059.517,18.92
8057,rebounding,1,,,,,null,,,
8058,rebounding,1,,,,,null,,,
8059,rebounding,1,,,,,null,,,
8060,rebounding,1,699,239,28756,108.92,sam2,1.0,749.192,13.378
8061,rebounding,1,,,,,null,,,
8062,rebounding,1,,,,,null,,,
8063,rebounding,1,,,,,null,,,
8064,rebounding,1,700,239,28590,108.29,sam2,1.0,749.192,13.378
8065,rebounding,1,,,,,null,,,
8066,rebounding,1,,,,,null,,,
8067,rebounding,1,,,,,null,,,
8068,rebounding,1,700,239,28546,108.12,sam2,0.0,0.0,0.0
8069,rebounding,1,,,,,null,,,
8070,rebounding,1,,,,,null,,,
8071,rebounding,1,,,,,null,,,
8072,rebounding,1,699,239,28605,108.35,sam2,1.0,749.192,13.378
8073,rebounding,1,,,,,null,,,
8074,rebounding,1,,,,,null,,,
8075,rebounding,1,,,,,null,,,
8076,rebounding,1,700,240,28906,109.49,sam2,1.414,1059.517,18.92
8077,rebounding,1,,,,,null,,,
8078,rebounding,1,,,,,null,,,
8079,rebounding,1,,,,,null,,,
8080,rebounding,1,700,240,29045,110.01,sam2,0.0,0.0,0.0
8081,rebounding,1,,,,,null,,,
8082,rebounding,1,,,,,null,,,
8083,rebounding,1,,,,,null,,,
8084,rebounding,1,700,239,28814,109.14,sam2,1.0,749.192,13.378
8085,rebounding,1,,,,,null,,,
8086,rebounding,1,,,,,null,,,
8087,rebounding,1,,,,,null,,,
8088,rebounding,1,700,239,28537,108.09,sam2,0.0,0.0,0.0
8089,rebounding,1,,,,,null,,,
8090,rebounding,1,,,,,null,,,
8091,rebounding,1,,,,,null,,,
8092,rebounding,1,700,239,28650,108.52,sam2,0.0,0.0,0.0
8093,rebounding,1,,,,,null,,,
8094,rebounding,1,,,,,null,,,
8095,rebounding,1,,,,,null,,,
8096,rebounding,1,699,239,28583,108.26,sam2,1.0,749.192,13.378
8097,rebounding,1,,,,,null,,,
8098,rebounding,1,,,,,null,,,
8099,rebounding,1,,,,,null,,,
8100,rebounding,1,700,240,28872,109.36,sam2,1.414,1059.517,18.92
8101,rebounding,1,,,,,null,,,
8102,rebounding,1,,,,,null,,,
8103,rebounding,1,,,,,null,,,
8104,rebounding,1,700,240,28989,109.8,sam2,0.0,0.0,0.0
8105,rebounding,1,,,,,null,,,
8106,rebounding,1,,,,,null,,,
8107,rebounding,1,,,,,null,,,
8108,rebounding,1,699,239,28594,108.31,sam2,1.414,1059.517,18.92
8109,rebounding,1,,,,,null,,,
8110,rebounding,1,,,,,null,,,
8111,rebounding,1,,,,,null,,,
8112,rebounding,1,699,239,28739,108.86,sam2,0.0,0.0,0.0
8113,rebounding,1,,,,,null,,,
8114,rebounding,1,,,,,null,,,
8115,rebounding,1,,,,,null,,,
8116,rebounding,1,699,239,28774,108.99,sam2,0.0,0.0,0.0
8117,rebounding,1,,,,,null,,,
8118,rebounding,1,,,,,null,,,
8119,rebounding,1,,,,,null,,,
8120,rebounding,1,700,240,28877,109.38,sam2,1.414,1059.517,18.92
8121,rebounding,1,,,,,null,,,
8122,rebounding,1,,,,,null,,,
8123,rebounding,1,,,,,null,,,
8124,rebounding,1,699,239,28637,108.47,sam2,1.414,1059.517,18.92
8125,rebounding,1,,,,,null,,,
8126,rebounding,1,,,,,null,,,
8127,rebounding,1,,,,,null,,,
8128,rebounding,1,699,240,28918,109.53,sam2,1.0,749.192,13.378
8129,rebounding,1,,,,,null,,,
8130,rebounding,1,,,,,null,,,
8131,rebounding,1,,,,,null,,,
8132,rebounding,1,699,239,28774,108.99,sam2,1.0,749.192,13.378
8133,rebounding,1,,,,,null,,,
8134,rebounding,1,,,,,null,,,
8135,rebounding,1,,,,,null,,,
8136,rebounding,1,699,240,28992,109.81,sam2,1.0,749.192,13.378
8137,rebounding,1,,,,,null,,,
8138,rebounding,1,,,,,null,,,
8139,rebounding,1,,,,,null,,,
8140,rebounding,1,699,240,29100,110.22,sam2,0.0,0.0,0.0
8141,rebounding,1,,,,,null,,,
8142,rebounding,1,,,,,null,,,
8143,rebounding,1,,,,,null,,,
8144,rebounding,1,699,239,28788,109.04,sam2,1.0,749.192,13.378
8145,rebounding,1,,,,,null,,,
8146,rebounding,1,,,,,null,,,
8147,rebounding,1,,,,,null,,,
8148,rebounding,1,699,239,28508,107.98,sam2,0.0,0.0,0.0
8149,rebounding,1,,,,,null,,,
8150,rebounding,1,,,,,null,,,
8151,rebounding,1,,,,,null,,,
8152,rebounding,1,700,239,28743,108.87,sam2,1.0,749.192,13.378
8153,rebounding,1,,,,,null,,,
8154,rebounding,1,,,,,null,,,
8155,rebounding,1,,,,,null,,,
8156,rebounding,1,699,239,28573,108.23,sam2,1.0,749.192,13.378
8157,rebounding,1,,,,,null,,,
8158,rebounding,1,,,,,null,,,
8159,rebounding,1,,,,,null,,,
8160,rebounding,1,700,240,29169,110.48,sam2,1.414,1059.517,18.92
8161,rebounding,1,,,,,null,,,
8162,rebounding,1,,,,,null,,,
8163,rebounding,1,,,,,null,,,
8164,rebounding,1,700,240,29005,109.86,sam2,0.0,0.0,0.0
8165,rebounding,1,,,,,null,,,
8166,rebounding,1,,,,,null,,,
8167,rebounding,1,,,,,null,,,
8168,rebounding,1,700,240,28939,109.61,sam2,0.0,0.0,0.0
8169,rebounding,1,,,,,null,,,
8170,rebounding,1,,,,,null,,,
8171,rebounding,1,,,,,null,,,
8172,rebounding,1,700,239,28585,108.27,sam2,1.0,749.192,13.378
8173,rebounding,1,,,,,null,,,
8174,rebounding,1,,,,,null,,,
8175,rebounding,1,,,,,null,,,
8176,rebounding,1,700,239,28532,108.07,sam2,0.0,0.0,0.0
8177,rebounding,1,,,,,null,,,
8178,rebounding,1,,,,,null,,,
8179,rebounding,1,,,,,null,,,
8180,rebounding,1,700,239,28765,108.95,sam2,0.0,0.0,0.0
8181,rebounding,1,,,,,null,,,
8182,rebounding,1,,,,,null,,,
8183,rebounding,1,,,,,null,,,
8184,rebounding,1,700,240,28890,109.43,sam2,1.0,749.192,13.378
8185,rebounding,1,,,,,null,,,
8186,rebounding,1,,,,,null,,,
8187,rebounding,1,,,,,null,,,
8188,rebounding,1,700,239,28751,108.9,sam2,1.0,749.192,13.378
8189,rebounding,1,,,,,null,,,
8190,rebounding,1,,,,,null,,,
8191,rebounding,1,,,,,null,,,
8192,rebounding,1,700,239,28814,109.14,sam2,0.0,0.0,0.0
8193,rebounding,1,,,,,null,,,
8194,rebounding,1,,,,,null,,,
8195,rebounding,1,,,,,null,,,
8196,rebounding,1,700,240,28871,109.36,sam2,1.0,749.192,13.378
8197,rebounding,1,,,,,null,,,
8198,rebounding,1,,,,,null,,,
8199,rebounding,1,,,,,null,,,
8200,rebounding,1,700,239,28689,108.67,sam2,1.0,749.192,13.378
8201,rebounding,1,,,,,null,,,
8202,rebounding,1,,,,,null,,,
8203,rebounding,1,,,,,null,,,
8204,rebounding,1,700,239,28755,108.92,sam2,0.0,0.0,0.0
8205,rebounding,1,,,,,null,,,
8206,rebounding,1,,,,,null,,,
8207,rebounding,1,,,,,null,,,
8208,rebounding,1,700,240,28852,109.28,sam2,1.0,749.192,13.378
8209,rebounding,1,,,,,null,,,
8210,rebounding,1,,,,,null,,,
8211,rebounding,1,,,,,null,,,
8212,rebounding,1,700,239,28588,108.28,sam2,1.0,749.192,13.378
8213,rebounding,1,,,,,null,,,
8214,rebounding,1,,,,,null,,,
8215,rebounding,1,,,,,null,,,
8216,rebounding,1,700,240,28821,109.17,sam2,1.0,749.192,13.378
8217,rebounding,1,,,,,null,,,
8218,rebounding,1,,,,,null,,,
8219,rebounding,1,,,,,null,,,
8220,rebounding,1,700,239,28410,107.61,sam2,1.0,749.192,13.378
8221,rebounding,1,,,,,null,,,
8222,rebounding,1,,,,,null,,,
8223,rebounding,1,,,,,null,,,
8224,rebounding,1,700,239,28768,108.97,sam2,0.0,0.0,0.0
8225,rebounding,1,,,,,null,,,
8226,rebounding,1,,,,,null,,,
8227,rebounding,1,,,,,null,,,
8228,rebounding,1,699,239,28482,107.88,sam2,1.0,749.192,13.378
8229,rebounding,1,,,,,null,,,
8230,rebounding,1,,,,,null,,,
8231,rebounding,1,,,,,null,,,
8232,rebounding,1,699,239,28665,108.58,sam2,0.0,0.0,0.0
8233,rebounding,1,,,,,null,,,
8234,rebounding,1,,,,,null,,,
8235,rebounding,1,,,,,null,,,
8236,rebounding,1,700,239,28487,107.9,sam2,1.0,749.192,13.378
8237,rebounding,1,,,,,null,,,
8238,rebounding,1,,,,,null,,,
8239,rebounding,1,,,,,null,,,
8240,rebounding,1,700,239,28432,107.69,sam2,0.0,0.0,0.0
8241,rebounding,1,,,,,null,,,
8242,rebounding,1,,,,,null,,,
8243,rebounding,1,,,,,null,,,
8244,rebounding,1,699,239,28735,108.84,sam2,1.0,749.192,13.378
8245,rebounding,1,,,,,null,,,
8246,rebounding,1,,,,,null,,,
8247,rebounding,1,,,,,null,,,
8248,rebounding,1,699,240,28913,109.51,sam2,1.0,749.192,13.378
8249,rebounding,1,,,,,null,,,
8250,rebounding,1,,,,,null,,,
8251,rebounding,1,,,,,null,,,
8252,rebounding,1,699,239,28781,109.01,sam2,1.0,749.192,13.378
8253,rebounding,1,,,,,null,,,
8254,rebounding,1,,,,,null,,,
8255,rebounding,1,,,,,null,,,
8256,rebounding,1,699,239,28686,108.65,sam2,0.0,0.0,0.0
8257,rebounding,1,,,,,null,,,
8258,rebounding,1,,,,,null,,,
8259,rebounding,1,,,,,null,,,
8260,rebounding,1,700,240,28934,109.59,sam2,1.414,1059.517,18.92
8261,rebounding,1,,,,,null,,,
8262,rebounding,1,,,,,null,,,
8263,rebounding,1,,,,,null,,,
8264,rebounding,1,699,239,28514,108.0,sam2,1.414,1059.517,18.92
8265,rebounding,1,,,,,null,,,
8266,rebounding,1,,,,,null,,,
8267,rebounding,1,,,,,null,,,
8268,rebounding,1,700,239,28632,108.45,sam2,1.0,749.192,13.378
8269,rebounding,1,,,,,null,,,
8270,rebounding,1,,,,,null,,,
8271,rebounding,1,,,,,null,,,
8272,rebounding,1,700,239,28732,108.83,sam2,0.0,0.0,0.0
8273,rebounding,1,,,,,null,,,
8274,rebounding,1,,,,,null,,,
8275,rebounding,1,,,,,null,,,
8276,rebounding,1,699,239,28630,108.44,sam2,1.0,749.192,13.378
8277,rebounding,1,,,,,null,,,
8278,rebounding,1,,,,,null,,,
8279,rebounding,1,,,,,null,,,
8280,rebounding,1,700,239,28682,108.64,sam2,1.0,749.192,13.378
8281,rebounding,1,,,,,null,,,
8282,rebounding,1,,,,,null,,,
8283,rebounding,1,,,,,null,,,
8284,rebounding,1,699,239,28764,108.95,sam2,1.0,749.192,13.378
8285,rebounding,1,,,,,null,,,
8286,rebounding,1,,,,,null,,,
8287,rebounding,1,,,,,null,,,
8288,rebounding,1,700,239,28833,109.21,sam2,1.0,749.192,13.378
8289,rebounding,1,,,,,null,,,
8290,rebounding,1,,,,,null,,,
8291,rebounding,1,,,,,null,,,
8292,rebounding,1,700,239,28837,109.23,sam2,0.0,0.0,0.0
8293,rebounding,1,,,,,null,,,
8294,rebounding,1,,,,,null,,,
8295,rebounding,1,,,,,null,,,
8296,rebounding,1,700,239,28768,108.97,sam2,0.0,0.0,0.0
8297,rebounding,1,,,,,null,,,
8298,rebounding,1,,,,,null,,,
8299,rebounding,1,,,,,null,,,
8300,rebounding,1,699,240,28887,109.42,sam2,1.414,1059.517,18.92
8301,rebounding,1,,,,,null,,,
8302,rebounding,1,,,,,null,,,
8303,rebounding,1,,,,,null,,,
8304,rebounding,1,699,239,28573,108.23,sam2,1.0,749.192,13.378
8305,rebounding,1,,,,,null,,,
8306,rebounding,1,,,,,null,,,
8307,rebounding,1,,,,,null,,,
8308,rebounding,1,699,239,28770,108.97,sam2,0.0,0.0,0.0
8309,rebounding,1,,,,,null,,,
8310,rebounding,1,,,,,null,,,
8311,rebounding,1,,,,,null,,,
8312,rebounding,1,700,240,28908,109.5,sam2,1.414,1059.517,18.92
8313,rebounding,1,,,,,null,,,
8314,rebounding,1,,,,,null,,,
8315,rebounding,1,,,,,null,,,
8316,rebounding,1,699,239,28565,108.2,sam2,1.414,1059.517,18.92
8317,rebounding,1,,,,,null,,,
8318,rebounding,1,,,,,null,,,
8319,rebounding,1,,,,,null,,,
8320,rebounding,1,700,239,28559,108.17,sam2,1.0,749.192,13.378
8321,rebounding,1,,,,,null,,,
8322,rebounding,1,,,,,null,,,
8323,rebounding,1,,,,,null,,,
8324,rebounding,1,700,240,28966,109.72,sam2,1.0,749.192,13.378
8325,rebounding,1,,,,,null,,,
8326,rebounding,1,,,,,null,,,
8327,rebounding,1,,,,,null,,,
8328,rebounding,1,699,239,28561,108.18,sam2,1.414,1059.517,18.92
8329,rebounding,1,,,,,null,,,
8330,rebounding,1,,,,,null,,,
8331,rebounding,1,,,,,null,,,
8332,rebounding,1,700,239,28608,108.36,sam2,1.0,749.192,13.378
8333,rebounding,1,,,,,null,,,
8334,rebounding,1,,,,,null,,,
8335,rebounding,1,,,,,null,,,
8336,rebounding,1,700,240,28904,109.48,sam2,1.0,749.192,13.378
8337,rebounding,1,,,,,null,,,
8338,rebounding,1,,,,,null,,,
8339,rebounding,1,,,,,null,,,
8340,rebounding,1,699,239,28581,108.26,sam2,1.414,1059.517,18.92
8341,rebounding,1,,,,,null,,,
8342,rebounding,1,,,,,null,,,
8343,rebounding,1,,,,,null,,,
8344,rebounding,1,700,240,28932,109.59,sam2,1.414,1059.517,18.92
8345,rebounding,1,,,,,null,,,
8346,rebounding,1,,,,,null,,,
8347,rebounding,1,,,,,null,,,
8348,rebounding,1,699,240,28881,109.39,sam2,1.0,749.192,13.378
8349,rebounding,1,,,,,null,,,
8350,rebounding,1,,,,,null,,,
8351,rebounding,1,,,,,null,,,
8352,rebounding,1,699,239,28839,109.23,sam2,1.0,749.192,13.378
8353,rebounding,1,,,,,null,,,
8354,rebounding,1,,,,,null,,,
8355,rebounding,1,,,,,null,,,
8356,rebounding,1,699,239,28440,107.72,sam2,0.0,0.0,0.0
8357,rebounding,1,,,,,null,,,
8358,rebounding,1,,,,,null,,,
8359,rebounding,1,,,,,null,,,
8360,rebounding,1,699,239,28654,108.53,sam2,0.0,0.0,0.0
8361,rebounding,1,,,,,null,,,
8362,rebounding,1,,,,,null,,,
8363,rebounding,1,,,,,null,,,
8364,rebounding,1,699,239,28455,107.78,sam2,0.0,0.0,0.0
8365,rebounding,1,,,,,null,,,
8366,rebounding,1,,,,,null,,,
8367,rebounding,1,,,,,null,,,
8368,rebounding,1,700,240,28981,109.77,sam2,1.414,1059.517,18.92
8369,rebounding,1,,,,,null,,,
8370,rebounding,1,,,,,null,,,
8371,rebounding,1,,,,,null,,,
8372,rebounding,1,700,240,29042,110.0,sam2,0.0,0.0,0.0
8373,rebounding,1,,,,,null,,,
8374,rebounding,1,,,,,null,,,
8375,rebounding,1,,,,,null,,,
8376,rebounding,1,699,239,28565,108.2,sam2,1.414,1059.517,18.92
8377,rebounding,1,,,,,null,,,
8378,rebounding,1,,,,,null,,,
8379,rebounding,1,,,,,null,,,
8380,rebounding,1,700,239,28741,108.86,sam2,1.0,749.192,13.378
8381,rebounding,1,,,,,null,,,
8382,rebounding,1,,,,,null,,,
8383,rebounding,1,,,,,null,,,
8384,rebounding,1,700,239,28515,108.01,sam2,0.0,0.0,0.0
8385,rebounding,1,,,,,null,,,
8386,rebounding,1,,,,,null,,,
8387,rebounding,1,,,,,null,,,
8388,rebounding,1,699,239,28571,108.22,sam2,1.0,749.192,13.378
8389,rebounding,1,,,,,null,,,
8390,rebounding,1,,,,,null,,,
8391,rebounding,1,,,,,null,,,
8392,rebounding,1,699,239,28856,109.3,sam2,0.0,0.0,0.0
8393,rebounding,1,,,,,null,,,
8394,rebounding,1,,,,,null,,,
8395,rebounding,1,,,,,null,,,
8396,rebounding,1,699,239,28373,107.47,sam2,0.0,0.0,0.0
8397,rebounding,1,,,,,null,,,
8398,rebounding,1,,,,,null,,,
8399,rebounding,1,,,,,null,,,
8400,rebounding,1,699,239,28783,109.02,sam2,0.0,0.0,0.0
8401,rebounding,1,,,,,null,,,
8402,rebounding,1,,,,,null,,,
8403,rebounding,1,,,,,null,,,
8404,rebounding,1,699,239,28673,108.61,sam2,0.0,0.0,0.0
8405,rebounding,1,,,,,null,,,
8406,rebounding,1,,,,,null,,,
8407,rebounding,1,,,,,null,,,
8408,rebounding,1,699,239,28440,107.72,sam2,0.0,0.0,0.0
8409,rebounding,1,,,,,null,,,
8410,rebounding,1,,,,,null,,,
8411,rebounding,1,,,,,null,,,
8412,rebounding,1,699,239,28465,107.82,sam2,0.0,0.0,0.0
8413,rebounding,1,,,,,null,,,
8414,rebounding,1,,,,,null,,,
8415,rebounding,1,,,,,null,,,
8416,rebounding,1,699,239,28856,109.3,sam2,0.0,0.0,0.0
8417,rebounding,1,,,,,null,,,
8418,rebounding,1,,,,,null,,,
8419,rebounding,1,,,,,null,,,
8420,rebounding,1,699,239,28655,108.54,sam2,0.0,0.0,0.0
8421,rebounding,1,,,,,null,,,
8422,rebounding,1,,,,,null,,,
8423,rebounding,1,,,,,null,,,
8424,rebounding,1,699,239,28719,108.78,sam2,0.0,0.0,0.0
8425,rebounding,1,,,,,null,,,
8426,rebounding,1,,,,,null,,,
8427,rebounding,1,,,,,null,,,
8428,rebounding,1,699,239,28678,108.62,sam2,0.0,0.0,0.0
8429,rebounding,1,,,,,null,,,
8430,rebounding,1,,,,,null,,,
8431,rebounding,1,,,,,null,,,
8432,rebounding,1,700,239,28833,109.21,sam2,1.0,749.192,13.378
8433,rebounding,1,,,,,null,,,
8434,rebounding,1,,,,,null,,,
8435,rebounding,1,,,,,null,,,
8436,rebounding,1,700,239,28601,108.33,sam2,0.0,0.0,0.0
8437,rebounding,1,,,,,null,,,
8438,rebounding,1,,,,,null,,,
8439,rebounding,1,,,,,null,,,
8440,rebounding,1,700,239,28611,108.37,sam2,0.0,0.0,0.0
8441,rebounding,1,,,,,null,,,
8442,rebounding,1,,,,,null,,,
8443,rebounding,1,,,,,null,,,
8444,rebounding,1,700,239,28631,108.45,sam2,0.0,0.0,0.0
8445,rebounding,1,,,,,null,,,
8446,rebounding,1,,,,,null,,,
8447,rebounding,1,,,,,null,,,
8448,rebounding,1,700,240,28951,109.66,sam2,1.0,749.192,13.378
8449,rebounding,1,,,,,null,,,
8450,rebounding,1,,,,,null,,,
8451,rebounding,1,,,,,null,,,
8452,rebounding,1,700,239,28721,108.79,sam2,1.0,749.192,13.378
8453,rebounding,1,,,,,null,,,
8454,rebounding,1,,,,,null,,,
8455,rebounding,1,,,,,null,,,
8456,rebounding,1,700,238,28298,107.19,sam2,1.0,749.192,13.378
8457,rebounding,1,,,,,null,,,
8458,rebounding,1,,,,,null,,,
8459,rebounding,1,,,,,null,,,
8460,rebounding,1,700,239,28604,108.34,sam2,1.0,749.192,13.378
8461,rebounding,1,,,,,null,,,
8462,rebounding,1,,,,,null,,,
8463,rebounding,1,,,,,null,,,
8464,rebounding,1,700,239,28608,108.36,sam2,0.0,0.0,0.0
8465,rebounding,1,,,,,null,,,
8466,rebounding,1,,,,,null,,,
8467,rebounding,1,,,,,null,,,
8468,rebounding,1,699,239,28394,107.55,sam2,1.0,749.192,13.378
8469,rebounding,1,,,,,null,,,
8470,rebounding,1,,,,,null,,,
8471,rebounding,1,,,,,null,,,
8472,rebounding,1,700,240,28881,109.39,sam2,1.414,1059.517,18.92
8473,rebounding,1,,,,,null,,,
8474,rebounding,1,,,,,null,,,
8475,rebounding,1,,,,,null,,,
8476,rebounding,1,700,240,28858,109.31,sam2,0.0,0.0,0.0
8477,rebounding,1,,,,,null,,,
8478,rebounding,1,,,,,null,,,
8479,rebounding,1,,,,,null,,,
8480,rebounding,1,700,239,28557,108.17,sam2,1.0,749.192,13.378
8481,rebounding,1,,,,,null,,,
8482,rebounding,1,,,,,null,,,
8483,rebounding,1,,,,,null,,,
8484,rebounding,1,700,240,28933,109.59,sam2,1.0,749.192,13.378
8485,rebounding,1,,,,,null,,,
8486,rebounding,1,,,,,null,,,
8487,rebounding,1,,,,,null,,,
8488,rebounding,1,699,239,28381,107.5,sam2,1.414,1059.517,18.92
8489,rebounding,1,,,,,null,,,
8490,rebounding,1,,,,,null,,,
8491,rebounding,1,,,,,null,,,
8492,rebounding,1,699,239,28741,108.86,sam2,0.0,0.0,0.0
8493,rebounding,1,,,,,null,,,
8494,rebounding,1,,,,,null,,,
8495,rebounding,1,,,,,null,,,
8496,rebounding,1,699,240,28945,109.64,sam2,1.0,749.192,13.378
8497,rebounding,1,,,,,null,,,
8498,rebounding,1,,,,,null,,,
8499,rebounding,1,,,,,null,,,
8500,rebounding,1,700,240,28835,109.22,sam2,1.0,749.192,13.378
8501,rebounding,1,,,,,null,,,
8502,rebounding,1,,,,,null,,,
8503,rebounding,1,,,,,null,,,
8504,rebounding,1,699,239,28613,108.38,sam2,1.414,1059.517,18.92
8505,rebounding,1,,,,,null,,,
8506,rebounding,1,,,,,null,,,
8507,rebounding,1,,,,,null,,,
8508,rebounding,1,700,239,28728,108.81,sam2,1.0,749.192,13.378
8509,rebounding,1,,,,,null,,,
8510,rebounding,1,,,,,null,,,
8511,rebounding,1,,,,,null,,,
8512,rebounding,1,699,239,28509,107.98,sam2,1.0,749.192,13.378
8513,rebounding,1,,,,,null,,,
8514,rebounding,1,,,,,null,,,
8515,rebounding,1,,,,,null,,,
8516,rebounding,1,699,239,28741,108.86,sam2,0.0,0.0,0.0
8517,rebounding,1,,,,,null,,,
8518,rebounding,1,,,,,null,,,
8519,rebounding,1,,,,,null,,,
8520,rebounding,1,700,239,28768,108.97,sam2,1.0,749.192,13.378
8521,rebounding,1,,,,,null,,,
8522,rebounding,1,,,,,null,,,
8523,rebounding,1,,,,,null,,,
8524,rebounding,1,699,239,28744,108.87,sam2,1.0,749.192,13.378
8525,rebounding,1,,,,,null,,,
8526,rebounding,1,,,,,null,,,
8527,rebounding,1,,,,,null,,,
8528,rebounding,1,699,240,28877,109.38,sam2,1.0,749.192,13.378
8529,rebounding,1,,,,,null,,,
8530,rebounding,1,,,,,null,,,
8531,rebounding,1,,,,,null,,,
8532,rebounding,1,699,239,28756,108.92,sam2,1.0,749.192,13.378
8533,rebounding,1,,,,,null,,,
8534,rebounding,1,,,,,null,,,
8535,rebounding,1,,,,,null,,,
8536,rebounding,1,700,239,28682,108.64,sam2,1.0,749.192,13.378
8537,rebounding,1,,,,,null,,,
8538,rebounding,1,,,,,null,,,
8539,rebounding,1,,,,,null,,,
8540,rebounding,1,699,239,28824,109.18,sam2,1.0,749.192,13.378
8541,rebounding,1,,,,,null,,,
8542,rebounding,1,,,,,null,,,
8543,rebounding,1,,,,,null,,,
8544,rebounding,1,700,239,28800,109.09,sam2,1.0,749.192,13.378
8545,rebounding,1,,,,,null,,,
8546,rebounding,1,,,,,null,,,
8547,rebounding,1,,,,,null,,,
8548,rebounding,1,700,239,28489,107.91,sam2,0.0,0.0,0.0
8549,rebounding,1,,,,,null,,,
8550,rebounding,1,,,,,null,,,
8551,rebounding,1,,,,,null,,,
8552,rebounding,1,700,239,28641,108.48,sam2,0.0,0.0,0.0
8553,rebounding,1,,,,,null,,,
8554,rebounding,1,,,,,null,,,
8555,rebounding,1,,,,,null,,,
8556,rebounding,1,700,239,28378,107.49,sam2,0.0,0.0,0.0
8557,rebounding,1,,,,,null,,,
8558,rebounding,1,,,,,null,,,
8559,rebounding,1,,,,,null,,,
8560,rebounding,1,700,240,28941,109.62,sam2,1.0,749.192,13.378
8561,rebounding,1,,,,,null,,,
8562,rebounding,1,,,,,null,,,
8563,rebounding,1,,,,,null,,,
8564,rebounding,1,700,240,28954,109.67,sam2,0.0,0.0,0.0
8565,rebounding,1,,,,,null,,,
8566,rebounding,1,,,,,null,,,
8567,rebounding,1,,,,,null,,,
8568,rebounding,1,700,240,28887,109.42,sam2,0.0,0.0,0.0
8569,rebounding,1,,,,,null,,,
8570,rebounding,1,,,,,null,,,
8571,rebounding,1,,,,,null,,,
8572,rebounding,1,700,239,28480,107.87,sam2,1.0,749.192,13.378
8573,rebounding,1,,,,,null,,,
8574,rebounding,1,,,,,null,,,
8575,rebounding,1,,,,,null,,,
8576,rebounding,1,700,239,28703,108.72,sam2,0.0,0.0,0.0
8577,rebounding,1,,,,,null,,,
8578,rebounding,1,,,,,null,,,
8579,rebounding,1,,,,,null,,,
8580,rebounding,1,699,239,28474,107.85,sam2,1.0,749.192,13.378
8581,rebounding,1,,,,,null,,,
8582,rebounding,1,,,,,null,,,
8583,rebounding,1,,,,,null,,,
8584,rebounding,1,699,239,28776,109.0,sam2,0.0,0.0,0.0
8585,rebounding,1,,,,,null,,,
8586,rebounding,1,,,,,null,,,
8587,rebounding,1,,,,,null,,,
8588,rebounding,1,700,240,28946,109.64,sam2,1.414,1059.517,18.92
8589,rebounding,1,,,,,null,,,
8590,rebounding,1,,,,,null,,,
8591,rebounding,1,,,,,null,,,
8592,rebounding,1,700,240,28981,109.77,sam2,0.0,0.0,0.0
8593,rebounding,1,,,,,null,,,
8594,rebounding,1,,,,,null,,,
8595,rebounding,1,,,,,null,,,
8596,rebounding,1,699,240,28919,109.54,sam2,1.0,749.192,13.378
8597,rebounding,1,,,,,null,,,
8598,rebounding,1,,,,,null,,,
8599,rebounding,1,,,,,null,,,
8600,rebounding,1,700,240,28898,109.46,sam2,1.0,749.192,13.378
8601,rebounding,1,,,,,null,,,
8602,rebounding,1,,,,,null,,,
8603,rebounding,1,,,,,null,,,
8604,rebounding,1,699,240,28825,109.18,sam2,1.0,749.192,13.378
8605,rebounding,1,,,,,null,,,
8606,rebounding,1,,,,,null,,,
8607,rebounding,1,,,,,null,,,
8608,rebounding,1,699,239,28771,108.98,sam2,1.0,749.192,13.378
8609,rebounding,1,,,,,null,,,
8610,rebounding,1,,,,,null,,,
8611,rebounding,1,,,,,null,,,
8612,rebounding,1,700,240,28820,109.16,sam2,1.414,1059.517,18.92
8613,rebounding,1,,,,,null,,,
8614,rebounding,1,,,,,null,,,
8615,rebounding,1,,,,,null,,,
8616,rebounding,1,700,239,28591,108.3,sam2,1.0,749.192,13.378
8617,rebounding,1,,,,,null,,,
8618,rebounding,1,,,,,null,,,
8619,rebounding,1,,,,,null,,,
8620,rebounding,1,699,239,28807,109.11,sam2,1.0,749.192,13.378
8621,rebounding,1,,,,,null,,,
8622,rebounding,1,,,,,null,,,
8623,rebounding,1,,,,,null,,,
8624,rebounding,1,699,240,28814,109.14,sam2,1.0,749.192,13.378
8625,rebounding,1,,,,,null,,,
8626,rebounding,1,,,,,null,,,
8627,rebounding,1,,,,,null,,,
8628,rebounding,1,699,239,28386,107.52,sam2,1.0,749.192,13.378
8629,rebounding,1,,,,,null,,,
8630,rebounding,1,,,,,null,,,
8631,rebounding,1,,,,,null,,,
8632,rebounding,1,699,239,28575,108.23,sam2,0.0,0.0,0.0
8633,rebounding,1,,,,,null,,,
8634,rebounding,1,,,,,null,,,
8635,rebounding,1,,,,,null,,,
8636,rebounding,1,699,239,28701,108.71,sam2,0.0,0.0,0.0
8637,rebounding,1,,,,,null,,,
8638,rebounding,1,,,,,null,,,
8639,rebounding,1,,,,,null,,,
8640,rebounding,1,700,238,28248,107.0,sam2,1.414,1059.517,18.92
8641,rebounding,1,,,,,null,,,
8642,rebounding,1,,,,,null,,,
8643,rebounding,1,,,,,null,,,
8644,rebounding,1,700,240,28977,109.76,sam2,2.0,1498.383,26.757
8645,rebounding,1,,,,,null,,,
8646,rebounding,1,,,,,null,,,
8647,rebounding,1,,,,,null,,,
8648,rebounding,1,699,239,28549,108.14,sam2,1.414,1059.517,18.92
8649,rebounding,1,,,,,null,,,
8650,rebounding,1,,,,,null,,,
8651,rebounding,1,,,,,null,,,
8652,rebounding,1,699,239,28643,108.49,sam2,0.0,0.0,0.0
8653,rebounding,1,,,,,null,,,
8654,rebounding,1,,,,,null,,,
8655,rebounding,1,,,,,null,,,
8656,rebounding,1,699,239,28620,108.4,sam2,0.0,0.0,0.0
8657,rebounding,1,,,,,null,,,
8658,rebounding,1,,,,,null,,,
8659,rebounding,1,,,,,null,,,
8660,rebounding,1,700,239,28557,108.17,sam2,1.0,749.192,13.378
8661,rebounding,1,,,,,null,,,
8662,rebounding,1,,,,,null,,,
8663,rebounding,1,,,,,null,,,
8664,rebounding,1,700,240,28813,109.14,sam2,1.0,749.192,13.378
8665,rebounding,1,,,,,null,,,
8666,rebounding,1,,,,,null,,,
8667,rebounding,1,,,,,null,,,
8668,rebounding,1,699,239,28512,108.0,sam2,1.414,1059.517,18.92
8669,rebounding,1,,,,,null,,,
8670,rebounding,1,,,,,null,,,
8671,rebounding,1,,,,,null,,,
8672,rebounding,1,700,239,28385,107.51,sam2,1.0,749.192,13.378
8673,rebounding,1,,,,,null,,,
8674,rebounding,1,,,,,null,,,
8675,rebounding,1,,,,,null,,,
8676,rebounding,1,700,240,28866,109.34,sam2,1.0,749.192,13.378
8677,rebounding,1,,,,,null,,,
8678,rebounding,1,,,,,null,,,
8679,rebounding,1,,,,,null,,,
8680,rebounding,1,699,239,28576,108.24,sam2,1.414,1059.517,18.92
8681,rebounding,1,,,,,null,,,
8682,rebounding,1,,,,,null,,,
8683,rebounding,1,,,,,null,,,
8684,rebounding,1,699,239,28372,107.47,sam2,0.0,0.0,0.0
8685,rebounding,1,,,,,null,,,
8686,rebounding,1,,,,,null,,,
8687,rebounding,1,,,,,null,,,
8688,rebounding,1,699,239,28490,107.91,sam2,0.0,0.0,0.0
8689,rebounding,1,,,,,null,,,
8690,rebounding,1,,,,,null,,,
8691,rebounding,1,,,,,null,,,
8692,rebounding,1,699,239,28720,108.78,sam2,0.0,0.0,0.0
8693,rebounding,1,,,,,null,,,
8694,rebounding,1,,,,,null,,,
8695,rebounding,1,,,,,null,,,
8696,rebounding,1,700,239,28641,108.48,sam2,1.0,749.192,13.378
8697,rebounding,1,,,,,null,,,
8698,rebounding,1,,,,,null,,,
8699,rebounding,1,,,,,null,,,
8700,rebounding,1,700,239,28758,108.93,sam2,0.0,0.0,0.0
8701,rebounding,1,,,,,null,,,
8702,rebounding,1,,,,,null,,,
8703,rebounding,1,,,,,null,,,
8704,rebounding,1,699,239,28454,107.78,sam2,1.0,749.192,13.378
8705,rebounding,1,,,,,null,,,
8706,rebounding,1,,,,,null,,,
8707,rebounding,1,,,,,null,,,
8708,rebounding,1,699,239,28496,107.94,sam2,0.0,0.0,0.0
8709,rebounding,1,,,,,null,,,
8710,rebounding,1,,,,,null,,,
8711,rebounding,1,,,,,null,,,
8712,rebounding,1,699,238,27990,106.02,sam2,1.0,749.192,13.378
8713,rebounding,1,,,,,null,,,
8714,rebounding,1,,,,,null,,,
8715,rebounding,1,,,,,null,,,
8716,rebounding,1,699,239,28704,108.72,sam2,1.0,749.192,13.378
8717,rebounding,1,,,,,null,,,
8718,rebounding,1,,,,,null,,,
8719,rebounding,1,,,,,null,,,
8720,rebounding,1,699,239,28643,108.49,sam2,0.0,0.0,0.0
8721,rebounding,1,,,,,null,,,
8722,rebounding,1,,,,,null,,,
8723,rebounding,1,,,,,null,,,
8724,rebounding,1,699,239,28790,109.05,sam2,0.0,0.0,0.0
8725,rebounding,1,,,,,null,,,
8726,rebounding,1,,,,,null,,,
8727,rebounding,1,,,,,null,,,
8728,rebounding,1,699,239,28536,108.09,sam2,0.0,0.0,0.0
8729,rebounding,1,,,,,null,,,
8730,rebounding,1,,,,,null,,,
8731,rebounding,1,,,,,null,,,
8732,rebounding,1,699,239,28680,108.63,sam2,0.0,0.0,0.0
8733,rebounding,1,,,,,null,,,
8734,rebounding,1,,,,,null,,,
8735,rebounding,1,,,,,null,,,
8736,rebounding,1,699,239,28749,108.89,sam2,0.0,0.0,0.0
8737,rebounding,1,,,,,null,,,
8738,rebounding,1,,,,,null,,,
8739,rebounding,1,,,,,null,,,
8740,rebounding,1,699,240,28883,109.4,sam2,1.0,749.192,13.378
8741,rebounding,1,,,,,null,,,
8742,rebounding,1,,,,,null,,,
8743,rebounding,1,,,,,null,,,
8744,rebounding,1,699,238,28188,106.77,sam2,2.0,1498.383,26.757
8745,rebounding,1,,,,,null,,,
8746,rebounding,1,,,,,null,,,
8747,rebounding,1,,,,,null,,,
8748,rebounding,1,699,239,28763,108.95,sam2,1.0,749.192,13.378
8749,rebounding,1,,,,,null,,,
8750,rebounding,1,,,,,null,,,
8751,rebounding,1,,,,,null,,,
8752,rebounding,1,699,239,28657,108.55,sam2,0.0,0.0,0.0
8753,rebounding,1,,,,,null,,,
8754,rebounding,1,,,,,null,,,
8755,rebounding,1,,,,,null,,,
8756,rebounding,1,699,239,28614,108.38,sam2,0.0,0.0,0.0
8757,rebounding,1,,,,,null,,,
8758,rebounding,1,,,,,null,,,
8759,rebounding,1,,,,,null,,,
8760,rebounding,1,699,239,28654,108.53,sam2,0.0,0.0,0.0
8761,rebounding,1,,,,,null,,,
8762,rebounding,1,,,,,null,,,
8763,rebounding,1,,,,,null,,,
8764,rebounding,1,699,239,28826,109.19,sam2,0.0,0.0,0.0
8765,rebounding,1,,,,,null,,,
8766,rebounding,1,,,,,null,,,
8767,rebounding,1,,,,,null,,,
8768,rebounding,1,699,240,28915,109.52,sam2,1.0,749.192,13.378
8769,rebounding,1,,,,,null,,,
8770,rebounding,1,,,,,null,,,
8771,rebounding,1,,,,,null,,,
8772,rebounding,1,699,240,28843,109.25,sam2,0.0,0.0,0.0
8773,rebounding,1,,,,,null,,,
8774,rebounding,1,,,,,null,,,
8775,rebounding,1,,,,,null,,,
8776,rebounding,1,700,240,29108,110.25,sam2,1.0,749.192,13.378
8777,rebounding,1,,,,,null,,,
8778,rebounding,1,,,,,null,,,
8779,rebounding,1,,,,,null,,,
8780,rebounding,1,699,240,28931,109.58,sam2,1.0,749.192,13.378
8781,rebounding,1,,,,,null,,,
8782,rebounding,1,,,,,null,,,
8783,rebounding,1,,,,,null,,,
8784,rebounding,1,699,239,28806,109.11,sam2,1.0,749.192,13.378
8785,rebounding,1,,,,,null,,,
8786,rebounding,1,,,,,null,,,
8787,rebounding,1,,,,,null,,,
8788,rebounding,1,700,239,28704,108.72,sam2,1.0,749.192,13.378
8789,rebounding,1,,,,,null,,,
8790,rebounding,1,,,,,null,,,
8791,rebounding,1,,,,,null,,,
8792,rebounding,1,700,239,28729,108.82,sam2,0.0,0.0,0.0
8793,rebounding,1,,,,,null,,,
8794,rebounding,1,,,,,null,,,
8795,rebounding,1,,,,,null,,,
8796,rebounding,1,700,240,28845,109.26,sam2,1.0,749.192,13.378
8797,rebounding,1,,,,,null,,,
8798,rebounding,1,,,,,null,,,
8799,rebounding,1,,,,,null,,,
8800,rebounding,1,699,239,28624,108.42,sam2,1.414,1059.517,18.92
8801,rebounding,1,,,,,null,,,
8802,rebounding,1,,,,,null,,,
8803,rebounding,1,,,,,null,,,
8804,rebounding,1,700,240,29013,109.89,sam2,1.414,1059.517,18.92
8805,rebounding,1,,,,,null,,,
8806,rebounding,1,,,,,null,,,
8807,rebounding,1,,,,,null,,,
8808,rebounding,1,699,239,28595,108.31,sam2,1.414,1059.517,18.92
8809,rebounding,1,,,,,null,,,
8810,rebounding,1,,,,,null,,,
8811,rebounding,1,,,,,null,,,
8812,rebounding,1,700,239,28604,108.34,sam2,1.0,749.192,13.378
8813,rebounding,1,,,,,null,,,
8814,rebounding,1,,,,,null,,,
8815,rebounding,1,,,,,null,,,
8816,rebounding,1,700,239,28771,108.98,sam2,0.0,0.0,0.0
8817,rebounding,1,,,,,null,,,
8818,rebounding,1,,,,,null,,,
8819,rebounding,1,,,,,null,,,
8820,rebounding,1,700,240,28875,109.37,sam2,1.0,749.192,13.378
8821,rebounding,1,,,,,null,,,
8822,rebounding,1,,,,,null,,,
8823,rebounding,1,,,,,null,,,
8824,rebounding,1,699,240,29014,109.9,sam2,1.0,749.192,13.378
8825,rebounding,1,,,,,null,,,
8826,rebounding,1,,,,,null,,,
8827,rebounding,1,,,,,null,,,
8828,rebounding,1,699,239,28804,109.1,sam2,1.0,749.192,13.378
8829,rebounding,1,,,,,null,,,
8830,rebounding,1,,,,,null,,,
8831,rebounding,1,,,,,null,,,
8832,rebounding,1,699,239,28789,109.05,sam2,0.0,0.0,0.0
8833,rebounding,1,,,,,null,,,
8834,rebounding,1,,,,,null,,,
8835,rebounding,1,,,,,null,,,
8836,rebounding,1,700,239,28824,109.18,sam2,1.0,749.192,13.378
8837,rebounding,1,,,,,null,,,
8838,rebounding,1,,,,,null,,,
8839,rebounding,1,,,,,null,,,
8840,rebounding,1,700,239,28766,108.96,sam2,0.0,0.0,0.0
8841,rebounding,1,,,,,null,,,
8842,rebounding,1,,,,,null,,,
8843,rebounding,1,,,,,null,,,
8844,rebounding,1,700,240,28888,109.42,sam2,1.0,749.192,13.378
8845,rebounding,1,,,,,null,,,
8846,rebounding,1,,,,,null,,,
8847,rebounding,1,,,,,null,,,
8848,rebounding,1,700,240,28890,109.43,sam2,0.0,0.0,0.0
8849,rebounding,1,,,,,null,,,
8850,rebounding,1,,,,,null,,,
8851,rebounding,1,,,,,null,,,
8852,rebounding,1,699,239,28678,108.62,sam2,1.414,1059.517,18.92
8853,rebounding,1,,,,,null,,,
8854,rebounding,1,,,,,null,,,
8855,rebounding,1,,,,,null,,,
8856,rebounding,1,699,239,28653,108.53,sam2,0.0,0.0,0.0
8857,rebounding,1,,,,,null,,,
8858,rebounding,1,,,,,null,,,
8859,rebounding,1,,,,,null,,,
8860,rebounding,1,700,239,28812,109.13,sam2,1.0,749.192,13.378
8861,rebounding,1,,,,,null,,,
8862,rebounding,1,,,,,null,,,
8863,rebounding,1,,,,,null,,,
8864,rebounding,1,700,240,28930,109.58,sam2,1.0,749.192,13.378
8865,rebounding,1,,,,,null,,,
8866,rebounding,1,,,,,null,,,
8867,rebounding,1,,,,,null,,,
8868,rebounding,1,700,239,28726,108.81,sam2,1.0,749.192,13.378
8869,rebounding,1,,,,,null,,,
8870,rebounding,1,,,,,null,,,
8871,rebounding,1,,,,,null,,,
8872,rebounding,1,699,239,28691,108.67,sam2,1.0,749.192,13.378
8873,rebounding,1,,,,,null,,,
8874,rebounding,1,,,,,null,,,
8875,rebounding,1,,,,,null,,,
8876,rebounding,1,699,240,28910,109.5,sam2,1.0,749.192,13.378
8877,rebounding,1,,,,,null,,,
8878,rebounding,1,,,,,null,,,
8879,rebounding,1,,,,,null,,,
8880,rebounding,1,699,239,28712,108.75,sam2,1.0,749.192,13.378
8881,rebounding,1,,,,,null,,,
8882,rebounding,1,,,,,null,,,
8883,rebounding,1,,,,,null,,,
8884,rebounding,1,699,239,28584,108.27,sam2,0.0,0.0,0.0
8885,rebounding,1,,,,,null,,,
8886,rebounding,1,,,,,null,,,
8887,rebounding,1,,,,,null,,,
8888,rebounding,1,700,239,28605,108.35,sam2,1.0,749.192,13.378
8889,rebounding,1,,,,,null,,,
8890,rebounding,1,,,,,null,,,
8891,rebounding,1,,,,,null,,,
8892,rebounding,1,700,239,28816,109.15,sam2,0.0,0.0,0.0
8893,rebounding,1,,,,,null,,,
8894,rebounding,1,,,,,null,,,
8895,rebounding,1,,,,,null,,,
8896,rebounding,1,700,239,28534,108.08,sam2,0.0,0.0,0.0
8897,rebounding,1,,,,,null,,,
8898,rebounding,1,,,,,null,,,
8899,rebounding,1,,,,,null,,,
8900,rebounding,1,700,239,28757,108.92,sam2,0.0,0.0,0.0
8901,rebounding,1,,,,,null,,,
8902,rebounding,1,,,,,null,,,
8903,rebounding,1,,,,,null,,,
8904,rebounding,1,700,239,28681,108.64,sam2,0.0,0.0,0.0
8905,rebounding,1,,,,,null,,,
8906,rebounding,1,,,,,null,,,
8907,rebounding,1,,,,,null,,,
8908,rebounding,1,699,239,28379,107.49,sam2,1.0,749.192,13.378
8909,rebounding,1,,,,,null,,,
8910,rebounding,1,,,,,null,,,
8911,rebounding,1,,,,,null,,,
8912,rebounding,1,700,239,28522,108.03,sam2,1.0,749.192,13.378
8913,rebounding,1,,,,,null,,,
8914,rebounding,1,,,,,null,,,
8915,rebounding,1,,,,,null,,,
8916,rebounding,1,700,239,28607,108.36,sam2,0.0,0.0,0.0
8917,rebounding,1,,,,,null,,,
8918,rebounding,1,,,,,null,,,
8919,rebounding,1,,,,,null,,,
8920,rebounding,1,700,240,28923,109.55,sam2,1.0,749.192,13.378
8921,rebounding,1,,,,,null,,,
8922,rebounding,1,,,,,null,,,
8923,rebounding,1,,,,,null,,,
8924,rebounding,1,700,239,28783,109.02,sam2,1.0,749.192,13.378
8925,rebounding,1,,,,,null,,,
8926,rebounding,1,,,,,null,,,
8927,rebounding,1,,,,,null,,,
8928,rebounding,1,700,239,28684,108.65,sam2,0.0,0.0,0.0
8929,rebounding,1,,,,,null,,,
8930,rebounding,1,,,,,null,,,
8931,rebounding,1,,,,,null,,,
8932,rebounding,1,700,239,28815,109.14,sam2,0.0,0.0,0.0
8933,rebounding,1,,,,,null,,,
8934,rebounding,1,,,,,null,,,
8935,rebounding,1,,,,,null,,,
8936,rebounding,1,700,239,28723,108.8,sam2,0.0,0.0,0.0
8937,rebounding,1,,,,,null,,,
8938,rebounding,1,,,,,null,,,
8939,rebounding,1,,,,,null,,,
8940,rebounding,1,700,240,28879,109.39,sam2,1.0,749.192,13.378
8941,rebounding,1,,,,,null,,,
8942,rebounding,1,,,,,null,,,
8943,rebounding,1,,,,,null,,,
8944,rebounding,1,700,239,28594,108.31,sam2,1.0,749.192,13.378
8945,rebounding,1,,,,,null,,,
8946,rebounding,1,,,,,null,,,
8947,rebounding,1,,,,,null,,,
8948,rebounding,1,700,239,28820,109.16,sam2,0.0,0.0,0.0
8949,rebounding,1,,,,,null,,,
8950,rebounding,1,,,,,null,,,
8951,rebounding,1,,,,,null,,,
8952,rebounding,1,700,239,28813,109.14,sam2,0.0,0.0,0.0
8953,rebounding,1,,,,,null,,,
8954,rebounding,1,,,,,null,,,
8955,rebounding,1,,,,,null,,,
8956,rebounding,1,700,239,28709,108.74,sam2,0.0,0.0,0.0
8957,rebounding,1,,,,,null,,,
8958,rebounding,1,,,,,null,,,
8959,rebounding,1,,,,,null,,,
8960,rebounding,1,700,239,28586,108.28,sam2,0.0,0.0,0.0
8961,rebounding,1,,,,,null,,,
8962,rebounding,1,,,,,null,,,
8963,rebounding,1,,,,,null,,,
8964,rebounding,1,699,239,28680,108.63,sam2,1.0,749.192,13.378
8965,rebounding,1,,,,,null,,,
8966,rebounding,1,,,,,null,,,
8967,rebounding,1,,,,,null,,,
8968,rebounding,1,699,239,28572,108.22,sam2,0.0,0.0,0.0
8969,rebounding,1,,,,,null,,,
8970,rebounding,1,,,,,null,,,
8971,rebounding,1,,,,,null,,,
8972,rebounding,1,699,239,28752,108.9,sam2,0.0,0.0,0.0
8973,rebounding,1,,,,,null,,,
8974,rebounding,1,,,,,null,,,
8975,rebounding,1,,,,,null,,,
8976,rebounding,1,699,239,28484,107.89,sam2,0.0,0.0,0.0
8977,rebounding,1,,,,,null,,,
8978,rebounding,1,,,,,null,,,
8979,rebounding,1,,,,,null,,,
8980,rebounding,1,700,239,28514,108.0,sam2,1.0,749.192,13.378
8981,rebounding,1,,,,,null,,,
8982,rebounding,1,,,,,null,,,
8983,rebounding,1,,,,,null,,,
8984,rebounding,1,700,239,28735,108.84,sam2,0.0,0.0,0.0
8985,rebounding,1,,,,,null,,,
8986,rebounding,1,,,,,null,,,
8987,rebounding,1,,,,,null,,,
8988,rebounding,1,699,239,28791,109.05,sam2,1.0,749.192,13.378
8989,rebounding,1,,,,,null,,,
8990,rebounding,1,,,,,null,,,
8991,rebounding,1,,,,,null,,,
8992,rebounding,1,700,240,28871,109.36,sam2,1.414,1059.517,18.92
8993,rebounding,1,,,,,null,,,
8994,rebounding,1,,,,,null,,,
8995,rebounding,1,,,,,null,,,
8996,rebounding,1,700,239,28755,108.92,sam2,1.0,749.192,13.378
8997,rebounding,1,,,,,null,,,
8998,rebounding,1,,,,,null,,,
8999,rebounding,1,,,,,null,,,
9000,rebounding,1,700,239,28668,108.59,sam2,0.0,0.0,0.0
9001,rebounding,1,,,,,null,,,
9002,rebounding,1,,,,,null,,,
9003,rebounding,1,,,,,null,,,
9004,rebounding,1,700,239,28627,108.43,sam2,0.0,0.0,0.0
9005,rebounding,1,,,,,null,,,
9006,rebounding,1,,,,,null,,,
9007,rebounding,1,,,,,null,,,
9008,rebounding,1,699,239,28695,108.69,sam2,1.0,749.192,13.378
9009,rebounding,1,,,,,null,,,
9010,rebounding,1,,,,,null,,,
9011,rebounding,1,,,,,null,,,
9012,rebounding,1,700,240,28983,109.78,sam2,1.414,1059.517,18.92
9013,rebounding,1,,,,,null,,,
9014,rebounding,1,,,,,null,,,
9015,rebounding,1,,,,,null,,,
9016,rebounding,1,700,239,28776,109.0,sam2,1.0,749.192,13.378
9017,rebounding,1,,,,,null,,,
9018,rebounding,1,,,,,null,,,
9019,rebounding,1,,,,,null,,,
9020,rebounding,1,700,239,28760,108.94,sam2,0.0,0.0,0.0
9021,rebounding,1,,,,,null,,,
9022,rebounding,1,,,,,null,,,
9023,rebounding,1,,,,,null,,,
9024,rebounding,1,700,240,28880,109.39,sam2,1.0,749.192,13.378
9025,rebounding,1,,,,,null,,,
9026,rebounding,1,,,,,null,,,
9027,rebounding,1,,,,,null,,,
9028,rebounding,1,700,239,28681,108.64,sam2,1.0,749.192,13.378
9029,rebounding,1,,,,,null,,,
9030,rebounding,1,,,,,null,,,
9031,rebounding,1,,,,,null,,,
9032,rebounding,1,700,240,29001,109.85,sam2,1.0,749.192,13.378
9033,rebounding,1,,,,,null,,,
9034,rebounding,1,,,,,null,,,
9035,rebounding,1,,,,,null,,,
9036,rebounding,1,700,239,28781,109.01,sam2,1.0,749.192,13.378
9037,rebounding,1,,,,,null,,,
9038,rebounding,1,,,,,null,,,
9039,rebounding,1,,,,,null,,,
9040,rebounding,1,700,240,28859,109.31,sam2,1.0,749.192,13.378
9041,rebounding,1,,,,,null,,,
9042,rebounding,1,,,,,null,,,
9043,rebounding,1,,,,,null,,,
9044,rebounding,1,700,239,28660,108.56,sam2,1.0,749.192,13.378
9045,rebounding,1,,,,,null,,,
9046,rebounding,1,,,,,null,,,
9047,rebounding,1,,,,,null,,,
9048,rebounding,1,700,238,28244,106.98,sam2,1.0,749.192,13.378
9049,rebounding,1,,,,,null,,,
9050,rebounding,1,,,,,null,,,
9051,rebounding,1,,,,,null,,,
9052,rebounding,1,700,239,28692,108.68,sam2,1.0,749.192,13.378
9053,rebounding,1,,,,,null,,,
9054,rebounding,1,,,,,null,,,
9055,rebounding,1,,,,,null,,,
9056,rebounding,1,700,239,28586,108.28,sam2,0.0,0.0,0.0
9057,rebounding,1,,,,,null,,,
9058,rebounding,1,,,,,null,,,
9059,rebounding,1,,,,,null,,,
9060,rebounding,1,700,239,28614,108.38,sam2,0.0,0.0,0.0
9061,rebounding,1,,,,,null,,,
9062,rebounding,1,,,,,null,,,
9063,rebounding,1,,,,,null,,,
9064,rebounding,1,700,240,28904,109.48,sam2,1.0,749.192,13.378
9065,rebounding,1,,,,,null,,,
9066,rebounding,1,,,,,null,,,
9067,rebounding,1,,,,,null,,,
9068,rebounding,1,700,239,28618,108.4,sam2,1.0,749.192,13.378
9069,rebounding,1,,,,,null,,,
9070,rebounding,1,,,,,null,,,
9071,rebounding,1,,,,,null,,,
9072,rebounding,1,700,239,28609,108.36,sam2,0.0,0.0,0.0
9073,rebounding,1,,,,,null,,,
9074,rebounding,1,,,,,null,,,
9075,rebounding,1,,,,,null,,,
9076,rebounding,1,700,239,28809,109.12,sam2,0.0,0.0,0.0
9077,rebounding,1,,,,,null,,,
9078,rebounding,1,,,,,null,,,
9079,rebounding,1,,,,,null,,,
9080,rebounding,1,700,240,28877,109.38,sam2,1.0,749.192,13.378
9081,rebounding,1,,,,,null,,,
9082,rebounding,1,,,,,null,,,
9083,rebounding,1,,,,,null,,,
9084,rebounding,1,699,238,28288,107.15,sam2,2.236,1675.243,29.915
9085,rebounding,1,,,,,null,,,
9086,rebounding,1,,,,,null,,,
9087,rebounding,1,,,,,null,,,
9088,rebounding,1,700,240,28854,109.29,sam2,2.236,1675.243,29.915
9089,rebounding,1,,,,,null,,,
9090,rebounding,1,,,,,null,,,
9091,rebounding,1,,,,,null,,,
9092,rebounding,1,700,240,28837,109.23,sam2,0.0,0.0,0.0
9093,rebounding,1,,,,,null,,,
9094,rebounding,1,,,,,null,,,
9095,rebounding,1,,,,,null,,,
9096,rebounding,1,700,239,28796,109.07,sam2,1.0,749.192,13.378
9097,rebounding,1,,,,,null,,,
9098,rebounding,1,,,,,null,,,
9099,rebounding,1,,,,,null,,,
9100,rebounding,1,699,239,28735,108.84,sam2,1.0,749.192,13.378
9101,rebounding,1,,,,,null,,,
9102,rebounding,1,,,,,null,,,
9103,rebounding,1,,,,,null,,,
9104,rebounding,1,700,239,28794,109.06,sam2,1.0,749.192,13.378
9105,rebounding,1,,,,,null,,,
9106,rebounding,1,,,,,null,,,
9107,rebounding,1,,,,,null,,,
9108,rebounding,1,700,240,29085,110.17,sam2,1.0,749.192,13.378
9109,rebounding,1,,,,,null,,,
9110,rebounding,1,,,,,null,,,
9111,rebounding,1,,,,,null,,,
9112,rebounding,1,700,240,29005,109.86,sam2,0.0,0.0,0.0
9113,rebounding,1,,,,,null,,,
9114,rebounding,1,,,,,null,,,
9115,rebounding,1,,,,,null,,,
9116,rebounding,1,699,239,28692,108.68,sam2,1.414,1059.517,18.92
9117,rebounding,1,,,,,null,,,
9118,rebounding,1,,,,,null,,,
9119,rebounding,1,,,,,null,,,
9120,rebounding,1,700,240,28912,109.51,sam2,1.414,1059.517,18.92
9121,rebounding,1,,,,,null,,,
9122,rebounding,1,,,,,null,,,
9123,rebounding,1,,,,,null,,,
9124,rebounding,1,700,240,28866,109.34,sam2,0.0,0.0,0.0
9125,rebounding,1,,,,,null,,,
9126,rebounding,1,,,,,null,,,
9127,rebounding,1,,,,,null,,,
9128,rebounding,1,699,240,28880,109.39,sam2,1.0,749.192,13.378
9129,rebounding,1,,,,,null,,,
9130,rebounding,1,,,,,null,,,
9131,rebounding,1,,,,,null,,,
9132,rebounding,1,700,239,28792,109.06,sam2,1.414,1059.517,18.92
9133,rebounding,1,,,,,null,,,
9134,rebounding,1,,,,,null,,,
9135,rebounding,1,,,,,null,,,
9136,rebounding,1,699,240,28852,109.28,sam2,1.414,1059.517,18.92
9137,rebounding,1,,,,,null,,,
9138,rebounding,1,,,,,null,,,
9139,rebounding,1,,,,,null,,,
9140,rebounding,1,700,240,29205,110.62,sam2,1.0,749.192,13.378
9141,rebounding,1,,,,,null,,,
9142,rebounding,1,,,,,null,,,
9143,rebounding,1,,,,,null,,,
9144,rebounding,1,699,239,28595,108.31,sam2,1.414,1059.517,18.92
9145,rebounding,1,,,,,null,,,
9146,rebounding,1,,,,,null,,,
9147,rebounding,1,,,,,null,,,
9148,rebounding,1,700,239,28764,108.95,sam2,1.0,749.192,13.378
9149,rebounding,1,,,,,null,,,
9150,rebounding,1,,,,,null,,,
9151,rebounding,1,,,,,null,,,
9152,rebounding,1,700,239,28653,108.53,sam2,0.0,0.0,0.0
9153,rebounding,1,,,,,null,,,
9154,rebounding,1,,,,,null,,,
9155,rebounding,1,,,,,null,,,
9156,rebounding,1,700,239,28761,108.94,sam2,0.0,0.0,0.0
9157,rebounding,1,,,,,null,,,
9158,rebounding,1,,,,,null,,,
9159,rebounding,1,,,,,null,,,
9160,rebounding,1,700,239,28749,108.89,sam2,0.0,0.0,0.0
9161,rebounding,1,,,,,null,,,
9162,rebounding,1,,,,,null,,,
9163,rebounding,1,,,,,null,,,
9164,rebounding,1,699,239,28627,108.43,sam2,1.0,749.192,13.378
9165,rebounding,1,,,,,null,,,
9166,rebounding,1,,,,,null,,,
9167,rebounding,1,,,,,null,,,
9168,rebounding,1,700,240,28860,109.31,sam2,1.414,1059.517,18.92
9169,rebounding,1,,,,,null,,,
9170,rebounding,1,,,,,null,,,
9171,rebounding,1,,,,,null,,,
9172,rebounding,1,700,239,28831,109.2,sam2,1.0,749.192,13.378
9173,rebounding,1,,,,,null,,,
9174,rebounding,1,,,,,null,,,
9175,rebounding,1,,,,,null,,,
9176,rebounding,1,700,240,29122,110.31,sam2,1.0,749.192,13.378
9177,rebounding,1,,,,,null,,,
9178,rebounding,1,,,,,null,,,
9179,rebounding,1,,,,,null,,,
9180,rebounding,1,700,240,29134,110.35,sam2,0.0,0.0,0.0
9181,rebounding,1,,,,,null,,,
9182,rebounding,1,,,,,null,,,
9183,rebounding,1,,,,,null,,,
9184,rebounding,1,700,239,28794,109.06,sam2,1.0,749.192,13.378
9185,rebounding,1,,,,,null,,,
9186,rebounding,1,,,,,null,,,
9187,rebounding,1,,,,,null,,,
9188,rebounding,1,699,240,28943,109.63,sam2,1.414,1059.517,18.92
9189,rebounding,1,,,,,null,,,
9190,rebounding,1,,,,,null,,,
9191,rebounding,1,,,,,null,,,
9192,rebounding,1,700,240,28988,109.8,sam2,1.0,749.192,13.378
9193,rebounding,1,,,,,null,,,
9194,rebounding,1,,,,,null,,,
9195,rebounding,1,,,,,null,,,
9196,rebounding,1,700,239,28639,108.48,sam2,1.0,749.192,13.378
9197,rebounding,1,,,,,null,,,
9198,rebounding,1,,,,,null,,,
9199,rebounding,1,,,,,null,,,
9200,rebounding,1,699,239,28820,109.16,sam2,1.0,749.192,13.378
9201,rebounding,1,,,,,null,,,
9202,rebounding,1,,,,,null,,,
9203,rebounding,1,,,,,null,,,
9204,rebounding,1,700,239,28702,108.72,sam2,1.0,749.192,13.378
9205,rebounding,1,,,,,null,,,
9206,rebounding,1,,,,,null,,,
9207,rebounding,1,,,,,null,,,
9208,rebounding,1,700,240,29017,109.91,sam2,1.0,749.192,13.378
9209,rebounding,1,,,,,null,,,
9210,rebounding,1,,,,,null,,,
9211,rebounding,1,,,,,null,,,
9212,rebounding,1,699,239,28782,109.02,sam2,1.414,1059.517,18.92
9213,rebounding,1,,,,,null,,,
9214,rebounding,1,,,,,null,,,
9215,rebounding,1,,,,,null,,,
9216,rebounding,1,699,239,28803,109.1,sam2,0.0,0.0,0.0
9217,rebounding,1,,,,,null,,,
9218,rebounding,1,,,,,null,,,
9219,rebounding,1,,,,,null,,,
9220,rebounding,1,699,239,28755,108.92,sam2,0.0,0.0,0.0
9221,rebounding,1,,,,,null,,,
9222,rebounding,1,,,,,null,,,
9223,rebounding,1,,,,,null,,,
9224,rebounding,1,700,240,28985,109.79,sam2,1.414,1059.517,18.92
9225,rebounding,1,,,,,null,,,
9226,rebounding,1,,,,,null,,,
9227,rebounding,1,,,,,null,,,
9228,rebounding,1,699,239,28529,108.06,sam2,1.414,1059.517,18.92
9229,rebounding,1,,,,,null,,,
9230,rebounding,1,,,,,null,,,
9231,rebounding,1,,,,,null,,,
9232,rebounding,1,699,239,28690,108.67,sam2,0.0,0.0,0.0
9233,rebounding,1,,,,,null,,,
9234,rebounding,1,,,,,null,,,
9235,rebounding,1,,,,,null,,,
9236,rebounding,1,699,239,28736,108.84,sam2,0.0,0.0,0.0
9237,rebounding,1,,,,,null,,,
9238,rebounding,1,,,,,null,,,
9239,rebounding,1,,,,,null,,,
9240,rebounding,1,700,239,28797,109.08,sam2,1.0,749.192,13.378
9241,rebounding,1,,,,,null,,,
9242,rebounding,1,,,,,null,,,
9243,rebounding,1,,,,,null,,,
9244,rebounding,1,699,239,28640,108.48,sam2,1.0,749.192,13.378
9245,rebounding,1,,,,,null,,,
9246,rebounding,1,,,,,null,,,
9247,rebounding,1,,,,,null,,,
9248,rebounding,1,699,239,28599,108.33,sam2,0.0,0.0,0.0
9249,rebounding,1,,,,,null,,,
9250,rebounding,1,,,,,null,,,
9251,rebounding,1,,,,,null,,,
9252,rebounding,1,699,238,28363,107.43,sam2,1.0,749.192,13.378
9253,rebounding,1,,,,,null,,,
9254,rebounding,1,,,,,null,,,
9255,rebounding,1,,,,,null,,,
9256,rebounding,1,699,239,28458,107.79,sam2,1.0,749.192,13.378
9257,rebounding,1,,,,,null,,,
9258,rebounding,1,,,,,null,,,
9259,rebounding,1,,,,,null,,,
9260,rebounding,1,700,239,28775,108.99,sam2,1.0,749.192,13.378
9261,rebounding,1,,,,,null,,,
9262,rebounding,1,,,,,null,,,
9263,rebounding,1,,,,,null,,,
9264,rebounding,1,699,239,28739,108.86,sam2,1.0,749.192,13.378
9265,rebounding,1,,,,,null,,,
9266,rebounding,1,,,,,null,,,
9267,rebounding,1,,,,,null,,,
9268,rebounding,1,700,238,28358,107.41,sam2,1.414,1059.517,18.92
9269,rebounding,1,,,,,null,,,
9270,rebounding,1,,,,,null,,,
9271,rebounding,1,,,,,null,,,
9272,rebounding,1,699,239,28466,107.82,sam2,1.414,1059.517,18.92
9273,rebounding,1,,,,,null,,,
9274,rebounding,1,,,,,null,,,
9275,rebounding,1,,,,,null,,,
9276,rebounding,1,700,238,28307,107.22,sam2,1.414,1059.517,18.92
9277,rebounding,1,,,,,null,,,
9278,rebounding,1,,,,,null,,,
9279,rebounding,1,,,,,null,,,
9280,rebounding,1,700,240,28945,109.64,sam2,2.0,1498.383,26.757
9281,rebounding,1,,,,,null,,,
9282,rebounding,1,,,,,null,,,
9283,rebounding,1,,,,,null,,,
9284,rebounding,1,700,239,28535,108.08,sam2,1.0,749.192,13.378
9285,rebounding,1,,,,,null,,,
9286,rebounding,1,,,,,null,,,
9287,rebounding,1,,,,,null,,,
9288,rebounding,1,700,239,28556,108.16,sam2,0.0,0.0,0.0
9289,rebounding,1,,,,,null,,,
9290,rebounding,1,,,,,null,,,
9291,rebounding,1,,,,,null,,,
9292,rebounding,1,700,239,28738,108.85,sam2,0.0,0.0,0.0
9293,rebounding,1,,,,,null,,,
9294,rebounding,1,,,,,null,,,
9295,rebounding,1,,,,,null,,,
9296,rebounding,1,700,239,28877,109.38,sam2,0.0,0.0,0.0
9297,rebounding,1,,,,,null,,,
9298,rebounding,1,,,,,null,,,
9299,rebounding,1,,,,,null,,,
9300,rebounding,1,700,239,28606,108.35,sam2,0.0,0.0,0.0
9301,rebounding,1,,,,,null,,,
9302,rebounding,1,,,,,null,,,
9303,rebounding,1,,,,,null,,,
9304,rebounding,1,700,239,28706,108.73,sam2,0.0,0.0,0.0
9305,rebounding,1,,,,,null,,,
9306,rebounding,1,,,,,null,,,
9307,rebounding,1,,,,,null,,,
9308,rebounding,1,700,240,28898,109.46,sam2,1.0,749.192,13.378
9309,rebounding,1,,,,,null,,,
9310,rebounding,1,,,,,null,,,
9311,rebounding,1,,,,,null,,,
9312,rebounding,1,700,239,28554,108.15,sam2,1.0,749.192,13.378
9313,rebounding,1,,,,,null,,,
9314,rebounding,1,,,,,null,,,
9315,rebounding,1,,,,,null,,,
9316,rebounding,1,699,240,29057,110.06,sam2,1.414,1059.517,18.92
9317,rebounding,1,,,,,null,,,
9318,rebounding,1,,,,,null,,,
9319,rebounding,1,,,,,null,,,
9320,rebounding,1,700,240,28910,109.5,sam2,1.0,749.192,13.378
9321,rebounding,1,,,,,null,,,
9322,rebounding,1,,,,,null,,,
9323,rebounding,1,,,,,null,,,
9324,rebounding,1,700,240,28900,109.47,sam2,0.0,0.0,0.0
9325,rebounding,1,,,,,null,,,
9326,rebounding,1,,,,,null,,,
9327,rebounding,1,,,,,null,,,
9328,rebounding,1,699,239,28699,108.7,sam2,1.414,1059.517,18.92
9329,rebounding,1,,,,,null,,,
9330,rebounding,1,,,,,null,,,
9331,rebounding,1,,,,,null,,,
9332,rebounding,1,699,239,28892,109.44,sam2,0.0,0.0,0.0
9333,rebounding,1,,,,,null,,,
9334,rebounding,1,,,,,null,,,
9335,rebounding,1,,,,,null,,,
9336,rebounding,1,699,239,28859,109.31,sam2,0.0,0.0,0.0
9337,rebounding,1,,,,,null,,,
9338,rebounding,1,,,,,null,,,
9339,rebounding,1,,,,,null,,,
9340,rebounding,1,700,240,28964,109.71,sam2,1.414,1059.517,18.92
9341,rebounding,1,,,,,null,,,
9342,rebounding,1,,,,,null,,,
9343,rebounding,1,,,,,null,,,
9344,rebounding,1,699,239,28758,108.93,sam2,1.414,1059.517,18.92
9345,rebounding,1,,,,,null,,,
9346,rebounding,1,,,,,null,,,
9347,rebounding,1,,,,,null,,,
9348,rebounding,1,699,239,28651,108.52,sam2,0.0,0.0,0.0
9349,rebounding,1,,,,,null,,,
9350,rebounding,1,,,,,null,,,
9351,rebounding,1,,,,,null,,,
9352,rebounding,1,700,239,28821,109.17,sam2,1.0,749.192,13.378
9353,rebounding,1,,,,,null,,,
9354,rebounding,1,,,,,null,,,
9355,rebounding,1,,,,,null,,,
9356,rebounding,1,699,239,28534,108.08,sam2,1.0,749.192,13.378
9357,rebounding,1,,,,,null,,,
9358,rebounding,1,,,,,null,,,
9359,rebounding,1,,,,,null,,,
9360,rebounding,1,699,239,28894,109.44,sam2,0.0,0.0,0.0
9361,rebounding,1,,,,,null,,,
9362,rebounding,1,,,,,null,,,
9363,rebounding,1,,,,,null,,,
9364,rebounding,1,699,240,29010,109.88,sam2,1.0,749.192,13.378
9365,rebounding,1,,,,,null,,,
9366,rebounding,1,,,,,null,,,
9367,rebounding,1,,,,,null,,,
9368,rebounding,1,699,239,28750,108.9,sam2,1.0,749.192,13.378
9369,rebounding,1,,,,,null,,,
9370,rebounding,1,,,,,null,,,
9371,rebounding,1,,,,,null,,,
9372,rebounding,1,699,239,28562,108.19,sam2,0.0,0.0,0.0
9373,rebounding,1,,,,,null,,,
9374,rebounding,1,,,,,null,,,
9375,rebounding,1,,,,,null,,,
9376,rebounding,1,700,239,28709,108.74,sam2,1.0,749.192,13.378
9377,rebounding,1,,,,,null,,,
9378,rebounding,1,,,,,null,,,
9379,rebounding,1,,,,,null,,,
9380,rebounding,1,700,239,28670,108.59,sam2,0.0,0.0,0.0
9381,rebounding,1,,,,,null,,,
9382,rebounding,1,,,,,null,,,
9383,rebounding,1,,,,,null,,,
9384,rebounding,1,700,239,28769,108.97,sam2,0.0,0.0,0.0
9385,rebounding,1,,,,,null,,,
9386,rebounding,1,,,,,null,,,
9387,rebounding,1,,,,,null,,,
9388,rebounding,1,700,239,28733,108.83,sam2,0.0,0.0,0.0
9389,rebounding,1,,,,,null,,,
9390,rebounding,1,,,,,null,,,
9391,rebounding,1,,,,,null,,,
9392,rebounding,1,700,239,28847,109.26,sam2,0.0,0.0,0.0
9393,rebounding,1,,,,,null,,,
9394,rebounding,1,,,,,null,,,
9395,rebounding,1,,,,,null,,,
9396,rebounding,1,700,239,28686,108.65,sam2,0.0,0.0,0.0
9397,rebounding,1,,,,,null,,,
9398,rebounding,1,,,,,null,,,
9399,rebounding,1,,,,,null,,,
9400,rebounding,1,700,239,28776,109.0,sam2,0.0,0.0,0.0
9401,rebounding,1,,,,,null,,,
9402,rebounding,1,,,,,null,,,
9403,rebounding,1,,,,,null,,,
9404,rebounding,1,700,239,28522,108.03,sam2,0.0,0.0,0.0
9405,rebounding,1,,,,,null,,,
9406,rebounding,1,,,,,null,,,
9407,rebounding,1,,,,,null,,,
9408,rebounding,1,699,238,28371,107.46,sam2,1.414,1059.517,18.92
9409,rebounding,1,,,,,null,,,
9410,rebounding,1,,,,,null,,,
9411,rebounding,1,,,,,null,,,
9412,rebounding,1,700,239,28650,108.52,sam2,1.414,1059.517,18.92
9413,rebounding,1,,,,,null,,,
9414,rebounding,1,,,,,null,,,
9415,rebounding,1,,,,,null,,,
9416,rebounding,1,700,239,28842,109.25,sam2,0.0,0.0,0.0
9417,rebounding,1,,,,,null,,,
9418,rebounding,1,,,,,null,,,
9419,rebounding,1,,,,,null,,,
9420,rebounding,1,700,239,28699,108.7,sam2,0.0,0.0,0.0
9421,rebounding,1,,,,,null,,,
9422,rebounding,1,,,,,null,,,
9423,rebounding,1,,,,,null,,,
9424,rebounding,1,700,239,28570,108.22,sam2,0.0,0.0,0.0
9425,rebounding,1,,,,,null,,,
9426,rebounding,1,,,,,null,,,
9427,rebounding,1,,,,,null,,,
9428,rebounding,1,700,239,28653,108.53,sam2,0.0,0.0,0.0
9429,rebounding,1,,,,,null,,,
9430,rebounding,1,,,,,null,,,
9431,rebounding,1,,,,,null,,,
9432,rebounding,1,700,239,28628,108.44,sam2,0.0,0.0,0.0
9433,rebounding,1,,,,,null,,,
9434,rebounding,1,,,,,null,,,
9435,rebounding,1,,,,,null,,,
9436,rebounding,1,700,239,28867,109.34,sam2,0.0,0.0,0.0
9437,rebounding,1,,,,,null,,,
9438,rebounding,1,,,,,null,,,
9439,rebounding,1,,,,,null,,,
9440,rebounding,1,699,239,28661,108.56,sam2,1.0,749.192,13.378
9441,rebounding,1,,,,,null,,,
9442,rebounding,1,,,,,null,,,
9443,rebounding,1,,,,,null,,,
9444,rebounding,1,700,239,28709,108.74,sam2,1.0,749.192,13.378
9445,rebounding,1,,,,,null,,,
9446,rebounding,1,,,,,null,,,
9447,rebounding,1,,,,,null,,,
9448,rebounding,1,699,239,28540,108.1,sam2,1.0,749.192,13.378
9449,rebounding,1,,,,,null,,,
9450,rebounding,1,,,,,null,,,
9451,rebounding,1,,,,,null,,,
9452,rebounding,1,699,239,28556,108.16,sam2,0.0,0.0,0.0
9453,rebounding,1,,,,,null,,,
9454,rebounding,1,,,,,null,,,
9455,rebounding,1,,,,,null,,,
9456,rebounding,1,700,239,28794,109.06,sam2,1.0,749.192,13.378
9457,rebounding,1,,,,,null,,,
9458,rebounding,1,,,,,null,,,
9459,rebounding,1,,,,,null,,,
9460,rebounding,1,700,239,28890,109.43,sam2,0.0,0.0,0.0
9461,rebounding,1,,,,,null,,,
9462,rebounding,1,,,,,null,,,
9463,rebounding,1,,,,,null,,,
9464,rebounding,1,699,239,28693,108.68,sam2,1.0,749.192,13.378
9465,rebounding,1,,,,,null,,,
9466,rebounding,1,,,,,null,,,
9467,rebounding,1,,,,,null,,,
9468,rebounding,1,699,240,29021,109.92,sam2,1.0,749.192,13.378
9469,rebounding,1,,,,,null,,,
9470,rebounding,1,,,,,null,,,
9471,rebounding,1,,,,,null,,,
9472,rebounding,1,699,239,28658,108.55,sam2,1.0,749.192,13.378
9473,rebounding,1,,,,,null,,,
9474,rebounding,1,,,,,null,,,
9475,rebounding,1,,,,,null,,,
9476,rebounding,1,699,239,28552,108.15,sam2,0.0,0.0,0.0
9477,rebounding,1,,,,,null,,,
9478,rebounding,1,,,,,null,,,
9479,rebounding,1,,,,,null,,,
9480,rebounding,1,699,239,28781,109.01,sam2,0.0,0.0,0.0
9481,rebounding,1,,,,,null,,,
9482,rebounding,1,,,,,null,,,
9483,rebounding,1,,,,,null,,,
9484,rebounding,1,699,239,28603,108.34,sam2,0.0,0.0,0.0
9485,rebounding,1,,,,,null,,,
9486,rebounding,1,,,,,null,,,
9487,rebounding,1,,,,,null,,,
9488,rebounding,1,700,240,29028,109.95,sam2,1.414,1059.517,18.92
9489,rebounding,1,,,,,null,,,
9490,rebounding,1,,,,,null,,,
9491,rebounding,1,,,,,null,,,
9492,rebounding,1,700,239,28666,108.58,sam2,1.0,749.192,13.378
9493,rebounding,1,,,,,null,,,
9494,rebounding,1,,,,,null,,,
9495,rebounding,1,,,,,null,,,
9496,rebounding,1,699,240,28885,109.41,sam2,1.414,1059.517,18.92
9497,rebounding,1,,,,,null,,,
9498,rebounding,1,,,,,null,,,
9499,rebounding,1,,,,,null,,,
9500,rebounding,1,699,240,28912,109.51,sam2,0.0,0.0,0.0
9501,rebounding,1,,,,,null,,,
9502,rebounding,1,,,,,null,,,
9503,rebounding,1,,,,,null,,,
9504,rebounding,1,700,239,28789,109.05,sam2,1.414,1059.517,18.92
9505,rebounding,1,,,,,null,,,
9506,rebounding,1,,,,,null,,,
9507,rebounding,1,,,,,null,,,
9508,rebounding,1,700,239,28877,109.38,sam2,0.0,0.0,0.0
9509,rebounding,1,,,,,null,,,
9510,rebounding,1,,,,,null,,,
9511,rebounding,1,,,,,null,,,
9512,rebounding,1,700,239,28733,108.83,sam2,0.0,0.0,0.0
9513,rebounding,1,,,,,null,,,
9514,rebounding,1,,,,,null,,,
9515,rebounding,1,,,,,null,,,
9516,rebounding,1,700,239,28891,109.43,sam2,0.0,0.0,0.0
9517,rebounding,1,,,,,null,,,
9518,rebounding,1,,,,,null,,,
9519,rebounding,1,,,,,null,,,
9520,rebounding,1,700,240,29032,109.97,sam2,1.0,749.192,13.378
9521,rebounding,1,,,,,null,,,
9522,rebounding,1,,,,,null,,,
9523,rebounding,1,,,,,null,,,
9524,rebounding,1,700,240,28881,109.39,sam2,0.0,0.0,0.0
9525,rebounding,1,,,,,null,,,
9526,rebounding,1,,,,,null,,,
9527,rebounding,1,,,,,null,,,
9528,rebounding,1,700,239,28682,108.64,sam2,1.0,749.192,13.378
9529,rebounding,1,,,,,null,,,
9530,rebounding,1,,,,,null,,,
9531,rebounding,1,,,,,null,,,
9532,rebounding,1,700,239,28505,107.97,sam2,0.0,0.0,0.0
9533,rebounding,1,,,,,null,,,
9534,rebounding,1,,,,,null,,,
9535,rebounding,1,,,,,null,,,
9536,rebounding,1,700,239,28589,108.29,sam2,0.0,0.0,0.0
9537,rebounding,1,,,,,null,,,
9538,rebounding,1,,,,,null,,,
9539,rebounding,1,,,,,null,,,
9540,rebounding,1,700,239,28741,108.86,sam2,0.0,0.0,0.0
9541,rebounding,1,,,,,null,,,
9542,rebounding,1,,,,,null,,,
9543,rebounding,1,,,,,null,,,
9544,rebounding,1,700,239,28573,108.23,sam2,0.0,0.0,0.0
9545,rebounding,1,,,,,null,,,
9546,rebounding,1,,,,,null,,,
9547,rebounding,1,,,,,null,,,
9548,rebounding,1,700,238,28379,107.49,sam2,1.0,749.192,13.378
9549,rebounding,1,,,,,null,,,
9550,rebounding,1,,,,,null,,,
9551,rebounding,1,,,,,null,,,
9552,rebounding,1,700,238,28220,106.89,sam2,0.0,0.0,0.0
9553,rebounding,1,,,,,null,,,
9554,rebounding,1,,,,,null,,,
9555,rebounding,1,,,,,null,,,
9556,rebounding,1,700,239,28665,108.58,sam2,1.0,749.192,13.378
9557,rebounding,1,,,,,null,,,
9558,rebounding,1,,,,,null,,,
9559,rebounding,1,,,,,null,,,
9560,rebounding,1,700,239,28806,109.11,sam2,0.0,0.0,0.0
9561,rebounding,1,,,,,null,,,
9562,rebounding,1,,,,,null,,,
9563,rebounding,1,,,,,null,,,
9564,rebounding,1,700,239,28789,109.05,sam2,0.0,0.0,0.0
9565,rebounding,1,,,,,null,,,
9566,rebounding,1,,,,,null,,,
9567,rebounding,1,,,,,null,,,
9568,rebounding,1,700,239,28861,109.32,sam2,0.0,0.0,0.0
9569,rebounding,1,,,,,null,,,
9570,rebounding,1,,,,,null,,,
9571,rebounding,1,,,,,null,,,
9572,rebounding,1,699,239,28830,109.2,sam2,1.0,749.192,13.378
9573,rebounding,1,,,,,null,,,
9574,rebounding,1,,,,,null,,,
9575,rebounding,1,,,,,null,,,
9576,rebounding,1,699,239,28818,109.15,sam2,0.0,0.0,0.0
9577,rebounding,1,,,,,null,,,
9578,rebounding,1,,,,,null,,,
9579,rebounding,1,,,,,null,,,
9580,rebounding,1,699,240,28940,109.62,sam2,1.0,749.192,13.378
9581,rebounding,1,,,,,null,,,
9582,rebounding,1,,,,,null,,,
9583,rebounding,1,,,,,null,,,
9584,rebounding,1,700,239,28858,109.31,sam2,1.414,1059.517,18.92
9585,rebounding,1,,,,,null,,,
9586,rebounding,1,,,,,null,,,
9587,rebounding,1,,,,,null,,,
9588,rebounding,1,699,239,28741,108.86,sam2,1.0,749.192,13.378
9589,rebounding,1,,,,,null,,,
9590,rebounding,1,,,,,null,,,
9591,rebounding,1,,,,,null,,,
9592,rebounding,1,699,239,28700,108.71,sam2,0.0,0.0,0.0
9593,rebounding,1,,,,,null,,,
9594,rebounding,1,,,,,null,,,
9595,rebounding,1,,,,,null,,,
9596,rebounding,1,700,240,29009,109.88,sam2,1.414,1059.517,18.92
9597,rebounding,1,,,,,null,,,
9598,rebounding,1,,,,,null,,,
9599,rebounding,1,,,,,null,,,
9600,rebounding,1,699,239,28697,108.7,sam2,1.414,1059.517,18.92
9601,rebounding,1,,,,,null,,,
9602,rebounding,1,,,,,null,,,
9603,rebounding,1,,,,,null,,,
9604,rebounding,1,700,240,29026,109.94,sam2,1.414,1059.517,18.92
9605,rebounding,1,,,,,null,,,
9606,rebounding,1,,,,,null,,,
9607,rebounding,1,,,,,null,,,
9608,rebounding,1,700,239,28662,108.56,sam2,1.0,749.192,13.378
9609,rebounding,1,,,,,null,,,
9610,rebounding,1,,,,,null,,,
9611,rebounding,1,,,,,null,,,
9612,rebounding,1,699,239,28505,107.97,sam2,1.0,749.192,13.378
9613,rebounding,1,,,,,null,,,
9614,rebounding,1,,,,,null,,,
9615,rebounding,1,,,,,null,,,
9616,rebounding,1,700,239,28695,108.69,sam2,1.0,749.192,13.378
9617,rebounding,1,,,,,null,,,
9618,rebounding,1,,,,,null,,,
9619,rebounding,1,,,,,null,,,
9620,rebounding,1,700,239,28787,109.04,sam2,0.0,0.0,0.0
9621,rebounding,1,,,,,null,,,
9622,rebounding,1,,,,,null,,,
9623,rebounding,1,,,,,null,,,
9624,rebounding,1,700,239,28711,108.75,sam2,0.0,0.0,0.0
9625,rebounding,1,,,,,null,,,
9626,rebounding,1,,,,,null,,,
9627,rebounding,1,,,,,null,,,
9628,rebounding,1,700,239,28875,109.37,sam2,0.0,0.0,0.0
9629,rebounding,1,,,,,null,,,
9630,rebounding,1,,,,,null,,,
9631,rebounding,1,,,,,null,,,
9632,rebounding,1,700,240,29025,109.94,sam2,1.0,749.192,13.378
9633,rebounding,1,,,,,null,,,
9634,rebounding,1,,,,,null,,,
9635,rebounding,1,,,,,null,,,
9636,rebounding,1,700,240,28952,109.66,sam2,0.0,0.0,0.0
9637,rebounding,1,,,,,null,,,
9638,rebounding,1,,,,,null,,,
9639,rebounding,1,,,,,null,,,
9640,rebounding,1,700,240,28956,109.68,sam2,0.0,0.0,0.0
9641,rebounding,1,,,,,null,,,
9642,rebounding,1,,,,,null,,,
9643,rebounding,1,,,,,null,,,
9644,rebounding,1,700,239,28861,109.32,sam2,1.0,749.192,13.378
9645,rebounding,1,,,,,null,,,
9646,rebounding,1,,,,,null,,,
9647,rebounding,1,,,,,null,,,
9648,rebounding,1,700,239,28536,108.09,sam2,0.0,0.0,0.0
9649,rebounding,1,,,,,null,,,
9650,rebounding,1,,,,,null,,,
9651,rebounding,1,,,,,null,,,
9652,rebounding,1,700,239,28641,108.48,sam2,0.0,0.0,0.0
9653,rebounding,1,,,,,null,,,
9654,rebounding,1,,,,,null,,,
9655,rebounding,1,,,,,null,,,
9656,rebounding,1,699,238,28344,107.36,sam2,1.414,1059.517,18.92
9657,rebounding,1,,,,,null,,,
9658,rebounding,1,,,,,null,,,
9659,rebounding,1,,,,,null,,,
9660,rebounding,1,699,239,28382,107.5,sam2,1.0,749.192,13.378
9661,rebounding,1,,,,,null,,,
9662,rebounding,1,,,,,null,,,
9663,rebounding,1,,,,,null,,,
9664,rebounding,1,700,239,28556,108.16,sam2,1.0,749.192,13.378
9665,rebounding,1,,,,,null,,,
9666,rebounding,1,,,,,null,,,
9667,rebounding,1,,,,,null,,,
9668,rebounding,1,700,239,28845,109.26,sam2,0.0,0.0,0.0
9669,rebounding,1,,,,,null,,,
9670,rebounding,1,,,,,null,,,
9671,rebounding,1,,,,,null,,,
9672,rebounding,1,700,239,28765,108.95,sam2,0.0,0.0,0.0
9673,rebounding,1,,,,,null,,,
9674,rebounding,1,,,,,null,,,
9675,rebounding,1,,,,,null,,,
9676,rebounding,1,700,239,28736,108.84,sam2,0.0,0.0,0.0
9677,rebounding,1,,,,,null,,,
9678,rebounding,1,,,,,null,,,
9679,rebounding,1,,,,,null,,,
9680,rebounding,1,699,239,28599,108.33,sam2,1.0,749.192,13.378
9681,rebounding,1,,,,,null,,,
9682,rebounding,1,,,,,null,,,
9683,rebounding,1,,,,,null,,,
9684,rebounding,1,699,239,28606,108.35,sam2,0.0,0.0,0.0
9685,rebounding,1,,,,,null,,,
9686,rebounding,1,,,,,null,,,
9687,rebounding,1,,,,,null,,,
9688,rebounding,1,700,239,28707,108.73,sam2,1.0,749.192,13.378
9689,rebounding,1,,,,,null,,,
9690,rebounding,1,,,,,null,,,
9691,rebounding,1,,,,,null,,,
9692,rebounding,1,699,239,28721,108.79,sam2,1.0,749.192,13.378
9693,rebounding,1,,,,,null,,,
9694,rebounding,1,,,,,null,,,
9695,rebounding,1,,,,,null,,,
9696,rebounding,1,699,238,28358,107.41,sam2,1.0,749.192,13.378
9697,rebounding,1,,,,,null,,,
9698,rebounding,1,,,,,null,,,
9699,rebounding,1,,,,,null,,,
9700,rebounding,1,699,239,28721,108.79,sam2,1.0,749.192,13.378
9701,rebounding,1,,,,,null,,,
9702,rebounding,1,,,,,null,,,
9703,rebounding,1,,,,,null,,,
9704,rebounding,1,699,239,28800,109.09,sam2,0.0,0.0,0.0
9705,rebounding,1,,,,,null,,,
9706,rebounding,1,,,,,null,,,
9707,rebounding,1,,,,,null,,,
9708,rebounding,1,700,239,28869,109.35,sam2,1.0,749.192,13.378
9709,rebounding,1,,,,,null,,,
9710,rebounding,1,,,,,null,,,
9711,rebounding,1,,,,,null,,,
9712,rebounding,1,699,239,28749,108.89,sam2,1.0,749.192,13.378
9713,rebounding,1,,,,,null,,,
9714,rebounding,1,,,,,null,,,
9715,rebounding,1,,,,,null,,,
9716,rebounding,1,699,239,28525,108.05,sam2,0.0,0.0,0.0
9717,rebounding,1,,,,,null,,,
9718,rebounding,1,,,,,null,,,
9719,rebounding,1,,,,,null,,,
9720,rebounding,1,699,239,28638,108.47,sam2,0.0,0.0,0.0
9721,rebounding,1,,,,,null,,,
9722,rebounding,1,,,,,null,,,
9723,rebounding,1,,,,,null,,,
9724,rebounding,1,699,239,28811,109.13,sam2,0.0,0.0,0.0
9725,rebounding,1,,,,,null,,,
9726,rebounding,1,,,,,null,,,
9727,rebounding,1,,,,,null,,,
9728,rebounding,1,699,239,28644,108.5,sam2,0.0,0.0,0.0
9729,rebounding,1,,,,,null,,,
9730,rebounding,1,,,,,null,,,
9731,rebounding,1,,,,,null,,,
9732,rebounding,1,700,239,28609,108.36,sam2,1.0,749.192,13.378
9733,rebounding,1,,,,,null,,,
9734,rebounding,1,,,,,null,,,
9735,rebounding,1,,,,,null,,,
9736,rebounding,1,699,239,28594,108.31,sam2,1.0,749.192,13.378
9737,rebounding,1,,,,,null,,,
9738,rebounding,1,,,,,null,,,
9739,rebounding,1,,,,,null,,,
9740,rebounding,1,699,239,28859,109.31,sam2,0.0,0.0,0.0
9741,rebounding,1,,,,,null,,,
9742,rebounding,1,,,,,null,,,
9743,rebounding,1,,,,,null,,,
9744,rebounding,1,700,239,28740,108.86,sam2,1.0,749.192,13.378
9745,rebounding,1,,,,,null,,,
9746,rebounding,1,,,,,null,,,
9747,rebounding,1,,,,,null,,,
9748,rebounding,1,699,239,28533,108.08,sam2,1.0,749.192,13.378
9749,rebounding,1,,,,,null,,,
9750,rebounding,1,,,,,null,,,
9751,rebounding,1,,,,,null,,,
9752,rebounding,1,700,239,28658,108.55,sam2,1.0,749.192,13.378
9753,rebounding,1,,,,,null,,,
9754,rebounding,1,,,,,null,,,
9755,rebounding,1,,,,,null,,,
9756,rebounding,1,699,239,28628,108.44,sam2,1.0,749.192,13.378
9757,rebounding,1,,,,,null,,,
9758,rebounding,1,,,,,null,,,
9759,rebounding,1,,,,,null,,,
9760,rebounding,1,699,238,28096,106.42,sam2,1.0,749.192,13.378
9761,rebounding,1,,,,,null,,,
9762,rebounding,1,,,,,null,,,
9763,rebounding,1,,,,,null,,,
9764,rebounding,1,699,239,28843,109.25,sam2,1.0,749.192,13.378
9765,rebounding,1,,,,,null,,,
9766,rebounding,1,,,,,null,,,
9767,rebounding,1,,,,,null,,,
9768,rebounding,1,699,239,28516,108.01,sam2,0.0,0.0,0.0
9769,rebounding,1,,,,,null,,,
9770,rebounding,1,,,,,null,,,
9771,rebounding,1,,,,,null,,,
9772,rebounding,1,700,239,28796,109.07,sam2,1.0,749.192,13.378
9773,rebounding,1,,,,,null,,,
9774,rebounding,1,,,,,null,,,
9775,rebounding,1,,,,,null,,,
9776,rebounding,1,700,239,28756,108.92,sam2,0.0,0.0,0.0
9777,rebounding,1,,,,,null,,,
9778,rebounding,1,,,,,null,,,
9779,rebounding,1,,,,,null,,,
9780,rebounding,1,700,239,28629,108.44,sam2,0.0,0.0,0.0
9781,rebounding,1,,,,,null,,,
9782,rebounding,1,,,,,null,,,
9783,rebounding,1,,,,,null,,,
9784,rebounding,1,700,239,28618,108.4,sam2,0.0,0.0,0.0
9785,rebounding,1,,,,,null,,,
9786,rebounding,1,,,,,null,,,
9787,rebounding,1,,,,,null,,,
9788,rebounding,1,699,239,28407,107.6,sam2,1.0,749.192,13.378
9789,rebounding,1,,,,,null,,,
9790,rebounding,1,,,,,null,,,
9791,rebounding,1,,,,,null,,,
9792,rebounding,1,700,239,28859,109.31,sam2,1.0,749.192,13.378
9793,rebounding,1,,,,,null,,,
9794,rebounding,1,,,,,null,,,
9795,rebounding,1,,,,,null,,,
9796,rebounding,1,700,239,28809,109.12,sam2,0.0,0.0,0.0
9797,rebounding,1,,,,,null,,,
9798,rebounding,1,,,,,null,,,
9799,rebounding,1,,,,,null,,,
9800,rebounding,1,700,239,28689,108.67,sam2,0.0,0.0,0.0
9801,rebounding,1,,,,,null,,,
9802,rebounding,1,,,,,null,,,
9803,rebounding,1,,,,,null,,,
9804,rebounding,1,700,239,28775,108.99,sam2,0.0,0.0,0.0
9805,rebounding,1,,,,,null,,,
9806,rebounding,1,,,,,null,,,
9807,rebounding,1,,,,,null,,,
9808,rebounding,1,700,239,28767,108.96,sam2,0.0,0.0,0.0
9809,rebounding,1,,,,,null,,,
9810,rebounding,1,,,,,null,,,
9811,rebounding,1,,,,,null,,,
9812,rebounding,1,699,240,28950,109.65,sam2,1.414,1059.517,18.92
9813,rebounding,1,,,,,null,,,
9814,rebounding,1,,,,,null,,,
9815,rebounding,1,,,,,null,,,
9816,rebounding,1,700,240,29001,109.85,sam2,1.0,749.192,13.378
9817,rebounding,1,,,,,null,,,
9818,rebounding,1,,,,,null,,,
9819,rebounding,1,,,,,null,,,
9820,rebounding,1,699,239,28554,108.15,sam2,1.414,1059.517,18.92
9821,rebounding,1,,,,,null,,,
9822,rebounding,1,,,,,null,,,
9823,rebounding,1,,,,,null,,,
9824,rebounding,1,699,239,28657,108.55,sam2,0.0,0.0,0.0
9825,rebounding,1,,,,,null,,,
9826,rebounding,1,,,,,null,,,
9827,rebounding,1,,,,,null,,,
9828,rebounding,1,699,239,28447,107.75,sam2,0.0,0.0,0.0
9829,rebounding,1,,,,,null,,,
9830,rebounding,1,,,,,null,,,
9831,rebounding,1,,,,,null,,,
9832,rebounding,1,699,239,28760,108.94,sam2,0.0,0.0,0.0
9833,rebounding,1,,,,,null,,,
9834,rebounding,1,,,,,null,,,
9835,rebounding,1,,,,,null,,,
9836,rebounding,1,699,239,28714,108.76,sam2,0.0,0.0,0.0
9837,rebounding,1,,,,,null,,,
9838,rebounding,1,,,,,null,,,
9839,rebounding,1,,,,,null,,,
9840,rebounding,1,699,240,29038,109.99,sam2,1.0,749.192,13.378
9841,rebounding,1,,,,,null,,,
9842,rebounding,1,,,,,null,,,
9843,rebounding,1,,,,,null,,,
9844,rebounding,1,700,240,28928,109.57,sam2,1.0,749.192,13.378
9845,rebounding,1,,,,,null,,,
9846,rebounding,1,,,,,null,,,
9847,rebounding,1,,,,,null,,,
9848,rebounding,1,700,240,28926,109.56,sam2,0.0,0.0,0.0
9849,rebounding,1,,,,,null,,,
9850,rebounding,1,,,,,null,,,
9851,rebounding,1,,,,,null,,,
9852,rebounding,1,699,240,28918,109.53,sam2,1.0,749.192,13.378
9853,rebounding,1,,,,,null,,,
9854,rebounding,1,,,,,null,,,
9855,rebounding,1,,,,,null,,,
9856,rebounding,1,699,240,28886,109.41,sam2,0.0,0.0,0.0
9857,rebounding,1,,,,,null,,,
9858,rebounding,1,,,,,null,,,
9859,rebounding,1,,,,,null,,,
9860,rebounding,1,700,240,28925,109.56,sam2,1.0,749.192,13.378
9861,rebounding,1,,,,,null,,,
9862,rebounding,1,,,,,null,,,
9863,rebounding,1,,,,,null,,,
9864,rebounding,1,699,239,28775,108.99,sam2,1.414,1059.517,18.92
9865,rebounding,1,,,,,null,,,
9866,rebounding,1,,,,,null,,,
9867,rebounding,1,,,,,null,,,
9868,rebounding,1,699,239,28543,108.11,sam2,0.0,0.0,0.0
9869,rebounding,1,,,,,null,,,
9870,rebounding,1,,,,,null,,,
9871,rebounding,1,,,,,null,,,
9872,rebounding,1,699,239,28737,108.85,sam2,0.0,0.0,0.0
9873,rebounding,1,,,,,null,,,
9874,rebounding,1,,,,,null,,,
9875,rebounding,1,,,,,null,,,
9876,rebounding,1,700,240,28972,109.74,sam2,1.414,1059.517,18.92
9877,rebounding,1,,,,,null,,,
9878,rebounding,1,,,,,null,,,
9879,rebounding,1,,,,,null,,,
9880,rebounding,1,699,239,28781,109.01,sam2,1.414,1059.517,18.92
9881,rebounding,1,,,,,null,,,
9882,rebounding,1,,,,,null,,,
9883,rebounding,1,,,,,null,,,
9884,rebounding,1,700,240,28903,109.48,sam2,1.414,1059.517,18.92
9885,rebounding,1,,,,,null,,,
9886,rebounding,1,,,,,null,,,
9887,rebounding,1,,,,,null,,,
9888,rebounding,1,700,239,28789,109.05,sam2,1.0,749.192,13.378
9889,rebounding,1,,,,,null,,,
9890,rebounding,1,,,,,null,,,
9891,rebounding,1,,,,,null,,,
9892,rebounding,1,700,240,28948,109.65,sam2,1.0,749.192,13.378
9893,rebounding,1,,,,,null,,,
9894,rebounding,1,,,,,null,,,
9895,rebounding,1,,,,,null,,,
9896,rebounding,1,700,239,28856,109.3,sam2,1.0,749.192,13.378
9897,rebounding,1,,,,,null,,,
9898,rebounding,1,,,,,null,,,
9899,rebounding,1,,,,,null,,,
9900,rebounding,1,700,239,28767,108.96,sam2,0.0,0.0,0.0
9901,rebounding,1,,,,,null,,,
9902,rebounding,1,,,,,null,,,
9903,rebounding,1,,,,,null,,,
9904,rebounding,1,699,239,28695,108.69,sam2,1.0,749.192,13.378
9905,rebounding,1,,,,,null,,,
9906,rebounding,1,,,,,null,,,
9907,rebounding,1,,,,,null,,,
9908,rebounding,1,700,239,28853,109.29,sam2,1.0,749.192,13.378
9909,rebounding,1,,,,,null,,,
9910,rebounding,1,,,,,null,,,
9911,rebounding,1,,,,,null,,,
9912,rebounding,1,700,239,28826,109.19,sam2,0.0,0.0,0.0
9913,rebounding,1,,,,,null,,,
9914,rebounding,1,,,,,null,,,
9915,rebounding,1,,,,,null,,,
9916,rebounding,1,700,239,28805,109.11,sam2,0.0,0.0,0.0
9917,rebounding,1,,,,,null,,,
9918,rebounding,1,,,,,null,,,
9919,rebounding,1,,,,,null,,,
9920,rebounding,1,700,239,28802,109.09,sam2,0.0,0.0,0.0
9921,rebounding,1,,,,,null,,,
9922,rebounding,1,,,,,null,,,
9923,rebounding,1,,,,,null,,,
9924,rebounding,1,700,239,28471,107.84,sam2,0.0,0.0,0.0
9925,rebounding,1,,,,,null,,,
9926,rebounding,1,,,,,null,,,
9927,rebounding,1,,,,,null,,,
9928,rebounding,1,700,239,28842,109.25,sam2,0.0,0.0,0.0
9929,rebounding,1,,,,,null,,,
9930,rebounding,1,,,,,null,,,
9931,rebounding,1,,,,,null,,,
9932,rebounding,1,700,239,28838,109.23,sam2,0.0,0.0,0.0
9933,rebounding,1,,,,,null,,,
9934,rebounding,1,,,,,null,,,
9935,rebounding,1,,,,,null,,,
9936,rebounding,1,700,239,28578,108.25,sam2,0.0,0.0,0.0
9937,rebounding,1,,,,,null,,,
9938,rebounding,1,,,,,null,,,
9939,rebounding,1,,,,,null,,,
9940,rebounding,1,700,239,28606,108.35,sam2,0.0,0.0,0.0
9941,rebounding,1,,,,,null,,,
9942,rebounding,1,,,,,null,,,
9943,rebounding,1,,,,,null,,,
9944,rebounding,1,699,239,28823,109.17,sam2,1.0,749.192,13.378
9945,rebounding,1,,,,,null,,,
9946,rebounding,1,,,,,null,,,
9947,rebounding,1,,,,,null,,,
9948,rebounding,1,699,239,28735,108.84,sam2,0.0,0.0,0.0
9949,rebounding,1,,,,,null,,,
9950,rebounding,1,,,,,null,,,
9951,rebounding,1,,,,,null,,,
9952,rebounding,1,700,240,29067,110.1,sam2,1.414,1059.517,18.92
9953,rebounding,1,,,,,null,,,
9954,rebounding,1,,,,,null,,,
9955,rebounding,1,,,,,null,,,
9956,rebounding,1,699,240,28939,109.61,sam2,1.0,749.192,13.378
9957,rebounding,1,,,,,null,,,
9958,rebounding,1,,,,,null,,,
9959,rebounding,1,,,,,null,,,
9960,rebounding,1,699,239,28670,108.59,sam2,1.0,749.192,13.378
9961,rebounding,1,,,,,null,,,
9962,rebounding,1,,,,,null,,,
9963,rebounding,1,,,,,null,,,
9964,rebounding,1,699,239,28813,109.14,sam2,0.0,0.0,0.0
9965,rebounding,1,,,,,null,,,
9966,rebounding,1,,,,,null,,,
9967,rebounding,1,,,,,null,,,
9968,rebounding,1,699,239,28703,108.72,sam2,0.0,0.0,0.0
9969,rebounding,1,,,,,null,,,
9970,rebounding,1,,,,,null,,,
9971,rebounding,1,,,,,null,,,
9972,rebounding,1,699,240,29045,110.01,sam2,1.0,749.192,13.378
9973,rebounding,1,,,,,null,,,
9974,rebounding,1,,,,,null,,,
9975,rebounding,1,,,,,null,,,
9976,rebounding,1,699,239,28862,109.32,sam2,1.0,749.192,13.378
9977,rebounding,1,,,,,null,,,
9978,rebounding,1,,,,,null,,,
9979,rebounding,1,,,,,null,,,
9980,rebounding,1,699,239,28652,108.53,sam2,0.0,0.0,0.0
9981,rebounding,1,,,,,null,,,
9982,rebounding,1,,,,,null,,,
9983,rebounding,1,,,,,null,,,
9984,rebounding,1,700,239,28671,108.6,sam2,1.0,749.192,13.378
9985,rebounding,1,,,,,null,,,
9986,rebounding,1,,,,,null,,,
9987,rebounding,1,,,,,null,,,
9988,rebounding,1,700,239,28819,109.16,sam2,0.0,0.0,0.0
9989,rebounding,1,,,,,null,,,
9990,rebounding,1,,,,,null,,,
9991,rebounding,1,,,,,null,,,
9992,rebounding,1,700,239,28701,108.71,sam2,0.0,0.0,0.0
9993,rebounding,1,,,,,null,,,
9994,rebounding,1,,,,,null,,,
9995,rebounding,1,,,,,null,,,
9996,rebounding,1,700,240,28884,109.4,sam2,1.0,749.192,13.378
9997,rebounding,1,,,,,null,,,
9998,rebounding,1,,,,,null,,,
9999,rebounding,1,,,,,null,,,
10000,rebounding,1,700,239,28735,108.84,sam2,1.0,749.192,13.378
10001,rebounding,1,,,,,null,,,
10002,rebounding,1,,,,,null,,,
10003,rebounding,1,,,,,null,,,
10004,rebounding,1,700,239,28662,108.56,sam2,0.0,0.0,0.0
10005,rebounding,1,,,,,null,,,
10006,rebounding,1,,,,,null,,,
10007,rebounding,1,,,,,null,,,
10008,rebounding,1,700,240,29062,110.08,sam2,1.0,749.192,13.378
10009,rebounding,1,,,,,null,,,
10010,rebounding,1,,,,,null,,,
10011,rebounding,1,,,,,null,,,
10012,rebounding,1,699,238,28279,107.11,sam2,2.236,1675.243,29.915
10013,rebounding,1,,,,,null,,,
10014,rebounding,1,,,,,null,,,
10015,rebounding,1,,,,,null,,,
10016,rebounding,1,700,240,29078,110.14,sam2,2.236,1675.243,29.915
10017,rebounding,1,,,,,null,,,
10018,rebounding,1,,,,,null,,,
10019,rebounding,1,,,,,null,,,
10020,rebounding,1,700,239,28714,108.76,sam2,1.0,749.192,13.378
10021,rebounding,1,,,,,null,,,
10022,rebounding,1,,,,,null,,,
10023,rebounding,1,,,,,null,,,
10024,rebounding,1,700,240,28877,109.38,sam2,1.0,749.192,13.378
10025,rebounding,1,,,,,null,,,
10026,rebounding,1,,,,,null,,,
10027,rebounding,1,,,,,null,,,
10028,rebounding,1,700,240,29040,110.0,sam2,0.0,0.0,0.0
10029,rebounding,1,,,,,null,,,
10030,rebounding,1,,,,,null,,,
10031,rebounding,1,,,,,null,,,
10032,rebounding,1,699,239,28621,108.41,sam2,1.414,1059.517,18.92
10033,rebounding,1,,,,,null,,,
10034,rebounding,1,,,,,null,,,
10035,rebounding,1,,,,,null,,,
10036,rebounding,1,700,240,28872,109.36,sam2,1.414,1059.517,18.92
10037,rebounding,1,,,,,null,,,
10038,rebounding,1,,,,,null,,,
10039,rebounding,1,,,,,null,,,
10040,rebounding,1,700,239,28654,108.53,sam2,1.0,749.192,13.378
10041,rebounding,1,,,,,null,,,
10042,rebounding,1,,,,,null,,,
10043,rebounding,1,,,,,null,,,
10044,rebounding,1,699,239,28500,107.95,sam2,1.0,749.192,13.378
10045,rebounding,1,,,,,null,,,
10046,rebounding,1,,,,,null,,,
10047,rebounding,1,,,,,null,,,
10048,rebounding,1,699,239,28835,109.22,sam2,0.0,0.0,0.0
10049,rebounding,1,,,,,null,,,
10050,rebounding,1,,,,,null,,,
10051,rebounding,1,,,,,null,,,
10052,rebounding,1,700,239,28801,109.09,sam2,1.0,749.192,13.378
10053,rebounding,1,,,,,null,,,
10054,rebounding,1,,,,,null,,,
10055,rebounding,1,,,,,null,,,
10056,rebounding,1,699,240,28864,109.33,sam2,1.414,1059.517,18.92
10057,rebounding,1,,,,,null,,,
10058,rebounding,1,,,,,null,,,
10059,rebounding,1,,,,,null,,,
10060,rebounding,1,699,239,28551,108.14,sam2,1.0,749.192,13.378
10061,rebounding,1,,,,,null,,,
10062,rebounding,1,,,,,null,,,
10063,rebounding,1,,,,,null,,,
10064,rebounding,1,700,239,28643,108.49,sam2,1.0,749.192,13.378
10065,rebounding,1,,,,,null,,,
10066,rebounding,1,,,,,null,,,
10067,rebounding,1,,,,,null,,,
10068,rebounding,1,700,239,28762,108.94,sam2,0.0,0.0,0.0
10069,rebounding,1,,,,,null,,,
10070,rebounding,1,,,,,null,,,
10071,rebounding,1,,,,,null,,,
10072,rebounding,1,700,240,29084,110.16,sam2,1.0,749.192,13.378
10073,rebounding,1,,,,,null,,,
10074,rebounding,1,,,,,null,,,
10075,rebounding,1,,,,,null,,,
10076,rebounding,1,699,239,28556,108.16,sam2,1.414,1059.517,18.92
10077,rebounding,1,,,,,null,,,
10078,rebounding,1,,,,,null,,,
10079,rebounding,1,,,,,null,,,
10080,rebounding,1,699,239,28728,108.81,sam2,0.0,0.0,0.0
10081,rebounding,1,,,,,null,,,
10082,rebounding,1,,,,,null,,,
10083,rebounding,1,,,,,null,,,
10084,rebounding,1,699,239,28680,108.63,sam2,0.0,0.0,0.0
10085,rebounding,1,,,,,null,,,
10086,rebounding,1,,,,,null,,,
10087,rebounding,1,,,,,null,,,
10088,rebounding,1,699,239,28750,108.9,sam2,0.0,0.0,0.0
10089,rebounding,1,,,,,null,,,
10090,rebounding,1,,,,,null,,,
10091,rebounding,1,,,,,null,,,
10092,rebounding,1,700,239,28793,109.06,sam2,1.0,749.192,13.378
10093,rebounding,1,,,,,null,,,
10094,rebounding,1,,,,,null,,,
10095,rebounding,1,,,,,null,,,
10096,rebounding,1,699,239,28604,108.34,sam2,1.0,749.192,13.378
10097,rebounding,1,,,,,null,,,
10098,rebounding,1,,,,,null,,,
10099,rebounding,1,,,,,null,,,
10100,rebounding,1,700,240,28886,109.41,sam2,1.414,1059.517,18.92
10101,rebounding,1,,,,,null,,,
10102,rebounding,1,,,,,null,,,
10103,rebounding,1,,,,,null,,,
10104,rebounding,1,699,239,28795,109.07,sam2,1.414,1059.517,18.92
10105,rebounding,1,,,,,null,,,
10106,rebounding,1,,,,,null,,,
10107,rebounding,1,,,,,null,,,
10108,rebounding,1,700,240,28869,109.35,sam2,1.414,1059.517,18.92
10109,rebounding,1,,,,,null,,,
10110,rebounding,1,,,,,null,,,
10111,rebounding,1,,,,,null,,,
10112,rebounding,1,700,240,28870,109.35,sam2,0.0,0.0,0.0
10113,rebounding,1,,,,,null,,,
10114,rebounding,1,,,,,null,,,
10115,rebounding,1,,,,,null,,,
10116,rebounding,1,699,239,28403,107.58,sam2,1.414,1059.517,18.92
10117,rebounding,1,,,,,null,,,
10118,rebounding,1,,,,,null,,,
10119,rebounding,1,,,,,null,,,
10120,rebounding,1,700,239,28520,108.03,sam2,1.0,749.192,13.378
10121,rebounding,1,,,,,null,,,
10122,rebounding,1,,,,,null,,,
10123,rebounding,1,,,,,null,,,
10124,rebounding,1,700,240,28961,109.7,sam2,1.0,749.192,13.378
10125,rebounding,1,,,,,null,,,
10126,rebounding,1,,,,,null,,,
10127,rebounding,1,,,,,null,,,
10128,rebounding,1,700,239,28707,108.73,sam2,1.0,749.192,13.378
10129,rebounding,1,,,,,null,,,
10130,rebounding,1,,,,,null,,,
10131,rebounding,1,,,,,null,,,
10132,rebounding,1,700,239,28757,108.92,sam2,0.0,0.0,0.0
10133,rebounding,1,,,,,null,,,
10134,rebounding,1,,,,,null,,,
10135,rebounding,1,,,,,null,,,
10136,rebounding,1,700,239,28809,109.12,sam2,0.0,0.0,0.0
10137,rebounding,1,,,,,null,,,
10138,rebounding,1,,,,,null,,,
10139,rebounding,1,,,,,null,,,
10140,rebounding,1,700,239,28535,108.08,sam2,0.0,0.0,0.0
10141,rebounding,1,,,,,null,,,
10142,rebounding,1,,,,,null,,,
10143,rebounding,1,,,,,null,,,
10144,rebounding,1,700,239,28751,108.9,sam2,0.0,0.0,0.0
10145,rebounding,1,,,,,null,,,
10146,rebounding,1,,,,,null,,,
10147,rebounding,1,,,,,null,,,
10148,rebounding,1,700,239,28754,108.91,sam2,0.0,0.0,0.0
10149,rebounding,1,,,,,null,,,
10150,rebounding,1,,,,,null,,,
10151,rebounding,1,,,,,null,,,
10152,rebounding,1,700,239,28643,108.49,sam2,0.0,0.0,0.0
10153,rebounding,1,,,,,null,,,
10154,rebounding,1,,,,,null,,,
10155,rebounding,1,,,,,null,,,
10156,rebounding,1,700,239,28556,108.16,sam2,0.0,0.0,0.0
10157,rebounding,1,,,,,null,,,
10158,rebounding,1,,,,,null,,,
10159,rebounding,1,,,,,null,,,
10160,rebounding,1,700,239,28662,108.56,sam2,0.0,0.0,0.0
10161,rebounding,1,,,,,null,,,
10162,rebounding,1,,,,,null,,,
10163,rebounding,1,,,,,null,,,
10164,rebounding,1,699,239,28453,107.77,sam2,1.0,749.192,13.378
10165,rebounding,1,,,,,null,,,
10166,rebounding,1,,,,,null,,,
10167,rebounding,1,,,,,null,,,
10168,rebounding,1,700,239,28742,108.87,sam2,1.0,749.192,13.378
10169,rebounding,1,,,,,null,,,
10170,rebounding,1,,,,,null,,,
10171,rebounding,1,,,,,null,,,
10172,rebounding,1,699,239,28500,107.95,sam2,1.0,749.192,13.378
10173,rebounding,1,,,,,null,,,
10174,rebounding,1,,,,,null,,,
10175,rebounding,1,,,,,null,,,
10176,rebounding,1,699,239,28573,108.23,sam2,0.0,0.0,0.0
10177,rebounding,1,,,,,null,,,
10178,rebounding,1,,,,,null,,,
10179,rebounding,1,,,,,null,,,
10180,rebounding,1,699,240,28897,109.45,sam2,1.0,749.192,13.378
10181,rebounding,1,,,,,null,,,
10182,rebounding,1,,,,,null,,,
10183,rebounding,1,,,,,null,,,
10184,rebounding,1,699,239,28788,109.04,sam2,1.0,749.192,13.378
10185,rebounding,1,,,,,null,,,
10186,rebounding,1,,,,,null,,,
10187,rebounding,1,,,,,null,,,
10188,rebounding,1,699,239,28715,108.76,sam2,0.0,0.0,0.0
10189,rebounding,1,,,,,null,,,
10190,rebounding,1,,,,,null,,,
10191,rebounding,1,,,,,null,,,
10192,rebounding,1,699,239,28474,107.85,sam2,0.0,0.0,0.0
10193,rebounding,1,,,,,null,,,
10194,rebounding,1,,,,,null,,,
10195,rebounding,1,,,,,null,,,
10196,rebounding,1,699,239,28721,108.79,sam2,0.0,0.0,0.0
10197,rebounding,1,,,,,null,,,
10198,rebounding,1,,,,,null,,,
10199,rebounding,1,,,,,null,,,
10200,rebounding,1,699,240,28853,109.29,sam2,1.0,749.192,13.378
10201,rebounding,1,,,,,null,,,
10202,rebounding,1,,,,,null,,,
10203,rebounding,1,,,,,null,,,
10204,rebounding,1,699,240,28917,109.53,sam2,0.0,0.0,0.0
10205,rebounding,1,,,,,null,,,
10206,rebounding,1,,,,,null,,,
10207,rebounding,1,,,,,null,,,
10208,rebounding,1,699,239,28757,108.92,sam2,1.0,749.192,13.378
10209,rebounding,1,,,,,null,,,
10210,rebounding,1,,,,,null,,,
10211,rebounding,1,,,,,null,,,
10212,rebounding,1,699,239,28639,108.48,sam2,0.0,0.0,0.0
10213,rebounding,1,,,,,null,,,
10214,rebounding,1,,,,,null,,,
10215,rebounding,1,,,,,null,,,
10216,rebounding,1,699,239,28765,108.95,sam2,0.0,0.0,0.0
10217,rebounding,1,,,,,null,,,
10218,rebounding,1,,,,,null,,,
10219,rebounding,1,,,,,null,,,
10220,rebounding,1,700,240,28869,109.35,sam2,1.414,1059.517,18.92
10221,rebounding,1,,,,,null,,,
10222,rebounding,1,,,,,null,,,
10223,rebounding,1,,,,,null,,,
10224,rebounding,1,699,239,28797,109.08,sam2,1.414,1059.517,18.92
10225,rebounding,1,,,,,null,,,
10226,rebounding,1,,,,,null,,,
10227,rebounding,1,,,,,null,,,
10228,rebounding,1,699,239,28636,108.47,sam2,0.0,0.0,0.0
10229,rebounding,1,,,,,null,,,
10230,rebounding,1,,,,,null,,,
10231,rebounding,1,,,,,null,,,
10232,rebounding,1,700,239,28587,108.28,sam2,1.0,749.192,13.378
10233,rebounding,1,,,,,null,,,
10234,rebounding,1,,,,,null,,,
10235,rebounding,1,,,,,null,,,
10236,rebounding,1,700,239,28688,108.66,sam2,0.0,0.0,0.0
10237,rebounding,1,,,,,null,,,
10238,rebounding,1,,,,,null,,,
10239,rebounding,1,,,,,null,,,
10240,rebounding,1,700,240,28951,109.66,sam2,1.0,749.192,13.378
10241,rebounding,1,,,,,null,,,
10242,rebounding,1,,,,,null,,,
10243,rebounding,1,,,,,null,,,
10244,rebounding,1,700,239,28615,108.39,sam2,1.0,749.192,13.378
10245,rebounding,1,,,,,null,,,
10246,rebounding,1,,,,,null,,,
10247,rebounding,1,,,,,null,,,
10248,rebounding,1,699,239,28548,108.13,sam2,1.0,749.192,13.378
10249,rebounding,1,,,,,null,,,
10250,rebounding,1,,,,,null,,,
10251,rebounding,1,,,,,null,,,
10252,rebounding,1,700,240,28976,109.75,sam2,1.414,1059.517,18.92
10253,rebounding,1,,,,,null,,,
10254,rebounding,1,,,,,null,,,
10255,rebounding,1,,,,,null,,,
10256,rebounding,1,700,239,28674,108.61,sam2,1.0,749.192,13.378
10257,rebounding,1,,,,,null,,,
10258,rebounding,1,,,,,null,,,
10259,rebounding,1,,,,,null,,,
10260,rebounding,1,700,239,28546,108.12,sam2,0.0,0.0,0.0
10261,rebounding,1,,,,,null,,,
10262,rebounding,1,,,,,null,,,
10263,rebounding,1,,,,,null,,,
10264,rebounding,1,700,238,28336,107.33,sam2,1.0,749.192,13.378
10265,rebounding,1,,,,,null,,,
10266,rebounding,1,,,,,null,,,
10267,rebounding,1,,,,,null,,,
10268,rebounding,1,700,240,28840,109.24,sam2,2.0,1498.383,26.757
10269,rebounding,1,,,,,null,,,
10270,rebounding,1,,,,,null,,,
10271,rebounding,1,,,,,null,,,
10272,rebounding,1,700,239,28681,108.64,sam2,1.0,749.192,13.378
10273,rebounding,1,,,,,null,,,
10274,rebounding,1,,,,,null,,,
10275,rebounding,1,,,,,null,,,
10276,rebounding,1,700,239,28594,108.31,sam2,0.0,0.0,0.0
10277,rebounding,1,,,,,null,,,
10278,rebounding,1,,,,,null,,,
10279,rebounding,1,,,,,null,,,
10280,rebounding,1,699,238,28249,107.0,sam2,1.414,1059.517,18.92
10281,rebounding,1,,,,,null,,,
10282,rebounding,1,,,,,null,,,
10283,rebounding,1,,,,,null,,,
10284,rebounding,1,699,238,28189,106.77,sam2,0.0,0.0,0.0
10285,rebounding,1,,,,,null,,,
10286,rebounding,1,,,,,null,,,
10287,rebounding,1,,,,,null,,,
10288,rebounding,1,700,240,28849,109.27,sam2,2.236,1675.243,29.915
10289,rebounding,1,,,,,null,,,
10290,rebounding,1,,,,,null,,,
10291,rebounding,1,,,,,null,,,
10292,rebounding,1,699,239,28365,107.44,sam2,1.414,1059.517,18.92
10293,rebounding,1,,,,,null,,,
10294,rebounding,1,,,,,null,,,
10295,rebounding,1,,,,,null,,,
10296,rebounding,1,699,239,28452,107.77,sam2,0.0,0.0,0.0
10297,rebounding,1,,,,,null,,,
10298,rebounding,1,,,,,null,,,
10299,rebounding,1,,,,,null,,,
10300,rebounding,1,700,240,28861,109.32,sam2,1.414,1059.517,18.92
10301,rebounding,1,,,,,null,,,
10302,rebounding,1,,,,,null,,,
10303,rebounding,1,,,,,null,,,
10304,rebounding,1,699,240,28872,109.36,sam2,1.0,749.192,13.378
10305,rebounding,1,,,,,null,,,
10306,rebounding,1,,,,,null,,,
10307,rebounding,1,,,,,null,,,
10308,rebounding,1,699,239,28480,107.87,sam2,1.0,749.192,13.378
10309,rebounding,1,,,,,null,,,
10310,rebounding,1,,,,,null,,,
10311,rebounding,1,,,,,null,,,
10312,rebounding,1,699,239,28828,109.19,sam2,0.0,0.0,0.0
10313,rebounding,1,,,,,null,,,
10314,rebounding,1,,,,,null,,,
10315,rebounding,1,,,,,null,,,
10316,rebounding,1,699,240,28848,109.27,sam2,1.0,749.192,13.378
10317,rebounding,1,,,,,null,,,
10318,rebounding,1,,,,,null,,,
10319,rebounding,1,,,,,null,,,
10320,rebounding,1,699,240,28863,109.33,sam2,0.0,0.0,0.0
10321,rebounding,1,,,,,null,,,
10322,rebounding,1,,,,,null,,,
10323,rebounding,1,,,,,null,,,
10324,rebounding,1,699,240,28883,109.4,sam2,0.0,0.0,0.0
10325,rebounding,1,,,,,null,,,
10326,rebounding,1,,,,,null,,,
10327,rebounding,1,,,,,null,,,
10328,rebounding,1,699,239,28634,108.46,sam2,1.0,749.192,13.378
10329,rebounding,1,,,,,null,,,
10330,rebounding,1,,,,,null,,,
10331,rebounding,1,,,,,null,,,
10332,rebounding,1,699,239,28429,107.68,sam2,0.0,0.0,0.0
10333,rebounding,1,,,,,null,,,
10334,rebounding,1,,,,,null,,,
10335,rebounding,1,,,,,null,,,
10336,rebounding,1,699,239,28401,107.58,sam2,0.0,0.0,0.0
10337,rebounding,1,,,,,null,,,
10338,rebounding,1,,,,,null,,,
10339,rebounding,1,,,,,null,,,
10340,rebounding,1,700,240,28918,109.53,sam2,1.414,1059.517,18.92
10341,rebounding,1,,,,,null,,,
10342,rebounding,1,,,,,null,,,
10343,rebounding,1,,,,,null,,,
10344,rebounding,1,699,239,28408,107.6,sam2,1.414,1059.517,18.92
10345,rebounding,1,,,,,null,,,
10346,rebounding,1,,,,,null,,,
10347,rebounding,1,,,,,null,,,
10348,rebounding,1,699,238,28282,107.12,sam2,1.0,749.192,13.378
10349,rebounding,1,,,,,null,,,
10350,rebounding,1,,,,,null,,,
10351,rebounding,1,,,,,null,,,
10352,rebounding,1,699,239,28634,108.46,sam2,1.0,749.192,13.378
10353,rebounding,1,,,,,null,,,
10354,rebounding,1,,,,,null,,,
10355,rebounding,1,,,,,null,,,
10356,rebounding,1,700,240,28959,109.69,sam2,1.414,1059.517,18.92
10357,rebounding,1,,,,,null,,,
10358,rebounding,1,,,,,null,,,
10359,rebounding,1,,,,,null,,,
10360,rebounding,1,700,239,28531,108.07,sam2,1.0,749.192,13.378
10361,rebounding,1,,,,,null,,,
10362,rebounding,1,,,,,null,,,
10363,rebounding,1,,,,,null,,,
10364,rebounding,1,699,239,28792,109.06,sam2,1.0,749.192,13.378
10365,rebounding,1,,,,,null,,,
10366,rebounding,1,,,,,null,,,
10367,rebounding,1,,,,,null,,,
10368,rebounding,1,699,238,28291,107.16,sam2,1.0,749.192,13.378
10369,rebounding,1,,,,,null,,,
10370,rebounding,1,,,,,null,,,
10371,rebounding,1,,,,,null,,,
10372,rebounding,1,699,238,28284,107.13,sam2,0.0,0.0,0.0
10373,rebounding,1,,,,,null,,,
10374,rebounding,1,,,,,null,,,
10375,rebounding,1,,,,,null,,,
10376,rebounding,1,700,239,28704,108.72,sam2,1.414,1059.517,18.92
10377,rebounding,1,,,,,null,,,
10378,rebounding,1,,,,,null,,,
10379,rebounding,1,,,,,null,,,
10380,rebounding,1,700,240,28876,109.37,sam2,1.0,749.192,13.378
10381,rebounding,1,,,,,null,,,
10382,rebounding,1,,,,,null,,,
10383,rebounding,1,,,,,null,,,
10384,rebounding,1,700,239,28805,109.11,sam2,1.0,749.192,13.378
10385,rebounding,1,,,,,null,,,
10386,rebounding,1,,,,,null,,,
10387,rebounding,1,,,,,null,,,
10388,rebounding,1,700,239,28762,108.94,sam2,0.0,0.0,0.0
10389,rebounding,1,,,,,null,,,
10390,rebounding,1,,,,,null,,,
10391,rebounding,1,,,,,null,,,
10392,rebounding,1,700,238,28343,107.36,sam2,1.0,749.192,13.378
10393,rebounding,1,,,,,null,,,
10394,rebounding,1,,,,,null,,,
10395,rebounding,1,,,,,null,,,
10396,rebounding,1,699,239,28655,108.54,sam2,1.414,1059.517,18.92
10397,rebounding,1,,,,,null,,,
10398,rebounding,1,,,,,null,,,
10399,rebounding,1,,,,,null,,,
10400,rebounding,1,700,239,28395,107.55,sam2,1.0,749.192,13.378
10401,rebounding,1,,,,,null,,,
10402,rebounding,1,,,,,null,,,
10403,rebounding,1,,,,,null,,,
10404,rebounding,1,700,240,28877,109.38,sam2,1.0,749.192,13.378
10405,rebounding,1,,,,,null,,,
10406,rebounding,1,,,,,null,,,
10407,rebounding,1,,,,,null,,,
10408,rebounding,1,700,239,28612,108.37,sam2,1.0,749.192,13.378
10409,rebounding,1,,,,,null,,,
10410,rebounding,1,,,,,null,,,
10411,rebounding,1,,,,,null,,,
10412,rebounding,1,700,239,28746,108.88,sam2,0.0,0.0,0.0
10413,rebounding,1,,,,,null,,,
10414,rebounding,1,,,,,null,,,
10415,rebounding,1,,,,,null,,,
10416,rebounding,1,700,239,28713,108.76,sam2,0.0,0.0,0.0
10417,rebounding,1,,,,,null,,,
10418,rebounding,1,,,,,null,,,
10419,rebounding,1,,,,,null,,,
10420,rebounding,1,700,239,28760,108.94,sam2,0.0,0.0,0.0
10421,rebounding,1,,,,,null,,,
10422,rebounding,1,,,,,null,,,
10423,rebounding,1,,,,,null,,,
10424,rebounding,1,700,239,28829,109.2,sam2,0.0,0.0,0.0
10425,rebounding,1,,,,,null,,,
10426,rebounding,1,,,,,null,,,
10427,rebounding,1,,,,,null,,,
10428,rebounding,1,700,239,28796,109.07,sam2,0.0,0.0,0.0
10429,rebounding,1,,,,,null,,,
10430,rebounding,1,,,,,null,,,
10431,rebounding,1,,,,,null,,,
10432,rebounding,1,699,239,28840,109.24,sam2,1.0,749.192,13.378
10433,rebounding,1,,,,,null,,,
10434,rebounding,1,,,,,null,,,
10435,rebounding,1,,,,,null,,,
10436,rebounding,1,699,239,28583,108.26,sam2,0.0,0.0,0.0
10437,rebounding,1,,,,,null,,,
10438,rebounding,1,,,,,null,,,
10439,rebounding,1,,,,,null,,,
10440,rebounding,1,699,239,28468,107.83,sam2,0.0,0.0,0.0
10441,rebounding,1,,,,,null,,,
10442,rebounding,1,,,,,null,,,
10443,rebounding,1,,,,,null,,,
10444,rebounding,1,700,239,28764,108.95,sam2,1.0,749.192,13.378
10445,rebounding,1,,,,,null,,,
10446,rebounding,1,,,,,null,,,
10447,rebounding,1,,,,,null,,,
10448,rebounding,1,699,238,28306,107.22,sam2,1.414,1059.517,18.92
10449,rebounding,1,,,,,null,,,
10450,rebounding,1,,,,,null,,,
10451,rebounding,1,,,,,null,,,
10452,rebounding,1,699,239,28514,108.0,sam2,1.0,749.192,13.378
10453,rebounding,1,,,,,null,,,
10454,rebounding,1,,,,,null,,,
10455,rebounding,1,,,,,null,,,
10456,rebounding,1,699,239,28638,108.47,sam2,0.0,0.0,0.0
10457,rebounding,1,,,,,null,,,
10458,rebounding,1,,,,,null,,,
10459,rebounding,1,,,,,null,,,
10460,rebounding,1,700,239,28720,108.78,sam2,1.0,749.192,13.378
10461,rebounding,1,,,,,null,,,
10462,rebounding,1,,,,,null,,,
10463,rebounding,1,,,,,null,,,
10464,rebounding,1,700,239,28714,108.76,sam2,0.0,0.0,0.0
10465,rebounding,1,,,,,null,,,
10466,rebounding,1,,,,,null,,,
10467,rebounding,1,,,,,null,,,
10468,rebounding,1,700,239,28723,108.8,sam2,0.0,0.0,0.0
10469,rebounding,1,,,,,null,,,
10470,rebounding,1,,,,,null,,,
10471,rebounding,1,,,,,null,,,
10472,rebounding,1,699,239,28526,108.05,sam2,1.0,749.192,13.378
10473,rebounding,1,,,,,null,,,
10474,rebounding,1,,,,,null,,,
10475,rebounding,1,,,,,null,,,
10476,rebounding,1,699,239,28569,108.21,sam2,0.0,0.0,0.0
10477,rebounding,1,,,,,null,,,
10478,rebounding,1,,,,,null,,,
10479,rebounding,1,,,,,null,,,
10480,rebounding,1,700,239,28746,108.88,sam2,1.0,749.192,13.378
10481,rebounding,1,,,,,null,,,
10482,rebounding,1,,,,,null,,,
10483,rebounding,1,,,,,null,,,
10484,rebounding,1,700,240,28887,109.42,sam2,1.0,749.192,13.378
10485,rebounding,1,,,,,null,,,
10486,rebounding,1,,,,,null,,,
10487,rebounding,1,,,,,null,,,
10488,rebounding,1,699,239,28448,107.75,sam2,1.414,1059.517,18.92
10489,rebounding,1,,,,,null,,,
10490,rebounding,1,,,,,null,,,
10491,rebounding,1,,,,,null,,,
10492,rebounding,1,700,239,28735,108.84,sam2,1.0,749.192,13.378
10493,rebounding,1,,,,,null,,,
10494,rebounding,1,,,,,null,,,
10495,rebounding,1,,,,,null,,,
10496,rebounding,1,700,239,28781,109.01,sam2,0.0,0.0,0.0
10497,rebounding,1,,,,,null,,,
10498,rebounding,1,,,,,null,,,
10499,rebounding,1,,,,,null,,,
10500,rebounding,1,700,239,28705,108.73,sam2,0.0,0.0,0.0
10501,rebounding,1,,,,,null,,,
10502,rebounding,1,,,,,null,,,
10503,rebounding,1,,,,,null,,,
10504,rebounding,1,700,240,28972,109.74,sam2,1.0,749.192,13.378
10505,rebounding,1,,,,,null,,,
10506,rebounding,1,,,,,null,,,
10507,rebounding,1,,,,,null,,,
10508,rebounding,1,700,239,28823,109.17,sam2,1.0,749.192,13.378
10509,rebounding,1,,,,,null,,,
10510,rebounding,1,,,,,null,,,
10511,rebounding,1,,,,,null,,,
10512,rebounding,1,700,239,28769,108.97,sam2,0.0,0.0,0.0
10513,rebounding,1,,,,,null,,,
10514,rebounding,1,,,,,null,,,
10515,rebounding,1,,,,,null,,,
10516,rebounding,1,700,239,28677,108.62,sam2,0.0,0.0,0.0
10517,rebounding,1,,,,,null,,,
10518,rebounding,1,,,,,null,,,
10519,rebounding,1,,,,,null,,,
10520,rebounding,1,700,239,28585,108.27,sam2,0.0,0.0,0.0
10521,rebounding,1,,,,,null,,,
10522,rebounding,1,,,,,null,,,
10523,rebounding,1,,,,,null,,,
10524,rebounding,1,700,240,28837,109.23,sam2,1.0,749.192,13.378
10525,rebounding,1,,,,,null,,,
10526,rebounding,1,,,,,null,,,
10527,rebounding,1,,,,,null,,,
10528,rebounding,1,700,239,28596,108.31,sam2,1.0,749.192,13.378
10529,rebounding,1,,,,,null,,,
10530,rebounding,1,,,,,null,,,
10531,rebounding,1,,,,,null,,,
10532,rebounding,1,700,239,28799,109.08,sam2,0.0,0.0,0.0
10533,rebounding,1,,,,,null,,,
10534,rebounding,1,,,,,null,,,
10535,rebounding,1,,,,,null,,,
10536,rebounding,1,700,240,28871,109.36,sam2,1.0,749.192,13.378
10537,rebounding,1,,,,,null,,,
10538,rebounding,1,,,,,null,,,
10539,rebounding,1,,,,,null,,,
10540,rebounding,1,700,239,28657,108.55,sam2,1.0,749.192,13.378
10541,rebounding,1,,,,,null,,,
10542,rebounding,1,,,,,null,,,
10543,rebounding,1,,,,,null,,,
10544,rebounding,1,699,239,28456,107.78,sam2,1.0,749.192,13.378
10545,rebounding,1,,,,,null,,,
10546,rebounding,1,,,,,null,,,
10547,rebounding,1,,,,,null,,,
10548,rebounding,1,699,239,28620,108.4,sam2,0.0,0.0,0.0
10549,rebounding,1,,,,,null,,,
10550,rebounding,1,,,,,null,,,
10551,rebounding,1,,,,,null,,,
10552,rebounding,1,699,239,28826,109.19,sam2,0.0,0.0,0.0
10553,rebounding,1,,,,,null,,,
10554,rebounding,1,,,,,null,,,
10555,rebounding,1,,,,,null,,,
10556,rebounding,1,699,239,28677,108.62,sam2,0.0,0.0,0.0
10557,rebounding,1,,,,,null,,,
10558,rebounding,1,,,,,null,,,
10559,rebounding,1,,,,,null,,,
10560,rebounding,1,699,239,28615,108.39,sam2,0.0,0.0,0.0
10561,rebounding,1,,,,,null,,,
10562,rebounding,1,,,,,null,,,
10563,rebounding,1,,,,,null,,,
10564,rebounding,1,699,239,28724,108.8,sam2,0.0,0.0,0.0
10565,rebounding,1,,,,,null,,,
10566,rebounding,1,,,,,null,,,
10567,rebounding,1,,,,,null,,,
10568,rebounding,1,699,239,28470,107.84,sam2,0.0,0.0,0.0
10569,rebounding,1,,,,,null,,,
10570,rebounding,1,,,,,null,,,
10571,rebounding,1,,,,,null,,,
10572,rebounding,1,699,239,28508,107.98,sam2,0.0,0.0,0.0
10573,rebounding,1,,,,,null,,,
10574,rebounding,1,,,,,null,,,
10575,rebounding,1,,,,,null,,,
10576,rebounding,1,699,239,28446,107.75,sam2,0.0,0.0,0.0
10577,rebounding,1,,,,,null,,,
10578,rebounding,1,,,,,null,,,
10579,rebounding,1,,,,,null,,,
10580,rebounding,1,699,239,28695,108.69,sam2,0.0,0.0,0.0
10581,rebounding,1,,,,,null,,,
10582,rebounding,1,,,,,null,,,
10583,rebounding,1,,,,,null,,,
10584,rebounding,1,699,239,28607,108.36,sam2,0.0,0.0,0.0
10585,rebounding,1,,,,,null,,,
10586,rebounding,1,,,,,null,,,
10587,rebounding,1,,,,,null,,,
10588,rebounding,1,700,240,28843,109.25,sam2,1.414,1059.517,18.92
10589,rebounding,1,,,,,null,,,
10590,rebounding,1,,,,,null,,,
10591,rebounding,1,,,,,null,,,
10592,rebounding,1,700,240,28827,109.19,sam2,0.0,0.0,0.0
10593,rebounding,1,,,,,null,,,
10594,rebounding,1,,,,,null,,,
10595,rebounding,1,,,,,null,,,
10596,rebounding,1,699,239,28786,109.03,sam2,1.414,1059.517,18.92
10597,rebounding,1,,,,,null,,,
10598,rebounding,1,,,,,null,,,
10599,rebounding,1,,,,,null,,,
10600,rebounding,1,699,239,28540,108.1,sam2,0.0,0.0,0.0
10601,rebounding,1,,,,,null,,,
10602,rebounding,1,,,,,null,,,
10603,rebounding,1,,,,,null,,,
10604,rebounding,1,700,239,28677,108.62,sam2,1.0,749.192,13.378
10605,rebounding,1,,,,,null,,,
10606,rebounding,1,,,,,null,,,
10607,rebounding,1,,,,,null,,,
10608,rebounding,1,700,240,28842,109.25,sam2,1.0,749.192,13.378
10609,rebounding,1,,,,,null,,,
10610,rebounding,1,,,,,null,,,
10611,rebounding,1,,,,,null,,,
10612,rebounding,1,700,239,28335,107.33,sam2,1.0,749.192,13.378
10613,rebounding,1,,,,,null,,,
10614,rebounding,1,,,,,null,,,
10615,rebounding,1,,,,,null,,,
10616,rebounding,1,700,239,28608,108.36,sam2,0.0,0.0,0.0
10617,rebounding,1,,,,,null,,,
10618,rebounding,1,,,,,null,,,
10619,rebounding,1,,,,,null,,,
10620,rebounding,1,700,238,28212,106.86,sam2,1.0,749.192,13.378
10621,rebounding,1,,,,,null,,,
10622,rebounding,1,,,,,null,,,
10623,rebounding,1,,,,,null,,,
10624,rebounding,1,699,239,28405,107.59,sam2,1.414,1059.517,18.92
10625,rebounding,1,,,,,null,,,
10626,rebounding,1,,,,,null,,,
10627,rebounding,1,,,,,null,,,
10628,rebounding,1,700,239,28596,108.31,sam2,1.0,749.192,13.378
10629,rebounding,1,,,,,null,,,
10630,rebounding,1,,,,,null,,,
10631,rebounding,1,,,,,null,,,
10632,rebounding,1,700,238,28246,106.99,sam2,1.0,749.192,13.378
10633,rebounding,1,,,,,null,,,
10634,rebounding,1,,,,,null,,,
10635,rebounding,1,,,,,null,,,
10636,rebounding,1,700,239,28734,108.84,sam2,1.0,749.192,13.378
10637,rebounding,1,,,,,null,,,
10638,rebounding,1,,,,,null,,,
10639,rebounding,1,,,,,null,,,
10640,rebounding,1,700,239,28602,108.34,sam2,0.0,0.0,0.0
10641,rebounding,1,,,,,null,,,
10642,rebounding,1,,,,,null,,,
10643,rebounding,1,,,,,null,,,
10644,rebounding,1,700,239,28431,107.69,sam2,0.0,0.0,0.0
10645,rebounding,1,,,,,null,,,
10646,rebounding,1,,,,,null,,,
10647,rebounding,1,,,,,null,,,
10648,rebounding,1,700,240,28859,109.31,sam2,1.0,749.192,13.378
10649,rebounding,1,,,,,null,,,
10650,rebounding,1,,,,,null,,,
10651,rebounding,1,,,,,null,,,
10652,rebounding,1,700,239,28588,108.28,sam2,1.0,749.192,13.378
10653,rebounding,1,,,,,null,,,
10654,rebounding,1,,,,,null,,,
10655,rebounding,1,,,,,null,,,
10656,rebounding,1,699,239,28645,108.5,sam2,1.0,749.192,13.378
10657,rebounding,1,,,,,null,,,
10658,rebounding,1,,,,,null,,,
10659,rebounding,1,,,,,null,,,
10660,rebounding,1,700,239,28702,108.72,sam2,1.0,749.192,13.378
10661,rebounding,1,,,,,null,,,
10662,rebounding,1,,,,,null,,,
10663,rebounding,1,,,,,null,,,
10664,rebounding,1,699,239,28525,108.05,sam2,1.0,749.192,13.378
10665,rebounding,1,,,,,null,,,
10666,rebounding,1,,,,,null,,,
10667,rebounding,1,,,,,null,,,
10668,rebounding,1,699,239,28467,107.83,sam2,0.0,0.0,0.0
10669,rebounding,1,,,,,null,,,
10670,rebounding,1,,,,,null,,,
10671,rebounding,1,,,,,null,,,
10672,rebounding,1,699,239,28784,109.03,sam2,0.0,0.0,0.0
10673,rebounding,1,,,,,null,,,
10674,rebounding,1,,,,,null,,,
10675,rebounding,1,,,,,null,,,
10676,rebounding,1,700,239,28634,108.46,sam2,1.0,749.192,13.378
10677,rebounding,1,,,,,null,,,
10678,rebounding,1,,,,,null,,,
10679,rebounding,1,,,,,null,,,
10680,rebounding,1,700,239,28763,108.95,sam2,0.0,0.0,0.0
10681,rebounding,1,,,,,null,,,
10682,rebounding,1,,,,,null,,,
10683,rebounding,1,,,,,null,,,
10684,rebounding,1,699,239,28531,108.07,sam2,1.0,749.192,13.378
10685,rebounding,1,,,,,null,,,
10686,rebounding,1,,,,,null,,,
10687,rebounding,1,,,,,null,,,
10688,rebounding,1,699,239,28562,108.19,sam2,0.0,0.0,0.0
10689,rebounding,1,,,,,null,,,
10690,rebounding,1,,,,,null,,,
10691,rebounding,1,,,,,null,,,
10692,rebounding,1,699,239,28596,108.31,sam2,0.0,0.0,0.0
10693,rebounding,1,,,,,null,,,
10694,rebounding,1,,,,,null,,,
10695,rebounding,1,,,,,null,,,
10696,rebounding,1,699,239,28817,109.15,sam2,0.0,0.0,0.0
10697,rebounding,1,,,,,null,,,
10698,rebounding,1,,,,,null,,,
10699,rebounding,1,,,,,null,,,
10700,rebounding,1,699,239,28624,108.42,sam2,0.0,0.0,0.0
10701,rebounding,1,,,,,null,,,
10702,rebounding,1,,,,,null,,,
10703,rebounding,1,,,,,null,,,
10704,rebounding,1,700,239,28648,108.51,sam2,1.0,749.192,13.378
10705,rebounding,1,,,,,null,,,
10706,rebounding,1,,,,,null,,,
10707,rebounding,1,,,,,null,,,
10708,rebounding,1,699,239,28578,108.25,sam2,1.0,749.192,13.378
10709,rebounding,1,,,,,null,,,
10710,rebounding,1,,,,,null,,,
10711,rebounding,1,,,,,null,,,
10712,rebounding,1,700,240,28879,109.39,sam2,1.414,1059.517,18.92
10713,rebounding,1,,,,,null,,,
10714,rebounding,1,,,,,null,,,
10715,rebounding,1,,,,,null,,,
10716,rebounding,1,699,239,28694,108.69,sam2,1.414,1059.517,18.92
10717,rebounding,1,,,,,null,,,
10718,rebounding,1,,,,,null,,,
10719,rebounding,1,,,,,null,,,
10720,rebounding,1,700,239,28649,108.51,sam2,1.0,749.192,13.378
10721,rebounding,1,,,,,null,,,
10722,rebounding,1,,,,,null,,,
10723,rebounding,1,,,,,null,,,
10724,rebounding,1,700,239,28754,108.91,sam2,0.0,0.0,0.0
10725,rebounding,1,,,,,null,,,
10726,rebounding,1,,,,,null,,,
10727,rebounding,1,,,,,null,,,
10728,rebounding,1,700,239,28793,109.06,sam2,0.0,0.0,0.0
10729,rebounding,1,,,,,null,,,
10730,rebounding,1,,,,,null,,,
10731,rebounding,1,,,,,null,,,
10732,rebounding,1,700,239,28551,108.14,sam2,0.0,0.0,0.0
10733,rebounding,1,,,,,null,,,
10734,rebounding,1,,,,,null,,,
10735,rebounding,1,,,,,null,,,
10736,rebounding,1,700,240,28847,109.26,sam2,1.0,749.192,13.378
10737,rebounding,1,,,,,null,,,
10738,rebounding,1,,,,,null,,,
10739,rebounding,1,,,,,null,,,
10740,rebounding,1,700,240,28925,109.56,sam2,0.0,0.0,0.0
10741,rebounding,1,,,,,null,,,
10742,rebounding,1,,,,,null,,,
10743,rebounding,1,,,,,null,,,
10744,rebounding,1,700,240,29089,110.18,sam2,0.0,0.0,0.0
10745,rebounding,1,,,,,null,,,
10746,rebounding,1,,,,,null,,,
10747,rebounding,1,,,,,null,,,
10748,rebounding,1,700,240,28988,109.8,sam2,0.0,0.0,0.0
10749,rebounding,1,,,,,null,,,
10750,rebounding,1,,,,,null,,,
10751,rebounding,1,,,,,null,,,
10752,rebounding,1,700,239,28643,108.49,sam2,1.0,749.192,13.378
10753,rebounding,1,,,,,null,,,
10754,rebounding,1,,,,,null,,,
10755,rebounding,1,,,,,null,,,
10756,rebounding,1,699,240,28940,109.62,sam2,1.414,1059.517,18.92
10757,rebounding,1,,,,,null,,,
10758,rebounding,1,,,,,null,,,
10759,rebounding,1,,,,,null,,,
10760,rebounding,1,700,239,28560,108.18,sam2,1.414,1059.517,18.92
10761,rebounding,1,,,,,null,,,
10762,rebounding,1,,,,,null,,,
10763,rebounding,1,,,,,null,,,
10764,rebounding,1,700,239,28398,107.56,sam2,0.0,0.0,0.0
10765,rebounding,1,,,,,null,,,
10766,rebounding,1,,,,,null,,,
10767,rebounding,1,,,,,null,,,
10768,rebounding,1,700,240,28857,109.3,sam2,1.0,749.192,13.378
10769,rebounding,1,,,,,null,,,
10770,rebounding,1,,,,,null,,,
10771,rebounding,1,,,,,null,,,
10772,rebounding,1,700,240,28917,109.53,sam2,0.0,0.0,0.0
10773,rebounding,1,,,,,null,,,
10774,rebounding,1,,,,,null,,,
10775,rebounding,1,,,,,null,,,
10776,rebounding,1,700,239,28732,108.83,sam2,1.0,749.192,13.378
10777,rebounding,1,,,,,null,,,
10778,rebounding,1,,,,,null,,,
10779,rebounding,1,,,,,null,,,
10780,rebounding,1,699,240,28801,109.09,sam2,1.414,1059.517,18.92
10781,rebounding,1,,,,,null,,,
10782,rebounding,1,,,,,null,,,
10783,rebounding,1,,,,,null,,,
10784,rebounding,1,700,239,28747,108.89,sam2,1.414,1059.517,18.92
10785,rebounding,1,,,,,null,,,
10786,rebounding,1,,,,,null,,,
10787,rebounding,1,,,,,null,,,
10788,rebounding,1,700,240,29111,110.26,sam2,1.0,749.192,13.378
10789,rebounding,1,,,,,null,,,
10790,rebounding,1,,,,,null,,,
10791,rebounding,1,,,,,null,,,
10792,rebounding,1,699,240,28907,109.49,sam2,1.0,749.192,13.378
10793,rebounding,1,,,,,null,,,
10794,rebounding,1,,,,,null,,,
10795,rebounding,1,,,,,null,,,
10796,rebounding,1,699,239,28584,108.27,sam2,1.0,749.192,13.378
10797,rebounding,1,,,,,null,,,
10798,rebounding,1,,,,,null,,,
10799,rebounding,1,,,,,null,,,
10800,rebounding,1,699,239,28639,108.48,sam2,0.0,0.0,0.0
10801,rebounding,1,,,,,null,,,
10802,rebounding,1,,,,,null,,,
10803,rebounding,1,,,,,null,,,
10804,rebounding,1,699,239,28783,109.02,sam2,0.0,0.0,0.0
10805,rebounding,1,,,,,null,,,
10806,rebounding,1,,,,,null,,,
10807,rebounding,1,,,,,null,,,
10808,rebounding,1,699,240,28818,109.15,sam2,1.0,749.192,13.378
10809,rebounding,1,,,,,null,,,
10810,rebounding,1,,,,,null,,,
10811,rebounding,1,,,,,null,,,
10812,rebounding,1,699,239,28782,109.02,sam2,1.0,749.192,13.378
10813,rebounding,1,,,,,null,,,
10814,rebounding,1,,,,,null,,,
10815,rebounding,1,,,,,null,,,
10816,rebounding,1,699,239,28724,108.8,sam2,0.0,0.0,0.0
10817,rebounding,1,,,,,null,,,
10818,rebounding,1,,,,,null,,,
10819,rebounding,1,,,,,null,,,
10820,rebounding,1,699,239,28746,108.88,sam2,0.0,0.0,0.0
10821,rebounding,1,,,,,null,,,
10822,rebounding,1,,,,,null,,,
10823,rebounding,1,,,,,null,,,
10824,rebounding,1,699,239,28768,108.97,sam2,0.0,0.0,0.0
10825,rebounding,1,,,,,null,,,
10826,rebounding,1,,,,,null,,,
10827,rebounding,1,,,,,null,,,
10828,rebounding,1,699,239,28741,108.86,sam2,0.0,0.0,0.0
10829,rebounding,1,,,,,null,,,
10830,rebounding,1,,,,,null,,,
10831,rebounding,1,,,,,null,,,
10832,rebounding,1,699,240,28895,109.45,sam2,1.0,749.192,13.378
10833,rebounding,1,,,,,null,,,
10834,rebounding,1,,,,,null,,,
10835,rebounding,1,,,,,null,,,
10836,rebounding,1,700,239,28504,107.97,sam2,1.414,1059.517,18.92
10837,rebounding,1,,,,,null,,,
10838,rebounding,1,,,,,null,,,
10839,rebounding,1,,,,,null,,,
10840,rebounding,1,700,239,28803,109.1,sam2,0.0,0.0,0.0
10841,rebounding,1,,,,,null,,,
10842,rebounding,1,,,,,null,,,
10843,rebounding,1,,,,,null,,,
10844,rebounding,1,700,239,28772,108.98,sam2,0.0,0.0,0.0
10845,rebounding,1,,,,,null,,,
10846,rebounding,1,,,,,null,,,
10847,rebounding,1,,,,,null,,,
10848,rebounding,1,700,239,28699,108.7,sam2,0.0,0.0,0.0
10849,rebounding,1,,,,,null,,,
10850,rebounding,1,,,,,null,,,
10851,rebounding,1,,,,,null,,,
10852,rebounding,1,700,239,28653,108.53,sam2,0.0,0.0,0.0
10853,rebounding,1,,,,,null,,,
10854,rebounding,1,,,,,null,,,
10855,rebounding,1,,,,,null,,,
10856,rebounding,1,700,239,28787,109.04,sam2,0.0,0.0,0.0
10857,rebounding,1,,,,,null,,,
10858,rebounding,1,,,,,null,,,
10859,rebounding,1,,,,,null,,,
10860,rebounding,1,700,239,28610,108.37,sam2,0.0,0.0,0.0
10861,rebounding,1,,,,,null,,,
10862,rebounding,1,,,,,null,,,
10863,rebounding,1,,,,,null,,,
10864,rebounding,1,700,239,28545,108.12,sam2,0.0,0.0,0.0
10865,rebounding,1,,,,,null,,,
10866,rebounding,1,,,,,null,,,
10867,rebounding,1,,,,,null,,,
10868,rebounding,1,700,239,28627,108.43,sam2,0.0,0.0,0.0
10869,rebounding,1,,,,,null,,,
10870,rebounding,1,,,,,null,,,
10871,rebounding,1,,,,,null,,,
10872,rebounding,1,700,239,28775,108.99,sam2,0.0,0.0,0.0
10873,rebounding,1,,,,,null,,,
10874,rebounding,1,,,,,null,,,
10875,rebounding,1,,,,,null,,,
10876,rebounding,1,699,239,28347,107.37,sam2,1.0,749.192,13.378
10877,rebounding,1,,,,,null,,,
10878,rebounding,1,,,,,null,,,
10879,rebounding,1,,,,,null,,,
10880,rebounding,1,700,239,28661,108.56,sam2,1.0,749.192,13.378
10881,rebounding,1,,,,,null,,,
10882,rebounding,1,,,,,null,,,
10883,rebounding,1,,,,,null,,,
10884,rebounding,1,700,239,28343,107.36,sam2,0.0,0.0,0.0
10885,rebounding,1,,,,,null,,,
10886,rebounding,1,,,,,null,,,
10887,rebounding,1,,,,,null,,,
10888,rebounding,1,700,239,28663,108.57,sam2,0.0,0.0,0.0
10889,rebounding,1,,,,,null,,,
10890,rebounding,1,,,,,null,,,
10891,rebounding,1,,,,,null,,,
10892,rebounding,1,700,239,28411,107.61,sam2,0.0,0.0,0.0
10893,rebounding,1,,,,,null,,,
10894,rebounding,1,,,,,null,,,
10895,rebounding,1,,,,,null,,,
10896,rebounding,1,700,240,28856,109.3,sam2,1.0,749.192,13.378
10897,rebounding,1,,,,,null,,,
10898,rebounding,1,,,,,null,,,
10899,rebounding,1,,,,,null,,,
10900,rebounding,1,700,239,28773,108.98,sam2,1.0,749.192,13.378
10901,rebounding,1,,,,,null,,,
10902,rebounding,1,,,,,null,,,
10903,rebounding,1,,,,,null,,,
10904,rebounding,1,700,239,28716,108.77,sam2,0.0,0.0,0.0
10905,rebounding,1,,,,,null,,,
10906,rebounding,1,,,,,null,,,
10907,rebounding,1,,,,,null,,,
10908,rebounding,1,699,239,28667,108.58,sam2,1.0,749.192,13.378
10909,rebounding,1,,,,,null,,,
10910,rebounding,1,,,,,null,,,
10911,rebounding,1,,,,,null,,,
10912,rebounding,1,699,239,28678,108.62,sam2,0.0,0.0,0.0
10913,rebounding,1,,,,,null,,,
10914,rebounding,1,,,,,null,,,
10915,rebounding,1,,,,,null,,,
10916,rebounding,1,699,239,28726,108.81,sam2,0.0,0.0,0.0
10917,rebounding,1,,,,,null,,,
10918,rebounding,1,,,,,null,,,
10919,rebounding,1,,,,,null,,,
10920,rebounding,1,700,239,28757,108.92,sam2,1.0,749.192,13.378
10921,rebounding,1,,,,,null,,,
10922,rebounding,1,,,,,null,,,
10923,rebounding,1,,,,,null,,,
10924,rebounding,1,699,239,28639,108.48,sam2,1.0,749.192,13.378
10925,rebounding,1,,,,,null,,,
10926,rebounding,1,,,,,null,,,
10927,rebounding,1,,,,,null,,,
10928,rebounding,1,700,239,28647,108.51,sam2,1.0,749.192,13.378
10929,rebounding,1,,,,,null,,,
10930,rebounding,1,,,,,null,,,
10931,rebounding,1,,,,,null,,,
10932,rebounding,1,699,239,28596,108.31,sam2,1.0,749.192,13.378
10933,rebounding,1,,,,,null,,,
10934,rebounding,1,,,,,null,,,
10935,rebounding,1,,,,,null,,,
10936,rebounding,1,699,239,28795,109.07,sam2,0.0,0.0,0.0
10937,rebounding,1,,,,,null,,,
10938,rebounding,1,,,,,null,,,
10939,rebounding,1,,,,,null,,,
10940,rebounding,1,699,239,28609,108.36,sam2,0.0,0.0,0.0
10941,rebounding,1,,,,,null,,,
10942,rebounding,1,,,,,null,,,
10943,rebounding,1,,,,,null,,,
10944,rebounding,1,699,239,28452,107.77,sam2,0.0,0.0,0.0
10945,rebounding,1,,,,,null,,,
10946,rebounding,1,,,,,null,,,
10947,rebounding,1,,,,,null,,,
10948,rebounding,1,700,239,28644,108.5,sam2,1.0,749.192,13.378
10949,rebounding,1,,,,,null,,,
10950,rebounding,1,,,,,null,,,
10951,rebounding,1,,,,,null,,,
10952,rebounding,1,699,239,28526,108.05,sam2,1.0,749.192,13.378
10953,rebounding,1,,,,,null,,,
10954,rebounding,1,,,,,null,,,
10955,rebounding,1,,,,,null,,,
10956,rebounding,1,700,239,28797,109.08,sam2,1.0,749.192,13.378
10957,rebounding,1,,,,,null,,,
10958,rebounding,1,,,,,null,,,
10959,rebounding,1,,,,,null,,,
10960,rebounding,1,699,239,28355,107.4,sam2,1.0,749.192,13.378
10961,rebounding,1,,,,,null,,,
10962,rebounding,1,,,,,null,,,
10963,rebounding,1,,,,,null,,,
10964,rebounding,1,699,238,28265,107.06,sam2,1.0,749.192,13.378
10965,rebounding,1,,,,,null,,,
10966,rebounding,1,,,,,null,,,
10967,rebounding,1,,,,,null,,,
10968,rebounding,1,700,239,28795,109.07,sam2,1.414,1059.517,18.92
10969,rebounding,1,,,,,null,,,
10970,rebounding,1,,,,,null,,,
10971,rebounding,1,,,,,null,,,
10972,rebounding,1,699,239,28647,108.51,sam2,1.0,749.192,13.378
10973,rebounding,1,,,,,null,,,
10974,rebounding,1,,,,,null,,,
10975,rebounding,1,,,,,null,,,
10976,rebounding,1,700,239,28733,108.83,sam2,1.0,749.192,13.378
10977,rebounding,1,,,,,null,,,
10978,rebounding,1,,,,,null,,,
10979,rebounding,1,,,,,null,,,
10980,rebounding,1,700,239,28673,108.61,sam2,0.0,0.0,0.0
10981,rebounding,1,,,,,null,,,
10982,rebounding,1,,,,,null,,,
10983,rebounding,1,,,,,null,,,
10984,rebounding,1,700,239,28719,108.78,sam2,0.0,0.0,0.0
10985,rebounding,1,,,,,null,,,
10986,rebounding,1,,,,,null,,,
10987,rebounding,1,,,,,null,,,
10988,rebounding,1,700,239,28715,108.76,sam2,0.0,0.0,0.0
10989,rebounding,1,,,,,null,,,
10990,rebounding,1,,,,,null,,,
10991,rebounding,1,,,,,null,,,
10992,rebounding,1,700,239,28674,108.61,sam2,0.0,0.0,0.0
10993,rebounding,1,,,,,null,,,
10994,rebounding,1,,,,,null,,,
10995,rebounding,1,,,,,null,,,
10996,rebounding,1,700,239,28724,108.8,sam2,0.0,0.0,0.0
10997,rebounding,1,,,,,null,,,
10998,rebounding,1,,,,,null,,,
10999,rebounding,1,,,,,null,,,
11000,rebounding,1,700,239,28752,108.9,sam2,0.0,0.0,0.0
11001,rebounding,1,,,,,null,,,
11002,rebounding,1,,,,,null,,,
11003,rebounding,1,,,,,null,,,
11004,rebounding,1,700,239,28782,109.02,sam2,0.0,0.0,0.0
11005,rebounding,1,,,,,null,,,
11006,rebounding,1,,,,,null,,,
11007,rebounding,1,,,,,null,,,
11008,rebounding,1,699,239,28687,108.66,sam2,1.0,749.192,13.378
11009,rebounding,1,,,,,null,,,
11010,rebounding,1,,,,,null,,,
11011,rebounding,1,,,,,null,,,
11012,rebounding,1,700,239,28465,107.82,sam2,1.0,749.192,13.378
11013,rebounding,1,,,,,null,,,
11014,rebounding,1,,,,,null,,,
11015,rebounding,1,,,,,null,,,
11016,rebounding,1,700,239,28373,107.47,sam2,0.0,0.0,0.0
11017,rebounding,1,,,,,null,,,
11018,rebounding,1,,,,,null,,,
11019,rebounding,1,,,,,null,,,
11020,rebounding,1,699,239,28565,108.2,sam2,1.0,749.192,13.378
11021,rebounding,1,,,,,null,,,
11022,rebounding,1,,,,,null,,,
11023,rebounding,1,,,,,null,,,
11024,rebounding,1,700,239,28811,109.13,sam2,1.0,749.192,13.378
11025,rebounding,1,,,,,null,,,
11026,rebounding,1,,,,,null,,,
11027,rebounding,1,,,,,null,,,
11028,rebounding,1,699,239,28698,108.7,sam2,1.0,749.192,13.378
11029,rebounding,1,,,,,null,,,
11030,rebounding,1,,,,,null,,,
11031,rebounding,1,,,,,null,,,
11032,rebounding,1,699,239,28639,108.48,sam2,0.0,0.0,0.0
11033,rebounding,1,,,,,null,,,
11034,rebounding,1,,,,,null,,,
11035,rebounding,1,,,,,null,,,
11036,rebounding,1,699,240,28883,109.4,sam2,1.0,749.192,13.378
11037,rebounding,1,,,,,null,,,
11038,rebounding,1,,,,,null,,,
11039,rebounding,1,,,,,null,,,
11040,rebounding,1,700,240,29044,110.01,sam2,1.0,749.192,13.378
11041,rebounding,1,,,,,null,,,
11042,rebounding,1,,,,,null,,,
11043,rebounding,1,,,,,null,,,
11044,rebounding,1,699,239,28765,108.95,sam2,1.414,1059.517,18.92
11045,rebounding,1,,,,,null,,,
11046,rebounding,1,,,,,null,,,
11047,rebounding,1,,,,,null,,,
11048,rebounding,1,699,240,28921,109.55,sam2,1.0,749.192,13.378
11049,rebounding,1,,,,,null,,,
11050,rebounding,1,,,,,null,,,
11051,rebounding,1,,,,,null,,,
11052,rebounding,1,699,240,28851,109.28,sam2,0.0,0.0,0.0
11053,rebounding,1,,,,,null,,,
11054,rebounding,1,,,,,null,,,
11055,rebounding,1,,,,,null,,,
11056,rebounding,1,699,239,28463,107.81,sam2,1.0,749.192,13.378
11057,rebounding,1,,,,,null,,,
11058,rebounding,1,,,,,null,,,
11059,rebounding,1,,,,,null,,,
11060,rebounding,1,699,239,28798,109.08,sam2,0.0,0.0,0.0
11061,rebounding,1,,,,,null,,,
11062,rebounding,1,,,,,null,,,
11063,rebounding,1,,,,,null,,,
11064,rebounding,1,699,239,28667,108.58,sam2,0.0,0.0,0.0
11065,rebounding,1,,,,,null,,,
11066,rebounding,1,,,,,null,,,
11067,rebounding,1,,,,,null,,,
11068,rebounding,1,699,240,28851,109.28,sam2,1.0,749.192,13.378
11069,rebounding,1,,,,,null,,,
11070,rebounding,1,,,,,null,,,
11071,rebounding,1,,,,,null,,,
11072,rebounding,1,700,239,28805,109.11,sam2,1.414,1059.517,18.92
11073,rebounding,1,,,,,null,,,
11074,rebounding,1,,,,,null,,,
11075,rebounding,1,,,,,null,,,
11076,rebounding,1,700,239,28445,107.74,sam2,0.0,0.0,0.0
11077,rebounding,1,,,,,null,,,
11078,rebounding,1,,,,,null,,,
11079,rebounding,1,,,,,null,,,
11080,rebounding,1,700,239,28675,108.61,sam2,0.0,0.0,0.0
11081,rebounding,1,,,,,null,,,
11082,rebounding,1,,,,,null,,,
11083,rebounding,1,,,,,null,,,
11084,rebounding,1,700,239,28632,108.45,sam2,0.0,0.0,0.0
11085,rebounding,1,,,,,null,,,
11086,rebounding,1,,,,,null,,,
11087,rebounding,1,,,,,null,,,
11088,rebounding,1,700,240,28855,109.3,sam2,1.0,749.192,13.378
11089,rebounding,1,,,,,null,,,
11090,rebounding,1,,,,,null,,,
11091,rebounding,1,,,,,null,,,
11092,rebounding,1,700,239,28331,107.31,sam2,1.0,749.192,13.378
11093,rebounding,1,,,,,null,,,
11094,rebounding,1,,,,,null,,,
11095,rebounding,1,,,,,null,,,
11096,rebounding,1,700,240,28802,109.09,sam2,1.0,749.192,13.378
11097,rebounding,1,,,,,null,,,
11098,rebounding,1,,,,,null,,,
11099,rebounding,1,,,,,null,,,
11100,rebounding,1,700,239,28464,107.81,sam2,1.0,749.192,13.378
11101,rebounding,1,,,,,null,,,
11102,rebounding,1,,,,,null,,,
11103,rebounding,1,,,,,null,,,
11104,rebounding,1,700,239,28704,108.72,sam2,0.0,0.0,0.0
11105,rebounding,1,,,,,null,,,
11106,rebounding,1,,,,,null,,,
11107,rebounding,1,,,,,null,,,
11108,rebounding,1,700,239,28326,107.29,sam2,0.0,0.0,0.0
11109,rebounding,1,,,,,null,,,
11110,rebounding,1,,,,,null,,,
11111,rebounding,1,,,,,null,,,
11112,rebounding,1,699,239,28510,107.99,sam2,1.0,749.192,13.378
11113,rebounding,1,,,,,null,,,
11114,rebounding,1,,,,,null,,,
11115,rebounding,1,,,,,null,,,
11116,rebounding,1,700,239,28349,107.38,sam2,1.0,749.192,13.378
11117,rebounding,1,,,,,null,,,
11118,rebounding,1,,,,,null,,,
11119,rebounding,1,,,,,null,,,
11120,rebounding,1,700,239,28702,108.72,sam2,0.0,0.0,0.0
11121,rebounding,1,,,,,null,,,
11122,rebounding,1,,,,,null,,,
11123,rebounding,1,,,,,null,,,
11124,rebounding,1,700,239,28364,107.44,sam2,0.0,0.0,0.0
11125,rebounding,1,,,,,null,,,
11126,rebounding,1,,,,,null,,,
11127,rebounding,1,,,,,null,,,
11128,rebounding,1,700,239,28407,107.6,sam2,0.0,0.0,0.0
11129,rebounding,1,,,,,null,,,
11130,rebounding,1,,,,,null,,,
11131,rebounding,1,,,,,null,,,
11132,rebounding,1,700,239,28776,109.0,sam2,0.0,0.0,0.0
11133,rebounding,1,,,,,null,,,
11134,rebounding,1,,,,,null,,,
11135,rebounding,1,,,,,null,,,
11136,rebounding,1,699,239,28460,107.8,sam2,1.0,749.192,13.378
11137,rebounding,1,,,,,null,,,
11138,rebounding,1,,,,,null,,,
11139,rebounding,1,,,,,null,,,
11140,rebounding,1,700,239,28467,107.83,sam2,1.0,749.192,13.378
11141,rebounding,1,,,,,null,,,
11142,rebounding,1,,,,,null,,,
11143,rebounding,1,,,,,null,,,
11144,rebounding,1,700,239,28695,108.69,sam2,0.0,0.0,0.0
11145,rebounding,1,,,,,null,,,
11146,rebounding,1,,,,,null,,,
11147,rebounding,1,,,,,null,,,
11148,rebounding,1,699,239,28566,108.2,sam2,1.0,749.192,13.378
11149,rebounding,1,,,,,null,,,
11150,rebounding,1,,,,,null,,,
11151,rebounding,1,,,,,null,,,
11152,rebounding,1,699,239,28719,108.78,sam2,0.0,0.0,0.0
11153,rebounding,1,,,,,null,,,
11154,rebounding,1,,,,,null,,,
11155,rebounding,1,,,,,null,,,
11156,rebounding,1,700,239,28707,108.73,sam2,1.0,749.192,13.378
11157,rebounding,1,,,,,null,,,
11158,rebounding,1,,,,,null,,,
11159,rebounding,1,,,,,null,,,
11160,rebounding,1,699,239,28556,108.16,sam2,1.0,749.192,13.378
11161,rebounding,1,,,,,null,,,
11162,rebounding,1,,,,,null,,,
11163,rebounding,1,,,,,null,,,
11164,rebounding,1,699,238,28227,106.92,sam2,1.0,749.192,13.378
11165,rebounding,1,,,,,null,,,
11166,rebounding,1,,,,,null,,,
11167,rebounding,1,,,,,null,,,
11168,rebounding,1,699,239,28672,108.6,sam2,1.0,749.192,13.378
11169,rebounding,1,,,,,null,,,
11170,rebounding,1,,,,,null,,,
11171,rebounding,1,,,,,null,,,
11172,rebounding,1,699,239,28754,108.91,sam2,0.0,0.0,0.0
11173,rebounding,1,,,,,null,,,
11174,rebounding,1,,,,,null,,,
11175,rebounding,1,,,,,null,,,
11176,rebounding,1,699,239,28578,108.25,sam2,0.0,0.0,0.0
11177,rebounding,1,,,,,null,,,
11178,rebounding,1,,,,,null,,,
11179,rebounding,1,,,,,null,,,
11180,rebounding,1,699,240,28883,109.4,sam2,1.0,749.192,13.378
11181,rebounding,1,,,,,null,,,
11182,rebounding,1,,,,,null,,,
11183,rebounding,1,,,,,null,,,
11184,rebounding,1,699,239,28376,107.48,sam2,1.0,749.192,13.378
11185,rebounding,1,,,,,null,,,
11186,rebounding,1,,,,,null,,,
11187,rebounding,1,,,,,null,,,
11188,rebounding,1,699,239,28602,108.34,sam2,0.0,0.0,0.0
11189,rebounding,1,,,,,null,,,
11190,rebounding,1,,,,,null,,,
11191,rebounding,1,,,,,null,,,
11192,rebounding,1,700,239,28458,107.79,sam2,1.0,749.192,13.378
11193,rebounding,1,,,,,null,,,
11194,rebounding,1,,,,,null,,,
11195,rebounding,1,,,,,null,,,
11196,rebounding,1,699,239,28332,107.31,sam2,1.0,749.192,13.378
11197,rebounding,1,,,,,null,,,
11198,rebounding,1,,,,,null,,,
11199,rebounding,1,,,,,null,,,
11200,rebounding,1,699,239,28814,109.14,sam2,0.0,0.0,0.0
11201,rebounding,1,,,,,null,,,
11202,rebounding,1,,,,,null,,,
11203,rebounding,1,,,,,null,,,
11204,rebounding,1,699,239,28709,108.74,sam2,0.0,0.0,0.0
11205,rebounding,1,,,,,null,,,
11206,rebounding,1,,,,,null,,,
11207,rebounding,1,,,,,null,,,
11208,rebounding,1,700,239,28753,108.91,sam2,1.0,749.192,13.378
11209,rebounding,1,,,,,null,,,
11210,rebounding,1,,,,,null,,,
11211,rebounding,1,,,,,null,,,
11212,rebounding,1,700,239,28715,108.76,sam2,0.0,0.0,0.0
11213,rebounding,1,,,,,null,,,
11214,rebounding,1,,,,,null,,,
11215,rebounding,1,,,,,null,,,
11216,rebounding,1,700,239,28617,108.39,sam2,0.0,0.0,0.0
11217,rebounding,1,,,,,null,,,
11218,rebounding,1,,,,,null,,,
11219,rebounding,1,,,,,null,,,
11220,rebounding,1,700,239,28685,108.65,sam2,0.0,0.0,0.0
11221,rebounding,1,,,,,null,,,
11222,rebounding,1,,,,,null,,,
11223,rebounding,1,,,,,null,,,
11224,rebounding,1,700,239,28760,108.94,sam2,0.0,0.0,0.0
11225,rebounding,1,,,,,null,,,
11226,rebounding,1,,,,,null,,,
11227,rebounding,1,,,,,null,,,
11228,rebounding,1,700,238,28306,107.22,sam2,1.0,749.192,13.378
11229,rebounding,1,,,,,null,,,
11230,rebounding,1,,,,,null,,,
11231,rebounding,1,,,,,null,,,
11232,rebounding,1,700,240,28871,109.36,sam2,2.0,1498.383,26.757
11233,rebounding,1,,,,,null,,,
11234,rebounding,1,,,,,null,,,
11235,rebounding,1,,,,,null,,,
11236,rebounding,1,700,239,28689,108.67,sam2,1.0,749.192,13.378
11237,rebounding,1,,,,,null,,,
11238,rebounding,1,,,,,null,,,
11239,rebounding,1,,,,,null,,,
11240,rebounding,1,700,239,28803,109.1,sam2,0.0,0.0,0.0
11241,rebounding,1,,,,,null,,,
11242,rebounding,1,,,,,null,,,
11243,rebounding,1,,,,,null,,,
11244,rebounding,1,700,239,28675,108.61,sam2,0.0,0.0,0.0
11245,rebounding,1,,,,,null,,,
11246,rebounding,1,,,,,null,,,
11247,rebounding,1,,,,,null,,,
11248,rebounding,1,700,240,28918,109.53,sam2,1.0,749.192,13.378
11249,rebounding,1,,,,,null,,,
11250,rebounding,1,,,,,null,,,
11251,rebounding,1,,,,,null,,,
11252,rebounding,1,700,239,28337,107.33,sam2,1.0,749.192,13.378
11253,rebounding,1,,,,,null,,,
11254,rebounding,1,,,,,null,,,
11255,rebounding,1,,,,,null,,,
11256,rebounding,1,699,239,28428,107.68,sam2,1.0,749.192,13.378
11257,rebounding,1,,,,,null,,,
11258,rebounding,1,,,,,null,,,
11259,rebounding,1,,,,,null,,,
11260,rebounding,1,700,239,28656,108.54,sam2,1.0,749.192,13.378
11261,rebounding,1,,,,,null,,,
11262,rebounding,1,,,,,null,,,
11263,rebounding,1,,,,,null,,,
11264,rebounding,1,700,239,28633,108.45,sam2,0.0,0.0,0.0
11265,rebounding,1,,,,,null,,,
11266,rebounding,1,,,,,null,,,
11267,rebounding,1,,,,,null,,,
11268,rebounding,1,700,239,28784,109.03,sam2,0.0,0.0,0.0
11269,rebounding,1,,,,,null,,,
11270,rebounding,1,,,,,null,,,
11271,rebounding,1,,,,,null,,,
11272,rebounding,1,699,239,28511,107.99,sam2,1.0,749.192,13.378
11273,rebounding,1,,,,,null,,,
11274,rebounding,1,,,,,null,,,
11275,rebounding,1,,,,,null,,,
11276,rebounding,1,699,239,28473,107.85,sam2,0.0,0.0,0.0
11277,rebounding,1,,,,,null,,,
11278,rebounding,1,,,,,null,,,
11279,rebounding,1,,,,,null,,,
11280,rebounding,1,699,239,28430,107.69,sam2,0.0,0.0,0.0
11281,rebounding,1,,,,,null,,,
11282,rebounding,1,,,,,null,,,
11283,rebounding,1,,,,,null,,,
11284,rebounding,1,700,239,28622,108.41,sam2,1.0,749.192,13.378
11285,rebounding,1,,,,,null,,,
11286,rebounding,1,,,,,null,,,
11287,rebounding,1,,,,,null,,,
11288,rebounding,1,699,239,28698,108.7,sam2,1.0,749.192,13.378
11289,rebounding,1,,,,,null,,,
11290,rebounding,1,,,,,null,,,
11291,rebounding,1,,,,,null,,,
11292,rebounding,1,699,239,28694,108.69,sam2,0.0,0.0,0.0
11293,rebounding,1,,,,,null,,,
11294,rebounding,1,,,,,null,,,
11295,rebounding,1,,,,,null,,,
11296,rebounding,1,699,239,28462,107.81,sam2,0.0,0.0,0.0
11297,rebounding,1,,,,,null,,,
11298,rebounding,1,,,,,null,,,
11299,rebounding,1,,,,,null,,,
11300,rebounding,1,699,239,28640,108.48,sam2,0.0,0.0,0.0
11301,rebounding,1,,,,,null,,,
11302,rebounding,1,,,,,null,,,
11303,rebounding,1,,,,,null,,,
11304,rebounding,1,699,240,29056,110.06,sam2,1.0,749.192,13.378
11305,rebounding,1,,,,,null,,,
11306,rebounding,1,,,,,null,,,
11307,rebounding,1,,,,,null,,,
11308,rebounding,1,699,239,28706,108.73,sam2,1.0,749.192,13.378
11309,rebounding,1,,,,,null,,,
11310,rebounding,1,,,,,null,,,
11311,rebounding,1,,,,,null,,,
11312,rebounding,1,699,239,28439,107.72,sam2,0.0,0.0,0.0
11313,rebounding,1,,,,,null,,,
11314,rebounding,1,,,,,null,,,
11315,rebounding,1,,,,,null,,,
11316,rebounding,1,699,239,28833,109.21,sam2,0.0,0.0,0.0
11317,rebounding,1,,,,,null,,,
11318,rebounding,1,,,,,null,,,
11319,rebounding,1,,,,,null,,,
11320,rebounding,1,699,239,28725,108.8,sam2,0.0,0.0,0.0
11321,rebounding,1,,,,,null,,,
11322,rebounding,1,,,,,null,,,
11323,rebounding,1,,,,,null,,,
11324,rebounding,1,700,239,28582,108.26,sam2,1.0,749.192,13.378
11325,rebounding,1,,,,,null,,,
11326,rebounding,1,,,,,null,,,
11327,rebounding,1,,,,,null,,,
11328,rebounding,1,699,239,28553,108.15,sam2,1.0,749.192,13.378
11329,rebounding,1,,,,,null,,,
11330,rebounding,1,,,,,null,,,
11331,rebounding,1,,,,,null,,,
11332,rebounding,1,699,239,28691,108.67,sam2,0.0,0.0,0.0
11333,rebounding,1,,,,,null,,,
11334,rebounding,1,,,,,null,,,
11335,rebounding,1,,,,,null,,,
11336,rebounding,1,700,239,28509,107.98,sam2,1.0,749.192,13.378
11337,rebounding,1,,,,,null,,,
11338,rebounding,1,,,,,null,,,
11339,rebounding,1,,,,,null,,,
11340,rebounding,1,699,238,28224,106.91,sam2,1.414,1059.517,18.92
11341,rebounding,1,,,,,null,,,
11342,rebounding,1,,,,,null,,,
11343,rebounding,1,,,,,null,,,
11344,rebounding,1,700,239,28408,107.6,sam2,1.414,1059.517,18.92
11345,rebounding,1,,,,,null,,,
11346,rebounding,1,,,,,null,,,
11347,rebounding,1,,,,,null,,,
11348,rebounding,1,700,238,28276,107.1,sam2,1.0,749.192,13.378
11349,rebounding,1,,,,,null,,,
11350,rebounding,1,,,,,null,,,
11351,rebounding,1,,,,,null,,,
11352,rebounding,1,700,238,28350,107.38,sam2,0.0,0.0,0.0
11353,rebounding,1,,,,,null,,,
11354,rebounding,1,,,,,null,,,
11355,rebounding,1,,,,,null,,,
11356,rebounding,1,700,239,28554,108.15,sam2,1.0,749.192,13.378
11357,rebounding,1,,,,,null,,,
11358,rebounding,1,,,,,null,,,
11359,rebounding,1,,,,,null,,,
11360,rebounding,1,700,239,28589,108.29,sam2,0.0,0.0,0.0
11361,rebounding,1,,,,,null,,,
11362,rebounding,1,,,,,null,,,
11363,rebounding,1,,,,,null,,,
11364,rebounding,1,700,238,28167,106.69,sam2,1.0,749.192,13.378
11365,rebounding,1,,,,,null,,,
11366,rebounding,1,,,,,null,,,
11367,rebounding,1,,,,,null,,,
11368,rebounding,1,700,239,28409,107.61,sam2,1.0,749.192,13.378
11369,rebounding,1,,,,,null,,,
11370,rebounding,1,,,,,null,,,
11371,rebounding,1,,,,,null,,,
11372,rebounding,1,699,239,28524,108.04,sam2,1.0,749.192,13.378
11373,rebounding,1,,,,,null,,,
11374,rebounding,1,,,,,null,,,
11375,rebounding,1,,,,,null,,,
11376,rebounding,1,700,239,28734,108.84,sam2,1.0,749.192,13.378
11377,rebounding,1,,,,,null,,,
11378,rebounding,1,,,,,null,,,
11379,rebounding,1,,,,,null,,,
11380,rebounding,1,700,240,28933,109.59,sam2,1.0,749.192,13.378
11381,rebounding,1,,,,,null,,,
11382,rebounding,1,,,,,null,,,
11383,rebounding,1,,,,,null,,,
11384,rebounding,1,700,239,28764,108.95,sam2,1.0,749.192,13.378
11385,rebounding,1,,,,,null,,,
11386,rebounding,1,,,,,null,,,
11387,rebounding,1,,,,,null,,,
11388,rebounding,1,700,239,28816,109.15,sam2,0.0,0.0,0.0
11389,rebounding,1,,,,,null,,,
11390,rebounding,1,,,,,null,,,
11391,rebounding,1,,,,,null,,,
11392,rebounding,1,700,240,29011,109.89,sam2,1.0,749.192,13.378
11393,rebounding,1,,,,,null,,,
11394,rebounding,1,,,,,null,,,
11395,rebounding,1,,,,,null,,,
11396,rebounding,1,699,240,28964,109.71,sam2,1.0,749.192,13.378
11397,rebounding,1,,,,,null,,,
11398,rebounding,1,,,,,null,,,
11399,rebounding,1,,,,,null,,,
11400,rebounding,1,699,239,28689,108.67,sam2,1.0,749.192,13.378
11401,rebounding,1,,,,,null,,,
11402,rebounding,1,,,,,null,,,
11403,rebounding,1,,,,,null,,,
11404,rebounding,1,699,239,28694,108.69,sam2,0.0,0.0,0.0
11405,rebounding,1,,,,,null,,,
11406,rebounding,1,,,,,null,,,
11407,rebounding,1,,,,,null,,,
11408,rebounding,1,699,239,28708,108.74,sam2,0.0,0.0,0.0
11409,rebounding,1,,,,,null,,,
11410,rebounding,1,,,,,null,,,
11411,rebounding,1,,,,,null,,,
11412,rebounding,1,699,239,28655,108.54,sam2,0.0,0.0,0.0
11413,rebounding,1,,,,,null,,,
11414,rebounding,1,,,,,null,,,
11415,rebounding,1,,,,,null,,,
11416,rebounding,1,699,239,28446,107.75,sam2,0.0,0.0,0.0
11417,rebounding,1,,,,,null,,,
11418,rebounding,1,,,,,null,,,
11419,rebounding,1,,,,,null,,,
11420,rebounding,1,699,239,28848,109.27,sam2,0.0,0.0,0.0
11421,rebounding,1,,,,,null,,,
11422,rebounding,1,,,,,null,,,
11423,rebounding,1,,,,,null,,,
11424,rebounding,1,699,238,28361,107.42,sam2,1.0,749.192,13.378
11425,rebounding,1,,,,,null,,,
11426,rebounding,1,,,,,null,,,
11427,rebounding,1,,,,,null,,,
11428,rebounding,1,700,239,28604,108.34,sam2,1.414,1059.517,18.92
11429,rebounding,1,,,,,null,,,
11430,rebounding,1,,,,,null,,,
11431,rebounding,1,,,,,null,,,
11432,rebounding,1,699,239,28519,108.02,sam2,1.0,749.192,13.378
11433,rebounding,1,,,,,null,,,
11434,rebounding,1,,,,,null,,,
11435,rebounding,1,,,,,null,,,
11436,rebounding,1,700,239,28373,107.47,sam2,1.0,749.192,13.378
11437,rebounding,1,,,,,null,,,
11438,rebounding,1,,,,,null,,,
11439,rebounding,1,,,,,null,,,
11440,rebounding,1,700,238,28325,107.29,sam2,1.0,749.192,13.378
11441,rebounding,1,,,,,null,,,
11442,rebounding,1,,,,,null,,,
11443,rebounding,1,,,,,null,,,
11444,rebounding,1,700,239,28762,108.94,sam2,1.0,749.192,13.378
11445,rebounding,1,,,,,null,,,
11446,rebounding,1,,,,,null,,,
11447,rebounding,1,,,,,null,,,
11448,rebounding,1,700,239,28508,107.98,sam2,0.0,0.0,0.0
11449,rebounding,1,,,,,null,,,
11450,rebounding,1,,,,,null,,,
11451,rebounding,1,,,,,null,,,
11452,rebounding,1,700,239,28553,108.15,sam2,0.0,0.0,0.0
11453,rebounding,1,,,,,null,,,
11454,rebounding,1,,,,,null,,,
11455,rebounding,1,,,,,null,,,
11456,rebounding,1,700,239,28693,108.68,sam2,0.0,0.0,0.0
11457,rebounding,1,,,,,null,,,
11458,rebounding,1,,,,,null,,,
11459,rebounding,1,,,,,null,,,
11460,rebounding,1,700,239,28704,108.72,sam2,0.0,0.0,0.0
11461,rebounding,1,,,,,null,,,
11462,rebounding,1,,,,,null,,,
11463,rebounding,1,,,,,null,,,
11464,rebounding,1,700,239,28625,108.42,sam2,0.0,0.0,0.0
11465,rebounding,1,,,,,null,,,
11466,rebounding,1,,,,,null,,,
11467,rebounding,1,,,,,null,,,
11468,rebounding,1,700,239,28782,109.02,sam2,0.0,0.0,0.0
11469,rebounding,1,,,,,null,,,
11470,rebounding,1,,,,,null,,,
11471,rebounding,1,,,,,null,,,
11472,rebounding,1,700,239,28679,108.63,sam2,0.0,0.0,0.0
11473,rebounding,1,,,,,null,,,
11474,rebounding,1,,,,,null,,,
11475,rebounding,1,,,,,null,,,
11476,rebounding,1,700,239,28785,109.03,sam2,0.0,0.0,0.0
11477,rebounding,1,,,,,null,,,
11478,rebounding,1,,,,,null,,,
11479,rebounding,1,,,,,null,,,
11480,rebounding,1,700,240,28969,109.73,sam2,1.0,749.192,13.378
11481,rebounding,1,,,,,null,,,
11482,rebounding,1,,,,,null,,,
11483,rebounding,1,,,,,null,,,
11484,rebounding,1,700,239,28750,108.9,sam2,1.0,749.192,13.378
11485,rebounding,1,,,,,null,,,
11486,rebounding,1,,,,,null,,,
11487,rebounding,1,,,,,null,,,
11488,rebounding,1,700,239,28400,107.57,sam2,0.0,0.0,0.0
11489,rebounding,1,,,,,null,,,
11490,rebounding,1,,,,,null,,,
11491,rebounding,1,,,,,null,,,
11492,rebounding,1,700,239,28760,108.94,sam2,0.0,0.0,0.0
11493,rebounding,1,,,,,null,,,
11494,rebounding,1,,,,,null,,,
11495,rebounding,1,,,,,null,,,
11496,rebounding,1,700,239,28490,107.91,sam2,0.0,0.0,0.0
11497,rebounding,1,,,,,null,,,
11498,rebounding,1,,,,,null,,,
11499,rebounding,1,,,,,null,,,
11500,rebounding,1,700,239,28487,107.9,sam2,0.0,0.0,0.0
11501,rebounding,1,,,,,null,,,
11502,rebounding,1,,,,,null,,,
11503,rebounding,1,,,,,null,,,
11504,rebounding,1,699,238,28340,107.34,sam2,1.414,1059.517,18.92
11505,rebounding,1,,,,,null,,,
11506,rebounding,1,,,,,null,,,
11507,rebounding,1,,,,,null,,,
11508,rebounding,1,700,239,28676,108.62,sam2,1.414,1059.517,18.92
11509,rebounding,1,,,,,null,,,
11510,rebounding,1,,,,,null,,,
11511,rebounding,1,,,,,null,,,
11512,rebounding,1,700,239,28548,108.13,sam2,0.0,0.0,0.0
11513,rebounding,1,,,,,null,,,
11514,rebounding,1,,,,,null,,,
11515,rebounding,1,,,,,null,,,
11516,rebounding,1,699,239,28571,108.22,sam2,1.0,749.192,13.378
11517,rebounding,1,,,,,null,,,
11518,rebounding,1,,,,,null,,,
11519,rebounding,1,,,,,null,,,
11520,rebounding,1,699,239,28435,107.7,sam2,0.0,0.0,0.0
11521,rebounding,1,,,,,null,,,
11522,rebounding,1,,,,,null,,,
11523,rebounding,1,,,,,null,,,
11524,rebounding,1,699,239,28635,108.46,sam2,0.0,0.0,0.0
11525,rebounding,1,,,,,null,,,
11526,rebounding,1,,,,,null,,,
11527,rebounding,1,,,,,null,,,
11528,rebounding,1,699,239,28560,108.18,sam2,0.0,0.0,0.0
11529,rebounding,1,,,,,null,,,
11530,rebounding,1,,,,,null,,,
11531,rebounding,1,,,,,null,,,
11532,rebounding,1,699,239,28465,107.82,sam2,0.0,0.0,0.0
11533,rebounding,1,,,,,null,,,
11534,rebounding,1,,,,,null,,,
11535,rebounding,1,,,,,null,,,
11536,rebounding,1,699,239,28688,108.66,sam2,0.0,0.0,0.0
11537,rebounding,1,,,,,null,,,
11538,rebounding,1,,,,,null,,,
11539,rebounding,1,,,,,null,,,
11540,rebounding,1,700,239,28767,108.96,sam2,1.0,749.192,13.378
11541,rebounding,1,,,,,null,,,
11542,rebounding,1,,,,,null,,,
11543,rebounding,1,,,,,null,,,
11544,rebounding,1,699,239,28626,108.43,sam2,1.0,749.192,13.378
11545,rebounding,1,,,,,null,,,
11546,rebounding,1,,,,,null,,,
11547,rebounding,1,,,,,null,,,
11548,rebounding,1,700,240,29052,110.04,sam2,1.414,1059.517,18.92
11549,rebounding,1,,,,,null,,,
11550,rebounding,1,,,,,null,,,
11551,rebounding,1,,,,,null,,,
11552,rebounding,1,700,239,28889,109.42,sam2,1.0,749.192,13.378
11553,rebounding,1,,,,,null,,,
11554,rebounding,1,,,,,null,,,
11555,rebounding,1,,,,,null,,,
11556,rebounding,1,699,239,28708,108.74,sam2,1.0,749.192,13.378
11557,rebounding,1,,,,,null,,,
11558,rebounding,1,,,,,null,,,
11559,rebounding,1,,,,,null,,,
11560,rebounding,1,700,239,28783,109.02,sam2,1.0,749.192,13.378
11561,rebounding,1,,,,,null,,,
11562,rebounding,1,,,,,null,,,
11563,rebounding,1,,,,,null,,,
11564,rebounding,1,700,238,28308,107.22,sam2,1.0,749.192,13.378
11565,rebounding,1,,,,,null,,,
11566,rebounding,1,,,,,null,,,
11567,rebounding,1,,,,,null,,,
11568,rebounding,1,700,238,28414,107.62,sam2,0.0,0.0,0.0
11569,rebounding,1,,,,,null,,,
11570,rebounding,1,,,,,null,,,
11571,rebounding,1,,,,,null,,,
11572,rebounding,1,700,239,28563,108.19,sam2,1.0,749.192,13.378
11573,rebounding,1,,,,,null,,,
11574,rebounding,1,,,,,null,,,
11575,rebounding,1,,,,,null,,,
11576,rebounding,1,700,239,28659,108.55,sam2,0.0,0.0,0.0
11577,rebounding,1,,,,,null,,,
11578,rebounding,1,,,,,null,,,
11579,rebounding,1,,,,,null,,,
11580,rebounding,1,700,239,28547,108.13,sam2,0.0,0.0,0.0
11581,rebounding,1,,,,,null,,,
11582,rebounding,1,,,,,null,,,
11583,rebounding,1,,,,,null,,,
11584,rebounding,1,700,239,28773,108.98,sam2,0.0,0.0,0.0
11585,rebounding,1,,,,,null,,,
11586,rebounding,1,,,,,null,,,
11587,rebounding,1,,,,,null,,,
11588,rebounding,1,700,239,28469,107.83,sam2,0.0,0.0,0.0
11589,rebounding,1,,,,,null,,,
11590,rebounding,1,,,,,null,,,
11591,rebounding,1,,,,,null,,,
11592,rebounding,1,700,239,28606,108.35,sam2,0.0,0.0,0.0
11593,rebounding,1,,,,,null,,,
11594,rebounding,1,,,,,null,,,
11595,rebounding,1,,,,,null,,,
11596,rebounding,1,700,239,28846,109.26,sam2,0.0,0.0,0.0
11597,rebounding,1,,,,,null,,,
11598,rebounding,1,,,,,null,,,
11599,rebounding,1,,,,,null,,,
11600,rebounding,1,700,239,28558,108.17,sam2,0.0,0.0,0.0
11601,rebounding,1,,,,,null,,,
11602,rebounding,1,,,,,null,,,
11603,rebounding,1,,,,,null,,,
11604,rebounding,1,700,239,28711,108.75,sam2,0.0,0.0,0.0
11605,rebounding,1,,,,,null,,,
11606,rebounding,1,,,,,null,,,
11607,rebounding,1,,,,,null,,,
11608,rebounding,1,700,239,28759,108.93,sam2,0.0,0.0,0.0
11609,rebounding,1,,,,,null,,,
11610,rebounding,1,,,,,null,,,
11611,rebounding,1,,,,,null,,,
11612,rebounding,1,700,240,28944,109.63,sam2,1.0,749.192,13.378
11613,rebounding,1,,,,,null,,,
11614,rebounding,1,,,,,null,,,
11615,rebounding,1,,,,,null,,,
11616,rebounding,1,700,239,28794,109.06,sam2,1.0,749.192,13.378
11617,rebounding,1,,,,,null,,,
11618,rebounding,1,,,,,null,,,
11619,rebounding,1,,,,,null,,,
11620,rebounding,1,700,239,28696,108.69,sam2,0.0,0.0,0.0
11621,rebounding,1,,,,,null,,,
11622,rebounding,1,,,,,null,,,
11623,rebounding,1,,,,,null,,,
11624,rebounding,1,700,239,28539,108.1,sam2,0.0,0.0,0.0
11625,rebounding,1,,,,,null,,,
11626,rebounding,1,,,,,null,,,
11627,rebounding,1,,,,,null,,,
11628,rebounding,1,699,239,28691,108.67,sam2,1.0,749.192,13.378
11629,rebounding,1,,,,,null,,,
11630,rebounding,1,,,,,null,,,
11631,rebounding,1,,,,,null,,,
11632,rebounding,1,700,239,28592,108.3,sam2,1.0,749.192,13.378
11633,rebounding,1,,,,,null,,,
11634,rebounding,1,,,,,null,,,
11635,rebounding,1,,,,,null,,,
11636,rebounding,1,699,239,28641,108.48,sam2,1.0,749.192,13.378
11637,rebounding,1,,,,,null,,,
11638,rebounding,1,,,,,null,,,
11639,rebounding,1,,,,,null,,,
11640,rebounding,1,700,239,28775,108.99,sam2,1.0,749.192,13.378
11641,rebounding,1,,,,,null,,,
11642,rebounding,1,,,,,null,,,
11643,rebounding,1,,,,,null,,,
11644,rebounding,1,699,239,28657,108.55,sam2,1.0,749.192,13.378
11645,rebounding,1,,,,,null,,,
11646,rebounding,1,,,,,null,,,
11647,rebounding,1,,,,,null,,,
11648,rebounding,1,699,239,28899,109.46,sam2,0.0,0.0,0.0
11649,rebounding,1,,,,,null,,,
11650,rebounding,1,,,,,null,,,
11651,rebounding,1,,,,,null,,,
11652,rebounding,1,700,240,29090,110.19,sam2,1.414,1059.517,18.92
11653,rebounding,1,,,,,null,,,
11654,rebounding,1,,,,,null,,,
11655,rebounding,1,,,,,null,,,
11656,rebounding,1,699,239,28805,109.11,sam2,1.414,1059.517,18.92
11657,rebounding,1,,,,,null,,,
11658,rebounding,1,,,,,null,,,
11659,rebounding,1,,,,,null,,,
11660,rebounding,1,700,239,28569,108.21,sam2,1.0,749.192,13.378
11661,rebounding,1,,,,,null,,,
11662,rebounding,1,,,,,null,,,
11663,rebounding,1,,,,,null,,,
11664,rebounding,1,699,239,28449,107.76,sam2,1.0,749.192,13.378
11665,rebounding,1,,,,,null,,,
11666,rebounding,1,,,,,null,,,
11667,rebounding,1,,,,,null,,,
11668,rebounding,1,699,239,28636,108.47,sam2,0.0,0.0,0.0
11669,rebounding,1,,,,,null,,,
11670,rebounding,1,,,,,null,,,
11671,rebounding,1,,,,,null,,,
11672,rebounding,1,699,239,28553,108.15,sam2,0.0,0.0,0.0
11673,rebounding,1,,,,,null,,,
11674,rebounding,1,,,,,null,,,
11675,rebounding,1,,,,,null,,,
11676,rebounding,1,700,238,28334,107.32,sam2,1.414,1059.517,18.92
11677,rebounding,1,,,,,null,,,
11678,rebounding,1,,,,,null,,,
11679,rebounding,1,,,,,null,,,
11680,rebounding,1,700,239,28790,109.05,sam2,1.0,749.192,13.378
11681,rebounding,1,,,,,null,,,
11682,rebounding,1,,,,,null,,,
11683,rebounding,1,,,,,null,,,
11684,rebounding,1,700,239,28882,109.4,sam2,0.0,0.0,0.0
11685,rebounding,1,,,,,null,,,
11686,rebounding,1,,,,,null,,,
11687,rebounding,1,,,,,null,,,
11688,rebounding,1,700,239,28596,108.31,sam2,0.0,0.0,0.0
11689,rebounding,1,,,,,null,,,
11690,rebounding,1,,,,,null,,,
11691,rebounding,1,,,,,null,,,
11692,rebounding,1,700,240,29027,109.95,sam2,1.0,749.192,13.378
11693,rebounding,1,,,,,null,,,
11694,rebounding,1,,,,,null,,,
11695,rebounding,1,,,,,null,,,
11696,rebounding,1,700,239,28843,109.25,sam2,1.0,749.192,13.378
11697,rebounding,1,,,,,null,,,
11698,rebounding,1,,,,,null,,,
11699,rebounding,1,,,,,null,,,
11700,rebounding,1,700,239,28550,108.14,sam2,0.0,0.0,0.0
11701,rebounding,1,,,,,null,,,
11702,rebounding,1,,,,,null,,,
11703,rebounding,1,,,,,null,,,
11704,rebounding,1,700,239,28698,108.7,sam2,0.0,0.0,0.0
11705,rebounding,1,,,,,null,,,
11706,rebounding,1,,,,,null,,,
11707,rebounding,1,,,,,null,,,
11708,rebounding,1,700,239,28581,108.26,sam2,0.0,0.0,0.0
11709,rebounding,1,,,,,null,,,
11710,rebounding,1,,,,,null,,,
11711,rebounding,1,,,,,null,,,
11712,rebounding,1,700,238,28373,107.47,sam2,1.0,749.192,13.378
11713,rebounding,1,,,,,null,,,
11714,rebounding,1,,,,,null,,,
11715,rebounding,1,,,,,null,,,
11716,rebounding,1,700,238,28380,107.5,sam2,0.0,0.0,0.0
11717,rebounding,1,,,,,null,,,
11718,rebounding,1,,,,,null,,,
11719,rebounding,1,,,,,null,,,
11720,rebounding,1,700,238,28303,107.2,sam2,0.0,0.0,0.0
11721,rebounding,1,,,,,null,,,
11722,rebounding,1,,,,,null,,,
11723,rebounding,1,,,,,null,,,
11724,rebounding,1,700,239,28803,109.1,sam2,1.0,749.192,13.378
11725,rebounding,1,,,,,null,,,
11726,rebounding,1,,,,,null,,,
11727,rebounding,1,,,,,null,,,
11728,rebounding,1,700,239,28602,108.34,sam2,0.0,0.0,0.0
11729,rebounding,1,,,,,null,,,
11730,rebounding,1,,,,,null,,,
11731,rebounding,1,,,,,null,,,
11732,rebounding,1,700,239,28638,108.47,sam2,0.0,0.0,0.0
11733,rebounding,1,,,,,null,,,
11734,rebounding,1,,,,,null,,,
11735,rebounding,1,,,,,null,,,
11736,rebounding,1,700,238,28330,107.31,sam2,1.0,749.192,13.378
11737,rebounding,1,,,,,null,,,
11738,rebounding,1,,,,,null,,,
11739,rebounding,1,,,,,null,,,
11740,rebounding,1,699,239,28765,108.95,sam2,1.414,1059.517,18.92
11741,rebounding,1,,,,,null,,,
11742,rebounding,1,,,,,null,,,
11743,rebounding,1,,,,,null,,,
11744,rebounding,1,700,239,28728,108.81,sam2,1.0,749.192,13.378
11745,rebounding,1,,,,,null,,,
11746,rebounding,1,,,,,null,,,
11747,rebounding,1,,,,,null,,,
11748,rebounding,1,700,238,28332,107.31,sam2,1.0,749.192,13.378
11749,rebounding,1,,,,,null,,,
11750,rebounding,1,,,,,null,,,
11751,rebounding,1,,,,,null,,,
11752,rebounding,1,700,239,28671,108.6,sam2,1.0,749.192,13.378
11753,rebounding,1,,,,,null,,,
11754,rebounding,1,,,,,null,,,
11755,rebounding,1,,,,,null,,,
11756,rebounding,1,700,239,28802,109.09,sam2,0.0,0.0,0.0
11757,rebounding,1,,,,,null,,,
11758,rebounding,1,,,,,null,,,
11759,rebounding,1,,,,,null,,,
11760,rebounding,1,700,239,28524,108.04,sam2,0.0,0.0,0.0
11761,rebounding,1,,,,,null,,,
11762,rebounding,1,,,,,null,,,
11763,rebounding,1,,,,,null,,,
11764,rebounding,1,699,239,28748,108.89,sam2,1.0,749.192,13.378
11765,rebounding,1,,,,,null,,,
11766,rebounding,1,,,,,null,,,
11767,rebounding,1,,,,,null,,,
11768,rebounding,1,699,239,28700,108.71,sam2,0.0,0.0,0.0
11769,rebounding,1,,,,,null,,,
11770,rebounding,1,,,,,null,,,
11771,rebounding,1,,,,,null,,,
11772,rebounding,1,700,239,28720,108.78,sam2,1.0,749.192,13.378
11773,rebounding,1,,,,,null,,,
11774,rebounding,1,,,,,null,,,
11775,rebounding,1,,,,,null,,,
11776,rebounding,1,699,239,28577,108.24,sam2,1.0,749.192,13.378
11777,rebounding,1,,,,,null,,,
11778,rebounding,1,,,,,null,,,
11779,rebounding,1,,,,,null,,,
11780,rebounding,1,700,239,28725,108.8,sam2,1.0,749.192,13.378
11781,rebounding,1,,,,,null,,,
11782,rebounding,1,,,,,null,,,
11783,rebounding,1,,,,,null,,,
11784,rebounding,1,700,239,28471,107.84,sam2,0.0,0.0,0.0
11785,rebounding,1,,,,,null,,,
11786,rebounding,1,,,,,null,,,
11787,rebounding,1,,,,,null,,,
11788,rebounding,1,700,239,28647,108.51,sam2,0.0,0.0,0.0
11789,rebounding,1,,,,,null,,,
11790,rebounding,1,,,,,null,,,
11791,rebounding,1,,,,,null,,,
11792,rebounding,1,700,239,28702,108.72,sam2,0.0,0.0,0.0
11793,rebounding,1,,,,,null,,,
11794,rebounding,1,,,,,null,,,
11795,rebounding,1,,,,,null,,,
11796,rebounding,1,700,239,28677,108.62,sam2,0.0,0.0,0.0
11797,rebounding,1,,,,,null,,,
11798,rebounding,1,,,,,null,,,
11799,rebounding,1,,,,,null,,,
11800,rebounding,1,700,239,28802,109.09,sam2,0.0,0.0,0.0
11801,rebounding,1,,,,,null,,,
11802,rebounding,1,,,,,null,,,
11803,rebounding,1,,,,,null,,,
11804,rebounding,1,700,239,28784,109.03,sam2,0.0,0.0,0.0
11805,rebounding,1,,,,,null,,,
11806,rebounding,1,,,,,null,,,
11807,rebounding,1,,,,,null,,,
11808,rebounding,1,700,239,28620,108.4,sam2,0.0,0.0,0.0
11809,rebounding,1,,,,,null,,,
11810,rebounding,1,,,,,null,,,
11811,rebounding,1,,,,,null,,,
11812,rebounding,1,700,239,28719,108.78,sam2,0.0,0.0,0.0
11813,rebounding,1,,,,,null,,,
11814,rebounding,1,,,,,null,,,
11815,rebounding,1,,,,,null,,,
11816,rebounding,1,700,239,28642,108.49,sam2,0.0,0.0,0.0
11817,rebounding,1,,,,,null,,,
11818,rebounding,1,,,,,null,,,
11819,rebounding,1,,,,,null,,,
11820,rebounding,1,700,239,28750,108.9,sam2,0.0,0.0,0.0
11821,rebounding,1,,,,,null,,,
11822,rebounding,1,,,,,null,,,
11823,rebounding,1,,,,,null,,,
11824,rebounding,1,700,239,28818,109.15,sam2,0.0,0.0,0.0
11825,rebounding,1,,,,,null,,,
11826,rebounding,1,,,,,null,,,
11827,rebounding,1,,,,,null,,,
11828,rebounding,1,700,239,28709,108.74,sam2,0.0,0.0,0.0
11829,rebounding,1,,,,,null,,,
11830,rebounding,1,,,,,null,,,
11831,rebounding,1,,,,,null,,,
11832,rebounding,1,700,240,28893,109.44,sam2,1.0,749.192,13.378
11833,rebounding,1,,,,,null,,,
11834,rebounding,1,,,,,null,,,
11835,rebounding,1,,,,,null,,,
11836,rebounding,1,700,239,28779,109.01,sam2,1.0,749.192,13.378
11837,rebounding,1,,,,,null,,,
11838,rebounding,1,,,,,null,,,
11839,rebounding,1,,,,,null,,,
11840,rebounding,1,700,239,28482,107.88,sam2,0.0,0.0,0.0
11841,rebounding,1,,,,,null,,,
11842,rebounding,1,,,,,null,,,
11843,rebounding,1,,,,,null,,,
11844,rebounding,1,700,239,28554,108.15,sam2,0.0,0.0,0.0
11845,rebounding,1,,,,,null,,,
11846,rebounding,1,,,,,null,,,
11847,rebounding,1,,,,,null,,,
11848,rebounding,1,700,239,28647,108.51,sam2,0.0,0.0,0.0
11849,rebounding,1,,,,,null,,,
11850,rebounding,1,,,,,null,,,
11851,rebounding,1,,,,,null,,,
11852,rebounding,1,700,238,28346,107.37,sam2,1.0,749.192,13.378
11853,rebounding,1,,,,,null,,,
11854,rebounding,1,,,,,null,,,
11855,rebounding,1,,,,,null,,,
11856,rebounding,1,700,239,28793,109.06,sam2,1.0,749.192,13.378
11857,rebounding,1,,,,,null,,,
11858,rebounding,1,,,,,null,,,
11859,rebounding,1,,,,,null,,,
11860,rebounding,1,700,239,28811,109.13,sam2,0.0,0.0,0.0
11861,rebounding,1,,,,,null,,,
11862,rebounding,1,,,,,null,,,
11863,rebounding,1,,,,,null,,,
11864,rebounding,1,700,239,28865,109.33,sam2,0.0,0.0,0.0
11865,rebounding,1,,,,,null,,,
11866,rebounding,1,,,,,null,,,
11867,rebounding,1,,,,,null,,,
11868,rebounding,1,700,239,28634,108.46,sam2,0.0,0.0,0.0
11869,rebounding,1,,,,,null,,,
11870,rebounding,1,,,,,null,,,
11871,rebounding,1,,,,,null,,,
11872,rebounding,1,700,239,28736,108.84,sam2,0.0,0.0,0.0
11873,rebounding,1,,,,,null,,,
11874,rebounding,1,,,,,null,,,
11875,rebounding,1,,,,,null,,,
11876,rebounding,1,700,239,28748,108.89,sam2,0.0,0.0,0.0
11877,rebounding,1,,,,,null,,,
11878,rebounding,1,,,,,null,,,
11879,rebounding,1,,,,,null,,,
11880,rebounding,1,699,239,28678,108.62,sam2,1.0,749.192,13.378
11881,rebounding,1,,,,,null,,,
11882,rebounding,1,,,,,null,,,
11883,rebounding,1,,,,,null,,,
11884,rebounding,1,700,240,28945,109.64,sam2,1.414,1059.517,18.92
11885,rebounding,1,,,,,null,,,
11886,rebounding,1,,,,,null,,,
11887,rebounding,1,,,,,null,,,
11888,rebounding,1,700,239,28709,108.74,sam2,1.0,749.192,13.378
11889,rebounding,1,,,,,null,,,
11890,rebounding,1,,,,,null,,,
11891,rebounding,1,,,,,null,,,
11892,rebounding,1,700,239,28493,107.92,sam2,0.0,0.0,0.0
11893,rebounding,1,,,,,null,,,
11894,rebounding,1,,,,,null,,,
11895,rebounding,1,,,,,null,,,
11896,rebounding,1,700,239,28479,107.87,sam2,0.0,0.0,0.0
11897,rebounding,1,,,,,null,,,
11898,rebounding,1,,,,,null,,,
11899,rebounding,1,,,,,null,,,
11900,rebounding,1,700,239,28723,108.8,sam2,0.0,0.0,0.0
11901,rebounding,1,,,,,null,,,
11902,rebounding,1,,,,,null,,,
11903,rebounding,1,,,,,null,,,
11904,rebounding,1,700,239,28708,108.74,sam2,0.0,0.0,0.0
11905,rebounding,1,,,,,null,,,
11906,rebounding,1,,,,,null,,,
11907,rebounding,1,,,,,null,,,
11908,rebounding,1,699,239,28514,108.0,sam2,1.0,749.192,13.378
11909,rebounding,1,,,,,null,,,
11910,rebounding,1,,,,,null,,,
11911,rebounding,1,,,,,null,,,
11912,rebounding,1,700,240,28958,109.69,sam2,1.414,1059.517,18.92
11913,rebounding,1,,,,,null,,,
11914,rebounding,1,,,,,null,,,
11915,rebounding,1,,,,,null,,,
11916,rebounding,1,700,240,29028,109.95,sam2,0.0,0.0,0.0
11917,rebounding,1,,,,,null,,,
11918,rebounding,1,,,,,null,,,
11919,rebounding,1,,,,,null,,,
11920,rebounding,1,700,239,28772,108.98,sam2,1.0,749.192,13.378
11921,rebounding,1,,,,,null,,,
11922,rebounding,1,,,,,null,,,
11923,rebounding,1,,,,,null,,,
11924,rebounding,1,699,239,28685,108.65,sam2,1.0,749.192,13.378
11925,rebounding,1,,,,,null,,,
11926,rebounding,1,,,,,null,,,
11927,rebounding,1,,,,,null,,,
11928,rebounding,1,699,239,28605,108.35,sam2,0.0,0.0,0.0
11929,rebounding,1,,,,,null,,,
11930,rebounding,1,,,,,null,,,
11931,rebounding,1,,,,,null,,,
11932,rebounding,1,699,238,28241,106.97,sam2,1.0,749.192,13.378
11933,rebounding,1,,,,,null,,,
11934,rebounding,1,,,,,null,,,
11935,rebounding,1,,,,,null,,,
11936,rebounding,1,700,239,28756,108.92,sam2,1.414,1059.517,18.92
11937,rebounding,1,,,,,null,,,
11938,rebounding,1,,,,,null,,,
11939,rebounding,1,,,,,null,,,
11940,rebounding,1,700,240,28833,109.21,sam2,1.0,749.192,13.378
11941,rebounding,1,,,,,null,,,
11942,rebounding,1,,,,,null,,,
11943,rebounding,1,,,,,null,,,
11944,rebounding,1,700,239,28667,108.58,sam2,1.0,749.192,13.378
11945,rebounding,1,,,,,null,,,
11946,rebounding,1,,,,,null,,,
11947,rebounding,1,,,,,null,,,
11948,rebounding,1,700,239,28763,108.95,sam2,0.0,0.0,0.0
11949,rebounding,1,,,,,null,,,
11950,rebounding,1,,,,,null,,,
11951,rebounding,1,,,,,null,,,
11952,rebounding,1,700,238,28239,106.96,sam2,1.0,749.192,13.378
11953,rebounding,1,,,,,null,,,
11954,rebounding,1,,,,,null,,,
11955,rebounding,1,,,,,null,,,
11956,rebounding,1,699,239,28547,108.13,sam2,1.414,1059.517,18.92
11957,rebounding,1,,,,,null,,,
11958,rebounding,1,,,,,null,,,
11959,rebounding,1,,,,,null,,,
11960,rebounding,1,700,239,28644,108.5,sam2,1.0,749.192,13.378
11961,rebounding,1,,,,,null,,,
11962,rebounding,1,,,,,null,,,
11963,rebounding,1,,,,,null,,,
11964,rebounding,1,700,239,28717,108.77,sam2,0.0,0.0,0.0
11965,rebounding,1,,,,,null,,,
11966,rebounding,1,,,,,null,,,
11967,rebounding,1,,,,,null,,,
11968,rebounding,1,699,239,28363,107.43,sam2,1.0,749.192,13.378
11969,rebounding,1,,,,,null,,,
11970,rebounding,1,,,,,null,,,
11971,rebounding,1,,,,,null,,,
11972,rebounding,1,700,238,28328,107.3,sam2,1.414,1059.517,18.92
11973,rebounding,1,,,,,null,,,
11974,rebounding,1,,,,,null,,,
11975,rebounding,1,,,,,null,,,
11976,rebounding,1,699,239,28659,108.55,sam2,1.414,1059.517,18.92
11977,rebounding,1,,,,,null,,,
11978,rebounding,1,,,,,null,,,
11979,rebounding,1,,,,,null,,,
11980,rebounding,1,700,240,28850,109.28,sam2,1.414,1059.517,18.92
11981,rebounding,1,,,,,null,,,
11982,rebounding,1,,,,,null,,,
11983,rebounding,1,,,,,null,,,
11984,rebounding,1,700,240,28891,109.43,sam2,0.0,0.0,0.0
11985,rebounding,1,,,,,null,,,
11986,rebounding,1,,,,,null,,,
11987,rebounding,1,,,,,null,,,
11988,rebounding,1,699,239,28701,108.71,sam2,1.414,1059.517,18.92
11989,rebounding,1,,,,,null,,,
11990,rebounding,1,,,,,null,,,
11991,rebounding,1,,,,,null,,,
11992,rebounding,1,700,240,28938,109.61,sam2,1.414,1059.517,18.92
11993,rebounding,1,,,,,null,,,
11994,rebounding,1,,,,,null,,,
11995,rebounding,1,,,,,null,,,
11996,rebounding,1,700,239,28446,107.75,sam2,1.0,749.192,13.378
11997,rebounding,1,,,,,null,,,
11998,rebounding,1,,,,,null,,,
11999,rebounding,1,,,,,null,,,
12000,rebounding,1,700,239,28689,108.67,sam2,0.0,0.0,0.0
12001,rebounding,1,,,,,null,,,
12002,rebounding,1,,,,,null,,,
12003,rebounding,1,,,,,null,,,
12004,rebounding,1,699,239,28721,108.79,sam2,1.0,749.192,13.378
12005,rebounding,1,,,,,null,,,
12006,rebounding,1,,,,,null,,,
12007,rebounding,1,,,,,null,,,
12008,rebounding,1,699,240,28966,109.72,sam2,1.0,749.192,13.378
12009,rebounding,1,,,,,null,,,
12010,rebounding,1,,,,,null,,,
12011,rebounding,1,,,,,null,,,
12012,rebounding,1,699,239,28533,108.08,sam2,1.0,749.192,13.378
12013,rebounding,1,,,,,null,,,
12014,rebounding,1,,,,,null,,,
12015,rebounding,1,,,,,null,,,
12016,rebounding,1,699,239,28822,109.17,sam2,0.0,0.0,0.0
12017,rebounding,1,,,,,null,,,
12018,rebounding,1,,,,,null,,,
12019,rebounding,1,,,,,null,,,
12020,rebounding,1,699,240,28818,109.15,sam2,1.0,749.192,13.378
12021,rebounding,1,,,,,null,,,
12022,rebounding,1,,,,,null,,,
12023,rebounding,1,,,,,null,,,
12024,rebounding,1,700,239,28537,108.09,sam2,1.414,1059.517,18.92
12025,rebounding,1,,,,,null,,,
12026,rebounding,1,,,,,null,,,
12027,rebounding,1,,,,,null,,,
12028,rebounding,1,699,239,28538,108.09,sam2,1.0,749.192,13.378
12029,rebounding,1,,,,,null,,,
12030,rebounding,1,,,,,null,,,
12031,rebounding,1,,,,,null,,,
12032,rebounding,1,699,239,28718,108.78,sam2,0.0,0.0,0.0
12033,rebounding,1,,,,,null,,,
12034,rebounding,1,,,,,null,,,
12035,rebounding,1,,,,,null,,,
12036,rebounding,1,700,239,28783,109.02,sam2,1.0,749.192,13.378
12037,rebounding,1,,,,,null,,,
12038,rebounding,1,,,,,null,,,
12039,rebounding,1,,,,,null,,,
12040,rebounding,1,700,239,28469,107.83,sam2,0.0,0.0,0.0
12041,rebounding,1,,,,,null,,,
12042,rebounding,1,,,,,null,,,
12043,rebounding,1,,,,,null,,,
12044,rebounding,1,699,239,28732,108.83,sam2,1.0,749.192,13.378
12045,rebounding,1,,,,,null,,,
12046,rebounding,1,,,,,null,,,
12047,rebounding,1,,,,,null,,,
12048,rebounding,1,700,239,28585,108.27,sam2,1.0,749.192,13.378
12049,rebounding,1,,,,,null,,,
12050,rebounding,1,,,,,null,,,
12051,rebounding,1,,,,,null,,,
12052,rebounding,1,699,239,28347,107.37,sam2,1.0,749.192,13.378
12053,rebounding,1,,,,,null,,,
12054,rebounding,1,,,,,null,,,
12055,rebounding,1,,,,,null,,,
12056,rebounding,1,700,239,28685,108.65,sam2,1.0,749.192,13.378
12057,rebounding,1,,,,,null,,,
12058,rebounding,1,,,,,null,,,
12059,rebounding,1,,,,,null,,,
12060,rebounding,1,700,239,28715,108.76,sam2,0.0,0.0,0.0
12061,rebounding,1,,,,,null,,,
12062,rebounding,1,,,,,null,,,
12063,rebounding,1,,,,,null,,,
12064,rebounding,1,700,239,28742,108.87,sam2,0.0,0.0,0.0
12065,rebounding,1,,,,,null,,,
12066,rebounding,1,,,,,null,,,
12067,rebounding,1,,,,,null,,,
12068,rebounding,1,700,239,28563,108.19,sam2,0.0,0.0,0.0
12069,rebounding,1,,,,,null,,,
12070,rebounding,1,,,,,null,,,
12071,rebounding,1,,,,,null,,,
12072,rebounding,1,700,239,28614,108.38,sam2,0.0,0.0,0.0
12073,rebounding,1,,,,,null,,,
12074,rebounding,1,,,,,null,,,
12075,rebounding,1,,,,,null,,,
12076,rebounding,1,700,239,28489,107.91,sam2,0.0,0.0,0.0
12077,rebounding,1,,,,,null,,,
12078,rebounding,1,,,,,null,,,
12079,rebounding,1,,,,,null,,,
12080,rebounding,1,700,238,28235,106.95,sam2,1.0,749.192,13.378
12081,rebounding,1,,,,,null,,,
12082,rebounding,1,,,,,null,,,
12083,rebounding,1,,,,,null,,,
12084,rebounding,1,700,239,28590,108.29,sam2,1.0,749.192,13.378
12085,rebounding,1,,,,,null,,,
12086,rebounding,1,,,,,null,,,
12087,rebounding,1,,,,,null,,,
12088,rebounding,1,700,239,28755,108.92,sam2,0.0,0.0,0.0
12089,rebounding,1,,,,,null,,,
12090,rebounding,1,,,,,null,,,
12091,rebounding,1,,,,,null,,,
12092,rebounding,1,700,239,28763,108.95,sam2,0.0,0.0,0.0
12093,rebounding,1,,,,,null,,,
12094,rebounding,1,,,,,null,,,
12095,rebounding,1,,,,,null,,,
12096,rebounding,1,700,240,28880,109.39,sam2,1.0,749.192,13.378
12097,rebounding,1,,,,,null,,,
12098,rebounding,1,,,,,null,,,
12099,rebounding,1,,,,,null,,,
12100,rebounding,1,700,239,28579,108.25,sam2,1.0,749.192,13.378
12101,rebounding,1,,,,,null,,,
12102,rebounding,1,,,,,null,,,
12103,rebounding,1,,,,,null,,,
12104,rebounding,1,700,239,28536,108.09,sam2,0.0,0.0,0.0
12105,rebounding,1,,,,,null,,,
12106,rebounding,1,,,,,null,,,
12107,rebounding,1,,,,,null,,,
12108,rebounding,1,699,239,28345,107.36,sam2,1.0,749.192,13.378
12109,rebounding,1,,,,,null,,,
12110,rebounding,1,,,,,null,,,
12111,rebounding,1,,,,,null,,,
12112,rebounding,1,699,239,28616,108.39,sam2,0.0,0.0,0.0
12113,rebounding,1,,,,,null,,,
12114,rebounding,1,,,,,null,,,
12115,rebounding,1,,,,,null,,,
12116,rebounding,1,699,239,28800,109.09,sam2,0.0,0.0,0.0
12117,rebounding,1,,,,,null,,,
12118,rebounding,1,,,,,null,,,
12119,rebounding,1,,,,,null,,,
12120,rebounding,1,699,239,28471,107.84,sam2,0.0,0.0,0.0
12121,rebounding,1,,,,,null,,,
12122,rebounding,1,,,,,null,,,
12123,rebounding,1,,,,,null,,,
12124,rebounding,1,699,239,28669,108.59,sam2,0.0,0.0,0.0
12125,rebounding,1,,,,,null,,,
12126,rebounding,1,,,,,null,,,
12127,rebounding,1,,,,,null,,,
12128,rebounding,1,699,239,28553,108.15,sam2,0.0,0.0,0.0
12129,rebounding,1,,,,,null,,,
12130,rebounding,1,,,,,null,,,
12131,rebounding,1,,,,,null,,,
12132,rebounding,1,699,240,28854,109.29,sam2,1.0,749.192,13.378
12133,rebounding,1,,,,,null,,,
12134,rebounding,1,,,,,null,,,
12135,rebounding,1,,,,,null,,,
12136,rebounding,1,699,239,28374,107.47,sam2,1.0,749.192,13.378
12137,rebounding,1,,,,,null,,,
12138,rebounding,1,,,,,null,,,
12139,rebounding,1,,,,,null,,,
12140,rebounding,1,699,240,28839,109.23,sam2,1.0,749.192,13.378
12141,rebounding,1,,,,,null,,,
12142,rebounding,1,,,,,null,,,
12143,rebounding,1,,,,,null,,,
12144,rebounding,1,699,239,28745,108.88,sam2,1.0,749.192,13.378
12145,rebounding,1,,,,,null,,,
12146,rebounding,1,,,,,null,,,
12147,rebounding,1,,,,,null,,,
12148,rebounding,1,699,239,28683,108.64,sam2,0.0,0.0,0.0
12149,rebounding,1,,,,,null,,,
12150,rebounding,1,,,,,null,,,
12151,rebounding,1,,,,,null,,,
12152,rebounding,1,699,239,28541,108.11,sam2,0.0,0.0,0.0
12153,rebounding,1,,,,,null,,,
12154,rebounding,1,,,,,null,,,
12155,rebounding,1,,,,,null,,,
12156,rebounding,1,699,240,28855,109.3,sam2,1.0,749.192,13.378
12157,rebounding,1,,,,,null,,,
12158,rebounding,1,,,,,null,,,
