frame,phase,drop_id,cx,cy,area_px,percentage,detection_method,distance_px,velocity_px_per_s,velocity_mm_s
1898,falling,1,6,62,8824,36.1,hough,,,
1899,falling,1,,,,,null,,,
1900,falling,1,774,202,26326,107.7,sam2,,,
1901,falling,1,,,,,null,,,
1902,falling,1,,,,,null,,,
1903,falling,1,,,,,null,,,
1904,falling,1,770,297,33737,138.02,sam2,95.084,71236.266,1272.076
1905,falling,1,,,,,null,,,
1906,falling,1,,,,,null,,,
1907,falling,1,,,,,null,,,
1908,falling,1,777,305,33335,136.37,sam2,10.63,7964.016,142.215
1909,falling,1,,,,,null,,,
1910,falling,1,,,,,null,,,
1911,falling,1,,,,,null,,,
1912,falling,1,776,305,44624,182.56,sam2,1.0,749.192,13.378
1913,falling,1,,,,,null,,,
1914,falling,1,,,,,null,,,
1915,falling,1,,,,,null,,,
1916,falling,1,776,304,54262,221.98,sam2,1.0,749.192,13.378
1917,falling,1,,,,,null,,,
1918,falling,1,,,,,null,,,
1919,falling,1,,,,,null,,,
1920,falling,1,790,302,52123,213.23,sam2,14.142,10595.17,189.199
1920,falling,2,1181,299,2497,10.22,sam2,,,
1920,falling,3,351,284,1662,6.8,sam2,,,
1921,falling,1,,,,,null,,,
1922,falling,1,,,,,null,,,
1923,falling,1,,,,,null,,,
1924,falling,1,764,302,41033,167.87,sam2,26.0,19478.982,347.839
1924,falling,2,1117,277,303,1.24,sam2,67.676,50702.065,905.394
1924,falling,3,1093,280,139,0.57,sam2,742.011,555908.261,9926.933
1924,falling,4,1074,267,54,0.22,sam2,,,
1925,falling,1,,,,,null,,,
1926,falling,1,,,,,null,,,
1927,falling,1,,,,,null,,,
1928,falling,1,767,302,37582,153.75,sam2,3.0,2247.575,40.135
1928,falling,2,1101,313,1052,4.3,sam2,39.395,29514.727,527.049
1928,falling,3,1100,263,611,2.5,sam2,18.385,13773.72,245.959
1929,falling,1,,,,,null,,,
1930,falling,1,,,,,null,,,
1931,falling,1,,,,,null,,,
1932,falling,1,764,301,33917,138.75,sam2,3.162,2369.152,42.306
1932,falling,2,1097,331,324,1.33,sam2,18.439,13814.411,246.686
1932,falling,3,1101,266,277,1.13,sam2,3.162,2369.152,42.306
1932,falling,4,993,332,227,0.93,sam2,103.856,38903.899,694.712
1932,falling,5,1108,314,207,0.85,sam2,,,
1932,falling,6,1075,267,78,0.32,sam2,,,
1933,falling,1,,,,,null,,,
1934,falling,1,,,,,null,,,
1935,falling,1,,,,,null,,,
1936,falling,1,774,301,26486,108.35,sam2,10.0,7491.916,133.784
1937,falling,1,,,,,null,,,
1938,falling,1,,,,,null,,,
1939,falling,1,,,,,null,,,
1940,falling,1,773,296,26382,107.93,sam2,5.099,3820.143,68.217
1941,falling,1,,,,,null,,,
1942,falling,1,,,,,null,,,
1943,falling,1,,,,,null,,,
1944,falling,1,774,290,28730,117.53,sam2,6.083,4557.155,81.378
1945,falling,1,,,,,null,,,
1946,falling,1,,,,,null,,,
1947,falling,1,,,,,null,,,
1948,falling,1,773,288,28480,116.51,sam2,2.236,1675.243,29.915
1949,falling,1,,,,,null,,,
1950,falling,1,,,,,null,,,
1951,falling,1,,,,,null,,,
1952,falling,1,774,283,29325,119.97,sam2,5.099,3820.143,68.217
1953,falling,1,,,,,null,,,
1954,falling,1,,,,,null,,,
1955,falling,1,,,,,null,,,
1956,falling,1,774,281,29950,122.52,sam2,2.0,1498.383,26.757
1957,falling,1,,,,,null,,,
1958,falling,1,,,,,null,,,
1959,falling,1,,,,,null,,,
1960,falling,1,774,286,29745,121.69,sam2,5.0,3745.958,66.892
1961,falling,1,,,,,null,,,
1962,falling,1,,,,,null,,,
1963,falling,1,,,,,null,,,
1964,falling,1,772,294,28790,117.78,sam2,8.246,6177.992,110.321
1965,falling,1,,,,,null,,,
1966,falling,1,,,,,null,,,
1967,falling,1,,,,,null,,,
1968,falling,1,772,299,26710,109.27,sam2,5.0,3745.958,66.892
1969,falling,1,,,,,null,,,
1970,falling,1,,,,,null,,,
1971,falling,1,,,,,null,,,
1972,falling,1,771,301,24387,99.77,sam2,2.236,1675.243,29.915
1973,falling,1,,,,,null,,,
1974,falling,1,,,,,null,,,
1975,falling,1,,,,,null,,,
1976,falling,1,768,302,22573,92.35,sam2,3.162,2369.152,42.306
1977,falling,1,,,,,null,,,
1978,falling,1,,,,,null,,,
1979,falling,1,,,,,null,,,
1980,falling,1,765,302,21680,88.69,sam2,3.0,2247.575,40.135
1981,falling,1,,,,,null,,,
1982,falling,1,,,,,null,,,
1983,falling,1,,,,,null,,,
1984,falling,1,763,303,22055,90.23,sam2,2.236,1675.243,29.915
1985,falling,1,,,,,null,,,
1986,falling,1,,,,,null,,,
1987,falling,1,,,,,null,,,
1988,falling,1,763,303,22413,91.69,sam2,0.0,0.0,0.0
1989,falling,1,,,,,null,,,
1990,falling,1,,,,,null,,,
1991,falling,1,,,,,null,,,
1992,falling,1,767,304,22706,92.89,sam2,4.123,3088.996,55.161
1993,falling,1,,,,,null,,,
1994,falling,1,,,,,null,,,
1995,falling,1,,,,,null,,,
1996,falling,1,771,303,23075,94.4,sam2,4.123,3088.996,55.161
1997,falling,1,,,,,null,,,
1998,falling,1,,,,,null,,,
1999,falling,1,,,,,null,,,
2000,falling,1,773,303,23228,95.03,sam2,2.0,1498.383,26.757
2001,falling,1,,,,,null,,,
2002,falling,1,,,,,null,,,
2003,falling,1,,,,,null,,,
2004,falling,1,774,303,23454,95.95,sam2,1.0,749.192,13.378
2005,falling,1,,,,,null,,,
2006,falling,1,,,,,null,,,
2007,falling,1,,,,,null,,,
2008,falling,1,773,303,23673,96.85,sam2,1.0,749.192,13.378
2009,falling,1,,,,,null,,,
2010,falling,1,,,,,null,,,
2011,falling,1,,,,,null,,,
2012,falling,1,772,303,23362,95.57,sam2,1.0,749.192,13.378
2013,falling,1,,,,,null,,,
2014,falling,1,,,,,null,,,
2015,falling,1,,,,,null,,,
2016,falling,1,772,303,22636,92.6,sam2,0.0,0.0,0.0
2017,falling,1,,,,,null,,,
2018,falling,1,,,,,null,,,
2019,falling,1,,,,,null,,,
2020,falling,1,774,302,22790,93.23,sam2,2.236,1675.243,29.915
2021,falling,1,,,,,null,,,
2022,falling,1,,,,,null,,,
2023,falling,1,,,,,null,,,
2024,falling,1,774,302,23122,94.59,sam2,0.0,0.0,0.0
2025,falling,1,,,,,null,,,
2026,falling,1,,,,,null,,,
2027,falling,1,,,,,null,,,
2028,falling,1,774,302,23436,95.88,sam2,0.0,0.0,0.0
2029,falling,1,,,,,null,,,
2030,falling,1,,,,,null,,,
2031,falling,1,,,,,null,,,
2032,falling,1,775,302,23851,97.57,sam2,1.0,749.192,13.378
2033,falling,1,,,,,null,,,
2034,falling,1,,,,,null,,,
2035,falling,1,,,,,null,,,
2036,falling,1,775,302,23973,98.07,sam2,0.0,0.0,0.0
2037,falling,1,,,,,null,,,
2038,falling,1,,,,,null,,,
2039,falling,1,,,,,null,,,
2040,falling,1,775,302,23832,97.5,sam2,0.0,0.0,0.0
2041,falling,1,,,,,null,,,
2042,falling,1,,,,,null,,,
2043,falling,1,,,,,null,,,
2044,falling,1,774,302,23457,95.96,sam2,1.0,749.192,13.378
2045,falling,1,,,,,null,,,
2046,falling,1,,,,,null,,,
2047,falling,1,,,,,null,,,
2048,falling,1,775,302,23285,95.26,sam2,1.0,749.192,13.378
2049,falling,1,,,,,null,,,
2050,falling,1,,,,,null,,,
2051,falling,1,,,,,null,,,
2052,falling,1,775,302,23132,94.63,sam2,0.0,0.0,0.0
2053,falling,1,,,,,null,,,
2054,falling,1,,,,,null,,,
2055,falling,1,,,,,null,,,
2056,falling,1,776,302,23072,94.39,sam2,1.0,749.192,13.378
2057,falling,1,,,,,null,,,
2058,falling,1,,,,,null,,,
2059,falling,1,,,,,null,,,
2060,falling,1,776,302,22880,93.6,sam2,0.0,0.0,0.0
2061,falling,1,,,,,null,,,
2062,falling,1,,,,,null,,,
2063,falling,1,,,,,null,,,
2064,falling,1,776,303,22670,92.74,sam2,1.0,749.192,13.378
2065,falling,1,,,,,null,,,
2066,falling,1,,,,,null,,,
2067,falling,1,,,,,null,,,
2068,falling,1,776,303,22458,91.88,sam2,0.0,0.0,0.0
2069,falling,1,,,,,null,,,
2070,falling,1,,,,,null,,,
2071,falling,1,,,,,null,,,
2072,falling,1,775,303,22364,91.49,sam2,1.0,749.192,13.378
2073,falling,1,,,,,null,,,
2074,falling,1,,,,,null,,,
2075,falling,1,,,,,null,,,
2076,falling,1,774,303,22483,91.98,sam2,1.0,749.192,13.378
2077,falling,1,,,,,null,,,
2078,falling,1,,,,,null,,,
2079,falling,1,,,,,null,,,
2080,falling,1,773,303,22651,92.66,sam2,1.0,749.192,13.378
2081,falling,1,,,,,null,,,
2082,falling,1,,,,,null,,,
2083,falling,1,,,,,null,,,
2084,falling,1,773,303,22831,93.4,sam2,0.0,0.0,0.0
2085,falling,1,,,,,null,,,
2086,falling,1,,,,,null,,,
2087,falling,1,,,,,null,,,
2088,falling,1,773,303,22984,94.03,sam2,0.0,0.0,0.0
2089,falling,1,,,,,null,,,
2090,falling,1,,,,,null,,,
2091,falling,1,,,,,null,,,
2092,falling,1,773,303,23054,94.31,sam2,0.0,0.0,0.0
2093,falling,1,,,,,null,,,
2094,falling,1,,,,,null,,,
2095,falling,1,,,,,null,,,
2096,falling,1,773,303,23141,94.67,sam2,0.0,0.0,0.0
2097,falling,1,,,,,null,,,
2098,falling,1,,,,,null,,,
2099,falling,1,,,,,null,,,
2100,falling,1,773,303,23177,94.82,sam2,0.0,0.0,0.0
2101,falling,1,,,,,null,,,
2102,falling,1,,,,,null,,,
2103,falling,1,,,,,null,,,
2104,falling,1,773,303,23087,94.45,sam2,0.0,0.0,0.0
2105,falling,1,,,,,null,,,
2106,falling,1,,,,,null,,,
2107,falling,1,,,,,null,,,
2108,falling,1,774,303,23074,94.4,sam2,1.0,749.192,13.378
2109,falling,1,,,,,null,,,
2110,falling,1,,,,,null,,,
2111,falling,1,,,,,null,,,
2112,falling,1,774,303,22997,94.08,sam2,0.0,0.0,0.0
2113,falling,1,,,,,null,,,
2114,falling,1,,,,,null,,,
2115,falling,1,,,,,null,,,
2116,falling,1,774,303,22978,94.0,sam2,0.0,0.0,0.0
2117,falling,1,,,,,null,,,
2118,falling,1,,,,,null,,,
2119,falling,1,,,,,null,,,
2120,falling,1,774,302,22944,93.86,sam2,1.0,749.192,13.378
2121,falling,1,,,,,null,,,
2122,falling,1,,,,,null,,,
2123,falling,1,,,,,null,,,
2124,falling,1,774,302,22912,93.73,sam2,0.0,0.0,0.0
2125,falling,1,,,,,null,,,
2126,falling,1,,,,,null,,,
2127,falling,1,,,,,null,,,
2128,falling,1,774,302,22861,93.52,sam2,0.0,0.0,0.0
2129,falling,1,,,,,null,,,
2130,falling,1,,,,,null,,,
2131,falling,1,,,,,null,,,
2132,falling,1,774,302,22801,93.28,sam2,0.0,0.0,0.0
2133,falling,1,,,,,null,,,
2134,falling,1,,,,,null,,,
2135,falling,1,,,,,null,,,
2136,falling,1,773,302,22752,93.08,sam2,1.0,749.192,13.378
2137,falling,1,,,,,null,,,
2138,falling,1,,,,,null,,,
2139,falling,1,,,,,null,,,
2140,falling,1,773,302,22736,93.01,sam2,0.0,0.0,0.0
2141,falling,1,,,,,null,,,
2142,falling,1,,,,,null,,,
2143,falling,1,,,,,null,,,
2144,falling,1,773,302,22732,93.0,sam2,0.0,0.0,0.0
2145,falling,1,,,,,null,,,
2146,falling,1,,,,,null,,,
2147,falling,1,,,,,null,,,
2148,falling,1,773,302,22768,93.14,sam2,0.0,0.0,0.0
2149,falling,1,,,,,null,,,
2150,falling,1,,,,,null,,,
2151,falling,1,,,,,null,,,
2152,falling,1,773,303,22757,93.1,sam2,1.0,749.192,13.378
2153,falling,1,,,,,null,,,
2154,falling,1,,,,,null,,,
2155,falling,1,,,,,null,,,
2156,falling,1,773,303,22744,93.05,sam2,0.0,0.0,0.0
2157,falling,1,,,,,null,,,
2158,falling,1,,,,,null,,,
2159,falling,1,,,,,null,,,
2160,falling,1,772,303,22708,92.9,sam2,1.0,749.192,13.378
2161,falling,1,,,,,null,,,
2162,falling,1,,,,,null,,,
2163,falling,1,,,,,null,,,
2164,falling,1,772,303,22713,92.92,sam2,0.0,0.0,0.0
2165,falling,1,,,,,null,,,
2166,falling,1,,,,,null,,,
2167,falling,1,,,,,null,,,
2168,falling,1,772,303,22669,92.74,sam2,0.0,0.0,0.0
2169,falling,1,,,,,null,,,
2170,falling,1,,,,,null,,,
2171,falling,1,,,,,null,,,
2172,falling,1,772,303,22665,92.72,sam2,0.0,0.0,0.0
2173,falling,1,,,,,null,,,
2174,falling,1,,,,,null,,,
2175,falling,1,,,,,null,,,
2176,falling,1,772,303,22663,92.71,sam2,0.0,0.0,0.0
2177,falling,1,,,,,null,,,
2178,falling,1,,,,,null,,,
2179,falling,1,,,,,null,,,
2180,falling,1,772,303,22595,92.44,sam2,0.0,0.0,0.0
2181,falling,1,,,,,null,,,
2182,falling,1,,,,,null,,,
2183,falling,1,,,,,null,,,
2184,falling,1,772,303,22564,92.31,sam2,0.0,0.0,0.0
2185,falling,1,,,,,null,,,
2186,falling,1,,,,,null,,,
2187,falling,1,,,,,null,,,
2188,falling,1,772,303,22535,92.19,sam2,0.0,0.0,0.0
2189,falling,1,,,,,null,,,
2190,falling,1,,,,,null,,,
2191,falling,1,,,,,null,,,
2192,falling,1,772,303,22519,92.12,sam2,0.0,0.0,0.0
2193,falling,1,,,,,null,,,
2194,falling,1,,,,,null,,,
2195,falling,1,,,,,null,,,
2196,falling,1,772,303,22454,91.86,sam2,0.0,0.0,0.0
2197,falling,1,,,,,null,,,
2198,falling,1,,,,,null,,,
2199,falling,1,,,,,null,,,
2200,falling,1,772,303,22455,91.86,sam2,0.0,0.0,0.0
2201,falling,1,,,,,null,,,
2202,falling,1,,,,,null,,,
2203,falling,1,,,,,null,,,
2204,falling,1,772,303,22484,91.98,sam2,0.0,0.0,0.0
2205,falling,1,,,,,null,,,
2206,falling,1,,,,,null,,,
2207,falling,1,,,,,null,,,
2208,falling,1,772,303,22485,91.99,sam2,0.0,0.0,0.0
2209,falling,1,,,,,null,,,
2210,falling,1,,,,,null,,,
2211,falling,1,,,,,null,,,
2212,falling,1,772,303,22504,92.06,sam2,0.0,0.0,0.0
2213,falling,1,,,,,null,,,
2214,falling,1,,,,,null,,,
2215,falling,1,,,,,null,,,
2216,falling,1,772,303,22495,92.03,sam2,0.0,0.0,0.0
2217,falling,1,,,,,null,,,
2218,falling,1,,,,,null,,,
2219,falling,1,,,,,null,,,
2220,falling,1,772,302,22487,91.99,sam2,1.0,749.192,13.378
2221,falling,1,,,,,null,,,
2222,falling,1,,,,,null,,,
2223,falling,1,,,,,null,,,
2224,falling,1,772,303,22495,92.03,sam2,1.0,749.192,13.378
2225,falling,1,,,,,null,,,
2226,falling,1,,,,,null,,,
2227,falling,1,,,,,null,,,
2228,falling,1,772,302,22505,92.07,sam2,1.0,749.192,13.378
2229,falling,1,,,,,null,,,
2230,falling,1,,,,,null,,,
2231,falling,1,,,,,null,,,
2232,falling,1,772,302,22509,92.08,sam2,0.0,0.0,0.0
2233,falling,1,,,,,null,,,
2234,falling,1,,,,,null,,,
2235,falling,1,,,,,null,,,
2236,falling,1,772,302,22534,92.19,sam2,0.0,0.0,0.0
2237,falling,1,,,,,null,,,
2238,falling,1,,,,,null,,,
2239,falling,1,,,,,null,,,
2240,falling,1,772,303,22578,92.37,sam2,1.0,749.192,13.378
2241,falling,1,,,,,null,,,
2242,falling,1,,,,,null,,,
2243,falling,1,,,,,null,,,
2244,falling,1,772,303,22579,92.37,sam2,0.0,0.0,0.0
2245,falling,1,,,,,null,,,
2246,falling,1,,,,,null,,,
2247,falling,1,,,,,null,,,
2248,falling,1,772,303,22601,92.46,sam2,0.0,0.0,0.0
2249,falling,1,,,,,null,,,
2250,falling,1,,,,,null,,,
2251,falling,1,,,,,null,,,
2252,falling,1,772,303,22619,92.53,sam2,0.0,0.0,0.0
2253,falling,1,,,,,null,,,
2254,falling,1,,,,,null,,,
2255,falling,1,,,,,null,,,
2256,falling,1,772,303,22648,92.65,sam2,0.0,0.0,0.0
2257,falling,1,,,,,null,,,
2258,falling,1,,,,,null,,,
2259,falling,1,,,,,null,,,
2260,falling,1,773,303,22644,92.64,sam2,1.0,749.192,13.378
2261,falling,1,,,,,null,,,
2262,falling,1,,,,,null,,,
2263,falling,1,,,,,null,,,
2264,falling,1,773,303,22680,92.78,sam2,0.0,0.0,0.0
2265,falling,1,,,,,null,,,
2266,falling,1,,,,,null,,,
2267,falling,1,,,,,null,,,
2268,falling,1,773,303,22670,92.74,sam2,0.0,0.0,0.0
2269,falling,1,,,,,null,,,
2270,falling,1,,,,,null,,,
2271,falling,1,,,,,null,,,
2272,falling,1,772,303,22693,92.84,sam2,1.0,749.192,13.378
2273,falling,1,,,,,null,,,
2274,falling,1,,,,,null,,,
2275,falling,1,,,,,null,,,
2276,falling,1,773,303,22664,92.72,sam2,1.0,749.192,13.378
2277,falling,1,,,,,null,,,
2278,falling,1,,,,,null,,,
2279,falling,1,,,,,null,,,
2280,falling,1,773,303,22634,92.6,sam2,0.0,0.0,0.0
2281,falling,1,,,,,null,,,
2282,falling,1,,,,,null,,,
2283,falling,1,,,,,null,,,
2284,falling,1,773,303,22648,92.65,sam2,0.0,0.0,0.0
2285,falling,1,,,,,null,,,
2286,falling,1,,,,,null,,,
2287,falling,1,,,,,null,,,
2288,falling,1,773,303,22670,92.74,sam2,0.0,0.0,0.0
2289,falling,1,,,,,null,,,
2290,falling,1,,,,,null,,,
2291,falling,1,,,,,null,,,
2292,falling,1,773,303,22668,92.73,sam2,0.0,0.0,0.0
2293,falling,1,,,,,null,,,
2294,falling,1,,,,,null,,,
2295,falling,1,,,,,null,,,
2296,falling,1,773,303,22685,92.8,sam2,0.0,0.0,0.0
2297,falling,1,,,,,null,,,
2298,falling,1,,,,,null,,,
2299,falling,1,,,,,null,,,
2300,falling,1,773,303,22692,92.83,sam2,0.0,0.0,0.0
2301,falling,1,,,,,null,,,
2302,falling,1,,,,,null,,,
2303,falling,1,,,,,null,,,
2304,falling,1,773,303,22695,92.84,sam2,0.0,0.0,0.0
2305,falling,1,,,,,null,,,
2306,falling,1,,,,,null,,,
2307,falling,1,,,,,null,,,
2308,falling,1,773,303,22699,92.86,sam2,0.0,0.0,0.0
2309,falling,1,,,,,null,,,
2310,falling,1,,,,,null,,,
2311,falling,1,,,,,null,,,
2312,falling,1,773,303,22669,92.74,sam2,0.0,0.0,0.0
2313,falling,1,,,,,null,,,
2314,falling,1,,,,,null,,,
2315,falling,1,,,,,null,,,
2316,falling,1,773,303,22664,92.72,sam2,0.0,0.0,0.0
2317,falling,1,,,,,null,,,
2318,falling,1,,,,,null,,,
2319,falling,1,,,,,null,,,
2320,falling,1,773,303,22705,92.89,sam2,0.0,0.0,0.0
2321,falling,1,,,,,null,,,
2322,falling,1,,,,,null,,,
2323,falling,1,,,,,null,,,
2324,falling,1,773,303,22675,92.76,sam2,0.0,0.0,0.0
2325,falling,1,,,,,null,,,
2326,falling,1,,,,,null,,,
2327,falling,1,,,,,null,,,
2328,falling,1,773,303,22674,92.76,sam2,0.0,0.0,0.0
2329,falling,1,,,,,null,,,
2330,falling,1,,,,,null,,,
2331,falling,1,,,,,null,,,
2332,falling,1,773,303,22680,92.78,sam2,0.0,0.0,0.0
2333,falling,1,,,,,null,,,
2334,falling,1,,,,,null,,,
2335,falling,1,,,,,null,,,
2336,falling,1,773,303,22703,92.88,sam2,0.0,0.0,0.0
2337,falling,1,,,,,null,,,
2338,falling,1,,,,,null,,,
2339,falling,1,,,,,null,,,
2340,falling,1,773,303,22702,92.87,sam2,0.0,0.0,0.0
2341,falling,1,,,,,null,,,
2342,falling,1,,,,,null,,,
2343,falling,1,,,,,null,,,
2344,falling,1,773,303,22678,92.78,sam2,0.0,0.0,0.0
2345,falling,1,,,,,null,,,
2346,falling,1,,,,,null,,,
2347,falling,1,,,,,null,,,
2348,falling,1,773,303,22694,92.84,sam2,0.0,0.0,0.0
2349,falling,1,,,,,null,,,
2350,falling,1,,,,,null,,,
2351,falling,1,,,,,null,,,
2352,falling,1,773,303,22681,92.79,sam2,0.0,0.0,0.0
2353,falling,1,,,,,null,,,
2354,falling,1,,,,,null,,,
2355,falling,1,,,,,null,,,
2356,falling,1,773,303,22704,92.88,sam2,0.0,0.0,0.0
2357,falling,1,,,,,null,,,
2358,falling,1,,,,,null,,,
2359,falling,1,,,,,null,,,
2360,falling,1,773,303,22693,92.84,sam2,0.0,0.0,0.0
2361,falling,1,,,,,null,,,
2362,falling,1,,,,,null,,,
2363,falling,1,,,,,null,,,
2364,falling,1,773,303,22652,92.67,sam2,0.0,0.0,0.0
2365,falling,1,,,,,null,,,
2366,falling,1,,,,,null,,,
2367,falling,1,,,,,null,,,
2368,falling,1,773,303,22639,92.62,sam2,0.0,0.0,0.0
2369,falling,1,,,,,null,,,
2370,falling,1,,,,,null,,,
2371,falling,1,,,,,null,,,
2372,falling,1,773,303,22673,92.75,sam2,0.0,0.0,0.0
2373,falling,1,,,,,null,,,
2374,falling,1,,,,,null,,,
2375,falling,1,,,,,null,,,
2376,falling,1,773,302,22633,92.59,sam2,1.0,749.192,13.378
2377,falling,1,,,,,null,,,
2378,falling,1,,,,,null,,,
2379,falling,1,,,,,null,,,
2380,falling,1,773,303,22671,92.75,sam2,1.0,749.192,13.378
2381,falling,1,,,,,null,,,
2382,falling,1,,,,,null,,,
2383,falling,1,,,,,null,,,
2384,falling,1,773,303,22656,92.69,sam2,0.0,0.0,0.0
2385,falling,1,,,,,null,,,
2386,falling,1,,,,,null,,,
2387,falling,1,,,,,null,,,
2388,falling,1,773,303,22637,92.61,sam2,0.0,0.0,0.0
2389,falling,1,,,,,null,,,
2390,falling,1,,,,,null,,,
2391,falling,1,,,,,null,,,
2392,falling,1,773,303,22640,92.62,sam2,0.0,0.0,0.0
2393,falling,1,,,,,null,,,
2394,falling,1,,,,,null,,,
2395,falling,1,,,,,null,,,
2396,falling,1,773,303,22637,92.61,sam2,0.0,0.0,0.0
2397,falling,1,,,,,null,,,
2398,falling,1,,,,,null,,,
2399,falling,1,,,,,null,,,
2400,falling,1,773,303,22621,92.54,sam2,0.0,0.0,0.0
2401,falling,1,,,,,null,,,
2402,falling,1,,,,,null,,,
2403,falling,1,,,,,null,,,
2404,falling,1,773,303,22614,92.51,sam2,0.0,0.0,0.0
2405,falling,1,,,,,null,,,
2406,falling,1,,,,,null,,,
2407,falling,1,,,,,null,,,
2408,falling,1,773,303,22634,92.6,sam2,0.0,0.0,0.0
2409,falling,1,,,,,null,,,
2410,falling,1,,,,,null,,,
2411,falling,1,,,,,null,,,
2412,falling,1,773,303,22615,92.52,sam2,0.0,0.0,0.0
2413,falling,1,,,,,null,,,
2414,falling,1,,,,,null,,,
2415,falling,1,,,,,null,,,
2416,falling,1,772,303,22632,92.59,sam2,1.0,749.192,13.378
2417,falling,1,,,,,null,,,
2418,falling,1,,,,,null,,,
2419,falling,1,,,,,null,,,
2420,falling,1,773,303,22647,92.65,sam2,1.0,749.192,13.378
2421,falling,1,,,,,null,,,
2422,falling,1,,,,,null,,,
2423,falling,1,,,,,null,,,
2424,falling,1,773,303,22612,92.51,sam2,0.0,0.0,0.0
2425,falling,1,,,,,null,,,
2426,falling,1,,,,,null,,,
2427,falling,1,,,,,null,,,
2428,falling,1,773,303,22641,92.62,sam2,0.0,0.0,0.0
2429,falling,1,,,,,null,,,
2430,falling,1,,,,,null,,,
2431,falling,1,,,,,null,,,
2432,falling,1,772,303,22595,92.44,sam2,1.0,749.192,13.378
2433,falling,1,,,,,null,,,
2434,falling,1,,,,,null,,,
2435,falling,1,,,,,null,,,
2436,falling,1,772,303,22616,92.52,sam2,0.0,0.0,0.0
2437,falling,1,,,,,null,,,
2438,falling,1,,,,,null,,,
2439,falling,1,,,,,null,,,
2440,falling,1,772,303,22635,92.6,sam2,0.0,0.0,0.0
2441,falling,1,,,,,null,,,
2442,falling,1,,,,,null,,,
2443,falling,1,,,,,null,,,
2444,falling,1,772,303,22633,92.59,sam2,0.0,0.0,0.0
2445,falling,1,,,,,null,,,
2446,falling,1,,,,,null,,,
2447,falling,1,,,,,null,,,
2448,falling,1,772,303,22620,92.54,sam2,0.0,0.0,0.0
2449,falling,1,,,,,null,,,
2450,falling,1,,,,,null,,,
2451,falling,1,,,,,null,,,
2452,falling,1,772,303,22634,92.6,sam2,0.0,0.0,0.0
2453,falling,1,,,,,null,,,
2454,falling,1,,,,,null,,,
2455,falling,1,,,,,null,,,
2456,falling,1,772,302,22598,92.45,sam2,1.0,749.192,13.378
2457,falling,1,,,,,null,,,
2458,falling,1,,,,,null,,,
2459,falling,1,,,,,null,,,
2460,falling,1,772,303,22613,92.51,sam2,1.0,749.192,13.378
2461,falling,1,,,,,null,,,
2462,falling,1,,,,,null,,,
2463,falling,1,,,,,null,,,
2464,falling,1,772,303,22631,92.58,sam2,0.0,0.0,0.0
2465,falling,1,,,,,null,,,
2466,falling,1,,,,,null,,,
2467,falling,1,,,,,null,,,
2468,falling,1,773,303,22630,92.58,sam2,1.0,749.192,13.378
2469,falling,1,,,,,null,,,
2470,falling,1,,,,,null,,,
2471,falling,1,,,,,null,,,
2472,falling,1,772,303,22640,92.62,sam2,1.0,749.192,13.378
2473,falling,1,,,,,null,,,
2474,falling,1,,,,,null,,,
2475,falling,1,,,,,null,,,
2476,falling,1,772,303,22616,92.52,sam2,0.0,0.0,0.0
2477,falling,1,,,,,null,,,
2478,falling,1,,,,,null,,,
2479,falling,1,,,,,null,,,
2480,falling,1,773,303,22649,92.66,sam2,1.0,749.192,13.378
2481,falling,1,,,,,null,,,
2482,falling,1,,,,,null,,,
2483,falling,1,,,,,null,,,
2484,falling,1,773,303,22616,92.52,sam2,0.0,0.0,0.0
2485,falling,1,,,,,null,,,
2486,falling,1,,,,,null,,,
2487,falling,1,,,,,null,,,
2488,falling,1,772,303,22634,92.6,sam2,1.0,749.192,13.378
2489,falling,1,,,,,null,,,
2490,falling,1,,,,,null,,,
2491,falling,1,,,,,null,,,
2492,falling,1,773,303,22626,92.56,sam2,1.0,749.192,13.378
2493,falling,1,,,,,null,,,
2494,falling,1,,,,,null,,,
2495,falling,1,,,,,null,,,
2496,falling,1,773,303,22636,92.6,sam2,0.0,0.0,0.0
2497,falling,1,,,,,null,,,
2498,falling,1,,,,,null,,,
2499,falling,1,,,,,null,,,
2500,falling,1,773,303,22640,92.62,sam2,0.0,0.0,0.0
2501,falling,1,,,,,null,,,
2502,falling,1,,,,,null,,,
2503,falling,1,,,,,null,,,
2504,falling,1,773,303,22640,92.62,sam2,0.0,0.0,0.0
2505,falling,1,,,,,null,,,
2506,falling,1,,,,,null,,,
2507,falling,1,,,,,null,,,
2508,falling,1,773,303,22620,92.54,sam2,0.0,0.0,0.0
2509,falling,1,,,,,null,,,
2510,falling,1,,,,,null,,,
2511,falling,1,,,,,null,,,
2512,falling,1,773,302,22620,92.54,sam2,1.0,749.192,13.378
2513,falling,1,,,,,null,,,
2514,falling,1,,,,,null,,,
2515,falling,1,,,,,null,,,
2516,falling,1,773,303,22642,92.63,sam2,1.0,749.192,13.378
2517,falling,1,,,,,null,,,
2518,falling,1,,,,,null,,,
2519,falling,1,,,,,null,,,
2520,falling,1,773,303,22656,92.69,sam2,0.0,0.0,0.0
2521,falling,1,,,,,null,,,
2522,falling,1,,,,,null,,,
2523,falling,1,,,,,null,,,
2524,falling,1,772,303,22648,92.65,sam2,1.0,749.192,13.378
2525,falling,1,,,,,null,,,
2526,falling,1,,,,,null,,,
2527,falling,1,,,,,null,,,
2528,falling,1,773,303,22644,92.64,sam2,1.0,749.192,13.378
2529,falling,1,,,,,null,,,
2530,falling,1,,,,,null,,,
2531,falling,1,,,,,null,,,
2532,falling,1,773,303,22661,92.71,sam2,0.0,0.0,0.0
2533,falling,1,,,,,null,,,
2534,falling,1,,,,,null,,,
2535,falling,1,,,,,null,,,
2536,falling,1,773,303,22659,92.7,sam2,0.0,0.0,0.0
2537,falling,1,,,,,null,,,
2538,falling,1,,,,,null,,,
2539,falling,1,,,,,null,,,
2540,falling,1,773,303,22626,92.56,sam2,0.0,0.0,0.0
2541,falling,1,,,,,null,,,
2542,falling,1,,,,,null,,,
2543,falling,1,,,,,null,,,
2544,falling,1,773,303,22616,92.52,sam2,0.0,0.0,0.0
2545,falling,1,,,,,null,,,
2546,falling,1,,,,,null,,,
2547,falling,1,,,,,null,,,
2548,falling,1,773,303,22627,92.57,sam2,0.0,0.0,0.0
2549,falling,1,,,,,null,,,
2550,falling,1,,,,,null,,,
2551,falling,1,,,,,null,,,
2552,falling,1,773,303,22662,92.71,sam2,0.0,0.0,0.0
2553,falling,1,,,,,null,,,
2554,falling,1,,,,,null,,,
2555,falling,1,,,,,null,,,
2556,falling,1,773,303,22640,92.62,sam2,0.0,0.0,0.0
2557,falling,1,,,,,null,,,
2558,falling,1,,,,,null,,,
2559,falling,1,,,,,null,,,
2560,falling,1,773,303,22640,92.62,sam2,0.0,0.0,0.0
2561,falling,1,,,,,null,,,
2562,falling,1,,,,,null,,,
2563,falling,1,,,,,null,,,
2564,falling,1,773,303,22634,92.6,sam2,0.0,0.0,0.0
2565,falling,1,,,,,null,,,
2566,falling,1,,,,,null,,,
2567,falling,1,,,,,null,,,
2568,falling,1,773,303,22619,92.53,sam2,0.0,0.0,0.0
2569,falling,1,,,,,null,,,
2570,falling,1,,,,,null,,,
2571,falling,1,,,,,null,,,
2572,falling,1,773,303,22624,92.55,sam2,0.0,0.0,0.0
2573,falling,1,,,,,null,,,
2574,falling,1,,,,,null,,,
2575,falling,1,,,,,null,,,
2576,falling,1,773,303,22651,92.66,sam2,0.0,0.0,0.0
2577,falling,1,,,,,null,,,
2578,falling,1,,,,,null,,,
2579,falling,1,,,,,null,,,
2580,falling,1,773,303,22641,92.62,sam2,0.0,0.0,0.0
2581,falling,1,,,,,null,,,
2582,falling,1,,,,,null,,,
2583,falling,1,,,,,null,,,
2584,falling,1,773,303,22623,92.55,sam2,0.0,0.0,0.0
2585,falling,1,,,,,null,,,
2586,falling,1,,,,,null,,,
2587,falling,1,,,,,null,,,
2588,falling,1,773,303,22605,92.48,sam2,0.0,0.0,0.0
2589,falling,1,,,,,null,,,
2590,falling,1,,,,,null,,,
2591,falling,1,,,,,null,,,
2592,falling,1,773,303,22633,92.59,sam2,0.0,0.0,0.0
2593,falling,1,,,,,null,,,
2594,falling,1,,,,,null,,,
2595,falling,1,,,,,null,,,
2596,falling,1,773,303,22628,92.57,sam2,0.0,0.0,0.0
2597,falling,1,,,,,null,,,
2598,falling,1,,,,,null,,,
2599,falling,1,,,,,null,,,
2600,falling,1,772,303,22616,92.52,sam2,1.0,749.192,13.378
2601,falling,1,,,,,null,,,
2602,falling,1,,,,,null,,,
2603,falling,1,,,,,null,,,
2604,falling,1,772,303,22608,92.49,sam2,0.0,0.0,0.0
2605,falling,1,,,,,null,,,
2606,falling,1,,,,,null,,,
2607,falling,1,,,,,null,,,
2608,falling,1,772,303,22662,92.71,sam2,0.0,0.0,0.0
2609,falling,1,,,,,null,,,
2610,falling,1,,,,,null,,,
2611,falling,1,,,,,null,,,
2612,falling,1,773,303,22625,92.56,sam2,1.0,749.192,13.378
2613,falling,1,,,,,null,,,
2614,falling,1,,,,,null,,,
2615,falling,1,,,,,null,,,
2616,falling,1,773,303,22628,92.57,sam2,0.0,0.0,0.0
2617,falling,1,,,,,null,,,
2618,falling,1,,,,,null,,,
2619,falling,1,,,,,null,,,
2620,falling,1,773,303,22637,92.61,sam2,0.0,0.0,0.0
2621,falling,1,,,,,null,,,
2622,falling,1,,,,,null,,,
2623,falling,1,,,,,null,,,
2624,falling,1,772,303,22638,92.61,sam2,1.0,749.192,13.378
2625,falling,1,,,,,null,,,
2626,falling,1,,,,,null,,,
2627,falling,1,,,,,null,,,
2628,falling,1,773,303,22621,92.54,sam2,1.0,749.192,13.378
2629,falling,1,,,,,null,,,
2630,falling,1,,,,,null,,,
2631,falling,1,,,,,null,,,
2632,falling,1,773,302,22611,92.5,sam2,1.0,749.192,13.378
2633,falling,1,,,,,null,,,
2634,falling,1,,,,,null,,,
2635,falling,1,,,,,null,,,
2636,falling,1,772,303,22625,92.56,sam2,1.414,1059.517,18.92
2637,falling,1,,,,,null,,,
2638,falling,1,,,,,null,,,
2639,falling,1,,,,,null,,,
2640,falling,1,773,303,22622,92.55,sam2,1.0,749.192,13.378
2641,falling,1,,,,,null,,,
2642,falling,1,,,,,null,,,
2643,falling,1,,,,,null,,,
2644,falling,1,773,303,22633,92.59,sam2,0.0,0.0,0.0
2645,falling,1,,,,,null,,,
2646,falling,1,,,,,null,,,
2647,falling,1,,,,,null,,,
2648,falling,1,772,303,22635,92.6,sam2,1.0,749.192,13.378
2649,falling,1,,,,,null,,,
2650,falling,1,,,,,null,,,
2651,falling,1,,,,,null,,,
2652,falling,1,773,303,22621,92.54,sam2,1.0,749.192,13.378
2653,falling,1,,,,,null,,,
2654,falling,1,,,,,null,,,
2655,falling,1,,,,,null,,,
2656,falling,1,772,303,22609,92.49,sam2,1.0,749.192,13.378
2657,falling,1,,,,,null,,,
2658,falling,1,,,,,null,,,
2659,falling,1,,,,,null,,,
2660,falling,1,773,303,22628,92.57,sam2,1.0,749.192,13.378
2661,falling,1,,,,,null,,,
2662,falling,1,,,,,null,,,
2663,falling,1,,,,,null,,,
2664,falling,1,772,303,22638,92.61,sam2,1.0,749.192,13.378
2665,falling,1,,,,,null,,,
2666,falling,1,,,,,null,,,
2667,falling,1,,,,,null,,,
2668,falling,1,772,303,22636,92.6,sam2,0.0,0.0,0.0
2669,falling,1,,,,,null,,,
2670,falling,1,,,,,null,,,
2671,falling,1,,,,,null,,,
2672,falling,1,772,303,22614,92.51,sam2,0.0,0.0,0.0
2673,falling,1,,,,,null,,,
2674,falling,1,,,,,null,,,
2675,falling,1,,,,,null,,,
2676,falling,1,772,303,22636,92.6,sam2,0.0,0.0,0.0
2677,falling,1,,,,,null,,,
2678,falling,1,,,,,null,,,
2679,falling,1,,,,,null,,,
2680,falling,1,772,303,22623,92.55,sam2,0.0,0.0,0.0
2681,falling,1,,,,,null,,,
2682,falling,1,,,,,null,,,
2683,falling,1,,,,,null,,,
2684,falling,1,772,303,22638,92.61,sam2,0.0,0.0,0.0
2685,falling,1,,,,,null,,,
2686,falling,1,,,,,null,,,
2687,falling,1,,,,,null,,,
2688,falling,1,772,303,22652,92.67,sam2,0.0,0.0,0.0
2689,falling,1,,,,,null,,,
2690,falling,1,,,,,null,,,
2691,falling,1,,,,,null,,,
2692,falling,1,773,303,22612,92.51,sam2,1.0,749.192,13.378
2693,falling,1,,,,,null,,,
2694,falling,1,,,,,null,,,
2695,falling,1,,,,,null,,,
2696,falling,1,772,303,22634,92.6,sam2,1.0,749.192,13.378
2697,falling,1,,,,,null,,,
2698,falling,1,,,,,null,,,
2699,falling,1,,,,,null,,,
2700,falling,1,773,303,22634,92.6,sam2,1.0,749.192,13.378
2701,falling,1,,,,,null,,,
2702,falling,1,,,,,null,,,
2703,falling,1,,,,,null,,,
2704,falling,1,773,303,22643,92.63,sam2,0.0,0.0,0.0
2705,falling,1,,,,,null,,,
2706,falling,1,,,,,null,,,
2707,falling,1,,,,,null,,,
2708,falling,1,773,303,22648,92.65,sam2,0.0,0.0,0.0
2709,falling,1,,,,,null,,,
2710,falling,1,,,,,null,,,
2711,falling,1,,,,,null,,,
2712,falling,1,773,303,22619,92.53,sam2,0.0,0.0,0.0
2713,falling,1,,,,,null,,,
2714,falling,1,,,,,null,,,
2715,falling,1,,,,,null,,,
2716,falling,1,772,303,22623,92.55,sam2,1.0,749.192,13.378
2717,falling,1,,,,,null,,,
2718,falling,1,,,,,null,,,
2719,falling,1,,,,,null,,,
2720,falling,1,773,303,22618,92.53,sam2,1.0,749.192,13.378
2721,falling,1,,,,,null,,,
2722,falling,1,,,,,null,,,
2723,falling,1,,,,,null,,,
2724,falling,1,773,303,22629,92.57,sam2,0.0,0.0,0.0
2725,falling,1,,,,,null,,,
2726,falling,1,,,,,null,,,
2727,falling,1,,,,,null,,,
2728,falling,1,773,303,22627,92.57,sam2,0.0,0.0,0.0
2729,falling,1,,,,,null,,,
2730,falling,1,,,,,null,,,
2731,falling,1,,,,,null,,,
2732,falling,1,773,303,22623,92.55,sam2,0.0,0.0,0.0
2733,falling,1,,,,,null,,,
2734,falling,1,,,,,null,,,
2735,falling,1,,,,,null,,,
2736,falling,1,773,302,22623,92.55,sam2,1.0,749.192,13.378
2737,falling,1,,,,,null,,,
2738,falling,1,,,,,null,,,
2739,falling,1,,,,,null,,,
2740,falling,1,773,302,22626,92.56,sam2,0.0,0.0,0.0
2741,falling,1,,,,,null,,,
2742,falling,1,,,,,null,,,
2743,falling,1,,,,,null,,,
2744,falling,1,773,303,22631,92.58,sam2,1.0,749.192,13.378
2745,falling,1,,,,,null,,,
2746,falling,1,,,,,null,,,
2747,falling,1,,,,,null,,,
2748,falling,1,773,302,22637,92.61,sam2,1.0,749.192,13.378
2749,falling,1,,,,,null,,,
2750,falling,1,,,,,null,,,
2751,falling,1,,,,,null,,,
2752,falling,1,773,303,22651,92.66,sam2,1.0,749.192,13.378
2753,falling,1,,,,,null,,,
2754,falling,1,,,,,null,,,
2755,falling,1,,,,,null,,,
2756,falling,1,773,303,22615,92.52,sam2,0.0,0.0,0.0
2757,falling,1,,,,,null,,,
2758,falling,1,,,,,null,,,
2759,falling,1,,,,,null,,,
2760,falling,1,773,303,22635,92.6,sam2,0.0,0.0,0.0
2761,falling,1,,,,,null,,,
2762,falling,1,,,,,null,,,
2763,falling,1,,,,,null,,,
2764,falling,1,773,303,22624,92.55,sam2,0.0,0.0,0.0
2765,falling,1,,,,,null,,,
2766,falling,1,,,,,null,,,
2767,falling,1,,,,,null,,,
2768,falling,1,773,303,22621,92.54,sam2,0.0,0.0,0.0
2769,falling,1,,,,,null,,,
2770,falling,1,,,,,null,,,
2771,falling,1,,,,,null,,,
2772,falling,1,773,303,22630,92.58,sam2,0.0,0.0,0.0
2773,falling,1,,,,,null,,,
2774,falling,1,,,,,null,,,
2775,falling,1,,,,,null,,,
2776,falling,1,773,303,22636,92.6,sam2,0.0,0.0,0.0
2777,falling,1,,,,,null,,,
2778,falling,1,,,,,null,,,
2779,falling,1,,,,,null,,,
2780,falling,1,773,303,22657,92.69,sam2,0.0,0.0,0.0
2781,falling,1,,,,,null,,,
2782,falling,1,,,,,null,,,
2783,falling,1,,,,,null,,,
2784,falling,1,773,303,22648,92.65,sam2,0.0,0.0,0.0
2785,falling,1,,,,,null,,,
2786,falling,1,,,,,null,,,
2787,falling,1,,,,,null,,,
2788,falling,1,773,303,22627,92.57,sam2,0.0,0.0,0.0
2789,falling,1,,,,,null,,,
2790,falling,1,,,,,null,,,
2791,falling,1,,,,,null,,,
2792,falling,1,773,303,22645,92.64,sam2,0.0,0.0,0.0
2793,falling,1,,,,,null,,,
2794,falling,1,,,,,null,,,
2795,falling,1,,,,,null,,,
2796,falling,1,773,303,22643,92.63,sam2,0.0,0.0,0.0
2797,falling,1,,,,,null,,,
2798,falling,1,,,,,null,,,
2799,falling,1,,,,,null,,,
2800,falling,1,773,303,22604,92.47,sam2,0.0,0.0,0.0
2801,falling,1,,,,,null,,,
2802,falling,1,,,,,null,,,
2803,falling,1,,,,,null,,,
2804,falling,1,773,303,22632,92.59,sam2,0.0,0.0,0.0
2805,falling,1,,,,,null,,,
2806,falling,1,,,,,null,,,
2807,falling,1,,,,,null,,,
2808,falling,1,773,303,22637,92.61,sam2,0.0,0.0,0.0
2809,falling,1,,,,,null,,,
2810,falling,1,,,,,null,,,
2811,falling,1,,,,,null,,,
2812,falling,1,773,303,22634,92.6,sam2,0.0,0.0,0.0
2813,falling,1,,,,,null,,,
2814,falling,1,,,,,null,,,
2815,falling,1,,,,,null,,,
2816,falling,1,773,303,22631,92.58,sam2,0.0,0.0,0.0
2817,falling,1,,,,,null,,,
2818,falling,1,,,,,null,,,
2819,falling,1,,,,,null,,,
2820,falling,1,773,303,22606,92.48,sam2,0.0,0.0,0.0
2821,falling,1,,,,,null,,,
2822,falling,1,,,,,null,,,
2823,falling,1,,,,,null,,,
2824,falling,1,773,303,22625,92.56,sam2,0.0,0.0,0.0
2825,falling,1,,,,,null,,,
2826,falling,1,,,,,null,,,
2827,falling,1,,,,,null,,,
2828,falling,1,773,303,22630,92.58,sam2,0.0,0.0,0.0
2829,falling,1,,,,,null,,,
2830,falling,1,,,,,null,,,
2831,falling,1,,,,,null,,,
2832,falling,1,773,303,22618,92.53,sam2,0.0,0.0,0.0
2833,falling,1,,,,,null,,,
2834,falling,1,,,,,null,,,
2835,falling,1,,,,,null,,,
2836,falling,1,773,303,22631,92.58,sam2,0.0,0.0,0.0
2837,falling,1,,,,,null,,,
2838,falling,1,,,,,null,,,
2839,falling,1,,,,,null,,,
2840,falling,1,772,303,22630,92.58,sam2,1.0,749.192,13.378
2841,falling,1,,,,,null,,,
2842,falling,1,,,,,null,,,
2843,falling,1,,,,,null,,,
2844,falling,1,773,303,22625,92.56,sam2,1.0,749.192,13.378
2845,falling,1,,,,,null,,,
2846,falling,1,,,,,null,,,
2847,falling,1,,,,,null,,,
2848,falling,1,773,303,22626,92.56,sam2,0.0,0.0,0.0
2849,falling,1,,,,,null,,,
2850,falling,1,,,,,null,,,
2851,falling,1,,,,,null,,,
2852,falling,1,773,303,22630,92.58,sam2,0.0,0.0,0.0
2853,falling,1,,,,,null,,,
2854,falling,1,,,,,null,,,
2855,falling,1,,,,,null,,,
2856,falling,1,773,303,22646,92.64,sam2,0.0,0.0,0.0
2857,falling,1,,,,,null,,,
2858,falling,1,,,,,null,,,
2859,falling,1,,,,,null,,,
2860,falling,1,772,303,22649,92.66,sam2,1.0,749.192,13.378
2861,falling,1,,,,,null,,,
2862,falling,1,,,,,null,,,
2863,falling,1,,,,,null,,,
2864,falling,1,773,303,22632,92.59,sam2,1.0,749.192,13.378
2865,falling,1,,,,,null,,,
2866,falling,1,,,,,null,,,
2867,falling,1,,,,,null,,,
2868,falling,1,773,303,22631,92.58,sam2,0.0,0.0,0.0
2869,falling,1,,,,,null,,,
2870,falling,1,,,,,null,,,
2871,falling,1,,,,,null,,,
2872,falling,1,773,303,22635,92.6,sam2,0.0,0.0,0.0
2873,falling,1,,,,,null,,,
2874,falling,1,,,,,null,,,
2875,falling,1,,,,,null,,,
2876,falling,1,773,303,22614,92.51,sam2,0.0,0.0,0.0
2877,falling,1,,,,,null,,,
2878,falling,1,,,,,null,,,
2879,falling,1,,,,,null,,,
2880,falling,1,773,302,22610,92.5,sam2,1.0,749.192,13.378
2881,falling,1,,,,,null,,,
2882,falling,1,,,,,null,,,
2883,falling,1,,,,,null,,,
2884,falling,1,773,303,22656,92.69,sam2,1.0,749.192,13.378
2885,falling,1,,,,,null,,,
2886,falling,1,,,,,null,,,
2887,falling,1,,,,,null,,,
2888,falling,1,772,303,22636,92.6,sam2,1.0,749.192,13.378
2889,falling,1,,,,,null,,,
2890,falling,1,,,,,null,,,
2891,falling,1,,,,,null,,,
2892,falling,1,773,303,22649,92.66,sam2,1.0,749.192,13.378
2893,falling,1,,,,,null,,,
2894,falling,1,,,,,null,,,
2895,falling,1,,,,,null,,,
2896,falling,1,773,303,22662,92.71,sam2,0.0,0.0,0.0
2897,falling,1,,,,,null,,,
2898,falling,1,,,,,null,,,
2899,falling,1,,,,,null,,,
2900,falling,1,773,303,22653,92.67,sam2,0.0,0.0,0.0
2901,falling,1,,,,,null,,,
2902,falling,1,,,,,null,,,
2903,falling,1,,,,,null,,,
2904,falling,1,773,303,22667,92.73,sam2,0.0,0.0,0.0
2905,falling,1,,,,,null,,,
2906,falling,1,,,,,null,,,
2907,falling,1,,,,,null,,,
2908,falling,1,773,303,22635,92.6,sam2,0.0,0.0,0.0
2909,falling,1,,,,,null,,,
2910,falling,1,,,,,null,,,
2911,falling,1,,,,,null,,,
2912,falling,1,773,303,22626,92.56,sam2,0.0,0.0,0.0
2913,falling,1,,,,,null,,,
2914,falling,1,,,,,null,,,
2915,falling,1,,,,,null,,,
2916,falling,1,773,303,22648,92.65,sam2,0.0,0.0,0.0
2917,falling,1,,,,,null,,,
2918,falling,1,,,,,null,,,
2919,falling,1,,,,,null,,,
2920,falling,1,773,303,22651,92.66,sam2,0.0,0.0,0.0
2921,falling,1,,,,,null,,,
2922,falling,1,,,,,null,,,
2923,falling,1,,,,,null,,,
2924,falling,1,773,303,22661,92.71,sam2,0.0,0.0,0.0
2925,falling,1,,,,,null,,,
2926,falling,1,,,,,null,,,
2927,falling,1,,,,,null,,,
2928,falling,1,773,303,22659,92.7,sam2,0.0,0.0,0.0
2929,falling,1,,,,,null,,,
2930,falling,1,,,,,null,,,
2931,falling,1,,,,,null,,,
2932,falling,1,773,303,22622,92.55,sam2,0.0,0.0,0.0
2933,falling,1,,,,,null,,,
2934,falling,1,,,,,null,,,
2935,falling,1,,,,,null,,,
2936,falling,1,773,303,22637,92.61,sam2,0.0,0.0,0.0
2937,falling,1,,,,,null,,,
2938,falling,1,,,,,null,,,
2939,falling,1,,,,,null,,,
2940,falling,1,773,303,22662,92.71,sam2,0.0,0.0,0.0
2941,falling,1,,,,,null,,,
2942,falling,1,,,,,null,,,
2943,falling,1,,,,,null,,,
2944,falling,1,773,303,22642,92.63,sam2,0.0,0.0,0.0
2945,falling,1,,,,,null,,,
2946,falling,1,,,,,null,,,
2947,falling,1,,,,,null,,,
2948,falling,1,773,303,22631,92.58,sam2,0.0,0.0,0.0
2949,falling,1,,,,,null,,,
2950,falling,1,,,,,null,,,
2951,falling,1,,,,,null,,,
2952,falling,1,773,303,22647,92.65,sam2,0.0,0.0,0.0
2953,falling,1,,,,,null,,,
2954,falling,1,,,,,null,,,
2955,falling,1,,,,,null,,,
2956,falling,1,773,303,22655,92.68,sam2,0.0,0.0,0.0
2957,falling,1,,,,,null,,,
2958,falling,1,,,,,null,,,
2959,falling,1,,,,,null,,,
2960,falling,1,773,303,22639,92.62,sam2,0.0,0.0,0.0
2961,falling,1,,,,,null,,,
2962,falling,1,,,,,null,,,
2963,falling,1,,,,,null,,,
2964,falling,1,773,303,22639,92.62,sam2,0.0,0.0,0.0
2965,falling,1,,,,,null,,,
2966,falling,1,,,,,null,,,
2967,falling,1,,,,,null,,,
2968,falling,1,773,303,22665,92.72,sam2,0.0,0.0,0.0
2969,falling,1,,,,,null,,,
2970,falling,1,,,,,null,,,
2971,falling,1,,,,,null,,,
2972,falling,1,773,303,22669,92.74,sam2,0.0,0.0,0.0
2973,falling,1,,,,,null,,,
2974,falling,1,,,,,null,,,
2975,falling,1,,,,,null,,,
2976,falling,1,773,303,22668,92.73,sam2,0.0,0.0,0.0
2977,falling,1,,,,,null,,,
2978,falling,1,,,,,null,,,
2979,falling,1,,,,,null,,,
2980,falling,1,773,303,22655,92.68,sam2,0.0,0.0,0.0
2981,falling,1,,,,,null,,,
2982,falling,1,,,,,null,,,
2983,falling,1,,,,,null,,,
2984,falling,1,773,302,22617,92.53,sam2,1.0,749.192,13.378
2985,falling,1,,,,,null,,,
2986,falling,1,,,,,null,,,
2987,falling,1,,,,,null,,,
2988,falling,1,773,303,22645,92.64,sam2,1.0,749.192,13.378
2989,falling,1,,,,,null,,,
2990,falling,1,,,,,null,,,
2991,falling,1,,,,,null,,,
2992,falling,1,773,303,22647,92.65,sam2,0.0,0.0,0.0
2993,falling,1,,,,,null,,,
2994,falling,1,,,,,null,,,
2995,falling,1,,,,,null,,,
2996,falling,1,773,303,22644,92.64,sam2,0.0,0.0,0.0
2997,falling,1,,,,,null,,,
2998,falling,1,,,,,null,,,
2999,falling,1,,,,,null,,,
3000,falling,1,773,303,22629,92.57,sam2,0.0,0.0,0.0
3001,falling,1,,,,,null,,,
3002,falling,1,,,,,null,,,
3003,falling,1,,,,,null,,,
3004,falling,1,773,302,22637,92.61,sam2,1.0,749.192,13.378
3005,falling,1,,,,,null,,,
3006,falling,1,,,,,null,,,
3007,falling,1,,,,,null,,,
3008,falling,1,773,303,22625,92.56,sam2,1.0,749.192,13.378
3009,falling,1,,,,,null,,,
3010,falling,1,,,,,null,,,
3011,falling,1,,,,,null,,,
3012,falling,1,773,303,22642,92.63,sam2,0.0,0.0,0.0
3013,falling,1,,,,,null,,,
3014,falling,1,,,,,null,,,
3015,falling,1,,,,,null,,,
3016,falling,1,773,303,22642,92.63,sam2,0.0,0.0,0.0
3017,falling,1,,,,,null,,,
3018,falling,1,,,,,null,,,
3019,falling,1,,,,,null,,,
3020,falling,1,773,303,22638,92.61,sam2,0.0,0.0,0.0
3021,falling,1,,,,,null,,,
3022,falling,1,,,,,null,,,
3023,falling,1,,,,,null,,,
3024,falling,1,773,303,22598,92.45,sam2,0.0,0.0,0.0
3025,falling,1,,,,,null,,,
3026,falling,1,,,,,null,,,
3027,falling,1,,,,,null,,,
3028,falling,1,773,303,22613,92.51,sam2,0.0,0.0,0.0
3029,falling,1,,,,,null,,,
3030,falling,1,,,,,null,,,
3031,falling,1,,,,,null,,,
3032,falling,1,773,303,22635,92.6,sam2,0.0,0.0,0.0
3033,falling,1,,,,,null,,,
3034,falling,1,,,,,null,,,
3035,falling,1,,,,,null,,,
3036,falling,1,773,303,22615,92.52,sam2,0.0,0.0,0.0
3037,falling,1,,,,,null,,,
3038,falling,1,,,,,null,,,
3039,falling,1,,,,,null,,,
3040,falling,1,772,303,22610,92.5,sam2,1.0,749.192,13.378
3041,falling,1,,,,,null,,,
3042,falling,1,,,,,null,,,
3043,falling,1,,,,,null,,,
3044,falling,1,772,303,22611,92.5,sam2,0.0,0.0,0.0
3045,falling,1,,,,,null,,,
3046,falling,1,,,,,null,,,
3047,falling,1,,,,,null,,,
3048,falling,1,773,303,22621,92.54,sam2,1.0,749.192,13.378
3049,falling,1,,,,,null,,,
3050,falling,1,,,,,null,,,
3051,falling,1,,,,,null,,,
3052,falling,1,773,303,22637,92.61,sam2,0.0,0.0,0.0
3053,falling,1,,,,,null,,,
3054,falling,1,,,,,null,,,
3055,falling,1,,,,,null,,,
3056,falling,1,773,303,22641,92.62,sam2,0.0,0.0,0.0
3057,falling,1,,,,,null,,,
3058,falling,1,,,,,null,,,
3059,falling,1,,,,,null,,,
3060,falling,1,772,302,22600,92.46,sam2,1.414,1059.517,18.92
3061,falling,1,,,,,null,,,
3062,falling,1,,,,,null,,,
3063,falling,1,,,,,null,,,
3064,falling,1,773,303,22629,92.57,sam2,1.414,1059.517,18.92
3065,falling,1,,,,,null,,,
3066,falling,1,,,,,null,,,
3067,falling,1,,,,,null,,,
3068,falling,1,772,303,22632,92.59,sam2,1.0,749.192,13.378
3069,falling,1,,,,,null,,,
3070,falling,1,,,,,null,,,
3071,falling,1,,,,,null,,,
3072,falling,1,773,303,22616,92.52,sam2,1.0,749.192,13.378
3073,falling,1,,,,,null,,,
3074,falling,1,,,,,null,,,
3075,falling,1,,,,,null,,,
3076,falling,1,773,303,22619,92.53,sam2,0.0,0.0,0.0
3077,falling,1,,,,,null,,,
3078,falling,1,,,,,null,,,
3079,falling,1,,,,,null,,,
3080,falling,1,773,303,22629,92.57,sam2,0.0,0.0,0.0
3081,falling,1,,,,,null,,,
3082,falling,1,,,,,null,,,
3083,falling,1,,,,,null,,,
3084,falling,1,773,303,22653,92.67,sam2,0.0,0.0,0.0
3085,falling,1,,,,,null,,,
3086,falling,1,,,,,null,,,
3087,falling,1,,,,,null,,,
3088,falling,1,773,303,22623,92.55,sam2,0.0,0.0,0.0
3089,falling,1,,,,,null,,,
3090,falling,1,,,,,null,,,
3091,falling,1,,,,,null,,,
3092,falling,1,772,303,22655,92.68,sam2,1.0,749.192,13.378
3093,falling,1,,,,,null,,,
3094,falling,1,,,,,null,,,
3095,falling,1,,,,,null,,,
3096,falling,1,773,302,22586,92.4,sam2,1.414,1059.517,18.92
3097,falling,1,,,,,null,,,
3098,falling,1,,,,,null,,,
3099,falling,1,,,,,null,,,
3100,falling,1,773,302,22630,92.58,sam2,0.0,0.0,0.0
3101,falling,1,,,,,null,,,
3102,falling,1,,,,,null,,,
3103,falling,1,,,,,null,,,
3104,falling,1,773,302,22636,92.6,sam2,0.0,0.0,0.0
3105,falling,1,,,,,null,,,
3106,falling,1,,,,,null,,,
3107,falling,1,,,,,null,,,
3108,falling,1,773,302,22632,92.59,sam2,0.0,0.0,0.0
3109,falling,1,,,,,null,,,
3110,falling,1,,,,,null,,,
3111,falling,1,,,,,null,,,
3112,falling,1,773,302,22626,92.56,sam2,0.0,0.0,0.0
3113,falling,1,,,,,null,,,
3114,falling,1,,,,,null,,,
3115,falling,1,,,,,null,,,
3116,falling,1,773,302,22614,92.51,sam2,0.0,0.0,0.0
3117,falling,1,,,,,null,,,
3118,falling,1,,,,,null,,,
3119,falling,1,,,,,null,,,
3120,falling,1,773,303,22632,92.59,sam2,1.0,749.192,13.378
3121,falling,1,,,,,null,,,
3122,falling,1,,,,,null,,,
3123,falling,1,,,,,null,,,
3124,falling,1,773,303,22633,92.59,sam2,0.0,0.0,0.0
3125,falling,1,,,,,null,,,
3126,falling,1,,,,,null,,,
3127,falling,1,,,,,null,,,
3128,falling,1,773,303,22651,92.66,sam2,0.0,0.0,0.0
3129,falling,1,,,,,null,,,
3130,falling,1,,,,,null,,,
3131,falling,1,,,,,null,,,
3132,falling,1,773,303,22646,92.64,sam2,0.0,0.0,0.0
3133,falling,1,,,,,null,,,
3134,falling,1,,,,,null,,,
3135,falling,1,,,,,null,,,
3136,falling,1,773,303,22645,92.64,sam2,0.0,0.0,0.0
3137,falling,1,,,,,null,,,
3138,falling,1,,,,,null,,,
3139,falling,1,,,,,null,,,
3140,falling,1,773,303,22658,92.69,sam2,0.0,0.0,0.0
3141,falling,1,,,,,null,,,
3142,falling,1,,,,,null,,,
3143,falling,1,,,,,null,,,
3144,falling,1,773,303,22643,92.63,sam2,0.0,0.0,0.0
3145,falling,1,,,,,null,,,
3146,falling,1,,,,,null,,,
3147,falling,1,,,,,null,,,
3148,falling,1,773,303,22652,92.67,sam2,0.0,0.0,0.0
3149,falling,1,,,,,null,,,
3150,falling,1,,,,,null,,,
3151,falling,1,,,,,null,,,
3152,falling,1,773,303,22668,92.73,sam2,0.0,0.0,0.0
3153,falling,1,,,,,null,,,
3154,falling,1,,,,,null,,,
3155,falling,1,,,,,null,,,
3156,falling,1,773,303,22645,92.64,sam2,0.0,0.0,0.0
3157,falling,1,,,,,null,,,
3158,falling,1,,,,,null,,,
3159,falling,1,,,,,null,,,
3160,falling,1,773,303,22635,92.6,sam2,0.0,0.0,0.0
3161,falling,1,,,,,null,,,
3162,falling,1,,,,,null,,,
3163,falling,1,,,,,null,,,
3164,falling,1,773,303,22640,92.62,sam2,0.0,0.0,0.0
3165,falling,1,,,,,null,,,
3166,falling,1,,,,,null,,,
3167,falling,1,,,,,null,,,
3168,falling,1,773,303,22644,92.64,sam2,0.0,0.0,0.0
3169,falling,1,,,,,null,,,
3170,falling,1,,,,,null,,,
3171,falling,1,,,,,null,,,
3172,falling,1,773,303,22647,92.65,sam2,0.0,0.0,0.0
3173,falling,1,,,,,null,,,
3174,falling,1,,,,,null,,,
3175,falling,1,,,,,null,,,
3176,falling,1,773,303,22643,92.63,sam2,0.0,0.0,0.0
3177,falling,1,,,,,null,,,
3178,falling,1,,,,,null,,,
3179,falling,1,,,,,null,,,
3180,falling,1,773,303,22637,92.61,sam2,0.0,0.0,0.0
3181,falling,1,,,,,null,,,
3182,falling,1,,,,,null,,,
3183,falling,1,,,,,null,,,
3184,falling,1,773,303,22654,92.68,sam2,0.0,0.0,0.0
3185,falling,1,,,,,null,,,
3186,falling,1,,,,,null,,,
3187,falling,1,,,,,null,,,
3188,falling,1,773,302,22629,92.57,sam2,1.0,749.192,13.378
3189,falling,1,,,,,null,,,
3190,falling,1,,,,,null,,,
3191,falling,1,,,,,null,,,
3192,falling,1,773,303,22655,92.68,sam2,1.0,749.192,13.378
3193,falling,1,,,,,null,,,
3194,falling,1,,,,,null,,,
3195,falling,1,,,,,null,,,
3196,falling,1,773,303,22664,92.72,sam2,0.0,0.0,0.0
3197,falling,1,,,,,null,,,
3198,falling,1,,,,,null,,,
3199,falling,1,,,,,null,,,
3200,falling,1,773,303,22639,92.62,sam2,0.0,0.0,0.0
3201,falling,1,,,,,null,,,
3202,falling,1,,,,,null,,,
3203,falling,1,,,,,null,,,
3204,falling,1,773,303,22664,92.72,sam2,0.0,0.0,0.0
3205,falling,1,,,,,null,,,
3206,falling,1,,,,,null,,,
3207,falling,1,,,,,null,,,
3208,falling,1,773,303,22653,92.67,sam2,0.0,0.0,0.0
3209,falling,1,,,,,null,,,
3210,falling,1,,,,,null,,,
3211,falling,1,,,,,null,,,
3212,falling,1,773,303,22640,92.62,sam2,0.0,0.0,0.0
3213,falling,1,,,,,null,,,
3214,falling,1,,,,,null,,,
3215,falling,1,,,,,null,,,
3216,falling,1,773,302,22632,92.59,sam2,1.0,749.192,13.378
3217,falling,1,,,,,null,,,
3218,falling,1,,,,,null,,,
3219,falling,1,,,,,null,,,
3220,falling,1,773,303,22642,92.63,sam2,1.0,749.192,13.378
3221,falling,1,,,,,null,,,
3222,falling,1,,,,,null,,,
3223,falling,1,,,,,null,,,
3224,falling,1,773,303,22648,92.65,sam2,0.0,0.0,0.0
3225,falling,1,,,,,null,,,
3226,falling,1,,,,,null,,,
3227,falling,1,,,,,null,,,
3228,falling,1,773,303,22628,92.57,sam2,0.0,0.0,0.0
3229,falling,1,,,,,null,,,
3230,falling,1,,,,,null,,,
3231,falling,1,,,,,null,,,
3232,falling,1,773,302,22614,92.51,sam2,1.0,749.192,13.378
3233,falling,1,,,,,null,,,
3234,falling,1,,,,,null,,,
3235,falling,1,,,,,null,,,
3236,falling,1,773,303,22639,92.62,sam2,1.0,749.192,13.378
3237,falling,1,,,,,null,,,
3238,falling,1,,,,,null,,,
3239,falling,1,,,,,null,,,
3240,falling,1,773,303,22630,92.58,sam2,0.0,0.0,0.0
3241,falling,1,,,,,null,,,
3242,falling,1,,,,,null,,,
3243,falling,1,,,,,null,,,
3244,falling,1,773,303,22636,92.6,sam2,0.0,0.0,0.0
3245,falling,1,,,,,null,,,
3246,falling,1,,,,,null,,,
3247,falling,1,,,,,null,,,
3248,falling,1,773,303,22656,92.69,sam2,0.0,0.0,0.0
3249,falling,1,,,,,null,,,
3250,falling,1,,,,,null,,,
3251,falling,1,,,,,null,,,
3252,falling,1,773,303,22638,92.61,sam2,0.0,0.0,0.0
3253,falling,1,,,,,null,,,
3254,falling,1,,,,,null,,,
3255,falling,1,,,,,null,,,
3256,falling,1,773,303,22633,92.59,sam2,0.0,0.0,0.0
3257,falling,1,,,,,null,,,
3258,falling,1,,,,,null,,,
3259,falling,1,,,,,null,,,
3260,falling,1,773,303,22631,92.58,sam2,0.0,0.0,0.0
3261,falling,1,,,,,null,,,
3262,falling,1,,,,,null,,,
3263,falling,1,,,,,null,,,
3264,falling,1,773,303,22643,92.63,sam2,0.0,0.0,0.0
3265,falling,1,,,,,null,,,
3266,falling,1,,,,,null,,,
3267,falling,1,,,,,null,,,
3268,falling,1,773,303,22640,92.62,sam2,0.0,0.0,0.0
3269,falling,1,,,,,null,,,
3270,falling,1,,,,,null,,,
3271,falling,1,,,,,null,,,
3272,falling,1,773,303,22642,92.63,sam2,0.0,0.0,0.0
3273,falling,1,,,,,null,,,
3274,falling,1,,,,,null,,,
3275,falling,1,,,,,null,,,
3276,falling,1,773,303,22613,92.51,sam2,0.0,0.0,0.0
3277,falling,1,,,,,null,,,
3278,falling,1,,,,,null,,,
3279,falling,1,,,,,null,,,
3280,falling,1,773,303,22628,92.57,sam2,0.0,0.0,0.0
3281,falling,1,,,,,null,,,
3282,falling,1,,,,,null,,,
3283,falling,1,,,,,null,,,
3284,falling,1,773,303,22611,92.5,sam2,0.0,0.0,0.0
3285,falling,1,,,,,null,,,
3286,falling,1,,,,,null,,,
3287,falling,1,,,,,null,,,
3288,falling,1,773,303,22635,92.6,sam2,0.0,0.0,0.0
3289,falling,1,,,,,null,,,
3290,falling,1,,,,,null,,,
3291,falling,1,,,,,null,,,
3292,falling,1,773,303,22627,92.57,sam2,0.0,0.0,0.0
3293,falling,1,,,,,null,,,
3294,falling,1,,,,,null,,,
3295,falling,1,,,,,null,,,
3296,falling,1,773,303,22663,92.71,sam2,0.0,0.0,0.0
3297,falling,1,,,,,null,,,
3298,falling,1,,,,,null,,,
3299,falling,1,,,,,null,,,
3300,falling,1,773,303,22633,92.59,sam2,0.0,0.0,0.0
3301,falling,1,,,,,null,,,
3302,falling,1,,,,,null,,,
3303,falling,1,,,,,null,,,
3304,falling,1,773,303,22615,92.52,sam2,0.0,0.0,0.0
3305,falling,1,,,,,null,,,
3306,falling,1,,,,,null,,,
3307,falling,1,,,,,null,,,
3308,falling,1,773,303,22660,92.7,sam2,0.0,0.0,0.0
3309,falling,1,,,,,null,,,
3310,falling,1,,,,,null,,,
3311,falling,1,,,,,null,,,
3312,falling,1,773,303,22642,92.63,sam2,0.0,0.0,0.0
3313,falling,1,,,,,null,,,
3314,falling,1,,,,,null,,,
3315,falling,1,,,,,null,,,
3316,falling,1,773,303,22636,92.6,sam2,0.0,0.0,0.0
3317,falling,1,,,,,null,,,
3318,falling,1,,,,,null,,,
3319,falling,1,,,,,null,,,
3320,falling,1,773,303,22635,92.6,sam2,0.0,0.0,0.0
3321,falling,1,,,,,null,,,
3322,falling,1,,,,,null,,,
3323,falling,1,,,,,null,,,
3324,falling,1,773,303,22633,92.59,sam2,0.0,0.0,0.0
3325,falling,1,,,,,null,,,
3326,falling,1,,,,,null,,,
3327,falling,1,,,,,null,,,
3328,falling,1,773,302,22641,92.62,sam2,1.0,749.192,13.378
3329,falling,1,,,,,null,,,
3330,falling,1,,,,,null,,,
3331,falling,1,,,,,null,,,
3332,falling,1,773,302,22617,92.53,sam2,0.0,0.0,0.0
3333,falling,1,,,,,null,,,
3334,falling,1,,,,,null,,,
3335,falling,1,,,,,null,,,
3336,falling,1,773,303,22632,92.59,sam2,1.0,749.192,13.378
3337,falling,1,,,,,null,,,
3338,falling,1,,,,,null,,,
3339,falling,1,,,,,null,,,
3340,falling,1,773,303,22638,92.61,sam2,0.0,0.0,0.0
3341,falling,1,,,,,null,,,
3342,falling,1,,,,,null,,,
3343,falling,1,,,,,null,,,
3344,falling,1,773,303,22647,92.65,sam2,0.0,0.0,0.0
3345,falling,1,,,,,null,,,
3346,falling,1,,,,,null,,,
3347,falling,1,,,,,null,,,
3348,falling,1,773,303,22653,92.67,sam2,0.0,0.0,0.0
3349,falling,1,,,,,null,,,
3350,falling,1,,,,,null,,,
3351,falling,1,,,,,null,,,
3352,falling,1,773,303,22642,92.63,sam2,0.0,0.0,0.0
3353,falling,1,,,,,null,,,
3354,falling,1,,,,,null,,,
3355,falling,1,,,,,null,,,
3356,falling,1,773,303,22635,92.6,sam2,0.0,0.0,0.0
3357,falling,1,,,,,null,,,
3358,falling,1,,,,,null,,,
3359,falling,1,,,,,null,,,
3360,falling,1,773,302,22617,92.53,sam2,1.0,749.192,13.378
3361,falling,1,,,,,null,,,
3362,falling,1,,,,,null,,,
3363,falling,1,,,,,null,,,
3364,falling,1,773,303,22654,92.68,sam2,1.0,749.192,13.378
3365,falling,1,,,,,null,,,
3366,falling,1,,,,,null,,,
3367,falling,1,,,,,null,,,
3368,falling,1,773,302,22617,92.53,sam2,1.0,749.192,13.378
3369,falling,1,,,,,null,,,
3370,falling,1,,,,,null,,,
3371,falling,1,,,,,null,,,
3372,falling,1,773,303,22627,92.57,sam2,1.0,749.192,13.378
3373,falling,1,,,,,null,,,
3374,falling,1,,,,,null,,,
3375,falling,1,,,,,null,,,
3376,falling,1,773,302,22631,92.58,sam2,1.0,749.192,13.378
3377,falling,1,,,,,null,,,
3378,falling,1,,,,,null,,,
3379,falling,1,,,,,null,,,
3380,falling,1,773,303,22648,92.65,sam2,1.0,749.192,13.378
3381,falling,1,,,,,null,,,
3382,falling,1,,,,,null,,,
3383,falling,1,,,,,null,,,
3384,falling,1,773,303,22616,92.52,sam2,0.0,0.0,0.0
3385,falling,1,,,,,null,,,
3386,falling,1,,,,,null,,,
3387,falling,1,,,,,null,,,
3388,falling,1,773,303,22613,92.51,sam2,0.0,0.0,0.0
3389,falling,1,,,,,null,,,
3390,falling,1,,,,,null,,,
3391,falling,1,,,,,null,,,
3392,falling,1,773,303,22637,92.61,sam2,0.0,0.0,0.0
3393,falling,1,,,,,null,,,
3394,falling,1,,,,,null,,,
3395,falling,1,,,,,null,,,
3396,falling,1,773,303,22642,92.63,sam2,0.0,0.0,0.0
3397,falling,1,,,,,null,,,
3398,falling,1,,,,,null,,,
3399,falling,1,,,,,null,,,
3400,falling,1,773,303,22651,92.66,sam2,0.0,0.0,0.0
3401,falling,1,,,,,null,,,
3402,falling,1,,,,,null,,,
3403,falling,1,,,,,null,,,
3404,falling,1,773,303,22615,92.52,sam2,0.0,0.0,0.0
3405,falling,1,,,,,null,,,
3406,falling,1,,,,,null,,,
3407,falling,1,,,,,null,,,
3408,falling,1,773,303,22637,92.61,sam2,0.0,0.0,0.0
3409,falling,1,,,,,null,,,
3410,falling,1,,,,,null,,,
3411,falling,1,,,,,null,,,
3412,falling,1,773,303,22655,92.68,sam2,0.0,0.0,0.0
3413,falling,1,,,,,null,,,
3414,falling,1,,,,,null,,,
3415,falling,1,,,,,null,,,
3416,falling,1,773,303,22657,92.69,sam2,0.0,0.0,0.0
3417,falling,1,,,,,null,,,
3418,falling,1,,,,,null,,,
3419,falling,1,,,,,null,,,
3420,falling,1,773,303,22624,92.55,sam2,0.0,0.0,0.0
3421,falling,1,,,,,null,,,
3422,falling,1,,,,,null,,,
3423,falling,1,,,,,null,,,
3424,falling,1,773,303,22621,92.54,sam2,0.0,0.0,0.0
3425,falling,1,,,,,null,,,
3426,falling,1,,,,,null,,,
3427,falling,1,,,,,null,,,
3428,falling,1,773,303,22609,92.49,sam2,0.0,0.0,0.0
3429,falling,1,,,,,null,,,
3430,falling,1,,,,,null,,,
3431,falling,1,,,,,null,,,
3432,falling,1,773,303,22635,92.6,sam2,0.0,0.0,0.0
3433,falling,1,,,,,null,,,
3434,falling,1,,,,,null,,,
3435,falling,1,,,,,null,,,
3436,falling,1,773,303,22641,92.62,sam2,0.0,0.0,0.0
3437,falling,1,,,,,null,,,
3438,falling,1,,,,,null,,,
3439,falling,1,,,,,null,,,
3440,falling,1,773,303,22651,92.66,sam2,0.0,0.0,0.0
3441,falling,1,,,,,null,,,
3442,falling,1,,,,,null,,,
3443,falling,1,,,,,null,,,
3444,falling,1,773,303,22640,92.62,sam2,0.0,0.0,0.0
3445,falling,1,,,,,null,,,
3446,falling,1,,,,,null,,,
3447,falling,1,,,,,null,,,
3448,falling,1,773,303,22605,92.48,sam2,0.0,0.0,0.0
3449,falling,1,,,,,null,,,
3450,falling,1,,,,,null,,,
3451,falling,1,,,,,null,,,
3452,falling,1,772,303,22629,92.57,sam2,1.0,749.192,13.378
3453,falling,1,,,,,null,,,
3454,falling,1,,,,,null,,,
3455,falling,1,,,,,null,,,
3456,falling,1,773,303,22630,92.58,sam2,1.0,749.192,13.378
3457,falling,1,,,,,null,,,
3458,falling,1,,,,,null,,,
3459,falling,1,,,,,null,,,
3460,falling,1,773,302,22631,92.58,sam2,1.0,749.192,13.378
3461,falling,1,,,,,null,,,
3462,falling,1,,,,,null,,,
3463,falling,1,,,,,null,,,
3464,falling,1,773,302,22630,92.58,sam2,0.0,0.0,0.0
3465,falling,1,,,,,null,,,
3466,falling,1,,,,,null,,,
3467,falling,1,,,,,null,,,
3468,falling,1,773,302,22625,92.56,sam2,0.0,0.0,0.0
3469,falling,1,,,,,null,,,
3470,falling,1,,,,,null,,,
3471,falling,1,,,,,null,,,
3472,falling,1,773,303,22644,92.64,sam2,1.0,749.192,13.378
3473,falling,1,,,,,null,,,
3474,falling,1,,,,,null,,,
3475,falling,1,,,,,null,,,
3476,falling,1,773,302,22626,92.56,sam2,1.0,749.192,13.378
3477,falling,1,,,,,null,,,
3478,falling,1,,,,,null,,,
3479,falling,1,,,,,null,,,
3480,falling,1,773,303,22596,92.44,sam2,1.0,749.192,13.378
3481,falling,1,,,,,null,,,
3482,falling,1,,,,,null,,,
3483,falling,1,,,,,null,,,
3484,falling,1,773,303,22620,92.54,sam2,0.0,0.0,0.0
3485,falling,1,,,,,null,,,
3486,falling,1,,,,,null,,,
3487,falling,1,,,,,null,,,
3488,falling,1,773,302,22621,92.54,sam2,1.0,749.192,13.378
3489,falling,1,,,,,null,,,
3490,falling,1,,,,,null,,,
3491,falling,1,,,,,null,,,
3492,falling,1,773,303,22633,92.59,sam2,1.0,749.192,13.378
3493,falling,1,,,,,null,,,
3494,falling,1,,,,,null,,,
3495,falling,1,,,,,null,,,
3496,falling,1,773,303,22634,92.6,sam2,0.0,0.0,0.0
3497,falling,1,,,,,null,,,
3498,falling,1,,,,,null,,,
3499,falling,1,,,,,null,,,
3500,falling,1,773,303,22623,92.55,sam2,0.0,0.0,0.0
3501,falling,1,,,,,null,,,
3502,falling,1,,,,,null,,,
3503,falling,1,,,,,null,,,
3504,falling,1,773,303,22601,92.46,sam2,0.0,0.0,0.0
3505,falling,1,,,,,null,,,
3506,falling,1,,,,,null,,,
3507,falling,1,,,,,null,,,
3508,falling,1,773,303,22638,92.61,sam2,0.0,0.0,0.0
3509,falling,1,,,,,null,,,
3510,falling,1,,,,,null,,,
3511,falling,1,,,,,null,,,
3512,falling,1,773,303,22632,92.59,sam2,0.0,0.0,0.0
3513,falling,1,,,,,null,,,
3514,falling,1,,,,,null,,,
3515,falling,1,,,,,null,,,
3516,falling,1,773,303,22615,92.52,sam2,0.0,0.0,0.0
3517,falling,1,,,,,null,,,
3518,falling,1,,,,,null,,,
3519,falling,1,,,,,null,,,
3520,falling,1,773,303,22615,92.52,sam2,0.0,0.0,0.0
3521,falling,1,,,,,null,,,
3522,falling,1,,,,,null,,,
3523,falling,1,,,,,null,,,
3524,falling,1,773,303,22622,92.55,sam2,0.0,0.0,0.0
3525,falling,1,,,,,null,,,
3526,falling,1,,,,,null,,,
3527,falling,1,,,,,null,,,
3528,falling,1,773,303,22606,92.48,sam2,0.0,0.0,0.0
3529,falling,1,,,,,null,,,
3530,falling,1,,,,,null,,,
3531,falling,1,,,,,null,,,
3532,falling,1,773,303,22610,92.5,sam2,0.0,0.0,0.0
3533,falling,1,,,,,null,,,
3534,falling,1,,,,,null,,,
3535,falling,1,,,,,null,,,
3536,falling,1,773,303,22613,92.51,sam2,0.0,0.0,0.0
3537,falling,1,,,,,null,,,
3538,falling,1,,,,,null,,,
3539,falling,1,,,,,null,,,
3540,falling,1,773,303,22618,92.53,sam2,0.0,0.0,0.0
3541,falling,1,,,,,null,,,
3542,falling,1,,,,,null,,,
3543,falling,1,,,,,null,,,
3544,falling,1,773,303,22627,92.57,sam2,0.0,0.0,0.0
3545,falling,1,,,,,null,,,
3546,falling,1,,,,,null,,,
3547,falling,1,,,,,null,,,
3548,falling,1,773,303,22614,92.51,sam2,0.0,0.0,0.0
3549,falling,1,,,,,null,,,
3550,falling,1,,,,,null,,,
3551,falling,1,,,,,null,,,
3552,falling,1,773,302,22610,92.5,sam2,1.0,749.192,13.378
3553,falling,1,,,,,null,,,
3554,falling,1,,,,,null,,,
3555,falling,1,,,,,null,,,
3556,falling,1,773,302,22606,92.48,sam2,0.0,0.0,0.0
3557,falling,1,,,,,null,,,
3558,falling,1,,,,,null,,,
3559,falling,1,,,,,null,,,
3560,falling,1,773,303,22621,92.54,sam2,1.0,749.192,13.378
3561,falling,1,,,,,null,,,
3562,falling,1,,,,,null,,,
3563,falling,1,,,,,null,,,
3564,falling,1,773,303,22627,92.57,sam2,0.0,0.0,0.0
3565,falling,1,,,,,null,,,
3566,falling,1,,,,,null,,,
3567,falling,1,,,,,null,,,
3568,falling,1,773,303,22635,92.6,sam2,0.0,0.0,0.0
3569,falling,1,,,,,null,,,
3570,falling,1,,,,,null,,,
3571,falling,1,,,,,null,,,
3572,falling,1,773,303,22618,92.53,sam2,0.0,0.0,0.0
3573,falling,1,,,,,null,,,
3574,falling,1,,,,,null,,,
3575,falling,1,,,,,null,,,
3576,falling,1,773,303,22621,92.54,sam2,0.0,0.0,0.0
3577,falling,1,,,,,null,,,
3578,falling,1,,,,,null,,,
3579,falling,1,,,,,null,,,
3580,falling,1,773,303,22625,92.56,sam2,0.0,0.0,0.0
3581,falling,1,,,,,null,,,
3582,falling,1,,,,,null,,,
3583,falling,1,,,,,null,,,
3584,falling,1,773,303,22632,92.59,sam2,0.0,0.0,0.0
3585,falling,1,,,,,null,,,
3586,falling,1,,,,,null,,,
3587,falling,1,,,,,null,,,
3588,falling,1,773,303,22637,92.61,sam2,0.0,0.0,0.0
3589,falling,1,,,,,null,,,
3590,falling,1,,,,,null,,,
3591,falling,1,,,,,null,,,
3592,falling,1,773,303,22627,92.57,sam2,0.0,0.0,0.0
3593,falling,1,,,,,null,,,
3594,falling,1,,,,,null,,,
3595,falling,1,,,,,null,,,
3596,falling,1,773,303,22631,92.58,sam2,0.0,0.0,0.0
3597,falling,1,,,,,null,,,
3598,falling,1,,,,,null,,,
3599,falling,1,,,,,null,,,
3600,falling,1,773,303,22636,92.6,sam2,0.0,0.0,0.0
3601,falling,1,,,,,null,,,
3602,falling,1,,,,,null,,,
3603,falling,1,,,,,null,,,
3604,falling,1,773,303,22629,92.57,sam2,0.0,0.0,0.0
3605,falling,1,,,,,null,,,
3606,falling,1,,,,,null,,,
3607,falling,1,,,,,null,,,
3608,falling,1,773,303,22635,92.6,sam2,0.0,0.0,0.0
3609,falling,1,,,,,null,,,
3610,falling,1,,,,,null,,,
3611,falling,1,,,,,null,,,
3612,falling,1,773,303,22619,92.53,sam2,0.0,0.0,0.0
3613,falling,1,,,,,null,,,
3614,falling,1,,,,,null,,,
3615,falling,1,,,,,null,,,
3616,falling,1,773,303,22631,92.58,sam2,0.0,0.0,0.0
3617,falling,1,,,,,null,,,
3618,falling,1,,,,,null,,,
3619,falling,1,,,,,null,,,
3620,falling,1,773,303,22633,92.59,sam2,0.0,0.0,0.0
3621,falling,1,,,,,null,,,
3622,falling,1,,,,,null,,,
3623,falling,1,,,,,null,,,
3624,falling,1,773,303,22670,92.74,sam2,0.0,0.0,0.0
3625,falling,1,,,,,null,,,
3626,falling,1,,,,,null,,,
3627,falling,1,,,,,null,,,
3628,falling,1,773,303,22648,92.65,sam2,0.0,0.0,0.0
3629,falling,1,,,,,null,,,
3630,falling,1,,,,,null,,,
3631,falling,1,,,,,null,,,
3632,falling,1,773,303,22636,92.6,sam2,0.0,0.0,0.0
3633,falling,1,,,,,null,,,
3634,falling,1,,,,,null,,,
3635,falling,1,,,,,null,,,
3636,falling,1,773,303,22636,92.6,sam2,0.0,0.0,0.0
3637,falling,1,,,,,null,,,
3638,falling,1,,,,,null,,,
3639,falling,1,,,,,null,,,
3640,falling,1,773,303,22639,92.62,sam2,0.0,0.0,0.0
3641,falling,1,,,,,null,,,
3642,falling,1,,,,,null,,,
3643,falling,1,,,,,null,,,
3644,falling,1,773,303,22617,92.53,sam2,0.0,0.0,0.0
3645,falling,1,,,,,null,,,
3646,falling,1,,,,,null,,,
3647,falling,1,,,,,null,,,
3648,falling,1,773,303,22638,92.61,sam2,0.0,0.0,0.0
3649,falling,1,,,,,null,,,
3650,falling,1,,,,,null,,,
3651,falling,1,,,,,null,,,
3652,falling,1,773,303,22634,92.6,sam2,0.0,0.0,0.0
3653,falling,1,,,,,null,,,
3654,falling,1,,,,,null,,,
3655,falling,1,,,,,null,,,
3656,falling,1,773,303,22621,92.54,sam2,0.0,0.0,0.0
3657,falling,1,,,,,null,,,
3658,falling,1,,,,,null,,,
3659,falling,1,,,,,null,,,
3660,falling,1,773,303,22640,92.62,sam2,0.0,0.0,0.0
3661,falling,1,,,,,null,,,
3662,falling,1,,,,,null,,,
3663,falling,1,,,,,null,,,
3664,falling,1,773,303,22649,92.66,sam2,0.0,0.0,0.0
3665,falling,1,,,,,null,,,
3666,falling,1,,,,,null,,,
3667,falling,1,,,,,null,,,
3668,falling,1,773,303,22643,92.63,sam2,0.0,0.0,0.0
3669,falling,1,,,,,null,,,
3670,falling,1,,,,,null,,,
3671,falling,1,,,,,null,,,
3672,falling,1,773,303,22635,92.6,sam2,0.0,0.0,0.0
3673,falling,1,,,,,null,,,
3674,falling,1,,,,,null,,,
3675,falling,1,,,,,null,,,
3676,falling,1,773,303,22642,92.63,sam2,0.0,0.0,0.0
3677,falling,1,,,,,null,,,
3678,falling,1,,,,,null,,,
3679,falling,1,,,,,null,,,
3680,falling,1,773,302,22617,92.53,sam2,1.0,749.192,13.378
3681,falling,1,,,,,null,,,
3682,falling,1,,,,,null,,,
3683,falling,1,,,,,null,,,
3684,falling,1,773,303,22624,92.55,sam2,1.0,749.192,13.378
3685,falling,1,,,,,null,,,
3686,falling,1,,,,,null,,,
3687,falling,1,,,,,null,,,
3688,falling,1,773,302,22617,92.53,sam2,1.0,749.192,13.378
3689,falling,1,,,,,null,,,
3690,falling,1,,,,,null,,,
3691,falling,1,,,,,null,,,
3692,falling,1,773,303,22640,92.62,sam2,1.0,749.192,13.378
3693,falling,1,,,,,null,,,
3694,falling,1,,,,,null,,,
3695,falling,1,,,,,null,,,
3696,falling,1,773,303,22629,92.57,sam2,0.0,0.0,0.0
3697,falling,1,,,,,null,,,
3698,falling,1,,,,,null,,,
3699,falling,1,,,,,null,,,
3700,falling,1,773,303,22652,92.67,sam2,0.0,0.0,0.0
3701,falling,1,,,,,null,,,
3702,falling,1,,,,,null,,,
3703,falling,1,,,,,null,,,
3704,falling,1,773,302,22651,92.66,sam2,1.0,749.192,13.378
3705,falling,1,,,,,null,,,
3706,falling,1,,,,,null,,,
3707,falling,1,,,,,null,,,
3708,falling,1,773,303,22629,92.57,sam2,1.0,749.192,13.378
3709,falling,1,,,,,null,,,
3710,falling,1,,,,,null,,,
3711,falling,1,,,,,null,,,
3712,falling,1,773,303,22645,92.64,sam2,0.0,0.0,0.0
3713,falling,1,,,,,null,,,
3714,falling,1,,,,,null,,,
3715,falling,1,,,,,null,,,
3716,falling,1,773,303,22658,92.69,sam2,0.0,0.0,0.0
3717,falling,1,,,,,null,,,
3718,falling,1,,,,,null,,,
3719,falling,1,,,,,null,,,
3720,falling,1,773,303,22645,92.64,sam2,0.0,0.0,0.0
3721,falling,1,,,,,null,,,
3722,falling,1,,,,,null,,,
3723,falling,1,,,,,null,,,
3724,falling,1,773,303,22631,92.58,sam2,0.0,0.0,0.0
3725,falling,1,,,,,null,,,
3726,falling,1,,,,,null,,,
3727,falling,1,,,,,null,,,
3728,falling,1,773,303,22653,92.67,sam2,0.0,0.0,0.0
3729,falling,1,,,,,null,,,
3730,falling,1,,,,,null,,,
3731,falling,1,,,,,null,,,
3732,falling,1,773,302,22615,92.52,sam2,1.0,749.192,13.378
3733,falling,1,,,,,null,,,
3734,falling,1,,,,,null,,,
3735,falling,1,,,,,null,,,
3736,falling,1,773,302,22637,92.61,sam2,0.0,0.0,0.0
3737,falling,1,,,,,null,,,
3738,falling,1,,,,,null,,,
3739,falling,1,,,,,null,,,
3740,falling,1,773,303,22639,92.62,sam2,1.0,749.192,13.378
3741,falling,1,,,,,null,,,
3742,falling,1,,,,,null,,,
3743,falling,1,,,,,null,,,
3744,falling,1,773,303,22630,92.58,sam2,0.0,0.0,0.0
3745,falling,1,,,,,null,,,
3746,falling,1,,,,,null,,,
3747,falling,1,,,,,null,,,
3748,falling,1,773,303,22639,92.62,sam2,0.0,0.0,0.0
3749,falling,1,,,,,null,,,
3750,falling,1,,,,,null,,,
3751,falling,1,,,,,null,,,
3752,falling,1,773,303,22645,92.64,sam2,0.0,0.0,0.0
3753,falling,1,,,,,null,,,
3754,falling,1,,,,,null,,,
3755,falling,1,,,,,null,,,
3756,falling,1,773,303,22638,92.61,sam2,0.0,0.0,0.0
3757,falling,1,,,,,null,,,
3758,falling,1,,,,,null,,,
3759,falling,1,,,,,null,,,
3760,falling,1,773,303,22645,92.64,sam2,0.0,0.0,0.0
3761,falling,1,,,,,null,,,
3762,falling,1,,,,,null,,,
3763,falling,1,,,,,null,,,
3764,falling,1,773,303,22641,92.62,sam2,0.0,0.0,0.0
3765,falling,1,,,,,null,,,
3766,falling,1,,,,,null,,,
3767,falling,1,,,,,null,,,
3768,falling,1,773,302,22608,92.49,sam2,1.0,749.192,13.378
3769,falling,1,,,,,null,,,
3770,falling,1,,,,,null,,,
3771,falling,1,,,,,null,,,
3772,falling,1,773,303,22638,92.61,sam2,1.0,749.192,13.378
3773,falling,1,,,,,null,,,
3774,falling,1,,,,,null,,,
3775,falling,1,,,,,null,,,
3776,falling,1,773,303,22650,92.66,sam2,0.0,0.0,0.0
3777,falling,1,,,,,null,,,
3778,falling,1,,,,,null,,,
3779,falling,1,,,,,null,,,
3780,falling,1,773,303,22668,92.73,sam2,0.0,0.0,0.0
3781,falling,1,,,,,null,,,
3782,falling,1,,,,,null,,,
3783,falling,1,,,,,null,,,
3784,falling,1,773,303,22644,92.64,sam2,0.0,0.0,0.0
3785,falling,1,,,,,null,,,
3786,falling,1,,,,,null,,,
3787,falling,1,,,,,null,,,
3788,falling,1,773,303,22639,92.62,sam2,0.0,0.0,0.0
3789,falling,1,,,,,null,,,
3790,falling,1,,,,,null,,,
3791,falling,1,,,,,null,,,
3792,falling,1,773,303,22635,92.6,sam2,0.0,0.0,0.0
3793,falling,1,,,,,null,,,
3794,falling,1,,,,,null,,,
3795,falling,1,,,,,null,,,
3796,falling,1,773,303,22639,92.62,sam2,0.0,0.0,0.0
3797,falling,1,,,,,null,,,
3798,falling,1,,,,,null,,,
3799,falling,1,,,,,null,,,
3800,falling,1,773,303,22647,92.65,sam2,0.0,0.0,0.0
3801,falling,1,,,,,null,,,
3802,falling,1,,,,,null,,,
3803,falling,1,,,,,null,,,
3804,falling,1,773,303,22646,92.64,sam2,0.0,0.0,0.0
3805,falling,1,,,,,null,,,
3806,falling,1,,,,,null,,,
3807,falling,1,,,,,null,,,
3808,falling,1,773,303,22634,92.6,sam2,0.0,0.0,0.0
3809,falling,1,,,,,null,,,
3810,falling,1,,,,,null,,,
3811,falling,1,,,,,null,,,
3812,falling,1,773,303,22647,92.65,sam2,0.0,0.0,0.0
3813,falling,1,,,,,null,,,
3814,falling,1,,,,,null,,,
3815,falling,1,,,,,null,,,
3816,falling,1,773,302,22601,92.46,sam2,1.0,749.192,13.378
3817,falling,1,,,,,null,,,
3818,falling,1,,,,,null,,,
3819,falling,1,,,,,null,,,
3820,falling,1,773,303,22605,92.48,sam2,1.0,749.192,13.378
3821,falling,1,,,,,null,,,
3822,falling,1,,,,,null,,,
3823,falling,1,,,,,null,,,
3824,falling,1,773,303,22629,92.57,sam2,0.0,0.0,0.0
3825,falling,1,,,,,null,,,
3826,falling,1,,,,,null,,,
3827,falling,1,,,,,null,,,
3828,falling,1,773,303,22636,92.6,sam2,0.0,0.0,0.0
3829,falling,1,,,,,null,,,
3830,falling,1,,,,,null,,,
3831,falling,1,,,,,null,,,
3832,falling,1,773,302,22628,92.57,sam2,1.0,749.192,13.378
3833,falling,1,,,,,null,,,
3834,falling,1,,,,,null,,,
3835,falling,1,,,,,null,,,
3836,falling,1,773,303,22660,92.7,sam2,1.0,749.192,13.378
3837,falling,1,,,,,null,,,
3838,falling,1,,,,,null,,,
3839,falling,1,,,,,null,,,
3840,falling,1,773,303,22653,92.67,sam2,0.0,0.0,0.0
3841,falling,1,,,,,null,,,
3842,falling,1,,,,,null,,,
3843,falling,1,,,,,null,,,
3844,falling,1,773,303,22640,92.62,sam2,0.0,0.0,0.0
3845,falling,1,,,,,null,,,
3846,falling,1,,,,,null,,,
3847,falling,1,,,,,null,,,
3848,falling,1,773,303,22633,92.59,sam2,0.0,0.0,0.0
3849,falling,1,,,,,null,,,
3850,falling,1,,,,,null,,,
3851,falling,1,,,,,null,,,
3852,falling,1,773,303,22623,92.55,sam2,0.0,0.0,0.0
3853,falling,1,,,,,null,,,
3854,falling,1,,,,,null,,,
3855,falling,1,,,,,null,,,
3856,falling,1,773,303,22632,92.59,sam2,0.0,0.0,0.0
3857,falling,1,,,,,null,,,
3858,falling,1,,,,,null,,,
3859,falling,1,,,,,null,,,
3860,falling,1,773,303,22606,92.48,sam2,0.0,0.0,0.0
3861,falling,1,,,,,null,,,
3862,falling,1,,,,,null,,,
3863,falling,1,,,,,null,,,
3864,falling,1,773,303,22639,92.62,sam2,0.0,0.0,0.0
3865,falling,1,,,,,null,,,
3866,falling,1,,,,,null,,,
3867,falling,1,,,,,null,,,
3868,falling,1,773,303,22642,92.63,sam2,0.0,0.0,0.0
3869,falling,1,,,,,null,,,
3870,falling,1,,,,,null,,,
3871,falling,1,,,,,null,,,
3872,falling,1,773,303,22638,92.61,sam2,0.0,0.0,0.0
3873,falling,1,,,,,null,,,
3874,falling,1,,,,,null,,,
3875,falling,1,,,,,null,,,
3876,falling,1,773,303,22633,92.59,sam2,0.0,0.0,0.0
3877,falling,1,,,,,null,,,
3878,falling,1,,,,,null,,,
3879,falling,1,,,,,null,,,
3880,falling,1,773,303,22651,92.66,sam2,0.0,0.0,0.0
3881,falling,1,,,,,null,,,
3882,falling,1,,,,,null,,,
3883,falling,1,,,,,null,,,
3884,falling,1,773,303,22617,92.53,sam2,0.0,0.0,0.0
3885,falling,1,,,,,null,,,
3886,falling,1,,,,,null,,,
3887,falling,1,,,,,null,,,
3888,falling,1,773,303,22620,92.54,sam2,0.0,0.0,0.0
3889,falling,1,,,,,null,,,
3890,falling,1,,,,,null,,,
3891,falling,1,,,,,null,,,
3892,falling,1,773,303,22648,92.65,sam2,0.0,0.0,0.0
3893,falling,1,,,,,null,,,
3894,falling,1,,,,,null,,,
3895,falling,1,,,,,null,,,
3896,falling,1,773,303,22649,92.66,sam2,0.0,0.0,0.0
3897,falling,1,,,,,null,,,
3898,falling,1,,,,,null,,,
3899,falling,1,,,,,null,,,
3900,falling,1,773,303,22638,92.61,sam2,0.0,0.0,0.0
3901,falling,1,,,,,null,,,
3902,falling,1,,,,,null,,,
3903,falling,1,,,,,null,,,
3904,falling,1,773,303,22612,92.51,sam2,0.0,0.0,0.0
3905,falling,1,,,,,null,,,
3906,falling,1,,,,,null,,,
3907,falling,1,,,,,null,,,
3908,falling,1,773,303,22611,92.5,sam2,0.0,0.0,0.0
3909,falling,1,,,,,null,,,
3910,falling,1,,,,,null,,,
3911,falling,1,,,,,null,,,
3912,falling,1,773,303,22608,92.49,sam2,0.0,0.0,0.0
3913,falling,1,,,,,null,,,
3914,falling,1,,,,,null,,,
3915,falling,1,,,,,null,,,
3916,falling,1,773,303,22657,92.69,sam2,0.0,0.0,0.0
3917,falling,1,,,,,null,,,
3918,falling,1,,,,,null,,,
3919,falling,1,,,,,null,,,
3920,falling,1,773,303,22634,92.6,sam2,0.0,0.0,0.0
3921,falling,1,,,,,null,,,
3922,falling,1,,,,,null,,,
3923,falling,1,,,,,null,,,
3924,falling,1,773,303,22636,92.6,sam2,0.0,0.0,0.0
3925,falling,1,,,,,null,,,
3926,falling,1,,,,,null,,,
3927,falling,1,,,,,null,,,
3928,falling,1,773,302,22624,92.55,sam2,1.0,749.192,13.378
3929,falling,1,,,,,null,,,
3930,falling,1,,,,,null,,,
3931,falling,1,,,,,null,,,
3932,falling,1,773,303,22653,92.67,sam2,1.0,749.192,13.378
3933,falling,1,,,,,null,,,
3934,falling,1,,,,,null,,,
3935,falling,1,,,,,null,,,
3936,falling,1,773,303,22668,92.73,sam2,0.0,0.0,0.0
3937,falling,1,,,,,null,,,
3938,falling,1,,,,,null,,,
3939,falling,1,,,,,null,,,
3940,falling,1,773,302,22626,92.56,sam2,1.0,749.192,13.378
3941,falling,1,,,,,null,,,
3942,falling,1,,,,,null,,,
3943,falling,1,,,,,null,,,
3944,falling,1,773,302,22632,92.59,sam2,0.0,0.0,0.0
3945,falling,1,,,,,null,,,
3946,falling,1,,,,,null,,,
3947,falling,1,,,,,null,,,
3948,falling,1,773,303,22649,92.66,sam2,1.0,749.192,13.378
3949,falling,1,,,,,null,,,
3950,falling,1,,,,,null,,,
3951,falling,1,,,,,null,,,
3952,falling,1,773,302,22657,92.69,sam2,1.0,749.192,13.378
3953,falling,1,,,,,null,,,
3954,falling,1,,,,,null,,,
3955,falling,1,,,,,null,,,
3956,falling,1,773,302,22638,92.61,sam2,0.0,0.0,0.0
3957,falling,1,,,,,null,,,
3958,falling,1,,,,,null,,,
3959,falling,1,,,,,null,,,
3960,falling,1,773,302,22653,92.67,sam2,0.0,0.0,0.0
3961,falling,1,,,,,null,,,
3962,falling,1,,,,,null,,,
3963,falling,1,,,,,null,,,
3964,falling,1,773,303,22671,92.75,sam2,1.0,749.192,13.378
3965,falling,1,,,,,null,,,
3966,falling,1,,,,,null,,,
3967,falling,1,,,,,null,,,
3968,falling,1,773,303,22666,92.73,sam2,0.0,0.0,0.0
3969,falling,1,,,,,null,,,
3970,falling,1,,,,,null,,,
3971,falling,1,,,,,null,,,
3972,falling,1,773,303,22633,92.59,sam2,0.0,0.0,0.0
3973,falling,1,,,,,null,,,
3974,falling,1,,,,,null,,,
3975,falling,1,,,,,null,,,
3976,falling,1,773,303,22654,92.68,sam2,0.0,0.0,0.0
3977,falling,1,,,,,null,,,
3978,falling,1,,,,,null,,,
3979,falling,1,,,,,null,,,
3980,falling,1,773,303,22651,92.66,sam2,0.0,0.0,0.0
3981,falling,1,,,,,null,,,
3982,falling,1,,,,,null,,,
3983,falling,1,,,,,null,,,
3984,falling,1,773,303,22630,92.58,sam2,0.0,0.0,0.0
3985,falling,1,,,,,null,,,
3986,falling,1,,,,,null,,,
3987,falling,1,,,,,null,,,
3988,falling,1,773,303,22653,92.67,sam2,0.0,0.0,0.0
3989,falling,1,,,,,null,,,
3990,falling,1,,,,,null,,,
3991,falling,1,,,,,null,,,
3992,falling,1,773,303,22625,92.56,sam2,0.0,0.0,0.0
3993,falling,1,,,,,null,,,
3994,falling,1,,,,,null,,,
3995,falling,1,,,,,null,,,
3996,falling,1,773,303,22650,92.66,sam2,0.0,0.0,0.0
3997,falling,1,,,,,null,,,
3998,falling,1,,,,,null,,,
3999,falling,1,,,,,null,,,
4000,falling,1,773,303,22644,92.64,sam2,0.0,0.0,0.0
4001,falling,1,,,,,null,,,
4002,falling,1,,,,,null,,,
4003,falling,1,,,,,null,,,
4004,falling,1,773,303,22639,92.62,sam2,0.0,0.0,0.0
4005,falling,1,,,,,null,,,
4006,falling,1,,,,,null,,,
4007,falling,1,,,,,null,,,
4008,falling,1,773,303,22637,92.61,sam2,0.0,0.0,0.0
4009,falling,1,,,,,null,,,
4010,falling,1,,,,,null,,,
4011,falling,1,,,,,null,,,
4012,falling,1,773,303,22649,92.66,sam2,0.0,0.0,0.0
4013,falling,1,,,,,null,,,
4014,falling,1,,,,,null,,,
4015,falling,1,,,,,null,,,
4016,falling,1,773,303,22647,92.65,sam2,0.0,0.0,0.0
4017,falling,1,,,,,null,,,
4018,falling,1,,,,,null,,,
4019,falling,1,,,,,null,,,
4020,falling,1,773,303,22636,92.6,sam2,0.0,0.0,0.0
4021,falling,1,,,,,null,,,
4022,falling,1,,,,,null,,,
4023,falling,1,,,,,null,,,
4024,falling,1,773,303,22634,92.6,sam2,0.0,0.0,0.0
4025,falling,1,,,,,null,,,
4026,falling,1,,,,,null,,,
4027,falling,1,,,,,null,,,
4028,falling,1,773,303,22627,92.57,sam2,0.0,0.0,0.0
4029,falling,1,,,,,null,,,
4030,falling,1,,,,,null,,,
4031,falling,1,,,,,null,,,
4032,falling,1,773,303,22623,92.55,sam2,0.0,0.0,0.0
4033,falling,1,,,,,null,,,
4034,falling,1,,,,,null,,,
4035,falling,1,,,,,null,,,
4036,falling,1,773,303,22643,92.63,sam2,0.0,0.0,0.0
4037,falling,1,,,,,null,,,
4038,falling,1,,,,,null,,,
4039,falling,1,,,,,null,,,
4040,falling,1,773,303,22648,92.65,sam2,0.0,0.0,0.0
4041,falling,1,,,,,null,,,
4042,falling,1,,,,,null,,,
4043,falling,1,,,,,null,,,
4044,falling,1,773,303,22621,92.54,sam2,0.0,0.0,0.0
4045,falling,1,,,,,null,,,
4046,falling,1,,,,,null,,,
4047,falling,1,,,,,null,,,
4048,falling,1,773,303,22637,92.61,sam2,0.0,0.0,0.0
4049,falling,1,,,,,null,,,
4050,falling,1,,,,,null,,,
4051,falling,1,,,,,null,,,
4052,falling,1,773,303,22639,92.62,sam2,0.0,0.0,0.0
4053,falling,1,,,,,null,,,
4054,falling,1,,,,,null,,,
4055,falling,1,,,,,null,,,
4056,falling,1,773,303,22634,92.6,sam2,0.0,0.0,0.0
4057,falling,1,,,,,null,,,
4058,falling,1,,,,,null,,,
4059,falling,1,,,,,null,,,
4060,falling,1,773,303,22648,92.65,sam2,0.0,0.0,0.0
4061,falling,1,,,,,null,,,
4062,falling,1,,,,,null,,,
4063,falling,1,,,,,null,,,
4064,falling,1,773,303,22660,92.7,sam2,0.0,0.0,0.0
4065,falling,1,,,,,null,,,
4066,falling,1,,,,,null,,,
4067,falling,1,,,,,null,,,
4068,falling,1,773,303,22652,92.67,sam2,0.0,0.0,0.0
4069,falling,1,,,,,null,,,
4070,falling,1,,,,,null,,,
4071,falling,1,,,,,null,,,
4072,falling,1,773,302,22628,92.57,sam2,1.0,749.192,13.378
4073,falling,1,,,,,null,,,
4074,falling,1,,,,,null,,,
4075,falling,1,,,,,null,,,
4076,falling,1,773,302,22636,92.6,sam2,0.0,0.0,0.0
4077,falling,1,,,,,null,,,
4078,falling,1,,,,,null,,,
4079,falling,1,,,,,null,,,
4080,falling,1,773,302,22640,92.62,sam2,0.0,0.0,0.0
4081,falling,1,,,,,null,,,
4082,falling,1,,,,,null,,,
4083,falling,1,,,,,null,,,
4084,falling,1,773,303,22665,92.72,sam2,1.0,749.192,13.378
4085,falling,1,,,,,null,,,
4086,falling,1,,,,,null,,,
4087,falling,1,,,,,null,,,
4088,falling,1,773,302,22634,92.6,sam2,1.0,749.192,13.378
4089,falling,1,,,,,null,,,
4090,falling,1,,,,,null,,,
4091,falling,1,,,,,null,,,
4092,falling,1,773,303,22636,92.6,sam2,1.0,749.192,13.378
4093,falling,1,,,,,null,,,
4094,falling,1,,,,,null,,,
4095,falling,1,,,,,null,,,
4096,falling,1,773,303,22619,92.53,sam2,0.0,0.0,0.0
4097,falling,1,,,,,null,,,
4098,falling,1,,,,,null,,,
4099,falling,1,,,,,null,,,
4100,falling,1,773,303,22621,92.54,sam2,0.0,0.0,0.0
4101,falling,1,,,,,null,,,
4102,falling,1,,,,,null,,,
4103,falling,1,,,,,null,,,
4104,falling,1,773,303,22616,92.52,sam2,0.0,0.0,0.0
4105,falling,1,,,,,null,,,
4106,falling,1,,,,,null,,,
4107,falling,1,,,,,null,,,
4108,falling,1,773,303,22635,92.6,sam2,0.0,0.0,0.0
4109,falling,1,,,,,null,,,
4110,falling,1,,,,,null,,,
4111,falling,1,,,,,null,,,
4112,falling,1,773,303,22666,92.73,sam2,0.0,0.0,0.0
4113,falling,1,,,,,null,,,
4114,falling,1,,,,,null,,,
4115,falling,1,,,,,null,,,
4116,falling,1,773,303,22614,92.51,sam2,0.0,0.0,0.0
4117,falling,1,,,,,null,,,
4118,falling,1,,,,,null,,,
4119,falling,1,,,,,null,,,
4120,falling,1,773,303,22641,92.62,sam2,0.0,0.0,0.0
4121,falling,1,,,,,null,,,
4122,falling,1,,,,,null,,,
4123,falling,1,,,,,null,,,
4124,falling,1,773,303,22613,92.51,sam2,0.0,0.0,0.0
4125,falling,1,,,,,null,,,
4126,falling,1,,,,,null,,,
4127,falling,1,,,,,null,,,
4128,falling,1,773,303,22625,92.56,sam2,0.0,0.0,0.0
4129,falling,1,,,,,null,,,
4130,falling,1,,,,,null,,,
4131,falling,1,,,,,null,,,
4132,falling,1,773,303,22625,92.56,sam2,0.0,0.0,0.0
4133,falling,1,,,,,null,,,
4134,falling,1,,,,,null,,,
4135,falling,1,,,,,null,,,
4136,falling,1,773,303,22607,92.48,sam2,0.0,0.0,0.0
4137,falling,1,,,,,null,,,
4138,falling,1,,,,,null,,,
4139,falling,1,,,,,null,,,
4140,falling,1,773,303,22623,92.55,sam2,0.0,0.0,0.0
4141,falling,1,,,,,null,,,
4142,falling,1,,,,,null,,,
4143,falling,1,,,,,null,,,
4144,falling,1,773,303,22637,92.61,sam2,0.0,0.0,0.0
4145,falling,1,,,,,null,,,
4146,falling,1,,,,,null,,,
4147,falling,1,,,,,null,,,
4148,falling,1,773,303,22619,92.53,sam2,0.0,0.0,0.0
4149,falling,1,,,,,null,,,
4150,falling,1,,,,,null,,,
4151,falling,1,,,,,null,,,
4152,falling,1,773,303,22630,92.58,sam2,0.0,0.0,0.0
4153,falling,1,,,,,null,,,
4154,falling,1,,,,,null,,,
4155,falling,1,,,,,null,,,
4156,falling,1,773,303,22608,92.49,sam2,0.0,0.0,0.0
4157,falling,1,,,,,null,,,
4158,falling,1,,,,,null,,,
4159,falling,1,,,,,null,,,
4160,falling,1,773,303,22631,92.58,sam2,0.0,0.0,0.0
4161,falling,1,,,,,null,,,
4162,falling,1,,,,,null,,,
4163,falling,1,,,,,null,,,
4164,falling,1,773,303,22638,92.61,sam2,0.0,0.0,0.0
4165,falling,1,,,,,null,,,
4166,falling,1,,,,,null,,,
4167,falling,1,,,,,null,,,
4168,falling,1,773,303,22633,92.59,sam2,0.0,0.0,0.0
4169,falling,1,,,,,null,,,
4170,falling,1,,,,,null,,,
4171,falling,1,,,,,null,,,
4172,falling,1,773,303,22631,92.58,sam2,0.0,0.0,0.0
4173,falling,1,,,,,null,,,
4174,falling,1,,,,,null,,,
4175,falling,1,,,,,null,,,
4176,falling,1,773,303,22625,92.56,sam2,0.0,0.0,0.0
4177,falling,1,,,,,null,,,
4178,falling,1,,,,,null,,,
4179,falling,1,,,,,null,,,
4180,falling,1,773,303,22642,92.63,sam2,0.0,0.0,0.0
4181,falling,1,,,,,null,,,
4182,falling,1,,,,,null,,,
4183,falling,1,,,,,null,,,
4184,falling,1,773,303,22645,92.64,sam2,0.0,0.0,0.0
4185,falling,1,,,,,null,,,
4186,falling,1,,,,,null,,,
4187,falling,1,,,,,null,,,
4188,falling,1,773,302,22616,92.52,sam2,1.0,749.192,13.378
4189,falling,1,,,,,null,,,
4190,falling,1,,,,,null,,,
4191,falling,1,,,,,null,,,
4192,falling,1,773,302,22611,92.5,sam2,0.0,0.0,0.0
4193,falling,1,,,,,null,,,
4194,falling,1,,,,,null,,,
4195,falling,1,,,,,null,,,
4196,falling,1,773,302,22635,92.6,sam2,0.0,0.0,0.0
4197,falling,1,,,,,null,,,
4198,falling,1,,,,,null,,,
4199,falling,1,,,,,null,,,
4200,falling,1,773,302,22618,92.53,sam2,0.0,0.0,0.0
4201,falling,1,,,,,null,,,
4202,falling,1,,,,,null,,,
4203,falling,1,,,,,null,,,
4204,falling,1,773,303,22661,92.71,sam2,1.0,749.192,13.378
4205,falling,1,,,,,null,,,
4206,falling,1,,,,,null,,,
4207,falling,1,,,,,null,,,
4208,falling,1,773,302,22629,92.57,sam2,1.0,749.192,13.378
4209,falling,1,,,,,null,,,
4210,falling,1,,,,,null,,,
4211,falling,1,,,,,null,,,
4212,falling,1,773,303,22647,92.65,sam2,1.0,749.192,13.378
4213,falling,1,,,,,null,,,
4214,falling,1,,,,,null,,,
4215,falling,1,,,,,null,,,
4216,falling,1,773,302,22641,92.62,sam2,1.0,749.192,13.378
4217,falling,1,,,,,null,,,
4218,falling,1,,,,,null,,,
4219,falling,1,,,,,null,,,
4220,falling,1,773,302,22638,92.61,sam2,0.0,0.0,0.0
4221,falling,1,,,,,null,,,
4222,falling,1,,,,,null,,,
4223,falling,1,,,,,null,,,
4224,falling,1,773,303,22652,92.67,sam2,1.0,749.192,13.378
4225,falling,1,,,,,null,,,
4226,falling,1,,,,,null,,,
4227,falling,1,,,,,null,,,
4228,falling,1,773,303,22614,92.51,sam2,0.0,0.0,0.0
4229,falling,1,,,,,null,,,
4230,falling,1,,,,,null,,,
4231,falling,1,,,,,null,,,
4232,falling,1,773,303,22626,92.56,sam2,0.0,0.0,0.0
4233,falling,1,,,,,null,,,
4234,falling,1,,,,,null,,,
4235,falling,1,,,,,null,,,
4236,falling,1,773,303,22636,92.6,sam2,0.0,0.0,0.0
4237,falling,1,,,,,null,,,
4238,falling,1,,,,,null,,,
4239,falling,1,,,,,null,,,
4240,falling,1,773,303,22600,92.46,sam2,0.0,0.0,0.0
4241,falling,1,,,,,null,,,
4242,falling,1,,,,,null,,,
4243,falling,1,,,,,null,,,
4244,falling,1,773,303,22623,92.55,sam2,0.0,0.0,0.0
4245,falling,1,,,,,null,,,
4246,falling,1,,,,,null,,,
4247,falling,1,,,,,null,,,
4248,falling,1,773,303,22650,92.66,sam2,0.0,0.0,0.0
4249,falling,1,,,,,null,,,
4250,falling,1,,,,,null,,,
4251,falling,1,,,,,null,,,
4252,falling,1,773,303,22648,92.65,sam2,0.0,0.0,0.0
4253,falling,1,,,,,null,,,
4254,falling,1,,,,,null,,,
4255,falling,1,,,,,null,,,
4256,falling,1,773,303,22623,92.55,sam2,0.0,0.0,0.0
4257,falling,1,,,,,null,,,
4258,falling,1,,,,,null,,,
4259,falling,1,,,,,null,,,
4260,falling,1,773,303,22640,92.62,sam2,0.0,0.0,0.0
4261,falling,1,,,,,null,,,
4262,falling,1,,,,,null,,,
4263,falling,1,,,,,null,,,
4264,falling,1,773,303,22645,92.64,sam2,0.0,0.0,0.0
4265,falling,1,,,,,null,,,
4266,falling,1,,,,,null,,,
4267,falling,1,,,,,null,,,
4268,falling,1,773,303,22636,92.6,sam2,0.0,0.0,0.0
4269,falling,1,,,,,null,,,
4270,falling,1,,,,,null,,,
4271,falling,1,,,,,null,,,
4272,falling,1,773,303,22620,92.54,sam2,0.0,0.0,0.0
4273,falling,1,,,,,null,,,
4274,falling,1,,,,,null,,,
4275,falling,1,,,,,null,,,
4276,falling,1,773,302,22620,92.54,sam2,1.0,749.192,13.378
4277,falling,1,,,,,null,,,
4278,falling,1,,,,,null,,,
4279,falling,1,,,,,null,,,
4280,falling,1,773,303,22637,92.61,sam2,1.0,749.192,13.378
4281,falling,1,,,,,null,,,
4282,falling,1,,,,,null,,,
4283,falling,1,,,,,null,,,
4284,falling,1,773,302,22625,92.56,sam2,1.0,749.192,13.378
4285,falling,1,,,,,null,,,
4286,falling,1,,,,,null,,,
4287,falling,1,,,,,null,,,
4288,falling,1,773,302,22618,92.53,sam2,0.0,0.0,0.0
4289,falling,1,,,,,null,,,
4290,falling,1,,,,,null,,,
4291,falling,1,,,,,null,,,
4292,falling,1,773,303,22645,92.64,sam2,1.0,749.192,13.378
4293,falling,1,,,,,null,,,
4294,falling,1,,,,,null,,,
4295,falling,1,,,,,null,,,
4296,falling,1,773,302,22633,92.59,sam2,1.0,749.192,13.378
4297,falling,1,,,,,null,,,
4298,falling,1,,,,,null,,,
4299,falling,1,,,,,null,,,
4300,falling,1,773,302,22629,92.57,sam2,0.0,0.0,0.0
4301,falling,1,,,,,null,,,
4302,falling,1,,,,,null,,,
4303,falling,1,,,,,null,,,
4304,falling,1,773,303,22611,92.5,sam2,1.0,749.192,13.378
4305,falling,1,,,,,null,,,
4306,falling,1,,,,,null,,,
4307,falling,1,,,,,null,,,
4308,falling,1,773,302,22630,92.58,sam2,1.0,749.192,13.378
4309,falling,1,,,,,null,,,
4310,falling,1,,,,,null,,,
4311,falling,1,,,,,null,,,
4312,falling,1,773,303,22622,92.55,sam2,1.0,749.192,13.378
4313,falling,1,,,,,null,,,
4314,falling,1,,,,,null,,,
4315,falling,1,,,,,null,,,
4316,falling,1,773,303,22651,92.66,sam2,0.0,0.0,0.0
4317,falling,1,,,,,null,,,
4318,falling,1,,,,,null,,,
4319,falling,1,,,,,null,,,
4320,falling,1,773,303,22624,92.55,sam2,0.0,0.0,0.0
4321,falling,1,,,,,null,,,
4322,falling,1,,,,,null,,,
4323,falling,1,,,,,null,,,
4324,falling,1,773,303,22641,92.62,sam2,0.0,0.0,0.0
4325,falling,1,,,,,null,,,
4326,falling,1,,,,,null,,,
4327,falling,1,,,,,null,,,
4328,falling,1,773,303,22644,92.64,sam2,0.0,0.0,0.0
4329,falling,1,,,,,null,,,
4330,falling,1,,,,,null,,,
4331,falling,1,,,,,null,,,
4332,falling,1,773,303,22640,92.62,sam2,0.0,0.0,0.0
4333,falling,1,,,,,null,,,
4334,falling,1,,,,,null,,,
4335,falling,1,,,,,null,,,
4336,falling,1,773,303,22637,92.61,sam2,0.0,0.0,0.0
4337,falling,1,,,,,null,,,
4338,falling,1,,,,,null,,,
4339,falling,1,,,,,null,,,
4340,falling,1,773,303,22627,92.57,sam2,0.0,0.0,0.0
4341,falling,1,,,,,null,,,
4342,falling,1,,,,,null,,,
4343,falling,1,,,,,null,,,
4344,falling,1,773,303,22663,92.71,sam2,0.0,0.0,0.0
4345,falling,1,,,,,null,,,
4346,falling,1,,,,,null,,,
4347,falling,1,,,,,null,,,
4348,falling,1,773,303,22638,92.61,sam2,0.0,0.0,0.0
4349,falling,1,,,,,null,,,
4350,falling,1,,,,,null,,,
4351,falling,1,,,,,null,,,
4352,falling,1,773,303,22636,92.6,sam2,0.0,0.0,0.0
4353,falling,1,,,,,null,,,
4354,falling,1,,,,,null,,,
4355,falling,1,,,,,null,,,
4356,falling,1,773,303,22644,92.64,sam2,0.0,0.0,0.0
4357,falling,1,,,,,null,,,
4358,falling,1,,,,,null,,,
4359,falling,1,,,,,null,,,
4360,falling,1,773,303,22627,92.57,sam2,0.0,0.0,0.0
4361,falling,1,,,,,null,,,
4362,falling,1,,,,,null,,,
4363,falling,1,,,,,null,,,
4364,falling,1,773,303,22651,92.66,sam2,0.0,0.0,0.0
4365,falling,1,,,,,null,,,
4366,falling,1,,,,,null,,,
4367,falling,1,,,,,null,,,
4368,falling,1,773,303,22629,92.57,sam2,0.0,0.0,0.0
4369,falling,1,,,,,null,,,
4370,falling,1,,,,,null,,,
4371,falling,1,,,,,null,,,
4372,falling,1,773,303,22629,92.57,sam2,0.0,0.0,0.0
4373,falling,1,,,,,null,,,
4374,falling,1,,,,,null,,,
4375,falling,1,,,,,null,,,
4376,falling,1,773,303,22616,92.52,sam2,0.0,0.0,0.0
4377,falling,1,,,,,null,,,
4378,falling,1,,,,,null,,,
4379,falling,1,,,,,null,,,
4380,falling,1,773,303,22614,92.51,sam2,0.0,0.0,0.0
4381,falling,1,,,,,null,,,
4382,falling,1,,,,,null,,,
4383,falling,1,,,,,null,,,
4384,falling,1,773,303,22631,92.58,sam2,0.0,0.0,0.0
4385,falling,1,,,,,null,,,
4386,falling,1,,,,,null,,,
4387,falling,1,,,,,null,,,
4388,falling,1,773,303,22634,92.6,sam2,0.0,0.0,0.0
4389,falling,1,,,,,null,,,
4390,falling,1,,,,,null,,,
4391,falling,1,,,,,null,,,
4392,falling,1,773,303,22656,92.69,sam2,0.0,0.0,0.0
4393,falling,1,,,,,null,,,
4394,falling,1,,,,,null,,,
4395,falling,1,,,,,null,,,
4396,falling,1,773,303,22653,92.67,sam2,0.0,0.0,0.0
4397,falling,1,,,,,null,,,
4398,falling,1,,,,,null,,,
4399,falling,1,,,,,null,,,
4400,falling,1,773,303,22638,92.61,sam2,0.0,0.0,0.0
4401,falling,1,,,,,null,,,
4402,falling,1,,,,,null,,,
4403,falling,1,,,,,null,,,
4404,falling,1,773,303,22642,92.63,sam2,0.0,0.0,0.0
4405,falling,1,,,,,null,,,
4406,falling,1,,,,,null,,,
4407,falling,1,,,,,null,,,
4408,falling,1,773,303,22624,92.55,sam2,0.0,0.0,0.0
4409,falling,1,,,,,null,,,
4410,falling,1,,,,,null,,,
4411,falling,1,,,,,null,,,
4412,falling,1,773,302,22618,92.53,sam2,1.0,749.192,13.378
4413,falling,1,,,,,null,,,
4414,falling,1,,,,,null,,,
4415,falling,1,,,,,null,,,
4416,falling,1,773,302,22611,92.5,sam2,0.0,0.0,0.0
4417,falling,1,,,,,null,,,
4418,falling,1,,,,,null,,,
4419,falling,1,,,,,null,,,
4420,falling,1,773,302,22628,92.57,sam2,0.0,0.0,0.0
4421,falling,1,,,,,null,,,
4422,falling,1,,,,,null,,,
4423,falling,1,,,,,null,,,
4424,falling,1,773,303,22622,92.55,sam2,1.0,749.192,13.378
4425,falling,1,,,,,null,,,
4426,falling,1,,,,,null,,,
4427,falling,1,,,,,null,,,
4428,falling,1,773,303,22636,92.6,sam2,0.0,0.0,0.0
4429,falling,1,,,,,null,,,
4430,falling,1,,,,,null,,,
4431,falling,1,,,,,null,,,
4432,falling,1,773,302,22618,92.53,sam2,1.0,749.192,13.378
4433,falling,1,,,,,null,,,
4434,falling,1,,,,,null,,,
4435,falling,1,,,,,null,,,
4436,falling,1,773,303,22656,92.69,sam2,1.0,749.192,13.378
4437,falling,1,,,,,null,,,
4438,falling,1,,,,,null,,,
4439,falling,1,,,,,null,,,
4440,falling,1,773,303,22646,92.64,sam2,0.0,0.0,0.0
4441,falling,1,,,,,null,,,
4442,falling,1,,,,,null,,,
4443,falling,1,,,,,null,,,
4444,falling,1,773,303,22647,92.65,sam2,0.0,0.0,0.0
4445,falling,1,,,,,null,,,
4446,falling,1,,,,,null,,,
4447,falling,1,,,,,null,,,
4448,falling,1,773,303,22642,92.63,sam2,0.0,0.0,0.0
4449,falling,1,,,,,null,,,
4450,falling,1,,,,,null,,,
4451,falling,1,,,,,null,,,
4452,falling,1,773,303,22640,92.62,sam2,0.0,0.0,0.0
4453,falling,1,,,,,null,,,
4454,falling,1,,,,,null,,,
4455,falling,1,,,,,null,,,
4456,falling,1,773,303,22646,92.64,sam2,0.0,0.0,0.0
4457,falling,1,,,,,null,,,
4458,falling,1,,,,,null,,,
4459,falling,1,,,,,null,,,
4460,falling,1,773,303,22615,92.52,sam2,0.0,0.0,0.0
4461,falling,1,,,,,null,,,
4462,falling,1,,,,,null,,,
4463,falling,1,,,,,null,,,
4464,falling,1,773,303,22646,92.64,sam2,0.0,0.0,0.0
4465,falling,1,,,,,null,,,
4466,falling,1,,,,,null,,,
4467,falling,1,,,,,null,,,
4468,falling,1,773,303,22645,92.64,sam2,0.0,0.0,0.0
4469,falling,1,,,,,null,,,
4470,falling,1,,,,,null,,,
4471,falling,1,,,,,null,,,
4472,falling,1,773,303,22619,92.53,sam2,0.0,0.0,0.0
4473,falling,1,,,,,null,,,
4474,falling,1,,,,,null,,,
4475,falling,1,,,,,null,,,
4476,falling,1,773,303,22629,92.57,sam2,0.0,0.0,0.0
4477,falling,1,,,,,null,,,
4478,falling,1,,,,,null,,,
4479,falling,1,,,,,null,,,
4480,falling,1,773,303,22618,92.53,sam2,0.0,0.0,0.0
4481,falling,1,,,,,null,,,
4482,falling,1,,,,,null,,,
4483,falling,1,,,,,null,,,
4484,falling,1,773,303,22631,92.58,sam2,0.0,0.0,0.0
4485,falling,1,,,,,null,,,
4486,falling,1,,,,,null,,,
4487,falling,1,,,,,null,,,
4488,falling,1,773,303,22653,92.67,sam2,0.0,0.0,0.0
4489,falling,1,,,,,null,,,
4490,falling,1,,,,,null,,,
4491,falling,1,,,,,null,,,
4492,falling,1,773,303,22637,92.61,sam2,0.0,0.0,0.0
4493,falling,1,,,,,null,,,
4494,falling,1,,,,,null,,,
4495,falling,1,,,,,null,,,
4496,falling,1,773,303,22632,92.59,sam2,0.0,0.0,0.0
4497,falling,1,,,,,null,,,
4498,falling,1,,,,,null,,,
4499,falling,1,,,,,null,,,
4500,falling,1,773,303,22615,92.52,sam2,0.0,0.0,0.0
4501,falling,1,,,,,null,,,
4502,falling,1,,,,,null,,,
4503,falling,1,,,,,null,,,
4504,falling,1,773,303,22627,92.57,sam2,0.0,0.0,0.0
4505,falling,1,,,,,null,,,
4506,falling,1,,,,,null,,,
4507,falling,1,,,,,null,,,
4508,falling,1,773,303,22629,92.57,sam2,0.0,0.0,0.0
4509,falling,1,,,,,null,,,
4510,falling,1,,,,,null,,,
4511,falling,1,,,,,null,,,
4512,falling,1,773,303,22606,92.48,sam2,0.0,0.0,0.0
4513,falling,1,,,,,null,,,
4514,falling,1,,,,,null,,,
4515,falling,1,,,,,null,,,
4516,falling,1,773,303,22636,92.6,sam2,0.0,0.0,0.0
4517,falling,1,,,,,null,,,
4518,falling,1,,,,,null,,,
4519,falling,1,,,,,null,,,
4520,falling,1,773,303,22622,92.55,sam2,0.0,0.0,0.0
4521,falling,1,,,,,null,,,
4522,falling,1,,,,,null,,,
4523,falling,1,,,,,null,,,
4524,falling,1,773,303,22594,92.43,sam2,0.0,0.0,0.0
4525,falling,1,,,,,null,,,
4526,falling,1,,,,,null,,,
4527,falling,1,,,,,null,,,
4528,falling,1,773,303,22589,92.41,sam2,0.0,0.0,0.0
4529,falling,1,,,,,null,,,
4530,falling,1,,,,,null,,,
4531,falling,1,,,,,null,,,
4532,falling,1,773,303,22633,92.59,sam2,0.0,0.0,0.0
4533,falling,1,,,,,null,,,
4534,falling,1,,,,,null,,,
4535,falling,1,,,,,null,,,
4536,falling,1,773,303,22644,92.64,sam2,0.0,0.0,0.0
4537,falling,1,,,,,null,,,
4538,falling,1,,,,,null,,,
4539,falling,1,,,,,null,,,
4540,falling,1,773,303,22647,92.65,sam2,0.0,0.0,0.0
4541,falling,1,,,,,null,,,
4542,falling,1,,,,,null,,,
4543,falling,1,,,,,null,,,
4544,falling,1,773,303,22651,92.66,sam2,0.0,0.0,0.0
4545,falling,1,,,,,null,,,
4546,falling,1,,,,,null,,,
4547,falling,1,,,,,null,,,
4548,falling,1,773,302,22647,92.65,sam2,1.0,749.192,13.378
4549,falling,1,,,,,null,,,
4550,falling,1,,,,,null,,,
4551,falling,1,,,,,null,,,
4552,falling,1,773,302,22606,92.48,sam2,0.0,0.0,0.0
4553,falling,1,,,,,null,,,
4554,falling,1,,,,,null,,,
4555,falling,1,,,,,null,,,
4556,falling,1,773,302,22620,92.54,sam2,0.0,0.0,0.0
4557,falling,1,,,,,null,,,
4558,falling,1,,,,,null,,,
4559,falling,1,,,,,null,,,
4560,falling,1,773,302,22624,92.55,sam2,0.0,0.0,0.0
4561,falling,1,,,,,null,,,
4562,falling,1,,,,,null,,,
4563,falling,1,,,,,null,,,
4564,falling,1,773,303,22639,92.62,sam2,1.0,749.192,13.378
4565,falling,1,,,,,null,,,
4566,falling,1,,,,,null,,,
4567,falling,1,,,,,null,,,
4568,falling,1,773,302,22631,92.58,sam2,1.0,749.192,13.378
4569,falling,1,,,,,null,,,
4570,falling,1,,,,,null,,,
4571,falling,1,,,,,null,,,
4572,falling,1,773,303,22620,92.54,sam2,1.0,749.192,13.378
4573,falling,1,,,,,null,,,
4574,falling,1,,,,,null,,,
4575,falling,1,,,,,null,,,
4576,falling,1,773,303,22644,92.64,sam2,0.0,0.0,0.0
4577,falling,1,,,,,null,,,
4578,falling,1,,,,,null,,,
4579,falling,1,,,,,null,,,
4580,falling,1,773,303,22638,92.61,sam2,0.0,0.0,0.0
4581,falling,1,,,,,null,,,
4582,falling,1,,,,,null,,,
4583,falling,1,,,,,null,,,
4584,falling,1,773,303,22626,92.56,sam2,0.0,0.0,0.0
4585,falling,1,,,,,null,,,
4586,falling,1,,,,,null,,,
4587,falling,1,,,,,null,,,
4588,falling,1,773,303,22642,92.63,sam2,0.0,0.0,0.0
4589,falling,1,,,,,null,,,
4590,falling,1,,,,,null,,,
4591,falling,1,,,,,null,,,
4592,falling,1,773,303,22649,92.66,sam2,0.0,0.0,0.0
4593,falling,1,,,,,null,,,
4594,falling,1,,,,,null,,,
4595,falling,1,,,,,null,,,
4596,falling,1,773,303,22627,92.57,sam2,0.0,0.0,0.0
4597,falling,1,,,,,null,,,
4598,falling,1,,,,,null,,,
4599,falling,1,,,,,null,,,
4600,falling,1,773,303,22636,92.6,sam2,0.0,0.0,0.0
4601,falling,1,,,,,null,,,
4602,falling,1,,,,,null,,,
4603,falling,1,,,,,null,,,
4604,falling,1,773,303,22626,92.56,sam2,0.0,0.0,0.0
4605,falling,1,,,,,null,,,
4606,falling,1,,,,,null,,,
4607,falling,1,,,,,null,,,
4608,falling,1,773,303,22621,92.54,sam2,0.0,0.0,0.0
4609,falling,1,,,,,null,,,
4610,falling,1,,,,,null,,,
4611,falling,1,,,,,null,,,
4612,falling,1,773,303,22640,92.62,sam2,0.0,0.0,0.0
4613,falling,1,,,,,null,,,
4614,falling,1,,,,,null,,,
4615,falling,1,,,,,null,,,
4616,falling,1,773,303,22645,92.64,sam2,0.0,0.0,0.0
4617,falling,1,,,,,null,,,
4618,falling,1,,,,,null,,,
4619,falling,1,,,,,null,,,
4620,falling,1,773,303,22635,92.6,sam2,0.0,0.0,0.0
4621,falling,1,,,,,null,,,
4622,falling,1,,,,,null,,,
4623,falling,1,,,,,null,,,
4624,falling,1,773,303,22627,92.57,sam2,0.0,0.0,0.0
4625,falling,1,,,,,null,,,
4626,falling,1,,,,,null,,,
4627,falling,1,,,,,null,,,
4628,falling,1,773,303,22612,92.51,sam2,0.0,0.0,0.0
4629,falling,1,,,,,null,,,
4630,falling,1,,,,,null,,,
4631,falling,1,,,,,null,,,
4632,falling,1,773,303,22628,92.57,sam2,0.0,0.0,0.0
4633,falling,1,,,,,null,,,
4634,falling,1,,,,,null,,,
4635,falling,1,,,,,null,,,
4636,falling,1,773,303,22644,92.64,sam2,0.0,0.0,0.0
4637,falling,1,,,,,null,,,
4638,falling,1,,,,,null,,,
4639,falling,1,,,,,null,,,
4640,falling,1,773,303,22622,92.55,sam2,0.0,0.0,0.0
4641,falling,1,,,,,null,,,
4642,falling,1,,,,,null,,,
4643,falling,1,,,,,null,,,
4644,falling,1,773,303,22634,92.6,sam2,0.0,0.0,0.0
4645,falling,1,,,,,null,,,
4646,falling,1,,,,,null,,,
4647,falling,1,,,,,null,,,
4648,falling,1,773,303,22632,92.59,sam2,0.0,0.0,0.0
4649,falling,1,,,,,null,,,
4650,falling,1,,,,,null,,,
4651,falling,1,,,,,null,,,
4652,falling,1,773,302,22625,92.56,sam2,1.0,749.192,13.378
4653,falling,1,,,,,null,,,
4654,falling,1,,,,,null,,,
4655,falling,1,,,,,null,,,
4656,falling,1,773,303,22628,92.57,sam2,1.0,749.192,13.378
4657,falling,1,,,,,null,,,
4658,falling,1,,,,,null,,,
4659,falling,1,,,,,null,,,
4660,falling,1,773,302,22606,92.48,sam2,1.0,749.192,13.378
4661,falling,1,,,,,null,,,
4662,falling,1,,,,,null,,,
4663,falling,1,,,,,null,,,
4664,falling,1,773,303,22629,92.57,sam2,1.0,749.192,13.378
4665,falling,1,,,,,null,,,
4666,falling,1,,,,,null,,,
4667,falling,1,,,,,null,,,
4668,falling,1,773,302,22629,92.57,sam2,1.0,749.192,13.378
4669,falling,1,,,,,null,,,
4670,falling,1,,,,,null,,,
4671,falling,1,,,,,null,,,
4672,falling,1,773,302,22625,92.56,sam2,0.0,0.0,0.0
4673,falling,1,,,,,null,,,
4674,falling,1,,,,,null,,,
4675,falling,1,,,,,null,,,
4676,falling,1,773,302,22641,92.62,sam2,0.0,0.0,0.0
4677,falling,1,,,,,null,,,
4678,falling,1,,,,,null,,,
4679,falling,1,,,,,null,,,
4680,falling,1,773,303,22651,92.66,sam2,1.0,749.192,13.378
4681,falling,1,,,,,null,,,
4682,falling,1,,,,,null,,,
4683,falling,1,,,,,null,,,
4684,falling,1,773,303,22650,92.66,sam2,0.0,0.0,0.0
4685,falling,1,,,,,null,,,
4686,falling,1,,,,,null,,,
4687,falling,1,,,,,null,,,
4688,falling,1,773,303,22657,92.69,sam2,0.0,0.0,0.0
4689,falling,1,,,,,null,,,
4690,falling,1,,,,,null,,,
4691,falling,1,,,,,null,,,
4692,falling,1,773,303,22630,92.58,sam2,0.0,0.0,0.0
4693,falling,1,,,,,null,,,
4694,falling,1,,,,,null,,,
4695,falling,1,,,,,null,,,
4696,falling,1,773,303,22638,92.61,sam2,0.0,0.0,0.0
4697,falling,1,,,,,null,,,
4698,falling,1,,,,,null,,,
4699,falling,1,,,,,null,,,
4700,falling,1,773,303,22644,92.64,sam2,0.0,0.0,0.0
4701,falling,1,,,,,null,,,
4702,falling,1,,,,,null,,,
4703,falling,1,,,,,null,,,
4704,falling,1,773,303,22622,92.55,sam2,0.0,0.0,0.0
4705,falling,1,,,,,null,,,
4706,falling,1,,,,,null,,,
4707,falling,1,,,,,null,,,
4708,falling,1,773,303,22625,92.56,sam2,0.0,0.0,0.0
4709,falling,1,,,,,null,,,
4710,falling,1,,,,,null,,,
4711,falling,1,,,,,null,,,
4712,falling,1,773,303,22638,92.61,sam2,0.0,0.0,0.0
4713,falling,1,,,,,null,,,
4714,falling,1,,,,,null,,,
4715,falling,1,,,,,null,,,
4716,falling,1,773,303,22646,92.64,sam2,0.0,0.0,0.0
4717,falling,1,,,,,null,,,
4718,falling,1,,,,,null,,,
4719,falling,1,,,,,null,,,
4720,falling,1,773,303,22629,92.57,sam2,0.0,0.0,0.0
4721,falling,1,,,,,null,,,
4722,falling,1,,,,,null,,,
4723,falling,1,,,,,null,,,
4724,falling,1,773,303,22637,92.61,sam2,0.0,0.0,0.0
4725,falling,1,,,,,null,,,
4726,falling,1,,,,,null,,,
4727,falling,1,,,,,null,,,
4728,falling,1,773,303,22650,92.66,sam2,0.0,0.0,0.0
4729,falling,1,,,,,null,,,
4730,falling,1,,,,,null,,,
4731,falling,1,,,,,null,,,
4732,falling,1,773,303,22603,92.47,sam2,0.0,0.0,0.0
4733,falling,1,,,,,null,,,
4734,falling,1,,,,,null,,,
4735,falling,1,,,,,null,,,
4736,falling,1,773,303,22595,92.44,sam2,0.0,0.0,0.0
4737,falling,1,,,,,null,,,
4738,falling,1,,,,,null,,,
4739,falling,1,,,,,null,,,
4740,falling,1,773,303,22612,92.51,sam2,0.0,0.0,0.0
4741,falling,1,,,,,null,,,
4742,falling,1,,,,,null,,,
4743,falling,1,,,,,null,,,
4744,falling,1,773,303,22650,92.66,sam2,0.0,0.0,0.0
4745,falling,1,,,,,null,,,
4746,falling,1,,,,,null,,,
4747,falling,1,,,,,null,,,
4748,falling,1,773,303,22655,92.68,sam2,0.0,0.0,0.0
4749,falling,1,,,,,null,,,
4750,falling,1,,,,,null,,,
4751,falling,1,,,,,null,,,
4752,falling,1,773,303,22632,92.59,sam2,0.0,0.0,0.0
4753,falling,1,,,,,null,,,
4754,falling,1,,,,,null,,,
4755,falling,1,,,,,null,,,
4756,falling,1,773,303,22630,92.58,sam2,0.0,0.0,0.0
4757,falling,1,,,,,null,,,
4758,falling,1,,,,,null,,,
4759,falling,1,,,,,null,,,
4760,falling,1,773,303,22625,92.56,sam2,0.0,0.0,0.0
4761,falling,1,,,,,null,,,
4762,falling,1,,,,,null,,,
4763,falling,1,,,,,null,,,
4764,falling,1,773,303,22617,92.53,sam2,0.0,0.0,0.0
4765,falling,1,,,,,null,,,
4766,falling,1,,,,,null,,,
4767,falling,1,,,,,null,,,
4768,falling,1,773,303,22611,92.5,sam2,0.0,0.0,0.0
4769,falling,1,,,,,null,,,
4770,falling,1,,,,,null,,,
4771,falling,1,,,,,null,,,
4772,falling,1,773,302,22619,92.53,sam2,1.0,749.192,13.378
4773,falling,1,,,,,null,,,
4774,falling,1,,,,,null,,,
4775,falling,1,,,,,null,,,
4776,falling,1,773,303,22641,92.62,sam2,1.0,749.192,13.378
4777,falling,1,,,,,null,,,
4778,falling,1,,,,,null,,,
4779,falling,1,,,,,null,,,
4780,falling,1,773,303,22621,92.54,sam2,0.0,0.0,0.0
4781,falling,1,,,,,null,,,
4782,falling,1,,,,,null,,,
4783,falling,1,,,,,null,,,
4784,falling,1,773,303,22651,92.66,sam2,0.0,0.0,0.0
4785,falling,1,,,,,null,,,
4786,falling,1,,,,,null,,,
4787,falling,1,,,,,null,,,
4788,falling,1,773,303,22638,92.61,sam2,0.0,0.0,0.0
4789,falling,1,,,,,null,,,
4790,falling,1,,,,,null,,,
4791,falling,1,,,,,null,,,
4792,falling,1,773,303,22667,92.73,sam2,0.0,0.0,0.0
4793,falling,1,,,,,null,,,
4794,falling,1,,,,,null,,,
4795,falling,1,,,,,null,,,
4796,falling,1,773,302,22627,92.57,sam2,1.0,749.192,13.378
4797,falling,1,,,,,null,,,
4798,falling,1,,,,,null,,,
4799,falling,1,,,,,null,,,
4800,falling,1,773,303,22670,92.74,sam2,1.0,749.192,13.378
4801,falling,1,,,,,null,,,
4802,falling,1,,,,,null,,,
4803,falling,1,,,,,null,,,
4804,falling,1,773,303,22651,92.66,sam2,0.0,0.0,0.0
4805,falling,1,,,,,null,,,
4806,falling,1,,,,,null,,,
4807,falling,1,,,,,null,,,
4808,falling,1,773,303,22652,92.67,sam2,0.0,0.0,0.0
4809,falling,1,,,,,null,,,
4810,falling,1,,,,,null,,,
4811,falling,1,,,,,null,,,
4812,falling,1,773,303,22652,92.67,sam2,0.0,0.0,0.0
4813,falling,1,,,,,null,,,
4814,falling,1,,,,,null,,,
4815,falling,1,,,,,null,,,
4816,falling,1,773,303,22634,92.6,sam2,0.0,0.0,0.0
4817,falling,1,,,,,null,,,
4818,falling,1,,,,,null,,,
4819,falling,1,,,,,null,,,
4820,falling,1,773,303,22645,92.64,sam2,0.0,0.0,0.0
4821,falling,1,,,,,null,,,
4822,falling,1,,,,,null,,,
4823,falling,1,,,,,null,,,
4824,falling,1,773,303,22629,92.57,sam2,0.0,0.0,0.0
4825,falling,1,,,,,null,,,
4826,falling,1,,,,,null,,,
4827,falling,1,,,,,null,,,
4828,falling,1,773,303,22661,92.71,sam2,0.0,0.0,0.0
4829,falling,1,,,,,null,,,
4830,falling,1,,,,,null,,,
4831,falling,1,,,,,null,,,
4832,falling,1,773,303,22642,92.63,sam2,0.0,0.0,0.0
4833,falling,1,,,,,null,,,
4834,falling,1,,,,,null,,,
4835,falling,1,,,,,null,,,
4836,falling,1,773,303,22667,92.73,sam2,0.0,0.0,0.0
4837,falling,1,,,,,null,,,
4838,falling,1,,,,,null,,,
4839,falling,1,,,,,null,,,
4840,falling,1,773,303,22650,92.66,sam2,0.0,0.0,0.0
4841,falling,1,,,,,null,,,
4842,falling,1,,,,,null,,,
4843,falling,1,,,,,null,,,
4844,falling,1,773,303,22633,92.59,sam2,0.0,0.0,0.0
4845,falling,1,,,,,null,,,
4846,falling,1,,,,,null,,,
4847,falling,1,,,,,null,,,
4848,falling,1,773,303,22646,92.64,sam2,0.0,0.0,0.0
4849,falling,1,,,,,null,,,
4850,falling,1,,,,,null,,,
4851,falling,1,,,,,null,,,
4852,falling,1,773,303,22633,92.59,sam2,0.0,0.0,0.0
4853,falling,1,,,,,null,,,
4854,falling,1,,,,,null,,,
4855,falling,1,,,,,null,,,
4856,falling,1,773,302,22602,92.46,sam2,1.0,749.192,13.378
4857,falling,1,,,,,null,,,
4858,falling,1,,,,,null,,,
4859,falling,1,,,,,null,,,
4860,falling,1,773,303,22630,92.58,sam2,1.0,749.192,13.378
4861,falling,1,,,,,null,,,
4862,falling,1,,,,,null,,,
4863,falling,1,,,,,null,,,
4864,falling,1,773,303,22631,92.58,sam2,0.0,0.0,0.0
4865,falling,1,,,,,null,,,
4866,falling,1,,,,,null,,,
4867,falling,1,,,,,null,,,
4868,falling,1,773,303,22658,92.69,sam2,0.0,0.0,0.0
4869,falling,1,,,,,null,,,
4870,falling,1,,,,,null,,,
4871,falling,1,,,,,null,,,
4872,falling,1,773,303,22641,92.62,sam2,0.0,0.0,0.0
4873,falling,1,,,,,null,,,
4874,falling,1,,,,,null,,,
4875,falling,1,,,,,null,,,
4876,falling,1,773,303,22652,92.67,sam2,0.0,0.0,0.0
4877,falling,1,,,,,null,,,
4878,falling,1,,,,,null,,,
4879,falling,1,,,,,null,,,
4880,falling,1,773,303,22632,92.59,sam2,0.0,0.0,0.0
4881,falling,1,,,,,null,,,
4882,falling,1,,,,,null,,,
4883,falling,1,,,,,null,,,
4884,falling,1,773,303,22616,92.52,sam2,0.0,0.0,0.0
4885,falling,1,,,,,null,,,
4886,falling,1,,,,,null,,,
4887,falling,1,,,,,null,,,
4888,falling,1,773,303,22617,92.53,sam2,0.0,0.0,0.0
4889,falling,1,,,,,null,,,
4890,falling,1,,,,,null,,,
4891,falling,1,,,,,null,,,
4892,falling,1,773,303,22606,92.48,sam2,0.0,0.0,0.0
4893,falling,1,,,,,null,,,
4894,falling,1,,,,,null,,,
4895,falling,1,,,,,null,,,
4896,falling,1,773,303,22640,92.62,sam2,0.0,0.0,0.0
4897,falling,1,,,,,null,,,
4898,falling,1,,,,,null,,,
4899,falling,1,,,,,null,,,
4900,falling,1,773,303,22637,92.61,sam2,0.0,0.0,0.0
4901,falling,1,,,,,null,,,
4902,falling,1,,,,,null,,,
4903,falling,1,,,,,null,,,
4904,falling,1,773,303,22645,92.64,sam2,0.0,0.0,0.0
4905,falling,1,,,,,null,,,
4906,falling,1,,,,,null,,,
4907,falling,1,,,,,null,,,
4908,falling,1,773,303,22644,92.64,sam2,0.0,0.0,0.0
4909,falling,1,,,,,null,,,
4910,falling,1,,,,,null,,,
4911,falling,1,,,,,null,,,
4912,falling,1,773,303,22642,92.63,sam2,0.0,0.0,0.0
4913,falling,1,,,,,null,,,
4914,falling,1,,,,,null,,,
4915,falling,1,,,,,null,,,
4916,falling,1,773,302,22624,92.55,sam2,1.0,749.192,13.378
4917,falling,1,,,,,null,,,
4918,falling,1,,,,,null,,,
4919,falling,1,,,,,null,,,
4920,falling,1,773,302,22635,92.6,sam2,0.0,0.0,0.0
4921,falling,1,,,,,null,,,
4922,falling,1,,,,,null,,,
4923,falling,1,,,,,null,,,
4924,falling,1,773,302,22620,92.54,sam2,0.0,0.0,0.0
4925,falling,1,,,,,null,,,
4926,falling,1,,,,,null,,,
4927,falling,1,,,,,null,,,
4928,falling,1,773,302,22612,92.51,sam2,0.0,0.0,0.0
4929,falling,1,,,,,null,,,
4930,falling,1,,,,,null,,,
4931,falling,1,,,,,null,,,
4932,falling,1,773,303,22640,92.62,sam2,1.0,749.192,13.378
4933,falling,1,,,,,null,,,
4934,falling,1,,,,,null,,,
4935,falling,1,,,,,null,,,
4936,falling,1,773,303,22626,92.56,sam2,0.0,0.0,0.0
4937,falling,1,,,,,null,,,
4938,falling,1,,,,,null,,,
4939,falling,1,,,,,null,,,
4940,falling,1,773,303,22634,92.6,sam2,0.0,0.0,0.0
4941,falling,1,,,,,null,,,
4942,falling,1,,,,,null,,,
4943,falling,1,,,,,null,,,
4944,falling,1,773,303,22623,92.55,sam2,0.0,0.0,0.0
4945,falling,1,,,,,null,,,
4946,falling,1,,,,,null,,,
4947,falling,1,,,,,null,,,
4948,falling,1,773,303,22636,92.6,sam2,0.0,0.0,0.0
4949,falling,1,,,,,null,,,
4950,falling,1,,,,,null,,,
4951,falling,1,,,,,null,,,
4952,falling,1,773,303,22615,92.52,sam2,0.0,0.0,0.0
4953,falling,1,,,,,null,,,
4954,falling,1,,,,,null,,,
4955,falling,1,,,,,null,,,
4956,falling,1,773,303,22627,92.57,sam2,0.0,0.0,0.0
4957,falling,1,,,,,null,,,
4958,falling,1,,,,,null,,,
4959,falling,1,,,,,null,,,
4960,falling,1,773,303,22637,92.61,sam2,0.0,0.0,0.0
4961,falling,1,,,,,null,,,
4962,falling,1,,,,,null,,,
4963,falling,1,,,,,null,,,
4964,falling,1,773,303,22614,92.51,sam2,0.0,0.0,0.0
4965,falling,1,,,,,null,,,
4966,falling,1,,,,,null,,,
4967,falling,1,,,,,null,,,
4968,falling,1,773,303,22620,92.54,sam2,0.0,0.0,0.0
4969,falling,1,,,,,null,,,
4970,falling,1,,,,,null,,,
4971,falling,1,,,,,null,,,
4972,falling,1,773,303,22607,92.48,sam2,0.0,0.0,0.0
4973,falling,1,,,,,null,,,
4974,falling,1,,,,,null,,,
4975,falling,1,,,,,null,,,
4976,falling,1,773,303,22619,92.53,sam2,0.0,0.0,0.0
4977,falling,1,,,,,null,,,
4978,falling,1,,,,,null,,,
4979,falling,1,,,,,null,,,
4980,falling,1,773,303,22615,92.52,sam2,0.0,0.0,0.0
4981,falling,1,,,,,null,,,
4982,falling,1,,,,,null,,,
4983,falling,1,,,,,null,,,
4984,falling,1,773,303,22643,92.63,sam2,0.0,0.0,0.0
4985,falling,1,,,,,null,,,
4986,falling,1,,,,,null,,,
4987,falling,1,,,,,null,,,
4988,falling,1,773,303,22611,92.5,sam2,0.0,0.0,0.0
4989,falling,1,,,,,null,,,
4990,falling,1,,,,,null,,,
4991,falling,1,,,,,null,,,
4992,falling,1,773,303,22620,92.54,sam2,0.0,0.0,0.0
4993,falling,1,,,,,null,,,
4994,falling,1,,,,,null,,,
4995,falling,1,,,,,null,,,
4996,falling,1,773,303,22625,92.56,sam2,0.0,0.0,0.0
4997,falling,1,,,,,null,,,
4998,falling,1,,,,,null,,,
4999,falling,1,,,,,null,,,
5000,falling,1,773,303,22624,92.55,sam2,0.0,0.0,0.0
5001,falling,1,,,,,null,,,
5002,falling,1,,,,,null,,,
5003,falling,1,,,,,null,,,
5004,falling,1,773,303,22606,92.48,sam2,0.0,0.0,0.0
5005,falling,1,,,,,null,,,
5006,falling,1,,,,,null,,,
5007,falling,1,,,,,null,,,
5008,falling,1,773,303,22614,92.51,sam2,0.0,0.0,0.0
5009,falling,1,,,,,null,,,
5010,falling,1,,,,,null,,,
5011,falling,1,,,,,null,,,
5012,falling,1,773,303,22609,92.49,sam2,0.0,0.0,0.0
5013,falling,1,,,,,null,,,
5014,falling,1,,,,,null,,,
5015,falling,1,,,,,null,,,
5016,falling,1,773,303,22629,92.57,sam2,0.0,0.0,0.0
5017,falling,1,,,,,null,,,
5018,falling,1,,,,,null,,,
5019,falling,1,,,,,null,,,
5020,falling,1,773,303,22606,92.48,sam2,0.0,0.0,0.0
5021,falling,1,,,,,null,,,
5022,falling,1,,,,,null,,,
5023,falling,1,,,,,null,,,
5024,falling,1,773,303,22615,92.52,sam2,0.0,0.0,0.0
5025,falling,1,,,,,null,,,
5026,falling,1,,,,,null,,,
5027,falling,1,,,,,null,,,
5028,falling,1,773,303,22621,92.54,sam2,0.0,0.0,0.0
5029,falling,1,,,,,null,,,
5030,falling,1,,,,,null,,,
5031,falling,1,,,,,null,,,
5032,falling,1,773,303,22599,92.45,sam2,0.0,0.0,0.0
5033,falling,1,,,,,null,,,
5034,falling,1,,,,,null,,,
5035,falling,1,,,,,null,,,
5036,falling,1,773,303,22631,92.58,sam2,0.0,0.0,0.0
5037,falling,1,,,,,null,,,
5038,falling,1,,,,,null,,,
5039,falling,1,,,,,null,,,
5040,falling,1,773,302,22633,92.59,sam2,1.0,749.192,13.378
5041,falling,1,,,,,null,,,
5042,falling,1,,,,,null,,,
5043,falling,1,,,,,null,,,
5044,falling,1,773,303,22638,92.61,sam2,1.0,749.192,13.378
5045,falling,1,,,,,null,,,
5046,falling,1,,,,,null,,,
5047,falling,1,,,,,null,,,
5048,falling,1,773,303,22626,92.56,sam2,0.0,0.0,0.0
5049,falling,1,,,,,null,,,
5050,falling,1,,,,,null,,,
5051,falling,1,,,,,null,,,
5052,falling,1,773,303,22660,92.7,sam2,0.0,0.0,0.0
5053,falling,1,,,,,null,,,
5054,falling,1,,,,,null,,,
5055,falling,1,,,,,null,,,
5056,falling,1,773,303,22658,92.69,sam2,0.0,0.0,0.0
5057,falling,1,,,,,null,,,
5058,falling,1,,,,,null,,,
5059,falling,1,,,,,null,,,
5060,falling,1,773,303,22611,92.5,sam2,0.0,0.0,0.0
5061,falling,1,,,,,null,,,
5062,falling,1,,,,,null,,,
5063,falling,1,,,,,null,,,
5064,falling,1,773,303,22640,92.62,sam2,0.0,0.0,0.0
5065,falling,1,,,,,null,,,
5066,falling,1,,,,,null,,,
5067,falling,1,,,,,null,,,
5068,falling,1,773,303,22620,92.54,sam2,0.0,0.0,0.0
5069,falling,1,,,,,null,,,
5070,falling,1,,,,,null,,,
5071,falling,1,,,,,null,,,
5072,falling,1,773,303,22621,92.54,sam2,0.0,0.0,0.0
5073,falling,1,,,,,null,,,
5074,falling,1,,,,,null,,,
5075,falling,1,,,,,null,,,
5076,falling,1,773,303,22644,92.64,sam2,0.0,0.0,0.0
5077,falling,1,,,,,null,,,
5078,falling,1,,,,,null,,,
5079,falling,1,,,,,null,,,
5080,falling,1,773,303,22599,92.45,sam2,0.0,0.0,0.0
5081,falling,1,,,,,null,,,
5082,falling,1,,,,,null,,,
5083,falling,1,,,,,null,,,
5084,falling,1,773,303,22621,92.54,sam2,0.0,0.0,0.0
5085,falling,1,,,,,null,,,
5086,falling,1,,,,,null,,,
5087,falling,1,,,,,null,,,
5088,falling,1,773,303,22617,92.53,sam2,0.0,0.0,0.0
5089,falling,1,,,,,null,,,
5090,falling,1,,,,,null,,,
5091,falling,1,,,,,null,,,
5092,falling,1,773,303,22629,92.57,sam2,0.0,0.0,0.0
5093,falling,1,,,,,null,,,
5094,falling,1,,,,,null,,,
5095,falling,1,,,,,null,,,
5096,falling,1,773,303,22606,92.48,sam2,0.0,0.0,0.0
5097,falling,1,,,,,null,,,
5098,falling,1,,,,,null,,,
5099,falling,1,,,,,null,,,
5100,falling,1,773,303,22600,92.46,sam2,0.0,0.0,0.0
5101,falling,1,,,,,null,,,
5102,falling,1,,,,,null,,,
5103,falling,1,,,,,null,,,
5104,falling,1,773,303,22593,92.43,sam2,0.0,0.0,0.0
5105,falling,1,,,,,null,,,
5106,falling,1,,,,,null,,,
5107,falling,1,,,,,null,,,
5108,falling,1,773,303,22609,92.49,sam2,0.0,0.0,0.0
5109,falling,1,,,,,null,,,
5110,falling,1,,,,,null,,,
5111,falling,1,,,,,null,,,
5112,falling,1,773,303,22626,92.56,sam2,0.0,0.0,0.0
5113,falling,1,,,,,null,,,
5114,falling,1,,,,,null,,,
5115,falling,1,,,,,null,,,
5116,falling,1,773,303,22609,92.49,sam2,0.0,0.0,0.0
5117,falling,1,,,,,null,,,
5118,falling,1,,,,,null,,,
5119,falling,1,,,,,null,,,
5120,falling,1,773,303,22615,92.52,sam2,0.0,0.0,0.0
5121,falling,1,,,,,null,,,
5122,falling,1,,,,,null,,,
5123,falling,1,,,,,null,,,
5124,falling,1,773,303,22626,92.56,sam2,0.0,0.0,0.0
5125,falling,1,,,,,null,,,
5126,falling,1,,,,,null,,,
5127,falling,1,,,,,null,,,
5128,falling,1,773,303,22642,92.63,sam2,0.0,0.0,0.0
5129,falling,1,,,,,null,,,
5130,falling,1,,,,,null,,,
5131,falling,1,,,,,null,,,
5132,falling,1,773,303,22639,92.62,sam2,0.0,0.0,0.0
5133,falling,1,,,,,null,,,
5134,falling,1,,,,,null,,,
5135,falling,1,,,,,null,,,
5136,falling,1,773,303,22632,92.59,sam2,0.0,0.0,0.0
5137,falling,1,,,,,null,,,
5138,falling,1,,,,,null,,,
5139,falling,1,,,,,null,,,
5140,falling,1,773,303,22609,92.49,sam2,0.0,0.0,0.0
5141,falling,1,,,,,null,,,
5142,falling,1,,,,,null,,,
5143,falling,1,,,,,null,,,
5144,falling,1,773,303,22611,92.5,sam2,0.0,0.0,0.0
5145,falling,1,,,,,null,,,
5146,falling,1,,,,,null,,,
5147,falling,1,,,,,null,,,
5148,falling,1,773,302,22587,92.4,sam2,1.0,749.192,13.378
5149,falling,1,,,,,null,,,
5150,falling,1,,,,,null,,,
5151,falling,1,,,,,null,,,
5152,falling,1,773,303,22638,92.61,sam2,1.0,749.192,13.378
5153,falling,1,,,,,null,,,
5154,falling,1,,,,,null,,,
5155,falling,1,,,,,null,,,
5156,falling,1,773,303,22617,92.53,sam2,0.0,0.0,0.0
5157,falling,1,,,,,null,,,
5158,falling,1,,,,,null,,,
5159,falling,1,,,,,null,,,
5160,falling,1,773,303,22624,92.55,sam2,0.0,0.0,0.0
5161,falling,1,,,,,null,,,
5162,falling,1,,,,,null,,,
5163,falling,1,,,,,null,,,
5164,falling,1,773,303,22648,92.65,sam2,0.0,0.0,0.0
5165,falling,1,,,,,null,,,
5166,falling,1,,,,,null,,,
5167,falling,1,,,,,null,,,
5168,falling,1,773,303,22633,92.59,sam2,0.0,0.0,0.0
5169,falling,1,,,,,null,,,
5170,falling,1,,,,,null,,,
5171,falling,1,,,,,null,,,
5172,falling,1,773,303,22651,92.66,sam2,0.0,0.0,0.0
5173,falling,1,,,,,null,,,
5174,falling,1,,,,,null,,,
5175,falling,1,,,,,null,,,
5176,falling,1,773,303,22624,92.55,sam2,0.0,0.0,0.0
5177,falling,1,,,,,null,,,
5178,falling,1,,,,,null,,,
5179,falling,1,,,,,null,,,
5180,falling,1,773,303,22645,92.64,sam2,0.0,0.0,0.0
5181,falling,1,,,,,null,,,
5182,falling,1,,,,,null,,,
5183,falling,1,,,,,null,,,
5184,falling,1,773,303,22669,92.74,sam2,0.0,0.0,0.0
5185,falling,1,,,,,null,,,
5186,falling,1,,,,,null,,,
5187,falling,1,,,,,null,,,
5188,falling,1,773,303,22622,92.55,sam2,0.0,0.0,0.0
5189,falling,1,,,,,null,,,
5190,falling,1,,,,,null,,,
5191,falling,1,,,,,null,,,
5192,falling,1,773,302,22600,92.46,sam2,1.0,749.192,13.378
5193,falling,1,,,,,null,,,
5194,falling,1,,,,,null,,,
5195,falling,1,,,,,null,,,
5196,falling,1,773,302,22592,92.42,sam2,0.0,0.0,0.0
5197,falling,1,,,,,null,,,
5198,falling,1,,,,,null,,,
5199,falling,1,,,,,null,,,
5200,falling,1,773,303,22657,92.69,sam2,1.0,749.192,13.378
5201,falling,1,,,,,null,,,
5202,falling,1,,,,,null,,,
5203,falling,1,,,,,null,,,
5204,falling,1,773,303,22631,92.58,sam2,0.0,0.0,0.0
5205,falling,1,,,,,null,,,
5206,falling,1,,,,,null,,,
5207,falling,1,,,,,null,,,
5208,falling,1,773,303,22646,92.64,sam2,0.0,0.0,0.0
5209,falling,1,,,,,null,,,
5210,falling,1,,,,,null,,,
5211,falling,1,,,,,null,,,
5212,falling,1,773,303,22650,92.66,sam2,0.0,0.0,0.0
5213,falling,1,,,,,null,,,
5214,falling,1,,,,,null,,,
5215,falling,1,,,,,null,,,
5216,falling,1,773,303,22650,92.66,sam2,0.0,0.0,0.0
5217,falling,1,,,,,null,,,
5218,falling,1,,,,,null,,,
5219,falling,1,,,,,null,,,
5220,falling,1,773,303,22649,92.66,sam2,0.0,0.0,0.0
5221,falling,1,,,,,null,,,
5222,falling,1,,,,,null,,,
5223,falling,1,,,,,null,,,
5224,falling,1,773,303,22636,92.6,sam2,0.0,0.0,0.0
5225,falling,1,,,,,null,,,
5226,falling,1,,,,,null,,,
5227,falling,1,,,,,null,,,
5228,falling,1,773,303,22676,92.77,sam2,0.0,0.0,0.0
5229,falling,1,,,,,null,,,
5230,falling,1,,,,,null,,,
5231,falling,1,,,,,null,,,
5232,falling,1,773,303,22659,92.7,sam2,0.0,0.0,0.0
5233,falling,1,,,,,null,,,
5234,falling,1,,,,,null,,,
5235,falling,1,,,,,null,,,
5236,falling,1,773,303,22669,92.74,sam2,0.0,0.0,0.0
5237,falling,1,,,,,null,,,
5238,falling,1,,,,,null,,,
5239,falling,1,,,,,null,,,
5240,falling,1,773,303,22642,92.63,sam2,0.0,0.0,0.0
5241,falling,1,,,,,null,,,
5242,falling,1,,,,,null,,,
5243,falling,1,,,,,null,,,
5244,falling,1,773,303,22645,92.64,sam2,0.0,0.0,0.0
5245,falling,1,,,,,null,,,
5246,falling,1,,,,,null,,,
5247,falling,1,,,,,null,,,
5248,falling,1,773,303,22643,92.63,sam2,0.0,0.0,0.0
5249,falling,1,,,,,null,,,
5250,falling,1,,,,,null,,,
5251,falling,1,,,,,null,,,
5252,falling,1,773,303,22638,92.61,sam2,0.0,0.0,0.0
5253,falling,1,,,,,null,,,
5254,falling,1,,,,,null,,,
5255,falling,1,,,,,null,,,
5256,falling,1,773,303,22647,92.65,sam2,0.0,0.0,0.0
5257,falling,1,,,,,null,,,
5258,falling,1,,,,,null,,,
5259,falling,1,,,,,null,,,
5260,falling,1,773,303,22645,92.64,sam2,0.0,0.0,0.0
5261,falling,1,,,,,null,,,
5262,falling,1,,,,,null,,,
5263,falling,1,,,,,null,,,
5264,falling,1,773,303,22652,92.67,sam2,0.0,0.0,0.0
5265,falling,1,,,,,null,,,
5266,falling,1,,,,,null,,,
5267,falling,1,,,,,null,,,
5268,falling,1,773,303,22658,92.69,sam2,0.0,0.0,0.0
5269,falling,1,,,,,null,,,
5270,falling,1,,,,,null,,,
5271,falling,1,,,,,null,,,
5272,falling,1,773,303,22665,92.72,sam2,0.0,0.0,0.0
5273,falling,1,,,,,null,,,
5274,falling,1,,,,,null,,,
5275,falling,1,,,,,null,,,
5276,falling,1,773,302,22628,92.57,sam2,1.0,749.192,13.378
5277,spreading,1,,,,,null,,,
5278,spreading,1,,,,,null,,,
5279,spreading,1,,,,,null,,,
5280,spreading,1,773,303,22653,92.67,sam2,1.0,749.192,13.378
5281,spreading,1,,,,,null,,,
5282,spreading,1,,,,,null,,,
5283,spreading,1,,,,,null,,,
5284,spreading,1,773,302,22644,92.64,sam2,1.0,749.192,13.378
5285,spreading,1,,,,,null,,,
5286,spreading,1,,,,,null,,,
5287,spreading,1,,,,,null,,,
5288,spreading,1,773,302,22647,92.65,sam2,0.0,0.0,0.0
5289,spreading,1,,,,,null,,,
5290,spreading,1,,,,,null,,,
5291,spreading,1,,,,,null,,,
5292,spreading,1,773,303,22675,92.76,sam2,1.0,749.192,13.378
5293,spreading,1,,,,,null,,,
5294,spreading,1,,,,,null,,,
5295,spreading,1,,,,,null,,,
5296,spreading,1,773,303,22664,92.72,sam2,0.0,0.0,0.0
5297,spreading,1,,,,,null,,,
5298,spreading,1,,,,,null,,,
5299,spreading,1,,,,,null,,,
5300,spreading,1,773,303,22674,92.76,sam2,0.0,0.0,0.0
5301,spreading,1,,,,,null,,,
5302,spreading,1,,,,,null,,,
5303,spreading,1,,,,,null,,,
5304,spreading,1,773,303,22656,92.69,sam2,0.0,0.0,0.0
5305,spreading,1,,,,,null,,,
5306,spreading,1,,,,,null,,,
5307,spreading,1,,,,,null,,,
5308,spreading,1,773,303,22633,92.59,sam2,0.0,0.0,0.0
5309,spreading,1,,,,,null,,,
5310,spreading,1,,,,,null,,,
5311,spreading,1,,,,,null,,,
5312,spreading,1,773,303,22648,92.65,sam2,0.0,0.0,0.0
5313,spreading,1,,,,,null,,,
5314,spreading,1,,,,,null,,,
5315,spreading,1,,,,,null,,,
5316,spreading,1,773,303,22676,92.77,sam2,0.0,0.0,0.0
5317,spreading,1,,,,,null,,,
5318,spreading,1,,,,,null,,,
5319,spreading,1,,,,,null,,,
5320,spreading,1,773,303,22658,92.69,sam2,0.0,0.0,0.0
5321,spreading,1,,,,,null,,,
5322,spreading,1,,,,,null,,,
5323,spreading,1,,,,,null,,,
5324,spreading,1,773,303,22636,92.6,sam2,0.0,0.0,0.0
5325,spreading,1,,,,,null,,,
5326,spreading,1,,,,,null,,,
5327,spreading,1,,,,,null,,,
5328,spreading,1,773,303,22638,92.61,sam2,0.0,0.0,0.0
5329,spreading,1,,,,,null,,,
5330,spreading,1,,,,,null,,,
5331,spreading,1,,,,,null,,,
5332,spreading,1,773,303,22659,92.7,sam2,0.0,0.0,0.0
5333,spreading,1,,,,,null,,,
5334,spreading,1,,,,,null,,,
5335,spreading,1,,,,,null,,,
5336,spreading,1,773,303,22647,92.65,sam2,0.0,0.0,0.0
5337,spreading,1,,,,,null,,,
5338,spreading,1,,,,,null,,,
5339,spreading,1,,,,,null,,,
5340,spreading,1,773,303,22624,92.55,sam2,0.0,0.0,0.0
5341,spreading,1,,,,,null,,,
5342,spreading,1,,,,,null,,,
5343,spreading,1,,,,,null,,,
5344,spreading,1,773,303,22642,92.63,sam2,0.0,0.0,0.0
5345,spreading,1,,,,,null,,,
5346,spreading,1,,,,,null,,,
5347,spreading,1,,,,,null,,,
5348,spreading,1,773,303,22611,92.5,sam2,0.0,0.0,0.0
5349,spreading,1,,,,,null,,,
5350,spreading,1,,,,,null,,,
5351,spreading,1,,,,,null,,,
5352,spreading,1,773,303,22647,92.65,sam2,0.0,0.0,0.0
5353,spreading,1,,,,,null,,,
5354,spreading,1,,,,,null,,,
5355,spreading,1,,,,,null,,,
5356,spreading,1,773,303,22626,92.56,sam2,0.0,0.0,0.0
5357,spreading,1,,,,,null,,,
5358,spreading,1,,,,,null,,,
5359,spreading,1,,,,,null,,,
5360,spreading,1,773,303,22638,92.61,sam2,0.0,0.0,0.0
5361,spreading,1,,,,,null,,,
5362,spreading,1,,,,,null,,,
5363,spreading,1,,,,,null,,,
5364,spreading,1,773,303,22655,92.68,sam2,0.0,0.0,0.0
5365,spreading,1,,,,,null,,,
5366,spreading,1,,,,,null,,,
5367,spreading,1,,,,,null,,,
5368,spreading,1,773,303,22641,92.62,sam2,0.0,0.0,0.0
5369,spreading,1,,,,,null,,,
5370,spreading,1,,,,,null,,,
5371,spreading,1,,,,,null,,,
5372,spreading,1,773,303,22653,92.67,sam2,0.0,0.0,0.0
5373,spreading,1,,,,,null,,,
5374,spreading,1,,,,,null,,,
5375,spreading,1,,,,,null,,,
5376,spreading,1,773,303,22647,92.65,sam2,0.0,0.0,0.0
5377,spreading,1,,,,,null,,,
5378,spreading,1,,,,,null,,,
5379,spreading,1,,,,,null,,,
5380,spreading,1,773,303,22645,92.64,sam2,0.0,0.0,0.0
5381,spreading,1,,,,,null,,,
5382,spreading,1,,,,,null,,,
5383,spreading,1,,,,,null,,,
5384,spreading,1,773,303,22631,92.58,sam2,0.0,0.0,0.0
5385,spreading,1,,,,,null,,,
5386,spreading,1,,,,,null,,,
5387,spreading,1,,,,,null,,,
5388,spreading,1,773,303,22649,92.66,sam2,0.0,0.0,0.0
5389,spreading,1,,,,,null,,,
5390,spreading,1,,,,,null,,,
5391,spreading,1,,,,,null,,,
5392,spreading,1,773,302,22616,92.52,sam2,1.0,749.192,13.378
5393,spreading,1,,,,,null,,,
5394,spreading,1,,,,,null,,,
5395,spreading,1,,,,,null,,,
5396,spreading,1,773,302,22629,92.57,sam2,0.0,0.0,0.0
5397,spreading,1,,,,,null,,,
5398,spreading,1,,,,,null,,,
5399,spreading,1,,,,,null,,,
5400,spreading,1,773,303,22654,92.68,sam2,1.0,749.192,13.378
5401,spreading,1,,,,,null,,,
5402,spreading,1,,,,,null,,,
5403,spreading,1,,,,,null,,,
5404,spreading,1,773,302,22613,92.51,sam2,1.0,749.192,13.378
5405,spreading,1,,,,,null,,,
5406,spreading,1,,,,,null,,,
5407,spreading,1,,,,,null,,,
5408,spreading,1,773,303,22631,92.58,sam2,1.0,749.192,13.378
5409,spreading,1,,,,,null,,,
5410,spreading,1,,,,,null,,,
5411,spreading,1,,,,,null,,,
5412,spreading,1,773,303,22601,92.46,sam2,0.0,0.0,0.0
5413,spreading,1,,,,,null,,,
5414,spreading,1,,,,,null,,,
5415,spreading,1,,,,,null,,,
5416,spreading,1,773,303,22625,92.56,sam2,0.0,0.0,0.0
5417,spreading,1,,,,,null,,,
5418,spreading,1,,,,,null,,,
5419,spreading,1,,,,,null,,,
5420,spreading,1,773,303,22643,92.63,sam2,0.0,0.0,0.0
5421,spreading,1,,,,,null,,,
5422,spreading,1,,,,,null,,,
5423,spreading,1,,,,,null,,,
5424,spreading,1,773,303,22650,92.66,sam2,0.0,0.0,0.0
5425,spreading,1,,,,,null,,,
5426,spreading,1,,,,,null,,,
5427,spreading,1,,,,,null,,,
5428,spreading,1,773,303,22628,92.57,sam2,0.0,0.0,0.0
5429,spreading,1,,,,,null,,,
5430,spreading,1,,,,,null,,,
5431,spreading,1,,,,,null,,,
5432,spreading,1,773,303,22615,92.52,sam2,0.0,0.0,0.0
5433,spreading,1,,,,,null,,,
5434,spreading,1,,,,,null,,,
5435,spreading,1,,,,,null,,,
5436,spreading,1,773,303,22632,92.59,sam2,0.0,0.0,0.0
5437,spreading,1,,,,,null,,,
5438,spreading,1,,,,,null,,,
5439,spreading,1,,,,,null,,,
5440,spreading,1,773,303,22634,92.6,sam2,0.0,0.0,0.0
5441,spreading,1,,,,,null,,,
5442,spreading,1,,,,,null,,,
5443,spreading,1,,,,,null,,,
5444,spreading,1,773,303,22595,92.44,sam2,0.0,0.0,0.0
5445,spreading,1,,,,,null,,,
5446,spreading,1,,,,,null,,,
5447,spreading,1,,,,,null,,,
5448,spreading,1,773,303,22659,92.7,sam2,0.0,0.0,0.0
5449,spreading,1,,,,,null,,,
5450,spreading,1,,,,,null,,,
5451,spreading,1,,,,,null,,,
5452,spreading,1,773,303,22626,92.56,sam2,0.0,0.0,0.0
5453,spreading,1,,,,,null,,,
5454,spreading,1,,,,,null,,,
5455,spreading,1,,,,,null,,,
5456,spreading,1,773,303,22659,92.7,sam2,0.0,0.0,0.0
5457,spreading,1,,,,,null,,,
5458,spreading,1,,,,,null,,,
5459,spreading,1,,,,,null,,,
5460,spreading,1,773,303,22618,92.53,sam2,0.0,0.0,0.0
5461,spreading,1,,,,,null,,,
5462,spreading,1,,,,,null,,,
5463,spreading,1,,,,,null,,,
5464,spreading,1,773,303,22626,92.56,sam2,0.0,0.0,0.0
5465,spreading,1,,,,,null,,,
5466,spreading,1,,,,,null,,,
5467,spreading,1,,,,,null,,,
5468,spreading,1,773,303,22611,92.5,sam2,0.0,0.0,0.0
5469,spreading,1,,,,,null,,,
5470,spreading,1,,,,,null,,,
5471,spreading,1,,,,,null,,,
5472,spreading,1,773,303,22625,92.56,sam2,0.0,0.0,0.0
5473,spreading,1,,,,,null,,,
5474,spreading,1,,,,,null,,,
5475,spreading,1,,,,,null,,,
5476,spreading,1,773,303,22605,92.48,sam2,0.0,0.0,0.0
5477,spreading,1,,,,,null,,,
5478,spreading,1,,,,,null,,,
5479,spreading,1,,,,,null,,,
5480,spreading,1,773,303,22623,92.55,sam2,0.0,0.0,0.0
5481,spreading,1,,,,,null,,,
5482,spreading,1,,,,,null,,,
5483,spreading,1,,,,,null,,,
5484,spreading,1,773,303,22603,92.47,sam2,0.0,0.0,0.0
5485,spreading,1,,,,,null,,,
5486,spreading,1,,,,,null,,,
5487,spreading,1,,,,,null,,,
5488,spreading,1,773,303,22604,92.47,sam2,0.0,0.0,0.0
5489,spreading,1,,,,,null,,,
5490,spreading,1,,,,,null,,,
5491,spreading,1,,,,,null,,,
5492,spreading,1,773,303,22615,92.52,sam2,0.0,0.0,0.0
5493,spreading,1,,,,,null,,,
5494,spreading,1,,,,,null,,,
5495,spreading,1,,,,,null,,,
5496,spreading,1,773,302,22605,92.48,sam2,1.0,749.192,13.378
5497,spreading,1,,,,,null,,,
5498,spreading,1,,,,,null,,,
5499,spreading,1,,,,,null,,,
5500,spreading,1,773,303,22639,92.62,sam2,1.0,749.192,13.378
5501,spreading,1,,,,,null,,,
5502,spreading,1,,,,,null,,,
5503,spreading,1,,,,,null,,,
5504,spreading,1,773,303,22605,92.48,sam2,0.0,0.0,0.0
5505,spreading,1,,,,,null,,,
5506,spreading,1,,,,,null,,,
5507,spreading,1,,,,,null,,,
5508,spreading,1,773,302,22610,92.5,sam2,1.0,749.192,13.378
5509,spreading,1,,,,,null,,,
5510,spreading,1,,,,,null,,,
5511,spreading,1,,,,,null,,,
5512,spreading,1,773,303,22632,92.59,sam2,1.0,749.192,13.378
5513,spreading,1,,,,,null,,,
5514,spreading,1,,,,,null,,,
5515,spreading,1,,,,,null,,,
5516,spreading,1,773,303,22655,92.68,sam2,0.0,0.0,0.0
5517,spreading,1,,,,,null,,,
5518,spreading,1,,,,,null,,,
5519,spreading,1,,,,,null,,,
5520,spreading,1,773,302,22628,92.57,sam2,1.0,749.192,13.378
5521,spreading,1,,,,,null,,,
5522,spreading,1,,,,,null,,,
5523,spreading,1,,,,,null,,,
5524,spreading,1,773,303,22665,92.72,sam2,1.0,749.192,13.378
5525,spreading,1,,,,,null,,,
5526,spreading,1,,,,,null,,,
5527,spreading,1,,,,,null,,,
5528,spreading,1,773,303,22648,92.65,sam2,0.0,0.0,0.0
5529,spreading,1,,,,,null,,,
5530,spreading,1,,,,,null,,,
5531,spreading,1,,,,,null,,,
5532,spreading,1,773,303,22650,92.66,sam2,0.0,0.0,0.0
5533,spreading,1,,,,,null,,,
5534,spreading,1,,,,,null,,,
5535,spreading,1,,,,,null,,,
5536,spreading,1,773,303,22670,92.74,sam2,0.0,0.0,0.0
5537,spreading,1,,,,,null,,,
5538,spreading,1,,,,,null,,,
5539,spreading,1,,,,,null,,,
5540,spreading,1,773,303,22637,92.61,sam2,0.0,0.0,0.0
5541,spreading,1,,,,,null,,,
5542,spreading,1,,,,,null,,,
5543,spreading,1,,,,,null,,,
5544,spreading,1,773,303,22624,92.55,sam2,0.0,0.0,0.0
5545,spreading,1,,,,,null,,,
5546,spreading,1,,,,,null,,,
5547,spreading,1,,,,,null,,,
5548,spreading,1,773,303,22647,92.65,sam2,0.0,0.0,0.0
5549,spreading,1,,,,,null,,,
5550,spreading,1,,,,,null,,,
5551,spreading,1,,,,,null,,,
5552,spreading,1,773,303,22638,92.61,sam2,0.0,0.0,0.0
5553,spreading,1,,,,,null,,,
5554,spreading,1,,,,,null,,,
5555,spreading,1,,,,,null,,,
5556,spreading,1,773,303,22648,92.65,sam2,0.0,0.0,0.0
5557,spreading,1,,,,,null,,,
5558,spreading,1,,,,,null,,,
5559,spreading,1,,,,,null,,,
5560,spreading,1,773,303,22627,92.57,sam2,0.0,0.0,0.0
5561,spreading,1,,,,,null,,,
5562,spreading,1,,,,,null,,,
5563,spreading,1,,,,,null,,,
5564,spreading,1,773,303,22656,92.69,sam2,0.0,0.0,0.0
5565,spreading,1,,,,,null,,,
5566,spreading,1,,,,,null,,,
5567,spreading,1,,,,,null,,,
5568,spreading,1,773,303,22658,92.69,sam2,0.0,0.0,0.0
5569,spreading,1,,,,,null,,,
5570,spreading,1,,,,,null,,,
5571,spreading,1,,,,,null,,,
5572,spreading,1,773,303,22642,92.63,sam2,0.0,0.0,0.0
5573,spreading,1,,,,,null,,,
5574,spreading,1,,,,,null,,,
5575,spreading,1,,,,,null,,,
5576,spreading,1,773,303,22645,92.64,sam2,0.0,0.0,0.0
5577,spreading,1,,,,,null,,,
5578,rebounding,1,,,,,null,,,
5579,rebounding,1,,,,,null,,,
5580,rebounding,1,773,303,22644,92.64,sam2,0.0,0.0,0.0
5581,rebounding,1,,,,,null,,,
5582,rebounding,1,,,,,null,,,
5583,rebounding,1,,,,,null,,,
5584,rebounding,1,773,303,22663,92.71,sam2,0.0,0.0,0.0
5585,rebounding,1,,,,,null,,,
5586,rebounding,1,,,,,null,,,
5587,rebounding,1,,,,,null,,,
5588,rebounding,1,773,303,22654,92.68,sam2,0.0,0.0,0.0
5589,rebounding,1,,,,,null,,,
5590,rebounding,1,,,,,null,,,
5591,rebounding,1,,,,,null,,,
5592,rebounding,1,773,303,22634,92.6,sam2,0.0,0.0,0.0
5593,rebounding,1,,,,,null,,,
5594,rebounding,1,,,,,null,,,
5595,rebounding,1,,,,,null,,,
5596,rebounding,1,773,303,22658,92.69,sam2,0.0,0.0,0.0
5597,rebounding,1,,,,,null,,,
5598,rebounding,1,,,,,null,,,
5599,rebounding,1,,,,,null,,,
5600,rebounding,1,773,303,22660,92.7,sam2,0.0,0.0,0.0
5601,rebounding,1,,,,,null,,,
5602,rebounding,1,,,,,null,,,
5603,rebounding,1,,,,,null,,,
5604,rebounding,1,773,303,22661,92.71,sam2,0.0,0.0,0.0
5605,rebounding,1,,,,,null,,,
5606,rebounding,1,,,,,null,,,
5607,rebounding,1,,,,,null,,,
5608,rebounding,1,773,303,22634,92.6,sam2,0.0,0.0,0.0
5609,rebounding,1,,,,,null,,,
5610,rebounding,1,,,,,null,,,
5611,rebounding,1,,,,,null,,,
5612,rebounding,1,773,303,22669,92.74,sam2,0.0,0.0,0.0
5613,rebounding,1,,,,,null,,,
5614,rebounding,1,,,,,null,,,
5615,rebounding,1,,,,,null,,,
5616,rebounding,1,773,303,22675,92.76,sam2,0.0,0.0,0.0
5617,rebounding,1,,,,,null,,,
5618,rebounding,1,,,,,null,,,
5619,rebounding,1,,,,,null,,,
5620,rebounding,1,773,303,22631,92.58,sam2,0.0,0.0,0.0
5621,rebounding,1,,,,,null,,,
5622,rebounding,1,,,,,null,,,
5623,rebounding,1,,,,,null,,,
5624,rebounding,1,773,302,22641,92.62,sam2,1.0,749.192,13.378
5625,rebounding,1,,,,,null,,,
5626,rebounding,1,,,,,null,,,
5627,rebounding,1,,,,,null,,,
5628,rebounding,1,773,303,22662,92.71,sam2,1.0,749.192,13.378
5629,rebounding,1,,,,,null,,,
5630,rebounding,1,,,,,null,,,
5631,rebounding,1,,,,,null,,,
5632,rebounding,1,773,303,22693,92.84,sam2,0.0,0.0,0.0
5633,rebounding,1,,,,,null,,,
5634,rebounding,1,,,,,null,,,
5635,rebounding,1,,,,,null,,,
5636,rebounding,1,773,303,22677,92.77,sam2,0.0,0.0,0.0
5637,rebounding,1,,,,,null,,,
5638,rebounding,1,,,,,null,,,
5639,rebounding,1,,,,,null,,,
5640,rebounding,1,773,303,22630,92.58,sam2,0.0,0.0,0.0
5641,rebounding,1,,,,,null,,,
5642,rebounding,1,,,,,null,,,
5643,rebounding,1,,,,,null,,,
5644,rebounding,1,773,302,22647,92.65,sam2,1.0,749.192,13.378
5645,rebounding,1,,,,,null,,,
5646,rebounding,1,,,,,null,,,
5647,rebounding,1,,,,,null,,,
5648,rebounding,1,773,302,22649,92.66,sam2,0.0,0.0,0.0
5649,rebounding,1,,,,,null,,,
5650,rebounding,1,,,,,null,,,
5651,rebounding,1,,,,,null,,,
5652,rebounding,1,773,303,22674,92.76,sam2,1.0,749.192,13.378
5653,rebounding,1,,,,,null,,,
5654,rebounding,1,,,,,null,,,
5655,rebounding,1,,,,,null,,,
5656,rebounding,1,773,303,22652,92.67,sam2,0.0,0.0,0.0
5657,rebounding,1,,,,,null,,,
5658,rebounding,1,,,,,null,,,
5659,rebounding,1,,,,,null,,,
5660,rebounding,1,773,303,22630,92.58,sam2,0.0,0.0,0.0
5661,rebounding,1,,,,,null,,,
5662,rebounding,1,,,,,null,,,
5663,rebounding,1,,,,,null,,,
5664,rebounding,1,773,303,22655,92.68,sam2,0.0,0.0,0.0
5665,rebounding,1,,,,,null,,,
5666,rebounding,1,,,,,null,,,
5667,rebounding,1,,,,,null,,,
5668,rebounding,1,773,303,22635,92.6,sam2,0.0,0.0,0.0
5669,rebounding,1,,,,,null,,,
5670,rebounding,1,,,,,null,,,
5671,rebounding,1,,,,,null,,,
5672,rebounding,1,773,303,22653,92.67,sam2,0.0,0.0,0.0
5673,rebounding,1,,,,,null,,,
5674,rebounding,1,,,,,null,,,
5675,rebounding,1,,,,,null,,,
5676,rebounding,1,773,303,22659,92.7,sam2,0.0,0.0,0.0
5677,rebounding,1,,,,,null,,,
5678,rebounding,1,,,,,null,,,
5679,rebounding,1,,,,,null,,,
5680,rebounding,1,773,303,22653,92.67,sam2,0.0,0.0,0.0
5681,rebounding,1,,,,,null,,,
5682,rebounding,1,,,,,null,,,
5683,rebounding,1,,,,,null,,,
5684,rebounding,1,773,303,22643,92.63,sam2,0.0,0.0,0.0
5685,rebounding,1,,,,,null,,,
5686,rebounding,1,,,,,null,,,
5687,rebounding,1,,,,,null,,,
5688,rebounding,1,773,303,22638,92.61,sam2,0.0,0.0,0.0
5689,rebounding,1,,,,,null,,,
5690,rebounding,1,,,,,null,,,
5691,rebounding,1,,,,,null,,,
5692,rebounding,1,773,303,22659,92.7,sam2,0.0,0.0,0.0
5693,rebounding,1,,,,,null,,,
5694,rebounding,1,,,,,null,,,
5695,rebounding,1,,,,,null,,,
5696,rebounding,1,773,303,22648,92.65,sam2,0.0,0.0,0.0
5697,rebounding,1,,,,,null,,,
5698,rebounding,1,,,,,null,,,
5699,rebounding,1,,,,,null,,,
5700,rebounding,1,773,303,22650,92.66,sam2,0.0,0.0,0.0
5701,rebounding,1,,,,,null,,,
5702,rebounding,1,,,,,null,,,
5703,rebounding,1,,,,,null,,,
5704,rebounding,1,773,303,22646,92.64,sam2,0.0,0.0,0.0
5705,rebounding,1,,,,,null,,,
5706,rebounding,1,,,,,null,,,
5707,rebounding,1,,,,,null,,,
5708,rebounding,1,773,303,22656,92.69,sam2,0.0,0.0,0.0
5709,rebounding,1,,,,,null,,,
5710,rebounding,1,,,,,null,,,
5711,rebounding,1,,,,,null,,,
5712,rebounding,1,773,303,22661,92.71,sam2,0.0,0.0,0.0
5713,rebounding,1,,,,,null,,,
5714,rebounding,1,,,,,null,,,
5715,rebounding,1,,,,,null,,,
5716,rebounding,1,773,303,22627,92.57,sam2,0.0,0.0,0.0
5717,rebounding,1,,,,,null,,,
5718,rebounding,1,,,,,null,,,
5719,rebounding,1,,,,,null,,,
5720,rebounding,1,773,303,22638,92.61,sam2,0.0,0.0,0.0
5721,rebounding,1,,,,,null,,,
5722,rebounding,1,,,,,null,,,
5723,rebounding,1,,,,,null,,,
5724,rebounding,1,773,303,22639,92.62,sam2,0.0,0.0,0.0
5725,rebounding,1,,,,,null,,,
5726,rebounding,1,,,,,null,,,
5727,rebounding,1,,,,,null,,,
5728,rebounding,1,773,303,22660,92.7,sam2,0.0,0.0,0.0
5729,rebounding,1,,,,,null,,,
5730,rebounding,1,,,,,null,,,
5731,rebounding,1,,,,,null,,,
5732,rebounding,1,773,303,22628,92.57,sam2,0.0,0.0,0.0
5733,rebounding,1,,,,,null,,,
5734,rebounding,1,,,,,null,,,
5735,rebounding,1,,,,,null,,,
5736,rebounding,1,773,303,22643,92.63,sam2,0.0,0.0,0.0
5737,rebounding,1,,,,,null,,,
5738,rebounding,1,,,,,null,,,
5739,rebounding,1,,,,,null,,,
5740,rebounding,1,773,303,22628,92.57,sam2,0.0,0.0,0.0
5741,rebounding,1,,,,,null,,,
5742,rebounding,1,,,,,null,,,
5743,rebounding,1,,,,,null,,,
5744,rebounding,1,773,303,22635,92.6,sam2,0.0,0.0,0.0
5745,rebounding,1,,,,,null,,,
5746,rebounding,1,,,,,null,,,
5747,rebounding,1,,,,,null,,,
5748,rebounding,1,773,303,22613,92.51,sam2,0.0,0.0,0.0
5749,rebounding,1,,,,,null,,,
5750,rebounding,1,,,,,null,,,
5751,rebounding,1,,,,,null,,,
5752,rebounding,1,773,303,22634,92.6,sam2,0.0,0.0,0.0
5753,rebounding,1,,,,,null,,,
5754,rebounding,1,,,,,null,,,
5755,rebounding,1,,,,,null,,,
5756,rebounding,1,773,303,22644,92.64,sam2,0.0,0.0,0.0
5757,rebounding,1,,,,,null,,,
5758,rebounding,1,,,,,null,,,
5759,rebounding,1,,,,,null,,,
5760,rebounding,1,773,303,22644,92.64,sam2,0.0,0.0,0.0
5761,rebounding,1,,,,,null,,,
5762,rebounding,1,,,,,null,,,
5763,rebounding,1,,,,,null,,,
5764,rebounding,1,773,302,22615,92.52,sam2,1.0,749.192,13.378
5765,rebounding,1,,,,,null,,,
5766,rebounding,1,,,,,null,,,
5767,rebounding,1,,,,,null,,,
5768,rebounding,1,773,303,22623,92.55,sam2,1.0,749.192,13.378
5769,rebounding,1,,,,,null,,,
5770,rebounding,1,,,,,null,,,
5771,rebounding,1,,,,,null,,,
5772,rebounding,1,773,303,22624,92.55,sam2,0.0,0.0,0.0
5773,rebounding,1,,,,,null,,,
5774,rebounding,1,,,,,null,,,
5775,rebounding,1,,,,,null,,,
5776,rebounding,1,773,303,22632,92.59,sam2,0.0,0.0,0.0
5777,rebounding,1,,,,,null,,,
5778,rebounding,1,,,,,null,,,
5779,rebounding,1,,,,,null,,,
5780,rebounding,1,773,303,22620,92.54,sam2,0.0,0.0,0.0
5781,rebounding,1,,,,,null,,,
5782,rebounding,1,,,,,null,,,
5783,rebounding,1,,,,,null,,,
5784,rebounding,1,773,303,22630,92.58,sam2,0.0,0.0,0.0
5785,rebounding,1,,,,,null,,,
5786,rebounding,1,,,,,null,,,
5787,rebounding,1,,,,,null,,,
5788,rebounding,1,773,303,22634,92.6,sam2,0.0,0.0,0.0
5789,rebounding,1,,,,,null,,,
5790,rebounding,1,,,,,null,,,
5791,rebounding,1,,,,,null,,,
5792,rebounding,1,773,303,22610,92.5,sam2,0.0,0.0,0.0
5793,rebounding,1,,,,,null,,,
5794,rebounding,1,,,,,null,,,
5795,rebounding,1,,,,,null,,,
5796,rebounding,1,773,303,22644,92.64,sam2,0.0,0.0,0.0
5797,rebounding,1,,,,,null,,,
5798,rebounding,1,,,,,null,,,
5799,rebounding,1,,,,,null,,,
5800,rebounding,1,773,303,22625,92.56,sam2,0.0,0.0,0.0
5801,rebounding,1,,,,,null,,,
5802,rebounding,1,,,,,null,,,
5803,rebounding,1,,,,,null,,,
5804,rebounding,1,773,303,22657,92.69,sam2,0.0,0.0,0.0
5805,rebounding,1,,,,,null,,,
5806,rebounding,1,,,,,null,,,
5807,rebounding,1,,,,,null,,,
5808,rebounding,1,773,303,22641,92.62,sam2,0.0,0.0,0.0
5809,rebounding,1,,,,,null,,,
5810,rebounding,1,,,,,null,,,
5811,rebounding,1,,,,,null,,,
5812,rebounding,1,773,303,22678,92.78,sam2,0.0,0.0,0.0
5813,rebounding,1,,,,,null,,,
5814,rebounding,1,,,,,null,,,
5815,rebounding,1,,,,,null,,,
5816,rebounding,1,773,303,22626,92.56,sam2,0.0,0.0,0.0
5817,rebounding,1,,,,,null,,,
5818,rebounding,1,,,,,null,,,
5819,rebounding,1,,,,,null,,,
5820,rebounding,1,773,303,22651,92.66,sam2,0.0,0.0,0.0
5821,rebounding,1,,,,,null,,,
5822,rebounding,1,,,,,null,,,
5823,rebounding,1,,,,,null,,,
5824,rebounding,1,773,303,22652,92.67,sam2,0.0,0.0,0.0
5825,rebounding,1,,,,,null,,,
5826,rebounding,1,,,,,null,,,
5827,rebounding,1,,,,,null,,,
5828,rebounding,1,773,303,22627,92.57,sam2,0.0,0.0,0.0
5829,rebounding,1,,,,,null,,,
5830,rebounding,1,,,,,null,,,
5831,rebounding,1,,,,,null,,,
5832,rebounding,1,773,303,22637,92.61,sam2,0.0,0.0,0.0
5833,rebounding,1,,,,,null,,,
5834,rebounding,1,,,,,null,,,
5835,rebounding,1,,,,,null,,,
5836,rebounding,1,773,303,22625,92.56,sam2,0.0,0.0,0.0
5837,rebounding,1,,,,,null,,,
5838,rebounding,1,,,,,null,,,
5839,rebounding,1,,,,,null,,,
5840,rebounding,1,773,303,22633,92.59,sam2,0.0,0.0,0.0
5841,rebounding,1,,,,,null,,,
5842,rebounding,1,,,,,null,,,
5843,rebounding,1,,,,,null,,,
5844,rebounding,1,773,303,22646,92.64,sam2,0.0,0.0,0.0
5845,rebounding,1,,,,,null,,,
5846,rebounding,1,,,,,null,,,
5847,rebounding,1,,,,,null,,,
5848,rebounding,1,773,303,22632,92.59,sam2,0.0,0.0,0.0
5849,rebounding,1,,,,,null,,,
5850,rebounding,1,,,,,null,,,
5851,rebounding,1,,,,,null,,,
5852,rebounding,1,773,303,22614,92.51,sam2,0.0,0.0,0.0
5853,rebounding,1,,,,,null,,,
5854,rebounding,1,,,,,null,,,
5855,rebounding,1,,,,,null,,,
5856,rebounding,1,773,303,22615,92.52,sam2,0.0,0.0,0.0
5857,rebounding,1,,,,,null,,,
5858,rebounding,1,,,,,null,,,
5859,rebounding,1,,,,,null,,,
5860,rebounding,1,773,303,22625,92.56,sam2,0.0,0.0,0.0
5861,rebounding,1,,,,,null,,,
5862,rebounding,1,,,,,null,,,
5863,rebounding,1,,,,,null,,,
5864,rebounding,1,773,303,22617,92.53,sam2,0.0,0.0,0.0
5865,rebounding,1,,,,,null,,,
5866,rebounding,1,,,,,null,,,
5867,rebounding,1,,,,,null,,,
5868,rebounding,1,773,303,22631,92.58,sam2,0.0,0.0,0.0
5869,rebounding,1,,,,,null,,,
5870,rebounding,1,,,,,null,,,
5871,rebounding,1,,,,,null,,,
5872,rebounding,1,773,303,22618,92.53,sam2,0.0,0.0,0.0
5873,rebounding,1,,,,,null,,,
5874,rebounding,1,,,,,null,,,
5875,rebounding,1,,,,,null,,,
5876,rebounding,1,773,303,22625,92.56,sam2,0.0,0.0,0.0
5877,rebounding,1,,,,,null,,,
5878,rebounding,1,,,,,null,,,
5879,rebounding,1,,,,,null,,,
5880,rebounding,1,773,303,22633,92.59,sam2,0.0,0.0,0.0
5881,rebounding,1,,,,,null,,,
5882,rebounding,1,,,,,null,,,
5883,rebounding,1,,,,,null,,,
5884,rebounding,1,773,303,22629,92.57,sam2,0.0,0.0,0.0
5885,rebounding,1,,,,,null,,,
5886,rebounding,1,,,,,null,,,
5887,rebounding,1,,,,,null,,,
5888,rebounding,1,773,303,22642,92.63,sam2,0.0,0.0,0.0
5889,rebounding,1,,,,,null,,,
5890,rebounding,1,,,,,null,,,
5891,rebounding,1,,,,,null,,,
5892,rebounding,1,773,303,22648,92.65,sam2,0.0,0.0,0.0
5893,rebounding,1,,,,,null,,,
5894,rebounding,1,,,,,null,,,
5895,rebounding,1,,,,,null,,,
5896,rebounding,1,773,303,22631,92.58,sam2,0.0,0.0,0.0
5897,rebounding,1,,,,,null,,,
5898,rebounding,1,,,,,null,,,
5899,rebounding,1,,,,,null,,,
5900,rebounding,1,773,303,22614,92.51,sam2,0.0,0.0,0.0
5901,rebounding,1,,,,,null,,,
5902,rebounding,1,,,,,null,,,
5903,rebounding,1,,,,,null,,,
5904,rebounding,1,773,303,22613,92.51,sam2,0.0,0.0,0.0
5905,rebounding,1,,,,,null,,,
5906,rebounding,1,,,,,null,,,
5907,rebounding,1,,,,,null,,,
5908,rebounding,1,773,303,22645,92.64,sam2,0.0,0.0,0.0
5909,rebounding,1,,,,,null,,,
5910,rebounding,1,,,,,null,,,
5911,rebounding,1,,,,,null,,,
5912,rebounding,1,773,303,22632,92.59,sam2,0.0,0.0,0.0
5913,rebounding,1,,,,,null,,,
5914,rebounding,1,,,,,null,,,
5915,rebounding,1,,,,,null,,,
5916,rebounding,1,773,303,22666,92.73,sam2,0.0,0.0,0.0
5917,rebounding,1,,,,,null,,,
5918,rebounding,1,,,,,null,,,
5919,rebounding,1,,,,,null,,,
5920,rebounding,1,773,303,22644,92.64,sam2,0.0,0.0,0.0
5921,rebounding,1,,,,,null,,,
5922,rebounding,1,,,,,null,,,
5923,rebounding,1,,,,,null,,,
5924,rebounding,1,773,303,22643,92.63,sam2,0.0,0.0,0.0
5925,rebounding,1,,,,,null,,,
5926,rebounding,1,,,,,null,,,
5927,rebounding,1,,,,,null,,,
5928,rebounding,1,773,303,22660,92.7,sam2,0.0,0.0,0.0
5929,rebounding,1,,,,,null,,,
5930,rebounding,1,,,,,null,,,
5931,rebounding,1,,,,,null,,,
5932,rebounding,1,773,303,22631,92.58,sam2,0.0,0.0,0.0
5933,rebounding,1,,,,,null,,,
5934,rebounding,1,,,,,null,,,
5935,rebounding,1,,,,,null,,,
5936,rebounding,1,773,303,22627,92.57,sam2,0.0,0.0,0.0
5937,rebounding,1,,,,,null,,,
5938,rebounding,1,,,,,null,,,
5939,rebounding,1,,,,,null,,,
5940,rebounding,1,773,303,22653,92.67,sam2,0.0,0.0,0.0
5941,rebounding,1,,,,,null,,,
5942,rebounding,1,,,,,null,,,
5943,rebounding,1,,,,,null,,,
5944,rebounding,1,773,303,22625,92.56,sam2,0.0,0.0,0.0
5945,rebounding,1,,,,,null,,,
5946,rebounding,1,,,,,null,,,
5947,rebounding,1,,,,,null,,,
5948,rebounding,1,773,302,22593,92.43,sam2,1.0,749.192,13.378
5949,rebounding,1,,,,,null,,,
5950,rebounding,1,,,,,null,,,
5951,rebounding,1,,,,,null,,,
5952,rebounding,1,773,303,22621,92.54,sam2,1.0,749.192,13.378
5953,rebounding,1,,,,,null,,,
5954,rebounding,1,,,,,null,,,
5955,rebounding,1,,,,,null,,,
5956,rebounding,1,773,303,22638,92.61,sam2,0.0,0.0,0.0
5957,rebounding,1,,,,,null,,,
5958,rebounding,1,,,,,null,,,
5959,rebounding,1,,,,,null,,,
5960,rebounding,1,773,303,22635,92.6,sam2,0.0,0.0,0.0
5961,rebounding,1,,,,,null,,,
5962,rebounding,1,,,,,null,,,
5963,rebounding,1,,,,,null,,,
5964,rebounding,1,773,303,22647,92.65,sam2,0.0,0.0,0.0
5965,rebounding,1,,,,,null,,,
5966,rebounding,1,,,,,null,,,
5967,rebounding,1,,,,,null,,,
5968,rebounding,1,773,303,22650,92.66,sam2,0.0,0.0,0.0
5969,rebounding,1,,,,,null,,,
5970,rebounding,1,,,,,null,,,
5971,rebounding,1,,,,,null,,,
5972,rebounding,1,773,303,22648,92.65,sam2,0.0,0.0,0.0
5973,rebounding,1,,,,,null,,,
5974,rebounding,1,,,,,null,,,
5975,rebounding,1,,,,,null,,,
5976,rebounding,1,773,303,22629,92.57,sam2,0.0,0.0,0.0
5977,rebounding,1,,,,,null,,,
5978,rebounding,1,,,,,null,,,
5979,rebounding,1,,,,,null,,,
5980,rebounding,1,773,303,22635,92.6,sam2,0.0,0.0,0.0
5981,rebounding,1,,,,,null,,,
5982,rebounding,1,,,,,null,,,
5983,rebounding,1,,,,,null,,,
5984,rebounding,1,773,303,22643,92.63,sam2,0.0,0.0,0.0
5985,rebounding,1,,,,,null,,,
5986,rebounding,1,,,,,null,,,
5987,rebounding,1,,,,,null,,,
5988,rebounding,1,773,303,22653,92.67,sam2,0.0,0.0,0.0
5989,rebounding,1,,,,,null,,,
5990,rebounding,1,,,,,null,,,
5991,rebounding,1,,,,,null,,,
5992,rebounding,1,773,303,22654,92.68,sam2,0.0,0.0,0.0
5993,rebounding,1,,,,,null,,,
5994,rebounding,1,,,,,null,,,
5995,rebounding,1,,,,,null,,,
5996,rebounding,1,773,303,22630,92.58,sam2,0.0,0.0,0.0
5997,rebounding,1,,,,,null,,,
5998,rebounding,1,,,,,null,,,
5999,rebounding,1,,,,,null,,,
6000,rebounding,1,773,303,22638,92.61,sam2,0.0,0.0,0.0
6001,rebounding,1,,,,,null,,,
6002,rebounding,1,,,,,null,,,
6003,rebounding,1,,,,,null,,,
6004,rebounding,1,773,303,22645,92.64,sam2,0.0,0.0,0.0
6005,rebounding,1,,,,,null,,,
6006,rebounding,1,,,,,null,,,
6007,rebounding,1,,,,,null,,,
6008,rebounding,1,773,302,22605,92.48,sam2,1.0,749.192,13.378
6009,rebounding,1,,,,,null,,,
6010,rebounding,1,,,,,null,,,
6011,rebounding,1,,,,,null,,,
6012,rebounding,1,773,302,22607,92.48,sam2,0.0,0.0,0.0
6013,rebounding,1,,,,,null,,,
6014,rebounding,1,,,,,null,,,
6015,rebounding,1,,,,,null,,,
6016,rebounding,1,773,303,22638,92.61,sam2,1.0,749.192,13.378
6017,rebounding,1,,,,,null,,,
6018,rebounding,1,,,,,null,,,
6019,rebounding,1,,,,,null,,,
6020,rebounding,1,773,303,22632,92.59,sam2,0.0,0.0,0.0
6021,rebounding,1,,,,,null,,,
6022,rebounding,1,,,,,null,,,
6023,rebounding,1,,,,,null,,,
6024,rebounding,1,773,303,22639,92.62,sam2,0.0,0.0,0.0
6025,rebounding,1,,,,,null,,,
6026,rebounding,1,,,,,null,,,
6027,rebounding,1,,,,,null,,,
6028,rebounding,1,773,303,22628,92.57,sam2,0.0,0.0,0.0
6029,rebounding,1,,,,,null,,,
6030,rebounding,1,,,,,null,,,
6031,rebounding,1,,,,,null,,,
6032,rebounding,1,773,303,22631,92.58,sam2,0.0,0.0,0.0
6033,rebounding,1,,,,,null,,,
6034,rebounding,1,,,,,null,,,
6035,rebounding,1,,,,,null,,,
6036,rebounding,1,773,303,22607,92.48,sam2,0.0,0.0,0.0
6037,rebounding,1,,,,,null,,,
6038,rebounding,1,,,,,null,,,
6039,rebounding,1,,,,,null,,,
6040,rebounding,1,773,303,22605,92.48,sam2,0.0,0.0,0.0
6041,rebounding,1,,,,,null,,,
6042,rebounding,1,,,,,null,,,
6043,rebounding,1,,,,,null,,,
6044,rebounding,1,773,303,22630,92.58,sam2,0.0,0.0,0.0
6045,rebounding,1,,,,,null,,,
6046,rebounding,1,,,,,null,,,
6047,rebounding,1,,,,,null,,,
6048,rebounding,1,773,303,22645,92.64,sam2,0.0,0.0,0.0
6049,rebounding,1,,,,,null,,,
6050,rebounding,1,,,,,null,,,
6051,rebounding,1,,,,,null,,,
6052,rebounding,1,773,303,22631,92.58,sam2,0.0,0.0,0.0
6053,rebounding,1,,,,,null,,,
6054,rebounding,1,,,,,null,,,
6055,rebounding,1,,,,,null,,,
6056,rebounding,1,773,303,22630,92.58,sam2,0.0,0.0,0.0
6057,rebounding,1,,,,,null,,,
6058,rebounding,1,,,,,null,,,
6059,rebounding,1,,,,,null,,,
6060,rebounding,1,773,303,22634,92.6,sam2,0.0,0.0,0.0
6061,rebounding,1,,,,,null,,,
6062,rebounding,1,,,,,null,,,
6063,rebounding,1,,,,,null,,,
6064,rebounding,1,773,303,22622,92.55,sam2,0.0,0.0,0.0
6065,rebounding,1,,,,,null,,,
6066,rebounding,1,,,,,null,,,
6067,rebounding,1,,,,,null,,,
6068,rebounding,1,773,303,22651,92.66,sam2,0.0,0.0,0.0
6069,rebounding,1,,,,,null,,,
6070,rebounding,1,,,,,null,,,
6071,rebounding,1,,,,,null,,,
6072,rebounding,1,773,303,22649,92.66,sam2,0.0,0.0,0.0
6073,rebounding,1,,,,,null,,,
6074,rebounding,1,,,,,null,,,
6075,rebounding,1,,,,,null,,,
6076,rebounding,1,773,303,22634,92.6,sam2,0.0,0.0,0.0
6077,rebounding,1,,,,,null,,,
6078,rebounding,1,,,,,null,,,
6079,rebounding,1,,,,,null,,,
6080,rebounding,1,773,303,22621,92.54,sam2,0.0,0.0,0.0
6081,rebounding,1,,,,,null,,,
6082,rebounding,1,,,,,null,,,
6083,rebounding,1,,,,,null,,,
6084,rebounding,1,773,303,22642,92.63,sam2,0.0,0.0,0.0
6085,rebounding,1,,,,,null,,,
6086,rebounding,1,,,,,null,,,
6087,rebounding,1,,,,,null,,,
6088,rebounding,1,773,303,22627,92.57,sam2,0.0,0.0,0.0
6089,rebounding,1,,,,,null,,,
6090,rebounding,1,,,,,null,,,
6091,rebounding,1,,,,,null,,,
6092,rebounding,1,773,303,22626,92.56,sam2,0.0,0.0,0.0
6093,rebounding,1,,,,,null,,,
6094,rebounding,1,,,,,null,,,
6095,rebounding,1,,,,,null,,,
6096,rebounding,1,773,303,22632,92.59,sam2,0.0,0.0,0.0
6097,rebounding,1,,,,,null,,,
6098,rebounding,1,,,,,null,,,
6099,rebounding,1,,,,,null,,,
6100,rebounding,1,773,303,22634,92.6,sam2,0.0,0.0,0.0
6101,rebounding,1,,,,,null,,,
6102,rebounding,1,,,,,null,,,
6103,rebounding,1,,,,,null,,,
6104,rebounding,1,773,303,22632,92.59,sam2,0.0,0.0,0.0
6105,rebounding,1,,,,,null,,,
6106,rebounding,1,,,,,null,,,
6107,rebounding,1,,,,,null,,,
6108,rebounding,1,773,302,22631,92.58,sam2,1.0,749.192,13.378
6109,rebounding,1,,,,,null,,,
6110,rebounding,1,,,,,null,,,
6111,rebounding,1,,,,,null,,,
6112,rebounding,1,773,303,22628,92.57,sam2,1.0,749.192,13.378
6113,rebounding,1,,,,,null,,,
6114,rebounding,1,,,,,null,,,
6115,rebounding,1,,,,,null,,,
6116,rebounding,1,773,303,22618,92.53,sam2,0.0,0.0,0.0
6117,rebounding,1,,,,,null,,,
6118,rebounding,1,,,,,null,,,
6119,rebounding,1,,,,,null,,,
6120,rebounding,1,773,303,22633,92.59,sam2,0.0,0.0,0.0
6121,rebounding,1,,,,,null,,,
6122,rebounding,1,,,,,null,,,
6123,rebounding,1,,,,,null,,,
6124,rebounding,1,773,303,22622,92.55,sam2,0.0,0.0,0.0
6125,rebounding,1,,,,,null,,,
6126,rebounding,1,,,,,null,,,
6127,rebounding,1,,,,,null,,,
6128,rebounding,1,773,303,22649,92.66,sam2,0.0,0.0,0.0
6129,rebounding,1,,,,,null,,,
6130,rebounding,1,,,,,null,,,
6131,rebounding,1,,,,,null,,,
6132,rebounding,1,773,303,22619,92.53,sam2,0.0,0.0,0.0
6133,rebounding,1,,,,,null,,,
6134,rebounding,1,,,,,null,,,
6135,rebounding,1,,,,,null,,,
6136,rebounding,1,773,302,22628,92.57,sam2,1.0,749.192,13.378
6137,rebounding,1,,,,,null,,,
6138,rebounding,1,,,,,null,,,
6139,rebounding,1,,,,,null,,,
6140,rebounding,1,773,303,22639,92.62,sam2,1.0,749.192,13.378
6141,rebounding,1,,,,,null,,,
6142,rebounding,1,,,,,null,,,
6143,rebounding,1,,,,,null,,,
6144,rebounding,1,773,303,22654,92.68,sam2,0.0,0.0,0.0
6145,rebounding,1,,,,,null,,,
6146,rebounding,1,,,,,null,,,
6147,rebounding,1,,,,,null,,,
6148,rebounding,1,773,303,22652,92.67,sam2,0.0,0.0,0.0
6149,rebounding,1,,,,,null,,,
6150,rebounding,1,,,,,null,,,
6151,rebounding,1,,,,,null,,,
6152,rebounding,1,773,303,22659,92.7,sam2,0.0,0.0,0.0
6153,rebounding,1,,,,,null,,,
6154,rebounding,1,,,,,null,,,
6155,rebounding,1,,,,,null,,,
6156,rebounding,1,773,303,22647,92.65,sam2,0.0,0.0,0.0
6157,rebounding,1,,,,,null,,,
6158,rebounding,1,,,,,null,,,
6159,rebounding,1,,,,,null,,,
6160,rebounding,1,773,303,22648,92.65,sam2,0.0,0.0,0.0
6161,rebounding,1,,,,,null,,,
6162,rebounding,1,,,,,null,,,
6163,rebounding,1,,,,,null,,,
6164,rebounding,1,773,303,22636,92.6,sam2,0.0,0.0,0.0
6165,rebounding,1,,,,,null,,,
6166,rebounding,1,,,,,null,,,
6167,rebounding,1,,,,,null,,,
6168,rebounding,1,773,303,22650,92.66,sam2,0.0,0.0,0.0
6169,rebounding,1,,,,,null,,,
6170,rebounding,1,,,,,null,,,
6171,rebounding,1,,,,,null,,,
6172,rebounding,1,773,303,22658,92.69,sam2,0.0,0.0,0.0
6173,rebounding,1,,,,,null,,,
6174,rebounding,1,,,,,null,,,
6175,rebounding,1,,,,,null,,,
6176,rebounding,1,773,303,22625,92.56,sam2,0.0,0.0,0.0
6177,rebounding,1,,,,,null,,,
6178,rebounding,1,,,,,null,,,
6179,rebounding,1,,,,,null,,,
6180,rebounding,1,773,303,22641,92.62,sam2,0.0,0.0,0.0
6181,rebounding,1,,,,,null,,,
6182,rebounding,1,,,,,null,,,
6183,rebounding,1,,,,,null,,,
6184,rebounding,1,773,303,22624,92.55,sam2,0.0,0.0,0.0
6185,rebounding,1,,,,,null,,,
6186,rebounding,1,,,,,null,,,
6187,rebounding,1,,,,,null,,,
6188,rebounding,1,773,303,22618,92.53,sam2,0.0,0.0,0.0
6189,rebounding,1,,,,,null,,,
6190,rebounding,1,,,,,null,,,
6191,rebounding,1,,,,,null,,,
6192,rebounding,1,773,303,22617,92.53,sam2,0.0,0.0,0.0
6193,rebounding,1,,,,,null,,,
6194,rebounding,1,,,,,null,,,
6195,rebounding,1,,,,,null,,,
6196,rebounding,1,773,303,22620,92.54,sam2,0.0,0.0,0.0
6197,rebounding,1,,,,,null,,,
6198,rebounding,1,,,,,null,,,
6199,rebounding,1,,,,,null,,,
6200,rebounding,1,773,303,22617,92.53,sam2,0.0,0.0,0.0
6201,rebounding,1,,,,,null,,,
6202,rebounding,1,,,,,null,,,
6203,rebounding,1,,,,,null,,,
6204,rebounding,1,773,303,22622,92.55,sam2,0.0,0.0,0.0
6205,rebounding,1,,,,,null,,,
6206,rebounding,1,,,,,null,,,
6207,rebounding,1,,,,,null,,,
6208,rebounding,1,773,303,22627,92.57,sam2,0.0,0.0,0.0
6209,rebounding,1,,,,,null,,,
6210,rebounding,1,,,,,null,,,
6211,rebounding,1,,,,,null,,,
6212,rebounding,1,773,303,22616,92.52,sam2,0.0,0.0,0.0
6213,rebounding,1,,,,,null,,,
6214,rebounding,1,,,,,null,,,
6215,rebounding,1,,,,,null,,,
6216,rebounding,1,773,303,22618,92.53,sam2,0.0,0.0,0.0
6217,rebounding,1,,,,,null,,,
6218,rebounding,1,,,,,null,,,
6219,rebounding,1,,,,,null,,,
6220,rebounding,1,773,303,22621,92.54,sam2,0.0,0.0,0.0
6221,rebounding,1,,,,,null,,,
6222,rebounding,1,,,,,null,,,
6223,rebounding,1,,,,,null,,,
6224,rebounding,1,773,303,22632,92.59,sam2,0.0,0.0,0.0
6225,rebounding,1,,,,,null,,,
6226,rebounding,1,,,,,null,,,
6227,rebounding,1,,,,,null,,,
6228,rebounding,1,773,303,22628,92.57,sam2,0.0,0.0,0.0
6229,rebounding,1,,,,,null,,,
6230,rebounding,1,,,,,null,,,
6231,rebounding,1,,,,,null,,,
6232,rebounding,1,773,303,22618,92.53,sam2,0.0,0.0,0.0
6233,rebounding,1,,,,,null,,,
6234,rebounding,1,,,,,null,,,
6235,rebounding,1,,,,,null,,,
6236,rebounding,1,773,303,22647,92.65,sam2,0.0,0.0,0.0
6237,rebounding,1,,,,,null,,,
6238,rebounding,1,,,,,null,,,
6239,rebounding,1,,,,,null,,,
6240,rebounding,1,773,303,22649,92.66,sam2,0.0,0.0,0.0
6241,rebounding,1,,,,,null,,,
6242,rebounding,1,,,,,null,,,
6243,rebounding,1,,,,,null,,,
6244,rebounding,1,773,303,22636,92.6,sam2,0.0,0.0,0.0
6245,rebounding,1,,,,,null,,,
6246,rebounding,1,,,,,null,,,
6247,rebounding,1,,,,,null,,,
6248,rebounding,1,773,303,22638,92.61,sam2,0.0,0.0,0.0
6249,rebounding,1,,,,,null,,,
6250,rebounding,1,,,,,null,,,
6251,rebounding,1,,,,,null,,,
6252,rebounding,1,773,303,22651,92.66,sam2,0.0,0.0,0.0
6253,rebounding,1,,,,,null,,,
6254,rebounding,1,,,,,null,,,
6255,rebounding,1,,,,,null,,,
6256,rebounding,1,773,303,22635,92.6,sam2,0.0,0.0,0.0
6257,rebounding,1,,,,,null,,,
6258,rebounding,1,,,,,null,,,
6259,rebounding,1,,,,,null,,,
6260,rebounding,1,773,303,22639,92.62,sam2,0.0,0.0,0.0
6261,rebounding,1,,,,,null,,,
6262,rebounding,1,,,,,null,,,
6263,rebounding,1,,,,,null,,,
6264,rebounding,1,773,303,22637,92.61,sam2,0.0,0.0,0.0
6265,rebounding,1,,,,,null,,,
6266,rebounding,1,,,,,null,,,
6267,rebounding,1,,,,,null,,,
6268,rebounding,1,773,303,22647,92.65,sam2,0.0,0.0,0.0
6269,rebounding,1,,,,,null,,,
6270,rebounding,1,,,,,null,,,
6271,rebounding,1,,,,,null,,,
6272,rebounding,1,773,303,22652,92.67,sam2,0.0,0.0,0.0
6273,rebounding,1,,,,,null,,,
6274,rebounding,1,,,,,null,,,
6275,rebounding,1,,,,,null,,,
6276,rebounding,1,773,303,22656,92.69,sam2,0.0,0.0,0.0
6277,rebounding,1,,,,,null,,,
6278,rebounding,1,,,,,null,,,
6279,rebounding,1,,,,,null,,,
6280,rebounding,1,773,303,22634,92.6,sam2,0.0,0.0,0.0
6281,rebounding,1,,,,,null,,,
6282,rebounding,1,,,,,null,,,
6283,rebounding,1,,,,,null,,,
6284,rebounding,1,773,303,22649,92.66,sam2,0.0,0.0,0.0
6285,rebounding,1,,,,,null,,,
6286,rebounding,1,,,,,null,,,
6287,rebounding,1,,,,,null,,,
6288,rebounding,1,773,303,22625,92.56,sam2,0.0,0.0,0.0
6289,rebounding,1,,,,,null,,,
6290,rebounding,1,,,,,null,,,
6291,rebounding,1,,,,,null,,,
6292,rebounding,1,773,303,22605,92.48,sam2,0.0,0.0,0.0
6293,rebounding,1,,,,,null,,,
6294,rebounding,1,,,,,null,,,
6295,rebounding,1,,,,,null,,,
6296,rebounding,1,773,303,22611,92.5,sam2,0.0,0.0,0.0
6297,rebounding,1,,,,,null,,,
6298,rebounding,1,,,,,null,,,
6299,rebounding,1,,,,,null,,,
6300,rebounding,1,773,303,22597,92.44,sam2,0.0,0.0,0.0
6301,rebounding,1,,,,,null,,,
6302,rebounding,1,,,,,null,,,
6303,rebounding,1,,,,,null,,,
6304,rebounding,1,773,303,22610,92.5,sam2,0.0,0.0,0.0
6305,rebounding,1,,,,,null,,,
6306,rebounding,1,,,,,null,,,
6307,rebounding,1,,,,,null,,,
6308,rebounding,1,773,303,22604,92.47,sam2,0.0,0.0,0.0
6309,rebounding,1,,,,,null,,,
6310,rebounding,1,,,,,null,,,
6311,rebounding,1,,,,,null,,,
6312,rebounding,1,773,303,22628,92.57,sam2,0.0,0.0,0.0
6313,rebounding,1,,,,,null,,,
6314,rebounding,1,,,,,null,,,
6315,rebounding,1,,,,,null,,,
6316,rebounding,1,773,303,22616,92.52,sam2,0.0,0.0,0.0
6317,rebounding,1,,,,,null,,,
6318,rebounding,1,,,,,null,,,
6319,rebounding,1,,,,,null,,,
6320,rebounding,1,773,303,22642,92.63,sam2,0.0,0.0,0.0
6321,rebounding,1,,,,,null,,,
6322,rebounding,1,,,,,null,,,
6323,rebounding,1,,,,,null,,,
6324,rebounding,1,773,303,22630,92.58,sam2,0.0,0.0,0.0
6325,rebounding,1,,,,,null,,,
6326,rebounding,1,,,,,null,,,
6327,rebounding,1,,,,,null,,,
6328,rebounding,1,773,302,22596,92.44,sam2,1.0,749.192,13.378
6329,rebounding,1,,,,,null,,,
6330,rebounding,1,,,,,null,,,
6331,rebounding,1,,,,,null,,,
6332,rebounding,1,773,303,22639,92.62,sam2,1.0,749.192,13.378
6333,rebounding,1,,,,,null,,,
6334,rebounding,1,,,,,null,,,
6335,rebounding,1,,,,,null,,,
6336,rebounding,1,773,303,22660,92.7,sam2,0.0,0.0,0.0
6337,rebounding,1,,,,,null,,,
6338,rebounding,1,,,,,null,,,
6339,rebounding,1,,,,,null,,,
6340,rebounding,1,773,303,22637,92.61,sam2,0.0,0.0,0.0
6341,rebounding,1,,,,,null,,,
6342,rebounding,1,,,,,null,,,
6343,rebounding,1,,,,,null,,,
6344,rebounding,1,773,303,22633,92.59,sam2,0.0,0.0,0.0
6345,rebounding,1,,,,,null,,,
6346,rebounding,1,,,,,null,,,
6347,rebounding,1,,,,,null,,,
6348,rebounding,1,773,302,22623,92.55,sam2,1.0,749.192,13.378
6349,rebounding,1,,,,,null,,,
6350,rebounding,1,,,,,null,,,
6351,rebounding,1,,,,,null,,,
6352,rebounding,1,773,303,22651,92.66,sam2,1.0,749.192,13.378
6353,rebounding,1,,,,,null,,,
6354,rebounding,1,,,,,null,,,
6355,rebounding,1,,,,,null,,,
6356,rebounding,1,773,303,22634,92.6,sam2,0.0,0.0,0.0
6357,rebounding,1,,,,,null,,,
6358,rebounding,1,,,,,null,,,
6359,rebounding,1,,,,,null,,,
6360,rebounding,1,773,303,22639,92.62,sam2,0.0,0.0,0.0
6361,rebounding,1,,,,,null,,,
6362,rebounding,1,,,,,null,,,
6363,rebounding,1,,,,,null,,,
6364,rebounding,1,773,303,22658,92.69,sam2,0.0,0.0,0.0
6365,rebounding,1,,,,,null,,,
6366,rebounding,1,,,,,null,,,
6367,rebounding,1,,,,,null,,,
6368,rebounding,1,773,303,22625,92.56,sam2,0.0,0.0,0.0
6369,rebounding,1,,,,,null,,,
6370,rebounding,1,,,,,null,,,
6371,rebounding,1,,,,,null,,,
6372,rebounding,1,773,303,22625,92.56,sam2,0.0,0.0,0.0
6373,rebounding,1,,,,,null,,,
6374,rebounding,1,,,,,null,,,
6375,rebounding,1,,,,,null,,,
6376,rebounding,1,773,302,22617,92.53,sam2,1.0,749.192,13.378
6377,rebounding,1,,,,,null,,,
6378,rebounding,1,,,,,null,,,
6379,rebounding,1,,,,,null,,,
6380,rebounding,1,773,303,22635,92.6,sam2,1.0,749.192,13.378
6381,rebounding,1,,,,,null,,,
6382,rebounding,1,,,,,null,,,
6383,rebounding,1,,,,,null,,,
6384,rebounding,1,773,303,22639,92.62,sam2,0.0,0.0,0.0
6385,rebounding,1,,,,,null,,,
6386,rebounding,1,,,,,null,,,
6387,rebounding,1,,,,,null,,,
6388,rebounding,1,773,303,22652,92.67,sam2,0.0,0.0,0.0
6389,rebounding,1,,,,,null,,,
6390,rebounding,1,,,,,null,,,
6391,rebounding,1,,,,,null,,,
6392,rebounding,1,773,303,22644,92.64,sam2,0.0,0.0,0.0
6393,rebounding,1,,,,,null,,,
6394,rebounding,1,,,,,null,,,
6395,rebounding,1,,,,,null,,,
6396,rebounding,1,773,303,22637,92.61,sam2,0.0,0.0,0.0
6397,rebounding,1,,,,,null,,,
6398,rebounding,1,,,,,null,,,
6399,rebounding,1,,,,,null,,,
6400,rebounding,1,773,303,22615,92.52,sam2,0.0,0.0,0.0
6401,rebounding,1,,,,,null,,,
6402,rebounding,1,,,,,null,,,
6403,rebounding,1,,,,,null,,,
6404,rebounding,1,773,303,22616,92.52,sam2,0.0,0.0,0.0
6405,rebounding,1,,,,,null,,,
6406,rebounding,1,,,,,null,,,
6407,rebounding,1,,,,,null,,,
6408,rebounding,1,773,303,22628,92.57,sam2,0.0,0.0,0.0
6409,rebounding,1,,,,,null,,,
6410,rebounding,1,,,,,null,,,
6411,rebounding,1,,,,,null,,,
6412,rebounding,1,773,303,22647,92.65,sam2,0.0,0.0,0.0
6413,rebounding,1,,,,,null,,,
6414,rebounding,1,,,,,null,,,
6415,rebounding,1,,,,,null,,,
6416,rebounding,1,773,303,22652,92.67,sam2,0.0,0.0,0.0
6417,rebounding,1,,,,,null,,,
6418,rebounding,1,,,,,null,,,
6419,rebounding,1,,,,,null,,,
6420,rebounding,1,773,303,22628,92.57,sam2,0.0,0.0,0.0
6421,rebounding,1,,,,,null,,,
6422,rebounding,1,,,,,null,,,
6423,rebounding,1,,,,,null,,,
6424,rebounding,1,773,303,22642,92.63,sam2,0.0,0.0,0.0
6425,rebounding,1,,,,,null,,,
6426,rebounding,1,,,,,null,,,
6427,rebounding,1,,,,,null,,,
6428,rebounding,1,773,302,22623,92.55,sam2,1.0,749.192,13.378
6429,rebounding,1,,,,,null,,,
6430,rebounding,1,,,,,null,,,
6431,rebounding,1,,,,,null,,,
6432,rebounding,1,773,303,22637,92.61,sam2,1.0,749.192,13.378
6433,rebounding,1,,,,,null,,,
6434,rebounding,1,,,,,null,,,
6435,rebounding,1,,,,,null,,,
6436,rebounding,1,773,303,22648,92.65,sam2,0.0,0.0,0.0
6437,rebounding,1,,,,,null,,,
6438,rebounding,1,,,,,null,,,
6439,rebounding,1,,,,,null,,,
6440,rebounding,1,773,303,22657,92.69,sam2,0.0,0.0,0.0
6441,rebounding,1,,,,,null,,,
6442,rebounding,1,,,,,null,,,
6443,rebounding,1,,,,,null,,,
6444,rebounding,1,773,303,22648,92.65,sam2,0.0,0.0,0.0
6445,rebounding,1,,,,,null,,,
6446,rebounding,1,,,,,null,,,
6447,rebounding,1,,,,,null,,,
6448,rebounding,1,773,303,22639,92.62,sam2,0.0,0.0,0.0
6449,rebounding,1,,,,,null,,,
6450,rebounding,1,,,,,null,,,
6451,rebounding,1,,,,,null,,,
6452,rebounding,1,773,303,22640,92.62,sam2,0.0,0.0,0.0
6453,rebounding,1,,,,,null,,,
6454,rebounding,1,,,,,null,,,
6455,rebounding,1,,,,,null,,,
6456,rebounding,1,773,303,22652,92.67,sam2,0.0,0.0,0.0
6457,rebounding,1,,,,,null,,,
6458,rebounding,1,,,,,null,,,
6459,rebounding,1,,,,,null,,,
6460,rebounding,1,773,303,22662,92.71,sam2,0.0,0.0,0.0
6461,rebounding,1,,,,,null,,,
6462,rebounding,1,,,,,null,,,
6463,rebounding,1,,,,,null,,,
6464,rebounding,1,773,302,22617,92.53,sam2,1.0,749.192,13.378
6465,rebounding,1,,,,,null,,,
6466,rebounding,1,,,,,null,,,
6467,rebounding,1,,,,,null,,,
6468,rebounding,1,773,303,22633,92.59,sam2,1.0,749.192,13.378
6469,rebounding,1,,,,,null,,,
6470,rebounding,1,,,,,null,,,
6471,rebounding,1,,,,,null,,,
6472,rebounding,1,773,302,22617,92.53,sam2,1.0,749.192,13.378
6473,rebounding,1,,,,,null,,,
6474,rebounding,1,,,,,null,,,
6475,rebounding,1,,,,,null,,,
6476,rebounding,1,773,303,22639,92.62,sam2,1.0,749.192,13.378
6477,rebounding,1,,,,,null,,,
6478,rebounding,1,,,,,null,,,
6479,rebounding,1,,,,,null,,,
6480,rebounding,1,773,303,22620,92.54,sam2,0.0,0.0,0.0
6481,rebounding,1,,,,,null,,,
6482,rebounding,1,,,,,null,,,
6483,rebounding,1,,,,,null,,,
6484,rebounding,1,773,303,22648,92.65,sam2,0.0,0.0,0.0
6485,rebounding,1,,,,,null,,,
6486,rebounding,1,,,,,null,,,
6487,rebounding,1,,,,,null,,,
6488,rebounding,1,773,303,22621,92.54,sam2,0.0,0.0,0.0
6489,rebounding,1,,,,,null,,,
6490,rebounding,1,,,,,null,,,
6491,rebounding,1,,,,,null,,,
6492,rebounding,1,773,303,22650,92.66,sam2,0.0,0.0,0.0
6493,rebounding,1,,,,,null,,,
6494,rebounding,1,,,,,null,,,
6495,rebounding,1,,,,,null,,,
6496,rebounding,1,773,303,22650,92.66,sam2,0.0,0.0,0.0
6497,rebounding,1,,,,,null,,,
6498,rebounding,1,,,,,null,,,
6499,rebounding,1,,,,,null,,,
6500,rebounding,1,773,303,22632,92.59,sam2,0.0,0.0,0.0
6501,rebounding,1,,,,,null,,,
6502,rebounding,1,,,,,null,,,
6503,rebounding,1,,,,,null,,,
6504,rebounding,1,773,303,22610,92.5,sam2,0.0,0.0,0.0
6505,rebounding,1,,,,,null,,,
6506,rebounding,1,,,,,null,,,
6507,rebounding,1,,,,,null,,,
6508,rebounding,1,773,303,22633,92.59,sam2,0.0,0.0,0.0
6509,rebounding,1,,,,,null,,,
6510,rebounding,1,,,,,null,,,
6511,rebounding,1,,,,,null,,,
6512,rebounding,1,773,303,22650,92.66,sam2,0.0,0.0,0.0
6513,rebounding,1,,,,,null,,,
6514,rebounding,1,,,,,null,,,
6515,rebounding,1,,,,,null,,,
6516,rebounding,1,773,303,22646,92.64,sam2,0.0,0.0,0.0
6517,rebounding,1,,,,,null,,,
6518,rebounding,1,,,,,null,,,
6519,rebounding,1,,,,,null,,,
6520,rebounding,1,773,303,22633,92.59,sam2,0.0,0.0,0.0
6521,rebounding,1,,,,,null,,,
6522,rebounding,1,,,,,null,,,
6523,rebounding,1,,,,,null,,,
6524,rebounding,1,773,303,22625,92.56,sam2,0.0,0.0,0.0
6525,rebounding,1,,,,,null,,,
6526,rebounding,1,,,,,null,,,
6527,rebounding,1,,,,,null,,,
6528,rebounding,1,773,303,22654,92.68,sam2,0.0,0.0,0.0
6529,rebounding,1,,,,,null,,,
6530,rebounding,1,,,,,null,,,
6531,rebounding,1,,,,,null,,,
6532,rebounding,1,773,303,22639,92.62,sam2,0.0,0.0,0.0
6533,rebounding,1,,,,,null,,,
6534,rebounding,1,,,,,null,,,
6535,rebounding,1,,,,,null,,,
6536,rebounding,1,773,303,22648,92.65,sam2,0.0,0.0,0.0
6537,rebounding,1,,,,,null,,,
6538,rebounding,1,,,,,null,,,
6539,rebounding,1,,,,,null,,,
6540,rebounding,1,773,303,22618,92.53,sam2,0.0,0.0,0.0
6541,rebounding,1,,,,,null,,,
6542,rebounding,1,,,,,null,,,
6543,rebounding,1,,,,,null,,,
6544,rebounding,1,773,303,22624,92.55,sam2,0.0,0.0,0.0
6545,rebounding,1,,,,,null,,,
6546,rebounding,1,,,,,null,,,
6547,rebounding,1,,,,,null,,,
6548,rebounding,1,773,303,22652,92.67,sam2,0.0,0.0,0.0
6549,rebounding,1,,,,,null,,,
6550,rebounding,1,,,,,null,,,
6551,rebounding,1,,,,,null,,,
6552,rebounding,1,773,302,22629,92.57,sam2,1.0,749.192,13.378
6553,rebounding,1,,,,,null,,,
6554,rebounding,1,,,,,null,,,
6555,rebounding,1,,,,,null,,,
6556,rebounding,1,773,303,22654,92.68,sam2,1.0,749.192,13.378
6557,rebounding,1,,,,,null,,,
6558,rebounding,1,,,,,null,,,
6559,rebounding,1,,,,,null,,,
6560,rebounding,1,773,303,22650,92.66,sam2,0.0,0.0,0.0
6561,rebounding,1,,,,,null,,,
6562,rebounding,1,,,,,null,,,
6563,rebounding,1,,,,,null,,,
6564,rebounding,1,773,303,22673,92.75,sam2,0.0,0.0,0.0
6565,rebounding,1,,,,,null,,,
6566,rebounding,1,,,,,null,,,
6567,rebounding,1,,,,,null,,,
6568,rebounding,1,773,303,22655,92.68,sam2,0.0,0.0,0.0
6569,rebounding,1,,,,,null,,,
6570,rebounding,1,,,,,null,,,
6571,rebounding,1,,,,,null,,,
6572,rebounding,1,773,303,22629,92.57,sam2,0.0,0.0,0.0
6573,rebounding,1,,,,,null,,,
6574,rebounding,1,,,,,null,,,
6575,rebounding,1,,,,,null,,,
6576,rebounding,1,773,303,22615,92.52,sam2,0.0,0.0,0.0
6577,rebounding,1,,,,,null,,,
6578,rebounding,1,,,,,null,,,
6579,rebounding,1,,,,,null,,,
6580,rebounding,1,773,303,22665,92.72,sam2,0.0,0.0,0.0
6581,rebounding,1,,,,,null,,,
6582,rebounding,1,,,,,null,,,
6583,rebounding,1,,,,,null,,,
6584,rebounding,1,773,303,22656,92.69,sam2,0.0,0.0,0.0
6585,rebounding,1,,,,,null,,,
6586,rebounding,1,,,,,null,,,
6587,rebounding,1,,,,,null,,,
6588,rebounding,1,773,303,22646,92.64,sam2,0.0,0.0,0.0
6589,rebounding,1,,,,,null,,,
6590,rebounding,1,,,,,null,,,
6591,rebounding,1,,,,,null,,,
6592,rebounding,1,773,303,22653,92.67,sam2,0.0,0.0,0.0
6593,rebounding,1,,,,,null,,,
6594,rebounding,1,,,,,null,,,
6595,rebounding,1,,,,,null,,,
6596,rebounding,1,773,303,22632,92.59,sam2,0.0,0.0,0.0
6597,rebounding,1,,,,,null,,,
6598,rebounding,1,,,,,null,,,
6599,rebounding,1,,,,,null,,,
6600,rebounding,1,773,303,22629,92.57,sam2,0.0,0.0,0.0
6601,rebounding,1,,,,,null,,,
6602,rebounding,1,,,,,null,,,
6603,rebounding,1,,,,,null,,,
6604,rebounding,1,773,303,22660,92.7,sam2,0.0,0.0,0.0
6605,rebounding,1,,,,,null,,,
6606,rebounding,1,,,,,null,,,
6607,rebounding,1,,,,,null,,,
6608,rebounding,1,773,303,22657,92.69,sam2,0.0,0.0,0.0
6609,rebounding,1,,,,,null,,,
6610,rebounding,1,,,,,null,,,
6611,rebounding,1,,,,,null,,,
6612,rebounding,1,773,303,22620,92.54,sam2,0.0,0.0,0.0
6613,rebounding,1,,,,,null,,,
6614,rebounding,1,,,,,null,,,
6615,rebounding,1,,,,,null,,,
6616,rebounding,1,773,303,22643,92.63,sam2,0.0,0.0,0.0
6617,rebounding,1,,,,,null,,,
6618,rebounding,1,,,,,null,,,
6619,rebounding,1,,,,,null,,,
6620,rebounding,1,773,303,22639,92.62,sam2,0.0,0.0,0.0
6621,rebounding,1,,,,,null,,,
6622,rebounding,1,,,,,null,,,
6623,rebounding,1,,,,,null,,,
6624,rebounding,1,773,303,22617,92.53,sam2,0.0,0.0,0.0
6625,rebounding,1,,,,,null,,,
6626,rebounding,1,,,,,null,,,
6627,rebounding,1,,,,,null,,,
6628,rebounding,1,773,302,22609,92.49,sam2,1.0,749.192,13.378
6629,rebounding,1,,,,,null,,,
6630,rebounding,1,,,,,null,,,
6631,rebounding,1,,,,,null,,,
6632,rebounding,1,773,303,22640,92.62,sam2,1.0,749.192,13.378
6633,rebounding,1,,,,,null,,,
6634,rebounding,1,,,,,null,,,
6635,rebounding,1,,,,,null,,,
6636,rebounding,1,773,303,22637,92.61,sam2,0.0,0.0,0.0
6637,rebounding,1,,,,,null,,,
6638,rebounding,1,,,,,null,,,
6639,rebounding,1,,,,,null,,,
6640,rebounding,1,773,303,22676,92.77,sam2,0.0,0.0,0.0
6641,rebounding,1,,,,,null,,,
6642,rebounding,1,,,,,null,,,
6643,rebounding,1,,,,,null,,,
6644,rebounding,1,773,303,22639,92.62,sam2,0.0,0.0,0.0
6645,rebounding,1,,,,,null,,,
6646,rebounding,1,,,,,null,,,
6647,rebounding,1,,,,,null,,,
6648,rebounding,1,773,303,22647,92.65,sam2,0.0,0.0,0.0
6649,rebounding,1,,,,,null,,,
6650,rebounding,1,,,,,null,,,
6651,rebounding,1,,,,,null,,,
6652,rebounding,1,773,303,22636,92.6,sam2,0.0,0.0,0.0
6653,rebounding,1,,,,,null,,,
6654,rebounding,1,,,,,null,,,
6655,rebounding,1,,,,,null,,,
6656,rebounding,1,773,303,22634,92.6,sam2,0.0,0.0,0.0
6657,rebounding,1,,,,,null,,,
6658,rebounding,1,,,,,null,,,
6659,rebounding,1,,,,,null,,,
6660,rebounding,1,773,303,22625,92.56,sam2,0.0,0.0,0.0
6661,rebounding,1,,,,,null,,,
6662,rebounding,1,,,,,null,,,
6663,rebounding,1,,,,,null,,,
6664,rebounding,1,773,303,22635,92.6,sam2,0.0,0.0,0.0
6665,rebounding,1,,,,,null,,,
6666,rebounding,1,,,,,null,,,
6667,rebounding,1,,,,,null,,,
6668,rebounding,1,773,303,22639,92.62,sam2,0.0,0.0,0.0
6669,rebounding,1,,,,,null,,,
6670,rebounding,1,,,,,null,,,
6671,rebounding,1,,,,,null,,,
6672,rebounding,1,773,303,22625,92.56,sam2,0.0,0.0,0.0
6673,rebounding,1,,,,,null,,,
6674,rebounding,1,,,,,null,,,
6675,rebounding,1,,,,,null,,,
6676,rebounding,1,773,303,22637,92.61,sam2,0.0,0.0,0.0
6677,rebounding,1,,,,,null,,,
6678,rebounding,1,,,,,null,,,
6679,rebounding,1,,,,,null,,,
6680,rebounding,1,773,303,22643,92.63,sam2,0.0,0.0,0.0
6681,rebounding,1,,,,,null,,,
6682,rebounding,1,,,,,null,,,
6683,rebounding,1,,,,,null,,,
6684,rebounding,1,773,303,22618,92.53,sam2,0.0,0.0,0.0
6685,rebounding,1,,,,,null,,,
6686,rebounding,1,,,,,null,,,
6687,rebounding,1,,,,,null,,,
6688,rebounding,1,773,303,22619,92.53,sam2,0.0,0.0,0.0
6689,rebounding,1,,,,,null,,,
6690,rebounding,1,,,,,null,,,
6691,rebounding,1,,,,,null,,,
6692,rebounding,1,773,303,22645,92.64,sam2,0.0,0.0,0.0
6693,rebounding,1,,,,,null,,,
6694,rebounding,1,,,,,null,,,
6695,rebounding,1,,,,,null,,,
6696,rebounding,1,773,303,22641,92.62,sam2,0.0,0.0,0.0
6697,rebounding,1,,,,,null,,,
6698,rebounding,1,,,,,null,,,
6699,rebounding,1,,,,,null,,,
6700,rebounding,1,773,303,22657,92.69,sam2,0.0,0.0,0.0
6701,rebounding,1,,,,,null,,,
6702,rebounding,1,,,,,null,,,
6703,rebounding,1,,,,,null,,,
6704,rebounding,1,773,303,22649,92.66,sam2,0.0,0.0,0.0
6705,rebounding,1,,,,,null,,,
6706,rebounding,1,,,,,null,,,
6707,rebounding,1,,,,,null,,,
6708,rebounding,1,773,303,22624,92.55,sam2,0.0,0.0,0.0
6709,rebounding,1,,,,,null,,,
6710,rebounding,1,,,,,null,,,
6711,rebounding,1,,,,,null,,,
6712,rebounding,1,773,303,22641,92.62,sam2,0.0,0.0,0.0
6713,rebounding,1,,,,,null,,,
6714,rebounding,1,,,,,null,,,
6715,rebounding,1,,,,,null,,,
6716,rebounding,1,773,303,22637,92.61,sam2,0.0,0.0,0.0
6717,rebounding,1,,,,,null,,,
6718,rebounding,1,,,,,null,,,
6719,rebounding,1,,,,,null,,,
6720,rebounding,1,773,302,22613,92.51,sam2,1.0,749.192,13.378
6721,rebounding,1,,,,,null,,,
6722,rebounding,1,,,,,null,,,
6723,rebounding,1,,,,,null,,,
6724,rebounding,1,773,303,22650,92.66,sam2,1.0,749.192,13.378
6725,rebounding,1,,,,,null,,,
6726,rebounding,1,,,,,null,,,
6727,rebounding,1,,,,,null,,,
6728,rebounding,1,773,303,22648,92.65,sam2,0.0,0.0,0.0
6729,rebounding,1,,,,,null,,,
6730,rebounding,1,,,,,null,,,
6731,rebounding,1,,,,,null,,,
6732,rebounding,1,773,303,22631,92.58,sam2,0.0,0.0,0.0
6733,rebounding,1,,,,,null,,,
6734,rebounding,1,,,,,null,,,
6735,rebounding,1,,,,,null,,,
6736,rebounding,1,773,303,22619,92.53,sam2,0.0,0.0,0.0
6737,rebounding,1,,,,,null,,,
6738,rebounding,1,,,,,null,,,
6739,rebounding,1,,,,,null,,,
6740,rebounding,1,773,303,22638,92.61,sam2,0.0,0.0,0.0
6741,rebounding,1,,,,,null,,,
6742,rebounding,1,,,,,null,,,
6743,rebounding,1,,,,,null,,,
6744,rebounding,1,773,303,22639,92.62,sam2,0.0,0.0,0.0
6745,rebounding,1,,,,,null,,,
6746,rebounding,1,,,,,null,,,
6747,rebounding,1,,,,,null,,,
6748,rebounding,1,773,303,22640,92.62,sam2,0.0,0.0,0.0
6749,rebounding,1,,,,,null,,,
6750,rebounding,1,,,,,null,,,
6751,rebounding,1,,,,,null,,,
6752,rebounding,1,773,303,22646,92.64,sam2,0.0,0.0,0.0
6753,rebounding,1,,,,,null,,,
6754,rebounding,1,,,,,null,,,
6755,rebounding,1,,,,,null,,,
6756,rebounding,1,773,303,22664,92.72,sam2,0.0,0.0,0.0
6757,rebounding,1,,,,,null,,,
6758,rebounding,1,,,,,null,,,
6759,rebounding,1,,,,,null,,,
6760,rebounding,1,773,303,22634,92.6,sam2,0.0,0.0,0.0
6761,rebounding,1,,,,,null,,,
6762,rebounding,1,,,,,null,,,
6763,rebounding,1,,,,,null,,,
6764,rebounding,1,773,303,22670,92.74,sam2,0.0,0.0,0.0
6765,rebounding,1,,,,,null,,,
6766,rebounding,1,,,,,null,,,
6767,rebounding,1,,,,,null,,,
6768,rebounding,1,773,303,22621,92.54,sam2,0.0,0.0,0.0
6769,rebounding,1,,,,,null,,,
6770,rebounding,1,,,,,null,,,
6771,rebounding,1,,,,,null,,,
6772,rebounding,1,773,302,22620,92.54,sam2,1.0,749.192,13.378
6773,rebounding,1,,,,,null,,,
6774,rebounding,1,,,,,null,,,
6775,rebounding,1,,,,,null,,,
6776,rebounding,1,773,303,22638,92.61,sam2,1.0,749.192,13.378
6777,rebounding,1,,,,,null,,,
6778,rebounding,1,,,,,null,,,
6779,rebounding,1,,,,,null,,,
6780,rebounding,1,773,303,22646,92.64,sam2,0.0,0.0,0.0
6781,rebounding,1,,,,,null,,,
6782,rebounding,1,,,,,null,,,
6783,rebounding,1,,,,,null,,,
6784,rebounding,1,773,303,22643,92.63,sam2,0.0,0.0,0.0
6785,rebounding,1,,,,,null,,,
6786,rebounding,1,,,,,null,,,
6787,rebounding,1,,,,,null,,,
6788,rebounding,1,773,303,22614,92.51,sam2,0.0,0.0,0.0
6789,rebounding,1,,,,,null,,,
6790,rebounding,1,,,,,null,,,
6791,rebounding,1,,,,,null,,,
6792,rebounding,1,773,303,22625,92.56,sam2,0.0,0.0,0.0
6793,rebounding,1,,,,,null,,,
6794,rebounding,1,,,,,null,,,
6795,rebounding,1,,,,,null,,,
6796,rebounding,1,773,303,22635,92.6,sam2,0.0,0.0,0.0
6797,rebounding,1,,,,,null,,,
6798,rebounding,1,,,,,null,,,
6799,rebounding,1,,,,,null,,,
6800,rebounding,1,773,303,22639,92.62,sam2,0.0,0.0,0.0
6801,rebounding,1,,,,,null,,,
6802,rebounding,1,,,,,null,,,
6803,rebounding,1,,,,,null,,,
6804,rebounding,1,773,303,22657,92.69,sam2,0.0,0.0,0.0
6805,rebounding,1,,,,,null,,,
6806,rebounding,1,,,,,null,,,
6807,rebounding,1,,,,,null,,,
6808,rebounding,1,773,303,22652,92.67,sam2,0.0,0.0,0.0
6809,rebounding,1,,,,,null,,,
6810,rebounding,1,,,,,null,,,
6811,rebounding,1,,,,,null,,,
6812,rebounding,1,773,303,22636,92.6,sam2,0.0,0.0,0.0
6813,rebounding,1,,,,,null,,,
6814,rebounding,1,,,,,null,,,
6815,rebounding,1,,,,,null,,,
6816,rebounding,1,773,303,22626,92.56,sam2,0.0,0.0,0.0
6817,rebounding,1,,,,,null,,,
6818,rebounding,1,,,,,null,,,
6819,rebounding,1,,,,,null,,,
6820,rebounding,1,773,303,22664,92.72,sam2,0.0,0.0,0.0
6821,rebounding,1,,,,,null,,,
6822,rebounding,1,,,,,null,,,
6823,rebounding,1,,,,,null,,,
6824,rebounding,1,773,303,22627,92.57,sam2,0.0,0.0,0.0
6825,rebounding,1,,,,,null,,,
6826,rebounding,1,,,,,null,,,
6827,rebounding,1,,,,,null,,,
6828,rebounding,1,773,303,22637,92.61,sam2,0.0,0.0,0.0
6829,rebounding,1,,,,,null,,,
6830,rebounding,1,,,,,null,,,
6831,rebounding,1,,,,,null,,,
6832,rebounding,1,773,302,22617,92.53,sam2,1.0,749.192,13.378
6833,rebounding,1,,,,,null,,,
6834,rebounding,1,,,,,null,,,
6835,rebounding,1,,,,,null,,,
6836,rebounding,1,773,303,22632,92.59,sam2,1.0,749.192,13.378
6837,rebounding,1,,,,,null,,,
6838,rebounding,1,,,,,null,,,
6839,rebounding,1,,,,,null,,,
6840,rebounding,1,773,303,22648,92.65,sam2,0.0,0.0,0.0
6841,rebounding,1,,,,,null,,,
6842,rebounding,1,,,,,null,,,
6843,rebounding,1,,,,,null,,,
6844,rebounding,1,773,303,22630,92.58,sam2,0.0,0.0,0.0
6845,rebounding,1,,,,,null,,,
6846,rebounding,1,,,,,null,,,
6847,rebounding,1,,,,,null,,,
6848,rebounding,1,773,303,22629,92.57,sam2,0.0,0.0,0.0
6849,rebounding,1,,,,,null,,,
6850,rebounding,1,,,,,null,,,
6851,rebounding,1,,,,,null,,,
6852,rebounding,1,773,302,22612,92.51,sam2,1.0,749.192,13.378
6853,rebounding,1,,,,,null,,,
6854,rebounding,1,,,,,null,,,
6855,rebounding,1,,,,,null,,,
6856,rebounding,1,773,302,22628,92.57,sam2,0.0,0.0,0.0
6857,rebounding,1,,,,,null,,,
6858,rebounding,1,,,,,null,,,
6859,rebounding,1,,,,,null,,,
6860,rebounding,1,773,303,22657,92.69,sam2,1.0,749.192,13.378
6861,rebounding,1,,,,,null,,,
6862,rebounding,1,,,,,null,,,
6863,rebounding,1,,,,,null,,,
6864,rebounding,1,773,302,22619,92.53,sam2,1.0,749.192,13.378
6865,rebounding,1,,,,,null,,,
6866,rebounding,1,,,,,null,,,
6867,rebounding,1,,,,,null,,,
6868,rebounding,1,773,303,22647,92.65,sam2,1.0,749.192,13.378
6869,rebounding,1,,,,,null,,,
6870,rebounding,1,,,,,null,,,
6871,rebounding,1,,,,,null,,,
6872,rebounding,1,773,302,22619,92.53,sam2,1.0,749.192,13.378
6873,rebounding,1,,,,,null,,,
6874,rebounding,1,,,,,null,,,
6875,rebounding,1,,,,,null,,,
6876,rebounding,1,773,303,22643,92.63,sam2,1.0,749.192,13.378
6877,rebounding,1,,,,,null,,,
6878,rebounding,1,,,,,null,,,
6879,rebounding,1,,,,,null,,,
6880,rebounding,1,773,303,22666,92.73,sam2,0.0,0.0,0.0
6881,rebounding,1,,,,,null,,,
6882,rebounding,1,,,,,null,,,
6883,rebounding,1,,,,,null,,,
6884,rebounding,1,773,303,22643,92.63,sam2,0.0,0.0,0.0
6885,rebounding,1,,,,,null,,,
6886,rebounding,1,,,,,null,,,
6887,rebounding,1,,,,,null,,,
6888,rebounding,1,773,303,22663,92.71,sam2,0.0,0.0,0.0
6889,rebounding,1,,,,,null,,,
6890,rebounding,1,,,,,null,,,
6891,rebounding,1,,,,,null,,,
6892,rebounding,1,773,303,22675,92.76,sam2,0.0,0.0,0.0
6893,rebounding,1,,,,,null,,,
6894,rebounding,1,,,,,null,,,
6895,rebounding,1,,,,,null,,,
6896,rebounding,1,773,303,22643,92.63,sam2,0.0,0.0,0.0
6897,rebounding,1,,,,,null,,,
6898,rebounding,1,,,,,null,,,
6899,rebounding,1,,,,,null,,,
6900,rebounding,1,773,303,22663,92.71,sam2,0.0,0.0,0.0
6901,rebounding,1,,,,,null,,,
6902,rebounding,1,,,,,null,,,
6903,rebounding,1,,,,,null,,,
6904,rebounding,1,773,303,22648,92.65,sam2,0.0,0.0,0.0
6905,rebounding,1,,,,,null,,,
6906,rebounding,1,,,,,null,,,
6907,rebounding,1,,,,,null,,,
6908,rebounding,1,773,303,22647,92.65,sam2,0.0,0.0,0.0
6909,rebounding,1,,,,,null,,,
6910,rebounding,1,,,,,null,,,
6911,rebounding,1,,,,,null,,,
6912,rebounding,1,773,303,22643,92.63,sam2,0.0,0.0,0.0
6913,rebounding,1,,,,,null,,,
6914,rebounding,1,,,,,null,,,
6915,rebounding,1,,,,,null,,,
6916,rebounding,1,773,303,22668,92.73,sam2,0.0,0.0,0.0
6917,rebounding,1,,,,,null,,,
6918,rebounding,1,,,,,null,,,
6919,rebounding,1,,,,,null,,,
6920,rebounding,1,773,303,22621,92.54,sam2,0.0,0.0,0.0
6921,rebounding,1,,,,,null,,,
6922,rebounding,1,,,,,null,,,
6923,rebounding,1,,,,,null,,,
6924,rebounding,1,773,303,22651,92.66,sam2,0.0,0.0,0.0
6925,rebounding,1,,,,,null,,,
6926,rebounding,1,,,,,null,,,
6927,rebounding,1,,,,,null,,,
6928,rebounding,1,773,303,22660,92.7,sam2,0.0,0.0,0.0
6929,rebounding,1,,,,,null,,,
6930,rebounding,1,,,,,null,,,
6931,rebounding,1,,,,,null,,,
6932,rebounding,1,773,303,22650,92.66,sam2,0.0,0.0,0.0
6933,rebounding,1,,,,,null,,,
6934,rebounding,1,,,,,null,,,
6935,rebounding,1,,,,,null,,,
6936,rebounding,1,773,303,22622,92.55,sam2,0.0,0.0,0.0
6937,rebounding,1,,,,,null,,,
6938,rebounding,1,,,,,null,,,
6939,rebounding,1,,,,,null,,,
6940,rebounding,1,773,303,22656,92.69,sam2,0.0,0.0,0.0
6941,rebounding,1,,,,,null,,,
6942,rebounding,1,,,,,null,,,
6943,rebounding,1,,,,,null,,,
6944,rebounding,1,773,303,22638,92.61,sam2,0.0,0.0,0.0
6945,rebounding,1,,,,,null,,,
6946,rebounding,1,,,,,null,,,
6947,rebounding,1,,,,,null,,,
6948,rebounding,1,773,303,22654,92.68,sam2,0.0,0.0,0.0
6949,rebounding,1,,,,,null,,,
6950,rebounding,1,,,,,null,,,
6951,rebounding,1,,,,,null,,,
6952,rebounding,1,773,303,22648,92.65,sam2,0.0,0.0,0.0
6953,rebounding,1,,,,,null,,,
6954,rebounding,1,,,,,null,,,
6955,rebounding,1,,,,,null,,,
6956,rebounding,1,773,303,22652,92.67,sam2,0.0,0.0,0.0
6957,rebounding,1,,,,,null,,,
6958,rebounding,1,,,,,null,,,
6959,rebounding,1,,,,,null,,,
6960,rebounding,1,773,303,22660,92.7,sam2,0.0,0.0,0.0
6961,rebounding,1,,,,,null,,,
6962,rebounding,1,,,,,null,,,
6963,rebounding,1,,,,,null,,,
6964,rebounding,1,773,303,22644,92.64,sam2,0.0,0.0,0.0
6965,rebounding,1,,,,,null,,,
6966,rebounding,1,,,,,null,,,
6967,rebounding,1,,,,,null,,,
6968,rebounding,1,773,303,22631,92.58,sam2,0.0,0.0,0.0
6969,rebounding,1,,,,,null,,,
6970,rebounding,1,,,,,null,,,
6971,rebounding,1,,,,,null,,,
6972,rebounding,1,773,303,22636,92.6,sam2,0.0,0.0,0.0
6973,rebounding,1,,,,,null,,,
6974,rebounding,1,,,,,null,,,
6975,rebounding,1,,,,,null,,,
6976,rebounding,1,773,303,22670,92.74,sam2,0.0,0.0,0.0
6977,rebounding,1,,,,,null,,,
6978,rebounding,1,,,,,null,,,
6979,rebounding,1,,,,,null,,,
6980,rebounding,1,773,303,22675,92.76,sam2,0.0,0.0,0.0
6981,rebounding,1,,,,,null,,,
6982,rebounding,1,,,,,null,,,
6983,rebounding,1,,,,,null,,,
6984,rebounding,1,773,303,22651,92.66,sam2,0.0,0.0,0.0
6985,rebounding,1,,,,,null,,,
6986,rebounding,1,,,,,null,,,
6987,rebounding,1,,,,,null,,,
6988,rebounding,1,773,303,22641,92.62,sam2,0.0,0.0,0.0
6989,rebounding,1,,,,,null,,,
6990,rebounding,1,,,,,null,,,
6991,rebounding,1,,,,,null,,,
6992,rebounding,1,773,303,22658,92.69,sam2,0.0,0.0,0.0
6993,rebounding,1,,,,,null,,,
6994,rebounding,1,,,,,null,,,
6995,rebounding,1,,,,,null,,,
6996,rebounding,1,773,303,22648,92.65,sam2,0.0,0.0,0.0
6997,rebounding,1,,,,,null,,,
6998,rebounding,1,,,,,null,,,
6999,rebounding,1,,,,,null,,,
7000,rebounding,1,773,303,22661,92.71,sam2,0.0,0.0,0.0
7001,rebounding,1,,,,,null,,,
7002,rebounding,1,,,,,null,,,
7003,rebounding,1,,,,,null,,,
7004,rebounding,1,773,303,22642,92.63,sam2,0.0,0.0,0.0
7005,rebounding,1,,,,,null,,,
7006,rebounding,1,,,,,null,,,
7007,rebounding,1,,,,,null,,,
7008,rebounding,1,773,303,22627,92.57,sam2,0.0,0.0,0.0
7009,rebounding,1,,,,,null,,,
7010,rebounding,1,,,,,null,,,
7011,rebounding,1,,,,,null,,,
7012,rebounding,1,773,303,22653,92.67,sam2,0.0,0.0,0.0
7013,rebounding,1,,,,,null,,,
7014,rebounding,1,,,,,null,,,
7015,rebounding,1,,,,,null,,,
7016,rebounding,1,773,303,22648,92.65,sam2,0.0,0.0,0.0
7017,rebounding,1,,,,,null,,,
7018,rebounding,1,,,,,null,,,
7019,rebounding,1,,,,,null,,,
7020,rebounding,1,773,303,22632,92.59,sam2,0.0,0.0,0.0
7021,rebounding,1,,,,,null,,,
7022,rebounding,1,,,,,null,,,
7023,rebounding,1,,,,,null,,,
7024,rebounding,1,773,303,22637,92.61,sam2,0.0,0.0,0.0
7025,rebounding,1,,,,,null,,,
7026,rebounding,1,,,,,null,,,
7027,rebounding,1,,,,,null,,,
7028,rebounding,1,773,303,22652,92.67,sam2,0.0,0.0,0.0
7029,rebounding,1,,,,,null,,,
7030,rebounding,1,,,,,null,,,
7031,rebounding,1,,,,,null,,,
7032,rebounding,1,773,303,22650,92.66,sam2,0.0,0.0,0.0
7033,rebounding,1,,,,,null,,,
7034,rebounding,1,,,,,null,,,
7035,rebounding,1,,,,,null,,,
7036,rebounding,1,773,303,22641,92.62,sam2,0.0,0.0,0.0
7037,rebounding,1,,,,,null,,,
7038,rebounding,1,,,,,null,,,
7039,rebounding,1,,,,,null,,,
7040,rebounding,1,773,303,22630,92.58,sam2,0.0,0.0,0.0
7041,rebounding,1,,,,,null,,,
7042,rebounding,1,,,,,null,,,
7043,rebounding,1,,,,,null,,,
7044,rebounding,1,773,303,22644,92.64,sam2,0.0,0.0,0.0
7045,rebounding,1,,,,,null,,,
7046,rebounding,1,,,,,null,,,
7047,rebounding,1,,,,,null,,,
7048,rebounding,1,773,303,22633,92.59,sam2,0.0,0.0,0.0
7049,rebounding,1,,,,,null,,,
7050,rebounding,1,,,,,null,,,
7051,rebounding,1,,,,,null,,,
7052,rebounding,1,773,303,22626,92.56,sam2,0.0,0.0,0.0
7053,rebounding,1,,,,,null,,,
7054,rebounding,1,,,,,null,,,
7055,rebounding,1,,,,,null,,,
7056,rebounding,1,773,303,22640,92.62,sam2,0.0,0.0,0.0
7057,rebounding,1,,,,,null,,,
7058,rebounding,1,,,,,null,,,
7059,rebounding,1,,,,,null,,,
7060,rebounding,1,773,303,22629,92.57,sam2,0.0,0.0,0.0
7061,rebounding,1,,,,,null,,,
7062,rebounding,1,,,,,null,,,
7063,rebounding,1,,,,,null,,,
7064,rebounding,1,773,303,22677,92.77,sam2,0.0,0.0,0.0
7065,rebounding,1,,,,,null,,,
7066,rebounding,1,,,,,null,,,
7067,rebounding,1,,,,,null,,,
7068,rebounding,1,773,303,22648,92.65,sam2,0.0,0.0,0.0
7069,rebounding,1,,,,,null,,,
7070,rebounding,1,,,,,null,,,
7071,rebounding,1,,,,,null,,,
7072,rebounding,1,773,303,22635,92.6,sam2,0.0,0.0,0.0
7073,rebounding,1,,,,,null,,,
7074,rebounding,1,,,,,null,,,
7075,rebounding,1,,,,,null,,,
7076,rebounding,1,773,303,22634,92.6,sam2,0.0,0.0,0.0
7077,rebounding,1,,,,,null,,,
7078,rebounding,1,,,,,null,,,
7079,rebounding,1,,,,,null,,,
7080,rebounding,1,773,303,22649,92.66,sam2,0.0,0.0,0.0
7081,rebounding,1,,,,,null,,,
7082,rebounding,1,,,,,null,,,
7083,rebounding,1,,,,,null,,,
7084,rebounding,1,773,303,22639,92.62,sam2,0.0,0.0,0.0
7085,rebounding,1,,,,,null,,,
7086,rebounding,1,,,,,null,,,
7087,rebounding,1,,,,,null,,,
7088,rebounding,1,773,303,22665,92.72,sam2,0.0,0.0,0.0
7089,rebounding,1,,,,,null,,,
7090,rebounding,1,,,,,null,,,
7091,rebounding,1,,,,,null,,,
7092,rebounding,1,773,303,22672,92.75,sam2,0.0,0.0,0.0
7093,rebounding,1,,,,,null,,,
7094,rebounding,1,,,,,null,,,
7095,rebounding,1,,,,,null,,,
7096,rebounding,1,773,303,22653,92.67,sam2,0.0,0.0,0.0
7097,rebounding,1,,,,,null,,,
7098,rebounding,1,,,,,null,,,
7099,rebounding,1,,,,,null,,,
7100,rebounding,1,773,302,22639,92.62,sam2,1.0,749.192,13.378
7101,rebounding,1,,,,,null,,,
7102,rebounding,1,,,,,null,,,
7103,rebounding,1,,,,,null,,,
7104,rebounding,1,773,303,22643,92.63,sam2,1.0,749.192,13.378
7105,rebounding,1,,,,,null,,,
7106,rebounding,1,,,,,null,,,
7107,rebounding,1,,,,,null,,,
7108,rebounding,1,773,302,22620,92.54,sam2,1.0,749.192,13.378
7109,rebounding,1,,,,,null,,,
7110,rebounding,1,,,,,null,,,
7111,rebounding,1,,,,,null,,,
7112,rebounding,1,773,303,22614,92.51,sam2,1.0,749.192,13.378
7113,rebounding,1,,,,,null,,,
7114,rebounding,1,,,,,null,,,
7115,rebounding,1,,,,,null,,,
7116,rebounding,1,773,303,22620,92.54,sam2,0.0,0.0,0.0
7117,rebounding,1,,,,,null,,,
7118,rebounding,1,,,,,null,,,
7119,rebounding,1,,,,,null,,,
7120,rebounding,1,773,303,22643,92.63,sam2,0.0,0.0,0.0
7121,rebounding,1,,,,,null,,,
7122,rebounding,1,,,,,null,,,
7123,rebounding,1,,,,,null,,,
7124,rebounding,1,773,303,22652,92.67,sam2,0.0,0.0,0.0
7125,rebounding,1,,,,,null,,,
7126,rebounding,1,,,,,null,,,
7127,rebounding,1,,,,,null,,,
7128,rebounding,1,773,303,22634,92.6,sam2,0.0,0.0,0.0
7129,rebounding,1,,,,,null,,,
7130,rebounding,1,,,,,null,,,
7131,rebounding,1,,,,,null,,,
7132,rebounding,1,773,303,22637,92.61,sam2,0.0,0.0,0.0
7133,rebounding,1,,,,,null,,,
7134,rebounding,1,,,,,null,,,
7135,rebounding,1,,,,,null,,,
7136,rebounding,1,773,303,22640,92.62,sam2,0.0,0.0,0.0
7137,rebounding,1,,,,,null,,,
7138,rebounding,1,,,,,null,,,
7139,rebounding,1,,,,,null,,,
7140,rebounding,1,773,303,22624,92.55,sam2,0.0,0.0,0.0
7141,rebounding,1,,,,,null,,,
7142,rebounding,1,,,,,null,,,
7143,rebounding,1,,,,,null,,,
7144,rebounding,1,773,303,22626,92.56,sam2,0.0,0.0,0.0
7145,rebounding,1,,,,,null,,,
7146,rebounding,1,,,,,null,,,
7147,rebounding,1,,,,,null,,,
7148,rebounding,1,773,303,22615,92.52,sam2,0.0,0.0,0.0
7149,rebounding,1,,,,,null,,,
7150,rebounding,1,,,,,null,,,
7151,rebounding,1,,,,,null,,,
7152,rebounding,1,773,303,22625,92.56,sam2,0.0,0.0,0.0
7153,rebounding,1,,,,,null,,,
7154,rebounding,1,,,,,null,,,
7155,rebounding,1,,,,,null,,,
7156,rebounding,1,773,303,22603,92.47,sam2,0.0,0.0,0.0
7157,rebounding,1,,,,,null,,,
7158,rebounding,1,,,,,null,,,
7159,rebounding,1,,,,,null,,,
7160,rebounding,1,773,303,22640,92.62,sam2,0.0,0.0,0.0
7161,rebounding,1,,,,,null,,,
7162,rebounding,1,,,,,null,,,
7163,rebounding,1,,,,,null,,,
7164,rebounding,1,773,303,22622,92.55,sam2,0.0,0.0,0.0
7165,rebounding,1,,,,,null,,,
7166,rebounding,1,,,,,null,,,
7167,rebounding,1,,,,,null,,,
7168,rebounding,1,773,303,22601,92.46,sam2,0.0,0.0,0.0
7169,rebounding,1,,,,,null,,,
7170,rebounding,1,,,,,null,,,
7171,rebounding,1,,,,,null,,,
7172,rebounding,1,773,303,22627,92.57,sam2,0.0,0.0,0.0
7173,rebounding,1,,,,,null,,,
7174,rebounding,1,,,,,null,,,
7175,rebounding,1,,,,,null,,,
7176,rebounding,1,773,303,22652,92.67,sam2,0.0,0.0,0.0
7177,rebounding,1,,,,,null,,,
7178,rebounding,1,,,,,null,,,
7179,rebounding,1,,,,,null,,,
7180,rebounding,1,773,303,22648,92.65,sam2,0.0,0.0,0.0
7181,rebounding,1,,,,,null,,,
7182,rebounding,1,,,,,null,,,
7183,rebounding,1,,,,,null,,,
7184,rebounding,1,773,303,22626,92.56,sam2,0.0,0.0,0.0
7185,rebounding,1,,,,,null,,,
7186,rebounding,1,,,,,null,,,
7187,rebounding,1,,,,,null,,,
7188,rebounding,1,773,303,22616,92.52,sam2,0.0,0.0,0.0
7189,rebounding,1,,,,,null,,,
7190,rebounding,1,,,,,null,,,
7191,rebounding,1,,,,,null,,,
7192,rebounding,1,773,302,22592,92.42,sam2,1.0,749.192,13.378
7193,rebounding,1,,,,,null,,,
7194,rebounding,1,,,,,null,,,
7195,rebounding,1,,,,,null,,,
7196,rebounding,1,773,302,22609,92.49,sam2,0.0,0.0,0.0
7197,rebounding,1,,,,,null,,,
7198,rebounding,1,,,,,null,,,
7199,rebounding,1,,,,,null,,,
7200,rebounding,1,773,302,22607,92.48,sam2,0.0,0.0,0.0
7201,rebounding,1,,,,,null,,,
7202,rebounding,1,,,,,null,,,
7203,rebounding,1,,,,,null,,,
7204,rebounding,1,773,303,22628,92.57,sam2,1.0,749.192,13.378
7205,rebounding,1,,,,,null,,,
7206,rebounding,1,,,,,null,,,
7207,rebounding,1,,,,,null,,,
7208,rebounding,1,773,303,22613,92.51,sam2,0.0,0.0,0.0
7209,rebounding,1,,,,,null,,,
7210,rebounding,1,,,,,null,,,
7211,rebounding,1,,,,,null,,,
7212,rebounding,1,773,302,22612,92.51,sam2,1.0,749.192,13.378
7213,rebounding,1,,,,,null,,,
7214,rebounding,1,,,,,null,,,
7215,rebounding,1,,,,,null,,,
7216,rebounding,1,773,302,22630,92.58,sam2,0.0,0.0,0.0
7217,rebounding,1,,,,,null,,,
7218,rebounding,1,,,,,null,,,
7219,rebounding,1,,,,,null,,,
7220,rebounding,1,773,302,22639,92.62,sam2,0.0,0.0,0.0
7221,rebounding,1,,,,,null,,,
7222,rebounding,1,,,,,null,,,
7223,rebounding,1,,,,,null,,,
7224,rebounding,1,773,302,22619,92.53,sam2,0.0,0.0,0.0
7225,rebounding,1,,,,,null,,,
7226,rebounding,1,,,,,null,,,
7227,rebounding,1,,,,,null,,,
7228,rebounding,1,773,302,22612,92.51,sam2,0.0,0.0,0.0
7229,rebounding,1,,,,,null,,,
7230,rebounding,1,,,,,null,,,
7231,rebounding,1,,,,,null,,,
7232,rebounding,1,773,303,22641,92.62,sam2,1.0,749.192,13.378
7233,rebounding,1,,,,,null,,,
7234,rebounding,1,,,,,null,,,
7235,rebounding,1,,,,,null,,,
7236,rebounding,1,773,303,22632,92.59,sam2,0.0,0.0,0.0
7237,rebounding,1,,,,,null,,,
7238,rebounding,1,,,,,null,,,
7239,rebounding,1,,,,,null,,,
7240,rebounding,1,773,303,22627,92.57,sam2,0.0,0.0,0.0
7241,rebounding,1,,,,,null,,,
7242,rebounding,1,,,,,null,,,
7243,rebounding,1,,,,,null,,,
7244,rebounding,1,773,303,22613,92.51,sam2,0.0,0.0,0.0
7245,rebounding,1,,,,,null,,,
7246,rebounding,1,,,,,null,,,
7247,rebounding,1,,,,,null,,,
7248,rebounding,1,773,303,22631,92.58,sam2,0.0,0.0,0.0
7249,rebounding,1,,,,,null,,,
7250,rebounding,1,,,,,null,,,
7251,rebounding,1,,,,,null,,,
7252,rebounding,1,773,303,22631,92.58,sam2,0.0,0.0,0.0
7253,rebounding,1,,,,,null,,,
7254,rebounding,1,,,,,null,,,
7255,rebounding,1,,,,,null,,,
7256,rebounding,1,773,303,22627,92.57,sam2,0.0,0.0,0.0
7257,rebounding,1,,,,,null,,,
7258,rebounding,1,,,,,null,,,
7259,rebounding,1,,,,,null,,,
7260,rebounding,1,773,303,22644,92.64,sam2,0.0,0.0,0.0
7261,rebounding,1,,,,,null,,,
7262,rebounding,1,,,,,null,,,
7263,rebounding,1,,,,,null,,,
7264,rebounding,1,773,303,22638,92.61,sam2,0.0,0.0,0.0
7265,rebounding,1,,,,,null,,,
7266,rebounding,1,,,,,null,,,
7267,rebounding,1,,,,,null,,,
7268,rebounding,1,773,303,22651,92.66,sam2,0.0,0.0,0.0
7269,rebounding,1,,,,,null,,,
7270,rebounding,1,,,,,null,,,
7271,rebounding,1,,,,,null,,,
7272,rebounding,1,773,303,22627,92.57,sam2,0.0,0.0,0.0
7273,rebounding,1,,,,,null,,,
7274,rebounding,1,,,,,null,,,
7275,rebounding,1,,,,,null,,,
7276,rebounding,1,773,303,22639,92.62,sam2,0.0,0.0,0.0
7277,rebounding,1,,,,,null,,,
7278,rebounding,1,,,,,null,,,
7279,rebounding,1,,,,,null,,,
7280,rebounding,1,773,303,22629,92.57,sam2,0.0,0.0,0.0
7281,rebounding,1,,,,,null,,,
7282,rebounding,1,,,,,null,,,
7283,rebounding,1,,,,,null,,,
7284,rebounding,1,773,303,22616,92.52,sam2,0.0,0.0,0.0
7285,rebounding,1,,,,,null,,,
7286,rebounding,1,,,,,null,,,
7287,rebounding,1,,,,,null,,,
7288,rebounding,1,773,303,22604,92.47,sam2,0.0,0.0,0.0
7289,rebounding,1,,,,,null,,,
7290,rebounding,1,,,,,null,,,
7291,rebounding,1,,,,,null,,,
7292,rebounding,1,773,303,22614,92.51,sam2,0.0,0.0,0.0
7293,rebounding,1,,,,,null,,,
7294,rebounding,1,,,,,null,,,
7295,rebounding,1,,,,,null,,,
7296,rebounding,1,773,303,22635,92.6,sam2,0.0,0.0,0.0
7297,rebounding,1,,,,,null,,,
7298,rebounding,1,,,,,null,,,
7299,rebounding,1,,,,,null,,,
7300,rebounding,1,773,303,22621,92.54,sam2,0.0,0.0,0.0
7301,rebounding,1,,,,,null,,,
7302,rebounding,1,,,,,null,,,
7303,rebounding,1,,,,,null,,,
7304,rebounding,1,773,303,22624,92.55,sam2,0.0,0.0,0.0
7305,rebounding,1,,,,,null,,,
7306,rebounding,1,,,,,null,,,
7307,rebounding,1,,,,,null,,,
7308,rebounding,1,773,303,22615,92.52,sam2,0.0,0.0,0.0
7309,rebounding,1,,,,,null,,,
7310,rebounding,1,,,,,null,,,
7311,rebounding,1,,,,,null,,,
7312,rebounding,1,773,302,22601,92.46,sam2,1.0,749.192,13.378
7313,rebounding,1,,,,,null,,,
7314,rebounding,1,,,,,null,,,
7315,rebounding,1,,,,,null,,,
7316,rebounding,1,773,303,22616,92.52,sam2,1.0,749.192,13.378
7317,rebounding,1,,,,,null,,,
7318,rebounding,1,,,,,null,,,
7319,rebounding,1,,,,,null,,,
7320,rebounding,1,773,303,22606,92.48,sam2,0.0,0.0,0.0
7321,rebounding,1,,,,,null,,,
7322,rebounding,1,,,,,null,,,
7323,rebounding,1,,,,,null,,,
7324,rebounding,1,773,303,22622,92.55,sam2,0.0,0.0,0.0
7325,rebounding,1,,,,,null,,,
7326,rebounding,1,,,,,null,,,
7327,rebounding,1,,,,,null,,,
7328,rebounding,1,773,303,22616,92.52,sam2,0.0,0.0,0.0
7329,rebounding,1,,,,,null,,,
7330,rebounding,1,,,,,null,,,
7331,rebounding,1,,,,,null,,,
7332,rebounding,1,773,303,22636,92.6,sam2,0.0,0.0,0.0
7333,rebounding,1,,,,,null,,,
7334,rebounding,1,,,,,null,,,
7335,rebounding,1,,,,,null,,,
7336,rebounding,1,773,302,22620,92.54,sam2,1.0,749.192,13.378
7337,rebounding,1,,,,,null,,,
7338,rebounding,1,,,,,null,,,
7339,rebounding,1,,,,,null,,,
7340,rebounding,1,773,303,22618,92.53,sam2,1.0,749.192,13.378
7341,rebounding,1,,,,,null,,,
7342,rebounding,1,,,,,null,,,
7343,rebounding,1,,,,,null,,,
7344,rebounding,1,773,302,22609,92.49,sam2,1.0,749.192,13.378
7345,rebounding,1,,,,,null,,,
7346,rebounding,1,,,,,null,,,
7347,rebounding,1,,,,,null,,,
7348,rebounding,1,773,303,22658,92.69,sam2,1.0,749.192,13.378
7349,rebounding,1,,,,,null,,,
7350,rebounding,1,,,,,null,,,
7351,rebounding,1,,,,,null,,,
7352,rebounding,1,773,303,22636,92.6,sam2,0.0,0.0,0.0
7353,rebounding,1,,,,,null,,,
7354,rebounding,1,,,,,null,,,
7355,rebounding,1,,,,,null,,,
7356,rebounding,1,773,303,22623,92.55,sam2,0.0,0.0,0.0
7357,rebounding,1,,,,,null,,,
7358,rebounding,1,,,,,null,,,
7359,rebounding,1,,,,,null,,,
7360,rebounding,1,773,303,22629,92.57,sam2,0.0,0.0,0.0
7361,rebounding,1,,,,,null,,,
7362,rebounding,1,,,,,null,,,
7363,rebounding,1,,,,,null,,,
7364,rebounding,1,773,303,22641,92.62,sam2,0.0,0.0,0.0
7365,rebounding,1,,,,,null,,,
7366,rebounding,1,,,,,null,,,
7367,rebounding,1,,,,,null,,,
7368,rebounding,1,773,303,22608,92.49,sam2,0.0,0.0,0.0
7369,rebounding,1,,,,,null,,,
7370,rebounding,1,,,,,null,,,
7371,rebounding,1,,,,,null,,,
7372,rebounding,1,773,303,22608,92.49,sam2,0.0,0.0,0.0
7373,rebounding,1,,,,,null,,,
7374,rebounding,1,,,,,null,,,
7375,rebounding,1,,,,,null,,,
7376,rebounding,1,773,303,22613,92.51,sam2,0.0,0.0,0.0
7377,rebounding,1,,,,,null,,,
7378,rebounding,1,,,,,null,,,
7379,rebounding,1,,,,,null,,,
7380,rebounding,1,773,303,22618,92.53,sam2,0.0,0.0,0.0
7381,rebounding,1,,,,,null,,,
7382,rebounding,1,,,,,null,,,
7383,rebounding,1,,,,,null,,,
7384,rebounding,1,773,302,22598,92.45,sam2,1.0,749.192,13.378
7385,rebounding,1,,,,,null,,,
7386,rebounding,1,,,,,null,,,
7387,rebounding,1,,,,,null,,,
7388,rebounding,1,773,303,22615,92.52,sam2,1.0,749.192,13.378
7389,rebounding,1,,,,,null,,,
7390,rebounding,1,,,,,null,,,
7391,rebounding,1,,,,,null,,,
7392,rebounding,1,773,303,22617,92.53,sam2,0.0,0.0,0.0
7393,rebounding,1,,,,,null,,,
7394,rebounding,1,,,,,null,,,
7395,rebounding,1,,,,,null,,,
7396,rebounding,1,773,303,22627,92.57,sam2,0.0,0.0,0.0
7397,rebounding,1,,,,,null,,,
7398,rebounding,1,,,,,null,,,
7399,rebounding,1,,,,,null,,,
7400,rebounding,1,773,303,22616,92.52,sam2,0.0,0.0,0.0
7401,rebounding,1,,,,,null,,,
7402,rebounding,1,,,,,null,,,
7403,rebounding,1,,,,,null,,,
7404,rebounding,1,773,303,22605,92.48,sam2,0.0,0.0,0.0
7405,rebounding,1,,,,,null,,,
7406,rebounding,1,,,,,null,,,
7407,rebounding,1,,,,,null,,,
7408,rebounding,1,773,303,22645,92.64,sam2,0.0,0.0,0.0
7409,rebounding,1,,,,,null,,,
7410,rebounding,1,,,,,null,,,
7411,rebounding,1,,,,,null,,,
7412,rebounding,1,773,303,22627,92.57,sam2,0.0,0.0,0.0
7413,rebounding,1,,,,,null,,,
7414,rebounding,1,,,,,null,,,
7415,rebounding,1,,,,,null,,,
7416,rebounding,1,773,303,22636,92.6,sam2,0.0,0.0,0.0
7417,rebounding,1,,,,,null,,,
7418,rebounding,1,,,,,null,,,
7419,rebounding,1,,,,,null,,,
7420,rebounding,1,773,303,22642,92.63,sam2,0.0,0.0,0.0
7421,rebounding,1,,,,,null,,,
7422,rebounding,1,,,,,null,,,
7423,rebounding,1,,,,,null,,,
7424,rebounding,1,773,303,22622,92.55,sam2,0.0,0.0,0.0
7425,rebounding,1,,,,,null,,,
7426,rebounding,1,,,,,null,,,
7427,rebounding,1,,,,,null,,,
7428,rebounding,1,773,303,22654,92.68,sam2,0.0,0.0,0.0
7429,rebounding,1,,,,,null,,,
7430,rebounding,1,,,,,null,,,
7431,rebounding,1,,,,,null,,,
7432,rebounding,1,773,303,22637,92.61,sam2,0.0,0.0,0.0
7433,rebounding,1,,,,,null,,,
7434,rebounding,1,,,,,null,,,
7435,rebounding,1,,,,,null,,,
7436,rebounding,1,773,303,22621,92.54,sam2,0.0,0.0,0.0
7437,rebounding,1,,,,,null,,,
7438,rebounding,1,,,,,null,,,
7439,rebounding,1,,,,,null,,,
7440,rebounding,1,773,303,22625,92.56,sam2,0.0,0.0,0.0
7441,rebounding,1,,,,,null,,,
7442,rebounding,1,,,,,null,,,
7443,rebounding,1,,,,,null,,,
7444,rebounding,1,773,303,22636,92.6,sam2,0.0,0.0,0.0
7445,rebounding,1,,,,,null,,,
7446,rebounding,1,,,,,null,,,
7447,rebounding,1,,,,,null,,,
7448,rebounding,1,773,302,22617,92.53,sam2,1.0,749.192,13.378
7449,rebounding,1,,,,,null,,,
7450,rebounding,1,,,,,null,,,
7451,rebounding,1,,,,,null,,,
7452,rebounding,1,773,303,22633,92.59,sam2,1.0,749.192,13.378
7453,rebounding,1,,,,,null,,,
7454,rebounding,1,,,,,null,,,
7455,rebounding,1,,,,,null,,,
7456,rebounding,1,773,303,22635,92.6,sam2,0.0,0.0,0.0
7457,rebounding,1,,,,,null,,,
7458,rebounding,1,,,,,null,,,
7459,rebounding,1,,,,,null,,,
7460,rebounding,1,773,303,22653,92.67,sam2,0.0,0.0,0.0
7461,rebounding,1,,,,,null,,,
7462,rebounding,1,,,,,null,,,
7463,rebounding,1,,,,,null,,,
7464,rebounding,1,773,302,22603,92.47,sam2,1.0,749.192,13.378
7465,rebounding,1,,,,,null,,,
7466,rebounding,1,,,,,null,,,
7467,rebounding,1,,,,,null,,,
7468,rebounding,1,773,303,22611,92.5,sam2,1.0,749.192,13.378
7469,rebounding,1,,,,,null,,,
7470,rebounding,1,,,,,null,,,
7471,rebounding,1,,,,,null,,,
7472,rebounding,1,773,303,22646,92.64,sam2,0.0,0.0,0.0
7473,rebounding,1,,,,,null,,,
7474,rebounding,1,,,,,null,,,
7475,rebounding,1,,,,,null,,,
7476,rebounding,1,773,303,22630,92.58,sam2,0.0,0.0,0.0
7477,rebounding,1,,,,,null,,,
7478,rebounding,1,,,,,null,,,
7479,rebounding,1,,,,,null,,,
7480,rebounding,1,773,303,22638,92.61,sam2,0.0,0.0,0.0
7481,rebounding,1,,,,,null,,,
7482,rebounding,1,,,,,null,,,
7483,rebounding,1,,,,,null,,,
7484,rebounding,1,773,303,22636,92.6,sam2,0.0,0.0,0.0
7485,rebounding,1,,,,,null,,,
7486,rebounding,1,,,,,null,,,
7487,rebounding,1,,,,,null,,,
7488,rebounding,1,773,303,22620,92.54,sam2,0.0,0.0,0.0
7489,rebounding,1,,,,,null,,,
7490,rebounding,1,,,,,null,,,
7491,rebounding,1,,,,,null,,,
7492,rebounding,1,773,303,22632,92.59,sam2,0.0,0.0,0.0
7493,rebounding,1,,,,,null,,,
7494,rebounding,1,,,,,null,,,
7495,rebounding,1,,,,,null,,,
7496,rebounding,1,773,303,22619,92.53,sam2,0.0,0.0,0.0
7497,rebounding,1,,,,,null,,,
7498,rebounding,1,,,,,null,,,
7499,rebounding,1,,,,,null,,,
7500,rebounding,1,773,303,22632,92.59,sam2,0.0,0.0,0.0
7501,rebounding,1,,,,,null,,,
7502,rebounding,1,,,,,null,,,
7503,rebounding,1,,,,,null,,,
7504,rebounding,1,773,303,22651,92.66,sam2,0.0,0.0,0.0
7505,rebounding,1,,,,,null,,,
7506,rebounding,1,,,,,null,,,
7507,rebounding,1,,,,,null,,,
7508,rebounding,1,773,303,22639,92.62,sam2,0.0,0.0,0.0
7509,rebounding,1,,,,,null,,,
7510,rebounding,1,,,,,null,,,
7511,rebounding,1,,,,,null,,,
7512,rebounding,1,773,303,22592,92.42,sam2,0.0,0.0,0.0
7513,rebounding,1,,,,,null,,,
7514,rebounding,1,,,,,null,,,
7515,rebounding,1,,,,,null,,,
7516,rebounding,1,773,303,22616,92.52,sam2,0.0,0.0,0.0
7517,rebounding,1,,,,,null,,,
7518,rebounding,1,,,,,null,,,
7519,rebounding,1,,,,,null,,,
7520,rebounding,1,773,303,22633,92.59,sam2,0.0,0.0,0.0
7521,rebounding,1,,,,,null,,,
7522,rebounding,1,,,,,null,,,
7523,rebounding,1,,,,,null,,,
7524,rebounding,1,773,303,22641,92.62,sam2,0.0,0.0,0.0
7525,rebounding,1,,,,,null,,,
7526,rebounding,1,,,,,null,,,
7527,rebounding,1,,,,,null,,,
7528,rebounding,1,773,302,22611,92.5,sam2,1.0,749.192,13.378
7529,rebounding,1,,,,,null,,,
7530,rebounding,1,,,,,null,,,
7531,rebounding,1,,,,,null,,,
7532,rebounding,1,773,302,22601,92.46,sam2,0.0,0.0,0.0
7533,rebounding,1,,,,,null,,,
7534,rebounding,1,,,,,null,,,
7535,rebounding,1,,,,,null,,,
7536,rebounding,1,773,303,22617,92.53,sam2,1.0,749.192,13.378
7537,rebounding,1,,,,,null,,,
7538,rebounding,1,,,,,null,,,
7539,rebounding,1,,,,,null,,,
7540,rebounding,1,773,303,22614,92.51,sam2,0.0,0.0,0.0
7541,rebounding,1,,,,,null,,,
7542,rebounding,1,,,,,null,,,
7543,rebounding,1,,,,,null,,,
7544,rebounding,1,773,303,22616,92.52,sam2,0.0,0.0,0.0
7545,rebounding,1,,,,,null,,,
7546,rebounding,1,,,,,null,,,
7547,rebounding,1,,,,,null,,,
7548,rebounding,1,773,303,22605,92.48,sam2,0.0,0.0,0.0
7549,rebounding,1,,,,,null,,,
7550,rebounding,1,,,,,null,,,
7551,rebounding,1,,,,,null,,,
7552,rebounding,1,773,303,22611,92.5,sam2,0.0,0.0,0.0
7553,rebounding,1,,,,,null,,,
7554,rebounding,1,,,,,null,,,
7555,rebounding,1,,,,,null,,,
7556,rebounding,1,773,303,22616,92.52,sam2,0.0,0.0,0.0
7557,rebounding,1,,,,,null,,,
7558,rebounding,1,,,,,null,,,
7559,rebounding,1,,,,,null,,,
7560,rebounding,1,773,303,22611,92.5,sam2,0.0,0.0,0.0
7561,rebounding,1,,,,,null,,,
7562,rebounding,1,,,,,null,,,
7563,rebounding,1,,,,,null,,,
7564,rebounding,1,773,303,22618,92.53,sam2,0.0,0.0,0.0
7565,rebounding,1,,,,,null,,,
7566,rebounding,1,,,,,null,,,
7567,rebounding,1,,,,,null,,,
7568,rebounding,1,773,303,22600,92.46,sam2,0.0,0.0,0.0
7569,rebounding,1,,,,,null,,,
7570,rebounding,1,,,,,null,,,
7571,rebounding,1,,,,,null,,,
7572,rebounding,1,773,303,22630,92.58,sam2,0.0,0.0,0.0
7573,rebounding,1,,,,,null,,,
7574,rebounding,1,,,,,null,,,
7575,rebounding,1,,,,,null,,,
7576,rebounding,1,773,302,22609,92.49,sam2,1.0,749.192,13.378
7577,rebounding,1,,,,,null,,,
7578,rebounding,1,,,,,null,,,
7579,rebounding,1,,,,,null,,,
7580,rebounding,1,773,303,22640,92.62,sam2,1.0,749.192,13.378
7581,rebounding,1,,,,,null,,,
7582,rebounding,1,,,,,null,,,
7583,rebounding,1,,,,,null,,,
7584,rebounding,1,773,303,22638,92.61,sam2,0.0,0.0,0.0
7585,rebounding,1,,,,,null,,,
7586,rebounding,1,,,,,null,,,
7587,rebounding,1,,,,,null,,,
7588,rebounding,1,773,303,22613,92.51,sam2,0.0,0.0,0.0
7589,rebounding,1,,,,,null,,,
7590,rebounding,1,,,,,null,,,
7591,rebounding,1,,,,,null,,,
7592,rebounding,1,773,303,22662,92.71,sam2,0.0,0.0,0.0
7593,rebounding,1,,,,,null,,,
7594,rebounding,1,,,,,null,,,
7595,rebounding,1,,,,,null,,,
7596,rebounding,1,773,303,22632,92.59,sam2,0.0,0.0,0.0
7597,rebounding,1,,,,,null,,,
7598,rebounding,1,,,,,null,,,
7599,rebounding,1,,,,,null,,,
7600,rebounding,1,773,303,22653,92.67,sam2,0.0,0.0,0.0
7601,rebounding,1,,,,,null,,,
7602,rebounding,1,,,,,null,,,
7603,rebounding,1,,,,,null,,,
7604,rebounding,1,773,303,22655,92.68,sam2,0.0,0.0,0.0
7605,rebounding,1,,,,,null,,,
7606,rebounding,1,,,,,null,,,
7607,rebounding,1,,,,,null,,,
7608,rebounding,1,773,303,22633,92.59,sam2,0.0,0.0,0.0
7609,rebounding,1,,,,,null,,,
7610,rebounding,1,,,,,null,,,
7611,rebounding,1,,,,,null,,,
7612,rebounding,1,773,303,22630,92.58,sam2,0.0,0.0,0.0
7613,rebounding,1,,,,,null,,,
7614,rebounding,1,,,,,null,,,
7615,rebounding,1,,,,,null,,,
7616,rebounding,1,773,303,22652,92.67,sam2,0.0,0.0,0.0
7617,rebounding,1,,,,,null,,,
7618,rebounding,1,,,,,null,,,
7619,rebounding,1,,,,,null,,,
7620,rebounding,1,773,303,22659,92.7,sam2,0.0,0.0,0.0
7621,rebounding,1,,,,,null,,,
7622,rebounding,1,,,,,null,,,
7623,rebounding,1,,,,,null,,,
7624,rebounding,1,773,303,22645,92.64,sam2,0.0,0.0,0.0
7625,rebounding,1,,,,,null,,,
7626,rebounding,1,,,,,null,,,
7627,rebounding,1,,,,,null,,,
7628,rebounding,1,773,303,22638,92.61,sam2,0.0,0.0,0.0
7629,rebounding,1,,,,,null,,,
7630,rebounding,1,,,,,null,,,
7631,rebounding,1,,,,,null,,,
7632,rebounding,1,773,303,22619,92.53,sam2,0.0,0.0,0.0
7633,rebounding,1,,,,,null,,,
7634,rebounding,1,,,,,null,,,
7635,rebounding,1,,,,,null,,,
7636,rebounding,1,773,303,22639,92.62,sam2,0.0,0.0,0.0
7637,rebounding,1,,,,,null,,,
7638,rebounding,1,,,,,null,,,
7639,rebounding,1,,,,,null,,,
7640,rebounding,1,773,303,22639,92.62,sam2,0.0,0.0,0.0
7641,rebounding,1,,,,,null,,,
7642,rebounding,1,,,,,null,,,
7643,rebounding,1,,,,,null,,,
7644,rebounding,1,773,303,22626,92.56,sam2,0.0,0.0,0.0
7645,rebounding,1,,,,,null,,,
7646,rebounding,1,,,,,null,,,
7647,rebounding,1,,,,,null,,,
7648,rebounding,1,773,303,22632,92.59,sam2,0.0,0.0,0.0
7649,rebounding,1,,,,,null,,,
7650,rebounding,1,,,,,null,,,
7651,rebounding,1,,,,,null,,,
7652,rebounding,1,773,303,22645,92.64,sam2,0.0,0.0,0.0
7653,rebounding,1,,,,,null,,,
7654,rebounding,1,,,,,null,,,
7655,rebounding,1,,,,,null,,,
7656,rebounding,1,773,303,22620,92.54,sam2,0.0,0.0,0.0
7657,rebounding,1,,,,,null,,,
7658,rebounding,1,,,,,null,,,
7659,rebounding,1,,,,,null,,,
7660,rebounding,1,773,303,22635,92.6,sam2,0.0,0.0,0.0
7661,rebounding,1,,,,,null,,,
7662,rebounding,1,,,,,null,,,
7663,rebounding,1,,,,,null,,,
7664,rebounding,1,773,303,22626,92.56,sam2,0.0,0.0,0.0
7665,rebounding,1,,,,,null,,,
7666,rebounding,1,,,,,null,,,
7667,rebounding,1,,,,,null,,,
7668,rebounding,1,773,303,22631,92.58,sam2,0.0,0.0,0.0
7669,rebounding,1,,,,,null,,,
7670,rebounding,1,,,,,null,,,
7671,rebounding,1,,,,,null,,,
7672,rebounding,1,773,303,22632,92.59,sam2,0.0,0.0,0.0
7673,rebounding,1,,,,,null,,,
7674,rebounding,1,,,,,null,,,
7675,rebounding,1,,,,,null,,,
7676,rebounding,1,773,302,22634,92.6,sam2,1.0,749.192,13.378
7677,rebounding,1,,,,,null,,,
7678,rebounding,1,,,,,null,,,
7679,rebounding,1,,,,,null,,,
7680,rebounding,1,773,303,22626,92.56,sam2,1.0,749.192,13.378
7681,rebounding,1,,,,,null,,,
7682,rebounding,1,,,,,null,,,
7683,rebounding,1,,,,,null,,,
7684,rebounding,1,773,303,22623,92.55,sam2,0.0,0.0,0.0
7685,rebounding,1,,,,,null,,,
7686,rebounding,1,,,,,null,,,
7687,rebounding,1,,,,,null,,,
7688,rebounding,1,773,303,22625,92.56,sam2,0.0,0.0,0.0
7689,rebounding,1,,,,,null,,,
7690,rebounding,1,,,,,null,,,
7691,rebounding,1,,,,,null,,,
7692,rebounding,1,773,303,22635,92.6,sam2,0.0,0.0,0.0
7693,rebounding,1,,,,,null,,,
7694,rebounding,1,,,,,null,,,
7695,rebounding,1,,,,,null,,,
7696,rebounding,1,773,303,22638,92.61,sam2,0.0,0.0,0.0
7697,rebounding,1,,,,,null,,,
7698,rebounding,1,,,,,null,,,
7699,rebounding,1,,,,,null,,,
7700,rebounding,1,773,303,22647,92.65,sam2,0.0,0.0,0.0
7701,rebounding,1,,,,,null,,,
7702,rebounding,1,,,,,null,,,
7703,rebounding,1,,,,,null,,,
7704,rebounding,1,773,303,22641,92.62,sam2,0.0,0.0,0.0
7705,rebounding,1,,,,,null,,,
7706,rebounding,1,,,,,null,,,
7707,rebounding,1,,,,,null,,,
7708,rebounding,1,773,303,22641,92.62,sam2,0.0,0.0,0.0
7709,rebounding,1,,,,,null,,,
7710,rebounding,1,,,,,null,,,
7711,rebounding,1,,,,,null,,,
7712,rebounding,1,773,303,22647,92.65,sam2,0.0,0.0,0.0
7713,rebounding,1,,,,,null,,,
7714,rebounding,1,,,,,null,,,
7715,rebounding,1,,,,,null,,,
7716,rebounding,1,773,303,22629,92.57,sam2,0.0,0.0,0.0
7717,rebounding,1,,,,,null,,,
7718,rebounding,1,,,,,null,,,
7719,rebounding,1,,,,,null,,,
7720,rebounding,1,773,303,22660,92.7,sam2,0.0,0.0,0.0
7721,rebounding,1,,,,,null,,,
7722,rebounding,1,,,,,null,,,
7723,rebounding,1,,,,,null,,,
7724,rebounding,1,773,303,22641,92.62,sam2,0.0,0.0,0.0
7725,rebounding,1,,,,,null,,,
7726,rebounding,1,,,,,null,,,
7727,rebounding,1,,,,,null,,,
7728,rebounding,1,773,303,22649,92.66,sam2,0.0,0.0,0.0
7729,rebounding,1,,,,,null,,,
7730,rebounding,1,,,,,null,,,
7731,rebounding,1,,,,,null,,,
7732,rebounding,1,773,303,22657,92.69,sam2,0.0,0.0,0.0
7733,rebounding,1,,,,,null,,,
7734,rebounding,1,,,,,null,,,
7735,rebounding,1,,,,,null,,,
7736,rebounding,1,773,303,22599,92.45,sam2,0.0,0.0,0.0
7737,rebounding,1,,,,,null,,,
7738,rebounding,1,,,,,null,,,
7739,rebounding,1,,,,,null,,,
7740,rebounding,1,773,303,22606,92.48,sam2,0.0,0.0,0.0
7741,rebounding,1,,,,,null,,,
7742,rebounding,1,,,,,null,,,
7743,rebounding,1,,,,,null,,,
7744,rebounding,1,773,303,22615,92.52,sam2,0.0,0.0,0.0
7745,rebounding,1,,,,,null,,,
7746,rebounding,1,,,,,null,,,
7747,rebounding,1,,,,,null,,,
7748,rebounding,1,773,303,22596,92.44,sam2,0.0,0.0,0.0
7749,rebounding,1,,,,,null,,,
7750,rebounding,1,,,,,null,,,
7751,rebounding,1,,,,,null,,,
7752,rebounding,1,773,303,22604,92.47,sam2,0.0,0.0,0.0
7753,rebounding,1,,,,,null,,,
7754,rebounding,1,,,,,null,,,
7755,rebounding,1,,,,,null,,,
7756,rebounding,1,773,303,22624,92.55,sam2,0.0,0.0,0.0
7757,rebounding,1,,,,,null,,,
7758,rebounding,1,,,,,null,,,
7759,rebounding,1,,,,,null,,,
7760,rebounding,1,773,303,22621,92.54,sam2,0.0,0.0,0.0
7761,rebounding,1,,,,,null,,,
7762,rebounding,1,,,,,null,,,
7763,rebounding,1,,,,,null,,,
7764,rebounding,1,773,303,22629,92.57,sam2,0.0,0.0,0.0
7765,rebounding,1,,,,,null,,,
7766,rebounding,1,,,,,null,,,
7767,rebounding,1,,,,,null,,,
7768,rebounding,1,773,303,22625,92.56,sam2,0.0,0.0,0.0
7769,rebounding,1,,,,,null,,,
7770,rebounding,1,,,,,null,,,
7771,rebounding,1,,,,,null,,,
7772,rebounding,1,773,303,22639,92.62,sam2,0.0,0.0,0.0
7773,rebounding,1,,,,,null,,,
7774,rebounding,1,,,,,null,,,
7775,rebounding,1,,,,,null,,,
7776,rebounding,1,773,303,22627,92.57,sam2,0.0,0.0,0.0
7777,rebounding,1,,,,,null,,,
7778,rebounding,1,,,,,null,,,
7779,rebounding,1,,,,,null,,,
7780,rebounding,1,773,303,22642,92.63,sam2,0.0,0.0,0.0
7781,rebounding,1,,,,,null,,,
7782,rebounding,1,,,,,null,,,
7783,rebounding,1,,,,,null,,,
7784,rebounding,1,773,303,22639,92.62,sam2,0.0,0.0,0.0
7785,rebounding,1,,,,,null,,,
7786,rebounding,1,,,,,null,,,
7787,rebounding,1,,,,,null,,,
7788,rebounding,1,773,303,22625,92.56,sam2,0.0,0.0,0.0
7789,rebounding,1,,,,,null,,,
7790,rebounding,1,,,,,null,,,
7791,rebounding,1,,,,,null,,,
7792,rebounding,1,773,303,22621,92.54,sam2,0.0,0.0,0.0
7793,rebounding,1,,,,,null,,,
7794,rebounding,1,,,,,null,,,
7795,rebounding,1,,,,,null,,,
7796,rebounding,1,773,303,22626,92.56,sam2,0.0,0.0,0.0
7797,rebounding,1,,,,,null,,,
7798,rebounding,1,,,,,null,,,
7799,rebounding,1,,,,,null,,,
7800,rebounding,1,773,303,22624,92.55,sam2,0.0,0.0,0.0
7801,rebounding,1,,,,,null,,,
7802,rebounding,1,,,,,null,,,
7803,rebounding,1,,,,,null,,,
7804,rebounding,1,773,303,22610,92.5,sam2,0.0,0.0,0.0
7805,rebounding,1,,,,,null,,,
7806,rebounding,1,,,,,null,,,
7807,rebounding,1,,,,,null,,,
7808,rebounding,1,773,302,22615,92.52,sam2,1.0,749.192,13.378
7809,rebounding,1,,,,,null,,,
7810,rebounding,1,,,,,null,,,
7811,rebounding,1,,,,,null,,,
7812,rebounding,1,773,302,22607,92.48,sam2,0.0,0.0,0.0
7813,rebounding,1,,,,,null,,,
7814,rebounding,1,,,,,null,,,
7815,rebounding,1,,,,,null,,,
7816,rebounding,1,773,303,22630,92.58,sam2,1.0,749.192,13.378
7817,rebounding,1,,,,,null,,,
7818,rebounding,1,,,,,null,,,
7819,rebounding,1,,,,,null,,,
7820,rebounding,1,773,303,22638,92.61,sam2,0.0,0.0,0.0
7821,rebounding,1,,,,,null,,,
7822,rebounding,1,,,,,null,,,
7823,rebounding,1,,,,,null,,,
7824,rebounding,1,773,303,22614,92.51,sam2,0.0,0.0,0.0
7825,rebounding,1,,,,,null,,,
7826,rebounding,1,,,,,null,,,
7827,rebounding,1,,,,,null,,,
7828,rebounding,1,773,303,22632,92.59,sam2,0.0,0.0,0.0
7829,rebounding,1,,,,,null,,,
7830,rebounding,1,,,,,null,,,
7831,rebounding,1,,,,,null,,,
7832,rebounding,1,773,303,22649,92.66,sam2,0.0,0.0,0.0
7833,rebounding,1,,,,,null,,,
7834,rebounding,1,,,,,null,,,
7835,rebounding,1,,,,,null,,,
7836,rebounding,1,773,303,22646,92.64,sam2,0.0,0.0,0.0
7837,rebounding,1,,,,,null,,,
7838,rebounding,1,,,,,null,,,
7839,rebounding,1,,,,,null,,,
7840,rebounding,1,773,303,22632,92.59,sam2,0.0,0.0,0.0
7841,rebounding,1,,,,,null,,,
7842,rebounding,1,,,,,null,,,
7843,rebounding,1,,,,,null,,,
7844,rebounding,1,773,302,22625,92.56,sam2,1.0,749.192,13.378
7845,rebounding,1,,,,,null,,,
7846,rebounding,1,,,,,null,,,
7847,rebounding,1,,,,,null,,,
7848,rebounding,1,773,303,22631,92.58,sam2,1.0,749.192,13.378
7849,rebounding,1,,,,,null,,,
7850,rebounding,1,,,,,null,,,
7851,rebounding,1,,,,,null,,,
7852,rebounding,1,773,303,22605,92.48,sam2,0.0,0.0,0.0
7853,rebounding,1,,,,,null,,,
7854,rebounding,1,,,,,null,,,
7855,rebounding,1,,,,,null,,,
7856,rebounding,1,773,303,22612,92.51,sam2,0.0,0.0,0.0
7857,rebounding,1,,,,,null,,,
7858,rebounding,1,,,,,null,,,
7859,rebounding,1,,,,,null,,,
7860,rebounding,1,773,303,22633,92.59,sam2,0.0,0.0,0.0
7861,rebounding,1,,,,,null,,,
7862,rebounding,1,,,,,null,,,
7863,rebounding,1,,,,,null,,,
7864,rebounding,1,773,303,22596,92.44,sam2,0.0,0.0,0.0
7865,rebounding,1,,,,,null,,,
7866,rebounding,1,,,,,null,,,
7867,rebounding,1,,,,,null,,,
7868,rebounding,1,773,303,22619,92.53,sam2,0.0,0.0,0.0
7869,rebounding,1,,,,,null,,,
7870,rebounding,1,,,,,null,,,
7871,rebounding,1,,,,,null,,,
7872,rebounding,1,773,303,22634,92.6,sam2,0.0,0.0,0.0
7873,rebounding,1,,,,,null,,,
7874,rebounding,1,,,,,null,,,
7875,rebounding,1,,,,,null,,,
7876,rebounding,1,773,303,22602,92.46,sam2,0.0,0.0,0.0
7877,rebounding,1,,,,,null,,,
7878,rebounding,1,,,,,null,,,
7879,rebounding,1,,,,,null,,,
7880,rebounding,1,773,303,22638,92.61,sam2,0.0,0.0,0.0
7881,rebounding,1,,,,,null,,,
7882,rebounding,1,,,,,null,,,
7883,rebounding,1,,,,,null,,,
7884,rebounding,1,773,303,22628,92.57,sam2,0.0,0.0,0.0
7885,rebounding,1,,,,,null,,,
7886,rebounding,1,,,,,null,,,
7887,rebounding,1,,,,,null,,,
7888,rebounding,1,773,303,22609,92.49,sam2,0.0,0.0,0.0
7889,rebounding,1,,,,,null,,,
7890,rebounding,1,,,,,null,,,
7891,rebounding,1,,,,,null,,,
7892,rebounding,1,773,303,22613,92.51,sam2,0.0,0.0,0.0
7893,rebounding,1,,,,,null,,,
7894,rebounding,1,,,,,null,,,
7895,rebounding,1,,,,,null,,,
7896,rebounding,1,773,303,22637,92.61,sam2,0.0,0.0,0.0
7897,rebounding,1,,,,,null,,,
7898,rebounding,1,,,,,null,,,
7899,rebounding,1,,,,,null,,,
7900,rebounding,1,773,303,22629,92.57,sam2,0.0,0.0,0.0
7901,rebounding,1,,,,,null,,,
7902,rebounding,1,,,,,null,,,
7903,rebounding,1,,,,,null,,,
7904,rebounding,1,773,303,22624,92.55,sam2,0.0,0.0,0.0
7905,rebounding,1,,,,,null,,,
7906,rebounding,1,,,,,null,,,
7907,rebounding,1,,,,,null,,,
7908,rebounding,1,773,303,22621,92.54,sam2,0.0,0.0,0.0
7909,rebounding,1,,,,,null,,,
7910,rebounding,1,,,,,null,,,
7911,rebounding,1,,,,,null,,,
7912,rebounding,1,773,303,22587,92.4,sam2,0.0,0.0,0.0
7913,rebounding,1,,,,,null,,,
7914,rebounding,1,,,,,null,,,
7915,rebounding,1,,,,,null,,,
7916,rebounding,1,773,303,22624,92.55,sam2,0.0,0.0,0.0
7917,rebounding,1,,,,,null,,,
7918,rebounding,1,,,,,null,,,
7919,rebounding,1,,,,,null,,,
7920,rebounding,1,773,303,22612,92.51,sam2,0.0,0.0,0.0
7921,rebounding,1,,,,,null,,,
7922,rebounding,1,,,,,null,,,
7923,rebounding,1,,,,,null,,,
7924,rebounding,1,773,303,22620,92.54,sam2,0.0,0.0,0.0
7925,rebounding,1,,,,,null,,,
7926,rebounding,1,,,,,null,,,
7927,rebounding,1,,,,,null,,,
7928,rebounding,1,773,303,22643,92.63,sam2,0.0,0.0,0.0
7929,rebounding,1,,,,,null,,,
7930,rebounding,1,,,,,null,,,
7931,rebounding,1,,,,,null,,,
7932,rebounding,1,773,303,22628,92.57,sam2,0.0,0.0,0.0
7933,rebounding,1,,,,,null,,,
7934,rebounding,1,,,,,null,,,
7935,rebounding,1,,,,,null,,,
7936,rebounding,1,773,303,22641,92.62,sam2,0.0,0.0,0.0
7937,rebounding,1,,,,,null,,,
7938,rebounding,1,,,,,null,,,
7939,rebounding,1,,,,,null,,,
7940,rebounding,1,773,303,22623,92.55,sam2,0.0,0.0,0.0
7941,rebounding,1,,,,,null,,,
7942,rebounding,1,,,,,null,,,
7943,rebounding,1,,,,,null,,,
7944,rebounding,1,773,303,22643,92.63,sam2,0.0,0.0,0.0
7945,rebounding,1,,,,,null,,,
7946,rebounding,1,,,,,null,,,
7947,rebounding,1,,,,,null,,,
7948,rebounding,1,773,303,22632,92.59,sam2,0.0,0.0,0.0
7949,rebounding,1,,,,,null,,,
7950,rebounding,1,,,,,null,,,
7951,rebounding,1,,,,,null,,,
7952,rebounding,1,773,303,22617,92.53,sam2,0.0,0.0,0.0
7953,rebounding,1,,,,,null,,,
7954,rebounding,1,,,,,null,,,
7955,rebounding,1,,,,,null,,,
7956,rebounding,1,773,303,22650,92.66,sam2,0.0,0.0,0.0
7957,rebounding,1,,,,,null,,,
7958,rebounding,1,,,,,null,,,
7959,rebounding,1,,,,,null,,,
7960,rebounding,1,773,303,22651,92.66,sam2,0.0,0.0,0.0
7961,rebounding,1,,,,,null,,,
7962,rebounding,1,,,,,null,,,
7963,rebounding,1,,,,,null,,,
7964,rebounding,1,773,303,22634,92.6,sam2,0.0,0.0,0.0
7965,rebounding,1,,,,,null,,,
7966,rebounding,1,,,,,null,,,
7967,rebounding,1,,,,,null,,,
7968,rebounding,1,773,303,22630,92.58,sam2,0.0,0.0,0.0
7969,rebounding,1,,,,,null,,,
7970,rebounding,1,,,,,null,,,
7971,rebounding,1,,,,,null,,,
7972,rebounding,1,773,303,22601,92.46,sam2,0.0,0.0,0.0
7973,rebounding,1,,,,,null,,,
7974,rebounding,1,,,,,null,,,
7975,rebounding,1,,,,,null,,,
7976,rebounding,1,773,303,22625,92.56,sam2,0.0,0.0,0.0
7977,rebounding,1,,,,,null,,,
7978,rebounding,1,,,,,null,,,
7979,rebounding,1,,,,,null,,,
7980,rebounding,1,773,303,22629,92.57,sam2,0.0,0.0,0.0
7981,rebounding,1,,,,,null,,,
7982,rebounding,1,,,,,null,,,
7983,rebounding,1,,,,,null,,,
7984,rebounding,1,773,303,22646,92.64,sam2,0.0,0.0,0.0
7985,rebounding,1,,,,,null,,,
7986,rebounding,1,,,,,null,,,
7987,rebounding,1,,,,,null,,,
7988,rebounding,1,773,303,22630,92.58,sam2,0.0,0.0,0.0
7989,rebounding,1,,,,,null,,,
7990,rebounding,1,,,,,null,,,
7991,rebounding,1,,,,,null,,,
7992,rebounding,1,773,303,22629,92.57,sam2,0.0,0.0,0.0
7993,rebounding,1,,,,,null,,,
7994,rebounding,1,,,,,null,,,
7995,rebounding,1,,,,,null,,,
7996,rebounding,1,773,303,22622,92.55,sam2,0.0,0.0,0.0
7997,rebounding,1,,,,,null,,,
7998,rebounding,1,,,,,null,,,
7999,rebounding,1,,,,,null,,,
8000,rebounding,1,773,303,22637,92.61,sam2,0.0,0.0,0.0
8001,rebounding,1,,,,,null,,,
8002,rebounding,1,,,,,null,,,
8003,rebounding,1,,,,,null,,,
8004,rebounding,1,773,303,22652,92.67,sam2,0.0,0.0,0.0
8005,rebounding,1,,,,,null,,,
8006,rebounding,1,,,,,null,,,
8007,rebounding,1,,,,,null,,,
8008,rebounding,1,773,303,22602,92.46,sam2,0.0,0.0,0.0
8009,rebounding,1,,,,,null,,,
8010,rebounding,1,,,,,null,,,
8011,rebounding,1,,,,,null,,,
8012,rebounding,1,773,303,22612,92.51,sam2,0.0,0.0,0.0
8013,rebounding,1,,,,,null,,,
8014,rebounding,1,,,,,null,,,
8015,rebounding,1,,,,,null,,,
8016,rebounding,1,773,303,22606,92.48,sam2,0.0,0.0,0.0
8017,rebounding,1,,,,,null,,,
8018,rebounding,1,,,,,null,,,
8019,rebounding,1,,,,,null,,,
8020,rebounding,1,773,303,22622,92.55,sam2,0.0,0.0,0.0
8021,rebounding,1,,,,,null,,,
8022,rebounding,1,,,,,null,,,
8023,rebounding,1,,,,,null,,,
8024,rebounding,1,773,303,22602,92.46,sam2,0.0,0.0,0.0
8025,rebounding,1,,,,,null,,,
8026,rebounding,1,,,,,null,,,
8027,rebounding,1,,,,,null,,,
8028,rebounding,1,773,303,22611,92.5,sam2,0.0,0.0,0.0
8029,rebounding,1,,,,,null,,,
8030,rebounding,1,,,,,null,,,
8031,rebounding,1,,,,,null,,,
8032,rebounding,1,773,303,22625,92.56,sam2,0.0,0.0,0.0
8033,rebounding,1,,,,,null,,,
8034,rebounding,1,,,,,null,,,
8035,rebounding,1,,,,,null,,,
8036,rebounding,1,773,303,22616,92.52,sam2,0.0,0.0,0.0
8037,rebounding,1,,,,,null,,,
8038,rebounding,1,,,,,null,,,
8039,rebounding,1,,,,,null,,,
8040,rebounding,1,773,303,22599,92.45,sam2,0.0,0.0,0.0
8041,rebounding,1,,,,,null,,,
8042,rebounding,1,,,,,null,,,
8043,rebounding,1,,,,,null,,,
8044,rebounding,1,773,303,22629,92.57,sam2,0.0,0.0,0.0
8045,rebounding,1,,,,,null,,,
8046,rebounding,1,,,,,null,,,
8047,rebounding,1,,,,,null,,,
8048,rebounding,1,773,303,22618,92.53,sam2,0.0,0.0,0.0
8049,rebounding,1,,,,,null,,,
8050,rebounding,1,,,,,null,,,
8051,rebounding,1,,,,,null,,,
8052,rebounding,1,773,303,22637,92.61,sam2,0.0,0.0,0.0
8053,rebounding,1,,,,,null,,,
8054,rebounding,1,,,,,null,,,
8055,rebounding,1,,,,,null,,,
8056,rebounding,1,773,303,22652,92.67,sam2,0.0,0.0,0.0
8057,rebounding,1,,,,,null,,,
8058,rebounding,1,,,,,null,,,
8059,rebounding,1,,,,,null,,,
8060,rebounding,1,773,303,22627,92.57,sam2,0.0,0.0,0.0
8061,rebounding,1,,,,,null,,,
8062,rebounding,1,,,,,null,,,
8063,rebounding,1,,,,,null,,,
8064,rebounding,1,773,303,22638,92.61,sam2,0.0,0.0,0.0
8065,rebounding,1,,,,,null,,,
8066,rebounding,1,,,,,null,,,
8067,rebounding,1,,,,,null,,,
8068,rebounding,1,773,302,22618,92.53,sam2,1.0,749.192,13.378
8069,rebounding,1,,,,,null,,,
8070,rebounding,1,,,,,null,,,
8071,rebounding,1,,,,,null,,,
8072,rebounding,1,773,303,22657,92.69,sam2,1.0,749.192,13.378
8073,rebounding,1,,,,,null,,,
8074,rebounding,1,,,,,null,,,
8075,rebounding,1,,,,,null,,,
8076,rebounding,1,773,302,22615,92.52,sam2,1.0,749.192,13.378
8077,rebounding,1,,,,,null,,,
8078,rebounding,1,,,,,null,,,
8079,rebounding,1,,,,,null,,,
8080,rebounding,1,773,303,22631,92.58,sam2,1.0,749.192,13.378
8081,rebounding,1,,,,,null,,,
8082,rebounding,1,,,,,null,,,
8083,rebounding,1,,,,,null,,,
8084,rebounding,1,773,303,22653,92.67,sam2,0.0,0.0,0.0
8085,rebounding,1,,,,,null,,,
8086,rebounding,1,,,,,null,,,
8087,rebounding,1,,,,,null,,,
8088,rebounding,1,773,303,22649,92.66,sam2,0.0,0.0,0.0
8089,rebounding,1,,,,,null,,,
8090,rebounding,1,,,,,null,,,
8091,rebounding,1,,,,,null,,,
8092,rebounding,1,773,303,22625,92.56,sam2,0.0,0.0,0.0
8093,rebounding,1,,,,,null,,,
8094,rebounding,1,,,,,null,,,
8095,rebounding,1,,,,,null,,,
8096,rebounding,1,773,303,22619,92.53,sam2,0.0,0.0,0.0
8097,rebounding,1,,,,,null,,,
8098,rebounding,1,,,,,null,,,
8099,rebounding,1,,,,,null,,,
8100,rebounding,1,773,303,22634,92.6,sam2,0.0,0.0,0.0
8101,rebounding,1,,,,,null,,,
8102,rebounding,1,,,,,null,,,
8103,rebounding,1,,,,,null,,,
8104,rebounding,1,773,303,22616,92.52,sam2,0.0,0.0,0.0
8105,rebounding,1,,,,,null,,,
8106,rebounding,1,,,,,null,,,
8107,rebounding,1,,,,,null,,,
8108,rebounding,1,773,303,22640,92.62,sam2,0.0,0.0,0.0
8109,rebounding,1,,,,,null,,,
8110,rebounding,1,,,,,null,,,
8111,rebounding,1,,,,,null,,,
8112,rebounding,1,773,303,22609,92.49,sam2,0.0,0.0,0.0
8113,rebounding,1,,,,,null,,,
8114,rebounding,1,,,,,null,,,
8115,rebounding,1,,,,,null,,,
8116,rebounding,1,773,303,22643,92.63,sam2,0.0,0.0,0.0
8117,rebounding,1,,,,,null,,,
8118,rebounding,1,,,,,null,,,
8119,rebounding,1,,,,,null,,,
8120,rebounding,1,773,303,22629,92.57,sam2,0.0,0.0,0.0
8121,rebounding,1,,,,,null,,,
8122,rebounding,1,,,,,null,,,
8123,rebounding,1,,,,,null,,,
8124,rebounding,1,773,303,22632,92.59,sam2,0.0,0.0,0.0
8125,rebounding,1,,,,,null,,,
8126,rebounding,1,,,,,null,,,
8127,rebounding,1,,,,,null,,,
8128,rebounding,1,773,303,22653,92.67,sam2,0.0,0.0,0.0
8129,rebounding,1,,,,,null,,,
8130,rebounding,1,,,,,null,,,
8131,rebounding,1,,,,,null,,,
8132,rebounding,1,773,303,22640,92.62,sam2,0.0,0.0,0.0
8133,rebounding,1,,,,,null,,,
8134,rebounding,1,,,,,null,,,
8135,rebounding,1,,,,,null,,,
8136,rebounding,1,773,303,22634,92.6,sam2,0.0,0.0,0.0
8137,rebounding,1,,,,,null,,,
8138,rebounding,1,,,,,null,,,
8139,rebounding,1,,,,,null,,,
8140,rebounding,1,773,303,22625,92.56,sam2,0.0,0.0,0.0
8141,rebounding,1,,,,,null,,,
8142,rebounding,1,,,,,null,,,
8143,rebounding,1,,,,,null,,,
8144,rebounding,1,773,303,22645,92.64,sam2,0.0,0.0,0.0
8145,rebounding,1,,,,,null,,,
8146,rebounding,1,,,,,null,,,
8147,rebounding,1,,,,,null,,,
8148,rebounding,1,773,303,22652,92.67,sam2,0.0,0.0,0.0
8149,rebounding,1,,,,,null,,,
8150,rebounding,1,,,,,null,,,
8151,rebounding,1,,,,,null,,,
8152,rebounding,1,773,303,22658,92.69,sam2,0.0,0.0,0.0
8153,rebounding,1,,,,,null,,,
8154,rebounding,1,,,,,null,,,
8155,rebounding,1,,,,,null,,,
8156,rebounding,1,773,303,22625,92.56,sam2,0.0,0.0,0.0
8157,rebounding,1,,,,,null,,,
8158,rebounding,1,,,,,null,,,
8159,rebounding,1,,,,,null,,,
8160,rebounding,1,773,303,22637,92.61,sam2,0.0,0.0,0.0
8161,rebounding,1,,,,,null,,,
8162,rebounding,1,,,,,null,,,
8163,rebounding,1,,,,,null,,,
8164,rebounding,1,773,303,22645,92.64,sam2,0.0,0.0,0.0
8165,rebounding,1,,,,,null,,,
8166,rebounding,1,,,,,null,,,
8167,rebounding,1,,,,,null,,,
8168,rebounding,1,773,303,22612,92.51,sam2,0.0,0.0,0.0
8169,rebounding,1,,,,,null,,,
8170,rebounding,1,,,,,null,,,
8171,rebounding,1,,,,,null,,,
8172,rebounding,1,773,302,22615,92.52,sam2,1.0,749.192,13.378
8173,rebounding,1,,,,,null,,,
8174,rebounding,1,,,,,null,,,
8175,rebounding,1,,,,,null,,,
8176,rebounding,1,773,303,22653,92.67,sam2,1.0,749.192,13.378
8177,rebounding,1,,,,,null,,,
8178,rebounding,1,,,,,null,,,
8179,rebounding,1,,,,,null,,,
8180,rebounding,1,773,303,22638,92.61,sam2,0.0,0.0,0.0
8181,rebounding,1,,,,,null,,,
8182,rebounding,1,,,,,null,,,
8183,rebounding,1,,,,,null,,,
8184,rebounding,1,773,302,22615,92.52,sam2,1.0,749.192,13.378
8185,rebounding,1,,,,,null,,,
8186,rebounding,1,,,,,null,,,
8187,rebounding,1,,,,,null,,,
8188,rebounding,1,773,303,22637,92.61,sam2,1.0,749.192,13.378
8189,rebounding,1,,,,,null,,,
8190,rebounding,1,,,,,null,,,
8191,rebounding,1,,,,,null,,,
8192,rebounding,1,773,303,22632,92.59,sam2,0.0,0.0,0.0
8193,rebounding,1,,,,,null,,,
8194,rebounding,1,,,,,null,,,
8195,rebounding,1,,,,,null,,,
8196,rebounding,1,773,303,22647,92.65,sam2,0.0,0.0,0.0
8197,rebounding,1,,,,,null,,,
8198,rebounding,1,,,,,null,,,
8199,rebounding,1,,,,,null,,,
8200,rebounding,1,773,303,22636,92.6,sam2,0.0,0.0,0.0
8201,rebounding,1,,,,,null,,,
8202,rebounding,1,,,,,null,,,
8203,rebounding,1,,,,,null,,,
8204,rebounding,1,773,303,22638,92.61,sam2,0.0,0.0,0.0
8205,rebounding,1,,,,,null,,,
8206,rebounding,1,,,,,null,,,
8207,rebounding,1,,,,,null,,,
8208,rebounding,1,773,303,22642,92.63,sam2,0.0,0.0,0.0
8209,rebounding,1,,,,,null,,,
8210,rebounding,1,,,,,null,,,
8211,rebounding,1,,,,,null,,,
8212,rebounding,1,773,303,22623,92.55,sam2,0.0,0.0,0.0
8213,rebounding,1,,,,,null,,,
8214,rebounding,1,,,,,null,,,
8215,rebounding,1,,,,,null,,,
8216,rebounding,1,773,303,22635,92.6,sam2,0.0,0.0,0.0
8217,rebounding,1,,,,,null,,,
8218,rebounding,1,,,,,null,,,
8219,rebounding,1,,,,,null,,,
8220,rebounding,1,773,303,22626,92.56,sam2,0.0,0.0,0.0
8221,rebounding,1,,,,,null,,,
8222,rebounding,1,,,,,null,,,
8223,rebounding,1,,,,,null,,,
8224,rebounding,1,773,303,22600,92.46,sam2,0.0,0.0,0.0
8225,rebounding,1,,,,,null,,,
8226,rebounding,1,,,,,null,,,
8227,rebounding,1,,,,,null,,,
8228,rebounding,1,773,303,22644,92.64,sam2,0.0,0.0,0.0
8229,rebounding,1,,,,,null,,,
8230,rebounding,1,,,,,null,,,
8231,rebounding,1,,,,,null,,,
8232,rebounding,1,773,303,22653,92.67,sam2,0.0,0.0,0.0
8233,rebounding,1,,,,,null,,,
8234,rebounding,1,,,,,null,,,
8235,rebounding,1,,,,,null,,,
8236,rebounding,1,773,303,22660,92.7,sam2,0.0,0.0,0.0
8237,rebounding,1,,,,,null,,,
8238,rebounding,1,,,,,null,,,
8239,rebounding,1,,,,,null,,,
8240,rebounding,1,773,303,22630,92.58,sam2,0.0,0.0,0.0
8241,rebounding,1,,,,,null,,,
8242,rebounding,1,,,,,null,,,
8243,rebounding,1,,,,,null,,,
8244,rebounding,1,773,303,22623,92.55,sam2,0.0,0.0,0.0
8245,rebounding,1,,,,,null,,,
8246,rebounding,1,,,,,null,,,
8247,rebounding,1,,,,,null,,,
8248,rebounding,1,773,303,22616,92.52,sam2,0.0,0.0,0.0
8249,rebounding,1,,,,,null,,,
8250,rebounding,1,,,,,null,,,
8251,rebounding,1,,,,,null,,,
8252,rebounding,1,773,303,22638,92.61,sam2,0.0,0.0,0.0
8253,rebounding,1,,,,,null,,,
8254,rebounding,1,,,,,null,,,
8255,rebounding,1,,,,,null,,,
8256,rebounding,1,773,303,22629,92.57,sam2,0.0,0.0,0.0
8257,rebounding,1,,,,,null,,,
8258,rebounding,1,,,,,null,,,
8259,rebounding,1,,,,,null,,,
8260,rebounding,1,773,303,22656,92.69,sam2,0.0,0.0,0.0
8261,rebounding,1,,,,,null,,,
8262,rebounding,1,,,,,null,,,
8263,rebounding,1,,,,,null,,,
8264,rebounding,1,773,303,22649,92.66,sam2,0.0,0.0,0.0
8265,rebounding,1,,,,,null,,,
8266,rebounding,1,,,,,null,,,
8267,rebounding,1,,,,,null,,,
8268,rebounding,1,773,303,22648,92.65,sam2,0.0,0.0,0.0
8269,rebounding,1,,,,,null,,,
8270,rebounding,1,,,,,null,,,
8271,rebounding,1,,,,,null,,,
8272,rebounding,1,773,303,22658,92.69,sam2,0.0,0.0,0.0
8273,rebounding,1,,,,,null,,,
8274,rebounding,1,,,,,null,,,
8275,rebounding,1,,,,,null,,,
8276,rebounding,1,773,303,22635,92.6,sam2,0.0,0.0,0.0
8277,rebounding,1,,,,,null,,,
8278,rebounding,1,,,,,null,,,
8279,rebounding,1,,,,,null,,,
8280,rebounding,1,773,303,22662,92.71,sam2,0.0,0.0,0.0
8281,rebounding,1,,,,,null,,,
8282,rebounding,1,,,,,null,,,
8283,rebounding,1,,,,,null,,,
8284,rebounding,1,773,303,22624,92.55,sam2,0.0,0.0,0.0
8285,rebounding,1,,,,,null,,,
8286,rebounding,1,,,,,null,,,
8287,rebounding,1,,,,,null,,,
8288,rebounding,1,773,302,22613,92.51,sam2,1.0,749.192,13.378
8289,rebounding,1,,,,,null,,,
8290,rebounding,1,,,,,null,,,
8291,rebounding,1,,,,,null,,,
8292,rebounding,1,773,303,22630,92.58,sam2,1.0,749.192,13.378
8293,rebounding,1,,,,,null,,,
8294,rebounding,1,,,,,null,,,
8295,rebounding,1,,,,,null,,,
8296,rebounding,1,773,303,22626,92.56,sam2,0.0,0.0,0.0
8297,rebounding,1,,,,,null,,,
8298,rebounding,1,,,,,null,,,
8299,rebounding,1,,,,,null,,,
8300,rebounding,1,773,303,22608,92.49,sam2,0.0,0.0,0.0
8301,rebounding,1,,,,,null,,,
8302,rebounding,1,,,,,null,,,
8303,rebounding,1,,,,,null,,,
8304,rebounding,1,773,303,22617,92.53,sam2,0.0,0.0,0.0
8305,rebounding,1,,,,,null,,,
8306,rebounding,1,,,,,null,,,
8307,rebounding,1,,,,,null,,,
8308,rebounding,1,773,303,22636,92.6,sam2,0.0,0.0,0.0
8309,rebounding,1,,,,,null,,,
8310,rebounding,1,,,,,null,,,
8311,rebounding,1,,,,,null,,,
8312,rebounding,1,773,303,22624,92.55,sam2,0.0,0.0,0.0
8313,rebounding,1,,,,,null,,,
8314,rebounding,1,,,,,null,,,
8315,rebounding,1,,,,,null,,,
8316,rebounding,1,773,303,22645,92.64,sam2,0.0,0.0,0.0
8317,rebounding,1,,,,,null,,,
8318,rebounding,1,,,,,null,,,
8319,rebounding,1,,,,,null,,,
8320,rebounding,1,773,303,22626,92.56,sam2,0.0,0.0,0.0
8321,rebounding,1,,,,,null,,,
8322,rebounding,1,,,,,null,,,
8323,rebounding,1,,,,,null,,,
8324,rebounding,1,773,303,22633,92.59,sam2,0.0,0.0,0.0
8325,rebounding,1,,,,,null,,,
8326,rebounding,1,,,,,null,,,
8327,rebounding,1,,,,,null,,,
8328,rebounding,1,773,303,22616,92.52,sam2,0.0,0.0,0.0
8329,rebounding,1,,,,,null,,,
8330,rebounding,1,,,,,null,,,
8331,rebounding,1,,,,,null,,,
8332,rebounding,1,773,303,22653,92.67,sam2,0.0,0.0,0.0
8333,rebounding,1,,,,,null,,,
8334,rebounding,1,,,,,null,,,
8335,rebounding,1,,,,,null,,,
8336,rebounding,1,773,303,22633,92.59,sam2,0.0,0.0,0.0
8337,rebounding,1,,,,,null,,,
8338,rebounding,1,,,,,null,,,
8339,rebounding,1,,,,,null,,,
8340,rebounding,1,773,303,22644,92.64,sam2,0.0,0.0,0.0
8341,rebounding,1,,,,,null,,,
8342,rebounding,1,,,,,null,,,
8343,rebounding,1,,,,,null,,,
8344,rebounding,1,773,303,22635,92.6,sam2,0.0,0.0,0.0
8345,rebounding,1,,,,,null,,,
8346,rebounding,1,,,,,null,,,
8347,rebounding,1,,,,,null,,,
8348,rebounding,1,773,303,22620,92.54,sam2,0.0,0.0,0.0
8349,rebounding,1,,,,,null,,,
8350,rebounding,1,,,,,null,,,
8351,rebounding,1,,,,,null,,,
8352,rebounding,1,773,303,22625,92.56,sam2,0.0,0.0,0.0
8353,rebounding,1,,,,,null,,,
8354,rebounding,1,,,,,null,,,
8355,rebounding,1,,,,,null,,,
8356,rebounding,1,773,303,22644,92.64,sam2,0.0,0.0,0.0
8357,rebounding,1,,,,,null,,,
8358,rebounding,1,,,,,null,,,
8359,rebounding,1,,,,,null,,,
8360,rebounding,1,773,303,22634,92.6,sam2,0.0,0.0,0.0
8361,rebounding,1,,,,,null,,,
8362,rebounding,1,,,,,null,,,
8363,rebounding,1,,,,,null,,,
8364,rebounding,1,773,303,22623,92.55,sam2,0.0,0.0,0.0
8365,rebounding,1,,,,,null,,,
8366,rebounding,1,,,,,null,,,
8367,rebounding,1,,,,,null,,,
8368,rebounding,1,773,303,22657,92.69,sam2,0.0,0.0,0.0
8369,rebounding,1,,,,,null,,,
8370,rebounding,1,,,,,null,,,
8371,rebounding,1,,,,,null,,,
8372,rebounding,1,773,303,22610,92.5,sam2,0.0,0.0,0.0
8373,rebounding,1,,,,,null,,,
8374,rebounding,1,,,,,null,,,
8375,rebounding,1,,,,,null,,,
8376,rebounding,1,773,303,22650,92.66,sam2,0.0,0.0,0.0
8377,rebounding,1,,,,,null,,,
8378,rebounding,1,,,,,null,,,
8379,rebounding,1,,,,,null,,,
8380,rebounding,1,773,303,22632,92.59,sam2,0.0,0.0,0.0
8381,rebounding,1,,,,,null,,,
8382,rebounding,1,,,,,null,,,
8383,rebounding,1,,,,,null,,,
8384,rebounding,1,773,303,22622,92.55,sam2,0.0,0.0,0.0
8385,rebounding,1,,,,,null,,,
8386,rebounding,1,,,,,null,,,
8387,rebounding,1,,,,,null,,,
8388,rebounding,1,773,303,22605,92.48,sam2,0.0,0.0,0.0
8389,rebounding,1,,,,,null,,,
8390,rebounding,1,,,,,null,,,
8391,rebounding,1,,,,,null,,,
8392,rebounding,1,773,303,22636,92.6,sam2,0.0,0.0,0.0
8393,rebounding,1,,,,,null,,,
8394,rebounding,1,,,,,null,,,
8395,rebounding,1,,,,,null,,,
8396,rebounding,1,773,303,22624,92.55,sam2,0.0,0.0,0.0
8397,rebounding,1,,,,,null,,,
8398,rebounding,1,,,,,null,,,
8399,rebounding,1,,,,,null,,,
8400,rebounding,1,773,303,22647,92.65,sam2,0.0,0.0,0.0
8401,rebounding,1,,,,,null,,,
8402,rebounding,1,,,,,null,,,
8403,rebounding,1,,,,,null,,,
8404,rebounding,1,773,303,22638,92.61,sam2,0.0,0.0,0.0
8405,rebounding,1,,,,,null,,,
8406,rebounding,1,,,,,null,,,
8407,rebounding,1,,,,,null,,,
8408,rebounding,1,773,303,22612,92.51,sam2,0.0,0.0,0.0
8409,rebounding,1,,,,,null,,,
8410,rebounding,1,,,,,null,,,
8411,rebounding,1,,,,,null,,,
8412,rebounding,1,773,303,22630,92.58,sam2,0.0,0.0,0.0
8413,rebounding,1,,,,,null,,,
8414,rebounding,1,,,,,null,,,
8415,rebounding,1,,,,,null,,,
8416,rebounding,1,773,303,22625,92.56,sam2,0.0,0.0,0.0
8417,rebounding,1,,,,,null,,,
8418,rebounding,1,,,,,null,,,
8419,rebounding,1,,,,,null,,,
8420,rebounding,1,773,303,22632,92.59,sam2,0.0,0.0,0.0
8421,rebounding,1,,,,,null,,,
8422,rebounding,1,,,,,null,,,
8423,rebounding,1,,,,,null,,,
8424,rebounding,1,773,303,22648,92.65,sam2,0.0,0.0,0.0
8425,rebounding,1,,,,,null,,,
8426,rebounding,1,,,,,null,,,
8427,rebounding,1,,,,,null,,,
8428,rebounding,1,773,303,22616,92.52,sam2,0.0,0.0,0.0
8429,rebounding,1,,,,,null,,,
8430,rebounding,1,,,,,null,,,
8431,rebounding,1,,,,,null,,,
8432,rebounding,1,773,303,22631,92.58,sam2,0.0,0.0,0.0
8433,rebounding,1,,,,,null,,,
8434,rebounding,1,,,,,null,,,
8435,rebounding,1,,,,,null,,,
8436,rebounding,1,773,303,22625,92.56,sam2,0.0,0.0,0.0
8437,rebounding,1,,,,,null,,,
8438,rebounding,1,,,,,null,,,
8439,rebounding,1,,,,,null,,,
8440,rebounding,1,773,303,22624,92.55,sam2,0.0,0.0,0.0
8441,rebounding,1,,,,,null,,,
8442,rebounding,1,,,,,null,,,
8443,rebounding,1,,,,,null,,,
8444,rebounding,1,773,303,22634,92.6,sam2,0.0,0.0,0.0
8445,rebounding,1,,,,,null,,,
8446,rebounding,1,,,,,null,,,
8447,rebounding,1,,,,,null,,,
8448,rebounding,1,773,303,22615,92.52,sam2,0.0,0.0,0.0
8449,rebounding,1,,,,,null,,,
8450,rebounding,1,,,,,null,,,
8451,rebounding,1,,,,,null,,,
8452,rebounding,1,773,302,22624,92.55,sam2,1.0,749.192,13.378
8453,rebounding,1,,,,,null,,,
8454,rebounding,1,,,,,null,,,
8455,rebounding,1,,,,,null,,,
8456,rebounding,1,773,303,22622,92.55,sam2,1.0,749.192,13.378
8457,rebounding,1,,,,,null,,,
8458,rebounding,1,,,,,null,,,
8459,rebounding,1,,,,,null,,,
8460,rebounding,1,773,303,22633,92.59,sam2,0.0,0.0,0.0
8461,rebounding,1,,,,,null,,,
8462,rebounding,1,,,,,null,,,
8463,rebounding,1,,,,,null,,,
8464,rebounding,1,773,303,22624,92.55,sam2,0.0,0.0,0.0
8465,rebounding,1,,,,,null,,,
8466,rebounding,1,,,,,null,,,
8467,rebounding,1,,,,,null,,,
8468,rebounding,1,773,303,22620,92.54,sam2,0.0,0.0,0.0
8469,rebounding,1,,,,,null,,,
8470,rebounding,1,,,,,null,,,
8471,rebounding,1,,,,,null,,,
8472,rebounding,1,773,303,22633,92.59,sam2,0.0,0.0,0.0
8473,rebounding,1,,,,,null,,,
8474,rebounding,1,,,,,null,,,
8475,rebounding,1,,,,,null,,,
8476,rebounding,1,773,303,22619,92.53,sam2,0.0,0.0,0.0
8477,rebounding,1,,,,,null,,,
8478,rebounding,1,,,,,null,,,
8479,rebounding,1,,,,,null,,,
8480,rebounding,1,773,303,22626,92.56,sam2,0.0,0.0,0.0
8481,rebounding,1,,,,,null,,,
8482,rebounding,1,,,,,null,,,
8483,rebounding,1,,,,,null,,,
8484,rebounding,1,773,303,22634,92.6,sam2,0.0,0.0,0.0
8485,rebounding,1,,,,,null,,,
8486,rebounding,1,,,,,null,,,
8487,rebounding,1,,,,,null,,,
8488,rebounding,1,773,303,22612,92.51,sam2,0.0,0.0,0.0
8489,rebounding,1,,,,,null,,,
8490,rebounding,1,,,,,null,,,
8491,rebounding,1,,,,,null,,,
8492,rebounding,1,773,303,22615,92.52,sam2,0.0,0.0,0.0
8493,rebounding,1,,,,,null,,,
8494,rebounding,1,,,,,null,,,
8495,rebounding,1,,,,,null,,,
8496,rebounding,1,773,303,22607,92.48,sam2,0.0,0.0,0.0
8497,rebounding,1,,,,,null,,,
8498,rebounding,1,,,,,null,,,
8499,rebounding,1,,,,,null,,,
8500,rebounding,1,773,303,22600,92.46,sam2,0.0,0.0,0.0
8501,rebounding,1,,,,,null,,,
8502,rebounding,1,,,,,null,,,
8503,rebounding,1,,,,,null,,,
8504,rebounding,1,773,303,22634,92.6,sam2,0.0,0.0,0.0
8505,rebounding,1,,,,,null,,,
8506,rebounding,1,,,,,null,,,
8507,rebounding,1,,,,,null,,,
8508,rebounding,1,773,303,22619,92.53,sam2,0.0,0.0,0.0
8509,rebounding,1,,,,,null,,,
8510,rebounding,1,,,,,null,,,
8511,rebounding,1,,,,,null,,,
8512,rebounding,1,773,303,22633,92.59,sam2,0.0,0.0,0.0
8513,rebounding,1,,,,,null,,,
8514,rebounding,1,,,,,null,,,
8515,rebounding,1,,,,,null,,,
8516,rebounding,1,773,303,22628,92.57,sam2,0.0,0.0,0.0
8517,rebounding,1,,,,,null,,,
8518,rebounding,1,,,,,null,,,
8519,rebounding,1,,,,,null,,,
8520,rebounding,1,773,302,22639,92.62,sam2,1.0,749.192,13.378
8521,rebounding,1,,,,,null,,,
8522,rebounding,1,,,,,null,,,
8523,rebounding,1,,,,,null,,,
8524,rebounding,1,773,303,22639,92.62,sam2,1.0,749.192,13.378
8525,rebounding,1,,,,,null,,,
8526,rebounding,1,,,,,null,,,
8527,rebounding,1,,,,,null,,,
8528,rebounding,1,773,303,22628,92.57,sam2,0.0,0.0,0.0
8529,rebounding,1,,,,,null,,,
8530,rebounding,1,,,,,null,,,
8531,rebounding,1,,,,,null,,,
8532,rebounding,1,773,303,22627,92.57,sam2,0.0,0.0,0.0
8533,rebounding,1,,,,,null,,,
8534,rebounding,1,,,,,null,,,
8535,rebounding,1,,,,,null,,,
8536,rebounding,1,773,303,22644,92.64,sam2,0.0,0.0,0.0
8537,rebounding,1,,,,,null,,,
8538,rebounding,1,,,,,null,,,
8539,rebounding,1,,,,,null,,,
8540,rebounding,1,773,303,22626,92.56,sam2,0.0,0.0,0.0
8541,rebounding,1,,,,,null,,,
8542,rebounding,1,,,,,null,,,
8543,rebounding,1,,,,,null,,,
8544,rebounding,1,773,303,22622,92.55,sam2,0.0,0.0,0.0
8545,rebounding,1,,,,,null,,,
8546,rebounding,1,,,,,null,,,
8547,rebounding,1,,,,,null,,,
8548,rebounding,1,773,303,22631,92.58,sam2,0.0,0.0,0.0
8549,rebounding,1,,,,,null,,,
8550,rebounding,1,,,,,null,,,
8551,rebounding,1,,,,,null,,,
8552,rebounding,1,773,303,22653,92.67,sam2,0.0,0.0,0.0
8553,rebounding,1,,,,,null,,,
8554,rebounding,1,,,,,null,,,
8555,rebounding,1,,,,,null,,,
8556,rebounding,1,773,303,22654,92.68,sam2,0.0,0.0,0.0
8557,rebounding,1,,,,,null,,,
8558,rebounding,1,,,,,null,,,
8559,rebounding,1,,,,,null,,,
8560,rebounding,1,773,303,22628,92.57,sam2,0.0,0.0,0.0
8561,rebounding,1,,,,,null,,,
8562,rebounding,1,,,,,null,,,
8563,rebounding,1,,,,,null,,,
8564,rebounding,1,773,303,22617,92.53,sam2,0.0,0.0,0.0
8565,rebounding,1,,,,,null,,,
8566,rebounding,1,,,,,null,,,
8567,rebounding,1,,,,,null,,,
8568,rebounding,1,773,302,22618,92.53,sam2,1.0,749.192,13.378
8569,rebounding,1,,,,,null,,,
8570,rebounding,1,,,,,null,,,
8571,rebounding,1,,,,,null,,,
8572,rebounding,1,773,303,22636,92.6,sam2,1.0,749.192,13.378
8573,rebounding,1,,,,,null,,,
8574,rebounding,1,,,,,null,,,
8575,rebounding,1,,,,,null,,,
8576,rebounding,1,773,302,22632,92.59,sam2,1.0,749.192,13.378
8577,rebounding,1,,,,,null,,,
8578,rebounding,1,,,,,null,,,
8579,rebounding,1,,,,,null,,,
8580,rebounding,1,773,303,22626,92.56,sam2,1.0,749.192,13.378
8581,rebounding,1,,,,,null,,,
8582,rebounding,1,,,,,null,,,
8583,rebounding,1,,,,,null,,,
8584,rebounding,1,773,303,22635,92.6,sam2,0.0,0.0,0.0
8585,rebounding,1,,,,,null,,,
8586,rebounding,1,,,,,null,,,
8587,rebounding,1,,,,,null,,,
8588,rebounding,1,773,303,22640,92.62,sam2,0.0,0.0,0.0
8589,rebounding,1,,,,,null,,,
8590,rebounding,1,,,,,null,,,
8591,rebounding,1,,,,,null,,,
8592,rebounding,1,773,303,22638,92.61,sam2,0.0,0.0,0.0
8593,rebounding,1,,,,,null,,,
8594,rebounding,1,,,,,null,,,
8595,rebounding,1,,,,,null,,,
8596,rebounding,1,773,303,22639,92.62,sam2,0.0,0.0,0.0
8597,rebounding,1,,,,,null,,,
8598,rebounding,1,,,,,null,,,
8599,rebounding,1,,,,,null,,,
8600,rebounding,1,773,303,22617,92.53,sam2,0.0,0.0,0.0
8601,rebounding,1,,,,,null,,,
8602,rebounding,1,,,,,null,,,
8603,rebounding,1,,,,,null,,,
8604,rebounding,1,773,303,22646,92.64,sam2,0.0,0.0,0.0
8605,rebounding,1,,,,,null,,,
8606,rebounding,1,,,,,null,,,
8607,rebounding,1,,,,,null,,,
8608,rebounding,1,773,303,22631,92.58,sam2,0.0,0.0,0.0
8609,rebounding,1,,,,,null,,,
8610,rebounding,1,,,,,null,,,
8611,rebounding,1,,,,,null,,,
8612,rebounding,1,773,303,22626,92.56,sam2,0.0,0.0,0.0
8613,rebounding,1,,,,,null,,,
8614,rebounding,1,,,,,null,,,
8615,rebounding,1,,,,,null,,,
8616,rebounding,1,773,303,22634,92.6,sam2,0.0,0.0,0.0
8617,rebounding,1,,,,,null,,,
8618,rebounding,1,,,,,null,,,
8619,rebounding,1,,,,,null,,,
8620,rebounding,1,773,303,22644,92.64,sam2,0.0,0.0,0.0
8621,rebounding,1,,,,,null,,,
8622,rebounding,1,,,,,null,,,
8623,rebounding,1,,,,,null,,,
8624,rebounding,1,773,303,22626,92.56,sam2,0.0,0.0,0.0
8625,rebounding,1,,,,,null,,,
8626,rebounding,1,,,,,null,,,
8627,rebounding,1,,,,,null,,,
8628,rebounding,1,773,303,22613,92.51,sam2,0.0,0.0,0.0
8629,rebounding,1,,,,,null,,,
8630,rebounding,1,,,,,null,,,
8631,rebounding,1,,,,,null,,,
8632,rebounding,1,773,303,22625,92.56,sam2,0.0,0.0,0.0
8633,rebounding,1,,,,,null,,,
8634,rebounding,1,,,,,null,,,
8635,rebounding,1,,,,,null,,,
8636,rebounding,1,773,303,22642,92.63,sam2,0.0,0.0,0.0
8637,rebounding,1,,,,,null,,,
8638,rebounding,1,,,,,null,,,
8639,rebounding,1,,,,,null,,,
8640,rebounding,1,773,303,22627,92.57,sam2,0.0,0.0,0.0
8641,rebounding,1,,,,,null,,,
8642,rebounding,1,,,,,null,,,
8643,rebounding,1,,,,,null,,,
8644,rebounding,1,773,303,22620,92.54,sam2,0.0,0.0,0.0
8645,rebounding,1,,,,,null,,,
8646,rebounding,1,,,,,null,,,
8647,rebounding,1,,,,,null,,,
8648,rebounding,1,773,302,22595,92.44,sam2,1.0,749.192,13.378
8649,rebounding,1,,,,,null,,,
8650,rebounding,1,,,,,null,,,
8651,rebounding,1,,,,,null,,,
8652,rebounding,1,773,302,22610,92.5,sam2,0.0,0.0,0.0
8653,rebounding,1,,,,,null,,,
8654,rebounding,1,,,,,null,,,
8655,rebounding,1,,,,,null,,,
8656,rebounding,1,773,303,22613,92.51,sam2,1.0,749.192,13.378
8657,rebounding,1,,,,,null,,,
8658,rebounding,1,,,,,null,,,
8659,rebounding,1,,,,,null,,,
8660,rebounding,1,773,303,22640,92.62,sam2,0.0,0.0,0.0
8661,rebounding,1,,,,,null,,,
8662,rebounding,1,,,,,null,,,
8663,rebounding,1,,,,,null,,,
8664,rebounding,1,773,303,22635,92.6,sam2,0.0,0.0,0.0
8665,rebounding,1,,,,,null,,,
8666,rebounding,1,,,,,null,,,
8667,rebounding,1,,,,,null,,,
8668,rebounding,1,773,302,22636,92.6,sam2,1.0,749.192,13.378
8669,rebounding,1,,,,,null,,,
8670,rebounding,1,,,,,null,,,
8671,rebounding,1,,,,,null,,,
8672,rebounding,1,773,303,22640,92.62,sam2,1.0,749.192,13.378
8673,rebounding,1,,,,,null,,,
8674,rebounding,1,,,,,null,,,
8675,rebounding,1,,,,,null,,,
8676,rebounding,1,773,302,22617,92.53,sam2,1.0,749.192,13.378
8677,rebounding,1,,,,,null,,,
8678,rebounding,1,,,,,null,,,
8679,rebounding,1,,,,,null,,,
8680,rebounding,1,773,303,22638,92.61,sam2,1.0,749.192,13.378
8681,rebounding,1,,,,,null,,,
8682,rebounding,1,,,,,null,,,
8683,rebounding,1,,,,,null,,,
8684,rebounding,1,773,303,22658,92.69,sam2,0.0,0.0,0.0
8685,rebounding,1,,,,,null,,,
8686,rebounding,1,,,,,null,,,
8687,rebounding,1,,,,,null,,,
8688,rebounding,1,773,303,22641,92.62,sam2,0.0,0.0,0.0
8689,rebounding,1,,,,,null,,,
8690,rebounding,1,,,,,null,,,
8691,rebounding,1,,,,,null,,,
8692,rebounding,1,773,303,22631,92.58,sam2,0.0,0.0,0.0
8693,rebounding,1,,,,,null,,,
8694,rebounding,1,,,,,null,,,
8695,rebounding,1,,,,,null,,,
8696,rebounding,1,773,303,22641,92.62,sam2,0.0,0.0,0.0
8697,rebounding,1,,,,,null,,,
8698,rebounding,1,,,,,null,,,
8699,rebounding,1,,,,,null,,,
8700,rebounding,1,773,303,22637,92.61,sam2,0.0,0.0,0.0
8701,rebounding,1,,,,,null,,,
8702,rebounding,1,,,,,null,,,
8703,rebounding,1,,,,,null,,,
8704,rebounding,1,773,303,22634,92.6,sam2,0.0,0.0,0.0
8705,rebounding,1,,,,,null,,,
8706,rebounding,1,,,,,null,,,
8707,rebounding,1,,,,,null,,,
8708,rebounding,1,773,303,22645,92.64,sam2,0.0,0.0,0.0
8709,rebounding,1,,,,,null,,,
8710,rebounding,1,,,,,null,,,
8711,rebounding,1,,,,,null,,,
8712,rebounding,1,773,303,22661,92.71,sam2,0.0,0.0,0.0
8713,rebounding,1,,,,,null,,,
8714,rebounding,1,,,,,null,,,
8715,rebounding,1,,,,,null,,,
8716,rebounding,1,773,303,22630,92.58,sam2,0.0,0.0,0.0
8717,rebounding,1,,,,,null,,,
8718,rebounding,1,,,,,null,,,
8719,rebounding,1,,,,,null,,,
8720,rebounding,1,773,303,22608,92.49,sam2,0.0,0.0,0.0
8721,rebounding,1,,,,,null,,,
8722,rebounding,1,,,,,null,,,
8723,rebounding,1,,,,,null,,,
8724,rebounding,1,773,303,22654,92.68,sam2,0.0,0.0,0.0
8725,rebounding,1,,,,,null,,,
8726,rebounding,1,,,,,null,,,
8727,rebounding,1,,,,,null,,,
8728,rebounding,1,773,303,22648,92.65,sam2,0.0,0.0,0.0
8729,rebounding,1,,,,,null,,,
8730,rebounding,1,,,,,null,,,
8731,rebounding,1,,,,,null,,,
8732,rebounding,1,773,303,22644,92.64,sam2,0.0,0.0,0.0
8733,rebounding,1,,,,,null,,,
8734,rebounding,1,,,,,null,,,
8735,rebounding,1,,,,,null,,,
8736,rebounding,1,773,302,22613,92.51,sam2,1.0,749.192,13.378
8737,rebounding,1,,,,,null,,,
8738,rebounding,1,,,,,null,,,
8739,rebounding,1,,,,,null,,,
8740,rebounding,1,773,303,22651,92.66,sam2,1.0,749.192,13.378
8741,rebounding,1,,,,,null,,,
8742,rebounding,1,,,,,null,,,
8743,rebounding,1,,,,,null,,,
8744,rebounding,1,773,303,22650,92.66,sam2,0.0,0.0,0.0
8745,rebounding,1,,,,,null,,,
8746,rebounding,1,,,,,null,,,
8747,rebounding,1,,,,,null,,,
8748,rebounding,1,773,303,22634,92.6,sam2,0.0,0.0,0.0
8749,rebounding,1,,,,,null,,,
8750,rebounding,1,,,,,null,,,
8751,rebounding,1,,,,,null,,,
8752,rebounding,1,773,303,22645,92.64,sam2,0.0,0.0,0.0
8753,rebounding,1,,,,,null,,,
8754,rebounding,1,,,,,null,,,
8755,rebounding,1,,,,,null,,,
8756,rebounding,1,773,303,22635,92.6,sam2,0.0,0.0,0.0
8757,rebounding,1,,,,,null,,,
8758,rebounding,1,,,,,null,,,
8759,rebounding,1,,,,,null,,,
8760,rebounding,1,773,302,22626,92.56,sam2,1.0,749.192,13.378
8761,rebounding,1,,,,,null,,,
8762,rebounding,1,,,,,null,,,
8763,rebounding,1,,,,,null,,,
8764,rebounding,1,773,302,22625,92.56,sam2,0.0,0.0,0.0
8765,rebounding,1,,,,,null,,,
8766,rebounding,1,,,,,null,,,
8767,rebounding,1,,,,,null,,,
8768,rebounding,1,773,303,22650,92.66,sam2,1.0,749.192,13.378
8769,rebounding,1,,,,,null,,,
8770,rebounding,1,,,,,null,,,
8771,rebounding,1,,,,,null,,,
8772,rebounding,1,773,303,22650,92.66,sam2,0.0,0.0,0.0
8773,rebounding,1,,,,,null,,,
8774,rebounding,1,,,,,null,,,
8775,rebounding,1,,,,,null,,,
8776,rebounding,1,773,302,22634,92.6,sam2,1.0,749.192,13.378
8777,rebounding,1,,,,,null,,,
8778,rebounding,1,,,,,null,,,
8779,rebounding,1,,,,,null,,,
8780,rebounding,1,773,303,22638,92.61,sam2,1.0,749.192,13.378
8781,rebounding,1,,,,,null,,,
8782,rebounding,1,,,,,null,,,
8783,rebounding,1,,,,,null,,,
8784,rebounding,1,773,303,22623,92.55,sam2,0.0,0.0,0.0
8785,rebounding,1,,,,,null,,,
8786,rebounding,1,,,,,null,,,
8787,rebounding,1,,,,,null,,,
8788,rebounding,1,773,303,22644,92.64,sam2,0.0,0.0,0.0
8789,rebounding,1,,,,,null,,,
8790,rebounding,1,,,,,null,,,
8791,rebounding,1,,,,,null,,,
8792,rebounding,1,773,302,22611,92.5,sam2,1.0,749.192,13.378
8793,rebounding,1,,,,,null,,,
8794,rebounding,1,,,,,null,,,
8795,rebounding,1,,,,,null,,,
8796,rebounding,1,773,303,22648,92.65,sam2,1.0,749.192,13.378
8797,rebounding,1,,,,,null,,,
8798,rebounding,1,,,,,null,,,
8799,rebounding,1,,,,,null,,,
8800,rebounding,1,773,303,22652,92.67,sam2,0.0,0.0,0.0
8801,rebounding,1,,,,,null,,,
8802,rebounding,1,,,,,null,,,
8803,rebounding,1,,,,,null,,,
8804,rebounding,1,773,303,22644,92.64,sam2,0.0,0.0,0.0
8805,rebounding,1,,,,,null,,,
8806,rebounding,1,,,,,null,,,
8807,rebounding,1,,,,,null,,,
8808,rebounding,1,773,303,22645,92.64,sam2,0.0,0.0,0.0
8809,rebounding,1,,,,,null,,,
8810,rebounding,1,,,,,null,,,
8811,rebounding,1,,,,,null,,,
8812,rebounding,1,773,303,22644,92.64,sam2,0.0,0.0,0.0
8813,rebounding,1,,,,,null,,,
8814,rebounding,1,,,,,null,,,
8815,rebounding,1,,,,,null,,,
8816,rebounding,1,773,303,22640,92.62,sam2,0.0,0.0,0.0
8817,rebounding,1,,,,,null,,,
8818,rebounding,1,,,,,null,,,
8819,rebounding,1,,,,,null,,,
8820,rebounding,1,773,303,22641,92.62,sam2,0.0,0.0,0.0
8821,rebounding,1,,,,,null,,,
8822,rebounding,1,,,,,null,,,
8823,rebounding,1,,,,,null,,,
8824,rebounding,1,773,303,22635,92.6,sam2,0.0,0.0,0.0
8825,rebounding,1,,,,,null,,,
8826,rebounding,1,,,,,null,,,
8827,rebounding,1,,,,,null,,,
8828,rebounding,1,773,302,22610,92.5,sam2,1.0,749.192,13.378
8829,rebounding,1,,,,,null,,,
8830,rebounding,1,,,,,null,,,
8831,rebounding,1,,,,,null,,,
8832,rebounding,1,773,303,22627,92.57,sam2,1.0,749.192,13.378
8833,rebounding,1,,,,,null,,,
8834,rebounding,1,,,,,null,,,
8835,rebounding,1,,,,,null,,,
8836,rebounding,1,773,303,22631,92.58,sam2,0.0,0.0,0.0
8837,rebounding,1,,,,,null,,,
8838,rebounding,1,,,,,null,,,
8839,rebounding,1,,,,,null,,,
8840,rebounding,1,773,303,22616,92.52,sam2,0.0,0.0,0.0
8841,rebounding,1,,,,,null,,,
8842,rebounding,1,,,,,null,,,
8843,rebounding,1,,,,,null,,,
8844,rebounding,1,773,303,22633,92.59,sam2,0.0,0.0,0.0
8845,rebounding,1,,,,,null,,,
8846,rebounding,1,,,,,null,,,
8847,rebounding,1,,,,,null,,,
8848,rebounding,1,773,303,22650,92.66,sam2,0.0,0.0,0.0
8849,rebounding,1,,,,,null,,,
8850,rebounding,1,,,,,null,,,
8851,rebounding,1,,,,,null,,,
8852,rebounding,1,773,303,22635,92.6,sam2,0.0,0.0,0.0
8853,rebounding,1,,,,,null,,,
8854,rebounding,1,,,,,null,,,
8855,rebounding,1,,,,,null,,,
8856,rebounding,1,773,303,22619,92.53,sam2,0.0,0.0,0.0
8857,rebounding,1,,,,,null,,,
8858,rebounding,1,,,,,null,,,
8859,rebounding,1,,,,,null,,,
8860,rebounding,1,773,303,22618,92.53,sam2,0.0,0.0,0.0
8861,rebounding,1,,,,,null,,,
8862,rebounding,1,,,,,null,,,
8863,rebounding,1,,,,,null,,,
8864,rebounding,1,773,303,22635,92.6,sam2,0.0,0.0,0.0
8865,rebounding,1,,,,,null,,,
8866,rebounding,1,,,,,null,,,
8867,rebounding,1,,,,,null,,,
8868,rebounding,1,773,303,22627,92.57,sam2,0.0,0.0,0.0
8869,rebounding,1,,,,,null,,,
8870,rebounding,1,,,,,null,,,
8871,rebounding,1,,,,,null,,,
8872,rebounding,1,773,303,22623,92.55,sam2,0.0,0.0,0.0
8873,rebounding,1,,,,,null,,,
8874,rebounding,1,,,,,null,,,
8875,rebounding,1,,,,,null,,,
8876,rebounding,1,773,303,22610,92.5,sam2,0.0,0.0,0.0
8877,rebounding,1,,,,,null,,,
8878,rebounding,1,,,,,null,,,
8879,rebounding,1,,,,,null,,,
8880,rebounding,1,773,303,22626,92.56,sam2,0.0,0.0,0.0
8881,rebounding,1,,,,,null,,,
8882,rebounding,1,,,,,null,,,
8883,rebounding,1,,,,,null,,,
8884,rebounding,1,773,303,22646,92.64,sam2,0.0,0.0,0.0
8885,rebounding,1,,,,,null,,,
8886,rebounding,1,,,,,null,,,
8887,rebounding,1,,,,,null,,,
8888,rebounding,1,773,303,22628,92.57,sam2,0.0,0.0,0.0
8889,rebounding,1,,,,,null,,,
8890,rebounding,1,,,,,null,,,
8891,rebounding,1,,,,,null,,,
8892,rebounding,1,773,303,22644,92.64,sam2,0.0,0.0,0.0
8893,rebounding,1,,,,,null,,,
8894,rebounding,1,,,,,null,,,
8895,rebounding,1,,,,,null,,,
8896,rebounding,1,773,303,22645,92.64,sam2,0.0,0.0,0.0
8897,rebounding,1,,,,,null,,,
8898,rebounding,1,,,,,null,,,
8899,rebounding,1,,,,,null,,,
8900,rebounding,1,773,303,22637,92.61,sam2,0.0,0.0,0.0
8901,rebounding,1,,,,,null,,,
8902,rebounding,1,,,,,null,,,
8903,rebounding,1,,,,,null,,,
8904,rebounding,1,773,303,22617,92.53,sam2,0.0,0.0,0.0
8905,rebounding,1,,,,,null,,,
8906,rebounding,1,,,,,null,,,
8907,rebounding,1,,,,,null,,,
8908,rebounding,1,773,303,22624,92.55,sam2,0.0,0.0,0.0
8909,rebounding,1,,,,,null,,,
8910,rebounding,1,,,,,null,,,
8911,rebounding,1,,,,,null,,,
8912,rebounding,1,773,303,22654,92.68,sam2,0.0,0.0,0.0
8913,rebounding,1,,,,,null,,,
8914,rebounding,1,,,,,null,,,
8915,rebounding,1,,,,,null,,,
8916,rebounding,1,773,303,22633,92.59,sam2,0.0,0.0,0.0
8917,rebounding,1,,,,,null,,,
8918,rebounding,1,,,,,null,,,
8919,rebounding,1,,,,,null,,,
8920,rebounding,1,773,303,22622,92.55,sam2,0.0,0.0,0.0
8921,rebounding,1,,,,,null,,,
8922,rebounding,1,,,,,null,,,
8923,rebounding,1,,,,,null,,,
8924,rebounding,1,773,303,22621,92.54,sam2,0.0,0.0,0.0
8925,rebounding,1,,,,,null,,,
8926,rebounding,1,,,,,null,,,
8927,rebounding,1,,,,,null,,,
8928,rebounding,1,773,303,22630,92.58,sam2,0.0,0.0,0.0
8929,rebounding,1,,,,,null,,,
8930,rebounding,1,,,,,null,,,
8931,rebounding,1,,,,,null,,,
8932,rebounding,1,773,303,22639,92.62,sam2,0.0,0.0,0.0
8933,rebounding,1,,,,,null,,,
8934,rebounding,1,,,,,null,,,
8935,rebounding,1,,,,,null,,,
8936,rebounding,1,773,303,22638,92.61,sam2,0.0,0.0,0.0
8937,rebounding,1,,,,,null,,,
8938,rebounding,1,,,,,null,,,
8939,rebounding,1,,,,,null,,,
8940,rebounding,1,773,303,22629,92.57,sam2,0.0,0.0,0.0
8941,rebounding,1,,,,,null,,,
8942,rebounding,1,,,,,null,,,
8943,rebounding,1,,,,,null,,,
8944,rebounding,1,773,303,22639,92.62,sam2,0.0,0.0,0.0
8945,rebounding,1,,,,,null,,,
8946,rebounding,1,,,,,null,,,
8947,rebounding,1,,,,,null,,,
8948,rebounding,1,773,303,22612,92.51,sam2,0.0,0.0,0.0
8949,rebounding,1,,,,,null,,,
8950,rebounding,1,,,,,null,,,
8951,rebounding,1,,,,,null,,,
8952,rebounding,1,773,303,22630,92.58,sam2,0.0,0.0,0.0
8953,rebounding,1,,,,,null,,,
8954,rebounding,1,,,,,null,,,
8955,rebounding,1,,,,,null,,,
8956,rebounding,1,773,303,22627,92.57,sam2,0.0,0.0,0.0
8957,rebounding,1,,,,,null,,,
8958,rebounding,1,,,,,null,,,
8959,rebounding,1,,,,,null,,,
8960,rebounding,1,773,303,22639,92.62,sam2,0.0,0.0,0.0
8961,rebounding,1,,,,,null,,,
8962,rebounding,1,,,,,null,,,
8963,rebounding,1,,,,,null,,,
8964,rebounding,1,773,303,22636,92.6,sam2,0.0,0.0,0.0
8965,rebounding,1,,,,,null,,,
8966,rebounding,1,,,,,null,,,
8967,rebounding,1,,,,,null,,,
8968,rebounding,1,773,303,22637,92.61,sam2,0.0,0.0,0.0
8969,rebounding,1,,,,,null,,,
8970,rebounding,1,,,,,null,,,
8971,rebounding,1,,,,,null,,,
8972,rebounding,1,773,303,22619,92.53,sam2,0.0,0.0,0.0
8973,rebounding,1,,,,,null,,,
8974,rebounding,1,,,,,null,,,
8975,rebounding,1,,,,,null,,,
8976,rebounding,1,773,303,22611,92.5,sam2,0.0,0.0,0.0
8977,rebounding,1,,,,,null,,,
8978,rebounding,1,,,,,null,,,
8979,rebounding,1,,,,,null,,,
8980,rebounding,1,773,303,22639,92.62,sam2,0.0,0.0,0.0
8981,rebounding,1,,,,,null,,,
8982,rebounding,1,,,,,null,,,
8983,rebounding,1,,,,,null,,,
8984,rebounding,1,773,303,22607,92.48,sam2,0.0,0.0,0.0
8985,rebounding,1,,,,,null,,,
8986,rebounding,1,,,,,null,,,
8987,rebounding,1,,,,,null,,,
8988,rebounding,1,773,303,22641,92.62,sam2,0.0,0.0,0.0
8989,rebounding,1,,,,,null,,,
8990,rebounding,1,,,,,null,,,
8991,rebounding,1,,,,,null,,,
8992,rebounding,1,773,303,22635,92.6,sam2,0.0,0.0,0.0
8993,rebounding,1,,,,,null,,,
8994,rebounding,1,,,,,null,,,
8995,rebounding,1,,,,,null,,,
8996,rebounding,1,773,302,22627,92.57,sam2,1.0,749.192,13.378
8997,rebounding,1,,,,,null,,,
8998,rebounding,1,,,,,null,,,
8999,rebounding,1,,,,,null,,,
9000,rebounding,1,773,303,22651,92.66,sam2,1.0,749.192,13.378
9001,rebounding,1,,,,,null,,,
9002,rebounding,1,,,,,null,,,
9003,rebounding,1,,,,,null,,,
9004,rebounding,1,773,303,22650,92.66,sam2,0.0,0.0,0.0
9005,rebounding,1,,,,,null,,,
9006,rebounding,1,,,,,null,,,
9007,rebounding,1,,,,,null,,,
9008,rebounding,1,773,303,22599,92.45,sam2,0.0,0.0,0.0
9009,rebounding,1,,,,,null,,,
9010,rebounding,1,,,,,null,,,
9011,rebounding,1,,,,,null,,,
9012,rebounding,1,773,302,22620,92.54,sam2,1.0,749.192,13.378
9013,rebounding,1,,,,,null,,,
9014,rebounding,1,,,,,null,,,
9015,rebounding,1,,,,,null,,,
9016,rebounding,1,773,303,22612,92.51,sam2,1.0,749.192,13.378
9017,rebounding,1,,,,,null,,,
9018,rebounding,1,,,,,null,,,
9019,rebounding,1,,,,,null,,,
9020,rebounding,1,773,302,22623,92.55,sam2,1.0,749.192,13.378
9021,rebounding,1,,,,,null,,,
9022,rebounding,1,,,,,null,,,
9023,rebounding,1,,,,,null,,,
9024,rebounding,1,773,303,22633,92.59,sam2,1.0,749.192,13.378
9025,rebounding,1,,,,,null,,,
9026,rebounding,1,,,,,null,,,
9027,rebounding,1,,,,,null,,,
9028,rebounding,1,773,302,22619,92.53,sam2,1.0,749.192,13.378
9029,rebounding,1,,,,,null,,,
9030,rebounding,1,,,,,null,,,
9031,rebounding,1,,,,,null,,,
9032,rebounding,1,773,303,22600,92.46,sam2,1.0,749.192,13.378
9033,rebounding,1,,,,,null,,,
9034,rebounding,1,,,,,null,,,
9035,rebounding,1,,,,,null,,,
9036,rebounding,1,773,303,22618,92.53,sam2,0.0,0.0,0.0
9037,rebounding,1,,,,,null,,,
9038,rebounding,1,,,,,null,,,
9039,rebounding,1,,,,,null,,,
9040,rebounding,1,773,303,22645,92.64,sam2,0.0,0.0,0.0
9041,rebounding,1,,,,,null,,,
9042,rebounding,1,,,,,null,,,
9043,rebounding,1,,,,,null,,,
9044,rebounding,1,773,302,22598,92.45,sam2,1.0,749.192,13.378
9045,rebounding,1,,,,,null,,,
9046,rebounding,1,,,,,null,,,
9047,rebounding,1,,,,,null,,,
9048,rebounding,1,773,302,22615,92.52,sam2,0.0,0.0,0.0
9049,rebounding,1,,,,,null,,,
9050,rebounding,1,,,,,null,,,
9051,rebounding,1,,,,,null,,,
9052,rebounding,1,773,303,22622,92.55,sam2,1.0,749.192,13.378
9053,rebounding,1,,,,,null,,,
9054,rebounding,1,,,,,null,,,
9055,rebounding,1,,,,,null,,,
9056,rebounding,1,773,303,22619,92.53,sam2,0.0,0.0,0.0
9057,rebounding,1,,,,,null,,,
9058,rebounding,1,,,,,null,,,
9059,rebounding,1,,,,,null,,,
9060,rebounding,1,773,303,22634,92.6,sam2,0.0,0.0,0.0
9061,rebounding,1,,,,,null,,,
9062,rebounding,1,,,,,null,,,
9063,rebounding,1,,,,,null,,,
9064,rebounding,1,773,303,22655,92.68,sam2,0.0,0.0,0.0
9065,rebounding,1,,,,,null,,,
9066,rebounding,1,,,,,null,,,
9067,rebounding,1,,,,,null,,,
9068,rebounding,1,773,303,22631,92.58,sam2,0.0,0.0,0.0
9069,rebounding,1,,,,,null,,,
9070,rebounding,1,,,,,null,,,
9071,rebounding,1,,,,,null,,,
9072,rebounding,1,773,303,22664,92.72,sam2,0.0,0.0,0.0
9073,rebounding,1,,,,,null,,,
9074,rebounding,1,,,,,null,,,
9075,rebounding,1,,,,,null,,,
9076,rebounding,1,773,303,22612,92.51,sam2,0.0,0.0,0.0
9077,rebounding,1,,,,,null,,,
9078,rebounding,1,,,,,null,,,
9079,rebounding,1,,,,,null,,,
9080,rebounding,1,773,303,22604,92.47,sam2,0.0,0.0,0.0
9081,rebounding,1,,,,,null,,,
9082,rebounding,1,,,,,null,,,
9083,rebounding,1,,,,,null,,,
9084,rebounding,1,773,303,22623,92.55,sam2,0.0,0.0,0.0
9085,rebounding,1,,,,,null,,,
9086,rebounding,1,,,,,null,,,
9087,rebounding,1,,,,,null,,,
9088,rebounding,1,773,303,22597,92.44,sam2,0.0,0.0,0.0
9089,rebounding,1,,,,,null,,,
9090,rebounding,1,,,,,null,,,
9091,rebounding,1,,,,,null,,,
9092,rebounding,1,773,303,22613,92.51,sam2,0.0,0.0,0.0
9093,rebounding,1,,,,,null,,,
9094,rebounding,1,,,,,null,,,
9095,rebounding,1,,,,,null,,,
9096,rebounding,1,773,303,22630,92.58,sam2,0.0,0.0,0.0
9097,rebounding,1,,,,,null,,,
9098,rebounding,1,,,,,null,,,
9099,rebounding,1,,,,,null,,,
9100,rebounding,1,773,302,22623,92.55,sam2,1.0,749.192,13.378
9101,rebounding,1,,,,,null,,,
9102,rebounding,1,,,,,null,,,
9103,rebounding,1,,,,,null,,,
9104,rebounding,1,773,302,22630,92.58,sam2,0.0,0.0,0.0
9105,rebounding,1,,,,,null,,,
9106,rebounding,1,,,,,null,,,
9107,rebounding,1,,,,,null,,,
9108,rebounding,1,773,302,22611,92.5,sam2,0.0,0.0,0.0
9109,rebounding,1,,,,,null,,,
9110,rebounding,1,,,,,null,,,
9111,rebounding,1,,,,,null,,,
9112,rebounding,1,773,303,22638,92.61,sam2,1.0,749.192,13.378
9113,rebounding,1,,,,,null,,,
9114,rebounding,1,,,,,null,,,
9115,rebounding,1,,,,,null,,,
9116,rebounding,1,773,303,22628,92.57,sam2,0.0,0.0,0.0
9117,rebounding,1,,,,,null,,,
9118,rebounding,1,,,,,null,,,
9119,rebounding,1,,,,,null,,,
9120,rebounding,1,773,303,22659,92.7,sam2,0.0,0.0,0.0
9121,rebounding,1,,,,,null,,,
9122,rebounding,1,,,,,null,,,
9123,rebounding,1,,,,,null,,,
9124,rebounding,1,773,302,22615,92.52,sam2,1.0,749.192,13.378
9125,rebounding,1,,,,,null,,,
9126,rebounding,1,,,,,null,,,
9127,rebounding,1,,,,,null,,,
9128,rebounding,1,773,303,22646,92.64,sam2,1.0,749.192,13.378
9129,rebounding,1,,,,,null,,,
9130,rebounding,1,,,,,null,,,
9131,rebounding,1,,,,,null,,,
9132,rebounding,1,773,303,22674,92.76,sam2,0.0,0.0,0.0
9133,rebounding,1,,,,,null,,,
9134,rebounding,1,,,,,null,,,
9135,rebounding,1,,,,,null,,,
9136,rebounding,1,773,303,22627,92.57,sam2,0.0,0.0,0.0
9137,rebounding,1,,,,,null,,,
9138,rebounding,1,,,,,null,,,
9139,rebounding,1,,,,,null,,,
9140,rebounding,1,773,303,22647,92.65,sam2,0.0,0.0,0.0
9141,rebounding,1,,,,,null,,,
9142,rebounding,1,,,,,null,,,
9143,rebounding,1,,,,,null,,,
9144,rebounding,1,773,302,22619,92.53,sam2,1.0,749.192,13.378
9145,rebounding,1,,,,,null,,,
9146,rebounding,1,,,,,null,,,
9147,rebounding,1,,,,,null,,,
9148,rebounding,1,773,303,22628,92.57,sam2,1.0,749.192,13.378
9149,rebounding,1,,,,,null,,,
9150,rebounding,1,,,,,null,,,
9151,rebounding,1,,,,,null,,,
9152,rebounding,1,773,303,22660,92.7,sam2,0.0,0.0,0.0
9153,rebounding,1,,,,,null,,,
9154,rebounding,1,,,,,null,,,
9155,rebounding,1,,,,,null,,,
9156,rebounding,1,773,303,22628,92.57,sam2,0.0,0.0,0.0
9157,rebounding,1,,,,,null,,,
9158,rebounding,1,,,,,null,,,
9159,rebounding,1,,,,,null,,,
9160,rebounding,1,773,303,22652,92.67,sam2,0.0,0.0,0.0
9161,rebounding,1,,,,,null,,,
9162,rebounding,1,,,,,null,,,
9163,rebounding,1,,,,,null,,,
9164,rebounding,1,773,303,22656,92.69,sam2,0.0,0.0,0.0
9165,rebounding,1,,,,,null,,,
9166,rebounding,1,,,,,null,,,
9167,rebounding,1,,,,,null,,,
9168,rebounding,1,773,303,22679,92.78,sam2,0.0,0.0,0.0
9169,rebounding,1,,,,,null,,,
9170,rebounding,1,,,,,null,,,
9171,rebounding,1,,,,,null,,,
9172,rebounding,1,773,303,22652,92.67,sam2,0.0,0.0,0.0
9173,rebounding,1,,,,,null,,,
9174,rebounding,1,,,,,null,,,
9175,rebounding,1,,,,,null,,,
9176,rebounding,1,773,303,22657,92.69,sam2,0.0,0.0,0.0
9177,rebounding,1,,,,,null,,,
9178,rebounding,1,,,,,null,,,
9179,rebounding,1,,,,,null,,,
9180,rebounding,1,773,303,22657,92.69,sam2,0.0,0.0,0.0
9181,rebounding,1,,,,,null,,,
9182,rebounding,1,,,,,null,,,
9183,rebounding,1,,,,,null,,,
9184,rebounding,1,773,303,22671,92.75,sam2,0.0,0.0,0.0
9185,rebounding,1,,,,,null,,,
9186,rebounding,1,,,,,null,,,
9187,rebounding,1,,,,,null,,,
9188,rebounding,1,773,303,22649,92.66,sam2,0.0,0.0,0.0
9189,rebounding,1,,,,,null,,,
9190,rebounding,1,,,,,null,,,
9191,rebounding,1,,,,,null,,,
9192,rebounding,1,773,303,22639,92.62,sam2,0.0,0.0,0.0
9193,rebounding,1,,,,,null,,,
9194,rebounding,1,,,,,null,,,
9195,rebounding,1,,,,,null,,,
9196,rebounding,1,773,303,22647,92.65,sam2,0.0,0.0,0.0
9197,rebounding,1,,,,,null,,,
9198,rebounding,1,,,,,null,,,
9199,rebounding,1,,,,,null,,,
9200,rebounding,1,773,303,22651,92.66,sam2,0.0,0.0,0.0
9201,rebounding,1,,,,,null,,,
9202,rebounding,1,,,,,null,,,
9203,rebounding,1,,,,,null,,,
9204,rebounding,1,773,303,22642,92.63,sam2,0.0,0.0,0.0
9205,rebounding,1,,,,,null,,,
9206,rebounding,1,,,,,null,,,
9207,rebounding,1,,,,,null,,,
9208,rebounding,1,773,303,22627,92.57,sam2,0.0,0.0,0.0
9209,rebounding,1,,,,,null,,,
9210,rebounding,1,,,,,null,,,
9211,rebounding,1,,,,,null,,,
9212,rebounding,1,773,303,22624,92.55,sam2,0.0,0.0,0.0
9213,rebounding,1,,,,,null,,,
9214,rebounding,1,,,,,null,,,
9215,rebounding,1,,,,,null,,,
9216,rebounding,1,773,303,22639,92.62,sam2,0.0,0.0,0.0
9217,rebounding,1,,,,,null,,,
9218,rebounding,1,,,,,null,,,
9219,rebounding,1,,,,,null,,,
9220,rebounding,1,773,303,22659,92.7,sam2,0.0,0.0,0.0
9221,rebounding,1,,,,,null,,,
9222,rebounding,1,,,,,null,,,
9223,rebounding,1,,,,,null,,,
9224,rebounding,1,773,303,22637,92.61,sam2,0.0,0.0,0.0
9225,rebounding,1,,,,,null,,,
9226,rebounding,1,,,,,null,,,
9227,rebounding,1,,,,,null,,,
9228,rebounding,1,773,303,22637,92.61,sam2,0.0,0.0,0.0
9229,rebounding,1,,,,,null,,,
9230,rebounding,1,,,,,null,,,
9231,rebounding,1,,,,,null,,,
9232,rebounding,1,773,303,22643,92.63,sam2,0.0,0.0,0.0
9233,rebounding,1,,,,,null,,,
9234,rebounding,1,,,,,null,,,
9235,rebounding,1,,,,,null,,,
9236,rebounding,1,773,303,22651,92.66,sam2,0.0,0.0,0.0
9237,rebounding,1,,,,,null,,,
9238,rebounding,1,,,,,null,,,
9239,rebounding,1,,,,,null,,,
9240,rebounding,1,773,303,22657,92.69,sam2,0.0,0.0,0.0
9241,rebounding,1,,,,,null,,,
9242,rebounding,1,,,,,null,,,
9243,rebounding,1,,,,,null,,,
9244,rebounding,1,773,303,22642,92.63,sam2,0.0,0.0,0.0
9245,rebounding,1,,,,,null,,,
9246,rebounding,1,,,,,null,,,
9247,rebounding,1,,,,,null,,,
9248,rebounding,1,773,303,22658,92.69,sam2,0.0,0.0,0.0
9249,rebounding,1,,,,,null,,,
9250,rebounding,1,,,,,null,,,
9251,rebounding,1,,,,,null,,,
9252,rebounding,1,773,303,22676,92.77,sam2,0.0,0.0,0.0
9253,rebounding,1,,,,,null,,,
9254,rebounding,1,,,,,null,,,
9255,rebounding,1,,,,,null,,,
9256,rebounding,1,773,303,22666,92.73,sam2,0.0,0.0,0.0
9257,rebounding,1,,,,,null,,,
9258,rebounding,1,,,,,null,,,
9259,rebounding,1,,,,,null,,,
9260,rebounding,1,773,303,22677,92.77,sam2,0.0,0.0,0.0
9261,rebounding,1,,,,,null,,,
9262,rebounding,1,,,,,null,,,
9263,rebounding,1,,,,,null,,,
9264,rebounding,1,773,302,22617,92.53,sam2,1.0,749.192,13.378
9265,rebounding,1,,,,,null,,,
9266,rebounding,1,,,,,null,,,
9267,rebounding,1,,,,,null,,,
9268,rebounding,1,773,303,22644,92.64,sam2,1.0,749.192,13.378
9269,rebounding,1,,,,,null,,,
9270,rebounding,1,,,,,null,,,
9271,rebounding,1,,,,,null,,,
9272,rebounding,1,773,303,22671,92.75,sam2,0.0,0.0,0.0
9273,rebounding,1,,,,,null,,,
9274,rebounding,1,,,,,null,,,
9275,rebounding,1,,,,,null,,,
9276,rebounding,1,773,302,22634,92.6,sam2,1.0,749.192,13.378
9277,rebounding,1,,,,,null,,,
9278,rebounding,1,,,,,null,,,
9279,rebounding,1,,,,,null,,,
9280,rebounding,1,773,302,22652,92.67,sam2,0.0,0.0,0.0
9281,rebounding,1,,,,,null,,,
9282,rebounding,1,,,,,null,,,
9283,rebounding,1,,,,,null,,,
9284,rebounding,1,773,302,22667,92.73,sam2,0.0,0.0,0.0
9285,rebounding,1,,,,,null,,,
9286,rebounding,1,,,,,null,,,
9287,rebounding,1,,,,,null,,,
9288,rebounding,1,773,302,22630,92.58,sam2,0.0,0.0,0.0
9289,rebounding,1,,,,,null,,,
9290,rebounding,1,,,,,null,,,
9291,rebounding,1,,,,,null,,,
9292,rebounding,1,773,302,22653,92.67,sam2,0.0,0.0,0.0
9293,rebounding,1,,,,,null,,,
9294,rebounding,1,,,,,null,,,
9295,rebounding,1,,,,,null,,,
9296,rebounding,1,773,302,22636,92.6,sam2,0.0,0.0,0.0
9297,rebounding,1,,,,,null,,,
9298,rebounding,1,,,,,null,,,
9299,rebounding,1,,,,,null,,,
9300,rebounding,1,773,302,22621,92.54,sam2,0.0,0.0,0.0
9301,rebounding,1,,,,,null,,,
9302,rebounding,1,,,,,null,,,
9303,rebounding,1,,,,,null,,,
9304,rebounding,1,773,302,22631,92.58,sam2,0.0,0.0,0.0
9305,rebounding,1,,,,,null,,,
9306,rebounding,1,,,,,null,,,
9307,rebounding,1,,,,,null,,,
9308,rebounding,1,773,303,22639,92.62,sam2,1.0,749.192,13.378
9309,rebounding,1,,,,,null,,,
9310,rebounding,1,,,,,null,,,
9311,rebounding,1,,,,,null,,,
9312,rebounding,1,773,303,22645,92.64,sam2,0.0,0.0,0.0
9313,rebounding,1,,,,,null,,,
9314,rebounding,1,,,,,null,,,
9315,rebounding,1,,,,,null,,,
9316,rebounding,1,773,303,22630,92.58,sam2,0.0,0.0,0.0
9317,rebounding,1,,,,,null,,,
9318,rebounding,1,,,,,null,,,
9319,rebounding,1,,,,,null,,,
9320,rebounding,1,773,303,22619,92.53,sam2,0.0,0.0,0.0
9321,rebounding,1,,,,,null,,,
9322,rebounding,1,,,,,null,,,
9323,rebounding,1,,,,,null,,,
9324,rebounding,1,773,302,22608,92.49,sam2,1.0,749.192,13.378
9325,rebounding,1,,,,,null,,,
9326,rebounding,1,,,,,null,,,
9327,rebounding,1,,,,,null,,,
9328,rebounding,1,773,303,22628,92.57,sam2,1.0,749.192,13.378
9329,rebounding,1,,,,,null,,,
9330,rebounding,1,,,,,null,,,
9331,rebounding,1,,,,,null,,,
9332,rebounding,1,773,303,22644,92.64,sam2,0.0,0.0,0.0
9333,rebounding,1,,,,,null,,,
9334,rebounding,1,,,,,null,,,
9335,rebounding,1,,,,,null,,,
9336,rebounding,1,773,303,22634,92.6,sam2,0.0,0.0,0.0
9337,rebounding,1,,,,,null,,,
9338,rebounding,1,,,,,null,,,
9339,rebounding,1,,,,,null,,,
9340,rebounding,1,773,303,22625,92.56,sam2,0.0,0.0,0.0
9341,rebounding,1,,,,,null,,,
9342,rebounding,1,,,,,null,,,
9343,rebounding,1,,,,,null,,,
9344,rebounding,1,773,303,22617,92.53,sam2,0.0,0.0,0.0
9345,rebounding,1,,,,,null,,,
9346,rebounding,1,,,,,null,,,
9347,rebounding,1,,,,,null,,,
9348,rebounding,1,773,303,22629,92.57,sam2,0.0,0.0,0.0
9349,rebounding,1,,,,,null,,,
9350,rebounding,1,,,,,null,,,
9351,rebounding,1,,,,,null,,,
9352,rebounding,1,773,303,22621,92.54,sam2,0.0,0.0,0.0
9353,rebounding,1,,,,,null,,,
9354,rebounding,1,,,,,null,,,
9355,rebounding,1,,,,,null,,,
9356,rebounding,1,773,303,22624,92.55,sam2,0.0,0.0,0.0
9357,rebounding,1,,,,,null,,,
9358,rebounding,1,,,,,null,,,
9359,rebounding,1,,,,,null,,,
9360,rebounding,1,773,303,22633,92.59,sam2,0.0,0.0,0.0
9361,rebounding,1,,,,,null,,,
9362,rebounding,1,,,,,null,,,
9363,rebounding,1,,,,,null,,,
9364,rebounding,1,773,303,22600,92.46,sam2,0.0,0.0,0.0
9365,rebounding,1,,,,,null,,,
9366,rebounding,1,,,,,null,,,
9367,rebounding,1,,,,,null,,,
9368,rebounding,1,773,303,22635,92.6,sam2,0.0,0.0,0.0
9369,rebounding,1,,,,,null,,,
9370,rebounding,1,,,,,null,,,
9371,rebounding,1,,,,,null,,,
9372,rebounding,1,773,303,22660,92.7,sam2,0.0,0.0,0.0
9373,rebounding,1,,,,,null,,,
9374,rebounding,1,,,,,null,,,
9375,rebounding,1,,,,,null,,,
9376,rebounding,1,773,303,22634,92.6,sam2,0.0,0.0,0.0
9377,rebounding,1,,,,,null,,,
9378,rebounding,1,,,,,null,,,
9379,rebounding,1,,,,,null,,,
9380,rebounding,1,773,303,22621,92.54,sam2,0.0,0.0,0.0
9381,rebounding,1,,,,,null,,,
9382,rebounding,1,,,,,null,,,
9383,rebounding,1,,,,,null,,,
9384,rebounding,1,773,302,22626,92.56,sam2,1.0,749.192,13.378
9385,rebounding,1,,,,,null,,,
9386,rebounding,1,,,,,null,,,
9387,rebounding,1,,,,,null,,,
9388,rebounding,1,773,303,22609,92.49,sam2,1.0,749.192,13.378
9389,rebounding,1,,,,,null,,,
9390,rebounding,1,,,,,null,,,
9391,rebounding,1,,,,,null,,,
9392,rebounding,1,773,303,22649,92.66,sam2,0.0,0.0,0.0
9393,rebounding,1,,,,,null,,,
9394,rebounding,1,,,,,null,,,
9395,rebounding,1,,,,,null,,,
9396,rebounding,1,773,303,22626,92.56,sam2,0.0,0.0,0.0
9397,rebounding,1,,,,,null,,,
9398,rebounding,1,,,,,null,,,
9399,rebounding,1,,,,,null,,,
9400,rebounding,1,773,303,22633,92.59,sam2,0.0,0.0,0.0
9401,rebounding,1,,,,,null,,,
9402,rebounding,1,,,,,null,,,
9403,rebounding,1,,,,,null,,,
9404,rebounding,1,773,302,22601,92.46,sam2,1.0,749.192,13.378
9405,rebounding,1,,,,,null,,,
9406,rebounding,1,,,,,null,,,
9407,rebounding,1,,,,,null,,,
9408,rebounding,1,773,303,22609,92.49,sam2,1.0,749.192,13.378
9409,rebounding,1,,,,,null,,,
9410,rebounding,1,,,,,null,,,
9411,rebounding,1,,,,,null,,,
9412,rebounding,1,773,303,22625,92.56,sam2,0.0,0.0,0.0
9413,rebounding,1,,,,,null,,,
9414,rebounding,1,,,,,null,,,
9415,rebounding,1,,,,,null,,,
9416,rebounding,1,773,303,22613,92.51,sam2,0.0,0.0,0.0
9417,rebounding,1,,,,,null,,,
9418,rebounding,1,,,,,null,,,
9419,rebounding,1,,,,,null,,,
9420,rebounding,1,773,303,22605,92.48,sam2,0.0,0.0,0.0
9421,rebounding,1,,,,,null,,,
9422,rebounding,1,,,,,null,,,
9423,rebounding,1,,,,,null,,,
9424,rebounding,1,773,303,22623,92.55,sam2,0.0,0.0,0.0
9425,rebounding,1,,,,,null,,,
9426,rebounding,1,,,,,null,,,
9427,rebounding,1,,,,,null,,,
9428,rebounding,1,773,303,22626,92.56,sam2,0.0,0.0,0.0
9429,rebounding,1,,,,,null,,,
9430,rebounding,1,,,,,null,,,
9431,rebounding,1,,,,,null,,,
9432,rebounding,1,773,303,22618,92.53,sam2,0.0,0.0,0.0
9433,rebounding,1,,,,,null,,,
9434,rebounding,1,,,,,null,,,
9435,rebounding,1,,,,,null,,,
9436,rebounding,1,773,303,22631,92.58,sam2,0.0,0.0,0.0
9437,rebounding,1,,,,,null,,,
9438,rebounding,1,,,,,null,,,
9439,rebounding,1,,,,,null,,,
9440,rebounding,1,773,303,22628,92.57,sam2,0.0,0.0,0.0
9441,rebounding,1,,,,,null,,,
9442,rebounding,1,,,,,null,,,
9443,rebounding,1,,,,,null,,,
9444,rebounding,1,773,303,22628,92.57,sam2,0.0,0.0,0.0
9445,rebounding,1,,,,,null,,,
9446,rebounding,1,,,,,null,,,
9447,rebounding,1,,,,,null,,,
9448,rebounding,1,773,303,22620,92.54,sam2,0.0,0.0,0.0
9449,rebounding,1,,,,,null,,,
9450,rebounding,1,,,,,null,,,
9451,rebounding,1,,,,,null,,,
9452,rebounding,1,773,303,22630,92.58,sam2,0.0,0.0,0.0
9453,rebounding,1,,,,,null,,,
9454,rebounding,1,,,,,null,,,
9455,rebounding,1,,,,,null,,,
9456,rebounding,1,773,303,22629,92.57,sam2,0.0,0.0,0.0
9457,rebounding,1,,,,,null,,,
9458,rebounding,1,,,,,null,,,
9459,rebounding,1,,,,,null,,,
9460,rebounding,1,773,303,22608,92.49,sam2,0.0,0.0,0.0
9461,rebounding,1,,,,,null,,,
9462,rebounding,1,,,,,null,,,
9463,rebounding,1,,,,,null,,,
9464,rebounding,1,773,302,22589,92.41,sam2,1.0,749.192,13.378
9465,rebounding,1,,,,,null,,,
9466,rebounding,1,,,,,null,,,
9467,rebounding,1,,,,,null,,,
9468,rebounding,1,773,303,22614,92.51,sam2,1.0,749.192,13.378
9469,rebounding,1,,,,,null,,,
9470,rebounding,1,,,,,null,,,
9471,rebounding,1,,,,,null,,,
9472,rebounding,1,773,303,22613,92.51,sam2,0.0,0.0,0.0
9473,rebounding,1,,,,,null,,,
9474,rebounding,1,,,,,null,,,
9475,rebounding,1,,,,,null,,,
9476,rebounding,1,773,303,22627,92.57,sam2,0.0,0.0,0.0
9477,rebounding,1,,,,,null,,,
9478,rebounding,1,,,,,null,,,
9479,rebounding,1,,,,,null,,,
9480,rebounding,1,773,303,22625,92.56,sam2,0.0,0.0,0.0
9481,rebounding,1,,,,,null,,,
9482,rebounding,1,,,,,null,,,
9483,rebounding,1,,,,,null,,,
9484,rebounding,1,773,303,22611,92.5,sam2,0.0,0.0,0.0
9485,rebounding,1,,,,,null,,,
9486,rebounding,1,,,,,null,,,
9487,rebounding,1,,,,,null,,,
9488,rebounding,1,773,303,22624,92.55,sam2,0.0,0.0,0.0
9489,rebounding,1,,,,,null,,,
9490,rebounding,1,,,,,null,,,
9491,rebounding,1,,,,,null,,,
9492,rebounding,1,773,303,22633,92.59,sam2,0.0,0.0,0.0
9493,rebounding,1,,,,,null,,,
9494,rebounding,1,,,,,null,,,
9495,rebounding,1,,,,,null,,,
9496,rebounding,1,773,303,22626,92.56,sam2,0.0,0.0,0.0
9497,rebounding,1,,,,,null,,,
9498,rebounding,1,,,,,null,,,
9499,rebounding,1,,,,,null,,,
9500,rebounding,1,773,303,22614,92.51,sam2,0.0,0.0,0.0
9501,rebounding,1,,,,,null,,,
9502,rebounding,1,,,,,null,,,
9503,rebounding,1,,,,,null,,,
9504,rebounding,1,773,303,22641,92.62,sam2,0.0,0.0,0.0
9505,rebounding,1,,,,,null,,,
9506,rebounding,1,,,,,null,,,
9507,rebounding,1,,,,,null,,,
9508,rebounding,1,773,303,22600,92.46,sam2,0.0,0.0,0.0
9509,rebounding,1,,,,,null,,,
9510,rebounding,1,,,,,null,,,
9511,rebounding,1,,,,,null,,,
9512,rebounding,1,773,303,22618,92.53,sam2,0.0,0.0,0.0
9513,rebounding,1,,,,,null,,,
9514,rebounding,1,,,,,null,,,
9515,rebounding,1,,,,,null,,,
9516,rebounding,1,773,303,22620,92.54,sam2,0.0,0.0,0.0
9517,rebounding,1,,,,,null,,,
9518,rebounding,1,,,,,null,,,
9519,rebounding,1,,,,,null,,,
9520,rebounding,1,773,303,22631,92.58,sam2,0.0,0.0,0.0
9521,rebounding,1,,,,,null,,,
9522,rebounding,1,,,,,null,,,
9523,rebounding,1,,,,,null,,,
9524,rebounding,1,773,303,22654,92.68,sam2,0.0,0.0,0.0
9525,rebounding,1,,,,,null,,,
9526,rebounding,1,,,,,null,,,
9527,rebounding,1,,,,,null,,,
9528,rebounding,1,773,303,22638,92.61,sam2,0.0,0.0,0.0
9529,rebounding,1,,,,,null,,,
9530,rebounding,1,,,,,null,,,
9531,rebounding,1,,,,,null,,,
9532,rebounding,1,773,303,22608,92.49,sam2,0.0,0.0,0.0
9533,rebounding,1,,,,,null,,,
9534,rebounding,1,,,,,null,,,
9535,rebounding,1,,,,,null,,,
9536,rebounding,1,773,303,22629,92.57,sam2,0.0,0.0,0.0
9537,rebounding,1,,,,,null,,,
9538,rebounding,1,,,,,null,,,
9539,rebounding,1,,,,,null,,,
9540,rebounding,1,773,303,22591,92.42,sam2,0.0,0.0,0.0
9541,rebounding,1,,,,,null,,,
9542,rebounding,1,,,,,null,,,
9543,rebounding,1,,,,,null,,,
9544,rebounding,1,773,303,22648,92.65,sam2,0.0,0.0,0.0
9545,rebounding,1,,,,,null,,,
9546,rebounding,1,,,,,null,,,
9547,rebounding,1,,,,,null,,,
9548,rebounding,1,773,303,22649,92.66,sam2,0.0,0.0,0.0
9549,rebounding,1,,,,,null,,,
9550,rebounding,1,,,,,null,,,
9551,rebounding,1,,,,,null,,,
9552,rebounding,1,773,303,22630,92.58,sam2,0.0,0.0,0.0
9553,rebounding,1,,,,,null,,,
9554,rebounding,1,,,,,null,,,
9555,rebounding,1,,,,,null,,,
9556,rebounding,1,773,303,22620,92.54,sam2,0.0,0.0,0.0
9557,rebounding,1,,,,,null,,,
9558,rebounding,1,,,,,null,,,
9559,rebounding,1,,,,,null,,,
9560,rebounding,1,773,303,22631,92.58,sam2,0.0,0.0,0.0
9561,rebounding,1,,,,,null,,,
9562,rebounding,1,,,,,null,,,
9563,rebounding,1,,,,,null,,,
9564,rebounding,1,773,303,22621,92.54,sam2,0.0,0.0,0.0
9565,rebounding,1,,,,,null,,,
9566,rebounding,1,,,,,null,,,
9567,rebounding,1,,,,,null,,,
9568,rebounding,1,773,303,22607,92.48,sam2,0.0,0.0,0.0
9569,rebounding,1,,,,,null,,,
9570,rebounding,1,,,,,null,,,
9571,rebounding,1,,,,,null,,,
9572,rebounding,1,773,303,22614,92.51,sam2,0.0,0.0,0.0
9573,rebounding,1,,,,,null,,,
9574,rebounding,1,,,,,null,,,
9575,rebounding,1,,,,,null,,,
9576,rebounding,1,773,303,22625,92.56,sam2,0.0,0.0,0.0
9577,rebounding,1,,,,,null,,,
9578,rebounding,1,,,,,null,,,
9579,rebounding,1,,,,,null,,,
9580,rebounding,1,773,303,22631,92.58,sam2,0.0,0.0,0.0
9581,rebounding,1,,,,,null,,,
9582,rebounding,1,,,,,null,,,
9583,rebounding,1,,,,,null,,,
9584,rebounding,1,773,303,22621,92.54,sam2,0.0,0.0,0.0
9585,rebounding,1,,,,,null,,,
9586,rebounding,1,,,,,null,,,
9587,rebounding,1,,,,,null,,,
9588,rebounding,1,773,303,22633,92.59,sam2,0.0,0.0,0.0
9589,rebounding,1,,,,,null,,,
9590,rebounding,1,,,,,null,,,
9591,rebounding,1,,,,,null,,,
9592,rebounding,1,773,303,22633,92.59,sam2,0.0,0.0,0.0
9593,rebounding,1,,,,,null,,,
9594,rebounding,1,,,,,null,,,
9595,rebounding,1,,,,,null,,,
9596,rebounding,1,773,303,22662,92.71,sam2,0.0,0.0,0.0
9597,rebounding,1,,,,,null,,,
9598,rebounding,1,,,,,null,,,
9599,rebounding,1,,,,,null,,,
9600,rebounding,1,773,302,22634,92.6,sam2,1.0,749.192,13.378
9601,rebounding,1,,,,,null,,,
9602,rebounding,1,,,,,null,,,
9603,rebounding,1,,,,,null,,,
9604,rebounding,1,773,303,22663,92.71,sam2,1.0,749.192,13.378
9605,rebounding,1,,,,,null,,,
9606,rebounding,1,,,,,null,,,
9607,rebounding,1,,,,,null,,,
9608,rebounding,1,773,303,22677,92.77,sam2,0.0,0.0,0.0
9609,rebounding,1,,,,,null,,,
9610,rebounding,1,,,,,null,,,
9611,rebounding,1,,,,,null,,,
9612,rebounding,1,773,303,22641,92.62,sam2,0.0,0.0,0.0
9613,rebounding,1,,,,,null,,,
9614,rebounding,1,,,,,null,,,
9615,rebounding,1,,,,,null,,,
9616,rebounding,1,773,302,22634,92.6,sam2,1.0,749.192,13.378
9617,rebounding,1,,,,,null,,,
9618,rebounding,1,,,,,null,,,
9619,rebounding,1,,,,,null,,,
9620,rebounding,1,773,303,22635,92.6,sam2,1.0,749.192,13.378
9621,rebounding,1,,,,,null,,,
9622,rebounding,1,,,,,null,,,
9623,rebounding,1,,,,,null,,,
9624,rebounding,1,773,303,22662,92.71,sam2,0.0,0.0,0.0
9625,rebounding,1,,,,,null,,,
9626,rebounding,1,,,,,null,,,
9627,rebounding,1,,,,,null,,,
9628,rebounding,1,773,303,22640,92.62,sam2,0.0,0.0,0.0
9629,rebounding,1,,,,,null,,,
9630,rebounding,1,,,,,null,,,
9631,rebounding,1,,,,,null,,,
9632,rebounding,1,773,303,22652,92.67,sam2,0.0,0.0,0.0
9633,rebounding,1,,,,,null,,,
9634,rebounding,1,,,,,null,,,
9635,rebounding,1,,,,,null,,,
9636,rebounding,1,773,302,22631,92.58,sam2,1.0,749.192,13.378
9637,rebounding,1,,,,,null,,,
9638,rebounding,1,,,,,null,,,
9639,rebounding,1,,,,,null,,,
9640,rebounding,1,773,303,22664,92.72,sam2,1.0,749.192,13.378
9641,rebounding,1,,,,,null,,,
9642,rebounding,1,,,,,null,,,
9643,rebounding,1,,,,,null,,,
9644,rebounding,1,773,303,22670,92.74,sam2,0.0,0.0,0.0
9645,rebounding,1,,,,,null,,,
9646,rebounding,1,,,,,null,,,
9647,rebounding,1,,,,,null,,,
9648,rebounding,1,773,302,22651,92.66,sam2,1.0,749.192,13.378
9649,rebounding,1,,,,,null,,,
9650,rebounding,1,,,,,null,,,
9651,rebounding,1,,,,,null,,,
9652,rebounding,1,773,303,22637,92.61,sam2,1.0,749.192,13.378
9653,rebounding,1,,,,,null,,,
9654,rebounding,1,,,,,null,,,
9655,rebounding,1,,,,,null,,,
9656,rebounding,1,773,302,22611,92.5,sam2,1.0,749.192,13.378
9657,rebounding,1,,,,,null,,,
9658,rebounding,1,,,,,null,,,
9659,rebounding,1,,,,,null,,,
9660,rebounding,1,773,303,22644,92.64,sam2,1.0,749.192,13.378
9661,rebounding,1,,,,,null,,,
9662,rebounding,1,,,,,null,,,
9663,rebounding,1,,,,,null,,,
9664,rebounding,1,773,303,22643,92.63,sam2,0.0,0.0,0.0
9665,rebounding,1,,,,,null,,,
9666,rebounding,1,,,,,null,,,
9667,rebounding,1,,,,,null,,,
9668,rebounding,1,773,302,22614,92.51,sam2,1.0,749.192,13.378
9669,rebounding,1,,,,,null,,,
9670,rebounding,1,,,,,null,,,
9671,rebounding,1,,,,,null,,,
9672,rebounding,1,773,303,22614,92.51,sam2,1.0,749.192,13.378
9673,rebounding,1,,,,,null,,,
9674,rebounding,1,,,,,null,,,
9675,rebounding,1,,,,,null,,,
9676,rebounding,1,773,303,22632,92.59,sam2,0.0,0.0,0.0
9677,rebounding,1,,,,,null,,,
9678,rebounding,1,,,,,null,,,
9679,rebounding,1,,,,,null,,,
9680,rebounding,1,773,303,22654,92.68,sam2,0.0,0.0,0.0
9681,rebounding,1,,,,,null,,,
9682,rebounding,1,,,,,null,,,
9683,rebounding,1,,,,,null,,,
9684,rebounding,1,773,303,22647,92.65,sam2,0.0,0.0,0.0
9685,rebounding,1,,,,,null,,,
9686,rebounding,1,,,,,null,,,
9687,rebounding,1,,,,,null,,,
9688,rebounding,1,773,303,22634,92.6,sam2,0.0,0.0,0.0
9689,rebounding,1,,,,,null,,,
9690,rebounding,1,,,,,null,,,
9691,rebounding,1,,,,,null,,,
9692,rebounding,1,773,303,22653,92.67,sam2,0.0,0.0,0.0
9693,rebounding,1,,,,,null,,,
9694,rebounding,1,,,,,null,,,
9695,rebounding,1,,,,,null,,,
9696,rebounding,1,773,303,22672,92.75,sam2,0.0,0.0,0.0
9697,rebounding,1,,,,,null,,,
9698,rebounding,1,,,,,null,,,
9699,rebounding,1,,,,,null,,,
9700,rebounding,1,773,303,22643,92.63,sam2,0.0,0.0,0.0
9701,rebounding,1,,,,,null,,,
9702,rebounding,1,,,,,null,,,
9703,rebounding,1,,,,,null,,,
9704,rebounding,1,773,303,22644,92.64,sam2,0.0,0.0,0.0
9705,rebounding,1,,,,,null,,,
9706,rebounding,1,,,,,null,,,
9707,rebounding,1,,,,,null,,,
9708,rebounding,1,773,302,22637,92.61,sam2,1.0,749.192,13.378
9709,rebounding,1,,,,,null,,,
9710,rebounding,1,,,,,null,,,
9711,rebounding,1,,,,,null,,,
9712,rebounding,1,773,303,22620,92.54,sam2,1.0,749.192,13.378
9713,rebounding,1,,,,,null,,,
9714,rebounding,1,,,,,null,,,
9715,rebounding,1,,,,,null,,,
9716,rebounding,1,773,303,22641,92.62,sam2,0.0,0.0,0.0
9717,rebounding,1,,,,,null,,,
9718,rebounding,1,,,,,null,,,
9719,rebounding,1,,,,,null,,,
9720,rebounding,1,773,303,22691,92.83,sam2,0.0,0.0,0.0
9721,rebounding,1,,,,,null,,,
9722,rebounding,1,,,,,null,,,
9723,rebounding,1,,,,,null,,,
9724,rebounding,1,773,303,22670,92.74,sam2,0.0,0.0,0.0
9725,rebounding,1,,,,,null,,,
9726,rebounding,1,,,,,null,,,
9727,rebounding,1,,,,,null,,,
9728,rebounding,1,773,303,22671,92.75,sam2,0.0,0.0,0.0
9729,rebounding,1,,,,,null,,,
9730,rebounding,1,,,,,null,,,
9731,rebounding,1,,,,,null,,,
9732,rebounding,1,773,303,22648,92.65,sam2,0.0,0.0,0.0
9733,rebounding,1,,,,,null,,,
9734,rebounding,1,,,,,null,,,
9735,rebounding,1,,,,,null,,,
9736,rebounding,1,773,303,22653,92.67,sam2,0.0,0.0,0.0
9737,rebounding,1,,,,,null,,,
9738,rebounding,1,,,,,null,,,
9739,rebounding,1,,,,,null,,,
9740,rebounding,1,773,303,22639,92.62,sam2,0.0,0.0,0.0
9741,rebounding,1,,,,,null,,,
9742,rebounding,1,,,,,null,,,
9743,rebounding,1,,,,,null,,,
9744,rebounding,1,773,303,22651,92.66,sam2,0.0,0.0,0.0
9745,rebounding,1,,,,,null,,,
9746,rebounding,1,,,,,null,,,
9747,rebounding,1,,,,,null,,,
9748,rebounding,1,773,303,22651,92.66,sam2,0.0,0.0,0.0
9749,rebounding,1,,,,,null,,,
9750,rebounding,1,,,,,null,,,
9751,rebounding,1,,,,,null,,,
9752,rebounding,1,773,303,22652,92.67,sam2,0.0,0.0,0.0
9753,rebounding,1,,,,,null,,,
9754,rebounding,1,,,,,null,,,
9755,rebounding,1,,,,,null,,,
9756,rebounding,1,773,303,22638,92.61,sam2,0.0,0.0,0.0
9757,rebounding,1,,,,,null,,,
9758,rebounding,1,,,,,null,,,
9759,rebounding,1,,,,,null,,,
9760,rebounding,1,773,303,22640,92.62,sam2,0.0,0.0,0.0
9761,rebounding,1,,,,,null,,,
9762,rebounding,1,,,,,null,,,
9763,rebounding,1,,,,,null,,,
9764,rebounding,1,773,303,22621,92.54,sam2,0.0,0.0,0.0
9765,rebounding,1,,,,,null,,,
9766,rebounding,1,,,,,null,,,
9767,rebounding,1,,,,,null,,,
9768,rebounding,1,773,303,22636,92.6,sam2,0.0,0.0,0.0
9769,rebounding,1,,,,,null,,,
9770,rebounding,1,,,,,null,,,
9771,rebounding,1,,,,,null,,,
9772,rebounding,1,773,302,22637,92.61,sam2,1.0,749.192,13.378
9773,rebounding,1,,,,,null,,,
9774,rebounding,1,,,,,null,,,
9775,rebounding,1,,,,,null,,,
9776,rebounding,1,773,303,22653,92.67,sam2,1.0,749.192,13.378
9777,rebounding,1,,,,,null,,,
9778,rebounding,1,,,,,null,,,
9779,rebounding,1,,,,,null,,,
9780,rebounding,1,773,303,22640,92.62,sam2,0.0,0.0,0.0
