frame,phase,drop_id,cx,cy,area_px,percentage,detection_method,distance_px,velocity_px_per_s,velocity_mm_s
1186,falling,1,12,86,18626,82.64,hough,,,
1187,falling,1,,,,,null,,,
1188,falling,1,615,197,26331,116.82,sam2,,,
1189,falling,1,,,,,null,,,
1190,falling,1,,,,,null,,,
1191,falling,1,,,,,null,,,
1192,falling,1,616,302,31854,141.33,sam2,105.005,78668.688,1404.798
1193,falling,1,,,,,null,,,
1194,falling,1,,,,,null,,,
1195,falling,1,,,,,null,,,
1196,falling,1,617,309,33672,149.39,sam2,7.071,5297.585,94.6
1197,falling,1,,,,,null,,,
1198,falling,1,,,,,null,,,
1199,falling,1,,,,,null,,,
1200,falling,1,619,309,41707,185.04,sam2,2.0,1498.383,26.757
1201,falling,1,,,,,null,,,
1202,falling,1,,,,,null,,,
1203,falling,1,,,,,null,,,
1204,falling,1,630,308,45108,200.13,sam2,11.045,8275.092,147.769
1205,falling,1,,,,,null,,,
1206,falling,1,,,,,null,,,
1207,falling,1,,,,,null,,,
1208,falling,1,770,326,10917,48.44,sam2,141.152,105750.195,1888.396
1208,falling,2,757,259,210,0.93,sam2,,,
1208,falling,3,800,258,71,0.32,sam2,,,
1209,falling,1,,,,,null,,,
1210,falling,1,,,,,null,,,
1211,falling,1,,,,,null,,,
1212,falling,1,715,305,20699,91.84,sam2,58.873,44106.967,787.624
1213,falling,1,,,,,null,,,
1214,falling,1,,,,,null,,,
1215,falling,1,,,,,null,,,
1216,falling,1,626,285,40692,180.54,sam2,91.22,68340.897,1220.373
1217,falling,1,,,,,null,,,
1218,falling,1,,,,,null,,,
1219,falling,1,,,,,null,,,
1220,falling,1,620,252,44963,199.49,sam2,33.541,25128.651,448.726
1221,falling,1,,,,,null,,,
1222,falling,1,,,,,null,,,
1223,falling,1,,,,,null,,,
1224,falling,1,613,233,46446,206.07,sam2,20.248,15169.974,270.892
1225,falling,1,,,,,null,,,
1226,falling,1,,,,,null,,,
1227,falling,1,,,,,null,,,
1228,falling,1,606,223,48207,213.88,sam2,12.207,9145.049,163.304
1229,falling,1,,,,,null,,,
1230,falling,1,,,,,null,,,
1231,falling,1,,,,,null,,,
1232,falling,1,600,219,47195,209.39,sam2,7.211,5402.498,96.473
1233,falling,1,,,,,null,,,
1234,falling,1,,,,,null,,,
1235,falling,1,,,,,null,,,
1236,falling,1,596,214,45783,203.13,sam2,6.403,4797.167,85.664
1237,falling,1,,,,,null,,,
1238,falling,1,,,,,null,,,
1239,falling,1,,,,,null,,,
1240,falling,1,593,209,43541,193.18,sam2,5.831,4368.5,78.009
1241,falling,1,,,,,null,,,
1242,falling,1,,,,,null,,,
1243,falling,1,,,,,null,,,
1244,falling,1,595,191,39247,174.13,sam2,18.111,13568.437,242.294
1245,falling,1,,,,,null,,,
1246,falling,1,,,,,null,,,
1247,falling,1,,,,,null,,,
1248,falling,1,595,179,35267,156.47,sam2,12.0,8990.299,160.541
1249,falling,1,,,,,null,,,
1250,falling,1,,,,,null,,,
1251,falling,1,,,,,null,,,
1252,falling,1,593,172,33770,149.83,sam2,7.28,5454.197,97.396
1253,falling,1,,,,,null,,,
1254,falling,1,,,,,null,,,
1255,falling,1,,,,,null,,,
1256,falling,1,591,175,36470,161.81,sam2,3.606,2701.249,48.237
1257,falling,1,,,,,null,,,
1258,falling,1,,,,,null,,,
1259,falling,1,,,,,null,,,
1260,falling,1,591,172,39056,173.28,sam2,3.0,2247.575,40.135
1261,falling,1,,,,,null,,,
1262,falling,1,,,,,null,,,
1263,falling,1,,,,,null,,,
1264,falling,1,592,164,40144,178.11,sam2,8.062,6040.176,107.86
1265,falling,1,,,,,null,,,
1266,falling,1,,,,,null,,,
1267,falling,1,,,,,null,,,
1268,falling,1,591,155,37022,164.26,sam2,9.055,6784.219,121.147
1269,falling,1,,,,,null,,,
1270,falling,1,,,,,null,,,
1271,falling,1,,,,,null,,,
1272,falling,1,593,153,33702,149.53,sam2,2.828,2119.034,37.84
1273,falling,1,,,,,null,,,
1274,falling,1,,,,,null,,,
1275,falling,1,,,,,null,,,
1276,falling,1,598,151,32188,142.81,sam2,5.385,4034.52,72.045
1277,falling,1,,,,,null,,,
1278,falling,1,,,,,null,,,
1279,falling,1,,,,,null,,,
1280,falling,1,601,149,32242,143.05,sam2,3.606,2701.249,48.237
1281,falling,1,,,,,null,,,
1282,falling,1,,,,,null,,,
1283,falling,1,,,,,null,,,
1284,falling,1,601,139,32385,143.68,sam2,10.0,7491.916,133.784
1285,falling,1,,,,,null,,,
1286,falling,1,,,,,null,,,
1287,falling,1,,,,,null,,,
1288,falling,1,600,137,33201,147.3,sam2,2.236,1675.243,29.915
1289,falling,1,,,,,null,,,
1290,falling,1,,,,,null,,,
1291,falling,1,,,,,null,,,
1292,falling,1,601,143,31398,139.31,sam2,6.083,4557.155,81.378
1293,falling,1,,,,,null,,,
1294,falling,1,,,,,null,,,
1295,falling,1,,,,,null,,,
1296,falling,1,604,148,31120,138.07,sam2,5.831,4368.5,78.009
1297,falling,1,,,,,null,,,
1298,falling,1,,,,,null,,,
1299,falling,1,,,,,null,,,
1300,falling,1,607,151,30653,136.0,sam2,4.243,3178.551,56.76
1301,falling,1,,,,,null,,,
1302,falling,1,,,,,null,,,
1303,falling,1,,,,,null,,,
1304,falling,1,606,138,26499,117.57,sam2,13.038,9768.264,174.433
1305,falling,1,,,,,null,,,
1306,falling,1,,,,,null,,,
1307,falling,1,,,,,null,,,
1308,falling,1,604,154,26729,118.59,sam2,16.125,12080.352,215.721
1308,falling,2,604,306,3422,15.18,sam2,160.056,4796.512,85.652
1309,falling,1,,,,,null,,,
1310,falling,1,,,,,null,,,
1311,falling,1,,,,,null,,,
1312,falling,1,603,171,28525,126.56,sam2,17.029,12758.274,227.826
1313,falling,1,,,,,null,,,
1314,falling,1,,,,,null,,,
1315,falling,1,,,,,null,,,
1316,falling,1,601,188,30238,134.16,sam2,17.117,12824.095,229.002
1317,falling,1,,,,,null,,,
1318,falling,1,,,,,null,,,
1319,falling,1,,,,,null,,,
1320,falling,1,601,205,31201,138.43,sam2,17.0,12736.258,227.433
1321,falling,1,,,,,null,,,
1322,falling,1,,,,,null,,,
1323,falling,1,,,,,null,,,
1324,falling,1,602,213,29151,129.34,sam2,8.062,6040.176,107.86
1325,falling,1,,,,,null,,,
1326,falling,1,,,,,null,,,
1327,falling,1,,,,,null,,,
1328,falling,1,605,221,26848,119.12,sam2,8.544,6401.096,114.305
1329,falling,1,,,,,null,,,
1330,falling,1,,,,,null,,,
1331,falling,1,,,,,null,,,
1332,falling,1,608,232,24690,109.54,sam2,11.402,8542.099,152.537
1333,falling,1,,,,,null,,,
1334,falling,1,,,,,null,,,
1335,falling,1,,,,,null,,,
1336,falling,1,607,243,21940,97.34,sam2,11.045,8275.092,147.769
1337,falling,1,,,,,null,,,
1338,falling,1,,,,,null,,,
1339,falling,1,,,,,null,,,
1340,falling,1,606,254,19294,85.6,sam2,11.045,8275.092,147.769
1341,falling,1,,,,,null,,,
1342,falling,1,,,,,null,,,
1343,falling,1,,,,,null,,,
1344,falling,1,603,259,18402,81.65,sam2,5.831,4368.5,78.009
1345,falling,1,,,,,null,,,
1346,falling,1,,,,,null,,,
1347,falling,1,,,,,null,,,
1348,falling,1,601,260,18990,84.25,sam2,2.236,1675.243,29.915
1349,falling,1,,,,,null,,,
1350,falling,1,,,,,null,,,
1351,falling,1,,,,,null,,,
1352,falling,1,602,260,18690,82.92,sam2,1.0,749.192,13.378
1353,falling,1,,,,,null,,,
1354,falling,1,,,,,null,,,
1355,falling,1,,,,,null,,,
1356,falling,1,601,256,19049,84.52,sam2,4.123,3088.996,55.161
1357,falling,1,,,,,null,,,
1358,falling,1,,,,,null,,,
1359,falling,1,,,,,null,,,
1360,falling,1,600,247,21003,93.19,sam2,9.055,6784.219,121.147
1361,falling,1,,,,,null,,,
1362,falling,1,,,,,null,,,
1363,falling,1,,,,,null,,,
1364,falling,1,604,239,22983,101.97,sam2,8.944,6700.974,119.66
1365,falling,1,,,,,null,,,
1366,falling,1,,,,,null,,,
1367,falling,1,,,,,null,,,
1368,falling,1,606,233,25195,111.78,sam2,6.325,4738.304,84.613
1369,falling,1,,,,,null,,,
1370,falling,1,,,,,null,,,
1371,falling,1,,,,,null,,,
1372,falling,1,606,229,26909,119.39,sam2,4.0,2996.766,53.514
1373,falling,1,,,,,null,,,
1374,falling,1,,,,,null,,,
1375,falling,1,,,,,null,,,
1376,falling,1,604,227,27390,121.52,sam2,2.828,2119.034,37.84
1377,falling,1,,,,,null,,,
1378,falling,1,,,,,null,,,
1379,falling,1,,,,,null,,,
1380,falling,1,602,227,27374,121.45,sam2,2.0,1498.383,26.757
1381,falling,1,,,,,null,,,
1382,falling,1,,,,,null,,,
1383,falling,1,,,,,null,,,
1384,falling,1,603,226,26657,118.27,sam2,1.414,1059.517,18.92
1385,falling,1,,,,,null,,,
1386,falling,1,,,,,null,,,
1387,falling,1,,,,,null,,,
1388,falling,1,605,231,25581,113.5,sam2,5.385,4034.52,72.045
1389,falling,1,,,,,null,,,
1390,falling,1,,,,,null,,,
1391,falling,1,,,,,null,,,
1392,falling,1,606,237,22910,101.65,sam2,6.083,4557.155,81.378
1393,falling,1,,,,,null,,,
1394,falling,1,,,,,null,,,
1395,falling,1,,,,,null,,,
1396,falling,1,606,247,20654,91.64,sam2,10.0,7491.916,133.784
1397,falling,1,,,,,null,,,
1398,falling,1,,,,,null,,,
1399,falling,1,,,,,null,,,
1400,falling,1,604,258,18701,82.97,sam2,11.18,8376.217,149.575
1401,falling,1,,,,,null,,,
1402,falling,1,,,,,null,,,
1403,falling,1,,,,,null,,,
1404,falling,1,603,261,18528,82.2,sam2,3.162,2369.152,42.306
1405,falling,1,,,,,null,,,
1406,falling,1,,,,,null,,,
1407,falling,1,,,,,null,,,
1408,falling,1,601,264,17992,79.83,sam2,3.606,2701.249,48.237
1409,falling,1,,,,,null,,,
1410,falling,1,,,,,null,,,
1411,falling,1,,,,,null,,,
1412,falling,1,600,264,18237,80.91,sam2,1.0,749.192,13.378
1413,falling,1,,,,,null,,,
1414,falling,1,,,,,null,,,
1415,falling,1,,,,,null,,,
1416,falling,1,600,257,19383,86.0,sam2,7.0,5244.341,93.649
1417,falling,1,,,,,null,,,
1418,falling,1,,,,,null,,,
1419,falling,1,,,,,null,,,
1420,falling,1,602,251,21044,93.37,sam2,6.325,4738.304,84.613
1421,falling,1,,,,,null,,,
1422,falling,1,,,,,null,,,
1423,falling,1,,,,,null,,,
1424,falling,1,603,244,22587,100.21,sam2,7.071,5297.585,94.6
1425,falling,1,,,,,null,,,
1426,falling,1,,,,,null,,,
1427,falling,1,,,,,null,,,
1428,falling,1,604,238,24284,107.74,sam2,6.083,4557.155,81.378
1429,falling,1,,,,,null,,,
1430,falling,1,,,,,null,,,
1431,falling,1,,,,,null,,,
1432,falling,1,605,233,25794,114.44,sam2,5.099,3820.143,68.217
1433,falling,1,,,,,null,,,
1434,falling,1,,,,,null,,,
1435,falling,1,,,,,null,,,
1436,falling,1,604,229,26914,119.41,sam2,4.123,3088.996,55.161
1437,falling,1,,,,,null,,,
1438,falling,1,,,,,null,,,
1439,falling,1,,,,,null,,,
1440,falling,1,603,229,26526,117.69,sam2,1.0,749.192,13.378
1441,falling,1,,,,,null,,,
1442,falling,1,,,,,null,,,
1443,falling,1,,,,,null,,,
1444,falling,1,603,233,25363,112.53,sam2,4.0,2996.766,53.514
1445,falling,1,,,,,null,,,
1446,falling,1,,,,,null,,,
1447,falling,1,,,,,null,,,
1448,falling,1,604,238,23174,102.82,sam2,5.099,3820.143,68.217
1449,falling,1,,,,,null,,,
1450,falling,1,,,,,null,,,
1451,falling,1,,,,,null,,,
1452,falling,1,605,245,20737,92.0,sam2,7.071,5297.585,94.6
1453,falling,1,,,,,null,,,
1454,falling,1,,,,,null,,,
1455,falling,1,,,,,null,,,
1456,falling,1,605,254,19693,87.37,sam2,9.0,6742.725,120.406
1457,falling,1,,,,,null,,,
1458,falling,1,,,,,null,,,
1459,falling,1,,,,,null,,,
1460,falling,1,605,260,18921,83.95,sam2,6.0,4495.15,80.271
1461,falling,1,,,,,null,,,
1462,falling,1,,,,,null,,,
1463,falling,1,,,,,null,,,
1464,falling,1,604,264,18333,81.34,sam2,4.123,3088.996,55.161
1465,falling,1,,,,,null,,,
1466,falling,1,,,,,null,,,
1467,falling,1,,,,,null,,,
1468,falling,1,602,264,18668,82.83,sam2,2.0,1498.383,26.757
1469,falling,1,,,,,null,,,
1470,falling,1,,,,,null,,,
1471,falling,1,,,,,null,,,
1472,falling,1,602,261,19351,85.86,sam2,3.0,2247.575,40.135
1473,falling,1,,,,,null,,,
1474,falling,1,,,,,null,,,
1475,falling,1,,,,,null,,,
1476,falling,1,602,255,20313,90.12,sam2,6.0,4495.15,80.271
1477,falling,1,,,,,null,,,
1478,falling,1,,,,,null,,,
1479,falling,1,,,,,null,,,
1480,falling,1,602,249,21749,96.49,sam2,6.0,4495.15,80.271
1481,falling,1,,,,,null,,,
1482,falling,1,,,,,null,,,
1483,falling,1,,,,,null,,,
1484,falling,1,603,242,23522,104.36,sam2,7.071,5297.585,94.6
1485,falling,1,,,,,null,,,
1486,falling,1,,,,,null,,,
1487,falling,1,,,,,null,,,
1488,falling,1,603,236,24763,109.87,sam2,6.0,4495.15,80.271
1489,falling,1,,,,,null,,,
1490,falling,1,,,,,null,,,
1491,falling,1,,,,,null,,,
1492,falling,1,604,232,25448,112.91,sam2,4.123,3088.996,55.161
1493,falling,1,,,,,null,,,
1494,falling,1,,,,,null,,,
1495,falling,1,,,,,null,,,
1496,falling,1,603,231,24954,110.71,sam2,1.414,1059.517,18.92
1497,falling,1,,,,,null,,,
1498,falling,1,,,,,null,,,
1499,falling,1,,,,,null,,,
1500,falling,1,602,234,23904,106.06,sam2,3.162,2369.152,42.306
1501,falling,1,,,,,null,,,
1502,falling,1,,,,,null,,,
1503,falling,1,,,,,null,,,
1504,falling,1,602,239,22846,101.36,sam2,5.0,3745.958,66.892
1505,falling,1,,,,,null,,,
1506,falling,1,,,,,null,,,
1507,falling,1,,,,,null,,,
1508,falling,1,603,245,21971,97.48,sam2,6.083,4557.155,81.378
1509,falling,1,,,,,null,,,
1510,falling,1,,,,,null,,,
1511,falling,1,,,,,null,,,
1512,falling,1,604,252,20911,92.78,sam2,7.071,5297.585,94.6
1513,falling,1,,,,,null,,,
1514,falling,1,,,,,null,,,
1515,falling,1,,,,,null,,,
1516,falling,1,604,257,19780,87.76,sam2,5.0,3745.958,66.892
1517,falling,1,,,,,null,,,
1518,falling,1,,,,,null,,,
1519,falling,1,,,,,null,,,
1520,falling,1,604,262,19098,84.73,sam2,5.0,3745.958,66.892
1521,falling,1,,,,,null,,,
1522,falling,1,,,,,null,,,
1523,falling,1,,,,,null,,,
1524,falling,1,604,263,18764,83.25,sam2,1.0,749.192,13.378
1525,falling,1,,,,,null,,,
1526,falling,1,,,,,null,,,
1527,falling,1,,,,,null,,,
1528,falling,1,603,261,19212,85.24,sam2,2.236,1675.243,29.915
1529,falling,1,,,,,null,,,
1530,falling,1,,,,,null,,,
1531,falling,1,,,,,null,,,
1532,falling,1,602,257,19827,87.97,sam2,4.123,3088.996,55.161
1533,falling,1,,,,,null,,,
1534,falling,1,,,,,null,,,
1535,falling,1,,,,,null,,,
1536,falling,1,602,250,21372,94.82,sam2,7.0,5244.341,93.649
1537,falling,1,,,,,null,,,
1538,falling,1,,,,,null,,,
1539,falling,1,,,,,null,,,
1540,falling,1,603,243,22583,100.2,sam2,7.071,5297.585,94.6
1541,falling,1,,,,,null,,,
1542,falling,1,,,,,null,,,
1543,falling,1,,,,,null,,,
1544,falling,1,604,237,23403,103.83,sam2,6.083,4557.155,81.378
1545,falling,1,,,,,null,,,
1546,falling,1,,,,,null,,,
1547,falling,1,,,,,null,,,
1548,falling,1,604,235,24117,107.0,sam2,2.0,1498.383,26.757
1549,falling,1,,,,,null,,,
1550,falling,1,,,,,null,,,
1551,falling,1,,,,,null,,,
1552,falling,1,604,234,24263,107.65,sam2,1.0,749.192,13.378
1553,falling,1,,,,,null,,,
1554,falling,1,,,,,null,,,
1555,falling,1,,,,,null,,,
1556,falling,1,603,235,24084,106.85,sam2,1.414,1059.517,18.92
1557,falling,1,,,,,null,,,
1558,falling,1,,,,,null,,,
1559,falling,1,,,,,null,,,
1560,falling,1,603,238,23632,104.85,sam2,3.0,2247.575,40.135
1561,falling,1,,,,,null,,,
1562,falling,1,,,,,null,,,
1563,falling,1,,,,,null,,,
1564,falling,1,602,244,23149,102.71,sam2,6.083,4557.155,81.378
1565,falling,1,,,,,null,,,
1566,falling,1,,,,,null,,,
1567,falling,1,,,,,null,,,
1568,falling,1,603,250,21757,96.53,sam2,6.083,4557.155,81.378
1569,falling,1,,,,,null,,,
1570,falling,1,,,,,null,,,
1571,falling,1,,,,,null,,,
1572,falling,1,603,256,20196,89.6,sam2,6.0,4495.15,80.271
1573,falling,1,,,,,null,,,
1574,falling,1,,,,,null,,,
1575,falling,1,,,,,null,,,
1576,falling,1,603,261,19226,85.3,sam2,5.0,3745.958,66.892
1577,falling,1,,,,,null,,,
1578,falling,1,,,,,null,,,
1579,falling,1,,,,,null,,,
1580,falling,1,604,263,18654,82.76,sam2,2.236,1675.243,29.915
1581,falling,1,,,,,null,,,
1582,falling,1,,,,,null,,,
1583,falling,1,,,,,null,,,
1584,falling,1,604,261,18671,82.84,sam2,2.0,1498.383,26.757
1585,falling,1,,,,,null,,,
1586,falling,1,,,,,null,,,
1587,falling,1,,,,,null,,,
1588,falling,1,603,257,19485,86.45,sam2,4.123,3088.996,55.161
1589,falling,1,,,,,null,,,
1590,falling,1,,,,,null,,,
1591,falling,1,,,,,null,,,
1592,falling,1,603,252,20550,91.18,sam2,5.0,3745.958,66.892
1593,falling,1,,,,,null,,,
1594,falling,1,,,,,null,,,
1595,falling,1,,,,,null,,,
1596,falling,1,604,246,21522,95.49,sam2,6.083,4557.155,81.378
1597,falling,1,,,,,null,,,
1598,falling,1,,,,,null,,,
1599,falling,1,,,,,null,,,
1600,falling,1,604,242,22540,100.0,sam2,4.0,2996.766,53.514
1601,falling,1,,,,,null,,,
1602,falling,1,,,,,null,,,
1603,falling,1,,,,,null,,,
1604,falling,1,604,238,23813,105.65,sam2,4.0,2996.766,53.514
1605,falling,1,,,,,null,,,
1606,falling,1,,,,,null,,,
1607,falling,1,,,,,null,,,
1608,falling,1,604,236,24584,109.07,sam2,2.0,1498.383,26.757
1609,falling,1,,,,,null,,,
1610,falling,1,,,,,null,,,
1611,falling,1,,,,,null,,,
1612,falling,1,604,236,25032,111.06,sam2,0.0,0.0,0.0
1613,falling,1,,,,,null,,,
1614,falling,1,,,,,null,,,
1615,falling,1,,,,,null,,,
1616,falling,1,604,239,24392,108.22,sam2,3.0,2247.575,40.135
1617,falling,1,,,,,null,,,
1618,falling,1,,,,,null,,,
1619,falling,1,,,,,null,,,
1620,falling,1,603,245,23313,103.43,sam2,6.083,4557.155,81.378
1621,falling,1,,,,,null,,,
1622,falling,1,,,,,null,,,
1623,falling,1,,,,,null,,,
1624,falling,1,603,250,21816,96.79,sam2,5.0,3745.958,66.892
1625,falling,1,,,,,null,,,
1626,falling,1,,,,,null,,,
1627,falling,1,,,,,null,,,
1628,falling,1,602,256,20271,89.94,sam2,6.083,4557.155,81.378
1629,falling,1,,,,,null,,,
1630,falling,1,,,,,null,,,
1631,falling,1,,,,,null,,,
1632,falling,1,602,260,19088,84.69,sam2,4.0,2996.766,53.514
1633,falling,1,,,,,null,,,
1634,falling,1,,,,,null,,,
1635,falling,1,,,,,null,,,
1636,falling,1,602,262,18673,82.85,sam2,2.0,1498.383,26.757
1637,falling,1,,,,,null,,,
1638,falling,1,,,,,null,,,
1639,falling,1,,,,,null,,,
1640,falling,1,602,261,18423,81.74,sam2,1.0,749.192,13.378
1641,falling,1,,,,,null,,,
1642,falling,1,,,,,null,,,
1643,falling,1,,,,,null,,,
1644,falling,1,602,258,18878,83.76,sam2,3.0,2247.575,40.135
1645,falling,1,,,,,null,,,
1646,falling,1,,,,,null,,,
1647,falling,1,,,,,null,,,
1648,falling,1,603,254,19886,88.23,sam2,4.123,3088.996,55.161
1649,falling,1,,,,,null,,,
1650,falling,1,,,,,null,,,
1651,falling,1,,,,,null,,,
1652,falling,1,603,249,21136,93.78,sam2,5.0,3745.958,66.892
1653,falling,1,,,,,null,,,
1654,falling,1,,,,,null,,,
1655,falling,1,,,,,null,,,
1656,falling,1,603,243,22367,99.24,sam2,6.0,4495.15,80.271
1657,falling,1,,,,,null,,,
1658,falling,1,,,,,null,,,
1659,falling,1,,,,,null,,,
1660,falling,1,603,239,23862,105.87,sam2,4.0,2996.766,53.514
1661,falling,1,,,,,null,,,
1662,falling,1,,,,,null,,,
1663,falling,1,,,,,null,,,
1664,falling,1,603,237,24788,109.98,sam2,2.0,1498.383,26.757
1665,falling,1,,,,,null,,,
1666,falling,1,,,,,null,,,
1667,falling,1,,,,,null,,,
1668,falling,1,603,238,24919,110.56,sam2,1.0,749.192,13.378
1669,falling,1,,,,,null,,,
1670,falling,1,,,,,null,,,
1671,falling,1,,,,,null,,,
1672,falling,1,603,241,24551,108.93,sam2,3.0,2247.575,40.135
1673,falling,1,,,,,null,,,
1674,falling,1,,,,,null,,,
1675,falling,1,,,,,null,,,
1676,falling,1,603,245,23178,102.84,sam2,4.0,2996.766,53.514
1677,falling,1,,,,,null,,,
1678,falling,1,,,,,null,,,
1679,falling,1,,,,,null,,,
1680,falling,1,604,250,21881,97.08,sam2,5.099,3820.143,68.217
1681,falling,1,,,,,null,,,
1682,falling,1,,,,,null,,,
1683,falling,1,,,,,null,,,
1684,falling,1,604,255,20476,90.85,sam2,5.0,3745.958,66.892
1685,falling,1,,,,,null,,,
1686,falling,1,,,,,null,,,
1687,falling,1,,,,,null,,,
1688,falling,1,603,259,19376,85.97,sam2,4.123,3088.996,55.161
1689,falling,1,,,,,null,,,
1690,falling,1,,,,,null,,,
1691,falling,1,,,,,null,,,
1692,falling,1,603,261,18312,81.25,sam2,2.0,1498.383,26.757
1693,falling,1,,,,,null,,,
1694,falling,1,,,,,null,,,
1695,falling,1,,,,,null,,,
1696,falling,1,603,261,18298,81.18,sam2,0.0,0.0,0.0
1697,falling,1,,,,,null,,,
1698,falling,1,,,,,null,,,
1699,falling,1,,,,,null,,,
1700,falling,1,603,259,18645,82.72,sam2,2.0,1498.383,26.757
1701,falling,1,,,,,null,,,
1702,falling,1,,,,,null,,,
1703,falling,1,,,,,null,,,
1704,falling,1,603,255,19734,87.55,sam2,4.0,2996.766,53.514
1705,falling,1,,,,,null,,,
1706,falling,1,,,,,null,,,
1707,falling,1,,,,,null,,,
1708,falling,1,603,250,21078,93.52,sam2,5.0,3745.958,66.892
1709,falling,1,,,,,null,,,
1710,falling,1,,,,,null,,,
1711,falling,1,,,,,null,,,
1712,falling,1,603,245,22494,99.8,sam2,5.0,3745.958,66.892
1713,falling,1,,,,,null,,,
1714,falling,1,,,,,null,,,
1715,falling,1,,,,,null,,,
1716,falling,1,603,241,23922,106.14,sam2,4.0,2996.766,53.514
1717,falling,1,,,,,null,,,
1718,falling,1,,,,,null,,,
1719,falling,1,,,,,null,,,
1720,falling,1,604,240,24792,110.0,sam2,1.414,1059.517,18.92
1721,falling,1,,,,,null,,,
1722,falling,1,,,,,null,,,
1723,falling,1,,,,,null,,,
1724,falling,1,603,240,24969,110.78,sam2,1.0,749.192,13.378
1725,falling,1,,,,,null,,,
1726,falling,1,,,,,null,,,
1727,falling,1,,,,,null,,,
1728,falling,1,603,242,24477,108.6,sam2,2.0,1498.383,26.757
1729,falling,1,,,,,null,,,
1730,falling,1,,,,,null,,,
1731,falling,1,,,,,null,,,
1732,falling,1,603,245,23466,104.11,sam2,3.0,2247.575,40.135
1733,falling,1,,,,,null,,,
1734,falling,1,,,,,null,,,
1735,falling,1,,,,,null,,,
1736,falling,1,602,249,21976,97.5,sam2,4.123,3088.996,55.161
1737,falling,1,,,,,null,,,
1738,falling,1,,,,,null,,,
1739,falling,1,,,,,null,,,
1740,falling,1,602,254,20538,91.12,sam2,5.0,3745.958,66.892
1741,falling,1,,,,,null,,,
1742,falling,1,,,,,null,,,
1743,falling,1,,,,,null,,,
1744,falling,1,603,258,19249,85.4,sam2,4.123,3088.996,55.161
1745,falling,1,,,,,null,,,
1746,falling,1,,,,,null,,,
1747,falling,1,,,,,null,,,
1748,falling,1,603,261,18419,81.72,sam2,3.0,2247.575,40.135
1749,falling,1,,,,,null,,,
1750,falling,1,,,,,null,,,
1751,falling,1,,,,,null,,,
1752,falling,1,603,261,18335,81.35,sam2,0.0,0.0,0.0
1753,falling,1,,,,,null,,,
1754,falling,1,,,,,null,,,
1755,falling,1,,,,,null,,,
1756,falling,1,603,258,18659,82.79,sam2,3.0,2247.575,40.135
1757,falling,1,,,,,null,,,
1758,falling,1,,,,,null,,,
1759,falling,1,,,,,null,,,
1760,falling,1,603,255,19793,87.82,sam2,3.0,2247.575,40.135
1761,falling,1,,,,,null,,,
1762,falling,1,,,,,null,,,
1763,falling,1,,,,,null,,,
1764,falling,1,603,250,20961,93.0,sam2,5.0,3745.958,66.892
1765,falling,1,,,,,null,,,
1766,falling,1,,,,,null,,,
1767,falling,1,,,,,null,,,
1768,falling,1,603,247,22374,99.27,sam2,3.0,2247.575,40.135
1769,falling,1,,,,,null,,,
1770,falling,1,,,,,null,,,
1771,falling,1,,,,,null,,,
1772,falling,1,603,243,23523,104.37,sam2,4.0,2996.766,53.514
1773,falling,1,,,,,null,,,
1774,falling,1,,,,,null,,,
1775,falling,1,,,,,null,,,
1776,falling,1,603,242,24749,109.81,sam2,1.0,749.192,13.378
1777,falling,1,,,,,null,,,
1778,falling,1,,,,,null,,,
1779,falling,1,,,,,null,,,
1780,falling,1,603,241,25025,111.03,sam2,1.0,749.192,13.378
1781,falling,1,,,,,null,,,
1782,falling,1,,,,,null,,,
1783,falling,1,,,,,null,,,
1784,falling,1,603,242,24546,108.9,sam2,1.0,749.192,13.378
1785,falling,1,,,,,null,,,
1786,falling,1,,,,,null,,,
1787,falling,1,,,,,null,,,
1788,falling,1,603,245,23237,103.1,sam2,3.0,2247.575,40.135
1789,falling,1,,,,,null,,,
1790,falling,1,,,,,null,,,
1791,falling,1,,,,,null,,,
1792,falling,1,603,249,21854,96.96,sam2,4.0,2996.766,53.514
1793,falling,1,,,,,null,,,
1794,falling,1,,,,,null,,,
1795,falling,1,,,,,null,,,
1796,falling,1,603,253,20330,90.2,sam2,4.0,2996.766,53.514
1797,falling,1,,,,,null,,,
1798,falling,1,,,,,null,,,
1799,falling,1,,,,,null,,,
1800,falling,1,602,257,19294,85.6,sam2,4.123,3088.996,55.161
1801,falling,1,,,,,null,,,
1802,falling,1,,,,,null,,,
1803,falling,1,,,,,null,,,
1804,falling,1,602,259,18660,82.79,sam2,2.0,1498.383,26.757
1805,falling,1,,,,,null,,,
1806,falling,1,,,,,null,,,
1807,falling,1,,,,,null,,,
1808,falling,1,602,260,18446,81.84,sam2,1.0,749.192,13.378
1809,falling,1,,,,,null,,,
1810,falling,1,,,,,null,,,
1811,falling,1,,,,,null,,,
1812,falling,1,603,258,18920,83.94,sam2,2.236,1675.243,29.915
1813,falling,1,,,,,null,,,
1814,falling,1,,,,,null,,,
1815,falling,1,,,,,null,,,
1816,falling,1,603,255,19817,87.92,sam2,3.0,2247.575,40.135
1817,falling,1,,,,,null,,,
1818,falling,1,,,,,null,,,
1819,falling,1,,,,,null,,,
1820,falling,1,604,252,21015,93.24,sam2,3.162,2369.152,42.306
1821,falling,1,,,,,null,,,
1822,falling,1,,,,,null,,,
1823,falling,1,,,,,null,,,
1824,falling,1,604,248,22440,99.56,sam2,4.0,2996.766,53.514
1825,falling,1,,,,,null,,,
1826,falling,1,,,,,null,,,
1827,falling,1,,,,,null,,,
1828,falling,1,603,244,23651,104.93,sam2,4.123,3088.996,55.161
1829,falling,1,,,,,null,,,
1830,falling,1,,,,,null,,,
1831,falling,1,,,,,null,,,
1832,falling,1,603,242,24458,108.51,sam2,2.0,1498.383,26.757
1833,falling,1,,,,,null,,,
1834,falling,1,,,,,null,,,
1835,falling,1,,,,,null,,,
1836,falling,1,603,242,24675,109.48,sam2,0.0,0.0,0.0
1837,falling,1,,,,,null,,,
1838,falling,1,,,,,null,,,
1839,falling,1,,,,,null,,,
1840,falling,1,603,243,24118,107.01,sam2,1.0,749.192,13.378
1841,falling,1,,,,,null,,,
1842,falling,1,,,,,null,,,
1843,falling,1,,,,,null,,,
1844,falling,1,603,246,23025,102.16,sam2,3.0,2247.575,40.135
1845,falling,1,,,,,null,,,
1846,falling,1,,,,,null,,,
1847,falling,1,,,,,null,,,
1848,falling,1,604,249,21665,96.12,sam2,3.162,2369.152,42.306
1849,falling,1,,,,,null,,,
1850,falling,1,,,,,null,,,
1851,falling,1,,,,,null,,,
1852,falling,1,603,253,20621,91.49,sam2,4.123,3088.996,55.161
1853,falling,1,,,,,null,,,
1854,falling,1,,,,,null,,,
1855,falling,1,,,,,null,,,
1856,falling,1,603,256,19676,87.3,sam2,3.0,2247.575,40.135
1857,falling,1,,,,,null,,,
1858,falling,1,,,,,null,,,
1859,falling,1,,,,,null,,,
1860,falling,1,602,258,18942,84.04,sam2,2.236,1675.243,29.915
1861,falling,1,,,,,null,,,
1862,falling,1,,,,,null,,,
1863,falling,1,,,,,null,,,
1864,falling,1,602,260,18886,83.79,sam2,2.0,1498.383,26.757
1865,falling,1,,,,,null,,,
1866,falling,1,,,,,null,,,
1867,falling,1,,,,,null,,,
1868,falling,1,602,259,19283,85.55,sam2,1.0,749.192,13.378
1869,falling,1,,,,,null,,,
1870,falling,1,,,,,null,,,
1871,falling,1,,,,,null,,,
1872,falling,1,602,256,20051,88.96,sam2,3.0,2247.575,40.135
1873,falling,1,,,,,null,,,
1874,falling,1,,,,,null,,,
1875,falling,1,,,,,null,,,
1876,falling,1,603,252,21242,94.25,sam2,4.123,3088.996,55.161
1877,falling,1,,,,,null,,,
1878,falling,1,,,,,null,,,
1879,falling,1,,,,,null,,,
1880,falling,1,603,248,22464,99.67,sam2,4.0,2996.766,53.514
1881,falling,1,,,,,null,,,
1882,falling,1,,,,,null,,,
1883,falling,1,,,,,null,,,
1884,falling,1,603,245,23490,104.22,sam2,3.0,2247.575,40.135
1885,falling,1,,,,,null,,,
1886,falling,1,,,,,null,,,
1887,falling,1,,,,,null,,,
1888,falling,1,603,243,24095,106.9,sam2,2.0,1498.383,26.757
1889,falling,1,,,,,null,,,
1890,falling,1,,,,,null,,,
1891,falling,1,,,,,null,,,
1892,falling,1,603,243,24200,107.37,sam2,0.0,0.0,0.0
1893,falling,1,,,,,null,,,
1894,falling,1,,,,,null,,,
1895,falling,1,,,,,null,,,
1896,falling,1,603,243,23614,104.77,sam2,0.0,0.0,0.0
1897,falling,1,,,,,null,,,
1898,falling,1,,,,,null,,,
1899,falling,1,,,,,null,,,
1900,falling,1,603,246,22890,101.56,sam2,3.0,2247.575,40.135
1901,falling,1,,,,,null,,,
1902,falling,1,,,,,null,,,
1903,falling,1,,,,,null,,,
1904,falling,1,603,249,21766,96.57,sam2,3.0,2247.575,40.135
1905,falling,1,,,,,null,,,
1906,falling,1,,,,,null,,,
1907,falling,1,,,,,null,,,
1908,falling,1,603,253,20933,92.87,sam2,4.0,2996.766,53.514
1909,falling,1,,,,,null,,,
1910,falling,1,,,,,null,,,
1911,falling,1,,,,,null,,,
1912,falling,1,603,256,19915,88.36,sam2,3.0,2247.575,40.135
1913,falling,1,,,,,null,,,
1914,falling,1,,,,,null,,,
1915,falling,1,,,,,null,,,
1916,falling,1,603,258,19389,86.02,sam2,2.0,1498.383,26.757
1917,falling,1,,,,,null,,,
1918,falling,1,,,,,null,,,
1919,falling,1,,,,,null,,,
1920,falling,1,603,259,19218,85.27,sam2,1.0,749.192,13.378
1921,falling,1,,,,,null,,,
1922,falling,1,,,,,null,,,
1923,falling,1,,,,,null,,,
1924,falling,1,603,258,19533,86.66,sam2,1.0,749.192,13.378
1925,falling,1,,,,,null,,,
1926,falling,1,,,,,null,,,
1927,falling,1,,,,,null,,,
1928,falling,1,603,255,20231,89.76,sam2,3.0,2247.575,40.135
1929,falling,1,,,,,null,,,
1930,falling,1,,,,,null,,,
1931,falling,1,,,,,null,,,
1932,falling,1,603,252,21246,94.26,sam2,3.0,2247.575,40.135
1933,falling,1,,,,,null,,,
1934,falling,1,,,,,null,,,
1935,falling,1,,,,,null,,,
1936,falling,1,603,249,22268,98.8,sam2,3.0,2247.575,40.135
1937,falling,1,,,,,null,,,
1938,falling,1,,,,,null,,,
1939,falling,1,,,,,null,,,
1940,falling,1,603,246,23231,103.07,sam2,3.0,2247.575,40.135
1941,falling,1,,,,,null,,,
1942,falling,1,,,,,null,,,
1943,falling,1,,,,,null,,,
1944,falling,1,604,244,23725,105.26,sam2,2.236,1675.243,29.915
1945,falling,1,,,,,null,,,
1946,falling,1,,,,,null,,,
1947,falling,1,,,,,null,,,
1948,falling,1,604,243,23965,106.33,sam2,1.0,749.192,13.378
1949,falling,1,,,,,null,,,
1950,falling,1,,,,,null,,,
1951,falling,1,,,,,null,,,
1952,falling,1,604,244,23584,104.64,sam2,1.0,749.192,13.378
1953,falling,1,,,,,null,,,
1954,falling,1,,,,,null,,,
1955,falling,1,,,,,null,,,
1956,falling,1,603,245,22698,100.71,sam2,1.414,1059.517,18.92
1957,falling,1,,,,,null,,,
1958,falling,1,,,,,null,,,
1959,falling,1,,,,,null,,,
1960,falling,1,603,248,21806,96.75,sam2,3.0,2247.575,40.135
1961,falling,1,,,,,null,,,
1962,falling,1,,,,,null,,,
1963,falling,1,,,,,null,,,
1964,falling,1,603,252,20882,92.65,sam2,4.0,2996.766,53.514
1965,falling,1,,,,,null,,,
1966,falling,1,,,,,null,,,
1967,falling,1,,,,,null,,,
1968,falling,1,603,255,20126,89.29,sam2,3.0,2247.575,40.135
1969,falling,1,,,,,null,,,
1970,falling,1,,,,,null,,,
1971,falling,1,,,,,null,,,
1972,falling,1,603,257,19699,87.4,sam2,2.0,1498.383,26.757
1973,falling,1,,,,,null,,,
1974,falling,1,,,,,null,,,
1975,falling,1,,,,,null,,,
1976,falling,1,603,258,19461,86.34,sam2,1.0,749.192,13.378
1977,falling,1,,,,,null,,,
1978,falling,1,,,,,null,,,
1979,falling,1,,,,,null,,,
1980,falling,1,603,258,19844,88.04,sam2,0.0,0.0,0.0
1981,falling,1,,,,,null,,,
1982,falling,1,,,,,null,,,
1983,falling,1,,,,,null,,,
1984,falling,1,603,255,20395,90.49,sam2,3.0,2247.575,40.135
1985,falling,1,,,,,null,,,
1986,falling,1,,,,,null,,,
1987,falling,1,,,,,null,,,
1988,falling,1,603,253,21191,94.02,sam2,2.0,1498.383,26.757
1989,falling,1,,,,,null,,,
1990,falling,1,,,,,null,,,
1991,falling,1,,,,,null,,,
1992,falling,1,603,250,22185,98.43,sam2,3.0,2247.575,40.135
1993,falling,1,,,,,null,,,
1994,falling,1,,,,,null,,,
1995,falling,1,,,,,null,,,
1996,falling,1,603,247,22859,101.42,sam2,3.0,2247.575,40.135
1997,falling,1,,,,,null,,,
1998,falling,1,,,,,null,,,
1999,falling,1,,,,,null,,,
2000,falling,1,603,244,23350,103.6,sam2,3.0,2247.575,40.135
2001,falling,1,,,,,null,,,
2002,falling,1,,,,,null,,,
2003,falling,1,,,,,null,,,
2004,falling,1,603,243,23368,103.68,sam2,1.0,749.192,13.378
2005,falling,1,,,,,null,,,
2006,falling,1,,,,,null,,,
2007,falling,1,,,,,null,,,
2008,falling,1,603,244,23238,103.1,sam2,1.0,749.192,13.378
2009,falling,1,,,,,null,,,
2010,falling,1,,,,,null,,,
2011,falling,1,,,,,null,,,
2012,falling,1,603,246,22633,100.42,sam2,2.0,1498.383,26.757
2013,falling,1,,,,,null,,,
2014,falling,1,,,,,null,,,
2015,falling,1,,,,,null,,,
2016,falling,1,603,249,21902,97.17,sam2,3.0,2247.575,40.135
2017,falling,1,,,,,null,,,
2018,falling,1,,,,,null,,,
2019,falling,1,,,,,null,,,
2020,falling,1,603,252,21140,93.79,sam2,3.0,2247.575,40.135
2021,falling,1,,,,,null,,,
2022,falling,1,,,,,null,,,
2023,falling,1,,,,,null,,,
2024,falling,1,602,254,20427,90.63,sam2,2.236,1675.243,29.915
2025,falling,1,,,,,null,,,
2026,falling,1,,,,,null,,,
2027,falling,1,,,,,null,,,
2028,falling,1,603,257,19984,88.66,sam2,3.162,2369.152,42.306
2029,falling,1,,,,,null,,,
2030,falling,1,,,,,null,,,
2031,falling,1,,,,,null,,,
2032,falling,1,603,258,19841,88.03,sam2,1.0,749.192,13.378
2033,falling,1,,,,,null,,,
2034,falling,1,,,,,null,,,
2035,falling,1,,,,,null,,,
2036,falling,1,603,257,19958,88.55,sam2,1.0,749.192,13.378
2037,falling,1,,,,,null,,,
2038,falling,1,,,,,null,,,
2039,falling,1,,,,,null,,,
2040,falling,1,603,256,20483,90.88,sam2,1.0,749.192,13.378
2041,falling,1,,,,,null,,,
2042,falling,1,,,,,null,,,
2043,falling,1,,,,,null,,,
2044,falling,1,603,253,21160,93.88,sam2,3.0,2247.575,40.135
2045,falling,1,,,,,null,,,
2046,falling,1,,,,,null,,,
2047,falling,1,,,,,null,,,
2048,falling,1,603,250,21844,96.92,sam2,3.0,2247.575,40.135
2049,falling,1,,,,,null,,,
2050,falling,1,,,,,null,,,
2051,falling,1,,,,,null,,,
2052,falling,1,603,247,22554,100.07,sam2,3.0,2247.575,40.135
2053,falling,1,,,,,null,,,
2054,falling,1,,,,,null,,,
2055,falling,1,,,,,null,,,
2056,falling,1,604,245,22885,101.54,sam2,2.236,1675.243,29.915
2057,falling,1,,,,,null,,,
2058,falling,1,,,,,null,,,
2059,falling,1,,,,,null,,,
2060,falling,1,604,244,23110,102.53,sam2,1.0,749.192,13.378
2061,falling,1,,,,,null,,,
2062,falling,1,,,,,null,,,
2063,falling,1,,,,,null,,,
2064,falling,1,604,245,23004,102.06,sam2,1.0,749.192,13.378
2065,falling,1,,,,,null,,,
2066,falling,1,,,,,null,,,
2067,falling,1,,,,,null,,,
2068,falling,1,604,246,22765,101.0,sam2,1.0,749.192,13.378
2069,falling,1,,,,,null,,,
2070,falling,1,,,,,null,,,
2071,falling,1,,,,,null,,,
2072,falling,1,603,249,22105,98.07,sam2,3.162,2369.152,42.306
2073,falling,1,,,,,null,,,
2074,falling,1,,,,,null,,,
2075,falling,1,,,,,null,,,
2076,falling,1,603,251,21332,94.64,sam2,2.0,1498.383,26.757
2077,falling,1,,,,,null,,,
2078,falling,1,,,,,null,,,
2079,falling,1,,,,,null,,,
2080,falling,1,603,254,20693,91.81,sam2,3.0,2247.575,40.135
2081,falling,1,,,,,null,,,
2082,falling,1,,,,,null,,,
2083,falling,1,,,,,null,,,
2084,falling,1,603,256,20285,90.0,sam2,2.0,1498.383,26.757
2085,falling,1,,,,,null,,,
2086,falling,1,,,,,null,,,
2087,falling,1,,,,,null,,,
2088,falling,1,603,257,19828,87.97,sam2,1.0,749.192,13.378
2089,falling,1,,,,,null,,,
2090,falling,1,,,,,null,,,
2091,falling,1,,,,,null,,,
2092,falling,1,603,257,20083,89.1,sam2,0.0,0.0,0.0
2093,falling,1,,,,,null,,,
2094,falling,1,,,,,null,,,
2095,falling,1,,,,,null,,,
2096,falling,1,603,255,20411,90.56,sam2,2.0,1498.383,26.757
2097,falling,1,,,,,null,,,
2098,falling,1,,,,,null,,,
2099,falling,1,,,,,null,,,
2100,falling,1,603,253,20992,93.14,sam2,2.0,1498.383,26.757
2101,falling,1,,,,,null,,,
2102,falling,1,,,,,null,,,
2103,falling,1,,,,,null,,,
2104,falling,1,603,250,21634,95.98,sam2,3.0,2247.575,40.135
2105,falling,1,,,,,null,,,
2106,falling,1,,,,,null,,,
2107,falling,1,,,,,null,,,
2108,falling,1,603,248,22295,98.92,sam2,2.0,1498.383,26.757
2109,falling,1,,,,,null,,,
2110,falling,1,,,,,null,,,
2111,falling,1,,,,,null,,,
2112,falling,1,603,246,22736,100.87,sam2,2.0,1498.383,26.757
2113,falling,1,,,,,null,,,
2114,falling,1,,,,,null,,,
2115,falling,1,,,,,null,,,
2116,falling,1,603,245,23012,102.1,sam2,1.0,749.192,13.378
2117,falling,1,,,,,null,,,
2118,falling,1,,,,,null,,,
2119,falling,1,,,,,null,,,
2120,falling,1,603,245,23059,102.31,sam2,0.0,0.0,0.0
2121,falling,1,,,,,null,,,
2122,falling,1,,,,,null,,,
2123,falling,1,,,,,null,,,
2124,falling,1,603,246,22669,100.58,sam2,1.0,749.192,13.378
2125,falling,1,,,,,null,,,
2126,falling,1,,,,,null,,,
2127,falling,1,,,,,null,,,
2128,falling,1,603,248,22070,97.92,sam2,2.0,1498.383,26.757
2129,falling,1,,,,,null,,,
2130,falling,1,,,,,null,,,
2131,falling,1,,,,,null,,,
2132,falling,1,603,252,21688,96.22,sam2,4.0,2996.766,53.514
2133,falling,1,,,,,null,,,
2134,falling,1,,,,,null,,,
2135,falling,1,,,,,null,,,
2136,falling,1,603,254,20954,92.97,sam2,2.0,1498.383,26.757
2137,falling,1,,,,,null,,,
2138,falling,1,,,,,null,,,
2139,falling,1,,,,,null,,,
2140,falling,1,603,256,20406,90.54,sam2,2.0,1498.383,26.757
2141,falling,1,,,,,null,,,
2142,falling,1,,,,,null,,,
2143,falling,1,,,,,null,,,
2144,falling,1,603,257,20150,89.4,sam2,1.0,749.192,13.378
2145,falling,1,,,,,null,,,
2146,falling,1,,,,,null,,,
2147,falling,1,,,,,null,,,
2148,falling,1,603,257,20188,89.57,sam2,0.0,0.0,0.0
2149,falling,1,,,,,null,,,
2150,falling,1,,,,,null,,,
2151,falling,1,,,,,null,,,
2152,falling,1,603,255,20242,89.81,sam2,2.0,1498.383,26.757
2153,falling,1,,,,,null,,,
2154,falling,1,,,,,null,,,
2155,falling,1,,,,,null,,,
2156,falling,1,603,253,20829,92.41,sam2,2.0,1498.383,26.757
2157,falling,1,,,,,null,,,
2158,falling,1,,,,,null,,,
2159,falling,1,,,,,null,,,
2160,falling,1,603,250,21452,95.18,sam2,3.0,2247.575,40.135
2161,falling,1,,,,,null,,,
2162,falling,1,,,,,null,,,
2163,falling,1,,,,,null,,,
2164,falling,1,603,248,22088,98.0,sam2,2.0,1498.383,26.757
2165,falling,1,,,,,null,,,
2166,falling,1,,,,,null,,,
2167,falling,1,,,,,null,,,
2168,falling,1,603,246,22597,100.26,sam2,2.0,1498.383,26.757
2169,falling,1,,,,,null,,,
2170,falling,1,,,,,null,,,
2171,falling,1,,,,,null,,,
2172,falling,1,603,245,22966,101.89,sam2,1.0,749.192,13.378
2173,falling,1,,,,,null,,,
2174,falling,1,,,,,null,,,
2175,falling,1,,,,,null,,,
2176,falling,1,603,246,22999,102.04,sam2,1.0,749.192,13.378
2177,falling,1,,,,,null,,,
2178,falling,1,,,,,null,,,
2179,falling,1,,,,,null,,,
2180,falling,1,603,247,22709,100.75,sam2,1.0,749.192,13.378
2181,falling,1,,,,,null,,,
2182,falling,1,,,,,null,,,
2183,falling,1,,,,,null,,,
2184,falling,1,603,249,22218,98.58,sam2,2.0,1498.383,26.757
2185,falling,1,,,,,null,,,
2186,falling,1,,,,,null,,,
2187,falling,1,,,,,null,,,
2188,falling,1,603,251,21756,96.53,sam2,2.0,1498.383,26.757
2189,falling,1,,,,,null,,,
2190,falling,1,,,,,null,,,
2191,falling,1,,,,,null,,,
2192,falling,1,603,254,21089,93.57,sam2,3.0,2247.575,40.135
2193,falling,1,,,,,null,,,
2194,falling,1,,,,,null,,,
2195,falling,1,,,,,null,,,
2196,falling,1,603,255,20507,90.98,sam2,1.0,749.192,13.378
2197,falling,1,,,,,null,,,
2198,falling,1,,,,,null,,,
2199,falling,1,,,,,null,,,
2200,falling,1,603,256,20214,89.68,sam2,1.0,749.192,13.378
2201,falling,1,,,,,null,,,
2202,falling,1,,,,,null,,,
2203,falling,1,,,,,null,,,
2204,falling,1,603,256,19991,88.7,sam2,0.0,0.0,0.0
2205,falling,1,,,,,null,,,
2206,falling,1,,,,,null,,,
2207,falling,1,,,,,null,,,
2208,falling,1,603,255,20296,90.05,sam2,1.0,749.192,13.378
2209,falling,1,,,,,null,,,
2210,falling,1,,,,,null,,,
2211,falling,1,,,,,null,,,
2212,falling,1,603,253,20876,92.62,sam2,2.0,1498.383,26.757
2213,falling,1,,,,,null,,,
2214,falling,1,,,,,null,,,
2215,falling,1,,,,,null,,,
2216,falling,1,603,251,21356,94.75,sam2,2.0,1498.383,26.757
2217,falling,1,,,,,null,,,
2218,falling,1,,,,,null,,,
2219,falling,1,,,,,null,,,
2220,falling,1,603,249,21943,97.36,sam2,2.0,1498.383,26.757
2221,falling,1,,,,,null,,,
2222,falling,1,,,,,null,,,
2223,falling,1,,,,,null,,,
2224,falling,1,603,247,22520,99.92,sam2,2.0,1498.383,26.757
2225,falling,1,,,,,null,,,
2226,falling,1,,,,,null,,,
2227,falling,1,,,,,null,,,
2228,falling,1,603,246,22896,101.58,sam2,1.0,749.192,13.378
2229,falling,1,,,,,null,,,
2230,falling,1,,,,,null,,,
2231,falling,1,,,,,null,,,
2232,falling,1,603,246,22999,102.04,sam2,0.0,0.0,0.0
2233,falling,1,,,,,null,,,
2234,falling,1,,,,,null,,,
2235,falling,1,,,,,null,,,
2236,falling,1,603,247,22727,100.83,sam2,1.0,749.192,13.378
2237,falling,1,,,,,null,,,
2238,falling,1,,,,,null,,,
2239,falling,1,,,,,null,,,
2240,falling,1,603,249,22387,99.33,sam2,2.0,1498.383,26.757
2241,falling,1,,,,,null,,,
2242,falling,1,,,,,null,,,
2243,falling,1,,,,,null,,,
2244,falling,1,603,251,21805,96.74,sam2,2.0,1498.383,26.757
2245,falling,1,,,,,null,,,
2246,falling,1,,,,,null,,,
2247,falling,1,,,,,null,,,
2248,falling,1,603,253,21078,93.52,sam2,2.0,1498.383,26.757
2249,falling,1,,,,,null,,,
2250,falling,1,,,,,null,,,
2251,falling,1,,,,,null,,,
2252,falling,1,603,255,20509,90.99,sam2,2.0,1498.383,26.757
2253,falling,1,,,,,null,,,
2254,falling,1,,,,,null,,,
2255,falling,1,,,,,null,,,
2256,falling,1,603,256,20158,89.44,sam2,1.0,749.192,13.378
2257,falling,1,,,,,null,,,
2258,falling,1,,,,,null,,,
2259,falling,1,,,,,null,,,
2260,falling,1,603,256,20099,89.17,sam2,0.0,0.0,0.0
2261,falling,1,,,,,null,,,
2262,falling,1,,,,,null,,,
2263,falling,1,,,,,null,,,
2264,falling,1,603,255,20272,89.94,sam2,1.0,749.192,13.378
2265,falling,1,,,,,null,,,
2266,falling,1,,,,,null,,,
2267,falling,1,,,,,null,,,
2268,falling,1,603,253,20767,92.14,sam2,2.0,1498.383,26.757
2269,falling,1,,,,,null,,,
2270,falling,1,,,,,null,,,
2271,falling,1,,,,,null,,,
2272,falling,1,603,251,21375,94.84,sam2,2.0,1498.383,26.757
2273,falling,1,,,,,null,,,
2274,falling,1,,,,,null,,,
2275,falling,1,,,,,null,,,
2276,falling,1,603,249,21865,97.01,sam2,2.0,1498.383,26.757
2277,falling,1,,,,,null,,,
2278,falling,1,,,,,null,,,
2279,falling,1,,,,,null,,,
2280,falling,1,603,247,22322,99.04,sam2,2.0,1498.383,26.757
2281,falling,1,,,,,null,,,
2282,falling,1,,,,,null,,,
2283,falling,1,,,,,null,,,
2284,falling,1,603,247,22920,101.69,sam2,0.0,0.0,0.0
2285,falling,1,,,,,null,,,
2286,falling,1,,,,,null,,,
2287,falling,1,,,,,null,,,
2288,falling,1,603,246,22981,101.96,sam2,1.0,749.192,13.378
2289,falling,1,,,,,null,,,
2290,falling,1,,,,,null,,,
2291,falling,1,,,,,null,,,
2292,falling,1,603,247,22789,101.11,sam2,1.0,749.192,13.378
2293,falling,1,,,,,null,,,
2294,falling,1,,,,,null,,,
2295,falling,1,,,,,null,,,
2296,falling,1,603,249,22376,99.28,sam2,2.0,1498.383,26.757
2297,falling,1,,,,,null,,,
2298,falling,1,,,,,null,,,
2299,falling,1,,,,,null,,,
2300,falling,1,603,251,21788,96.67,sam2,2.0,1498.383,26.757
2301,falling,1,,,,,null,,,
2302,falling,1,,,,,null,,,
2303,falling,1,,,,,null,,,
2304,falling,1,603,253,21084,93.54,sam2,2.0,1498.383,26.757
2305,falling,1,,,,,null,,,
2306,falling,1,,,,,null,,,
2307,falling,1,,,,,null,,,
2308,falling,1,603,255,20657,91.65,sam2,2.0,1498.383,26.757
2309,falling,1,,,,,null,,,
2310,falling,1,,,,,null,,,
2311,falling,1,,,,,null,,,
2312,falling,1,603,256,20274,89.95,sam2,1.0,749.192,13.378
2313,falling,1,,,,,null,,,
2314,falling,1,,,,,null,,,
2315,falling,1,,,,,null,,,
2316,falling,1,603,256,20187,89.56,sam2,0.0,0.0,0.0
2317,falling,1,,,,,null,,,
2318,falling,1,,,,,null,,,
2319,falling,1,,,,,null,,,
2320,falling,1,603,255,20247,89.83,sam2,1.0,749.192,13.378
2321,falling,1,,,,,null,,,
2322,falling,1,,,,,null,,,
2323,falling,1,,,,,null,,,
2324,falling,1,603,253,20765,92.13,sam2,2.0,1498.383,26.757
2325,falling,1,,,,,null,,,
2326,falling,1,,,,,null,,,
2327,falling,1,,,,,null,,,
2328,falling,1,603,252,21401,94.95,sam2,1.0,749.192,13.378
2329,falling,1,,,,,null,,,
2330,falling,1,,,,,null,,,
2331,falling,1,,,,,null,,,
2332,falling,1,603,249,21851,96.95,sam2,3.0,2247.575,40.135
2333,falling,1,,,,,null,,,
2334,falling,1,,,,,null,,,
2335,falling,1,,,,,null,,,
2336,falling,1,603,248,22402,99.39,sam2,1.0,749.192,13.378
2337,falling,1,,,,,null,,,
2338,falling,1,,,,,null,,,
2339,falling,1,,,,,null,,,
2340,falling,1,603,247,22941,101.78,sam2,1.0,749.192,13.378
2341,falling,1,,,,,null,,,
2342,falling,1,,,,,null,,,
2343,falling,1,,,,,null,,,
2344,falling,1,603,247,22770,101.02,sam2,0.0,0.0,0.0
2345,falling,1,,,,,null,,,
2346,falling,1,,,,,null,,,
2347,falling,1,,,,,null,,,
2348,falling,1,603,248,22736,100.87,sam2,1.0,749.192,13.378
2349,falling,1,,,,,null,,,
2350,falling,1,,,,,null,,,
2351,falling,1,,,,,null,,,
2352,falling,1,603,249,22332,99.08,sam2,1.0,749.192,13.378
2353,falling,1,,,,,null,,,
2354,falling,1,,,,,null,,,
2355,falling,1,,,,,null,,,
2356,falling,1,603,251,21687,96.22,sam2,2.0,1498.383,26.757
2357,falling,1,,,,,null,,,
2358,falling,1,,,,,null,,,
2359,falling,1,,,,,null,,,
2360,falling,1,603,253,21195,94.04,sam2,2.0,1498.383,26.757
2361,falling,1,,,,,null,,,
2362,falling,1,,,,,null,,,
2363,falling,1,,,,,null,,,
2364,falling,1,603,254,20519,91.04,sam2,1.0,749.192,13.378
2365,falling,1,,,,,null,,,
2366,falling,1,,,,,null,,,
2367,falling,1,,,,,null,,,
2368,falling,1,603,255,20342,90.25,sam2,1.0,749.192,13.378
2369,falling,1,,,,,null,,,
2370,falling,1,,,,,null,,,
2371,falling,1,,,,,null,,,
2372,falling,1,603,255,20148,89.39,sam2,0.0,0.0,0.0
2373,falling,1,,,,,null,,,
2374,falling,1,,,,,null,,,
2375,falling,1,,,,,null,,,
2376,falling,1,603,255,20333,90.21,sam2,0.0,0.0,0.0
2377,falling,1,,,,,null,,,
2378,falling,1,,,,,null,,,
2379,falling,1,,,,,null,,,
2380,falling,1,603,253,20663,91.68,sam2,2.0,1498.383,26.757
2381,falling,1,,,,,null,,,
2382,falling,1,,,,,null,,,
2383,falling,1,,,,,null,,,
2384,falling,1,603,252,21294,94.48,sam2,1.0,749.192,13.378
2385,falling,1,,,,,null,,,
2386,falling,1,,,,,null,,,
2387,falling,1,,,,,null,,,
2388,falling,1,603,250,21936,97.32,sam2,2.0,1498.383,26.757
2389,falling,1,,,,,null,,,
2390,falling,1,,,,,null,,,
2391,falling,1,,,,,null,,,
2392,falling,1,603,248,22415,99.45,sam2,2.0,1498.383,26.757
2393,falling,1,,,,,null,,,
2394,falling,1,,,,,null,,,
2395,falling,1,,,,,null,,,
2396,falling,1,603,247,22697,100.7,sam2,1.0,749.192,13.378
2397,falling,1,,,,,null,,,
2398,falling,1,,,,,null,,,
2399,falling,1,,,,,null,,,
2400,falling,1,603,247,22918,101.68,sam2,0.0,0.0,0.0
2401,falling,1,,,,,null,,,
2402,falling,1,,,,,null,,,
2403,falling,1,,,,,null,,,
2404,falling,1,603,248,22723,100.82,sam2,1.0,749.192,13.378
2405,falling,1,,,,,null,,,
2406,falling,1,,,,,null,,,
2407,falling,1,,,,,null,,,
2408,falling,1,603,249,22183,98.42,sam2,1.0,749.192,13.378
2409,falling,1,,,,,null,,,
2410,falling,1,,,,,null,,,
2411,falling,1,,,,,null,,,
2412,falling,1,603,251,21770,96.59,sam2,2.0,1498.383,26.757
2413,falling,1,,,,,null,,,
2414,falling,1,,,,,null,,,
2415,falling,1,,,,,null,,,
2416,falling,1,603,253,21241,94.24,sam2,2.0,1498.383,26.757
2417,falling,1,,,,,null,,,
2418,falling,1,,,,,null,,,
2419,falling,1,,,,,null,,,
2420,falling,1,603,254,20737,92.0,sam2,1.0,749.192,13.378
2421,falling,1,,,,,null,,,
2422,falling,1,,,,,null,,,
2423,falling,1,,,,,null,,,
2424,falling,1,603,255,20452,90.74,sam2,1.0,749.192,13.378
2425,falling,1,,,,,null,,,
2426,falling,1,,,,,null,,,
2427,falling,1,,,,,null,,,
2428,falling,1,603,255,20329,90.19,sam2,0.0,0.0,0.0
2429,falling,1,,,,,null,,,
2430,falling,1,,,,,null,,,
2431,falling,1,,,,,null,,,
2432,falling,1,603,254,20380,90.42,sam2,1.0,749.192,13.378
2433,falling,1,,,,,null,,,
2434,falling,1,,,,,null,,,
2435,falling,1,,,,,null,,,
2436,falling,1,603,254,20851,92.51,sam2,0.0,0.0,0.0
2437,falling,1,,,,,null,,,
2438,falling,1,,,,,null,,,
2439,falling,1,,,,,null,,,
2440,falling,1,603,252,21334,94.65,sam2,2.0,1498.383,26.757
2441,falling,1,,,,,null,,,
2442,falling,1,,,,,null,,,
2443,falling,1,,,,,null,,,
2444,falling,1,603,250,21825,96.83,sam2,2.0,1498.383,26.757
2445,falling,1,,,,,null,,,
2446,falling,1,,,,,null,,,
2447,falling,1,,,,,null,,,
2448,falling,1,603,249,22417,99.46,sam2,1.0,749.192,13.378
2449,falling,1,,,,,null,,,
2450,falling,1,,,,,null,,,
2451,falling,1,,,,,null,,,
2452,falling,1,603,248,22689,100.67,sam2,1.0,749.192,13.378
2453,falling,1,,,,,null,,,
2454,falling,1,,,,,null,,,
2455,falling,1,,,,,null,,,
2456,falling,1,603,247,22630,100.4,sam2,1.0,749.192,13.378
2457,falling,1,,,,,null,,,
2458,falling,1,,,,,null,,,
2459,falling,1,,,,,null,,,
2460,falling,1,603,248,22560,100.09,sam2,1.0,749.192,13.378
2461,falling,1,,,,,null,,,
2462,falling,1,,,,,null,,,
2463,falling,1,,,,,null,,,
2464,falling,1,603,249,22208,98.53,sam2,1.0,749.192,13.378
2465,falling,1,,,,,null,,,
2466,falling,1,,,,,null,,,
2467,falling,1,,,,,null,,,
2468,falling,1,603,250,21718,96.36,sam2,1.0,749.192,13.378
2469,falling,1,,,,,null,,,
2470,falling,1,,,,,null,,,
2471,falling,1,,,,,null,,,
2472,falling,1,603,252,21148,93.83,sam2,2.0,1498.383,26.757
2473,falling,1,,,,,null,,,
2474,falling,1,,,,,null,,,
2475,falling,1,,,,,null,,,
2476,falling,1,603,253,20768,92.14,sam2,1.0,749.192,13.378
2477,falling,1,,,,,null,,,
2478,falling,1,,,,,null,,,
2479,falling,1,,,,,null,,,
2480,falling,1,603,255,20538,91.12,sam2,2.0,1498.383,26.757
2481,falling,1,,,,,null,,,
2482,falling,1,,,,,null,,,
2483,falling,1,,,,,null,,,
2484,falling,1,603,255,20415,90.58,sam2,0.0,0.0,0.0
2485,falling,1,,,,,null,,,
2486,falling,1,,,,,null,,,
2487,falling,1,,,,,null,,,
2488,falling,1,603,254,20543,91.14,sam2,1.0,749.192,13.378
2489,falling,1,,,,,null,,,
2490,falling,1,,,,,null,,,
2491,falling,1,,,,,null,,,
2492,falling,1,603,253,20889,92.68,sam2,1.0,749.192,13.378
2493,falling,1,,,,,null,,,
2494,falling,1,,,,,null,,,
2495,falling,1,,,,,null,,,
2496,falling,1,603,252,21406,94.97,sam2,1.0,749.192,13.378
2497,falling,1,,,,,null,,,
2498,falling,1,,,,,null,,,
2499,falling,1,,,,,null,,,
2500,falling,1,603,251,21995,97.59,sam2,1.0,749.192,13.378
2501,falling,1,,,,,null,,,
2502,falling,1,,,,,null,,,
2503,falling,1,,,,,null,,,
2504,falling,1,603,249,22332,99.08,sam2,2.0,1498.383,26.757
2505,falling,1,,,,,null,,,
2506,falling,1,,,,,null,,,
2507,falling,1,,,,,null,,,
2508,falling,1,603,248,22527,99.95,sam2,1.0,749.192,13.378
2509,falling,1,,,,,null,,,
2510,falling,1,,,,,null,,,
2511,falling,1,,,,,null,,,
2512,falling,1,603,248,22714,100.78,sam2,0.0,0.0,0.0
2513,falling,1,,,,,null,,,
2514,falling,1,,,,,null,,,
2515,falling,1,,,,,null,,,
2516,falling,1,603,248,22406,99.41,sam2,0.0,0.0,0.0
2517,falling,1,,,,,null,,,
2518,falling,1,,,,,null,,,
2519,falling,1,,,,,null,,,
2520,falling,1,603,249,22113,98.11,sam2,1.0,749.192,13.378
2521,falling,1,,,,,null,,,
2522,falling,1,,,,,null,,,
2523,falling,1,,,,,null,,,
2524,falling,1,603,250,21666,96.13,sam2,1.0,749.192,13.378
2525,falling,1,,,,,null,,,
2526,falling,1,,,,,null,,,
2527,falling,1,,,,,null,,,
2528,falling,1,603,252,21224,94.17,sam2,2.0,1498.383,26.757
2529,falling,1,,,,,null,,,
2530,falling,1,,,,,null,,,
2531,falling,1,,,,,null,,,
2532,falling,1,603,253,20797,92.27,sam2,1.0,749.192,13.378
2533,falling,1,,,,,null,,,
2534,falling,1,,,,,null,,,
2535,falling,1,,,,,null,,,
2536,falling,1,603,254,20598,91.39,sam2,1.0,749.192,13.378
2537,falling,1,,,,,null,,,
2538,falling,1,,,,,null,,,
2539,falling,1,,,,,null,,,
2540,falling,1,603,255,20534,91.1,sam2,1.0,749.192,13.378
2541,falling,1,,,,,null,,,
2542,falling,1,,,,,null,,,
2543,falling,1,,,,,null,,,
2544,falling,1,603,254,20637,91.56,sam2,1.0,749.192,13.378
2545,falling,1,,,,,null,,,
2546,falling,1,,,,,null,,,
2547,falling,1,,,,,null,,,
2548,spreading,1,603,254,21020,93.26,sam2,0.0,0.0,0.0
2549,spreading,1,,,,,null,,,
2550,spreading,1,,,,,null,,,
2551,spreading,1,,,,,null,,,
2552,spreading,1,603,252,21301,94.51,sam2,2.0,1498.383,26.757
2553,spreading,1,,,,,null,,,
2554,spreading,1,,,,,null,,,
2555,spreading,1,,,,,null,,,
2556,spreading,1,603,251,21836,96.88,sam2,1.0,749.192,13.378
2557,spreading,1,,,,,null,,,
2558,spreading,1,,,,,null,,,
2559,spreading,1,,,,,null,,,
2560,spreading,1,603,250,22247,98.7,sam2,1.0,749.192,13.378
2561,spreading,1,,,,,null,,,
2562,spreading,1,,,,,null,,,
2563,spreading,1,,,,,null,,,
2564,spreading,1,603,249,22445,99.58,sam2,1.0,749.192,13.378
2565,spreading,1,,,,,null,,,
2566,spreading,1,,,,,null,,,
2567,spreading,1,,,,,null,,,
2568,spreading,1,603,248,22451,99.61,sam2,1.0,749.192,13.378
2569,spreading,1,,,,,null,,,
2570,spreading,1,,,,,null,,,
2571,spreading,1,,,,,null,,,
2572,spreading,1,603,248,22299,98.94,sam2,0.0,0.0,0.0
2573,spreading,1,,,,,null,,,
2574,spreading,1,,,,,null,,,
2575,spreading,1,,,,,null,,,
2576,spreading,1,603,249,22069,97.91,sam2,1.0,749.192,13.378
2577,spreading,1,,,,,null,,,
2578,spreading,1,,,,,null,,,
2579,spreading,1,,,,,null,,,
2580,spreading,1,603,250,21736,96.44,sam2,1.0,749.192,13.378
2581,spreading,1,,,,,null,,,
2582,spreading,1,,,,,null,,,
2583,spreading,1,,,,,null,,,
2584,spreading,1,603,252,21398,94.94,sam2,2.0,1498.383,26.757
2585,spreading,1,,,,,null,,,
2586,spreading,1,,,,,null,,,
2587,spreading,1,,,,,null,,,
2588,spreading,1,603,253,20942,92.91,sam2,1.0,749.192,13.378
2589,spreading,1,,,,,null,,,
2590,spreading,1,,,,,null,,,
2591,spreading,1,,,,,null,,,
2592,spreading,1,603,254,20799,92.28,sam2,1.0,749.192,13.378
2593,spreading,1,,,,,null,,,
2594,spreading,1,,,,,null,,,
2595,spreading,1,,,,,null,,,
2596,spreading,1,603,254,20633,91.54,sam2,0.0,0.0,0.0
2597,spreading,1,,,,,null,,,
2598,spreading,1,,,,,null,,,
2599,spreading,1,,,,,null,,,
2600,spreading,1,603,254,20770,92.15,sam2,0.0,0.0,0.0
2601,spreading,1,,,,,null,,,
2602,spreading,1,,,,,null,,,
2603,spreading,1,,,,,null,,,
2604,spreading,1,603,253,20904,92.75,sam2,1.0,749.192,13.378
2605,spreading,1,,,,,null,,,
2606,spreading,1,,,,,null,,,
2607,spreading,1,,,,,null,,,
2608,spreading,1,603,252,21327,94.62,sam2,1.0,749.192,13.378
2609,spreading,1,,,,,null,,,
2610,spreading,1,,,,,null,,,
2611,spreading,1,,,,,null,,,
2612,spreading,1,603,251,21750,96.5,sam2,1.0,749.192,13.378
2613,spreading,1,,,,,null,,,
2614,spreading,1,,,,,null,,,
2615,spreading,1,,,,,null,,,
2616,spreading,1,603,250,21983,97.53,sam2,1.0,749.192,13.378
2617,spreading,1,,,,,null,,,
2618,spreading,1,,,,,null,,,
2619,spreading,1,,,,,null,,,
2620,spreading,1,603,249,22238,98.66,sam2,1.0,749.192,13.378
2621,spreading,1,,,,,null,,,
2622,spreading,1,,,,,null,,,
2623,spreading,1,,,,,null,,,
2624,spreading,1,603,249,22502,99.84,sam2,0.0,0.0,0.0
2625,spreading,1,,,,,null,,,
2626,spreading,1,,,,,null,,,
2627,spreading,1,,,,,null,,,
2628,spreading,1,603,249,22472,99.7,sam2,0.0,0.0,0.0
2629,spreading,1,,,,,null,,,
2630,spreading,1,,,,,null,,,
2631,spreading,1,,,,,null,,,
2632,spreading,1,603,249,22130,98.19,sam2,0.0,0.0,0.0
2633,spreading,1,,,,,null,,,
2634,spreading,1,,,,,null,,,
2635,spreading,1,,,,,null,,,
2636,spreading,1,603,250,21707,96.31,sam2,1.0,749.192,13.378
2637,spreading,1,,,,,null,,,
2638,spreading,1,,,,,null,,,
2639,spreading,1,,,,,null,,,
2640,spreading,1,603,252,21557,95.64,sam2,2.0,1498.383,26.757
2641,spreading,1,,,,,null,,,
2642,spreading,1,,,,,null,,,
2643,spreading,1,,,,,null,,,
2644,spreading,1,603,253,21152,93.85,sam2,1.0,749.192,13.378
2645,spreading,1,,,,,null,,,
2646,spreading,1,,,,,null,,,
2647,spreading,1,,,,,null,,,
2648,spreading,1,603,254,20862,92.56,sam2,1.0,749.192,13.378
2649,spreading,1,,,,,null,,,
2650,spreading,1,,,,,null,,,
2651,spreading,1,,,,,null,,,
2652,spreading,1,603,254,20753,92.08,sam2,0.0,0.0,0.0
2653,spreading,1,,,,,null,,,
2654,spreading,1,,,,,null,,,
2655,spreading,1,,,,,null,,,
2656,spreading,1,603,254,20813,92.34,sam2,0.0,0.0,0.0
2657,spreading,1,,,,,null,,,
2658,spreading,1,,,,,null,,,
2659,spreading,1,,,,,null,,,
2660,spreading,1,603,254,21031,93.31,sam2,0.0,0.0,0.0
2661,spreading,1,,,,,null,,,
2662,spreading,1,,,,,null,,,
2663,spreading,1,,,,,null,,,
2664,spreading,1,603,253,21379,94.85,sam2,1.0,749.192,13.378
2665,spreading,1,,,,,null,,,
2666,spreading,1,,,,,null,,,
2667,spreading,1,,,,,null,,,
2668,spreading,1,603,251,21737,96.44,sam2,2.0,1498.383,26.757
2669,spreading,1,,,,,null,,,
2670,spreading,1,,,,,null,,,
2671,spreading,1,,,,,null,,,
2672,spreading,1,603,250,22004,97.63,sam2,1.0,749.192,13.378
2673,spreading,1,,,,,null,,,
2674,spreading,1,,,,,null,,,
2675,spreading,1,,,,,null,,,
2676,spreading,1,603,249,22229,98.62,sam2,1.0,749.192,13.378
2677,spreading,1,,,,,null,,,
2678,spreading,1,,,,,null,,,
2679,spreading,1,,,,,null,,,
2680,spreading,1,603,249,22394,99.36,sam2,0.0,0.0,0.0
2681,spreading,1,,,,,null,,,
2682,spreading,1,,,,,null,,,
2683,spreading,1,,,,,null,,,
2684,spreading,1,603,249,22398,99.37,sam2,0.0,0.0,0.0
2685,spreading,1,,,,,null,,,
2686,spreading,1,,,,,null,,,
2687,spreading,1,,,,,null,,,
2688,spreading,1,603,250,22201,98.5,sam2,1.0,749.192,13.378
2689,spreading,1,,,,,null,,,
2690,spreading,1,,,,,null,,,
2691,spreading,1,,,,,null,,,
2692,spreading,1,603,250,21897,97.15,sam2,0.0,0.0,0.0
2693,spreading,1,,,,,null,,,
2694,spreading,1,,,,,null,,,
2695,spreading,1,,,,,null,,,
2696,spreading,1,603,252,21597,95.82,sam2,2.0,1498.383,26.757
2697,spreading,1,,,,,null,,,
2698,spreading,1,,,,,null,,,
2699,spreading,1,,,,,null,,,
2700,spreading,1,603,253,21261,94.33,sam2,1.0,749.192,13.378
2701,spreading,1,,,,,null,,,
2702,spreading,1,,,,,null,,,
2703,spreading,1,,,,,null,,,
2704,spreading,1,603,254,21148,93.83,sam2,1.0,749.192,13.378
2705,spreading,1,,,,,null,,,
2706,spreading,1,,,,,null,,,
2707,spreading,1,,,,,null,,,
2708,spreading,1,603,254,20971,93.04,sam2,0.0,0.0,0.0
2709,spreading,1,,,,,null,,,
2710,spreading,1,,,,,null,,,
2711,spreading,1,,,,,null,,,
2712,spreading,1,603,254,20949,92.95,sam2,0.0,0.0,0.0
2713,spreading,1,,,,,null,,,
2714,spreading,1,,,,,null,,,
2715,spreading,1,,,,,null,,,
2716,spreading,1,603,254,21084,93.54,sam2,0.0,0.0,0.0
2717,spreading,1,,,,,null,,,
2718,spreading,1,,,,,null,,,
2719,spreading,1,,,,,null,,,
2720,spreading,1,603,253,21329,94.63,sam2,1.0,749.192,13.378
2721,spreading,1,,,,,null,,,
2722,spreading,1,,,,,null,,,
2723,spreading,1,,,,,null,,,
2724,spreading,1,603,252,21742,96.46,sam2,1.0,749.192,13.378
2725,spreading,1,,,,,null,,,
2726,spreading,1,,,,,null,,,
2727,spreading,1,,,,,null,,,
2728,spreading,1,603,251,21997,97.6,sam2,1.0,749.192,13.378
2729,spreading,1,,,,,null,,,
2730,spreading,1,,,,,null,,,
2731,spreading,1,,,,,null,,,
2732,spreading,1,603,250,22113,98.11,sam2,1.0,749.192,13.378
2733,spreading,1,,,,,null,,,
2734,spreading,1,,,,,null,,,
2735,spreading,1,,,,,null,,,
2736,spreading,1,603,249,22229,98.62,sam2,1.0,749.192,13.378
2737,spreading,1,,,,,null,,,
2738,spreading,1,,,,,null,,,
2739,spreading,1,,,,,null,,,
2740,spreading,1,603,249,22280,98.85,sam2,0.0,0.0,0.0
2741,spreading,1,,,,,null,,,
2742,spreading,1,,,,,null,,,
2743,spreading,1,,,,,null,,,
2744,spreading,1,603,250,22162,98.33,sam2,1.0,749.192,13.378
2745,spreading,1,,,,,null,,,
2746,spreading,1,,,,,null,,,
2747,spreading,1,,,,,null,,,
2748,spreading,1,603,250,21905,97.19,sam2,0.0,0.0,0.0
2749,spreading,1,,,,,null,,,
2750,spreading,1,,,,,null,,,
2751,spreading,1,,,,,null,,,
2752,spreading,1,603,252,21676,96.17,sam2,2.0,1498.383,26.757
2753,spreading,1,,,,,null,,,
2754,spreading,1,,,,,null,,,
2755,spreading,1,,,,,null,,,
2756,spreading,1,603,253,21398,94.94,sam2,1.0,749.192,13.378
2757,spreading,1,,,,,null,,,
2758,spreading,1,,,,,null,,,
2759,spreading,1,,,,,null,,,
2760,spreading,1,603,253,21089,93.57,sam2,0.0,0.0,0.0
2761,spreading,1,,,,,null,,,
2762,spreading,1,,,,,null,,,
2763,spreading,1,,,,,null,,,
2764,spreading,1,603,253,20746,92.04,sam2,0.0,0.0,0.0
2765,spreading,1,,,,,null,,,
2766,spreading,1,,,,,null,,,
2767,spreading,1,,,,,null,,,
2768,spreading,1,603,254,20901,92.73,sam2,1.0,749.192,13.378
2769,spreading,1,,,,,null,,,
2770,spreading,1,,,,,null,,,
2771,spreading,1,,,,,null,,,
2772,spreading,1,603,253,21020,93.26,sam2,1.0,749.192,13.378
2773,spreading,1,,,,,null,,,
2774,spreading,1,,,,,null,,,
2775,spreading,1,,,,,null,,,
2776,spreading,1,603,253,21291,94.46,sam2,0.0,0.0,0.0
2777,spreading,1,,,,,null,,,
2778,spreading,1,,,,,null,,,
2779,spreading,1,,,,,null,,,
2780,spreading,1,603,252,21554,95.63,sam2,1.0,749.192,13.378
2781,spreading,1,,,,,null,,,
2782,spreading,1,,,,,null,,,
2783,spreading,1,,,,,null,,,
2784,spreading,1,603,250,21694,96.25,sam2,2.0,1498.383,26.757
2785,spreading,1,,,,,null,,,
2786,spreading,1,,,,,null,,,
2787,spreading,1,,,,,null,,,
2788,spreading,1,603,250,22078,97.95,sam2,0.0,0.0,0.0
2789,spreading,1,,,,,null,,,
2790,spreading,1,,,,,null,,,
2791,spreading,1,,,,,null,,,
2792,spreading,1,603,249,22111,98.1,sam2,1.0,749.192,13.378
2793,spreading,1,,,,,null,,,
2794,spreading,1,,,,,null,,,
2795,spreading,1,,,,,null,,,
2796,spreading,1,603,249,22243,98.69,sam2,0.0,0.0,0.0
2797,spreading,1,,,,,null,,,
2798,spreading,1,,,,,null,,,
2799,spreading,1,,,,,null,,,
2800,spreading,1,603,250,22174,98.38,sam2,1.0,749.192,13.378
2801,spreading,1,,,,,null,,,
2802,spreading,1,,,,,null,,,
2803,spreading,1,,,,,null,,,
2804,spreading,1,603,250,21979,97.52,sam2,0.0,0.0,0.0
2805,spreading,1,,,,,null,,,
2806,spreading,1,,,,,null,,,
2807,spreading,1,,,,,null,,,
2808,spreading,1,603,251,21695,96.26,sam2,1.0,749.192,13.378
2809,spreading,1,,,,,null,,,
2810,spreading,1,,,,,null,,,
2811,spreading,1,,,,,null,,,
2812,spreading,1,603,252,21380,94.86,sam2,1.0,749.192,13.378
2813,spreading,1,,,,,null,,,
2814,spreading,1,,,,,null,,,
2815,spreading,1,,,,,null,,,
2816,spreading,1,603,253,21169,93.92,sam2,1.0,749.192,13.378
2817,spreading,1,,,,,null,,,
2818,spreading,1,,,,,null,,,
2819,spreading,1,,,,,null,,,
2820,spreading,1,603,254,20962,93.0,sam2,1.0,749.192,13.378
2821,spreading,1,,,,,null,,,
2822,spreading,1,,,,,null,,,
2823,spreading,1,,,,,null,,,
2824,spreading,1,603,254,20946,92.93,sam2,0.0,0.0,0.0
2825,spreading,1,,,,,null,,,
2826,spreading,1,,,,,null,,,
2827,spreading,1,,,,,null,,,
2828,spreading,1,603,253,21037,93.34,sam2,1.0,749.192,13.378
2829,spreading,1,,,,,null,,,
2830,spreading,1,,,,,null,,,
2831,spreading,1,,,,,null,,,
2832,spreading,1,603,252,21139,93.79,sam2,1.0,749.192,13.378
2833,spreading,1,,,,,null,,,
2834,spreading,1,,,,,null,,,
2835,spreading,1,,,,,null,,,
2836,spreading,1,603,251,21331,94.64,sam2,1.0,749.192,13.378
2837,spreading,1,,,,,null,,,
2838,spreading,1,,,,,null,,,
2839,spreading,1,,,,,null,,,
2840,spreading,1,603,251,21718,96.36,sam2,0.0,0.0,0.0
2841,spreading,1,,,,,null,,,
2842,spreading,1,,,,,null,,,
2843,spreading,1,,,,,null,,,
2844,spreading,1,603,250,21862,97.0,sam2,1.0,749.192,13.378
2845,spreading,1,,,,,null,,,
2846,spreading,1,,,,,null,,,
2847,spreading,1,,,,,null,,,
2848,spreading,1,603,249,22128,98.18,sam2,1.0,749.192,13.378
2849,rebounding,1,,,,,null,,,
2850,rebounding,1,,,,,null,,,
2851,rebounding,1,,,,,null,,,
2852,rebounding,1,603,249,22184,98.42,sam2,0.0,0.0,0.0
2853,rebounding,1,,,,,null,,,
2854,rebounding,1,,,,,null,,,
2855,rebounding,1,,,,,null,,,
2856,rebounding,1,603,249,22045,97.81,sam2,0.0,0.0,0.0
2857,rebounding,1,,,,,null,,,
2858,rebounding,1,,,,,null,,,
2859,rebounding,1,,,,,null,,,
2860,rebounding,1,603,250,21932,97.31,sam2,1.0,749.192,13.378
2861,rebounding,1,,,,,null,,,
2862,rebounding,1,,,,,null,,,
2863,rebounding,1,,,,,null,,,
2864,rebounding,1,603,251,21650,96.06,sam2,1.0,749.192,13.378
2865,rebounding,1,,,,,null,,,
2866,rebounding,1,,,,,null,,,
2867,rebounding,1,,,,,null,,,
2868,rebounding,1,603,252,21513,95.45,sam2,1.0,749.192,13.378
2869,rebounding,1,,,,,null,,,
2870,rebounding,1,,,,,null,,,
2871,rebounding,1,,,,,null,,,
2872,rebounding,1,603,253,21239,94.23,sam2,1.0,749.192,13.378
2873,rebounding,1,,,,,null,,,
2874,rebounding,1,,,,,null,,,
2875,rebounding,1,,,,,null,,,
2876,rebounding,1,603,254,21085,93.55,sam2,1.0,749.192,13.378
2877,rebounding,1,,,,,null,,,
2878,rebounding,1,,,,,null,,,
2879,rebounding,1,,,,,null,,,
2880,rebounding,1,603,253,20967,93.03,sam2,1.0,749.192,13.378
2881,rebounding,1,,,,,null,,,
2882,rebounding,1,,,,,null,,,
2883,rebounding,1,,,,,null,,,
2884,rebounding,1,603,253,20993,93.14,sam2,0.0,0.0,0.0
2885,rebounding,1,,,,,null,,,
2886,rebounding,1,,,,,null,,,
2887,rebounding,1,,,,,null,,,
2888,rebounding,1,603,253,21150,93.84,sam2,0.0,0.0,0.0
2889,rebounding,1,,,,,null,,,
2890,rebounding,1,,,,,null,,,
2891,rebounding,1,,,,,null,,,
2892,rebounding,1,603,252,21512,95.44,sam2,1.0,749.192,13.378
2893,rebounding,1,,,,,null,,,
2894,rebounding,1,,,,,null,,,
2895,rebounding,1,,,,,null,,,
2896,rebounding,1,603,251,21745,96.48,sam2,1.0,749.192,13.378
2897,rebounding,1,,,,,null,,,
2898,rebounding,1,,,,,null,,,
2899,rebounding,1,,,,,null,,,
2900,rebounding,1,603,250,21871,97.04,sam2,1.0,749.192,13.378
2901,rebounding,1,,,,,null,,,
2902,rebounding,1,,,,,null,,,
2903,rebounding,1,,,,,null,,,
2904,rebounding,1,603,250,22150,98.27,sam2,0.0,0.0,0.0
2905,rebounding,1,,,,,null,,,
2906,rebounding,1,,,,,null,,,
2907,rebounding,1,,,,,null,,,
2908,rebounding,1,603,250,22184,98.42,sam2,0.0,0.0,0.0
2909,rebounding,1,,,,,null,,,
2910,rebounding,1,,,,,null,,,
2911,rebounding,1,,,,,null,,,
2912,rebounding,1,603,250,22144,98.25,sam2,0.0,0.0,0.0
2913,rebounding,1,,,,,null,,,
2914,rebounding,1,,,,,null,,,
2915,rebounding,1,,,,,null,,,
2916,rebounding,1,603,250,22002,97.62,sam2,0.0,0.0,0.0
2917,rebounding,1,,,,,null,,,
2918,rebounding,1,,,,,null,,,
2919,rebounding,1,,,,,null,,,
2920,rebounding,1,603,251,21763,96.56,sam2,1.0,749.192,13.378
2921,rebounding,1,,,,,null,,,
2922,rebounding,1,,,,,null,,,
2923,rebounding,1,,,,,null,,,
2924,rebounding,1,603,252,21483,95.31,sam2,1.0,749.192,13.378
2925,rebounding,1,,,,,null,,,
2926,rebounding,1,,,,,null,,,
2927,rebounding,1,,,,,null,,,
2928,rebounding,1,603,253,21276,94.4,sam2,1.0,749.192,13.378
2929,rebounding,1,,,,,null,,,
2930,rebounding,1,,,,,null,,,
2931,rebounding,1,,,,,null,,,
2932,rebounding,1,603,253,21132,93.76,sam2,0.0,0.0,0.0
2933,rebounding,1,,,,,null,,,
2934,rebounding,1,,,,,null,,,
2935,rebounding,1,,,,,null,,,
2936,rebounding,1,603,253,20993,93.14,sam2,0.0,0.0,0.0
2937,rebounding,1,,,,,null,,,
2938,rebounding,1,,,,,null,,,
2939,rebounding,1,,,,,null,,,
2940,rebounding,1,603,253,20975,93.06,sam2,0.0,0.0,0.0
2941,rebounding,1,,,,,null,,,
2942,rebounding,1,,,,,null,,,
2943,rebounding,1,,,,,null,,,
2944,rebounding,1,603,253,21188,94.01,sam2,0.0,0.0,0.0
2945,rebounding,1,,,,,null,,,
2946,rebounding,1,,,,,null,,,
2947,rebounding,1,,,,,null,,,
2948,rebounding,1,603,252,21388,94.89,sam2,1.0,749.192,13.378
2949,rebounding,1,,,,,null,,,
2950,rebounding,1,,,,,null,,,
2951,rebounding,1,,,,,null,,,
2952,rebounding,1,603,251,21578,95.74,sam2,1.0,749.192,13.378
2953,rebounding,1,,,,,null,,,
2954,rebounding,1,,,,,null,,,
2955,rebounding,1,,,,,null,,,
2956,rebounding,1,603,251,21915,97.23,sam2,0.0,0.0,0.0
2957,rebounding,1,,,,,null,,,
2958,rebounding,1,,,,,null,,,
2959,rebounding,1,,,,,null,,,
2960,rebounding,1,603,250,22063,97.89,sam2,1.0,749.192,13.378
2961,rebounding,1,,,,,null,,,
2962,rebounding,1,,,,,null,,,
2963,rebounding,1,,,,,null,,,
2964,rebounding,1,603,250,22213,98.55,sam2,0.0,0.0,0.0
2965,rebounding,1,,,,,null,,,
2966,rebounding,1,,,,,null,,,
2967,rebounding,1,,,,,null,,,
2968,rebounding,1,603,250,22121,98.15,sam2,0.0,0.0,0.0
2969,rebounding,1,,,,,null,,,
2970,rebounding,1,,,,,null,,,
2971,rebounding,1,,,,,null,,,
2972,rebounding,1,603,250,22029,97.74,sam2,0.0,0.0,0.0
2973,rebounding,1,,,,,null,,,
2974,rebounding,1,,,,,null,,,
2975,rebounding,1,,,,,null,,,
2976,rebounding,1,603,251,21713,96.34,sam2,1.0,749.192,13.378
2977,rebounding,1,,,,,null,,,
2978,rebounding,1,,,,,null,,,
2979,rebounding,1,,,,,null,,,
2980,rebounding,1,603,252,21588,95.78,sam2,1.0,749.192,13.378
2981,rebounding,1,,,,,null,,,
2982,rebounding,1,,,,,null,,,
2983,rebounding,1,,,,,null,,,
2984,rebounding,1,603,253,21357,94.76,sam2,1.0,749.192,13.378
2985,rebounding,1,,,,,null,,,
2986,rebounding,1,,,,,null,,,
2987,rebounding,1,,,,,null,,,
2988,rebounding,1,603,253,21134,93.77,sam2,0.0,0.0,0.0
2989,rebounding,1,,,,,null,,,
2990,rebounding,1,,,,,null,,,
2991,rebounding,1,,,,,null,,,
2992,rebounding,1,603,253,21016,93.24,sam2,0.0,0.0,0.0
2993,rebounding,1,,,,,null,,,
2994,rebounding,1,,,,,null,,,
2995,rebounding,1,,,,,null,,,
2996,rebounding,1,603,253,21079,93.52,sam2,0.0,0.0,0.0
2997,rebounding,1,,,,,null,,,
2998,rebounding,1,,,,,null,,,
2999,rebounding,1,,,,,null,,,
3000,rebounding,1,603,253,21165,93.9,sam2,0.0,0.0,0.0
3001,rebounding,1,,,,,null,,,
3002,rebounding,1,,,,,null,,,
3003,rebounding,1,,,,,null,,,
3004,rebounding,1,603,252,21286,94.44,sam2,1.0,749.192,13.378
3005,rebounding,1,,,,,null,,,
3006,rebounding,1,,,,,null,,,
3007,rebounding,1,,,,,null,,,
3008,rebounding,1,603,251,21515,95.46,sam2,1.0,749.192,13.378
3009,rebounding,1,,,,,null,,,
3010,rebounding,1,,,,,null,,,
3011,rebounding,1,,,,,null,,,
3012,rebounding,1,603,251,21851,96.95,sam2,0.0,0.0,0.0
3013,rebounding,1,,,,,null,,,
3014,rebounding,1,,,,,null,,,
3015,rebounding,1,,,,,null,,,
3016,rebounding,1,603,250,22044,97.8,sam2,1.0,749.192,13.378
3017,rebounding,1,,,,,null,,,
3018,rebounding,1,,,,,null,,,
3019,rebounding,1,,,,,null,,,
3020,rebounding,1,603,250,21958,97.42,sam2,0.0,0.0,0.0
3021,rebounding,1,,,,,null,,,
3022,rebounding,1,,,,,null,,,
3023,rebounding,1,,,,,null,,,
3024,rebounding,1,603,250,22083,97.98,sam2,0.0,0.0,0.0
3025,rebounding,1,,,,,null,,,
3026,rebounding,1,,,,,null,,,
3027,rebounding,1,,,,,null,,,
3028,rebounding,1,603,250,21990,97.56,sam2,0.0,0.0,0.0
3029,rebounding,1,,,,,null,,,
3030,rebounding,1,,,,,null,,,
3031,rebounding,1,,,,,null,,,
3032,rebounding,1,603,251,21725,96.39,sam2,1.0,749.192,13.378
3033,rebounding,1,,,,,null,,,
3034,rebounding,1,,,,,null,,,
3035,rebounding,1,,,,,null,,,
3036,rebounding,1,603,252,21566,95.68,sam2,1.0,749.192,13.378
3037,rebounding,1,,,,,null,,,
3038,rebounding,1,,,,,null,,,
3039,rebounding,1,,,,,null,,,
3040,rebounding,1,603,253,21405,94.97,sam2,1.0,749.192,13.378
3041,rebounding,1,,,,,null,,,
3042,rebounding,1,,,,,null,,,
3043,rebounding,1,,,,,null,,,
3044,rebounding,1,603,253,21149,93.83,sam2,0.0,0.0,0.0
3045,rebounding,1,,,,,null,,,
3046,rebounding,1,,,,,null,,,
3047,rebounding,1,,,,,null,,,
3048,rebounding,1,603,253,20899,92.72,sam2,0.0,0.0,0.0
3049,rebounding,1,,,,,null,,,
3050,rebounding,1,,,,,null,,,
3051,rebounding,1,,,,,null,,,
3052,rebounding,1,603,253,21033,93.32,sam2,0.0,0.0,0.0
3053,rebounding,1,,,,,null,,,
3054,rebounding,1,,,,,null,,,
3055,rebounding,1,,,,,null,,,
3056,rebounding,1,603,253,21186,94.0,sam2,0.0,0.0,0.0
3057,rebounding,1,,,,,null,,,
3058,rebounding,1,,,,,null,,,
3059,rebounding,1,,,,,null,,,
3060,rebounding,1,603,252,21424,95.05,sam2,1.0,749.192,13.378
3061,rebounding,1,,,,,null,,,
3062,rebounding,1,,,,,null,,,
3063,rebounding,1,,,,,null,,,
3064,rebounding,1,603,252,21577,95.73,sam2,0.0,0.0,0.0
3065,rebounding,1,,,,,null,,,
3066,rebounding,1,,,,,null,,,
3067,rebounding,1,,,,,null,,,
3068,rebounding,1,603,251,21793,96.69,sam2,1.0,749.192,13.378
3069,rebounding,1,,,,,null,,,
3070,rebounding,1,,,,,null,,,
3071,rebounding,1,,,,,null,,,
3072,rebounding,1,603,250,21919,97.25,sam2,1.0,749.192,13.378
3073,rebounding,1,,,,,null,,,
3074,rebounding,1,,,,,null,,,
3075,rebounding,1,,,,,null,,,
3076,rebounding,1,603,250,22019,97.69,sam2,0.0,0.0,0.0
3077,rebounding,1,,,,,null,,,
3078,rebounding,1,,,,,null,,,
3079,rebounding,1,,,,,null,,,
3080,rebounding,1,603,250,21994,97.58,sam2,0.0,0.0,0.0
3081,rebounding,1,,,,,null,,,
3082,rebounding,1,,,,,null,,,
3083,rebounding,1,,,,,null,,,
3084,rebounding,1,603,250,21894,97.14,sam2,0.0,0.0,0.0
3085,rebounding,1,,,,,null,,,
3086,rebounding,1,,,,,null,,,
3087,rebounding,1,,,,,null,,,
3088,rebounding,1,603,251,21765,96.57,sam2,1.0,749.192,13.378
3089,rebounding,1,,,,,null,,,
3090,rebounding,1,,,,,null,,,
3091,rebounding,1,,,,,null,,,
3092,rebounding,1,603,251,21580,95.75,sam2,0.0,0.0,0.0
3093,rebounding,1,,,,,null,,,
3094,rebounding,1,,,,,null,,,
3095,rebounding,1,,,,,null,,,
3096,rebounding,1,603,252,21362,94.78,sam2,1.0,749.192,13.378
3097,rebounding,1,,,,,null,,,
3098,rebounding,1,,,,,null,,,
3099,rebounding,1,,,,,null,,,
3100,rebounding,1,603,253,21227,94.18,sam2,1.0,749.192,13.378
3101,rebounding,1,,,,,null,,,
3102,rebounding,1,,,,,null,,,
3103,rebounding,1,,,,,null,,,
3104,rebounding,1,603,253,21164,93.9,sam2,0.0,0.0,0.0
3105,rebounding,1,,,,,null,,,
3106,rebounding,1,,,,,null,,,
3107,rebounding,1,,,,,null,,,
3108,rebounding,1,603,253,21171,93.93,sam2,0.0,0.0,0.0
3109,rebounding,1,,,,,null,,,
3110,rebounding,1,,,,,null,,,
3111,rebounding,1,,,,,null,,,
3112,rebounding,1,603,253,21251,94.29,sam2,0.0,0.0,0.0
3113,rebounding,1,,,,,null,,,
3114,rebounding,1,,,,,null,,,
3115,rebounding,1,,,,,null,,,
3116,rebounding,1,603,252,21416,95.02,sam2,1.0,749.192,13.378
3117,rebounding,1,,,,,null,,,
3118,rebounding,1,,,,,null,,,
3119,rebounding,1,,,,,null,,,
3120,rebounding,1,603,252,21497,95.38,sam2,0.0,0.0,0.0
3121,rebounding,1,,,,,null,,,
3122,rebounding,1,,,,,null,,,
3123,rebounding,1,,,,,null,,,
3124,rebounding,1,603,251,21804,96.74,sam2,1.0,749.192,13.378
3125,rebounding,1,,,,,null,,,
3126,rebounding,1,,,,,null,,,
3127,rebounding,1,,,,,null,,,
3128,rebounding,1,603,251,21930,97.3,sam2,0.0,0.0,0.0
3129,rebounding,1,,,,,null,,,
3130,rebounding,1,,,,,null,,,
3131,rebounding,1,,,,,null,,,
3132,rebounding,1,603,250,22076,97.95,sam2,1.0,749.192,13.378
3133,rebounding,1,,,,,null,,,
3134,rebounding,1,,,,,null,,,
3135,rebounding,1,,,,,null,,,
3136,rebounding,1,603,250,22035,97.76,sam2,0.0,0.0,0.0
3137,rebounding,1,,,,,null,,,
3138,rebounding,1,,,,,null,,,
3139,rebounding,1,,,,,null,,,
3140,rebounding,1,603,251,22111,98.1,sam2,1.0,749.192,13.378
3141,rebounding,1,,,,,null,,,
3142,rebounding,1,,,,,null,,,
3143,rebounding,1,,,,,null,,,
3144,rebounding,1,603,251,21867,97.02,sam2,0.0,0.0,0.0
3145,rebounding,1,,,,,null,,,
3146,rebounding,1,,,,,null,,,
3147,rebounding,1,,,,,null,,,
3148,rebounding,1,603,251,21654,96.07,sam2,0.0,0.0,0.0
3149,rebounding,1,,,,,null,,,
3150,rebounding,1,,,,,null,,,
3151,rebounding,1,,,,,null,,,
3152,rebounding,1,603,252,21501,95.39,sam2,1.0,749.192,13.378
3153,rebounding,1,,,,,null,,,
3154,rebounding,1,,,,,null,,,
3155,rebounding,1,,,,,null,,,
3156,rebounding,1,603,252,21235,94.21,sam2,0.0,0.0,0.0
3157,rebounding,1,,,,,null,,,
3158,rebounding,1,,,,,null,,,
3159,rebounding,1,,,,,null,,,
3160,rebounding,1,603,253,21110,93.66,sam2,1.0,749.192,13.378
3161,rebounding,1,,,,,null,,,
3162,rebounding,1,,,,,null,,,
3163,rebounding,1,,,,,null,,,
3164,rebounding,1,603,253,21116,93.69,sam2,0.0,0.0,0.0
3165,rebounding,1,,,,,null,,,
3166,rebounding,1,,,,,null,,,
3167,rebounding,1,,,,,null,,,
3168,rebounding,1,603,253,21177,93.96,sam2,0.0,0.0,0.0
3169,rebounding,1,,,,,null,,,
3170,rebounding,1,,,,,null,,,
3171,rebounding,1,,,,,null,,,
3172,rebounding,1,603,252,21339,94.68,sam2,1.0,749.192,13.378
3173,rebounding,1,,,,,null,,,
3174,rebounding,1,,,,,null,,,
3175,rebounding,1,,,,,null,,,
3176,rebounding,1,603,252,21535,95.55,sam2,0.0,0.0,0.0
3177,rebounding,1,,,,,null,,,
3178,rebounding,1,,,,,null,,,
3179,rebounding,1,,,,,null,,,
3180,rebounding,1,603,251,21639,96.01,sam2,1.0,749.192,13.378
3181,rebounding,1,,,,,null,,,
3182,rebounding,1,,,,,null,,,
3183,rebounding,1,,,,,null,,,
3184,rebounding,1,603,251,21852,96.95,sam2,0.0,0.0,0.0
3185,rebounding,1,,,,,null,,,
3186,rebounding,1,,,,,null,,,
3187,rebounding,1,,,,,null,,,
3188,rebounding,1,603,250,21846,96.93,sam2,1.0,749.192,13.378
3189,rebounding,1,,,,,null,,,
3190,rebounding,1,,,,,null,,,
3191,rebounding,1,,,,,null,,,
3192,rebounding,1,603,250,21974,97.49,sam2,0.0,0.0,0.0
3193,rebounding,1,,,,,null,,,
3194,rebounding,1,,,,,null,,,
3195,rebounding,1,,,,,null,,,
3196,rebounding,1,603,250,21804,96.74,sam2,0.0,0.0,0.0
3197,rebounding,1,,,,,null,,,
3198,rebounding,1,,,,,null,,,
3199,rebounding,1,,,,,null,,,
3200,rebounding,1,603,250,21757,96.53,sam2,0.0,0.0,0.0
3201,rebounding,1,,,,,null,,,
3202,rebounding,1,,,,,null,,,
3203,rebounding,1,,,,,null,,,
3204,rebounding,1,603,251,21586,95.77,sam2,1.0,749.192,13.378
3205,rebounding,1,,,,,null,,,
3206,rebounding,1,,,,,null,,,
3207,rebounding,1,,,,,null,,,
3208,rebounding,1,603,252,21436,95.11,sam2,1.0,749.192,13.378
3209,rebounding,1,,,,,null,,,
3210,rebounding,1,,,,,null,,,
3211,rebounding,1,,,,,null,,,
3212,rebounding,1,603,252,21312,94.56,sam2,0.0,0.0,0.0
3213,rebounding,1,,,,,null,,,
3214,rebounding,1,,,,,null,,,
3215,rebounding,1,,,,,null,,,
3216,rebounding,1,603,253,21218,94.14,sam2,1.0,749.192,13.378
3217,rebounding,1,,,,,null,,,
3218,rebounding,1,,,,,null,,,
3219,rebounding,1,,,,,null,,,
3220,rebounding,1,603,253,21223,94.16,sam2,0.0,0.0,0.0
3221,rebounding,1,,,,,null,,,
3222,rebounding,1,,,,,null,,,
3223,rebounding,1,,,,,null,,,
3224,rebounding,1,603,253,21324,94.61,sam2,0.0,0.0,0.0
3225,rebounding,1,,,,,null,,,
3226,rebounding,1,,,,,null,,,
3227,rebounding,1,,,,,null,,,
3228,rebounding,1,603,252,21406,94.97,sam2,1.0,749.192,13.378
3229,rebounding,1,,,,,null,,,
3230,rebounding,1,,,,,null,,,
3231,rebounding,1,,,,,null,,,
3232,rebounding,1,603,252,21421,95.04,sam2,0.0,0.0,0.0
3233,rebounding,1,,,,,null,,,
3234,rebounding,1,,,,,null,,,
3235,rebounding,1,,,,,null,,,
3236,rebounding,1,603,251,21739,96.45,sam2,1.0,749.192,13.378
3237,rebounding,1,,,,,null,,,
3238,rebounding,1,,,,,null,,,
3239,rebounding,1,,,,,null,,,
3240,rebounding,1,603,251,21867,97.02,sam2,0.0,0.0,0.0
3241,rebounding,1,,,,,null,,,
3242,rebounding,1,,,,,null,,,
3243,rebounding,1,,,,,null,,,
3244,rebounding,1,603,250,21947,97.37,sam2,1.0,749.192,13.378
3245,rebounding,1,,,,,null,,,
3246,rebounding,1,,,,,null,,,
3247,rebounding,1,,,,,null,,,
3248,rebounding,1,603,251,22012,97.66,sam2,1.0,749.192,13.378
3249,rebounding,1,,,,,null,,,
3250,rebounding,1,,,,,null,,,
3251,rebounding,1,,,,,null,,,
3252,rebounding,1,603,250,21897,97.15,sam2,1.0,749.192,13.378
3253,rebounding,1,,,,,null,,,
3254,rebounding,1,,,,,null,,,
3255,rebounding,1,,,,,null,,,
3256,rebounding,1,603,251,21885,97.1,sam2,1.0,749.192,13.378
3257,rebounding,1,,,,,null,,,
3258,rebounding,1,,,,,null,,,
3259,rebounding,1,,,,,null,,,
3260,rebounding,1,603,251,21773,96.6,sam2,0.0,0.0,0.0
3261,rebounding,1,,,,,null,,,
3262,rebounding,1,,,,,null,,,
3263,rebounding,1,,,,,null,,,
3264,rebounding,1,603,252,21539,95.56,sam2,1.0,749.192,13.378
3265,rebounding,1,,,,,null,,,
3266,rebounding,1,,,,,null,,,
3267,rebounding,1,,,,,null,,,
3268,rebounding,1,603,252,21413,95.0,sam2,0.0,0.0,0.0
3269,rebounding,1,,,,,null,,,
3270,rebounding,1,,,,,null,,,
3271,rebounding,1,,,,,null,,,
3272,rebounding,1,603,253,21289,94.45,sam2,1.0,749.192,13.378
3273,rebounding,1,,,,,null,,,
3274,rebounding,1,,,,,null,,,
3275,rebounding,1,,,,,null,,,
3276,rebounding,1,603,253,21256,94.31,sam2,0.0,0.0,0.0
3277,rebounding,1,,,,,null,,,
3278,rebounding,1,,,,,null,,,
3279,rebounding,1,,,,,null,,,
3280,rebounding,1,603,253,21259,94.32,sam2,0.0,0.0,0.0
3281,rebounding,1,,,,,null,,,
3282,rebounding,1,,,,,null,,,
3283,rebounding,1,,,,,null,,,
3284,rebounding,1,603,252,21350,94.72,sam2,1.0,749.192,13.378
3285,rebounding,1,,,,,null,,,
3286,rebounding,1,,,,,null,,,
3287,rebounding,1,,,,,null,,,
3288,rebounding,1,603,252,21376,94.84,sam2,0.0,0.0,0.0
3289,rebounding,1,,,,,null,,,
3290,rebounding,1,,,,,null,,,
3291,rebounding,1,,,,,null,,,
3292,rebounding,1,603,251,21600,95.83,sam2,1.0,749.192,13.378
3293,rebounding,1,,,,,null,,,
3294,rebounding,1,,,,,null,,,
3295,rebounding,1,,,,,null,,,
3296,rebounding,1,603,251,21713,96.34,sam2,0.0,0.0,0.0
3297,rebounding,1,,,,,null,,,
3298,rebounding,1,,,,,null,,,
3299,rebounding,1,,,,,null,,,
3300,rebounding,1,603,251,21914,97.23,sam2,0.0,0.0,0.0
3301,rebounding,1,,,,,null,,,
3302,rebounding,1,,,,,null,,,
3303,rebounding,1,,,,,null,,,
3304,rebounding,1,603,251,22009,97.65,sam2,0.0,0.0,0.0
3305,rebounding,1,,,,,null,,,
3306,rebounding,1,,,,,null,,,
3307,rebounding,1,,,,,null,,,
3308,rebounding,1,603,250,21861,96.99,sam2,1.0,749.192,13.378
3309,rebounding,1,,,,,null,,,
3310,rebounding,1,,,,,null,,,
3311,rebounding,1,,,,,null,,,
3312,rebounding,1,603,251,21722,96.38,sam2,1.0,749.192,13.378
3313,rebounding,1,,,,,null,,,
3314,rebounding,1,,,,,null,,,
3315,rebounding,1,,,,,null,,,
3316,rebounding,1,603,251,21651,96.06,sam2,0.0,0.0,0.0
3317,rebounding,1,,,,,null,,,
3318,rebounding,1,,,,,null,,,
3319,rebounding,1,,,,,null,,,
3320,rebounding,1,603,251,21443,95.14,sam2,0.0,0.0,0.0
3321,rebounding,1,,,,,null,,,
3322,rebounding,1,,,,,null,,,
3323,rebounding,1,,,,,null,,,
3324,rebounding,1,603,252,21501,95.39,sam2,1.0,749.192,13.378
3325,rebounding,1,,,,,null,,,
3326,rebounding,1,,,,,null,,,
3327,rebounding,1,,,,,null,,,
3328,rebounding,1,603,253,21328,94.63,sam2,1.0,749.192,13.378
3329,rebounding,1,,,,,null,,,
3330,rebounding,1,,,,,null,,,
3331,rebounding,1,,,,,null,,,
3332,rebounding,1,603,252,21141,93.8,sam2,1.0,749.192,13.378
3333,rebounding,1,,,,,null,,,
3334,rebounding,1,,,,,null,,,
3335,rebounding,1,,,,,null,,,
3336,rebounding,1,603,253,21259,94.32,sam2,1.0,749.192,13.378
3337,rebounding,1,,,,,null,,,
3338,rebounding,1,,,,,null,,,
3339,rebounding,1,,,,,null,,,
3340,rebounding,1,603,252,21167,93.91,sam2,1.0,749.192,13.378
3341,rebounding,1,,,,,null,,,
3342,rebounding,1,,,,,null,,,
3343,rebounding,1,,,,,null,,,
3344,rebounding,1,603,252,21405,94.97,sam2,0.0,0.0,0.0
3345,rebounding,1,,,,,null,,,
3346,rebounding,1,,,,,null,,,
3347,rebounding,1,,,,,null,,,
3348,rebounding,1,603,252,21616,95.9,sam2,0.0,0.0,0.0
3349,rebounding,1,,,,,null,,,
3350,rebounding,1,,,,,null,,,
3351,rebounding,1,,,,,null,,,
3352,rebounding,1,603,251,21770,96.59,sam2,1.0,749.192,13.378
3353,rebounding,1,,,,,null,,,
3354,rebounding,1,,,,,null,,,
3355,rebounding,1,,,,,null,,,
3356,rebounding,1,603,251,21825,96.83,sam2,0.0,0.0,0.0
3357,rebounding,1,,,,,null,,,
3358,rebounding,1,,,,,null,,,
3359,rebounding,1,,,,,null,,,
3360,rebounding,1,603,251,21896,97.15,sam2,0.0,0.0,0.0
3361,rebounding,1,,,,,null,,,
3362,rebounding,1,,,,,null,,,
3363,rebounding,1,,,,,null,,,
3364,rebounding,1,603,250,21836,96.88,sam2,1.0,749.192,13.378
3365,rebounding,1,,,,,null,,,
3366,rebounding,1,,,,,null,,,
3367,rebounding,1,,,,,null,,,
3368,rebounding,1,603,251,21819,96.81,sam2,1.0,749.192,13.378
3369,rebounding,1,,,,,null,,,
3370,rebounding,1,,,,,null,,,
3371,rebounding,1,,,,,null,,,
3372,rebounding,1,603,251,21755,96.52,sam2,0.0,0.0,0.0
3373,rebounding,1,,,,,null,,,
3374,rebounding,1,,,,,null,,,
3375,rebounding,1,,,,,null,,,
3376,rebounding,1,603,252,21585,95.77,sam2,1.0,749.192,13.378
3377,rebounding,1,,,,,null,,,
3378,rebounding,1,,,,,null,,,
3379,rebounding,1,,,,,null,,,
3380,rebounding,1,603,252,21459,95.21,sam2,0.0,0.0,0.0
3381,rebounding,1,,,,,null,,,
3382,rebounding,1,,,,,null,,,
3383,rebounding,1,,,,,null,,,
3384,rebounding,1,603,252,21367,94.8,sam2,0.0,0.0,0.0
3385,rebounding,1,,,,,null,,,
3386,rebounding,1,,,,,null,,,
3387,rebounding,1,,,,,null,,,
3388,rebounding,1,603,252,21174,93.94,sam2,0.0,0.0,0.0
3389,rebounding,1,,,,,null,,,
3390,rebounding,1,,,,,null,,,
3391,rebounding,1,,,,,null,,,
3392,rebounding,1,603,252,21218,94.14,sam2,0.0,0.0,0.0
3393,rebounding,1,,,,,null,,,
3394,rebounding,1,,,,,null,,,
3395,rebounding,1,,,,,null,,,
3396,rebounding,1,603,252,21303,94.52,sam2,0.0,0.0,0.0
3397,rebounding,1,,,,,null,,,
3398,rebounding,1,,,,,null,,,
3399,rebounding,1,,,,,null,,,
3400,rebounding,1,603,252,21454,95.19,sam2,0.0,0.0,0.0
3401,rebounding,1,,,,,null,,,
3402,rebounding,1,,,,,null,,,
3403,rebounding,1,,,,,null,,,
3404,rebounding,1,603,252,21581,95.75,sam2,0.0,0.0,0.0
3405,rebounding,1,,,,,null,,,
3406,rebounding,1,,,,,null,,,
3407,rebounding,1,,,,,null,,,
3408,rebounding,1,603,251,21698,96.27,sam2,1.0,749.192,13.378
3409,rebounding,1,,,,,null,,,
3410,rebounding,1,,,,,null,,,
3411,rebounding,1,,,,,null,,,
3412,rebounding,1,603,251,21803,96.73,sam2,0.0,0.0,0.0
3413,rebounding,1,,,,,null,,,
3414,rebounding,1,,,,,null,,,
3415,rebounding,1,,,,,null,,,
3416,rebounding,1,603,251,21960,97.43,sam2,0.0,0.0,0.0
3417,rebounding,1,,,,,null,,,
3418,rebounding,1,,,,,null,,,
3419,rebounding,1,,,,,null,,,
3420,rebounding,1,603,251,21888,97.11,sam2,0.0,0.0,0.0
3421,rebounding,1,,,,,null,,,
3422,rebounding,1,,,,,null,,,
3423,rebounding,1,,,,,null,,,
3424,rebounding,1,603,251,21899,97.16,sam2,0.0,0.0,0.0
3425,rebounding,1,,,,,null,,,
3426,rebounding,1,,,,,null,,,
3427,rebounding,1,,,,,null,,,
3428,rebounding,1,603,251,21766,96.57,sam2,0.0,0.0,0.0
3429,rebounding,1,,,,,null,,,
3430,rebounding,1,,,,,null,,,
3431,rebounding,1,,,,,null,,,
3432,rebounding,1,603,251,21515,95.46,sam2,0.0,0.0,0.0
3433,rebounding,1,,,,,null,,,
3434,rebounding,1,,,,,null,,,
3435,rebounding,1,,,,,null,,,
3436,rebounding,1,603,252,21444,95.14,sam2,1.0,749.192,13.378
3437,rebounding,1,,,,,null,,,
3438,rebounding,1,,,,,null,,,
3439,rebounding,1,,,,,null,,,
3440,rebounding,1,603,252,21365,94.79,sam2,0.0,0.0,0.0
3441,rebounding,1,,,,,null,,,
3442,rebounding,1,,,,,null,,,
3443,rebounding,1,,,,,null,,,
3444,rebounding,1,603,253,21307,94.53,sam2,1.0,749.192,13.378
3445,rebounding,1,,,,,null,,,
3446,rebounding,1,,,,,null,,,
3447,rebounding,1,,,,,null,,,
3448,rebounding,1,603,253,21405,94.97,sam2,0.0,0.0,0.0
3449,rebounding,1,,,,,null,,,
3450,rebounding,1,,,,,null,,,
3451,rebounding,1,,,,,null,,,
3452,rebounding,1,603,252,21318,94.58,sam2,1.0,749.192,13.378
3453,rebounding,1,,,,,null,,,
3454,rebounding,1,,,,,null,,,
3455,rebounding,1,,,,,null,,,
3456,rebounding,1,603,252,21444,95.14,sam2,0.0,0.0,0.0
3457,rebounding,1,,,,,null,,,
3458,rebounding,1,,,,,null,,,
3459,rebounding,1,,,,,null,,,
3460,rebounding,1,603,252,21510,95.43,sam2,0.0,0.0,0.0
3461,rebounding,1,,,,,null,,,
3462,rebounding,1,,,,,null,,,
3463,rebounding,1,,,,,null,,,
3464,rebounding,1,603,252,21732,96.42,sam2,0.0,0.0,0.0
3465,rebounding,1,,,,,null,,,
3466,rebounding,1,,,,,null,,,
3467,rebounding,1,,,,,null,,,
3468,rebounding,1,603,251,21792,96.69,sam2,1.0,749.192,13.378
3469,rebounding,1,,,,,null,,,
3470,rebounding,1,,,,,null,,,
3471,rebounding,1,,,,,null,,,
3472,rebounding,1,603,251,21763,96.56,sam2,0.0,0.0,0.0
3473,rebounding,1,,,,,null,,,
3474,rebounding,1,,,,,null,,,
3475,rebounding,1,,,,,null,,,
3476,rebounding,1,603,251,21854,96.96,sam2,0.0,0.0,0.0
3477,rebounding,1,,,,,null,,,
3478,rebounding,1,,,,,null,,,
3479,rebounding,1,,,,,null,,,
3480,rebounding,1,603,251,21741,96.46,sam2,0.0,0.0,0.0
3481,rebounding,1,,,,,null,,,
3482,rebounding,1,,,,,null,,,
3483,rebounding,1,,,,,null,,,
3484,rebounding,1,603,251,21744,96.47,sam2,0.0,0.0,0.0
3485,rebounding,1,,,,,null,,,
3486,rebounding,1,,,,,null,,,
3487,rebounding,1,,,,,null,,,
3488,rebounding,1,603,252,21674,96.16,sam2,1.0,749.192,13.378
3489,rebounding,1,,,,,null,,,
3490,rebounding,1,,,,,null,,,
3491,rebounding,1,,,,,null,,,
3492,rebounding,1,603,252,21478,95.29,sam2,0.0,0.0,0.0
3493,rebounding,1,,,,,null,,,
3494,rebounding,1,,,,,null,,,
3495,rebounding,1,,,,,null,,,
3496,rebounding,1,603,252,21352,94.73,sam2,0.0,0.0,0.0
3497,rebounding,1,,,,,null,,,
3498,rebounding,1,,,,,null,,,
3499,rebounding,1,,,,,null,,,
3500,rebounding,1,603,252,21337,94.67,sam2,0.0,0.0,0.0
3501,rebounding,1,,,,,null,,,
3502,rebounding,1,,,,,null,,,
3503,rebounding,1,,,,,null,,,
3504,rebounding,1,603,252,21314,94.56,sam2,0.0,0.0,0.0
3505,rebounding,1,,,,,null,,,
3506,rebounding,1,,,,,null,,,
3507,rebounding,1,,,,,null,,,
3508,rebounding,1,603,252,21286,94.44,sam2,0.0,0.0,0.0
3509,rebounding,1,,,,,null,,,
3510,rebounding,1,,,,,null,,,
3511,rebounding,1,,,,,null,,,
3512,rebounding,1,603,252,21434,95.1,sam2,0.0,0.0,0.0
3513,rebounding,1,,,,,null,,,
3514,rebounding,1,,,,,null,,,
3515,rebounding,1,,,,,null,,,
3516,rebounding,1,603,252,21539,95.56,sam2,0.0,0.0,0.0
3517,rebounding,1,,,,,null,,,
3518,rebounding,1,,,,,null,,,
3519,rebounding,1,,,,,null,,,
3520,rebounding,1,603,251,21628,95.96,sam2,1.0,749.192,13.378
3521,rebounding,1,,,,,null,,,
3522,rebounding,1,,,,,null,,,
3523,rebounding,1,,,,,null,,,
3524,rebounding,1,603,251,21728,96.4,sam2,0.0,0.0,0.0
3525,rebounding,1,,,,,null,,,
3526,rebounding,1,,,,,null,,,
3527,rebounding,1,,,,,null,,,
3528,rebounding,1,603,251,21766,96.57,sam2,0.0,0.0,0.0
3529,rebounding,1,,,,,null,,,
3530,rebounding,1,,,,,null,,,
3531,rebounding,1,,,,,null,,,
3532,rebounding,1,603,251,21869,97.03,sam2,0.0,0.0,0.0
3533,rebounding,1,,,,,null,,,
3534,rebounding,1,,,,,null,,,
3535,rebounding,1,,,,,null,,,
3536,rebounding,1,603,251,21738,96.45,sam2,0.0,0.0,0.0
3537,rebounding,1,,,,,null,,,
3538,rebounding,1,,,,,null,,,
3539,rebounding,1,,,,,null,,,
3540,rebounding,1,603,251,21662,96.11,sam2,0.0,0.0,0.0
3541,rebounding,1,,,,,null,,,
3542,rebounding,1,,,,,null,,,
3543,rebounding,1,,,,,null,,,
3544,rebounding,1,603,252,21765,96.57,sam2,1.0,749.192,13.378
3545,rebounding,1,,,,,null,,,
3546,rebounding,1,,,,,null,,,
3547,rebounding,1,,,,,null,,,
3548,rebounding,1,603,252,21487,95.33,sam2,0.0,0.0,0.0
3549,rebounding,1,,,,,null,,,
3550,rebounding,1,,,,,null,,,
3551,rebounding,1,,,,,null,,,
3552,rebounding,1,603,252,21441,95.13,sam2,0.0,0.0,0.0
3553,rebounding,1,,,,,null,,,
3554,rebounding,1,,,,,null,,,
3555,rebounding,1,,,,,null,,,
3556,rebounding,1,603,252,21401,94.95,sam2,0.0,0.0,0.0
3557,rebounding,1,,,,,null,,,
3558,rebounding,1,,,,,null,,,
3559,rebounding,1,,,,,null,,,
3560,rebounding,1,603,252,21260,94.33,sam2,0.0,0.0,0.0
3561,rebounding,1,,,,,null,,,
3562,rebounding,1,,,,,null,,,
3563,rebounding,1,,,,,null,,,
3564,rebounding,1,603,252,21365,94.79,sam2,0.0,0.0,0.0
3565,rebounding,1,,,,,null,,,
3566,rebounding,1,,,,,null,,,
3567,rebounding,1,,,,,null,,,
3568,rebounding,1,603,252,21428,95.07,sam2,0.0,0.0,0.0
3569,rebounding,1,,,,,null,,,
3570,rebounding,1,,,,,null,,,
3571,rebounding,1,,,,,null,,,
3572,rebounding,1,603,252,21455,95.19,sam2,0.0,0.0,0.0
3573,rebounding,1,,,,,null,,,
3574,rebounding,1,,,,,null,,,
3575,rebounding,1,,,,,null,,,
3576,rebounding,1,603,252,21646,96.04,sam2,0.0,0.0,0.0
3577,rebounding,1,,,,,null,,,
3578,rebounding,1,,,,,null,,,
3579,rebounding,1,,,,,null,,,
3580,rebounding,1,603,251,21617,95.91,sam2,1.0,749.192,13.378
3581,rebounding,1,,,,,null,,,
3582,rebounding,1,,,,,null,,,
3583,rebounding,1,,,,,null,,,
3584,rebounding,1,603,251,21762,96.55,sam2,0.0,0.0,0.0
3585,rebounding,1,,,,,null,,,
3586,rebounding,1,,,,,null,,,
3587,rebounding,1,,,,,null,,,
3588,rebounding,1,603,251,21725,96.39,sam2,0.0,0.0,0.0
3589,rebounding,1,,,,,null,,,
3590,rebounding,1,,,,,null,,,
3591,rebounding,1,,,,,null,,,
3592,rebounding,1,603,251,21807,96.75,sam2,0.0,0.0,0.0
3593,rebounding,1,,,,,null,,,
3594,rebounding,1,,,,,null,,,
3595,rebounding,1,,,,,null,,,
3596,rebounding,1,603,251,21747,96.49,sam2,0.0,0.0,0.0
3597,rebounding,1,,,,,null,,,
3598,rebounding,1,,,,,null,,,
3599,rebounding,1,,,,,null,,,
3600,rebounding,1,603,251,21646,96.04,sam2,0.0,0.0,0.0
3601,rebounding,1,,,,,null,,,
3602,rebounding,1,,,,,null,,,
3603,rebounding,1,,,,,null,,,
3604,rebounding,1,603,252,21621,95.93,sam2,1.0,749.192,13.378
3605,rebounding,1,,,,,null,,,
3606,rebounding,1,,,,,null,,,
3607,rebounding,1,,,,,null,,,
3608,rebounding,1,603,252,21427,95.07,sam2,0.0,0.0,0.0
3609,rebounding,1,,,,,null,,,
3610,rebounding,1,,,,,null,,,
3611,rebounding,1,,,,,null,,,
3612,rebounding,1,603,252,21402,94.96,sam2,0.0,0.0,0.0
3613,rebounding,1,,,,,null,,,
3614,rebounding,1,,,,,null,,,
3615,rebounding,1,,,,,null,,,
3616,rebounding,1,603,252,21353,94.74,sam2,0.0,0.0,0.0
3617,rebounding,1,,,,,null,,,
3618,rebounding,1,,,,,null,,,
3619,rebounding,1,,,,,null,,,
3620,rebounding,1,603,253,21479,95.3,sam2,1.0,749.192,13.378
3621,rebounding,1,,,,,null,,,
3622,rebounding,1,,,,,null,,,
3623,rebounding,1,,,,,null,,,
3624,rebounding,1,603,252,21420,95.04,sam2,1.0,749.192,13.378
3625,rebounding,1,,,,,null,,,
3626,rebounding,1,,,,,null,,,
3627,rebounding,1,,,,,null,,,
3628,rebounding,1,603,252,21500,95.39,sam2,0.0,0.0,0.0
3629,rebounding,1,,,,,null,,,
3630,rebounding,1,,,,,null,,,
3631,rebounding,1,,,,,null,,,
3632,rebounding,1,603,252,21599,95.83,sam2,0.0,0.0,0.0
3633,rebounding,1,,,,,null,,,
3634,rebounding,1,,,,,null,,,
3635,rebounding,1,,,,,null,,,
3636,rebounding,1,603,251,21650,96.06,sam2,1.0,749.192,13.378
3637,rebounding,1,,,,,null,,,
3638,rebounding,1,,,,,null,,,
3639,rebounding,1,,,,,null,,,
3640,rebounding,1,603,251,21778,96.62,sam2,0.0,0.0,0.0
3641,rebounding,1,,,,,null,,,
3642,rebounding,1,,,,,null,,,
3643,rebounding,1,,,,,null,,,
3644,rebounding,1,603,251,21851,96.95,sam2,0.0,0.0,0.0
3645,rebounding,1,,,,,null,,,
3646,rebounding,1,,,,,null,,,
3647,rebounding,1,,,,,null,,,
3648,rebounding,1,603,251,21698,96.27,sam2,0.0,0.0,0.0
3649,rebounding,1,,,,,null,,,
3650,rebounding,1,,,,,null,,,
3651,rebounding,1,,,,,null,,,
3652,rebounding,1,603,251,21665,96.12,sam2,0.0,0.0,0.0
3653,rebounding,1,,,,,null,,,
3654,rebounding,1,,,,,null,,,
3655,rebounding,1,,,,,null,,,
3656,rebounding,1,603,251,21610,95.88,sam2,0.0,0.0,0.0
3657,rebounding,1,,,,,null,,,
3658,rebounding,1,,,,,null,,,
3659,rebounding,1,,,,,null,,,
3660,rebounding,1,603,252,21589,95.79,sam2,1.0,749.192,13.378
3661,rebounding,1,,,,,null,,,
3662,rebounding,1,,,,,null,,,
3663,rebounding,1,,,,,null,,,
3664,rebounding,1,603,252,21473,95.27,sam2,0.0,0.0,0.0
3665,rebounding,1,,,,,null,,,
3666,rebounding,1,,,,,null,,,
3667,rebounding,1,,,,,null,,,
3668,rebounding,1,603,252,21458,95.2,sam2,0.0,0.0,0.0
3669,rebounding,1,,,,,null,,,
3670,rebounding,1,,,,,null,,,
3671,rebounding,1,,,,,null,,,
3672,rebounding,1,603,252,21387,94.89,sam2,0.0,0.0,0.0
3673,rebounding,1,,,,,null,,,
3674,rebounding,1,,,,,null,,,
3675,rebounding,1,,,,,null,,,
3676,rebounding,1,603,252,21421,95.04,sam2,0.0,0.0,0.0
3677,rebounding,1,,,,,null,,,
3678,rebounding,1,,,,,null,,,
3679,rebounding,1,,,,,null,,,
3680,rebounding,1,603,252,21363,94.78,sam2,0.0,0.0,0.0
3681,rebounding,1,,,,,null,,,
3682,rebounding,1,,,,,null,,,
3683,rebounding,1,,,,,null,,,
3684,rebounding,1,603,252,21473,95.27,sam2,0.0,0.0,0.0
3685,rebounding,1,,,,,null,,,
3686,rebounding,1,,,,,null,,,
3687,rebounding,1,,,,,null,,,
3688,rebounding,1,603,252,21473,95.27,sam2,0.0,0.0,0.0
3689,rebounding,1,,,,,null,,,
3690,rebounding,1,,,,,null,,,
3691,rebounding,1,,,,,null,,,
3692,rebounding,1,603,251,21642,96.02,sam2,1.0,749.192,13.378
3693,rebounding,1,,,,,null,,,
3694,rebounding,1,,,,,null,,,
3695,rebounding,1,,,,,null,,,
3696,rebounding,1,603,251,21660,96.1,sam2,0.0,0.0,0.0
3697,rebounding,1,,,,,null,,,
3698,rebounding,1,,,,,null,,,
3699,rebounding,1,,,,,null,,,
3700,rebounding,1,603,251,21856,96.97,sam2,0.0,0.0,0.0
3701,rebounding,1,,,,,null,,,
3702,rebounding,1,,,,,null,,,
3703,rebounding,1,,,,,null,,,
3704,rebounding,1,603,251,21704,96.3,sam2,0.0,0.0,0.0
3705,rebounding,1,,,,,null,,,
3706,rebounding,1,,,,,null,,,
3707,rebounding,1,,,,,null,,,
3708,rebounding,1,603,251,21754,96.52,sam2,0.0,0.0,0.0
3709,rebounding,1,,,,,null,,,
3710,rebounding,1,,,,,null,,,
3711,rebounding,1,,,,,null,,,
3712,rebounding,1,603,251,21742,96.46,sam2,0.0,0.0,0.0
3713,rebounding,1,,,,,null,,,
3714,rebounding,1,,,,,null,,,
3715,rebounding,1,,,,,null,,,
3716,rebounding,1,603,252,21624,95.94,sam2,1.0,749.192,13.378
3717,rebounding,1,,,,,null,,,
3718,rebounding,1,,,,,null,,,
3719,rebounding,1,,,,,null,,,
3720,rebounding,1,603,252,21586,95.77,sam2,0.0,0.0,0.0
3721,rebounding,1,,,,,null,,,
3722,rebounding,1,,,,,null,,,
3723,rebounding,1,,,,,null,,,
3724,rebounding,1,603,252,21438,95.12,sam2,0.0,0.0,0.0
3725,rebounding,1,,,,,null,,,
3726,rebounding,1,,,,,null,,,
3727,rebounding,1,,,,,null,,,
3728,rebounding,1,603,252,21387,94.89,sam2,0.0,0.0,0.0
3729,rebounding,1,,,,,null,,,
3730,rebounding,1,,,,,null,,,
3731,rebounding,1,,,,,null,,,
3732,rebounding,1,603,252,21399,94.94,sam2,0.0,0.0,0.0
3733,rebounding,1,,,,,null,,,
3734,rebounding,1,,,,,null,,,
3735,rebounding,1,,,,,null,,,
3736,rebounding,1,603,252,21455,95.19,sam2,0.0,0.0,0.0
3737,rebounding,1,,,,,null,,,
3738,rebounding,1,,,,,null,,,
3739,rebounding,1,,,,,null,,,
3740,rebounding,1,603,252,21453,95.18,sam2,0.0,0.0,0.0
3741,rebounding,1,,,,,null,,,
3742,rebounding,1,,,,,null,,,
3743,rebounding,1,,,,,null,,,
3744,rebounding,1,603,252,21536,95.55,sam2,0.0,0.0,0.0
3745,rebounding,1,,,,,null,,,
3746,rebounding,1,,,,,null,,,
3747,rebounding,1,,,,,null,,,
3748,rebounding,1,603,251,21576,95.73,sam2,1.0,749.192,13.378
3749,rebounding,1,,,,,null,,,
3750,rebounding,1,,,,,null,,,
3751,rebounding,1,,,,,null,,,
3752,rebounding,1,603,251,21745,96.48,sam2,0.0,0.0,0.0
3753,rebounding,1,,,,,null,,,
3754,rebounding,1,,,,,null,,,
3755,rebounding,1,,,,,null,,,
3756,rebounding,1,603,251,21840,96.9,sam2,0.0,0.0,0.0
3757,rebounding,1,,,,,null,,,
3758,rebounding,1,,,,,null,,,
3759,rebounding,1,,,,,null,,,
3760,rebounding,1,603,251,21796,96.7,sam2,0.0,0.0,0.0
3761,rebounding,1,,,,,null,,,
3762,rebounding,1,,,,,null,,,
3763,rebounding,1,,,,,null,,,
3764,rebounding,1,603,251,21813,96.78,sam2,0.0,0.0,0.0
3765,rebounding,1,,,,,null,,,
3766,rebounding,1,,,,,null,,,
3767,rebounding,1,,,,,null,,,
3768,rebounding,1,603,251,21672,96.15,sam2,0.0,0.0,0.0
3769,rebounding,1,,,,,null,,,
3770,rebounding,1,,,,,null,,,
3771,rebounding,1,,,,,null,,,
3772,rebounding,1,603,251,21607,95.86,sam2,0.0,0.0,0.0
3773,rebounding,1,,,,,null,,,
3774,rebounding,1,,,,,null,,,
3775,rebounding,1,,,,,null,,,
3776,rebounding,1,603,252,21547,95.6,sam2,1.0,749.192,13.378
3777,rebounding,1,,,,,null,,,
3778,rebounding,1,,,,,null,,,
3779,rebounding,1,,,,,null,,,
3780,rebounding,1,603,252,21394,94.92,sam2,0.0,0.0,0.0
3781,rebounding,1,,,,,null,,,
3782,rebounding,1,,,,,null,,,
3783,rebounding,1,,,,,null,,,
3784,rebounding,1,603,252,21307,94.53,sam2,0.0,0.0,0.0
3785,rebounding,1,,,,,null,,,
3786,rebounding,1,,,,,null,,,
3787,rebounding,1,,,,,null,,,
3788,rebounding,1,603,252,21402,94.96,sam2,0.0,0.0,0.0
3789,rebounding,1,,,,,null,,,
3790,rebounding,1,,,,,null,,,
3791,rebounding,1,,,,,null,,,
3792,rebounding,1,603,252,21404,94.96,sam2,0.0,0.0,0.0
3793,rebounding,1,,,,,null,,,
3794,rebounding,1,,,,,null,,,
3795,rebounding,1,,,,,null,,,
3796,rebounding,1,603,252,21447,95.16,sam2,0.0,0.0,0.0
3797,rebounding,1,,,,,null,,,
3798,rebounding,1,,,,,null,,,
3799,rebounding,1,,,,,null,,,
3800,rebounding,1,603,252,21500,95.39,sam2,0.0,0.0,0.0
3801,rebounding,1,,,,,null,,,
3802,rebounding,1,,,,,null,,,
3803,rebounding,1,,,,,null,,,
3804,rebounding,1,603,252,21629,95.96,sam2,0.0,0.0,0.0
3805,rebounding,1,,,,,null,,,
3806,rebounding,1,,,,,null,,,
3807,rebounding,1,,,,,null,,,
3808,rebounding,1,603,251,21644,96.03,sam2,1.0,749.192,13.378
3809,rebounding,1,,,,,null,,,
3810,rebounding,1,,,,,null,,,
3811,rebounding,1,,,,,null,,,
3812,rebounding,1,603,251,21652,96.06,sam2,0.0,0.0,0.0
3813,rebounding,1,,,,,null,,,
3814,rebounding,1,,,,,null,,,
3815,rebounding,1,,,,,null,,,
3816,rebounding,1,603,251,21744,96.47,sam2,0.0,0.0,0.0
3817,rebounding,1,,,,,null,,,
3818,rebounding,1,,,,,null,,,
3819,rebounding,1,,,,,null,,,
3820,rebounding,1,603,251,21784,96.65,sam2,0.0,0.0,0.0
3821,rebounding,1,,,,,null,,,
3822,rebounding,1,,,,,null,,,
3823,rebounding,1,,,,,null,,,
3824,rebounding,1,603,251,21726,96.39,sam2,0.0,0.0,0.0
3825,rebounding,1,,,,,null,,,
3826,rebounding,1,,,,,null,,,
3827,rebounding,1,,,,,null,,,
3828,rebounding,1,603,251,21631,95.97,sam2,0.0,0.0,0.0
3829,rebounding,1,,,,,null,,,
3830,rebounding,1,,,,,null,,,
3831,rebounding,1,,,,,null,,,
3832,rebounding,1,603,252,21516,95.46,sam2,1.0,749.192,13.378
3833,rebounding,1,,,,,null,,,
3834,rebounding,1,,,,,null,,,
3835,rebounding,1,,,,,null,,,
3836,rebounding,1,603,252,21439,95.12,sam2,0.0,0.0,0.0
3837,rebounding,1,,,,,null,,,
3838,rebounding,1,,,,,null,,,
3839,rebounding,1,,,,,null,,,
3840,rebounding,1,603,252,21463,95.23,sam2,0.0,0.0,0.0
3841,rebounding,1,,,,,null,,,
3842,rebounding,1,,,,,null,,,
3843,rebounding,1,,,,,null,,,
3844,rebounding,1,603,252,21327,94.62,sam2,0.0,0.0,0.0
3845,rebounding,1,,,,,null,,,
3846,rebounding,1,,,,,null,,,
3847,rebounding,1,,,,,null,,,
3848,rebounding,1,603,252,21380,94.86,sam2,0.0,0.0,0.0
3849,rebounding,1,,,,,null,,,
3850,rebounding,1,,,,,null,,,
3851,rebounding,1,,,,,null,,,
3852,rebounding,1,603,252,21441,95.13,sam2,0.0,0.0,0.0
3853,rebounding,1,,,,,null,,,
3854,rebounding,1,,,,,null,,,
3855,rebounding,1,,,,,null,,,
3856,rebounding,1,603,252,21478,95.29,sam2,0.0,0.0,0.0
3857,rebounding,1,,,,,null,,,
3858,rebounding,1,,,,,null,,,
3859,rebounding,1,,,,,null,,,
3860,rebounding,1,603,252,21605,95.86,sam2,0.0,0.0,0.0
3861,rebounding,1,,,,,null,,,
3862,rebounding,1,,,,,null,,,
3863,rebounding,1,,,,,null,,,
3864,rebounding,1,603,251,21695,96.26,sam2,1.0,749.192,13.378
3865,rebounding,1,,,,,null,,,
3866,rebounding,1,,,,,null,,,
3867,rebounding,1,,,,,null,,,
3868,rebounding,1,603,251,21593,95.8,sam2,0.0,0.0,0.0
3869,rebounding,1,,,,,null,,,
3870,rebounding,1,,,,,null,,,
3871,rebounding,1,,,,,null,,,
3872,rebounding,1,603,251,21828,96.85,sam2,0.0,0.0,0.0
3873,rebounding,1,,,,,null,,,
3874,rebounding,1,,,,,null,,,
3875,rebounding,1,,,,,null,,,
3876,rebounding,1,603,251,21743,96.47,sam2,0.0,0.0,0.0
3877,rebounding,1,,,,,null,,,
3878,rebounding,1,,,,,null,,,
3879,rebounding,1,,,,,null,,,
3880,rebounding,1,603,251,21617,95.91,sam2,0.0,0.0,0.0
3881,rebounding,1,,,,,null,,,
3882,rebounding,1,,,,,null,,,
3883,rebounding,1,,,,,null,,,
3884,rebounding,1,603,251,21591,95.79,sam2,0.0,0.0,0.0
3885,rebounding,1,,,,,null,,,
3886,rebounding,1,,,,,null,,,
3887,rebounding,1,,,,,null,,,
3888,rebounding,1,603,252,21619,95.92,sam2,1.0,749.192,13.378
3889,rebounding,1,,,,,null,,,
3890,rebounding,1,,,,,null,,,
3891,rebounding,1,,,,,null,,,
3892,rebounding,1,603,252,21522,95.49,sam2,0.0,0.0,0.0
3893,rebounding,1,,,,,null,,,
3894,rebounding,1,,,,,null,,,
3895,rebounding,1,,,,,null,,,
3896,rebounding,1,603,252,21407,94.98,sam2,0.0,0.0,0.0
3897,rebounding,1,,,,,null,,,
3898,rebounding,1,,,,,null,,,
3899,rebounding,1,,,,,null,,,
3900,rebounding,1,603,252,21494,95.36,sam2,0.0,0.0,0.0
3901,rebounding,1,,,,,null,,,
3902,rebounding,1,,,,,null,,,
3903,rebounding,1,,,,,null,,,
3904,rebounding,1,603,252,21374,94.83,sam2,0.0,0.0,0.0
3905,rebounding,1,,,,,null,,,
3906,rebounding,1,,,,,null,,,
3907,rebounding,1,,,,,null,,,
3908,rebounding,1,603,252,21542,95.58,sam2,0.0,0.0,0.0
3909,rebounding,1,,,,,null,,,
3910,rebounding,1,,,,,null,,,
3911,rebounding,1,,,,,null,,,
3912,rebounding,1,603,252,21510,95.43,sam2,0.0,0.0,0.0
3913,rebounding,1,,,,,null,,,
3914,rebounding,1,,,,,null,,,
3915,rebounding,1,,,,,null,,,
3916,rebounding,1,603,252,21576,95.73,sam2,0.0,0.0,0.0
3917,rebounding,1,,,,,null,,,
3918,rebounding,1,,,,,null,,,
3919,rebounding,1,,,,,null,,,
3920,rebounding,1,603,251,21588,95.78,sam2,1.0,749.192,13.378
3921,rebounding,1,,,,,null,,,
3922,rebounding,1,,,,,null,,,
3923,rebounding,1,,,,,null,,,
3924,rebounding,1,603,251,21718,96.36,sam2,0.0,0.0,0.0
3925,rebounding,1,,,,,null,,,
3926,rebounding,1,,,,,null,,,
3927,rebounding,1,,,,,null,,,
3928,rebounding,1,603,251,21755,96.52,sam2,0.0,0.0,0.0
3929,rebounding,1,,,,,null,,,
3930,rebounding,1,,,,,null,,,
3931,rebounding,1,,,,,null,,,
3932,rebounding,1,603,251,21723,96.38,sam2,0.0,0.0,0.0
3933,rebounding,1,,,,,null,,,
3934,rebounding,1,,,,,null,,,
3935,rebounding,1,,,,,null,,,
3936,rebounding,1,603,251,21683,96.2,sam2,0.0,0.0,0.0
3937,rebounding,1,,,,,null,,,
3938,rebounding,1,,,,,null,,,
3939,rebounding,1,,,,,null,,,
3940,rebounding,1,603,251,21643,96.02,sam2,0.0,0.0,0.0
3941,rebounding,1,,,,,null,,,
3942,rebounding,1,,,,,null,,,
3943,rebounding,1,,,,,null,,,
3944,rebounding,1,603,252,21611,95.88,sam2,1.0,749.192,13.378
3945,rebounding,1,,,,,null,,,
3946,rebounding,1,,,,,null,,,
3947,rebounding,1,,,,,null,,,
3948,rebounding,1,603,252,21522,95.49,sam2,0.0,0.0,0.0
3949,rebounding,1,,,,,null,,,
3950,rebounding,1,,,,,null,,,
3951,rebounding,1,,,,,null,,,
3952,rebounding,1,603,252,21451,95.17,sam2,0.0,0.0,0.0
3953,rebounding,1,,,,,null,,,
3954,rebounding,1,,,,,null,,,
3955,rebounding,1,,,,,null,,,
3956,rebounding,1,603,252,21476,95.28,sam2,0.0,0.0,0.0
3957,rebounding,1,,,,,null,,,
3958,rebounding,1,,,,,null,,,
3959,rebounding,1,,,,,null,,,
3960,rebounding,1,603,252,21371,94.82,sam2,0.0,0.0,0.0
3961,rebounding,1,,,,,null,,,
3962,rebounding,1,,,,,null,,,
3963,rebounding,1,,,,,null,,,
3964,rebounding,1,603,252,21452,95.18,sam2,0.0,0.0,0.0
3965,rebounding,1,,,,,null,,,
3966,rebounding,1,,,,,null,,,
3967,rebounding,1,,,,,null,,,
3968,rebounding,1,603,252,21513,95.45,sam2,0.0,0.0,0.0
3969,rebounding,1,,,,,null,,,
3970,rebounding,1,,,,,null,,,
3971,rebounding,1,,,,,null,,,
3972,rebounding,1,603,252,21641,96.02,sam2,0.0,0.0,0.0
3973,rebounding,1,,,,,null,,,
3974,rebounding,1,,,,,null,,,
3975,rebounding,1,,,,,null,,,
3976,rebounding,1,603,252,21654,96.07,sam2,0.0,0.0,0.0
3977,rebounding,1,,,,,null,,,
3978,rebounding,1,,,,,null,,,
3979,rebounding,1,,,,,null,,,
3980,rebounding,1,603,251,21687,96.22,sam2,1.0,749.192,13.378
3981,rebounding,1,,,,,null,,,
3982,rebounding,1,,,,,null,,,
3983,rebounding,1,,,,,null,,,
3984,rebounding,1,603,251,21668,96.14,sam2,0.0,0.0,0.0
3985,rebounding,1,,,,,null,,,
3986,rebounding,1,,,,,null,,,
3987,rebounding,1,,,,,null,,,
3988,rebounding,1,603,251,21695,96.26,sam2,0.0,0.0,0.0
3989,rebounding,1,,,,,null,,,
3990,rebounding,1,,,,,null,,,
3991,rebounding,1,,,,,null,,,
3992,rebounding,1,603,251,21750,96.5,sam2,0.0,0.0,0.0
3993,rebounding,1,,,,,null,,,
3994,rebounding,1,,,,,null,,,
3995,rebounding,1,,,,,null,,,
3996,rebounding,1,603,251,21694,96.25,sam2,0.0,0.0,0.0
3997,rebounding,1,,,,,null,,,
3998,rebounding,1,,,,,null,,,
3999,rebounding,1,,,,,null,,,
4000,rebounding,1,603,252,21631,95.97,sam2,1.0,749.192,13.378
4001,rebounding,1,,,,,null,,,
4002,rebounding,1,,,,,null,,,
4003,rebounding,1,,,,,null,,,
4004,rebounding,1,603,252,21549,95.61,sam2,0.0,0.0,0.0
4005,rebounding,1,,,,,null,,,
4006,rebounding,1,,,,,null,,,
4007,rebounding,1,,,,,null,,,
4008,rebounding,1,603,252,21635,95.99,sam2,0.0,0.0,0.0
4009,rebounding,1,,,,,null,,,
4010,rebounding,1,,,,,null,,,
4011,rebounding,1,,,,,null,,,
4012,rebounding,1,603,252,21471,95.26,sam2,0.0,0.0,0.0
4013,rebounding,1,,,,,null,,,
4014,rebounding,1,,,,,null,,,
4015,rebounding,1,,,,,null,,,
4016,rebounding,1,603,252,21417,95.02,sam2,0.0,0.0,0.0
4017,rebounding,1,,,,,null,,,
4018,rebounding,1,,,,,null,,,
4019,rebounding,1,,,,,null,,,
4020,rebounding,1,603,252,21493,95.36,sam2,0.0,0.0,0.0
4021,rebounding,1,,,,,null,,,
4022,rebounding,1,,,,,null,,,
4023,rebounding,1,,,,,null,,,
4024,rebounding,1,603,252,21423,95.05,sam2,0.0,0.0,0.0
4025,rebounding,1,,,,,null,,,
4026,rebounding,1,,,,,null,,,
4027,rebounding,1,,,,,null,,,
4028,rebounding,1,603,252,21585,95.77,sam2,0.0,0.0,0.0
4029,rebounding,1,,,,,null,,,
4030,rebounding,1,,,,,null,,,
4031,rebounding,1,,,,,null,,,
4032,rebounding,1,603,252,21596,95.82,sam2,0.0,0.0,0.0
4033,rebounding,1,,,,,null,,,
4034,rebounding,1,,,,,null,,,
4035,rebounding,1,,,,,null,,,
4036,rebounding,1,603,252,21741,96.46,sam2,0.0,0.0,0.0
4037,rebounding,1,,,,,null,,,
4038,rebounding,1,,,,,null,,,
4039,rebounding,1,,,,,null,,,
4040,rebounding,1,603,251,21673,96.16,sam2,1.0,749.192,13.378
4041,rebounding,1,,,,,null,,,
4042,rebounding,1,,,,,null,,,
4043,rebounding,1,,,,,null,,,
4044,rebounding,1,603,251,21749,96.49,sam2,0.0,0.0,0.0
4045,rebounding,1,,,,,null,,,
4046,rebounding,1,,,,,null,,,
4047,rebounding,1,,,,,null,,,
4048,rebounding,1,603,251,21693,96.25,sam2,0.0,0.0,0.0
4049,rebounding,1,,,,,null,,,
4050,rebounding,1,,,,,null,,,
4051,rebounding,1,,,,,null,,,
4052,rebounding,1,603,251,21559,95.65,sam2,0.0,0.0,0.0
4053,rebounding,1,,,,,null,,,
4054,rebounding,1,,,,,null,,,
4055,rebounding,1,,,,,null,,,
4056,rebounding,1,603,251,21616,95.9,sam2,0.0,0.0,0.0
4057,rebounding,1,,,,,null,,,
4058,rebounding,1,,,,,null,,,
4059,rebounding,1,,,,,null,,,
4060,rebounding,1,603,252,21562,95.67,sam2,1.0,749.192,13.378
4061,rebounding,1,,,,,null,,,
4062,rebounding,1,,,,,null,,,
4063,rebounding,1,,,,,null,,,
4064,rebounding,1,603,252,21466,95.24,sam2,0.0,0.0,0.0
4065,rebounding,1,,,,,null,,,
4066,rebounding,1,,,,,null,,,
4067,rebounding,1,,,,,null,,,
4068,rebounding,1,603,252,21353,94.74,sam2,0.0,0.0,0.0
4069,rebounding,1,,,,,null,,,
4070,rebounding,1,,,,,null,,,
4071,rebounding,1,,,,,null,,,
4072,rebounding,1,603,252,21383,94.87,sam2,0.0,0.0,0.0
4073,rebounding,1,,,,,null,,,
4074,rebounding,1,,,,,null,,,
4075,rebounding,1,,,,,null,,,
4076,rebounding,1,603,252,21494,95.36,sam2,0.0,0.0,0.0
4077,rebounding,1,,,,,null,,,
4078,rebounding,1,,,,,null,,,
4079,rebounding,1,,,,,null,,,
4080,rebounding,1,603,252,21347,94.71,sam2,0.0,0.0,0.0
4081,rebounding,1,,,,,null,,,
4082,rebounding,1,,,,,null,,,
4083,rebounding,1,,,,,null,,,
4084,rebounding,1,603,252,21447,95.16,sam2,0.0,0.0,0.0
4085,rebounding,1,,,,,null,,,
4086,rebounding,1,,,,,null,,,
4087,rebounding,1,,,,,null,,,
4088,rebounding,1,603,251,21402,94.96,sam2,1.0,749.192,13.378
4089,rebounding,1,,,,,null,,,
4090,rebounding,1,,,,,null,,,
4091,rebounding,1,,,,,null,,,
4092,rebounding,1,603,251,21611,95.88,sam2,0.0,0.0,0.0
4093,rebounding,1,,,,,null,,,
4094,rebounding,1,,,,,null,,,
4095,rebounding,1,,,,,null,,,
4096,rebounding,1,603,251,21731,96.42,sam2,0.0,0.0,0.0
4097,rebounding,1,,,,,null,,,
4098,rebounding,1,,,,,null,,,
4099,rebounding,1,,,,,null,,,
4100,rebounding,1,603,251,21698,96.27,sam2,0.0,0.0,0.0
4101,rebounding,1,,,,,null,,,
4102,rebounding,1,,,,,null,,,
4103,rebounding,1,,,,,null,,,
4104,rebounding,1,603,251,21688,96.22,sam2,0.0,0.0,0.0
4105,rebounding,1,,,,,null,,,
4106,rebounding,1,,,,,null,,,
4107,rebounding,1,,,,,null,,,
4108,rebounding,1,603,251,21649,96.05,sam2,0.0,0.0,0.0
4109,rebounding,1,,,,,null,,,
4110,rebounding,1,,,,,null,,,
4111,rebounding,1,,,,,null,,,
4112,rebounding,1,603,252,21644,96.03,sam2,1.0,749.192,13.378
4113,rebounding,1,,,,,null,,,
4114,rebounding,1,,,,,null,,,
4115,rebounding,1,,,,,null,,,
4116,rebounding,1,603,252,21606,95.86,sam2,0.0,0.0,0.0
4117,rebounding,1,,,,,null,,,
4118,rebounding,1,,,,,null,,,
4119,rebounding,1,,,,,null,,,
4120,rebounding,1,603,252,21528,95.51,sam2,0.0,0.0,0.0
4121,rebounding,1,,,,,null,,,
4122,rebounding,1,,,,,null,,,
4123,rebounding,1,,,,,null,,,
4124,rebounding,1,603,252,21459,95.21,sam2,0.0,0.0,0.0
4125,rebounding,1,,,,,null,,,
4126,rebounding,1,,,,,null,,,
4127,rebounding,1,,,,,null,,,
4128,rebounding,1,603,252,21459,95.21,sam2,0.0,0.0,0.0
4129,rebounding,1,,,,,null,,,
4130,rebounding,1,,,,,null,,,
4131,rebounding,1,,,,,null,,,
4132,rebounding,1,603,252,21419,95.03,sam2,0.0,0.0,0.0
4133,rebounding,1,,,,,null,,,
4134,rebounding,1,,,,,null,,,
4135,rebounding,1,,,,,null,,,
4136,rebounding,1,603,252,21353,94.74,sam2,0.0,0.0,0.0
4137,rebounding,1,,,,,null,,,
4138,rebounding,1,,,,,null,,,
4139,rebounding,1,,,,,null,,,
4140,rebounding,1,603,252,21547,95.6,sam2,0.0,0.0,0.0
4141,rebounding,1,,,,,null,,,
4142,rebounding,1,,,,,null,,,
4143,rebounding,1,,,,,null,,,
4144,rebounding,1,603,252,21549,95.61,sam2,0.0,0.0,0.0
4145,rebounding,1,,,,,null,,,
4146,rebounding,1,,,,,null,,,
4147,rebounding,1,,,,,null,,,
4148,rebounding,1,603,251,21463,95.23,sam2,1.0,749.192,13.378
4149,rebounding,1,,,,,null,,,
4150,rebounding,1,,,,,null,,,
4151,rebounding,1,,,,,null,,,
4152,rebounding,1,603,251,21603,95.85,sam2,0.0,0.0,0.0
4153,rebounding,1,,,,,null,,,
4154,rebounding,1,,,,,null,,,
4155,rebounding,1,,,,,null,,,
4156,rebounding,1,603,251,21575,95.72,sam2,0.0,0.0,0.0
4157,rebounding,1,,,,,null,,,
4158,rebounding,1,,,,,null,,,
4159,rebounding,1,,,,,null,,,
4160,rebounding,1,603,251,21603,95.85,sam2,0.0,0.0,0.0
4161,rebounding,1,,,,,null,,,
4162,rebounding,1,,,,,null,,,
4163,rebounding,1,,,,,null,,,
4164,rebounding,1,603,251,21692,96.24,sam2,0.0,0.0,0.0
4165,rebounding,1,,,,,null,,,
4166,rebounding,1,,,,,null,,,
4167,rebounding,1,,,,,null,,,
4168,rebounding,1,603,251,21610,95.88,sam2,0.0,0.0,0.0
4169,rebounding,1,,,,,null,,,
4170,rebounding,1,,,,,null,,,
4171,rebounding,1,,,,,null,,,
4172,rebounding,1,603,252,21592,95.8,sam2,1.0,749.192,13.378
4173,rebounding,1,,,,,null,,,
4174,rebounding,1,,,,,null,,,
4175,rebounding,1,,,,,null,,,
4176,rebounding,1,603,252,21478,95.29,sam2,0.0,0.0,0.0
4177,rebounding,1,,,,,null,,,
4178,rebounding,1,,,,,null,,,
4179,rebounding,1,,,,,null,,,
4180,rebounding,1,603,252,21464,95.23,sam2,0.0,0.0,0.0
4181,rebounding,1,,,,,null,,,
4182,rebounding,1,,,,,null,,,
4183,rebounding,1,,,,,null,,,
4184,rebounding,1,603,252,21519,95.47,sam2,0.0,0.0,0.0
4185,rebounding,1,,,,,null,,,
4186,rebounding,1,,,,,null,,,
4187,rebounding,1,,,,,null,,,
4188,rebounding,1,603,252,21413,95.0,sam2,0.0,0.0,0.0
4189,rebounding,1,,,,,null,,,
4190,rebounding,1,,,,,null,,,
4191,rebounding,1,,,,,null,,,
4192,rebounding,1,603,252,21561,95.66,sam2,0.0,0.0,0.0
4193,rebounding,1,,,,,null,,,
4194,rebounding,1,,,,,null,,,
4195,rebounding,1,,,,,null,,,
4196,rebounding,1,603,252,21538,95.56,sam2,0.0,0.0,0.0
4197,rebounding,1,,,,,null,,,
4198,rebounding,1,,,,,null,,,
4199,rebounding,1,,,,,null,,,
4200,rebounding,1,603,252,21553,95.63,sam2,0.0,0.0,0.0
4201,rebounding,1,,,,,null,,,
4202,rebounding,1,,,,,null,,,
4203,rebounding,1,,,,,null,,,
4204,rebounding,1,603,252,21598,95.83,sam2,0.0,0.0,0.0
4205,rebounding,1,,,,,null,,,
4206,rebounding,1,,,,,null,,,
4207,rebounding,1,,,,,null,,,
4208,rebounding,1,603,251,21655,96.08,sam2,1.0,749.192,13.378
4209,rebounding,1,,,,,null,,,
4210,rebounding,1,,,,,null,,,
4211,rebounding,1,,,,,null,,,
4212,rebounding,1,603,251,21515,95.46,sam2,0.0,0.0,0.0
4213,rebounding,1,,,,,null,,,
4214,rebounding,1,,,,,null,,,
4215,rebounding,1,,,,,null,,,
4216,rebounding,1,603,251,21692,96.24,sam2,0.0,0.0,0.0
4217,rebounding,1,,,,,null,,,
4218,rebounding,1,,,,,null,,,
4219,rebounding,1,,,,,null,,,
4220,rebounding,1,603,251,21661,96.1,sam2,0.0,0.0,0.0
4221,rebounding,1,,,,,null,,,
4222,rebounding,1,,,,,null,,,
4223,rebounding,1,,,,,null,,,
4224,rebounding,1,603,251,21648,96.05,sam2,0.0,0.0,0.0
4225,rebounding,1,,,,,null,,,
4226,rebounding,1,,,,,null,,,
4227,rebounding,1,,,,,null,,,
4228,rebounding,1,603,252,21610,95.88,sam2,1.0,749.192,13.378
4229,rebounding,1,,,,,null,,,
4230,rebounding,1,,,,,null,,,
4231,rebounding,1,,,,,null,,,
4232,rebounding,1,603,252,21588,95.78,sam2,0.0,0.0,0.0
4233,rebounding,1,,,,,null,,,
4234,rebounding,1,,,,,null,,,
4235,rebounding,1,,,,,null,,,
4236,rebounding,1,603,252,21512,95.44,sam2,0.0,0.0,0.0
4237,rebounding,1,,,,,null,,,
4238,rebounding,1,,,,,null,,,
4239,rebounding,1,,,,,null,,,
4240,rebounding,1,603,252,21522,95.49,sam2,0.0,0.0,0.0
4241,rebounding,1,,,,,null,,,
4242,rebounding,1,,,,,null,,,
4243,rebounding,1,,,,,null,,,
4244,rebounding,1,603,252,21453,95.18,sam2,0.0,0.0,0.0
4245,rebounding,1,,,,,null,,,
4246,rebounding,1,,,,,null,,,
4247,rebounding,1,,,,,null,,,
4248,rebounding,1,603,252,21491,95.35,sam2,0.0,0.0,0.0
4249,rebounding,1,,,,,null,,,
4250,rebounding,1,,,,,null,,,
4251,rebounding,1,,,,,null,,,
4252,rebounding,1,603,252,21581,95.75,sam2,0.0,0.0,0.0
4253,rebounding,1,,,,,null,,,
4254,rebounding,1,,,,,null,,,
4255,rebounding,1,,,,,null,,,
4256,rebounding,1,603,252,21605,95.86,sam2,0.0,0.0,0.0
4257,rebounding,1,,,,,null,,,
4258,rebounding,1,,,,,null,,,
4259,rebounding,1,,,,,null,,,
4260,rebounding,1,603,252,21566,95.68,sam2,0.0,0.0,0.0
4261,rebounding,1,,,,,null,,,
4262,rebounding,1,,,,,null,,,
4263,rebounding,1,,,,,null,,,
4264,rebounding,1,603,251,21599,95.83,sam2,1.0,749.192,13.378
4265,rebounding,1,,,,,null,,,
4266,rebounding,1,,,,,null,,,
4267,rebounding,1,,,,,null,,,
4268,rebounding,1,603,251,21516,95.46,sam2,0.0,0.0,0.0
4269,rebounding,1,,,,,null,,,
4270,rebounding,1,,,,,null,,,
4271,rebounding,1,,,,,null,,,
4272,rebounding,1,603,251,21663,96.11,sam2,0.0,0.0,0.0
4273,rebounding,1,,,,,null,,,
4274,rebounding,1,,,,,null,,,
4275,rebounding,1,,,,,null,,,
4276,rebounding,1,603,252,21735,96.43,sam2,1.0,749.192,13.378
4277,rebounding,1,,,,,null,,,
4278,rebounding,1,,,,,null,,,
4279,rebounding,1,,,,,null,,,
4280,rebounding,1,603,251,21619,95.92,sam2,1.0,749.192,13.378
4281,rebounding,1,,,,,null,,,
4282,rebounding,1,,,,,null,,,
4283,rebounding,1,,,,,null,,,
4284,rebounding,1,603,251,21596,95.82,sam2,0.0,0.0,0.0
4285,rebounding,1,,,,,null,,,
4286,rebounding,1,,,,,null,,,
4287,rebounding,1,,,,,null,,,
4288,rebounding,1,603,252,21597,95.82,sam2,1.0,749.192,13.378
4289,rebounding,1,,,,,null,,,
4290,rebounding,1,,,,,null,,,
4291,rebounding,1,,,,,null,,,
4292,rebounding,1,603,252,21509,95.43,sam2,0.0,0.0,0.0
4293,rebounding,1,,,,,null,,,
4294,rebounding,1,,,,,null,,,
4295,rebounding,1,,,,,null,,,
4296,rebounding,1,603,252,21601,95.84,sam2,0.0,0.0,0.0
4297,rebounding,1,,,,,null,,,
4298,rebounding,1,,,,,null,,,
4299,rebounding,1,,,,,null,,,
4300,rebounding,1,603,252,21472,95.27,sam2,0.0,0.0,0.0
4301,rebounding,1,,,,,null,,,
4302,rebounding,1,,,,,null,,,
4303,rebounding,1,,,,,null,,,
4304,rebounding,1,603,252,21416,95.02,sam2,0.0,0.0,0.0
4305,rebounding,1,,,,,null,,,
4306,rebounding,1,,,,,null,,,
4307,rebounding,1,,,,,null,,,
4308,rebounding,1,603,252,21380,94.86,sam2,0.0,0.0,0.0
4309,rebounding,1,,,,,null,,,
4310,rebounding,1,,,,,null,,,
4311,rebounding,1,,,,,null,,,
4312,rebounding,1,603,252,21457,95.2,sam2,0.0,0.0,0.0
4313,rebounding,1,,,,,null,,,
4314,rebounding,1,,,,,null,,,
4315,rebounding,1,,,,,null,,,
4316,rebounding,1,603,252,21663,96.11,sam2,0.0,0.0,0.0
4317,rebounding,1,,,,,null,,,
4318,rebounding,1,,,,,null,,,
4319,rebounding,1,,,,,null,,,
4320,rebounding,1,603,251,21561,95.66,sam2,1.0,749.192,13.378
4321,rebounding,1,,,,,null,,,
4322,rebounding,1,,,,,null,,,
4323,rebounding,1,,,,,null,,,
4324,rebounding,1,603,251,21594,95.81,sam2,0.0,0.0,0.0
4325,rebounding,1,,,,,null,,,
4326,rebounding,1,,,,,null,,,
4327,rebounding,1,,,,,null,,,
4328,rebounding,1,603,251,21588,95.78,sam2,0.0,0.0,0.0
4329,rebounding,1,,,,,null,,,
4330,rebounding,1,,,,,null,,,
4331,rebounding,1,,,,,null,,,
4332,rebounding,1,603,251,21566,95.68,sam2,0.0,0.0,0.0
4333,rebounding,1,,,,,null,,,
4334,rebounding,1,,,,,null,,,
4335,rebounding,1,,,,,null,,,
4336,rebounding,1,603,251,21653,96.07,sam2,0.0,0.0,0.0
4337,rebounding,1,,,,,null,,,
4338,rebounding,1,,,,,null,,,
4339,rebounding,1,,,,,null,,,
4340,rebounding,1,603,252,21655,96.08,sam2,1.0,749.192,13.378
4341,rebounding,1,,,,,null,,,
4342,rebounding,1,,,,,null,,,
4343,rebounding,1,,,,,null,,,
4344,rebounding,1,603,252,21608,95.87,sam2,0.0,0.0,0.0
4345,rebounding,1,,,,,null,,,
4346,rebounding,1,,,,,null,,,
4347,rebounding,1,,,,,null,,,
4348,rebounding,1,603,252,21508,95.43,sam2,0.0,0.0,0.0
4349,rebounding,1,,,,,null,,,
4350,rebounding,1,,,,,null,,,
4351,rebounding,1,,,,,null,,,
4352,rebounding,1,603,252,21501,95.39,sam2,0.0,0.0,0.0
4353,rebounding,1,,,,,null,,,
4354,rebounding,1,,,,,null,,,
4355,rebounding,1,,,,,null,,,
4356,rebounding,1,603,252,21504,95.41,sam2,0.0,0.0,0.0
4357,rebounding,1,,,,,null,,,
4358,rebounding,1,,,,,null,,,
4359,rebounding,1,,,,,null,,,
4360,rebounding,1,603,252,21466,95.24,sam2,0.0,0.0,0.0
4361,rebounding,1,,,,,null,,,
4362,rebounding,1,,,,,null,,,
4363,rebounding,1,,,,,null,,,
4364,rebounding,1,603,252,21570,95.7,sam2,0.0,0.0,0.0
4365,rebounding,1,,,,,null,,,
4366,rebounding,1,,,,,null,,,
4367,rebounding,1,,,,,null,,,
4368,rebounding,1,603,252,21546,95.59,sam2,0.0,0.0,0.0
4369,rebounding,1,,,,,null,,,
4370,rebounding,1,,,,,null,,,
4371,rebounding,1,,,,,null,,,
4372,rebounding,1,603,252,21602,95.84,sam2,0.0,0.0,0.0
4373,rebounding,1,,,,,null,,,
4374,rebounding,1,,,,,null,,,
4375,rebounding,1,,,,,null,,,
4376,rebounding,1,603,251,21563,95.67,sam2,1.0,749.192,13.378
4377,rebounding,1,,,,,null,,,
4378,rebounding,1,,,,,null,,,
4379,rebounding,1,,,,,null,,,
4380,rebounding,1,603,251,21546,95.59,sam2,0.0,0.0,0.0
4381,rebounding,1,,,,,null,,,
4382,rebounding,1,,,,,null,,,
4383,rebounding,1,,,,,null,,,
4384,rebounding,1,603,252,21726,96.39,sam2,1.0,749.192,13.378
4385,rebounding,1,,,,,null,,,
4386,rebounding,1,,,,,null,,,
4387,rebounding,1,,,,,null,,,
4388,rebounding,1,603,251,21626,95.95,sam2,1.0,749.192,13.378
4389,rebounding,1,,,,,null,,,
4390,rebounding,1,,,,,null,,,
4391,rebounding,1,,,,,null,,,
4392,rebounding,1,603,251,21678,96.18,sam2,0.0,0.0,0.0
4393,rebounding,1,,,,,null,,,
4394,rebounding,1,,,,,null,,,
4395,rebounding,1,,,,,null,,,
4396,rebounding,1,603,252,21656,96.08,sam2,1.0,749.192,13.378
4397,rebounding,1,,,,,null,,,
4398,rebounding,1,,,,,null,,,
4399,rebounding,1,,,,,null,,,
4400,rebounding,1,603,252,21599,95.83,sam2,0.0,0.0,0.0
4401,rebounding,1,,,,,null,,,
4402,rebounding,1,,,,,null,,,
4403,rebounding,1,,,,,null,,,
4404,rebounding,1,603,252,21597,95.82,sam2,0.0,0.0,0.0
4405,rebounding,1,,,,,null,,,
4406,rebounding,1,,,,,null,,,
4407,rebounding,1,,,,,null,,,
4408,rebounding,1,603,252,21533,95.54,sam2,0.0,0.0,0.0
4409,rebounding,1,,,,,null,,,
4410,rebounding,1,,,,,null,,,
4411,rebounding,1,,,,,null,,,
4412,rebounding,1,603,252,21497,95.38,sam2,0.0,0.0,0.0
4413,rebounding,1,,,,,null,,,
4414,rebounding,1,,,,,null,,,
4415,rebounding,1,,,,,null,,,
4416,rebounding,1,603,252,21458,95.2,sam2,0.0,0.0,0.0
4417,rebounding,1,,,,,null,,,
4418,rebounding,1,,,,,null,,,
4419,rebounding,1,,,,,null,,,
4420,rebounding,1,603,252,21406,94.97,sam2,0.0,0.0,0.0
4421,rebounding,1,,,,,null,,,
4422,rebounding,1,,,,,null,,,
4423,rebounding,1,,,,,null,,,
4424,rebounding,1,603,252,21579,95.74,sam2,0.0,0.0,0.0
4425,rebounding,1,,,,,null,,,
4426,rebounding,1,,,,,null,,,
4427,rebounding,1,,,,,null,,,
4428,rebounding,1,603,252,21591,95.79,sam2,0.0,0.0,0.0
4429,rebounding,1,,,,,null,,,
4430,rebounding,1,,,,,null,,,
4431,rebounding,1,,,,,null,,,
4432,rebounding,1,603,252,21544,95.59,sam2,0.0,0.0,0.0
4433,rebounding,1,,,,,null,,,
4434,rebounding,1,,,,,null,,,
4435,rebounding,1,,,,,null,,,
4436,rebounding,1,603,251,21633,95.98,sam2,1.0,749.192,13.378
4437,rebounding,1,,,,,null,,,
4438,rebounding,1,,,,,null,,,
4439,rebounding,1,,,,,null,,,
4440,rebounding,1,603,252,21703,96.29,sam2,1.0,749.192,13.378
4441,rebounding,1,,,,,null,,,
4442,rebounding,1,,,,,null,,,
4443,rebounding,1,,,,,null,,,
4444,rebounding,1,603,251,21659,96.1,sam2,1.0,749.192,13.378
4445,rebounding,1,,,,,null,,,
4446,rebounding,1,,,,,null,,,
4447,rebounding,1,,,,,null,,,
4448,rebounding,1,603,251,21577,95.73,sam2,0.0,0.0,0.0
4449,rebounding,1,,,,,null,,,
4450,rebounding,1,,,,,null,,,
4451,rebounding,1,,,,,null,,,
4452,rebounding,1,603,251,21637,96.0,sam2,0.0,0.0,0.0
4453,rebounding,1,,,,,null,,,
4454,rebounding,1,,,,,null,,,
4455,rebounding,1,,,,,null,,,
4456,rebounding,1,603,252,21677,96.18,sam2,1.0,749.192,13.378
4457,rebounding,1,,,,,null,,,
4458,rebounding,1,,,,,null,,,
4459,rebounding,1,,,,,null,,,
4460,rebounding,1,603,252,21648,96.05,sam2,0.0,0.0,0.0
4461,rebounding,1,,,,,null,,,
4462,rebounding,1,,,,,null,,,
4463,rebounding,1,,,,,null,,,
4464,rebounding,1,603,252,21617,95.91,sam2,0.0,0.0,0.0
4465,rebounding,1,,,,,null,,,
4466,rebounding,1,,,,,null,,,
4467,rebounding,1,,,,,null,,,
4468,rebounding,1,603,252,21584,95.76,sam2,0.0,0.0,0.0
4469,rebounding,1,,,,,null,,,
4470,rebounding,1,,,,,null,,,
4471,rebounding,1,,,,,null,,,
4472,rebounding,1,603,252,21542,95.58,sam2,0.0,0.0,0.0
4473,rebounding,1,,,,,null,,,
4474,rebounding,1,,,,,null,,,
4475,rebounding,1,,,,,null,,,
4476,rebounding,1,603,252,21557,95.64,sam2,0.0,0.0,0.0
4477,rebounding,1,,,,,null,,,
4478,rebounding,1,,,,,null,,,
4479,rebounding,1,,,,,null,,,
4480,rebounding,1,603,252,21441,95.13,sam2,0.0,0.0,0.0
4481,rebounding,1,,,,,null,,,
4482,rebounding,1,,,,,null,,,
4483,rebounding,1,,,,,null,,,
4484,rebounding,1,603,252,21609,95.87,sam2,0.0,0.0,0.0
4485,rebounding,1,,,,,null,,,
4486,rebounding,1,,,,,null,,,
4487,rebounding,1,,,,,null,,,
4488,rebounding,1,603,251,21473,95.27,sam2,1.0,749.192,13.378
4489,rebounding,1,,,,,null,,,
4490,rebounding,1,,,,,null,,,
4491,rebounding,1,,,,,null,,,
4492,rebounding,1,603,252,21672,96.15,sam2,1.0,749.192,13.378
4493,rebounding,1,,,,,null,,,
4494,rebounding,1,,,,,null,,,
4495,rebounding,1,,,,,null,,,
4496,rebounding,1,603,251,21560,95.66,sam2,1.0,749.192,13.378
4497,rebounding,1,,,,,null,,,
4498,rebounding,1,,,,,null,,,
4499,rebounding,1,,,,,null,,,
4500,rebounding,1,603,252,21681,96.19,sam2,1.0,749.192,13.378
4501,rebounding,1,,,,,null,,,
4502,rebounding,1,,,,,null,,,
4503,rebounding,1,,,,,null,,,
4504,rebounding,1,603,252,21678,96.18,sam2,0.0,0.0,0.0
4505,rebounding,1,,,,,null,,,
4506,rebounding,1,,,,,null,,,
4507,rebounding,1,,,,,null,,,
4508,rebounding,1,603,252,21629,95.96,sam2,0.0,0.0,0.0
4509,rebounding,1,,,,,null,,,
4510,rebounding,1,,,,,null,,,
4511,rebounding,1,,,,,null,,,
4512,rebounding,1,603,252,21629,95.96,sam2,0.0,0.0,0.0
4513,rebounding,1,,,,,null,,,
4514,rebounding,1,,,,,null,,,
4515,rebounding,1,,,,,null,,,
4516,rebounding,1,603,252,21558,95.65,sam2,0.0,0.0,0.0
4517,rebounding,1,,,,,null,,,
4518,rebounding,1,,,,,null,,,
4519,rebounding,1,,,,,null,,,
4520,rebounding,1,603,252,21520,95.48,sam2,0.0,0.0,0.0
4521,rebounding,1,,,,,null,,,
4522,rebounding,1,,,,,null,,,
4523,rebounding,1,,,,,null,,,
4524,rebounding,1,603,252,21553,95.63,sam2,0.0,0.0,0.0
4525,rebounding,1,,,,,null,,,
4526,rebounding,1,,,,,null,,,
4527,rebounding,1,,,,,null,,,
4528,rebounding,1,603,252,21457,95.2,sam2,0.0,0.0,0.0
4529,rebounding,1,,,,,null,,,
4530,rebounding,1,,,,,null,,,
4531,rebounding,1,,,,,null,,,
4532,rebounding,1,603,252,21476,95.28,sam2,0.0,0.0,0.0
4533,rebounding,1,,,,,null,,,
4534,rebounding,1,,,,,null,,,
4535,rebounding,1,,,,,null,,,
4536,rebounding,1,603,252,21534,95.54,sam2,0.0,0.0,0.0
4537,rebounding,1,,,,,null,,,
4538,rebounding,1,,,,,null,,,
4539,rebounding,1,,,,,null,,,
4540,rebounding,1,603,252,21425,95.06,sam2,0.0,0.0,0.0
4541,rebounding,1,,,,,null,,,
4542,rebounding,1,,,,,null,,,
4543,rebounding,1,,,,,null,,,
4544,rebounding,1,603,251,21426,95.06,sam2,1.0,749.192,13.378
4545,rebounding,1,,,,,null,,,
4546,rebounding,1,,,,,null,,,
4547,rebounding,1,,,,,null,,,
4548,rebounding,1,603,251,21517,95.47,sam2,0.0,0.0,0.0
4549,rebounding,1,,,,,null,,,
4550,rebounding,1,,,,,null,,,
4551,rebounding,1,,,,,null,,,
4552,rebounding,1,603,252,21624,95.94,sam2,1.0,749.192,13.378
4553,rebounding,1,,,,,null,,,
4554,rebounding,1,,,,,null,,,
4555,rebounding,1,,,,,null,,,
4556,rebounding,1,603,251,21639,96.01,sam2,1.0,749.192,13.378
4557,rebounding,1,,,,,null,,,
4558,rebounding,1,,,,,null,,,
4559,rebounding,1,,,,,null,,,
4560,rebounding,1,603,252,21666,96.13,sam2,1.0,749.192,13.378
4561,rebounding,1,,,,,null,,,
4562,rebounding,1,,,,,null,,,
4563,rebounding,1,,,,,null,,,
4564,rebounding,1,603,251,21544,95.59,sam2,1.0,749.192,13.378
4565,rebounding,1,,,,,null,,,
4566,rebounding,1,,,,,null,,,
4567,rebounding,1,,,,,null,,,
4568,rebounding,1,603,251,21571,95.71,sam2,0.0,0.0,0.0
4569,rebounding,1,,,,,null,,,
4570,rebounding,1,,,,,null,,,
4571,rebounding,1,,,,,null,,,
4572,rebounding,1,603,252,21634,95.98,sam2,1.0,749.192,13.378
4573,rebounding,1,,,,,null,,,
4574,rebounding,1,,,,,null,,,
4575,rebounding,1,,,,,null,,,
4576,rebounding,1,603,252,21584,95.76,sam2,0.0,0.0,0.0
4577,rebounding,1,,,,,null,,,
4578,rebounding,1,,,,,null,,,
4579,rebounding,1,,,,,null,,,
4580,rebounding,1,603,252,21510,95.43,sam2,0.0,0.0,0.0
4581,rebounding,1,,,,,null,,,
4582,rebounding,1,,,,,null,,,
4583,rebounding,1,,,,,null,,,
4584,rebounding,1,603,252,21413,95.0,sam2,0.0,0.0,0.0
4585,rebounding,1,,,,,null,,,
4586,rebounding,1,,,,,null,,,
4587,rebounding,1,,,,,null,,,
4588,rebounding,1,603,252,21483,95.31,sam2,0.0,0.0,0.0
4589,rebounding,1,,,,,null,,,
4590,rebounding,1,,,,,null,,,
4591,rebounding,1,,,,,null,,,
4592,rebounding,1,603,252,21438,95.12,sam2,0.0,0.0,0.0
4593,rebounding,1,,,,,null,,,
4594,rebounding,1,,,,,null,,,
4595,rebounding,1,,,,,null,,,
4596,rebounding,1,603,252,21522,95.49,sam2,0.0,0.0,0.0
4597,rebounding,1,,,,,null,,,
4598,rebounding,1,,,,,null,,,
4599,rebounding,1,,,,,null,,,
4600,rebounding,1,603,252,21579,95.74,sam2,0.0,0.0,0.0
4601,rebounding,1,,,,,null,,,
4602,rebounding,1,,,,,null,,,
4603,rebounding,1,,,,,null,,,
4604,rebounding,1,603,252,21600,95.83,sam2,0.0,0.0,0.0
4605,rebounding,1,,,,,null,,,
4606,rebounding,1,,,,,null,,,
4607,rebounding,1,,,,,null,,,
4608,rebounding,1,603,252,21567,95.69,sam2,0.0,0.0,0.0
4609,rebounding,1,,,,,null,,,
4610,rebounding,1,,,,,null,,,
4611,rebounding,1,,,,,null,,,
4612,rebounding,1,603,252,21644,96.03,sam2,0.0,0.0,0.0
4613,rebounding,1,,,,,null,,,
4614,rebounding,1,,,,,null,,,
4615,rebounding,1,,,,,null,,,
4616,rebounding,1,603,252,21659,96.1,sam2,0.0,0.0,0.0
4617,rebounding,1,,,,,null,,,
4618,rebounding,1,,,,,null,,,
4619,rebounding,1,,,,,null,,,
4620,rebounding,1,603,251,21606,95.86,sam2,1.0,749.192,13.378
4621,rebounding,1,,,,,null,,,
4622,rebounding,1,,,,,null,,,
4623,rebounding,1,,,,,null,,,
4624,rebounding,1,603,252,21619,95.92,sam2,1.0,749.192,13.378
4625,rebounding,1,,,,,null,,,
4626,rebounding,1,,,,,null,,,
4627,rebounding,1,,,,,null,,,
4628,rebounding,1,603,252,21609,95.87,sam2,0.0,0.0,0.0
4629,rebounding,1,,,,,null,,,
4630,rebounding,1,,,,,null,,,
4631,rebounding,1,,,,,null,,,
4632,rebounding,1,603,252,21582,95.75,sam2,0.0,0.0,0.0
4633,rebounding,1,,,,,null,,,
4634,rebounding,1,,,,,null,,,
4635,rebounding,1,,,,,null,,,
4636,rebounding,1,603,252,21580,95.75,sam2,0.0,0.0,0.0
4637,rebounding,1,,,,,null,,,
4638,rebounding,1,,,,,null,,,
4639,rebounding,1,,,,,null,,,
4640,rebounding,1,603,252,21576,95.73,sam2,0.0,0.0,0.0
4641,rebounding,1,,,,,null,,,
4642,rebounding,1,,,,,null,,,
4643,rebounding,1,,,,,null,,,
4644,rebounding,1,603,252,21454,95.19,sam2,0.0,0.0,0.0
4645,rebounding,1,,,,,null,,,
4646,rebounding,1,,,,,null,,,
4647,rebounding,1,,,,,null,,,
4648,rebounding,1,603,252,21619,95.92,sam2,0.0,0.0,0.0
4649,rebounding,1,,,,,null,,,
4650,rebounding,1,,,,,null,,,
4651,rebounding,1,,,,,null,,,
4652,rebounding,1,603,252,21529,95.52,sam2,0.0,0.0,0.0
4653,rebounding,1,,,,,null,,,
4654,rebounding,1,,,,,null,,,
4655,rebounding,1,,,,,null,,,
4656,rebounding,1,603,252,21464,95.23,sam2,0.0,0.0,0.0
4657,rebounding,1,,,,,null,,,
4658,rebounding,1,,,,,null,,,
4659,rebounding,1,,,,,null,,,
4660,rebounding,1,603,252,21581,95.75,sam2,0.0,0.0,0.0
4661,rebounding,1,,,,,null,,,
4662,rebounding,1,,,,,null,,,
4663,rebounding,1,,,,,null,,,
4664,rebounding,1,603,252,21652,96.06,sam2,0.0,0.0,0.0
4665,rebounding,1,,,,,null,,,
4666,rebounding,1,,,,,null,,,
4667,rebounding,1,,,,,null,,,
4668,rebounding,1,603,252,21618,95.91,sam2,0.0,0.0,0.0
4669,rebounding,1,,,,,null,,,
4670,rebounding,1,,,,,null,,,
4671,rebounding,1,,,,,null,,,
4672,rebounding,1,603,252,21662,96.11,sam2,0.0,0.0,0.0
4673,rebounding,1,,,,,null,,,
4674,rebounding,1,,,,,null,,,
4675,rebounding,1,,,,,null,,,
4676,rebounding,1,603,252,21693,96.25,sam2,0.0,0.0,0.0
4677,rebounding,1,,,,,null,,,
4678,rebounding,1,,,,,null,,,
4679,rebounding,1,,,,,null,,,
4680,rebounding,1,603,252,21621,95.93,sam2,0.0,0.0,0.0
4681,rebounding,1,,,,,null,,,
4682,rebounding,1,,,,,null,,,
4683,rebounding,1,,,,,null,,,
4684,rebounding,1,603,252,21622,95.93,sam2,0.0,0.0,0.0
4685,rebounding,1,,,,,null,,,
4686,rebounding,1,,,,,null,,,
4687,rebounding,1,,,,,null,,,
4688,rebounding,1,603,252,21596,95.82,sam2,0.0,0.0,0.0
4689,rebounding,1,,,,,null,,,
4690,rebounding,1,,,,,null,,,
4691,rebounding,1,,,,,null,,,
4692,rebounding,1,603,252,21544,95.59,sam2,0.0,0.0,0.0
4693,rebounding,1,,,,,null,,,
4694,rebounding,1,,,,,null,,,
4695,rebounding,1,,,,,null,,,
4696,rebounding,1,603,252,21616,95.9,sam2,0.0,0.0,0.0
4697,rebounding,1,,,,,null,,,
4698,rebounding,1,,,,,null,,,
4699,rebounding,1,,,,,null,,,
4700,rebounding,1,603,252,21470,95.26,sam2,0.0,0.0,0.0
4701,rebounding,1,,,,,null,,,
4702,rebounding,1,,,,,null,,,
4703,rebounding,1,,,,,null,,,
4704,rebounding,1,603,252,21597,95.82,sam2,0.0,0.0,0.0
4705,rebounding,1,,,,,null,,,
4706,rebounding,1,,,,,null,,,
4707,rebounding,1,,,,,null,,,
4708,rebounding,1,603,252,21487,95.33,sam2,0.0,0.0,0.0
4709,rebounding,1,,,,,null,,,
4710,rebounding,1,,,,,null,,,
4711,rebounding,1,,,,,null,,,
4712,rebounding,1,603,252,21508,95.43,sam2,0.0,0.0,0.0
4713,rebounding,1,,,,,null,,,
4714,rebounding,1,,,,,null,,,
4715,rebounding,1,,,,,null,,,
4716,rebounding,1,603,252,21494,95.36,sam2,0.0,0.0,0.0
4717,rebounding,1,,,,,null,,,
4718,rebounding,1,,,,,null,,,
4719,rebounding,1,,,,,null,,,
4720,rebounding,1,603,252,21566,95.68,sam2,0.0,0.0,0.0
4721,rebounding,1,,,,,null,,,
4722,rebounding,1,,,,,null,,,
4723,rebounding,1,,,,,null,,,
4724,rebounding,1,603,251,21532,95.53,sam2,1.0,749.192,13.378
4725,rebounding,1,,,,,null,,,
4726,rebounding,1,,,,,null,,,
4727,rebounding,1,,,,,null,,,
4728,rebounding,1,603,252,21622,95.93,sam2,1.0,749.192,13.378
4729,rebounding,1,,,,,null,,,
4730,rebounding,1,,,,,null,,,
4731,rebounding,1,,,,,null,,,
4732,rebounding,1,603,251,21580,95.75,sam2,1.0,749.192,13.378
4733,rebounding,1,,,,,null,,,
4734,rebounding,1,,,,,null,,,
4735,rebounding,1,,,,,null,,,
4736,rebounding,1,603,252,21639,96.01,sam2,1.0,749.192,13.378
4737,rebounding,1,,,,,null,,,
4738,rebounding,1,,,,,null,,,
4739,rebounding,1,,,,,null,,,
4740,rebounding,1,603,252,21638,96.0,sam2,0.0,0.0,0.0
4741,rebounding,1,,,,,null,,,
4742,rebounding,1,,,,,null,,,
4743,rebounding,1,,,,,null,,,
4744,rebounding,1,603,251,21452,95.18,sam2,1.0,749.192,13.378
4745,rebounding,1,,,,,null,,,
4746,rebounding,1,,,,,null,,,
4747,rebounding,1,,,,,null,,,
4748,rebounding,1,603,251,21426,95.06,sam2,0.0,0.0,0.0
4749,rebounding,1,,,,,null,,,
4750,rebounding,1,,,,,null,,,
4751,rebounding,1,,,,,null,,,
4752,rebounding,1,603,252,21508,95.43,sam2,1.0,749.192,13.378
4753,rebounding,1,,,,,null,,,
4754,rebounding,1,,,,,null,,,
4755,rebounding,1,,,,,null,,,
4756,rebounding,1,603,252,21494,95.36,sam2,0.0,0.0,0.0
4757,rebounding,1,,,,,null,,,
4758,rebounding,1,,,,,null,,,
4759,rebounding,1,,,,,null,,,
4760,rebounding,1,603,252,21461,95.22,sam2,0.0,0.0,0.0
4761,rebounding,1,,,,,null,,,
4762,rebounding,1,,,,,null,,,
4763,rebounding,1,,,,,null,,,
4764,rebounding,1,603,252,21583,95.76,sam2,0.0,0.0,0.0
4765,rebounding,1,,,,,null,,,
4766,rebounding,1,,,,,null,,,
4767,rebounding,1,,,,,null,,,
4768,rebounding,1,603,252,21513,95.45,sam2,0.0,0.0,0.0
4769,rebounding,1,,,,,null,,,
4770,rebounding,1,,,,,null,,,
4771,rebounding,1,,,,,null,,,
4772,rebounding,1,603,252,21575,95.72,sam2,0.0,0.0,0.0
4773,rebounding,1,,,,,null,,,
4774,rebounding,1,,,,,null,,,
4775,rebounding,1,,,,,null,,,
4776,rebounding,1,603,252,21623,95.94,sam2,0.0,0.0,0.0
4777,rebounding,1,,,,,null,,,
4778,rebounding,1,,,,,null,,,
4779,rebounding,1,,,,,null,,,
4780,rebounding,1,603,252,21637,96.0,sam2,0.0,0.0,0.0
4781,rebounding,1,,,,,null,,,
4782,rebounding,1,,,,,null,,,
4783,rebounding,1,,,,,null,,,
4784,rebounding,1,603,252,21629,95.96,sam2,0.0,0.0,0.0
4785,rebounding,1,,,,,null,,,
4786,rebounding,1,,,,,null,,,
4787,rebounding,1,,,,,null,,,
4788,rebounding,1,603,252,21619,95.92,sam2,0.0,0.0,0.0
4789,rebounding,1,,,,,null,,,
4790,rebounding,1,,,,,null,,,
4791,rebounding,1,,,,,null,,,
4792,rebounding,1,603,252,21594,95.81,sam2,0.0,0.0,0.0
4793,rebounding,1,,,,,null,,,
4794,rebounding,1,,,,,null,,,
4795,rebounding,1,,,,,null,,,
4796,rebounding,1,603,252,21700,96.28,sam2,0.0,0.0,0.0
4797,rebounding,1,,,,,null,,,
4798,rebounding,1,,,,,null,,,
4799,rebounding,1,,,,,null,,,
4800,rebounding,1,603,252,21588,95.78,sam2,0.0,0.0,0.0
4801,rebounding,1,,,,,null,,,
4802,rebounding,1,,,,,null,,,
4803,rebounding,1,,,,,null,,,
4804,rebounding,1,603,252,21552,95.62,sam2,0.0,0.0,0.0
4805,rebounding,1,,,,,null,,,
4806,rebounding,1,,,,,null,,,
4807,rebounding,1,,,,,null,,,
4808,rebounding,1,603,252,21569,95.7,sam2,0.0,0.0,0.0
4809,rebounding,1,,,,,null,,,
4810,rebounding,1,,,,,null,,,
4811,rebounding,1,,,,,null,,,
4812,rebounding,1,603,252,21572,95.71,sam2,0.0,0.0,0.0
4813,rebounding,1,,,,,null,,,
4814,rebounding,1,,,,,null,,,
4815,rebounding,1,,,,,null,,,
4816,rebounding,1,603,252,21553,95.63,sam2,0.0,0.0,0.0
4817,rebounding,1,,,,,null,,,
4818,rebounding,1,,,,,null,,,
4819,rebounding,1,,,,,null,,,
4820,rebounding,1,603,252,21514,95.45,sam2,0.0,0.0,0.0
4821,rebounding,1,,,,,null,,,
4822,rebounding,1,,,,,null,,,
4823,rebounding,1,,,,,null,,,
4824,rebounding,1,603,252,21532,95.53,sam2,0.0,0.0,0.0
4825,rebounding,1,,,,,null,,,
4826,rebounding,1,,,,,null,,,
4827,rebounding,1,,,,,null,,,
4828,rebounding,1,603,252,21571,95.71,sam2,0.0,0.0,0.0
4829,rebounding,1,,,,,null,,,
4830,rebounding,1,,,,,null,,,
4831,rebounding,1,,,,,null,,,
4832,rebounding,1,603,252,21625,95.94,sam2,0.0,0.0,0.0
4833,rebounding,1,,,,,null,,,
4834,rebounding,1,,,,,null,,,
4835,rebounding,1,,,,,null,,,
4836,rebounding,1,603,252,21633,95.98,sam2,0.0,0.0,0.0
4837,rebounding,1,,,,,null,,,
4838,rebounding,1,,,,,null,,,
4839,rebounding,1,,,,,null,,,
4840,rebounding,1,603,252,21562,95.67,sam2,0.0,0.0,0.0
4841,rebounding,1,,,,,null,,,
4842,rebounding,1,,,,,null,,,
4843,rebounding,1,,,,,null,,,
4844,rebounding,1,603,252,21586,95.77,sam2,0.0,0.0,0.0
4845,rebounding,1,,,,,null,,,
4846,rebounding,1,,,,,null,,,
4847,rebounding,1,,,,,null,,,
4848,rebounding,1,603,252,21743,96.47,sam2,0.0,0.0,0.0
4849,rebounding,1,,,,,null,,,
4850,rebounding,1,,,,,null,,,
4851,rebounding,1,,,,,null,,,
4852,rebounding,1,603,252,21629,95.96,sam2,0.0,0.0,0.0
4853,rebounding,1,,,,,null,,,
4854,rebounding,1,,,,,null,,,
4855,rebounding,1,,,,,null,,,
4856,rebounding,1,603,252,21633,95.98,sam2,0.0,0.0,0.0
4857,rebounding,1,,,,,null,,,
4858,rebounding,1,,,,,null,,,
4859,rebounding,1,,,,,null,,,
4860,rebounding,1,603,252,21578,95.74,sam2,0.0,0.0,0.0
4861,rebounding,1,,,,,null,,,
4862,rebounding,1,,,,,null,,,
4863,rebounding,1,,,,,null,,,
4864,rebounding,1,603,252,21594,95.81,sam2,0.0,0.0,0.0
4865,rebounding,1,,,,,null,,,
4866,rebounding,1,,,,,null,,,
4867,rebounding,1,,,,,null,,,
4868,rebounding,1,603,252,21597,95.82,sam2,0.0,0.0,0.0
4869,rebounding,1,,,,,null,,,
4870,rebounding,1,,,,,null,,,
4871,rebounding,1,,,,,null,,,
4872,rebounding,1,603,252,21613,95.89,sam2,0.0,0.0,0.0
4873,rebounding,1,,,,,null,,,
4874,rebounding,1,,,,,null,,,
4875,rebounding,1,,,,,null,,,
4876,rebounding,1,603,252,21554,95.63,sam2,0.0,0.0,0.0
4877,rebounding,1,,,,,null,,,
4878,rebounding,1,,,,,null,,,
4879,rebounding,1,,,,,null,,,
4880,rebounding,1,603,252,21478,95.29,sam2,0.0,0.0,0.0
4881,rebounding,1,,,,,null,,,
4882,rebounding,1,,,,,null,,,
4883,rebounding,1,,,,,null,,,
4884,rebounding,1,603,252,21554,95.63,sam2,0.0,0.0,0.0
4885,rebounding,1,,,,,null,,,
4886,rebounding,1,,,,,null,,,
4887,rebounding,1,,,,,null,,,
4888,rebounding,1,603,252,21601,95.84,sam2,0.0,0.0,0.0
4889,rebounding,1,,,,,null,,,
4890,rebounding,1,,,,,null,,,
4891,rebounding,1,,,,,null,,,
4892,rebounding,1,603,252,21522,95.49,sam2,0.0,0.0,0.0
4893,rebounding,1,,,,,null,,,
4894,rebounding,1,,,,,null,,,
4895,rebounding,1,,,,,null,,,
4896,rebounding,1,603,252,21597,95.82,sam2,0.0,0.0,0.0
4897,rebounding,1,,,,,null,,,
4898,rebounding,1,,,,,null,,,
4899,rebounding,1,,,,,null,,,
4900,rebounding,1,603,252,21729,96.41,sam2,0.0,0.0,0.0
4901,rebounding,1,,,,,null,,,
4902,rebounding,1,,,,,null,,,
4903,rebounding,1,,,,,null,,,
4904,rebounding,1,603,251,21587,95.78,sam2,1.0,749.192,13.378
4905,rebounding,1,,,,,null,,,
4906,rebounding,1,,,,,null,,,
4907,rebounding,1,,,,,null,,,
4908,rebounding,1,603,252,21666,96.13,sam2,1.0,749.192,13.378
4909,rebounding,1,,,,,null,,,
4910,rebounding,1,,,,,null,,,
4911,rebounding,1,,,,,null,,,
4912,rebounding,1,603,252,21622,95.93,sam2,0.0,0.0,0.0
4913,rebounding,1,,,,,null,,,
4914,rebounding,1,,,,,null,,,
4915,rebounding,1,,,,,null,,,
4916,rebounding,1,603,252,21639,96.01,sam2,0.0,0.0,0.0
4917,rebounding,1,,,,,null,,,
4918,rebounding,1,,,,,null,,,
4919,rebounding,1,,,,,null,,,
4920,rebounding,1,603,252,21625,95.94,sam2,0.0,0.0,0.0
4921,rebounding,1,,,,,null,,,
4922,rebounding,1,,,,,null,,,
4923,rebounding,1,,,,,null,,,
4924,rebounding,1,603,252,21539,95.56,sam2,0.0,0.0,0.0
4925,rebounding,1,,,,,null,,,
4926,rebounding,1,,,,,null,,,
4927,rebounding,1,,,,,null,,,
4928,rebounding,1,603,252,21506,95.42,sam2,0.0,0.0,0.0
4929,rebounding,1,,,,,null,,,
4930,rebounding,1,,,,,null,,,
4931,rebounding,1,,,,,null,,,
4932,rebounding,1,603,252,21448,95.16,sam2,0.0,0.0,0.0
4933,rebounding,1,,,,,null,,,
4934,rebounding,1,,,,,null,,,
4935,rebounding,1,,,,,null,,,
4936,rebounding,1,603,252,21527,95.51,sam2,0.0,0.0,0.0
4937,rebounding,1,,,,,null,,,
4938,rebounding,1,,,,,null,,,
4939,rebounding,1,,,,,null,,,
4940,rebounding,1,603,252,21576,95.73,sam2,0.0,0.0,0.0
4941,rebounding,1,,,,,null,,,
4942,rebounding,1,,,,,null,,,
4943,rebounding,1,,,,,null,,,
4944,rebounding,1,603,252,21493,95.36,sam2,0.0,0.0,0.0
4945,rebounding,1,,,,,null,,,
4946,rebounding,1,,,,,null,,,
4947,rebounding,1,,,,,null,,,
4948,rebounding,1,603,251,21516,95.46,sam2,1.0,749.192,13.378
4949,rebounding,1,,,,,null,,,
4950,rebounding,1,,,,,null,,,
4951,rebounding,1,,,,,null,,,
4952,rebounding,1,603,252,21685,96.21,sam2,1.0,749.192,13.378
4953,rebounding,1,,,,,null,,,
4954,rebounding,1,,,,,null,,,
4955,rebounding,1,,,,,null,,,
4956,rebounding,1,603,251,21532,95.53,sam2,1.0,749.192,13.378
4957,rebounding,1,,,,,null,,,
4958,rebounding,1,,,,,null,,,
4959,rebounding,1,,,,,null,,,
4960,rebounding,1,603,251,21521,95.48,sam2,0.0,0.0,0.0
4961,rebounding,1,,,,,null,,,
4962,rebounding,1,,,,,null,,,
4963,rebounding,1,,,,,null,,,
4964,rebounding,1,603,251,21555,95.63,sam2,0.0,0.0,0.0
4965,rebounding,1,,,,,null,,,
4966,rebounding,1,,,,,null,,,
4967,rebounding,1,,,,,null,,,
4968,rebounding,1,603,252,21556,95.64,sam2,1.0,749.192,13.378
4969,rebounding,1,,,,,null,,,
4970,rebounding,1,,,,,null,,,
4971,rebounding,1,,,,,null,,,
4972,rebounding,1,603,251,21493,95.36,sam2,1.0,749.192,13.378
4973,rebounding,1,,,,,null,,,
4974,rebounding,1,,,,,null,,,
4975,rebounding,1,,,,,null,,,
4976,rebounding,1,603,252,21523,95.49,sam2,1.0,749.192,13.378
4977,rebounding,1,,,,,null,,,
4978,rebounding,1,,,,,null,,,
4979,rebounding,1,,,,,null,,,
4980,rebounding,1,603,252,21483,95.31,sam2,0.0,0.0,0.0
4981,rebounding,1,,,,,null,,,
4982,rebounding,1,,,,,null,,,
4983,rebounding,1,,,,,null,,,
4984,rebounding,1,603,252,21620,95.92,sam2,0.0,0.0,0.0
4985,rebounding,1,,,,,null,,,
4986,rebounding,1,,,,,null,,,
4987,rebounding,1,,,,,null,,,
4988,rebounding,1,603,252,21529,95.52,sam2,0.0,0.0,0.0
4989,rebounding,1,,,,,null,,,
4990,rebounding,1,,,,,null,,,
4991,rebounding,1,,,,,null,,,
4992,rebounding,1,603,252,21547,95.6,sam2,0.0,0.0,0.0
4993,rebounding,1,,,,,null,,,
4994,rebounding,1,,,,,null,,,
4995,rebounding,1,,,,,null,,,
4996,rebounding,1,603,252,21533,95.54,sam2,0.0,0.0,0.0
4997,rebounding,1,,,,,null,,,
4998,rebounding,1,,,,,null,,,
4999,rebounding,1,,,,,null,,,
5000,rebounding,1,603,252,21623,95.94,sam2,0.0,0.0,0.0
5001,rebounding,1,,,,,null,,,
5002,rebounding,1,,,,,null,,,
5003,rebounding,1,,,,,null,,,
5004,rebounding,1,603,251,21471,95.26,sam2,1.0,749.192,13.378
5005,rebounding,1,,,,,null,,,
5006,rebounding,1,,,,,null,,,
5007,rebounding,1,,,,,null,,,
5008,rebounding,1,603,252,21556,95.64,sam2,1.0,749.192,13.378
5009,rebounding,1,,,,,null,,,
5010,rebounding,1,,,,,null,,,
5011,rebounding,1,,,,,null,,,
5012,rebounding,1,603,252,21601,95.84,sam2,0.0,0.0,0.0
5013,rebounding,1,,,,,null,,,
5014,rebounding,1,,,,,null,,,
5015,rebounding,1,,,,,null,,,
5016,rebounding,1,603,251,21445,95.15,sam2,1.0,749.192,13.378
5017,rebounding,1,,,,,null,,,
5018,rebounding,1,,,,,null,,,
5019,rebounding,1,,,,,null,,,
5020,rebounding,1,603,252,21584,95.76,sam2,1.0,749.192,13.378
5021,rebounding,1,,,,,null,,,
5022,rebounding,1,,,,,null,,,
5023,rebounding,1,,,,,null,,,
5024,rebounding,1,603,252,21566,95.68,sam2,0.0,0.0,0.0
5025,rebounding,1,,,,,null,,,
5026,rebounding,1,,,,,null,,,
5027,rebounding,1,,,,,null,,,
5028,rebounding,1,603,252,21607,95.86,sam2,0.0,0.0,0.0
5029,rebounding,1,,,,,null,,,
5030,rebounding,1,,,,,null,,,
5031,rebounding,1,,,,,null,,,
5032,rebounding,1,603,252,21519,95.47,sam2,0.0,0.0,0.0
5033,rebounding,1,,,,,null,,,
5034,rebounding,1,,,,,null,,,
5035,rebounding,1,,,,,null,,,
5036,rebounding,1,603,251,21469,95.25,sam2,1.0,749.192,13.378
5037,rebounding,1,,,,,null,,,
5038,rebounding,1,,,,,null,,,
5039,rebounding,1,,,,,null,,,
5040,rebounding,1,603,252,21521,95.48,sam2,1.0,749.192,13.378
5041,rebounding,1,,,,,null,,,
5042,rebounding,1,,,,,null,,,
5043,rebounding,1,,,,,null,,,
5044,rebounding,1,603,252,21436,95.11,sam2,0.0,0.0,0.0
5045,rebounding,1,,,,,null,,,
5046,rebounding,1,,,,,null,,,
5047,rebounding,1,,,,,null,,,
5048,rebounding,1,603,252,21593,95.8,sam2,0.0,0.0,0.0
5049,rebounding,1,,,,,null,,,
5050,rebounding,1,,,,,null,,,
5051,rebounding,1,,,,,null,,,
5052,rebounding,1,603,252,21555,95.63,sam2,0.0,0.0,0.0
5053,rebounding,1,,,,,null,,,
5054,rebounding,1,,,,,null,,,
5055,rebounding,1,,,,,null,,,
5056,rebounding,1,603,252,21545,95.59,sam2,0.0,0.0,0.0
5057,rebounding,1,,,,,null,,,
5058,rebounding,1,,,,,null,,,
5059,rebounding,1,,,,,null,,,
5060,rebounding,1,603,251,21466,95.24,sam2,1.0,749.192,13.378
5061,rebounding,1,,,,,null,,,
5062,rebounding,1,,,,,null,,,
5063,rebounding,1,,,,,null,,,
5064,rebounding,1,603,252,21544,95.59,sam2,1.0,749.192,13.378
5065,rebounding,1,,,,,null,,,
5066,rebounding,1,,,,,null,,,
5067,rebounding,1,,,,,null,,,
5068,rebounding,1,603,252,21652,96.06,sam2,0.0,0.0,0.0
5069,rebounding,1,,,,,null,,,
5070,rebounding,1,,,,,null,,,
5071,rebounding,1,,,,,null,,,
5072,rebounding,1,603,252,21536,95.55,sam2,0.0,0.0,0.0
5073,rebounding,1,,,,,null,,,
5074,rebounding,1,,,,,null,,,
5075,rebounding,1,,,,,null,,,
5076,rebounding,1,603,252,21538,95.56,sam2,0.0,0.0,0.0
5077,rebounding,1,,,,,null,,,
5078,rebounding,1,,,,,null,,,
5079,rebounding,1,,,,,null,,,
5080,rebounding,1,603,252,21607,95.86,sam2,0.0,0.0,0.0
5081,rebounding,1,,,,,null,,,
5082,rebounding,1,,,,,null,,,
5083,rebounding,1,,,,,null,,,
5084,rebounding,1,603,252,21598,95.83,sam2,0.0,0.0,0.0
5085,rebounding,1,,,,,null,,,
5086,rebounding,1,,,,,null,,,
5087,rebounding,1,,,,,null,,,
5088,rebounding,1,603,252,21603,95.85,sam2,0.0,0.0,0.0
5089,rebounding,1,,,,,null,,,
5090,rebounding,1,,,,,null,,,
5091,rebounding,1,,,,,null,,,
5092,rebounding,1,603,252,21584,95.76,sam2,0.0,0.0,0.0
5093,rebounding,1,,,,,null,,,
5094,rebounding,1,,,,,null,,,
5095,rebounding,1,,,,,null,,,
5096,rebounding,1,603,252,21600,95.83,sam2,0.0,0.0,0.0
5097,rebounding,1,,,,,null,,,
5098,rebounding,1,,,,,null,,,
5099,rebounding,1,,,,,null,,,
5100,rebounding,1,603,252,21559,95.65,sam2,0.0,0.0,0.0
5101,rebounding,1,,,,,null,,,
5102,rebounding,1,,,,,null,,,
5103,rebounding,1,,,,,null,,,
5104,rebounding,1,603,252,21456,95.19,sam2,0.0,0.0,0.0
5105,rebounding,1,,,,,null,,,
5106,rebounding,1,,,,,null,,,
5107,rebounding,1,,,,,null,,,
5108,rebounding,1,603,252,21581,95.75,sam2,0.0,0.0,0.0
5109,rebounding,1,,,,,null,,,
5110,rebounding,1,,,,,null,,,
5111,rebounding,1,,,,,null,,,
5112,rebounding,1,603,252,21552,95.62,sam2,0.0,0.0,0.0
5113,rebounding,1,,,,,null,,,
5114,rebounding,1,,,,,null,,,
5115,rebounding,1,,,,,null,,,
5116,rebounding,1,603,252,21662,96.11,sam2,0.0,0.0,0.0
5117,rebounding,1,,,,,null,,,
5118,rebounding,1,,,,,null,,,
5119,rebounding,1,,,,,null,,,
5120,rebounding,1,603,252,21631,95.97,sam2,0.0,0.0,0.0
5121,rebounding,1,,,,,null,,,
5122,rebounding,1,,,,,null,,,
5123,rebounding,1,,,,,null,,,
5124,rebounding,1,603,252,21662,96.11,sam2,0.0,0.0,0.0
5125,rebounding,1,,,,,null,,,
5126,rebounding,1,,,,,null,,,
5127,rebounding,1,,,,,null,,,
5128,rebounding,1,603,252,21567,95.69,sam2,0.0,0.0,0.0
5129,rebounding,1,,,,,null,,,
5130,rebounding,1,,,,,null,,,
5131,rebounding,1,,,,,null,,,
5132,rebounding,1,603,252,21722,96.38,sam2,0.0,0.0,0.0
5133,rebounding,1,,,,,null,,,
5134,rebounding,1,,,,,null,,,
5135,rebounding,1,,,,,null,,,
5136,rebounding,1,603,252,21658,96.09,sam2,0.0,0.0,0.0
5137,rebounding,1,,,,,null,,,
5138,rebounding,1,,,,,null,,,
5139,rebounding,1,,,,,null,,,
5140,rebounding,1,603,251,21486,95.33,sam2,1.0,749.192,13.378
5141,rebounding,1,,,,,null,,,
5142,rebounding,1,,,,,null,,,
5143,rebounding,1,,,,,null,,,
5144,rebounding,1,603,252,21524,95.5,sam2,1.0,749.192,13.378
5145,rebounding,1,,,,,null,,,
5146,rebounding,1,,,,,null,,,
5147,rebounding,1,,,,,null,,,
5148,rebounding,1,603,252,21676,96.17,sam2,0.0,0.0,0.0
5149,rebounding,1,,,,,null,,,
5150,rebounding,1,,,,,null,,,
5151,rebounding,1,,,,,null,,,
5152,rebounding,1,603,252,21540,95.57,sam2,0.0,0.0,0.0
5153,rebounding,1,,,,,null,,,
5154,rebounding,1,,,,,null,,,
5155,rebounding,1,,,,,null,,,
5156,rebounding,1,603,252,21445,95.15,sam2,0.0,0.0,0.0
5157,rebounding,1,,,,,null,,,
5158,rebounding,1,,,,,null,,,
5159,rebounding,1,,,,,null,,,
5160,rebounding,1,603,252,21465,95.23,sam2,0.0,0.0,0.0
5161,rebounding,1,,,,,null,,,
5162,rebounding,1,,,,,null,,,
5163,rebounding,1,,,,,null,,,
5164,rebounding,1,603,252,21610,95.88,sam2,0.0,0.0,0.0
5165,rebounding,1,,,,,null,,,
5166,rebounding,1,,,,,null,,,
5167,rebounding,1,,,,,null,,,
5168,rebounding,1,603,252,21530,95.52,sam2,0.0,0.0,0.0
5169,rebounding,1,,,,,null,,,
5170,rebounding,1,,,,,null,,,
5171,rebounding,1,,,,,null,,,
5172,rebounding,1,603,252,21542,95.58,sam2,0.0,0.0,0.0
5173,rebounding,1,,,,,null,,,
5174,rebounding,1,,,,,null,,,
5175,rebounding,1,,,,,null,,,
5176,rebounding,1,603,252,21557,95.64,sam2,0.0,0.0,0.0
5177,rebounding,1,,,,,null,,,
5178,rebounding,1,,,,,null,,,
5179,rebounding,1,,,,,null,,,
5180,rebounding,1,603,252,21616,95.9,sam2,0.0,0.0,0.0
5181,rebounding,1,,,,,null,,,
5182,rebounding,1,,,,,null,,,
5183,rebounding,1,,,,,null,,,
5184,rebounding,1,603,252,21584,95.76,sam2,0.0,0.0,0.0
5185,rebounding,1,,,,,null,,,
5186,rebounding,1,,,,,null,,,
5187,rebounding,1,,,,,null,,,
5188,rebounding,1,603,252,21661,96.1,sam2,0.0,0.0,0.0
5189,rebounding,1,,,,,null,,,
5190,rebounding,1,,,,,null,,,
5191,rebounding,1,,,,,null,,,
5192,rebounding,1,603,251,21481,95.31,sam2,1.0,749.192,13.378
5193,rebounding,1,,,,,null,,,
5194,rebounding,1,,,,,null,,,
5195,rebounding,1,,,,,null,,,
5196,rebounding,1,603,252,21572,95.71,sam2,1.0,749.192,13.378
5197,rebounding,1,,,,,null,,,
5198,rebounding,1,,,,,null,,,
5199,rebounding,1,,,,,null,,,
5200,rebounding,1,603,251,21400,94.95,sam2,1.0,749.192,13.378
5201,rebounding,1,,,,,null,,,
5202,rebounding,1,,,,,null,,,
5203,rebounding,1,,,,,null,,,
5204,rebounding,1,603,252,21583,95.76,sam2,1.0,749.192,13.378
5205,rebounding,1,,,,,null,,,
5206,rebounding,1,,,,,null,,,
5207,rebounding,1,,,,,null,,,
5208,rebounding,1,603,252,21499,95.39,sam2,0.0,0.0,0.0
5209,rebounding,1,,,,,null,,,
5210,rebounding,1,,,,,null,,,
5211,rebounding,1,,,,,null,,,
5212,rebounding,1,603,252,21544,95.59,sam2,0.0,0.0,0.0
5213,rebounding,1,,,,,null,,,
5214,rebounding,1,,,,,null,,,
5215,rebounding,1,,,,,null,,,
5216,rebounding,1,603,252,21533,95.54,sam2,0.0,0.0,0.0
5217,rebounding,1,,,,,null,,,
5218,rebounding,1,,,,,null,,,
5219,rebounding,1,,,,,null,,,
5220,rebounding,1,603,252,21521,95.48,sam2,0.0,0.0,0.0
5221,rebounding,1,,,,,null,,,
5222,rebounding,1,,,,,null,,,
5223,rebounding,1,,,,,null,,,
5224,rebounding,1,603,252,21491,95.35,sam2,0.0,0.0,0.0
5225,rebounding,1,,,,,null,,,
5226,rebounding,1,,,,,null,,,
5227,rebounding,1,,,,,null,,,
5228,rebounding,1,603,252,21565,95.68,sam2,0.0,0.0,0.0
5229,rebounding,1,,,,,null,,,
5230,rebounding,1,,,,,null,,,
5231,rebounding,1,,,,,null,,,
5232,rebounding,1,603,252,21553,95.63,sam2,0.0,0.0,0.0
5233,rebounding,1,,,,,null,,,
5234,rebounding,1,,,,,null,,,
5235,rebounding,1,,,,,null,,,
5236,rebounding,1,603,252,21610,95.88,sam2,0.0,0.0,0.0
5237,rebounding,1,,,,,null,,,
5238,rebounding,1,,,,,null,,,
5239,rebounding,1,,,,,null,,,
5240,rebounding,1,603,252,21575,95.72,sam2,0.0,0.0,0.0
5241,rebounding,1,,,,,null,,,
5242,rebounding,1,,,,,null,,,
5243,rebounding,1,,,,,null,,,
5244,rebounding,1,603,252,21594,95.81,sam2,0.0,0.0,0.0
5245,rebounding,1,,,,,null,,,
5246,rebounding,1,,,,,null,,,
5247,rebounding,1,,,,,null,,,
5248,rebounding,1,603,252,21624,95.94,sam2,0.0,0.0,0.0
5249,rebounding,1,,,,,null,,,
5250,rebounding,1,,,,,null,,,
5251,rebounding,1,,,,,null,,,
5252,rebounding,1,603,252,21644,96.03,sam2,0.0,0.0,0.0
5253,rebounding,1,,,,,null,,,
5254,rebounding,1,,,,,null,,,
5255,rebounding,1,,,,,null,,,
5256,rebounding,1,603,252,21605,95.86,sam2,0.0,0.0,0.0
5257,rebounding,1,,,,,null,,,
5258,rebounding,1,,,,,null,,,
5259,rebounding,1,,,,,null,,,
5260,rebounding,1,603,252,21658,96.09,sam2,0.0,0.0,0.0
5261,rebounding,1,,,,,null,,,
5262,rebounding,1,,,,,null,,,
5263,rebounding,1,,,,,null,,,
5264,rebounding,1,603,252,21647,96.04,sam2,0.0,0.0,0.0
5265,rebounding,1,,,,,null,,,
5266,rebounding,1,,,,,null,,,
5267,rebounding,1,,,,,null,,,
5268,rebounding,1,603,252,21648,96.05,sam2,0.0,0.0,0.0
5269,rebounding,1,,,,,null,,,
5270,rebounding,1,,,,,null,,,
5271,rebounding,1,,,,,null,,,
5272,rebounding,1,603,252,21649,96.05,sam2,0.0,0.0,0.0
5273,rebounding,1,,,,,null,,,
5274,rebounding,1,,,,,null,,,
5275,rebounding,1,,,,,null,,,
5276,rebounding,1,603,252,21462,95.22,sam2,0.0,0.0,0.0
5277,rebounding,1,,,,,null,,,
5278,rebounding,1,,,,,null,,,
5279,rebounding,1,,,,,null,,,
5280,rebounding,1,603,252,21578,95.74,sam2,0.0,0.0,0.0
5281,rebounding,1,,,,,null,,,
5282,rebounding,1,,,,,null,,,
5283,rebounding,1,,,,,null,,,
5284,rebounding,1,603,252,21578,95.74,sam2,0.0,0.0,0.0
5285,rebounding,1,,,,,null,,,
5286,rebounding,1,,,,,null,,,
5287,rebounding,1,,,,,null,,,
5288,rebounding,1,603,252,21529,95.52,sam2,0.0,0.0,0.0
5289,rebounding,1,,,,,null,,,
5290,rebounding,1,,,,,null,,,
5291,rebounding,1,,,,,null,,,
5292,rebounding,1,603,252,21570,95.7,sam2,0.0,0.0,0.0
5293,rebounding,1,,,,,null,,,
5294,rebounding,1,,,,,null,,,
5295,rebounding,1,,,,,null,,,
5296,rebounding,1,603,251,21521,95.48,sam2,1.0,749.192,13.378
5297,rebounding,1,,,,,null,,,
5298,rebounding,1,,,,,null,,,
5299,rebounding,1,,,,,null,,,
5300,rebounding,1,603,251,21497,95.38,sam2,0.0,0.0,0.0
5301,rebounding,1,,,,,null,,,
5302,rebounding,1,,,,,null,,,
5303,rebounding,1,,,,,null,,,
5304,rebounding,1,603,252,21612,95.89,sam2,1.0,749.192,13.378
5305,rebounding,1,,,,,null,,,
5306,rebounding,1,,,,,null,,,
5307,rebounding,1,,,,,null,,,
5308,rebounding,1,603,251,21530,95.52,sam2,1.0,749.192,13.378
5309,rebounding,1,,,,,null,,,
5310,rebounding,1,,,,,null,,,
5311,rebounding,1,,,,,null,,,
5312,rebounding,1,603,251,21482,95.31,sam2,0.0,0.0,0.0
5313,rebounding,1,,,,,null,,,
5314,rebounding,1,,,,,null,,,
5315,rebounding,1,,,,,null,,,
5316,rebounding,1,603,252,21499,95.39,sam2,1.0,749.192,13.378
5317,rebounding,1,,,,,null,,,
5318,rebounding,1,,,,,null,,,
5319,rebounding,1,,,,,null,,,
5320,rebounding,1,603,252,21557,95.64,sam2,0.0,0.0,0.0
5321,rebounding,1,,,,,null,,,
5322,rebounding,1,,,,,null,,,
5323,rebounding,1,,,,,null,,,
5324,rebounding,1,603,252,21522,95.49,sam2,0.0,0.0,0.0
5325,rebounding,1,,,,,null,,,
5326,rebounding,1,,,,,null,,,
5327,rebounding,1,,,,,null,,,
5328,rebounding,1,603,252,21583,95.76,sam2,0.0,0.0,0.0
5329,rebounding,1,,,,,null,,,
5330,rebounding,1,,,,,null,,,
5331,rebounding,1,,,,,null,,,
5332,rebounding,1,603,252,21570,95.7,sam2,0.0,0.0,0.0
5333,rebounding,1,,,,,null,,,
5334,rebounding,1,,,,,null,,,
5335,rebounding,1,,,,,null,,,
5336,rebounding,1,603,252,21573,95.71,sam2,0.0,0.0,0.0
5337,rebounding,1,,,,,null,,,
5338,rebounding,1,,,,,null,,,
5339,rebounding,1,,,,,null,,,
5340,rebounding,1,603,252,21615,95.9,sam2,0.0,0.0,0.0
5341,rebounding,1,,,,,null,,,
5342,rebounding,1,,,,,null,,,
5343,rebounding,1,,,,,null,,,
5344,rebounding,1,603,252,21638,96.0,sam2,0.0,0.0,0.0
5345,rebounding,1,,,,,null,,,
5346,rebounding,1,,,,,null,,,
5347,rebounding,1,,,,,null,,,
5348,rebounding,1,603,251,21462,95.22,sam2,1.0,749.192,13.378
5349,rebounding,1,,,,,null,,,
5350,rebounding,1,,,,,null,,,
5351,rebounding,1,,,,,null,,,
5352,rebounding,1,603,252,21573,95.71,sam2,1.0,749.192,13.378
5353,rebounding,1,,,,,null,,,
5354,rebounding,1,,,,,null,,,
5355,rebounding,1,,,,,null,,,
5356,rebounding,1,603,252,21615,95.9,sam2,0.0,0.0,0.0
5357,rebounding,1,,,,,null,,,
5358,rebounding,1,,,,,null,,,
5359,rebounding,1,,,,,null,,,
5360,rebounding,1,603,252,21588,95.78,sam2,0.0,0.0,0.0
5361,rebounding,1,,,,,null,,,
5362,rebounding,1,,,,,null,,,
5363,rebounding,1,,,,,null,,,
5364,rebounding,1,603,252,21574,95.72,sam2,0.0,0.0,0.0
5365,rebounding,1,,,,,null,,,
5366,rebounding,1,,,,,null,,,
5367,rebounding,1,,,,,null,,,
5368,rebounding,1,603,252,21554,95.63,sam2,0.0,0.0,0.0
5369,rebounding,1,,,,,null,,,
5370,rebounding,1,,,,,null,,,
5371,rebounding,1,,,,,null,,,
5372,rebounding,1,603,252,21556,95.64,sam2,0.0,0.0,0.0
5373,rebounding,1,,,,,null,,,
5374,rebounding,1,,,,,null,,,
5375,rebounding,1,,,,,null,,,
5376,rebounding,1,603,252,21532,95.53,sam2,0.0,0.0,0.0
5377,rebounding,1,,,,,null,,,
5378,rebounding,1,,,,,null,,,
5379,rebounding,1,,,,,null,,,
5380,rebounding,1,603,252,21707,96.31,sam2,0.0,0.0,0.0
5381,rebounding,1,,,,,null,,,
5382,rebounding,1,,,,,null,,,
5383,rebounding,1,,,,,null,,,
5384,rebounding,1,603,251,21411,95.0,sam2,1.0,749.192,13.378
5385,rebounding,1,,,,,null,,,
5386,rebounding,1,,,,,null,,,
5387,rebounding,1,,,,,null,,,
5388,rebounding,1,603,252,21512,95.44,sam2,1.0,749.192,13.378
5389,rebounding,1,,,,,null,,,
5390,rebounding,1,,,,,null,,,
5391,rebounding,1,,,,,null,,,
5392,rebounding,1,603,252,21530,95.52,sam2,0.0,0.0,0.0
5393,rebounding,1,,,,,null,,,
5394,rebounding,1,,,,,null,,,
5395,rebounding,1,,,,,null,,,
5396,rebounding,1,603,252,21580,95.75,sam2,0.0,0.0,0.0
5397,rebounding,1,,,,,null,,,
5398,rebounding,1,,,,,null,,,
5399,rebounding,1,,,,,null,,,
5400,rebounding,1,603,252,21561,95.66,sam2,0.0,0.0,0.0
5401,rebounding,1,,,,,null,,,
5402,rebounding,1,,,,,null,,,
5403,rebounding,1,,,,,null,,,
5404,rebounding,1,603,252,21619,95.92,sam2,0.0,0.0,0.0
5405,rebounding,1,,,,,null,,,
5406,rebounding,1,,,,,null,,,
5407,rebounding,1,,,,,null,,,
5408,rebounding,1,603,252,21523,95.49,sam2,0.0,0.0,0.0
5409,rebounding,1,,,,,null,,,
5410,rebounding,1,,,,,null,,,
5411,rebounding,1,,,,,null,,,
5412,rebounding,1,603,252,21568,95.69,sam2,0.0,0.0,0.0
5413,rebounding,1,,,,,null,,,
5414,rebounding,1,,,,,null,,,
5415,rebounding,1,,,,,null,,,
5416,rebounding,1,603,252,21550,95.61,sam2,0.0,0.0,0.0
5417,rebounding,1,,,,,null,,,
5418,rebounding,1,,,,,null,,,
5419,rebounding,1,,,,,null,,,
5420,rebounding,1,603,252,21558,95.65,sam2,0.0,0.0,0.0
5421,rebounding,1,,,,,null,,,
5422,rebounding,1,,,,,null,,,
5423,rebounding,1,,,,,null,,,
5424,rebounding,1,603,252,21617,95.91,sam2,0.0,0.0,0.0
5425,rebounding,1,,,,,null,,,
5426,rebounding,1,,,,,null,,,
5427,rebounding,1,,,,,null,,,
5428,rebounding,1,603,251,21473,95.27,sam2,1.0,749.192,13.378
5429,rebounding,1,,,,,null,,,
5430,rebounding,1,,,,,null,,,
5431,rebounding,1,,,,,null,,,
5432,rebounding,1,603,251,21425,95.06,sam2,0.0,0.0,0.0
5433,rebounding,1,,,,,null,,,
5434,rebounding,1,,,,,null,,,
5435,rebounding,1,,,,,null,,,
5436,rebounding,1,603,252,21535,95.55,sam2,1.0,749.192,13.378
5437,rebounding,1,,,,,null,,,
5438,rebounding,1,,,,,null,,,
5439,rebounding,1,,,,,null,,,
5440,rebounding,1,603,252,21568,95.69,sam2,0.0,0.0,0.0
5441,rebounding,1,,,,,null,,,
5442,rebounding,1,,,,,null,,,
5443,rebounding,1,,,,,null,,,
5444,rebounding,1,603,252,21531,95.53,sam2,0.0,0.0,0.0
5445,rebounding,1,,,,,null,,,
5446,rebounding,1,,,,,null,,,
5447,rebounding,1,,,,,null,,,
5448,rebounding,1,603,252,21515,95.46,sam2,0.0,0.0,0.0
5449,rebounding,1,,,,,null,,,
5450,rebounding,1,,,,,null,,,
5451,rebounding,1,,,,,null,,,
5452,rebounding,1,603,252,21530,95.52,sam2,0.0,0.0,0.0
5453,rebounding,1,,,,,null,,,
5454,rebounding,1,,,,,null,,,
5455,rebounding,1,,,,,null,,,
5456,rebounding,1,603,252,21525,95.5,sam2,0.0,0.0,0.0
5457,rebounding,1,,,,,null,,,
5458,rebounding,1,,,,,null,,,
5459,rebounding,1,,,,,null,,,
5460,rebounding,1,603,252,21614,95.9,sam2,0.0,0.0,0.0
5461,rebounding,1,,,,,null,,,
5462,rebounding,1,,,,,null,,,
5463,rebounding,1,,,,,null,,,
5464,rebounding,1,603,252,21575,95.72,sam2,0.0,0.0,0.0
5465,rebounding,1,,,,,null,,,
5466,rebounding,1,,,,,null,,,
5467,rebounding,1,,,,,null,,,
5468,rebounding,1,603,252,21586,95.77,sam2,0.0,0.0,0.0
5469,rebounding,1,,,,,null,,,
5470,rebounding,1,,,,,null,,,
5471,rebounding,1,,,,,null,,,
5472,rebounding,1,603,252,21535,95.55,sam2,0.0,0.0,0.0
5473,rebounding,1,,,,,null,,,
5474,rebounding,1,,,,,null,,,
5475,rebounding,1,,,,,null,,,
5476,rebounding,1,603,252,21615,95.9,sam2,0.0,0.0,0.0
5477,rebounding,1,,,,,null,,,
5478,rebounding,1,,,,,null,,,
5479,rebounding,1,,,,,null,,,
5480,rebounding,1,603,252,21593,95.8,sam2,0.0,0.0,0.0
5481,rebounding,1,,,,,null,,,
5482,rebounding,1,,,,,null,,,
5483,rebounding,1,,,,,null,,,
5484,rebounding,1,603,252,21676,96.17,sam2,0.0,0.0,0.0
5485,rebounding,1,,,,,null,,,
5486,rebounding,1,,,,,null,,,
5487,rebounding,1,,,,,null,,,
5488,rebounding,1,603,252,21588,95.78,sam2,0.0,0.0,0.0
5489,rebounding,1,,,,,null,,,
5490,rebounding,1,,,,,null,,,
5491,rebounding,1,,,,,null,,,
5492,rebounding,1,603,252,21553,95.63,sam2,0.0,0.0,0.0
5493,rebounding,1,,,,,null,,,
5494,rebounding,1,,,,,null,,,
5495,rebounding,1,,,,,null,,,
5496,rebounding,1,603,252,21532,95.53,sam2,0.0,0.0,0.0
5497,rebounding,1,,,,,null,,,
5498,rebounding,1,,,,,null,,,
5499,rebounding,1,,,,,null,,,
5500,rebounding,1,603,252,21470,95.26,sam2,0.0,0.0,0.0
5501,rebounding,1,,,,,null,,,
5502,rebounding,1,,,,,null,,,
5503,rebounding,1,,,,,null,,,
5504,rebounding,1,603,252,21579,95.74,sam2,0.0,0.0,0.0
5505,rebounding,1,,,,,null,,,
5506,rebounding,1,,,,,null,,,
5507,rebounding,1,,,,,null,,,
5508,rebounding,1,603,252,21490,95.35,sam2,0.0,0.0,0.0
5509,rebounding,1,,,,,null,,,
5510,rebounding,1,,,,,null,,,
5511,rebounding,1,,,,,null,,,
5512,rebounding,1,603,252,21479,95.3,sam2,0.0,0.0,0.0
5513,rebounding,1,,,,,null,,,
5514,rebounding,1,,,,,null,,,
5515,rebounding,1,,,,,null,,,
5516,rebounding,1,603,252,21530,95.52,sam2,0.0,0.0,0.0
5517,rebounding,1,,,,,null,,,
5518,rebounding,1,,,,,null,,,
5519,rebounding,1,,,,,null,,,
5520,rebounding,1,603,252,21673,96.16,sam2,0.0,0.0,0.0
5521,rebounding,1,,,,,null,,,
5522,rebounding,1,,,,,null,,,
5523,rebounding,1,,,,,null,,,
5524,rebounding,1,603,252,21615,95.9,sam2,0.0,0.0,0.0
5525,rebounding,1,,,,,null,,,
5526,rebounding,1,,,,,null,,,
5527,rebounding,1,,,,,null,,,
5528,rebounding,1,603,252,21582,95.75,sam2,0.0,0.0,0.0
5529,rebounding,1,,,,,null,,,
5530,rebounding,1,,,,,null,,,
5531,rebounding,1,,,,,null,,,
5532,rebounding,1,603,252,21573,95.71,sam2,0.0,0.0,0.0
5533,rebounding,1,,,,,null,,,
5534,rebounding,1,,,,,null,,,
5535,rebounding,1,,,,,null,,,
5536,rebounding,1,603,252,21600,95.83,sam2,0.0,0.0,0.0
5537,rebounding,1,,,,,null,,,
5538,rebounding,1,,,,,null,,,
5539,rebounding,1,,,,,null,,,
5540,rebounding,1,603,252,21521,95.48,sam2,0.0,0.0,0.0
5541,rebounding,1,,,,,null,,,
5542,rebounding,1,,,,,null,,,
5543,rebounding,1,,,,,null,,,
5544,rebounding,1,603,251,21482,95.31,sam2,1.0,749.192,13.378
5545,rebounding,1,,,,,null,,,
5546,rebounding,1,,,,,null,,,
5547,rebounding,1,,,,,null,,,
5548,rebounding,1,603,252,21520,95.48,sam2,1.0,749.192,13.378
5549,rebounding,1,,,,,null,,,
5550,rebounding,1,,,,,null,,,
5551,rebounding,1,,,,,null,,,
5552,rebounding,1,603,251,21455,95.19,sam2,1.0,749.192,13.378
5553,rebounding,1,,,,,null,,,
5554,rebounding,1,,,,,null,,,
5555,rebounding,1,,,,,null,,,
5556,rebounding,1,603,251,21448,95.16,sam2,0.0,0.0,0.0
5557,rebounding,1,,,,,null,,,
5558,rebounding,1,,,,,null,,,
5559,rebounding,1,,,,,null,,,
5560,rebounding,1,603,252,21436,95.11,sam2,1.0,749.192,13.378
5561,rebounding,1,,,,,null,,,
5562,rebounding,1,,,,,null,,,
5563,rebounding,1,,,,,null,,,
5564,rebounding,1,603,252,21536,95.55,sam2,0.0,0.0,0.0
5565,rebounding,1,,,,,null,,,
5566,rebounding,1,,,,,null,,,
5567,rebounding,1,,,,,null,,,
5568,rebounding,1,603,252,21489,95.34,sam2,0.0,0.0,0.0
5569,rebounding,1,,,,,null,,,
5570,rebounding,1,,,,,null,,,
5571,rebounding,1,,,,,null,,,
5572,rebounding,1,603,251,21420,95.04,sam2,1.0,749.192,13.378
5573,rebounding,1,,,,,null,,,
5574,rebounding,1,,,,,null,,,
5575,rebounding,1,,,,,null,,,
