frame,drop_id,cx,cy,area_px,percentage
406,1,1053,80,10193,100.0
407,1,1055,106,10124,99.32
408,1,1057,133,10128,99.36
409,1,1059,160,10072,98.81
410,1,1060,187,10062,98.71
411,1,1062,214,9952,97.64
412,1,1064,241,10218,100.25
413,1,1065,268,9643,94.6
414,1,1067,295,9745,95.6
415,1,1068,322,9143,89.7
416,1,1070,350,8870,87.02
417,1,1071,377,8735,85.7
418,1,1072,403,8377,82.18
419,1,1075,421,7042,69.09
420,1,1076,432,4792,47.01
421,1,1068,441,3950,38.75
422,1,1060,446,2833,27.79
423,1,1056,446,3048,29.9
424,1,1066,445,3560,34.93
425,1,1072,443,4155,40.76
426,1,1075,442,4416,43.32
427,1,1077,441,4457,43.73
428,1,1085,439,4936,48.43
429,1,1092,437,5931,58.19
430,1,1095,426,8069,79.16
431,1,1093,416,8732,85.67
432,1,1092,406,9168,89.94
433,1,1093,397,9672,94.89
434,1,1095,387,10838,106.33
435,1,1096,380,11702,114.8
436,1,1097,373,12527,122.9
437,1,1098,363,13127,128.78
438,1,1099,357,13761,135.0
439,1,1100,352,14050,137.84
440,1,1100,347,13605,133.47
441,1,1101,340,14422,141.49
442,1,1102,365,11818,115.94
442,2,1101,180,1885,18.49
443,1,1103,364,12044,118.16
443,2,1102,166,1931,18.94
444,1,1104,362,12047,118.19
444,2,1103,153,1986,19.48
445,1,1104,361,12410,121.75
445,2,1105,140,2127,20.87
446,1,1104,362,12503,122.66
446,2,1105,128,2091,20.51
447,1,1105,362,12603,123.64
447,2,1107,115,2072,20.33
448,1,1105,362,12633,123.94
448,2,1108,102,2031,19.93
449,1,1106,362,12645,124.06
449,2,1109,89,2048,20.09
450,1,1106,363,12654,124.14
450,2,1109,77,2131,20.91
451,1,1106,364,12603,123.64
451,2,1110,64,2200,21.58
452,1,1107,365,12504,122.67
452,2,1111,52,2200,21.58
453,1,1107,366,12294,120.61
453,2,1111,40,2108,20.68
454,1,1107,368,11975,117.48
454,2,1113,28,1988,19.5
455,1,1107,369,11699,114.77
455,2,1114,20,1522,14.93
456,1,1107,370,11405,111.89
456,2,1114,14,1022,10.03
457,1,1107,373,11084,108.74
458,1,1107,376,10665,104.63
459,1,1107,378,10348,101.52
460,1,1107,381,10182,99.89
461,1,1108,384,10274,100.79
462,1,1108,386,9889,97.02
463,1,1108,388,9884,96.97
464,1,1108,390,9394,92.16
465,1,1108,393,9078,89.06
466,1,1108,396,9110,89.38
467,1,1109,400,9079,89.07
468,1,1108,403,8760,85.94
469,1,1109,407,8840,86.73
470,1,1109,411,8446,82.86
471,1,1108,413,7746,75.99
472,1,1109,417,7493,73.51
473,1,1108,419,7127,69.92
474,1,1109,422,7106,69.71
475,1,1109,423,6988,68.56
476,1,1110,424,7199,70.63
477,1,1109,425,6601,64.76
478,1,1108,426,6129,60.13
479,1,1108,426,6054,59.39
480,1,1109,426,6139,60.23
481,1,1109,426,6174,60.57
482,1,1110,425,6577,64.52
483,1,1109,422,6856,67.26
484,1,1110,418,6986,68.54
485,1,1111,416,7598,74.54
486,1,1111,413,7955,78.04
487,1,1110,411,8068,79.15
488,1,1110,409,8450,82.9
489,1,1111,407,8701,85.36
490,1,1110,405,8499,83.38
491,1,1110,405,8583,84.2
492,1,1110,405,8547,83.85
493,1,1110,405,8810,86.43
494,1,1110,405,8915,87.46
495,1,1110,404,9066,88.94
496,1,1110,404,9112,89.39
497,1,1109,403,8632,84.69
498,1,1109,405,8738,85.73
499,1,1108,407,8243,80.87
500,1,1108,409,8027,78.75
501,1,1109,412,8036,78.84
502,1,1109,414,7883,77.34
503,1,1108,417,7615,74.71
504,1,1107,419,7143,70.08
505,1,1107,422,6792,66.63
506,1,1107,424,6581,64.56
507,1,1106,426,6366,62.45
508,1,1105,427,6339,62.19
509,1,1106,427,6695,65.68
510,1,1106,427,6491,63.68
511,1,1105,426,6485,63.62
512,1,1106,426,6876,67.46
513,1,1106,424,6951,68.19
514,1,1106,422,7455,73.14
515,1,1106,420,7427,72.86
516,1,1105,417,7574,74.31
517,1,1106,415,8027,78.75
518,1,1105,412,7941,77.91
519,1,1105,411,8137,79.83
520,1,1105,409,8440,82.8
521,1,1105,408,8584,84.21
522,1,1105,407,8515,83.54
523,1,1106,407,8601,84.38
524,1,1105,407,8502,83.41
525,1,1106,407,8487,83.26
526,1,1105,408,8173,80.18
527,1,1105,409,8124,79.7
528,1,1105,411,8086,79.33
529,1,1105,412,7815,76.67
530,1,1105,413,7643,74.98
531,1,1105,416,7767,76.2
532,1,1106,418,7644,74.99
533,1,1105,420,7219,70.82
534,1,1105,421,7005,68.72
535,1,1105,423,6814,66.85
536,1,1105,424,6653,65.27
537,1,1105,425,6518,63.95
538,1,1106,427,6443,63.21
539,1,1105,426,6269,61.5
540,1,1105,426,6274,61.55
541,1,1105,424,6416,62.95
542,1,1106,423,6758,66.3
543,1,1107,421,7160,70.24
544,1,1107,419,7379,72.39
545,1,1107,416,7310,71.72
546,1,1108,415,7800,76.52
547,1,1108,413,7792,76.44
548,1,1107,411,7841,76.93
549,1,1108,410,8214,80.58
550,1,1108,410,8319,81.61
551,1,1108,409,8129,79.75
552,1,1108,408,8128,79.74
553,1,1108,408,8412,82.53
554,1,1108,408,8458,82.98
555,1,1108,409,8509,83.48
556,1,1109,410,8521,83.6
557,1,1108,410,8068,79.15
558,1,1109,412,8178,80.23
559,1,1108,414,7799,76.51
560,1,1108,416,7595,74.51
561,1,1108,418,7528,73.85
562,1,1108,420,7347,72.08
563,1,1108,422,7088,69.54
564,1,1107,424,6585,64.6
565,1,1106,425,6445,63.23
566,1,1106,426,6414,62.93
567,1,1106,426,6424,63.02
568,1,1106,425,6365,62.44
569,1,1106,425,6409,62.88
570,1,1106,424,6518,63.95
571,1,1106,423,6662,65.36
572,1,1106,421,6864,67.34
573,1,1107,420,7411,72.71
574,1,1106,417,7553,74.1
575,1,1106,415,7565,74.22
576,1,1106,414,8033,78.81
577,1,1106,412,8227,80.71
578,1,1105,410,8105,79.52
579,1,1106,410,8496,83.35
580,1,1106,409,8537,83.75
581,1,1105,408,8238,80.82
582,1,1105,409,8283,81.26
583,1,1105,409,8151,79.97
584,1,1106,410,8265,81.09
585,1,1105,411,7936,77.86
586,1,1105,412,7954,78.03
587,1,1105,414,7579,74.35
588,1,1106,415,7627,74.83
589,1,1106,417,7556,74.13
590,1,1107,420,7663,75.18
591,1,1106,421,7190,70.54
592,1,1105,422,6963,68.31
593,1,1105,423,6714,65.87
594,1,1105,425,6632,65.06
595,1,1106,425,6771,66.43
596,1,1105,426,6541,64.17
597,1,1105,426,6510,63.87
598,1,1106,425,6640,65.14
599,1,1106,424,6888,67.58
600,1,1106,422,7233,70.96
601,1,1106,421,7363,72.24
602,1,1106,418,7320,71.81
603,1,1108,417,7768,76.21
604,1,1107,415,7702,75.56
605,1,1107,413,7708,75.62
606,1,1107,412,8045,78.93
607,1,1107,410,7756,76.09
608,1,1107,410,8108,79.54
609,1,1108,410,8143,79.89
610,1,1108,410,8196,80.41
611,1,1108,410,8219,80.63
612,1,1108,410,8197,80.42
613,1,1108,411,8224,80.68
614,1,1108,412,8213,80.57
615,1,1108,413,7953,78.02
616,1,1107,413,7697,75.51
617,1,1108,415,7791,76.43
618,1,1108,418,7747,76.0
619,1,1108,419,7604,74.6
620,1,1107,421,7159,70.23
621,1,1107,422,6848,67.18
622,1,1107,424,6636,65.1
623,1,1106,425,6623,64.98
624,1,1107,425,6650,65.24
625,1,1106,425,6521,63.98
626,1,1106,425,6513,63.9
627,1,1106,424,6693,65.66
628,1,1107,423,7008,68.75
629,1,1107,421,6936,68.05
630,1,1107,420,7342,72.03
631,1,1107,419,7365,72.26
632,1,1107,418,7800,76.52
633,1,1107,416,7959,78.08
634,1,1107,414,8060,79.07
635,1,1106,413,7979,78.28
636,1,1107,412,8326,81.68
637,1,1106,411,8257,81.01
638,1,1106,410,8123,79.69
639,1,1106,410,8452,82.92
640,1,1106,411,8257,81.01
641,1,1106,411,8138,79.84
642,1,1106,412,8066,79.13
643,1,1105,412,7812,76.64
644,1,1106,414,7981,78.3
645,1,1106,416,7875,77.26
646,1,1106,417,7432,72.91
647,1,1106,419,7488,73.46
648,1,1106,420,7204,70.68
649,1,1105,421,6940,68.09
650,1,1105,423,6884,67.54
651,1,1105,424,6570,64.46
652,1,1105,424,6409,62.88
653,1,1105,426,6559,64.35
654,1,1105,425,6342,62.22
655,1,1105,425,6591,64.66
656,1,1106,424,6892,67.62
657,1,1106,422,7071,69.37
658,1,1106,421,7082,69.48
659,1,1107,420,7548,74.05
660,1,1106,417,7419,72.79
661,1,1106,416,7562,74.19
662,1,1106,414,7609,74.65
663,1,1107,413,7968,78.17
664,1,1106,412,7803,76.55
665,1,1106,412,7883,77.34
666,1,1106,411,7948,77.98
667,1,1107,411,8150,79.96
668,1,1107,410,8080,79.27
669,1,1107,411,8124,79.7
670,1,1108,412,8116,79.62
671,1,1108,413,8053,79.01
672,1,1108,414,7918,77.68
673,1,1107,414,7552,74.09
674,1,1107,416,7337,71.98
675,1,1107,418,7350,72.11
676,1,1107,419,7159,70.23
677,1,1107,421,7053,69.19
678,1,1107,422,7086,69.52
679,1,1107,423,6757,66.29
680,1,1106,424,6608,64.83
681,1,1106,424,6546,64.22
682,1,1106,424,6558,64.34
683,1,1107,424,6658,65.32
684,1,1107,424,6838,67.09
685,1,1108,422,7055,69.21
686,1,1107,421,7022,68.89
687,1,1107,420,7112,69.77
688,1,1107,418,7201,70.65
689,1,1107,417,7399,72.59
690,1,1108,416,7822,76.74
691,1,1108,415,7996,78.45
692,1,1108,414,8023,78.71
693,1,1107,413,7859,77.1
694,1,1106,411,7747,76.0
695,1,1107,412,8131,79.77
696,1,1107,411,7886,77.37
697,1,1107,412,8082,79.29
698,1,1107,412,7808,76.6
699,1,1107,413,8034,78.82
700,1,1107,414,8105,79.52
701,1,1106,415,7764,76.17
702,1,1106,415,7507,73.65
703,1,1106,417,7552,74.09
704,1,1107,419,7597,74.53
705,1,1106,420,7329,71.9
706,1,1107,421,7315,71.76
707,1,1106,422,7006,68.73
708,1,1106,423,6855,67.25
709,1,1105,424,6600,64.75
710,1,1105,424,6576,64.51
711,1,1105,424,6594,64.69
712,1,1106,424,6901,67.7
713,1,1105,423,6724,65.97
714,1,1106,422,7066,69.32
715,1,1107,422,7449,73.08
716,1,1106,420,7256,71.19
717,1,1106,418,7372,72.32
718,1,1106,417,7498,73.56
719,1,1107,416,7791,76.43
720,1,1106,414,7676,75.31
721,1,1107,413,7938,77.88
722,1,1107,413,8134,79.8
723,1,1106,413,7994,78.43
724,1,1107,412,8161,80.06
725,1,1106,411,7881,77.32
726,1,1107,413,8210,80.55
727,1,1107,413,7946,77.96
728,1,1106,413,7799,76.51
729,1,1107,414,7906,77.56
730,1,1107,415,7609,74.65
731,1,1107,417,7705,75.59
732,1,1107,418,7567,74.24
733,1,1107,419,7210,70.73
734,1,1107,421,7326,71.87
735,1,1106,422,7005,68.72
736,1,1107,423,6850,67.2
737,1,1106,423,6652,65.26
738,1,1107,424,6676,65.5
739,1,1107,424,6644,65.18
740,1,1107,423,6667,65.41
741,1,1107,423,7018,68.85
742,1,1106,422,6747,66.19
743,1,1107,421,6961,68.29
744,1,1107,420,6955,68.23
745,1,1107,418,7149,70.14
746,1,1108,418,7665,75.2
747,1,1108,417,7593,74.49
748,1,1108,415,7829,76.81
749,1,1108,414,7776,76.29
750,1,1108,414,8100,79.47
751,1,1107,412,7770,76.23
752,1,1108,413,8141,79.87
753,1,1108,412,8007,78.55
754,1,1107,413,7802,76.54
755,1,1108,413,8050,78.98
756,1,1107,413,7660,75.15
757,1,1107,414,7551,74.08
758,1,1107,415,7549,74.06
759,1,1106,416,7398,72.58
760,1,1107,418,7580,74.36
761,1,1107,419,7415,72.75
762,1,1106,419,7041,69.08
763,1,1107,421,7241,71.04
764,1,1106,422,6915,67.84
765,1,1106,422,6789,66.6
766,1,1106,423,6785,66.57
767,1,1105,423,6741,66.13
768,1,1105,423,6661,65.35
769,1,1105,423,6726,65.99
770,1,1106,422,7092,69.58
771,1,1105,421,7001,68.68
772,1,1106,421,7324,71.85
773,1,1107,420,7536,73.93
774,1,1106,418,7257,71.2
775,1,1106,417,7677,75.32
776,1,1106,416,7475,73.33
777,1,1106,415,7556,74.13
778,1,1106,414,7582,74.38
779,1,1106,414,7955,78.04
780,1,1106,414,7986,78.35
781,1,1106,413,7821,76.73
782,1,1106,413,7949,77.98
783,1,1106,413,7693,75.47
784,1,1107,414,7935,77.85
785,1,1106,414,7660,75.15
786,1,1107,415,7866,77.17
787,1,1106,416,7576,74.33
788,1,1107,417,7729,75.83
789,1,1107,418,7631,74.87
790,1,1107,419,7541,73.98
791,1,1106,421,7198,70.62
792,1,1107,422,7080,69.46
793,1,1106,422,6786,66.58
794,1,1106,423,6885,67.55
795,1,1107,422,6653,65.27
796,1,1107,423,6793,66.64
797,1,1107,423,6747,66.19
798,1,1108,423,7071,69.37
799,1,1107,422,6861,67.31
800,1,1108,421,7265,71.27
801,1,1108,420,7321,71.82
802,1,1108,419,7346,72.07
803,1,1108,418,7589,74.45
804,1,1108,417,7448,73.07
805,1,1108,416,7743,75.96
806,1,1108,415,7745,75.98
807,1,1107,414,7752,76.05
808,1,1107,414,7705,75.59
809,1,1107,414,7745,75.98
810,1,1108,414,7971,78.2
811,1,1108,414,7997,78.46
812,1,1108,414,7945,77.95
813,1,1108,415,7934,77.84
814,1,1108,415,7891,77.42
815,1,1108,416,7763,76.16
816,1,1107,417,7455,73.14
817,1,1108,418,7761,76.14
818,1,1107,419,7296,71.58
819,1,1108,420,7426,72.85
820,1,1107,421,7067,69.33
821,1,1106,422,6999,68.66
822,1,1106,422,6861,67.31
823,1,1107,423,6914,67.83
824,1,1106,423,6848,67.18
825,1,1106,423,6766,66.38
826,1,1106,422,6990,68.58
827,1,1106,422,7019,68.86
828,1,1107,422,7310,71.72
829,1,1106,421,7229,70.92
830,1,1107,420,7488,73.46
831,1,1106,418,7292,71.54
832,1,1107,418,7715,75.69
833,1,1106,417,7715,75.69
834,1,1106,415,7628,74.84
835,1,1107,415,7947,77.97
836,1,1106,414,7757,76.1
837,1,1106,415,7837,76.89
838,1,1106,414,7998,78.47
839,1,1106,414,7814,76.66
840,1,1106,414,7706,75.6
841,1,1106,415,7696,75.5
842,1,1107,415,7784,76.37
843,1,1106,416,7526,73.83
844,1,1106,417,7602,74.58
845,1,1107,418,7549,74.06
846,1,1106,418,7279,71.41
847,1,1107,420,7381,72.41
848,1,1107,421,7213,70.76
849,1,1107,421,7177,70.41
850,1,1106,421,6865,67.35
851,1,1106,422,6922,67.91
852,1,1106,422,6829,67.0
853,1,1106,423,6867,67.37
854,1,1106,422,6876,67.46
855,1,1106,421,6792,66.63
856,1,1106,421,6916,67.85
857,1,1106,420,6926,67.95
858,1,1108,420,7380,72.4
859,1,1108,419,7456,73.15
860,1,1108,418,7570,74.27
861,1,1108,417,7703,75.57
862,1,1109,417,7883,77.34
863,1,1108,415,7670,75.25
864,1,1108,415,7789,76.42
865,1,1108,415,7751,76.04
866,1,1108,415,7780,76.33
867,1,1107,414,7735,75.89
868,1,1107,414,7646,75.01
869,1,1108,415,7787,76.4
870,1,1108,415,7709,75.63
871,1,1107,416,7495,73.53
872,1,1108,417,7694,75.48
873,1,1108,417,7554,74.11
874,1,1107,419,7435,72.94
875,1,1108,419,7496,73.54
876,1,1108,420,7467,73.26
877,1,1107,420,7038,69.05
878,1,1107,421,7017,68.84
879,1,1108,422,7194,70.58
880,1,1108,422,7196,70.6
881,1,1107,423,7041,69.08
882,1,1107,422,7034,69.01
883,1,1106,422,6935,68.04
884,1,1106,421,6945,68.13
885,1,1106,421,7148,70.13
886,1,1107,420,7174,70.38
887,1,1106,419,7254,71.17
888,1,1107,419,7498,73.56
889,1,1106,418,7400,72.6
890,1,1107,417,7637,74.92
891,1,1106,416,7498,73.56
892,1,1106,416,7585,74.41
893,1,1107,415,7835,76.87
894,1,1106,415,7655,75.1
895,1,1106,415,7658,75.13
896,1,1106,415,7810,76.62
897,1,1106,415,7837,76.89
898,1,1107,416,7899,77.49
899,1,1106,416,7640,74.95
900,1,1107,417,7788,76.41
901,1,1106,417,7505,73.63
902,1,1106,418,7647,75.02
903,1,1106,419,7284,71.46
904,1,1106,420,7339,72.0
905,1,1106,420,7151,70.16
906,1,1106,421,6969,68.37
907,1,1106,422,6939,68.08
908,1,1106,422,6923,67.92
909,1,1106,422,7010,68.77
910,1,1106,421,6720,65.93
911,1,1107,422,7180,70.44
912,1,1106,421,6834,67.05
913,1,1107,421,7184,70.48
914,1,1106,420,6989,68.57
915,1,1106,420,7208,70.72
916,1,1107,419,7266,71.28
917,1,1107,418,7372,72.32
918,1,1107,417,7561,74.18
919,1,1108,417,7816,76.68
920,1,1108,416,7836,76.88
921,1,1107,415,7632,74.87
922,1,1107,415,7674,75.29
923,1,1108,415,7894,77.45
924,1,1108,415,7726,75.8
925,1,1108,415,7626,74.82
926,1,1108,416,7832,76.84
927,1,1108,416,7585,74.41
928,1,1108,417,7738,75.91
929,1,1108,417,7493,73.51
930,1,1107,418,7372,72.32
931,1,1107,418,7170,70.34
932,1,1107,419,7127,69.92
933,1,1107,420,7089,69.55
934,1,1108,421,7263,71.25
935,1,1107,421,6881,67.51
936,1,1108,422,7242,71.05
937,1,1108,422,7180,70.44
938,1,1107,422,6871,67.41
939,1,1107,421,6901,67.7
940,1,1107,422,7005,68.72
941,1,1107,421,7220,70.83
942,1,1107,421,7379,72.39
943,1,1106,420,7179,70.43
944,1,1107,419,7412,72.72
945,1,1107,419,7383,72.43
946,1,1107,418,7405,72.65
947,1,1107,417,7669,75.24
948,1,1107,417,7654,75.09
949,1,1106,416,7516,73.74
950,1,1107,416,7843,76.94
951,1,1107,415,7851,77.02
952,1,1106,415,7600,74.56
953,1,1106,415,7594,74.5
954,1,1106,415,7586,74.42
955,1,1106,416,7463,73.22
956,1,1107,417,7747,76.0
957,1,1106,417,7457,73.16
958,1,1106,417,7465,73.24
959,1,1107,418,7532,73.89
960,1,1107,419,7479,73.37
961,1,1107,420,7420,72.8
962,1,1106,420,7131,69.96
963,1,1107,421,7253,71.16
964,1,1106,421,7074,69.4
965,1,1106,421,6909,67.78
966,1,1106,422,6950,68.18
967,1,1106,422,7005,68.72
968,1,1106,422,7042,69.09
969,1,1106,421,6923,67.92
970,1,1107,421,7297,71.59
971,1,1107,420,7379,72.39
972,1,1106,419,7088,69.54
973,1,1106,419,7255,71.18
974,1,1106,418,7239,71.02
975,1,1107,417,7357,72.18
976,1,1107,417,7402,72.62
977,1,1107,416,7463,73.22
978,1,1107,416,7452,73.11
979,1,1107,416,7534,73.91
980,1,1107,415,7621,74.77
981,1,1107,415,7469,73.28
982,1,1108,415,7656,75.11
983,1,1107,416,7504,73.62
984,1,1107,416,7531,73.88
985,1,1108,417,7614,74.7
986,1,1108,417,7637,74.92
987,1,1108,418,7553,74.1
988,1,1107,419,7307,71.69
989,1,1107,419,7158,70.22
990,1,1107,420,7069,69.35
991,1,1107,420,7228,70.91
992,1,1107,421,7107,69.72
993,1,1108,422,7241,71.04
994,1,1107,422,7050,69.17
995,1,1107,421,6935,68.04
996,1,1107,421,6872,67.42
997,1,1107,421,6955,68.23
998,1,1107,421,7044,69.11
999,1,1108,421,7399,72.59
1000,1,1108,420,7331,71.92
1001,1,1107,419,7197,70.61
1002,1,1107,418,7331,71.92
1003,1,1107,418,7409,72.69
1004,1,1107,417,7469,73.28
1005,1,1107,417,7683,75.38
1006,1,1107,416,7525,73.83
1007,1,1107,416,7649,75.04
1008,1,1107,416,7595,74.51
1009,1,1107,416,7603,74.59
1010,1,1106,416,7595,74.51
1011,1,1106,416,7549,74.06
1012,1,1107,416,7748,76.01
1013,1,1107,417,7681,75.36
1014,1,1106,417,7355,72.16
1015,1,1106,418,7419,72.79
1016,1,1106,418,7302,71.64
1017,1,1107,419,7517,73.75
1018,1,1106,420,7247,71.1
1019,1,1106,420,7217,70.8
1020,1,1106,421,7097,69.63
1021,1,1106,420,7029,68.96
1022,1,1106,421,6906,67.75
1023,1,1107,422,7185,70.49
1024,1,1107,421,7030,68.97
1025,1,1107,421,7219,70.82
1026,1,1106,421,7027,68.94
1027,1,1107,420,7173,70.37
1028,1,1106,420,7223,70.86
1029,1,1106,419,7301,71.63
1030,1,1107,419,7545,74.02
1031,1,1106,418,7422,72.81
1032,1,1106,418,7449,73.08
1033,1,1107,417,7655,75.1
1034,1,1106,416,7436,72.95
1035,1,1107,416,7509,73.67
1036,1,1108,417,7800,76.52
1037,1,1107,416,7566,74.23
1038,1,1108,417,7852,77.03
1039,1,1107,416,7738,75.91
1040,1,1107,417,7579,74.35
1041,1,1107,416,7408,72.68
1042,1,1107,417,7599,74.55
1043,1,1107,418,7446,73.05
1044,1,1108,418,7572,74.29
1045,1,1108,419,7597,74.53
1046,1,1107,419,7246,71.09
1047,1,1107,420,7246,71.09
1048,1,1107,420,7154,70.19
1049,1,1107,421,7082,69.48
1050,1,1108,421,7261,71.24
1051,1,1107,421,7082,69.48
1052,1,1107,421,7002,68.69
1053,1,1107,421,7026,68.93
1054,1,1107,420,6974,68.42
1055,1,1107,420,7091,69.57
1056,1,1108,420,7219,70.82
1057,1,1107,419,7145,70.1
1058,1,1107,418,7148,70.13
1059,1,1108,419,7583,74.39
1060,1,1107,418,7312,71.74
1061,1,1107,417,7481,73.39
1062,1,1107,417,7440,72.99
1063,1,1107,417,7534,73.91
1064,1,1107,417,7553,74.1
1065,1,1108,416,7716,75.7
1066,1,1107,416,7701,75.55
1067,1,1107,416,7523,73.81
1068,1,1107,416,7514,73.72
1069,1,1106,416,7417,72.77
1070,1,1107,417,7382,72.42
1071,1,1107,418,7627,74.83
1072,1,1107,418,7453,73.12
1073,1,1107,419,7592,74.48
1074,1,1106,419,7308,71.7
1075,1,1107,420,7425,72.84
1076,1,1106,419,6977,68.45
1077,1,1106,420,7029,68.96
1078,1,1107,421,7267,71.29
1079,1,1106,420,6904,67.73
1080,1,1106,421,6956,68.24
1081,1,1106,421,7017,68.84
1082,1,1106,421,7028,68.95
1083,1,1106,421,7088,69.54
1084,1,1106,420,7055,69.21
1085,1,1107,420,7304,71.66
1086,1,1107,419,7340,72.01
1087,1,1107,419,7390,72.5
1088,1,1106,418,7253,71.16
1089,1,1106,418,7346,72.07
1090,1,1106,417,7529,73.86
1091,1,1107,417,7670,75.25
1092,1,1106,416,7409,72.69
1093,1,1107,417,7634,74.89
1094,1,1107,417,7588,74.44
1095,1,1107,417,7709,75.63
1096,1,1106,416,7407,72.67
1097,1,1107,417,7650,75.05
1098,1,1107,417,7677,75.32
1099,1,1107,418,7514,73.72
1100,1,1107,418,7619,74.75
1101,1,1107,419,7640,74.95
1102,1,1106,419,7294,71.56
1103,1,1107,419,7329,71.9
1104,1,1107,420,7238,71.01
1105,1,1108,420,7351,72.12
1106,1,1106,420,7056,69.22
1107,1,1108,421,7402,72.62
1108,1,1108,421,7270,71.32
1109,1,1107,421,7036,69.03
1110,1,1108,421,7338,71.99
1111,1,1107,421,7160,70.24
1112,1,1107,420,7158,70.22
1113,1,1108,420,7433,72.92
1114,1,1107,419,7304,71.66
1115,1,1108,419,7493,73.51
1116,1,1108,419,7637,74.92
1117,1,1108,418,7392,72.52
1118,1,1107,417,7375,72.35
1119,1,1108,417,7503,73.61
1120,1,1108,417,7765,76.18
1121,1,1108,417,7879,77.3
1122,1,1107,417,7661,75.16
1123,1,1107,417,7551,74.08
1124,1,1107,417,7508,73.66
1125,1,1107,417,7382,72.42
1126,1,1108,418,7738,75.91
1127,1,1107,418,7543,74.0
1128,1,1107,418,7410,72.7
1129,1,1106,418,7247,71.1
1130,1,1106,418,7216,70.79
1131,1,1107,419,7439,72.98
1132,1,1107,420,7214,70.77
1133,1,1106,420,7105,69.7
1134,1,1106,420,7060,69.26
1135,1,1107,421,7094,69.6
1136,1,1107,421,7203,70.67
1137,1,1106,420,6971,68.39
1138,1,1107,421,7179,70.43
1139,1,1107,421,7281,71.43
1140,1,1106,420,7033,69.0
1141,1,1106,420,7139,70.04
1142,1,1107,419,7356,72.17
1143,1,1107,419,7465,73.24
1144,1,1107,419,7388,72.48
1145,1,1107,419,7725,75.79
1146,1,1107,418,7593,74.49
1147,1,1107,418,7547,74.04
1148,1,1107,418,7600,74.56
1149,1,1107,417,7733,75.87
1150,1,1107,417,7467,73.26
1151,1,1106,416,7388,72.48
1152,1,1107,417,7450,73.09
1153,1,1107,417,7513,73.71
1154,1,1107,417,7389,72.49
1155,1,1107,417,7638,74.93
1156,1,1107,417,7395,72.55
1157,1,1106,418,7235,70.98
1158,1,1107,419,7581,74.37
1159,1,1106,419,7231,70.94
1160,1,1107,419,7429,72.88
1161,1,1107,420,7238,71.01
1162,1,1107,420,7263,71.25
1163,1,1107,420,7139,70.04
1164,1,1107,420,7113,69.78
1165,1,1107,420,7100,69.66
1166,1,1107,421,7296,71.58
1167,1,1107,421,7171,70.35
1168,1,1107,420,7155,70.2
1169,1,1107,420,7093,69.59
1170,1,1107,420,7143,70.08
1171,1,1107,419,7247,71.1
1172,1,1107,419,7209,70.73
1173,1,1108,419,7486,73.44
1174,1,1108,418,7479,73.37
1175,1,1107,418,7380,72.4
1176,1,1108,418,7598,74.54
1177,1,1107,417,7407,72.67
1178,1,1108,417,7690,75.44
1179,1,1108,417,7755,76.08
1180,1,1108,417,7708,75.62
1181,1,1108,417,7659,75.14
1182,1,1107,418,7557,74.14
1183,1,1108,417,7688,75.42
1184,1,1107,418,7483,73.41
1185,1,1107,418,7431,72.9
1186,1,1107,418,7371,72.31
1187,1,1107,418,7284,71.46
1188,1,1108,419,7498,73.56
1189,1,1107,419,7213,70.76
1190,1,1107,420,7409,72.69
1191,1,1107,420,7056,69.22
1192,1,1107,420,6997,68.65
1193,1,1107,420,7285,71.47
1194,1,1107,420,7084,69.5
1195,1,1106,420,7035,69.02
1196,1,1106,420,7023,68.9
1197,1,1107,420,7194,70.58
1198,1,1106,419,6997,68.65
1199,1,1107,419,7191,70.55
1200,1,1106,419,7136,70.01
1201,1,1107,419,7453,73.12
1202,1,1107,419,7370,72.3
1203,1,1107,418,7524,73.82
1204,1,1107,418,7571,74.28
1205,1,1107,417,7393,72.53
1206,1,1106,417,7336,71.97
1207,1,1106,417,7355,72.16
1208,1,1106,417,7360,72.21
1209,1,1107,417,7586,74.42
1210,1,1107,417,7656,75.11
1211,1,1107,418,7644,74.99
1212,1,1106,417,7293,71.55
1213,1,1107,418,7491,73.49
1214,1,1107,418,7496,73.54
1215,1,1107,418,7295,71.57
1216,1,1107,419,7467,73.26
1217,1,1107,420,7545,74.02
1218,1,1107,420,7221,70.84
1219,1,1107,420,7432,72.91
1220,1,1106,420,7191,70.55
1221,1,1106,420,7116,69.81
1222,1,1108,421,7434,72.93
1223,1,1107,420,7047,69.14
1224,1,1106,420,7124,69.89
1225,1,1107,420,7107,69.72
1226,1,1107,420,7344,72.05
1227,1,1108,420,7435,72.94
1228,1,1108,420,7364,72.25
1229,1,1108,419,7352,72.13
1230,1,1107,419,7367,72.28
1231,1,1107,419,7422,72.81
1232,1,1107,418,7406,72.66
1233,1,1108,418,7647,75.02
1234,1,1108,418,7634,74.89
1235,1,1107,417,7308,71.7
1236,1,1107,417,7347,72.08
1237,1,1107,417,7417,72.77
1238,1,1108,417,7685,75.39
1239,1,1108,417,7662,75.17
1240,1,1107,417,7383,72.43
1241,1,1108,418,7623,74.79
1242,1,1107,418,7481,73.39
1243,1,1108,418,7522,73.8
1244,1,1107,418,7284,71.46
1245,1,1107,419,7267,71.29
1246,1,1107,419,7366,72.27
1247,1,1108,420,7467,73.26
1248,1,1107,420,7196,70.6
1249,1,1107,420,7067,69.33
1250,1,1107,420,7064,69.3
1251,1,1106,420,6979,68.47
1252,1,1106,420,7010,68.77
1253,1,1106,420,7047,69.14
1254,1,1106,419,7038,69.05
1255,1,1106,419,7059,69.25
1256,1,1106,419,7144,70.09
1257,1,1106,419,7181,70.45
1258,1,1106,418,7155,70.2
1259,1,1107,418,7417,72.77
1260,1,1107,418,7358,72.19
1261,1,1107,418,7398,72.58
1262,1,1106,418,7397,72.57
1263,1,1107,417,7329,71.9
1264,1,1107,418,7583,74.39
1265,1,1106,417,7290,71.52
1266,1,1107,417,7555,74.12
1267,1,1107,417,7416,72.76
1268,1,1107,418,7642,74.97
1269,1,1107,418,7631,74.87
1270,1,1107,417,7289,71.51
1271,1,1107,418,7567,74.24
1272,1,1106,418,7227,70.9
1273,1,1106,418,7137,70.02
1274,1,1107,419,7408,72.68
1275,1,1107,420,7460,73.19
1276,1,1107,420,7479,73.37
1277,1,1107,420,7469,73.28
1278,1,1107,420,7135,70.0
1279,1,1108,421,7454,73.13
1280,1,1107,420,7350,72.11
1281,1,1107,420,7309,71.71
1282,1,1108,420,7440,72.99
1283,1,1107,420,7182,70.46
1284,1,1107,419,7189,70.53
1285,1,1107,419,7240,71.03
1286,1,1107,419,7305,71.67
1287,1,1108,419,7597,74.53
1288,1,1107,418,7378,72.38
1289,1,1108,419,7650,75.05
1290,1,1108,418,7689,75.43
1291,1,1107,418,7524,73.82
1292,1,1108,418,7778,76.31
1293,1,1107,417,7477,73.35
1294,1,1108,418,7785,76.38
1295,1,1108,418,7861,77.12
1296,1,1108,418,7828,76.8
1297,1,1108,418,7756,76.09
1298,1,1107,418,7504,73.62
1299,1,1107,418,7396,72.56
1300,1,1107,419,7425,72.84
1301,1,1107,419,7318,71.79
1302,1,1108,419,7488,73.46
1303,1,1107,419,7235,70.98
1304,1,1107,419,7145,70.1
1305,1,1107,419,7115,69.8
1306,1,1107,420,7336,71.97
1307,1,1107,420,7349,72.1
1308,1,1107,420,7175,70.39
1309,1,1108,421,7460,73.19
1310,1,1107,419,7057,69.23
1311,1,1107,420,7121,69.86
1312,1,1108,420,7533,73.9
1313,1,1108,420,7504,73.62
1314,1,1107,419,7357,72.18
1315,1,1107,419,7267,71.29
1316,1,1107,419,7293,71.55
1317,1,1107,418,7442,73.01
1318,1,1108,419,7640,74.95
1319,1,1107,418,7395,72.55
1320,1,1107,418,7478,73.36
1321,1,1106,417,7358,72.19
1322,1,1107,417,7370,72.3
1323,1,1107,417,7401,72.61
1324,1,1107,418,7640,74.95
1325,1,1107,417,7567,74.24
1326,1,1107,417,7514,73.72
1327,1,1107,418,7617,74.73
1328,1,1106,418,7316,71.77
1329,1,1107,419,7562,74.19
1330,1,1107,419,7548,74.05
1331,1,1106,419,7223,70.86
1332,1,1107,420,7508,73.66
1333,1,1106,419,7175,70.39
1334,1,1106,419,7091,69.57
1335,1,1106,419,7088,69.54
1336,1,1107,420,7402,72.62
1337,1,1107,420,7434,72.93
1338,1,1107,420,7456,73.15
1339,1,1106,420,7134,69.99
1340,1,1107,420,7191,70.55
1341,1,1108,420,7467,73.26
1342,1,1107,419,7202,70.66
1343,1,1107,419,7491,73.49
1344,1,1107,419,7513,73.71
1345,1,1107,419,7378,72.38
1346,1,1107,418,7553,74.1
1347,1,1107,418,7533,73.9
1348,1,1108,418,7672,75.27
1349,1,1107,418,7439,72.98
1350,1,1108,418,7687,75.41
1351,1,1107,418,7527,73.84
1352,1,1107,417,7451,73.1
1353,1,1108,418,7634,74.89
1354,1,1108,418,7654,75.09
1355,1,1107,418,7335,71.96
1356,1,1107,418,7396,72.56
1357,1,1107,418,7496,73.54
1358,1,1107,419,7415,72.75
1359,1,1107,419,7382,72.42
1360,1,1107,419,7286,71.48
1361,1,1108,420,7446,73.05
1362,1,1107,419,7399,72.59
1363,1,1107,419,7138,70.03
1364,1,1108,420,7439,72.98
1365,1,1107,420,7166,70.3
1366,1,1106,419,7077,69.43
1367,1,1107,419,7004,68.71
1368,1,1107,420,7277,71.39
1369,1,1107,419,7128,69.93
1370,1,1107,419,7204,70.68
1371,1,1108,419,7456,73.15
1372,1,1107,419,7303,71.65
1373,1,1107,419,7330,71.91
1374,1,1107,418,7364,72.25
1375,1,1107,418,7323,71.84
1376,1,1107,418,7447,73.06
1377,1,1107,417,7308,71.7
1378,1,1106,417,7285,71.47
1379,1,1107,418,7606,74.62
1380,1,1107,418,7516,73.74
1381,1,1107,418,7600,74.56
1382,1,1107,418,7550,74.07
1383,1,1107,418,7552,74.09
1384,1,1106,418,7290,71.52
1385,1,1107,419,7592,74.48
1386,1,1108,419,7602,74.58
1387,1,1106,419,7304,71.66
1388,1,1108,420,7650,75.05
1389,1,1107,419,7291,71.53
1390,1,1107,420,7297,71.59
1391,1,1106,419,7149,70.14
1392,1,1107,420,7398,72.58
1393,1,1107,420,7407,72.67
1394,1,1106,420,7140,70.05
1395,1,1106,420,7194,70.58
1396,1,1108,421,7490,73.48
1397,1,1107,420,7214,70.77
1398,1,1107,420,7194,70.58
1399,1,1108,420,7538,73.95
1400,1,1107,420,7483,73.41
1401,1,1106,418,7178,70.42
1402,1,1107,419,7347,72.08
1403,1,1107,419,7560,74.17
1404,1,1107,418,7497,73.55
1405,1,1107,418,7567,74.24
1406,1,1107,418,7355,72.16
1407,1,1107,418,7370,72.3
1408,1,1108,418,7615,74.71
1409,1,1107,418,7473,73.32
1410,1,1108,418,7558,74.15
1411,1,1107,418,7464,73.23
1412,1,1108,418,7607,74.63
1413,1,1107,418,7291,71.53
1414,1,1107,418,7304,71.66
1415,1,1107,418,7269,71.31
1416,1,1107,419,7444,73.03
1417,1,1106,419,7181,70.45
1418,1,1106,419,7102,69.68
1419,1,1107,419,7349,72.1
1420,1,1108,420,7448,73.07
1421,1,1108,420,7409,72.69
1422,1,1107,419,7101,69.67
1423,1,1107,420,7390,72.5
1424,1,1106,419,7040,69.07
1425,1,1107,419,7097,69.63
1426,1,1108,419,7416,72.76
1427,1,1107,420,7309,71.71
1428,1,1107,419,7146,70.11
1429,1,1107,419,7326,71.87
1430,1,1107,419,7303,71.65
1431,1,1107,419,7458,73.17
1432,1,1107,418,7487,73.45
1433,1,1107,418,7244,71.07
1434,1,1107,418,7399,72.59
1435,1,1107,418,7300,71.62
1436,1,1108,418,7586,74.42
1437,1,1107,418,7377,72.37
1438,1,1107,418,7396,72.56
1439,1,1107,418,7359,72.2
1440,1,1107,418,7321,71.82
1441,1,1108,418,7593,74.49
1442,1,1107,418,7494,73.52
1443,1,1107,419,7383,72.43
1444,1,1108,419,7615,74.71
1445,1,1107,419,7236,70.99
1446,1,1106,419,7302,71.64
1447,1,1106,419,7239,71.02
1448,1,1106,419,7091,69.57
1449,1,1107,419,7295,71.57
1450,1,1107,420,7195,70.59
1451,1,1107,420,7382,72.42
1452,1,1106,419,7097,69.63
1453,1,1107,419,7120,69.85
1454,1,1107,420,7347,72.08
1455,1,1107,419,7154,70.19
1456,1,1107,420,7434,72.93
1457,1,1107,419,7515,73.73
1458,1,1107,419,7479,73.37
1459,1,1107,419,7331,71.92
1460,1,1108,419,7618,74.74
1461,1,1107,419,7416,72.76
1462,1,1108,418,7633,74.88
1463,1,1108,418,7639,74.94
1464,1,1107,418,7478,73.36
1465,1,1107,418,7322,71.83
1466,1,1108,418,7684,75.39
1467,1,1108,418,7607,74.63
1468,1,1107,418,7424,72.83
1469,1,1108,418,7675,75.3
1470,1,1107,418,7331,71.92
1471,1,1107,418,7306,71.68
1472,1,1107,418,7293,71.55
1473,1,1107,419,7332,71.93
1474,1,1108,420,7619,74.75
1475,1,1107,419,7274,71.36
1476,1,1108,420,7582,74.38
1477,1,1108,420,7516,73.74
1478,1,1108,420,7469,73.28
1479,1,1107,420,7214,70.77
1480,1,1107,420,7216,70.79
1481,1,1108,420,7530,73.87
1482,1,1107,420,7334,71.95
1483,1,1107,419,7192,70.56
1484,1,1108,420,7449,73.08
1485,1,1107,419,7332,71.93
1486,1,1107,419,7317,71.78
1487,1,1108,419,7653,75.08
1488,1,1106,419,7287,71.49
1489,1,1107,418,7257,71.2
1490,1,1108,419,7608,74.64
1491,1,1108,419,7596,74.52
1492,1,1108,418,7548,74.05
1493,1,1107,418,7438,72.97
1494,1,1108,418,7617,74.73
1495,1,1108,419,7729,75.83
1496,1,1107,418,7504,73.62
1497,1,1108,419,7740,75.93
1498,1,1107,418,7366,72.27
1499,1,1108,419,7606,74.62
1500,1,1107,419,7436,72.95
1501,1,1107,419,7369,72.29
1502,1,1107,419,7504,73.62
1503,1,1107,419,7326,71.87
1504,1,1107,419,7201,70.65
1505,1,1106,419,7181,70.45
1506,1,1107,420,7442,73.01
1507,1,1107,419,7154,70.19
1508,1,1107,420,7226,70.89
1509,1,1107,419,7162,70.26
1510,1,1107,420,7412,72.72
1511,1,1107,419,7141,70.06
1512,1,1107,420,7240,71.03
1513,1,1106,419,7180,70.44
1514,1,1106,419,7156,70.21
1515,1,1107,419,7397,72.57
1516,1,1106,419,7266,71.28
1517,1,1106,419,7308,71.7
1518,1,1107,418,7441,73.0
1519,1,1106,418,7214,70.77
1520,1,1107,418,7578,74.35
1521,1,1107,418,7319,71.8
1522,1,1107,418,7583,74.39
1523,1,1107,418,7373,72.33
1524,1,1107,418,7456,73.15
1525,1,1108,418,7595,74.51
1526,1,1108,418,7611,74.67
1527,1,1107,418,7347,72.08
1528,1,1108,419,7521,73.79
1529,1,1106,418,7263,71.25
1530,1,1107,419,7481,73.39
1531,1,1107,419,7297,71.59
1532,1,1107,419,7271,71.33
1533,1,1107,419,7336,71.97
1534,1,1107,419,7289,71.51
1535,1,1107,419,7155,70.2
1536,1,1107,420,7411,72.71
1537,1,1107,420,7411,72.71
1538,1,1107,420,7318,71.79
1539,1,1106,419,7141,70.06
1540,1,1108,420,7424,72.83
1541,1,1108,420,7534,73.91
1542,1,1107,420,7383,72.43
1543,1,1107,419,7265,71.27
1544,1,1107,419,7305,71.67
1545,1,1107,419,7191,70.55
1546,1,1106,418,7151,70.16
1547,1,1107,418,7466,73.25
1548,1,1107,418,7296,71.58
1549,1,1108,419,7586,74.42
1550,1,1107,418,7366,72.27
1551,1,1107,418,7371,72.31
1552,1,1108,418,7585,74.41
1553,1,1107,418,7542,73.99
1554,1,1107,418,7286,71.48
1555,1,1108,418,7539,73.96
1556,1,1108,419,7595,74.51
1557,1,1107,418,7360,72.21
1558,1,1107,418,7316,71.77
1559,1,1107,418,7288,71.5
1560,1,1107,419,7523,73.81
1561,1,1107,419,7469,73.28
1562,1,1107,420,7591,74.47
1563,1,1107,419,7338,71.99
1564,1,1107,420,7301,71.63
1565,1,1107,420,7305,71.67
1566,1,1108,420,7501,73.59
1567,1,1107,420,7206,70.7
1568,1,1108,420,7441,73.0
1569,1,1107,420,7403,72.63
1570,1,1108,420,7473,73.32
1571,1,1107,419,7472,73.31
1572,1,1107,419,7246,71.09
1573,1,1107,418,7111,69.76
1574,1,1107,419,7215,70.78
1575,1,1108,419,7552,74.09
1576,1,1107,419,7533,73.9
1577,1,1107,419,7354,72.15
1578,1,1107,418,7334,71.95
1579,1,1107,418,7306,71.68
1580,1,1107,418,7305,71.67
1581,1,1108,419,7661,75.16
1582,1,1106,418,7261,71.24
1583,1,1108,418,7556,74.13
1584,1,1106,418,7228,70.91
1585,1,1107,419,7549,74.06
1586,1,1106,418,7191,70.55
1587,1,1106,419,7273,71.35
1588,1,1107,418,7188,70.52
1589,1,1106,418,7174,70.38
1590,1,1107,419,7248,71.11
1591,1,1107,419,7369,72.29
1592,1,1106,419,7104,69.69
1593,1,1107,419,7092,69.58
1594,1,1107,419,7389,72.49
1595,1,1108,419,7387,72.47
1596,1,1108,420,7446,73.05
1597,1,1108,420,7520,73.78
1598,1,1107,419,7431,72.9
1599,1,1107,420,7311,71.73
1600,1,1107,419,7119,69.84
1601,1,1108,419,7548,74.05
1602,1,1108,419,7599,74.55
1603,1,1107,419,7372,72.32
1604,1,1108,419,7610,74.66
1605,1,1107,419,7400,72.6
1606,1,1107,418,7478,73.36
1607,1,1108,418,7594,74.5
1608,1,1107,418,7395,72.55
1609,1,1107,418,7321,71.82
1610,1,1108,419,7649,75.04
1611,1,1108,419,7633,74.88
1612,1,1107,418,7367,72.28
1613,1,1107,419,7427,72.86
1614,1,1107,419,7494,73.52
1615,1,1107,418,7222,70.85
1616,1,1107,418,7260,71.23
1617,1,1107,419,7342,72.03
1618,1,1108,419,7534,73.91
1619,1,1107,419,7199,70.63
1620,1,1106,419,7210,70.73
1621,1,1107,419,7160,70.24
1622,1,1107,419,7388,72.48
1623,1,1106,419,7097,69.63
1624,1,1108,420,7538,73.95
1625,1,1107,420,7198,70.62
1626,1,1108,420,7443,73.02
1627,1,1107,419,7377,72.37
1628,1,1106,419,7147,70.12
1629,1,1107,419,7385,72.45
1630,1,1107,419,7210,70.73
1631,1,1107,419,7206,70.7
1632,1,1107,419,7308,71.7
1633,1,1107,419,7479,73.37
1634,1,1107,419,7358,72.19
1635,1,1107,419,7585,74.41
1636,1,1108,419,7510,73.68
1637,1,1107,419,7368,72.28
1638,1,1107,418,7534,73.91
1639,1,1108,419,7682,75.37
1640,1,1106,418,7236,70.99
1641,1,1107,418,7260,71.23
1642,1,1107,419,7323,71.84
1643,1,1107,418,7252,71.15
1644,1,1107,419,7341,72.02
1645,1,1107,418,7238,71.01
1646,1,1107,418,7363,72.24
1647,1,1107,419,7428,72.87
1648,1,1107,419,7416,72.76
1649,1,1107,419,7301,71.63
1650,1,1107,419,7233,70.96
1651,1,1108,420,7493,73.51
1652,1,1107,419,7215,70.78
1653,1,1107,419,7436,72.95
1654,1,1107,419,7153,70.18
1655,1,1107,419,7423,72.82
1656,1,1108,420,7489,73.47
1657,1,1107,419,7265,71.27
1658,1,1106,419,7246,71.09
1659,1,1107,419,7450,73.09
1660,1,1107,418,7225,70.88
1661,1,1108,419,7521,73.79
1662,1,1107,419,7353,72.14
1663,1,1108,419,7558,74.15
1664,1,1107,418,7268,71.3
1665,1,1106,418,7265,71.27
1666,1,1107,418,7490,73.48
1667,1,1107,418,7202,70.66
1668,1,1107,418,7529,73.86
1669,1,1107,418,7542,73.99
1670,1,1107,418,7320,71.81
1671,1,1107,418,7448,73.07
1672,1,1107,419,7466,73.25
1673,1,1107,419,7303,71.65
1674,1,1107,419,7579,74.35
1675,1,1107,419,7325,71.86
1676,1,1107,419,7485,73.43
1677,1,1107,419,7266,71.28
1678,1,1108,420,7562,74.19
1679,1,1107,419,7311,71.73
1680,1,1108,420,7605,74.61
1681,1,1108,420,7573,74.3
1682,1,1107,420,7408,72.68
1683,1,1107,419,7315,71.76
1684,1,1108,420,7549,74.06
1685,1,1107,420,7330,71.91
1686,1,1106,419,7200,70.64
1687,1,1107,419,7269,71.31
1688,1,1107,419,7279,71.41
1689,1,1107,419,7249,71.12
1690,1,1107,419,7283,71.45
1691,1,1107,418,7283,71.45
1692,1,1107,418,7194,70.58
1693,1,1107,418,7406,72.66
1694,1,1108,418,7503,73.61
1695,1,1107,418,7244,71.07
1696,1,1107,418,7493,73.51
1697,1,1107,418,7483,73.41
1698,1,1107,418,7230,70.93
1699,1,1108,419,7554,74.11
1700,1,1107,418,7508,73.66
1701,1,1107,418,7284,71.46
1702,1,1108,419,7548,74.05
1703,1,1107,419,7291,71.53
1704,1,1107,419,7541,73.98
1705,1,1107,419,7357,72.18
1706,1,1107,419,7290,71.52
1707,1,1107,419,7199,70.63
1708,1,1107,419,7413,72.73
1709,1,1107,419,7183,70.47
1710,1,1107,419,7262,71.24
1711,1,1107,419,7191,70.55
1712,1,1107,419,7352,72.13
1713,1,1108,419,7476,73.34
1714,1,1108,420,7568,74.25
1715,1,1108,420,7550,74.07
1716,1,1107,419,7258,71.21
1717,1,1107,419,7483,73.41
1718,1,1106,418,7177,70.41
1719,1,1107,418,7257,71.2
1720,1,1107,418,7469,73.28
1721,1,1107,419,7316,71.77
1722,1,1107,419,7489,73.47
1723,1,1107,419,7359,72.2
1724,1,1107,419,7398,72.58
1725,1,1106,418,7270,71.32
1726,1,1107,418,7490,73.48
1727,1,1106,418,7282,71.44
1728,1,1107,419,7518,73.76
1729,1,1108,419,7586,74.42
1730,1,1107,418,7233,70.96
1731,1,1106,418,7170,70.34
1732,1,1107,418,7240,71.03
1733,1,1107,419,7214,70.77
1734,1,1108,419,7510,73.68
1735,1,1108,419,7477,73.35
1736,1,1107,419,7177,70.41
1737,1,1107,419,7239,71.02
1738,1,1108,420,7485,73.43
1739,1,1107,419,7277,71.39
1740,1,1107,419,7217,70.8
1741,1,1108,419,7428,72.87
1742,1,1107,419,7157,70.21
1743,1,1106,418,7102,69.68
1744,1,1107,419,7503,73.61
1745,1,1107,419,7373,72.33
1746,1,1108,419,7549,74.06
1747,1,1107,419,7287,71.49
1748,1,1108,419,7554,74.11
1749,1,1107,418,7280,71.42
1750,1,1108,419,7554,74.11
1751,1,1107,419,7375,72.35
1752,1,1107,419,7523,73.81
1753,1,1107,419,7353,72.14
1754,1,1107,418,7322,71.83
1755,1,1107,419,7368,72.28
1756,1,1107,418,7289,71.51
1757,1,1107,419,7292,71.54
1758,1,1107,419,7321,71.82
1759,1,1107,419,7187,70.51
1760,1,1106,419,7230,70.93
1761,1,1107,419,7365,72.26
1762,1,1107,419,7379,72.39
1763,1,1107,419,7246,71.09
1764,1,1107,420,7454,73.13
1765,1,1107,419,7421,72.8
1766,1,1107,420,7444,73.03
1767,1,1107,419,7271,71.33
1768,1,1108,420,7544,74.01
1769,1,1106,419,7189,70.53
1770,1,1107,419,7290,71.52
1771,1,1107,419,7338,71.99
1772,1,1107,419,7436,72.95
1773,1,1107,419,7426,72.85
1774,1,1108,419,7531,73.88
1775,1,1107,419,7522,73.8
1776,1,1107,419,7447,73.06
1777,1,1108,419,7622,74.78
1778,1,1107,419,7386,72.46
1779,1,1107,419,7368,72.28
1780,1,1107,418,7272,71.34
1781,1,1108,419,7609,74.65
1782,1,1107,419,7338,71.99
1783,1,1107,418,7275,71.37
1784,1,1108,419,7490,73.48
1785,1,1107,418,7268,71.3
1786,1,1107,418,7428,72.87
1787,1,1107,419,7360,72.21
1788,1,1107,419,7453,73.12
1789,1,1107,418,7247,71.1
1790,1,1107,418,7184,70.48
1791,1,1106,419,7156,70.21
1792,1,1107,418,7121,69.86
1793,1,1107,419,7230,70.93
1794,1,1107,419,7220,70.83
1795,1,1107,419,7410,72.7
1796,1,1107,419,7175,70.39
1797,1,1107,419,7418,72.78
1798,1,1107,419,7459,73.18
1799,1,1107,419,7350,72.11
1800,1,1107,419,7222,70.85
1801,1,1108,419,7533,73.9
1802,1,1107,419,7244,71.07
1803,1,1107,419,7379,72.39
1804,1,1107,419,7398,72.58
1805,1,1108,419,7573,74.3
1806,1,1107,419,7517,73.75
1807,1,1107,419,7534,73.91
1808,1,1107,419,7325,71.86
1809,1,1107,419,7348,72.09
1810,1,1107,419,7366,72.27
1811,1,1106,419,7302,71.64
1812,1,1107,419,7407,72.67
1813,1,1108,419,7634,74.89
1814,1,1107,419,7501,73.59
1815,1,1107,419,7574,74.31
1816,1,1107,419,7496,73.54
1817,1,1107,419,7468,73.27
1818,1,1107,419,7328,71.89
1819,1,1108,420,7558,74.15
1820,1,1107,419,7386,72.46
1821,1,1107,419,7282,71.44
1822,1,1106,419,7272,71.34
1823,1,1107,419,7490,73.48
1824,1,1107,419,7213,70.76
1825,1,1107,419,7231,70.94
1826,1,1108,420,7512,73.7
1827,1,1107,419,7165,70.29
1828,1,1107,419,7166,70.3
1829,1,1107,419,7441,73.0
1830,1,1107,419,7496,73.54
1831,1,1107,419,7325,71.86
1832,1,1107,418,7150,70.15
1833,1,1107,418,7131,69.96
1834,1,1107,419,7444,73.03
1835,1,1108,419,7515,73.73
1836,1,1107,419,7504,73.62
1837,1,1107,419,7581,74.37
1838,1,1107,419,7362,72.23
1839,1,1107,419,7400,72.6
1840,1,1107,418,7311,71.73
1841,1,1107,419,7381,72.41
1842,1,1108,419,7528,73.85
1843,1,1107,419,7424,72.83
1844,1,1107,419,7436,72.95
1845,1,1106,418,7140,70.05
1846,1,1107,419,7393,72.53
1847,1,1107,419,7358,72.19
1848,1,1107,419,7318,71.79
1849,1,1107,419,7328,71.89
1850,1,1106,419,7236,70.99
1851,1,1107,419,7208,70.72
1852,1,1107,419,7340,72.01
1853,1,1107,419,7226,70.89
1854,1,1107,420,7444,73.03
1855,1,1107,419,7293,71.55
1856,1,1107,419,7411,72.71
1857,1,1107,419,7422,72.81
1858,1,1108,420,7616,74.72
1859,1,1107,419,7313,71.75
1860,1,1108,420,7615,74.71
1861,1,1107,419,7309,71.71
1862,1,1108,419,7487,73.45
1863,1,1108,419,7609,74.65
1864,1,1108,419,7620,74.76
1865,1,1107,419,7392,72.52
1866,1,1107,419,7368,72.28
1867,1,1108,419,7523,73.81
1868,1,1107,419,7353,72.14
1869,1,1107,418,7274,71.36
1870,1,1107,419,7587,74.43
1871,1,1108,419,7599,74.55
1872,1,1107,419,7315,71.76
1873,1,1108,419,7553,74.1
1874,1,1107,419,7292,71.54
1875,1,1106,418,7154,70.19
1876,1,1107,419,7258,71.21
1877,1,1108,419,7540,73.97
1878,1,1107,419,7512,73.7
1879,1,1107,419,7199,70.63
1880,1,1107,419,7238,71.01
1881,1,1107,419,7370,72.3
1882,1,1107,419,7305,71.67
1883,1,1107,419,7280,71.42
1884,1,1107,419,7443,73.02
1885,1,1106,418,7065,69.31
1886,1,1107,418,7271,71.33
1887,1,1107,419,7266,71.28
1888,1,1107,419,7363,72.24
1889,1,1107,419,7250,71.13
1890,1,1107,419,7489,73.47
1891,1,1107,419,7520,73.78
1892,1,1107,419,7510,73.68
1893,1,1107,419,7307,71.69
1894,1,1108,419,7577,74.34
1895,1,1107,419,7409,72.69
1896,1,1107,419,7549,74.06
1897,1,1107,419,7319,71.8
1898,1,1107,419,7377,72.37
1899,1,1107,418,7227,70.9
1900,1,1107,419,7288,71.5
1901,1,1107,419,7347,72.08
1902,1,1107,419,7464,73.23
1903,1,1107,418,7386,72.46
1904,1,1107,419,7258,71.21
1905,1,1108,420,7618,74.74
1906,1,1107,419,7244,71.07
1907,1,1107,419,7299,71.61
1908,1,1107,418,7136,70.01
1909,1,1106,419,7093,69.59
1910,1,1107,419,7400,72.6
1911,1,1106,419,7117,69.82
1912,1,1108,419,7442,73.01
1913,1,1107,420,7396,72.56
1914,1,1108,419,7502,73.6
1915,1,1107,419,7227,70.9
1916,1,1108,419,7499,73.57
1917,1,1107,419,7236,70.99
1918,1,1107,419,7247,71.1
1919,1,1108,419,7517,73.75
1920,1,1107,419,7326,71.87
1921,1,1107,419,7280,71.42
1922,1,1107,418,7160,70.24
1923,1,1107,418,7162,70.26
1924,1,1107,418,7117,69.82
1925,1,1107,418,7215,70.78
1926,1,1108,419,7587,74.43
1927,1,1108,419,7509,73.67
1928,1,1107,418,7179,70.43
1929,1,1108,419,7502,73.6
1930,1,1107,419,7463,73.22
1931,1,1107,418,7177,70.41
1932,1,1106,418,7134,69.99
1933,1,1107,418,7212,70.75
1934,1,1108,419,7501,73.59
1935,1,1107,419,7237,71.0
1936,1,1107,418,7154,70.19
1937,1,1107,419,7164,70.28
1938,1,1107,419,7390,72.5
1939,1,1106,418,7119,69.84
1940,1,1107,419,7397,72.57
1941,1,1107,419,7462,73.21
1942,1,1108,419,7469,73.28
1943,1,1107,419,7297,71.59
1944,1,1107,419,7515,73.73
1945,1,1107,419,7531,73.88
1946,1,1107,419,7557,74.14
1947,1,1107,419,7325,71.86
1948,1,1107,419,7375,72.35
1949,1,1107,419,7313,71.75
1950,1,1107,419,7320,71.81
1951,1,1107,419,7280,71.42
1952,1,1107,419,7242,71.05
1953,1,1106,418,7175,70.39
1954,1,1107,418,7200,70.64
1955,1,1107,419,7238,71.01
1956,1,1107,418,7238,71.01
1957,1,1108,419,7552,74.09
1958,1,1107,419,7405,72.65
1959,1,1106,419,7226,70.89
1960,1,1106,418,7141,70.06
1961,1,1107,418,7363,72.24
1962,1,1107,419,7497,73.55
1963,1,1107,419,7181,70.45
1964,1,1108,419,7525,73.83
1965,1,1107,419,7304,71.66
1966,1,1108,419,7527,73.84
1967,1,1107,419,7284,71.46
1968,1,1107,419,7249,71.12
1969,1,1107,419,7261,71.24
1970,1,1107,419,7243,71.06
1971,1,1107,420,7371,72.31
1972,1,1107,419,7310,71.72
1973,1,1107,419,7441,73.0
1974,1,1107,419,7322,71.83
1975,1,1107,419,7221,70.84
1976,1,1107,418,7125,69.9
1977,1,1107,418,7091,69.57
1978,1,1106,418,7033,69.0
1979,1,1108,419,7458,73.17
1980,1,1107,418,7171,70.35
1981,1,1107,418,7193,70.57
1982,1,1108,419,7494,73.52
1983,1,1107,419,7526,73.83
1984,1,1107,418,7145,70.1
1985,1,1108,419,7483,73.41
1986,1,1106,418,7203,70.67
1987,1,1107,418,7235,70.98
1988,1,1107,419,7461,73.2
1989,1,1107,418,7219,70.82
1990,1,1107,418,7144,70.09
1991,1,1107,418,7210,70.73
1992,1,1107,419,7432,72.91
1993,1,1107,418,7137,70.02
1994,1,1108,419,7485,73.43
1995,1,1107,419,7236,70.99
1996,1,1106,419,7228,70.91
1997,1,1107,419,7399,72.59
1998,1,1107,419,7310,71.72
1999,1,1107,419,7120,69.85
2000,1,1107,419,7391,72.51
2001,1,1107,419,7415,72.75
2002,1,1107,419,7166,70.3
2003,1,1107,419,7449,73.08
2004,1,1107,419,7211,70.74
2005,1,1108,419,7490,73.48
2006,1,1107,419,7242,71.05
2007,1,1107,419,7346,72.07
2008,1,1107,419,7427,72.86
2009,1,1108,419,7581,74.37
2010,1,1108,419,7541,73.98
2011,1,1107,419,7305,71.67
2012,1,1107,419,7356,72.17
2013,1,1106,418,7187,70.51
2014,1,1108,419,7593,74.49
2015,1,1107,419,7282,71.44
2016,1,1106,419,7299,71.61
2017,1,1107,419,7245,71.08
2018,1,1107,419,7294,71.56
2019,1,1107,419,7499,73.57
2020,1,1107,419,7288,71.5
2021,1,1106,419,7177,70.41
2022,1,1106,418,7125,69.9
2023,1,1106,419,7191,70.55
2024,1,1107,419,7426,72.85
2025,1,1107,419,7316,71.77
2026,1,1107,419,7160,70.24
2027,1,1106,419,7109,69.74
2028,1,1107,419,7407,72.67
2029,1,1107,419,7190,70.54
2030,1,1107,419,7478,73.36
2031,1,1107,419,7420,72.8
2032,1,1107,419,7234,70.97
2033,1,1108,419,7504,73.62
2034,1,1107,419,7287,71.49
2035,1,1107,419,7386,72.46
2036,1,1107,419,7382,72.42
2037,1,1107,419,7234,70.97
2038,1,1108,419,7509,73.67
2039,1,1107,419,7246,71.09
2040,1,1107,419,7247,71.1
2041,1,1108,419,7487,73.45
2042,1,1107,419,7263,71.25
2043,1,1107,419,7452,73.11
2044,1,1106,418,7225,70.88
2045,1,1106,418,7069,69.35
2046,1,1108,419,7512,73.7
2047,1,1108,419,7526,73.83
2048,1,1107,419,7225,70.88
2049,1,1107,419,7463,73.22
2050,1,1107,419,7217,70.8
2051,1,1107,419,7486,73.44
2052,1,1108,419,7507,73.65
2053,1,1108,420,7586,74.42
2054,1,1108,419,7517,73.75
2055,1,1107,419,7288,71.5
2056,1,1107,419,7292,71.54
2057,1,1107,419,7352,72.13
2058,1,1107,419,7366,72.27
2059,1,1108,420,7574,74.31
2060,1,1107,419,7272,71.34
2061,1,1107,419,7275,71.37
2062,1,1107,418,7150,70.15
2063,1,1106,418,7156,70.21
2064,1,1108,419,7570,74.27
2065,1,1107,419,7483,73.41
2066,1,1107,419,7440,72.99
2067,1,1107,419,7491,73.49
2068,1,1107,419,7356,72.17
2069,1,1108,419,7612,74.68
2070,1,1107,419,7344,72.05
2071,1,1107,419,7277,71.39
2072,1,1107,419,7307,71.69
2073,1,1107,419,7353,72.14
2074,1,1107,419,7525,73.83
2075,1,1107,419,7289,71.51
2076,1,1107,418,7184,70.48
2077,1,1106,418,7164,70.28
2078,1,1107,419,7490,73.48
2079,1,1107,419,7288,71.5
2080,1,1107,419,7181,70.45
2081,1,1107,418,7123,69.88
2082,1,1107,419,7140,70.05
2083,1,1108,419,7453,73.12
2084,1,1106,419,7141,70.06
2085,1,1107,419,7508,73.66
2086,1,1107,419,7224,70.87
2087,1,1107,419,7458,73.17
2088,1,1107,419,7464,73.23
2089,1,1107,418,7125,69.9
2090,1,1107,419,7254,71.17
2091,1,1107,420,7354,72.15
2092,1,1106,419,7301,71.63
2093,1,1107,419,7221,70.84
2094,1,1107,419,7486,73.44
2095,1,1106,419,7250,71.13
2096,1,1107,419,7308,71.7
2097,1,1107,419,7294,71.56
2098,1,1107,418,7196,70.6
2099,1,1107,419,7415,72.75
2100,1,1107,419,7225,70.88
2101,1,1107,419,7238,71.01
2102,1,1107,419,7217,70.8
2103,1,1107,418,7331,71.92
2104,1,1107,419,7430,72.89
2105,1,1107,419,7462,73.21
2106,1,1107,419,7264,71.26
2107,1,1107,419,7195,70.59
2108,1,1108,419,7501,73.59
2109,1,1107,419,7281,71.43
2110,1,1107,419,7522,73.8
2111,1,1107,419,7235,70.98
2112,1,1107,419,7460,73.19
2113,1,1107,419,7152,70.17
2114,1,1108,419,7504,73.62
2115,1,1107,419,7233,70.96
2116,1,1107,419,7300,71.62
2117,1,1108,419,7498,73.56
2118,1,1107,419,7280,71.42
2119,1,1107,418,7128,69.93
2120,1,1107,419,7478,73.36
2121,1,1106,419,7189,70.53
2122,1,1108,419,7500,73.58
2123,1,1107,419,7321,71.82
2124,1,1108,419,7588,74.44
2125,1,1108,420,7646,75.01
2126,1,1107,419,7388,72.48
2127,1,1107,419,7299,71.61
2128,1,1107,419,7331,71.92
2129,1,1107,419,7344,72.05
2130,1,1107,419,7278,71.4
2131,1,1107,419,7334,71.95
2132,1,1107,419,7440,72.99
2133,1,1106,418,7028,68.95
2134,1,1107,419,7448,73.07
2135,1,1106,419,7277,71.39
2136,1,1107,419,7342,72.03
2137,1,1107,419,7237,71.0
2138,1,1107,419,7231,70.94
2139,1,1107,419,7430,72.89
2140,1,1107,419,7224,70.87
2141,1,1107,419,7238,71.01
2142,1,1107,419,7199,70.63
2143,1,1107,419,7177,70.41
2144,1,1107,419,7205,70.69
2145,1,1107,419,7455,73.14
2146,1,1107,419,7282,71.44
2147,1,1107,419,7196,70.6
2148,1,1106,419,7182,70.46
2149,1,1106,419,7226,70.89
2150,1,1107,419,7184,70.48
2151,1,1106,419,7172,70.36
2152,1,1107,419,7418,72.78
2153,1,1108,419,7505,73.63
2154,1,1107,419,7269,71.31
2155,1,1107,419,7477,73.35
2156,1,1107,418,7262,71.24
2157,1,1108,419,7604,74.6
2158,1,1107,418,7263,71.25
2159,1,1107,418,7216,70.79
2160,1,1107,419,7298,71.6
2161,1,1107,419,7224,70.87
2162,1,1107,419,7444,73.03
2163,1,1107,419,7250,71.13
2164,1,1107,419,7258,71.21
2165,1,1107,419,7367,72.28
2166,1,1107,419,7243,71.06
2167,1,1107,419,7254,71.17
2168,1,1107,419,7446,73.05
2169,1,1107,419,7238,71.01
2170,1,1107,419,7268,71.3
2171,1,1107,419,7155,70.2
2172,1,1107,419,7459,73.18
2173,1,1107,419,7433,72.92
2174,1,1107,419,7185,70.49
2175,1,1107,419,7244,71.07
2176,1,1108,419,7568,74.25
2177,1,1107,419,7252,71.15
2178,1,1108,420,7591,74.47
2179,1,1108,419,7541,73.98
2180,1,1107,419,7502,73.6
2181,1,1108,419,7487,73.45
2182,1,1108,419,7621,74.77
2183,1,1108,419,7599,74.55
2184,1,1107,419,7387,72.47
2185,1,1108,419,7427,72.86
2186,1,1107,419,7366,72.27
2187,1,1108,419,7611,74.67
2188,1,1107,419,7571,74.28
2189,1,1108,419,7553,74.1
2190,1,1108,419,7516,73.74
2191,1,1107,419,7403,72.63
2192,1,1107,419,7504,73.62
2193,1,1107,419,7284,71.46
2194,1,1107,419,7379,72.39
2195,1,1107,419,7387,72.47
2196,1,1107,419,7290,71.52
2197,1,1108,420,7595,74.51
2198,1,1107,419,7289,71.51
2199,1,1107,419,7235,70.98
2200,1,1107,419,7272,71.34
2201,1,1108,419,7486,73.44
2202,1,1107,419,7168,70.32
2203,1,1107,419,7208,70.72
2204,1,1107,419,7358,72.19
2205,1,1108,419,7546,74.03
2206,1,1108,419,7547,74.04
2207,1,1107,419,7321,71.82
2208,1,1107,419,7242,71.05
2209,1,1107,419,7297,71.59
2210,1,1107,419,7359,72.2
2211,1,1107,419,7383,72.43
2212,1,1107,419,7413,72.73
2213,1,1107,419,7229,70.92
2214,1,1108,419,7492,73.5
2215,1,1107,419,7249,71.12
2216,1,1108,419,7515,73.73
2217,1,1107,419,7335,71.96
2218,1,1107,419,7233,70.96
2219,1,1107,419,7247,71.1
2220,1,1106,419,7198,70.62
2221,1,1106,419,7191,70.55
2222,1,1107,419,7436,72.95
2223,1,1107,419,7225,70.88
2224,1,1107,419,7421,72.8
2225,1,1107,419,7506,73.64
2226,1,1107,419,7234,70.97
2227,1,1107,419,7224,70.87
2228,1,1107,419,7388,72.48
2229,1,1107,420,7552,74.09
2230,1,1107,419,7291,71.53
2231,1,1107,419,7486,73.44
2232,1,1106,419,7196,70.6
2233,1,1107,419,7310,71.72
2234,1,1107,419,7332,71.93
2235,1,1107,419,7437,72.96
2236,1,1107,419,7210,70.73
2237,1,1107,419,7244,71.07
2238,1,1107,419,7236,70.99
2239,1,1107,419,7435,72.94
2240,1,1107,419,7253,71.16
2241,1,1106,419,7244,71.07
2242,1,1108,419,7555,74.12
2243,1,1107,419,7233,70.96
2244,1,1107,419,7448,73.07
2245,1,1107,419,7292,71.54
2246,1,1107,419,7465,73.24
2247,1,1107,419,7302,71.64
2248,1,1107,418,7211,70.74
2249,1,1107,419,7435,72.94
2250,1,1107,419,7439,72.98
2251,1,1107,419,7260,71.23
2252,1,1107,418,7150,70.15
2253,1,1107,419,7408,72.68
2254,1,1108,419,7499,73.57
2255,1,1107,419,7337,71.98
2256,1,1107,419,7281,71.43
2257,1,1107,419,7302,71.64
2258,1,1107,419,7437,72.96
2259,1,1107,419,7442,73.01
2260,1,1107,419,7213,70.76
2261,1,1107,419,7229,70.92
2262,1,1107,419,7455,73.14
2263,1,1107,419,7457,73.16
2264,1,1107,419,7373,72.33
2265,1,1107,419,7278,71.4
2266,1,1107,419,7266,71.28
2267,1,1106,419,7230,70.93
2268,1,1107,418,7239,71.02
2269,1,1107,419,7258,71.21
2270,1,1108,419,7452,73.11
2271,1,1107,418,7176,70.4
2272,1,1107,419,7341,72.02
2273,1,1107,419,7213,70.76
2274,1,1107,419,7220,70.83
2275,1,1107,419,7468,73.27
2276,1,1107,419,7225,70.88
2277,1,1107,419,7417,72.77
2278,1,1107,418,7314,71.76
2279,1,1107,419,7282,71.44
2280,1,1107,419,7310,71.72
2281,1,1108,419,7485,73.43
2282,1,1107,419,7260,71.23
2283,1,1107,419,7442,73.01
2284,1,1107,419,7303,71.65
2285,1,1108,419,7518,73.76
2286,1,1107,419,7294,71.56
2287,1,1107,419,7252,71.15
2288,1,1107,419,7415,72.75
2289,1,1107,419,7335,71.96
2290,1,1107,419,7319,71.8
2291,1,1107,419,7482,73.4
2292,1,1108,419,7531,73.88
2293,1,1107,419,7219,70.82
2294,1,1107,419,7440,72.99
2295,1,1107,419,7243,71.06
2296,1,1108,419,7469,73.28
2297,1,1107,418,7253,71.16
2298,1,1107,419,7296,71.58
2299,1,1107,419,7325,71.86
2300,1,1107,419,7246,71.09
2301,1,1107,419,7321,71.82
2302,1,1107,419,7226,70.89
2303,1,1107,419,7379,72.39
2304,1,1107,419,7483,73.41
2305,1,1107,419,7215,70.78
2306,1,1107,419,7246,71.09
2307,1,1107,419,7258,71.21
2308,1,1107,419,7428,72.87
2309,1,1107,419,7163,70.27
2310,1,1107,419,7276,71.38
2311,1,1107,419,7393,72.53
2312,1,1107,419,7466,73.25
2313,1,1107,419,7443,73.02
2314,1,1107,419,7287,71.49
2315,1,1107,419,7201,70.65
2316,1,1106,418,7137,70.02
2317,1,1107,419,7221,70.84
2318,1,1107,419,7212,70.75
2319,1,1107,419,7320,71.81
2320,1,1107,419,7188,70.52
2321,1,1107,419,7338,71.99
2322,1,1107,419,7454,73.13
2323,1,1107,419,7272,71.34
2324,1,1107,419,7186,70.5
2325,1,1107,419,7417,72.77
2326,1,1107,419,7193,70.57
2327,1,1106,419,7268,71.3
2328,1,1107,419,7323,71.84
2329,1,1107,419,7440,72.99
2330,1,1107,419,7455,73.14
2331,1,1107,419,7278,71.4
2332,1,1106,419,7224,70.87
2333,1,1107,419,7250,71.13
2334,1,1107,419,7172,70.36
2335,1,1107,419,7298,71.6
2336,1,1107,419,7202,70.66
2337,1,1107,419,7402,72.62
2338,1,1108,419,7441,73.0
2339,1,1108,419,7415,72.75
2340,1,1107,419,7364,72.25
2341,1,1107,419,7331,71.92
2342,1,1107,419,7259,71.22
2343,1,1108,419,7547,74.04
2344,1,1107,419,7195,70.59
2345,1,1107,419,7202,70.66
2346,1,1108,419,7439,72.98
2347,1,1107,418,7139,70.04
2348,1,1107,419,7192,70.56
2349,1,1107,419,7248,71.11
2350,1,1107,419,7257,71.2
2351,1,1107,419,7445,73.04
2352,1,1107,419,7271,71.33
2353,1,1108,419,7503,73.61
2354,1,1107,419,7320,71.81
2355,1,1107,419,7351,72.12
2356,1,1108,419,7468,73.27
2357,1,1107,419,7335,71.96
2358,1,1107,419,7235,70.98
2359,1,1107,419,7242,71.05
2360,1,1107,419,7206,70.7
2361,1,1107,419,7515,73.73
2362,1,1108,419,7529,73.86
2363,1,1107,419,7314,71.76
2364,1,1108,419,7448,73.07
2365,1,1107,419,7154,70.19
2366,1,1107,419,7303,71.65
2367,1,1107,419,7503,73.61
2368,1,1108,419,7554,74.11
2369,1,1107,419,7291,71.53
2370,1,1107,419,7450,73.09
2371,1,1106,418,7161,70.25
2372,1,1108,419,7509,73.67
2373,1,1107,418,7166,70.3
2374,1,1107,419,7296,71.58
2375,1,1108,419,7554,74.11
2376,1,1107,419,7309,71.71
2377,1,1108,419,7448,73.07
2378,1,1108,419,7517,73.75
2379,1,1108,420,7595,74.51
2380,1,1107,419,7398,72.58
2381,1,1107,419,7291,71.53
2382,1,1107,419,7345,72.06
2383,1,1108,419,7514,73.72
2384,1,1107,419,7286,71.48
2385,1,1107,419,7423,72.82
2386,1,1107,419,7240,71.03
2387,1,1108,419,7541,73.98
2388,1,1107,419,7296,71.58
2389,1,1107,419,7336,71.97
2390,1,1108,419,7513,73.71
2391,1,1108,419,7499,73.57
2392,1,1107,419,7355,72.16
2393,1,1108,419,7579,74.35
2394,1,1107,419,7230,70.93
2395,1,1107,419,7221,70.84
2396,1,1108,419,7533,73.9
2397,1,1107,419,7571,74.28
2398,1,1108,419,7570,74.27
2399,1,1107,419,7365,72.26
2400,1,1107,419,7306,71.68
2401,1,1107,419,7263,71.25
2402,1,1107,419,7340,72.01
2403,1,1107,419,7310,71.72
2404,1,1107,419,7254,71.17
2405,1,1107,419,7161,70.25
2406,1,1107,419,7366,72.27
2407,1,1107,419,7428,72.87
2408,1,1107,419,7250,71.13
2409,1,1107,419,7192,70.56
2410,1,1107,419,7484,73.42
2411,1,1107,419,7224,70.87
2412,1,1108,419,7535,73.92
2413,1,1107,419,7335,71.96
2414,1,1107,419,7266,71.28
2415,1,1107,419,7273,71.35
2416,1,1107,419,7277,71.39
2417,1,1108,419,7441,73.0
2418,1,1107,419,7470,73.29
2419,1,1106,419,7247,71.1
2420,1,1107,419,7182,70.46
2421,1,1107,419,7477,73.35
2422,1,1107,419,7233,70.96
2423,1,1108,420,7583,74.39
2424,1,1107,419,7164,70.28
2425,1,1107,419,7420,72.8
2426,1,1108,419,7509,73.67
2427,1,1107,419,7256,71.19
2428,1,1107,419,7493,73.51
2429,1,1108,419,7546,74.03
2430,1,1107,419,7184,70.48
2431,1,1108,419,7532,73.89
2432,1,1107,419,7324,71.85
2433,1,1106,419,7167,70.31
2434,1,1107,419,7334,71.95
2435,1,1107,419,7376,72.36
2436,1,1106,419,7174,70.38
2437,1,1107,419,7254,71.17
2438,1,1107,419,7217,70.8
2439,1,1108,419,7555,74.12
2440,1,1107,419,7276,71.38
2441,1,1107,419,7455,73.14
2442,1,1107,419,7453,73.12
2443,1,1107,419,7435,72.94
2444,1,1107,419,7350,72.11
2445,1,1107,418,7106,69.71
2446,1,1107,419,7431,72.9
2447,1,1108,419,7480,73.38
2448,1,1107,419,7328,71.89
2449,1,1107,419,7266,71.28
2450,1,1107,419,7184,70.48
2451,1,1107,419,7264,71.26
2452,1,1108,419,7443,73.02
2453,1,1108,419,7500,73.58
2454,1,1107,419,7292,71.54
2455,1,1107,419,7281,71.43
2456,1,1107,419,7207,70.71
2457,1,1107,419,7203,70.67
2458,1,1107,419,7461,73.2
2459,1,1107,419,7222,70.85
2460,1,1107,418,7268,71.3
2461,1,1107,419,7166,70.3
2462,1,1108,420,7508,73.66
2463,1,1108,420,7570,74.27
2464,1,1107,419,7318,71.79
2465,1,1108,419,7501,73.59
2466,1,1107,419,7382,72.42
2467,1,1108,419,7555,74.12
2468,1,1107,419,7344,72.05
2469,1,1108,419,7598,74.54
2470,1,1107,419,7545,74.02
2471,1,1107,419,7298,71.6
2472,1,1107,419,7340,72.01
2473,1,1107,419,7316,71.77
2474,1,1107,419,7321,71.82
2475,1,1107,419,7356,72.17
2476,1,1107,419,7302,71.64
2477,1,1108,419,7563,74.2
2478,1,1107,419,7262,71.24
2479,1,1107,419,7525,73.83
2480,1,1107,419,7329,71.9
2481,1,1106,418,7125,69.9
2482,1,1107,419,7314,71.76
2483,1,1107,419,7233,70.96
2484,1,1108,419,7518,73.76
2485,1,1108,419,7525,73.83
2486,1,1107,419,7245,71.08
2487,1,1107,419,7437,72.96
2488,1,1107,419,7237,71.0
2489,1,1107,419,7199,70.63
2490,1,1107,419,7274,71.36
2491,1,1107,419,7229,70.92
2492,1,1107,419,7247,71.1
2493,1,1107,419,7453,73.12
2494,1,1107,419,7268,71.3
2495,1,1107,419,7209,70.73
2496,1,1106,418,7070,69.36
2497,1,1107,419,7413,72.73
2498,1,1108,419,7477,73.35
2499,1,1108,419,7456,73.15
2500,1,1106,418,7042,69.09
2501,1,1107,419,7352,72.13
2502,1,1107,419,7266,71.28
2503,1,1108,419,7484,73.42
2504,1,1107,419,7227,70.9
2505,1,1107,419,7260,71.23
2506,1,1107,419,7227,70.9
2507,1,1108,419,7473,73.32
2508,1,1108,420,7562,74.19
2509,1,1108,420,7627,74.83
2510,1,1107,419,7260,71.23
2511,1,1108,419,7512,73.7
2512,1,1107,419,7296,71.58
2513,1,1107,419,7302,71.64
2514,1,1107,419,7462,73.21
2515,1,1107,419,7252,71.15
2516,1,1106,419,7200,70.64
2517,1,1107,419,7246,71.09
2518,1,1107,420,7332,71.93
2519,1,1107,419,7466,73.25
2520,1,1107,419,7449,73.08
2521,1,1107,419,7212,70.75
2522,1,1107,419,7275,71.37
2523,1,1107,419,7505,73.63
2524,1,1108,420,7571,74.28
2525,1,1107,419,7306,71.68
2526,1,1107,419,7319,71.8
2527,1,1107,419,7529,73.86
2528,1,1107,419,7288,71.5
2529,1,1107,419,7313,71.75
2530,1,1107,419,7268,71.3
2531,1,1107,419,7304,71.66
2532,1,1107,419,7202,70.66
2533,1,1107,419,7297,71.59
2534,1,1107,419,7365,72.26
2535,1,1107,419,7227,70.9
2536,1,1107,419,7479,73.37
2537,1,1108,419,7447,73.06
2538,1,1108,419,7488,73.46
2539,1,1107,419,7305,71.67
2540,1,1107,419,7253,71.16
2541,1,1107,419,7490,73.48
2542,1,1107,419,7246,71.09
2543,1,1107,419,7266,71.28
2544,1,1107,419,7403,72.63
2545,1,1108,419,7509,73.67
2546,1,1107,419,7219,70.82
2547,1,1107,419,7260,71.23
2548,1,1107,419,7168,70.32
2549,1,1106,419,7155,70.2
2550,1,1107,419,7428,72.87
2551,1,1107,419,7257,71.2
2552,1,1108,419,7489,73.47
2553,1,1107,419,7256,71.19
2554,1,1108,419,7497,73.55
2555,1,1107,419,7322,71.83
2556,1,1107,419,7424,72.83
2557,1,1107,419,7229,70.92
2558,1,1107,419,7301,71.63
2559,1,1107,419,7457,73.16
2560,1,1107,418,7140,70.05
2561,1,1107,419,7240,71.03
2562,1,1107,419,7181,70.45
2563,1,1107,419,7129,69.94
2564,1,1107,419,7403,72.63
2565,1,1108,419,7425,72.84
2566,1,1108,419,7484,73.42
2567,1,1107,418,7172,70.36
2568,1,1107,419,7254,71.17
2569,1,1107,419,7159,70.23
2570,1,1107,418,7100,69.66
2571,1,1108,419,7559,74.16
2572,1,1108,420,7592,74.48
2573,1,1107,419,7245,71.08
2574,1,1108,419,7508,73.66
2575,1,1108,419,7451,73.1
2576,1,1107,419,7158,70.22
2577,1,1107,419,7304,71.66
2578,1,1108,420,7556,74.13
2579,1,1107,419,7260,71.23
2580,1,1107,419,7447,73.06
2581,1,1106,418,7160,70.24
2582,1,1107,419,7453,73.12
2583,1,1107,419,7297,71.59
2584,1,1107,419,7203,70.67
2585,1,1107,419,7479,73.37
2586,1,1108,419,7512,73.7
2587,1,1107,419,7373,72.33
2588,1,1107,419,7494,73.52
2589,1,1107,419,7219,70.82
2590,1,1107,419,7331,71.92
2591,1,1107,419,7330,71.91
2592,1,1108,419,7516,73.74
2593,1,1107,419,7402,72.62
2594,1,1107,419,7313,71.75
2595,1,1108,419,7499,73.57
2596,1,1107,419,7236,70.99
2597,1,1107,419,7276,71.38
2598,1,1107,419,7205,70.69
2599,1,1107,419,7364,72.25
2600,1,1107,419,7273,71.35
2601,1,1107,420,7318,71.79
2602,1,1107,419,7474,73.32
2603,1,1106,419,7115,69.8
2604,1,1107,419,7214,70.77
2605,1,1106,418,7025,68.92
2606,1,1107,419,7190,70.54
2607,1,1106,418,7138,70.03
2608,1,1107,419,7121,69.86
2609,1,1108,419,7361,72.22
2610,1,1107,419,7393,72.53
2611,1,1107,419,7253,71.16
2612,1,1107,419,7196,70.6
2613,1,1107,419,7477,73.35
2614,1,1108,419,7500,73.58
2615,1,1107,419,7379,72.39
2616,1,1107,419,7335,71.96
2617,1,1107,419,7186,70.5
2618,1,1107,419,7203,70.67
2619,1,1108,419,7467,73.26
2620,1,1107,419,7423,72.82
2621,1,1107,419,7216,70.79
2622,1,1107,419,7207,70.71
2623,1,1107,419,7296,71.58
2624,1,1106,418,7098,69.64
2625,1,1107,419,7245,71.08
2626,1,1107,419,7158,70.22
2627,1,1106,418,7096,69.62
2628,1,1108,419,7458,73.17
2629,1,1107,419,7152,70.17
2630,1,1107,419,7163,70.27
2631,1,1107,419,7350,72.11
2632,1,1107,419,7373,72.33
2633,1,1107,419,7128,69.93
2634,1,1107,419,7236,70.99
2635,1,1107,419,7425,72.84
2636,1,1107,419,7336,71.97
2637,1,1107,419,7274,71.36
2638,1,1107,419,7224,70.87
2639,1,1107,419,7470,73.29
2640,1,1107,419,7392,72.52
2641,1,1107,419,7270,71.32
2642,1,1108,419,7537,73.94
2643,1,1107,419,7336,71.97
2644,1,1106,419,7218,70.81
2645,1,1107,419,7347,72.08
2646,1,1106,419,7220,70.83
2647,1,1107,419,7500,73.58
2648,1,1108,420,7605,74.61
2649,1,1108,419,7518,73.76
2650,1,1107,419,7489,73.47
2651,1,1107,419,7226,70.89
2652,1,1107,419,7225,70.88
2653,1,1107,420,7563,74.2
2654,1,1107,419,7348,72.09
2655,1,1107,419,7356,72.17
2656,1,1108,419,7484,73.42
2657,1,1107,419,7212,70.75
2658,1,1107,419,7311,71.73
2659,1,1107,419,7219,70.82
2660,1,1107,419,7448,73.07
2661,1,1107,419,7279,71.41
2662,1,1107,419,7208,70.72
2663,1,1107,419,7296,71.58
2664,1,1107,419,7282,71.44
2665,1,1107,419,7302,71.64
2666,1,1108,419,7493,73.51
2667,1,1107,419,7137,70.02
2668,1,1107,419,7403,72.63
2669,1,1107,418,7192,70.56
2670,1,1107,419,7389,72.49
2671,1,1107,419,7221,70.84
2672,1,1107,419,7225,70.88
2673,1,1107,419,7254,71.17
2674,1,1108,419,7479,73.37
2675,1,1107,419,7201,70.65
2676,1,1107,419,7152,70.17
2677,1,1107,419,7216,70.79
2678,1,1106,418,7052,69.18
2679,1,1107,419,7380,72.4
2680,1,1107,419,7162,70.26
2681,1,1107,419,7135,70.0
2682,1,1107,419,7155,70.2
2683,1,1107,419,7404,72.64
2684,1,1107,419,7206,70.7
2685,1,1107,419,7116,69.81
2686,1,1107,419,7392,72.52
2687,1,1106,419,7181,70.45
2688,1,1108,419,7439,72.98
2689,1,1107,419,7308,71.7
2690,1,1108,419,7485,73.43
2691,1,1108,420,7532,73.89
2692,1,1107,419,7296,71.58
2693,1,1106,418,7123,69.88
2694,1,1107,419,7498,73.56
2695,1,1107,419,7319,71.8
2696,1,1107,419,7264,71.26
2697,1,1107,419,7260,71.23
2698,1,1106,418,7086,69.52
2699,1,1107,419,7449,73.08
2700,1,1107,418,7118,69.83
2701,1,1107,419,7190,70.54
2702,1,1107,419,7260,71.23
2703,1,1107,419,7492,73.5
2704,1,1107,419,7250,71.13
2705,1,1107,419,7223,70.86
2706,1,1106,418,7013,68.8
2707,1,1107,419,7352,72.13
2708,1,1107,419,7193,70.57
2709,1,1107,419,7230,70.93
2710,1,1107,419,7413,72.73
2711,1,1107,419,7416,72.76
2712,1,1108,419,7448,73.07
2713,1,1107,419,7251,71.14
2714,1,1107,419,7385,72.45
2715,1,1107,419,7211,70.74
2716,1,1107,419,7203,70.67
2717,1,1107,419,7329,71.9
2718,1,1107,419,7346,72.07
2719,1,1107,419,7201,70.65
2720,1,1107,419,7262,71.24
2721,1,1107,419,7202,70.66
2722,1,1106,419,7112,69.77
2723,1,1107,419,7424,72.83
2724,1,1107,419,7394,72.54
2725,1,1107,419,7225,70.88
2726,1,1106,418,7099,69.65
2727,1,1107,419,7217,70.8
2728,1,1107,419,7134,69.99
2729,1,1107,418,7088,69.54
2730,1,1107,418,7036,69.03
2731,1,1107,419,7188,70.52
2732,1,1107,419,7379,72.39
2733,1,1106,419,7154,70.19
2734,1,1107,419,7361,72.22
2735,1,1106,419,7142,70.07
2736,1,1106,419,7257,71.2
2737,1,1107,419,7445,73.04
2738,1,1107,419,7276,71.38
2739,1,1107,419,7436,72.95
2740,1,1107,419,7254,71.17
2741,1,1107,419,7193,70.57
2742,1,1107,419,7237,71.0
2743,1,1107,419,7282,71.44
2744,1,1107,419,7400,72.6
2745,1,1107,419,7296,71.58
2746,1,1108,419,7452,73.11
2747,1,1107,419,7210,70.73
2748,1,1107,419,7260,71.23
2749,1,1108,419,7445,73.04
2750,1,1107,419,7250,71.13
2751,1,1107,419,7354,72.15
2752,1,1107,419,7182,70.46
2753,1,1107,419,7282,71.44
2754,1,1106,419,7156,70.21
2755,1,1107,419,7458,73.17
2756,1,1107,419,7184,70.48
2757,1,1108,419,7468,73.27
2758,1,1107,418,7228,70.91
2759,1,1107,418,7171,70.35
2760,1,1107,419,7308,71.7
2761,1,1107,419,7236,70.99
2762,1,1107,419,7169,70.33
2763,1,1107,419,7194,70.58
2764,1,1107,419,7252,71.15
2765,1,1107,418,7081,69.47
2766,1,1108,419,7379,72.39
2767,1,1107,419,7179,70.43
2768,1,1107,419,7404,72.64
2769,1,1107,419,7243,71.06
2770,1,1108,419,7439,72.98
2771,1,1107,419,7260,71.23
2772,1,1107,419,7194,70.58
2773,1,1107,419,7193,70.57
2774,1,1108,419,7463,73.22
2775,1,1107,419,7208,70.72
2776,1,1106,419,7186,70.5
2777,1,1106,419,7124,69.89
2778,1,1107,419,7218,70.81
2779,1,1107,419,7195,70.59
2780,1,1107,419,7284,71.46
2781,1,1107,419,7263,71.25
2782,1,1106,419,7155,70.2
2783,1,1107,419,7203,70.67
2784,1,1106,418,7015,68.82
2785,1,1107,419,7094,69.6
2786,1,1106,418,7023,68.9
2787,1,1107,419,7402,72.62
2788,1,1106,418,7030,68.97
2789,1,1106,418,7030,68.97
2790,1,1107,419,7065,69.31
2791,1,1107,418,7238,71.01
2792,1,1107,419,7313,71.75
2793,1,1107,419,7233,70.96
2794,1,1106,419,7120,69.85
2795,1,1108,419,7402,72.62
2796,1,1108,419,7470,73.29
2797,1,1107,419,7432,72.91
2798,1,1107,419,7158,70.22
2799,1,1107,419,7171,70.35
2800,1,1107,419,7416,72.76
2801,1,1108,419,7503,73.61
2802,1,1108,419,7580,74.36
2803,1,1107,419,7255,71.18
2804,1,1107,419,7304,71.66
2805,1,1107,419,7245,71.08
2806,1,1108,419,7519,73.77
2807,1,1108,419,7567,74.24
2808,1,1107,419,7275,71.37
2809,1,1107,419,7222,70.85
2810,1,1108,419,7445,73.04
2811,1,1107,419,7328,71.89
2812,1,1107,419,7295,71.57
2813,1,1107,418,7145,70.1
2814,1,1106,419,7160,70.24
2815,1,1106,418,7074,69.4
2816,1,1108,420,7561,74.18
2817,1,1107,419,7257,71.2
2818,1,1106,419,7208,70.72
2819,1,1107,419,7231,70.94
2820,1,1107,419,7308,71.7
2821,1,1107,419,7237,71.0
2822,1,1107,419,7144,70.09
2823,1,1106,419,7129,69.94
2824,1,1107,419,7175,70.39
2825,1,1107,418,7133,69.98
2826,1,1106,418,7097,69.63
2827,1,1107,419,7156,70.21
2828,1,1107,419,7320,71.81
2829,1,1108,419,7441,73.0
2830,1,1106,419,7084,69.5
2831,1,1106,419,7072,69.38
2832,1,1107,418,7060,69.26
2833,1,1106,419,7144,70.09
2834,1,1107,419,7395,72.55
2835,1,1108,420,7516,73.74
2836,1,1107,419,7270,71.32
2837,1,1107,419,7268,71.3
2838,1,1107,419,7293,71.55
2839,1,1106,419,7186,70.5
2840,1,1107,419,7246,71.09
2841,1,1106,419,7139,70.04
2842,1,1106,418,7029,68.96
2843,1,1107,419,7363,72.24
2844,1,1107,418,7130,69.95
2845,1,1107,418,7139,70.04
2846,1,1107,419,7153,70.18
2847,1,1107,419,7159,70.23
2848,1,1107,419,7324,71.85
2849,1,1107,419,7190,70.54
2850,1,1106,418,7127,69.92
2851,1,1107,419,7512,73.7
2852,1,1107,419,7212,70.75
2853,1,1108,420,7611,74.67
2854,1,1107,419,7265,71.27
2855,1,1108,420,7636,74.91
2856,1,1107,419,7187,70.51
2857,1,1107,419,7167,70.31
2858,1,1108,419,7449,73.08
2859,1,1107,419,7332,71.93
2860,1,1107,419,7195,70.59
2861,1,1108,420,7517,73.75
2862,1,1108,419,7470,73.29
2863,1,1108,419,7481,73.39
2864,1,1107,419,7258,71.21
2865,1,1107,419,7265,71.27
2866,1,1107,419,7277,71.39
2867,1,1107,419,7297,71.59
2868,1,1107,419,7364,72.25
2869,1,1108,420,7563,74.2
2870,1,1107,419,7282,71.44
2871,1,1108,420,7591,74.47
2872,1,1107,419,7447,73.06
2873,1,1108,419,7520,73.78
2874,1,1107,419,7359,72.2
2875,1,1107,419,7294,71.56
2876,1,1106,419,7195,70.59
2877,1,1107,419,7315,71.76
2878,1,1108,419,7467,73.26
2879,1,1106,418,7161,70.25
2880,1,1106,419,7182,70.46
2881,1,1106,419,7135,70.0
2882,1,1106,419,7222,70.85
2883,1,1107,419,7216,70.79
2884,1,1107,419,7246,71.09
2885,1,1107,419,7415,72.75
2886,1,1107,419,7134,69.99
2887,1,1107,419,7149,70.14
2888,1,1107,419,7355,72.16
2889,1,1107,419,7406,72.66
2890,1,1107,419,7235,70.98
2891,1,1107,419,7206,70.7
2892,1,1107,419,7421,72.8
2893,1,1107,419,7225,70.88
2894,1,1107,419,7449,73.08
2895,1,1108,420,7571,74.28
2896,1,1107,419,7226,70.89
2897,1,1106,419,7197,70.61
2898,1,1107,419,7206,70.7
2899,1,1107,419,7467,73.26
2900,1,1108,419,7494,73.52
2901,1,1106,419,7205,70.69
2902,1,1107,419,7265,71.27
2903,1,1108,419,7546,74.03
2904,1,1107,419,7475,73.33
2905,1,1107,419,7230,70.93
2906,1,1107,419,7219,70.82
2907,1,1108,419,7528,73.85
2908,1,1107,419,7264,71.26
2909,1,1107,419,7293,71.55
2910,1,1107,419,7294,71.56
2911,1,1107,419,7174,70.38
2912,1,1108,419,7496,73.54
2913,1,1107,419,7307,71.69
2914,1,1108,419,7492,73.5
2915,1,1107,419,7212,70.75
2916,1,1107,419,7424,72.83
2917,1,1107,419,7269,71.31
2918,1,1107,419,7261,71.24
2919,1,1107,419,7236,70.99
2920,1,1107,419,7327,71.88
2921,1,1108,420,7562,74.19
2922,1,1107,419,7239,71.02
2923,1,1107,419,7158,70.22
2924,1,1107,419,7220,70.83
2925,1,1108,419,7443,73.02
2926,1,1107,419,7144,70.09
2927,1,1107,419,7143,70.08
2928,1,1106,419,7107,69.72
2929,1,1106,418,7087,69.53
2930,1,1107,419,7341,72.02
2931,1,1107,419,7158,70.22
2932,1,1107,419,7269,71.31
2933,1,1108,419,7446,73.05
2934,1,1107,419,7282,71.44
2935,1,1107,419,7303,71.65
2936,1,1107,419,7217,70.8
2937,1,1107,419,7449,73.08
2938,1,1107,420,7391,72.51
2939,1,1106,419,7288,71.5
2940,1,1107,419,7231,70.94
2941,1,1108,419,7449,73.08
2942,1,1107,419,7176,70.4
2943,1,1107,419,7259,71.22
2944,1,1107,419,7193,70.57
2945,1,1107,419,7173,70.37
2946,1,1107,419,7178,70.42
2947,1,1107,419,7407,72.67
2948,1,1107,419,7209,70.73
2949,1,1107,419,7195,70.59
2950,1,1108,419,7425,72.84
2951,1,1107,419,7254,71.17
2952,1,1107,419,7449,73.08
2953,1,1107,419,7262,71.24
2954,1,1108,419,7495,73.53
2955,1,1107,419,7271,71.33
2956,1,1108,419,7428,72.87
2957,1,1107,419,7311,71.73
2958,1,1107,419,7363,72.24
2959,1,1107,419,7332,71.93
2960,1,1107,419,7195,70.59
2961,1,1108,419,7474,73.32
2962,1,1107,419,7300,71.62
2963,1,1107,419,7248,71.11
2964,1,1107,419,7357,72.18
2965,1,1107,419,7326,71.87
2966,1,1108,419,7507,73.65
2967,1,1107,419,7422,72.81
2968,1,1107,419,7317,71.78
2969,1,1108,419,7482,73.4
2970,1,1107,419,7171,70.35
2971,1,1107,419,7283,71.45
2972,1,1107,419,7166,70.3
2973,1,1107,419,7386,72.46
2974,1,1107,419,7267,71.29
2975,1,1107,419,7447,73.06
2976,1,1107,420,7461,73.2
2977,1,1107,419,7298,71.6
2978,1,1106,419,7181,70.45
2979,1,1107,419,7508,73.66
2980,1,1107,419,7260,71.23
2981,1,1107,419,7185,70.49
2982,1,1108,420,7604,74.6
2983,1,1107,419,7298,71.6
2984,1,1107,419,7271,71.33
2985,1,1107,419,7196,70.6
2986,1,1107,419,7226,70.89
2987,1,1107,418,7134,69.99
2988,1,1107,419,7315,71.76
2989,1,1107,419,7268,71.3
2990,1,1107,419,7411,72.71
2991,1,1106,419,7168,70.32
2992,1,1107,419,7429,72.88
2993,1,1107,419,7207,70.71
2994,1,1107,419,7277,71.39
2995,1,1107,419,7241,71.04
2996,1,1107,419,7283,71.45
2997,1,1107,419,7165,70.29
2998,1,1108,419,7509,73.67
2999,1,1108,419,7461,73.2
3000,1,1107,418,7145,70.1
3001,1,1107,419,7441,73.0
3002,1,1108,419,7452,73.11
3003,1,1108,419,7508,73.66
3004,1,1107,419,7325,71.86
3005,1,1106,419,7177,70.41
3006,1,1107,419,7182,70.46
3007,1,1107,419,7277,71.39
3008,1,1107,420,7352,72.13
3009,1,1108,419,7461,73.2
3010,1,1107,420,7456,73.15
3011,1,1106,419,7249,71.12
3012,1,1107,419,7163,70.27
3013,1,1107,419,7193,70.57
3014,1,1107,419,7210,70.73
3015,1,1107,419,7242,71.05
3016,1,1107,419,7279,71.41
3017,1,1107,419,7174,70.38
3018,1,1106,419,7112,69.77
3019,1,1106,419,7114,69.79
3020,1,1107,419,7433,72.92
3021,1,1107,419,7270,71.32
3022,1,1106,419,7228,70.91
3023,1,1106,419,7169,70.33
3024,1,1107,419,7403,72.63
3025,1,1107,419,7252,71.15
3026,1,1106,419,7191,70.55
3027,1,1107,419,7444,73.03
3028,1,1107,419,7376,72.36
3029,1,1107,419,7298,71.6
3030,1,1107,419,7372,72.32
3031,1,1107,419,7223,70.86
3032,1,1107,419,7439,72.98
3033,1,1107,419,7476,73.34
3034,1,1107,419,7278,71.4
3035,1,1107,419,7460,73.19
3036,1,1107,419,7259,71.22
3037,1,1107,419,7352,72.13
3038,1,1108,420,7563,74.2
3039,1,1106,418,7158,70.22
3040,1,1107,419,7441,73.0
3041,1,1107,419,7285,71.47
3042,1,1107,419,7438,72.97
3043,1,1107,419,7315,71.76
3044,1,1107,419,7300,71.62
3045,1,1106,419,7241,71.04
3046,1,1107,419,7230,70.93
3047,1,1108,420,7549,74.06
3048,1,1107,419,7277,71.39
3049,1,1107,419,7283,71.45
3050,1,1107,419,7221,70.84
3051,1,1107,418,7132,69.97
3052,1,1107,419,7296,71.58
3053,1,1107,419,7247,71.1
3054,1,1106,419,7152,70.17
3055,1,1107,419,7261,71.24
3056,1,1107,419,7431,72.9
3057,1,1108,419,7554,74.11
3058,1,1106,418,7091,69.57
3059,1,1107,419,7188,70.52
3060,1,1106,419,7244,71.07
3061,1,1106,419,7143,70.08
3062,1,1107,419,7431,72.9
3063,1,1107,419,7312,71.74
3064,1,1107,419,7451,73.1
3065,1,1107,419,7304,71.66
3066,1,1107,419,7389,72.49
3067,1,1107,418,7136,70.01
3068,1,1107,419,7449,73.08
3069,1,1107,419,7238,71.01
3070,1,1107,419,7306,71.68
3071,1,1107,419,7164,70.28
3072,1,1107,419,7188,70.52
3073,1,1107,419,7277,71.39
3074,1,1107,419,7213,70.76
3075,1,1107,419,7155,70.2
3076,1,1107,419,7404,72.64
3077,1,1106,418,7037,69.04
3078,1,1107,419,7168,70.32
3079,1,1107,419,7207,70.71
3080,1,1107,419,7418,72.78
3081,1,1107,419,7273,71.35
3082,1,1107,419,7179,70.43
3083,1,1107,419,7354,72.15
3084,1,1107,419,7191,70.55
3085,1,1107,419,7292,71.54
3086,1,1107,419,7215,70.78
3087,1,1108,419,7459,73.18
3088,1,1107,419,7307,71.69
3089,1,1107,419,7333,71.94
3090,1,1107,419,7257,71.2
3091,1,1107,419,7207,70.71
3092,1,1106,418,7089,69.55
3093,1,1107,418,7136,70.01
3094,1,1107,419,7147,70.12
3095,1,1106,418,7036,69.03
3096,1,1108,419,7438,72.97
3097,1,1107,419,7186,70.5
3098,1,1107,419,7291,71.53
3099,1,1107,419,7428,72.87
3100,1,1108,419,7411,72.71
3101,1,1108,419,7430,72.89
3102,1,1107,419,7241,71.04
3103,1,1108,419,7399,72.59
3104,1,1108,419,7288,71.5
3105,1,1108,420,7556,74.13
3106,1,1107,419,7333,71.94
3107,1,1107,419,7245,71.08
3108,1,1107,419,7227,70.9
3109,1,1107,419,7266,71.28
3110,1,1107,419,7153,70.18
3111,1,1107,419,7232,70.95
3112,1,1107,419,7188,70.52
3113,1,1108,420,7546,74.03
3114,1,1107,419,7168,70.32
3115,1,1107,419,7288,71.5
3116,1,1107,419,7235,70.98
3117,1,1107,419,7197,70.61
3118,1,1108,420,7469,73.28
3119,1,1107,419,7205,70.69
3120,1,1107,419,7415,72.75
3121,1,1108,420,7512,73.7
3122,1,1107,419,7175,70.39
3123,1,1107,419,7191,70.55
3124,1,1107,419,7224,70.87
3125,1,1107,419,7175,70.39
3126,1,1107,419,7202,70.66
3127,1,1106,419,7125,69.9
3128,1,1108,419,7408,72.68
3129,1,1107,419,7179,70.43
3130,1,1108,419,7268,71.3
3131,1,1107,419,7158,70.22
3132,1,1107,419,7221,70.84
3133,1,1107,419,7165,70.29
3134,1,1107,419,7205,70.69
3135,1,1107,419,7366,72.27
3136,1,1107,419,7167,70.31
3137,1,1107,418,7076,69.42
3138,1,1107,419,7142,70.07
3139,1,1107,419,7351,72.12
3140,1,1106,418,7059,69.25
3141,1,1107,419,7387,72.47
3142,1,1107,419,7208,70.72
3143,1,1107,419,7233,70.96
3144,1,1108,419,7433,72.92
3145,1,1107,419,7219,70.82
3146,1,1107,419,7250,71.13
3147,1,1107,419,7242,71.05
3148,1,1107,419,7243,71.06
3149,1,1107,419,7118,69.83
3150,1,1107,419,7186,70.5
3151,1,1107,419,7401,72.61
3152,1,1106,419,7146,70.11
3153,1,1107,419,7214,70.77
3154,1,1107,419,7125,69.9
3155,1,1107,419,7353,72.14
3156,1,1107,419,7154,70.19
3157,1,1108,419,7419,72.79
3158,1,1107,419,7154,70.19
3159,1,1107,419,7382,72.42
3160,1,1107,419,7223,70.86
3161,1,1107,419,7257,71.2
3162,1,1107,419,7247,71.1
3163,1,1107,419,7275,71.37
3164,1,1107,419,7311,71.73
3165,1,1107,419,7276,71.38
3166,1,1108,419,7442,73.01
3167,1,1107,419,7187,70.51
3168,1,1107,419,7237,71.0
3169,1,1107,419,7297,71.59
3170,1,1107,419,7173,70.37
3171,1,1106,418,7086,69.52
3172,1,1108,419,7397,72.57
3173,1,1107,419,7427,72.86
3174,1,1108,419,7462,73.21
3175,1,1107,419,7208,70.72
3176,1,1107,419,7107,69.72
3177,1,1107,419,7434,72.93
3178,1,1107,419,7313,71.75
3179,1,1107,419,7298,71.6
3180,1,1107,419,7323,71.84
3181,1,1107,419,7425,72.84
3182,1,1107,419,7273,71.35
3183,1,1107,419,7237,71.0
3184,1,1107,419,7186,70.5
3185,1,1106,419,7156,70.21
3186,1,1107,419,7329,71.9
3187,1,1107,419,7312,71.74
3188,1,1107,419,7191,70.55
3189,1,1107,418,7092,69.58
3190,1,1107,419,7425,72.84
3191,1,1107,419,7173,70.37
3192,1,1107,419,7444,73.03
3193,1,1108,419,7477,73.35
3194,1,1107,418,7106,69.71
3195,1,1108,419,7509,73.67
3196,1,1108,419,7484,73.42
3197,1,1107,419,7268,71.3
3198,1,1108,419,7547,74.04
3199,1,1107,419,7261,71.24
3200,1,1107,418,7165,70.29
3201,1,1107,419,7283,71.45
3202,1,1107,419,7286,71.48
3203,1,1107,418,7122,69.87
3204,1,1107,419,7228,70.91
3205,1,1107,419,7285,71.47
3206,1,1107,419,7350,72.11
3207,1,1107,418,7283,71.45
3208,1,1106,419,7092,69.58
3209,1,1107,419,7066,69.32
3210,1,1107,419,7138,70.03
3211,1,1107,419,7332,71.93
3212,1,1108,419,7485,73.43
3213,1,1107,419,7255,71.18
3214,1,1107,419,7280,71.42
3215,1,1108,419,7408,72.68
3216,1,1108,420,7501,73.59
3217,1,1107,419,7262,71.24
3218,1,1108,420,7581,74.37
3219,1,1107,419,7309,71.71
3220,1,1107,419,7293,71.55
3221,1,1107,419,7337,71.98
3222,1,1107,419,7197,70.61
3223,1,1107,419,7373,72.33
3224,1,1107,420,7353,72.14
3225,1,1108,420,7591,74.47
3226,1,1107,420,7351,72.12
3227,1,1107,419,7240,71.03
3228,1,1107,419,7324,71.85
3229,1,1107,419,7201,70.65
3230,1,1107,419,7458,73.17
3231,1,1107,419,7219,70.82
3232,1,1107,419,7191,70.55
3233,1,1107,419,7266,71.28
3234,1,1107,419,7320,71.81
3235,1,1107,419,7444,73.03
3236,1,1107,419,7262,71.24
3237,1,1107,419,7155,70.2
3238,1,1107,419,7195,70.59
3239,1,1108,419,7447,73.06
3240,1,1107,419,7114,69.79
3241,1,1107,420,7462,73.21
3242,1,1107,419,7220,70.83
3243,1,1107,419,7235,70.98
3244,1,1107,419,7143,70.08
3245,1,1107,419,7274,71.36
3246,1,1107,419,7227,70.9
3247,1,1108,419,7470,73.29
3248,1,1107,419,7210,70.73
3249,1,1107,419,7326,71.87
3250,1,1108,419,7454,73.13
3251,1,1107,419,7433,72.92
3252,1,1107,419,7258,71.21
3253,1,1107,419,7291,71.53
3254,1,1107,419,7247,71.1
3255,1,1107,419,7232,70.95
3256,1,1107,419,7297,71.59
3257,1,1107,419,7158,70.22
3258,1,1106,419,7171,70.35
3259,1,1107,419,7296,71.58
3260,1,1106,419,7112,69.77
3261,1,1108,419,7425,72.84
3262,1,1107,419,7307,71.69
3263,1,1107,419,7218,70.81
3264,1,1107,419,7255,71.18
3265,1,1107,419,7262,71.24
3266,1,1108,420,7485,73.43
3267,1,1107,419,7152,70.17
3268,1,1107,419,7177,70.41
3269,1,1107,419,7279,71.41
3270,1,1107,419,7101,69.67
3271,1,1107,419,7202,70.66
3272,1,1108,419,7403,72.63
3273,1,1107,419,7407,72.67
3274,1,1107,420,7359,72.2
3275,1,1107,419,7201,70.65
3276,1,1107,419,7151,70.16
3277,1,1107,419,7231,70.94
3278,1,1107,419,7153,70.18
3279,1,1108,419,7511,73.69
3280,1,1107,419,7145,70.1
3281,1,1107,419,7419,72.79
3282,1,1107,419,7163,70.27
3283,1,1107,419,7403,72.63
3284,1,1107,419,7174,70.38
3285,1,1108,419,7477,73.35
3286,1,1108,419,7538,73.95
3287,1,1107,419,7300,71.62
3288,1,1107,419,7228,70.91
3289,1,1107,419,7303,71.65
3290,1,1107,419,7433,72.92
3291,1,1106,418,7130,69.95
3292,1,1107,419,7250,71.13
3293,1,1107,419,7242,71.05
3294,1,1107,419,7172,70.36
3295,1,1107,419,7266,71.28
3296,1,1107,419,7335,71.96
3297,1,1106,419,7112,69.77
3298,1,1107,419,7139,70.04
3299,1,1107,419,7364,72.25
3300,1,1107,419,7151,70.16
3301,1,1107,419,7411,72.71
3302,1,1107,419,7211,70.74
3303,1,1107,419,7137,70.02
3304,1,1107,419,7346,72.07
3305,1,1108,419,7456,73.15
3306,1,1107,419,7244,71.07
3307,1,1106,419,7120,69.85
3308,1,1107,419,7394,72.54
3309,1,1107,419,7195,70.59
3310,1,1107,419,7314,71.76
3311,1,1107,419,7230,70.93
3312,1,1107,419,7236,70.99
3313,1,1107,419,7375,72.35
3314,1,1107,419,7119,69.84
3315,1,1107,419,7378,72.38
3316,1,1107,419,7188,70.52
3317,1,1108,419,7430,72.89
3318,1,1107,419,7283,71.45
3319,1,1107,419,7203,70.67
3320,1,1107,419,7199,70.63
3321,1,1107,419,7258,71.21
3322,1,1107,419,7233,70.96
3323,1,1107,419,7262,71.24
3324,1,1107,419,7347,72.08
3325,1,1108,419,7437,72.96
3326,1,1107,419,7145,70.1
3327,1,1107,418,7109,69.74
3328,1,1107,419,7246,71.09
3329,1,1107,419,7231,70.94
3330,1,1107,419,7143,70.08
3331,1,1107,419,7165,70.29
3332,1,1107,419,7342,72.03
3333,1,1107,419,7308,71.7
3334,1,1108,419,7417,72.77
3335,1,1107,419,7295,71.57
3336,1,1107,419,7179,70.43
3337,1,1107,419,7381,72.41
3338,1,1108,419,7441,73.0
3339,1,1108,419,7420,72.8
3340,1,1107,419,7236,70.99
3341,1,1107,419,7192,70.56
3342,1,1108,419,7473,73.32
3343,1,1107,419,7290,71.52
3344,1,1108,420,7524,73.82
3345,1,1107,419,7181,70.45
3346,1,1108,419,7428,72.87
3347,1,1107,419,7290,71.52
3348,1,1108,420,7597,74.53
3349,1,1107,419,7297,71.59
3350,1,1107,419,7328,71.89
3351,1,1107,419,7182,70.46
3352,1,1108,419,7483,73.41
3353,1,1107,419,7134,69.99
3354,1,1108,419,7473,73.32
3355,1,1107,419,7168,70.32
3356,1,1107,419,7270,71.32
3357,1,1107,419,7258,71.21
3358,1,1108,419,7455,73.14
3359,1,1107,419,7132,69.97
3360,1,1107,419,7214,70.77
3361,1,1108,419,7402,72.62
3362,1,1108,419,7421,72.8
3363,1,1107,419,7216,70.79
3364,1,1107,419,7192,70.56
3365,1,1106,418,7007,68.74
3366,1,1107,419,7170,70.34
3367,1,1107,419,7426,72.85
3368,1,1107,419,7263,71.25
3369,1,1108,419,7456,73.15
3370,1,1107,419,7149,70.14
3371,1,1107,419,7200,70.64
3372,1,1108,419,7456,73.15
3373,1,1107,419,7141,70.06
3374,1,1107,418,7070,69.36
3375,1,1108,419,7410,72.7
3376,1,1107,419,7174,70.38
3377,1,1108,419,7346,72.07
3378,1,1107,418,7109,69.74
3379,1,1107,418,7087,69.53
3380,1,1108,419,7294,71.56
3381,1,1108,419,7353,72.14
3382,1,1108,419,7459,73.18
3383,1,1107,419,7177,70.41
3384,1,1108,419,7492,73.5
3385,1,1108,419,7532,73.89
3386,1,1108,420,7561,74.18
3387,1,1108,419,7579,74.35
3388,1,1107,419,7294,71.56
3389,1,1107,420,7319,71.8
3390,1,1108,420,7584,74.4
3391,1,1107,419,7316,71.77
3392,1,1107,419,7181,70.45
3393,1,1108,419,7478,73.36
3394,1,1107,419,7272,71.34
3395,1,1107,419,7179,70.43
3396,1,1108,419,7480,73.38
3397,1,1108,419,7470,73.29
3398,1,1107,419,7255,71.18
3399,1,1107,419,7279,71.41
3400,1,1107,419,7160,70.24
3401,1,1107,419,7198,70.62
3402,1,1108,420,7504,73.62
3403,1,1108,420,7470,73.29
3404,1,1107,420,7325,71.86
3405,1,1107,419,7259,71.22
3406,1,1108,419,7466,73.25
3407,1,1107,419,7213,70.76
3408,1,1107,419,7228,70.91
3409,1,1108,420,7518,73.76
3410,1,1107,419,7297,71.59
3411,1,1107,419,7192,70.56
3412,1,1107,419,7338,71.99
3413,1,1108,419,7442,73.01
3414,1,1107,420,7322,71.83
3415,1,1107,419,7235,70.98
3416,1,1107,419,7126,69.91
3417,1,1107,419,7162,70.26
3418,1,1107,419,7162,70.26
3419,1,1107,419,7198,70.62
3420,1,1108,419,7454,73.13
3421,1,1108,419,7471,73.3
3422,1,1108,419,7471,73.3
3423,1,1107,419,7249,71.12
3424,1,1107,419,7274,71.36
3425,1,1107,419,7143,70.08
3426,1,1108,419,7484,73.42
3427,1,1107,418,7167,70.31
3428,1,1107,418,7099,69.65
3429,1,1107,419,7238,71.01
3430,1,1108,419,7456,73.15
3431,1,1108,419,7473,73.32
3432,1,1107,419,7263,71.25
3433,1,1108,419,7289,71.51
3434,1,1107,419,7321,71.82
3435,1,1107,419,7347,72.08
3436,1,1107,419,7297,71.59
3437,1,1107,419,7263,71.25
3438,1,1107,419,7240,71.03
3439,1,1107,419,7176,70.4
3440,1,1108,419,7434,72.93
3441,1,1107,419,7217,70.8
3442,1,1107,420,7421,72.8
3443,1,1107,419,7245,71.08
3444,1,1107,419,7184,70.48
3445,1,1107,419,7413,72.73
3446,1,1107,419,7293,71.55
3447,1,1107,419,7454,73.13
3448,1,1108,420,7499,73.57
3449,1,1107,419,7159,70.23
3450,1,1107,418,7087,69.53
3451,1,1108,419,7422,72.81
3452,1,1108,419,7286,71.48
3453,1,1107,419,7223,70.86
3454,1,1107,419,7224,70.87
3455,1,1107,419,7225,70.88
3456,1,1107,419,7180,70.44
3457,1,1107,419,7262,71.24
3458,1,1108,419,7371,72.31
3459,1,1107,419,7183,70.47
3460,1,1107,419,7376,72.36
3461,1,1107,419,7241,71.04
3462,1,1107,419,7231,70.94
3463,1,1107,419,7145,70.1
3464,1,1108,419,7412,72.72
3465,1,1107,419,7146,70.11
3466,1,1107,419,7195,70.59
3467,1,1107,419,7112,69.77
3468,1,1108,420,7488,73.46
3469,1,1107,419,7215,70.78
3470,1,1107,419,7266,71.28
3471,1,1106,419,7120,69.85
3472,1,1107,419,7099,69.65
3473,1,1107,419,7361,72.22
3474,1,1107,419,7224,70.87
3475,1,1107,419,7132,69.97
3476,1,1107,419,7174,70.38
3477,1,1107,419,7332,71.93
3478,1,1107,419,7303,71.65
3479,1,1107,419,7432,72.91
3480,1,1107,419,7378,72.38
3481,1,1107,419,7333,71.94
3482,1,1107,418,7115,69.8
3483,1,1107,419,7236,70.99
3484,1,1107,419,7347,72.08
3485,1,1107,419,7263,71.25
3486,1,1107,419,7255,71.18
3487,1,1107,419,7384,72.44
3488,1,1107,419,7219,70.82
3489,1,1107,419,7224,70.87
3490,1,1108,419,7416,72.76
3491,1,1107,419,7130,69.95
3492,1,1106,419,7136,70.01
3493,1,1107,419,7415,72.75
3494,1,1107,419,7425,72.84
3495,1,1107,419,7236,70.99
3496,1,1107,419,7241,71.04
3497,1,1107,419,7158,70.22
3498,1,1107,418,7047,69.14
3499,1,1107,419,7204,70.68
3500,1,1107,419,7087,69.53
3501,1,1107,419,7242,71.05
3502,1,1107,419,7367,72.28
3503,1,1107,419,7210,70.73
3504,1,1107,419,7325,71.86
3505,1,1107,419,7134,69.99
3506,1,1107,419,7118,69.83
3507,1,1107,419,7211,70.74
3508,1,1108,419,7433,72.92
3509,1,1107,419,7143,70.08
3510,1,1107,419,7219,70.82
3511,1,1108,419,7384,72.44
3512,1,1108,419,7352,72.13
3513,1,1107,419,7207,70.71
3514,1,1108,420,7531,73.88
3515,1,1107,419,7302,71.64
3516,1,1107,419,7245,71.08
3517,1,1107,420,7315,71.76
3518,1,1107,419,7279,71.41
3519,1,1107,419,7259,71.22
3520,1,1107,419,7205,70.69
3521,1,1107,419,7203,70.67
3522,1,1107,419,7159,70.23
3523,1,1107,419,7371,72.31
3524,1,1107,419,7206,70.7
3525,1,1107,419,7369,72.29
3526,1,1108,419,7432,72.91
3527,1,1107,418,7071,69.37
3528,1,1108,419,7425,72.84
3529,1,1107,419,7412,72.72
3530,1,1107,419,7251,71.14
3531,1,1107,419,7237,71.0
3532,1,1107,419,7188,70.52
3533,1,1108,419,7392,72.52
3534,1,1107,419,7224,70.87
3535,1,1108,420,7569,74.26
3536,1,1108,420,7423,72.82
3537,1,1108,420,7534,73.91
3538,1,1107,419,7277,71.39
3539,1,1108,420,7393,72.53
3540,1,1107,419,7225,70.88
3541,1,1107,419,7183,70.47
3542,1,1108,419,7309,71.71
3543,1,1107,419,7135,70.0
3544,1,1106,419,7127,69.92
3545,1,1107,419,7140,70.05
3546,1,1107,419,7392,72.52
3547,1,1107,419,7281,71.43
3548,1,1107,419,7237,71.0
3549,1,1106,419,7044,69.11
3550,1,1107,419,7418,72.78
3551,1,1107,419,7414,72.74
3552,1,1108,420,7541,73.98
3553,1,1107,419,7179,70.43
3554,1,1107,419,7231,70.94
3555,1,1106,419,7123,69.88
3556,1,1107,419,7416,72.76
3557,1,1107,419,7253,71.16
3558,1,1107,419,7186,70.5
3559,1,1107,419,7206,70.7
3560,1,1107,419,7238,71.01
3561,1,1106,419,7153,70.18
3562,1,1107,419,7207,70.71
3563,1,1106,419,7097,69.63
3564,1,1108,419,7380,72.4
3565,1,1108,420,7450,73.09
3566,1,1108,419,7387,72.47
3567,1,1108,420,7463,73.22
3568,1,1107,419,7302,71.64
3569,1,1107,420,7319,71.8
3570,1,1108,420,7633,74.88
3571,1,1107,419,7352,72.13
3572,1,1107,419,7234,70.97
3573,1,1107,419,7162,70.26
3574,1,1107,419,7191,70.55
3575,1,1107,419,7276,71.38
3576,1,1108,419,7411,72.71
3577,1,1107,420,7352,72.13
3578,1,1107,419,7330,71.91
3579,1,1107,419,7149,70.14
3580,1,1108,419,7423,72.82
3581,1,1107,419,7299,71.61
3582,1,1107,419,7444,73.03
3583,1,1108,419,7476,73.34
3584,1,1107,419,7257,71.2
3585,1,1107,419,7274,71.36
3586,1,1107,419,7187,70.51
3587,1,1107,419,7169,70.33
3588,1,1107,419,7241,71.04
3589,1,1107,419,7181,70.45
3590,1,1107,419,7128,69.93
3591,1,1107,419,7226,70.89
3592,1,1107,419,7431,72.9
3593,1,1107,419,7161,70.25
3594,1,1107,419,7362,72.23
3595,1,1108,419,7416,72.76
3596,1,1108,420,7571,74.28
3597,1,1107,419,7309,71.71
3598,1,1107,419,7315,71.76
3599,1,1107,419,7279,71.41
3600,1,1107,419,7319,71.8
3601,1,1107,419,7328,71.89
3602,1,1107,419,7254,71.17
3603,1,1107,419,7224,70.87
3604,1,1107,419,7148,70.13
3605,1,1107,419,7096,69.62
3606,1,1107,419,7123,69.88
3607,1,1107,419,7135,70.0
3608,1,1107,419,7139,70.04
3609,1,1107,420,7455,73.14
3610,1,1107,419,7235,70.98
3611,1,1107,419,7200,70.64
3612,1,1107,419,7350,72.11
3613,1,1106,419,7248,71.11
3614,1,1107,419,7162,70.26
3615,1,1107,419,7115,69.8
3616,1,1107,419,7060,69.26
3617,1,1108,419,7315,71.76
3618,1,1108,419,7398,72.58
3619,1,1107,419,7381,72.41
3620,1,1108,420,7484,73.42
3621,1,1107,419,7145,70.1
3622,1,1107,419,7189,70.53
3623,1,1107,419,7417,72.77
3624,1,1107,419,7426,72.85
3625,1,1107,419,7261,71.24
3626,1,1107,419,7460,73.19
3627,1,1107,419,7249,71.12
3628,1,1108,419,7417,72.77
3629,1,1107,419,7243,71.06
3630,1,1107,419,7411,72.71
3631,1,1107,419,7252,71.15
3632,1,1107,419,7368,72.28
3633,1,1107,419,7261,71.24
3634,1,1107,419,7164,70.28
3635,1,1107,419,7180,70.44
3636,1,1108,419,7430,72.89
3637,1,1107,419,7234,70.97
3638,1,1107,419,7201,70.65
3639,1,1107,419,7124,69.89
3640,1,1107,419,7353,72.14
3641,1,1107,419,7134,69.99
3642,1,1107,419,7144,70.09
3643,1,1108,419,7361,72.22
3644,1,1107,419,7175,70.39
3645,1,1107,419,7150,70.15
3646,1,1108,419,7442,73.01
3647,1,1108,420,7499,73.57
3648,1,1107,419,7357,72.18
3649,1,1108,419,7464,73.23
3650,1,1108,420,7482,73.4
3651,1,1108,420,7499,73.57
3652,1,1107,419,7338,71.99
3653,1,1107,419,7204,70.68
3654,1,1107,419,7171,70.35
3655,1,1107,419,7197,70.61
3656,1,1108,420,7578,74.35
3657,1,1108,419,7475,73.33
3658,1,1107,419,7212,70.75
3659,1,1107,419,7349,72.1
3660,1,1107,419,7467,73.26
3661,1,1107,419,7291,71.53
3662,1,1106,419,7274,71.36
3663,1,1107,419,7442,73.01
3664,1,1108,419,7461,73.2
3665,1,1107,419,7320,71.81
3666,1,1107,419,7283,71.45
3667,1,1107,419,7326,71.87
3668,1,1107,419,7196,70.6
3669,1,1107,419,7289,71.51
3670,1,1108,419,7450,73.09
3671,1,1107,419,7269,71.31
3672,1,1107,420,7315,71.76
3673,1,1108,420,7503,73.61
3674,1,1107,419,7381,72.41
3675,1,1107,419,7150,70.15
3676,1,1107,419,7252,71.15
3677,1,1107,419,7197,70.61
3678,1,1107,419,7165,70.29
3679,1,1107,419,7233,70.96
3680,1,1108,419,7396,72.56
3681,1,1107,419,7384,72.44
3682,1,1107,419,7222,70.85
3683,1,1108,420,7541,73.98
3684,1,1108,420,7567,74.24
3685,1,1107,419,7334,71.95
3686,1,1108,420,7574,74.31
3687,1,1107,419,7470,73.29
3688,1,1107,419,7250,71.13
3689,1,1107,419,7228,70.91
3690,1,1107,419,7266,71.28
3691,1,1108,419,7477,73.35
3692,1,1108,420,7597,74.53
3693,1,1107,419,7299,71.61
3694,1,1107,419,7266,71.28
3695,1,1107,419,7273,71.35
3696,1,1107,419,7250,71.13
3697,1,1107,420,7475,73.33
3698,1,1108,420,7507,73.65
3699,1,1107,420,7345,72.06
3700,1,1107,419,7236,70.99
3701,1,1108,420,7537,73.94
3702,1,1107,419,7264,71.26
3703,1,1107,419,7323,71.84
3704,1,1107,419,7212,70.75
3705,1,1107,419,7328,71.89
3706,1,1107,419,7283,71.45
3707,1,1107,419,7344,72.05
3708,1,1107,419,7272,71.34
3709,1,1107,419,7241,71.04
3710,1,1107,419,7189,70.53
3711,1,1107,419,7204,70.68
3712,1,1107,419,7194,70.58
3713,1,1107,419,7323,71.84
3714,1,1107,419,7275,71.37
3715,1,1107,419,7157,70.21
3716,1,1107,419,7164,70.28
3717,1,1108,419,7411,72.71
3718,1,1107,419,7182,70.46
3719,1,1107,419,7243,71.06
3720,1,1107,419,7300,71.62
3721,1,1107,419,7159,70.23
3722,1,1108,420,7507,73.65
3723,1,1107,419,7345,72.06
3724,1,1108,420,7479,73.37
3725,1,1108,419,7428,72.87
3726,1,1107,419,7183,70.47
3727,1,1107,419,7379,72.39
3728,1,1107,419,7349,72.1
3729,1,1107,419,7232,70.95
3730,1,1108,419,7459,73.18
3731,1,1107,419,7285,71.47
3732,1,1107,419,7327,71.88
3733,1,1107,419,7281,71.43
3734,1,1107,419,7219,70.82
3735,1,1107,419,7240,71.03
3736,1,1107,419,7258,71.21
3737,1,1107,419,7289,71.51
3738,1,1107,419,7133,69.98
3739,1,1107,419,7384,72.44
3740,1,1108,419,7428,72.87
3741,1,1108,419,7479,73.37
3742,1,1107,419,7222,70.85
3743,1,1106,419,7171,70.35
3744,1,1107,419,7181,70.45
3745,1,1107,419,7388,72.48
3746,1,1107,419,7362,72.23
3747,1,1107,419,7297,71.59
3748,1,1107,419,7156,70.21
3749,1,1107,419,7162,70.26
3750,1,1107,419,7126,69.91
3751,1,1108,419,7469,73.28
3752,1,1107,419,7141,70.06
3753,1,1107,419,7179,70.43
3754,1,1107,419,7122,69.87
3755,1,1107,419,7365,72.26
3756,1,1107,419,7399,72.59
3757,1,1107,419,7375,72.35
3758,1,1108,419,7526,73.83
3759,1,1107,419,7169,70.33
3760,1,1107,419,7228,70.91
3761,1,1108,419,7455,73.14
3762,1,1107,419,7358,72.19
3763,1,1108,419,7442,73.01
3764,1,1107,419,7266,71.28
3765,1,1107,419,7219,70.82
3766,1,1108,419,7453,73.12
3767,1,1107,419,7328,71.89
3768,1,1107,419,7211,70.74
3769,1,1107,419,7257,71.2
3770,1,1108,419,7415,72.75
3771,1,1107,419,7245,71.08
3772,1,1107,419,7271,71.33
3773,1,1107,419,7063,69.29
3774,1,1108,419,7403,72.63
3775,1,1107,419,7237,71.0
3776,1,1108,419,7418,72.78
3777,1,1107,419,7236,70.99
3778,1,1108,419,7484,73.42
3779,1,1107,419,7210,70.73
3780,1,1108,419,7434,72.93
3781,1,1107,419,7244,71.07
3782,1,1107,419,7309,71.71
3783,1,1107,419,7138,70.03
3784,1,1108,420,7445,73.04
3785,1,1108,420,7511,73.69
3786,1,1107,420,7373,72.33
3787,1,1108,420,7511,73.69
3788,1,1108,420,7495,73.53
3789,1,1107,419,7443,73.02
3790,1,1107,420,7383,72.43
3791,1,1107,420,7301,71.63
3792,1,1107,419,7212,70.75
3793,1,1107,419,7311,71.73
3794,1,1108,419,7462,73.21
3795,1,1107,419,7230,70.93
3796,1,1107,419,7211,70.74
3797,1,1108,420,7485,73.43
3798,1,1107,419,7214,70.77
3799,1,1107,419,7281,71.43
3800,1,1106,419,7153,70.18
3801,1,1106,419,7121,69.86
3802,1,1106,418,7089,69.55
3803,1,1107,419,7223,70.86
3804,1,1108,419,7445,73.04
3805,1,1107,419,7392,72.52
3806,1,1108,419,7460,73.19
3807,1,1108,419,7455,73.14
3808,1,1107,419,7288,71.5
3809,1,1107,420,7352,72.13
3810,1,1107,419,7312,71.74
3811,1,1108,419,7521,73.79
3812,1,1107,419,7340,72.01
3813,1,1107,419,7278,71.4
3814,1,1107,419,7216,70.79
3815,1,1107,419,7124,69.89
3816,1,1108,419,7433,72.92
3817,1,1107,419,7298,71.6
3818,1,1107,419,7143,70.08
3819,1,1107,419,7101,69.67
3820,1,1107,419,7205,70.69
3821,1,1107,419,7083,69.49
3822,1,1107,419,7272,71.34
3823,1,1108,419,7425,72.84
3824,1,1107,419,7366,72.27
3825,1,1107,419,7184,70.48
3826,1,1106,419,7158,70.22
3827,1,1106,419,7136,70.01
3828,1,1107,419,7224,70.87
3829,1,1107,419,7291,71.53
3830,1,1107,419,7303,71.65
3831,1,1108,419,7395,72.55
3832,1,1107,419,7155,70.2
3833,1,1107,419,7121,69.86
3834,1,1108,419,7414,72.74
3835,1,1107,419,7131,69.96
3836,1,1107,419,7362,72.23
3837,1,1107,419,7220,70.83
3838,1,1107,419,7205,70.69
3839,1,1107,419,7250,71.13
3840,1,1108,419,7430,72.89
3841,1,1107,419,7107,69.72
3842,1,1106,418,6981,68.49
3843,1,1107,419,7368,72.28
3844,1,1107,419,7111,69.76
3845,1,1107,419,7368,72.28
3846,1,1108,420,7497,73.55
3847,1,1107,419,7301,71.63
3848,1,1108,419,7443,73.02
3849,1,1107,419,7281,71.43
3850,1,1107,419,7214,70.77
3851,1,1107,419,7302,71.64
3852,1,1107,419,7138,70.03
3853,1,1107,419,7230,70.93
3854,1,1108,419,7487,73.45
3855,1,1107,419,7267,71.29
3856,1,1107,419,7186,70.5
3857,1,1107,420,7289,71.51
3858,1,1108,420,7461,73.2
3859,1,1107,419,7225,70.88
3860,1,1107,419,7147,70.12
3861,1,1107,419,7136,70.01
3862,1,1107,419,7129,69.94
3863,1,1107,419,7373,72.33
3864,1,1108,419,7449,73.08
3865,1,1108,419,7462,73.21
3866,1,1107,419,7203,70.67
3867,1,1107,419,7202,70.66
3868,1,1107,419,7182,70.46
3869,1,1108,420,7509,73.67
3870,1,1107,419,7304,71.66
3871,1,1107,419,7456,73.15
3872,1,1107,419,7194,70.58
3873,1,1107,419,7168,70.32
3874,1,1107,419,7209,70.73
3875,1,1107,419,7238,71.01
3876,1,1107,419,7229,70.92
3877,1,1107,419,7101,69.67
3878,1,1107,419,7192,70.56
3879,1,1107,419,7178,70.42
3880,1,1108,419,7412,72.72
3881,1,1107,420,7325,71.86
3882,1,1107,419,7175,70.39
3883,1,1107,419,7319,71.8
3884,1,1108,420,7426,72.85
3885,1,1108,420,7500,73.58
3886,1,1108,420,7544,74.01
3887,1,1107,419,7290,71.52
3888,1,1107,419,7262,71.24
3889,1,1107,419,7304,71.66
3890,1,1107,419,7252,71.15
3891,1,1107,419,7367,72.28
3892,1,1107,419,7168,70.32
3893,1,1107,419,7159,70.23
3894,1,1107,419,7240,71.03
3895,1,1107,419,7134,69.99
3896,1,1107,419,7197,70.61
3897,1,1107,419,7443,73.02
3898,1,1107,419,7455,73.14
3899,1,1108,419,7425,72.84
3900,1,1107,419,7234,70.97
3901,1,1107,419,7234,70.97
3902,1,1108,420,7495,73.53
3903,1,1107,420,7353,72.14
3904,1,1107,419,7260,71.23
3905,1,1107,419,7299,71.61
3906,1,1107,419,7204,70.68
3907,1,1107,420,7288,71.5
3908,1,1107,419,7246,71.09
3909,1,1107,419,7419,72.79
3910,1,1107,419,7110,69.75
3911,1,1108,420,7487,73.45
3912,1,1108,419,7405,72.65
3913,1,1107,419,7316,71.77
3914,1,1107,419,7290,71.52
3915,1,1108,420,7568,74.25
3916,1,1106,419,7187,70.51
3917,1,1107,419,7192,70.56
3918,1,1107,419,7233,70.96
3919,1,1108,420,7551,74.08
3920,1,1107,419,7216,70.79
3921,1,1107,419,7313,71.75
3922,1,1107,419,7182,70.46
3923,1,1108,419,7451,73.1
3924,1,1107,419,7301,71.63
3925,1,1107,419,7164,70.28
3926,1,1107,419,7390,72.5
3927,1,1107,419,7388,72.48
3928,1,1107,419,7240,71.03
3929,1,1107,419,7425,72.84
3930,1,1107,419,7204,70.68
3931,1,1107,419,7209,70.73
3932,1,1107,419,7442,73.01
3933,1,1107,419,7274,71.36
3934,1,1108,419,7424,72.83
3935,1,1107,419,7214,70.77
3936,1,1107,419,7192,70.56
3937,1,1107,420,7293,71.55
3938,1,1108,420,7532,73.89
3939,1,1108,420,7507,73.65
3940,1,1107,419,7177,70.41
3941,1,1107,419,7222,70.85
3942,1,1107,419,7115,69.8
3943,1,1107,419,7142,70.07
3944,1,1107,419,7223,70.86
3945,1,1107,419,7398,72.58
3946,1,1107,419,7316,71.77
3947,1,1107,419,7218,70.81
3948,1,1107,419,7175,70.39
3949,1,1107,419,7377,72.37
3950,1,1107,419,7301,71.63
3951,1,1107,419,7257,71.2
3952,1,1107,419,7251,71.14
3953,1,1107,418,6965,68.33
3954,1,1107,419,7222,70.85
3955,1,1107,419,7146,70.11
3956,1,1108,419,7417,72.77
3957,1,1107,419,7385,72.45
3958,1,1108,419,7408,72.68
3959,1,1107,419,7137,70.02
3960,1,1107,419,7176,70.4
3961,1,1107,419,7177,70.41
3962,1,1107,419,7223,70.86
3963,1,1107,419,7312,71.74
3964,1,1107,419,7157,70.21
3965,1,1107,420,7324,71.85
3966,1,1107,419,7372,72.32
3967,1,1108,419,7380,72.4
3968,1,1107,419,7197,70.61
3969,1,1108,419,7325,71.86
3970,1,1107,419,7259,71.22
3971,1,1107,418,7071,69.37
3972,1,1107,419,7119,69.84
3973,1,1107,419,7119,69.84
3974,1,1107,419,7217,70.8
3975,1,1107,419,7164,70.28
3976,1,1106,419,7080,69.46
3977,1,1107,419,7168,70.32
3978,1,1108,419,7358,72.19
3979,1,1108,419,7418,72.78
3980,1,1107,419,7166,70.3
3981,1,1107,419,7149,70.14
3982,1,1107,419,7272,71.34
3983,1,1107,419,7159,70.23
3984,1,1108,420,7484,73.42
3985,1,1107,419,7136,70.01
3986,1,1107,419,7154,70.19
3987,1,1106,419,7070,69.36
3988,1,1107,419,7278,71.4
3989,1,1108,419,7375,72.35
3990,1,1107,419,7165,70.29
3991,1,1107,419,7128,69.93
3992,1,1107,419,7366,72.27
3993,1,1107,419,7133,69.98
