frame,drop_id,cx,cy,area_px,percentage
42,1,759,81,10971,100.0
43,1,760,104,10843,98.83
44,1,761,127,10958,99.88
45,1,761,151,11010,100.36
46,1,762,174,10929,99.62
47,1,762,199,10975,100.04
48,1,762,223,10902,99.37
49,1,763,246,10913,99.47
50,1,763,270,10906,99.41
51,1,764,293,10940,99.72
52,1,764,318,11027,100.51
53,1,765,342,10996,100.23
54,1,766,364,10780,98.26
55,1,765,376,8889,81.02
56,1,764,384,6665,60.75
57,1,763,393,8030,73.19
58,1,762,396,8378,76.36
59,1,762,390,6661,60.71
60,1,762,393,9035,82.35
61,1,762,391,9553,87.08
62,1,761,390,9464,86.26
63,1,759,388,9621,87.69
64,1,759,404,15670,142.83
65,1,760,383,11787,107.44
66,1,765,373,13561,123.61
67,1,765,381,18854,171.85
68,1,764,345,14378,131.05
69,1,763,337,15766,143.71
70,1,765,326,15985,145.7
71,1,765,318,16431,149.77
72,1,764,311,16996,154.92
73,1,763,303,17548,159.95
74,1,762,297,18164,165.56
75,1,761,292,18439,168.07
76,1,760,286,18655,170.04
77,1,765,306,15896,144.89
77,2,731,130,2508,22.86
78,1,766,302,15309,139.54
78,2,730,118,2205,20.1
79,1,766,299,15546,141.7
79,2,728,107,1945,17.73
80,1,765,297,15688,143.0
80,2,730,87,621,5.66
81,1,763,292,15517,141.44
82,1,763,286,14781,134.73
83,1,763,278,13618,124.13
84,1,763,270,12857,117.19
85,1,764,264,12035,109.7
86,1,763,259,11421,104.1
87,1,762,253,11054,100.76
88,1,761,248,10480,95.52
89,1,759,242,10139,92.42
90,1,758,236,9809,89.41
91,1,756,229,9500,86.59
92,1,755,226,9273,84.52
93,1,756,222,9158,83.47
94,1,757,218,9098,82.93
95,1,757,213,9736,88.74
96,1,756,208,10533,96.01
97,1,755,205,11079,100.98
98,1,755,200,11772,107.3
99,1,754,194,12851,117.14
100,1,752,189,13462,122.71
101,1,751,186,13346,121.65
102,1,750,183,13083,119.25
103,1,750,178,13018,118.66
104,1,750,174,13079,119.21
105,1,749,169,12963,118.16
106,1,749,165,13157,119.93
107,1,749,161,13406,122.19
108,1,748,157,13282,121.06
109,1,747,155,12910,117.67
110,1,746,153,12454,113.52
111,1,744,151,11925,108.7
112,1,743,149,11458,104.44
113,1,742,146,11050,100.72
114,1,742,141,10109,92.14
115,1,742,136,9399,85.67
116,1,742,133,9299,84.76
117,1,742,131,9303,84.8
118,1,742,128,9104,82.98
119,1,741,125,9032,82.33
120,1,739,123,9473,86.35
121,1,737,122,10018,91.31
122,1,736,119,10686,97.4
123,1,736,117,11151,101.64
124,1,736,114,11622,105.93
125,1,736,110,12171,110.94
126,1,735,106,12753,116.24
127,1,735,104,13639,124.32
128,1,734,101,13978,127.41
129,1,733,98,13734,125.18
130,1,733,97,13354,121.72
131,1,732,96,13066,119.1
132,1,731,96,12914,117.71
133,1,729,95,12282,111.95
134,1,727,93,11530,105.1
135,1,727,91,10807,98.51
136,1,727,89,10233,93.27
137,1,727,88,9644,87.9
138,1,728,86,9352,85.24
139,1,728,85,9475,86.36
140,1,727,85,9705,88.46
141,1,725,83,9472,86.34
142,1,724,80,9228,84.11
143,1,722,79,9378,85.48
144,1,722,79,9974,90.91
145,1,721,79,10745,97.94
146,1,720,79,11480,104.64
147,1,719,77,12094,110.24
148,1,719,76,12455,113.53
149,1,718,75,12739,116.12
150,1,718,74,12841,117.04
151,1,718,74,12756,116.27
152,1,716,74,12669,115.48
153,1,715,73,12374,112.79
154,1,714,73,12149,110.74
155,1,713,72,11953,108.95
156,1,714,72,11762,107.21
157,1,714,72,11428,104.17
158,1,714,72,11181,101.91
159,1,713,74,11023,100.47
160,1,711,74,10677,97.32
161,1,711,74,10266,93.57
162,1,710,72,10048,91.59
163,1,709,72,9977,90.94
164,1,707,72,9867,89.94
165,1,707,73,9832,89.62
166,1,707,74,10126,92.3
167,1,706,76,10411,94.9
168,1,705,78,10886,99.23
169,1,704,78,11456,104.42
170,1,703,79,11928,108.72
171,1,703,80,12104,110.33
172,1,702,80,12160,110.84
173,1,700,81,12118,110.45
174,1,699,82,12009,109.46
175,1,699,83,11863,108.13
176,1,700,84,11725,106.87
177,1,700,85,11723,106.85
178,1,700,87,11934,108.78
179,1,699,89,12188,111.09
180,1,698,91,12074,110.05
181,1,696,94,11543,105.21
182,1,695,94,10981,100.09
183,1,694,94,10479,95.52
184,1,694,95,10324,94.1
185,1,693,97,10024,91.37
186,1,692,99,10098,92.04
187,1,692,103,10083,91.91
188,1,692,107,9957,90.76
189,1,691,110,9889,90.14
190,1,690,112,10264,93.56
191,1,689,114,10773,98.2
192,1,687,116,11373,103.66
193,1,686,118,11645,106.14
194,1,685,120,11699,106.64
195,1,685,122,11595,105.69
196,1,685,124,11620,105.92
197,1,685,128,11824,107.78
198,1,685,131,12078,110.09
199,1,684,134,12283,111.96
200,1,683,138,12291,112.03
201,1,682,141,12148,110.73
202,1,681,144,11874,108.23
203,1,680,147,11495,104.78
204,1,680,149,11085,101.04
205,1,679,152,10641,96.99
206,1,679,155,10192,92.9
207,1,679,159,9978,90.95
208,1,678,164,9909,90.32
209,1,677,169,9908,90.31
210,1,676,174,9817,89.48
211,1,675,177,9778,89.13
212,1,674,180,9998,91.13
213,1,673,183,10426,95.03
214,1,672,186,10746,97.95
215,1,671,190,11101,101.18
216,1,671,194,11434,104.22
217,1,671,199,11847,107.98
218,1,671,203,12113,110.41
219,1,669,208,12405,113.07
220,1,668,213,12536,114.26
221,1,667,217,12544,114.34
222,1,667,222,12322,112.31
223,1,666,226,11989,109.28
224,1,665,230,11626,105.97
225,1,665,235,11247,102.52
226,1,665,240,10794,98.39
227,1,664,245,10294,93.83
228,1,663,250,9941,90.61
229,1,663,257,9916,90.38
230,1,662,263,10009,91.23
231,1,661,268,9987,91.03
232,1,659,273,9794,89.27
233,1,659,277,9602,87.52
234,1,658,281,9851,89.79
235,1,658,287,10255,93.47
236,1,658,292,10759,98.07
237,1,657,298,11269,102.72
238,1,656,304,11679,106.45
239,1,655,310,12032,109.67
240,1,654,316,12320,112.3
241,1,653,322,12518,114.1
242,1,652,328,12476,113.72
243,1,652,334,12327,112.36
244,1,651,340,12044,109.78
245,1,651,346,11716,106.79
246,1,650,352,11402,103.93
247,1,650,358,10826,98.68
248,1,649,362,10050,91.61
249,1,649,365,9161,83.5
250,1,653,366,7700,70.19
251,1,657,367,6751,61.53
252,1,661,367,5890,53.69
253,1,663,368,5447,49.65
254,1,644,373,7474,68.13
255,1,669,372,4003,36.49
256,1,669,372,4146,37.79
257,1,665,373,4955,45.16
258,1,641,370,8124,74.05
259,1,641,367,8047,73.35
260,1,642,364,8474,77.24
261,1,642,358,9026,82.27
262,1,640,354,9613,87.62
263,1,639,350,10371,94.53
264,1,639,349,11464,104.49
265,1,639,348,12382,112.86
266,1,639,347,13207,120.38
267,1,639,346,13643,124.36
268,1,638,343,14042,127.99
269,1,637,339,13818,125.95
270,1,636,334,12837,117.01
271,1,636,330,11820,107.74
272,1,636,327,10839,98.8
273,1,636,325,10020,91.33
274,1,636,323,9659,88.04
275,1,636,321,9258,84.39
276,1,637,319,9045,82.44
277,1,636,318,9000,82.03
278,1,635,316,9072,82.69
279,1,634,314,8919,81.3
280,1,634,313,8786,80.08
281,1,634,310,8804,80.25
282,1,633,307,9158,83.47
283,1,633,303,9766,89.02
284,1,633,300,10729,97.79
285,1,633,299,11609,105.82
286,1,632,299,12267,111.81
287,1,632,298,12850,117.13
288,1,631,298,13370,121.87
289,1,629,297,13686,124.75
290,1,629,295,13555,123.55
291,1,629,293,12941,117.96
292,1,629,291,11875,108.24
293,1,630,289,10738,97.88
294,1,629,287,9985,91.01
295,1,629,286,9465,86.27
296,1,628,287,9051,82.5
297,1,628,287,8759,79.84
298,1,627,287,8645,78.8
299,1,626,287,8594,78.33
300,1,625,287,8516,77.62
301,1,625,287,8444,76.97
302,1,625,286,8509,77.56
303,1,625,283,8922,81.32
304,1,626,282,9684,88.27
305,1,626,280,10649,97.06
306,1,626,280,11451,104.38
307,1,625,281,12174,110.97
308,1,623,282,12809,116.75
309,1,622,283,13328,121.48
310,1,621,283,13565,123.64
311,1,621,284,13412,122.25
312,1,621,284,12737,116.1
313,1,622,283,11784,107.41
314,1,623,283,10729,97.79
315,1,622,282,9956,90.75
316,1,622,283,9378,85.48
317,1,620,284,8959,81.66
318,1,619,286,8703,79.33
319,1,618,287,8506,77.53
320,1,617,289,8350,76.11
321,1,616,291,8223,74.95
322,1,617,292,8137,74.17
323,1,618,292,8308,75.73
324,1,618,292,8958,81.65
325,1,619,292,9844,89.73
326,1,619,293,10668,97.24
327,1,618,294,11489,104.72
328,1,617,295,12162,110.86
329,1,616,297,12850,117.13
330,1,614,300,13308,121.3
331,1,613,302,13528,123.31
332,1,613,304,13314,121.36
333,1,614,306,12620,115.03
334,1,616,307,11678,106.44
335,1,616,308,10753,98.01
336,1,615,310,9993,91.09
337,1,614,311,9495,86.55
338,1,613,313,9096,82.91
339,1,611,316,8775,79.98
340,1,609,319,8466,77.17
341,1,608,322,8217,74.9
342,1,608,325,8088,73.72
343,1,609,328,8107,73.89
344,1,610,330,8588,78.28
345,1,611,332,9413,85.8
346,1,611,334,10148,92.5
347,1,611,336,10983,100.11
348,1,611,339,11682,106.48
349,1,609,341,12235,111.52
350,1,608,344,12546,114.36
351,1,606,346,12744,116.16
352,1,605,348,12609,114.93
353,1,606,351,12076,110.07
354,1,607,353,11554,105.31
355,1,607,355,10660,97.17
356,1,608,357,10082,91.9
357,1,608,359,9522,86.79
358,1,607,361,8876,80.9
359,1,606,364,8759,79.84
360,1,605,365,8334,75.96
361,1,603,366,8377,76.36
362,1,602,367,8334,75.96
363,1,602,368,8533,77.78
364,1,602,368,8664,78.97
365,1,602,367,8900,81.12
366,1,602,365,9225,84.09
367,1,603,364,9501,86.6
368,1,604,362,9754,88.91
369,1,604,361,10045,91.56
370,1,603,359,10473,95.46
371,1,602,357,10991,100.18
372,1,601,354,11497,104.79
373,1,600,352,11954,108.96
374,1,599,349,12315,112.25
375,1,599,347,12516,114.08
376,1,600,345,12439,113.38
377,1,600,343,12076,110.07
378,1,600,342,11620,105.92
379,1,601,341,11145,101.59
380,1,600,341,10779,98.25
381,1,600,340,10388,94.69
382,1,599,340,10192,92.9
383,1,599,339,10140,92.43
384,1,599,339,10264,93.56
385,1,599,338,10391,94.71
386,1,599,337,10400,94.8
387,1,599,335,10200,92.97
388,1,600,333,10349,94.33
389,1,600,333,10623,96.83
390,1,600,333,10932,99.64
391,1,600,334,11258,102.62
392,1,599,335,11512,104.93
393,1,598,336,11422,104.11
394,1,598,337,11344,103.4
395,1,598,337,11457,104.43
396,1,598,336,11427,104.16
397,1,599,336,11232,102.38
398,1,599,336,10979,100.07
399,1,599,337,10721,97.72
400,1,599,338,10373,94.55
401,1,599,339,9954,90.73
402,1,599,340,9864,89.91
403,1,598,342,10002,91.17
404,1,598,344,10126,92.3
405,1,598,345,10232,93.26
406,1,598,346,10278,93.68
407,1,598,346,10304,93.92
408,1,598,347,10314,94.01
409,1,599,348,10635,96.94
410,1,599,349,11002,100.28
411,1,598,351,11314,103.13
412,1,598,353,11375,103.68
413,1,597,355,11278,102.8
414,1,597,356,11121,101.37
415,1,597,357,10996,100.23
416,1,598,358,10898,99.33
417,1,598,358,10631,96.9
418,1,598,358,10302,93.9
419,1,598,359,9935,90.56
420,1,598,361,9468,86.3
421,1,598,362,9158,83.47
422,1,597,363,8966,81.72
423,1,596,363,8924,81.34
424,1,596,362,8934,81.43
425,1,597,362,9048,82.47
426,1,597,362,9176,83.64
427,1,598,362,9346,85.19
428,1,598,361,9616,87.65
429,1,598,359,9859,89.86
430,1,598,358,10236,93.3
431,1,597,357,10574,96.38
432,1,597,356,10916,99.5
433,1,596,356,11142,101.56
434,1,596,356,11201,102.1
435,1,596,355,11260,102.63
436,1,596,353,11306,103.05
437,1,597,352,11303,103.03
438,1,597,351,11191,102.01
439,1,597,350,10996,100.23
440,1,597,350,10690,97.44
441,1,596,350,10551,96.17
442,1,595,350,10412,94.9
443,1,595,351,10310,93.98
444,1,595,350,10199,92.96
445,1,595,350,10154,92.55
446,1,595,350,10206,93.03
447,1,596,350,10344,94.28
448,1,596,350,10465,95.39
449,1,596,351,10581,96.45
450,1,595,352,10705,97.58
451,1,594,353,10848,98.88
452,1,594,354,10986,100.14
453,1,593,355,11101,101.18
454,1,593,356,11184,101.94
455,1,593,356,11082,101.01
456,1,593,357,10927,99.6
457,1,593,358,10728,97.79
458,1,593,359,10481,95.53
459,1,593,360,10186,92.84
460,1,593,361,9963,90.81
461,1,592,361,9797,89.3
462,1,591,362,9667,88.11
463,1,590,362,9514,86.72
464,1,590,362,9452,86.15
465,1,589,362,9222,84.06
466,1,589,361,9287,84.65
467,1,590,361,9621,87.69
468,1,590,361,9614,87.63
469,1,591,360,9952,90.71
470,1,591,359,10118,92.22
471,1,590,359,10290,93.79
472,1,590,358,10457,95.31
473,1,589,357,10655,97.12
474,1,588,356,10936,99.68
475,1,587,355,11136,101.5
476,1,587,354,11209,102.17
477,1,587,354,11181,101.91
478,1,587,353,11085,101.04
479,1,588,353,10942,99.74
480,1,588,353,10793,98.38
481,1,588,353,10720,97.71
482,1,588,352,10700,97.53
483,1,587,352,10621,96.81
484,1,586,352,10561,96.26
485,1,585,352,10538,96.05
486,1,585,353,10467,95.41
487,1,586,353,10521,95.9
488,1,586,354,10571,96.35
489,1,587,355,10570,96.34
490,1,587,355,10604,96.65
491,1,588,356,10636,96.95
492,1,587,356,10636,96.95
493,1,586,357,10676,97.31
494,1,586,358,10714,97.66
495,1,585,359,10653,97.1
496,1,585,360,10627,96.86
497,1,585,360,10509,95.79
498,1,586,360,10089,91.96
499,1,586,361,9889,90.14
500,1,587,362,9711,88.52
501,1,588,362,9815,89.46
502,1,588,363,9808,89.4
503,1,588,362,9859,89.86
504,1,587,361,9828,89.58
505,1,587,361,9883,90.08
506,1,586,360,9695,88.37
507,1,586,360,10052,91.62
508,1,587,360,10175,92.74
509,1,587,359,10296,93.85
510,1,587,359,10382,94.63
511,1,588,358,10491,95.62
512,1,588,356,10325,94.11
513,1,589,355,10376,94.58
514,1,588,356,10790,98.35
515,1,588,355,10879,99.16
516,1,588,354,10937,99.69
517,1,587,354,11031,100.55
518,1,587,353,10959,99.89
519,1,588,354,10873,99.11
520,1,588,354,10862,99.01
521,1,589,353,10526,95.94
522,1,589,353,10493,95.64
523,1,589,354,10715,97.67
524,1,589,354,10466,95.4
525,1,589,354,10410,94.89
526,1,589,355,10639,96.97
527,1,588,356,10565,96.3
528,1,588,357,10467,95.41
529,1,588,358,10400,94.8
530,1,589,358,10290,93.79
531,1,589,359,10280,93.7
532,1,590,360,10269,93.6
533,1,590,360,10057,91.67
534,1,590,361,10210,93.06
535,1,590,360,9955,90.74
536,1,589,361,9870,89.96
537,1,589,361,9819,89.5
538,1,589,362,9993,91.09
539,1,589,362,9984,91.0
540,1,589,361,9730,88.69
541,1,589,361,9904,90.27
542,1,590,361,9997,91.12
543,1,590,360,9879,90.05
544,1,590,360,10278,93.68
545,1,589,359,10316,94.03
546,1,589,358,10443,95.19
547,1,589,357,10538,96.05
548,1,589,357,10378,94.59
549,1,589,357,10616,96.76
550,1,589,356,10691,97.45
551,1,589,355,10686,97.4
552,1,589,355,10740,97.89
553,1,589,354,10745,97.94
554,1,589,353,10723,97.74
555,1,589,353,10786,98.31
556,1,589,354,10801,98.45
557,1,589,354,10773,98.2
558,1,588,354,10753,98.01
559,1,588,354,10691,97.45
560,1,588,355,10700,97.53
561,1,588,355,10708,97.6
562,1,588,356,10686,97.4
563,1,588,355,10437,95.13
564,1,588,356,10376,94.58
565,1,588,357,10606,96.67
566,1,587,358,10590,96.53
567,1,587,358,10563,96.28
568,1,587,359,10464,95.38
569,1,587,360,10336,94.21
570,1,587,360,10227,93.22
571,1,587,361,10195,92.93
572,1,587,362,10134,92.37
573,1,587,361,9798,89.31
574,1,587,362,9981,90.98
575,1,587,362,9950,90.69
576,1,587,361,9624,87.72
577,1,586,362,9846,89.75
578,1,586,361,9824,89.55
579,1,586,361,9879,90.05
580,1,586,360,9785,89.19
581,1,586,360,10098,92.04
582,1,586,359,10164,92.64
583,1,586,358,10377,94.59
584,1,586,358,10590,96.53
585,1,586,357,10713,97.65
586,1,586,356,10878,99.15
587,1,585,355,10983,100.11
588,1,585,355,11063,100.84
589,1,585,355,11073,100.93
590,1,585,354,11057,100.78
591,1,586,354,11036,100.59
592,1,586,354,10853,98.92
593,1,586,354,10751,97.99
594,1,586,354,10704,97.57
595,1,586,354,10608,96.69
596,1,586,355,10536,96.04
597,1,586,355,10490,95.62
598,1,586,355,10191,92.89
599,1,586,356,10346,94.3
600,1,586,356,10034,91.46
601,1,586,357,10064,91.73
602,1,586,358,10380,94.61
603,1,586,358,10454,95.29
604,1,586,358,10163,92.64
605,1,586,360,10498,95.69
606,1,586,360,10464,95.38
607,1,586,361,10460,95.34
608,1,586,361,10439,95.15
609,1,586,362,10414,94.92
610,1,586,361,10060,91.7
611,1,587,361,9956,90.75
612,1,587,362,10074,91.82
613,1,587,362,10040,91.51
614,1,588,361,9741,88.79
615,1,588,361,9878,90.04
616,1,588,360,9788,89.22
617,1,588,360,9828,89.58
618,1,588,359,9911,90.34
619,1,587,359,9978,90.95
620,1,587,358,10092,91.99
621,1,588,357,10220,93.15
622,1,588,356,10401,94.8
623,1,588,356,10621,96.81
624,1,589,355,10783,98.29
625,1,589,355,10943,99.74
626,1,589,354,11065,100.86
627,1,589,354,11214,102.21
628,1,588,354,11209,102.17
629,1,588,354,11225,102.32
630,1,588,354,11089,101.08
631,1,588,353,10684,97.38
632,1,589,355,10858,98.97
633,1,589,355,10688,97.42
634,1,589,354,10195,92.93
635,1,589,356,10293,93.82
636,1,589,357,10112,92.17
637,1,589,357,9973,90.9
638,1,589,358,9987,91.03
639,1,588,358,9969,90.87
640,1,588,359,9942,90.62
641,1,588,360,9962,90.8
642,1,589,359,9766,89.02
643,1,589,360,9872,89.98
644,1,589,361,10256,93.48
645,1,589,361,10324,94.1
646,1,589,361,10363,94.46
647,1,589,361,10425,95.02
648,1,589,361,10443,95.19
649,1,588,361,10444,95.2
650,1,588,361,10489,95.61
651,1,588,360,10471,95.44
652,1,588,360,10443,95.19
653,1,588,359,10314,94.01
654,1,588,359,10269,93.6
655,1,589,359,10273,93.64
656,1,589,358,10166,92.66
657,1,588,357,10183,92.82
658,1,588,357,10161,92.62
659,1,588,356,10195,92.93
660,1,588,356,10289,93.78
661,1,587,355,10410,94.89
662,1,587,355,10511,95.81
663,1,587,354,10659,97.16
664,1,587,354,10855,98.94
665,1,588,354,11010,100.36
666,1,588,354,11129,101.44
667,1,587,354,11176,101.87
668,1,587,354,11200,102.09
669,1,587,355,11226,102.32
670,1,587,355,11149,101.62
671,1,587,356,10953,99.84
672,1,586,357,10835,98.76
673,1,586,357,10589,96.52
674,1,586,357,10101,92.07
675,1,587,358,9891,90.16
676,1,587,359,9673,88.17
677,1,587,359,9591,87.42
678,1,587,361,9762,88.98
679,1,586,361,9703,88.44
680,1,586,361,9677,88.21
681,1,586,362,9795,89.28
682,1,586,362,9860,89.87
683,1,586,362,10012,91.26
684,1,586,361,9905,90.28
685,1,586,362,10269,93.6
686,1,586,361,10426,95.03
687,1,586,361,10550,96.16
688,1,586,360,10645,97.03
689,1,586,360,10653,97.1
690,1,586,359,10686,97.4
691,1,586,358,10726,97.77
692,1,586,357,10457,95.31
693,1,586,357,10598,96.6
694,1,586,357,10590,96.53
695,1,586,355,10202,92.99
696,1,586,355,10121,92.25
697,1,586,355,10027,91.4
698,1,586,355,10237,93.31
699,1,586,354,10038,91.5
700,1,586,354,10308,93.96
701,1,586,354,10352,94.36
702,1,586,354,10494,95.65
703,1,586,354,10584,96.47
704,1,586,355,10745,97.94
705,1,586,355,10856,98.95
706,1,586,355,10968,99.97
707,1,586,355,11020,100.45
708,1,587,356,11039,100.62
709,1,587,357,10981,100.09
710,1,587,357,10863,99.02
711,1,587,358,10681,97.36
712,1,587,359,10519,95.88
713,1,587,359,10275,93.66
714,1,587,359,9869,89.96
715,1,587,361,9967,90.85
716,1,587,361,9823,89.54
717,1,587,361,9460,86.23
718,1,588,361,9623,87.71
719,1,588,362,9615,87.64
720,1,588,361,9625,87.73
721,1,588,361,9453,86.16
722,1,588,361,9805,89.37
723,1,588,360,9703,88.44
724,1,588,360,9835,89.65
725,1,588,359,9980,90.97
726,1,588,359,10413,94.91
727,1,588,358,10556,96.22
728,1,588,358,10696,97.49
729,1,588,357,10704,97.57
730,1,589,356,10781,98.27
731,1,589,356,10840,98.81
732,1,589,355,10867,99.05
733,1,589,355,10816,98.59
734,1,589,355,10716,97.68
735,1,589,354,10586,96.49
736,1,589,354,10524,95.93
737,1,589,354,10434,95.11
738,1,589,355,10420,94.98
739,1,589,355,10402,94.81
740,1,589,355,10374,94.56
741,1,589,355,10427,95.04
742,1,589,356,10497,95.68
743,1,589,355,10303,93.91
744,1,589,356,10588,96.51
745,1,589,357,10659,97.16
746,1,589,358,10746,97.95
747,1,589,358,10721,97.72
748,1,589,359,10693,97.47
749,1,589,359,10656,97.13
750,1,589,359,10339,94.24
751,1,588,360,10231,93.25
752,1,588,361,10328,94.14
753,1,588,361,9988,91.04
754,1,588,361,10116,92.21
755,1,588,362,10019,91.32
756,1,588,361,9649,87.95
757,1,588,361,9784,89.18
758,1,588,361,9590,87.41
759,1,588,361,9830,89.6
760,1,588,360,9877,90.03
761,1,588,360,9914,90.37
762,1,587,359,10004,91.19
763,1,587,359,10147,92.49
764,1,587,358,10288,93.77
765,1,587,358,10507,95.77
766,1,587,357,10648,97.06
767,1,587,356,10815,98.58
768,1,587,356,10918,99.52
769,1,587,355,11041,100.64
770,1,587,354,10706,97.58
771,1,587,355,11009,100.35
772,1,587,355,10975,100.04
773,1,586,354,10858,98.97
774,1,586,354,10779,98.25
775,1,586,355,10665,97.21
776,1,586,355,10496,95.67
777,1,586,355,10514,95.83
778,1,586,355,10156,92.57
779,1,586,356,10366,94.49
780,1,586,356,10277,93.67
781,1,586,357,10277,93.67
782,1,586,358,10268,93.59
783,1,586,358,10316,94.03
784,1,586,359,10317,94.04
785,1,586,359,10370,94.52
786,1,586,360,10409,94.88
787,1,586,360,10188,92.86
788,1,586,361,10394,94.74
789,1,586,360,10087,91.94
790,1,586,361,10342,94.27
791,1,586,361,10019,91.32
792,1,586,361,9949,90.68
793,1,586,361,10154,92.55
794,1,586,361,10146,92.48
795,1,586,361,10077,91.85
796,1,586,360,9878,90.04
797,1,586,360,10024,91.37
798,1,586,359,10071,91.8
799,1,586,358,9957,90.76
800,1,586,358,10200,92.97
801,1,586,358,10237,93.31
802,1,586,357,10282,93.72
803,1,586,356,10417,94.95
804,1,586,356,10575,96.39
805,1,586,356,10684,97.38
806,1,586,355,10791,98.36
807,1,586,355,10821,98.63
808,1,587,354,10895,99.31
809,1,587,354,10967,99.96
810,1,587,355,10976,100.05
811,1,587,355,10924,99.57
812,1,587,355,10860,98.99
813,1,587,355,10784,98.3
814,1,587,356,10693,97.47
815,1,587,356,10590,96.53
816,1,587,357,10550,96.16
817,1,587,357,10427,95.04
818,1,587,358,10434,95.11
819,1,587,358,10029,91.41
820,1,588,359,10226,93.21
821,1,588,359,9937,90.58
822,1,588,360,10188,92.86
823,1,588,360,10202,92.99
824,1,588,361,10211,93.07
825,1,588,361,10128,92.32
826,1,588,361,10165,92.65
827,1,588,360,9862,89.89
828,1,588,361,10209,93.05
829,1,588,361,10009,91.23
830,1,588,361,10296,93.85
831,1,588,361,10308,93.96
832,1,589,360,10288,93.77
833,1,589,360,10267,93.58
834,1,588,358,10033,91.45
835,1,588,358,10258,93.5
836,1,588,358,10138,92.41
837,1,588,358,10404,94.83
838,1,588,357,10415,94.93
839,1,589,356,10441,95.17
840,1,589,356,10500,95.71
841,1,589,356,10561,96.26
842,1,589,355,10630,96.89
843,1,589,354,10418,94.96
844,1,589,355,10711,97.63
845,1,589,355,10732,97.82
846,1,589,354,10739,97.89
847,1,589,355,10736,97.86
848,1,588,355,10728,97.79
849,1,589,355,10722,97.73
850,1,588,355,10425,95.02
851,1,589,356,10713,97.65
852,1,588,356,10537,96.04
853,1,588,357,10491,95.62
854,1,588,357,10103,92.09
855,1,588,358,10336,94.21
856,1,588,359,10291,93.8
857,1,588,359,10206,93.03
858,1,588,360,10218,93.14
859,1,588,360,10169,92.69
860,1,588,360,10097,92.03
861,1,588,360,9924,90.46
862,1,587,361,10118,92.22
863,1,587,361,9925,90.47
864,1,587,361,10085,91.92
865,1,587,361,10098,92.04
866,1,587,361,10127,92.31
867,1,587,360,10128,92.32
868,1,587,359,9977,90.94
869,1,587,360,10212,93.08
870,1,587,359,10248,93.41
871,1,587,359,10286,93.76
872,1,587,358,10355,94.39
873,1,587,357,10378,94.59
874,1,586,357,10391,94.71
875,1,586,357,10539,96.06
876,1,586,356,10595,96.57
877,1,586,356,10648,97.06
878,1,586,355,10677,97.32
879,1,586,355,10729,97.79
880,1,586,355,10785,98.3
881,1,586,355,10837,98.78
882,1,586,355,10789,98.34
883,1,586,355,10805,98.49
884,1,586,355,10814,98.57
885,1,586,356,10762,98.09
886,1,586,356,10725,97.76
887,1,586,356,10650,97.07
888,1,586,357,10577,96.41
889,1,586,357,10520,95.89
890,1,586,358,10439,95.15
891,1,586,358,10392,94.72
892,1,586,359,10336,94.21
893,1,586,359,10322,94.08
894,1,586,360,10245,93.38
895,1,586,360,10248,93.41
896,1,586,361,10305,93.93
897,1,586,360,10012,91.26
898,1,586,361,10168,92.68
899,1,586,361,10224,93.19
900,1,586,361,10275,93.66
901,1,586,362,10332,94.18
902,1,586,361,10316,94.03
903,1,586,360,10023,91.36
904,1,586,360,10088,91.95
905,1,586,359,10056,91.66
906,1,586,358,10065,91.74
907,1,586,358,10064,91.73
908,1,587,358,10322,94.08
909,1,587,357,10270,93.61
910,1,587,357,10412,94.9
911,1,587,357,10420,94.98
912,1,587,356,10432,95.09
913,1,587,356,10520,95.89
914,1,587,355,10305,93.93
915,1,587,354,10310,93.98
916,1,587,354,10332,94.18
917,1,587,354,10394,94.74
918,1,587,354,10388,94.69
919,1,588,355,10701,97.54
920,1,588,354,10676,97.31
921,1,588,354,10597,96.59
922,1,588,355,10591,96.54
923,1,588,355,10531,95.99
924,1,588,356,10532,96.0
925,1,588,356,10465,95.39
926,1,588,357,10382,94.63
927,1,588,358,10294,93.83
928,1,588,358,10215,93.11
929,1,588,359,10131,92.34
930,1,589,359,10075,91.83
931,1,588,359,9766,89.02
932,1,588,359,9694,88.36
933,1,589,360,9926,90.47
934,1,589,360,9952,90.71
935,1,589,361,9969,90.87
936,1,589,361,10010,91.24
937,1,589,361,10027,91.4
938,1,589,360,10089,91.96
939,1,589,360,10203,93.0
940,1,589,360,10282,93.72
941,1,589,359,10323,94.09
942,1,589,359,10471,95.44
943,1,589,358,10475,95.48
944,1,589,358,10485,95.57
945,1,588,357,10287,93.77
946,1,588,357,10289,93.78
947,1,589,357,10517,95.86
948,1,588,355,10255,93.47
949,1,588,355,10177,92.76
950,1,588,354,10167,92.67
951,1,588,355,10423,95.01
952,1,588,355,10400,94.8
953,1,588,355,10457,95.31
954,1,588,354,10442,95.18
955,1,588,355,10483,95.55
956,1,588,355,10544,96.11
957,1,588,355,10649,97.06
958,1,588,355,10676,97.31
959,1,588,356,10747,97.96
960,1,588,356,10703,97.56
961,1,588,357,10676,97.31
962,1,588,357,10585,96.48
963,1,588,358,10536,96.04
964,1,587,358,10429,95.06
965,1,587,359,10337,94.22
966,1,587,359,10263,93.55
967,1,587,360,10192,92.9
968,1,587,360,10072,91.81
969,1,587,360,10013,91.27
970,1,587,360,9959,90.78
971,1,587,361,9975,90.92
972,1,587,360,9715,88.55
973,1,587,360,9736,88.74
974,1,586,360,9735,88.73
975,1,586,360,10051,91.61
976,1,586,359,9898,90.22
977,1,586,360,10185,92.84
978,1,586,359,10285,93.75
979,1,586,358,10371,94.53
980,1,586,358,10516,95.85
981,1,586,357,10358,94.41
982,1,586,357,10609,96.7
983,1,586,356,10445,95.21
984,1,586,355,10388,94.69
985,1,586,356,10687,97.41
986,1,586,355,10689,97.43
987,1,586,355,10611,96.72
988,1,586,355,10608,96.69
989,1,586,355,10520,95.89
990,1,586,355,10459,95.33
991,1,586,355,10464,95.38
992,1,586,355,10483,95.55
993,1,586,355,10461,95.35
994,1,586,356,10472,95.45
995,1,586,356,10480,95.52
996,1,586,356,10509,95.79
997,1,586,357,10516,95.85
998,1,586,357,10524,95.93
999,1,586,358,10527,95.95
1000,1,586,358,10499,95.7
1001,1,586,359,10513,95.83
1002,1,586,359,10410,94.89
1003,1,586,360,10379,94.6
1004,1,586,360,10287,93.77
1005,1,587,360,10263,93.55
1006,1,587,361,10196,92.94
1007,1,587,361,10153,92.54
1008,1,587,361,10062,91.71
1009,1,587,361,10057,91.67
1010,1,587,361,10020,91.33
1011,1,587,361,10044,91.55
1012,1,587,359,9786,89.2
1013,1,587,360,10106,92.12
1014,1,587,359,10172,92.72
1015,1,587,359,10240,93.34
1016,1,587,358,10337,94.22
1017,1,587,357,10154,92.55
1018,1,588,356,10222,93.17
1019,1,588,356,10329,94.15
1020,1,588,356,10722,97.73
1021,1,588,355,10522,95.91
1022,1,588,354,10470,95.43
1023,1,588,354,10411,94.9
1024,1,588,355,10738,97.88
1025,1,588,355,10714,97.66
1026,1,588,355,10704,97.57
1027,1,588,354,10351,94.35
1028,1,588,355,10543,96.1
1029,1,588,355,10430,95.07
1030,1,588,356,10421,94.99
1031,1,588,355,10102,92.08
1032,1,588,356,10042,91.53
1033,1,588,356,9981,90.98
1034,1,588,357,10217,93.13
1035,1,589,358,10215,93.11
1036,1,588,358,10227,93.22
1037,1,588,358,9948,90.68
1038,1,588,359,10247,93.4
1039,1,588,360,10275,93.66
1040,1,588,360,10355,94.39
1041,1,588,360,10103,92.09
1042,1,588,360,10077,91.85
1043,1,588,360,10246,93.39
1044,1,588,361,10291,93.8
1045,1,588,360,10040,91.51
1046,1,588,361,10254,93.46
1047,1,588,360,10132,92.35
1048,1,588,359,9960,90.78
1049,1,588,360,10177,92.76
1050,1,588,359,9898,90.22
1051,1,588,358,9878,90.04
1052,1,588,358,10226,93.21
1053,1,588,358,10259,93.51
1054,1,588,357,10294,93.83
1055,1,588,356,10146,92.48
1056,1,588,356,10186,92.84
1057,1,588,355,10257,93.49
1058,1,588,356,10645,97.03
1059,1,588,355,10727,97.78
1060,1,587,354,10455,95.3
1061,1,587,355,10727,97.78
1062,1,587,355,10802,98.46
1063,1,587,355,10795,98.4
1064,1,587,355,10790,98.35
1065,1,587,355,10702,97.55
1066,1,587,355,10287,93.77
1067,1,587,356,10558,96.24
1068,1,587,357,10512,95.82
1069,1,587,356,10106,92.12
1070,1,587,357,10285,93.75
1071,1,587,358,10179,92.78
1072,1,587,358,10068,91.77
1073,1,587,359,10096,92.02
1074,1,586,359,9893,90.17
1075,1,587,360,10069,91.78
1076,1,587,360,10112,92.17
1077,1,587,360,10181,92.8
1078,1,586,360,9946,90.66
1079,1,586,360,10215,93.11
1080,1,586,360,10197,92.95
1081,1,586,360,10296,93.85
1082,1,586,360,10319,94.06
1083,1,586,360,10338,94.23
1084,1,586,360,10361,94.44
1085,1,586,360,10433,95.1
1086,1,586,359,10199,92.96
1087,1,586,359,10386,94.67
1088,1,586,358,10187,92.85
1089,1,586,357,10156,92.57
1090,1,586,357,10365,94.48
1091,1,586,356,10065,91.74
1092,1,586,356,10405,94.84
1093,1,586,355,10155,92.56
1094,1,586,355,10399,94.79
1095,1,586,355,10502,95.73
1096,1,586,355,10618,96.78
1097,1,586,355,10592,96.55
1098,1,586,354,10417,94.95
1099,1,586,355,10464,95.38
1100,1,586,355,10540,96.07
1101,1,586,356,10770,98.17
1102,1,586,355,10435,95.11
1103,1,586,356,10691,97.45
1104,1,587,356,10591,96.54
1105,1,587,357,10491,95.62
1106,1,587,357,10411,94.9
1107,1,587,357,10331,94.17
1108,1,587,358,10004,91.19
1109,1,587,358,9981,90.98
1110,1,587,359,10166,92.66
1111,1,587,359,10113,92.18
1112,1,587,360,10100,92.06
1113,1,587,360,9835,89.65
1114,1,587,360,9984,91.0
1115,1,587,360,10011,91.25
1116,1,587,361,10122,92.26
1117,1,587,360,10194,92.92
1118,1,588,360,10177,92.76
1119,1,588,360,10249,93.42
1120,1,588,360,10307,93.95
1121,1,588,359,10418,94.96
1122,1,588,359,10422,95.0
1123,1,588,358,10483,95.55
1124,1,588,358,10490,95.62
1125,1,588,358,10562,96.27
1126,1,588,357,10557,96.23
1127,1,588,356,10354,94.38
1128,1,588,356,10614,96.75
1129,1,588,355,10323,94.09
1130,1,588,356,10543,96.1
1131,1,588,355,10531,95.99
1132,1,588,355,10509,95.79
1133,1,588,355,10495,95.66
1134,1,588,354,10245,93.38
1135,1,588,355,10550,96.16
1136,1,588,355,10581,96.45
1137,1,588,356,10617,96.77
1138,1,588,356,10587,96.5
1139,1,588,356,10380,94.61
1140,1,588,356,10527,95.95
1141,1,588,356,10256,93.48
1142,1,588,356,10199,92.96
1143,1,588,358,10457,95.31
1144,1,588,358,10356,94.39
1145,1,588,358,10256,93.48
1146,1,588,359,10250,93.43
1147,1,588,359,10147,92.49
1148,1,588,360,10131,92.34
1149,1,588,360,9936,90.57
1150,1,588,360,9852,89.8
1151,1,588,360,9800,89.33
1152,1,588,360,9763,88.99
1153,1,588,360,9994,91.09
1154,1,588,360,9798,89.31
1155,1,588,360,10011,91.25
1156,1,588,360,10100,92.06
1157,1,587,359,10177,92.76
1158,1,587,359,10306,93.94
1159,1,587,358,10390,94.7
1160,1,587,358,10363,94.46
1161,1,587,357,10510,95.8
1162,1,587,357,10594,96.56
1163,1,587,357,10662,97.18
1164,1,587,356,10713,97.65
1165,1,587,356,10774,98.2
1166,1,587,355,10476,95.49
1167,1,587,355,10655,97.12
1168,1,587,355,10669,97.25
1169,1,587,355,10650,97.07
1170,1,587,355,10644,97.02
1171,1,587,355,10592,96.55
1172,1,587,356,10589,96.52
1173,1,587,356,10605,96.66
1174,1,587,356,10545,96.12
1175,1,586,356,10537,96.04
1176,1,586,357,10492,95.63
1177,1,586,357,10517,95.86
1178,1,586,358,10502,95.73
1179,1,586,358,10450,95.25
1180,1,586,359,10417,94.95
1181,1,586,359,10426,95.03
1182,1,586,359,10368,94.5
1183,1,586,360,10352,94.36
1184,1,586,360,10300,93.88
1185,1,586,360,10272,93.63
1186,1,586,361,10262,93.54
1187,1,586,361,10261,93.53
1188,1,586,361,10194,92.92
1189,1,586,361,10226,93.21
1190,1,586,360,10191,92.89
1191,1,586,360,10274,93.65
1192,1,586,359,9974,90.91
1193,1,586,360,10265,93.56
1194,1,586,359,10367,94.49
1195,1,586,358,10102,92.08
1196,1,586,359,10449,95.24
1197,1,586,358,10475,95.48
1198,1,586,357,10494,95.65
1199,1,586,356,10312,93.99
1200,1,586,356,10290,93.79
1201,1,586,356,10578,96.42
1202,1,586,355,10366,94.49
1203,1,586,355,10391,94.71
1204,1,587,356,10664,97.2
1205,1,587,355,10598,96.6
1206,1,587,355,10609,96.7
1207,1,587,355,10603,96.65
1208,1,587,355,10512,95.82
1209,1,587,355,10239,93.33
1210,1,587,355,10225,93.2
1211,1,587,356,10492,95.63
1212,1,587,357,10483,95.55
1213,1,587,357,10483,95.55
1214,1,587,357,10411,94.9
1215,1,587,358,10302,93.9
1216,1,587,358,10352,94.36
1217,1,588,359,10358,94.41
1218,1,588,359,10315,94.02
1219,1,588,360,10286,93.76
1220,1,588,360,10262,93.54
1221,1,588,360,10262,93.54
1222,1,588,360,10027,91.4
1223,1,588,360,9962,90.8
1224,1,588,361,10224,93.19
1225,1,588,361,10253,93.46
1226,1,588,360,10211,93.07
1227,1,588,360,10001,91.16
1228,1,588,360,10162,92.63
1229,1,588,359,10231,93.25
1230,1,588,359,10108,92.13
1231,1,588,358,10058,91.68
1232,1,588,357,10095,92.02
1233,1,588,358,10352,94.36
1234,1,588,357,10474,95.47
1235,1,588,356,10263,93.55
1236,1,588,356,10453,95.28
1237,1,588,356,10533,96.01
1238,1,588,356,10544,96.11
1239,1,588,356,10618,96.78
1240,1,588,355,10351,94.35
1241,1,588,355,10556,96.22
1242,1,588,354,10316,94.03
1243,1,588,355,10607,96.68
1244,1,588,356,10579,96.43
1245,1,588,355,10508,95.78
1246,1,588,356,10493,95.64
1247,1,588,356,10477,95.5
1248,1,588,357,10428,95.05
1249,1,588,357,10171,92.71
1250,1,588,357,10380,94.61
1251,1,588,358,10386,94.67
1252,1,588,358,10315,94.02
1253,1,588,359,10330,94.16
1254,1,588,359,10255,93.47
1255,1,588,359,10227,93.22
1256,1,588,359,9990,91.06
1257,1,587,359,9937,90.58
1258,1,587,360,10168,92.68
1259,1,587,359,9835,89.65
1260,1,587,360,10120,92.24
1261,1,587,360,10120,92.24
1262,1,587,360,10147,92.49
1263,1,587,360,10145,92.47
1264,1,587,360,10180,92.79
1265,1,587,359,10198,92.95
1266,1,587,358,10018,91.31
1267,1,587,359,10307,93.95
1268,1,587,358,10377,94.59
1269,1,587,357,10111,92.16
1270,1,587,357,10418,94.96
1271,1,587,357,10479,95.52
1272,1,586,356,10472,95.45
1273,1,586,356,10557,96.23
1274,1,586,356,10649,97.06
1275,1,586,355,10568,96.33
1276,1,586,355,10654,97.11
1277,1,586,355,10679,97.34
1278,1,586,355,10674,97.29
1279,1,586,356,10688,97.42
1280,1,586,356,10670,97.26
1281,1,586,356,10630,96.89
1282,1,586,356,10578,96.42
1283,1,586,356,10513,95.83
1284,1,586,357,10534,96.02
1285,1,586,357,10496,95.67
1286,1,586,358,10454,95.29
1287,1,586,358,10390,94.7
1288,1,586,358,10083,91.91
1289,1,586,359,10336,94.21
1290,1,586,359,10326,94.12
1291,1,586,359,10277,93.67
1292,1,586,360,10265,93.56
1293,1,586,360,10259,93.51
1294,1,586,360,10247,93.4
1295,1,586,359,10001,91.16
1296,1,586,359,9994,91.09
1297,1,586,360,10043,91.54
1298,1,586,360,10269,93.6
1299,1,586,360,10243,93.36
1300,1,587,360,10291,93.8
1301,1,587,359,10239,93.33
1302,1,587,359,10269,93.6
1303,1,587,359,10313,94.0
1304,1,587,357,10060,91.7
1305,1,587,357,10140,92.43
1306,1,587,357,10142,92.44
1307,1,587,357,10444,95.2
1308,1,587,357,10527,95.95
1309,1,587,356,10533,96.01
1310,1,587,356,10550,96.16
1311,1,587,355,10551,96.17
1312,1,587,355,10630,96.89
1313,1,587,356,10720,97.71
1314,1,587,356,10711,97.63
1315,1,588,356,10677,97.32
1316,1,588,356,10697,97.5
1317,1,588,356,10670,97.26
1318,1,588,356,10628,96.87
1319,1,588,357,10609,96.7
1320,1,588,357,10597,96.59
1321,1,588,357,10461,95.35
1322,1,588,358,10384,94.65
1323,1,588,358,10371,94.53
1324,1,588,357,9986,91.02
1325,1,588,359,10279,93.69
1326,1,588,359,10255,93.47
1327,1,588,359,10011,91.25
1328,1,588,359,9883,90.08
1329,1,588,360,10194,92.92
1330,1,588,359,9858,89.86
1331,1,588,360,10176,92.75
1332,1,588,359,9941,90.61
1333,1,588,360,10137,92.4
1334,1,588,360,10185,92.84
1335,1,588,359,9984,91.0
1336,1,588,359,10246,93.39
1337,1,588,359,10342,94.27
1338,1,588,359,10298,93.87
1339,1,588,359,10366,94.49
1340,1,588,358,10176,92.75
1341,1,588,358,10350,94.34
1342,1,588,357,10421,94.99
1343,1,588,356,10243,93.36
1344,1,588,356,10228,93.23
1345,1,588,356,10452,95.27
1346,1,588,356,10442,95.18
1347,1,588,355,10260,93.52
1348,1,588,356,10595,96.57
1349,1,588,355,10487,95.59
1350,1,588,355,10559,96.24
1351,1,588,355,10610,96.71
1352,1,588,356,10628,96.87
1353,1,588,356,10557,96.23
1354,1,588,356,10588,96.51
1355,1,588,356,10580,96.44
1356,1,588,357,10606,96.67
1357,1,588,357,10522,95.91
1358,1,588,358,10471,95.44
1359,1,587,358,10392,94.72
1360,1,587,358,10386,94.67
1361,1,587,359,10355,94.39
1362,1,587,359,10233,93.27
1363,1,587,359,10171,92.71
1364,1,587,360,10181,92.8
1365,1,587,360,10179,92.78
1366,1,587,360,10175,92.74
1367,1,587,360,10129,92.33
1368,1,587,360,10133,92.36
1369,1,587,360,10171,92.71
1370,1,587,360,10194,92.92
1371,1,587,360,10287,93.77
1372,1,587,360,10340,94.25
1373,1,586,359,10372,94.54
1374,1,586,358,10175,92.74
1375,1,586,358,10414,94.92
1376,1,586,358,10514,95.83
1377,1,586,358,10477,95.5
1378,1,586,357,10496,95.67
1379,1,586,357,10562,96.27
1380,1,586,357,10560,96.25
1381,1,586,356,10600,96.62
1382,1,586,356,10603,96.65
1383,1,586,356,10592,96.55
1384,1,586,356,10614,96.75
1385,1,586,356,10683,97.37
1386,1,586,355,10339,94.24
1387,1,586,356,10617,96.77
1388,1,586,356,10604,96.65
1389,1,586,356,10587,96.5
1390,1,586,356,10591,96.54
1391,1,586,357,10580,96.44
1392,1,586,357,10505,95.75
1393,1,586,358,10626,96.86
1394,1,586,358,10532,96.0
1395,1,586,357,10197,92.95
1396,1,586,358,10462,95.36
1397,1,586,359,10390,94.7
1398,1,587,359,10339,94.24
1399,1,586,359,10277,93.67
1400,1,587,360,10250,93.43
1401,1,587,360,10223,93.18
1402,1,587,359,9960,90.78
1403,1,587,359,9916,90.38
1404,1,587,359,9874,90.0
1405,1,587,359,9851,89.79
1406,1,587,359,9879,90.05
1407,1,587,360,10143,92.45
1408,1,587,359,10155,92.56
1409,1,587,358,9897,90.21
1410,1,587,358,9962,90.8
1411,1,587,358,10238,93.32
1412,1,587,358,10375,94.57
1413,1,587,357,10436,95.12
1414,1,587,357,10261,93.53
1415,1,587,357,10480,95.52
1416,1,588,356,10572,96.36
1417,1,588,356,10641,96.99
1418,1,588,356,10577,96.41
1419,1,588,356,10599,96.61
1420,1,588,355,10548,96.14
1421,1,588,356,10598,96.6
1422,1,588,356,10620,96.8
1423,1,588,356,10559,96.24
1424,1,588,356,10505,95.75
1425,1,588,356,10502,95.73
1426,1,588,356,10524,95.93
1427,1,588,357,10476,95.49
1428,1,588,357,10479,95.52
1429,1,588,357,10434,95.11
1430,1,588,357,10416,94.94
1431,1,588,358,10434,95.11
1432,1,588,358,10375,94.57
1433,1,588,359,10382,94.63
1434,1,588,359,10406,94.85
1435,1,588,359,10351,94.35
1436,1,588,360,10348,94.32
1437,1,588,359,10123,92.27
1438,1,588,359,10024,91.37
1439,1,588,359,9960,90.78
1440,1,588,360,10233,93.27
1441,1,588,360,10193,92.91
1442,1,588,360,10167,92.67
1443,1,588,359,9871,89.97
1444,1,588,359,9880,90.06
1445,1,588,359,10184,92.83
1446,1,588,358,9964,90.82
1447,1,588,358,10238,93.32
1448,1,588,358,10245,93.38
1449,1,588,357,10328,94.14
1450,1,588,357,10352,94.36
1451,1,588,357,10452,95.27
1452,1,588,356,10498,95.69
1453,1,588,356,10632,96.91
1454,1,588,356,10626,96.86
1455,1,587,356,10656,97.13
1456,1,587,356,10713,97.65
1457,1,587,356,10691,97.45
1458,1,587,355,10429,95.06
1459,1,587,356,10675,97.3
1460,1,587,356,10645,97.03
1461,1,587,355,10323,94.09
1462,1,587,356,10519,95.88
1463,1,587,356,10439,95.15
1464,1,587,357,10389,94.7
1465,1,587,357,10116,92.21
1466,1,587,358,10322,94.08
1467,1,587,358,10287,93.77
1468,1,587,358,10255,93.47
1469,1,587,359,10301,93.89
1470,1,587,359,10252,93.45
1471,1,587,359,10257,93.49
1472,1,587,359,10259,93.51
1473,1,587,360,10311,93.98
1474,1,586,359,10075,91.83
1475,1,587,360,10298,93.87
1476,1,586,360,10084,91.92
1477,1,586,360,10288,93.77
1478,1,586,360,10274,93.65
1479,1,586,359,10273,93.64
1480,1,586,359,10238,93.32
1481,1,586,359,10269,93.6
1482,1,586,359,10316,94.03
1483,1,586,358,10070,91.79
1484,1,586,358,10350,94.34
1485,1,586,358,10356,94.39
1486,1,586,357,10406,94.85
1487,1,586,357,10444,95.2
1488,1,586,357,10462,95.36
1489,1,586,356,10493,95.64
1490,1,586,357,10621,96.81
1491,1,586,356,10652,97.09
1492,1,586,356,10662,97.18
1493,1,586,356,10693,97.47
1494,1,586,356,10693,97.47
1495,1,586,356,10488,95.6
1496,1,586,356,10677,97.32
1497,1,587,356,10639,96.97
1498,1,587,357,10647,97.05
1499,1,587,357,10594,96.56
1500,1,587,357,10540,96.07
1501,1,587,357,10181,92.8
1502,1,587,358,10401,94.8
1503,1,587,358,10380,94.61
1504,1,587,358,10060,91.7
1505,1,587,359,10294,93.83
1506,1,587,359,10223,93.18
1507,1,587,360,10241,93.35
1508,1,587,360,10219,93.15
1509,1,587,360,10281,93.71
1510,1,587,359,9983,90.99
1511,1,587,360,10246,93.39
1512,1,587,359,10010,91.24
1513,1,587,360,10292,93.81
1514,1,587,359,10045,91.56
1515,1,587,359,10215,93.11
1516,1,587,359,10024,91.37
1517,1,587,358,10067,91.76
1518,1,588,359,10325,94.11
1519,1,587,358,10125,92.29
1520,1,588,358,10356,94.39
1521,1,588,358,10414,94.92
1522,1,588,357,10374,94.56
1523,1,588,357,10432,95.09
1524,1,588,357,10533,96.01
1525,1,588,357,10508,95.78
1526,1,588,356,10320,94.07
1527,1,588,356,10538,96.05
1528,1,588,356,10552,96.18
1529,1,588,356,10549,96.15
1530,1,588,355,10309,93.97
1531,1,588,356,10594,96.56
1532,1,588,356,10535,96.03
1533,1,588,356,10617,96.77
1534,1,588,356,10341,94.26
1535,1,588,357,10601,96.63
1536,1,588,357,10492,95.63
1537,1,588,358,10465,95.39
1538,1,588,358,10415,94.93
1539,1,588,358,10381,94.62
1540,1,588,358,10334,94.19
1541,1,588,359,10344,94.28
1542,1,588,359,10265,93.56
1543,1,588,359,9989,91.05
1544,1,588,359,10172,92.72
1545,1,588,360,10204,93.01
1546,1,588,360,10167,92.67
1547,1,588,359,9936,90.57
1548,1,588,360,10200,92.97
1549,1,588,360,10159,92.6
1550,1,588,360,10228,93.23
1551,1,587,360,10256,93.48
1552,1,587,359,10328,94.14
1553,1,587,359,10101,92.07
1554,1,587,358,10112,92.17
1555,1,587,357,10100,92.06
1556,1,587,358,10370,94.52
1557,1,587,357,10413,94.91
1558,1,587,357,10427,95.04
1559,1,587,357,10410,94.89
1560,1,587,356,10438,95.14
1561,1,587,356,10498,95.69
1562,1,587,356,10318,94.05
1563,1,587,355,10286,93.76
1564,1,587,356,10529,95.97
1565,1,587,356,10535,96.03
1566,1,587,356,10537,96.04
1567,1,587,356,10529,95.97
1568,1,587,356,10514,95.83
1569,1,587,356,10492,95.63
1570,1,587,356,10530,95.98
1571,1,587,357,10544,96.11
1572,1,587,357,10504,95.74
1573,1,587,357,10470,95.43
1574,1,587,358,10455,95.3
1575,1,587,358,10400,94.8
1576,1,587,359,10428,95.05
1577,1,586,359,10377,94.59
1578,1,587,359,10320,94.07
1579,1,586,359,10297,93.86
1580,1,586,360,10287,93.77
1581,1,586,359,10024,91.37
1582,1,586,360,10305,93.93
1583,1,586,360,10248,93.41
1584,1,586,360,10253,93.46
1585,1,586,359,10016,91.3
1586,1,586,360,10249,93.42
1587,1,586,360,10244,93.37
1588,1,586,359,10298,93.87
1589,1,586,359,10310,93.98
1590,1,586,359,10367,94.49
1591,1,586,358,10371,94.53
1592,1,586,358,10417,94.95
1593,1,586,358,10484,95.56
1594,1,586,357,10495,95.66
1595,1,586,356,10267,93.58
1596,1,586,356,10269,93.6
1597,1,587,357,10582,96.45
1598,1,587,356,10304,93.92
1599,1,587,356,10604,96.65
1600,1,587,356,10579,96.43
1601,1,587,356,10504,95.74
1602,1,587,356,10561,96.26
1603,1,587,355,10352,94.36
1604,1,587,356,10549,96.15
1605,1,587,356,10332,94.18
1606,1,587,357,10562,96.27
1607,1,587,358,10643,97.01
1608,1,587,357,10461,95.35
1609,1,587,357,10180,92.79
1610,1,587,357,10177,92.76
1611,1,587,358,10130,92.33
1612,1,587,358,10119,92.23
1613,1,587,359,10272,93.63
1614,1,587,358,9953,90.72
1615,1,587,359,10171,92.71
1616,1,588,359,10140,92.43
1617,1,587,359,9944,90.64
1618,1,587,359,9963,90.81
1619,1,588,360,10199,92.96
1620,1,588,360,10168,92.68
1621,1,588,359,9983,90.99
1622,1,588,359,10179,92.78
1623,1,588,359,10159,92.6
1624,1,588,359,10026,91.39
1625,1,588,358,10071,91.8
1626,1,588,358,10080,91.88
1627,1,588,358,10290,93.79
1628,1,588,357,10093,92.0
1629,1,588,357,10381,94.62
1630,1,588,357,10373,94.55
1631,1,588,357,10412,94.9
1632,1,588,356,10427,95.04
1633,1,588,356,10516,95.85
1634,1,588,356,10522,95.91
1635,1,588,356,10552,96.18
1636,1,588,356,10536,96.04
1637,1,588,356,10572,96.36
1638,1,588,356,10540,96.07
1639,1,588,356,10577,96.41
1640,1,588,356,10537,96.04
1641,1,588,356,10563,96.28
1642,1,588,357,10509,95.79
1643,1,588,356,10220,93.15
1644,1,588,356,10158,92.59
1645,1,588,357,10137,92.4
1646,1,588,358,10408,94.87
1647,1,588,358,10322,94.08
1648,1,588,358,10330,94.16
1649,1,588,359,10280,93.7
1650,1,588,359,10235,93.29
1651,1,588,359,10221,93.16
1652,1,588,359,10231,93.25
1653,1,587,359,9947,90.67
1654,1,587,359,9969,90.87
1655,1,587,360,10203,93.0
1656,1,587,360,10194,92.92
1657,1,587,360,10232,93.26
1658,1,587,359,9992,91.08
1659,1,587,359,9939,90.59
1660,1,587,359,10221,93.16
1661,1,587,359,10119,92.23
1662,1,587,359,10310,93.98
1663,1,587,358,10344,94.28
1664,1,587,358,10348,94.32
1665,1,587,358,10411,94.9
1666,1,587,357,10264,93.56
1667,1,587,357,10510,95.8
1668,1,587,357,10511,95.81
1669,1,586,356,10279,93.69
1670,1,587,356,10537,96.04
1671,1,587,356,10559,96.24
1672,1,586,356,10552,96.18
1673,1,586,356,10623,96.83
1674,1,586,356,10614,96.75
1675,1,586,356,10566,96.31
1676,1,586,357,10676,97.31
1677,1,586,357,10601,96.63
1678,1,586,357,10571,96.35
1679,1,586,357,10285,93.75
1680,1,586,357,10494,95.65
1681,1,586,357,10420,94.98
1682,1,586,358,10476,95.49
1683,1,586,358,10364,94.47
1684,1,586,358,10343,94.28
1685,1,586,359,10301,93.89
1686,1,586,359,10344,94.28
1687,1,586,359,10336,94.21
1688,1,586,359,10025,91.38
1689,1,586,360,10272,93.63
1690,1,587,360,10238,93.32
1691,1,586,359,10029,91.41
1692,1,586,360,10230,93.25
1693,1,587,360,10226,93.21
1694,1,587,360,10284,93.74
1695,1,587,359,10315,94.02
1696,1,587,359,10294,93.83
1697,1,587,359,10281,93.71
1698,1,587,358,10085,91.92
1699,1,587,357,10054,91.64
1700,1,587,358,10385,94.66
1701,1,587,358,10436,95.12
1702,1,587,357,10429,95.06
1703,1,587,357,10406,94.85
1704,1,587,357,10463,95.37
1705,1,587,356,10506,95.76
1706,1,587,356,10626,96.86
1707,1,587,356,10592,96.55
1708,1,587,356,10600,96.62
1709,1,587,356,10669,97.25
1710,1,587,355,10327,94.13
1711,1,587,356,10590,96.53
1712,1,587,356,10628,96.87
1713,1,587,356,10542,96.09
1714,1,588,357,10494,95.65
1715,1,588,357,10445,95.21
1716,1,588,357,10426,95.03
1717,1,588,357,10406,94.85
1718,1,588,358,10384,94.65
1719,1,588,358,10383,94.64
1720,1,588,358,10064,91.73
1721,1,588,359,10307,93.95
1722,1,588,359,10296,93.85
1723,1,588,358,10034,91.46
1724,1,588,359,10253,93.46
1725,1,588,359,10210,93.06
1726,1,588,360,10257,93.49
1727,1,588,359,9953,90.72
1728,1,588,360,10310,93.98
1729,1,588,360,10235,93.29
1730,1,588,359,10252,93.45
1731,1,588,359,10295,93.84
1732,1,588,359,10312,93.99
1733,1,588,359,10322,94.08
1734,1,588,359,10356,94.39
1735,1,588,358,10168,92.68
1736,1,588,358,10422,95.0
1737,1,588,358,10436,95.12
1738,1,588,357,10429,95.06
1739,1,588,356,10169,92.69
1740,1,588,357,10472,95.45
1741,1,588,357,10500,95.71
1742,1,588,356,10267,93.58
1743,1,588,356,10567,96.32
1744,1,588,356,10557,96.23
1745,1,588,356,10503,95.73
1746,1,588,356,10611,96.72
1747,1,588,356,10623,96.83
1748,1,588,357,10598,96.6
1749,1,588,357,10543,96.1
1750,1,588,357,10609,96.7
1751,1,587,356,10260,93.52
1752,1,587,357,10486,95.58
1753,1,587,357,10168,92.68
1754,1,587,358,10404,94.83
1755,1,587,358,10086,91.93
1756,1,587,358,10262,93.54
1757,1,587,359,10288,93.77
1758,1,587,358,9975,90.92
1759,1,587,359,10189,92.87
1760,1,587,360,10294,93.83
1761,1,587,359,10220,93.15
1762,1,587,359,10006,91.2
1763,1,587,360,10249,93.42
1764,1,587,359,10201,92.98
1765,1,587,360,10293,93.82
1766,1,587,360,10301,93.89
1767,1,587,359,10237,93.31
1768,1,587,359,10296,93.85
1769,1,587,359,10367,94.49
1770,1,587,359,10421,94.99
1771,1,587,358,10413,94.91
1772,1,587,358,10434,95.11
1773,1,587,357,10422,95.0
1774,1,587,357,10474,95.47
1775,1,587,357,10484,95.56
1776,1,586,357,10512,95.82
1777,1,586,357,10566,96.31
1778,1,587,356,10534,96.02
1779,1,587,356,10562,96.27
1780,1,586,357,10634,96.93
1781,1,586,356,10612,96.73
1782,1,586,356,10551,96.17
1783,1,586,356,10616,96.76
1784,1,586,357,10604,96.65
1785,1,586,357,10563,96.28
1786,1,587,357,10585,96.48
1787,1,586,357,10550,96.16
1788,1,586,357,10512,95.82
1789,1,586,358,10465,95.39
1790,1,587,358,10409,94.88
1791,1,587,358,10393,94.73
1792,1,587,359,10454,95.29
1793,1,587,358,10140,92.43
1794,1,587,358,10103,92.09
1795,1,587,360,10333,94.18
1796,1,587,360,10319,94.06
1797,1,587,360,10271,93.62
1798,1,587,360,10286,93.76
1799,1,587,360,10242,93.36
1800,1,587,360,10280,93.7
1801,1,587,359,10040,91.51
1802,1,587,359,10075,91.83
1803,1,587,359,10280,93.7
1804,1,587,358,10052,91.62
1805,1,587,358,10054,91.64
1806,1,587,358,10329,94.15
1807,1,587,357,10049,91.6
1808,1,587,358,10344,94.28
1809,1,587,357,10419,94.97
1810,1,587,357,10382,94.63
1811,1,587,357,10407,94.86
1812,1,587,357,10492,95.63
1813,1,587,357,10535,96.03
1814,1,588,356,10540,96.07
1815,1,587,356,10295,93.84
1816,1,588,356,10546,96.13
1817,1,588,356,10570,96.34
1818,1,587,356,10280,93.7
1819,1,588,356,10478,95.51
1820,1,588,356,10496,95.67
1821,1,588,357,10432,95.09
1822,1,588,357,10466,95.4
1823,1,588,357,10395,94.75
1824,1,588,357,10408,94.87
1825,1,588,357,10408,94.87
1826,1,588,358,10429,95.06
1827,1,588,358,10411,94.9
1828,1,588,358,10132,92.35
1829,1,588,358,10335,94.2
1830,1,588,359,10340,94.25
1831,1,588,359,10278,93.68
1832,1,588,359,10299,93.87
1833,1,588,359,10254,93.46
1834,1,588,359,10191,92.89
1835,1,588,359,10014,91.28
1836,1,588,360,10255,93.47
1837,1,588,360,10292,93.81
1838,1,588,360,10332,94.18
1839,1,588,359,10254,93.46
1840,1,588,359,10249,93.42
1841,1,588,358,10041,91.52
1842,1,588,359,10368,94.5
1843,1,588,358,10337,94.22
1844,1,587,358,10438,95.14
1845,1,587,358,10508,95.78
1846,1,588,357,10443,95.19
1847,1,587,357,10499,95.7
1848,1,587,357,10505,95.75
1849,1,587,357,10583,96.46
1850,1,587,357,10589,96.52
1851,1,587,357,10634,96.93
1852,1,587,356,10373,94.55
1853,1,587,357,10630,96.89
1854,1,587,357,10648,97.06
1855,1,587,357,10604,96.65
1856,1,587,357,10559,96.24
1857,1,587,356,10234,93.28
1858,1,587,357,10430,95.07
1859,1,587,357,10489,95.61
1860,1,587,358,10478,95.51
1861,1,587,358,10406,94.85
1862,1,587,358,10409,94.88
1863,1,587,358,10317,94.04
1864,1,587,358,10358,94.41
1865,1,587,359,10425,95.02
1866,1,587,359,10343,94.28
1867,1,587,359,10348,94.32
1868,1,587,359,10307,93.95
1869,1,587,359,10260,93.52
1870,1,587,359,10039,91.5
1871,1,587,359,10262,93.54
1872,1,587,360,10310,93.98
1873,1,587,359,10270,93.61
1874,1,586,359,10073,91.81
1875,1,586,359,10288,93.77
1876,1,587,359,10269,93.6
1877,1,586,359,10341,94.26
1878,1,586,359,10372,94.54
1879,1,586,358,10371,94.53
1880,1,587,358,10345,94.29
1881,1,587,358,10429,95.06
1882,1,586,357,10478,95.51
1883,1,586,357,10498,95.69
1884,1,586,357,10554,96.2
1885,1,587,357,10529,95.97
1886,1,587,357,10602,96.64
1887,1,586,356,10344,94.28
1888,1,587,357,10638,96.96
1889,1,587,357,10636,96.95
1890,1,587,357,10602,96.64
1891,1,587,357,10599,96.61
1892,1,587,357,10597,96.59
1893,1,587,357,10544,96.11
1894,1,587,356,10256,93.48
1895,1,587,357,10499,95.7
1896,1,587,358,10479,95.52
1897,1,587,358,10467,95.41
1898,1,587,358,10434,95.11
1899,1,587,359,10420,94.98
1900,1,587,359,10328,94.14
1901,1,587,359,10381,94.62
1902,1,587,359,10341,94.26
1903,1,587,360,10367,94.49
1904,1,587,360,10305,93.93
1905,1,587,360,10305,93.93
1906,1,587,360,10312,93.99
1907,1,587,360,10309,93.97
1908,1,587,360,10362,94.45
1909,1,587,360,10426,95.03
1910,1,587,358,10070,91.79
1911,1,587,359,10359,94.42
1912,1,587,358,10087,91.94
1913,1,587,359,10358,94.41
1914,1,587,358,10154,92.55
1915,1,587,357,10095,92.02
1916,1,588,358,10321,94.08
1917,1,588,357,10383,94.64
1918,1,588,357,10398,94.78
1919,1,588,356,10190,92.88
1920,1,588,357,10411,94.9
1921,1,588,357,10427,95.04
1922,1,588,356,10240,93.34
1923,1,588,356,10294,93.83
1924,1,588,356,10517,95.86
1925,1,588,356,10514,95.83
1926,1,588,357,10596,96.58
1927,1,588,357,10540,96.07
1928,1,588,356,10482,95.54
1929,1,588,357,10503,95.73
1930,1,588,357,10550,96.16
1931,1,588,357,10513,95.83
1932,1,588,357,10452,95.27
1933,1,588,357,10223,93.18
1934,1,588,358,10432,95.09
1935,1,588,358,10348,94.32
1936,1,588,358,10292,93.81
1937,1,588,358,10064,91.73
1938,1,588,359,10287,93.77
1939,1,588,359,10243,93.36
1940,1,588,359,10275,93.66
1941,1,588,360,10287,93.77
1942,1,588,359,10201,92.98
1943,1,588,359,10190,92.88
1944,1,588,360,10264,93.56
1945,1,587,359,10305,93.93
1946,1,587,359,10289,93.78
1947,1,587,359,10293,93.82
1948,1,587,359,10346,94.3
1949,1,587,359,10471,95.44
1950,1,587,359,10437,95.13
1951,1,587,359,10509,95.79
1952,1,587,358,10466,95.4
1953,1,587,358,10430,95.07
1954,1,587,358,10501,95.72
1955,1,587,357,10510,95.8
1956,1,587,356,10248,93.41
1957,1,587,357,10513,95.83
1958,1,587,357,10583,96.46
1959,1,587,357,10551,96.17
1960,1,587,356,10268,93.59
1961,1,587,356,10265,93.56
1962,1,587,356,10472,95.45
1963,1,587,356,10223,93.18
1964,1,587,357,10505,95.75
1965,1,587,357,10499,95.7
1966,1,587,357,10428,95.05
1967,1,587,357,10416,94.94
1968,1,587,357,10410,94.89
1969,1,587,358,10415,94.93
1970,1,587,358,10410,94.89
1971,1,587,358,10413,94.91
1972,1,587,359,10358,94.41
1973,1,587,359,10357,94.4
1974,1,587,359,10387,94.68
1975,1,587,359,10329,94.15
1976,1,587,360,10344,94.28
1977,1,587,360,10311,93.98
1978,1,587,360,10295,93.84
1979,1,587,360,10354,94.38
1980,1,587,360,10315,94.02
1981,1,587,360,10314,94.01
1982,1,586,359,10097,92.03
1983,1,586,358,10092,91.99
1984,1,586,358,10070,91.79
1985,1,587,359,10372,94.54
1986,1,587,359,10389,94.7
1987,1,587,357,10082,91.9
1988,1,587,358,10339,94.24
1989,1,587,357,10388,94.69
1990,1,587,357,10383,94.64
1991,1,587,357,10453,95.28
1992,1,587,356,10237,93.31
1993,1,587,357,10481,95.53
1994,1,587,357,10537,96.04
1995,1,587,357,10550,96.16
1996,1,587,356,10269,93.6
1997,1,587,356,10520,95.89
1998,1,587,356,10489,95.61
1999,1,587,357,10498,95.69
2000,1,587,357,10508,95.78
2001,1,587,357,10469,95.42
2002,1,587,357,10426,95.03
2003,1,587,357,10506,95.76
2004,1,587,357,10439,95.15
2005,1,587,358,10457,95.31
2006,1,587,358,10418,94.96
2007,1,587,358,10410,94.89
2008,1,587,359,10390,94.7
2009,1,587,359,10388,94.69
2010,1,587,359,10145,92.47
2011,1,587,359,10113,92.18
2012,1,587,359,10316,94.03
2013,1,587,359,10262,93.54
2014,1,587,359,10021,91.34
2015,1,587,359,10228,93.23
2016,1,587,359,10211,93.07
2017,1,588,359,10216,93.12
2018,1,588,359,10280,93.7
2019,1,588,359,10267,93.58
2020,1,588,358,10248,93.41
2021,1,588,359,10342,94.27
2022,1,588,358,10365,94.48
2023,1,588,357,10142,92.44
2024,1,588,357,10164,92.64
2025,1,588,357,10441,95.17
2026,1,588,357,10417,94.95
2027,1,588,357,10423,95.01
2028,1,588,357,10474,95.47
2029,1,588,357,10484,95.56
2030,1,588,357,10511,95.81
2031,1,588,357,10571,96.35
2032,1,588,356,10527,95.95
2033,1,588,356,10266,93.57
2034,1,588,356,10221,93.16
2035,1,588,357,10533,96.01
2036,1,588,356,10235,93.29
2037,1,588,356,10198,92.95
2038,1,588,357,10426,95.03
2039,1,588,357,10356,94.39
2040,1,588,357,10343,94.28
2041,1,588,357,10355,94.39
2042,1,588,358,10339,94.24
2043,1,588,358,10322,94.08
2044,1,587,358,10313,94.0
2045,1,587,358,10305,93.93
2046,1,587,359,10334,94.19
2047,1,587,359,10307,93.95
2048,1,587,358,10080,91.88
2049,1,587,359,10333,94.18
2050,1,587,359,10048,91.59
2051,1,587,359,10263,93.55
2052,1,587,359,10305,93.93
2053,1,587,359,10334,94.19
2054,1,587,358,10058,91.68
2055,1,587,358,10103,92.09
2056,1,587,359,10297,93.86
2057,1,587,359,10361,94.44
2058,1,587,358,10411,94.9
2059,1,587,358,10390,94.7
2060,1,587,357,10331,94.17
2061,1,587,357,10400,94.8
2062,1,587,357,10446,95.21
2063,1,587,357,10487,95.59
2064,1,587,357,10493,95.64
2065,1,587,357,10550,96.16
2066,1,587,357,10534,96.02
2067,1,587,357,10576,96.4
2068,1,587,357,10582,96.45
2069,1,587,357,10559,96.24
2070,1,586,356,10302,93.9
2071,1,587,357,10555,96.21
2072,1,587,357,10549,96.15
2073,1,587,357,10529,95.97
2074,1,587,356,10226,93.21
2075,1,587,357,10429,95.06
2076,1,587,358,10417,94.95
2077,1,587,357,10136,92.39
2078,1,586,357,10132,92.35
2079,1,586,358,10129,92.33
2080,1,587,358,10256,93.48
2081,1,587,359,10290,93.79
2082,1,586,358,10018,91.31
2083,1,587,359,10235,93.29
2084,1,587,359,10266,93.57
2085,1,587,359,10247,93.4
2086,1,587,360,10323,94.09
2087,1,587,359,10282,93.72
2088,1,587,359,10218,93.14
2089,1,587,359,10298,93.87
2090,1,587,359,10315,94.02
2091,1,587,358,10064,91.73
2092,1,587,359,10386,94.67
2093,1,587,358,10337,94.22
2094,1,587,358,10350,94.34
2095,1,587,358,10359,94.42
2096,1,587,358,10415,94.93
2097,1,587,358,10402,94.81
2098,1,587,356,10138,92.41
2099,1,587,357,10498,95.69
2100,1,587,356,10211,93.07
2101,1,587,357,10534,96.02
2102,1,587,356,10238,93.32
2103,1,587,357,10471,95.44
2104,1,587,356,10475,95.48
2105,1,587,357,10512,95.82
2106,1,587,357,10511,95.81
2107,1,587,356,10256,93.48
2108,1,587,357,10448,95.23
2109,1,587,356,10218,93.14
2110,1,587,357,10455,95.3
2111,1,587,357,10447,95.22
2112,1,588,357,10389,94.7
2113,1,588,358,10333,94.18
2114,1,588,357,10080,91.88
2115,1,588,358,10330,94.16
2116,1,588,359,10341,94.26
2117,1,588,359,10307,93.95
2118,1,588,359,10255,93.47
2119,1,588,358,9974,90.91
2120,1,588,359,10229,93.24
2121,1,588,358,9987,91.03
2122,1,588,359,10237,93.31
2123,1,588,359,10200,92.97
2124,1,588,359,10265,93.56
2125,1,588,359,10208,93.05
2126,1,588,359,10256,93.48
2127,1,588,358,10217,93.13
2128,1,588,359,10323,94.09
2129,1,588,358,10299,93.87
2130,1,588,358,10322,94.08
2131,1,588,358,10328,94.14
2132,1,588,358,10427,95.04
2133,1,588,357,10433,95.1
2134,1,588,357,10468,95.42
2135,1,588,357,10469,95.42
2136,1,588,357,10491,95.62
2137,1,588,357,10475,95.48
2138,1,588,357,10522,95.91
2139,1,588,357,10524,95.93
2140,1,588,356,10470,95.43
2141,1,588,356,10528,95.96
2142,1,588,356,10504,95.74
2143,1,588,357,10555,96.21
2144,1,588,357,10510,95.8
2145,1,588,357,10491,95.62
2146,1,588,357,10558,96.24
2147,1,587,357,10483,95.55
2148,1,587,358,10436,95.12
2149,1,587,358,10467,95.41
2150,1,587,358,10432,95.09
2151,1,587,358,10410,94.89
2152,1,587,358,10141,92.43
2153,1,587,359,10343,94.28
2154,1,587,358,10093,92.0
2155,1,587,359,10294,93.83
2156,1,587,359,10266,93.57
2157,1,587,359,10299,93.87
2158,1,587,359,10233,93.27
2159,1,587,359,10275,93.66
2160,1,587,359,10279,93.69
2161,1,587,359,10347,94.31
2162,1,587,358,10048,91.59
2163,1,587,359,10361,94.44
2164,1,587,359,10376,94.58
2165,1,587,359,10390,94.7
2166,1,587,357,10143,92.45
2167,1,587,358,10378,94.59
2168,1,587,358,10435,95.11
2169,1,587,358,10463,95.37
2170,1,587,357,10204,93.01
2171,1,587,357,10435,95.11
2172,1,587,357,10407,94.86
2173,1,587,357,10479,95.52
2174,1,587,357,10520,95.89
2175,1,587,357,10504,95.74
2176,1,587,356,10484,95.56
2177,1,587,357,10506,95.76
2178,1,587,357,10530,95.98
2179,1,587,357,10495,95.66
2180,1,587,357,10519,95.88
2181,1,587,357,10529,95.97
2182,1,587,357,10474,95.47
2183,1,587,358,10473,95.46
2184,1,587,358,10446,95.21
2185,1,587,358,10441,95.17
2186,1,587,358,10411,94.9
2187,1,587,359,10465,95.39
2188,1,587,358,10106,92.12
2189,1,587,359,10342,94.27
2190,1,587,358,10098,92.04
2191,1,587,358,10051,91.61
2192,1,587,358,10017,91.3
2193,1,587,358,9952,90.71
2194,1,587,359,10211,93.07
2195,1,587,359,10257,93.49
2196,1,587,359,10218,93.14
2197,1,587,359,10189,92.87
2198,1,587,359,10232,93.26
2199,1,587,358,10246,93.39
2200,1,587,358,10309,93.97
2201,1,587,358,10349,94.33
2202,1,587,358,10370,94.52
2203,1,587,357,10133,92.36
2204,1,587,358,10380,94.61
2205,1,587,357,10150,92.52
2206,1,587,357,10376,94.58
2207,1,587,357,10439,95.15
2208,1,587,357,10447,95.22
2209,1,587,357,10433,95.1
2210,1,588,357,10485,95.57
2211,1,588,357,10464,95.38
2212,1,588,357,10552,96.18
2213,1,588,357,10520,95.89
2214,1,588,357,10495,95.66
2215,1,588,357,10478,95.51
2216,1,588,357,10480,95.52
2217,1,588,357,10473,95.46
2218,1,588,357,10202,92.99
2219,1,588,357,10400,94.8
2220,1,588,358,10383,94.64
2221,1,588,358,10397,94.77
2222,1,588,358,10352,94.36
2223,1,588,357,10042,91.53
2224,1,588,358,10265,93.56
2225,1,588,359,10341,94.26
2226,1,588,358,10048,91.59
2227,1,588,359,10258,93.5
2228,1,588,358,9974,90.91
2229,1,588,359,10210,93.06
2230,1,588,358,10010,91.24
2231,1,588,359,10238,93.32
2232,1,588,359,10202,92.99
2233,1,587,358,10011,91.25
2234,1,588,359,10193,92.91
2235,1,587,359,10269,93.6
2236,1,587,358,10307,93.95
2237,1,587,358,10066,91.75
2238,1,588,358,10302,93.9
2239,1,587,358,10299,93.87
2240,1,588,358,10407,94.86
2241,1,587,357,10226,93.21
2242,1,587,357,10424,95.01
2243,1,587,357,10404,94.83
2244,1,587,357,10462,95.36
2245,1,587,357,10479,95.52
2246,1,587,357,10505,95.75
2247,1,587,356,10450,95.25
2248,1,587,357,10514,95.83
2249,1,587,357,10542,96.09
2250,1,587,357,10527,95.95
2251,1,587,357,10543,96.1
2252,1,587,357,10468,95.42
2253,1,587,357,10469,95.42
2254,1,587,357,10476,95.49
2255,1,587,358,10483,95.55
2256,1,587,357,10392,94.72
2257,1,587,358,10451,95.26
2258,1,587,358,10390,94.7
2259,1,587,358,10364,94.47
2260,1,587,359,10395,94.75
2261,1,587,359,10358,94.41
2262,1,587,359,10396,94.76
2263,1,587,359,10131,92.34
2264,1,587,359,10333,94.18
2265,1,587,359,10313,94.0
2266,1,587,359,10305,93.93
2267,1,587,359,10315,94.02
2268,1,587,359,10323,94.09
2269,1,587,359,10270,93.61
2270,1,587,359,10345,94.29
2271,1,587,358,10066,91.75
2272,1,587,358,10331,94.17
2273,1,587,359,10411,94.9
2274,1,587,358,10363,94.46
2275,1,587,357,10135,92.38
2276,1,587,358,10417,94.95
2277,1,587,357,10383,94.64
2278,1,587,356,10166,92.66
2279,1,587,357,10458,95.32
2280,1,587,357,10465,95.39
2281,1,587,357,10497,95.68
2282,1,587,357,10506,95.76
2283,1,587,357,10538,96.05
2284,1,587,357,10497,95.68
2285,1,587,357,10536,96.04
2286,1,587,357,10525,95.93
2287,1,587,357,10485,95.57
2288,1,587,357,10550,96.16
2289,1,587,357,10501,95.72
2290,1,587,357,10446,95.21
2291,1,587,358,10473,95.46
2292,1,587,358,10446,95.21
2293,1,587,358,10387,94.68
2294,1,587,358,10402,94.81
2295,1,587,358,10397,94.77
2296,1,587,359,10400,94.8
2297,1,587,359,10378,94.59
2298,1,587,358,10145,92.47
2299,1,587,359,10310,93.98
2300,1,587,358,10065,91.74
2301,1,587,358,10038,91.5
2302,1,587,359,10302,93.9
2303,1,587,358,10019,91.32
2304,1,587,358,9967,90.85
2305,1,587,359,10255,93.47
2306,1,587,359,10240,93.34
2307,1,587,358,10260,93.52
2308,1,587,358,10056,91.66
2309,1,587,358,10256,93.48
2310,1,587,358,10304,93.92
2311,1,587,358,10395,94.75
2312,1,588,358,10398,94.78
2313,1,588,357,10347,94.31
2314,1,587,357,10158,92.59
2315,1,587,356,10120,92.24
2316,1,588,357,10432,95.09
2317,1,588,357,10446,95.21
2318,1,588,357,10455,95.3
2319,1,588,356,10441,95.17
2320,1,588,357,10475,95.48
2321,1,588,357,10481,95.53
2322,1,588,356,10243,93.36
2323,1,588,357,10472,95.45
2324,1,588,357,10470,95.43
2325,1,588,357,10454,95.29
2326,1,588,357,10458,95.32
2327,1,588,357,10422,95.0
2328,1,588,357,10360,94.43
2329,1,588,358,10380,94.61
2330,1,588,358,10400,94.8
2331,1,588,358,10322,94.08
2332,1,588,358,10380,94.61
2333,1,588,358,10316,94.03
2334,1,588,359,10284,93.74
2335,1,588,359,10310,93.98
2336,1,587,358,10018,91.31
2337,1,587,359,10282,93.72
2338,1,587,359,10263,93.55
2339,1,587,358,10075,91.83
2340,1,587,359,10288,93.77
2341,1,587,359,10305,93.93
2342,1,587,358,10281,93.71
2343,1,587,358,10059,91.69
2344,1,587,358,10312,93.99
2345,1,587,358,10331,94.17
2346,1,587,357,10110,92.15
2347,1,587,358,10367,94.49
2348,1,587,358,10442,95.18
2349,1,587,358,10443,95.19
2350,1,587,357,10473,95.46
2351,1,587,357,10434,95.11
2352,1,587,357,10424,95.01
2353,1,587,357,10435,95.11
2354,1,587,357,10475,95.48
2355,1,587,357,10485,95.57
2356,1,587,357,10537,96.04
2357,1,587,357,10507,95.77
2358,1,587,357,10501,95.72
2359,1,587,357,10530,95.98
2360,1,587,357,10531,95.99
2361,1,587,357,10511,95.81
2362,1,587,358,10494,95.65
2363,1,587,358,10494,95.65
2364,1,587,358,10473,95.46
2365,1,587,358,10469,95.42
2366,1,587,358,10445,95.21
2367,1,587,359,10418,94.96
2368,1,587,359,10371,94.53
2369,1,587,359,10376,94.58
2370,1,587,359,10407,94.86
2371,1,587,358,10023,91.36
2372,1,587,359,10306,93.94
2373,1,587,358,10088,91.95
2374,1,587,359,10312,93.99
2375,1,587,359,10281,93.71
2376,1,587,358,9974,90.91
2377,1,587,358,9986,91.02
2378,1,587,359,10280,93.7
2379,1,587,358,10065,91.74
2380,1,587,358,10323,94.09
2381,1,587,357,10065,91.74
2382,1,587,358,10293,93.82
2383,1,587,358,10322,94.08
2384,1,587,358,10396,94.76
2385,1,587,357,10392,94.72
2386,1,587,357,10172,92.72
2387,1,587,357,10382,94.63
2388,1,587,357,10464,95.38
2389,1,587,357,10470,95.43
2390,1,587,356,10217,93.13
2391,1,587,357,10426,95.03
2392,1,587,357,10437,95.13
2393,1,587,357,10470,95.43
2394,1,587,357,10528,95.96
2395,1,587,357,10423,95.01
2396,1,587,357,10395,94.75
2397,1,587,357,10450,95.25
2398,1,587,357,10425,95.02
2399,1,587,358,10439,95.15
2400,1,587,358,10417,94.95
2401,1,587,357,10157,92.58
2402,1,587,358,10362,94.45
2403,1,587,358,10377,94.59
2404,1,587,358,10339,94.24
2405,1,587,359,10360,94.43
2406,1,587,358,10064,91.73
2407,1,587,359,10280,93.7
2408,1,587,358,10033,91.45
2409,1,587,359,10260,93.52
2410,1,587,359,10257,93.49
2411,1,588,359,10211,93.07
2412,1,587,358,10207,93.04
2413,1,587,359,10339,94.24
2414,1,588,359,10295,93.84
2415,1,587,358,10093,92.0
2416,1,588,358,10325,94.11
2417,1,588,358,10355,94.39
2418,1,588,358,10350,94.34
2419,1,588,358,10356,94.39
2420,1,588,357,10105,92.11
2421,1,588,357,10402,94.81
2422,1,588,357,10472,95.45
2423,1,588,357,10450,95.25
2424,1,588,357,10509,95.79
2425,1,588,357,10471,95.44
2426,1,588,356,10148,92.5
2427,1,588,357,10466,95.4
2428,1,588,357,10512,95.82
2429,1,588,356,10204,93.01
2430,1,588,357,10440,95.16
2431,1,588,357,10434,95.11
2432,1,588,357,10386,94.67
2433,1,588,357,10417,94.95
2434,1,588,357,10403,94.82
2435,1,587,357,10346,94.3
2436,1,588,358,10371,94.53
2437,1,587,358,10362,94.45
2438,1,587,358,10362,94.45
2439,1,587,358,10357,94.4
2440,1,587,358,10328,94.14
2441,1,587,358,10322,94.08
2442,1,587,359,10324,94.1
2443,1,587,359,10292,93.81
2444,1,587,359,10346,94.3
2445,1,587,359,10319,94.06
2446,1,587,359,10317,94.04
2447,1,587,359,10311,93.98
2448,1,587,358,10035,91.47
2449,1,587,359,10311,93.98
2450,1,587,358,10297,93.86
2451,1,587,358,10282,93.72
2452,1,587,358,10313,94.0
2453,1,587,358,10323,94.09
2454,1,587,358,10341,94.26
2455,1,587,357,10204,93.01
2456,1,587,357,10135,92.38
2457,1,587,357,10414,94.92
2458,1,587,357,10411,94.9
2459,1,587,357,10452,95.27
2460,1,587,357,10452,95.27
2461,1,587,357,10401,94.8
2462,1,587,357,10487,95.59
2463,1,587,357,10510,95.8
2464,1,587,357,10485,95.57
2465,1,587,357,10544,96.11
2466,1,587,357,10527,95.95
2467,1,587,357,10500,95.71
2468,1,587,357,10460,95.34
2469,1,587,357,10506,95.76
2470,1,587,357,10440,95.16
2471,1,587,358,10430,95.07
2472,1,587,358,10435,95.11
2473,1,587,358,10416,94.94
2474,1,587,358,10445,95.21
2475,1,587,358,10411,94.9
2476,1,587,359,10417,94.95
2477,1,587,358,10131,92.34
2478,1,587,358,10128,92.32
2479,1,587,359,10334,94.19
2480,1,587,358,10095,92.02
2481,1,587,359,10335,94.2
2482,1,587,359,10298,93.87
2483,1,587,359,10223,93.18
2484,1,587,359,10275,93.66
2485,1,587,358,10048,91.59
2486,1,587,358,10237,93.31
2487,1,587,358,10033,91.45
2488,1,587,358,10280,93.7
2489,1,587,358,10340,94.25
2490,1,587,358,10336,94.21
2491,1,587,357,10318,94.05
2492,1,587,357,10350,94.34
2493,1,587,357,10401,94.8
2494,1,587,357,10464,95.38
2495,1,587,356,10159,92.6
2496,1,587,357,10399,94.79
2497,1,587,357,10461,95.35
2498,1,587,357,10472,95.45
2499,1,587,357,10472,95.45
2500,1,587,357,10427,95.04
2501,1,587,357,10413,94.91
2502,1,587,357,10486,95.58
2503,1,587,357,10443,95.19
2504,1,587,357,10512,95.82
2505,1,587,357,10473,95.46
2506,1,587,357,10223,93.18
2507,1,588,358,10443,95.19
2508,1,588,358,10409,94.88
2509,1,588,358,10405,94.84
2510,1,588,358,10402,94.81
2511,1,587,358,10137,92.4
2512,1,588,358,10267,93.58
2513,1,588,359,10383,94.64
2514,1,587,359,10352,94.36
2515,1,588,359,10280,93.7
2516,1,588,359,10296,93.85
2517,1,587,358,10002,91.17
2518,1,587,358,10079,91.87
2519,1,587,359,10325,94.11
2520,1,588,359,10275,93.66
2521,1,587,358,10262,93.54
2522,1,587,358,10287,93.77
2523,1,588,358,10278,93.68
2524,1,588,358,10290,93.79
2525,1,588,358,10358,94.41
2526,1,587,357,10135,92.38
2527,1,588,358,10372,94.54
2528,1,588,358,10391,94.71
2529,1,588,357,10405,94.84
2530,1,588,357,10444,95.2
2531,1,588,357,10442,95.18
2532,1,587,357,10433,95.1
2533,1,588,357,10505,95.75
2534,1,588,357,10482,95.54
2535,1,588,357,10470,95.43
2536,1,587,357,10462,95.36
2537,1,587,357,10515,95.84
2538,1,587,357,10473,95.46
2539,1,587,357,10497,95.68
2540,1,587,357,10473,95.46
2541,1,587,357,10443,95.19
2542,1,587,357,10410,94.89
2543,1,587,358,10425,95.02
2544,1,587,358,10444,95.2
2545,1,587,358,10420,94.98
2546,1,587,358,10399,94.79
2547,1,587,358,10391,94.71
2548,1,587,359,10352,94.36
2549,1,587,359,10352,94.36
2550,1,587,359,10363,94.46
2551,1,587,358,10080,91.88
2552,1,587,358,10060,91.7
2553,1,587,358,10042,91.53
2554,1,587,358,10002,91.17
2555,1,587,359,10265,93.56
2556,1,587,359,10239,93.33
2557,1,587,358,10197,92.95
2558,1,587,358,10237,93.31
2559,1,587,358,10269,93.6
2560,1,587,358,10273,93.64
2561,1,587,358,10367,94.49
2562,1,587,358,10345,94.29
2563,1,587,358,10374,94.56
2564,1,587,357,10166,92.66
2565,1,587,358,10451,95.26
2566,1,587,358,10461,95.35
2567,1,587,357,10441,95.17
2568,1,587,357,10448,95.23
2569,1,587,356,10154,92.55
2570,1,587,357,10189,92.87
2571,1,587,357,10458,95.32
2572,1,587,356,10193,92.91
2573,1,587,357,10194,92.92
2574,1,587,356,10158,92.59
2575,1,587,356,10027,91.4
2576,1,587,357,10318,94.05
2577,1,587,357,10372,94.54
2578,1,587,357,10300,93.88
2579,1,587,357,10051,91.61
2580,1,587,358,10291,93.8
2581,1,587,357,10017,91.3
2582,1,587,358,10319,94.06
2583,1,587,358,10068,91.77
2584,1,587,358,10035,91.47
2585,1,587,358,10217,93.13
2586,1,587,359,10285,93.75
2587,1,587,358,10241,93.35
2588,1,587,358,9988,91.04
2589,1,587,358,10164,92.64
2590,1,587,359,10216,93.12
2591,1,587,358,10027,91.4
2592,1,587,359,10275,93.66
2593,1,587,358,10027,91.4
2594,1,587,358,10203,93.0
2595,1,587,358,10324,94.1
2596,1,587,358,10337,94.22
2597,1,587,357,10103,92.09
2598,1,587,357,10133,92.36
2599,1,587,358,10373,94.55
2600,1,587,357,10220,93.15
2601,1,587,357,10163,92.64
2602,1,587,357,10091,91.98
2603,1,587,357,10353,94.37
2604,1,587,357,10407,94.86
2605,1,587,357,10453,95.28
2606,1,587,357,10428,95.05
2607,1,587,357,10430,95.07
2608,1,587,356,10178,92.77
2609,1,587,356,10248,93.41
2610,1,587,356,10195,92.93
2611,1,588,357,10419,94.97
2612,1,588,357,10449,95.24
2613,1,588,357,10372,94.54
2614,1,587,357,10376,94.58
2615,1,588,357,10359,94.42
2616,1,588,358,10353,94.37
2617,1,588,358,10387,94.68
2618,1,588,358,10373,94.55
2619,1,588,358,10382,94.63
2620,1,588,359,10371,94.53
2621,1,588,358,10321,94.08
2622,1,588,359,10364,94.47
2623,1,588,359,10324,94.1
2624,1,587,358,10047,91.58
2625,1,587,359,10293,93.82
2626,1,587,359,10294,93.83
2627,1,587,359,10334,94.19
2628,1,587,358,10049,91.6
2629,1,587,358,9986,91.02
2630,1,587,358,10266,93.57
2631,1,587,358,10328,94.14
2632,1,587,358,10390,94.7
2633,1,587,358,10329,94.15
2634,1,587,358,10351,94.35
2635,1,587,358,10376,94.58
2636,1,587,358,10471,95.44
2637,1,587,357,10416,94.94
2638,1,587,357,10444,95.2
2639,1,587,357,10481,95.53
2640,1,587,357,10469,95.42
2641,1,587,357,10466,95.4
2642,1,587,357,10523,95.92
2643,1,587,357,10463,95.37
2644,1,587,357,10548,96.14
2645,1,587,357,10467,95.41
2646,1,587,357,10459,95.33
2647,1,587,357,10458,95.32
2648,1,587,357,10466,95.4
2649,1,587,358,10485,95.57
2650,1,587,357,10406,94.85
2651,1,587,358,10418,94.96
2652,1,587,358,10430,95.07
2653,1,587,358,10412,94.9
2654,1,587,358,10410,94.89
2655,1,587,358,10104,92.1
2656,1,587,358,10324,94.1
2657,1,587,358,10083,91.91
2658,1,587,359,10292,93.81
2659,1,587,359,10331,94.17
2660,1,587,358,10023,91.36
2661,1,587,358,10211,93.07
2662,1,587,359,10295,93.84
2663,1,587,358,10203,93.0
2664,1,587,358,10287,93.77
2665,1,587,358,10298,93.87
2666,1,587,358,10245,93.38
2667,1,587,358,10352,94.36
2668,1,587,358,10372,94.54
2669,1,587,358,10353,94.37
2670,1,587,358,10392,94.72
2671,1,587,358,10438,95.14
2672,1,587,358,10445,95.21
2673,1,587,358,10476,95.49
2674,1,587,357,10462,95.36
2675,1,587,357,10505,95.75
2676,1,587,357,10487,95.59
2677,1,587,357,10484,95.56
2678,1,587,356,10266,93.57
2679,1,587,357,10507,95.77
2680,1,587,357,10457,95.31
2681,1,587,357,10491,95.62
2682,1,587,357,10485,95.57
2683,1,587,357,10472,95.45
2684,1,587,357,10440,95.16
2685,1,587,358,10484,95.56
2686,1,587,358,10480,95.52
2687,1,587,358,10449,95.24
2688,1,587,358,10440,95.16
2689,1,587,358,10434,95.11
2690,1,587,358,10414,94.92
2691,1,587,359,10403,94.82
2692,1,587,358,10334,94.19
2693,1,587,359,10392,94.72
2694,1,587,359,10366,94.49
2695,1,587,359,10357,94.4
2696,1,587,359,10347,94.31
2697,1,587,358,10110,92.15
2698,1,587,359,10352,94.36
2699,1,587,358,10050,91.61
2700,1,587,359,10296,93.85
2701,1,587,358,10061,91.71
2702,1,587,358,10303,93.91
2703,1,587,358,10250,93.43
2704,1,587,357,10071,91.8
2705,1,587,358,10325,94.11
2706,1,587,358,10358,94.41
2707,1,587,357,10304,93.92
2708,1,587,358,10450,95.25
2709,1,587,358,10462,95.36
2710,1,588,357,10400,94.8
2711,1,587,357,10480,95.52
2712,1,587,357,10222,93.17
2713,1,587,357,10402,94.81
2714,1,588,357,10463,95.37
2715,1,588,357,10466,95.4
2716,1,587,356,10211,93.07
2717,1,588,357,10451,95.26
2718,1,588,357,10433,95.1
2719,1,588,357,10436,95.12
2720,1,588,357,10438,95.14
2721,1,588,357,10433,95.1
2722,1,588,358,10408,94.87
2723,1,588,358,10399,94.79
2724,1,588,358,10428,95.05
2725,1,588,358,10376,94.58
2726,1,588,358,10422,95.0
2727,1,588,358,10444,95.2
2728,1,588,359,10404,94.83
2729,1,587,358,10141,92.43
2730,1,587,359,10320,94.07
2731,1,587,359,10356,94.39
2732,1,587,359,10352,94.36
2733,1,587,359,10337,94.22
2734,1,587,359,10349,94.33
2735,1,587,359,10346,94.3
2736,1,587,358,10141,92.43
2737,1,587,359,10413,94.91
2738,1,587,358,10167,92.67
2739,1,587,358,10330,94.16
2740,1,587,358,10358,94.41
2741,1,587,358,10409,94.88
2742,1,587,358,10421,94.99
2743,1,587,357,10165,92.65
2744,1,587,357,10388,94.69
2745,1,587,358,10474,95.47
2746,1,587,357,10409,94.88
2747,1,587,357,10433,95.1
2748,1,587,357,10425,95.02
2749,1,587,357,10360,94.43
2750,1,587,356,10190,92.88
2751,1,587,357,10447,95.22
2752,1,587,357,10511,95.81
2753,1,587,357,10464,95.38
2754,1,587,357,10426,95.03
2755,1,587,357,10430,95.07
2756,1,587,357,10416,94.94
2757,1,587,358,10470,95.43
2758,1,587,358,10425,95.02
2759,1,587,358,10415,94.93
2760,1,587,358,10444,95.2
2761,1,587,357,10128,92.32
2762,1,587,358,10410,94.89
2763,1,587,358,10136,92.39
2764,1,587,358,10324,94.1
2765,1,587,358,10320,94.07
2766,1,587,358,10083,91.91
2767,1,587,358,10265,93.56
2768,1,587,358,10275,93.66
2769,1,587,358,10271,93.62
2770,1,587,359,10313,94.0
2771,1,587,358,10292,93.81
2772,1,587,358,10264,93.56
2773,1,587,358,10335,94.2
2774,1,587,358,10322,94.08
2775,1,587,358,10347,94.31
2776,1,587,358,10374,94.56
2777,1,587,358,10392,94.72
2778,1,587,358,10353,94.37
2779,1,587,357,10395,94.75
2780,1,587,357,10433,95.1
2781,1,587,357,10424,95.01
2782,1,587,357,10432,95.09
2783,1,587,357,10448,95.23
2784,1,587,357,10474,95.47
2785,1,587,357,10457,95.31
2786,1,587,357,10464,95.38
2787,1,587,357,10494,95.65
2788,1,587,357,10493,95.64
2789,1,587,357,10550,96.16
2790,1,587,357,10522,95.91
2791,1,587,357,10501,95.72
2792,1,587,357,10254,93.46
2793,1,587,358,10437,95.13
2794,1,587,358,10417,94.95
2795,1,587,358,10420,94.98
2796,1,587,358,10384,94.65
2797,1,587,358,10365,94.48
2798,1,587,358,10339,94.24
2799,1,587,358,10101,92.07
2800,1,587,359,10372,94.54
2801,1,587,359,10368,94.5
2802,1,587,358,10083,91.91
2803,1,587,359,10289,93.78
2804,1,587,359,10310,93.98
2805,1,587,359,10300,93.88
2806,1,587,358,10043,91.54
2807,1,587,359,10388,94.69
2808,1,587,358,10337,94.22
2809,1,587,359,10362,94.45
2810,1,587,358,10074,91.82
2811,1,588,358,10351,94.35
2812,1,587,358,10338,94.23
2813,1,587,357,10116,92.21
2814,1,587,358,10360,94.43
2815,1,587,357,10342,94.27
2816,1,587,357,10389,94.7
2817,1,587,357,10384,94.65
2818,1,587,357,10389,94.7
2819,1,587,357,10354,94.38
2820,1,587,357,10442,95.18
2821,1,587,357,10456,95.31
2822,1,588,357,10446,95.21
2823,1,587,357,10217,93.13
2824,1,587,357,10463,95.37
2825,1,587,357,10443,95.19
2826,1,587,357,10445,95.21
2827,1,587,357,10414,94.92
2828,1,587,357,10439,95.15
2829,1,587,357,10363,94.46
2830,1,588,358,10428,95.05
2831,1,587,358,10446,95.21
2832,1,587,357,10146,92.48
2833,1,587,358,10369,94.51
2834,1,587,358,10376,94.58
2835,1,587,358,10357,94.4
2836,1,587,358,10090,91.97
2837,1,587,358,10327,94.13
2838,1,587,358,10321,94.08
2839,1,587,359,10364,94.47
2840,1,587,359,10324,94.1
2841,1,587,358,10254,93.46
2842,1,587,358,10260,93.52
2843,1,587,359,10333,94.18
2844,1,587,358,10335,94.2
2845,1,587,359,10376,94.58
2846,1,587,358,10113,92.18
2847,1,587,358,10386,94.67
2848,1,587,358,10386,94.67
2849,1,587,358,10395,94.75
2850,1,587,358,10449,95.24
2851,1,587,358,10464,95.38
2852,1,587,357,10378,94.59
2853,1,587,357,10216,93.12
2854,1,587,357,10210,93.06
2855,1,587,357,10490,95.62
2856,1,587,357,10510,95.8
2857,1,587,357,10463,95.37
2858,1,587,357,10447,95.22
2859,1,587,357,10399,94.79
2860,1,587,357,10370,94.52
2861,1,587,357,10465,95.39
2862,1,587,357,10450,95.25
2863,1,587,357,10431,95.08
2864,1,587,357,10429,95.06
2865,1,587,358,10470,95.43
2866,1,587,357,10417,94.95
2867,1,587,358,10439,95.15
2868,1,587,358,10433,95.1
2869,1,587,358,10451,95.26
2870,1,587,358,10394,94.74
2871,1,587,358,10394,94.74
2872,1,587,359,10426,95.03
2873,1,587,359,10414,94.92
2874,1,587,359,10421,94.99
2875,1,587,359,10405,94.84
2876,1,587,359,10413,94.91
2877,1,587,359,10419,94.97
2878,1,587,359,10377,94.59
2879,1,587,359,10418,94.96
2880,1,587,359,10380,94.61
2881,1,587,358,10125,92.29
2882,1,587,358,10131,92.34
2883,1,587,359,10436,95.12
2884,1,587,358,10389,94.7
2885,1,587,357,10131,92.34
2886,1,587,358,10390,94.7
2887,1,587,357,10328,94.14
2888,1,587,358,10378,94.59
2889,1,587,358,10485,95.57
2890,1,587,357,10193,92.91
2891,1,587,357,10421,94.99
2892,1,587,357,10497,95.68
2893,1,587,357,10491,95.62
2894,1,587,358,10521,95.9
2895,1,587,357,10468,95.42
2896,1,587,357,10406,94.85
2897,1,587,356,10194,92.92
2898,1,587,357,10462,95.36
2899,1,587,357,10450,95.25
2900,1,587,358,10450,95.25
2901,1,587,358,10406,94.85
2902,1,587,358,10429,95.06
2903,1,587,358,10417,94.95
2904,1,587,358,10405,94.84
2905,1,587,358,10419,94.97
2906,1,587,358,10401,94.8
2907,1,587,358,10391,94.71
2908,1,587,358,10064,91.73
2909,1,587,359,10352,94.36
2910,1,587,359,10354,94.38
2911,1,587,359,10323,94.09
2912,1,587,359,10346,94.3
2913,1,587,359,10312,93.99
2914,1,587,358,10008,91.22
2915,1,587,358,10065,91.74
2916,1,587,359,10345,94.29
2917,1,587,359,10359,94.42
2918,1,587,358,10317,94.04
2919,1,587,358,10328,94.14
2920,1,587,357,10059,91.69
2921,1,587,358,10323,94.09
2922,1,587,358,10376,94.58
2923,1,587,357,10158,92.59
2924,1,587,357,10116,92.21
2925,1,587,357,10371,94.53
2926,1,587,357,10322,94.08
2927,1,587,357,10413,94.91
2928,1,587,357,10419,94.97
2929,1,587,357,10372,94.54
2930,1,587,357,10414,94.92
2931,1,587,357,10413,94.91
2932,1,587,357,10435,95.11
2933,1,587,357,10446,95.21
2934,1,587,357,10476,95.49
2935,1,587,357,10450,95.25
2936,1,587,357,10427,95.04
2937,1,587,357,10428,95.05
2938,1,587,358,10407,94.86
2939,1,587,358,10428,95.05
2940,1,587,358,10372,94.54
2941,1,587,357,10102,92.08
2942,1,587,358,10111,92.16
2943,1,587,358,10305,93.93
2944,1,587,358,10287,93.77
2945,1,587,358,10313,94.0
2946,1,587,358,10287,93.77
2947,1,587,358,10256,93.48
2948,1,587,359,10300,93.88
2949,1,587,359,10340,94.25
2950,1,587,359,10322,94.08
2951,1,587,359,10321,94.08
2952,1,587,358,10336,94.21
2953,1,587,358,10346,94.3
2954,1,587,358,10353,94.37
2955,1,587,358,10403,94.82
2956,1,587,358,10413,94.91
2957,1,587,357,10163,92.64
2958,1,587,358,10407,94.86
2959,1,587,358,10432,95.09
2960,1,587,358,10486,95.58
2961,1,587,358,10472,95.45
2962,1,587,358,10444,95.2
2963,1,587,357,10392,94.72
2964,1,587,357,10428,95.05
2965,1,587,357,10479,95.52
2966,1,587,357,10506,95.76
2967,1,587,357,10198,92.95
2968,1,587,357,10452,95.27
2969,1,587,357,10488,95.6
2970,1,587,358,10468,95.42
2971,1,587,357,10435,95.11
2972,1,587,357,10180,92.79
2973,1,587,358,10388,94.69
2974,1,587,357,10162,92.63
2975,1,587,358,10406,94.85
2976,1,587,358,10413,94.91
2977,1,587,358,10377,94.59
2978,1,587,358,10304,93.92
2979,1,587,358,10327,94.13
2980,1,587,358,10322,94.08
2981,1,587,359,10370,94.52
2982,1,587,359,10361,94.44
2983,1,587,358,10060,91.7
2984,1,587,359,10295,93.84
2985,1,587,358,10107,92.12
2986,1,587,359,10327,94.13
2987,1,587,359,10363,94.46
2988,1,587,358,10327,94.13
2989,1,587,359,10358,94.41
2990,1,587,358,10127,92.31
2991,1,587,358,10335,94.2
2992,1,587,358,10426,95.03
2993,1,587,358,10183,92.82
2994,1,587,358,10403,94.82
2995,1,587,357,10140,92.43
2996,1,587,358,10412,94.9
2997,1,587,357,10151,92.53
2998,1,587,358,10436,95.12
2999,1,587,357,10396,94.76
3000,1,587,357,10380,94.61
3001,1,587,357,10392,94.72
3002,1,587,357,10371,94.53
3003,1,587,357,10365,94.48
3004,1,587,357,10449,95.24
3005,1,588,357,10444,95.2
3006,1,588,357,10424,95.01
3007,1,588,357,10431,95.08
3008,1,588,357,10429,95.06
3009,1,587,357,10175,92.74
3010,1,588,358,10405,94.84
3011,1,588,358,10389,94.7
3012,1,588,358,10373,94.55
3013,1,588,358,10341,94.26
3014,1,587,358,10311,93.98
3015,1,587,358,10325,94.11
3016,1,587,359,10380,94.61
3017,1,587,358,10116,92.21
3018,1,587,358,10050,91.61
3019,1,587,359,10301,93.89
3020,1,587,358,10291,93.8
3021,1,587,358,10316,94.03
3022,1,587,358,10247,93.4
3023,1,587,358,10262,93.54
3024,1,587,358,10314,94.01
3025,1,587,358,10083,91.91
3026,1,587,358,10347,94.31
3027,1,587,358,10347,94.31
3028,1,587,358,10409,94.88
3029,1,587,358,10373,94.55
3030,1,587,357,10363,94.46
3031,1,587,358,10384,94.65
3032,1,587,357,10418,94.96
3033,1,587,357,10404,94.83
3034,1,587,357,10433,95.1
3035,1,587,357,10509,95.79
3036,1,587,357,10478,95.51
3037,1,587,357,10489,95.61
3038,1,587,356,10171,92.71
3039,1,587,357,10476,95.49
3040,1,587,357,10458,95.32
3041,1,587,357,10467,95.41
3042,1,587,357,10441,95.17
3043,1,587,357,10433,95.1
3044,1,587,357,10385,94.66
3045,1,587,358,10440,95.16
3046,1,587,358,10421,94.99
3047,1,587,358,10407,94.86
3048,1,587,358,10429,95.06
3049,1,587,358,10131,92.34
3050,1,587,358,10352,94.36
3051,1,587,358,10405,94.84
3052,1,587,358,10368,94.5
3053,1,587,359,10419,94.97
3054,1,587,359,10354,94.38
3055,1,587,359,10332,94.18
3056,1,587,358,10325,94.11
3057,1,587,359,10348,94.32
3058,1,587,358,10331,94.17
3059,1,587,359,10372,94.54
3060,1,587,359,10371,94.53
3061,1,587,358,10345,94.29
3062,1,587,358,10382,94.63
3063,1,587,358,10427,95.04
3064,1,587,357,10146,92.48
3065,1,587,358,10374,94.56
3066,1,587,358,10421,94.99
3067,1,587,358,10457,95.31
3068,1,587,358,10456,95.31
3069,1,587,358,10463,95.37
3070,1,587,357,10422,95.0
3071,1,587,358,10491,95.62
3072,1,587,358,10500,95.71
3073,1,587,358,10518,95.87
3074,1,587,357,10503,95.73
3075,1,587,357,10500,95.71
3076,1,587,357,10481,95.53
3077,1,587,357,10502,95.73
3078,1,587,358,10511,95.81
3079,1,587,358,10485,95.57
3080,1,587,358,10465,95.39
3081,1,587,358,10451,95.26
3082,1,587,358,10454,95.29
3083,1,587,358,10434,95.11
3084,1,587,358,10425,95.02
3085,1,587,357,10139,92.42
3086,1,587,358,10400,94.8
3087,1,587,359,10384,94.65
3088,1,587,359,10375,94.57
3089,1,587,358,10124,92.28
3090,1,587,359,10354,94.38
3091,1,587,358,10118,92.22
3092,1,587,358,10091,91.98
3093,1,587,359,10317,94.04
3094,1,587,359,10317,94.04
3095,1,587,358,10314,94.01
3096,1,587,359,10367,94.49
3097,1,587,358,10258,93.5
3098,1,587,358,10332,94.18
3099,1,587,357,10118,92.22
3100,1,587,357,10119,92.23
3101,1,587,358,10388,94.69
3102,1,587,358,10411,94.9
3103,1,587,357,10167,92.67
3104,1,587,358,10413,94.91
3105,1,587,357,10387,94.68
3106,1,587,357,10389,94.7
3107,1,587,357,10408,94.87
3108,1,587,357,10173,92.73
3109,1,587,357,10420,94.98
3110,1,587,357,10451,95.26
3111,1,587,357,10447,95.22
3112,1,587,357,10402,94.81
3113,1,587,357,10432,95.09
3114,1,588,357,10414,94.92
3115,1,587,357,10426,95.03
3116,1,587,358,10446,95.21
3117,1,587,358,10423,95.01
3118,1,587,358,10395,94.75
3119,1,587,358,10316,94.03
3120,1,587,358,10354,94.38
3121,1,587,358,10378,94.59
3122,1,587,358,10351,94.35
3123,1,587,358,10365,94.48
3124,1,587,358,10364,94.47
3125,1,587,358,10339,94.24
3126,1,587,358,10354,94.38
3127,1,587,359,10388,94.69
3128,1,587,359,10391,94.71
3129,1,587,358,10076,91.84
3130,1,587,359,10357,94.4
3131,1,587,358,10323,94.09
3132,1,587,358,10070,91.79
3133,1,587,358,10305,93.93
3134,1,587,358,10358,94.41
3135,1,587,358,10324,94.1
3136,1,587,358,10408,94.87
3137,1,587,358,10372,94.54
3138,1,587,358,10374,94.56
3139,1,587,357,10151,92.53
3140,1,587,357,10125,92.29
3141,1,587,357,10372,94.54
3142,1,587,357,10443,95.19
3143,1,587,357,10419,94.97
3144,1,587,357,10410,94.89
3145,1,587,357,10367,94.49
3146,1,587,357,10413,94.91
3147,1,587,357,10498,95.69
3148,1,587,357,10467,95.41
3149,1,587,357,10498,95.69
3150,1,587,357,10473,95.46
3151,1,587,357,10181,92.8
3152,1,587,358,10421,94.99
3153,1,587,357,10379,94.6
3154,1,587,357,10370,94.52
3155,1,587,358,10376,94.58
3156,1,587,358,10376,94.58
3157,1,587,358,10328,94.14
3158,1,587,358,10352,94.36
3159,1,587,358,10335,94.2
3160,1,587,358,10334,94.19
3161,1,587,358,10338,94.23
3162,1,587,359,10330,94.16
3163,1,587,358,10357,94.4
3164,1,587,358,10305,93.93
3165,1,587,358,10328,94.14
3166,1,587,358,10388,94.69
3167,1,587,358,10084,91.92
3168,1,587,358,10388,94.69
3169,1,587,358,10361,94.44
3170,1,587,358,10133,92.36
3171,1,587,358,10346,94.3
3172,1,587,357,10123,92.27
3173,1,587,358,10322,94.08
3174,1,587,358,10395,94.75
3175,1,587,358,10435,95.11
3176,1,587,357,10343,94.28
3177,1,587,357,10406,94.85
3178,1,587,357,10374,94.56
3179,1,587,357,10429,95.06
3180,1,587,357,10446,95.21
3181,1,587,357,10447,95.22
3182,1,587,357,10494,95.65
3183,1,587,357,10464,95.38
3184,1,587,357,10432,95.09
3185,1,587,357,10442,95.18
3186,1,587,357,10436,95.12
3187,1,587,358,10472,95.45
3188,1,587,358,10458,95.32
3189,1,587,358,10476,95.49
3190,1,587,357,10173,92.73
3191,1,587,358,10178,92.77
3192,1,587,358,10423,95.01
3193,1,587,357,10071,91.8
3194,1,587,358,10385,94.66
3195,1,587,358,10368,94.5
3196,1,587,358,10294,93.83
3197,1,587,358,10286,93.76
3198,1,587,358,10094,92.01
3199,1,587,358,10286,93.76
3200,1,587,358,10069,91.78
3201,1,587,358,10072,91.81
3202,1,587,359,10320,94.07
3203,1,587,358,10300,93.88
3204,1,587,358,10283,93.73
3205,1,587,358,10312,93.99
3206,1,587,358,10312,93.99
3207,1,587,358,10368,94.5
3208,1,587,358,10410,94.89
3209,1,587,358,10379,94.6
3210,1,587,358,10400,94.8
3211,1,587,357,10155,92.56
3212,1,587,357,10386,94.67
3213,1,587,358,10433,95.1
3214,1,587,357,10428,95.05
3215,1,587,357,10208,93.05
3216,1,587,357,10408,94.87
3217,1,588,357,10416,94.94
3218,1,587,357,10207,93.04
3219,1,588,357,10418,94.96
3220,1,587,357,10368,94.5
3221,1,587,357,10407,94.86
3222,1,587,357,10410,94.89
3223,1,587,357,10161,92.62
3224,1,587,357,10356,94.39
3225,1,587,357,10117,92.22
3226,1,587,358,10357,94.4
3227,1,587,358,10363,94.46
3228,1,587,358,10349,94.33
3229,1,587,358,10294,93.83
3230,1,587,358,10337,94.22
3231,1,587,358,10338,94.23
3232,1,587,358,10345,94.29
3233,1,587,358,10374,94.56
3234,1,587,358,10343,94.28
3235,1,587,358,10104,92.1
3236,1,587,358,10325,94.11
3237,1,587,358,10348,94.32
3238,1,587,358,10104,92.1
3239,1,587,358,10365,94.48
3240,1,587,358,10270,93.61
3241,1,587,358,10334,94.19
3242,1,587,358,10361,94.44
3243,1,587,358,10150,92.52
3244,1,587,358,10383,94.64
3245,1,587,358,10430,95.07
3246,1,587,357,10148,92.5
3247,1,587,358,10420,94.98
3248,1,587,358,10392,94.72
3249,1,587,357,10371,94.53
3250,1,587,357,10417,94.95
3251,1,587,357,10367,94.49
3252,1,587,357,10348,94.32
3253,1,587,357,10425,95.02
3254,1,587,357,10448,95.23
3255,1,587,357,10473,95.46
3256,1,587,357,10468,95.42
3257,1,587,357,10405,94.84
3258,1,587,358,10457,95.31
3259,1,587,357,10432,95.09
3260,1,587,357,10407,94.86
3261,1,587,358,10412,94.9
3262,1,587,358,10446,95.21
3263,1,587,358,10396,94.76
3264,1,587,358,10387,94.68
3265,1,587,358,10389,94.7
3266,1,587,358,10347,94.31
3267,1,587,358,10368,94.5
3268,1,587,358,10382,94.63
3269,1,587,359,10373,94.55
3270,1,587,359,10429,95.06
3271,1,587,359,10409,94.88
3272,1,587,358,10146,92.48
3273,1,587,359,10403,94.82
3274,1,587,358,10190,92.88
3275,1,587,359,10383,94.64
3276,1,587,359,10409,94.88
3277,1,587,358,10396,94.76
3278,1,587,358,10332,94.18
3279,1,587,358,10182,92.81
3280,1,587,357,10123,92.27
3281,1,587,357,10134,92.37
3282,1,587,357,10093,92.0
3283,1,587,358,10388,94.69
3284,1,587,357,10357,94.4
3285,1,587,357,10348,94.32
3286,1,587,357,10335,94.2
3287,1,587,357,10349,94.33
3288,1,587,357,10396,94.76
3289,1,587,357,10396,94.76
3290,1,587,357,10431,95.08
3291,1,587,357,10441,95.17
3292,1,587,357,10398,94.78
3293,1,588,357,10395,94.75
3294,1,587,357,10375,94.57
3295,1,587,357,10384,94.65
3296,1,587,357,10428,95.05
3297,1,587,358,10458,95.32
3298,1,587,358,10398,94.78
3299,1,588,358,10363,94.46
3300,1,587,358,10386,94.67
3301,1,588,358,10385,94.66
3302,1,587,358,10387,94.68
3303,1,587,358,10369,94.51
3304,1,588,358,10358,94.41
3305,1,587,358,10365,94.48
3306,1,587,358,10373,94.55
3307,1,587,358,10338,94.23
3308,1,587,358,10354,94.38
3309,1,587,358,10343,94.28
3310,1,587,359,10392,94.72
3311,1,587,358,10344,94.28
3312,1,587,358,10342,94.27
3313,1,587,358,10341,94.26
3314,1,587,357,10103,92.09
3315,1,587,358,10365,94.48
3316,1,587,358,10380,94.61
3317,1,587,357,10127,92.31
3318,1,587,357,10143,92.45
3319,1,587,357,10341,94.26
3320,1,587,357,10334,94.19
3321,1,587,357,10363,94.46
3322,1,587,357,10407,94.86
3323,1,587,357,10353,94.37
3324,1,587,357,10386,94.67
3325,1,587,357,10463,95.37
3326,1,587,357,10459,95.33
3327,1,587,357,10476,95.49
3328,1,587,357,10468,95.42
3329,1,587,357,10414,94.92
3330,1,587,357,10412,94.9
3331,1,587,357,10428,95.05
3332,1,587,357,10401,94.8
3333,1,587,358,10414,94.92
3334,1,587,358,10436,95.12
3335,1,587,358,10447,95.22
3336,1,587,358,10420,94.98
3337,1,587,358,10392,94.72
3338,1,587,358,10371,94.53
3339,1,587,358,10387,94.68
3340,1,587,359,10388,94.69
3341,1,587,359,10425,95.02
3342,1,587,358,10199,92.96
3343,1,587,359,10358,94.41
3344,1,587,358,10140,92.43
3345,1,587,359,10360,94.43
3346,1,587,358,10100,92.06
3347,1,587,358,10305,93.93
3348,1,587,358,10303,93.91
3349,1,587,358,10380,94.61
3350,1,587,358,10314,94.01
3351,1,587,358,10390,94.7
3352,1,587,358,10359,94.42
3353,1,587,358,10400,94.8
3354,1,587,357,10161,92.62
3355,1,587,357,10146,92.48
3356,1,587,358,10389,94.7
3357,1,587,358,10437,95.13
3358,1,587,357,10425,95.02
3359,1,587,357,10418,94.96
3360,1,587,357,10364,94.47
3361,1,587,357,10390,94.7
3362,1,587,357,10407,94.86
3363,1,587,357,10402,94.81
3364,1,587,357,10440,95.16
3365,1,587,357,10440,95.16
3366,1,587,357,10426,95.03
3367,1,587,358,10447,95.22
3368,1,587,358,10413,94.91
3369,1,587,358,10408,94.87
3370,1,587,357,10110,92.15
3371,1,587,358,10359,94.42
3372,1,587,358,10413,94.91
3373,1,587,358,10413,94.91
3374,1,587,358,10407,94.86
3375,1,587,358,10392,94.72
3376,1,587,358,10319,94.06
3377,1,587,359,10386,94.67
3378,1,587,359,10371,94.53
3379,1,587,358,10361,94.44
3380,1,587,358,10313,94.0
3381,1,587,358,10063,91.72
3382,1,587,358,10337,94.22
3383,1,587,358,10367,94.49
3384,1,587,358,10379,94.6
3385,1,587,358,10357,94.4
3386,1,587,358,10376,94.58
3387,1,587,358,10354,94.38
3388,1,587,358,10422,95.0
3389,1,587,358,10412,94.9
3390,1,587,357,10185,92.84
3391,1,587,358,10434,95.11
3392,1,587,358,10407,94.86
3393,1,587,358,10456,95.31
3394,1,587,357,10419,94.97
3395,1,587,357,10429,95.06
3396,1,587,358,10441,95.17
3397,1,587,357,10413,94.91
3398,1,587,357,10445,95.21
3399,1,587,357,10439,95.15
3400,1,587,357,10417,94.95
3401,1,587,357,10411,94.9
3402,1,587,357,10406,94.85
3403,1,587,358,10431,95.08
3404,1,587,358,10423,95.01
3405,1,587,358,10426,95.03
3406,1,587,358,10437,95.13
3407,1,587,358,10389,94.7
3408,1,587,357,10159,92.6
3409,1,587,358,10338,94.23
3410,1,587,357,10102,92.08
3411,1,587,358,10355,94.39
3412,1,587,358,10371,94.53
3413,1,587,358,10060,91.7
3414,1,587,358,10309,93.97
3415,1,587,358,10298,93.87
3416,1,587,358,10265,93.56
3417,1,587,359,10368,94.5
3418,1,587,358,10070,91.79
3419,1,587,358,10307,93.95
3420,1,587,358,10334,94.19
3421,1,587,358,10369,94.51
3422,1,587,358,10361,94.44
3423,1,587,358,10414,94.92
3424,1,587,358,10350,94.34
3425,1,587,358,10386,94.67
3426,1,587,358,10409,94.88
3427,1,587,358,10448,95.23
3428,1,587,358,10479,95.52
3429,1,587,358,10477,95.5
3430,1,587,358,10470,95.43
3431,1,587,358,10542,96.09
3432,1,587,358,10474,95.47
3433,1,587,358,10459,95.33
3434,1,587,358,10470,95.43
3435,1,587,358,10515,95.84
3436,1,587,357,10416,94.94
3437,1,587,358,10425,95.02
3438,1,587,358,10460,95.34
3439,1,587,358,10461,95.35
3440,1,587,358,10450,95.25
3441,1,587,358,10466,95.4
3442,1,587,357,10197,92.95
3443,1,587,358,10422,95.0
3444,1,587,358,10442,95.18
3445,1,587,358,10139,92.42
3446,1,587,358,10134,92.37
3447,1,587,358,10331,94.17
3448,1,587,358,10316,94.03
3449,1,587,358,10375,94.57
3450,1,587,358,10325,94.11
3451,1,587,358,10247,93.4
3452,1,587,358,10307,93.95
3453,1,587,358,10358,94.41
3454,1,587,358,10336,94.21
3455,1,587,358,10347,94.31
3456,1,587,358,10367,94.49
3457,1,587,358,10353,94.37
3458,1,587,358,10337,94.22
3459,1,587,358,10373,94.55
3460,1,587,358,10410,94.89
3461,1,587,358,10462,95.36
3462,1,587,358,10430,95.07
3463,1,587,357,10111,92.16
3464,1,587,357,10110,92.15
3465,1,587,357,10424,95.01
3466,1,587,357,10416,94.94
3467,1,587,358,10451,95.26
3468,1,587,357,10413,94.91
3469,1,587,357,10381,94.62
3470,1,587,357,10409,94.88
3471,1,587,358,10466,95.4
3472,1,587,357,10437,95.13
3473,1,587,358,10428,95.05
3474,1,587,357,10393,94.73
3475,1,587,358,10432,95.09
3476,1,587,358,10394,94.74
3477,1,587,358,10428,95.05
3478,1,587,358,10361,94.44
3479,1,587,358,10405,94.84
3480,1,587,358,10361,94.44
3481,1,587,358,10377,94.59
3482,1,587,358,10417,94.95
3483,1,587,358,10408,94.87
3484,1,587,358,10373,94.55
3485,1,587,358,10383,94.64
3486,1,587,358,10333,94.18
3487,1,587,358,10085,91.92
3488,1,587,358,10364,94.47
3489,1,587,359,10388,94.69
3490,1,587,358,10111,92.16
3491,1,587,358,10349,94.33
3492,1,587,358,10327,94.13
3493,1,587,358,10320,94.07
3494,1,587,357,10127,92.31
3495,1,587,357,10072,91.81
3496,1,587,357,10045,91.56
3497,1,587,358,10327,94.13
3498,1,587,357,10075,91.83
3499,1,587,357,10279,93.69
3500,1,587,357,10250,93.43
3501,1,587,357,10292,93.81
3502,1,587,357,10315,94.02
3503,1,587,357,10378,94.59
3504,1,587,357,10353,94.37
3505,1,587,357,10397,94.77
3506,1,587,357,10332,94.18
3507,1,587,357,10405,94.84
3508,1,587,357,10404,94.83
3509,1,587,357,10404,94.83
3510,1,587,357,10392,94.72
3511,1,587,358,10422,95.0
3512,1,587,358,10407,94.86
3513,1,587,358,10407,94.86
3514,1,587,358,10348,94.32
3515,1,587,358,10377,94.59
3516,1,587,357,10191,92.89
3517,1,587,358,10375,94.57
3518,1,587,358,10359,94.42
3519,1,587,358,10367,94.49
3520,1,587,358,10381,94.62
3521,1,587,358,10352,94.36
3522,1,587,358,10335,94.2
3523,1,587,358,10396,94.76
3524,1,587,358,10373,94.55
3525,1,587,358,10092,91.99
3526,1,587,358,10363,94.46
3527,1,587,358,10324,94.1
3528,1,587,358,10360,94.43
3529,1,587,358,10399,94.79
3530,1,587,358,10385,94.66
3531,1,587,358,10363,94.46
3532,1,587,358,10403,94.82
3533,1,587,357,10139,92.42
3534,1,587,357,10166,92.66
3535,1,587,358,10397,94.77
3536,1,587,357,10140,92.43
3537,1,587,357,10323,94.09
3538,1,587,357,10351,94.35
3539,1,587,357,10338,94.23
3540,1,587,357,10373,94.55
3541,1,587,357,10418,94.96
3542,1,587,357,10382,94.63
3543,1,587,357,10444,95.2
3544,1,587,358,10466,95.4
3545,1,587,357,10418,94.96
3546,1,587,357,10422,95.0
3547,1,587,358,10417,94.95
3548,1,587,358,10444,95.2
3549,1,587,358,10399,94.79
3550,1,587,358,10391,94.71
3551,1,587,358,10391,94.71
3552,1,587,358,10392,94.72
3553,1,587,358,10439,95.15
3554,1,587,358,10193,92.91
3555,1,587,358,10372,94.54
3556,1,587,358,10396,94.76
3557,1,587,358,10384,94.65
3558,1,587,358,10368,94.5
3559,1,587,358,10341,94.26
3560,1,587,358,10310,93.98
3561,1,587,358,10347,94.31
3562,1,587,358,10389,94.7
3563,1,587,358,10410,94.89
3564,1,587,358,10412,94.9
3565,1,587,358,10397,94.77
3566,1,587,358,10393,94.73
3567,1,587,358,10375,94.57
3568,1,587,357,10140,92.43
3569,1,587,358,10461,95.35
3570,1,587,358,10416,94.94
3571,1,587,358,10420,94.98
3572,1,587,358,10448,95.23
3573,1,587,358,10429,95.06
3574,1,587,358,10440,95.16
3575,1,587,357,10435,95.11
3576,1,587,357,10440,95.16
3577,1,587,357,10430,95.07
3578,1,587,358,10470,95.43
3579,1,587,358,10489,95.61
3580,1,587,357,10453,95.28
3581,1,587,358,10423,95.01
3582,1,587,358,10453,95.28
3583,1,587,358,10456,95.31
3584,1,587,358,10459,95.33
3585,1,587,358,10399,94.79
3586,1,587,357,10179,92.78
3587,1,587,358,10393,94.73
3588,1,587,358,10370,94.52
3589,1,587,358,10404,94.83
3590,1,587,358,10380,94.61
3591,1,587,358,10334,94.19
3592,1,587,358,10355,94.39
3593,1,587,359,10400,94.8
3594,1,587,358,10388,94.69
3595,1,587,358,10372,94.54
3596,1,587,358,10374,94.56
3597,1,587,358,10308,93.96
3598,1,587,358,10408,94.87
3599,1,587,358,10368,94.5
3600,1,587,357,10072,91.81
3601,1,587,358,10349,94.33
3602,1,587,358,10408,94.87
3603,1,587,358,10367,94.49
3604,1,587,358,10366,94.49
3605,1,587,358,10380,94.61
3606,1,587,358,10383,94.64
3607,1,587,358,10441,95.17
3608,1,587,358,10457,95.31
3609,1,587,358,10485,95.57
3610,1,587,358,10477,95.5
3611,1,587,358,10482,95.54
3612,1,587,358,10460,95.34
3613,1,587,358,10488,95.6
3614,1,587,357,10219,93.15
3615,1,587,358,10502,95.73
3616,1,587,358,10454,95.29
3617,1,587,357,10196,92.94
3618,1,587,357,10180,92.79
3619,1,587,358,10392,94.72
3620,1,587,357,10086,91.93
3621,1,587,358,10366,94.49
3622,1,587,358,10333,94.18
3623,1,587,358,10331,94.17
3624,1,587,358,10337,94.22
3625,1,587,358,10309,93.97
3626,1,587,358,10334,94.19
3627,1,587,358,10354,94.38
3628,1,587,358,10361,94.44
3629,1,587,358,10372,94.54
3630,1,587,358,10336,94.21
3631,1,587,358,10361,94.44
3632,1,587,358,10359,94.42
3633,1,587,358,10385,94.66
3634,1,587,358,10350,94.34
3635,1,587,358,10409,94.88
3636,1,587,358,10406,94.85
3637,1,587,358,10428,95.05
3638,1,587,358,10435,95.11
3639,1,587,358,10409,94.88
3640,1,587,358,10437,95.13
3641,1,587,358,10431,95.08
3642,1,587,358,10456,95.31
3643,1,587,358,10445,95.21
3644,1,587,358,10426,95.03
3645,1,587,358,10464,95.38
3646,1,587,358,10458,95.32
3647,1,587,358,10477,95.5
3648,1,587,357,10184,92.83
3649,1,587,357,10158,92.59
3650,1,587,358,10452,95.27
3651,1,587,357,10415,94.93
3652,1,587,358,10439,95.15
3653,1,587,358,10438,95.14
3654,1,587,357,10369,94.51
3655,1,587,358,10377,94.59
3656,1,587,358,10477,95.5
3657,1,587,358,10407,94.86
3658,1,587,358,10408,94.87
3659,1,587,358,10391,94.71
3660,1,587,358,10360,94.43
3661,1,587,358,10360,94.43
3662,1,587,357,10101,92.07
3663,1,587,358,10347,94.31
3664,1,587,359,10391,94.71
3665,1,587,358,10318,94.05
3666,1,587,359,10386,94.67
3667,1,587,358,10346,94.3
3668,1,587,358,10306,93.94
3669,1,587,358,10092,91.99
3670,1,587,358,10384,94.65
3671,1,587,359,10429,95.06
3672,1,587,358,10390,94.7
3673,1,587,358,10371,94.53
3674,1,587,357,10102,92.08
3675,1,587,358,10340,94.25
3676,1,587,357,10136,92.39
3677,1,587,357,10136,92.39
3678,1,587,357,10108,92.13
3679,1,587,357,10359,94.42
3680,1,587,357,10341,94.26
3681,1,587,357,10333,94.18
3682,1,587,357,10328,94.14
3683,1,587,357,10363,94.46
3684,1,587,357,10354,94.38
3685,1,587,357,10380,94.61
3686,1,587,357,10405,94.84
3687,1,587,357,10394,94.74
3688,1,587,358,10402,94.81
3689,1,587,358,10416,94.94
3690,1,587,358,10405,94.84
3691,1,587,358,10418,94.96
3692,1,587,358,10384,94.65
3693,1,587,358,10398,94.78
3694,1,587,358,10431,95.08
3695,1,587,358,10408,94.87
3696,1,587,358,10416,94.94
3697,1,587,358,10418,94.96
3698,1,587,359,10429,95.06
3699,1,587,358,10404,94.83
3700,1,587,358,10336,94.21
3701,1,587,358,10348,94.32
3702,1,587,358,10355,94.39
3703,1,587,358,10118,92.22
3704,1,587,358,10391,94.71
3705,1,587,358,10162,92.63
3706,1,587,357,10094,92.01
3707,1,587,358,10133,92.36
3708,1,587,358,10336,94.21
3709,1,587,358,10325,94.11
3710,1,587,358,10361,94.44
3711,1,587,358,10305,93.93
3712,1,587,358,10326,94.12
3713,1,587,358,10366,94.49
3714,1,587,358,10431,95.08
3715,1,587,358,10412,94.9
3716,1,587,358,10440,95.16
3717,1,587,358,10438,95.14
3718,1,587,357,10416,94.94
3719,1,587,357,10411,94.9
3720,1,587,357,10427,95.04
3721,1,587,358,10466,95.4
3722,1,587,358,10451,95.26
3723,1,587,357,10431,95.08
3724,1,587,358,10449,95.24
3725,1,587,358,10452,95.27
3726,1,587,358,10448,95.23
3727,1,587,358,10412,94.9
3728,1,587,358,10431,95.08
3729,1,587,358,10425,95.02
3730,1,587,358,10450,95.25
3731,1,587,358,10361,94.44
3732,1,587,358,10361,94.44
3733,1,587,358,10349,94.33
3734,1,587,358,10406,94.85
3735,1,587,358,10402,94.81
3736,1,587,359,10405,94.84
3737,1,587,359,10403,94.82
3738,1,587,359,10421,94.99
3739,1,587,358,10417,94.95
3740,1,587,358,10181,92.8
3741,1,587,358,10112,92.17
3742,1,587,358,10363,94.46
3743,1,587,358,10191,92.89
3744,1,587,358,10389,94.7
3745,1,587,358,10422,95.0
3746,1,587,358,10325,94.11
3747,1,587,357,10093,92.0
3748,1,587,358,10360,94.43
3749,1,587,358,10359,94.42
3750,1,587,357,10136,92.39
3751,1,587,357,10085,91.92
3752,1,587,358,10381,94.62
3753,1,587,358,10393,94.73
3754,1,587,358,10385,94.66
3755,1,587,358,10387,94.68
3756,1,587,357,10374,94.56
3757,1,587,358,10403,94.82
3758,1,587,358,10459,95.33
3759,1,587,358,10438,95.14
3760,1,587,358,10512,95.82
3761,1,587,358,10438,95.14
3762,1,587,358,10456,95.31
3763,1,587,358,10436,95.12
3764,1,587,358,10419,94.97
3765,1,587,358,10409,94.88
3766,1,587,358,10440,95.16
3767,1,587,358,10397,94.77
3768,1,587,358,10431,95.08
3769,1,587,357,10124,92.28
3770,1,587,358,10399,94.79
3771,1,587,358,10367,94.49
3772,1,587,358,10391,94.71
3773,1,587,359,10435,95.11
3774,1,587,358,10097,92.03
3775,1,587,358,10094,92.01
3776,1,587,358,10360,94.43
3777,1,587,357,10074,91.82
3778,1,587,358,10363,94.46
3779,1,587,358,10360,94.43
3780,1,587,358,10298,93.87
3781,1,587,357,10118,92.22
3782,1,587,358,10353,94.37
3783,1,587,358,10360,94.43
3784,1,587,358,10424,95.01
3785,1,587,358,10410,94.89
3786,1,587,358,10430,95.07
3787,1,587,358,10411,94.9
3788,1,587,357,10139,92.42
3789,1,587,358,10423,95.01
3790,1,587,358,10426,95.03
3791,1,587,357,10418,94.96
3792,1,587,358,10479,95.52
3793,1,587,358,10443,95.19
3794,1,587,358,10415,94.93
3795,1,587,358,10459,95.33
3796,1,587,358,10430,95.07
3797,1,587,358,10438,95.14
3798,1,587,358,10418,94.96
3799,1,587,357,10086,91.93
3800,1,587,358,10362,94.45
3801,1,587,358,10401,94.8
3802,1,587,358,10440,95.16
3803,1,587,358,10354,94.38
3804,1,587,358,10333,94.18
3805,1,587,358,10332,94.18
3806,1,587,358,10368,94.5
3807,1,587,359,10398,94.78
3808,1,587,358,10108,92.13
3809,1,587,358,10367,94.49
3810,1,587,358,10368,94.5
3811,1,587,358,10348,94.32
3812,1,587,358,10362,94.45
3813,1,587,358,10368,94.5
3814,1,587,357,10091,91.98
3815,1,587,358,10354,94.38
3816,1,587,358,10385,94.66
3817,1,587,358,10436,95.12
3818,1,587,358,10405,94.84
3819,1,587,358,10416,94.94
3820,1,587,358,10352,94.36
3821,1,587,358,10482,95.54
3822,1,587,358,10406,94.85
3823,1,587,358,10451,95.26
3824,1,587,358,10502,95.73
3825,1,587,358,10440,95.16
3826,1,587,358,10519,95.88
3827,1,587,358,10466,95.4
3828,1,587,357,10237,93.31
3829,1,587,358,10455,95.3
3830,1,587,358,10466,95.4
3831,1,587,358,10456,95.31
3832,1,587,358,10460,95.34
3833,1,587,357,10242,93.36
3834,1,587,358,10404,94.83
3835,1,587,358,10229,93.24
3836,1,587,358,10426,95.03
3837,1,587,358,10449,95.24
3838,1,587,358,10411,94.9
3839,1,587,358,10353,94.37
3840,1,587,358,10371,94.53
3841,1,587,358,10374,94.56
3842,1,587,358,10384,94.65
3843,1,587,358,10382,94.63
3844,1,587,359,10376,94.58
3845,1,587,359,10387,94.68
3846,1,587,359,10390,94.7
3847,1,587,358,10171,92.71
3848,1,587,359,10417,94.95
3849,1,587,359,10457,95.31
3850,1,587,358,10160,92.61
3851,1,587,359,10427,95.04
3852,1,587,359,10468,95.42
3853,1,587,358,10446,95.21
3854,1,587,358,10173,92.73
3855,1,587,358,10391,94.71
3856,1,587,357,10121,92.25
3857,1,587,358,10453,95.28
3858,1,587,358,10420,94.98
3859,1,587,358,10397,94.77
3860,1,587,358,10442,95.18
3861,1,587,358,10458,95.32
3862,1,587,358,10435,95.11
3863,1,587,358,10447,95.22
3864,1,587,358,10473,95.46
3865,1,587,358,10392,94.72
3866,1,587,358,10408,94.87
3867,1,587,358,10408,94.87
3868,1,587,358,10403,94.82
3869,1,587,357,10074,91.82
3870,1,587,358,10437,95.13
3871,1,587,357,10098,92.04
3872,1,587,358,10391,94.71
3873,1,587,358,10412,94.9
3874,1,587,358,10354,94.38
3875,1,587,358,10324,94.1
3876,1,587,358,10376,94.58
3877,1,587,358,10093,92.0
3878,1,587,359,10442,95.18
3879,1,587,358,10158,92.59
3880,1,587,358,10105,92.11
3881,1,587,358,10316,94.03
3882,1,587,358,10348,94.32
3883,1,587,358,10324,94.1
3884,1,587,358,10075,91.83
3885,1,587,358,10290,93.79
3886,1,587,358,10078,91.86
3887,1,587,358,10120,92.24
3888,1,587,358,10350,94.34
3889,1,587,358,10331,94.17
3890,1,587,358,10316,94.03
3891,1,587,357,10085,91.92
3892,1,587,358,10340,94.25
3893,1,587,357,10062,91.71
3894,1,587,358,10375,94.57
3895,1,587,358,10372,94.54
3896,1,587,357,10071,91.8
3897,1,587,357,10076,91.84
3898,1,587,357,10117,92.22
3899,1,587,357,10321,94.08
3900,1,587,357,10120,92.24
3901,1,587,357,10331,94.17
3902,1,587,357,10268,93.59
3903,1,587,357,10278,93.68
3904,1,587,357,10311,93.98
3905,1,587,357,10361,94.44
3906,1,587,358,10347,94.31
3907,1,587,358,10380,94.61
3908,1,587,358,10383,94.64
3909,1,588,358,10358,94.41
3910,1,588,358,10365,94.48
3911,1,587,358,10352,94.36
3912,1,587,358,10341,94.26
3913,1,587,358,10350,94.34
3914,1,587,358,10351,94.35
3915,1,587,357,10077,91.85
3916,1,587,358,10332,94.18
3917,1,587,358,10306,93.94
3918,1,587,358,10332,94.18
3919,1,587,358,10309,93.97
3920,1,587,358,10327,94.13
3921,1,587,358,10322,94.08
3922,1,587,358,10161,92.62
3923,1,587,358,10359,94.42
3924,1,587,357,10124,92.28
3925,1,587,358,10366,94.49
3926,1,587,358,10380,94.61
3927,1,587,358,10358,94.41
3928,1,587,358,10332,94.18
3929,1,587,358,10404,94.83
3930,1,587,358,10379,94.6
3931,1,587,358,10399,94.79
3932,1,587,358,10465,95.39
3933,1,587,358,10471,95.44
3934,1,587,358,10444,95.2
3935,1,587,358,10433,95.1
3936,1,587,357,10160,92.61
3937,1,587,358,10396,94.76
3938,1,587,357,10140,92.43
3939,1,587,358,10441,95.17
3940,1,587,358,10388,94.69
3941,1,587,358,10388,94.69
3942,1,587,358,10371,94.53
3943,1,587,357,10175,92.74
3944,1,587,358,10366,94.49
3945,1,587,358,10380,94.61
3946,1,587,358,10380,94.61
3947,1,587,358,10393,94.73
3948,1,587,358,10366,94.49
3949,1,587,358,10333,94.18
3950,1,587,358,10412,94.9
3951,1,587,358,10379,94.6
3952,1,587,358,10393,94.73
3953,1,587,358,10402,94.81
3954,1,587,358,10356,94.39
3955,1,587,358,10350,94.34
3956,1,587,358,10349,94.33
3957,1,587,358,10384,94.65
3958,1,587,357,10136,92.39
3959,1,587,358,10349,94.33
3960,1,587,358,10370,94.52
3961,1,587,358,10425,95.02
3962,1,587,358,10401,94.8
3963,1,587,358,10432,95.09
3964,1,587,358,10394,94.74
3965,1,587,358,10437,95.13
3966,1,587,358,10427,95.04
3967,1,587,357,10177,92.76
3968,1,587,358,10499,95.7
3969,1,587,358,10450,95.25
3970,1,587,358,10426,95.03
3971,1,587,358,10422,95.0
3972,1,587,358,10410,94.89
3973,1,587,357,10135,92.38
3974,1,587,358,10406,94.85
3975,1,587,358,10439,95.15
3976,1,587,358,10399,94.79
3977,1,587,358,10405,94.84
3978,1,587,358,10423,95.01
3979,1,587,358,10398,94.78
3980,1,587,358,10448,95.23
3981,1,587,358,10465,95.39
3982,1,587,358,10416,94.94
3983,1,587,357,10161,92.62
3984,1,587,358,10408,94.87
3985,1,587,358,10412,94.9
3986,1,587,358,10354,94.38
3987,1,587,358,10117,92.22
3988,1,587,358,10368,94.5
3989,1,587,358,10319,94.06
3990,1,587,358,10363,94.46
3991,1,587,358,10406,94.85
3992,1,587,358,10381,94.62
3993,1,587,358,10341,94.26
3994,1,587,358,10335,94.2
3995,1,587,358,10419,94.97
3996,1,587,358,10416,94.94
3997,1,587,358,10429,95.06
3998,1,587,358,10422,95.0
3999,1,587,358,10420,94.98
4000,1,587,358,10437,95.13
4001,1,587,357,10213,93.09
4002,1,587,358,10417,94.95
4003,1,587,358,10419,94.97
4004,1,587,358,10423,95.01
4005,1,587,358,10385,94.66
4006,1,587,358,10400,94.8
4007,1,587,358,10425,95.02
4008,1,587,357,10178,92.77
4009,1,587,358,10408,94.87
4010,1,587,358,10463,95.37
4011,1,587,358,10393,94.73
4012,1,587,358,10415,94.93
4013,1,587,358,10374,94.56
4014,1,587,358,10407,94.86
4015,1,587,358,10438,95.14
4016,1,587,358,10430,95.07
4017,1,587,358,10402,94.81
4018,1,587,358,10431,95.08
4019,1,587,358,10411,94.9
4020,1,587,358,10154,92.55
4021,1,587,358,10384,94.65
4022,1,587,358,10385,94.66
4023,1,587,358,10345,94.29
4024,1,587,358,10393,94.73
4025,1,587,357,10065,91.74
4026,1,587,357,10012,91.26
4027,1,587,357,10056,91.66
4028,1,587,358,10377,94.59
4029,1,587,358,10339,94.24
4030,1,587,357,10119,92.23
4031,1,587,358,10279,93.69
4032,1,587,357,10056,91.66
4033,1,587,358,10311,93.98
4034,1,587,357,10078,91.86
4035,1,587,358,10327,94.13
4036,1,587,358,10335,94.2
4037,1,587,357,10299,93.87
4038,1,587,357,10293,93.82
4039,1,587,357,10345,94.29
4040,1,587,357,10306,93.94
4041,1,587,358,10417,94.95
4042,1,587,358,10437,95.13
4043,1,587,357,10415,94.93
4044,1,587,357,10406,94.85
4045,1,587,358,10427,95.04
4046,1,587,358,10423,95.01
4047,1,587,358,10419,94.97
4048,1,587,358,10460,95.34
4049,1,587,358,10428,95.05
4050,1,587,358,10440,95.16
4051,1,587,358,10388,94.69
4052,1,587,357,10136,92.39
4053,1,587,358,10359,94.42
4054,1,587,358,10407,94.86
4055,1,587,358,10386,94.67
4056,1,587,358,10126,92.3
4057,1,587,357,10122,92.26
4058,1,587,358,10295,93.84
4059,1,587,358,10393,94.73
4060,1,587,358,10138,92.41
4061,1,587,358,10341,94.26
4062,1,587,358,10279,93.69
4063,1,587,358,10327,94.13
4064,1,587,358,10365,94.48
4065,1,587,358,10386,94.67
4066,1,587,358,10362,94.45
4067,1,587,358,10401,94.8
4068,1,587,358,10371,94.53
4069,1,587,358,10406,94.85
4070,1,587,358,10243,93.36
4071,1,587,358,10382,94.63
4072,1,587,358,10390,94.7
4073,1,587,358,10443,95.19
4074,1,587,358,10476,95.49
4075,1,587,357,10194,92.92
4076,1,587,358,10430,95.07
4077,1,587,358,10432,95.09
4078,1,587,358,10450,95.25
4079,1,587,357,10395,94.75
4080,1,587,358,10438,95.14
4081,1,587,358,10402,94.81
4082,1,587,358,10462,95.36
4083,1,587,358,10405,94.84
4084,1,587,358,10417,94.95
4085,1,587,358,10425,95.02
4086,1,587,358,10403,94.82
4087,1,587,358,10427,95.04
4088,1,587,358,10430,95.07
4089,1,587,358,10443,95.19
4090,1,587,358,10381,94.62
4091,1,587,358,10452,95.27
4092,1,587,358,10433,95.1
4093,1,587,358,10407,94.86
4094,1,587,358,10431,95.08
4095,1,587,357,10093,92.0
4096,1,587,358,10375,94.57
4097,1,587,358,10380,94.61
4098,1,587,358,10173,92.73
4099,1,587,357,10097,92.03
4100,1,587,358,10347,94.31
4101,1,587,358,10298,93.87
4102,1,587,357,10103,92.09
4103,1,587,358,10340,94.25
4104,1,587,358,10273,93.64
4105,1,587,357,10236,93.3
4106,1,587,358,10308,93.96
4107,1,587,357,10316,94.03
4108,1,587,357,10322,94.08
4109,1,587,357,10356,94.39
4110,1,587,357,10334,94.19
4111,1,587,357,10330,94.16
4112,1,587,357,10385,94.66
4113,1,587,357,10375,94.57
4114,1,587,357,10414,94.92
4115,1,587,357,10404,94.83
4116,1,587,357,10360,94.43
4117,1,587,357,10405,94.84
4118,1,587,357,10429,95.06
4119,1,587,357,10386,94.67
4120,1,587,357,10393,94.73
4121,1,587,358,10413,94.91
4122,1,587,358,10387,94.68
4123,1,587,358,10386,94.67
4124,1,587,358,10390,94.7
4125,1,587,357,10337,94.22
4126,1,587,358,10342,94.27
4127,1,587,358,10376,94.58
4128,1,587,358,10348,94.32
4129,1,587,358,10367,94.49
4130,1,587,358,10366,94.49
4131,1,587,358,10335,94.2
4132,1,587,358,10339,94.24
4133,1,587,358,10328,94.14
4134,1,587,358,10364,94.47
4135,1,587,358,10348,94.32
4136,1,587,358,10361,94.44
4137,1,587,358,10351,94.35
4138,1,587,358,10376,94.58
4139,1,587,358,10366,94.49
4140,1,587,358,10358,94.41
4141,1,587,358,10380,94.61
4142,1,587,358,10384,94.65
4143,1,587,358,10366,94.49
4144,1,587,358,10393,94.73
4145,1,587,358,10400,94.8
4146,1,587,358,10389,94.7
4147,1,587,358,10418,94.96
4148,1,587,358,10390,94.7
4149,1,587,358,10418,94.96
4150,1,587,358,10417,94.95
4151,1,587,358,10475,95.48
4152,1,587,358,10434,95.11
4153,1,587,357,10390,94.7
4154,1,587,357,10126,92.3
4155,1,587,358,10408,94.87
4156,1,587,358,10410,94.89
4157,1,587,357,10185,92.84
4158,1,587,358,10404,94.83
4159,1,587,358,10379,94.6
4160,1,587,358,10352,94.36
4161,1,587,358,10337,94.22
4162,1,587,358,10389,94.7
4163,1,587,358,10304,93.92
4164,1,587,358,10381,94.62
4165,1,587,358,10352,94.36
4166,1,587,358,10387,94.68
4167,1,587,358,10340,94.25
4168,1,587,358,10345,94.29
4169,1,587,358,10339,94.24
4170,1,587,358,10362,94.45
4171,1,587,358,10348,94.32
4172,1,587,358,10350,94.34
4173,1,587,358,10355,94.39
4174,1,587,358,10358,94.41
4175,1,587,358,10382,94.63
4176,1,587,358,10420,94.98
4177,1,587,358,10419,94.97
4178,1,587,358,10413,94.91
4179,1,587,358,10436,95.12
4180,1,587,358,10477,95.5
4181,1,587,358,10478,95.51
4182,1,587,357,10204,93.01
4183,1,587,358,10446,95.21
4184,1,587,358,10481,95.53
4185,1,587,358,10427,95.04
4186,1,587,358,10418,94.96
4187,1,587,358,10427,95.04
4188,1,587,358,10432,95.09
4189,1,587,357,10128,92.32
4190,1,587,358,10394,94.74
4191,1,587,358,10411,94.9
4192,1,587,358,10399,94.79
4193,1,587,358,10389,94.7
4194,1,587,358,10360,94.43
4195,1,587,358,10380,94.61
4196,1,587,358,10395,94.75
4197,1,587,358,10437,95.13
4198,1,587,358,10458,95.32
4199,1,587,358,10426,95.03
4200,1,587,358,10441,95.17
4201,1,587,357,10117,92.22
4202,1,587,358,10380,94.61
4203,1,587,359,10442,95.18
4204,1,587,358,10385,94.66
4205,1,587,357,10069,91.78
4206,1,587,358,10347,94.31
4207,1,587,357,10050,91.61
4208,1,587,357,10050,91.61
4209,1,587,358,10348,94.32
4210,1,587,358,10327,94.13
4211,1,587,358,10274,93.65
4212,1,587,358,10318,94.05
4213,1,587,358,10311,93.98
4214,1,587,358,10321,94.08
4215,1,587,358,10428,95.05
4216,1,587,357,10140,92.43
4217,1,587,358,10374,94.56
4218,1,587,357,10129,92.33
4219,1,587,358,10381,94.62
4220,1,587,358,10366,94.49
4221,1,587,357,10121,92.25
4222,1,587,357,10332,94.18
4223,1,587,357,10381,94.62
4224,1,587,358,10367,94.49
4225,1,587,357,10360,94.43
4226,1,587,357,10338,94.23
4227,1,587,357,10333,94.18
4228,1,587,357,10374,94.56
4229,1,587,357,10369,94.51
4230,1,587,357,10344,94.28
4231,1,587,358,10377,94.59
4232,1,587,357,10103,92.09
4233,1,587,358,10359,94.42
4234,1,587,358,10371,94.53
4235,1,587,358,10319,94.06
4236,1,587,358,10364,94.47
4237,1,587,358,10354,94.38
4238,1,587,358,10287,93.77
4239,1,587,358,10340,94.25
4240,1,587,358,10340,94.25
4241,1,587,358,10351,94.35
4242,1,587,358,10354,94.38
4243,1,587,358,10355,94.39
4244,1,587,358,10371,94.53
4245,1,587,358,10378,94.59
4246,1,587,358,10391,94.71
4247,1,587,358,10341,94.26
4248,1,587,358,10381,94.62
4249,1,587,358,10379,94.6
4250,1,587,358,10419,94.97
4251,1,587,358,10449,95.24
4252,1,587,358,10411,94.9
4253,1,587,358,10412,94.9
4254,1,587,358,10412,94.9
4255,1,587,358,10449,95.24
4256,1,587,358,10437,95.13
4257,1,587,358,10448,95.23
4258,1,587,358,10483,95.55
4259,1,587,358,10437,95.13
4260,1,587,358,10399,94.79
4261,1,587,358,10424,95.01
4262,1,587,358,10411,94.9
4263,1,587,358,10419,94.97
4264,1,587,358,10453,95.28
4265,1,587,357,10222,93.17
4266,1,587,357,10148,92.5
4267,1,587,358,10397,94.77
4268,1,587,357,10085,91.92
4269,1,587,358,10345,94.29
4270,1,587,358,10353,94.37
4271,1,587,358,10345,94.29
4272,1,587,358,10383,94.64
4273,1,587,358,10431,95.08
4274,1,587,357,10109,92.14
4275,1,587,358,10334,94.19
4276,1,587,358,10369,94.51
4277,1,587,358,10150,92.52
4278,1,587,358,10372,94.54
4279,1,587,358,10377,94.59
4280,1,587,358,10316,94.03
4281,1,587,358,10339,94.24
4282,1,587,358,10364,94.47
4283,1,587,358,10362,94.45
4284,1,587,358,10411,94.9
4285,1,587,358,10378,94.59
4286,1,587,358,10389,94.7
4287,1,587,357,10135,92.38
4288,1,587,358,10415,94.93
4289,1,587,358,10427,95.04
4290,1,587,358,10440,95.16
4291,1,587,358,10386,94.67
4292,1,587,358,10428,95.05
4293,1,587,358,10401,94.8
4294,1,587,357,10173,92.73
4295,1,587,358,10403,94.82
4296,1,587,357,10142,92.44
4297,1,587,358,10381,94.62
4298,1,587,358,10386,94.67
4299,1,587,358,10439,95.15
4300,1,587,358,10356,94.39
4301,1,587,358,10384,94.65
4302,1,587,358,10350,94.34
4303,1,587,358,10379,94.6
4304,1,587,358,10411,94.9
4305,1,587,358,10389,94.7
4306,1,587,358,10369,94.51
4307,1,587,358,10372,94.54
4308,1,587,358,10396,94.76
4309,1,587,358,10384,94.65
4310,1,587,358,10375,94.57
4311,1,587,358,10392,94.72
4312,1,587,358,10380,94.61
4313,1,587,358,10388,94.69
4314,1,587,358,10404,94.83
4315,1,587,359,10416,94.94
4316,1,587,358,10143,92.45
4317,1,587,357,10083,91.91
4318,1,587,358,10375,94.57
4319,1,587,358,10404,94.83
4320,1,587,358,10379,94.6
4321,1,587,358,10383,94.64
4322,1,587,358,10359,94.42
4323,1,587,358,10367,94.49
4324,1,587,358,10444,95.2
4325,1,587,358,10414,94.92
4326,1,587,358,10443,95.19
4327,1,587,357,10143,92.45
4328,1,587,358,10410,94.89
4329,1,587,358,10417,94.95
4330,1,587,358,10432,95.09
4331,1,587,358,10420,94.98
4332,1,587,358,10425,95.02
4333,1,587,358,10401,94.8
4334,1,587,358,10414,94.92
4335,1,587,358,10425,95.02
4336,1,587,357,10134,92.37
4337,1,587,358,10400,94.8
4338,1,587,358,10394,94.74
4339,1,587,358,10439,95.15
4340,1,587,358,10412,94.9
4341,1,587,358,10451,95.26
4342,1,587,358,10388,94.69
4343,1,587,358,10441,95.17
4344,1,587,358,10164,92.64
4345,1,587,358,10436,95.12
4346,1,587,358,10395,94.75
4347,1,587,358,10344,94.28
4348,1,587,358,10393,94.73
4349,1,587,358,10411,94.9
4350,1,587,358,10388,94.69
4351,1,587,358,10411,94.9
4352,1,587,358,10397,94.77
4353,1,587,358,10418,94.96
4354,1,587,358,10406,94.85
4355,1,587,358,10401,94.8
4356,1,587,357,10097,92.03
4357,1,587,358,10389,94.7
4358,1,587,358,10426,95.03
4359,1,587,358,10393,94.73
4360,1,587,358,10385,94.66
4361,1,587,358,10383,94.64
4362,1,587,358,10362,94.45
4363,1,587,358,10445,95.21
4364,1,587,358,10434,95.11
4365,1,587,358,10451,95.26
4366,1,587,358,10508,95.78
4367,1,587,358,10435,95.11
4368,1,587,358,10390,94.7
4369,1,587,358,10443,95.19
4370,1,587,358,10485,95.57
4371,1,587,357,10130,92.33
4372,1,587,358,10447,95.22
4373,1,587,358,10444,95.2
4374,1,587,358,10456,95.31
4375,1,587,358,10428,95.05
4376,1,587,358,10410,94.89
4377,1,587,358,10361,94.44
4378,1,587,358,10425,95.02
4379,1,587,358,10414,94.92
4380,1,587,358,10375,94.57
4381,1,587,358,10376,94.58
4382,1,587,357,10095,92.02
4383,1,587,358,10369,94.51
4384,1,587,358,10384,94.65
4385,1,587,358,10379,94.6
4386,1,587,359,10392,94.72
4387,1,587,358,10356,94.39
4388,1,587,358,10348,94.32
4389,1,587,358,10381,94.62
4390,1,587,358,10384,94.65
4391,1,587,358,10380,94.61
4392,1,587,358,10430,95.07
4393,1,587,357,10145,92.47
4394,1,587,358,10155,92.56
4395,1,587,357,10120,92.24
4396,1,587,358,10437,95.13
4397,1,587,358,10373,94.55
4398,1,587,358,10347,94.31
4399,1,587,358,10359,94.42
4400,1,587,358,10360,94.43
4401,1,587,357,10094,92.01
4402,1,587,358,10411,94.9
4403,1,587,358,10407,94.86
4404,1,587,358,10415,94.93
4405,1,587,358,10413,94.91
4406,1,587,358,10390,94.7
4407,1,587,358,10351,94.35
4408,1,587,358,10406,94.85
4409,1,587,358,10408,94.87
4410,1,587,358,10370,94.52
4411,1,587,358,10392,94.72
4412,1,587,358,10372,94.54
4413,1,587,358,10404,94.83
4414,1,587,357,10119,92.23
4415,1,587,358,10342,94.27
4416,1,587,358,10434,95.11
4417,1,587,358,10418,94.96
4418,1,587,358,10114,92.19
4419,1,587,358,10351,94.35
4420,1,587,358,10359,94.42
4421,1,587,358,10118,92.22
4422,1,587,357,10077,91.85
4423,1,587,358,10329,94.15
4424,1,587,358,10325,94.11
4425,1,587,357,10106,92.12
4426,1,587,358,10340,94.25
4427,1,587,358,10314,94.01
4428,1,587,358,10325,94.11
4429,1,587,358,10367,94.49
4430,1,587,358,10362,94.45
4431,1,587,358,10372,94.54
4432,1,587,358,10397,94.77
4433,1,587,358,10392,94.72
4434,1,587,358,10419,94.97
4435,1,587,358,10421,94.99
4436,1,587,358,10408,94.87
4437,1,587,358,10397,94.77
4438,1,587,358,10437,95.13
4439,1,587,358,10447,95.22
4440,1,587,358,10463,95.37
4441,1,587,358,10436,95.12
4442,1,587,358,10441,95.17
4443,1,587,358,10427,95.04
4444,1,587,357,10082,91.9
4445,1,587,358,10427,95.04
4446,1,587,358,10403,94.82
4447,1,587,358,10399,94.79
4448,1,587,358,10400,94.8
4449,1,587,358,10393,94.73
4450,1,587,358,10394,94.74
4451,1,587,358,10391,94.71
4452,1,587,357,10118,92.22
4453,1,587,358,10420,94.98
4454,1,587,357,10149,92.51
4455,1,587,358,10409,94.88
4456,1,587,358,10374,94.56
4457,1,587,358,10377,94.59
4458,1,587,357,10033,91.45
4459,1,587,358,10326,94.12
4460,1,587,358,10316,94.03
4461,1,587,358,10349,94.33
4462,1,587,357,10080,91.88
4463,1,587,358,10339,94.24
4464,1,587,358,10343,94.28
4465,1,587,358,10457,95.31
4466,1,587,357,10094,92.01
4467,1,587,358,10351,94.35
4468,1,587,357,10084,91.92
4469,1,587,358,10395,94.75
4470,1,587,358,10423,95.01
4471,1,587,358,10402,94.81
4472,1,587,358,10376,94.58
4473,1,587,358,10371,94.53
4474,1,587,358,10347,94.31
4475,1,587,358,10377,94.59
4476,1,587,358,10376,94.58
4477,1,587,358,10417,94.95
4478,1,587,358,10436,95.12
4479,1,587,358,10437,95.13
4480,1,587,357,10112,92.17
4481,1,587,358,10413,94.91
4482,1,587,358,10387,94.68
4483,1,587,358,10410,94.89
4484,1,587,358,10402,94.81
4485,1,587,358,10345,94.29
4486,1,587,358,10343,94.28
4487,1,587,357,10079,91.87
4488,1,587,358,10424,95.01
4489,1,587,358,10422,95.0
4490,1,587,358,10442,95.18
4491,1,587,358,10383,94.64
4492,1,587,358,10395,94.75
4493,1,587,358,10322,94.08
4494,1,587,357,10112,92.17
4495,1,587,358,10341,94.26
4496,1,587,358,10380,94.61
4497,1,587,358,10374,94.56
4498,1,587,358,10398,94.78
4499,1,587,358,10413,94.91
4500,1,587,358,10394,94.74
4501,1,587,358,10407,94.86
4502,1,587,358,10429,95.06
4503,1,587,358,10443,95.19
4504,1,587,358,10429,95.06
4505,1,587,358,10408,94.87
4506,1,587,358,10444,95.2
4507,1,587,358,10468,95.42
4508,1,587,358,10465,95.39
4509,1,587,357,10147,92.49
4510,1,587,358,10463,95.37
4511,1,587,358,10447,95.22
4512,1,587,358,10446,95.21
4513,1,587,358,10485,95.57
4514,1,587,358,10488,95.6
4515,1,587,358,10452,95.27
4516,1,587,358,10441,95.17
4517,1,587,357,10180,92.79
4518,1,587,358,10430,95.07
4519,1,587,358,10359,94.42
4520,1,587,357,10157,92.58
4521,1,587,358,10428,95.05
4522,1,587,358,10377,94.59
4523,1,587,358,10364,94.47
4524,1,587,358,10338,94.23
4525,1,587,358,10422,95.0
4526,1,587,358,10343,94.28
4527,1,587,358,10401,94.8
4528,1,587,358,10402,94.81
4529,1,587,358,10409,94.88
4530,1,587,358,10404,94.83
4531,1,587,357,10138,92.41
4532,1,587,358,10391,94.71
4533,1,587,358,10163,92.64
4534,1,587,358,10384,94.65
4535,1,587,357,10160,92.61
4536,1,587,358,10399,94.79
4537,1,587,358,10371,94.53
4538,1,587,358,10392,94.72
4539,1,587,358,10329,94.15
4540,1,587,358,10430,95.07
4541,1,587,358,10363,94.46
4542,1,587,358,10467,95.41
4543,1,587,357,10148,92.5
4544,1,587,357,10093,92.0
4545,1,587,358,10394,94.74
4546,1,587,358,10440,95.16
4547,1,587,358,10390,94.7
4548,1,587,358,10407,94.86
4549,1,587,358,10377,94.59
4550,1,587,358,10421,94.99
4551,1,587,358,10484,95.56
4552,1,587,358,10451,95.26
4553,1,587,358,10416,94.94
4554,1,587,358,10337,94.22
4555,1,587,358,10409,94.88
4556,1,587,358,10463,95.37
4557,1,587,358,10483,95.55
4558,1,587,358,10488,95.6
4559,1,587,358,10425,95.02
4560,1,587,358,10412,94.9
4561,1,587,358,10420,94.98
4562,1,587,358,10196,92.94
4563,1,587,358,10150,92.52
4564,1,587,358,10388,94.69
4565,1,587,357,10089,91.96
4566,1,587,358,10337,94.22
4567,1,587,358,10373,94.55
4568,1,587,358,10272,93.63
4569,1,587,358,10329,94.15
4570,1,587,358,10365,94.48
4571,1,587,357,10034,91.46
4572,1,587,358,10335,94.2
4573,1,587,358,10346,94.3
4574,1,587,358,10329,94.15
4575,1,587,358,10320,94.07
4576,1,587,358,10353,94.37
4577,1,587,358,10379,94.6
4578,1,587,358,10389,94.7
4579,1,587,357,10141,92.43
4580,1,587,358,10396,94.76
4581,1,587,357,10370,94.52
4582,1,587,358,10396,94.76
4583,1,587,357,10095,92.02
4584,1,587,358,10385,94.66
4585,1,587,357,10333,94.18
4586,1,587,357,10372,94.54
4587,1,587,358,10388,94.69
4588,1,587,357,10344,94.28
4589,1,587,357,10310,93.98
4590,1,587,357,10348,94.32
4591,1,587,358,10348,94.32
4592,1,587,358,10347,94.31
4593,1,587,358,10357,94.4
4594,1,587,358,10355,94.39
4595,1,587,358,10318,94.05
4596,1,587,358,10358,94.41
4597,1,587,358,10360,94.43
4598,1,587,358,10380,94.61
4599,1,587,358,10361,94.44
4600,1,587,358,10382,94.63
4601,1,587,358,10376,94.58
4602,1,587,358,10360,94.43
4603,1,587,357,10115,92.2
4604,1,587,358,10355,94.39
4605,1,587,357,10100,92.06
4606,1,587,358,10361,94.44
4607,1,587,358,10332,94.18
4608,1,587,358,10363,94.46
4609,1,587,358,10318,94.05
4610,1,587,358,10374,94.56
4611,1,587,358,10337,94.22
4612,1,587,358,10425,95.02
4613,1,587,358,10401,94.8
4614,1,587,358,10426,95.03
4615,1,587,357,10175,92.74
4616,1,587,358,10436,95.12
4617,1,587,357,10166,92.66
4618,1,587,358,10379,94.6
4619,1,587,358,10363,94.46
4620,1,587,358,10364,94.47
4621,1,587,358,10381,94.62
4622,1,587,358,10379,94.6
4623,1,587,358,10357,94.4
4624,1,587,358,10378,94.59
4625,1,587,358,10417,94.95
4626,1,587,358,10377,94.59
4627,1,587,358,10365,94.48
4628,1,587,358,10381,94.62
4629,1,587,358,10384,94.65
4630,1,587,358,10393,94.73
4631,1,587,358,10348,94.32
4632,1,587,357,10082,91.9
4633,1,587,358,10351,94.35
4634,1,587,358,10366,94.49
4635,1,587,358,10328,94.14
4636,1,587,358,10381,94.62
4637,1,587,358,10351,94.35
4638,1,587,358,10338,94.23
4639,1,587,357,10078,91.86
4640,1,587,358,10313,94.0
4641,1,587,358,10377,94.59
4642,1,587,357,10106,92.12
4643,1,587,358,10331,94.17
4644,1,587,358,10324,94.1
4645,1,587,358,10364,94.47
4646,1,587,358,10427,95.04
4647,1,587,357,10076,91.84
4648,1,587,358,10330,94.16
4649,1,587,358,10367,94.49
4650,1,587,357,10109,92.14
4651,1,587,357,10351,94.35
4652,1,587,357,10373,94.55
4653,1,587,357,10343,94.28
4654,1,587,358,10368,94.5
4655,1,587,358,10403,94.82
4656,1,587,357,10338,94.23
4657,1,587,357,10101,92.07
4658,1,587,358,10373,94.55
4659,1,587,358,10362,94.45
4660,1,587,358,10366,94.49
4661,1,587,358,10377,94.59
4662,1,587,358,10349,94.33
4663,1,587,358,10332,94.18
4664,1,587,358,10415,94.93
4665,1,587,357,10093,92.0
4666,1,587,358,10323,94.09
4667,1,587,357,10087,91.94
4668,1,587,358,10338,94.23
4669,1,587,358,10322,94.08
4670,1,587,358,10331,94.17
4671,1,587,358,10279,93.69
4672,1,587,358,10299,93.87
4673,1,587,358,10318,94.05
4674,1,587,358,10328,94.14
4675,1,587,358,10347,94.31
4676,1,587,358,10310,93.98
4677,1,587,358,10355,94.39
4678,1,587,358,10373,94.55
4679,1,587,358,10392,94.72
4680,1,587,358,10364,94.47
4681,1,587,358,10380,94.61
4682,1,587,358,10370,94.52
4683,1,587,358,10379,94.6
4684,1,587,358,10391,94.71
4685,1,587,358,10397,94.77
4686,1,587,357,10360,94.43
4687,1,587,358,10404,94.83
4688,1,587,358,10400,94.8
4689,1,587,358,10396,94.76
4690,1,587,357,10360,94.43
4691,1,587,357,10356,94.39
4692,1,587,358,10419,94.97
4693,1,587,358,10410,94.89
4694,1,587,358,10382,94.63
4695,1,587,358,10386,94.67
4696,1,587,358,10392,94.72
4697,1,587,358,10381,94.62
4698,1,587,358,10375,94.57
4699,1,587,358,10400,94.8
4700,1,587,358,10376,94.58
4701,1,587,358,10366,94.49
4702,1,587,358,10374,94.56
4703,1,587,358,10379,94.6
4704,1,587,358,10419,94.97
4705,1,587,358,10404,94.83
4706,1,587,358,10410,94.89
4707,1,587,358,10372,94.54
4708,1,587,358,10380,94.61
4709,1,587,358,10391,94.71
4710,1,587,357,10145,92.47
4711,1,587,358,10405,94.84
4712,1,587,358,10394,94.74
4713,1,587,358,10398,94.78
4714,1,587,358,10407,94.86
4715,1,587,358,10385,94.66
4716,1,587,358,10380,94.61
4717,1,587,358,10189,92.87
4718,1,587,357,10156,92.57
4719,1,587,357,10092,91.99
4720,1,587,358,10400,94.8
4721,1,587,358,10351,94.35
4722,1,587,358,10394,94.74
4723,1,587,358,10338,94.23
4724,1,587,358,10341,94.26
4725,1,587,358,10404,94.83
4726,1,587,358,10406,94.85
4727,1,587,358,10408,94.87
4728,1,587,358,10439,95.15
4729,1,587,358,10375,94.57
4730,1,587,358,10443,95.19
4731,1,587,358,10418,94.96
4732,1,587,358,10477,95.5
4733,1,587,358,10426,95.03
4734,1,587,358,10444,95.2
4735,1,587,358,10452,95.27
4736,1,587,358,10418,94.96
4737,1,587,357,10168,92.68
4738,1,587,358,10392,94.72
4739,1,587,358,10410,94.89
4740,1,587,358,10435,95.11
4741,1,587,358,10385,94.66
4742,1,587,357,10079,91.87
4743,1,587,358,10364,94.47
4744,1,587,358,10365,94.48
4745,1,587,358,10364,94.47
4746,1,587,358,10376,94.58
4747,1,587,357,10104,92.1
4748,1,587,358,10341,94.26
4749,1,587,357,10132,92.35
4750,1,587,357,10139,92.42
4751,1,587,358,10379,94.6
4752,1,587,357,10097,92.03
4753,1,587,358,10319,94.06
4754,1,587,358,10350,94.34
4755,1,587,357,10069,91.78
4756,1,587,357,10309,93.97
4757,1,587,358,10348,94.32
4758,1,587,357,10320,94.07
4759,1,587,357,10325,94.11
4760,1,587,358,10365,94.48
4761,1,587,358,10347,94.31
4762,1,587,358,10384,94.65
4763,1,587,358,10392,94.72
4764,1,587,358,10419,94.97
4765,1,587,358,10400,94.8
4766,1,587,358,10443,95.19
4767,1,587,358,10396,94.76
4768,1,587,358,10379,94.6
4769,1,587,358,10390,94.7
4770,1,587,358,10397,94.77
4771,1,587,358,10396,94.76
4772,1,587,358,10411,94.9
4773,1,587,358,10398,94.78
4774,1,587,357,10128,92.32
4775,1,587,358,10394,94.74
4776,1,587,358,10401,94.8
4777,1,587,358,10414,94.92
4778,1,587,358,10163,92.64
4779,1,587,358,10380,94.61
4780,1,587,358,10349,94.33
4781,1,587,358,10398,94.78
4782,1,587,357,10137,92.4
4783,1,587,358,10414,94.92
4784,1,587,357,10117,92.22
4785,1,587,357,10136,92.39
4786,1,587,357,10106,92.12
4787,1,587,358,10384,94.65
4788,1,587,357,10075,91.83
4789,1,587,358,10356,94.39
4790,1,587,358,10335,94.2
4791,1,587,357,10049,91.6
4792,1,587,358,10339,94.24
4793,1,587,358,10388,94.69
4794,1,587,357,10096,92.02
4795,1,587,358,10401,94.8
4796,1,587,358,10374,94.56
4797,1,587,358,10351,94.35
4798,1,587,358,10410,94.89
4799,1,587,358,10404,94.83
4800,1,587,357,10336,94.21
4801,1,587,358,10386,94.67
4802,1,587,358,10386,94.67
4803,1,587,358,10398,94.78
4804,1,587,358,10435,95.11
4805,1,587,358,10429,95.06
4806,1,587,358,10404,94.83
4807,1,587,358,10414,94.92
4808,1,587,358,10433,95.1
4809,1,587,358,10399,94.79
4810,1,587,358,10377,94.59
