frame,phase,drop_id,cx,cy,area_px,percentage,detection_method,distance_px,velocity_px_per_s,velocity_mm_s
772,falling,1,1099,70,5634,100.0,sam2,,,
773,falling,1,1101,93,5744,101.95,sam2,23.087,69185.727,1054.259
774,falling,1,1102,116,5589,99.2,sam2,23.022,68990.746,1051.288
775,falling,1,1104,139,5800,102.95,sam2,23.087,69185.727,1054.259
776,falling,1,1105,162,5721,101.54,sam2,23.022,68990.746,1051.288
777,falling,1,1107,185,5721,101.54,sam2,23.087,69185.727,1054.259
778,falling,1,1108,209,5576,98.97,sam2,24.021,71984.801,1096.911
779,falling,1,1110,232,5740,101.88,sam2,23.087,69185.727,1054.259
780,falling,1,1111,255,5831,103.5,sam2,23.022,68990.746,1051.288
781,falling,1,1113,278,5902,104.76,sam2,23.087,69185.727,1054.259
782,falling,1,1115,302,5920,105.08,sam2,24.083,72171.694,1099.759
783,falling,1,1116,326,5727,101.65,sam2,24.021,71984.801,1096.911
784,falling,1,1117,350,5912,104.93,sam2,24.021,71984.801,1096.911
785,falling,1,1118,369,5412,96.06,sam2,19.026,57017.371,868.836
786,falling,1,1123,383,4724,83.85,sam2,14.866,44550.137,678.859
787,falling,1,1120,400,7046,125.06,sam2,17.263,51732.21,788.3
788,falling,1,1119,401,6945,123.27,sam2,1.414,4238.068,64.58
789,falling,1,1119,401,7567,134.31,sam2,0.0,0.0,0.0
790,falling,1,1125,391,4802,85.23,sam2,11.662,34948.002,532.541
791,falling,1,1127,390,4621,82.02,sam2,2.236,6700.974,102.11
792,falling,1,1124,400,7776,138.02,sam2,10.44,31287.161,476.757
793,falling,1,1128,401,7892,140.08,sam2,4.123,12355.985,188.282
794,falling,1,1128,399,7440,132.06,sam2,2.0,5993.533,91.33
795,falling,1,1129,391,8190,145.37,sam2,8.062,24160.704,368.163
796,falling,1,1129,383,9262,164.39,sam2,8.0,23974.132,365.32
797,falling,1,1130,376,9788,173.73,sam2,7.071,21190.339,322.9
798,falling,1,1130,372,10295,182.73,sam2,4.0,11987.066,182.66
799,falling,1,1130,367,10583,187.84,sam2,5.0,14983.832,228.325
800,falling,1,1130,361,10792,191.55,sam2,6.0,17980.599,273.99
801,falling,1,1130,356,10776,191.27,sam2,5.0,14983.832,228.325
802,falling,1,1129,354,11115,197.28,sam2,2.236,6700.974,102.11
803,falling,1,1129,370,9515,168.89,sam2,16.0,47948.264,730.64
803,falling,2,1128,202,989,17.55,sam2,,,
804,falling,1,1129,372,9670,171.64,sam2,2.0,5993.533,91.33
804,falling,2,1127,189,1046,18.57,sam2,13.038,39073.055,595.399
805,falling,1,1129,372,9535,169.24,sam2,0.0,0.0,0.0
805,falling,2,1127,175,1128,20.02,sam2,14.0,41954.731,639.31
806,falling,1,1128,376,9768,173.38,sam2,4.123,12355.985,188.282
806,falling,2,1127,162,1163,20.64,sam2,13.0,38957.964,593.645
807,falling,1,1127,376,9376,166.42,sam2,1.0,2996.766,45.665
807,falling,2,1127,149,1097,19.47,sam2,13.0,38957.964,593.645
808,falling,1,1126,378,9055,160.72,sam2,2.236,6700.974,102.11
808,falling,2,1126,135,1059,18.8,sam2,14.036,42061.622,640.939
809,falling,1,1124,395,7277,129.16,sam2,17.117,51296.38,781.659
809,falling,2,1129,299,1117,19.83,sam2,164.027,491551.926,7490.315
809,falling,3,1126,122,1017,18.05,sam2,,,
810,falling,1,1124,400,7108,126.16,sam2,5.0,14983.832,228.325
810,falling,2,1126,109,1065,18.9,sam2,190.024,569456.605,8677.434
810,falling,3,1129,303,1020,18.1,sam2,181.025,542489.235,8266.503
811,falling,1,1124,401,7136,126.66,sam2,1.0,2996.766,45.665
811,falling,2,1125,96,1085,19.26,sam2,13.038,39073.055,595.399
811,falling,3,1129,308,1064,18.89,sam2,5.0,14983.832,228.325
812,falling,1,1123,401,6773,120.22,sam2,1.0,2996.766,45.665
812,falling,2,1129,313,1120,19.88,sam2,217.037,650408.799,9910.991
812,falling,3,1125,83,1054,18.71,sam2,225.036,674379.003,10276.251
813,falling,1,1122,401,6285,111.55,sam2,1.0,2996.766,45.665
813,falling,2,1129,318,1137,20.18,sam2,5.0,14983.832,228.325
813,falling,3,1125,70,1004,17.82,sam2,13.0,38957.964,593.645
814,falling,1,1121,401,6203,110.1,sam2,1.0,2996.766,45.665
814,falling,2,1129,322,1094,19.42,sam2,4.0,11987.066,182.66
814,falling,3,1125,58,983,17.45,sam2,12.0,35961.198,547.98
815,falling,1,1121,401,6621,117.52,sam2,0.0,0.0,0.0
815,falling,2,1130,327,1067,18.94,sam2,5.099,15280.571,232.847
815,falling,3,1124,45,1015,18.02,sam2,13.038,39073.055,595.399
816,falling,1,1119,400,7115,126.29,sam2,2.236,6700.974,102.11
816,falling,2,1130,332,1063,18.87,sam2,5.0,14983.832,228.325
816,falling,3,1124,33,1053,18.69,sam2,12.0,35961.198,547.98
817,falling,1,1117,401,8003,142.05,sam2,2.236,6700.974,102.11
817,falling,2,1130,337,1093,19.4,sam2,5.0,14983.832,228.325
817,falling,3,1124,21,1002,17.78,sam2,12.0,35961.198,547.98
818,falling,1,1119,393,9347,165.9,sam2,8.246,24711.97,376.563
818,falling,2,1123,12,696,12.35,sam2,325.075,974174.993,14844.571
819,falling,1,1119,393,9175,162.85,sam2,0.0,0.0,0.0
819,falling,2,1122,4,319,5.66,sam2,8.062,24160.704,368.163
820,falling,1,1121,395,9547,169.45,sam2,2.828,8476.136,129.16
821,falling,1,1123,401,10644,188.92,sam2,6.325,18953.215,288.811
822,falling,1,1123,402,10850,192.58,sam2,1.0,2996.766,45.665
823,falling,1,1121,395,9354,166.03,sam2,7.28,21816.789,332.446
824,falling,1,1120,402,7844,139.23,sam2,7.071,21190.339,322.9
824,falling,2,1138,341,889,15.78,sam2,337.38,202209.581,3081.289
825,falling,1,1120,401,7188,127.58,sam2,1.0,2996.766,45.665
825,falling,2,1140,340,934,16.58,sam2,2.236,6700.974,102.11
826,falling,1,1120,401,7022,124.64,sam2,0.0,0.0,0.0
826,falling,2,1142,338,1051,18.65,sam2,2.828,8476.136,129.16
827,falling,1,1119,401,6591,116.99,sam2,1.0,2996.766,45.665
827,falling,2,1144,337,1077,19.12,sam2,2.236,6700.974,102.11
828,falling,1,1120,401,6837,121.35,sam2,1.0,2996.766,45.665
828,falling,2,1146,335,1111,19.72,sam2,2.828,8476.136,129.16
829,falling,1,1120,401,7070,125.49,sam2,0.0,0.0,0.0
829,falling,2,1148,334,1024,18.18,sam2,2.236,6700.974,102.11
830,falling,1,1120,401,7225,128.24,sam2,0.0,0.0,0.0
830,falling,2,1150,333,966,17.15,sam2,2.236,6700.974,102.11
831,falling,1,1121,400,7525,133.56,sam2,1.414,4238.068,64.58
831,falling,2,1152,332,1084,19.24,sam2,2.236,6700.974,102.11
832,falling,1,1122,399,7466,132.52,sam2,1.414,4238.068,64.58
832,falling,2,1154,331,1126,19.99,sam2,2.236,6700.974,102.11
833,falling,1,1123,398,7251,128.7,sam2,1.414,4238.068,64.58
833,falling,2,1156,330,1093,19.4,sam2,2.236,6700.974,102.11
834,falling,1,1125,398,7446,132.16,sam2,2.0,5993.533,91.33
834,falling,2,1158,329,1060,18.81,sam2,2.236,6700.974,102.11
835,falling,1,1128,417,11025,195.69,sam2,19.235,57643.954,878.384
835,falling,2,1159,328,999,17.73,sam2,1.414,4238.068,64.58
836,falling,1,1128,417,11045,196.04,sam2,0.0,0.0,0.0
836,falling,2,1161,327,1038,18.42,sam2,2.236,6700.974,102.11
837,falling,1,1128,407,9255,164.27,sam2,10.0,29967.665,456.65
837,falling,2,1163,326,1098,19.49,sam2,2.236,6700.974,102.11
838,falling,1,1127,404,8607,152.77,sam2,3.162,9476.608,144.405
838,falling,2,1165,326,1039,18.44,sam2,2.0,5993.533,91.33
839,falling,1,1127,399,7544,133.9,sam2,5.0,14983.832,228.325
839,falling,2,1167,325,1022,18.14,sam2,2.236,6700.974,102.11
840,falling,1,1127,400,7340,130.28,sam2,1.0,2996.766,45.665
840,falling,2,1169,325,1019,18.09,sam2,2.0,5993.533,91.33
841,falling,1,1127,400,7084,125.74,sam2,0.0,0.0,0.0
841,falling,2,1171,324,1064,18.89,sam2,2.236,6700.974,102.11
842,falling,1,1126,400,6875,122.03,sam2,1.0,2996.766,45.665
842,falling,2,1173,324,1063,18.87,sam2,2.0,5993.533,91.33
843,falling,1,1127,402,7105,126.11,sam2,2.236,6700.974,102.11
843,falling,2,1175,323,1107,19.65,sam2,2.236,6700.974,102.11
844,falling,1,1126,401,6895,122.38,sam2,1.414,4238.068,64.58
844,falling,2,1177,323,1043,18.51,sam2,2.0,5993.533,91.33
845,falling,1,1126,400,7004,124.32,sam2,1.0,2996.766,45.665
845,falling,2,1178,323,1037,18.41,sam2,1.0,2996.766,45.665
846,falling,1,1126,400,7256,128.79,sam2,0.0,0.0,0.0
846,falling,2,1180,323,1082,19.2,sam2,2.0,5993.533,91.33
847,falling,1,1125,400,7331,130.12,sam2,1.0,2996.766,45.665
847,falling,2,1182,323,1084,19.24,sam2,2.0,5993.533,91.33
848,falling,1,1124,400,7477,132.71,sam2,1.0,2996.766,45.665
848,falling,2,1184,323,1058,18.78,sam2,2.0,5993.533,91.33
849,falling,1,1123,400,7647,135.73,sam2,1.0,2996.766,45.665
849,falling,2,1186,323,1051,18.65,sam2,2.0,5993.533,91.33
850,falling,1,1123,400,7875,139.78,sam2,0.0,0.0,0.0
850,falling,2,1188,323,1052,18.67,sam2,2.0,5993.533,91.33
851,falling,1,1122,400,7882,139.9,sam2,1.0,2996.766,45.665
851,falling,2,1190,324,1089,19.33,sam2,2.236,6700.974,102.11
852,falling,1,1122,403,8374,148.63,sam2,3.0,8990.299,136.995
852,falling,2,1192,324,1100,19.52,sam2,2.0,5993.533,91.33
853,falling,1,1121,399,7652,135.82,sam2,4.123,12355.985,188.282
853,falling,2,1194,324,1084,19.24,sam2,2.0,5993.533,91.33
854,falling,1,1121,399,7371,130.83,sam2,0.0,0.0,0.0
854,falling,2,1196,325,1097,19.47,sam2,2.236,6700.974,102.11
855,falling,1,1120,399,7187,127.56,sam2,1.0,2996.766,45.665
855,falling,2,1197,325,1076,19.1,sam2,1.0,2996.766,45.665
856,falling,1,1120,400,7282,129.25,sam2,1.0,2996.766,45.665
856,falling,2,1199,326,1068,18.96,sam2,2.236,6700.974,102.11
857,falling,1,1120,401,7250,128.68,sam2,1.0,2996.766,45.665
857,falling,2,1201,327,1108,19.67,sam2,2.236,6700.974,102.11
858,falling,1,1119,401,6957,123.48,sam2,1.0,2996.766,45.665
858,falling,2,1203,328,1063,18.87,sam2,2.236,6700.974,102.11
859,falling,1,1120,401,7237,128.45,sam2,1.0,2996.766,45.665
859,falling,2,1204,328,1068,18.96,sam2,1.0,2996.766,45.665
860,falling,1,1120,401,7313,129.8,sam2,0.0,0.0,0.0
860,falling,2,1206,329,1109,19.68,sam2,2.236,6700.974,102.11
861,falling,1,1120,400,7265,128.95,sam2,1.0,2996.766,45.665
861,falling,2,1207,330,1072,19.03,sam2,1.414,4238.068,64.58
862,falling,1,1121,402,7864,139.58,sam2,2.236,6700.974,102.11
862,falling,2,1209,331,1049,18.62,sam2,2.236,6700.974,102.11
863,falling,1,1121,401,7870,139.69,sam2,1.0,2996.766,45.665
863,falling,2,1212,333,1096,19.45,sam2,3.606,10804.995,164.648
864,falling,1,1121,399,7342,130.32,sam2,2.0,5993.533,91.33
864,falling,2,1212,333,987,17.52,sam2,0.0,0.0,0.0
865,falling,1,1122,402,8194,145.44,sam2,3.162,9476.608,144.405
865,falling,2,1217,335,1155,20.5,sam2,5.385,16138.081,245.914
866,falling,1,1123,402,8120,144.12,sam2,1.0,2996.766,45.665
866,falling,2,1216,335,1088,19.31,sam2,1.0,2996.766,45.665
867,falling,1,1124,401,7871,139.71,sam2,1.414,4238.068,64.58
867,falling,2,1219,338,1178,20.91,sam2,4.243,12714.203,193.74
868,falling,1,1123,399,7335,130.19,sam2,2.236,6700.974,102.11
868,falling,2,1219,339,1097,19.47,sam2,1.0,2996.766,45.665
869,falling,1,1124,401,7746,137.49,sam2,2.236,6700.974,102.11
869,falling,2,1222,341,1191,21.14,sam2,3.606,10804.995,164.648
870,falling,1,1125,402,7866,139.62,sam2,1.414,4238.068,64.58
870,falling,2,1222,342,1013,17.98,sam2,1.0,2996.766,45.665
871,falling,1,1125,400,7225,128.24,sam2,2.0,5993.533,91.33
871,falling,2,1222,343,911,16.17,sam2,1.0,2996.766,45.665
872,falling,1,1126,402,7576,134.47,sam2,2.236,6700.974,102.11
872,falling,2,1226,345,1029,18.26,sam2,4.472,13401.947,204.22
873,falling,1,1127,401,7286,129.32,sam2,1.414,4238.068,64.58
873,falling,2,1225,346,828,14.7,sam2,1.414,4238.068,64.58
874,falling,1,1127,401,7206,127.9,sam2,0.0,0.0,0.0
874,falling,2,1226,346,829,14.71,sam2,1.0,2996.766,45.665
875,falling,1,1127,401,7306,129.68,sam2,0.0,0.0,0.0
875,falling,2,1227,349,759,13.47,sam2,3.162,9476.608,144.405
876,falling,1,1126,401,7397,131.29,sam2,1.0,2996.766,45.665
877,falling,1,1125,400,7102,126.06,sam2,1.414,4238.068,64.58
878,falling,1,1126,400,7318,129.89,sam2,1.0,2996.766,45.665
879,falling,1,1126,400,7426,131.81,sam2,0.0,0.0,0.0
880,falling,1,1125,400,7486,132.87,sam2,1.0,2996.766,45.665
881,falling,1,1125,400,7523,133.53,sam2,0.0,0.0,0.0
882,falling,1,1124,400,7613,135.13,sam2,1.0,2996.766,45.665
883,falling,1,1123,400,7380,130.99,sam2,1.0,2996.766,45.665
884,falling,1,1124,401,7599,134.88,sam2,1.414,4238.068,64.58
885,falling,1,1123,400,7346,130.39,sam2,1.414,4238.068,64.58
886,falling,1,1123,402,7502,133.16,sam2,2.0,5993.533,91.33
887,falling,1,1123,402,7402,131.38,sam2,0.0,0.0,0.0
888,falling,1,1122,400,6966,123.64,sam2,2.236,6700.974,102.11
889,falling,1,1122,401,7289,129.38,sam2,1.0,2996.766,45.665
890,falling,1,1122,402,7483,132.82,sam2,1.0,2996.766,45.665
891,falling,1,1121,400,7002,124.28,sam2,2.236,6700.974,102.11
892,falling,1,1121,401,7310,129.75,sam2,1.0,2996.766,45.665
893,falling,1,1122,402,7845,139.24,sam2,1.414,4238.068,64.58
894,falling,1,1122,401,7732,137.24,sam2,1.0,2996.766,45.665
895,falling,1,1122,401,7742,137.42,sam2,0.0,0.0,0.0
896,falling,1,1121,399,7279,129.2,sam2,2.236,6700.974,102.11
897,falling,1,1122,401,7613,135.13,sam2,2.236,6700.974,102.11
898,falling,1,1122,402,7803,138.5,sam2,1.0,2996.766,45.665
899,falling,1,1122,399,7149,126.89,sam2,3.0,8990.299,136.995
900,falling,1,1122,400,7151,126.93,sam2,1.0,2996.766,45.665
901,falling,1,1123,402,7547,133.95,sam2,2.236,6700.974,102.11
902,falling,1,1123,401,7401,131.36,sam2,1.0,2996.766,45.665
903,falling,1,1124,402,7374,130.88,sam2,1.414,4238.068,64.58
904,falling,1,1124,401,7254,128.75,sam2,1.0,2996.766,45.665
905,falling,1,1124,401,7280,129.22,sam2,0.0,0.0,0.0
906,falling,1,1125,401,7353,130.51,sam2,1.0,2996.766,45.665
907,falling,1,1124,400,7082,125.7,sam2,1.414,4238.068,64.58
908,falling,1,1124,399,7087,125.79,sam2,1.0,2996.766,45.665
909,falling,1,1125,401,7608,135.04,sam2,2.236,6700.974,102.11
910,falling,1,1125,401,7592,134.75,sam2,0.0,0.0,0.0
911,falling,1,1125,402,7770,137.91,sam2,1.0,2996.766,45.665
912,falling,1,1125,401,7628,135.39,sam2,1.0,2996.766,45.665
913,falling,1,1124,401,7514,133.37,sam2,1.0,2996.766,45.665
914,falling,1,1124,401,7487,132.89,sam2,0.0,0.0,0.0
915,falling,1,1125,401,7510,133.3,sam2,1.0,2996.766,45.665
916,falling,1,1125,401,7490,132.94,sam2,0.0,0.0,0.0
917,falling,1,1124,401,7450,132.23,sam2,1.0,2996.766,45.665
918,falling,1,1124,402,7553,134.06,sam2,1.0,2996.766,45.665
919,falling,1,1123,400,7103,126.07,sam2,2.236,6700.974,102.11
920,falling,1,1124,402,7472,132.62,sam2,2.236,6700.974,102.11
921,falling,1,1124,402,7517,133.42,sam2,0.0,0.0,0.0
922,falling,1,1123,402,7567,134.31,sam2,1.0,2996.766,45.665
923,falling,1,1123,401,7556,134.11,sam2,1.0,2996.766,45.665
924,falling,1,1123,402,7788,138.23,sam2,1.0,2996.766,45.665
925,falling,1,1123,402,7810,138.62,sam2,0.0,0.0,0.0
926,falling,1,1123,402,7851,139.35,sam2,0.0,0.0,0.0
927,falling,1,1123,402,7826,138.91,sam2,0.0,0.0,0.0
928,falling,1,1123,402,7754,137.63,sam2,0.0,0.0,0.0
929,falling,1,1123,402,7723,137.08,sam2,0.0,0.0,0.0
930,falling,1,1122,403,7953,141.16,sam2,1.414,4238.068,64.58
931,falling,1,1123,402,7779,138.07,sam2,1.414,4238.068,64.58
932,falling,1,1123,402,7626,135.36,sam2,0.0,0.0,0.0
933,falling,1,1123,402,7606,135.0,sam2,0.0,0.0,0.0
934,falling,1,1123,402,7490,132.94,sam2,0.0,0.0,0.0
935,falling,1,1123,402,7481,132.78,sam2,0.0,0.0,0.0
936,falling,1,1123,402,7561,134.2,sam2,0.0,0.0,0.0
937,falling,1,1123,401,7412,131.56,sam2,1.0,2996.766,45.665
938,falling,1,1125,402,7801,138.46,sam2,2.236,6700.974,102.11
939,falling,1,1124,401,7513,133.35,sam2,1.414,4238.068,64.58
940,falling,1,1124,402,7867,139.63,sam2,1.0,2996.766,45.665
941,falling,1,1124,401,7733,137.26,sam2,1.0,2996.766,45.665
942,falling,1,1124,402,7741,137.4,sam2,1.0,2996.766,45.665
943,falling,1,1125,401,7716,136.95,sam2,1.414,4238.068,64.58
944,falling,1,1124,402,7666,136.07,sam2,1.414,4238.068,64.58
945,falling,1,1125,401,7586,134.65,sam2,1.414,4238.068,64.58
946,falling,1,1124,401,7513,133.35,sam2,1.0,2996.766,45.665
947,falling,1,1125,401,7526,133.58,sam2,1.0,2996.766,45.665
948,falling,1,1124,401,7411,131.54,sam2,1.0,2996.766,45.665
949,falling,1,1125,402,7575,134.45,sam2,1.414,4238.068,64.58
950,falling,1,1124,400,7182,127.48,sam2,2.236,6700.974,102.11
951,falling,1,1124,400,7169,127.25,sam2,0.0,0.0,0.0
952,falling,1,1124,401,7534,133.72,sam2,1.0,2996.766,45.665
953,falling,1,1124,401,7418,131.66,sam2,0.0,0.0,0.0
954,falling,1,1124,401,7580,134.54,sam2,0.0,0.0,0.0
955,falling,1,1124,401,7607,135.02,sam2,0.0,0.0,0.0
956,falling,1,1124,402,7701,136.69,sam2,1.0,2996.766,45.665
957,falling,1,1124,401,7647,135.73,sam2,1.0,2996.766,45.665
958,falling,1,1124,402,7794,138.34,sam2,1.0,2996.766,45.665
959,falling,1,1123,402,7742,137.42,sam2,1.0,2996.766,45.665
960,falling,1,1123,402,7630,135.43,sam2,0.0,0.0,0.0
961,falling,1,1123,402,7724,137.1,sam2,0.0,0.0,0.0
962,falling,1,1123,402,7596,134.82,sam2,0.0,0.0,0.0
963,falling,1,1123,402,7550,134.01,sam2,0.0,0.0,0.0
964,falling,1,1123,402,7545,133.92,sam2,0.0,0.0,0.0
965,falling,1,1123,402,7621,135.27,sam2,0.0,0.0,0.0
966,falling,1,1123,401,7511,133.32,sam2,1.0,2996.766,45.665
967,falling,1,1123,401,7518,133.44,sam2,0.0,0.0,0.0
968,falling,1,1123,402,7664,136.03,sam2,1.0,2996.766,45.665
969,falling,1,1123,402,7620,135.25,sam2,0.0,0.0,0.0
970,falling,1,1123,400,7237,128.45,sam2,2.0,5993.533,91.33
971,falling,1,1123,399,7180,127.44,sam2,1.0,2996.766,45.665
972,falling,1,1123,402,7658,135.92,sam2,3.0,8990.299,136.995
973,falling,1,1123,401,7573,134.42,sam2,1.0,2996.766,45.665
974,falling,1,1123,401,7462,132.45,sam2,0.0,0.0,0.0
975,falling,1,1123,402,7622,135.29,sam2,1.0,2996.766,45.665
976,falling,1,1123,401,7442,132.09,sam2,1.0,2996.766,45.665
977,falling,1,1124,402,7574,134.43,sam2,1.414,4238.068,64.58
978,falling,1,1123,399,7018,124.57,sam2,3.162,9476.608,144.405
979,falling,1,1124,402,7560,134.19,sam2,3.162,9476.608,144.405
980,falling,1,1124,401,7520,133.48,sam2,1.0,2996.766,45.665
981,falling,1,1124,402,7563,134.24,sam2,1.0,2996.766,45.665
982,falling,1,1124,401,7514,133.37,sam2,1.0,2996.766,45.665
983,falling,1,1124,402,7598,134.86,sam2,1.0,2996.766,45.665
984,falling,1,1124,401,7508,133.26,sam2,1.0,2996.766,45.665
985,falling,1,1124,401,7580,134.54,sam2,0.0,0.0,0.0
986,falling,1,1124,401,7542,133.87,sam2,0.0,0.0,0.0
987,falling,1,1123,399,7039,124.94,sam2,2.236,6700.974,102.11
988,falling,1,1123,399,7082,125.7,sam2,0.0,0.0,0.0
989,falling,1,1124,401,7501,133.14,sam2,2.236,6700.974,102.11
990,falling,1,1124,401,7580,134.54,sam2,0.0,0.0,0.0
991,falling,1,1124,401,7479,132.75,sam2,0.0,0.0,0.0
992,falling,1,1124,402,7741,137.4,sam2,1.0,2996.766,45.665
993,falling,1,1123,401,7479,132.75,sam2,1.414,4238.068,64.58
994,falling,1,1123,401,7459,132.39,sam2,0.0,0.0,0.0
995,falling,1,1123,401,7477,132.71,sam2,0.0,0.0,0.0
996,falling,1,1123,401,7454,132.3,sam2,0.0,0.0,0.0
997,falling,1,1124,402,7668,136.1,sam2,1.414,4238.068,64.58
998,falling,1,1123,402,7575,134.45,sam2,1.0,2996.766,45.665
999,falling,1,1123,402,7617,135.2,sam2,0.0,0.0,0.0
1000,falling,1,1123,400,7278,129.18,sam2,2.0,5993.533,91.33
1001,falling,1,1123,402,7675,136.23,sam2,2.0,5993.533,91.33
1002,falling,1,1123,402,7636,135.53,sam2,0.0,0.0,0.0
1003,falling,1,1123,401,7532,133.69,sam2,1.0,2996.766,45.665
1004,falling,1,1124,403,7836,139.08,sam2,2.236,6700.974,102.11
1005,falling,1,1123,403,7802,138.48,sam2,1.0,2996.766,45.665
1006,falling,1,1123,402,7673,136.19,sam2,1.0,2996.766,45.665
1007,falling,1,1123,402,7699,136.65,sam2,0.0,0.0,0.0
1008,falling,1,1123,401,7545,133.92,sam2,1.0,2996.766,45.665
1009,falling,1,1124,402,7666,136.07,sam2,1.414,4238.068,64.58
1010,falling,1,1124,402,7669,136.12,sam2,0.0,0.0,0.0
1011,falling,1,1124,402,7610,135.07,sam2,0.0,0.0,0.0
1012,falling,1,1124,401,7535,133.74,sam2,1.0,2996.766,45.665
1013,falling,1,1124,401,7512,133.33,sam2,0.0,0.0,0.0
1014,falling,1,1124,401,7559,134.17,sam2,0.0,0.0,0.0
1015,falling,1,1123,400,7275,129.13,sam2,1.414,4238.068,64.58
1016,falling,1,1124,402,7612,135.11,sam2,2.236,6700.974,102.11
1017,falling,1,1124,402,7686,136.42,sam2,0.0,0.0,0.0
1018,falling,1,1124,401,7589,134.7,sam2,1.0,2996.766,45.665
1019,falling,1,1124,402,7790,138.27,sam2,1.0,2996.766,45.665
1020,falling,1,1124,402,7644,135.68,sam2,0.0,0.0,0.0
1021,falling,1,1124,402,7624,135.32,sam2,0.0,0.0,0.0
1022,falling,1,1124,401,7572,134.4,sam2,1.0,2996.766,45.665
1023,falling,1,1124,402,7626,135.36,sam2,1.0,2996.766,45.665
1024,falling,1,1124,402,7621,135.27,sam2,0.0,0.0,0.0
1025,falling,1,1124,401,7535,133.74,sam2,1.0,2996.766,45.665
1026,falling,1,1124,401,7516,133.4,sam2,0.0,0.0,0.0
1027,falling,1,1124,402,7562,134.22,sam2,1.0,2996.766,45.665
1028,falling,1,1124,401,7513,133.35,sam2,1.0,2996.766,45.665
1029,falling,1,1124,402,7610,135.07,sam2,1.0,2996.766,45.665
1030,falling,1,1124,402,7664,136.03,sam2,0.0,0.0,0.0
1031,falling,1,1124,402,7631,135.45,sam2,0.0,0.0,0.0
1032,falling,1,1124,401,7629,135.41,sam2,1.0,2996.766,45.665
1033,falling,1,1124,401,7624,135.32,sam2,0.0,0.0,0.0
1034,falling,1,1123,400,7215,128.06,sam2,1.414,4238.068,64.58
1035,falling,1,1123,402,7645,135.69,sam2,2.0,5993.533,91.33
1036,falling,1,1124,402,7713,136.9,sam2,1.0,2996.766,45.665
1037,falling,1,1123,402,7604,134.97,sam2,1.0,2996.766,45.665
1038,falling,1,1123,401,7521,133.49,sam2,1.0,2996.766,45.665
1039,falling,1,1123,401,7503,133.17,sam2,0.0,0.0,0.0
1040,falling,1,1123,401,7533,133.71,sam2,0.0,0.0,0.0
1041,falling,1,1124,402,7619,135.23,sam2,1.414,4238.068,64.58
1042,falling,1,1123,402,7640,135.61,sam2,1.0,2996.766,45.665
1043,falling,1,1124,402,7761,137.75,sam2,1.0,2996.766,45.665
1044,falling,1,1123,400,7173,127.32,sam2,2.236,6700.974,102.11
1045,falling,1,1124,402,7633,135.48,sam2,2.236,6700.974,102.11
1046,falling,1,1124,401,7618,135.21,sam2,1.0,2996.766,45.665
1047,falling,1,1124,402,7648,135.75,sam2,1.0,2996.766,45.665
1048,falling,1,1123,401,7558,134.15,sam2,1.414,4238.068,64.58
1049,falling,1,1124,403,7846,139.26,sam2,2.236,6700.974,102.11
1050,falling,1,1124,401,7577,134.49,sam2,2.0,5993.533,91.33
1051,falling,1,1124,402,7698,136.63,sam2,1.0,2996.766,45.665
1052,falling,1,1124,401,7561,134.2,sam2,1.0,2996.766,45.665
1053,falling,1,1124,401,7576,134.47,sam2,0.0,0.0,0.0
1054,falling,1,1124,401,7489,132.93,sam2,0.0,0.0,0.0
1055,falling,1,1124,401,7526,133.58,sam2,0.0,0.0,0.0
1056,falling,1,1124,401,7498,133.08,sam2,0.0,0.0,0.0
1057,falling,1,1123,400,7075,125.58,sam2,1.414,4238.068,64.58
1058,falling,1,1124,401,7541,133.85,sam2,1.414,4238.068,64.58
1059,falling,1,1124,402,7700,136.67,sam2,1.0,2996.766,45.665
1060,falling,1,1124,401,7483,132.82,sam2,1.0,2996.766,45.665
1061,falling,1,1124,402,7723,137.08,sam2,1.0,2996.766,45.665
1062,falling,1,1124,401,7595,134.81,sam2,1.0,2996.766,45.665
1063,falling,1,1124,402,7639,135.59,sam2,1.0,2996.766,45.665
1064,falling,1,1122,399,7050,125.13,sam2,3.606,10804.995,164.648
1065,falling,1,1123,400,7136,126.66,sam2,1.414,4238.068,64.58
1066,falling,1,1123,400,7132,126.59,sam2,0.0,0.0,0.0
1067,falling,1,1123,401,7409,131.51,sam2,1.0,2996.766,45.665
1068,falling,1,1122,399,6988,124.03,sam2,2.236,6700.974,102.11
1069,falling,1,1124,402,7653,135.84,sam2,3.606,10804.995,164.648
1070,falling,1,1123,401,7375,130.9,sam2,1.414,4238.068,64.58
1071,falling,1,1123,401,7449,132.22,sam2,0.0,0.0,0.0
1072,falling,1,1123,401,7414,131.59,sam2,0.0,0.0,0.0
1073,falling,1,1123,402,7630,135.43,sam2,1.0,2996.766,45.665
1074,falling,1,1123,404,8069,143.22,sam2,2.0,5993.533,91.33
1075,falling,1,1124,402,7736,137.31,sam2,2.236,6700.974,102.11
1076,falling,1,1123,402,7607,135.02,sam2,1.0,2996.766,45.665
1077,falling,1,1123,402,7590,134.72,sam2,0.0,0.0,0.0
1078,falling,1,1123,402,7693,136.55,sam2,0.0,0.0,0.0
1079,falling,1,1123,401,7549,133.99,sam2,1.0,2996.766,45.665
1080,falling,1,1124,402,7768,137.88,sam2,1.414,4238.068,64.58
1081,falling,1,1124,402,7817,138.75,sam2,0.0,0.0,0.0
1082,falling,1,1124,403,7903,140.27,sam2,1.0,2996.766,45.665
1083,falling,1,1124,402,7685,136.4,sam2,1.0,2996.766,45.665
1084,falling,1,1124,401,7555,134.1,sam2,1.0,2996.766,45.665
1085,falling,1,1124,402,7684,136.39,sam2,1.0,2996.766,45.665
1086,falling,1,1124,402,7761,137.75,sam2,0.0,0.0,0.0
1087,falling,1,1124,402,7672,136.17,sam2,0.0,0.0,0.0
1088,falling,1,1124,402,7694,136.56,sam2,0.0,0.0,0.0
1089,falling,1,1124,401,7474,132.66,sam2,1.0,2996.766,45.665
1090,falling,1,1124,402,7763,137.79,sam2,1.0,2996.766,45.665
1091,falling,1,1124,403,7819,138.78,sam2,1.0,2996.766,45.665
1092,falling,1,1124,402,7731,137.22,sam2,1.0,2996.766,45.665
1093,falling,1,1124,403,7816,138.73,sam2,1.0,2996.766,45.665
1094,falling,1,1123,400,7195,127.71,sam2,3.162,9476.608,144.405
1095,falling,1,1124,402,7655,135.87,sam2,2.236,6700.974,102.11
1096,falling,1,1124,402,7638,135.57,sam2,0.0,0.0,0.0
1097,falling,1,1124,402,7653,135.84,sam2,0.0,0.0,0.0
1098,falling,1,1124,402,7702,136.71,sam2,0.0,0.0,0.0
1099,falling,1,1124,402,7597,134.84,sam2,0.0,0.0,0.0
1100,falling,1,1124,402,7587,134.66,sam2,0.0,0.0,0.0
1101,falling,1,1124,403,7784,138.16,sam2,1.0,2996.766,45.665
1102,falling,1,1123,400,7201,127.81,sam2,3.162,9476.608,144.405
1103,falling,1,1124,401,7551,134.03,sam2,1.414,4238.068,64.58
1104,falling,1,1124,401,7556,134.11,sam2,0.0,0.0,0.0
1105,falling,1,1124,401,7585,134.63,sam2,0.0,0.0,0.0
1106,falling,1,1123,401,7562,134.22,sam2,1.0,2996.766,45.665
1107,falling,1,1124,403,7814,138.69,sam2,2.236,6700.974,102.11
1108,falling,1,1124,401,7580,134.54,sam2,2.0,5993.533,91.33
1109,falling,1,1123,402,7594,134.79,sam2,1.414,4238.068,64.58
1110,falling,1,1124,403,7800,138.45,sam2,1.414,4238.068,64.58
1111,falling,1,1124,402,7741,137.4,sam2,1.0,2996.766,45.665
1112,falling,1,1123,402,7616,135.18,sam2,1.0,2996.766,45.665
1113,falling,1,1124,402,7701,136.69,sam2,1.0,2996.766,45.665
1114,falling,1,1124,402,7722,137.06,sam2,0.0,0.0,0.0
1115,falling,1,1123,402,7672,136.17,sam2,1.0,2996.766,45.665
1116,falling,1,1123,402,7558,134.15,sam2,0.0,0.0,0.0
1117,falling,1,1124,402,7766,137.84,sam2,1.0,2996.766,45.665
1118,falling,1,1124,402,7635,135.52,sam2,0.0,0.0,0.0
1119,falling,1,1124,402,7585,134.63,sam2,0.0,0.0,0.0
1120,falling,1,1124,402,7594,134.79,sam2,0.0,0.0,0.0
1121,falling,1,1124,402,7706,136.78,sam2,0.0,0.0,0.0
1122,falling,1,1124,401,7563,134.24,sam2,1.0,2996.766,45.665
1123,falling,1,1124,403,7890,140.04,sam2,2.0,5993.533,91.33
1124,falling,1,1124,402,7668,136.1,sam2,1.0,2996.766,45.665
1125,falling,1,1124,402,7707,136.79,sam2,0.0,0.0,0.0
1126,falling,1,1124,402,7736,137.31,sam2,0.0,0.0,0.0
1127,falling,1,1124,402,7707,136.79,sam2,0.0,0.0,0.0
1128,falling,1,1124,402,7784,138.16,sam2,0.0,0.0,0.0
1129,falling,1,1124,402,7620,135.25,sam2,0.0,0.0,0.0
1130,falling,1,1124,402,7727,137.15,sam2,0.0,0.0,0.0
1131,falling,1,1124,402,7733,137.26,sam2,0.0,0.0,0.0
1132,falling,1,1124,402,7676,136.24,sam2,0.0,0.0,0.0
1133,falling,1,1124,402,7611,135.09,sam2,0.0,0.0,0.0
1134,falling,1,1124,402,7697,136.62,sam2,0.0,0.0,0.0
1135,falling,1,1124,402,7603,134.95,sam2,0.0,0.0,0.0
1136,falling,1,1124,402,7764,137.81,sam2,0.0,0.0,0.0
1137,falling,1,1124,402,7615,135.16,sam2,0.0,0.0,0.0
1138,falling,1,1124,402,7765,137.82,sam2,0.0,0.0,0.0
1139,falling,1,1124,402,7710,136.85,sam2,0.0,0.0,0.0
1140,falling,1,1124,402,7650,135.78,sam2,0.0,0.0,0.0
1141,falling,1,1124,401,7558,134.15,sam2,1.0,2996.766,45.665
1142,falling,1,1124,402,7616,135.18,sam2,1.0,2996.766,45.665
1143,falling,1,1124,402,7731,137.22,sam2,0.0,0.0,0.0
1144,falling,1,1124,401,7570,134.36,sam2,1.0,2996.766,45.665
1145,falling,1,1124,402,7599,134.88,sam2,1.0,2996.766,45.665
1146,falling,1,1124,402,7681,136.33,sam2,0.0,0.0,0.0
1147,falling,1,1124,402,7704,136.74,sam2,0.0,0.0,0.0
1148,falling,1,1124,402,7664,136.03,sam2,0.0,0.0,0.0
1149,falling,1,1124,403,7965,141.37,sam2,1.0,2996.766,45.665
1150,falling,1,1124,403,7865,139.6,sam2,0.0,0.0,0.0
1151,falling,1,1124,402,7651,135.8,sam2,1.0,2996.766,45.665
1152,falling,1,1124,402,7680,136.32,sam2,0.0,0.0,0.0
1153,falling,1,1123,402,7694,136.56,sam2,1.0,2996.766,45.665
1154,falling,1,1123,401,7422,131.74,sam2,1.0,2996.766,45.665
1155,falling,1,1124,402,7616,135.18,sam2,1.414,4238.068,64.58
1156,falling,1,1124,402,7588,134.68,sam2,0.0,0.0,0.0
1157,falling,1,1124,402,7746,137.49,sam2,0.0,0.0,0.0
1158,falling,1,1124,401,7529,133.64,sam2,1.0,2996.766,45.665
1159,falling,1,1124,402,7765,137.82,sam2,1.0,2996.766,45.665
1160,falling,1,1124,402,7682,136.35,sam2,0.0,0.0,0.0
1161,falling,1,1123,401,7542,133.87,sam2,1.414,4238.068,64.58
1162,falling,1,1124,401,7517,133.42,sam2,1.0,2996.766,45.665
1163,falling,1,1124,403,7821,138.82,sam2,2.0,5993.533,91.33
1164,falling,1,1124,403,7942,140.97,sam2,0.0,0.0,0.0
1165,falling,1,1124,402,7749,137.54,sam2,1.0,2996.766,45.665
1166,falling,1,1124,402,7674,136.21,sam2,0.0,0.0,0.0
1167,falling,1,1124,401,7536,133.76,sam2,1.0,2996.766,45.665
1168,falling,1,1124,402,7722,137.06,sam2,1.0,2996.766,45.665
1169,falling,1,1124,401,7570,134.36,sam2,1.0,2996.766,45.665
1170,falling,1,1124,402,7573,134.42,sam2,1.0,2996.766,45.665
1171,falling,1,1125,403,7859,139.49,sam2,1.414,4238.068,64.58
1172,falling,1,1124,402,7665,136.05,sam2,1.414,4238.068,64.58
1173,falling,1,1124,402,7715,136.94,sam2,0.0,0.0,0.0
1174,falling,1,1124,402,7676,136.24,sam2,0.0,0.0,0.0
1175,falling,1,1123,401,7492,132.98,sam2,1.414,4238.068,64.58
1176,falling,1,1124,401,7528,133.62,sam2,1.0,2996.766,45.665
1177,falling,1,1124,402,7761,137.75,sam2,1.0,2996.766,45.665
1178,falling,1,1123,400,7284,129.29,sam2,2.236,6700.974,102.11
1179,falling,1,1124,402,7593,134.77,sam2,2.236,6700.974,102.11
1180,falling,1,1123,401,7384,131.06,sam2,1.414,4238.068,64.58
1181,falling,1,1123,401,7518,133.44,sam2,0.0,0.0,0.0
1182,spreading,1,1123,401,7445,132.14,sam2,0.0,0.0,0.0
1183,spreading,1,1124,401,7564,134.26,sam2,1.0,2996.766,45.665
1184,spreading,1,1124,401,7564,134.26,sam2,0.0,0.0,0.0
1185,spreading,1,1124,400,7395,131.26,sam2,1.0,2996.766,45.665
1186,spreading,1,1123,401,7477,132.71,sam2,1.414,4238.068,64.58
1187,spreading,1,1123,400,7322,129.96,sam2,1.0,2996.766,45.665
1188,spreading,1,1124,401,7446,132.16,sam2,1.414,4238.068,64.58
1189,spreading,1,1123,401,7459,132.39,sam2,1.0,2996.766,45.665
1190,spreading,1,1123,401,7447,132.18,sam2,0.0,0.0,0.0
1191,spreading,1,1124,401,7508,133.26,sam2,1.0,2996.766,45.665
1192,spreading,1,1124,401,7535,133.74,sam2,0.0,0.0,0.0
1193,spreading,1,1124,402,7636,135.53,sam2,1.0,2996.766,45.665
1194,spreading,1,1124,401,7530,133.65,sam2,1.0,2996.766,45.665
1195,rebounding,1,1124,401,7521,133.49,sam2,0.0,0.0,0.0
1196,rebounding,1,1124,401,7579,134.52,sam2,0.0,0.0,0.0
1197,rebounding,1,1124,401,7607,135.02,sam2,0.0,0.0,0.0
1198,rebounding,1,1124,401,7529,133.64,sam2,0.0,0.0,0.0
1199,rebounding,1,1124,401,7466,132.52,sam2,0.0,0.0,0.0
1200,rebounding,1,1123,401,7457,132.36,sam2,1.0,2996.766,45.665
1201,rebounding,1,1123,401,7421,131.72,sam2,0.0,0.0,0.0
1202,rebounding,1,1123,401,7487,132.89,sam2,0.0,0.0,0.0
1203,rebounding,1,1124,401,7562,134.22,sam2,1.0,2996.766,45.665
1204,rebounding,1,1123,401,7462,132.45,sam2,1.0,2996.766,45.665
1205,rebounding,1,1124,402,7577,134.49,sam2,1.414,4238.068,64.58
1206,rebounding,1,1123,401,7354,130.53,sam2,1.414,4238.068,64.58
1207,rebounding,1,1123,400,7292,129.43,sam2,1.0,2996.766,45.665
1208,rebounding,1,1124,401,7542,133.87,sam2,1.414,4238.068,64.58
1209,rebounding,1,1123,401,7535,133.74,sam2,1.0,2996.766,45.665
1210,rebounding,1,1123,401,7364,130.71,sam2,0.0,0.0,0.0
1211,rebounding,1,1123,401,7489,132.93,sam2,0.0,0.0,0.0
1212,rebounding,1,1123,401,7401,131.36,sam2,0.0,0.0,0.0
1213,rebounding,1,1123,401,7428,131.84,sam2,0.0,0.0,0.0
1214,rebounding,1,1123,401,7388,131.13,sam2,0.0,0.0,0.0
1215,rebounding,1,1123,401,7492,132.98,sam2,0.0,0.0,0.0
1216,rebounding,1,1123,401,7504,133.19,sam2,0.0,0.0,0.0
1217,rebounding,1,1123,401,7472,132.62,sam2,0.0,0.0,0.0
1218,rebounding,1,1123,401,7531,133.67,sam2,0.0,0.0,0.0
1219,rebounding,1,1124,402,7637,135.55,sam2,1.414,4238.068,64.58
1220,rebounding,1,1124,401,7539,133.81,sam2,1.0,2996.766,45.665
1221,rebounding,1,1123,401,7480,132.77,sam2,1.0,2996.766,45.665
1222,rebounding,1,1123,401,7467,132.53,sam2,0.0,0.0,0.0
1223,rebounding,1,1123,401,7476,132.69,sam2,0.0,0.0,0.0
1224,rebounding,1,1123,401,7403,131.4,sam2,0.0,0.0,0.0
1225,rebounding,1,1123,400,7332,130.14,sam2,1.0,2996.766,45.665
1226,rebounding,1,1123,401,7507,133.24,sam2,1.0,2996.766,45.665
1227,rebounding,1,1123,401,7527,133.6,sam2,0.0,0.0,0.0
1228,rebounding,1,1123,400,7266,128.97,sam2,1.0,2996.766,45.665
1229,rebounding,1,1124,401,7544,133.9,sam2,1.414,4238.068,64.58
1230,rebounding,1,1123,401,7468,132.55,sam2,1.0,2996.766,45.665
1231,rebounding,1,1124,402,7582,134.58,sam2,1.414,4238.068,64.58
1232,rebounding,1,1124,402,7596,134.82,sam2,0.0,0.0,0.0
1233,rebounding,1,1123,402,7563,134.24,sam2,1.0,2996.766,45.665
1234,rebounding,1,1123,401,7481,132.78,sam2,1.0,2996.766,45.665
1235,rebounding,1,1123,401,7511,133.32,sam2,0.0,0.0,0.0
1236,rebounding,1,1123,400,7313,129.8,sam2,1.0,2996.766,45.665
1237,rebounding,1,1123,400,7228,128.29,sam2,0.0,0.0,0.0
1238,rebounding,1,1123,401,7386,131.1,sam2,1.0,2996.766,45.665
1239,rebounding,1,1123,401,7486,132.87,sam2,0.0,0.0,0.0
1240,rebounding,1,1123,401,7367,130.76,sam2,0.0,0.0,0.0
1241,rebounding,1,1123,401,7313,129.8,sam2,0.0,0.0,0.0
1242,rebounding,1,1123,401,7390,131.17,sam2,0.0,0.0,0.0
1243,rebounding,1,1123,401,7443,132.11,sam2,0.0,0.0,0.0
1244,rebounding,1,1123,401,7420,131.7,sam2,0.0,0.0,0.0
1245,rebounding,1,1123,401,7388,131.13,sam2,0.0,0.0,0.0
1246,rebounding,1,1123,400,7295,129.48,sam2,1.0,2996.766,45.665
1247,rebounding,1,1123,400,7296,129.5,sam2,0.0,0.0,0.0
1248,rebounding,1,1123,400,7299,129.55,sam2,0.0,0.0,0.0
1249,rebounding,1,1123,401,7376,130.92,sam2,1.0,2996.766,45.665
1250,rebounding,1,1123,401,7338,130.24,sam2,0.0,0.0,0.0
1251,rebounding,1,1123,400,7287,129.34,sam2,1.0,2996.766,45.665
1252,rebounding,1,1123,400,7213,128.03,sam2,0.0,0.0,0.0
1253,rebounding,1,1123,401,7369,130.8,sam2,1.0,2996.766,45.665
1254,rebounding,1,1123,401,7425,131.79,sam2,0.0,0.0,0.0
1255,rebounding,1,1123,401,7415,131.61,sam2,0.0,0.0,0.0
1256,rebounding,1,1123,401,7435,131.97,sam2,0.0,0.0,0.0
1257,rebounding,1,1123,400,7177,127.39,sam2,1.0,2996.766,45.665
1258,rebounding,1,1123,400,7163,127.14,sam2,0.0,0.0,0.0
1259,rebounding,1,1123,401,7474,132.66,sam2,1.0,2996.766,45.665
1260,rebounding,1,1123,401,7433,131.93,sam2,0.0,0.0,0.0
1261,rebounding,1,1123,401,7348,130.42,sam2,0.0,0.0,0.0
1262,rebounding,1,1123,401,7342,130.32,sam2,0.0,0.0,0.0
1263,rebounding,1,1123,401,7390,131.17,sam2,0.0,0.0,0.0
1264,rebounding,1,1123,400,7277,129.16,sam2,1.0,2996.766,45.665
1265,rebounding,1,1123,401,7324,130.0,sam2,1.0,2996.766,45.665
1266,rebounding,1,1123,401,7322,129.96,sam2,0.0,0.0,0.0
1267,rebounding,1,1123,400,7191,127.64,sam2,1.0,2996.766,45.665
1268,rebounding,1,1123,401,7396,131.27,sam2,1.0,2996.766,45.665
1269,rebounding,1,1123,400,7219,128.13,sam2,1.0,2996.766,45.665
1270,rebounding,1,1123,400,7167,127.21,sam2,0.0,0.0,0.0
1271,rebounding,1,1123,400,7122,126.41,sam2,0.0,0.0,0.0
1272,rebounding,1,1123,400,7150,126.91,sam2,0.0,0.0,0.0
1273,rebounding,1,1123,401,7354,130.53,sam2,1.0,2996.766,45.665
1274,rebounding,1,1123,401,7319,129.91,sam2,0.0,0.0,0.0
1275,rebounding,1,1123,401,7324,130.0,sam2,0.0,0.0,0.0
1276,rebounding,1,1123,401,7360,130.64,sam2,0.0,0.0,0.0
1277,rebounding,1,1123,400,7279,129.2,sam2,1.0,2996.766,45.665
1278,rebounding,1,1123,401,7337,130.23,sam2,1.0,2996.766,45.665
1279,rebounding,1,1123,401,7455,132.32,sam2,0.0,0.0,0.0
1280,rebounding,1,1123,400,7268,129.0,sam2,1.0,2996.766,45.665
1281,rebounding,1,1123,400,7218,128.12,sam2,0.0,0.0,0.0
1282,rebounding,1,1123,401,7357,130.58,sam2,1.0,2996.766,45.665
1283,rebounding,1,1123,401,7353,130.51,sam2,0.0,0.0,0.0
1284,rebounding,1,1123,401,7312,129.78,sam2,0.0,0.0,0.0
1285,rebounding,1,1123,400,7289,129.38,sam2,1.0,2996.766,45.665
1286,rebounding,1,1124,401,7434,131.95,sam2,1.414,4238.068,64.58
1287,rebounding,1,1123,400,7248,128.65,sam2,1.414,4238.068,64.58
1288,rebounding,1,1123,400,7249,128.67,sam2,0.0,0.0,0.0
1289,rebounding,1,1123,401,7319,129.91,sam2,1.0,2996.766,45.665
1290,rebounding,1,1123,401,7287,129.34,sam2,0.0,0.0,0.0
1291,rebounding,1,1123,400,7255,128.77,sam2,1.0,2996.766,45.665
1292,rebounding,1,1123,401,7326,130.03,sam2,1.0,2996.766,45.665
1293,rebounding,1,1123,401,7365,130.72,sam2,0.0,0.0,0.0
1294,rebounding,1,1123,400,7304,129.64,sam2,1.0,2996.766,45.665
1295,rebounding,1,1123,400,7215,128.06,sam2,0.0,0.0,0.0
1296,rebounding,1,1123,401,7345,130.37,sam2,1.0,2996.766,45.665
1297,rebounding,1,1123,400,7109,126.18,sam2,1.0,2996.766,45.665
1298,rebounding,1,1123,401,7362,130.67,sam2,1.0,2996.766,45.665
1299,rebounding,1,1123,401,7295,129.48,sam2,0.0,0.0,0.0
1300,rebounding,1,1123,401,7326,130.03,sam2,0.0,0.0,0.0
1301,rebounding,1,1123,400,7243,128.56,sam2,1.0,2996.766,45.665
1302,rebounding,1,1123,401,7330,130.1,sam2,1.0,2996.766,45.665
1303,rebounding,1,1123,401,7310,129.75,sam2,0.0,0.0,0.0
1304,rebounding,1,1123,400,7244,128.58,sam2,1.0,2996.766,45.665
1305,rebounding,1,1123,400,7281,129.23,sam2,0.0,0.0,0.0
1306,rebounding,1,1123,400,7231,128.35,sam2,0.0,0.0,0.0
1307,rebounding,1,1123,400,7202,127.83,sam2,0.0,0.0,0.0
1308,rebounding,1,1122,400,7127,126.5,sam2,1.0,2996.766,45.665
1309,rebounding,1,1123,400,7193,127.67,sam2,1.0,2996.766,45.665
1310,rebounding,1,1123,400,7194,127.69,sam2,0.0,0.0,0.0
1311,rebounding,1,1123,400,7198,127.76,sam2,0.0,0.0,0.0
1312,rebounding,1,1123,401,7287,129.34,sam2,1.0,2996.766,45.665
1313,rebounding,1,1123,400,7197,127.74,sam2,1.0,2996.766,45.665
1314,rebounding,1,1122,401,7309,129.73,sam2,1.414,4238.068,64.58
1315,rebounding,1,1122,400,7092,125.88,sam2,1.0,2996.766,45.665
1316,rebounding,1,1122,400,7133,126.61,sam2,0.0,0.0,0.0
1317,rebounding,1,1123,400,7211,127.99,sam2,1.0,2996.766,45.665
1318,rebounding,1,1123,400,7097,125.97,sam2,0.0,0.0,0.0
1319,rebounding,1,1122,400,7102,126.06,sam2,1.0,2996.766,45.665
1320,rebounding,1,1122,400,7179,127.42,sam2,0.0,0.0,0.0
1321,rebounding,1,1123,400,7172,127.3,sam2,1.0,2996.766,45.665
1322,rebounding,1,1122,400,7184,127.51,sam2,1.0,2996.766,45.665
1323,rebounding,1,1122,400,7066,125.42,sam2,0.0,0.0,0.0
1324,rebounding,1,1122,400,7212,128.01,sam2,0.0,0.0,0.0
1325,rebounding,1,1122,400,7121,126.39,sam2,0.0,0.0,0.0
1326,rebounding,1,1122,400,7113,126.25,sam2,0.0,0.0,0.0
1327,rebounding,1,1122,400,7202,127.83,sam2,0.0,0.0,0.0
1328,rebounding,1,1122,401,7296,129.5,sam2,1.0,2996.766,45.665
1329,rebounding,1,1123,400,7264,128.93,sam2,1.414,4238.068,64.58
1330,rebounding,1,1122,400,7175,127.35,sam2,1.0,2996.766,45.665
1331,rebounding,1,1122,400,7179,127.42,sam2,0.0,0.0,0.0
1332,rebounding,1,1123,400,7115,126.29,sam2,1.0,2996.766,45.665
1333,rebounding,1,1123,400,7169,127.25,sam2,0.0,0.0,0.0
1334,rebounding,1,1123,400,7226,128.26,sam2,0.0,0.0,0.0
1335,rebounding,1,1122,400,7131,126.57,sam2,1.0,2996.766,45.665
1336,rebounding,1,1122,400,7152,126.94,sam2,0.0,0.0,0.0
1337,rebounding,1,1123,401,7377,130.94,sam2,1.414,4238.068,64.58
1338,rebounding,1,1123,400,7184,127.51,sam2,1.0,2996.766,45.665
1339,rebounding,1,1123,400,7128,126.52,sam2,0.0,0.0,0.0
1340,rebounding,1,1123,401,7336,130.21,sam2,1.0,2996.766,45.665
1341,rebounding,1,1122,400,7114,126.27,sam2,1.414,4238.068,64.58
1342,rebounding,1,1123,400,7172,127.3,sam2,1.0,2996.766,45.665
1343,rebounding,1,1123,400,7163,127.14,sam2,0.0,0.0,0.0
1344,rebounding,1,1123,401,7288,129.36,sam2,1.0,2996.766,45.665
1345,rebounding,1,1123,400,7203,127.85,sam2,1.0,2996.766,45.665
1346,rebounding,1,1123,401,7297,129.52,sam2,1.0,2996.766,45.665
1347,rebounding,1,1123,400,7150,126.91,sam2,1.0,2996.766,45.665
1348,rebounding,1,1122,400,7104,126.09,sam2,1.0,2996.766,45.665
1349,rebounding,1,1122,400,7214,128.04,sam2,0.0,0.0,0.0
1350,rebounding,1,1123,400,7313,129.8,sam2,1.0,2996.766,45.665
1351,rebounding,1,1123,401,7372,130.85,sam2,1.0,2996.766,45.665
1352,rebounding,1,1123,400,7223,128.2,sam2,1.0,2996.766,45.665
1353,rebounding,1,1123,400,7168,127.23,sam2,0.0,0.0,0.0
1354,rebounding,1,1122,400,7103,126.07,sam2,1.0,2996.766,45.665
1355,rebounding,1,1123,400,7248,128.65,sam2,1.0,2996.766,45.665
1356,rebounding,1,1123,401,7352,130.49,sam2,1.0,2996.766,45.665
1357,rebounding,1,1123,400,7199,127.78,sam2,1.0,2996.766,45.665
1358,rebounding,1,1123,400,7212,128.01,sam2,0.0,0.0,0.0
1359,rebounding,1,1123,400,7310,129.75,sam2,0.0,0.0,0.0
1360,rebounding,1,1123,400,7251,128.7,sam2,0.0,0.0,0.0
1361,rebounding,1,1123,400,7143,126.78,sam2,0.0,0.0,0.0
1362,rebounding,1,1123,399,7027,124.72,sam2,1.0,2996.766,45.665
1363,rebounding,1,1122,400,7068,125.45,sam2,1.414,4238.068,64.58
1364,rebounding,1,1123,400,7214,128.04,sam2,1.0,2996.766,45.665
1365,rebounding,1,1123,401,7381,131.01,sam2,1.0,2996.766,45.665
1366,rebounding,1,1123,401,7302,129.61,sam2,0.0,0.0,0.0
1367,rebounding,1,1123,400,7183,127.49,sam2,1.0,2996.766,45.665
1368,rebounding,1,1123,400,7147,126.85,sam2,0.0,0.0,0.0
1369,rebounding,1,1123,400,7232,128.36,sam2,0.0,0.0,0.0
1370,rebounding,1,1123,400,7263,128.91,sam2,0.0,0.0,0.0
1371,rebounding,1,1123,400,7230,128.33,sam2,0.0,0.0,0.0
1372,rebounding,1,1123,400,7164,127.16,sam2,0.0,0.0,0.0
1373,rebounding,1,1123,400,7234,128.4,sam2,0.0,0.0,0.0
1374,rebounding,1,1123,400,7238,128.47,sam2,0.0,0.0,0.0
1375,rebounding,1,1123,401,7285,129.3,sam2,1.0,2996.766,45.665
1376,rebounding,1,1123,400,7220,128.15,sam2,1.0,2996.766,45.665
1377,rebounding,1,1123,400,7223,128.2,sam2,0.0,0.0,0.0
1378,rebounding,1,1123,400,7191,127.64,sam2,0.0,0.0,0.0
1379,rebounding,1,1123,400,7119,126.36,sam2,0.0,0.0,0.0
1380,rebounding,1,1123,400,7254,128.75,sam2,0.0,0.0,0.0
1381,rebounding,1,1122,400,7199,127.78,sam2,1.0,2996.766,45.665
1382,rebounding,1,1123,400,7233,128.38,sam2,1.0,2996.766,45.665
1383,rebounding,1,1123,400,7204,127.87,sam2,0.0,0.0,0.0
1384,rebounding,1,1123,401,7268,129.0,sam2,1.0,2996.766,45.665
1385,rebounding,1,1123,400,7151,126.93,sam2,1.0,2996.766,45.665
1386,rebounding,1,1122,400,7137,126.68,sam2,1.0,2996.766,45.665
1387,rebounding,1,1123,400,7215,128.06,sam2,1.0,2996.766,45.665
1388,rebounding,1,1123,400,7226,128.26,sam2,0.0,0.0,0.0
1389,rebounding,1,1123,400,7173,127.32,sam2,0.0,0.0,0.0
1390,rebounding,1,1123,400,7242,128.54,sam2,0.0,0.0,0.0
1391,rebounding,1,1122,400,7189,127.6,sam2,1.0,2996.766,45.665
1392,rebounding,1,1124,401,7448,132.2,sam2,2.236,6700.974,102.11
1393,rebounding,1,1123,400,7224,128.22,sam2,1.414,4238.068,64.58
1394,rebounding,1,1123,400,7183,127.49,sam2,0.0,0.0,0.0
1395,rebounding,1,1123,400,7198,127.76,sam2,0.0,0.0,0.0
1396,rebounding,1,1122,400,7143,126.78,sam2,1.0,2996.766,45.665
1397,rebounding,1,1122,400,7088,125.81,sam2,0.0,0.0,0.0
1398,rebounding,1,1123,400,7139,126.71,sam2,1.0,2996.766,45.665
1399,rebounding,1,1123,400,7168,127.23,sam2,0.0,0.0,0.0
1400,rebounding,1,1123,401,7344,130.35,sam2,1.0,2996.766,45.665
1401,rebounding,1,1122,400,7217,128.1,sam2,1.414,4238.068,64.58
1402,rebounding,1,1122,400,7226,128.26,sam2,0.0,0.0,0.0
1403,rebounding,1,1123,400,7264,128.93,sam2,1.0,2996.766,45.665
1404,rebounding,1,1123,400,7235,128.42,sam2,0.0,0.0,0.0
1405,rebounding,1,1123,401,7330,130.1,sam2,1.0,2996.766,45.665
1406,rebounding,1,1123,400,7162,127.12,sam2,1.0,2996.766,45.665
1407,rebounding,1,1123,400,7161,127.1,sam2,0.0,0.0,0.0
1408,rebounding,1,1123,400,7217,128.1,sam2,0.0,0.0,0.0
1409,rebounding,1,1123,401,7340,130.28,sam2,1.0,2996.766,45.665
1410,rebounding,1,1123,400,7260,128.86,sam2,1.0,2996.766,45.665
1411,rebounding,1,1123,401,7308,129.71,sam2,1.0,2996.766,45.665
1412,rebounding,1,1123,401,7381,131.01,sam2,0.0,0.0,0.0
1413,rebounding,1,1123,400,7222,128.19,sam2,1.0,2996.766,45.665
1414,rebounding,1,1122,400,7138,126.7,sam2,1.0,2996.766,45.665
1415,rebounding,1,1123,401,7310,129.75,sam2,1.414,4238.068,64.58
1416,rebounding,1,1123,401,7314,129.82,sam2,0.0,0.0,0.0
1417,rebounding,1,1123,400,7154,126.98,sam2,1.0,2996.766,45.665
1418,rebounding,1,1123,400,7090,125.84,sam2,0.0,0.0,0.0
1419,rebounding,1,1123,400,7211,127.99,sam2,0.0,0.0,0.0
1420,rebounding,1,1123,400,7283,129.27,sam2,0.0,0.0,0.0
1421,rebounding,1,1123,401,7376,130.92,sam2,1.0,2996.766,45.665
1422,rebounding,1,1123,400,7198,127.76,sam2,1.0,2996.766,45.665
1423,rebounding,1,1123,400,7165,127.17,sam2,0.0,0.0,0.0
1424,rebounding,1,1123,400,7283,129.27,sam2,0.0,0.0,0.0
1425,rebounding,1,1123,400,7117,126.32,sam2,0.0,0.0,0.0
1426,rebounding,1,1123,400,7181,127.46,sam2,0.0,0.0,0.0
1427,rebounding,1,1123,400,7132,126.59,sam2,0.0,0.0,0.0
1428,rebounding,1,1123,400,7133,126.61,sam2,0.0,0.0,0.0
1429,rebounding,1,1123,400,7226,128.26,sam2,0.0,0.0,0.0
1430,rebounding,1,1123,400,7205,127.88,sam2,0.0,0.0,0.0
1431,rebounding,1,1123,400,7208,127.94,sam2,0.0,0.0,0.0
1432,rebounding,1,1123,400,7254,128.75,sam2,0.0,0.0,0.0
1433,rebounding,1,1123,401,7317,129.87,sam2,1.0,2996.766,45.665
1434,rebounding,1,1123,400,7202,127.83,sam2,1.0,2996.766,45.665
1435,rebounding,1,1123,400,7223,128.2,sam2,0.0,0.0,0.0
1436,rebounding,1,1122,400,7059,125.29,sam2,1.0,2996.766,45.665
1437,rebounding,1,1122,400,7142,126.77,sam2,0.0,0.0,0.0
1438,rebounding,1,1123,400,7153,126.96,sam2,1.0,2996.766,45.665
1439,rebounding,1,1122,400,7130,126.55,sam2,1.0,2996.766,45.665
1440,rebounding,1,1123,400,7221,128.17,sam2,1.0,2996.766,45.665
1441,rebounding,1,1122,400,7136,126.66,sam2,1.0,2996.766,45.665
1442,rebounding,1,1123,400,7196,127.72,sam2,1.0,2996.766,45.665
1443,rebounding,1,1122,400,7062,125.35,sam2,1.0,2996.766,45.665
1444,rebounding,1,1122,399,7021,124.62,sam2,1.0,2996.766,45.665
1445,rebounding,1,1122,400,7089,125.83,sam2,1.0,2996.766,45.665
1446,rebounding,1,1123,401,7296,129.5,sam2,1.414,4238.068,64.58
1447,rebounding,1,1122,400,7127,126.5,sam2,1.414,4238.068,64.58
1448,rebounding,1,1122,400,7116,126.3,sam2,0.0,0.0,0.0
1449,rebounding,1,1123,400,7232,128.36,sam2,1.0,2996.766,45.665
1450,rebounding,1,1123,400,7178,127.41,sam2,0.0,0.0,0.0
1451,rebounding,1,1122,400,7096,125.95,sam2,1.0,2996.766,45.665
1452,rebounding,1,1123,400,7221,128.17,sam2,1.0,2996.766,45.665
1453,rebounding,1,1123,400,7199,127.78,sam2,0.0,0.0,0.0
1454,rebounding,1,1123,400,7148,126.87,sam2,0.0,0.0,0.0
1455,rebounding,1,1123,400,7111,126.22,sam2,0.0,0.0,0.0
1456,rebounding,1,1122,400,7178,127.41,sam2,1.0,2996.766,45.665
1457,rebounding,1,1122,400,7166,127.19,sam2,0.0,0.0,0.0
1458,rebounding,1,1122,400,7199,127.78,sam2,0.0,0.0,0.0
1459,rebounding,1,1122,400,7182,127.48,sam2,0.0,0.0,0.0
1460,rebounding,1,1123,400,7230,128.33,sam2,1.0,2996.766,45.665
1461,rebounding,1,1123,400,7226,128.26,sam2,0.0,0.0,0.0
1462,rebounding,1,1123,401,7307,129.69,sam2,1.0,2996.766,45.665
1463,rebounding,1,1123,401,7352,130.49,sam2,0.0,0.0,0.0
1464,rebounding,1,1123,400,7232,128.36,sam2,1.0,2996.766,45.665
1465,rebounding,1,1123,401,7416,131.63,sam2,1.0,2996.766,45.665
1466,rebounding,1,1123,401,7320,129.93,sam2,0.0,0.0,0.0
1467,rebounding,1,1123,401,7389,131.15,sam2,0.0,0.0,0.0
1468,rebounding,1,1123,400,7253,128.74,sam2,1.0,2996.766,45.665
1469,rebounding,1,1123,400,7221,128.17,sam2,0.0,0.0,0.0
1470,rebounding,1,1123,400,7237,128.45,sam2,0.0,0.0,0.0
1471,rebounding,1,1123,401,7339,130.26,sam2,1.0,2996.766,45.665
1472,rebounding,1,1123,400,7220,128.15,sam2,1.0,2996.766,45.665
1473,rebounding,1,1123,400,7268,129.0,sam2,0.0,0.0,0.0
1474,rebounding,1,1123,400,7159,127.07,sam2,0.0,0.0,0.0
1475,rebounding,1,1123,400,7149,126.89,sam2,0.0,0.0,0.0
1476,rebounding,1,1123,401,7315,129.84,sam2,1.0,2996.766,45.665
1477,rebounding,1,1123,401,7296,129.5,sam2,0.0,0.0,0.0
1478,rebounding,1,1123,401,7389,131.15,sam2,0.0,0.0,0.0
1479,rebounding,1,1123,400,7189,127.6,sam2,1.0,2996.766,45.665
1480,rebounding,1,1122,400,7081,125.68,sam2,1.0,2996.766,45.665
1481,rebounding,1,1123,400,7261,128.88,sam2,1.0,2996.766,45.665
1482,rebounding,1,1123,400,7266,128.97,sam2,0.0,0.0,0.0
1483,rebounding,1,1123,400,7257,128.81,sam2,0.0,0.0,0.0
1484,rebounding,1,1123,400,7275,129.13,sam2,0.0,0.0,0.0
1485,rebounding,1,1123,400,7158,127.05,sam2,0.0,0.0,0.0
1486,rebounding,1,1123,401,7369,130.8,sam2,1.0,2996.766,45.665
1487,rebounding,1,1123,400,7285,129.3,sam2,1.0,2996.766,45.665
1488,rebounding,1,1123,400,7158,127.05,sam2,0.0,0.0,0.0
1489,rebounding,1,1122,400,7104,126.09,sam2,1.0,2996.766,45.665
1490,rebounding,1,1123,400,7182,127.48,sam2,1.0,2996.766,45.665
1491,rebounding,1,1123,400,7216,128.08,sam2,0.0,0.0,0.0
1492,rebounding,1,1123,401,7353,130.51,sam2,1.0,2996.766,45.665
1493,rebounding,1,1123,401,7286,129.32,sam2,0.0,0.0,0.0
1494,rebounding,1,1123,400,7217,128.1,sam2,1.0,2996.766,45.665
1495,rebounding,1,1122,400,7113,126.25,sam2,1.0,2996.766,45.665
1496,rebounding,1,1123,401,7299,129.55,sam2,1.414,4238.068,64.58
1497,rebounding,1,1123,400,7285,129.3,sam2,1.0,2996.766,45.665
1498,rebounding,1,1122,400,7234,128.4,sam2,1.0,2996.766,45.665
1499,rebounding,1,1122,400,7076,125.59,sam2,0.0,0.0,0.0
1500,rebounding,1,1123,399,7018,124.57,sam2,1.414,4238.068,64.58
1501,rebounding,1,1123,400,7167,127.21,sam2,1.0,2996.766,45.665
1502,rebounding,1,1123,400,7204,127.87,sam2,0.0,0.0,0.0
1503,rebounding,1,1122,400,7077,125.61,sam2,1.0,2996.766,45.665
1504,rebounding,1,1123,400,7172,127.3,sam2,1.0,2996.766,45.665
1505,rebounding,1,1122,400,7167,127.21,sam2,1.0,2996.766,45.665
1506,rebounding,1,1123,401,7359,130.62,sam2,1.414,4238.068,64.58
1507,rebounding,1,1122,400,7151,126.93,sam2,1.414,4238.068,64.58
1508,rebounding,1,1123,401,7339,130.26,sam2,1.414,4238.068,64.58
1509,rebounding,1,1123,401,7277,129.16,sam2,0.0,0.0,0.0
1510,rebounding,1,1123,401,7377,130.94,sam2,0.0,0.0,0.0
1511,rebounding,1,1123,400,7144,126.8,sam2,1.0,2996.766,45.665
1512,rebounding,1,1123,401,7343,130.33,sam2,1.0,2996.766,45.665
1513,rebounding,1,1123,401,7364,130.71,sam2,0.0,0.0,0.0
1514,rebounding,1,1123,400,7238,128.47,sam2,1.0,2996.766,45.665
1515,rebounding,1,1123,401,7308,129.71,sam2,1.0,2996.766,45.665
1516,rebounding,1,1123,400,7213,128.03,sam2,1.0,2996.766,45.665
1517,rebounding,1,1123,401,7350,130.46,sam2,1.0,2996.766,45.665
1518,rebounding,1,1123,400,7208,127.94,sam2,1.0,2996.766,45.665
1519,rebounding,1,1123,400,7223,128.2,sam2,0.0,0.0,0.0
1520,rebounding,1,1123,400,7242,128.54,sam2,0.0,0.0,0.0
1521,rebounding,1,1123,400,7226,128.26,sam2,0.0,0.0,0.0
1522,rebounding,1,1123,400,7244,128.58,sam2,0.0,0.0,0.0
1523,rebounding,1,1122,400,7249,128.67,sam2,1.0,2996.766,45.665
1524,rebounding,1,1123,400,7267,128.98,sam2,1.0,2996.766,45.665
1525,rebounding,1,1123,400,7146,126.84,sam2,0.0,0.0,0.0
1526,rebounding,1,1123,400,7248,128.65,sam2,0.0,0.0,0.0
1527,rebounding,1,1123,401,7380,130.99,sam2,1.0,2996.766,45.665
1528,rebounding,1,1123,400,7203,127.85,sam2,1.0,2996.766,45.665
1529,rebounding,1,1123,400,7188,127.58,sam2,0.0,0.0,0.0
1530,rebounding,1,1123,400,7282,129.25,sam2,0.0,0.0,0.0
1531,rebounding,1,1123,401,7361,130.65,sam2,1.0,2996.766,45.665
1532,rebounding,1,1123,401,7347,130.4,sam2,0.0,0.0,0.0
1533,rebounding,1,1122,400,7096,125.95,sam2,1.414,4238.068,64.58
1534,rebounding,1,1123,401,7356,130.56,sam2,1.414,4238.068,64.58
1535,rebounding,1,1123,400,7196,127.72,sam2,1.0,2996.766,45.665
1536,rebounding,1,1123,400,7284,129.29,sam2,0.0,0.0,0.0
1537,rebounding,1,1123,400,7266,128.97,sam2,0.0,0.0,0.0
1538,rebounding,1,1123,400,7265,128.95,sam2,0.0,0.0,0.0
1539,rebounding,1,1123,400,7186,127.55,sam2,0.0,0.0,0.0
1540,rebounding,1,1123,400,7218,128.12,sam2,0.0,0.0,0.0
1541,rebounding,1,1123,400,7248,128.65,sam2,0.0,0.0,0.0
1542,rebounding,1,1123,401,7288,129.36,sam2,1.0,2996.766,45.665
1543,rebounding,1,1123,401,7314,129.82,sam2,0.0,0.0,0.0
1544,rebounding,1,1123,401,7276,129.14,sam2,0.0,0.0,0.0
1545,rebounding,1,1123,400,7267,128.98,sam2,1.0,2996.766,45.665
1546,rebounding,1,1123,401,7312,129.78,sam2,1.0,2996.766,45.665
1547,rebounding,1,1123,401,7397,131.29,sam2,0.0,0.0,0.0
1548,rebounding,1,1123,401,7434,131.95,sam2,0.0,0.0,0.0
1549,rebounding,1,1123,400,7223,128.2,sam2,1.0,2996.766,45.665
1550,rebounding,1,1123,400,7214,128.04,sam2,0.0,0.0,0.0
1551,rebounding,1,1123,400,7270,129.04,sam2,0.0,0.0,0.0
1552,rebounding,1,1123,400,7270,129.04,sam2,0.0,0.0,0.0
1553,rebounding,1,1122,400,7117,126.32,sam2,1.0,2996.766,45.665
1554,rebounding,1,1123,401,7324,130.0,sam2,1.414,4238.068,64.58
1555,rebounding,1,1123,401,7483,132.82,sam2,0.0,0.0,0.0
1556,rebounding,1,1123,401,7393,131.22,sam2,0.0,0.0,0.0
1557,rebounding,1,1123,401,7445,132.14,sam2,0.0,0.0,0.0
1558,rebounding,1,1123,401,7471,132.61,sam2,0.0,0.0,0.0
1559,rebounding,1,1123,400,7265,128.95,sam2,1.0,2996.766,45.665
1560,rebounding,1,1123,401,7310,129.75,sam2,1.0,2996.766,45.665
1561,rebounding,1,1123,401,7344,130.35,sam2,0.0,0.0,0.0
1562,rebounding,1,1123,401,7388,131.13,sam2,0.0,0.0,0.0
1563,rebounding,1,1123,401,7331,130.12,sam2,0.0,0.0,0.0
1564,rebounding,1,1123,401,7430,131.88,sam2,0.0,0.0,0.0
1565,rebounding,1,1123,401,7308,129.71,sam2,0.0,0.0,0.0
1566,rebounding,1,1123,400,7300,129.57,sam2,1.0,2996.766,45.665
1567,rebounding,1,1123,400,7260,128.86,sam2,0.0,0.0,0.0
1568,rebounding,1,1123,401,7343,130.33,sam2,1.0,2996.766,45.665
1569,rebounding,1,1123,401,7341,130.3,sam2,0.0,0.0,0.0
1570,rebounding,1,1123,401,7353,130.51,sam2,0.0,0.0,0.0
1571,rebounding,1,1123,401,7369,130.8,sam2,0.0,0.0,0.0
1572,rebounding,1,1123,401,7379,130.97,sam2,0.0,0.0,0.0
1573,rebounding,1,1123,401,7472,132.62,sam2,0.0,0.0,0.0
1574,rebounding,1,1123,400,7190,127.62,sam2,1.0,2996.766,45.665
1575,rebounding,1,1123,401,7346,130.39,sam2,1.0,2996.766,45.665
1576,rebounding,1,1123,401,7410,131.52,sam2,0.0,0.0,0.0
1577,rebounding,1,1124,401,7498,133.08,sam2,1.0,2996.766,45.665
1578,rebounding,1,1123,401,7365,130.72,sam2,1.0,2996.766,45.665
1579,rebounding,1,1124,402,7586,134.65,sam2,1.414,4238.068,64.58
1580,rebounding,1,1123,401,7522,133.51,sam2,1.414,4238.068,64.58
1581,rebounding,1,1123,401,7509,133.28,sam2,0.0,0.0,0.0
1582,rebounding,1,1123,401,7346,130.39,sam2,0.0,0.0,0.0
1583,rebounding,1,1123,400,7258,128.82,sam2,1.0,2996.766,45.665
1584,rebounding,1,1123,401,7489,132.93,sam2,1.0,2996.766,45.665
1585,rebounding,1,1123,401,7449,132.22,sam2,0.0,0.0,0.0
1586,rebounding,1,1123,401,7455,132.32,sam2,0.0,0.0,0.0
1587,rebounding,1,1123,401,7485,132.85,sam2,0.0,0.0,0.0
1588,rebounding,1,1123,402,7570,134.36,sam2,1.0,2996.766,45.665
1589,rebounding,1,1123,401,7379,130.97,sam2,1.0,2996.766,45.665
1590,rebounding,1,1123,401,7402,131.38,sam2,0.0,0.0,0.0
1591,rebounding,1,1123,401,7440,132.06,sam2,0.0,0.0,0.0
1592,rebounding,1,1123,401,7462,132.45,sam2,0.0,0.0,0.0
1593,rebounding,1,1123,401,7447,132.18,sam2,0.0,0.0,0.0
1594,rebounding,1,1123,401,7402,131.38,sam2,0.0,0.0,0.0
1595,rebounding,1,1123,401,7331,130.12,sam2,0.0,0.0,0.0
1596,rebounding,1,1123,401,7429,131.86,sam2,0.0,0.0,0.0
1597,rebounding,1,1123,401,7401,131.36,sam2,0.0,0.0,0.0
1598,rebounding,1,1123,401,7435,131.97,sam2,0.0,0.0,0.0
1599,rebounding,1,1123,401,7511,133.32,sam2,0.0,0.0,0.0
1600,rebounding,1,1123,401,7442,132.09,sam2,0.0,0.0,0.0
1601,rebounding,1,1123,402,7518,133.44,sam2,1.0,2996.766,45.665
1602,rebounding,1,1123,401,7368,130.78,sam2,1.0,2996.766,45.665
1603,rebounding,1,1124,402,7633,135.48,sam2,1.414,4238.068,64.58
1604,rebounding,1,1123,401,7531,133.67,sam2,1.414,4238.068,64.58
1605,rebounding,1,1123,402,7564,134.26,sam2,1.0,2996.766,45.665
1606,rebounding,1,1123,401,7364,130.71,sam2,1.0,2996.766,45.665
1607,rebounding,1,1123,401,7379,130.97,sam2,0.0,0.0,0.0
1608,rebounding,1,1123,401,7404,131.42,sam2,0.0,0.0,0.0
1609,rebounding,1,1123,401,7407,131.47,sam2,0.0,0.0,0.0
1610,rebounding,1,1123,401,7471,132.61,sam2,0.0,0.0,0.0
1611,rebounding,1,1123,401,7349,130.44,sam2,0.0,0.0,0.0
1612,rebounding,1,1123,401,7328,130.07,sam2,0.0,0.0,0.0
1613,rebounding,1,1123,401,7410,131.52,sam2,0.0,0.0,0.0
1614,rebounding,1,1123,401,7353,130.51,sam2,0.0,0.0,0.0
1615,rebounding,1,1123,401,7437,132.0,sam2,0.0,0.0,0.0
1616,rebounding,1,1123,401,7410,131.52,sam2,0.0,0.0,0.0
1617,rebounding,1,1123,400,7205,127.88,sam2,1.0,2996.766,45.665
1618,rebounding,1,1123,401,7323,129.98,sam2,1.0,2996.766,45.665
1619,rebounding,1,1123,400,7271,129.06,sam2,1.0,2996.766,45.665
1620,rebounding,1,1123,400,7284,129.29,sam2,0.0,0.0,0.0
1621,rebounding,1,1123,401,7316,129.85,sam2,1.0,2996.766,45.665
1622,rebounding,1,1123,400,7180,127.44,sam2,1.0,2996.766,45.665
1623,rebounding,1,1123,401,7311,129.77,sam2,1.0,2996.766,45.665
1624,rebounding,1,1123,400,7272,129.07,sam2,1.0,2996.766,45.665
1625,rebounding,1,1123,400,7243,128.56,sam2,0.0,0.0,0.0
1626,rebounding,1,1123,400,7253,128.74,sam2,0.0,0.0,0.0
1627,rebounding,1,1123,401,7371,130.83,sam2,1.0,2996.766,45.665
1628,rebounding,1,1123,401,7304,129.64,sam2,0.0,0.0,0.0
1629,rebounding,1,1123,401,7306,129.68,sam2,0.0,0.0,0.0
1630,rebounding,1,1123,401,7401,131.36,sam2,0.0,0.0,0.0
1631,rebounding,1,1123,400,7171,127.28,sam2,1.0,2996.766,45.665
1632,rebounding,1,1122,400,7223,128.2,sam2,1.0,2996.766,45.665
1633,rebounding,1,1123,401,7313,129.8,sam2,1.414,4238.068,64.58
1634,rebounding,1,1123,401,7318,129.89,sam2,0.0,0.0,0.0
1635,rebounding,1,1123,400,7302,129.61,sam2,1.0,2996.766,45.665
1636,rebounding,1,1123,401,7413,131.58,sam2,1.0,2996.766,45.665
1637,rebounding,1,1123,401,7330,130.1,sam2,0.0,0.0,0.0
1638,rebounding,1,1123,400,7219,128.13,sam2,1.0,2996.766,45.665
1639,rebounding,1,1123,400,7259,128.84,sam2,0.0,0.0,0.0
1640,rebounding,1,1123,400,7258,128.82,sam2,0.0,0.0,0.0
1641,rebounding,1,1123,401,7327,130.05,sam2,1.0,2996.766,45.665
1642,rebounding,1,1123,401,7312,129.78,sam2,0.0,0.0,0.0
1643,rebounding,1,1123,400,7226,128.26,sam2,1.0,2996.766,45.665
1644,rebounding,1,1122,400,7093,125.9,sam2,1.0,2996.766,45.665
1645,rebounding,1,1122,400,7132,126.59,sam2,0.0,0.0,0.0
1646,rebounding,1,1122,400,7182,127.48,sam2,0.0,0.0,0.0
1647,rebounding,1,1123,402,7546,133.94,sam2,2.236,6700.974,102.11
1648,rebounding,1,1123,400,7260,128.86,sam2,2.0,5993.533,91.33
1649,rebounding,1,1123,400,7290,129.39,sam2,0.0,0.0,0.0
1650,rebounding,1,1122,400,7206,127.9,sam2,1.0,2996.766,45.665
1651,rebounding,1,1123,400,7236,128.43,sam2,1.0,2996.766,45.665
1652,rebounding,1,1123,400,7290,129.39,sam2,0.0,0.0,0.0
1653,rebounding,1,1123,401,7402,131.38,sam2,1.0,2996.766,45.665
1654,rebounding,1,1123,400,7169,127.25,sam2,1.0,2996.766,45.665
1655,rebounding,1,1123,400,7229,128.31,sam2,0.0,0.0,0.0
1656,rebounding,1,1123,400,7231,128.35,sam2,0.0,0.0,0.0
1657,rebounding,1,1123,400,7261,128.88,sam2,0.0,0.0,0.0
1658,rebounding,1,1123,400,7281,129.23,sam2,0.0,0.0,0.0
1659,rebounding,1,1123,401,7298,129.53,sam2,1.0,2996.766,45.665
1660,rebounding,1,1123,400,7232,128.36,sam2,1.0,2996.766,45.665
1661,rebounding,1,1123,401,7408,131.49,sam2,1.0,2996.766,45.665
1662,rebounding,1,1123,400,7272,129.07,sam2,1.0,2996.766,45.665
1663,rebounding,1,1123,401,7453,132.29,sam2,1.0,2996.766,45.665
1664,rebounding,1,1123,400,7218,128.12,sam2,1.0,2996.766,45.665
1665,rebounding,1,1123,400,7230,128.33,sam2,0.0,0.0,0.0
1666,rebounding,1,1122,400,7189,127.6,sam2,1.0,2996.766,45.665
1667,rebounding,1,1123,400,7264,128.93,sam2,1.0,2996.766,45.665
1668,rebounding,1,1123,400,7253,128.74,sam2,0.0,0.0,0.0
1669,rebounding,1,1123,401,7327,130.05,sam2,1.0,2996.766,45.665
1670,rebounding,1,1123,401,7302,129.61,sam2,0.0,0.0,0.0
1671,rebounding,1,1123,401,7255,128.77,sam2,0.0,0.0,0.0
1672,rebounding,1,1123,401,7433,131.93,sam2,0.0,0.0,0.0
1673,rebounding,1,1123,401,7369,130.8,sam2,0.0,0.0,0.0
1674,rebounding,1,1123,400,7248,128.65,sam2,1.0,2996.766,45.665
1675,rebounding,1,1123,401,7306,129.68,sam2,1.0,2996.766,45.665
1676,rebounding,1,1123,400,7201,127.81,sam2,1.0,2996.766,45.665
1677,rebounding,1,1122,401,7272,129.07,sam2,1.414,4238.068,64.58
1678,rebounding,1,1123,400,7227,128.27,sam2,1.414,4238.068,64.58
1679,rebounding,1,1123,400,7268,129.0,sam2,0.0,0.0,0.0
1680,rebounding,1,1123,400,7155,127.0,sam2,0.0,0.0,0.0
1681,rebounding,1,1123,400,7223,128.2,sam2,0.0,0.0,0.0
1682,rebounding,1,1123,400,7256,128.79,sam2,0.0,0.0,0.0
1683,rebounding,1,1123,401,7310,129.75,sam2,1.0,2996.766,45.665
1684,rebounding,1,1123,400,7223,128.2,sam2,1.0,2996.766,45.665
1685,rebounding,1,1122,400,7177,127.39,sam2,1.0,2996.766,45.665
1686,rebounding,1,1122,400,7143,126.78,sam2,0.0,0.0,0.0
1687,rebounding,1,1123,400,7142,126.77,sam2,1.0,2996.766,45.665
1688,rebounding,1,1122,400,7208,127.94,sam2,1.0,2996.766,45.665
1689,rebounding,1,1123,401,7314,129.82,sam2,1.414,4238.068,64.58
1690,rebounding,1,1123,400,7230,128.33,sam2,1.0,2996.766,45.665
1691,rebounding,1,1122,400,7249,128.67,sam2,1.0,2996.766,45.665
1692,rebounding,1,1122,400,7031,124.8,sam2,0.0,0.0,0.0
1693,rebounding,1,1123,400,7158,127.05,sam2,1.0,2996.766,45.665
1694,rebounding,1,1123,400,7241,128.52,sam2,0.0,0.0,0.0
1695,rebounding,1,1123,400,7277,129.16,sam2,0.0,0.0,0.0
1696,rebounding,1,1123,401,7287,129.34,sam2,1.0,2996.766,45.665
1697,rebounding,1,1122,400,7213,128.03,sam2,1.414,4238.068,64.58
1698,rebounding,1,1123,401,7313,129.8,sam2,1.414,4238.068,64.58
1699,rebounding,1,1123,400,7248,128.65,sam2,1.0,2996.766,45.665
1700,rebounding,1,1123,400,7239,128.49,sam2,0.0,0.0,0.0
1701,rebounding,1,1122,400,7196,127.72,sam2,1.0,2996.766,45.665
1702,rebounding,1,1123,401,7352,130.49,sam2,1.414,4238.068,64.58
1703,rebounding,1,1123,400,7167,127.21,sam2,1.0,2996.766,45.665
1704,rebounding,1,1123,400,7272,129.07,sam2,0.0,0.0,0.0
1705,rebounding,1,1123,400,7264,128.93,sam2,0.0,0.0,0.0
1706,rebounding,1,1123,401,7435,131.97,sam2,1.0,2996.766,45.665
1707,rebounding,1,1122,400,7208,127.94,sam2,1.414,4238.068,64.58
1708,rebounding,1,1123,400,7256,128.79,sam2,1.0,2996.766,45.665
1709,rebounding,1,1122,401,7280,129.22,sam2,1.414,4238.068,64.58
1710,rebounding,1,1123,400,7285,129.3,sam2,1.414,4238.068,64.58
1711,rebounding,1,1123,401,7385,131.08,sam2,1.0,2996.766,45.665
1712,rebounding,1,1123,400,7285,129.3,sam2,1.0,2996.766,45.665
1713,rebounding,1,1123,400,7190,127.62,sam2,0.0,0.0,0.0
1714,rebounding,1,1123,401,7384,131.06,sam2,1.0,2996.766,45.665
1715,rebounding,1,1123,401,7296,129.5,sam2,0.0,0.0,0.0
1716,rebounding,1,1123,401,7357,130.58,sam2,0.0,0.0,0.0
1717,rebounding,1,1123,401,7362,130.67,sam2,0.0,0.0,0.0
1718,rebounding,1,1123,400,7159,127.07,sam2,1.0,2996.766,45.665
1719,rebounding,1,1123,401,7374,130.88,sam2,1.0,2996.766,45.665
1720,rebounding,1,1123,400,7161,127.1,sam2,1.0,2996.766,45.665
1721,rebounding,1,1123,400,7260,128.86,sam2,0.0,0.0,0.0
1722,rebounding,1,1123,400,7268,129.0,sam2,0.0,0.0,0.0
1723,rebounding,1,1123,400,7234,128.4,sam2,0.0,0.0,0.0
1724,rebounding,1,1123,401,7367,130.76,sam2,1.0,2996.766,45.665
1725,rebounding,1,1123,400,7248,128.65,sam2,1.0,2996.766,45.665
1726,rebounding,1,1123,400,7292,129.43,sam2,0.0,0.0,0.0
1727,rebounding,1,1123,401,7298,129.53,sam2,1.0,2996.766,45.665
1728,rebounding,1,1123,400,7282,129.25,sam2,1.0,2996.766,45.665
1729,rebounding,1,1123,400,7257,128.81,sam2,0.0,0.0,0.0
1730,rebounding,1,1123,400,7182,127.48,sam2,0.0,0.0,0.0
1731,rebounding,1,1123,400,7218,128.12,sam2,0.0,0.0,0.0
1732,rebounding,1,1123,401,7344,130.35,sam2,1.0,2996.766,45.665
1733,rebounding,1,1123,401,7280,129.22,sam2,0.0,0.0,0.0
1734,rebounding,1,1122,400,7103,126.07,sam2,1.414,4238.068,64.58
1735,rebounding,1,1123,400,7175,127.35,sam2,1.0,2996.766,45.665
1736,rebounding,1,1123,400,7144,126.8,sam2,0.0,0.0,0.0
1737,rebounding,1,1123,400,7067,125.43,sam2,0.0,0.0,0.0
1738,rebounding,1,1123,401,7279,129.2,sam2,1.0,2996.766,45.665
1739,rebounding,1,1123,400,7206,127.9,sam2,1.0,2996.766,45.665
1740,rebounding,1,1123,400,7243,128.56,sam2,0.0,0.0,0.0
1741,rebounding,1,1123,400,7336,130.21,sam2,0.0,0.0,0.0
1742,rebounding,1,1123,400,7186,127.55,sam2,0.0,0.0,0.0
1743,rebounding,1,1123,400,7238,128.47,sam2,0.0,0.0,0.0
1744,rebounding,1,1123,400,7105,126.11,sam2,0.0,0.0,0.0
1745,rebounding,1,1122,400,7123,126.43,sam2,1.0,2996.766,45.665
1746,rebounding,1,1123,400,7271,129.06,sam2,1.0,2996.766,45.665
1747,rebounding,1,1124,401,7499,133.1,sam2,1.414,4238.068,64.58
1748,rebounding,1,1123,401,7429,131.86,sam2,1.0,2996.766,45.665
1749,rebounding,1,1123,401,7294,129.46,sam2,0.0,0.0,0.0
1750,rebounding,1,1123,401,7377,130.94,sam2,0.0,0.0,0.0
1751,rebounding,1,1123,401,7373,130.87,sam2,0.0,0.0,0.0
1752,rebounding,1,1123,401,7337,130.23,sam2,0.0,0.0,0.0
1753,rebounding,1,1123,400,7142,126.77,sam2,1.0,2996.766,45.665
1754,rebounding,1,1122,400,7121,126.39,sam2,1.0,2996.766,45.665
1755,rebounding,1,1122,400,7141,126.75,sam2,0.0,0.0,0.0
1756,rebounding,1,1122,400,7235,128.42,sam2,0.0,0.0,0.0
1757,rebounding,1,1123,400,7246,128.61,sam2,1.0,2996.766,45.665
1758,rebounding,1,1123,400,7221,128.17,sam2,0.0,0.0,0.0
1759,rebounding,1,1122,400,7136,126.66,sam2,1.0,2996.766,45.665
1760,rebounding,1,1122,400,7058,125.28,sam2,0.0,0.0,0.0
1761,rebounding,1,1122,400,7105,126.11,sam2,0.0,0.0,0.0
1762,rebounding,1,1122,400,7153,126.96,sam2,0.0,0.0,0.0
1763,rebounding,1,1122,400,7230,128.33,sam2,0.0,0.0,0.0
1764,rebounding,1,1122,400,7091,125.86,sam2,0.0,0.0,0.0
1765,rebounding,1,1122,400,7086,125.77,sam2,0.0,0.0,0.0
1766,rebounding,1,1122,400,7091,125.86,sam2,0.0,0.0,0.0
1767,rebounding,1,1122,400,7179,127.42,sam2,0.0,0.0,0.0
1768,rebounding,1,1122,400,7108,126.16,sam2,0.0,0.0,0.0
1769,rebounding,1,1123,400,7157,127.03,sam2,1.0,2996.766,45.665
1770,rebounding,1,1123,400,7209,127.96,sam2,0.0,0.0,0.0
1771,rebounding,1,1123,400,7259,128.84,sam2,0.0,0.0,0.0
1772,rebounding,1,1122,400,7133,126.61,sam2,1.0,2996.766,45.665
1773,rebounding,1,1123,400,7181,127.46,sam2,1.0,2996.766,45.665
1774,rebounding,1,1122,400,7154,126.98,sam2,1.0,2996.766,45.665
1775,rebounding,1,1122,400,7101,126.04,sam2,0.0,0.0,0.0
1776,rebounding,1,1123,401,7367,130.76,sam2,1.414,4238.068,64.58
1777,rebounding,1,1123,401,7276,129.14,sam2,0.0,0.0,0.0
1778,rebounding,1,1123,401,7275,129.13,sam2,0.0,0.0,0.0
1779,rebounding,1,1123,400,7227,128.27,sam2,1.0,2996.766,45.665
1780,rebounding,1,1123,401,7267,128.98,sam2,1.0,2996.766,45.665
1781,rebounding,1,1123,400,7262,128.9,sam2,1.0,2996.766,45.665
1782,rebounding,1,1123,400,7240,128.51,sam2,0.0,0.0,0.0
1783,rebounding,1,1123,400,7173,127.32,sam2,0.0,0.0,0.0
1784,rebounding,1,1122,400,7081,125.68,sam2,1.0,2996.766,45.665
1785,rebounding,1,1123,402,7516,133.4,sam2,2.236,6700.974,102.11
1786,rebounding,1,1123,401,7413,131.58,sam2,1.0,2996.766,45.665
1787,rebounding,1,1123,400,7245,128.59,sam2,1.0,2996.766,45.665
1788,rebounding,1,1123,401,7377,130.94,sam2,1.0,2996.766,45.665
1789,rebounding,1,1123,400,7272,129.07,sam2,1.0,2996.766,45.665
1790,rebounding,1,1123,400,7203,127.85,sam2,0.0,0.0,0.0
1791,rebounding,1,1123,400,7218,128.12,sam2,0.0,0.0,0.0
1792,rebounding,1,1123,400,7269,129.02,sam2,0.0,0.0,0.0
1793,rebounding,1,1123,400,7248,128.65,sam2,0.0,0.0,0.0
1794,rebounding,1,1123,400,7230,128.33,sam2,0.0,0.0,0.0
1795,rebounding,1,1123,400,7188,127.58,sam2,0.0,0.0,0.0
1796,rebounding,1,1122,400,7202,127.83,sam2,1.0,2996.766,45.665
1797,rebounding,1,1122,400,7207,127.92,sam2,0.0,0.0,0.0
1798,rebounding,1,1123,401,7363,130.69,sam2,1.414,4238.068,64.58
1799,rebounding,1,1123,401,7324,130.0,sam2,0.0,0.0,0.0
1800,rebounding,1,1123,400,7216,128.08,sam2,1.0,2996.766,45.665
1801,rebounding,1,1123,400,7211,127.99,sam2,0.0,0.0,0.0
1802,rebounding,1,1123,401,7304,129.64,sam2,1.0,2996.766,45.665
1803,rebounding,1,1123,401,7321,129.94,sam2,0.0,0.0,0.0
1804,rebounding,1,1123,401,7382,131.03,sam2,0.0,0.0,0.0
1805,rebounding,1,1123,400,7245,128.59,sam2,1.0,2996.766,45.665
1806,rebounding,1,1122,400,7105,126.11,sam2,1.0,2996.766,45.665
1807,rebounding,1,1123,401,7379,130.97,sam2,1.414,4238.068,64.58
1808,rebounding,1,1123,400,7256,128.79,sam2,1.0,2996.766,45.665
1809,rebounding,1,1123,400,7260,128.86,sam2,0.0,0.0,0.0
1810,rebounding,1,1123,400,7296,129.5,sam2,0.0,0.0,0.0
1811,rebounding,1,1122,400,7162,127.12,sam2,1.0,2996.766,45.665
1812,rebounding,1,1122,400,7191,127.64,sam2,0.0,0.0,0.0
1813,rebounding,1,1123,400,7165,127.17,sam2,1.0,2996.766,45.665
1814,rebounding,1,1123,400,7225,128.24,sam2,0.0,0.0,0.0
1815,rebounding,1,1123,400,7255,128.77,sam2,0.0,0.0,0.0
1816,rebounding,1,1123,401,7318,129.89,sam2,1.0,2996.766,45.665
1817,rebounding,1,1123,400,7230,128.33,sam2,1.0,2996.766,45.665
1818,rebounding,1,1122,400,7137,126.68,sam2,1.0,2996.766,45.665
1819,rebounding,1,1123,400,7264,128.93,sam2,1.0,2996.766,45.665
1820,rebounding,1,1123,400,7221,128.17,sam2,0.0,0.0,0.0
1821,rebounding,1,1123,400,7245,128.59,sam2,0.0,0.0,0.0
1822,rebounding,1,1123,400,7132,126.59,sam2,0.0,0.0,0.0
1823,rebounding,1,1123,400,7277,129.16,sam2,0.0,0.0,0.0
1824,rebounding,1,1123,400,7271,129.06,sam2,0.0,0.0,0.0
1825,rebounding,1,1123,400,7190,127.62,sam2,0.0,0.0,0.0
1826,rebounding,1,1122,400,7202,127.83,sam2,1.0,2996.766,45.665
1827,rebounding,1,1123,401,7395,131.26,sam2,1.414,4238.068,64.58
1828,rebounding,1,1122,400,7132,126.59,sam2,1.414,4238.068,64.58
1829,rebounding,1,1122,400,7169,127.25,sam2,0.0,0.0,0.0
1830,rebounding,1,1123,401,7313,129.8,sam2,1.414,4238.068,64.58
1831,rebounding,1,1122,400,7213,128.03,sam2,1.414,4238.068,64.58
1832,rebounding,1,1123,400,7254,128.75,sam2,1.0,2996.766,45.665
1833,rebounding,1,1123,400,7177,127.39,sam2,0.0,0.0,0.0
1834,rebounding,1,1122,400,7084,125.74,sam2,1.0,2996.766,45.665
1835,rebounding,1,1123,401,7298,129.53,sam2,1.414,4238.068,64.58
1836,rebounding,1,1122,400,7152,126.94,sam2,1.414,4238.068,64.58
1837,rebounding,1,1123,401,7283,129.27,sam2,1.414,4238.068,64.58
1838,rebounding,1,1123,400,7198,127.76,sam2,1.0,2996.766,45.665
1839,rebounding,1,1123,401,7295,129.48,sam2,1.0,2996.766,45.665
1840,rebounding,1,1123,400,7165,127.17,sam2,1.0,2996.766,45.665
1841,rebounding,1,1122,400,7247,128.63,sam2,1.0,2996.766,45.665
1842,rebounding,1,1123,401,7297,129.52,sam2,1.414,4238.068,64.58
1843,rebounding,1,1123,401,7326,130.03,sam2,0.0,0.0,0.0
1844,rebounding,1,1123,401,7317,129.87,sam2,0.0,0.0,0.0
1845,rebounding,1,1122,400,7239,128.49,sam2,1.414,4238.068,64.58
1846,rebounding,1,1123,400,7277,129.16,sam2,1.0,2996.766,45.665
1847,rebounding,1,1123,401,7340,130.28,sam2,1.0,2996.766,45.665
1848,rebounding,1,1123,401,7375,130.9,sam2,0.0,0.0,0.0
1849,rebounding,1,1123,401,7304,129.64,sam2,0.0,0.0,0.0
1850,rebounding,1,1123,400,7264,128.93,sam2,1.0,2996.766,45.665
1851,rebounding,1,1123,400,7157,127.03,sam2,0.0,0.0,0.0
1852,rebounding,1,1122,400,7187,127.56,sam2,1.0,2996.766,45.665
1853,rebounding,1,1122,400,7179,127.42,sam2,0.0,0.0,0.0
1854,rebounding,1,1123,400,7163,127.14,sam2,1.0,2996.766,45.665
1855,rebounding,1,1123,400,7243,128.56,sam2,0.0,0.0,0.0
1856,rebounding,1,1122,400,7232,128.36,sam2,1.0,2996.766,45.665
1857,rebounding,1,1123,401,7264,128.93,sam2,1.414,4238.068,64.58
1858,rebounding,1,1123,400,7223,128.2,sam2,1.0,2996.766,45.665
1859,rebounding,1,1123,400,7172,127.3,sam2,0.0,0.0,0.0
1860,rebounding,1,1123,400,7179,127.42,sam2,0.0,0.0,0.0
1861,rebounding,1,1122,400,7196,127.72,sam2,1.0,2996.766,45.665
1862,rebounding,1,1123,400,7257,128.81,sam2,1.0,2996.766,45.665
1863,rebounding,1,1123,400,7240,128.51,sam2,0.0,0.0,0.0
1864,rebounding,1,1123,401,7345,130.37,sam2,1.0,2996.766,45.665
1865,rebounding,1,1123,401,7317,129.87,sam2,0.0,0.0,0.0
1866,rebounding,1,1123,401,7313,129.8,sam2,0.0,0.0,0.0
1867,rebounding,1,1123,400,7252,128.72,sam2,1.0,2996.766,45.665
1868,rebounding,1,1123,401,7379,130.97,sam2,1.0,2996.766,45.665
1869,rebounding,1,1123,400,7252,128.72,sam2,1.0,2996.766,45.665
1870,rebounding,1,1123,401,7370,130.81,sam2,1.0,2996.766,45.665
1871,rebounding,1,1123,400,7214,128.04,sam2,1.0,2996.766,45.665
1872,rebounding,1,1123,401,7364,130.71,sam2,1.0,2996.766,45.665
1873,rebounding,1,1122,400,7099,126.0,sam2,1.414,4238.068,64.58
1874,rebounding,1,1123,400,7185,127.53,sam2,1.0,2996.766,45.665
1875,rebounding,1,1123,400,7163,127.14,sam2,0.0,0.0,0.0
1876,rebounding,1,1122,400,7151,126.93,sam2,1.0,2996.766,45.665
1877,rebounding,1,1122,400,7114,126.27,sam2,0.0,0.0,0.0
1878,rebounding,1,1122,399,7042,124.99,sam2,1.0,2996.766,45.665
1879,rebounding,1,1123,400,7222,128.19,sam2,1.414,4238.068,64.58
1880,rebounding,1,1123,400,7232,128.36,sam2,0.0,0.0,0.0
1881,rebounding,1,1123,400,7247,128.63,sam2,0.0,0.0,0.0
1882,rebounding,1,1122,400,7114,126.27,sam2,1.0,2996.766,45.665
1883,rebounding,1,1122,400,7148,126.87,sam2,0.0,0.0,0.0
1884,rebounding,1,1123,400,7215,128.06,sam2,1.0,2996.766,45.665
1885,rebounding,1,1122,400,7218,128.12,sam2,1.0,2996.766,45.665
1886,rebounding,1,1122,400,7194,127.69,sam2,0.0,0.0,0.0
1887,rebounding,1,1122,400,7191,127.64,sam2,0.0,0.0,0.0
1888,rebounding,1,1123,400,7211,127.99,sam2,1.0,2996.766,45.665
1889,rebounding,1,1122,400,7082,125.7,sam2,1.0,2996.766,45.665
1890,rebounding,1,1122,400,7239,128.49,sam2,0.0,0.0,0.0
1891,rebounding,1,1122,400,7087,125.79,sam2,0.0,0.0,0.0
1892,rebounding,1,1122,400,7121,126.39,sam2,0.0,0.0,0.0
1893,rebounding,1,1122,400,7149,126.89,sam2,0.0,0.0,0.0
1894,rebounding,1,1122,400,7112,126.23,sam2,0.0,0.0,0.0
1895,rebounding,1,1122,399,7030,124.78,sam2,1.0,2996.766,45.665
1896,rebounding,1,1123,400,7214,128.04,sam2,1.414,4238.068,64.58
1897,rebounding,1,1122,400,7220,128.15,sam2,1.0,2996.766,45.665
1898,rebounding,1,1123,401,7301,129.59,sam2,1.414,4238.068,64.58
1899,rebounding,1,1123,400,7189,127.6,sam2,1.0,2996.766,45.665
1900,rebounding,1,1123,400,7186,127.55,sam2,0.0,0.0,0.0
1901,rebounding,1,1123,400,7293,129.45,sam2,0.0,0.0,0.0
1902,rebounding,1,1122,400,7171,127.28,sam2,1.0,2996.766,45.665
1903,rebounding,1,1122,400,7097,125.97,sam2,0.0,0.0,0.0
1904,rebounding,1,1122,400,7096,125.95,sam2,0.0,0.0,0.0
1905,rebounding,1,1123,401,7361,130.65,sam2,1.414,4238.068,64.58
1906,rebounding,1,1123,400,7248,128.65,sam2,1.0,2996.766,45.665
1907,rebounding,1,1122,400,7121,126.39,sam2,1.0,2996.766,45.665
1908,rebounding,1,1123,400,7257,128.81,sam2,1.0,2996.766,45.665
1909,rebounding,1,1122,400,7088,125.81,sam2,1.0,2996.766,45.665
1910,rebounding,1,1122,400,7156,127.01,sam2,0.0,0.0,0.0
1911,rebounding,1,1122,400,7088,125.81,sam2,0.0,0.0,0.0
1912,rebounding,1,1122,400,7194,127.69,sam2,0.0,0.0,0.0
1913,rebounding,1,1122,400,7079,125.65,sam2,0.0,0.0,0.0
1914,rebounding,1,1122,400,7202,127.83,sam2,0.0,0.0,0.0
1915,rebounding,1,1122,401,7312,129.78,sam2,1.0,2996.766,45.665
1916,rebounding,1,1122,400,7155,127.0,sam2,1.0,2996.766,45.665
1917,rebounding,1,1122,400,7138,126.7,sam2,0.0,0.0,0.0
1918,rebounding,1,1123,400,7146,126.84,sam2,1.0,2996.766,45.665
1919,rebounding,1,1122,400,7245,128.59,sam2,1.0,2996.766,45.665
1920,rebounding,1,1123,400,7203,127.85,sam2,1.0,2996.766,45.665
1921,rebounding,1,1122,400,7101,126.04,sam2,1.0,2996.766,45.665
1922,rebounding,1,1123,400,7168,127.23,sam2,1.0,2996.766,45.665
1923,rebounding,1,1123,401,7359,130.62,sam2,1.0,2996.766,45.665
1924,rebounding,1,1123,401,7397,131.29,sam2,0.0,0.0,0.0
1925,rebounding,1,1122,400,7110,126.2,sam2,1.414,4238.068,64.58
1926,rebounding,1,1123,401,7315,129.84,sam2,1.414,4238.068,64.58
1927,rebounding,1,1123,400,7227,128.27,sam2,1.0,2996.766,45.665
1928,rebounding,1,1122,400,7144,126.8,sam2,1.0,2996.766,45.665
1929,rebounding,1,1123,400,7191,127.64,sam2,1.0,2996.766,45.665
1930,rebounding,1,1123,400,7174,127.33,sam2,0.0,0.0,0.0
1931,rebounding,1,1123,400,7260,128.86,sam2,0.0,0.0,0.0
1932,rebounding,1,1123,400,7167,127.21,sam2,0.0,0.0,0.0
1933,rebounding,1,1122,400,7079,125.65,sam2,1.0,2996.766,45.665
1934,rebounding,1,1123,401,7315,129.84,sam2,1.414,4238.068,64.58
1935,rebounding,1,1122,400,7162,127.12,sam2,1.414,4238.068,64.58
1936,rebounding,1,1122,400,7237,128.45,sam2,0.0,0.0,0.0
1937,rebounding,1,1122,400,7123,126.43,sam2,0.0,0.0,0.0
1938,rebounding,1,1122,400,7034,124.85,sam2,0.0,0.0,0.0
1939,rebounding,1,1122,400,7121,126.39,sam2,0.0,0.0,0.0
1940,rebounding,1,1122,400,7243,128.56,sam2,0.0,0.0,0.0
1941,rebounding,1,1123,400,7193,127.67,sam2,1.0,2996.766,45.665
1942,rebounding,1,1122,399,6954,123.43,sam2,1.414,4238.068,64.58
1943,rebounding,1,1122,400,7199,127.78,sam2,1.0,2996.766,45.665
1944,rebounding,1,1122,400,7179,127.42,sam2,0.0,0.0,0.0
1945,rebounding,1,1122,400,7236,128.43,sam2,0.0,0.0,0.0
1946,rebounding,1,1123,400,7241,128.52,sam2,1.0,2996.766,45.665
1947,rebounding,1,1123,400,7162,127.12,sam2,0.0,0.0,0.0
1948,rebounding,1,1122,401,7343,130.33,sam2,1.414,4238.068,64.58
1949,rebounding,1,1123,400,7209,127.96,sam2,1.414,4238.068,64.58
1950,rebounding,1,1123,401,7322,129.96,sam2,1.0,2996.766,45.665
1951,rebounding,1,1123,400,7226,128.26,sam2,1.0,2996.766,45.665
1952,rebounding,1,1122,401,7295,129.48,sam2,1.414,4238.068,64.58
1953,rebounding,1,1122,400,7199,127.78,sam2,1.0,2996.766,45.665
1954,rebounding,1,1122,400,7198,127.76,sam2,0.0,0.0,0.0
1955,rebounding,1,1122,400,7022,124.64,sam2,0.0,0.0,0.0
1956,rebounding,1,1123,400,7254,128.75,sam2,1.0,2996.766,45.665
1957,rebounding,1,1122,400,7107,126.14,sam2,1.0,2996.766,45.665
1958,rebounding,1,1122,400,7149,126.89,sam2,0.0,0.0,0.0
1959,rebounding,1,1122,400,7118,126.34,sam2,0.0,0.0,0.0
1960,rebounding,1,1123,401,7362,130.67,sam2,1.414,4238.068,64.58
1961,rebounding,1,1123,401,7432,131.91,sam2,0.0,0.0,0.0
1962,rebounding,1,1123,401,7322,129.96,sam2,0.0,0.0,0.0
1963,rebounding,1,1122,400,7143,126.78,sam2,1.414,4238.068,64.58
1964,rebounding,1,1122,400,7097,125.97,sam2,0.0,0.0,0.0
1965,rebounding,1,1123,401,7338,130.24,sam2,1.414,4238.068,64.58
1966,rebounding,1,1123,401,7361,130.65,sam2,0.0,0.0,0.0
1967,rebounding,1,1123,400,7293,129.45,sam2,1.0,2996.766,45.665
1968,rebounding,1,1123,402,7525,133.56,sam2,2.0,5993.533,91.33
1969,rebounding,1,1123,401,7323,129.98,sam2,1.0,2996.766,45.665
1970,rebounding,1,1123,400,7230,128.33,sam2,1.0,2996.766,45.665
1971,rebounding,1,1123,401,7392,131.2,sam2,1.0,2996.766,45.665
1972,rebounding,1,1122,401,7306,129.68,sam2,1.0,2996.766,45.665
1973,rebounding,1,1123,401,7304,129.64,sam2,1.0,2996.766,45.665
1974,rebounding,1,1123,400,7250,128.68,sam2,1.0,2996.766,45.665
1975,rebounding,1,1122,400,7157,127.03,sam2,1.0,2996.766,45.665
1976,rebounding,1,1123,401,7351,130.48,sam2,1.414,4238.068,64.58
1977,rebounding,1,1123,400,7245,128.59,sam2,1.0,2996.766,45.665
1978,rebounding,1,1123,401,7297,129.52,sam2,1.0,2996.766,45.665
1979,rebounding,1,1123,400,7224,128.22,sam2,1.0,2996.766,45.665
1980,rebounding,1,1123,401,7369,130.8,sam2,1.0,2996.766,45.665
1981,rebounding,1,1123,401,7338,130.24,sam2,0.0,0.0,0.0
1982,rebounding,1,1123,400,7224,128.22,sam2,1.0,2996.766,45.665
1983,rebounding,1,1123,400,7300,129.57,sam2,0.0,0.0,0.0
1984,rebounding,1,1123,400,7251,128.7,sam2,0.0,0.0,0.0
1985,rebounding,1,1123,400,7229,128.31,sam2,0.0,0.0,0.0
1986,rebounding,1,1123,400,7253,128.74,sam2,0.0,0.0,0.0
1987,rebounding,1,1123,400,7258,128.82,sam2,0.0,0.0,0.0
1988,rebounding,1,1123,400,7179,127.42,sam2,0.0,0.0,0.0
1989,rebounding,1,1123,400,7176,127.37,sam2,0.0,0.0,0.0
1990,rebounding,1,1123,401,7316,129.85,sam2,1.0,2996.766,45.665
1991,rebounding,1,1123,400,7204,127.87,sam2,1.0,2996.766,45.665
1992,rebounding,1,1123,400,7229,128.31,sam2,0.0,0.0,0.0
1993,rebounding,1,1123,401,7266,128.97,sam2,1.0,2996.766,45.665
1994,rebounding,1,1123,400,7229,128.31,sam2,1.0,2996.766,45.665
1995,rebounding,1,1122,400,7100,126.02,sam2,1.0,2996.766,45.665
1996,rebounding,1,1123,401,7260,128.86,sam2,1.414,4238.068,64.58
1997,rebounding,1,1123,401,7329,130.09,sam2,0.0,0.0,0.0
1998,rebounding,1,1123,400,7261,128.88,sam2,1.0,2996.766,45.665
1999,rebounding,1,1122,400,7136,126.66,sam2,1.0,2996.766,45.665
2000,rebounding,1,1122,400,7225,128.24,sam2,0.0,0.0,0.0
2001,rebounding,1,1123,401,7326,130.03,sam2,1.414,4238.068,64.58
2002,rebounding,1,1123,400,7250,128.68,sam2,1.0,2996.766,45.665
2003,rebounding,1,1123,400,7185,127.53,sam2,0.0,0.0,0.0
2004,rebounding,1,1123,401,7305,129.66,sam2,1.0,2996.766,45.665
2005,rebounding,1,1123,400,7264,128.93,sam2,1.0,2996.766,45.665
2006,rebounding,1,1123,401,7302,129.61,sam2,1.0,2996.766,45.665
2007,rebounding,1,1123,400,7232,128.36,sam2,1.0,2996.766,45.665
2008,rebounding,1,1123,401,7297,129.52,sam2,1.0,2996.766,45.665
2009,rebounding,1,1123,401,7326,130.03,sam2,0.0,0.0,0.0
2010,rebounding,1,1123,401,7325,130.01,sam2,0.0,0.0,0.0
2011,rebounding,1,1123,401,7374,130.88,sam2,0.0,0.0,0.0
2012,rebounding,1,1123,402,7499,133.1,sam2,1.0,2996.766,45.665
2013,rebounding,1,1123,401,7291,129.41,sam2,1.0,2996.766,45.665
2014,rebounding,1,1123,401,7348,130.42,sam2,0.0,0.0,0.0
2015,rebounding,1,1123,401,7330,130.1,sam2,0.0,0.0,0.0
2016,rebounding,1,1122,400,7127,126.5,sam2,1.414,4238.068,64.58
2017,rebounding,1,1122,401,7303,129.62,sam2,1.0,2996.766,45.665
2018,rebounding,1,1123,400,7277,129.16,sam2,1.414,4238.068,64.58
2019,rebounding,1,1122,400,7276,129.14,sam2,1.0,2996.766,45.665
2020,rebounding,1,1122,400,7154,126.98,sam2,0.0,0.0,0.0
2021,rebounding,1,1122,401,7322,129.96,sam2,1.0,2996.766,45.665
2022,rebounding,1,1122,400,7234,128.4,sam2,1.0,2996.766,45.665
2023,rebounding,1,1122,401,7304,129.64,sam2,1.0,2996.766,45.665
2024,rebounding,1,1123,400,7210,127.97,sam2,1.414,4238.068,64.58
2025,rebounding,1,1122,400,7141,126.75,sam2,1.0,2996.766,45.665
2026,rebounding,1,1123,400,7282,129.25,sam2,1.0,2996.766,45.665
2027,rebounding,1,1122,400,7123,126.43,sam2,1.0,2996.766,45.665
2028,rebounding,1,1123,400,7236,128.43,sam2,1.0,2996.766,45.665
2029,rebounding,1,1123,400,7259,128.84,sam2,0.0,0.0,0.0
2030,rebounding,1,1122,400,7077,125.61,sam2,1.0,2996.766,45.665
2031,rebounding,1,1122,400,7078,125.63,sam2,0.0,0.0,0.0
2032,rebounding,1,1123,401,7274,129.11,sam2,1.414,4238.068,64.58
2033,rebounding,1,1122,400,7175,127.35,sam2,1.414,4238.068,64.58
2034,rebounding,1,1122,400,7089,125.83,sam2,0.0,0.0,0.0
2035,rebounding,1,1122,400,7161,127.1,sam2,0.0,0.0,0.0
2036,rebounding,1,1123,401,7352,130.49,sam2,1.414,4238.068,64.58
2037,rebounding,1,1123,401,7356,130.56,sam2,0.0,0.0,0.0
2038,rebounding,1,1123,401,7325,130.01,sam2,0.0,0.0,0.0
2039,rebounding,1,1123,400,7215,128.06,sam2,1.0,2996.766,45.665
2040,rebounding,1,1123,401,7334,130.17,sam2,1.0,2996.766,45.665
2041,rebounding,1,1123,400,7204,127.87,sam2,1.0,2996.766,45.665
2042,rebounding,1,1123,401,7332,130.14,sam2,1.0,2996.766,45.665
2043,rebounding,1,1123,401,7402,131.38,sam2,0.0,0.0,0.0
2044,rebounding,1,1123,401,7265,128.95,sam2,0.0,0.0,0.0
2045,rebounding,1,1123,400,7205,127.88,sam2,1.0,2996.766,45.665
2046,rebounding,1,1123,401,7306,129.68,sam2,1.0,2996.766,45.665
2047,rebounding,1,1122,400,7127,126.5,sam2,1.414,4238.068,64.58
2048,rebounding,1,1122,400,7199,127.78,sam2,0.0,0.0,0.0
2049,rebounding,1,1123,400,7191,127.64,sam2,1.0,2996.766,45.665
2050,rebounding,1,1123,401,7339,130.26,sam2,1.0,2996.766,45.665
2051,rebounding,1,1123,401,7332,130.14,sam2,0.0,0.0,0.0
2052,rebounding,1,1123,400,7153,126.96,sam2,1.0,2996.766,45.665
2053,rebounding,1,1122,400,7170,127.26,sam2,1.0,2996.766,45.665
2054,rebounding,1,1122,399,7041,124.97,sam2,1.0,2996.766,45.665
2055,rebounding,1,1122,400,7126,126.48,sam2,1.0,2996.766,45.665
2056,rebounding,1,1123,400,7071,125.51,sam2,1.0,2996.766,45.665
2057,rebounding,1,1122,400,7070,125.49,sam2,1.0,2996.766,45.665
2058,rebounding,1,1123,400,7115,126.29,sam2,1.0,2996.766,45.665
2059,rebounding,1,1123,400,7183,127.49,sam2,0.0,0.0,0.0
2060,rebounding,1,1124,400,7326,130.03,sam2,1.0,2996.766,45.665
2061,rebounding,1,1123,400,7232,128.36,sam2,1.0,2996.766,45.665
2062,rebounding,1,1122,400,7101,126.04,sam2,1.0,2996.766,45.665
2063,rebounding,1,1123,400,7267,128.98,sam2,1.0,2996.766,45.665
2064,rebounding,1,1123,400,7220,128.15,sam2,0.0,0.0,0.0
2065,rebounding,1,1123,401,7339,130.26,sam2,1.0,2996.766,45.665
2066,rebounding,1,1123,401,7378,130.95,sam2,0.0,0.0,0.0
2067,rebounding,1,1123,401,7334,130.17,sam2,0.0,0.0,0.0
2068,rebounding,1,1123,400,7207,127.92,sam2,1.0,2996.766,45.665
2069,rebounding,1,1122,400,7172,127.3,sam2,1.0,2996.766,45.665
2070,rebounding,1,1123,400,7190,127.62,sam2,1.0,2996.766,45.665
2071,rebounding,1,1122,400,7113,126.25,sam2,1.0,2996.766,45.665
2072,rebounding,1,1122,400,7133,126.61,sam2,0.0,0.0,0.0
2073,rebounding,1,1122,400,7161,127.1,sam2,0.0,0.0,0.0
2074,rebounding,1,1123,400,7245,128.59,sam2,1.0,2996.766,45.665
2075,rebounding,1,1123,400,7281,129.23,sam2,0.0,0.0,0.0
2076,rebounding,1,1123,401,7303,129.62,sam2,1.0,2996.766,45.665
2077,rebounding,1,1123,401,7295,129.48,sam2,0.0,0.0,0.0
2078,rebounding,1,1123,400,7292,129.43,sam2,1.0,2996.766,45.665
2079,rebounding,1,1123,400,7257,128.81,sam2,0.0,0.0,0.0
2080,rebounding,1,1123,400,7221,128.17,sam2,0.0,0.0,0.0
2081,rebounding,1,1122,400,7066,125.42,sam2,1.0,2996.766,45.665
2082,rebounding,1,1123,400,7233,128.38,sam2,1.0,2996.766,45.665
2083,rebounding,1,1123,400,7253,128.74,sam2,0.0,0.0,0.0
2084,rebounding,1,1122,400,7160,127.09,sam2,1.0,2996.766,45.665
2085,rebounding,1,1122,400,7074,125.56,sam2,0.0,0.0,0.0
2086,rebounding,1,1123,401,7291,129.41,sam2,1.414,4238.068,64.58
2087,rebounding,1,1122,400,7088,125.81,sam2,1.414,4238.068,64.58
2088,rebounding,1,1122,400,7062,125.35,sam2,0.0,0.0,0.0
2089,rebounding,1,1123,400,7091,125.86,sam2,1.0,2996.766,45.665
2090,rebounding,1,1123,400,7121,126.39,sam2,0.0,0.0,0.0
2091,rebounding,1,1123,400,7204,127.87,sam2,0.0,0.0,0.0
2092,rebounding,1,1122,400,7076,125.59,sam2,1.0,2996.766,45.665
2093,rebounding,1,1122,400,7173,127.32,sam2,0.0,0.0,0.0
2094,rebounding,1,1122,400,7204,127.87,sam2,0.0,0.0,0.0
2095,rebounding,1,1122,400,7140,126.73,sam2,0.0,0.0,0.0
2096,rebounding,1,1122,399,6971,123.73,sam2,1.0,2996.766,45.665
2097,rebounding,1,1122,400,7124,126.45,sam2,1.0,2996.766,45.665
2098,rebounding,1,1123,401,7296,129.5,sam2,1.414,4238.068,64.58
2099,rebounding,1,1123,400,7202,127.83,sam2,1.0,2996.766,45.665
2100,rebounding,1,1123,400,7276,129.14,sam2,0.0,0.0,0.0
2101,rebounding,1,1122,400,7079,125.65,sam2,1.0,2996.766,45.665
2102,rebounding,1,1122,400,7193,127.67,sam2,0.0,0.0,0.0
2103,rebounding,1,1122,400,7219,128.13,sam2,0.0,0.0,0.0
2104,rebounding,1,1123,400,7263,128.91,sam2,1.0,2996.766,45.665
2105,rebounding,1,1122,400,7207,127.92,sam2,1.0,2996.766,45.665
2106,rebounding,1,1122,400,7068,125.45,sam2,0.0,0.0,0.0
2107,rebounding,1,1122,400,7198,127.76,sam2,0.0,0.0,0.0
2108,rebounding,1,1123,400,7144,126.8,sam2,1.0,2996.766,45.665
2109,rebounding,1,1122,400,7207,127.92,sam2,1.0,2996.766,45.665
2110,rebounding,1,1123,400,7147,126.85,sam2,1.0,2996.766,45.665
2111,rebounding,1,1122,400,7064,125.38,sam2,1.0,2996.766,45.665
2112,rebounding,1,1122,400,7090,125.84,sam2,0.0,0.0,0.0
2113,rebounding,1,1122,400,7115,126.29,sam2,0.0,0.0,0.0
2114,rebounding,1,1122,400,7106,126.13,sam2,0.0,0.0,0.0
2115,rebounding,1,1122,400,7125,126.46,sam2,0.0,0.0,0.0
2116,rebounding,1,1123,400,7224,128.22,sam2,1.0,2996.766,45.665
2117,rebounding,1,1123,400,7244,128.58,sam2,0.0,0.0,0.0
2118,rebounding,1,1123,400,7177,127.39,sam2,0.0,0.0,0.0
2119,rebounding,1,1122,400,7089,125.83,sam2,1.0,2996.766,45.665
2120,rebounding,1,1123,400,7257,128.81,sam2,1.0,2996.766,45.665
2121,rebounding,1,1122,400,7123,126.43,sam2,1.0,2996.766,45.665
2122,rebounding,1,1123,400,7209,127.96,sam2,1.0,2996.766,45.665
2123,rebounding,1,1122,399,7027,124.72,sam2,1.414,4238.068,64.58
2124,rebounding,1,1123,400,7220,128.15,sam2,1.414,4238.068,64.58
2125,rebounding,1,1123,401,7345,130.37,sam2,1.0,2996.766,45.665
2126,rebounding,1,1122,400,7151,126.93,sam2,1.414,4238.068,64.58
2127,rebounding,1,1123,401,7295,129.48,sam2,1.414,4238.068,64.58
2128,rebounding,1,1122,400,7085,125.75,sam2,1.414,4238.068,64.58
2129,rebounding,1,1123,401,7340,130.28,sam2,1.414,4238.068,64.58
2130,rebounding,1,1123,401,7496,133.05,sam2,0.0,0.0,0.0
2131,rebounding,1,1123,400,7249,128.67,sam2,1.0,2996.766,45.665
2132,rebounding,1,1122,401,7335,130.19,sam2,1.414,4238.068,64.58
2133,rebounding,1,1123,400,7246,128.61,sam2,1.414,4238.068,64.58
2134,rebounding,1,1122,401,7264,128.93,sam2,1.414,4238.068,64.58
2135,rebounding,1,1123,401,7328,130.07,sam2,1.0,2996.766,45.665
2136,rebounding,1,1123,401,7365,130.72,sam2,0.0,0.0,0.0
2137,rebounding,1,1123,400,7250,128.68,sam2,1.0,2996.766,45.665
2138,rebounding,1,1122,400,7167,127.21,sam2,1.0,2996.766,45.665
2139,rebounding,1,1123,400,7240,128.51,sam2,1.0,2996.766,45.665
2140,rebounding,1,1123,400,7194,127.69,sam2,0.0,0.0,0.0
2141,rebounding,1,1123,400,7178,127.41,sam2,0.0,0.0,0.0
2142,rebounding,1,1123,400,7208,127.94,sam2,0.0,0.0,0.0
2143,rebounding,1,1123,401,7309,129.73,sam2,1.0,2996.766,45.665
2144,rebounding,1,1123,400,7187,127.56,sam2,1.0,2996.766,45.665
2145,rebounding,1,1123,401,7261,128.88,sam2,1.0,2996.766,45.665
2146,rebounding,1,1123,401,7372,130.85,sam2,0.0,0.0,0.0
2147,rebounding,1,1123,401,7272,129.07,sam2,0.0,0.0,0.0
2148,rebounding,1,1123,400,7228,128.29,sam2,1.0,2996.766,45.665
2149,rebounding,1,1123,400,7177,127.39,sam2,0.0,0.0,0.0
2150,rebounding,1,1123,401,7358,130.6,sam2,1.0,2996.766,45.665
2151,rebounding,1,1123,400,7286,129.32,sam2,1.0,2996.766,45.665
2152,rebounding,1,1122,400,7107,126.14,sam2,1.0,2996.766,45.665
2153,rebounding,1,1123,401,7318,129.89,sam2,1.414,4238.068,64.58
2154,rebounding,1,1123,401,7483,132.82,sam2,0.0,0.0,0.0
2155,rebounding,1,1123,401,7359,130.62,sam2,0.0,0.0,0.0
2156,rebounding,1,1123,401,7341,130.3,sam2,0.0,0.0,0.0
2157,rebounding,1,1122,400,7158,127.05,sam2,1.414,4238.068,64.58
2158,rebounding,1,1123,401,7297,129.52,sam2,1.414,4238.068,64.58
2159,rebounding,1,1123,400,7267,128.98,sam2,1.0,2996.766,45.665
2160,rebounding,1,1123,401,7434,131.95,sam2,1.0,2996.766,45.665
2161,rebounding,1,1123,401,7333,130.16,sam2,0.0,0.0,0.0
2162,rebounding,1,1123,401,7398,131.31,sam2,0.0,0.0,0.0
2163,rebounding,1,1123,400,7243,128.56,sam2,1.0,2996.766,45.665
2164,rebounding,1,1123,400,7289,129.38,sam2,0.0,0.0,0.0
2165,rebounding,1,1123,400,7277,129.16,sam2,0.0,0.0,0.0
2166,rebounding,1,1123,400,7215,128.06,sam2,0.0,0.0,0.0
2167,rebounding,1,1123,401,7385,131.08,sam2,1.0,2996.766,45.665
2168,rebounding,1,1123,401,7279,129.2,sam2,0.0,0.0,0.0
2169,rebounding,1,1123,400,7268,129.0,sam2,1.0,2996.766,45.665
2170,rebounding,1,1123,401,7333,130.16,sam2,1.0,2996.766,45.665
2171,rebounding,1,1123,400,7193,127.67,sam2,1.0,2996.766,45.665
2172,rebounding,1,1123,401,7415,131.61,sam2,1.0,2996.766,45.665
2173,rebounding,1,1123,401,7402,131.38,sam2,0.0,0.0,0.0
2174,rebounding,1,1123,401,7350,130.46,sam2,0.0,0.0,0.0
2175,rebounding,1,1123,400,7199,127.78,sam2,1.0,2996.766,45.665
2176,rebounding,1,1123,401,7468,132.55,sam2,1.0,2996.766,45.665
2177,rebounding,1,1123,400,7242,128.54,sam2,1.0,2996.766,45.665
2178,rebounding,1,1123,401,7364,130.71,sam2,1.0,2996.766,45.665
2179,rebounding,1,1123,401,7312,129.78,sam2,0.0,0.0,0.0
2180,rebounding,1,1123,401,7363,130.69,sam2,0.0,0.0,0.0
2181,rebounding,1,1123,400,7287,129.34,sam2,1.0,2996.766,45.665
2182,rebounding,1,1123,401,7423,131.75,sam2,1.0,2996.766,45.665
2183,rebounding,1,1123,401,7478,132.73,sam2,0.0,0.0,0.0
2184,rebounding,1,1123,401,7363,130.69,sam2,0.0,0.0,0.0
2185,rebounding,1,1123,400,7281,129.23,sam2,1.0,2996.766,45.665
2186,rebounding,1,1123,400,7278,129.18,sam2,0.0,0.0,0.0
2187,rebounding,1,1123,400,7249,128.67,sam2,0.0,0.0,0.0
2188,rebounding,1,1123,401,7334,130.17,sam2,1.0,2996.766,45.665
2189,rebounding,1,1123,401,7336,130.21,sam2,0.0,0.0,0.0
2190,rebounding,1,1123,400,7267,128.98,sam2,1.0,2996.766,45.665
2191,rebounding,1,1123,400,7242,128.54,sam2,0.0,0.0,0.0
2192,rebounding,1,1123,401,7329,130.09,sam2,1.0,2996.766,45.665
2193,rebounding,1,1123,401,7303,129.62,sam2,0.0,0.0,0.0
2194,rebounding,1,1123,400,7299,129.55,sam2,1.0,2996.766,45.665
2195,rebounding,1,1122,400,7162,127.12,sam2,1.0,2996.766,45.665
2196,rebounding,1,1123,401,7295,129.48,sam2,1.414,4238.068,64.58
2197,rebounding,1,1123,400,7248,128.65,sam2,1.0,2996.766,45.665
2198,rebounding,1,1123,400,7280,129.22,sam2,0.0,0.0,0.0
2199,rebounding,1,1123,401,7305,129.66,sam2,1.0,2996.766,45.665
2200,rebounding,1,1123,401,7421,131.72,sam2,0.0,0.0,0.0
2201,rebounding,1,1123,401,7304,129.64,sam2,0.0,0.0,0.0
2202,rebounding,1,1123,401,7385,131.08,sam2,0.0,0.0,0.0
2203,rebounding,1,1123,401,7372,130.85,sam2,0.0,0.0,0.0
2204,rebounding,1,1123,401,7398,131.31,sam2,0.0,0.0,0.0
2205,rebounding,1,1123,400,7249,128.67,sam2,1.0,2996.766,45.665
2206,rebounding,1,1123,401,7413,131.58,sam2,1.0,2996.766,45.665
2207,rebounding,1,1123,401,7453,132.29,sam2,0.0,0.0,0.0
2208,rebounding,1,1123,401,7430,131.88,sam2,0.0,0.0,0.0
2209,rebounding,1,1123,401,7345,130.37,sam2,0.0,0.0,0.0
2210,rebounding,1,1123,401,7450,132.23,sam2,0.0,0.0,0.0
2211,rebounding,1,1123,401,7414,131.59,sam2,0.0,0.0,0.0
2212,rebounding,1,1123,401,7352,130.49,sam2,0.0,0.0,0.0
2213,rebounding,1,1123,401,7313,129.8,sam2,0.0,0.0,0.0
2214,rebounding,1,1123,401,7385,131.08,sam2,0.0,0.0,0.0
2215,rebounding,1,1123,401,7449,132.22,sam2,0.0,0.0,0.0
2216,rebounding,1,1123,401,7335,130.19,sam2,0.0,0.0,0.0
2217,rebounding,1,1123,401,7444,132.13,sam2,0.0,0.0,0.0
2218,rebounding,1,1123,401,7356,130.56,sam2,0.0,0.0,0.0
2219,rebounding,1,1123,401,7415,131.61,sam2,0.0,0.0,0.0
2220,rebounding,1,1123,400,7218,128.12,sam2,1.0,2996.766,45.665
2221,rebounding,1,1123,401,7397,131.29,sam2,1.0,2996.766,45.665
2222,rebounding,1,1123,401,7475,132.68,sam2,0.0,0.0,0.0
2223,rebounding,1,1123,401,7538,133.79,sam2,0.0,0.0,0.0
2224,rebounding,1,1123,401,7299,129.55,sam2,0.0,0.0,0.0
2225,rebounding,1,1123,401,7384,131.06,sam2,0.0,0.0,0.0
2226,rebounding,1,1123,401,7359,130.62,sam2,0.0,0.0,0.0
2227,rebounding,1,1123,401,7341,130.3,sam2,0.0,0.0,0.0
2228,rebounding,1,1123,401,7430,131.88,sam2,0.0,0.0,0.0
2229,rebounding,1,1123,401,7469,132.57,sam2,0.0,0.0,0.0
2230,rebounding,1,1123,401,7466,132.52,sam2,0.0,0.0,0.0
2231,rebounding,1,1123,401,7381,131.01,sam2,0.0,0.0,0.0
2232,rebounding,1,1123,400,7270,129.04,sam2,1.0,2996.766,45.665
2233,rebounding,1,1123,401,7316,129.85,sam2,1.0,2996.766,45.665
2234,rebounding,1,1123,401,7450,132.23,sam2,0.0,0.0,0.0
2235,rebounding,1,1123,401,7379,130.97,sam2,0.0,0.0,0.0
2236,rebounding,1,1123,401,7373,130.87,sam2,0.0,0.0,0.0
2237,rebounding,1,1123,401,7450,132.23,sam2,0.0,0.0,0.0
2238,rebounding,1,1123,401,7452,132.27,sam2,0.0,0.0,0.0
2239,rebounding,1,1123,400,7295,129.48,sam2,1.0,2996.766,45.665
2240,rebounding,1,1123,401,7345,130.37,sam2,1.0,2996.766,45.665
2241,rebounding,1,1123,401,7325,130.01,sam2,0.0,0.0,0.0
2242,rebounding,1,1123,400,7229,128.31,sam2,1.0,2996.766,45.665
2243,rebounding,1,1123,401,7330,130.1,sam2,1.0,2996.766,45.665
2244,rebounding,1,1123,400,7236,128.43,sam2,1.0,2996.766,45.665
2245,rebounding,1,1123,400,7249,128.67,sam2,0.0,0.0,0.0
2246,rebounding,1,1123,401,7398,131.31,sam2,1.0,2996.766,45.665
2247,rebounding,1,1123,400,7227,128.27,sam2,1.0,2996.766,45.665
2248,rebounding,1,1123,400,7258,128.82,sam2,0.0,0.0,0.0
2249,rebounding,1,1123,400,7215,128.06,sam2,0.0,0.0,0.0
2250,rebounding,1,1123,400,7271,129.06,sam2,0.0,0.0,0.0
2251,rebounding,1,1123,400,7186,127.55,sam2,0.0,0.0,0.0
2252,rebounding,1,1123,401,7339,130.26,sam2,1.0,2996.766,45.665
2253,rebounding,1,1123,400,7202,127.83,sam2,1.0,2996.766,45.665
2254,rebounding,1,1123,401,7378,130.95,sam2,1.0,2996.766,45.665
2255,rebounding,1,1123,401,7333,130.16,sam2,0.0,0.0,0.0
2256,rebounding,1,1123,400,7262,128.9,sam2,1.0,2996.766,45.665
2257,rebounding,1,1122,400,7207,127.92,sam2,1.0,2996.766,45.665
2258,rebounding,1,1123,400,7219,128.13,sam2,1.0,2996.766,45.665
2259,rebounding,1,1123,401,7348,130.42,sam2,1.0,2996.766,45.665
2260,rebounding,1,1123,400,7256,128.79,sam2,1.0,2996.766,45.665
2261,rebounding,1,1122,400,7116,126.3,sam2,1.0,2996.766,45.665
2262,rebounding,1,1123,401,7330,130.1,sam2,1.414,4238.068,64.58
2263,rebounding,1,1123,400,7123,126.43,sam2,1.0,2996.766,45.665
2264,rebounding,1,1123,400,7220,128.15,sam2,0.0,0.0,0.0
2265,rebounding,1,1123,400,7267,128.98,sam2,0.0,0.0,0.0
2266,rebounding,1,1123,400,7139,126.71,sam2,0.0,0.0,0.0
2267,rebounding,1,1123,401,7304,129.64,sam2,1.0,2996.766,45.665
2268,rebounding,1,1123,401,7296,129.5,sam2,0.0,0.0,0.0
2269,rebounding,1,1123,400,7212,128.01,sam2,1.0,2996.766,45.665
2270,rebounding,1,1123,400,7229,128.31,sam2,0.0,0.0,0.0
2271,rebounding,1,1123,401,7325,130.01,sam2,1.0,2996.766,45.665
2272,rebounding,1,1122,400,7229,128.31,sam2,1.414,4238.068,64.58
2273,rebounding,1,1122,400,7250,128.68,sam2,0.0,0.0,0.0
2274,rebounding,1,1123,400,7127,126.5,sam2,1.0,2996.766,45.665
2275,rebounding,1,1122,400,7207,127.92,sam2,1.0,2996.766,45.665
2276,rebounding,1,1122,400,7206,127.9,sam2,0.0,0.0,0.0
2277,rebounding,1,1123,401,7343,130.33,sam2,1.414,4238.068,64.58
2278,rebounding,1,1123,400,7180,127.44,sam2,1.0,2996.766,45.665
2279,rebounding,1,1123,401,7390,131.17,sam2,1.0,2996.766,45.665
2280,rebounding,1,1123,401,7291,129.41,sam2,0.0,0.0,0.0
2281,rebounding,1,1123,400,7198,127.76,sam2,1.0,2996.766,45.665
2282,rebounding,1,1123,400,7123,126.43,sam2,0.0,0.0,0.0
2283,rebounding,1,1123,400,7241,128.52,sam2,0.0,0.0,0.0
2284,rebounding,1,1122,400,7108,126.16,sam2,1.0,2996.766,45.665
2285,rebounding,1,1122,400,7081,125.68,sam2,0.0,0.0,0.0
2286,rebounding,1,1122,400,7094,125.91,sam2,0.0,0.0,0.0
2287,rebounding,1,1123,401,7481,132.78,sam2,1.414,4238.068,64.58
2288,rebounding,1,1123,400,7280,129.22,sam2,1.0,2996.766,45.665
2289,rebounding,1,1123,401,7322,129.96,sam2,1.0,2996.766,45.665
2290,rebounding,1,1123,400,7270,129.04,sam2,1.0,2996.766,45.665
2291,rebounding,1,1123,400,7323,129.98,sam2,0.0,0.0,0.0
2292,rebounding,1,1123,401,7338,130.24,sam2,1.0,2996.766,45.665
2293,rebounding,1,1123,400,7250,128.68,sam2,1.0,2996.766,45.665
2294,rebounding,1,1123,401,7313,129.8,sam2,1.0,2996.766,45.665
2295,rebounding,1,1123,401,7348,130.42,sam2,0.0,0.0,0.0
2296,rebounding,1,1123,400,7201,127.81,sam2,1.0,2996.766,45.665
2297,rebounding,1,1123,401,7310,129.75,sam2,1.0,2996.766,45.665
2298,rebounding,1,1123,400,7141,126.75,sam2,1.0,2996.766,45.665
2299,rebounding,1,1122,400,7217,128.1,sam2,1.0,2996.766,45.665
2300,rebounding,1,1122,400,7241,128.52,sam2,0.0,0.0,0.0
2301,rebounding,1,1123,401,7360,130.64,sam2,1.414,4238.068,64.58
2302,rebounding,1,1123,401,7307,129.69,sam2,0.0,0.0,0.0
2303,rebounding,1,1123,400,7253,128.74,sam2,1.0,2996.766,45.665
2304,rebounding,1,1123,401,7357,130.58,sam2,1.0,2996.766,45.665
2305,rebounding,1,1123,400,7221,128.17,sam2,1.0,2996.766,45.665
2306,rebounding,1,1123,402,7503,133.17,sam2,2.0,5993.533,91.33
2307,rebounding,1,1123,401,7388,131.13,sam2,1.0,2996.766,45.665
2308,rebounding,1,1123,401,7343,130.33,sam2,0.0,0.0,0.0
2309,rebounding,1,1123,401,7246,128.61,sam2,0.0,0.0,0.0
2310,rebounding,1,1123,401,7286,129.32,sam2,0.0,0.0,0.0
2311,rebounding,1,1123,400,7226,128.26,sam2,1.0,2996.766,45.665
2312,rebounding,1,1123,400,7265,128.95,sam2,0.0,0.0,0.0
2313,rebounding,1,1123,401,7341,130.3,sam2,1.0,2996.766,45.665
2314,rebounding,1,1123,401,7294,129.46,sam2,0.0,0.0,0.0
2315,rebounding,1,1123,401,7391,131.19,sam2,0.0,0.0,0.0
2316,rebounding,1,1123,401,7287,129.34,sam2,0.0,0.0,0.0
2317,rebounding,1,1123,401,7357,130.58,sam2,0.0,0.0,0.0
2318,rebounding,1,1123,401,7354,130.53,sam2,0.0,0.0,0.0
2319,rebounding,1,1123,400,7239,128.49,sam2,1.0,2996.766,45.665
2320,rebounding,1,1123,400,7221,128.17,sam2,0.0,0.0,0.0
2321,rebounding,1,1123,401,7277,129.16,sam2,1.0,2996.766,45.665
2322,rebounding,1,1123,401,7298,129.53,sam2,0.0,0.0,0.0
2323,rebounding,1,1123,400,7279,129.2,sam2,1.0,2996.766,45.665
2324,rebounding,1,1123,401,7351,130.48,sam2,1.0,2996.766,45.665
2325,rebounding,1,1123,401,7295,129.48,sam2,0.0,0.0,0.0
2326,rebounding,1,1123,400,7250,128.68,sam2,1.0,2996.766,45.665
2327,rebounding,1,1123,400,7189,127.6,sam2,0.0,0.0,0.0
2328,rebounding,1,1123,400,7257,128.81,sam2,0.0,0.0,0.0
2329,rebounding,1,1123,400,7200,127.8,sam2,0.0,0.0,0.0
2330,rebounding,1,1123,401,7319,129.91,sam2,1.0,2996.766,45.665
2331,rebounding,1,1123,400,7271,129.06,sam2,1.0,2996.766,45.665
2332,rebounding,1,1123,400,7237,128.45,sam2,0.0,0.0,0.0
2333,rebounding,1,1123,400,7210,127.97,sam2,0.0,0.0,0.0
2334,rebounding,1,1123,400,7226,128.26,sam2,0.0,0.0,0.0
2335,rebounding,1,1123,401,7292,129.43,sam2,1.0,2996.766,45.665
2336,rebounding,1,1123,401,7401,131.36,sam2,0.0,0.0,0.0
2337,rebounding,1,1123,401,7341,130.3,sam2,0.0,0.0,0.0
2338,rebounding,1,1123,401,7333,130.16,sam2,0.0,0.0,0.0
2339,rebounding,1,1122,400,7193,127.67,sam2,1.414,4238.068,64.58
2340,rebounding,1,1123,400,7169,127.25,sam2,1.0,2996.766,45.665
2341,rebounding,1,1123,400,7161,127.1,sam2,0.0,0.0,0.0
2342,rebounding,1,1123,401,7461,132.43,sam2,1.0,2996.766,45.665
2343,rebounding,1,1123,401,7391,131.19,sam2,0.0,0.0,0.0
2344,rebounding,1,1123,401,7295,129.48,sam2,0.0,0.0,0.0
2345,rebounding,1,1123,400,7246,128.61,sam2,1.0,2996.766,45.665
2346,rebounding,1,1123,401,7308,129.71,sam2,1.0,2996.766,45.665
2347,rebounding,1,1123,401,7299,129.55,sam2,0.0,0.0,0.0
2348,rebounding,1,1123,400,7238,128.47,sam2,1.0,2996.766,45.665
2349,rebounding,1,1123,400,7182,127.48,sam2,0.0,0.0,0.0
2350,rebounding,1,1123,401,7326,130.03,sam2,1.0,2996.766,45.665
2351,rebounding,1,1123,400,7175,127.35,sam2,1.0,2996.766,45.665
2352,rebounding,1,1123,400,7219,128.13,sam2,0.0,0.0,0.0
2353,rebounding,1,1124,401,7476,132.69,sam2,1.414,4238.068,64.58
2354,rebounding,1,1123,401,7336,130.21,sam2,1.0,2996.766,45.665
2355,rebounding,1,1123,400,7261,128.88,sam2,1.0,2996.766,45.665
2356,rebounding,1,1123,400,7255,128.77,sam2,0.0,0.0,0.0
2357,rebounding,1,1123,401,7303,129.62,sam2,1.0,2996.766,45.665
2358,rebounding,1,1122,400,7103,126.07,sam2,1.414,4238.068,64.58
2359,rebounding,1,1123,400,7191,127.64,sam2,1.0,2996.766,45.665
2360,rebounding,1,1123,400,7250,128.68,sam2,0.0,0.0,0.0
2361,rebounding,1,1122,400,7136,126.66,sam2,1.0,2996.766,45.665
2362,rebounding,1,1123,400,7276,129.14,sam2,1.0,2996.766,45.665
2363,rebounding,1,1123,401,7315,129.84,sam2,1.0,2996.766,45.665
2364,rebounding,1,1123,400,7187,127.56,sam2,1.0,2996.766,45.665
2365,rebounding,1,1123,401,7340,130.28,sam2,1.0,2996.766,45.665
2366,rebounding,1,1122,400,7114,126.27,sam2,1.414,4238.068,64.58
2367,rebounding,1,1123,401,7292,129.43,sam2,1.414,4238.068,64.58
2368,rebounding,1,1123,400,7201,127.81,sam2,1.0,2996.766,45.665
2369,rebounding,1,1123,400,7264,128.93,sam2,0.0,0.0,0.0
2370,rebounding,1,1123,401,7445,132.14,sam2,1.0,2996.766,45.665
2371,rebounding,1,1123,401,7373,130.87,sam2,0.0,0.0,0.0
2372,rebounding,1,1123,401,7332,130.14,sam2,0.0,0.0,0.0
2373,rebounding,1,1123,401,7492,132.98,sam2,0.0,0.0,0.0
2374,rebounding,1,1123,401,7313,129.8,sam2,0.0,0.0,0.0
2375,rebounding,1,1123,401,7483,132.82,sam2,0.0,0.0,0.0
2376,rebounding,1,1123,401,7350,130.46,sam2,0.0,0.0,0.0
2377,rebounding,1,1123,401,7423,131.75,sam2,0.0,0.0,0.0
2378,rebounding,1,1124,401,7491,132.96,sam2,1.0,2996.766,45.665
2379,rebounding,1,1123,401,7303,129.62,sam2,1.0,2996.766,45.665
2380,rebounding,1,1123,401,7371,130.83,sam2,0.0,0.0,0.0
2381,rebounding,1,1123,400,7282,129.25,sam2,1.0,2996.766,45.665
2382,rebounding,1,1123,401,7505,133.21,sam2,1.0,2996.766,45.665
2383,rebounding,1,1123,401,7340,130.28,sam2,0.0,0.0,0.0
2384,rebounding,1,1123,401,7426,131.81,sam2,0.0,0.0,0.0
2385,rebounding,1,1123,401,7433,131.93,sam2,0.0,0.0,0.0
2386,rebounding,1,1123,401,7511,133.32,sam2,0.0,0.0,0.0
2387,rebounding,1,1123,402,7582,134.58,sam2,1.0,2996.766,45.665
2388,rebounding,1,1124,401,7412,131.56,sam2,1.414,4238.068,64.58
2389,rebounding,1,1123,401,7337,130.23,sam2,1.0,2996.766,45.665
2390,rebounding,1,1123,401,7332,130.14,sam2,0.0,0.0,0.0
2391,rebounding,1,1123,401,7432,131.91,sam2,0.0,0.0,0.0
2392,rebounding,1,1123,401,7387,131.11,sam2,0.0,0.0,0.0
2393,rebounding,1,1123,401,7451,132.25,sam2,0.0,0.0,0.0
2394,rebounding,1,1123,401,7422,131.74,sam2,0.0,0.0,0.0
2395,rebounding,1,1123,401,7290,129.39,sam2,0.0,0.0,0.0
2396,rebounding,1,1123,401,7360,130.64,sam2,0.0,0.0,0.0
2397,rebounding,1,1123,401,7421,131.72,sam2,0.0,0.0,0.0
2398,rebounding,1,1123,402,7524,133.55,sam2,1.0,2996.766,45.665
2399,rebounding,1,1123,401,7346,130.39,sam2,1.0,2996.766,45.665
2400,rebounding,1,1123,401,7420,131.7,sam2,0.0,0.0,0.0
2401,rebounding,1,1123,400,7316,129.85,sam2,1.0,2996.766,45.665
2402,rebounding,1,1123,401,7390,131.17,sam2,1.0,2996.766,45.665
2403,rebounding,1,1123,401,7381,131.01,sam2,0.0,0.0,0.0
2404,rebounding,1,1123,401,7342,130.32,sam2,0.0,0.0,0.0
2405,rebounding,1,1123,401,7298,129.53,sam2,0.0,0.0,0.0
2406,rebounding,1,1124,402,7544,133.9,sam2,1.414,4238.068,64.58
2407,rebounding,1,1123,401,7318,129.89,sam2,1.414,4238.068,64.58
2408,rebounding,1,1123,401,7377,130.94,sam2,0.0,0.0,0.0
2409,rebounding,1,1123,401,7442,132.09,sam2,0.0,0.0,0.0
2410,rebounding,1,1123,401,7345,130.37,sam2,0.0,0.0,0.0
2411,rebounding,1,1123,401,7400,131.35,sam2,0.0,0.0,0.0
2412,rebounding,1,1123,401,7430,131.88,sam2,0.0,0.0,0.0
2413,rebounding,1,1123,401,7432,131.91,sam2,0.0,0.0,0.0
2414,rebounding,1,1123,401,7461,132.43,sam2,0.0,0.0,0.0
2415,rebounding,1,1123,401,7351,130.48,sam2,0.0,0.0,0.0
2416,rebounding,1,1123,401,7427,131.82,sam2,0.0,0.0,0.0
2417,rebounding,1,1123,401,7367,130.76,sam2,0.0,0.0,0.0
2418,rebounding,1,1123,401,7387,131.11,sam2,0.0,0.0,0.0
2419,rebounding,1,1123,401,7306,129.68,sam2,0.0,0.0,0.0
2420,rebounding,1,1123,401,7360,130.64,sam2,0.0,0.0,0.0
2421,rebounding,1,1123,401,7457,132.36,sam2,0.0,0.0,0.0
2422,rebounding,1,1123,401,7525,133.56,sam2,0.0,0.0,0.0
2423,rebounding,1,1123,401,7480,132.77,sam2,0.0,0.0,0.0
2424,rebounding,1,1123,401,7473,132.64,sam2,0.0,0.0,0.0
2425,rebounding,1,1123,401,7429,131.86,sam2,0.0,0.0,0.0
2426,rebounding,1,1123,401,7412,131.56,sam2,0.0,0.0,0.0
2427,rebounding,1,1123,401,7360,130.64,sam2,0.0,0.0,0.0
2428,rebounding,1,1123,401,7344,130.35,sam2,0.0,0.0,0.0
2429,rebounding,1,1123,401,7403,131.4,sam2,0.0,0.0,0.0
2430,rebounding,1,1123,401,7491,132.96,sam2,0.0,0.0,0.0
2431,rebounding,1,1123,401,7441,132.07,sam2,0.0,0.0,0.0
2432,rebounding,1,1123,401,7454,132.3,sam2,0.0,0.0,0.0
2433,rebounding,1,1123,401,7490,132.94,sam2,0.0,0.0,0.0
2434,rebounding,1,1123,401,7306,129.68,sam2,0.0,0.0,0.0
2435,rebounding,1,1124,401,7525,133.56,sam2,1.0,2996.766,45.665
2436,rebounding,1,1123,401,7401,131.36,sam2,1.0,2996.766,45.665
2437,rebounding,1,1123,401,7377,130.94,sam2,0.0,0.0,0.0
2438,rebounding,1,1123,402,7600,134.9,sam2,1.0,2996.766,45.665
2439,rebounding,1,1123,401,7538,133.79,sam2,1.0,2996.766,45.665
2440,rebounding,1,1123,401,7424,131.77,sam2,0.0,0.0,0.0
2441,rebounding,1,1123,401,7365,130.72,sam2,0.0,0.0,0.0
2442,rebounding,1,1123,401,7477,132.71,sam2,0.0,0.0,0.0
2443,rebounding,1,1123,401,7354,130.53,sam2,0.0,0.0,0.0
2444,rebounding,1,1123,401,7340,130.28,sam2,0.0,0.0,0.0
2445,rebounding,1,1123,401,7327,130.05,sam2,0.0,0.0,0.0
2446,rebounding,1,1123,401,7439,132.04,sam2,0.0,0.0,0.0
2447,rebounding,1,1123,401,7550,134.01,sam2,0.0,0.0,0.0
2448,rebounding,1,1123,401,7447,132.18,sam2,0.0,0.0,0.0
2449,rebounding,1,1123,401,7415,131.61,sam2,0.0,0.0,0.0
2450,rebounding,1,1124,401,7479,132.75,sam2,1.0,2996.766,45.665
2451,rebounding,1,1123,401,7501,133.14,sam2,1.0,2996.766,45.665
2452,rebounding,1,1123,401,7480,132.77,sam2,0.0,0.0,0.0
2453,rebounding,1,1123,401,7398,131.31,sam2,0.0,0.0,0.0
2454,rebounding,1,1123,401,7400,131.35,sam2,0.0,0.0,0.0
2455,rebounding,1,1123,401,7388,131.13,sam2,0.0,0.0,0.0
2456,rebounding,1,1123,401,7323,129.98,sam2,0.0,0.0,0.0
2457,rebounding,1,1123,400,7339,130.26,sam2,1.0,2996.766,45.665
2458,rebounding,1,1123,401,7338,130.24,sam2,1.0,2996.766,45.665
2459,rebounding,1,1123,401,7498,133.08,sam2,0.0,0.0,0.0
2460,rebounding,1,1123,401,7342,130.32,sam2,0.0,0.0,0.0
2461,rebounding,1,1123,400,7251,128.7,sam2,1.0,2996.766,45.665
2462,rebounding,1,1123,401,7405,131.43,sam2,1.0,2996.766,45.665
2463,rebounding,1,1124,401,7438,132.02,sam2,1.0,2996.766,45.665
2464,rebounding,1,1123,400,7233,128.38,sam2,1.414,4238.068,64.58
2465,rebounding,1,1123,401,7345,130.37,sam2,1.0,2996.766,45.665
2466,rebounding,1,1123,401,7296,129.5,sam2,0.0,0.0,0.0
2467,rebounding,1,1123,401,7402,131.38,sam2,0.0,0.0,0.0
2468,rebounding,1,1123,401,7492,132.98,sam2,0.0,0.0,0.0
2469,rebounding,1,1123,401,7417,131.65,sam2,0.0,0.0,0.0
2470,rebounding,1,1123,401,7363,130.69,sam2,0.0,0.0,0.0
2471,rebounding,1,1123,401,7365,130.72,sam2,0.0,0.0,0.0
2472,rebounding,1,1123,401,7342,130.32,sam2,0.0,0.0,0.0
2473,rebounding,1,1123,401,7385,131.08,sam2,0.0,0.0,0.0
2474,rebounding,1,1123,401,7446,132.16,sam2,0.0,0.0,0.0
2475,rebounding,1,1123,401,7446,132.16,sam2,0.0,0.0,0.0
2476,rebounding,1,1123,401,7413,131.58,sam2,0.0,0.0,0.0
2477,rebounding,1,1123,401,7354,130.53,sam2,0.0,0.0,0.0
2478,rebounding,1,1123,401,7356,130.56,sam2,0.0,0.0,0.0
2479,rebounding,1,1123,400,7290,129.39,sam2,1.0,2996.766,45.665
2480,rebounding,1,1123,401,7377,130.94,sam2,1.0,2996.766,45.665
2481,rebounding,1,1123,400,7245,128.59,sam2,1.0,2996.766,45.665
2482,rebounding,1,1123,401,7353,130.51,sam2,1.0,2996.766,45.665
2483,rebounding,1,1123,401,7329,130.09,sam2,0.0,0.0,0.0
2484,rebounding,1,1123,401,7380,130.99,sam2,0.0,0.0,0.0
2485,rebounding,1,1123,401,7385,131.08,sam2,0.0,0.0,0.0
2486,rebounding,1,1123,401,7317,129.87,sam2,0.0,0.0,0.0
2487,rebounding,1,1123,400,7255,128.77,sam2,1.0,2996.766,45.665
2488,rebounding,1,1123,400,7185,127.53,sam2,0.0,0.0,0.0
2489,rebounding,1,1123,400,7267,128.98,sam2,0.0,0.0,0.0
2490,rebounding,1,1123,400,7197,127.74,sam2,0.0,0.0,0.0
2491,rebounding,1,1123,401,7330,130.1,sam2,1.0,2996.766,45.665
2492,rebounding,1,1122,400,7135,126.64,sam2,1.414,4238.068,64.58
2493,rebounding,1,1123,400,7202,127.83,sam2,1.0,2996.766,45.665
2494,rebounding,1,1123,400,7201,127.81,sam2,0.0,0.0,0.0
2495,rebounding,1,1123,400,7290,129.39,sam2,0.0,0.0,0.0
2496,rebounding,1,1123,400,7094,125.91,sam2,0.0,0.0,0.0
2497,rebounding,1,1123,400,7188,127.58,sam2,0.0,0.0,0.0
2498,rebounding,1,1123,400,7265,128.95,sam2,0.0,0.0,0.0
2499,rebounding,1,1123,401,7299,129.55,sam2,1.0,2996.766,45.665
2500,rebounding,1,1122,400,7099,126.0,sam2,1.414,4238.068,64.58
2501,rebounding,1,1123,400,7224,128.22,sam2,1.0,2996.766,45.665
2502,rebounding,1,1122,400,7193,127.67,sam2,1.0,2996.766,45.665
2503,rebounding,1,1122,400,7159,127.07,sam2,0.0,0.0,0.0
2504,rebounding,1,1122,400,7172,127.3,sam2,0.0,0.0,0.0
2505,rebounding,1,1123,401,7287,129.34,sam2,1.414,4238.068,64.58
2506,rebounding,1,1122,400,7108,126.16,sam2,1.414,4238.068,64.58
2507,rebounding,1,1123,400,7218,128.12,sam2,1.0,2996.766,45.665
2508,rebounding,1,1123,400,7208,127.94,sam2,0.0,0.0,0.0
2509,rebounding,1,1122,400,7140,126.73,sam2,1.0,2996.766,45.665
2510,rebounding,1,1122,400,7056,125.24,sam2,0.0,0.0,0.0
2511,rebounding,1,1122,399,7060,125.31,sam2,1.0,2996.766,45.665
2512,rebounding,1,1122,400,7073,125.54,sam2,1.0,2996.766,45.665
2513,rebounding,1,1122,400,7096,125.95,sam2,0.0,0.0,0.0
2514,rebounding,1,1122,400,7084,125.74,sam2,0.0,0.0,0.0
2515,rebounding,1,1122,400,7026,124.71,sam2,0.0,0.0,0.0
2516,rebounding,1,1122,400,7068,125.45,sam2,0.0,0.0,0.0
2517,rebounding,1,1122,400,7157,127.03,sam2,0.0,0.0,0.0
2518,rebounding,1,1122,400,7174,127.33,sam2,0.0,0.0,0.0
2519,rebounding,1,1122,400,7139,126.71,sam2,0.0,0.0,0.0
2520,rebounding,1,1122,400,7189,127.6,sam2,0.0,0.0,0.0
2521,rebounding,1,1122,400,7085,125.75,sam2,0.0,0.0,0.0
2522,rebounding,1,1122,400,7083,125.72,sam2,0.0,0.0,0.0
2523,rebounding,1,1122,400,7178,127.41,sam2,0.0,0.0,0.0
2524,rebounding,1,1122,400,7104,126.09,sam2,0.0,0.0,0.0
2525,rebounding,1,1122,400,7078,125.63,sam2,0.0,0.0,0.0
2526,rebounding,1,1122,400,7111,126.22,sam2,0.0,0.0,0.0
2527,rebounding,1,1123,400,7166,127.19,sam2,1.0,2996.766,45.665
2528,rebounding,1,1122,400,7077,125.61,sam2,1.0,2996.766,45.665
2529,rebounding,1,1123,400,7218,128.12,sam2,1.0,2996.766,45.665
2530,rebounding,1,1123,400,7271,129.06,sam2,0.0,0.0,0.0
2531,rebounding,1,1122,400,7124,126.45,sam2,1.0,2996.766,45.665
2532,rebounding,1,1122,400,7122,126.41,sam2,0.0,0.0,0.0
2533,rebounding,1,1122,400,7213,128.03,sam2,0.0,0.0,0.0
2534,rebounding,1,1122,400,7181,127.46,sam2,0.0,0.0,0.0
2535,rebounding,1,1123,400,7244,128.58,sam2,1.0,2996.766,45.665
2536,rebounding,1,1122,400,7217,128.1,sam2,1.0,2996.766,45.665
2537,rebounding,1,1123,400,7277,129.16,sam2,1.0,2996.766,45.665
2538,rebounding,1,1123,400,7193,127.67,sam2,0.0,0.0,0.0
2539,rebounding,1,1123,401,7305,129.66,sam2,1.0,2996.766,45.665
2540,rebounding,1,1122,400,7182,127.48,sam2,1.414,4238.068,64.58
2541,rebounding,1,1123,400,7165,127.17,sam2,1.0,2996.766,45.665
2542,rebounding,1,1122,400,7159,127.07,sam2,1.0,2996.766,45.665
2543,rebounding,1,1123,400,7108,126.16,sam2,1.0,2996.766,45.665
2544,rebounding,1,1123,401,7460,132.41,sam2,1.0,2996.766,45.665
2545,rebounding,1,1123,401,7318,129.89,sam2,0.0,0.0,0.0
2546,rebounding,1,1123,400,7206,127.9,sam2,1.0,2996.766,45.665
2547,rebounding,1,1122,400,7164,127.16,sam2,1.0,2996.766,45.665
2548,rebounding,1,1123,400,7171,127.28,sam2,1.0,2996.766,45.665
2549,rebounding,1,1123,401,7351,130.48,sam2,1.0,2996.766,45.665
2550,rebounding,1,1123,400,7212,128.01,sam2,1.0,2996.766,45.665
2551,rebounding,1,1122,400,7203,127.85,sam2,1.0,2996.766,45.665
2552,rebounding,1,1123,400,7276,129.14,sam2,1.0,2996.766,45.665
2553,rebounding,1,1123,401,7263,128.91,sam2,1.0,2996.766,45.665
2554,rebounding,1,1123,401,7337,130.23,sam2,0.0,0.0,0.0
2555,rebounding,1,1122,400,7127,126.5,sam2,1.414,4238.068,64.58
2556,rebounding,1,1123,401,7328,130.07,sam2,1.414,4238.068,64.58
2557,rebounding,1,1123,400,7202,127.83,sam2,1.0,2996.766,45.665
2558,rebounding,1,1123,400,7233,128.38,sam2,0.0,0.0,0.0
2559,rebounding,1,1122,400,7195,127.71,sam2,1.0,2996.766,45.665
2560,rebounding,1,1123,401,7349,130.44,sam2,1.414,4238.068,64.58
2561,rebounding,1,1123,401,7297,129.52,sam2,0.0,0.0,0.0
2562,rebounding,1,1123,401,7317,129.87,sam2,0.0,0.0,0.0
2563,rebounding,1,1123,401,7363,130.69,sam2,0.0,0.0,0.0
2564,rebounding,1,1123,400,7200,127.8,sam2,1.0,2996.766,45.665
2565,rebounding,1,1123,401,7346,130.39,sam2,1.0,2996.766,45.665
2566,rebounding,1,1123,400,7212,128.01,sam2,1.0,2996.766,45.665
2567,rebounding,1,1123,400,7270,129.04,sam2,0.0,0.0,0.0
2568,rebounding,1,1123,401,7308,129.71,sam2,1.0,2996.766,45.665
2569,rebounding,1,1123,401,7307,129.69,sam2,0.0,0.0,0.0
2570,rebounding,1,1123,400,7254,128.75,sam2,1.0,2996.766,45.665
2571,rebounding,1,1122,400,7159,127.07,sam2,1.0,2996.766,45.665
2572,rebounding,1,1122,400,7136,126.66,sam2,0.0,0.0,0.0
2573,rebounding,1,1123,400,7239,128.49,sam2,1.0,2996.766,45.665
2574,rebounding,1,1123,400,7262,128.9,sam2,0.0,0.0,0.0
2575,rebounding,1,1123,400,7188,127.58,sam2,0.0,0.0,0.0
2576,rebounding,1,1123,400,7137,126.68,sam2,0.0,0.0,0.0
2577,rebounding,1,1123,401,7437,132.0,sam2,1.0,2996.766,45.665
2578,rebounding,1,1122,400,7152,126.94,sam2,1.414,4238.068,64.58
2579,rebounding,1,1123,401,7330,130.1,sam2,1.414,4238.068,64.58
2580,rebounding,1,1123,401,7279,129.2,sam2,0.0,0.0,0.0
2581,rebounding,1,1123,401,7290,129.39,sam2,0.0,0.0,0.0
2582,rebounding,1,1123,401,7302,129.61,sam2,0.0,0.0,0.0
2583,rebounding,1,1123,401,7383,131.04,sam2,0.0,0.0,0.0
2584,rebounding,1,1123,400,7261,128.88,sam2,1.0,2996.766,45.665
2585,rebounding,1,1123,401,7331,130.12,sam2,1.0,2996.766,45.665
2586,rebounding,1,1123,401,7300,129.57,sam2,0.0,0.0,0.0
2587,rebounding,1,1123,400,7205,127.88,sam2,1.0,2996.766,45.665
2588,rebounding,1,1123,401,7396,131.27,sam2,1.0,2996.766,45.665
2589,rebounding,1,1123,401,7356,130.56,sam2,0.0,0.0,0.0
2590,rebounding,1,1123,401,7421,131.72,sam2,0.0,0.0,0.0
2591,rebounding,1,1123,400,7284,129.29,sam2,1.0,2996.766,45.665
2592,rebounding,1,1123,400,7259,128.84,sam2,0.0,0.0,0.0
2593,rebounding,1,1123,401,7453,132.29,sam2,1.0,2996.766,45.665
2594,rebounding,1,1123,401,7468,132.55,sam2,0.0,0.0,0.0
2595,rebounding,1,1123,400,7288,129.36,sam2,1.0,2996.766,45.665
2596,rebounding,1,1123,401,7419,131.68,sam2,1.0,2996.766,45.665
2597,rebounding,1,1123,401,7318,129.89,sam2,0.0,0.0,0.0
2598,rebounding,1,1123,401,7361,130.65,sam2,0.0,0.0,0.0
2599,rebounding,1,1123,400,7286,129.32,sam2,1.0,2996.766,45.665
2600,rebounding,1,1124,401,7499,133.1,sam2,1.414,4238.068,64.58
2601,rebounding,1,1123,401,7435,131.97,sam2,1.0,2996.766,45.665
2602,rebounding,1,1123,401,7426,131.81,sam2,0.0,0.0,0.0
2603,rebounding,1,1123,401,7318,129.89,sam2,0.0,0.0,0.0
2604,rebounding,1,1123,401,7420,131.7,sam2,0.0,0.0,0.0
2605,rebounding,1,1123,401,7362,130.67,sam2,0.0,0.0,0.0
2606,rebounding,1,1123,401,7450,132.23,sam2,0.0,0.0,0.0
2607,rebounding,1,1123,401,7366,130.74,sam2,0.0,0.0,0.0
2608,rebounding,1,1123,401,7465,132.5,sam2,0.0,0.0,0.0
2609,rebounding,1,1123,401,7423,131.75,sam2,0.0,0.0,0.0
2610,rebounding,1,1124,402,7574,134.43,sam2,1.414,4238.068,64.58
2611,rebounding,1,1123,402,7541,133.85,sam2,1.0,2996.766,45.665
2612,rebounding,1,1123,401,7396,131.27,sam2,1.0,2996.766,45.665
2613,rebounding,1,1123,401,7291,129.41,sam2,0.0,0.0,0.0
2614,rebounding,1,1123,401,7325,130.01,sam2,0.0,0.0,0.0
2615,rebounding,1,1123,401,7367,130.76,sam2,0.0,0.0,0.0
2616,rebounding,1,1123,401,7454,132.3,sam2,0.0,0.0,0.0
2617,rebounding,1,1123,401,7355,130.55,sam2,0.0,0.0,0.0
2618,rebounding,1,1123,401,7341,130.3,sam2,0.0,0.0,0.0
2619,rebounding,1,1123,401,7408,131.49,sam2,0.0,0.0,0.0
2620,rebounding,1,1123,401,7542,133.87,sam2,0.0,0.0,0.0
2621,rebounding,1,1123,401,7455,132.32,sam2,0.0,0.0,0.0
2622,rebounding,1,1123,401,7363,130.69,sam2,0.0,0.0,0.0
2623,rebounding,1,1123,401,7483,132.82,sam2,0.0,0.0,0.0
2624,rebounding,1,1123,401,7375,130.9,sam2,0.0,0.0,0.0
2625,rebounding,1,1123,401,7439,132.04,sam2,0.0,0.0,0.0
2626,rebounding,1,1124,402,7551,134.03,sam2,1.414,4238.068,64.58
2627,rebounding,1,1123,401,7409,131.51,sam2,1.414,4238.068,64.58
2628,rebounding,1,1123,401,7421,131.72,sam2,0.0,0.0,0.0
2629,rebounding,1,1123,402,7572,134.4,sam2,1.0,2996.766,45.665
2630,rebounding,1,1123,401,7353,130.51,sam2,1.0,2996.766,45.665
2631,rebounding,1,1123,401,7408,131.49,sam2,0.0,0.0,0.0
2632,rebounding,1,1123,401,7439,132.04,sam2,0.0,0.0,0.0
2633,rebounding,1,1123,401,7483,132.82,sam2,0.0,0.0,0.0
2634,rebounding,1,1123,401,7553,134.06,sam2,0.0,0.0,0.0
2635,rebounding,1,1123,401,7511,133.32,sam2,0.0,0.0,0.0
2636,rebounding,1,1123,401,7446,132.16,sam2,0.0,0.0,0.0
2637,rebounding,1,1123,401,7528,133.62,sam2,0.0,0.0,0.0
2638,rebounding,1,1123,401,7509,133.28,sam2,0.0,0.0,0.0
2639,rebounding,1,1124,401,7499,133.1,sam2,1.0,2996.766,45.665
2640,rebounding,1,1124,402,7565,134.27,sam2,1.0,2996.766,45.665
2641,rebounding,1,1123,402,7585,134.63,sam2,1.0,2996.766,45.665
2642,rebounding,1,1123,401,7404,131.42,sam2,1.0,2996.766,45.665
2643,rebounding,1,1124,401,7372,130.85,sam2,1.0,2996.766,45.665
2644,rebounding,1,1124,402,7531,133.67,sam2,1.0,2996.766,45.665
2645,rebounding,1,1123,401,7434,131.95,sam2,1.414,4238.068,64.58
2646,rebounding,1,1123,401,7459,132.39,sam2,0.0,0.0,0.0
2647,rebounding,1,1123,401,7371,130.83,sam2,0.0,0.0,0.0
2648,rebounding,1,1123,401,7481,132.78,sam2,0.0,0.0,0.0
2649,rebounding,1,1123,401,7415,131.61,sam2,0.0,0.0,0.0
2650,rebounding,1,1124,401,7551,134.03,sam2,1.0,2996.766,45.665
2651,rebounding,1,1123,401,7492,132.98,sam2,1.0,2996.766,45.665
2652,rebounding,1,1124,401,7523,133.53,sam2,1.0,2996.766,45.665
2653,rebounding,1,1124,402,7630,135.43,sam2,1.0,2996.766,45.665
2654,rebounding,1,1123,401,7493,133.0,sam2,1.414,4238.068,64.58
2655,rebounding,1,1124,401,7505,133.21,sam2,1.0,2996.766,45.665
2656,rebounding,1,1124,402,7599,134.88,sam2,1.0,2996.766,45.665
2657,rebounding,1,1123,401,7403,131.4,sam2,1.414,4238.068,64.58
2658,rebounding,1,1124,401,7530,133.65,sam2,1.0,2996.766,45.665
2659,rebounding,1,1123,401,7330,130.1,sam2,1.0,2996.766,45.665
2660,rebounding,1,1123,401,7455,132.32,sam2,0.0,0.0,0.0
2661,rebounding,1,1124,401,7407,131.47,sam2,1.0,2996.766,45.665
2662,rebounding,1,1124,401,7503,133.17,sam2,0.0,0.0,0.0
2663,rebounding,1,1123,401,7383,131.04,sam2,1.0,2996.766,45.665
2664,rebounding,1,1123,401,7364,130.71,sam2,0.0,0.0,0.0
2665,rebounding,1,1123,401,7350,130.46,sam2,0.0,0.0,0.0
2666,rebounding,1,1123,401,7367,130.76,sam2,0.0,0.0,0.0
2667,rebounding,1,1123,401,7432,131.91,sam2,0.0,0.0,0.0
2668,rebounding,1,1123,402,7583,134.59,sam2,1.0,2996.766,45.665
2669,rebounding,1,1123,401,7489,132.93,sam2,1.0,2996.766,45.665
2670,rebounding,1,1123,401,7389,131.15,sam2,0.0,0.0,0.0
2671,rebounding,1,1123,402,7566,134.29,sam2,1.0,2996.766,45.665
2672,rebounding,1,1123,401,7430,131.88,sam2,1.0,2996.766,45.665
2673,rebounding,1,1124,401,7384,131.06,sam2,1.0,2996.766,45.665
2674,rebounding,1,1123,401,7495,133.03,sam2,1.0,2996.766,45.665
2675,rebounding,1,1123,401,7448,132.2,sam2,0.0,0.0,0.0
2676,rebounding,1,1123,401,7470,132.59,sam2,0.0,0.0,0.0
2677,rebounding,1,1123,401,7450,132.23,sam2,0.0,0.0,0.0
2678,rebounding,1,1123,402,7540,133.83,sam2,1.0,2996.766,45.665
2679,rebounding,1,1123,401,7490,132.94,sam2,1.0,2996.766,45.665
2680,rebounding,1,1124,402,7542,133.87,sam2,1.414,4238.068,64.58
2681,rebounding,1,1123,401,7312,129.78,sam2,1.414,4238.068,64.58
2682,rebounding,1,1123,401,7433,131.93,sam2,0.0,0.0,0.0
2683,rebounding,1,1123,401,7367,130.76,sam2,0.0,0.0,0.0
2684,rebounding,1,1123,401,7458,132.37,sam2,0.0,0.0,0.0
2685,rebounding,1,1123,401,7379,130.97,sam2,0.0,0.0,0.0
2686,rebounding,1,1123,401,7500,133.12,sam2,0.0,0.0,0.0
2687,rebounding,1,1123,401,7472,132.62,sam2,0.0,0.0,0.0
2688,rebounding,1,1124,402,7555,134.1,sam2,1.414,4238.068,64.58
2689,rebounding,1,1123,401,7305,129.66,sam2,1.414,4238.068,64.58
2690,rebounding,1,1123,400,7182,127.48,sam2,1.0,2996.766,45.665
2691,rebounding,1,1123,401,7362,130.67,sam2,1.0,2996.766,45.665
2692,rebounding,1,1123,400,7231,128.35,sam2,1.0,2996.766,45.665
2693,rebounding,1,1123,400,7124,126.45,sam2,0.0,0.0,0.0
2694,rebounding,1,1123,400,7156,127.01,sam2,0.0,0.0,0.0
2695,rebounding,1,1123,401,7346,130.39,sam2,1.0,2996.766,45.665
2696,rebounding,1,1123,401,7334,130.17,sam2,0.0,0.0,0.0
2697,rebounding,1,1123,400,7203,127.85,sam2,1.0,2996.766,45.665
2698,rebounding,1,1123,400,7170,127.26,sam2,0.0,0.0,0.0
2699,rebounding,1,1123,401,7285,129.3,sam2,1.0,2996.766,45.665
2700,rebounding,1,1123,400,7150,126.91,sam2,1.0,2996.766,45.665
2701,rebounding,1,1123,401,7294,129.46,sam2,1.0,2996.766,45.665
2702,rebounding,1,1123,401,7405,131.43,sam2,0.0,0.0,0.0
2703,rebounding,1,1123,401,7308,129.71,sam2,0.0,0.0,0.0
2704,rebounding,1,1123,400,7273,129.09,sam2,1.0,2996.766,45.665
2705,rebounding,1,1123,400,7203,127.85,sam2,0.0,0.0,0.0
2706,rebounding,1,1123,400,7236,128.43,sam2,0.0,0.0,0.0
2707,rebounding,1,1123,400,7178,127.41,sam2,0.0,0.0,0.0
2708,rebounding,1,1123,400,7221,128.17,sam2,0.0,0.0,0.0
2709,rebounding,1,1122,400,7133,126.61,sam2,1.0,2996.766,45.665
2710,rebounding,1,1122,400,7115,126.29,sam2,0.0,0.0,0.0
2711,rebounding,1,1123,400,7232,128.36,sam2,1.0,2996.766,45.665
2712,rebounding,1,1122,400,7150,126.91,sam2,1.0,2996.766,45.665
2713,rebounding,1,1123,401,7350,130.46,sam2,1.414,4238.068,64.58
2714,rebounding,1,1123,401,7299,129.55,sam2,0.0,0.0,0.0
2715,rebounding,1,1123,400,7210,127.97,sam2,1.0,2996.766,45.665
2716,rebounding,1,1123,400,7261,128.88,sam2,0.0,0.0,0.0
2717,rebounding,1,1123,400,7137,126.68,sam2,0.0,0.0,0.0
2718,rebounding,1,1123,400,7169,127.25,sam2,0.0,0.0,0.0
2719,rebounding,1,1123,400,7189,127.6,sam2,0.0,0.0,0.0
2720,rebounding,1,1122,400,7186,127.55,sam2,1.0,2996.766,45.665
2721,rebounding,1,1123,401,7296,129.5,sam2,1.414,4238.068,64.58
2722,rebounding,1,1122,400,7212,128.01,sam2,1.414,4238.068,64.58
2723,rebounding,1,1123,400,7242,128.54,sam2,1.0,2996.766,45.665
2724,rebounding,1,1123,400,7293,129.45,sam2,0.0,0.0,0.0
2725,rebounding,1,1123,400,7242,128.54,sam2,0.0,0.0,0.0
2726,rebounding,1,1123,400,7230,128.33,sam2,0.0,0.0,0.0
2727,rebounding,1,1122,400,7137,126.68,sam2,1.0,2996.766,45.665
2728,rebounding,1,1122,400,7177,127.39,sam2,0.0,0.0,0.0
2729,rebounding,1,1122,399,7018,124.57,sam2,1.0,2996.766,45.665
2730,rebounding,1,1122,400,7231,128.35,sam2,1.0,2996.766,45.665
2731,rebounding,1,1123,400,7182,127.48,sam2,1.0,2996.766,45.665
2732,rebounding,1,1123,401,7349,130.44,sam2,1.0,2996.766,45.665
2733,rebounding,1,1123,400,7262,128.9,sam2,1.0,2996.766,45.665
2734,rebounding,1,1123,400,7205,127.88,sam2,0.0,0.0,0.0
2735,rebounding,1,1122,400,7060,125.31,sam2,1.0,2996.766,45.665
2736,rebounding,1,1122,399,6989,124.05,sam2,1.0,2996.766,45.665
2737,rebounding,1,1123,401,7305,129.66,sam2,2.236,6700.974,102.11
2738,rebounding,1,1122,399,7033,124.83,sam2,2.236,6700.974,102.11
2739,rebounding,1,1122,400,7135,126.64,sam2,1.0,2996.766,45.665
2740,rebounding,1,1123,400,7227,128.27,sam2,1.0,2996.766,45.665
2741,rebounding,1,1123,400,7187,127.56,sam2,0.0,0.0,0.0
2742,rebounding,1,1123,401,7286,129.32,sam2,1.0,2996.766,45.665
2743,rebounding,1,1123,400,7141,126.75,sam2,1.0,2996.766,45.665
2744,rebounding,1,1122,400,7210,127.97,sam2,1.0,2996.766,45.665
2745,rebounding,1,1122,400,7111,126.22,sam2,0.0,0.0,0.0
2746,rebounding,1,1122,400,7099,126.0,sam2,0.0,0.0,0.0
2747,rebounding,1,1123,399,7071,125.51,sam2,1.414,4238.068,64.58
2748,rebounding,1,1122,400,7117,126.32,sam2,1.414,4238.068,64.58
2749,rebounding,1,1123,401,7306,129.68,sam2,1.414,4238.068,64.58
2750,rebounding,1,1123,400,7247,128.63,sam2,1.0,2996.766,45.665
2751,rebounding,1,1122,400,7212,128.01,sam2,1.0,2996.766,45.665
2752,rebounding,1,1123,401,7296,129.5,sam2,1.414,4238.068,64.58
2753,rebounding,1,1123,401,7298,129.53,sam2,0.0,0.0,0.0
2754,rebounding,1,1122,400,7152,126.94,sam2,1.414,4238.068,64.58
2755,rebounding,1,1123,401,7328,130.07,sam2,1.414,4238.068,64.58
2756,rebounding,1,1123,401,7280,129.22,sam2,0.0,0.0,0.0
2757,rebounding,1,1122,399,7014,124.49,sam2,2.236,6700.974,102.11
2758,rebounding,1,1123,400,7164,127.16,sam2,1.414,4238.068,64.58
2759,rebounding,1,1123,401,7296,129.5,sam2,1.0,2996.766,45.665
2760,rebounding,1,1123,400,7208,127.94,sam2,1.0,2996.766,45.665
2761,rebounding,1,1122,400,7073,125.54,sam2,1.0,2996.766,45.665
2762,rebounding,1,1123,400,7256,128.79,sam2,1.0,2996.766,45.665
2763,rebounding,1,1123,401,7346,130.39,sam2,1.0,2996.766,45.665
2764,rebounding,1,1123,400,7219,128.13,sam2,1.0,2996.766,45.665
2765,rebounding,1,1123,401,7307,129.69,sam2,1.0,2996.766,45.665
2766,rebounding,1,1123,401,7381,131.01,sam2,0.0,0.0,0.0
2767,rebounding,1,1123,400,7204,127.87,sam2,1.0,2996.766,45.665
2768,rebounding,1,1122,400,7118,126.34,sam2,1.0,2996.766,45.665
2769,rebounding,1,1123,401,7317,129.87,sam2,1.414,4238.068,64.58
2770,rebounding,1,1123,400,7198,127.76,sam2,1.0,2996.766,45.665
2771,rebounding,1,1123,400,7136,126.66,sam2,0.0,0.0,0.0
2772,rebounding,1,1122,400,7117,126.32,sam2,1.0,2996.766,45.665
2773,rebounding,1,1123,401,7374,130.88,sam2,1.414,4238.068,64.58
2774,rebounding,1,1123,400,7264,128.93,sam2,1.0,2996.766,45.665
2775,rebounding,1,1123,400,7214,128.04,sam2,0.0,0.0,0.0
2776,rebounding,1,1123,400,7251,128.7,sam2,0.0,0.0,0.0
2777,rebounding,1,1123,401,7306,129.68,sam2,1.0,2996.766,45.665
2778,rebounding,1,1122,400,7127,126.5,sam2,1.414,4238.068,64.58
2779,rebounding,1,1123,402,7538,133.79,sam2,2.236,6700.974,102.11
2780,rebounding,1,1123,400,7176,127.37,sam2,2.0,5993.533,91.33
2781,rebounding,1,1123,400,7199,127.78,sam2,0.0,0.0,0.0
2782,rebounding,1,1123,401,7265,128.95,sam2,1.0,2996.766,45.665
2783,rebounding,1,1123,401,7256,128.79,sam2,0.0,0.0,0.0
2784,rebounding,1,1123,401,7328,130.07,sam2,0.0,0.0,0.0
2785,rebounding,1,1123,401,7359,130.62,sam2,0.0,0.0,0.0
2786,rebounding,1,1123,401,7280,129.22,sam2,0.0,0.0,0.0
2787,rebounding,1,1122,400,7154,126.98,sam2,1.414,4238.068,64.58
2788,rebounding,1,1123,400,7220,128.15,sam2,1.0,2996.766,45.665
2789,rebounding,1,1123,400,7258,128.82,sam2,0.0,0.0,0.0
2790,rebounding,1,1123,400,7221,128.17,sam2,0.0,0.0,0.0
2791,rebounding,1,1123,400,7306,129.68,sam2,0.0,0.0,0.0
2792,rebounding,1,1123,400,7143,126.78,sam2,0.0,0.0,0.0
2793,rebounding,1,1123,400,7257,128.81,sam2,0.0,0.0,0.0
2794,rebounding,1,1123,400,7214,128.04,sam2,0.0,0.0,0.0
2795,rebounding,1,1123,400,7241,128.52,sam2,0.0,0.0,0.0
2796,rebounding,1,1123,401,7379,130.97,sam2,1.0,2996.766,45.665
2797,rebounding,1,1123,400,7056,125.24,sam2,1.0,2996.766,45.665
2798,rebounding,1,1123,400,7208,127.94,sam2,0.0,0.0,0.0
2799,rebounding,1,1123,400,7150,126.91,sam2,0.0,0.0,0.0
2800,rebounding,1,1123,400,7170,127.26,sam2,0.0,0.0,0.0
2801,rebounding,1,1123,400,7209,127.96,sam2,0.0,0.0,0.0
2802,rebounding,1,1123,400,7225,128.24,sam2,0.0,0.0,0.0
2803,rebounding,1,1123,400,7154,126.98,sam2,0.0,0.0,0.0
2804,rebounding,1,1123,400,7270,129.04,sam2,0.0,0.0,0.0
2805,rebounding,1,1123,400,7256,128.79,sam2,0.0,0.0,0.0
2806,rebounding,1,1123,401,7317,129.87,sam2,1.0,2996.766,45.665
2807,rebounding,1,1123,400,7242,128.54,sam2,1.0,2996.766,45.665
2808,rebounding,1,1123,400,7180,127.44,sam2,0.0,0.0,0.0
2809,rebounding,1,1123,400,7163,127.14,sam2,0.0,0.0,0.0
2810,rebounding,1,1123,400,7096,125.95,sam2,0.0,0.0,0.0
2811,rebounding,1,1123,400,7260,128.86,sam2,0.0,0.0,0.0
2812,rebounding,1,1123,401,7327,130.05,sam2,1.0,2996.766,45.665
2813,rebounding,1,1123,400,7237,128.45,sam2,1.0,2996.766,45.665
2814,rebounding,1,1123,400,7207,127.92,sam2,0.0,0.0,0.0
2815,rebounding,1,1123,400,7162,127.12,sam2,0.0,0.0,0.0
2816,rebounding,1,1123,400,7189,127.6,sam2,0.0,0.0,0.0
2817,rebounding,1,1123,400,7196,127.72,sam2,0.0,0.0,0.0
2818,rebounding,1,1123,400,7179,127.42,sam2,0.0,0.0,0.0
2819,rebounding,1,1122,400,7052,125.17,sam2,1.0,2996.766,45.665
2820,rebounding,1,1122,400,7093,125.9,sam2,0.0,0.0,0.0
2821,rebounding,1,1123,400,7193,127.67,sam2,1.0,2996.766,45.665
2822,rebounding,1,1123,400,7221,128.17,sam2,0.0,0.0,0.0
2823,rebounding,1,1123,400,7115,126.29,sam2,0.0,0.0,0.0
2824,rebounding,1,1122,400,7163,127.14,sam2,1.0,2996.766,45.665
2825,rebounding,1,1123,400,7262,128.9,sam2,1.0,2996.766,45.665
2826,rebounding,1,1123,400,7166,127.19,sam2,0.0,0.0,0.0
2827,rebounding,1,1122,400,7154,126.98,sam2,1.0,2996.766,45.665
2828,rebounding,1,1122,400,7169,127.25,sam2,0.0,0.0,0.0
2829,rebounding,1,1122,400,7197,127.74,sam2,0.0,0.0,0.0
2830,rebounding,1,1123,401,7390,131.17,sam2,1.414,4238.068,64.58
2831,rebounding,1,1123,401,7317,129.87,sam2,0.0,0.0,0.0
2832,rebounding,1,1123,400,7240,128.51,sam2,1.0,2996.766,45.665
2833,rebounding,1,1123,401,7345,130.37,sam2,1.0,2996.766,45.665
2834,rebounding,1,1122,400,7139,126.71,sam2,1.414,4238.068,64.58
2835,rebounding,1,1123,400,7236,128.43,sam2,1.0,2996.766,45.665
2836,rebounding,1,1123,400,7113,126.25,sam2,0.0,0.0,0.0
2837,rebounding,1,1122,400,7157,127.03,sam2,1.0,2996.766,45.665
2838,rebounding,1,1123,400,7167,127.21,sam2,1.0,2996.766,45.665
2839,rebounding,1,1123,400,7227,128.27,sam2,0.0,0.0,0.0
2840,rebounding,1,1123,401,7315,129.84,sam2,1.0,2996.766,45.665
2841,rebounding,1,1122,400,7196,127.72,sam2,1.414,4238.068,64.58
2842,rebounding,1,1123,400,7107,126.14,sam2,1.0,2996.766,45.665
2843,rebounding,1,1123,401,7280,129.22,sam2,1.0,2996.766,45.665
2844,rebounding,1,1123,400,7222,128.19,sam2,1.0,2996.766,45.665
2845,rebounding,1,1123,401,7279,129.2,sam2,1.0,2996.766,45.665
2846,rebounding,1,1123,400,7239,128.49,sam2,1.0,2996.766,45.665
2847,rebounding,1,1122,400,7220,128.15,sam2,1.0,2996.766,45.665
2848,rebounding,1,1123,401,7285,129.3,sam2,1.414,4238.068,64.58
2849,rebounding,1,1123,401,7254,128.75,sam2,0.0,0.0,0.0
2850,rebounding,1,1123,401,7368,130.78,sam2,0.0,0.0,0.0
2851,rebounding,1,1122,400,7164,127.16,sam2,1.414,4238.068,64.58
2852,rebounding,1,1123,400,7194,127.69,sam2,1.0,2996.766,45.665
2853,rebounding,1,1123,400,7269,129.02,sam2,0.0,0.0,0.0
2854,rebounding,1,1123,400,7277,129.16,sam2,0.0,0.0,0.0
2855,rebounding,1,1123,401,7315,129.84,sam2,1.0,2996.766,45.665
2856,rebounding,1,1123,400,7204,127.87,sam2,1.0,2996.766,45.665
2857,rebounding,1,1123,400,7252,128.72,sam2,0.0,0.0,0.0
2858,rebounding,1,1123,401,7400,131.35,sam2,1.0,2996.766,45.665
2859,rebounding,1,1123,400,7268,129.0,sam2,1.0,2996.766,45.665
2860,rebounding,1,1123,401,7343,130.33,sam2,1.0,2996.766,45.665
2861,rebounding,1,1123,400,7263,128.91,sam2,1.0,2996.766,45.665
2862,rebounding,1,1123,401,7344,130.35,sam2,1.0,2996.766,45.665
2863,rebounding,1,1123,401,7299,129.55,sam2,0.0,0.0,0.0
2864,rebounding,1,1123,401,7376,130.92,sam2,0.0,0.0,0.0
2865,rebounding,1,1123,401,7343,130.33,sam2,0.0,0.0,0.0
2866,rebounding,1,1123,401,7467,132.53,sam2,0.0,0.0,0.0
2867,rebounding,1,1123,400,7286,129.32,sam2,1.0,2996.766,45.665
2868,rebounding,1,1123,400,7201,127.81,sam2,0.0,0.0,0.0
2869,rebounding,1,1123,400,7226,128.26,sam2,0.0,0.0,0.0
2870,rebounding,1,1123,400,7296,129.5,sam2,0.0,0.0,0.0
2871,rebounding,1,1123,401,7482,132.8,sam2,1.0,2996.766,45.665
2872,rebounding,1,1123,401,7337,130.23,sam2,0.0,0.0,0.0
2873,rebounding,1,1123,400,7198,127.76,sam2,1.0,2996.766,45.665
2874,rebounding,1,1123,401,7279,129.2,sam2,1.0,2996.766,45.665
2875,rebounding,1,1123,400,7249,128.67,sam2,1.0,2996.766,45.665
2876,rebounding,1,1123,400,7278,129.18,sam2,0.0,0.0,0.0
2877,rebounding,1,1123,400,7263,128.91,sam2,0.0,0.0,0.0
2878,rebounding,1,1123,400,7180,127.44,sam2,0.0,0.0,0.0
2879,rebounding,1,1123,400,7217,128.1,sam2,0.0,0.0,0.0
2880,rebounding,1,1122,400,7085,125.75,sam2,1.0,2996.766,45.665
2881,rebounding,1,1123,400,7257,128.81,sam2,1.0,2996.766,45.665
2882,rebounding,1,1123,400,7275,129.13,sam2,0.0,0.0,0.0
2883,rebounding,1,1123,401,7329,130.09,sam2,1.0,2996.766,45.665
2884,rebounding,1,1123,401,7304,129.64,sam2,0.0,0.0,0.0
2885,rebounding,1,1123,400,7163,127.14,sam2,1.0,2996.766,45.665
2886,rebounding,1,1123,401,7351,130.48,sam2,1.0,2996.766,45.665
2887,rebounding,1,1123,400,7229,128.31,sam2,1.0,2996.766,45.665
2888,rebounding,1,1123,400,7238,128.47,sam2,0.0,0.0,0.0
2889,rebounding,1,1123,401,7306,129.68,sam2,1.0,2996.766,45.665
2890,rebounding,1,1123,400,7274,129.11,sam2,1.0,2996.766,45.665
2891,rebounding,1,1123,400,7271,129.06,sam2,0.0,0.0,0.0
2892,rebounding,1,1123,400,7288,129.36,sam2,0.0,0.0,0.0
2893,rebounding,1,1123,400,7236,128.43,sam2,0.0,0.0,0.0
2894,rebounding,1,1123,400,7259,128.84,sam2,0.0,0.0,0.0
2895,rebounding,1,1123,400,7205,127.88,sam2,0.0,0.0,0.0
2896,rebounding,1,1123,401,7319,129.91,sam2,1.0,2996.766,45.665
2897,rebounding,1,1123,400,7231,128.35,sam2,1.0,2996.766,45.665
2898,rebounding,1,1123,401,7273,129.09,sam2,1.0,2996.766,45.665
2899,rebounding,1,1123,401,7313,129.8,sam2,0.0,0.0,0.0
2900,rebounding,1,1123,400,7273,129.09,sam2,1.0,2996.766,45.665
2901,rebounding,1,1123,401,7283,129.27,sam2,1.0,2996.766,45.665
2902,rebounding,1,1123,400,7267,128.98,sam2,1.0,2996.766,45.665
2903,rebounding,1,1123,400,7261,128.88,sam2,0.0,0.0,0.0
2904,rebounding,1,1123,400,7249,128.67,sam2,0.0,0.0,0.0
2905,rebounding,1,1123,400,7256,128.79,sam2,0.0,0.0,0.0
2906,rebounding,1,1123,401,7453,132.29,sam2,1.0,2996.766,45.665
2907,rebounding,1,1123,400,7174,127.33,sam2,1.0,2996.766,45.665
2908,rebounding,1,1123,401,7316,129.85,sam2,1.0,2996.766,45.665
2909,rebounding,1,1123,400,7154,126.98,sam2,1.0,2996.766,45.665
2910,rebounding,1,1123,400,7142,126.77,sam2,0.0,0.0,0.0
2911,rebounding,1,1123,400,7144,126.8,sam2,0.0,0.0,0.0
2912,rebounding,1,1123,400,7182,127.48,sam2,0.0,0.0,0.0
2913,rebounding,1,1123,400,7259,128.84,sam2,0.0,0.0,0.0
2914,rebounding,1,1123,400,7207,127.92,sam2,0.0,0.0,0.0
2915,rebounding,1,1123,401,7303,129.62,sam2,1.0,2996.766,45.665
2916,rebounding,1,1123,400,7257,128.81,sam2,1.0,2996.766,45.665
2917,rebounding,1,1123,400,7226,128.26,sam2,0.0,0.0,0.0
2918,rebounding,1,1123,400,7320,129.93,sam2,0.0,0.0,0.0
2919,rebounding,1,1123,400,7144,126.8,sam2,0.0,0.0,0.0
2920,rebounding,1,1122,400,7082,125.7,sam2,1.0,2996.766,45.665
2921,rebounding,1,1122,400,7177,127.39,sam2,0.0,0.0,0.0
2922,rebounding,1,1123,400,7206,127.9,sam2,1.0,2996.766,45.665
2923,rebounding,1,1123,399,7085,125.75,sam2,1.0,2996.766,45.665
2924,rebounding,1,1123,400,7197,127.74,sam2,1.0,2996.766,45.665
2925,rebounding,1,1123,400,7167,127.21,sam2,0.0,0.0,0.0
2926,rebounding,1,1122,400,7096,125.95,sam2,1.0,2996.766,45.665
2927,rebounding,1,1123,400,7216,128.08,sam2,1.0,2996.766,45.665
2928,rebounding,1,1123,400,7164,127.16,sam2,0.0,0.0,0.0
2929,rebounding,1,1123,400,7153,126.96,sam2,0.0,0.0,0.0
2930,rebounding,1,1123,400,7123,126.43,sam2,0.0,0.0,0.0
2931,rebounding,1,1123,400,7133,126.61,sam2,0.0,0.0,0.0
2932,rebounding,1,1123,400,7171,127.28,sam2,0.0,0.0,0.0
2933,rebounding,1,1122,400,7131,126.57,sam2,1.0,2996.766,45.665
2934,rebounding,1,1122,400,7073,125.54,sam2,0.0,0.0,0.0
2935,rebounding,1,1122,400,7176,127.37,sam2,0.0,0.0,0.0
2936,rebounding,1,1122,400,7100,126.02,sam2,0.0,0.0,0.0
2937,rebounding,1,1122,400,7086,125.77,sam2,0.0,0.0,0.0
2938,rebounding,1,1122,400,7205,127.88,sam2,0.0,0.0,0.0
2939,rebounding,1,1122,400,7157,127.03,sam2,0.0,0.0,0.0
2940,rebounding,1,1123,400,7272,129.07,sam2,1.0,2996.766,45.665
2941,rebounding,1,1123,400,7203,127.85,sam2,0.0,0.0,0.0
2942,rebounding,1,1123,400,7239,128.49,sam2,0.0,0.0,0.0
2943,rebounding,1,1122,400,7117,126.32,sam2,1.0,2996.766,45.665
2944,rebounding,1,1122,400,7092,125.88,sam2,0.0,0.0,0.0
2945,rebounding,1,1122,399,7030,124.78,sam2,1.0,2996.766,45.665
2946,rebounding,1,1123,400,7288,129.36,sam2,1.414,4238.068,64.58
2947,rebounding,1,1122,400,7173,127.32,sam2,1.0,2996.766,45.665
2948,rebounding,1,1123,401,7317,129.87,sam2,1.414,4238.068,64.58
2949,rebounding,1,1122,400,7098,125.99,sam2,1.414,4238.068,64.58
2950,rebounding,1,1123,400,7168,127.23,sam2,1.0,2996.766,45.665
2951,rebounding,1,1123,400,7092,125.88,sam2,0.0,0.0,0.0
2952,rebounding,1,1123,400,7257,128.81,sam2,0.0,0.0,0.0
2953,rebounding,1,1123,400,7224,128.22,sam2,0.0,0.0,0.0
2954,rebounding,1,1122,400,7090,125.84,sam2,1.0,2996.766,45.665
2955,rebounding,1,1122,400,7149,126.89,sam2,0.0,0.0,0.0
2956,rebounding,1,1122,400,7121,126.39,sam2,0.0,0.0,0.0
2957,rebounding,1,1123,400,7248,128.65,sam2,1.0,2996.766,45.665
2958,rebounding,1,1123,400,7226,128.26,sam2,0.0,0.0,0.0
2959,rebounding,1,1123,400,7263,128.91,sam2,0.0,0.0,0.0
2960,rebounding,1,1123,400,7298,129.53,sam2,0.0,0.0,0.0
2961,rebounding,1,1123,400,7157,127.03,sam2,0.0,0.0,0.0
2962,rebounding,1,1123,401,7317,129.87,sam2,1.0,2996.766,45.665
2963,rebounding,1,1123,400,7182,127.48,sam2,1.0,2996.766,45.665
2964,rebounding,1,1123,400,7242,128.54,sam2,0.0,0.0,0.0
2965,rebounding,1,1122,400,7096,125.95,sam2,1.0,2996.766,45.665
2966,rebounding,1,1123,400,7150,126.91,sam2,1.0,2996.766,45.665
2967,rebounding,1,1123,400,7231,128.35,sam2,0.0,0.0,0.0
2968,rebounding,1,1123,400,7204,127.87,sam2,0.0,0.0,0.0
2969,rebounding,1,1123,401,7274,129.11,sam2,1.0,2996.766,45.665
2970,rebounding,1,1123,400,7272,129.07,sam2,1.0,2996.766,45.665
2971,rebounding,1,1123,400,7176,127.37,sam2,0.0,0.0,0.0
2972,rebounding,1,1123,400,7287,129.34,sam2,0.0,0.0,0.0
2973,rebounding,1,1123,400,7172,127.3,sam2,0.0,0.0,0.0
2974,rebounding,1,1123,399,7029,124.76,sam2,1.0,2996.766,45.665
2975,rebounding,1,1123,400,7138,126.7,sam2,1.0,2996.766,45.665
2976,rebounding,1,1123,400,7116,126.3,sam2,0.0,0.0,0.0
2977,rebounding,1,1123,400,7085,125.75,sam2,0.0,0.0,0.0
2978,rebounding,1,1122,400,7122,126.41,sam2,1.0,2996.766,45.665
2979,rebounding,1,1123,400,7145,126.82,sam2,1.0,2996.766,45.665
2980,rebounding,1,1123,400,7163,127.14,sam2,0.0,0.0,0.0
2981,rebounding,1,1122,400,7171,127.28,sam2,1.0,2996.766,45.665
2982,rebounding,1,1122,400,7083,125.72,sam2,0.0,0.0,0.0
2983,rebounding,1,1123,400,7284,129.29,sam2,1.0,2996.766,45.665
2984,rebounding,1,1122,400,7200,127.8,sam2,1.0,2996.766,45.665
2985,rebounding,1,1122,400,7052,125.17,sam2,0.0,0.0,0.0
2986,rebounding,1,1122,400,7190,127.62,sam2,0.0,0.0,0.0
2987,rebounding,1,1123,400,7236,128.43,sam2,1.0,2996.766,45.665
2988,rebounding,1,1123,400,7277,129.16,sam2,0.0,0.0,0.0
2989,rebounding,1,1123,400,7238,128.47,sam2,0.0,0.0,0.0
2990,rebounding,1,1122,400,7097,125.97,sam2,1.0,2996.766,45.665
2991,rebounding,1,1122,400,7143,126.78,sam2,0.0,0.0,0.0
2992,rebounding,1,1123,400,7173,127.32,sam2,1.0,2996.766,45.665
2993,rebounding,1,1123,400,7144,126.8,sam2,0.0,0.0,0.0
2994,rebounding,1,1123,400,7230,128.33,sam2,0.0,0.0,0.0
2995,rebounding,1,1123,400,7256,128.79,sam2,0.0,0.0,0.0
2996,rebounding,1,1123,400,7148,126.87,sam2,0.0,0.0,0.0
2997,rebounding,1,1122,399,7031,124.8,sam2,1.414,4238.068,64.58
2998,rebounding,1,1122,399,7021,124.62,sam2,0.0,0.0,0.0
2999,rebounding,1,1122,400,7044,125.03,sam2,1.0,2996.766,45.665
3000,rebounding,1,1123,400,7062,125.35,sam2,1.0,2996.766,45.665
3001,rebounding,1,1123,400,7114,126.27,sam2,0.0,0.0,0.0
3002,rebounding,1,1122,400,7073,125.54,sam2,1.0,2996.766,45.665
3003,rebounding,1,1123,401,7375,130.9,sam2,1.414,4238.068,64.58
3004,rebounding,1,1123,400,7139,126.71,sam2,1.0,2996.766,45.665
3005,rebounding,1,1123,400,7266,128.97,sam2,0.0,0.0,0.0
3006,rebounding,1,1122,400,7093,125.9,sam2,1.0,2996.766,45.665
3007,rebounding,1,1123,400,7162,127.12,sam2,1.0,2996.766,45.665
3008,rebounding,1,1123,400,7162,127.12,sam2,0.0,0.0,0.0
3009,rebounding,1,1122,400,7162,127.12,sam2,1.0,2996.766,45.665
3010,rebounding,1,1123,400,7297,129.52,sam2,1.0,2996.766,45.665
3011,rebounding,1,1123,400,7125,126.46,sam2,0.0,0.0,0.0
3012,rebounding,1,1123,400,7251,128.7,sam2,0.0,0.0,0.0
3013,rebounding,1,1123,400,7210,127.97,sam2,0.0,0.0,0.0
3014,rebounding,1,1123,400,7223,128.2,sam2,0.0,0.0,0.0
3015,rebounding,1,1122,400,7228,128.29,sam2,1.0,2996.766,45.665
3016,rebounding,1,1123,400,7135,126.64,sam2,1.0,2996.766,45.665
3017,rebounding,1,1122,400,7114,126.27,sam2,1.0,2996.766,45.665
3018,rebounding,1,1123,400,7174,127.33,sam2,1.0,2996.766,45.665
3019,rebounding,1,1123,400,7142,126.77,sam2,0.0,0.0,0.0
3020,rebounding,1,1122,400,7090,125.84,sam2,1.0,2996.766,45.665
3021,rebounding,1,1123,400,7201,127.81,sam2,1.0,2996.766,45.665
3022,rebounding,1,1123,400,7119,126.36,sam2,0.0,0.0,0.0
3023,rebounding,1,1122,400,7185,127.53,sam2,1.0,2996.766,45.665
3024,rebounding,1,1122,400,7207,127.92,sam2,0.0,0.0,0.0
3025,rebounding,1,1123,400,7174,127.33,sam2,1.0,2996.766,45.665
3026,rebounding,1,1123,400,7248,128.65,sam2,0.0,0.0,0.0
3027,rebounding,1,1123,400,7193,127.67,sam2,0.0,0.0,0.0
3028,rebounding,1,1123,400,7175,127.35,sam2,0.0,0.0,0.0
3029,rebounding,1,1123,400,7172,127.3,sam2,0.0,0.0,0.0
3030,rebounding,1,1123,400,7207,127.92,sam2,0.0,0.0,0.0
3031,rebounding,1,1123,400,7260,128.86,sam2,0.0,0.0,0.0
3032,rebounding,1,1123,400,7257,128.81,sam2,0.0,0.0,0.0
3033,rebounding,1,1123,400,7203,127.85,sam2,0.0,0.0,0.0
3034,rebounding,1,1123,400,7133,126.61,sam2,0.0,0.0,0.0
3035,rebounding,1,1122,400,7073,125.54,sam2,1.0,2996.766,45.665
3036,rebounding,1,1123,400,7232,128.36,sam2,1.0,2996.766,45.665
3037,rebounding,1,1123,400,7182,127.48,sam2,0.0,0.0,0.0
3038,rebounding,1,1123,400,7239,128.49,sam2,0.0,0.0,0.0
3039,rebounding,1,1123,400,7172,127.3,sam2,0.0,0.0,0.0
3040,rebounding,1,1123,400,7127,126.5,sam2,0.0,0.0,0.0
3041,rebounding,1,1122,400,7119,126.36,sam2,1.0,2996.766,45.665
3042,rebounding,1,1123,400,7159,127.07,sam2,1.0,2996.766,45.665
3043,rebounding,1,1123,400,7231,128.35,sam2,0.0,0.0,0.0
3044,rebounding,1,1123,400,7198,127.76,sam2,0.0,0.0,0.0
3045,rebounding,1,1123,400,7269,129.02,sam2,0.0,0.0,0.0
3046,rebounding,1,1123,400,7246,128.61,sam2,0.0,0.0,0.0
3047,rebounding,1,1122,400,7060,125.31,sam2,1.0,2996.766,45.665
3048,rebounding,1,1123,400,7240,128.51,sam2,1.0,2996.766,45.665
3049,rebounding,1,1123,400,7105,126.11,sam2,0.0,0.0,0.0
3050,rebounding,1,1123,400,7205,127.88,sam2,0.0,0.0,0.0
3051,rebounding,1,1123,400,7193,127.67,sam2,0.0,0.0,0.0
3052,rebounding,1,1123,401,7289,129.38,sam2,1.0,2996.766,45.665
3053,rebounding,1,1123,401,7295,129.48,sam2,0.0,0.0,0.0
3054,rebounding,1,1123,401,7323,129.98,sam2,0.0,0.0,0.0
3055,rebounding,1,1123,401,7299,129.55,sam2,0.0,0.0,0.0
3056,rebounding,1,1123,400,7195,127.71,sam2,1.0,2996.766,45.665
3057,rebounding,1,1123,400,7153,126.96,sam2,0.0,0.0,0.0
3058,rebounding,1,1123,400,7156,127.01,sam2,0.0,0.0,0.0
3059,rebounding,1,1123,400,7261,128.88,sam2,0.0,0.0,0.0
3060,rebounding,1,1123,400,7208,127.94,sam2,0.0,0.0,0.0
3061,rebounding,1,1123,400,7180,127.44,sam2,0.0,0.0,0.0
3062,rebounding,1,1123,400,7313,129.8,sam2,0.0,0.0,0.0
3063,rebounding,1,1123,400,7175,127.35,sam2,0.0,0.0,0.0
3064,rebounding,1,1123,400,7137,126.68,sam2,0.0,0.0,0.0
3065,rebounding,1,1123,401,7328,130.07,sam2,1.0,2996.766,45.665
3066,rebounding,1,1123,401,7300,129.57,sam2,0.0,0.0,0.0
3067,rebounding,1,1123,400,7257,128.81,sam2,1.0,2996.766,45.665
3068,rebounding,1,1123,401,7281,129.23,sam2,1.0,2996.766,45.665
3069,rebounding,1,1123,400,7243,128.56,sam2,1.0,2996.766,45.665
3070,rebounding,1,1123,401,7323,129.98,sam2,1.0,2996.766,45.665
3071,rebounding,1,1123,401,7319,129.91,sam2,0.0,0.0,0.0
3072,rebounding,1,1123,401,7369,130.8,sam2,0.0,0.0,0.0
3073,rebounding,1,1123,401,7305,129.66,sam2,0.0,0.0,0.0
3074,rebounding,1,1123,401,7357,130.58,sam2,0.0,0.0,0.0
3075,rebounding,1,1123,401,7317,129.87,sam2,0.0,0.0,0.0
3076,rebounding,1,1123,401,7351,130.48,sam2,0.0,0.0,0.0
3077,rebounding,1,1123,400,7225,128.24,sam2,1.0,2996.766,45.665
3078,rebounding,1,1123,400,7148,126.87,sam2,0.0,0.0,0.0
3079,rebounding,1,1123,401,7348,130.42,sam2,1.0,2996.766,45.665
3080,rebounding,1,1123,401,7290,129.39,sam2,0.0,0.0,0.0
3081,rebounding,1,1122,400,7163,127.14,sam2,1.414,4238.068,64.58
3082,rebounding,1,1123,401,7448,132.2,sam2,1.414,4238.068,64.58
3083,rebounding,1,1123,400,7252,128.72,sam2,1.0,2996.766,45.665
3084,rebounding,1,1123,400,7191,127.64,sam2,0.0,0.0,0.0
3085,rebounding,1,1123,400,7265,128.95,sam2,0.0,0.0,0.0
3086,rebounding,1,1123,400,7174,127.33,sam2,0.0,0.0,0.0
3087,rebounding,1,1123,401,7299,129.55,sam2,1.0,2996.766,45.665
3088,rebounding,1,1123,400,7155,127.0,sam2,1.0,2996.766,45.665
3089,rebounding,1,1123,401,7281,129.23,sam2,1.0,2996.766,45.665
3090,rebounding,1,1123,400,7117,126.32,sam2,1.0,2996.766,45.665
3091,rebounding,1,1123,401,7306,129.68,sam2,1.0,2996.766,45.665
3092,rebounding,1,1123,401,7311,129.77,sam2,0.0,0.0,0.0
3093,rebounding,1,1123,400,7116,126.3,sam2,1.0,2996.766,45.665
3094,rebounding,1,1122,400,7150,126.91,sam2,1.0,2996.766,45.665
3095,rebounding,1,1122,400,7161,127.1,sam2,0.0,0.0,0.0
3096,rebounding,1,1122,400,7177,127.39,sam2,0.0,0.0,0.0
3097,rebounding,1,1123,400,7166,127.19,sam2,1.0,2996.766,45.665
3098,rebounding,1,1123,400,7138,126.7,sam2,0.0,0.0,0.0
3099,rebounding,1,1122,400,7228,128.29,sam2,1.0,2996.766,45.665
3100,rebounding,1,1123,400,7111,126.22,sam2,1.0,2996.766,45.665
3101,rebounding,1,1123,401,7281,129.23,sam2,1.0,2996.766,45.665
3102,rebounding,1,1123,401,7305,129.66,sam2,0.0,0.0,0.0
3103,rebounding,1,1123,400,7221,128.17,sam2,1.0,2996.766,45.665
3104,rebounding,1,1123,400,7269,129.02,sam2,0.0,0.0,0.0
3105,rebounding,1,1123,400,7121,126.39,sam2,0.0,0.0,0.0
3106,rebounding,1,1123,400,7146,126.84,sam2,0.0,0.0,0.0
3107,rebounding,1,1123,401,7266,128.97,sam2,1.0,2996.766,45.665
3108,rebounding,1,1123,400,7221,128.17,sam2,1.0,2996.766,45.665
3109,rebounding,1,1122,400,7170,127.26,sam2,1.0,2996.766,45.665
3110,rebounding,1,1123,400,7188,127.58,sam2,1.0,2996.766,45.665
3111,rebounding,1,1122,400,7205,127.88,sam2,1.0,2996.766,45.665
3112,rebounding,1,1123,401,7299,129.55,sam2,1.414,4238.068,64.58
3113,rebounding,1,1123,400,7191,127.64,sam2,1.0,2996.766,45.665
3114,rebounding,1,1122,400,7186,127.55,sam2,1.0,2996.766,45.665
3115,rebounding,1,1123,401,7300,129.57,sam2,1.414,4238.068,64.58
3116,rebounding,1,1123,400,7185,127.53,sam2,1.0,2996.766,45.665
3117,rebounding,1,1122,399,7054,125.2,sam2,1.414,4238.068,64.58
3118,rebounding,1,1123,400,7281,129.23,sam2,1.414,4238.068,64.58
3119,rebounding,1,1123,400,7242,128.54,sam2,0.0,0.0,0.0
3120,rebounding,1,1123,401,7329,130.09,sam2,1.0,2996.766,45.665
3121,rebounding,1,1122,400,7181,127.46,sam2,1.414,4238.068,64.58
3122,rebounding,1,1123,401,7299,129.55,sam2,1.414,4238.068,64.58
3123,rebounding,1,1123,400,7277,129.16,sam2,1.0,2996.766,45.665
3124,rebounding,1,1123,400,7239,128.49,sam2,0.0,0.0,0.0
3125,rebounding,1,1122,400,7133,126.61,sam2,1.0,2996.766,45.665
3126,rebounding,1,1123,400,7258,128.82,sam2,1.0,2996.766,45.665
3127,rebounding,1,1123,401,7303,129.62,sam2,1.0,2996.766,45.665
3128,rebounding,1,1123,401,7290,129.39,sam2,0.0,0.0,0.0
3129,rebounding,1,1123,401,7371,130.83,sam2,0.0,0.0,0.0
3130,rebounding,1,1123,401,7323,129.98,sam2,0.0,0.0,0.0
3131,rebounding,1,1123,401,7317,129.87,sam2,0.0,0.0,0.0
3132,rebounding,1,1122,400,7250,128.68,sam2,1.414,4238.068,64.58
3133,rebounding,1,1123,401,7291,129.41,sam2,1.414,4238.068,64.58
3134,rebounding,1,1122,400,7132,126.59,sam2,1.414,4238.068,64.58
3135,rebounding,1,1123,401,7299,129.55,sam2,1.414,4238.068,64.58
3136,rebounding,1,1123,401,7333,130.16,sam2,0.0,0.0,0.0
3137,rebounding,1,1123,400,7247,128.63,sam2,1.0,2996.766,45.665
3138,rebounding,1,1122,400,7108,126.16,sam2,1.0,2996.766,45.665
3139,rebounding,1,1123,401,7484,132.84,sam2,1.414,4238.068,64.58
3140,rebounding,1,1123,401,7384,131.06,sam2,0.0,0.0,0.0
3141,rebounding,1,1123,401,7392,131.2,sam2,0.0,0.0,0.0
3142,rebounding,1,1123,401,7360,130.64,sam2,0.0,0.0,0.0
3143,rebounding,1,1123,401,7370,130.81,sam2,0.0,0.0,0.0
3144,rebounding,1,1123,400,7262,128.9,sam2,1.0,2996.766,45.665
3145,rebounding,1,1123,400,7239,128.49,sam2,0.0,0.0,0.0
3146,rebounding,1,1123,401,7309,129.73,sam2,1.0,2996.766,45.665
3147,rebounding,1,1123,400,7250,128.68,sam2,1.0,2996.766,45.665
3148,rebounding,1,1123,401,7402,131.38,sam2,1.0,2996.766,45.665
3149,rebounding,1,1123,401,7367,130.76,sam2,0.0,0.0,0.0
3150,rebounding,1,1123,401,7367,130.76,sam2,0.0,0.0,0.0
3151,rebounding,1,1123,401,7508,133.26,sam2,0.0,0.0,0.0
3152,rebounding,1,1123,401,7418,131.66,sam2,0.0,0.0,0.0
3153,rebounding,1,1123,401,7401,131.36,sam2,0.0,0.0,0.0
3154,rebounding,1,1123,401,7321,129.94,sam2,0.0,0.0,0.0
3155,rebounding,1,1123,401,7382,131.03,sam2,0.0,0.0,0.0
3156,rebounding,1,1124,401,7526,133.58,sam2,1.0,2996.766,45.665
3157,rebounding,1,1123,401,7403,131.4,sam2,1.0,2996.766,45.665
3158,rebounding,1,1124,402,7537,133.78,sam2,1.414,4238.068,64.58
3159,rebounding,1,1123,401,7323,129.98,sam2,1.414,4238.068,64.58
3160,rebounding,1,1123,401,7512,133.33,sam2,0.0,0.0,0.0
3161,rebounding,1,1123,401,7460,132.41,sam2,0.0,0.0,0.0
3162,rebounding,1,1123,400,7324,130.0,sam2,1.0,2996.766,45.665
3163,rebounding,1,1123,401,7522,133.51,sam2,1.0,2996.766,45.665
3164,rebounding,1,1123,401,7464,132.48,sam2,0.0,0.0,0.0
3165,rebounding,1,1123,401,7441,132.07,sam2,0.0,0.0,0.0
3166,rebounding,1,1123,401,7507,133.24,sam2,0.0,0.0,0.0
3167,rebounding,1,1124,401,7452,132.27,sam2,1.0,2996.766,45.665
3168,rebounding,1,1123,401,7417,131.65,sam2,1.0,2996.766,45.665
3169,rebounding,1,1124,401,7528,133.62,sam2,1.0,2996.766,45.665
3170,rebounding,1,1123,401,7433,131.93,sam2,1.0,2996.766,45.665
3171,rebounding,1,1124,402,7561,134.2,sam2,1.414,4238.068,64.58
3172,rebounding,1,1123,401,7376,130.92,sam2,1.414,4238.068,64.58
3173,rebounding,1,1123,401,7451,132.25,sam2,0.0,0.0,0.0
3174,rebounding,1,1124,402,7582,134.58,sam2,1.414,4238.068,64.58
3175,rebounding,1,1123,401,7388,131.13,sam2,1.414,4238.068,64.58
3176,rebounding,1,1124,401,7433,131.93,sam2,1.0,2996.766,45.665
3177,rebounding,1,1123,401,7455,132.32,sam2,1.0,2996.766,45.665
3178,rebounding,1,1123,401,7443,132.11,sam2,0.0,0.0,0.0
3179,rebounding,1,1123,401,7422,131.74,sam2,0.0,0.0,0.0
3180,rebounding,1,1124,402,7592,134.75,sam2,1.414,4238.068,64.58
3181,rebounding,1,1123,401,7382,131.03,sam2,1.414,4238.068,64.58
3182,rebounding,1,1123,401,7370,130.81,sam2,0.0,0.0,0.0
3183,rebounding,1,1123,401,7492,132.98,sam2,0.0,0.0,0.0
3184,rebounding,1,1123,401,7445,132.14,sam2,0.0,0.0,0.0
3185,rebounding,1,1123,401,7446,132.16,sam2,0.0,0.0,0.0
3186,rebounding,1,1123,401,7532,133.69,sam2,0.0,0.0,0.0
3187,rebounding,1,1123,401,7377,130.94,sam2,0.0,0.0,0.0
3188,rebounding,1,1123,401,7491,132.96,sam2,0.0,0.0,0.0
3189,rebounding,1,1123,401,7410,131.52,sam2,0.0,0.0,0.0
3190,rebounding,1,1123,401,7498,133.08,sam2,0.0,0.0,0.0
3191,rebounding,1,1123,401,7370,130.81,sam2,0.0,0.0,0.0
3192,rebounding,1,1124,402,7592,134.75,sam2,1.414,4238.068,64.58
3193,rebounding,1,1123,401,7457,132.36,sam2,1.414,4238.068,64.58
3194,rebounding,1,1123,401,7421,131.72,sam2,0.0,0.0,0.0
3195,rebounding,1,1124,401,7567,134.31,sam2,1.0,2996.766,45.665
3196,rebounding,1,1123,401,7333,130.16,sam2,1.0,2996.766,45.665
3197,rebounding,1,1123,401,7423,131.75,sam2,0.0,0.0,0.0
3198,rebounding,1,1123,401,7518,133.44,sam2,0.0,0.0,0.0
3199,rebounding,1,1124,401,7460,132.41,sam2,1.0,2996.766,45.665
3200,rebounding,1,1123,401,7438,132.02,sam2,1.0,2996.766,45.665
3201,rebounding,1,1123,401,7519,133.46,sam2,0.0,0.0,0.0
3202,rebounding,1,1124,401,7456,132.34,sam2,1.0,2996.766,45.665
3203,rebounding,1,1123,401,7417,131.65,sam2,1.0,2996.766,45.665
3204,rebounding,1,1124,402,7559,134.17,sam2,1.414,4238.068,64.58
3205,rebounding,1,1123,401,7497,133.07,sam2,1.414,4238.068,64.58
3206,rebounding,1,1124,401,7458,132.37,sam2,1.0,2996.766,45.665
3207,rebounding,1,1123,401,7503,133.17,sam2,1.0,2996.766,45.665
3208,rebounding,1,1123,401,7426,131.81,sam2,0.0,0.0,0.0
3209,rebounding,1,1123,401,7386,131.1,sam2,0.0,0.0,0.0
3210,rebounding,1,1123,401,7436,131.98,sam2,0.0,0.0,0.0
3211,rebounding,1,1124,401,7494,133.01,sam2,1.0,2996.766,45.665
3212,rebounding,1,1123,401,7516,133.4,sam2,1.0,2996.766,45.665
3213,rebounding,1,1123,401,7403,131.4,sam2,0.0,0.0,0.0
3214,rebounding,1,1123,401,7469,132.57,sam2,0.0,0.0,0.0
3215,rebounding,1,1124,401,7495,133.03,sam2,1.0,2996.766,45.665
3216,rebounding,1,1123,401,7423,131.75,sam2,1.0,2996.766,45.665
3217,rebounding,1,1123,401,7447,132.18,sam2,0.0,0.0,0.0
3218,rebounding,1,1124,401,7375,130.9,sam2,1.0,2996.766,45.665
3219,rebounding,1,1123,401,7479,132.75,sam2,1.0,2996.766,45.665
3220,rebounding,1,1123,400,7314,129.82,sam2,1.0,2996.766,45.665
3221,rebounding,1,1123,401,7417,131.65,sam2,1.0,2996.766,45.665
3222,rebounding,1,1123,401,7406,131.45,sam2,0.0,0.0,0.0
3223,rebounding,1,1124,401,7531,133.67,sam2,1.0,2996.766,45.665
3224,rebounding,1,1124,401,7493,133.0,sam2,0.0,0.0,0.0
3225,rebounding,1,1123,401,7375,130.9,sam2,1.0,2996.766,45.665
3226,rebounding,1,1123,401,7515,133.39,sam2,0.0,0.0,0.0
3227,rebounding,1,1123,401,7499,133.1,sam2,0.0,0.0,0.0
3228,rebounding,1,1123,401,7495,133.03,sam2,0.0,0.0,0.0
3229,rebounding,1,1123,401,7442,132.09,sam2,0.0,0.0,0.0
3230,rebounding,1,1123,401,7420,131.7,sam2,0.0,0.0,0.0
3231,rebounding,1,1123,401,7385,131.08,sam2,0.0,0.0,0.0
3232,rebounding,1,1123,401,7494,133.01,sam2,0.0,0.0,0.0
3233,rebounding,1,1123,402,7596,134.82,sam2,1.0,2996.766,45.665
3234,rebounding,1,1124,402,7667,136.08,sam2,1.0,2996.766,45.665
3235,rebounding,1,1123,401,7563,134.24,sam2,1.414,4238.068,64.58
3236,rebounding,1,1123,401,7454,132.3,sam2,0.0,0.0,0.0
3237,rebounding,1,1124,402,7745,137.47,sam2,1.414,4238.068,64.58
3238,rebounding,1,1124,402,7593,134.77,sam2,0.0,0.0,0.0
3239,rebounding,1,1124,401,7449,132.22,sam2,1.0,2996.766,45.665
3240,rebounding,1,1123,401,7412,131.56,sam2,1.0,2996.766,45.665
3241,rebounding,1,1123,401,7480,132.77,sam2,0.0,0.0,0.0
3242,rebounding,1,1124,402,7552,134.04,sam2,1.414,4238.068,64.58
3243,rebounding,1,1124,401,7537,133.78,sam2,1.0,2996.766,45.665
3244,rebounding,1,1124,402,7583,134.59,sam2,1.0,2996.766,45.665
3245,rebounding,1,1123,401,7473,132.64,sam2,1.414,4238.068,64.58
3246,rebounding,1,1124,401,7510,133.3,sam2,1.0,2996.766,45.665
3247,rebounding,1,1123,401,7333,130.16,sam2,1.0,2996.766,45.665
3248,rebounding,1,1124,402,7579,134.52,sam2,1.414,4238.068,64.58
3249,rebounding,1,1123,401,7465,132.5,sam2,1.414,4238.068,64.58
3250,rebounding,1,1123,401,7396,131.27,sam2,0.0,0.0,0.0
3251,rebounding,1,1123,401,7517,133.42,sam2,0.0,0.0,0.0
3252,rebounding,1,1123,401,7342,130.32,sam2,0.0,0.0,0.0
3253,rebounding,1,1123,402,7518,133.44,sam2,1.0,2996.766,45.665
3254,rebounding,1,1124,402,7585,134.63,sam2,1.0,2996.766,45.665
3255,rebounding,1,1123,401,7372,130.85,sam2,1.414,4238.068,64.58
3256,rebounding,1,1123,401,7319,129.91,sam2,0.0,0.0,0.0
3257,rebounding,1,1123,401,7502,133.16,sam2,0.0,0.0,0.0
3258,rebounding,1,1123,401,7296,129.5,sam2,0.0,0.0,0.0
3259,rebounding,1,1123,401,7389,131.15,sam2,0.0,0.0,0.0
3260,rebounding,1,1123,401,7511,133.32,sam2,0.0,0.0,0.0
3261,rebounding,1,1123,401,7352,130.49,sam2,0.0,0.0,0.0
3262,rebounding,1,1123,400,7278,129.18,sam2,1.0,2996.766,45.665
3263,rebounding,1,1123,400,7181,127.46,sam2,0.0,0.0,0.0
3264,rebounding,1,1123,401,7436,131.98,sam2,1.0,2996.766,45.665
3265,rebounding,1,1123,401,7404,131.42,sam2,0.0,0.0,0.0
3266,rebounding,1,1123,401,7419,131.68,sam2,0.0,0.0,0.0
3267,rebounding,1,1123,400,7176,127.37,sam2,1.0,2996.766,45.665
3268,rebounding,1,1123,401,7310,129.75,sam2,1.0,2996.766,45.665
3269,rebounding,1,1123,401,7316,129.85,sam2,0.0,0.0,0.0
3270,rebounding,1,1123,401,7412,131.56,sam2,0.0,0.0,0.0
3271,rebounding,1,1123,400,7245,128.59,sam2,1.0,2996.766,45.665
3272,rebounding,1,1123,401,7323,129.98,sam2,1.0,2996.766,45.665
3273,rebounding,1,1123,401,7364,130.71,sam2,0.0,0.0,0.0
3274,rebounding,1,1123,400,7249,128.67,sam2,1.0,2996.766,45.665
3275,rebounding,1,1123,401,7364,130.71,sam2,1.0,2996.766,45.665
3276,rebounding,1,1123,401,7329,130.09,sam2,0.0,0.0,0.0
3277,rebounding,1,1123,401,7329,130.09,sam2,0.0,0.0,0.0
3278,rebounding,1,1123,401,7471,132.61,sam2,0.0,0.0,0.0
