frame,drop_id,cx,cy,area_px,percentage,in_frame
815,1,840,81,9247,100.0,1
816,1,840,106,11210,121.23,1
817,1,840,132,11258,121.75,1
818,1,839,158,11275,121.93,1
819,1,839,183,11474,124.08,1
820,1,838,209,11507,124.44,1
821,1,838,234,11665,126.15,1
822,1,838,261,11723,126.78,1
823,1,837,287,11825,127.88,1
824,1,837,313,11963,129.37,1
825,1,837,339,12026,130.05,1
826,1,837,365,11976,129.51,1
827,1,837,390,11996,129.73,1
828,1,837,410,11160,120.69,1
829,1,837,423,9887,106.92,1
830,1,835,433,9393,101.58,1
831,1,834,438,8824,95.43,1
832,1,834,440,8816,95.34,1
833,1,834,438,9375,101.38,1
834,1,834,437,9798,105.96,1
835,1,833,435,10073,108.93,1
836,1,832,433,10090,109.12,1
837,1,831,431,10091,109.13,1
838,1,831,429,10289,111.27,1
839,1,831,425,10340,111.82,1
840,1,831,419,11498,124.34,1
841,1,832,411,12403,134.13,1
842,1,832,402,12985,140.42,1
843,1,832,393,13443,145.38,1
844,1,831,383,13919,150.52,1
845,1,833,370,13666,147.79,1
846,1,833,359,13569,146.74,1
847,1,831,357,15112,163.43,1
848,1,830,353,16122,174.35,1
849,1,830,349,16716,180.77,1
850,1,830,344,16917,182.95,1
851,1,830,338,16843,182.15,1
852,1,830,331,16540,178.87,1
852,2,932,2,209,2.26,0
853,1,828,331,17776,192.24,1
853,2,929,13,1609,17.4,0
854,1,828,331,18803,203.34,1
854,2,929,25,3055,33.04,0
855,1,827,330,19595,211.91,1
855,2,929,47,3247,35.11,1
856,1,828,357,16326,176.55,1
856,2,929,72,3306,35.75,1
856,3,826,179,2874,31.08,1
857,1,829,354,15422,166.78,1
857,2,929,96,3300,35.69,1
857,3,826,172,2609,28.21,1
858,1,829,355,15209,164.47,1
858,2,929,120,3352,36.25,1
858,3,826,166,2528,27.34,1
859,1,828,356,15256,164.98,1
859,2,928,144,3375,36.5,1
859,3,826,160,2541,27.48,1
860,1,827,355,15441,166.98,1
860,2,928,169,3432,37.11,1
860,3,826,154,2540,27.47,1
861,1,827,354,15101,163.31,1
861,2,929,193,3471,37.54,1
861,3,826,148,2595,28.06,1
862,1,827,353,14511,156.93,1
862,2,929,218,3525,38.12,1
862,3,825,142,2632,28.46,1
863,1,827,355,14408,155.81,1
863,2,929,242,3543,38.32,1
863,3,826,137,2614,28.27,1
864,1,827,356,14352,155.21,1
864,2,928,267,3531,38.19,1
864,3,825,132,2564,27.73,1
865,1,827,356,14091,152.38,1
865,2,928,292,3523,38.1,1
865,3,825,126,2467,26.68,1
866,1,827,356,13881,150.11,1
866,2,929,317,3502,37.87,1
866,3,825,120,2375,25.68,1
867,1,827,357,13687,148.02,1
867,2,929,342,3481,37.64,1
867,3,825,115,2342,25.33,1
868,1,828,358,13396,144.87,1
868,2,929,367,3411,36.89,1
868,3,825,109,2365,25.58,1
869,1,827,358,13014,140.74,1
869,2,929,392,3389,36.65,1
869,3,825,104,2401,25.97,1
870,1,827,359,12931,139.84,1
870,2,929,416,3306,35.75,1
870,3,825,99,2453,26.53,1
871,1,827,359,12910,139.61,1
871,2,929,435,3016,32.62,1
871,3,825,94,2460,26.6,1
872,1,827,358,12492,135.09,1
872,2,928,442,2652,28.68,1
872,3,825,89,2438,26.37,1
873,1,827,357,12291,132.92,1
873,2,927,441,2884,31.19,1
873,3,825,84,2335,25.25,1
874,1,827,357,12246,132.43,1
874,2,928,439,2898,31.34,1
874,3,824,79,2319,25.08,1
875,1,825,349,10730,116.04,1
875,2,928,430,3590,38.82,1
875,3,824,74,2309,24.97,1
875,4,839,443,925,10.0,1
876,1,824,350,10812,116.92,1
876,2,928,418,4316,46.67,1
876,3,824,70,2347,25.38,1
876,4,839,450,508,5.49,1
877,1,825,353,10858,117.42,1
877,2,928,406,4464,48.28,1
877,3,824,65,2312,25.0,1
877,4,839,452,271,2.93,1
878,1,824,355,10889,117.76,1
878,2,928,396,4497,48.63,1
878,3,824,61,2326,25.15,1
879,1,825,357,10834,117.16,1
879,2,927,391,4954,53.57,1
879,3,824,57,2312,25.0,1
880,1,825,359,10810,116.9,1
880,2,927,385,5281,57.11,1
880,3,824,52,2313,25.01,1
881,1,825,362,10977,118.71,1
881,2,927,382,5464,59.09,1
881,3,824,48,2254,24.38,1
882,1,825,364,11129,120.35,1
882,2,927,379,5342,57.77,1
882,3,824,44,2202,23.81,1
883,1,825,365,11205,121.17,1
883,2,927,375,5265,56.94,1
883,3,824,40,2200,23.79,1
884,1,824,366,11328,122.5,1
884,2,927,371,5153,55.73,1
884,3,823,36,2177,23.54,1
885,1,825,369,11542,124.82,1
885,2,927,371,5275,57.05,1
885,3,824,31,2228,24.09,0
885,5,841,454,159,1.72,1
886,1,825,372,11988,129.64,1
886,2,927,371,5357,57.93,1
886,3,824,26,2310,24.98,0
887,1,825,374,12141,131.3,1
887,2,927,367,5029,54.39,1
887,3,824,23,2228,24.09,0
888,1,825,376,12279,132.79,1
888,2,927,363,4630,50.07,1
888,3,824,20,2111,22.83,0
888,6,546,3,248,2.68,0
888,7,417,72,160,1.73,1
889,1,825,377,12358,133.64,1
889,2,927,359,4028,43.56,1
889,3,823,17,1914,20.7,0
889,6,545,14,1204,13.02,0
889,7,415,92,157,1.7,1
890,1,825,381,12404,134.14,1
890,2,927,360,3638,39.34,1
890,3,824,16,1738,18.8,0
890,6,543,32,1572,17.0,1
890,7,413,111,165,1.78,1
891,1,824,383,12048,130.29,1
891,2,927,361,3244,35.08,1
891,3,823,14,1527,16.51,0
891,6,542,56,1649,17.83,1
891,7,411,131,166,1.8,1
892,1,824,386,11847,128.12,1
892,2,927,360,2973,32.15,1
892,3,823,12,1366,14.77,0
892,6,541,79,1708,18.47,1
892,7,409,150,187,2.02,1
893,1,824,391,11908,128.78,1
893,2,927,357,2821,30.51,1
893,3,823,10,1171,12.66,0
893,6,539,102,1768,19.12,1
893,7,407,170,187,2.02,1
894,1,824,395,11800,127.61,1
894,2,928,355,3077,33.28,1
894,3,823,9,999,10.8,0
894,6,538,125,1766,19.1,1
894,7,405,189,179,1.94,1
895,1,824,398,11819,127.81,1
895,2,928,354,3460,37.42,1
895,3,823,7,839,9.07,0
895,6,536,148,1781,19.26,1
895,7,403,209,204,2.21,1
896,1,824,400,11473,124.07,1
896,2,928,354,3890,42.07,1
896,3,823,6,671,7.26,0
896,6,535,172,1792,19.38,1
896,7,401,229,184,1.99,1
897,1,824,401,11142,120.49,1
897,2,928,354,4025,43.53,1
897,3,822,4,508,5.49,0
897,6,534,195,1808,19.55,1
897,7,399,249,187,2.02,1
898,1,824,404,11320,122.42,1
898,2,929,352,4004,43.3,1
898,3,822,3,345,3.73,0
898,6,532,218,1795,19.41,1
898,7,397,269,174,1.88,1
899,1,823,406,11266,121.83,1
899,2,929,350,4055,43.85,1
899,3,821,2,219,2.37,0
899,6,531,242,1829,19.78,1
899,7,395,288,197,2.13,1
900,1,823,408,11037,119.36,1
900,2,929,350,4178,45.18,1
900,3,821,1,163,1.76,0
900,6,530,266,1813,19.61,1
900,7,394,308,208,2.25,1
901,1,823,410,11002,118.98,1
901,2,929,349,4321,46.73,1
901,6,528,289,1817,19.65,1
901,7,392,328,178,1.92,1
902,1,823,412,10808,116.88,1
902,2,929,347,4239,45.84,1
902,6,527,313,1800,19.47,1
902,7,390,348,161,1.74,1
903,1,823,415,10630,114.96,1
903,2,928,345,3858,41.72,1
903,6,525,337,1837,19.87,1
903,7,388,368,159,1.72,1
904,1,823,418,10424,112.73,1
904,2,929,345,3302,35.71,1
904,6,524,361,1849,20.0,1
904,7,386,388,159,1.72,1
905,1,823,421,10175,110.04,1
905,2,929,346,2854,30.86,1
905,6,522,384,1844,19.94,1
906,1,823,425,10119,109.43,1
906,2,929,345,2749,29.73,1
906,6,521,408,1833,19.82,1
907,1,823,427,9674,104.62,1
907,2,930,345,2677,28.95,1
907,6,519,430,1658,17.93,1
908,1,823,430,9520,102.95,1
908,2,929,344,2871,31.05,1
908,6,518,443,1304,14.1,1
909,1,822,433,9378,101.42,1
909,2,929,343,3178,34.37,1
909,6,516,442,1507,16.3,1
909,8,380,441,201,2.17,1
910,1,821,428,7964,86.13,1
910,2,929,343,3570,38.61,1
910,6,515,435,1744,18.86,1
911,1,821,430,7524,81.37,1
911,2,930,344,3996,43.21,1
911,6,515,423,2273,24.58,1
911,9,381,445,167,1.81,1
912,1,820,429,6771,73.22,1
912,2,930,346,4384,47.41,1
912,6,514,414,2518,27.23,1
913,1,818,432,6658,72.0,1
913,2,930,346,4455,48.18,1
913,6,513,407,2648,28.64,1
914,1,817,432,5946,64.3,1
914,2,930,345,4078,44.1,1
914,6,513,402,2582,27.92,1
915,1,815,435,5645,61.05,1
915,2,930,343,3534,38.22,1
915,6,513,397,2634,28.48,1
916,1,814,437,4888,52.86,1
916,2,930,344,3083,33.34,1
916,6,512,390,2488,26.91,1
917,1,812,441,4339,46.92,1
917,2,930,345,2753,29.77,1
917,6,512,382,2219,24.0,1
918,1,812,442,3206,34.67,1
918,2,931,345,2657,28.73,1
918,6,511,376,1940,20.98,1
919,1,815,445,2149,23.24,1
919,2,931,346,2708,29.29,1
919,6,511,369,1593,17.23,1
920,1,822,447,1079,11.67,1
920,2,931,347,2796,30.24,1
920,6,510,364,1500,16.22,1
921,1,836,455,238,2.57,1
921,2,931,347,3116,33.7,1
921,6,510,358,1775,19.2,1
921,10,380,444,156,1.69,1
922,1,839,460,424,4.59,1
922,2,930,346,3476,37.59,1
922,6,510,352,2105,22.76,1
923,1,841,465,567,6.13,1
923,2,931,348,3871,41.86,1
923,6,509,346,2225,24.06,1
924,1,844,477,885,9.57,0
924,2,931,350,4229,45.73,1
924,6,509,342,2175,23.52,1
925,1,834,478,1156,12.5,0
925,2,932,351,4263,46.1,1
925,6,509,337,2001,21.64,1
926,1,843,495,287,3.1,0
926,2,931,352,3959,42.81,1
926,6,508,332,1730,18.71,1
926,11,808,495,265,2.87,1
927,1,842,493,359,3.88,1
927,2,931,352,3443,37.23,1
927,6,508,326,1533,16.58,1
927,11,814,496,305,3.3,1
928,2,931,353,3099,33.51,1
928,6,508,322,1637,17.7,1
928,11,825,497,485,5.24,0
929,2,932,355,2886,31.21,1
929,6,507,317,1894,20.48,1
930,2,932,356,2774,30.0,1
930,6,506,311,2051,22.18,1
931,2,932,357,2833,30.64,1
931,6,506,306,2099,22.7,1
932,2,932,359,2952,31.92,1
932,6,506,302,2006,21.69,1
933,2,932,360,3245,35.09,1
933,6,506,298,1816,19.64,1
933,12,380,444,150,1.62,1
934,2,932,361,3508,37.94,1
934,6,505,293,1570,16.98,1
935,2,932,363,3878,41.94,1
935,6,505,288,1582,17.11,1
936,2,932,365,4039,43.68,1
936,6,504,285,1805,19.52,1
937,2,933,367,3996,43.21,1
937,6,504,279,1967,21.27,1
938,2,933,369,3720,40.23,1
938,6,503,274,2019,21.83,1
938,13,380,444,153,1.65,1
939,2,933,371,3396,36.73,1
939,6,503,271,1971,21.32,1
940,2,933,373,3130,33.85,1
940,6,503,267,1852,20.03,1
941,2,933,375,3012,32.57,1
941,6,502,264,1619,17.51,1
941,14,381,443,165,1.78,1
942,2,933,377,2939,31.78,1
942,6,502,259,1567,16.95,1
943,2,933,379,2983,32.26,1
943,6,502,255,1712,18.51,1
944,2,933,382,3111,33.64,1
944,6,501,252,1898,20.53,1
945,2,933,384,3356,36.29,1
945,6,501,247,1986,21.48,1
946,2,934,386,3531,38.19,1
946,6,500,244,1987,21.49,1
947,2,934,388,3782,40.9,1
947,6,500,241,1860,20.11,1
948,2,934,391,3799,41.08,1
948,6,500,237,1658,17.93,1
949,2,934,393,3693,39.94,1
949,6,500,234,1567,16.95,1
950,2,934,395,3460,37.42,1
950,6,499,230,1693,18.31,1
951,2,934,398,3236,35.0,1
951,6,499,227,1883,20.36,1
952,2,935,403,3240,35.04,1
952,6,499,224,1988,21.5,1
952,15,380,444,163,1.76,1
953,2,935,406,3107,33.6,1
953,6,498,221,1976,21.37,1
953,15,381,444,158,1.71,1
954,2,935,408,3101,33.54,1
954,6,498,218,1871,20.23,1
955,2,935,411,3129,33.84,1
955,6,497,215,1699,18.37,1
956,2,935,415,3230,34.93,1
956,6,497,212,1579,17.08,1
956,16,381,444,157,1.7,1
957,2,935,419,3485,37.69,1
957,6,497,209,1687,18.24,1
957,16,381,445,177,1.91,1
958,2,935,422,3645,39.42,1
958,6,496,206,1860,20.11,1
959,2,935,423,3618,39.13,1
959,6,496,204,1951,21.1,1
960,2,935,424,3445,37.26,1
960,6,496,201,1973,21.34,1
960,17,381,445,150,1.62,1
961,2,935,425,3265,35.31,1
961,6,495,198,1881,20.34,1
962,2,935,426,3063,33.12,1
962,6,495,196,1677,18.14,1
963,2,936,427,3009,32.54,1
963,6,494,194,1581,17.1,1
964,2,936,427,3101,33.54,1
964,6,494,191,1635,17.68,1
965,2,936,426,3282,35.49,1
965,6,494,189,1810,19.57,1
966,2,936,424,3409,36.87,1
966,6,493,187,1925,20.82,1
967,2,936,423,3487,37.71,1
967,6,493,185,1939,20.97,1
967,18,381,445,160,1.73,1
968,2,936,422,3542,38.3,1
968,6,493,183,1850,20.01,1
968,18,381,444,161,1.74,1
969,2,936,420,3561,38.51,1
969,6,492,181,1703,18.42,1
970,2,936,419,3577,38.68,1
970,6,492,179,1600,17.3,1
971,2,936,418,3586,38.78,1
971,6,492,177,1617,17.49,1
971,19,381,444,157,1.7,1
972,2,935,418,3578,38.69,1
972,6,491,175,1770,19.14,1
973,2,935,418,3543,38.32,1
973,6,491,174,1888,20.42,1
974,2,934,419,3537,38.25,1
974,6,491,172,1912,20.68,1
975,2,934,419,3531,38.19,1
975,6,490,171,1863,20.15,1
976,2,934,419,3514,38.0,1
976,6,490,169,1722,18.62,1
977,2,934,420,3502,37.87,1
977,6,490,168,1602,17.32,1
978,2,934,421,3520,38.07,1
978,6,489,167,1633,17.66,1
979,2,934,423,3592,38.85,1
979,6,489,165,1736,18.77,1
980,2,933,424,3536,38.24,1
980,6,488,164,1846,19.96,1
981,2,933,425,3454,37.35,1
981,6,488,163,1901,20.56,1
982,2,933,426,3306,35.75,1
982,6,488,162,1839,19.89,1
983,2,933,427,3170,34.28,1
983,6,487,161,1711,18.5,1
984,2,932,427,3118,33.72,1
984,6,487,160,1610,17.41,1
985,2,933,427,3090,33.42,1
985,6,487,159,1625,17.57,1
985,20,817,1,155,1.68,0
986,2,933,427,3199,34.6,1
986,6,486,159,1736,18.77,1
986,20,816,2,220,2.38,0
987,2,933,426,3254,35.19,1
987,6,486,158,1839,19.89,1
987,20,814,2,268,2.9,0
988,2,933,425,3379,36.54,1
988,6,486,158,1863,20.15,1
988,20,814,4,437,4.73,0
989,2,932,424,3370,36.44,1
989,6,485,157,1823,19.71,1
989,20,814,5,486,5.26,0
989,21,380,444,161,1.74,1
990,2,932,423,3486,37.7,1
990,6,485,156,1719,18.59,1
990,20,814,6,620,6.7,0
991,2,932,423,3550,38.39,1
991,6,485,156,1635,17.68,1
991,20,815,8,752,8.13,0
992,2,932,422,3507,37.93,1
992,6,484,156,1636,17.69,1
992,20,815,9,784,8.48,0
993,2,933,423,3449,37.3,1
993,6,484,156,1719,18.59,1
993,20,815,11,887,9.59,0
994,2,932,423,3328,35.99,1
994,6,483,155,1804,19.51,1
994,20,820,15,616,6.66,0
994,22,381,444,151,1.63,1
995,2,932,422,3192,34.52,1
995,6,483,155,1856,20.07,1
995,20,817,24,355,3.84,1
996,2,933,424,3218,34.8,1
996,6,483,155,1783,19.28,1
996,20,816,29,301,3.26,1
997,2,933,425,3219,34.81,1
997,6,482,156,1725,18.65,1
997,20,817,33,323,3.49,1
998,2,933,426,3301,35.7,1
998,6,482,156,1621,17.53,1
998,20,818,39,205,2.22,1
999,2,934,426,3342,36.14,1
999,6,482,156,1623,17.55,1
999,20,816,42,281,3.04,1
1000,2,933,427,3397,36.74,1
1000,6,481,156,1709,18.48,1
1000,20,816,47,367,3.97,1
1001,2,934,427,3347,36.2,1
1001,6,481,156,1799,19.45,1
1001,23,381,444,159,1.72,1
1002,2,933,427,3272,35.38,1
1002,6,480,157,1846,19.96,1
1002,24,817,53,254,2.75,1
1003,2,934,427,3247,35.11,1
1003,6,480,157,1804,19.51,1
1003,24,821,58,261,2.82,1
1004,2,934,426,3256,35.21,1
1004,6,480,158,1721,18.61,1
1005,2,934,426,3285,35.53,1
1005,6,480,158,1675,18.11,1
1006,2,934,425,3277,35.44,1
1006,6,479,159,1630,17.63,1
1007,2,934,425,3309,35.78,1
1007,6,479,160,1709,18.48,1
1008,2,934,424,3345,36.17,1
1008,6,478,161,1766,19.1,1
1009,2,934,424,3397,36.74,1
1009,6,478,162,1837,19.87,1
1010,2,934,423,3444,37.24,1
1010,6,478,163,1810,19.57,1
1011,2,934,423,3495,37.8,1
1011,6,477,164,1724,18.64,1
1012,2,934,424,3484,37.68,1
1012,6,477,165,1650,17.84,1
1013,2,933,424,3414,36.92,1
1013,6,477,166,1639,17.72,1
1014,2,933,425,3296,35.64,1
1014,6,476,167,1695,18.33,1
1015,2,933,426,3190,34.5,1
1015,6,476,169,1755,18.98,1
1016,2,933,427,3176,34.35,1
1016,6,476,170,1800,19.47,1
1017,2,933,427,3145,34.01,1
1017,6,475,172,1781,19.26,1
1018,2,933,427,3200,34.61,1
1018,6,475,173,1746,18.88,1
1019,2,932,427,3210,34.71,1
1019,6,475,175,1672,18.08,1
1020,2,932,427,3273,35.4,1
1020,6,474,176,1643,17.77,1
1021,2,932,426,3358,36.31,1
1021,6,474,178,1704,18.43,1
1022,2,932,426,3389,36.65,1
1022,6,473,180,1751,18.94,1
1023,2,932,425,3443,37.23,1
1023,6,473,182,1812,19.6,1
1024,2,932,424,3449,37.3,1
1024,6,473,184,1779,19.24,1
1025,2,931,424,3377,36.52,1
1025,6,473,186,1745,18.87,1
1026,2,932,424,3319,35.89,1
1026,6,472,188,1684,18.21,1
1027,2,932,424,3266,35.32,1
1027,6,472,190,1691,18.29,1
1028,2,932,424,3291,35.59,1
1028,6,472,193,1707,18.46,1
1029,2,932,425,3322,35.93,1
1029,6,471,195,1760,19.03,1
1029,25,381,444,155,1.68,1
1030,2,932,425,3346,36.18,1
1030,6,471,197,1798,19.44,1
1031,2,932,426,3361,36.35,1
1031,6,470,200,1763,19.07,1
1032,2,932,426,3364,36.38,1
1032,6,470,202,1732,18.73,1
1033,2,932,427,3302,35.71,1
1033,6,470,205,1672,18.08,1
1034,2,933,427,3246,35.1,1
1034,6,469,208,1679,18.16,1
1035,2,933,427,3218,34.8,1
1035,6,469,211,1702,18.41,1
1036,2,933,427,3214,34.76,1
1036,6,469,213,1744,18.86,1
1037,2,933,427,3205,34.66,1
1037,6,469,216,1784,19.29,1
1038,2,933,426,3202,34.63,1
1038,6,468,219,1766,19.1,1
1039,2,934,426,3248,35.12,1
1039,6,468,222,1745,18.87,1
1040,2,934,425,3307,35.76,1
1040,6,467,225,1700,18.38,1
1041,2,934,424,3394,36.7,1
1041,6,467,229,1702,18.41,1
1042,2,934,424,3446,37.27,1
1042,6,467,232,1711,18.5,1
1043,2,934,424,3491,37.75,1
1043,6,466,235,1756,18.99,1
1044,2,934,424,3481,37.64,1
1044,6,466,239,1783,19.28,1
1045,2,934,424,3423,37.02,1
1045,6,466,242,1808,19.55,1
1046,2,934,425,3329,36.0,1
1046,6,465,245,1769,19.13,1
1047,2,934,425,3259,35.24,1
1047,6,465,249,1713,18.52,1
1048,2,934,426,3219,34.81,1
1048,6,465,253,1709,18.48,1
1049,2,934,427,3191,34.51,1
1049,6,464,257,1731,18.72,1
1050,2,934,427,3187,34.47,1
1050,6,464,260,1765,19.09,1
1051,2,933,427,3195,34.55,1
1051,6,464,264,1781,19.26,1
1051,26,380,444,163,1.76,1
1052,2,933,427,3240,35.04,1
1052,6,463,268,1806,19.53,1
1053,2,933,427,3314,35.84,1
1053,6,463,272,1766,19.1,1
1054,2,933,426,3345,36.17,1
1054,6,462,276,1742,18.84,1
1055,2,932,426,3374,36.49,1
1055,6,462,281,1737,18.78,1
1056,2,932,425,3392,36.68,1
1056,6,462,285,1721,18.61,1
1057,2,932,425,3381,36.56,1
1057,6,461,289,1778,19.23,1
1058,2,932,424,3357,36.3,1
1058,6,461,294,1793,19.39,1
1059,2,932,424,3350,36.23,1
1059,6,461,298,1794,19.4,1
1059,27,833,452,173,1.87,1
1060,2,932,424,3350,36.23,1
1060,6,460,303,1778,19.23,1
1060,27,833,447,332,3.59,1
1061,2,932,424,3370,36.44,1
1061,6,460,308,1748,18.9,1
1061,27,833,446,475,5.14,1
1062,2,932,424,3390,36.66,1
1062,6,460,312,1723,18.63,1
1062,27,833,443,407,4.4,1
1063,2,932,425,3368,36.42,1
1063,6,460,317,1747,18.89,1
1063,27,834,442,276,2.98,1
1064,2,932,426,3365,36.39,1
1064,6,459,322,1763,19.07,1
1065,2,932,426,3335,36.07,1
1065,6,459,327,1786,19.31,1
1066,2,932,427,3283,35.5,1
1066,6,459,332,1780,19.25,1
1067,2,932,427,3257,35.22,1
1067,6,458,337,1799,19.45,1
1068,2,932,427,3220,34.82,1
1068,6,458,342,1778,19.23,1
1069,2,932,427,3195,34.55,1
1069,6,457,347,1753,18.96,1
1070,2,933,427,3190,34.5,1
1070,6,457,352,1736,18.77,1
1071,2,933,427,3211,34.72,1
1071,6,457,357,1750,18.93,1
1072,2,933,426,3263,35.29,1
1072,6,456,363,1802,19.49,1
1073,2,933,425,3343,36.15,1
1073,6,456,368,1795,19.41,1
1074,2,933,424,3382,36.57,1
1074,6,455,374,1763,19.07,1
1075,2,934,424,3426,37.05,1
1075,6,455,379,1747,18.89,1
1076,2,934,424,3446,37.27,1
1076,6,455,385,1735,18.76,1
1076,28,381,445,185,2.0,1
1077,2,934,424,3408,36.86,1
1077,6,455,391,1743,18.85,1
1078,2,934,424,3390,36.66,1
1078,6,454,397,1722,18.62,1
1079,2,934,425,3342,36.14,1
1079,6,454,403,1734,18.75,1
1079,29,380,444,152,1.64,1
1080,2,934,425,3302,35.71,1
1080,6,453,408,1756,18.99,1
1081,2,934,426,3250,35.15,1
1081,6,453,415,1733,18.74,1
1082,2,934,426,3252,35.17,1
1082,6,453,421,1741,18.83,1
1083,2,934,427,3211,34.72,1
1083,6,452,428,1745,18.87,1
1083,30,380,444,152,1.64,1
1084,2,934,427,3236,35.0,1
1084,6,452,433,1700,18.38,1
1085,2,934,427,3265,35.31,1
1085,6,452,436,1596,17.26,1
1086,2,934,427,3265,35.31,1
1086,6,451,438,1469,15.89,1
1087,2,933,427,3284,35.51,1
1087,6,451,436,1545,16.71,1
1088,2,933,426,3301,35.7,1
1088,6,451,433,1733,18.74,1
1089,2,933,426,3315,35.85,1
1089,6,450,429,1850,20.01,1
1089,31,381,445,170,1.84,1
1090,2,933,425,3312,35.82,1
1090,6,450,426,1866,20.18,1
1091,2,933,425,3325,35.96,1
1091,6,450,424,1906,20.61,1
1092,2,932,424,3356,36.29,1
1092,6,450,423,1978,21.39,1
1093,2,932,424,3390,36.66,1
1093,6,450,423,2019,21.83,1
1094,2,932,424,3407,36.84,1
1094,6,450,426,1906,20.61,1
1095,2,932,424,3372,36.47,1
1095,6,449,429,1809,19.56,1
1096,2,932,425,3409,36.87,1
1096,6,449,433,1679,18.16,1
1097,2,932,425,3385,36.61,1
1097,6,450,436,1582,17.11,1
1098,2,932,426,3339,36.11,1
1098,6,450,438,1497,16.19,1
1099,2,932,426,3289,35.57,1
1099,6,450,437,1557,16.84,1
1100,2,932,427,3233,34.96,1
1100,6,450,434,1686,18.23,1
1101,2,932,427,3212,34.74,1
1101,6,450,431,1822,19.7,1
1102,2,932,427,3193,34.53,1
1102,6,452,425,1457,15.76,1
1103,2,932,427,3237,35.01,1
1103,6,453,423,1423,15.39,1
1104,2,932,427,3221,34.83,1
1104,6,451,425,1543,16.69,1
1105,2,932,426,3275,35.42,1
1105,6,450,430,1820,19.68,1
1106,2,932,426,3319,35.89,1
1106,6,450,433,1710,18.49,1
1107,2,933,425,3382,36.57,1
1107,6,450,436,1603,17.34,1
1108,2,933,425,3406,36.83,1
1108,6,450,437,1542,16.68,1
1109,2,933,424,3405,36.82,1
1109,6,450,436,1567,16.95,1
1110,2,933,424,3381,36.56,1
1110,6,450,434,1688,18.25,1
1111,2,933,424,3361,36.35,1
1111,6,450,432,1794,19.4,1
1112,2,934,425,3327,35.98,1
1112,6,450,429,1868,20.2,1
1113,2,934,425,3278,35.45,1
1113,6,451,425,1455,15.73,1
1114,2,934,426,3289,35.57,1
1114,6,451,426,1520,16.44,1
1115,2,934,426,3269,35.35,1
1115,6,450,430,1787,19.33,1
1116,2,934,427,3293,35.61,1
1116,6,449,433,1706,18.45,1
1117,2,934,427,3289,35.57,1
1117,6,450,436,1608,17.39,1
1118,2,934,427,3258,35.23,1
1118,6,450,437,1481,16.02,1
1119,2,934,427,3262,35.28,1
1119,6,450,437,1575,17.03,1
1120,2,934,427,3254,35.19,1
1120,6,450,434,1671,18.07,1
1121,2,934,426,3271,35.37,1
1121,6,450,431,1760,19.03,1
1122,2,934,426,3266,35.32,1
1122,6,450,429,1762,19.05,1
1123,2,934,425,3282,35.49,1
1123,6,452,425,1504,16.26,1
1124,2,933,425,3333,36.04,1
1124,6,450,429,1828,19.77,1
1125,2,933,425,3347,36.2,1
1125,6,450,431,1796,19.42,1
1126,2,933,424,3365,36.39,1
1126,6,450,433,1677,18.14,1
1127,2,933,425,3394,36.7,1
1127,6,450,436,1597,17.27,1
1128,2,933,424,3386,36.62,1
1128,6,450,437,1548,16.74,1
1129,2,933,425,3388,36.64,1
1129,6,450,437,1609,17.4,1
1130,2,932,425,3345,36.17,1
1130,6,450,434,1676,18.12,1
1131,2,932,426,3320,35.9,1
1131,6,450,432,1791,19.37,1
1132,2,932,426,3279,35.46,1
1132,6,450,430,1850,20.01,1
1133,2,932,427,3257,35.22,1
1133,6,450,429,1882,20.35,1
1134,2,932,427,3217,34.79,1
1134,6,450,430,1816,19.64,1
1135,2,932,427,3248,35.12,1
1135,6,450,431,1781,19.26,1
1136,2,932,427,3243,35.07,1
1136,6,450,434,1693,18.31,1
1137,2,932,427,3254,35.19,1
1137,6,450,436,1577,17.05,1
1138,2,932,426,3298,35.67,1
1138,6,450,436,1524,16.48,1
1139,2,932,426,3333,36.04,1
1139,6,450,436,1603,17.34,1
1140,2,932,425,3354,36.27,1
1140,6,450,433,1673,18.09,1
1141,2,932,425,3365,36.39,1
1141,6,450,431,1794,19.4,1
1142,2,932,425,3349,36.22,1
1142,6,450,430,1826,19.75,1
1143,2,932,425,3347,36.2,1
1143,6,450,429,1843,19.93,1
1144,2,933,425,3362,36.36,1
1144,6,450,430,1817,19.65,1
1145,2,933,425,3323,35.94,1
1145,6,450,432,1750,18.93,1
1146,2,933,425,3326,35.97,1
1146,6,450,434,1690,18.28,1
1146,32,381,445,160,1.73,1
1147,2,933,425,3318,35.88,1
1147,6,450,436,1593,17.23,1
1148,2,933,426,3307,35.76,1
1148,6,450,437,1553,16.79,1
1149,2,933,426,3294,35.62,1
1149,6,450,436,1612,17.43,1
1150,2,933,427,3282,35.49,1
1150,6,450,433,1670,18.06,1
1151,2,934,427,3291,35.59,1
1151,6,450,431,1783,19.28,1
1152,2,934,427,3275,35.42,1
1152,6,450,430,1802,19.49,1
1153,2,934,427,3259,35.24,1
1153,6,450,430,1828,19.77,1
1154,2,934,426,3268,35.34,1
1154,6,450,431,1813,19.61,1
1155,2,934,426,3274,35.41,1
1155,6,450,432,1757,19.0,1
1156,2,934,426,3291,35.59,1
1156,6,450,434,1651,17.85,1
1157,2,934,425,3305,35.74,1
1157,6,450,436,1584,17.13,1
1158,2,934,425,3353,36.26,1
1158,6,450,436,1572,17.0,1
1159,2,934,425,3365,36.39,1
1159,6,450,435,1613,17.44,1
1160,2,934,425,3384,36.6,1
1160,6,450,433,1734,18.75,1
1161,2,933,425,3366,36.4,1
1161,6,450,431,1750,18.93,1
1162,2,933,425,3396,36.73,1
1162,6,450,430,1821,19.69,1
1163,2,933,425,3349,36.22,1
1163,6,450,430,1826,19.75,1
1163,33,380,444,155,1.68,1
1164,2,933,426,3314,35.84,1
1164,6,450,431,1803,19.5,1
1165,2,933,426,3318,35.88,1
1165,6,450,433,1746,18.88,1
1166,2,933,426,3266,35.32,1
1166,6,450,434,1632,17.65,1
1167,2,932,427,3260,35.25,1
1167,6,450,436,1603,17.34,1
1168,2,932,427,3233,34.96,1
1168,6,450,436,1551,16.77,1
1169,2,932,427,3263,35.29,1
1169,6,450,435,1650,17.84,1
1170,2,932,427,3286,35.54,1
1170,6,450,433,1737,18.78,1
1171,2,932,426,3318,35.88,1
1171,6,450,431,1788,19.34,1
1172,2,932,426,3334,36.05,1
1172,6,450,430,1817,19.65,1
1173,2,932,425,3355,36.28,1
1173,6,450,430,1800,19.47,1
1174,2,932,425,3354,36.27,1
1174,6,450,431,1782,19.27,1
1175,2,932,425,3349,36.22,1
1175,6,450,433,1732,18.73,1
1176,2,932,425,3342,36.14,1
1176,6,450,434,1641,17.75,1
1177,2,932,425,3329,36.0,1
1177,6,450,436,1592,17.22,1
1178,2,932,425,3327,35.98,1
1178,6,450,436,1580,17.09,1
1179,2,932,425,3328,35.99,1
1179,6,450,435,1662,17.97,1
1179,34,381,445,160,1.73,1
1180,2,932,425,3321,35.91,1
1180,6,449,433,1736,18.77,1
1181,2,932,426,3320,35.9,1
1181,6,450,431,1785,19.3,1
1182,2,933,426,3309,35.78,1
1182,6,450,431,1823,19.71,1
1183,2,933,426,3301,35.7,1
1183,6,450,431,1822,19.7,1
1183,35,381,445,158,1.71,1
1184,2,933,427,3276,35.43,1
1184,6,450,431,1738,18.8,1
1185,2,933,427,3258,35.23,1
1185,6,449,433,1717,18.57,1
1186,2,934,427,3263,35.29,1
1186,6,450,435,1636,17.69,1
1187,2,934,426,3269,35.35,1
1187,6,450,436,1612,17.43,1
1188,2,934,426,3287,35.55,1
1188,6,450,436,1596,17.26,1
1189,2,934,426,3303,35.72,1
1189,6,450,434,1652,17.87,1
1190,2,934,425,3313,35.83,1
1190,6,450,433,1741,18.83,1
1191,2,934,425,3321,35.91,1
1191,6,450,431,1785,19.3,1
1192,2,934,425,3353,36.26,1
1192,6,450,431,1839,19.89,1
1193,2,934,425,3341,36.13,1
1193,6,450,431,1808,19.55,1
1194,2,934,425,3365,36.39,1
1194,6,450,432,1746,18.88,1
1195,2,934,425,3365,36.39,1
1195,6,450,433,1718,18.58,1
1196,2,934,425,3342,36.14,1
1196,6,450,435,1653,17.88,1
1197,2,934,426,3328,35.99,1
1197,6,450,436,1607,17.38,1
1198,2,934,426,3307,35.76,1
1198,6,450,436,1657,17.92,1
1199,2,933,426,3284,35.51,1
1199,6,450,434,1692,18.3,1
1200,2,933,426,3267,35.33,1
1200,6,450,433,1745,18.87,1
1201,2,933,427,3251,35.16,1
1201,6,450,432,1793,19.39,1
1202,2,933,427,3260,35.25,1
1202,6,450,431,1800,19.47,1
1203,2,933,427,3280,35.47,1
1203,6,450,431,1797,19.43,1
1204,2,932,426,3300,35.69,1
1204,6,450,432,1766,19.1,1
1205,2,932,426,3340,36.12,1
1205,6,450,433,1700,18.38,1
1206,2,932,426,3341,36.13,1
1206,6,450,435,1655,17.9,1
1207,2,932,425,3335,36.07,1
1207,6,450,436,1602,17.32,1
1208,2,932,425,3360,36.34,1
1208,6,450,435,1657,17.92,1
1209,2,932,425,3336,36.08,1
1209,6,450,434,1688,18.25,1
1210,2,932,425,3349,36.22,1
1210,6,450,432,1746,18.88,1
1211,2,932,425,3360,36.34,1
1211,6,450,432,1773,19.17,1
1212,2,932,425,3346,36.18,1
1212,6,450,431,1784,19.29,1
1213,2,932,425,3352,36.25,1
1213,6,450,432,1814,19.62,1
1214,2,932,426,3302,35.71,1
1214,6,450,433,1744,18.86,1
1215,2,932,426,3302,35.71,1
1215,6,450,434,1662,17.97,1
1216,2,932,426,3280,35.47,1
1216,6,450,435,1596,17.26,1
1217,2,932,427,3275,35.42,1
1217,6,450,435,1595,17.25,1
1218,2,933,427,3256,35.21,1
1218,6,450,435,1614,17.45,1
1219,2,933,427,3231,34.94,1
1219,6,450,434,1682,18.19,1
1220,2,933,426,3259,35.24,1
1220,6,450,433,1736,18.77,1
1221,2,933,426,3291,35.59,1
1221,6,450,432,1810,19.57,1
1222,2,933,426,3298,35.67,1
1222,6,450,431,1800,19.47,1
1223,2,933,426,3316,35.86,1
1223,6,450,432,1749,18.91,1
1224,2,934,425,3328,35.99,1
1224,6,449,432,1710,18.49,1
1225,2,934,425,3349,36.22,1
1225,6,450,434,1672,18.08,1
1226,2,934,425,3355,36.28,1
1226,6,450,435,1634,17.67,1
1227,2,934,425,3373,36.48,1
1227,6,450,435,1603,17.34,1
1228,2,934,425,3380,36.55,1
1228,6,450,435,1626,17.58,1
1229,2,934,425,3379,36.54,1
1229,6,450,434,1717,18.57,1
1230,2,934,425,3322,35.93,1
1230,6,450,433,1755,18.98,1
1231,2,934,426,3286,35.54,1
1231,6,450,431,1781,19.26,1
1232,2,934,426,3273,35.4,1
1232,6,450,431,1768,19.12,1
1233,2,934,426,3280,35.47,1
1233,6,450,432,1749,18.91,1
1234,2,934,427,3268,35.34,1
1234,6,450,433,1720,18.6,1
1234,36,381,444,163,1.76,1
1235,2,933,427,3268,35.34,1
1235,6,450,434,1688,18.25,1
1236,2,933,426,3258,35.23,1
1236,6,450,435,1621,17.53,1
1237,2,933,426,3275,35.42,1
1237,6,450,435,1652,17.87,1
1238,2,933,426,3312,35.82,1
1238,6,450,434,1639,17.72,1
1239,2,933,426,3328,35.99,1
1239,6,450,433,1709,18.48,1
1240,2,932,426,3337,36.09,1
1240,6,450,432,1727,18.68,1
1241,2,932,425,3362,36.36,1
1241,6,450,432,1763,19.07,1
1242,2,932,425,3341,36.13,1
1242,6,450,432,1768,19.12,1
1243,2,932,425,3338,36.1,1
1243,6,450,432,1715,18.55,1
1244,2,932,425,3340,36.12,1
1244,6,450,433,1717,18.57,1
1244,37,381,444,151,1.63,1
1245,2,932,425,3351,36.24,1
1245,6,450,434,1657,17.92,1
1245,37,381,445,169,1.83,1
1246,2,932,425,3343,36.15,1
1246,6,450,435,1636,17.69,1
1247,2,932,425,3331,36.02,1
1247,6,450,435,1622,17.54,1
1248,2,932,426,3292,35.6,1
1248,6,450,434,1639,17.72,1
1249,2,932,426,3288,35.56,1
1249,6,450,433,1714,18.54,1
1250,2,932,426,3279,35.46,1
1250,6,450,432,1765,19.09,1
1251,2,932,426,3278,35.45,1
1251,6,450,432,1776,19.21,1
1252,2,932,427,3251,35.16,1
1252,6,450,432,1735,18.76,1
1253,2,932,427,3251,35.16,1
1253,6,450,432,1752,18.95,1
1254,2,932,426,3255,35.2,1
1254,6,450,433,1705,18.44,1
1255,2,933,426,3290,35.58,1
1255,6,450,434,1642,17.76,1
1256,2,933,426,3307,35.76,1
1256,6,450,435,1627,17.59,1
1257,2,933,426,3335,36.07,1
1257,6,450,435,1623,17.55,1
1258,2,933,425,3338,36.1,1
1258,6,450,434,1704,18.43,1
1259,2,933,425,3351,36.24,1
1259,6,450,433,1697,18.35,1
1260,2,933,425,3387,36.63,1
1260,6,450,432,1743,18.85,1
1261,2,934,425,3389,36.65,1
1261,6,450,432,1787,19.33,1
1262,2,934,425,3351,36.24,1
1262,6,450,432,1759,19.02,1
1262,38,380,444,156,1.69,1
1263,2,934,425,3356,36.29,1
1263,6,450,433,1766,19.1,1
1264,2,934,426,3311,35.81,1
1264,6,450,433,1677,18.14,1
1265,2,934,426,3309,35.78,1
1265,6,450,434,1682,18.19,1
1266,2,934,426,3310,35.8,1
1266,6,450,435,1619,17.51,1
1267,2,934,426,3292,35.6,1
1267,6,450,435,1656,17.91,1
1267,39,381,444,157,1.7,1
1268,2,934,427,3282,35.49,1
1268,6,450,434,1696,18.34,1
1269,2,934,427,3295,35.63,1
1269,6,450,433,1718,18.58,1
1269,40,380,445,181,1.96,1
1270,2,934,426,3275,35.42,1
1270,6,450,432,1771,19.15,1
1271,2,934,426,3275,35.42,1
1271,6,450,432,1756,18.99,1
1272,2,933,426,3298,35.67,1
1272,6,450,432,1749,18.91,1
1273,2,933,426,3315,35.85,1
1273,6,450,433,1734,18.75,1
1273,41,380,445,161,1.74,1
1274,2,933,426,3343,36.15,1
1274,6,450,434,1709,18.48,1
1275,2,933,425,3331,36.02,1
1275,6,450,434,1662,17.97,1
1276,2,933,425,3331,36.02,1
1276,6,450,435,1645,17.79,1
1276,42,380,445,158,1.71,1
1277,2,933,425,3361,36.35,1
1277,6,450,435,1670,18.06,1
1277,42,381,444,152,1.64,1
1278,2,933,425,3338,36.1,1
1278,6,450,434,1677,18.14,1
1279,2,932,425,3325,35.96,1
1279,6,450,433,1713,18.52,1
1280,2,932,425,3321,35.91,1
1280,6,450,432,1719,18.59,1
1281,2,932,426,3324,35.95,1
1281,6,450,432,1725,18.65,1
1282,2,932,426,3314,35.84,1
1282,6,450,432,1737,18.78,1
1283,2,932,426,3287,35.55,1
1283,6,450,433,1717,18.57,1
1284,2,932,426,3284,35.51,1
1284,6,450,434,1697,18.35,1
1285,2,932,427,3268,35.34,1
1285,6,450,434,1679,18.16,1
1286,2,932,426,3255,35.2,1
1286,6,450,435,1655,17.9,1
1286,43,380,444,165,1.78,1
1287,2,932,426,3256,35.21,1
1287,6,450,434,1641,17.75,1
1288,2,932,426,3253,35.18,1
1288,6,450,434,1674,18.1,1
1289,2,932,426,3284,35.51,1
1289,6,450,433,1749,18.91,1
1290,2,932,426,3318,35.88,1
1290,6,450,432,1757,19.0,1
1291,2,932,425,3314,35.84,1
1291,6,450,432,1755,18.98,1
1292,2,932,425,3326,35.97,1
1292,6,450,432,1724,18.64,1
1292,44,381,445,161,1.74,1
1293,2,932,425,3350,36.23,1
1293,6,450,433,1739,18.81,1
1294,2,933,425,3348,36.21,1
1294,6,450,434,1671,18.07,1
1295,2,933,425,3337,36.09,1
1295,6,450,434,1661,17.96,1
1296,2,933,425,3321,35.91,1
1296,6,450,434,1636,17.69,1
1297,2,933,425,3316,35.86,1
1297,6,450,434,1667,18.03,1
1297,45,381,444,156,1.69,1
1298,2,933,425,3279,35.46,1
1298,6,450,434,1698,18.36,1
1299,2,933,426,3280,35.47,1
1299,6,450,433,1735,18.76,1
1300,2,934,426,3265,35.31,1
1300,6,450,432,1712,18.51,1
1301,2,934,426,3287,35.55,1
1301,6,450,432,1767,19.11,1
1302,2,934,426,3278,35.45,1
1302,6,450,432,1750,18.93,1
1303,2,934,426,3275,35.42,1
1303,6,450,433,1693,18.31,1
1304,2,934,426,3281,35.48,1
1304,6,450,434,1661,17.96,1
1305,2,934,426,3274,35.41,1
1305,6,450,435,1657,17.92,1
1306,2,934,426,3309,35.78,1
1306,6,450,434,1652,17.87,1
1307,2,934,426,3303,35.72,1
1307,6,450,434,1664,18.0,1
1308,2,934,425,3314,35.84,1
1308,6,450,434,1696,18.34,1
1309,2,934,425,3360,36.34,1
1309,6,450,433,1737,18.78,1
1310,2,933,425,3333,36.04,1
1310,6,450,433,1739,18.81,1
1311,2,933,425,3339,36.11,1
1311,6,450,432,1751,18.94,1
1312,2,933,425,3331,36.02,1
1312,6,450,432,1736,18.77,1
1312,46,381,445,152,1.64,1
1313,2,933,425,3341,36.13,1
1313,6,450,433,1707,18.46,1
1314,2,933,426,3345,36.17,1
1314,6,450,434,1644,17.78,1
1315,2,933,425,3304,35.73,1
1315,6,450,434,1655,17.9,1
1316,2,933,426,3311,35.81,1
1316,6,450,434,1665,18.01,1
1317,2,932,426,3310,35.8,1
1317,6,450,434,1693,18.31,1
1318,2,932,426,3298,35.67,1
1318,6,450,433,1690,18.28,1
1319,2,932,426,3287,35.55,1
1319,6,450,433,1720,18.6,1
1320,2,932,426,3290,35.58,1
1320,6,450,432,1753,18.96,1
1321,2,932,426,3310,35.8,1
1321,6,450,432,1724,18.64,1
1322,2,932,426,3300,35.69,1
1322,6,450,432,1731,18.72,1
1323,2,932,426,3296,35.64,1
1323,6,450,433,1682,18.19,1
1324,2,932,426,3318,35.88,1
1324,6,450,434,1664,18.0,1
1325,2,932,426,3348,36.21,1
1325,6,450,434,1654,17.89,1
1326,2,932,425,3310,35.8,1
1326,6,450,434,1637,17.7,1
1327,2,932,425,3335,36.07,1
1327,6,450,434,1649,17.83,1
1328,2,932,425,3312,35.82,1
1328,6,450,433,1712,18.51,1
1329,2,932,425,3322,35.93,1
1329,6,450,433,1735,18.76,1
1330,2,933,425,3307,35.76,1
1330,6,450,433,1717,18.57,1
1331,2,933,425,3304,35.73,1
1331,6,450,433,1721,18.61,1
1332,2,933,426,3321,35.91,1
1332,6,450,433,1738,18.8,1
1333,2,933,426,3299,35.68,1
1333,6,450,433,1723,18.63,1
1334,2,933,426,3294,35.62,1
1334,6,450,434,1662,17.97,1
1335,2,933,426,3289,35.57,1
1335,6,450,434,1647,17.81,1
1336,2,933,426,3290,35.58,1
1336,6,450,434,1690,18.28,1
1337,2,934,426,3279,35.46,1
1337,6,450,434,1702,18.41,1
1338,2,934,426,3297,35.65,1
1338,6,450,434,1723,18.63,1
1339,2,934,426,3300,35.69,1
1339,6,450,433,1723,18.63,1
1340,2,934,426,3317,35.87,1
1340,6,450,432,1730,18.71,1
1340,47,380,444,167,1.81,1
1341,2,934,426,3329,36.0,1
1341,6,450,433,1746,18.88,1
1342,2,934,426,3321,35.91,1
1342,6,450,433,1713,18.52,1
1343,2,934,425,3318,35.88,1
1343,6,450,433,1687,18.24,1
1344,2,934,425,3320,35.9,1
1344,6,450,434,1677,18.14,1
1345,2,934,425,3327,35.98,1
1345,6,450,434,1694,18.32,1
1346,2,934,425,3313,35.83,1
1346,6,450,434,1683,18.2,1
1347,2,934,425,3319,35.89,1
1347,6,450,434,1679,18.16,1
1348,2,933,426,3317,35.87,1
1348,6,450,433,1720,18.6,1
1348,48,380,444,152,1.64,1
1349,2,933,426,3317,35.87,1
1349,6,450,433,1722,18.62,1
1350,2,933,426,3284,35.51,1
1350,6,450,433,1720,18.6,1
1351,2,933,426,3283,35.5,1
1351,6,450,433,1727,18.68,1
1352,2,933,426,3289,35.57,1
1352,6,450,433,1744,18.86,1
1352,49,381,444,151,1.63,1
1353,2,933,426,3273,35.4,1
1353,6,450,434,1691,18.29,1
1354,2,932,426,3298,35.67,1
1354,6,450,434,1684,18.21,1
1355,2,932,426,3278,35.45,1
1355,6,450,434,1685,18.22,1
1356,2,932,426,3307,35.76,1
1356,6,450,434,1676,18.12,1
1356,50,381,444,154,1.67,1
1357,2,932,426,3325,35.96,1
1357,6,450,434,1685,18.22,1
1357,50,381,443,154,1.67,1
1358,2,932,426,3308,35.77,1
1358,6,450,433,1702,18.41,1
1359,2,932,426,3306,35.75,1
1359,6,450,433,1712,18.51,1
1359,51,380,444,156,1.69,1
1360,2,932,425,3346,36.18,1
1360,6,450,433,1754,18.97,1
1360,51,381,444,162,1.75,1
1361,2,932,425,3346,36.18,1
1361,6,450,433,1742,18.84,1
1362,2,932,425,3326,35.97,1
1362,6,450,433,1694,18.32,1
1363,2,932,425,3346,36.18,1
1363,6,450,434,1690,18.28,1
1364,2,932,426,3330,36.01,1
1364,6,450,434,1691,18.29,1
1365,2,932,426,3322,35.93,1
1365,6,450,434,1694,18.32,1
1365,52,381,445,159,1.72,1
1366,2,932,426,3311,35.81,1
1366,6,450,434,1665,18.01,1
1367,2,932,426,3303,35.72,1
1367,6,450,434,1665,18.01,1
1368,2,932,426,3292,35.6,1
1368,6,450,433,1734,18.75,1
1369,2,933,426,3284,35.51,1
1369,6,450,433,1716,18.56,1
1370,2,933,426,3289,35.57,1
1370,6,450,432,1720,18.6,1
1371,2,933,426,3277,35.44,1
1371,6,450,433,1715,18.55,1
1372,2,933,426,3302,35.71,1
1372,6,450,433,1720,18.6,1
1373,2,933,426,3314,35.84,1
1373,6,450,433,1715,18.55,1
1374,2,933,426,3295,35.63,1
1374,6,450,434,1676,18.12,1
1375,2,934,426,3306,35.75,1
1375,6,450,434,1673,18.09,1
1376,2,934,426,3329,36.0,1
1376,6,450,434,1668,18.04,1
1377,2,934,425,3335,36.07,1
1377,6,450,434,1679,18.16,1
1378,2,934,425,3342,36.14,1
1378,6,450,433,1716,18.56,1
1379,2,934,425,3320,35.9,1
1379,6,450,433,1741,18.83,1
1380,2,934,425,3334,36.05,1
1380,6,450,433,1723,18.63,1
1381,2,934,426,3316,35.86,1
1381,6,450,433,1732,18.73,1
1382,2,934,426,3300,35.69,1
1382,6,450,433,1720,18.6,1
1383,2,934,426,3295,35.63,1
1383,6,450,433,1704,18.43,1
1384,2,934,426,3318,35.88,1
1384,6,450,434,1674,18.1,1
1385,2,934,426,3267,35.33,1
1385,6,450,434,1668,18.04,1
1386,2,933,426,3271,35.37,1
1386,6,450,434,1671,18.07,1
1387,2,933,426,3258,35.23,1
1387,6,450,434,1687,18.24,1
1388,2,933,426,3283,35.5,1
1388,6,450,433,1724,18.64,1
1389,2,933,426,3286,35.54,1
1389,6,450,433,1742,18.84,1
1390,2,933,426,3296,35.64,1
1390,6,450,433,1719,18.59,1
1391,2,933,426,3322,35.93,1
1391,6,450,433,1727,18.68,1
1392,2,933,426,3332,36.03,1
1392,6,450,433,1708,18.47,1
1393,2,933,426,3345,36.17,1
1393,6,450,434,1696,18.34,1
1394,2,932,425,3324,35.95,1
1394,6,450,434,1668,18.04,1
1395,2,932,425,3348,36.21,1
1395,6,450,434,1671,18.07,1
1396,2,932,425,3345,36.17,1
1396,6,450,434,1676,18.12,1
1397,2,932,425,3343,36.15,1
1397,6,450,434,1698,18.36,1
1398,2,932,425,3301,35.7,1
1398,6,450,433,1703,18.42,1
1399,2,932,426,3316,35.86,1
1399,6,450,433,1712,18.51,1
1400,2,932,426,3319,35.89,1
1400,6,450,433,1749,18.91,1
1401,2,932,426,3292,35.6,1
1401,6,450,433,1731,18.72,1
1402,2,932,426,3279,35.46,1
1402,6,450,433,1719,18.59,1
1403,2,932,426,3284,35.51,1
1403,6,450,433,1681,18.18,1
1404,2,932,426,3305,35.74,1
1404,6,450,434,1707,18.46,1
1405,2,932,426,3319,35.89,1
1405,6,450,434,1707,18.46,1
1406,2,933,426,3295,35.63,1
1406,6,450,434,1694,18.32,1
1407,2,933,426,3291,35.59,1
1407,6,450,434,1696,18.34,1
1408,2,933,426,3303,35.72,1
1408,6,450,433,1741,18.83,1
1409,2,933,426,3314,35.84,1
1409,6,450,433,1741,18.83,1
1410,2,933,425,3298,35.67,1
1410,6,450,433,1733,18.74,1
1411,2,933,425,3327,35.98,1
1411,6,450,433,1719,18.59,1
1412,2,934,425,3344,36.16,1
1412,6,450,433,1731,18.72,1
1413,2,934,425,3339,36.11,1
1413,6,450,433,1705,18.44,1
1414,2,934,425,3348,36.21,1
1414,6,450,434,1654,17.89,1
1415,2,934,426,3315,35.85,1
1415,6,450,434,1657,17.92,1
1415,53,380,444,160,1.73,1
1416,2,934,426,3319,35.89,1
1416,6,450,434,1726,18.67,1
1416,53,380,445,154,1.67,1
1417,2,934,426,3305,35.74,1
1417,6,450,434,1699,18.37,1
1418,2,934,426,3284,35.51,1
1418,6,450,433,1703,18.42,1
1418,54,380,445,164,1.77,1
1419,2,934,426,3277,35.44,1
1419,6,450,433,1706,18.45,1
1420,2,934,426,3290,35.58,1
1420,6,450,433,1747,18.89,1
1420,55,380,444,153,1.65,1
1421,2,934,426,3303,35.72,1
1421,6,450,433,1730,18.71,1
1422,2,934,426,3295,35.63,1
1422,6,450,433,1696,18.34,1
1423,2,934,426,3277,35.44,1
1423,6,450,433,1706,18.45,1
1424,2,933,426,3282,35.49,1
1424,6,450,434,1661,17.96,1
1425,2,933,426,3329,36.0,1
1425,6,450,434,1676,18.12,1
1426,2,933,426,3321,35.91,1
1426,6,450,434,1701,18.4,1
1426,56,381,444,153,1.65,1
1427,2,933,425,3311,35.81,1
1427,6,450,433,1668,18.04,1
1428,2,933,425,3340,36.12,1
1428,6,450,433,1691,18.29,1
1428,57,381,444,151,1.63,1
1429,2,933,425,3322,35.93,1
1429,6,450,433,1705,18.44,1
1430,2,933,425,3315,35.85,1
1430,6,450,433,1712,18.51,1
1431,2,932,425,3326,35.97,1
1431,6,450,433,1727,18.68,1
1432,2,932,426,3340,36.12,1
1432,6,450,433,1726,18.67,1
1432,58,380,444,178,1.92,1
1433,2,932,426,3324,35.95,1
1433,6,450,434,1711,18.5,1
1434,2,932,426,3305,35.74,1
1434,6,450,434,1696,18.34,1
1435,2,932,426,3295,35.63,1
1435,6,450,434,1669,18.05,1
1436,2,932,426,3303,35.72,1
1436,6,450,434,1687,18.24,1
1437,2,932,426,3329,36.0,1
1437,6,450,434,1768,19.12,1
1438,2,932,426,3315,35.85,1
1438,6,450,434,1712,18.51,1
1439,2,932,426,3312,35.82,1
1439,6,450,433,1724,18.64,1
1440,2,932,426,3299,35.68,1
1440,6,450,433,1731,18.72,1
1440,59,381,444,152,1.64,1
1441,2,932,426,3327,35.98,1
1441,6,450,433,1710,18.49,1
1442,2,932,426,3302,35.71,1
1442,6,450,433,1714,18.54,1
1443,2,933,426,3308,35.77,1
1443,6,450,434,1691,18.29,1
1444,2,933,425,3322,35.93,1
1444,6,450,434,1698,18.36,1
1445,2,933,426,3329,36.0,1
1445,6,450,434,1693,18.31,1
1446,2,933,425,3313,35.83,1
1446,6,450,434,1685,18.22,1
1447,2,933,425,3307,35.76,1
1447,6,450,434,1693,18.31,1
1448,2,933,425,3342,36.14,1
1448,6,450,433,1704,18.43,1
1449,2,933,426,3296,35.64,1
1449,6,450,433,1707,18.46,1
1450,2,933,426,3317,35.87,1
1450,6,450,433,1740,18.82,1
1451,2,934,426,3293,35.61,1
1451,6,450,433,1728,18.69,1
1452,2,934,426,3276,35.43,1
1452,6,450,433,1731,18.72,1
1453,2,934,426,3290,35.58,1
1453,6,450,433,1713,18.52,1
1454,2,934,426,3281,35.48,1
1454,6,450,434,1676,18.12,1
1455,2,934,426,3307,35.76,1
1455,6,450,434,1671,18.07,1
1456,2,934,426,3290,35.58,1
1456,6,450,434,1720,18.6,1
1457,2,934,426,3282,35.49,1
1457,6,450,434,1697,18.35,1
1458,2,934,426,3290,35.58,1
1458,6,450,434,1721,18.61,1
1459,2,934,426,3286,35.54,1
1459,6,450,433,1719,18.59,1
1460,2,933,426,3309,35.78,1
1460,6,450,433,1707,18.46,1
1461,2,933,426,3328,35.99,1
1461,6,450,433,1745,18.87,1
1462,2,933,425,3328,35.99,1
1462,6,450,433,1692,18.3,1
1463,2,933,425,3291,35.59,1
1463,6,450,434,1688,18.25,1
1464,2,933,425,3309,35.78,1
1464,6,450,434,1684,18.21,1
1465,2,933,425,3316,35.86,1
1465,6,450,434,1676,18.12,1
1466,2,933,426,3304,35.73,1
1466,6,450,434,1710,18.49,1
1467,2,933,426,3291,35.59,1
1467,6,450,433,1686,18.23,1
1468,2,933,426,3295,35.63,1
1468,6,450,433,1713,18.52,1
1469,2,932,426,3289,35.57,1
1469,6,450,433,1755,18.98,1
1470,2,932,426,3266,35.32,1
1470,6,450,433,1713,18.52,1
1471,2,932,426,3279,35.46,1
1471,6,450,433,1715,18.55,1
1472,2,932,426,3275,35.42,1
1472,6,450,433,1700,18.38,1
1473,2,932,426,3281,35.48,1
1473,6,450,433,1692,18.3,1
1474,2,932,426,3271,35.37,1
1474,6,450,434,1673,18.09,1
1475,2,932,426,3299,35.68,1
1475,6,450,434,1667,18.03,1
1476,2,932,426,3301,35.7,1
1476,6,450,434,1683,18.2,1
1477,2,932,426,3319,35.89,1
1477,6,450,433,1693,18.31,1
1477,60,381,445,184,1.99,1
1478,2,932,426,3315,35.85,1
1478,6,450,433,1709,18.48,1
1479,2,932,425,3304,35.73,1
1479,6,450,433,1698,18.36,1
1480,2,932,425,3328,35.99,1
1480,6,450,433,1717,18.57,1
1480,61,381,445,156,1.69,1
1481,2,932,425,3304,35.73,1
1481,6,450,433,1692,18.3,1
1482,2,933,425,3316,35.86,1
1482,6,450,433,1711,18.5,1
1483,2,933,425,3278,35.45,1
1483,6,450,433,1670,18.06,1
1484,2,933,426,3303,35.72,1
1484,6,450,434,1673,18.09,1
1485,2,933,426,3320,35.9,1
1485,6,450,434,1693,18.31,1
1485,62,380,445,180,1.95,1
1486,2,933,426,3286,35.54,1
1486,6,450,434,1687,18.24,1
1487,2,933,426,3296,35.64,1
1487,6,450,434,1702,18.41,1
1488,2,933,426,3290,35.58,1
1488,6,450,433,1716,18.56,1
1489,2,934,426,3283,35.5,1
1489,6,450,433,1707,18.46,1
1490,2,934,426,3289,35.57,1
1490,6,450,433,1700,18.38,1
1491,2,934,426,3277,35.44,1
1491,6,450,433,1701,18.4,1
1491,63,381,444,166,1.8,1
1492,2,934,426,3301,35.7,1
1492,6,450,433,1691,18.29,1
1493,2,934,426,3301,35.7,1
1493,6,450,433,1699,18.37,1
1494,2,934,426,3290,35.58,1
1494,6,450,434,1711,18.5,1
1495,2,934,426,3307,35.76,1
1495,6,450,434,1685,18.22,1
1496,2,934,426,3330,36.01,1
1496,6,450,434,1714,18.54,1
1496,64,381,445,162,1.75,1
1497,2,934,426,3313,35.83,1
1497,6,450,434,1694,18.32,1
1498,2,934,426,3325,35.96,1
1498,6,450,433,1695,18.33,1
1499,2,933,425,3310,35.8,1
1499,6,450,433,1724,18.64,1
1500,2,933,426,3321,35.91,1
1500,6,450,433,1713,18.52,1
1501,2,933,426,3309,35.78,1
1501,6,450,433,1722,18.62,1
1501,65,381,444,156,1.69,1
1502,2,933,426,3308,35.77,1
1502,6,450,434,1707,18.46,1
1503,2,933,426,3304,35.73,1
1503,6,450,434,1695,18.33,1
1504,2,933,426,3319,35.89,1
1504,6,450,434,1695,18.33,1
1505,2,933,426,3322,35.93,1
1505,6,450,434,1684,18.21,1
1506,2,933,426,3307,35.76,1
1506,6,450,434,1658,17.93,1
1507,2,933,426,3301,35.7,1
1507,6,450,434,1695,18.33,1
1508,2,932,426,3310,35.8,1
1508,6,450,433,1714,18.54,1
1509,2,932,426,3317,35.87,1
1509,6,450,433,1734,18.75,1
1510,2,932,426,3305,35.74,1
1510,6,450,433,1715,18.55,1
1511,2,932,425,3294,35.62,1
1511,6,450,433,1683,18.2,1
1512,2,932,425,3301,35.7,1
1512,6,450,433,1699,18.37,1
1512,66,382,444,152,1.64,1
1513,2,932,425,3318,35.88,1
1513,6,450,433,1675,18.11,1
1514,2,932,425,3312,35.82,1
1514,6,450,433,1703,18.42,1
1515,2,932,425,3321,35.91,1
1515,6,450,434,1707,18.46,1
1516,2,932,426,3329,36.0,1
1516,6,450,434,1719,18.59,1
1517,2,932,426,3339,36.11,1
1517,6,450,433,1698,18.36,1
1518,2,933,426,3310,35.8,1
1518,6,450,434,1705,18.44,1
1519,2,933,426,3312,35.82,1
1519,6,450,433,1705,18.44,1
1520,2,933,426,3293,35.61,1
1520,6,450,433,1691,18.29,1
1521,2,933,426,3284,35.51,1
1521,6,450,433,1750,18.93,1
1522,2,933,426,3296,35.64,1
1522,6,450,433,1715,18.55,1
1523,2,933,426,3296,35.64,1
1523,6,450,434,1687,18.24,1
1524,2,933,426,3289,35.57,1
1524,6,450,434,1719,18.59,1
1525,2,933,426,3302,35.71,1
1525,6,450,434,1721,18.61,1
1526,2,933,426,3283,35.5,1
1526,6,450,434,1704,18.43,1
1527,2,933,426,3288,35.56,1
1527,6,450,434,1683,18.2,1
1528,2,934,426,3312,35.82,1
1528,6,450,433,1717,18.57,1
1529,2,934,426,3305,35.74,1
1529,6,450,433,1721,18.61,1
1530,2,934,426,3317,35.87,1
1530,6,450,433,1723,18.63,1
1531,2,934,426,3312,35.82,1
1531,6,450,433,1678,18.15,1
1532,2,934,426,3306,35.75,1
1532,6,450,433,1699,18.37,1
1532,67,381,444,155,1.68,1
1533,2,934,426,3318,35.88,1
1533,6,450,434,1723,18.63,1
1534,2,934,426,3319,35.89,1
1534,6,450,434,1674,18.1,1
1535,2,933,426,3293,35.61,1
1535,6,450,434,1682,18.19,1
1536,2,933,426,3294,35.62,1
1536,6,450,434,1695,18.33,1
1537,2,933,426,3289,35.57,1
1537,6,450,434,1704,18.43,1
1537,68,381,444,163,1.76,1
1538,2,933,426,3303,35.72,1
1538,6,450,433,1696,18.34,1
1539,2,933,426,3275,35.42,1
1539,6,450,433,1702,18.41,1
1540,2,933,426,3300,35.69,1
1540,6,450,433,1707,18.46,1
1541,2,933,426,3293,35.61,1
1541,6,450,433,1711,18.5,1
1542,2,933,426,3302,35.71,1
1542,6,450,433,1704,18.43,1
1543,2,933,426,3294,35.62,1
1543,6,450,434,1693,18.31,1
1544,2,933,426,3314,35.84,1
1544,6,450,433,1681,18.18,1
1544,69,381,444,153,1.65,1
1545,2,933,426,3307,35.76,1
1545,6,450,434,1669,18.05,1
1546,2,932,426,3363,36.37,1
1546,6,450,434,1707,18.46,1
1546,70,381,444,159,1.72,1
1547,2,932,426,3331,36.02,1
1547,6,450,434,1724,18.64,1
1547,70,380,444,165,1.78,1
1548,2,932,426,3353,36.26,1
1548,6,450,434,1708,18.47,1
1548,70,380,444,160,1.73,1
1549,2,932,426,3328,35.99,1
1549,6,450,433,1707,18.46,1
1549,70,381,444,153,1.65,1
1550,2,932,425,3313,35.83,1
1550,6,450,433,1721,18.61,1
1551,2,932,426,3324,35.95,1
1551,6,450,433,1704,18.43,1
1552,2,932,426,3337,36.09,1
1552,6,450,433,1713,18.52,1
1552,71,382,444,151,1.63,1
1553,2,933,426,3324,35.95,1
1553,6,450,433,1709,18.48,1
1554,2,932,426,3310,35.8,1
1554,6,450,434,1673,18.09,1
1555,2,933,426,3297,35.65,1
1555,6,450,434,1680,18.17,1
1556,2,933,426,3311,35.81,1
1556,6,450,433,1692,18.3,1
1557,2,933,426,3314,35.84,1
1557,6,450,434,1722,18.62,1
1558,2,933,426,3309,35.78,1
1558,6,450,433,1704,18.43,1
1559,2,933,426,3302,35.71,1
1559,6,450,433,1694,18.32,1
1560,2,933,426,3299,35.68,1
1560,6,450,433,1715,18.55,1
1561,2,933,426,3304,35.73,1
1561,6,450,433,1708,18.47,1
1562,2,933,426,3318,35.88,1
1562,6,450,433,1714,18.54,1
1563,2,933,426,3320,35.9,1
1563,6,450,433,1701,18.4,1
1564,2,933,426,3314,35.84,1
1564,6,450,433,1692,18.3,1
1565,2,933,426,3325,35.96,1
1565,6,450,433,1686,18.23,1
1566,2,934,426,3308,35.77,1
1566,6,450,433,1687,18.24,1
1567,2,934,426,3337,36.09,1
1567,6,450,434,1707,18.46,1
1568,2,934,426,3308,35.77,1
1568,6,450,434,1715,18.55,1
1569,2,934,426,3306,35.75,1
1569,6,450,433,1710,18.49,1
1570,2,934,426,3293,35.61,1
1570,6,450,433,1702,18.41,1
1571,2,934,426,3283,35.5,1
1571,6,450,433,1712,18.51,1
1572,2,933,426,3296,35.64,1
1572,6,450,433,1711,18.5,1
1573,2,933,426,3308,35.77,1
1573,6,450,433,1716,18.56,1
1574,2,933,426,3279,35.46,1
1574,6,450,434,1703,18.42,1
1575,2,933,426,3281,35.48,1
1575,6,450,433,1702,18.41,1
1576,2,933,426,3305,35.74,1
1576,6,450,433,1690,18.28,1
1577,2,933,426,3292,35.6,1
1577,6,450,433,1681,18.18,1
1578,2,933,426,3301,35.7,1
1578,6,450,434,1710,18.49,1
1579,2,933,426,3301,35.7,1
1579,6,450,434,1715,18.55,1
1580,2,933,425,3315,35.85,1
1580,6,450,433,1704,18.43,1
1581,2,933,426,3328,35.99,1
1581,6,450,433,1721,18.61,1
1582,2,933,426,3320,35.9,1
1582,6,450,433,1697,18.35,1
1583,2,933,425,3319,35.89,1
1583,6,450,433,1689,18.27,1
1584,2,933,426,3335,36.07,1
1584,6,450,434,1707,18.46,1
1585,2,932,426,3330,36.01,1
1585,6,450,433,1719,18.59,1
1586,2,932,426,3319,35.89,1
1586,6,450,433,1696,18.34,1
1587,2,932,426,3303,35.72,1
1587,6,450,433,1696,18.34,1
1588,2,933,426,3311,35.81,1
1588,6,450,434,1743,18.85,1
1589,2,932,426,3317,35.87,1
1589,6,450,433,1730,18.71,1
1590,2,932,426,3276,35.43,1
1590,6,450,434,1707,18.46,1
1591,2,932,426,3279,35.46,1
1591,6,450,433,1714,18.54,1
1592,2,932,426,3311,35.81,1
1592,6,450,433,1714,18.54,1
1593,2,933,426,3292,35.6,1
1593,6,450,434,1711,18.5,1
1594,2,933,426,3291,35.59,1
1594,6,450,434,1697,18.35,1
1595,2,933,426,3294,35.62,1
1595,6,450,434,1691,18.29,1
1596,2,933,426,3326,35.97,1
1596,6,450,434,1703,18.42,1
1597,2,933,426,3353,36.26,1
1597,6,450,433,1691,18.29,1
1598,2,933,426,3315,35.85,1
1598,6,450,434,1694,18.32,1
1599,2,933,426,3320,35.9,1
1599,6,450,433,1677,18.14,1
1600,2,933,426,3344,36.16,1
1600,6,450,433,1729,18.7,1
1601,2,933,426,3331,36.02,1
1601,6,450,433,1717,18.57,1
1602,2,933,426,3322,35.93,1
1602,6,450,433,1724,18.64,1
1603,2,933,426,3302,35.71,1
1603,6,450,434,1702,18.41,1
1604,2,933,426,3320,35.9,1
1604,6,450,433,1679,18.16,1
1605,2,934,426,3306,35.75,1
1605,6,450,434,1708,18.47,1
1606,2,934,426,3285,35.53,1
1606,6,450,433,1675,18.11,1
1607,2,934,426,3279,35.46,1
1607,6,450,434,1705,18.44,1
1608,2,933,426,3305,35.74,1
1608,6,450,433,1694,18.32,1
1609,2,933,426,3283,35.5,1
1609,6,450,433,1693,18.31,1
1610,2,933,426,3298,35.67,1
1610,6,450,433,1687,18.24,1
1611,2,933,426,3308,35.77,1
1611,6,450,433,1675,18.11,1
1612,2,933,426,3332,36.03,1
1612,6,450,433,1730,18.71,1
1612,72,380,444,179,1.94,1
1613,2,933,426,3356,36.29,1
1613,6,450,434,1720,18.6,1
1614,2,933,426,3347,36.2,1
1614,6,450,434,1703,18.42,1
1614,73,381,444,150,1.62,1
1615,2,933,426,3342,36.14,1
1615,6,450,433,1677,18.14,1
1616,2,933,426,3340,36.12,1
1616,6,450,434,1683,18.2,1
1617,2,933,426,3341,36.13,1
1617,6,450,434,1701,18.4,1
1618,2,933,425,3314,35.84,1
1618,6,450,434,1704,18.43,1
1619,2,933,426,3315,35.85,1
1619,6,450,433,1735,18.76,1
1620,2,933,426,3330,36.01,1
1620,6,450,434,1710,18.49,1
1621,2,933,426,3336,36.08,1
1621,6,450,434,1732,18.73,1
1622,2,933,426,3310,35.8,1
1622,6,450,433,1692,18.3,1
1623,2,932,426,3309,35.78,1
1623,6,450,433,1708,18.47,1
1624,2,932,426,3301,35.7,1
1624,6,450,434,1723,18.63,1
1625,2,932,426,3300,35.69,1
1625,6,450,434,1683,18.2,1
1626,2,933,426,3284,35.51,1
1626,6,450,434,1722,18.62,1
1627,2,933,426,3271,35.37,1
1627,6,450,434,1695,18.33,1
1628,2,933,426,3322,35.93,1
1628,6,450,433,1706,18.45,1
1629,2,933,426,3331,36.02,1
1629,6,450,433,1739,18.81,1
1629,74,381,444,152,1.64,1
1630,2,933,426,3323,35.94,1
1630,6,450,433,1701,18.4,1
1631,2,933,426,3305,35.74,1
1631,6,450,433,1697,18.35,1
1632,2,933,426,3299,35.68,1
1632,6,450,433,1718,18.58,1
1633,2,933,425,3321,35.91,1
1633,6,450,434,1735,18.76,1
1634,2,933,425,3322,35.93,1
1634,6,450,434,1707,18.46,1
1635,2,933,426,3336,36.08,1
1635,6,450,434,1706,18.45,1
1636,2,933,426,3333,36.04,1
1636,6,450,434,1715,18.55,1
1637,2,933,426,3350,36.23,1
1637,6,450,434,1717,18.57,1
1638,2,933,426,3304,35.73,1
1638,6,450,434,1723,18.63,1
1639,2,933,426,3291,35.59,1
1639,6,450,434,1713,18.52,1
1640,2,933,426,3315,35.85,1
1640,6,450,433,1726,18.67,1
1641,2,933,426,3313,35.83,1
1641,6,450,433,1707,18.46,1
1642,2,933,426,3289,35.57,1
1642,6,450,433,1717,18.57,1
1643,2,933,426,3274,35.41,1
1643,6,450,433,1687,18.24,1
1644,2,933,426,3287,35.55,1
1644,6,450,433,1683,18.2,1
1645,2,934,426,3323,35.94,1
1645,6,450,434,1697,18.35,1
1645,75,381,444,152,1.64,1
1646,2,933,426,3303,35.72,1
1646,6,450,433,1689,18.27,1
1647,2,933,426,3309,35.78,1
1647,6,450,433,1680,18.17,1
1648,2,933,426,3317,35.87,1
1648,6,450,433,1684,18.21,1
1649,2,933,426,3331,36.02,1
1649,6,450,433,1708,18.47,1
1650,2,933,426,3312,35.82,1
1650,6,450,433,1730,18.71,1
1651,2,933,426,3309,35.78,1
1651,6,450,433,1704,18.43,1
1652,2,933,426,3299,35.68,1
1652,6,450,434,1729,18.7,1
1653,2,933,426,3291,35.59,1
1653,6,450,433,1708,18.47,1
1654,2,933,426,3307,35.76,1
1654,6,450,433,1661,17.96,1
1655,2,933,426,3300,35.69,1
1655,6,450,433,1656,17.91,1
1656,2,933,426,3325,35.96,1
1656,6,450,434,1694,18.32,1
1657,2,933,426,3294,35.62,1
1657,6,450,434,1678,18.15,1
1658,2,933,426,3312,35.82,1
1658,6,450,434,1696,18.34,1
1659,2,933,426,3287,35.55,1
1659,6,450,434,1695,18.33,1
1660,2,933,426,3309,35.78,1
1660,6,450,434,1715,18.55,1
1661,2,933,426,3315,35.85,1
1661,6,450,433,1737,18.78,1
1661,76,381,444,154,1.67,1
1662,2,933,426,3308,35.77,1
1662,6,450,433,1722,18.62,1
1663,2,933,426,3309,35.78,1
1663,6,450,433,1714,18.54,1
1664,2,933,426,3297,35.65,1
1664,6,450,433,1684,18.21,1
1664,77,381,444,153,1.65,1
1665,2,932,426,3318,35.88,1
1665,6,450,433,1686,18.23,1
1666,2,932,426,3328,35.99,1
1666,6,450,433,1650,17.84,1
1667,2,932,425,3317,35.87,1
1667,6,450,433,1668,18.04,1
1668,2,933,426,3334,36.05,1
1668,6,450,433,1685,18.22,1
1669,2,933,426,3330,36.01,1
1669,6,450,433,1694,18.32,1
1670,2,933,426,3320,35.9,1
1670,6,450,433,1704,18.43,1
1671,2,933,426,3313,35.83,1
1671,6,450,433,1702,18.41,1
1672,2,933,426,3337,36.09,1
1672,6,450,433,1723,18.63,1
1673,2,933,426,3335,36.07,1
1673,6,450,433,1683,18.2,1
1674,2,933,426,3314,35.84,1
1674,6,450,433,1690,18.28,1
1675,2,933,426,3299,35.68,1
1675,6,450,433,1697,18.35,1
1676,2,933,426,3321,35.91,1
1676,6,450,434,1716,18.56,1
1677,2,933,426,3304,35.73,1
1677,6,450,434,1718,18.58,1
1678,2,933,426,3285,35.53,1
1678,6,450,433,1694,18.32,1
1679,2,933,426,3282,35.49,1
1679,6,450,433,1672,18.08,1
1680,2,933,426,3275,35.42,1
1680,6,450,433,1700,18.38,1
1681,2,933,426,3315,35.85,1
1681,6,450,433,1715,18.55,1
1682,2,933,426,3309,35.78,1
1682,6,450,434,1714,18.54,1
1683,2,933,426,3317,35.87,1
1683,6,450,433,1714,18.54,1
1684,2,933,426,3320,35.9,1
1684,6,450,434,1732,18.73,1
1684,78,380,444,154,1.67,1
1685,2,933,426,3313,35.83,1
1685,6,450,434,1721,18.61,1
1686,2,933,426,3310,35.8,1
1686,6,450,434,1697,18.35,1
1687,2,933,426,3299,35.68,1
1687,6,450,434,1695,18.33,1
1688,2,933,426,3319,35.89,1
1688,6,450,433,1695,18.33,1
1689,2,933,426,3303,35.72,1
1689,6,450,433,1711,18.5,1
1690,2,933,426,3308,35.77,1
1690,6,450,433,1700,18.38,1
1691,2,933,426,3301,35.7,1
1691,6,450,433,1689,18.27,1
1692,2,933,426,3307,35.76,1
1692,6,450,433,1720,18.6,1
1693,2,933,426,3312,35.82,1
1693,6,450,433,1702,18.41,1
1694,2,933,426,3292,35.6,1
1694,6,450,434,1698,18.36,1
1695,2,933,426,3306,35.75,1
1695,6,450,433,1687,18.24,1
1696,2,933,426,3305,35.74,1
1696,6,450,434,1695,18.33,1
1697,2,933,426,3315,35.85,1
1697,6,450,433,1675,18.11,1
1698,2,933,426,3298,35.67,1
1698,6,450,433,1692,18.3,1
1699,2,933,426,3316,35.86,1
1699,6,450,433,1700,18.38,1
1700,2,932,426,3308,35.77,1
1700,6,450,434,1704,18.43,1
1701,2,932,426,3309,35.78,1
1701,6,450,434,1725,18.65,1
1702,2,932,426,3311,35.81,1
1702,6,450,434,1692,18.3,1
1703,2,932,426,3304,35.73,1
1703,6,450,433,1684,18.21,1
1704,2,933,426,3317,35.87,1
1704,6,450,433,1697,18.35,1
1705,2,933,426,3301,35.7,1
1705,6,450,433,1700,18.38,1
1706,2,933,426,3286,35.54,1
1706,6,450,433,1687,18.24,1
1706,79,381,444,160,1.73,1
1707,2,933,426,3298,35.67,1
1707,6,450,433,1700,18.38,1
1708,2,933,426,3315,35.85,1
1708,6,450,433,1707,18.46,1
1709,2,933,426,3315,35.85,1
1709,6,450,433,1721,18.61,1
1710,2,933,426,3278,35.45,1
1710,6,450,433,1705,18.44,1
1711,2,933,426,3287,35.55,1
1711,6,450,433,1688,18.25,1
1712,2,933,426,3301,35.7,1
1712,6,450,433,1684,18.21,1
1713,2,933,426,3293,35.61,1
1713,6,450,433,1701,18.4,1
1714,2,933,426,3303,35.72,1
1714,6,450,433,1679,18.16,1
1715,2,933,426,3309,35.78,1
1715,6,450,433,1695,18.33,1
1716,2,933,426,3317,35.87,1
1716,6,450,433,1711,18.5,1
1717,2,933,426,3308,35.77,1
1717,6,450,434,1693,18.31,1
1718,2,933,426,3294,35.62,1
1718,6,450,433,1688,18.25,1
1719,2,933,426,3281,35.48,1
1719,6,450,433,1693,18.31,1
1720,2,933,426,3295,35.63,1
1720,6,450,433,1708,18.47,1
1721,2,933,426,3315,35.85,1
1721,6,450,433,1690,18.28,1
1722,2,934,426,3299,35.68,1
1722,6,450,433,1688,18.25,1
1722,80,381,444,150,1.62,1
1723,2,933,426,3278,35.45,1
1723,6,450,433,1692,18.3,1
1724,2,933,426,3303,35.72,1
1724,6,450,433,1700,18.38,1
1725,2,933,426,3309,35.78,1
1725,6,450,433,1701,18.4,1
1726,2,933,426,3289,35.57,1
1726,6,450,433,1646,17.8,1
1727,2,933,426,3297,35.65,1
1727,6,450,433,1684,18.21,1
1728,2,933,426,3303,35.72,1
1728,6,450,433,1683,18.2,1
1729,2,933,426,3311,35.81,1
1729,6,450,434,1721,18.61,1
1730,2,933,426,3297,35.65,1
1730,6,450,433,1686,18.23,1
1731,2,933,426,3303,35.72,1
1731,6,450,433,1706,18.45,1
1732,2,933,426,3328,35.99,1
1732,6,450,433,1728,18.69,1
1733,2,933,426,3333,36.04,1
1733,6,450,434,1733,18.74,1
1734,2,933,426,3316,35.86,1
1734,6,450,433,1707,18.46,1
1735,2,933,426,3310,35.8,1
1735,6,450,433,1692,18.3,1
1736,2,933,426,3338,36.1,1
1736,6,450,434,1725,18.65,1
1737,2,933,426,3306,35.75,1
1737,6,450,433,1694,18.32,1
1738,2,933,426,3313,35.83,1
1738,6,450,433,1700,18.38,1
1739,2,933,426,3321,35.91,1
1739,6,450,433,1682,18.19,1
1740,2,933,426,3312,35.82,1
1740,6,450,433,1705,18.44,1
1741,2,933,426,3304,35.73,1
1741,6,450,433,1723,18.63,1
1742,2,933,426,3312,35.82,1
1742,6,450,434,1700,18.38,1
1743,2,933,426,3303,35.72,1
1743,6,450,433,1710,18.49,1
1743,81,381,445,152,1.64,1
1744,2,933,426,3306,35.75,1
1744,6,450,433,1701,18.4,1
1745,2,933,426,3322,35.93,1
1745,6,450,433,1685,18.22,1
1746,2,933,426,3280,35.47,1
1746,6,450,434,1695,18.33,1
1747,2,933,426,3288,35.56,1
1747,6,450,434,1709,18.48,1
1748,2,933,426,3302,35.71,1
1748,6,450,434,1702,18.41,1
1749,2,933,426,3324,35.95,1
1749,6,450,434,1731,18.72,1
1750,2,933,426,3310,35.8,1
1750,6,450,433,1692,18.3,1
1751,2,933,426,3299,35.68,1
1751,6,450,433,1696,18.34,1
1752,2,933,426,3322,35.93,1
1752,6,450,433,1699,18.37,1
1753,2,933,426,3308,35.77,1
1753,6,450,433,1698,18.36,1
1754,2,933,426,3321,35.91,1
1754,6,450,433,1721,18.61,1
1755,2,933,426,3313,35.83,1
1755,6,450,434,1703,18.42,1
1756,2,933,426,3329,36.0,1
1756,6,450,434,1697,18.35,1
1757,2,933,426,3295,35.63,1
1757,6,450,434,1726,18.67,1
1758,2,933,426,3286,35.54,1
1758,6,450,434,1692,18.3,1
1759,2,933,426,3289,35.57,1
1759,6,450,433,1710,18.49,1
1760,2,933,426,3282,35.49,1
1760,6,450,433,1697,18.35,1
1761,2,933,426,3300,35.69,1
1761,6,450,433,1728,18.69,1
1762,2,933,426,3306,35.75,1
1762,6,450,433,1695,18.33,1
1763,2,933,426,3294,35.62,1
1763,6,450,433,1717,18.57,1
1764,2,933,426,3309,35.78,1
1764,6,450,434,1732,18.73,1
1765,2,933,426,3328,35.99,1
1765,6,450,434,1726,18.67,1
1766,2,933,426,3302,35.71,1
1766,6,450,434,1703,18.42,1
1767,2,933,426,3298,35.67,1
1767,6,450,433,1690,18.28,1
1768,2,933,426,3325,35.96,1
1768,6,450,434,1738,18.8,1
1769,2,933,426,3313,35.83,1
1769,6,450,433,1681,18.18,1
1770,2,933,426,3316,35.86,1
1770,6,450,433,1702,18.41,1
1771,2,933,426,3294,35.62,1
1771,6,450,433,1696,18.34,1
1772,2,933,426,3303,35.72,1
1772,6,450,433,1706,18.45,1
1773,2,933,426,3327,35.98,1
1773,6,450,433,1691,18.29,1
1774,2,933,426,3296,35.64,1
1774,6,450,434,1682,18.19,1
1775,2,933,426,3319,35.89,1
1775,6,450,433,1686,18.23,1
1776,2,933,426,3308,35.77,1
1776,6,450,433,1699,18.37,1
1777,2,933,426,3319,35.89,1
1777,6,450,433,1714,18.54,1
1778,2,933,426,3291,35.59,1
1778,6,450,433,1689,18.27,1
1779,2,933,426,3294,35.62,1
1779,6,450,433,1697,18.35,1
1780,2,933,426,3311,35.81,1
1780,6,450,433,1700,18.38,1
1781,2,932,426,3314,35.84,1
1781,6,450,433,1713,18.52,1
1782,2,933,426,3320,35.9,1
1782,6,450,433,1689,18.27,1
1783,2,933,426,3309,35.78,1
1783,6,450,433,1699,18.37,1
1784,2,933,426,3322,35.93,1
1784,6,450,434,1705,18.44,1
1785,2,933,426,3335,36.07,1
1785,6,450,433,1708,18.47,1
1786,2,933,426,3331,36.02,1
1786,6,450,433,1704,18.43,1
1787,2,933,426,3302,35.71,1
1787,6,450,433,1673,18.09,1
1788,2,933,426,3333,36.04,1
1788,6,450,433,1695,18.33,1
1789,2,933,426,3323,35.94,1
1789,6,450,434,1701,18.4,1
1790,2,933,426,3308,35.77,1
1790,6,450,434,1691,18.29,1
1791,2,933,425,3304,35.73,1
1791,6,450,433,1687,18.24,1
1792,2,933,426,3319,35.89,1
1792,6,450,433,1702,18.41,1
1793,2,933,426,3312,35.82,1
1793,6,450,433,1708,18.47,1
1794,2,933,426,3296,35.64,1
1794,6,450,433,1712,18.51,1
1795,2,933,426,3319,35.89,1
1795,6,450,433,1681,18.18,1
1796,2,933,426,3310,35.8,1
1796,6,450,433,1701,18.4,1
1797,2,933,426,3292,35.6,1
1797,6,450,433,1712,18.51,1
1798,2,933,426,3320,35.9,1
1798,6,450,433,1707,18.46,1
1799,2,933,426,3316,35.86,1
1799,6,450,433,1701,18.4,1
1800,2,933,426,3332,36.03,1
1800,6,450,434,1753,18.96,1
1801,2,933,426,3337,36.09,1
1801,6,450,433,1720,18.6,1
1802,2,933,426,3313,35.83,1
1802,6,450,433,1718,18.58,1
1803,2,933,426,3308,35.77,1
1803,6,450,433,1701,18.4,1
1804,2,933,426,3325,35.96,1
1804,6,450,434,1743,18.85,1
1804,82,381,444,150,1.62,1
1805,2,933,426,3333,36.04,1
1805,6,450,434,1736,18.77,1
1805,82,381,444,154,1.67,1
1806,2,933,426,3326,35.97,1
1806,6,450,434,1724,18.64,1
1807,2,933,426,3327,35.98,1
1807,6,450,434,1712,18.51,1
1808,2,933,426,3317,35.87,1
1808,6,450,434,1720,18.6,1
1809,2,933,426,3313,35.83,1
1809,6,450,434,1721,18.61,1
1810,2,933,426,3317,35.87,1
1810,6,450,433,1696,18.34,1
1811,2,933,426,3319,35.89,1
1811,6,450,433,1706,18.45,1
1812,2,933,426,3281,35.48,1
1812,6,450,433,1717,18.57,1
1813,2,933,426,3298,35.67,1
1813,6,450,433,1719,18.59,1
1814,2,933,426,3311,35.81,1
1814,6,450,434,1727,18.68,1
1815,2,933,426,3297,35.65,1
1815,6,450,433,1708,18.47,1
1816,2,933,426,3310,35.8,1
1816,6,450,434,1740,18.82,1
1817,2,932,426,3306,35.75,1
1817,6,450,434,1731,18.72,1
1818,2,932,426,3305,35.74,1
1818,6,450,434,1722,18.62,1
1819,2,933,426,3293,35.61,1
1819,6,450,434,1702,18.41,1
1820,2,933,426,3317,35.87,1
1820,6,450,434,1704,18.43,1
1821,2,933,426,3331,36.02,1
1821,6,450,434,1715,18.55,1
1822,2,933,426,3309,35.78,1
1822,6,450,434,1680,18.17,1
1823,2,933,426,3325,35.96,1
1823,6,450,433,1679,18.16,1
1824,2,933,426,3313,35.83,1
1824,6,450,433,1688,18.25,1
1825,2,933,426,3319,35.89,1
1825,6,450,433,1668,18.04,1
1826,2,933,426,3313,35.83,1
1826,6,450,433,1665,18.01,1
1827,2,933,426,3308,35.77,1
1827,6,450,433,1659,17.94,1
1828,2,933,426,3307,35.76,1
1828,6,450,433,1675,18.11,1
1829,2,933,426,3317,35.87,1
1829,6,450,433,1687,18.24,1
1829,83,381,445,171,1.85,1
1830,2,933,426,3324,35.95,1
1830,6,450,433,1684,18.21,1
1831,2,933,426,3320,35.9,1
1831,6,450,433,1696,18.34,1
1832,2,933,426,3328,35.99,1
1832,6,450,434,1706,18.45,1
1833,2,933,426,3308,35.77,1
1833,6,450,434,1711,18.5,1
1834,2,933,426,3292,35.6,1
1834,6,450,434,1733,18.74,1
1835,2,933,426,3294,35.62,1
1835,6,450,433,1677,18.14,1
1836,2,933,426,3329,36.0,1
1836,6,450,433,1721,18.61,1
1837,2,933,426,3312,35.82,1
1837,6,450,433,1710,18.49,1
1838,2,933,426,3308,35.77,1
1838,6,450,433,1690,18.28,1
1839,2,933,426,3302,35.71,1
1839,6,450,433,1693,18.31,1
1840,2,933,426,3301,35.7,1
1840,6,450,434,1691,18.29,1
1841,2,933,426,3316,35.86,1
1841,6,450,433,1689,18.27,1
1841,84,380,445,162,1.75,1
1842,2,933,426,3303,35.72,1
1842,6,450,433,1708,18.47,1
1843,2,933,426,3343,36.15,1
1843,6,450,433,1695,18.33,1
1844,2,933,426,3323,35.94,1
1844,6,450,433,1709,18.48,1
1845,2,933,426,3329,36.0,1
1845,6,450,433,1715,18.55,1
1845,85,381,443,153,1.65,1
1846,2,933,426,3314,35.84,1
1846,6,450,433,1711,18.5,1
1847,2,933,426,3291,35.59,1
1847,6,450,433,1681,18.18,1
1848,2,933,426,3317,35.87,1
1848,6,450,434,1706,18.45,1
1849,2,933,426,3304,35.73,1
1849,6,450,434,1700,18.38,1
1850,2,933,426,3298,35.67,1
1850,6,450,433,1717,18.57,1
1850,86,380,444,151,1.63,1
1851,2,933,426,3300,35.69,1
1851,6,450,433,1693,18.31,1
1852,2,933,426,3286,35.54,1
1852,6,450,433,1706,18.45,1
1853,2,933,426,3322,35.93,1
1853,6,450,433,1731,18.72,1
1854,2,933,426,3333,36.04,1
1854,6,450,433,1736,18.77,1
1855,2,933,426,3347,36.2,1
1855,6,450,433,1709,18.48,1
1856,2,933,426,3354,36.27,1
1856,6,450,434,1725,18.65,1
1857,2,933,426,3337,36.09,1
1857,6,450,433,1686,18.23,1
1858,2,933,426,3316,35.86,1
1858,6,450,433,1714,18.54,1
1859,2,933,426,3324,35.95,1
1859,6,450,434,1703,18.42,1
1860,2,933,426,3304,35.73,1
1860,6,450,433,1715,18.55,1
1861,2,933,426,3327,35.98,1
1861,6,450,433,1730,18.71,1
1862,2,933,426,3319,35.89,1
1862,6,450,433,1713,18.52,1
1863,2,933,426,3296,35.64,1
1863,6,450,433,1693,18.31,1
1864,2,933,426,3309,35.78,1
1864,6,450,433,1729,18.7,1
1865,2,933,426,3288,35.56,1
1865,6,450,434,1718,18.58,1
1866,2,933,426,3307,35.76,1
1866,6,450,434,1730,18.71,1
1867,2,933,426,3291,35.59,1
1867,6,450,433,1682,18.19,1
1868,2,933,426,3329,36.0,1
1868,6,450,434,1712,18.51,1
1869,2,933,426,3312,35.82,1
1869,6,450,433,1691,18.29,1
1870,2,933,426,3319,35.89,1
1870,6,450,434,1693,18.31,1
1871,2,933,425,3304,35.73,1
1871,6,450,433,1685,18.22,1
1872,2,933,426,3333,36.04,1
1872,6,450,433,1696,18.34,1
1873,2,933,426,3324,35.95,1
1873,6,450,433,1694,18.32,1
1874,2,933,426,3308,35.77,1
1874,6,450,433,1708,18.47,1
1875,2,933,426,3320,35.9,1
1875,6,450,433,1694,18.32,1
1876,2,933,426,3311,35.81,1
1876,6,450,434,1729,18.7,1
1877,2,933,426,3326,35.97,1
1877,6,450,433,1727,18.68,1
1878,2,933,426,3320,35.9,1
1878,6,450,433,1704,18.43,1
1879,2,933,426,3300,35.69,1
1879,6,450,434,1693,18.31,1
1880,2,933,426,3310,35.8,1
1880,6,450,433,1709,18.48,1
1881,2,933,426,3303,35.72,1
1881,6,450,433,1694,18.32,1
1882,2,933,426,3290,35.58,1
1882,6,450,433,1680,18.17,1
1883,2,933,426,3307,35.76,1
1883,6,450,433,1706,18.45,1
1883,87,380,444,160,1.73,1
1884,2,933,426,3325,35.96,1
1884,6,450,433,1721,18.61,1
1885,2,933,426,3326,35.97,1
1885,6,450,433,1726,18.67,1
1886,2,933,426,3297,35.65,1
1886,6,450,433,1704,18.43,1
1887,2,933,426,3300,35.69,1
1887,6,450,433,1690,18.28,1
1888,2,933,426,3302,35.71,1
1888,6,450,433,1708,18.47,1
1888,88,381,444,155,1.68,1
1889,2,933,426,3307,35.76,1
1889,6,450,433,1693,18.31,1
1889,88,381,445,158,1.71,1
1890,2,933,426,3294,35.62,1
1890,6,450,433,1676,18.12,1
1891,2,933,426,3301,35.7,1
1891,6,450,433,1694,18.32,1
1892,2,933,426,3299,35.68,1
1892,6,450,433,1677,18.14,1
1893,2,933,426,3308,35.77,1
1893,6,450,434,1727,18.68,1
1894,2,933,426,3296,35.64,1
1894,6,450,433,1697,18.35,1
1895,2,933,426,3304,35.73,1
1895,6,450,433,1715,18.55,1
1896,2,933,426,3313,35.83,1
1896,6,450,434,1716,18.56,1
1896,89,380,444,156,1.69,1
1897,2,933,426,3288,35.56,1
1897,6,450,433,1677,18.14,1
1898,2,933,426,3278,35.45,1
1898,6,450,433,1701,18.4,1
1899,2,933,426,3306,35.75,1
1899,6,450,433,1682,18.19,1
1900,2,933,426,3324,35.95,1
1900,6,450,434,1698,18.36,1
1901,2,933,426,3299,35.68,1
1901,6,450,433,1718,18.58,1
1901,90,381,445,162,1.75,1
1902,2,933,426,3321,35.91,1
1902,6,450,433,1692,18.3,1
1903,2,933,426,3314,35.84,1
1903,6,450,433,1722,18.62,1
1904,2,933,426,3291,35.59,1
1904,6,450,433,1682,18.19,1
1905,2,933,426,3308,35.77,1
1905,6,450,433,1714,18.54,1
1906,2,933,426,3286,35.54,1
1906,6,450,433,1697,18.35,1
1907,2,933,426,3297,35.65,1
1907,6,450,433,1689,18.27,1
1908,2,933,426,3308,35.77,1
1908,6,450,434,1689,18.27,1
1909,2,933,426,3326,35.97,1
1909,6,450,433,1704,18.43,1
1910,2,933,426,3324,35.95,1
1910,6,450,433,1688,18.25,1
1910,91,380,444,152,1.64,1
1911,2,933,426,3299,35.68,1
1911,6,450,433,1681,18.18,1
1912,2,933,426,3339,36.11,1
1912,6,450,434,1724,18.64,1
1913,2,933,426,3303,35.72,1
1913,6,450,434,1706,18.45,1
1913,92,380,444,178,1.92,1
1914,2,933,426,3305,35.74,1
1914,6,450,434,1711,18.5,1
1915,2,933,426,3289,35.57,1
1915,6,450,433,1662,17.97,1
1916,2,933,426,3311,35.81,1
1916,6,450,433,1698,18.36,1
1917,2,933,426,3308,35.77,1
1917,6,450,434,1700,18.38,1
1918,2,933,426,3300,35.69,1
1918,6,450,433,1685,18.22,1
1919,2,933,426,3297,35.65,1
1919,6,450,433,1692,18.3,1
1920,2,933,426,3286,35.54,1
1920,6,450,434,1689,18.27,1
1921,2,933,426,3300,35.69,1
1921,6,450,434,1717,18.57,1
1922,2,933,426,3299,35.68,1
1922,6,450,433,1676,18.12,1
1923,2,933,426,3291,35.59,1
1923,6,450,433,1687,18.24,1
1924,2,933,426,3321,35.91,1
1924,6,450,434,1691,18.29,1
1925,2,933,426,3328,35.99,1
1925,6,450,434,1715,18.55,1
1926,2,933,426,3311,35.81,1
1926,6,450,433,1685,18.22,1
1927,2,933,426,3319,35.89,1
1927,6,450,433,1697,18.35,1
1928,2,933,426,3313,35.83,1
1928,6,450,433,1718,18.58,1
1929,2,933,426,3310,35.8,1
1929,6,450,433,1700,18.38,1
1930,2,933,426,3314,35.84,1
1930,6,450,433,1676,18.12,1
1931,2,933,426,3311,35.81,1
1931,6,450,434,1677,18.14,1
1932,2,933,426,3305,35.74,1
1932,6,450,433,1682,18.19,1
1933,2,933,426,3302,35.71,1
1933,6,450,433,1687,18.24,1
1933,93,381,445,165,1.78,1
1934,2,933,426,3304,35.73,1
1934,6,450,433,1705,18.44,1
1935,2,933,426,3298,35.67,1
1935,6,450,433,1721,18.61,1
1936,2,933,426,3302,35.71,1
1936,6,450,433,1697,18.35,1
1937,2,933,426,3297,35.65,1
1937,6,450,433,1700,18.38,1
1938,2,933,426,3309,35.78,1
1938,6,450,433,1694,18.32,1
1939,2,933,426,3300,35.69,1
1939,6,450,433,1689,18.27,1
1940,2,933,426,3314,35.84,1
1940,6,450,433,1679,18.16,1
1941,2,933,426,3334,36.05,1
1941,6,450,433,1704,18.43,1
1942,2,933,426,3312,35.82,1
1942,6,450,434,1713,18.52,1
1942,94,380,444,156,1.69,1
1943,2,933,426,3297,35.65,1
1943,6,450,433,1682,18.19,1
1944,2,933,426,3328,35.99,1
1944,6,450,433,1718,18.58,1
1944,95,380,445,189,2.04,1
1945,2,933,426,3326,35.97,1
1945,6,450,433,1700,18.38,1
1946,2,933,426,3320,35.9,1
1946,6,450,434,1712,18.51,1
1947,2,933,426,3311,35.81,1
1947,6,450,433,1698,18.36,1
1948,2,933,426,3315,35.85,1
1948,6,450,433,1699,18.37,1
1949,2,933,426,3331,36.02,1
1949,6,450,433,1723,18.63,1
1950,2,933,426,3329,36.0,1
1950,6,450,433,1684,18.21,1
1951,2,933,426,3312,35.82,1
1951,6,450,433,1680,18.17,1
1952,2,933,426,3357,36.3,1
1952,6,450,434,1716,18.56,1
1953,2,933,426,3318,35.88,1
1953,6,450,433,1714,18.54,1
1953,96,381,444,151,1.63,1
1954,2,933,426,3307,35.76,1
1954,6,450,433,1708,18.47,1
1955,2,933,426,3304,35.73,1
1955,6,450,433,1708,18.47,1
1956,2,933,426,3326,35.97,1
1956,6,450,433,1702,18.41,1
1957,2,933,426,3316,35.86,1
1957,6,450,434,1724,18.64,1
1958,2,933,426,3313,35.83,1
1958,6,450,434,1726,18.67,1
1958,97,381,445,163,1.76,1
1959,2,933,426,3294,35.62,1
1959,6,450,433,1678,18.15,1
1960,2,933,426,3305,35.74,1
1960,6,450,433,1682,18.19,1
1961,2,933,426,3301,35.7,1
1961,6,450,434,1693,18.31,1
1962,2,933,426,3317,35.87,1
1962,6,450,433,1677,18.14,1
1963,2,933,426,3294,35.62,1
1963,6,450,433,1652,17.87,1
1964,2,933,426,3296,35.64,1
1964,6,450,433,1684,18.21,1
1965,2,933,426,3317,35.87,1
1965,6,450,434,1687,18.24,1
1966,2,933,426,3321,35.91,1
1966,6,450,434,1685,18.22,1
1967,2,933,426,3339,36.11,1
1967,6,450,434,1693,18.31,1
1968,2,933,426,3310,35.8,1
1968,6,450,433,1690,18.28,1
1969,2,933,426,3312,35.82,1
1969,6,450,433,1691,18.29,1
1970,2,933,426,3307,35.76,1
1970,6,450,434,1694,18.32,1
1971,2,933,426,3313,35.83,1
1971,6,450,433,1693,18.31,1
1972,2,933,426,3310,35.8,1
1972,6,450,433,1704,18.43,1
1973,2,933,426,3332,36.03,1
1973,6,450,434,1741,18.83,1
1974,2,933,426,3327,35.98,1
1974,6,450,434,1724,18.64,1
1975,2,933,426,3326,35.97,1
1975,6,450,434,1737,18.78,1
1976,2,933,426,3299,35.68,1
1976,6,450,434,1741,18.83,1
1977,2,933,426,3295,35.63,1
1977,6,450,433,1703,18.42,1
1978,2,933,426,3303,35.72,1
1978,6,450,433,1720,18.6,1
1979,2,933,426,3295,35.63,1
1979,6,450,433,1688,18.25,1
1980,2,933,426,3310,35.8,1
1980,6,450,433,1710,18.49,1
1981,2,933,426,3309,35.78,1
1981,6,450,434,1744,18.86,1
1982,2,933,426,3302,35.71,1
1982,6,450,433,1704,18.43,1
1983,2,933,426,3305,35.74,1
1983,6,450,434,1695,18.33,1
1984,2,933,426,3320,35.9,1
1984,6,450,434,1701,18.4,1
1985,2,933,426,3313,35.83,1
1985,6,450,434,1720,18.6,1
1986,2,933,426,3307,35.76,1
1986,6,450,433,1689,18.27,1
1987,2,933,426,3297,35.65,1
1987,6,450,433,1685,18.22,1
1988,2,933,426,3304,35.73,1
1988,6,450,433,1694,18.32,1
1989,2,933,426,3313,35.83,1
1989,6,450,434,1703,18.42,1
1990,2,933,426,3319,35.89,1
1990,6,450,434,1691,18.29,1
1991,2,933,426,3297,35.65,1
1991,6,450,433,1722,18.62,1
1992,2,933,426,3314,35.84,1
1992,6,450,433,1697,18.35,1
1993,2,933,426,3297,35.65,1
1993,6,450,433,1713,18.52,1
1994,2,933,426,3285,35.53,1
1994,6,450,434,1706,18.45,1
1995,2,933,426,3295,35.63,1
1995,6,450,433,1699,18.37,1
1996,2,933,426,3304,35.73,1
1996,6,450,433,1693,18.31,1
1997,2,933,426,3310,35.8,1
1997,6,450,434,1728,18.69,1
1998,2,933,426,3299,35.68,1
1998,6,450,433,1684,18.21,1
1999,2,933,426,3290,35.58,1
1999,6,450,433,1679,18.16,1
2000,2,933,426,3305,35.74,1
2000,6,450,434,1707,18.46,1
2001,2,933,426,3310,35.8,1
2001,6,450,433,1699,18.37,1
2002,2,933,426,3295,35.63,1
2002,6,450,434,1717,18.57,1
2003,2,933,426,3323,35.94,1
2003,6,450,434,1719,18.59,1
2004,2,933,426,3291,35.59,1
2004,6,450,434,1710,18.49,1
2005,2,933,426,3299,35.68,1
2005,6,450,433,1704,18.43,1
2006,2,933,426,3314,35.84,1
2006,6,450,433,1703,18.42,1
2007,2,933,426,3303,35.72,1
2007,6,450,433,1714,18.54,1
2008,2,933,426,3301,35.7,1
2008,6,450,433,1688,18.25,1
2009,2,933,426,3285,35.53,1
2009,6,450,433,1668,18.04,1
2010,2,933,426,3301,35.7,1
2010,6,450,433,1705,18.44,1
2011,2,933,426,3296,35.64,1
2011,6,450,433,1691,18.29,1
2012,2,933,426,3314,35.84,1
2012,6,450,434,1703,18.42,1
2013,2,933,426,3297,35.65,1
2013,6,450,434,1707,18.46,1
2014,2,933,426,3306,35.75,1
2014,6,450,433,1704,18.43,1
2015,2,933,426,3297,35.65,1
2015,6,450,433,1710,18.49,1
2016,2,933,426,3310,35.8,1
2016,6,450,434,1718,18.58,1
2016,98,380,444,192,2.08,1
2017,2,933,426,3316,35.86,1
2017,6,450,433,1686,18.23,1
2018,2,933,426,3288,35.56,1
2018,6,450,433,1699,18.37,1
2019,2,933,426,3290,35.58,1
2019,6,450,433,1689,18.27,1
2020,2,933,426,3311,35.81,1
2020,6,450,434,1695,18.33,1
2021,2,933,426,3307,35.76,1
2021,6,450,433,1679,18.16,1
2022,2,933,426,3300,35.69,1
2022,6,450,433,1681,18.18,1
2022,99,380,444,154,1.67,1
2023,2,933,426,3293,35.61,1
2023,6,450,433,1699,18.37,1
2024,2,933,426,3312,35.82,1
2024,6,450,433,1692,18.3,1
2025,2,933,426,3306,35.75,1
2025,6,450,434,1692,18.3,1
2026,2,933,426,3314,35.84,1
2026,6,450,434,1721,18.61,1
2027,2,933,426,3302,35.71,1
2027,6,450,433,1694,18.32,1
2028,2,933,426,3320,35.9,1
2028,6,450,434,1732,18.73,1
2029,2,933,426,3311,35.81,1
2029,6,450,433,1736,18.77,1
2030,2,933,426,3304,35.73,1
2030,6,450,434,1705,18.44,1
2031,2,933,426,3309,35.78,1
2031,6,450,433,1698,18.36,1
2032,2,933,426,3307,35.76,1
2032,6,450,433,1703,18.42,1
2033,2,933,426,3307,35.76,1
2033,6,450,433,1722,18.62,1
2034,2,933,426,3321,35.91,1
2034,6,450,434,1700,18.38,1
2034,100,381,445,167,1.81,1
2035,2,933,426,3324,35.95,1
2035,6,450,434,1698,18.36,1
2036,2,933,426,3320,35.9,1
2036,6,450,433,1704,18.43,1
2037,2,933,426,3339,36.11,1
2037,6,450,434,1722,18.62,1
2038,2,933,426,3329,36.0,1
2038,6,450,433,1710,18.49,1
2039,2,933,426,3310,35.8,1
2039,6,450,433,1704,18.43,1
2040,2,933,426,3338,36.1,1
2040,6,450,433,1691,18.29,1
2041,2,933,426,3317,35.87,1
2041,6,450,434,1703,18.42,1
2042,2,933,426,3303,35.72,1
2042,6,450,433,1706,18.45,1
2043,2,933,426,3291,35.59,1
2043,6,450,434,1675,18.11,1
2044,2,933,426,3312,35.82,1
2044,6,450,433,1689,18.27,1
2045,2,933,426,3348,36.21,1
2045,6,450,433,1713,18.52,1
2046,2,933,426,3321,35.91,1
2046,6,450,433,1702,18.41,1
2047,2,933,426,3328,35.99,1
2047,6,450,433,1705,18.44,1
2048,2,933,426,3305,35.74,1
2048,6,450,433,1719,18.59,1
2049,2,933,426,3309,35.78,1
2049,6,450,433,1682,18.19,1
2050,2,933,426,3298,35.67,1
2050,6,450,433,1655,17.9,1
2051,2,933,426,3301,35.7,1
2051,6,450,433,1665,18.01,1
2052,2,933,426,3307,35.76,1
2052,6,450,433,1679,18.16,1
2053,2,933,426,3338,36.1,1
2053,6,450,434,1711,18.5,1
2054,2,933,426,3320,35.9,1
2054,6,450,433,1715,18.55,1
2055,2,933,426,3284,35.51,1
2055,6,450,434,1704,18.43,1
2056,2,933,426,3301,35.7,1
2056,6,450,434,1727,18.68,1
2057,2,933,426,3306,35.75,1
2057,6,450,433,1703,18.42,1
2058,2,933,426,3314,35.84,1
2058,6,450,433,1690,18.28,1
2059,2,933,426,3288,35.56,1
2059,6,450,433,1691,18.29,1
2060,2,933,426,3304,35.73,1
2060,6,450,433,1692,18.3,1
2061,2,933,426,3300,35.69,1
2061,6,450,433,1711,18.5,1
2062,2,933,426,3299,35.68,1
2062,6,450,433,1698,18.36,1
2063,2,933,426,3296,35.64,1
2063,6,450,433,1708,18.47,1
2064,2,933,426,3308,35.77,1
2064,6,450,433,1714,18.54,1
2065,2,933,426,3297,35.65,1
2065,6,450,433,1696,18.34,1
2066,2,933,426,3291,35.59,1
2066,6,450,434,1717,18.57,1
2067,2,933,426,3326,35.97,1
2067,6,450,434,1715,18.55,1
2068,2,933,426,3309,35.78,1
2068,6,450,434,1716,18.56,1
2069,2,933,426,3304,35.73,1
2069,6,450,433,1734,18.75,1
2070,2,933,426,3304,35.73,1
2070,6,450,434,1711,18.5,1
2071,2,933,426,3285,35.53,1
2071,6,450,433,1684,18.21,1
2072,2,933,426,3297,35.65,1
2072,6,450,434,1694,18.32,1
2073,2,933,426,3272,35.38,1
2073,6,450,434,1697,18.35,1
2074,2,933,426,3315,35.85,1
2074,6,450,434,1701,18.4,1
2075,2,933,426,3325,35.96,1
2075,6,450,434,1713,18.52,1
2076,2,933,426,3314,35.84,1
2076,6,450,433,1689,18.27,1
2077,2,933,426,3328,35.99,1
2077,6,450,434,1701,18.4,1
2078,2,933,426,3294,35.62,1
2078,6,450,433,1680,18.17,1
2079,2,933,426,3313,35.83,1
2079,6,450,433,1679,18.16,1
2080,2,933,426,3321,35.91,1
2080,6,450,433,1680,18.17,1
2081,2,933,426,3332,36.03,1
2081,6,450,434,1700,18.38,1
2082,2,933,426,3313,35.83,1
2082,6,450,433,1695,18.33,1
2083,2,933,426,3315,35.85,1
2083,6,450,433,1712,18.51,1
2084,2,933,426,3330,36.01,1
2084,6,450,433,1709,18.48,1
2085,2,933,426,3333,36.04,1
2085,6,450,433,1720,18.6,1
2086,2,933,426,3331,36.02,1
2086,6,450,433,1700,18.38,1
2087,2,933,426,3301,35.7,1
2087,6,450,433,1702,18.41,1
2088,2,933,426,3312,35.82,1
2088,6,450,433,1715,18.55,1
2089,2,933,426,3322,35.93,1
2089,6,450,433,1712,18.51,1
2090,2,933,426,3305,35.74,1
2090,6,450,433,1704,18.43,1
2091,2,933,426,3302,35.71,1
2091,6,450,434,1730,18.71,1
2092,2,933,426,3310,35.8,1
2092,6,450,433,1708,18.47,1
2093,2,933,426,3328,35.99,1
2093,6,450,434,1745,18.87,1
2093,101,381,445,170,1.84,1
2094,2,933,426,3336,36.08,1
2094,6,450,433,1697,18.35,1
2095,2,933,426,3331,36.02,1
2095,6,450,433,1711,18.5,1
2096,2,933,426,3319,35.89,1
2096,6,450,433,1685,18.22,1
2097,2,933,426,3311,35.81,1
2097,6,450,433,1697,18.35,1
2097,102,381,444,155,1.68,1
2098,2,933,426,3310,35.8,1
2098,6,450,433,1673,18.09,1
2099,2,933,426,3313,35.83,1
2099,6,450,433,1677,18.14,1
2100,2,933,426,3289,35.57,1
2100,6,450,434,1680,18.17,1
2101,2,933,426,3289,35.57,1
2101,6,450,433,1683,18.2,1
2102,2,933,426,3288,35.56,1
2102,6,450,433,1685,18.22,1
2103,2,933,426,3286,35.54,1
2103,6,450,433,1689,18.27,1
2104,2,933,426,3300,35.69,1
2104,6,450,433,1716,18.56,1
2105,2,933,426,3297,35.65,1
2105,6,450,433,1696,18.34,1
2106,2,933,426,3300,35.69,1
2106,6,450,433,1683,18.2,1
2107,2,933,426,3295,35.63,1
2107,6,450,433,1678,18.15,1
2108,2,933,426,3314,35.84,1
2108,6,450,433,1675,18.11,1
2109,2,933,426,3315,35.85,1
2109,6,450,434,1710,18.49,1
2110,2,933,426,3305,35.74,1
2110,6,450,433,1687,18.24,1
2111,2,933,426,3293,35.61,1
2111,6,450,433,1710,18.49,1
2112,2,933,426,3310,35.8,1
2112,6,450,434,1703,18.42,1
2113,2,933,426,3305,35.74,1
2113,6,450,434,1717,18.57,1
2114,2,933,426,3306,35.75,1
2114,6,450,433,1675,18.11,1
2115,2,933,426,3291,35.59,1
2115,6,450,433,1681,18.18,1
2116,2,933,426,3297,35.65,1
2116,6,450,433,1722,18.62,1
2117,2,933,426,3308,35.77,1
2117,6,450,434,1726,18.67,1
2118,2,933,426,3305,35.74,1
2118,6,450,433,1668,18.04,1
2119,2,933,426,3297,35.65,1
2119,6,450,433,1695,18.33,1
2120,2,933,426,3293,35.61,1
2120,6,450,434,1710,18.49,1
2121,2,933,426,3302,35.71,1
2121,6,450,434,1684,18.21,1
2122,2,933,426,3293,35.61,1
2122,6,450,434,1685,18.22,1
2123,2,933,426,3325,35.96,1
2123,6,450,434,1705,18.44,1
2124,2,933,426,3310,35.8,1
2124,6,450,433,1689,18.27,1
2125,2,933,426,3312,35.82,1
2125,6,450,434,1735,18.76,1
2126,2,933,426,3295,35.63,1
2126,6,450,433,1693,18.31,1
2127,2,933,426,3297,35.65,1
2127,6,450,434,1694,18.32,1
2128,2,933,426,3310,35.8,1
2128,6,450,433,1716,18.56,1
2129,2,933,426,3312,35.82,1
2129,6,450,433,1695,18.33,1
2130,2,933,426,3290,35.58,1
2130,6,450,433,1710,18.49,1
2131,2,933,426,3304,35.73,1
2131,6,450,433,1681,18.18,1
2132,2,933,426,3298,35.67,1
2132,6,450,433,1684,18.21,1
2133,2,933,426,3319,35.89,1
2133,6,450,433,1738,18.8,1
2134,2,933,426,3332,36.03,1
2134,6,450,434,1694,18.32,1
2135,2,933,426,3302,35.71,1
2135,6,450,433,1666,18.02,1
2136,2,933,426,3297,35.65,1
2136,6,450,434,1705,18.44,1
2137,2,933,426,3297,35.65,1
2137,6,450,434,1681,18.18,1
2138,2,933,426,3285,35.53,1
2138,6,450,434,1685,18.22,1
2139,2,933,426,3272,35.38,1
2139,6,450,433,1674,18.1,1
2140,2,933,426,3307,35.76,1
2140,6,450,434,1728,18.69,1
2140,103,381,445,153,1.65,1
2141,2,933,426,3340,36.12,1
2141,6,450,434,1729,18.7,1
2142,2,933,426,3293,35.61,1
2142,6,450,433,1691,18.29,1
2143,2,933,426,3297,35.65,1
2143,6,450,433,1699,18.37,1
2143,104,381,444,158,1.71,1
2144,2,933,426,3299,35.68,1
2144,6,450,434,1722,18.62,1
2144,104,380,445,154,1.67,1
2145,2,933,426,3299,35.68,1
2145,6,450,434,1690,18.28,1
2146,2,933,426,3301,35.7,1
2146,6,450,433,1701,18.4,1
2147,2,933,426,3318,35.88,1
2147,6,450,433,1692,18.3,1
2148,2,933,426,3337,36.09,1
2148,6,450,433,1703,18.42,1
2149,2,933,426,3345,36.17,1
2149,6,450,433,1730,18.71,1
2150,2,933,426,3330,36.01,1
2150,6,450,433,1702,18.41,1
2151,2,933,426,3314,35.84,1
2151,6,450,433,1706,18.45,1
2152,2,933,426,3337,36.09,1
2152,6,450,434,1726,18.67,1
2153,2,933,426,3305,35.74,1
2153,6,450,433,1702,18.41,1
2154,2,933,426,3310,35.8,1
2154,6,450,433,1686,18.23,1
2155,2,933,426,3324,35.95,1
2155,6,450,433,1686,18.23,1
2156,2,933,426,3305,35.74,1
2156,6,450,434,1718,18.58,1
2156,105,381,444,151,1.63,1
2157,2,933,426,3321,35.91,1
2157,6,450,433,1704,18.43,1
2158,2,933,426,3313,35.83,1
2158,6,450,433,1690,18.28,1
2159,2,933,426,3315,35.85,1
2159,6,450,434,1698,18.36,1
2160,2,933,426,3313,35.83,1
2160,6,450,434,1707,18.46,1
2161,2,933,426,3334,36.05,1
2161,6,450,434,1720,18.6,1
2161,106,381,444,167,1.81,1
2162,2,933,426,3302,35.71,1
2162,6,450,434,1714,18.54,1
2163,2,933,426,3304,35.73,1
2163,6,450,434,1715,18.55,1
2164,2,933,426,3317,35.87,1
2164,6,450,434,1702,18.41,1
2165,2,933,426,3329,36.0,1
2165,6,450,433,1703,18.42,1
2166,2,933,426,3324,35.95,1
2166,6,450,433,1699,18.37,1
2167,2,933,426,3308,35.77,1
2167,6,450,433,1710,18.49,1
2168,2,933,426,3329,36.0,1
2168,6,450,433,1709,18.48,1
2169,2,933,426,3315,35.85,1
2169,6,450,433,1685,18.22,1
2170,2,933,426,3311,35.81,1
2170,6,450,433,1708,18.47,1
2171,2,933,426,3308,35.77,1
2171,6,450,433,1702,18.41,1
2172,2,933,426,3329,36.0,1
2172,6,450,433,1690,18.28,1
2173,2,933,426,3333,36.04,1
2173,6,450,434,1701,18.4,1
2174,2,933,426,3290,35.58,1
2174,6,450,433,1714,18.54,1
2175,2,933,426,3310,35.8,1
2175,6,450,433,1690,18.28,1
2176,2,933,426,3308,35.77,1
2176,6,450,434,1682,18.19,1
2177,2,933,426,3321,35.91,1
2177,6,450,433,1681,18.18,1
2178,2,933,426,3307,35.76,1
2178,6,450,433,1657,17.92,1
2179,2,933,426,3306,35.75,1
2179,6,450,433,1678,18.15,1
2180,2,933,426,3301,35.7,1
2180,6,450,433,1669,18.05,1
2181,2,933,426,3313,35.83,1
2181,6,450,434,1707,18.46,1
2182,2,933,426,3307,35.76,1
2182,6,450,433,1698,18.36,1
2183,2,933,426,3317,35.87,1
2183,6,450,434,1714,18.54,1
2184,2,933,426,3323,35.94,1
2184,6,450,433,1722,18.62,1
2185,2,933,426,3305,35.74,1
2185,6,450,433,1682,18.19,1
2186,2,933,426,3307,35.76,1
2186,6,450,433,1693,18.31,1
2187,2,933,426,3300,35.69,1
2187,6,450,433,1669,18.05,1
2187,107,381,445,159,1.72,1
2188,2,933,426,3318,35.88,1
2188,6,450,433,1712,18.51,1
2189,2,933,426,3304,35.73,1
2189,6,450,434,1735,18.76,1
2190,2,933,426,3316,35.86,1
2190,6,450,434,1725,18.65,1
2190,108,381,443,151,1.63,1
2191,2,933,426,3307,35.76,1
2191,6,450,433,1703,18.42,1
2192,2,933,426,3307,35.76,1
2192,6,450,434,1723,18.63,1
2193,2,933,426,3315,35.85,1
2193,6,450,433,1711,18.5,1
2194,2,933,426,3300,35.69,1
2194,6,450,433,1681,18.18,1
2195,2,933,426,3287,35.55,1
2195,6,450,433,1681,18.18,1
2196,2,933,426,3300,35.69,1
2196,6,450,433,1699,18.37,1
2197,2,933,426,3292,35.6,1
2197,6,450,433,1707,18.46,1
2198,2,933,426,3292,35.6,1
2198,6,450,433,1695,18.33,1
2199,2,933,426,3302,35.71,1
2199,6,450,433,1668,18.04,1
2200,2,933,426,3309,35.78,1
2200,6,450,433,1693,18.31,1
2201,2,933,426,3300,35.69,1
2201,6,450,433,1692,18.3,1
2202,2,933,426,3304,35.73,1
2202,6,450,433,1677,18.14,1
2203,2,933,426,3291,35.59,1
2203,6,450,434,1701,18.4,1
2204,2,933,426,3306,35.75,1
2204,6,450,433,1705,18.44,1
2205,2,933,426,3316,35.86,1
2205,6,450,433,1721,18.61,1
2206,2,933,426,3294,35.62,1
2206,6,450,433,1687,18.24,1
2207,2,933,426,3281,35.48,1
2207,6,450,433,1688,18.25,1
2208,2,933,426,3303,35.72,1
2208,6,450,433,1708,18.47,1
2209,2,933,426,3312,35.82,1
2209,6,450,433,1715,18.55,1
2210,2,933,426,3285,35.53,1
2210,6,450,433,1716,18.56,1
2211,2,933,426,3286,35.54,1
2211,6,450,433,1699,18.37,1
2212,2,933,426,3309,35.78,1
2212,6,450,433,1712,18.51,1
2213,2,933,426,3333,36.04,1
2213,6,450,433,1707,18.46,1
2214,2,933,426,3307,35.76,1
2214,6,450,434,1713,18.52,1
2215,2,933,426,3299,35.68,1
2215,6,450,434,1722,18.62,1
2216,2,933,426,3291,35.59,1
2216,6,450,433,1710,18.49,1
2217,2,933,426,3286,35.54,1
2217,6,450,433,1713,18.52,1
2218,2,933,426,3291,35.59,1
2218,6,450,433,1703,18.42,1
2219,2,933,426,3290,35.58,1
2219,6,450,433,1694,18.32,1
2220,2,933,426,3299,35.68,1
2220,6,450,433,1717,18.57,1
2221,2,933,426,3317,35.87,1
2221,6,450,434,1724,18.64,1
2221,109,381,444,154,1.67,1
2222,2,933,426,3307,35.76,1
2222,6,450,434,1713,18.52,1
2223,2,933,426,3287,35.55,1
2223,6,450,433,1689,18.27,1
2224,2,933,426,3305,35.74,1
2224,6,450,434,1700,18.38,1
2225,2,933,426,3304,35.73,1
2225,6,450,433,1702,18.41,1
2226,2,933,426,3295,35.63,1
2226,6,450,433,1697,18.35,1
2227,2,933,426,3307,35.76,1
2227,6,450,433,1720,18.6,1
2228,2,933,426,3307,35.76,1
2228,6,450,433,1701,18.4,1
2228,110,381,444,151,1.63,1
2229,2,933,426,3322,35.93,1
2229,6,450,433,1725,18.65,1
2229,110,380,444,165,1.78,1
2230,2,933,426,3310,35.8,1
2230,6,450,433,1697,18.35,1
2230,110,380,444,160,1.73,1
2231,2,933,426,3294,35.62,1
2231,6,450,433,1667,18.03,1
2232,2,933,426,3322,35.93,1
2232,6,450,433,1717,18.57,1
2233,2,933,426,3299,35.68,1
2233,6,450,433,1683,18.2,1
2234,2,933,426,3299,35.68,1
2234,6,450,433,1702,18.41,1
2235,2,933,426,3303,35.72,1
2235,6,450,433,1700,18.38,1
2236,2,933,426,3317,35.87,1
2236,6,450,433,1701,18.4,1
2237,2,933,426,3321,35.91,1
2237,6,450,433,1697,18.35,1
2238,2,933,426,3299,35.68,1
2238,6,450,433,1698,18.36,1
2239,2,933,426,3308,35.77,1
2239,6,450,433,1715,18.55,1
2240,2,933,426,3333,36.04,1
2240,6,450,434,1710,18.49,1
2241,2,933,426,3306,35.75,1
2241,6,450,433,1708,18.47,1
2242,2,933,426,3285,35.53,1
2242,6,450,433,1705,18.44,1
2243,2,933,426,3280,35.47,1
2243,6,450,433,1683,18.2,1
2244,2,933,426,3292,35.6,1
2244,6,450,433,1681,18.18,1
2245,2,933,426,3311,35.81,1
2245,6,450,433,1697,18.35,1
2246,2,933,426,3296,35.64,1
2246,6,450,433,1703,18.42,1
2247,2,933,426,3287,35.55,1
2247,6,450,434,1714,18.54,1
2248,2,933,426,3319,35.89,1
2248,6,450,433,1698,18.36,1
2249,2,933,426,3300,35.69,1
2249,6,450,433,1683,18.2,1
2250,2,933,426,3301,35.7,1
2250,6,450,433,1720,18.6,1
2251,2,933,426,3298,35.67,1
2251,6,450,433,1701,18.4,1
2252,2,933,426,3292,35.6,1
2252,6,450,433,1679,18.16,1
2253,2,933,426,3297,35.65,1
2253,6,450,433,1695,18.33,1
2254,2,933,426,3274,35.41,1
2254,6,450,433,1684,18.21,1
2255,2,933,426,3286,35.54,1
2255,6,450,433,1683,18.2,1
2256,2,933,426,3308,35.77,1
2256,6,450,433,1673,18.09,1
2257,2,933,426,3286,35.54,1
2257,6,450,433,1698,18.36,1
2258,2,933,426,3305,35.74,1
2258,6,450,433,1704,18.43,1
2259,2,933,426,3294,35.62,1
2259,6,450,433,1707,18.46,1
2260,2,933,426,3286,35.54,1
2260,6,450,434,1709,18.48,1
2260,111,381,445,151,1.63,1
2261,2,933,426,3308,35.77,1
2261,6,450,434,1723,18.63,1
2262,2,933,426,3287,35.55,1
2262,6,450,434,1699,18.37,1
2263,2,933,426,3307,35.76,1
2263,6,450,433,1692,18.3,1
2264,2,933,426,3296,35.64,1
2264,6,450,433,1705,18.44,1
2265,2,933,426,3303,35.72,1
2265,6,450,434,1714,18.54,1
2265,112,381,444,150,1.62,1
2266,2,933,426,3314,35.84,1
2266,6,450,433,1684,18.21,1
2267,2,933,426,3310,35.8,1
2267,6,450,433,1701,18.4,1
2268,2,933,426,3312,35.82,1
2268,6,450,433,1691,18.29,1
2269,2,933,426,3322,35.93,1
2269,6,450,434,1699,18.37,1
2270,2,933,426,3286,35.54,1
2270,6,450,433,1680,18.17,1
2271,2,933,426,3309,35.78,1
2271,6,450,433,1685,18.22,1
2272,2,933,426,3320,35.9,1
2272,6,450,433,1698,18.36,1
2273,2,933,426,3304,35.73,1
2273,6,450,434,1696,18.34,1
2273,113,381,444,152,1.64,1
2274,2,933,426,3330,36.01,1
2274,6,450,434,1724,18.64,1
2275,2,933,426,3285,35.53,1
2275,6,450,433,1700,18.38,1
2276,2,933,426,3295,35.63,1
2276,6,450,434,1718,18.58,1
2277,2,933,426,3307,35.76,1
2277,6,450,433,1695,18.33,1
2278,2,933,426,3287,35.55,1
2278,6,450,433,1696,18.34,1
2279,2,933,426,3292,35.6,1
2279,6,450,433,1683,18.2,1
2280,2,933,426,3304,35.73,1
2280,6,450,433,1707,18.46,1
2281,2,933,426,3291,35.59,1
2281,6,450,433,1704,18.43,1
2282,2,933,426,3299,35.68,1
2282,6,450,433,1684,18.21,1
2283,2,933,426,3297,35.65,1
2283,6,450,433,1670,18.06,1
2284,2,933,426,3317,35.87,1
2284,6,450,433,1689,18.27,1
2285,2,933,426,3309,35.78,1
2285,6,450,433,1697,18.35,1
2286,2,933,426,3294,35.62,1
2286,6,450,433,1662,17.97,1
2287,2,933,426,3306,35.75,1
2287,6,450,433,1704,18.43,1
2287,114,380,444,155,1.68,1
2288,2,933,426,3301,35.7,1
2288,6,450,433,1707,18.46,1
2289,2,933,426,3302,35.71,1
2289,6,450,433,1708,18.47,1
2290,2,933,426,3289,35.57,1
2290,6,450,433,1663,17.98,1
2291,2,933,426,3292,35.6,1
2291,6,450,433,1656,17.91,1
2292,2,933,426,3305,35.74,1
2292,6,450,433,1709,18.48,1
2293,2,933,426,3311,35.81,1
2293,6,450,434,1716,18.56,1
2294,2,933,426,3303,35.72,1
2294,6,450,434,1703,18.42,1
2295,2,933,426,3287,35.55,1
2295,6,450,433,1671,18.07,1
2296,2,933,426,3302,35.71,1
2296,6,450,434,1704,18.43,1
2297,2,933,426,3307,35.76,1
2297,6,450,433,1707,18.46,1
2298,2,933,426,3313,35.83,1
2298,6,450,433,1694,18.32,1
2299,2,933,426,3298,35.67,1
2299,6,450,433,1696,18.34,1
2300,2,933,426,3328,35.99,1
2300,6,450,434,1705,18.44,1
2301,2,933,426,3326,35.97,1
2301,6,450,434,1703,18.42,1
2302,2,933,426,3295,35.63,1
2302,6,450,433,1702,18.41,1
2303,2,933,426,3292,35.6,1
2303,6,450,434,1695,18.33,1
2304,2,933,426,3293,35.61,1
2304,6,450,433,1682,18.19,1
2305,2,933,426,3325,35.96,1
2305,6,450,433,1708,18.47,1
2306,2,933,426,3298,35.67,1
2306,6,450,434,1714,18.54,1
2307,2,933,426,3296,35.64,1
2307,6,450,433,1708,18.47,1
2308,2,933,426,3288,35.56,1
2308,6,450,433,1704,18.43,1
2309,2,933,426,3321,35.91,1
2309,6,450,433,1708,18.47,1
2310,2,933,426,3313,35.83,1
2310,6,450,433,1694,18.32,1
2311,2,933,426,3278,35.45,1
2311,6,450,433,1700,18.38,1
2312,2,933,426,3289,35.57,1
2312,6,450,433,1706,18.45,1
2313,2,933,426,3289,35.57,1
2313,6,450,433,1685,18.22,1
2314,2,933,426,3291,35.59,1
2314,6,450,433,1691,18.29,1
2315,2,933,426,3269,35.35,1
2315,6,450,433,1692,18.3,1
2316,2,933,426,3304,35.73,1
2316,6,450,433,1698,18.36,1
2317,2,933,426,3308,35.77,1
2317,6,450,433,1687,18.24,1
2318,2,933,426,3271,35.37,1
2318,6,450,433,1688,18.25,1
2319,2,933,426,3295,35.63,1
2319,6,450,433,1697,18.35,1
2320,2,933,426,3305,35.74,1
2320,6,450,434,1693,18.31,1
2321,2,933,426,3301,35.7,1
2321,6,450,433,1680,18.17,1
2322,2,933,426,3280,35.47,1
2322,6,450,433,1690,18.28,1
2323,2,933,426,3304,35.73,1
2323,6,450,433,1701,18.4,1
2324,2,933,426,3293,35.61,1
2324,6,450,433,1703,18.42,1
2325,2,933,426,3316,35.86,1
2325,6,450,433,1710,18.49,1
2326,2,933,426,3300,35.69,1
2326,6,450,434,1714,18.54,1
2327,2,933,426,3316,35.86,1
2327,6,450,434,1695,18.33,1
2328,2,933,426,3313,35.83,1
2328,6,450,433,1688,18.25,1
2329,2,933,426,3294,35.62,1
2329,6,450,434,1705,18.44,1
2329,115,380,444,161,1.74,1
2330,2,933,426,3279,35.46,1
2330,6,450,433,1678,18.15,1
2331,2,933,426,3288,35.56,1
2331,6,450,433,1691,18.29,1
2332,2,933,426,3309,35.78,1
2332,6,450,433,1714,18.54,1
2333,2,933,426,3312,35.82,1
2333,6,450,434,1729,18.7,1
2334,2,933,426,3302,35.71,1
2334,6,450,434,1677,18.14,1
2335,2,933,426,3304,35.73,1
2335,6,450,434,1714,18.54,1
2336,2,933,426,3314,35.84,1
2336,6,450,434,1691,18.29,1
2337,2,933,426,3305,35.74,1
2337,6,450,434,1696,18.34,1
2338,2,933,426,3308,35.77,1
2338,6,450,433,1671,18.07,1
2339,2,933,426,3285,35.53,1
2339,6,450,433,1690,18.28,1
2339,116,381,444,155,1.68,1
2340,2,933,426,3311,35.81,1
2340,6,450,434,1709,18.48,1
2341,2,933,426,3304,35.73,1
2341,6,450,433,1715,18.55,1
2342,2,933,426,3300,35.69,1
2342,6,450,433,1699,18.37,1
2343,2,933,426,3299,35.68,1
2343,6,450,433,1663,17.98,1
2344,2,933,426,3297,35.65,1
2344,6,450,434,1720,18.6,1
2345,2,933,426,3289,35.57,1
2345,6,450,434,1704,18.43,1
2346,2,933,426,3290,35.58,1
2346,6,450,433,1700,18.38,1
2347,2,933,426,3287,35.55,1
2347,6,450,433,1681,18.18,1
2348,2,933,426,3292,35.6,1
2348,6,450,433,1676,18.12,1
2349,2,933,426,3300,35.69,1
2349,6,450,433,1704,18.43,1
2350,2,933,426,3288,35.56,1
2350,6,450,433,1678,18.15,1
2351,2,933,426,3295,35.63,1
2351,6,450,433,1687,18.24,1
2352,2,933,426,3325,35.96,1
2352,6,450,434,1705,18.44,1
2353,2,933,426,3300,35.69,1
2353,6,450,434,1717,18.57,1
2354,2,933,426,3301,35.7,1
2354,6,450,434,1691,18.29,1
2355,2,933,426,3288,35.56,1
2355,6,450,433,1685,18.22,1
2356,2,933,426,3314,35.84,1
2356,6,450,433,1699,18.37,1
2357,2,933,426,3309,35.78,1
2357,6,450,433,1691,18.29,1
2358,2,933,426,3293,35.61,1
2358,6,450,434,1706,18.45,1
2359,2,933,426,3290,35.58,1
2359,6,450,433,1683,18.2,1
2360,2,933,426,3309,35.78,1
2360,6,450,433,1699,18.37,1
2361,2,933,426,3293,35.61,1
2361,6,450,433,1668,18.04,1
2362,2,933,426,3305,35.74,1
2362,6,450,433,1684,18.21,1
2363,2,933,426,3309,35.78,1
2363,6,450,433,1666,18.02,1
2364,2,933,426,3302,35.71,1
2364,6,450,433,1729,18.7,1
2365,2,933,426,3314,35.84,1
2365,6,450,433,1712,18.51,1
2366,2,933,426,3320,35.9,1
2366,6,450,434,1687,18.24,1
2367,2,933,426,3312,35.82,1
2367,6,450,433,1662,17.97,1
2368,2,933,426,3307,35.76,1
2368,6,450,433,1694,18.32,1
2369,2,933,426,3312,35.82,1
2369,6,450,433,1683,18.2,1
2370,2,933,426,3283,35.5,1
2370,6,450,433,1668,18.04,1
2371,2,933,426,3281,35.48,1
2371,6,450,433,1686,18.23,1
2372,2,933,426,3292,35.6,1
2372,6,450,433,1669,18.05,1
2373,2,933,426,3285,35.53,1
2373,6,450,433,1678,18.15,1
2374,2,933,426,3273,35.4,1
2374,6,450,433,1687,18.24,1
2375,2,933,426,3311,35.81,1
2375,6,450,433,1688,18.25,1
2376,2,933,426,3296,35.64,1
2376,6,450,433,1680,18.17,1
2377,2,933,426,3302,35.71,1
2377,6,450,433,1666,18.02,1
2378,2,933,426,3293,35.61,1
2378,6,450,433,1662,17.97,1
2379,2,933,426,3292,35.6,1
2379,6,450,433,1679,18.16,1
2380,2,933,426,3306,35.75,1
2380,6,450,433,1686,18.23,1
2381,2,933,426,3298,35.67,1
2381,6,450,433,1670,18.06,1
2381,117,380,444,164,1.77,1
2382,2,933,426,3274,35.41,1
2382,6,450,433,1666,18.02,1
2383,2,933,426,3297,35.65,1
2383,6,450,433,1694,18.32,1
2384,2,933,426,3296,35.64,1
2384,6,450,433,1683,18.2,1
2385,2,933,426,3284,35.51,1
2385,6,450,433,1662,17.97,1
2386,2,933,426,3313,35.83,1
2386,6,450,433,1679,18.16,1
2387,2,933,426,3309,35.78,1
2387,6,450,433,1703,18.42,1
2388,2,933,426,3300,35.69,1
2388,6,450,433,1697,18.35,1
2389,2,933,426,3301,35.7,1
2389,6,450,433,1688,18.25,1
2390,2,933,426,3283,35.5,1
2390,6,450,433,1681,18.18,1
2391,2,933,426,3298,35.67,1
2391,6,450,433,1701,18.4,1
2392,2,933,426,3322,35.93,1
2392,6,450,434,1709,18.48,1
2393,2,933,426,3290,35.58,1
2393,6,450,434,1692,18.3,1
2394,2,933,426,3288,35.56,1
2394,6,450,433,1684,18.21,1
2395,2,933,426,3286,35.54,1
2395,6,450,434,1715,18.55,1
2396,2,933,426,3280,35.47,1
2396,6,450,433,1681,18.18,1
2397,2,933,426,3301,35.7,1
2397,6,450,434,1706,18.45,1
2398,2,933,426,3282,35.49,1
2398,6,450,434,1700,18.38,1
2399,2,933,426,3295,35.63,1
2399,6,450,433,1711,18.5,1
2400,2,933,426,3302,35.71,1
2400,6,450,433,1695,18.33,1
2401,2,933,426,3314,35.84,1
2401,6,450,433,1684,18.21,1
2402,2,933,426,3313,35.83,1
2402,6,450,434,1692,18.3,1
2403,2,933,426,3293,35.61,1
2403,6,450,433,1705,18.44,1
2403,118,381,445,166,1.8,1
2404,2,933,426,3318,35.88,1
2404,6,450,433,1709,18.48,1
2405,2,933,426,3307,35.76,1
2405,6,450,433,1707,18.46,1
2406,2,933,426,3300,35.69,1
2406,6,450,433,1680,18.17,1
2407,2,933,426,3312,35.82,1
2407,6,450,434,1705,18.44,1
2408,2,933,426,3302,35.71,1
2408,6,450,433,1690,18.28,1
2409,2,933,426,3297,35.65,1
2409,6,450,433,1707,18.46,1
2410,2,933,426,3292,35.6,1
2410,6,450,434,1705,18.44,1
2411,2,933,426,3300,35.69,1
2411,6,450,433,1698,18.36,1
2412,2,933,426,3307,35.76,1
2412,6,450,434,1713,18.52,1
2413,2,933,426,3302,35.71,1
2413,6,450,434,1714,18.54,1
2414,2,933,426,3267,35.33,1
2414,6,450,434,1686,18.23,1
2415,2,933,426,3295,35.63,1
2415,6,450,434,1691,18.29,1
2416,2,933,426,3292,35.6,1
2416,6,450,434,1718,18.58,1
2417,2,933,426,3302,35.71,1
2417,6,450,433,1699,18.37,1
2418,2,933,426,3294,35.62,1
2418,6,450,434,1685,18.22,1
2419,2,933,426,3306,35.75,1
2419,6,450,433,1717,18.57,1
2419,119,381,444,154,1.67,1
2420,2,933,426,3304,35.73,1
2420,6,450,433,1690,18.28,1
2420,119,380,444,159,1.72,1
2421,2,933,426,3304,35.73,1
2421,6,450,433,1697,18.35,1
2422,2,933,426,3298,35.67,1
2422,6,450,433,1687,18.24,1
2423,2,933,426,3271,35.37,1
2423,6,450,433,1701,18.4,1
2424,2,933,426,3322,35.93,1
2424,6,450,433,1705,18.44,1
2425,2,933,426,3316,35.86,1
2425,6,450,434,1690,18.28,1
2426,2,933,426,3303,35.72,1
2426,6,450,434,1707,18.46,1
2427,2,933,426,3292,35.6,1
2427,6,450,434,1710,18.49,1
2428,2,933,426,3300,35.69,1
2428,6,450,433,1706,18.45,1
2429,2,933,426,3299,35.68,1
2429,6,450,434,1728,18.69,1
2430,2,933,426,3300,35.69,1
2430,6,450,434,1699,18.37,1
2431,2,933,426,3312,35.82,1
2431,6,450,433,1720,18.6,1
2432,2,933,426,3290,35.58,1
2432,6,450,434,1702,18.41,1
2433,2,933,426,3284,35.51,1
2433,6,450,433,1708,18.47,1
2434,2,933,426,3291,35.59,1
2434,6,450,433,1708,18.47,1
2435,2,933,426,3297,35.65,1
2435,6,450,434,1716,18.56,1
2436,2,933,426,3297,35.65,1
2436,6,450,433,1692,18.3,1
2437,2,933,426,3310,35.8,1
2437,6,450,433,1686,18.23,1
2438,2,933,426,3293,35.61,1
2438,6,450,433,1707,18.46,1
2439,2,933,426,3310,35.8,1
2439,6,450,433,1678,18.15,1
2440,2,933,426,3314,35.84,1
2440,6,450,433,1728,18.69,1
2441,2,933,426,3291,35.59,1
2441,6,450,433,1670,18.06,1
2442,2,933,426,3300,35.69,1
2442,6,450,433,1687,18.24,1
2443,2,933,426,3289,35.57,1
2443,6,450,433,1686,18.23,1
2444,2,933,426,3301,35.7,1
2444,6,450,433,1673,18.09,1
2445,2,933,426,3309,35.78,1
2445,6,450,433,1687,18.24,1
2446,2,933,426,3314,35.84,1
2446,6,450,433,1681,18.18,1
2447,2,933,426,3328,35.99,1
2447,6,450,433,1688,18.25,1
2448,2,933,426,3329,36.0,1
2448,6,450,434,1705,18.44,1
2449,2,933,426,3330,36.01,1
2449,6,450,434,1695,18.33,1
2450,2,933,426,3293,35.61,1
2450,6,450,434,1692,18.3,1
2451,2,933,426,3310,35.8,1
2451,6,450,434,1718,18.58,1
2452,2,933,426,3329,36.0,1
2452,6,450,434,1729,18.7,1
2453,2,933,426,3292,35.6,1
2453,6,450,433,1715,18.55,1
2453,120,381,444,150,1.62,1
2454,2,933,426,3296,35.64,1
2454,6,450,433,1687,18.24,1
2455,2,933,426,3300,35.69,1
2455,6,450,433,1692,18.3,1
2456,2,933,426,3336,36.08,1
2456,6,450,434,1746,18.88,1
2456,121,381,444,152,1.64,1
2457,2,933,426,3295,35.63,1
2457,6,450,433,1695,18.33,1
2458,2,933,426,3316,35.86,1
2458,6,450,434,1687,18.24,1
2458,122,380,445,156,1.69,1
2459,2,933,426,3298,35.67,1
2459,6,450,433,1702,18.41,1
2460,2,933,426,3292,35.6,1
2460,6,450,433,1688,18.25,1
2461,2,933,426,3302,35.71,1
2461,6,450,433,1678,18.15,1
2462,2,933,426,3297,35.65,1
2462,6,450,434,1683,18.2,1
2463,2,933,426,3299,35.68,1
2463,6,450,434,1709,18.48,1
2464,2,933,426,3305,35.74,1
2464,6,450,433,1704,18.43,1
2465,2,933,426,3307,35.76,1
2465,6,450,433,1678,18.15,1
2466,2,933,426,3309,35.78,1
2466,6,450,433,1661,17.96,1
2467,2,933,426,3298,35.67,1
2467,6,450,433,1690,18.28,1
2468,2,933,426,3309,35.78,1
2468,6,450,433,1711,18.5,1
2469,2,933,426,3291,35.59,1
2469,6,450,433,1692,18.3,1
2470,2,933,426,3298,35.67,1
2470,6,450,434,1682,18.19,1
2471,2,933,426,3278,35.45,1
2471,6,450,433,1680,18.17,1
2472,2,933,426,3297,35.65,1
2472,6,450,433,1717,18.57,1
2473,2,933,426,3312,35.82,1
2473,6,450,433,1668,18.04,1
2474,2,933,426,3291,35.59,1
2474,6,450,433,1702,18.41,1
2475,2,933,426,3299,35.68,1
2475,6,450,434,1676,18.12,1
2476,2,933,426,3306,35.75,1
2476,6,450,434,1711,18.5,1
2477,2,933,426,3293,35.61,1
2477,6,450,433,1723,18.63,1
2478,2,933,426,3311,35.81,1
2478,6,450,433,1691,18.29,1
2479,2,933,426,3323,35.94,1
2479,6,450,434,1707,18.46,1
2480,2,933,426,3297,35.65,1
2480,6,450,434,1712,18.51,1
2481,2,933,426,3313,35.83,1
2481,6,450,434,1724,18.64,1
2482,2,933,426,3291,35.59,1
2482,6,450,434,1687,18.24,1
2483,2,933,426,3289,35.57,1
2483,6,450,433,1724,18.64,1
2484,2,933,426,3303,35.72,1
2484,6,450,433,1705,18.44,1
2485,2,933,426,3315,35.85,1
2485,6,450,433,1705,18.44,1
2486,2,933,426,3303,35.72,1
2486,6,450,433,1698,18.36,1
2487,2,933,426,3284,35.51,1
2487,6,450,433,1696,18.34,1
2487,123,380,444,156,1.69,1
2488,2,933,426,3297,35.65,1
2488,6,450,433,1705,18.44,1
2489,2,933,426,3294,35.62,1
2489,6,450,433,1697,18.35,1
2490,2,933,426,3277,35.44,1
2490,6,450,433,1688,18.25,1
2491,2,933,426,3314,35.84,1
2491,6,450,433,1682,18.19,1
2492,2,933,426,3308,35.77,1
2492,6,450,434,1696,18.34,1
2493,2,933,426,3303,35.72,1
2493,6,450,433,1685,18.22,1
2494,2,933,426,3290,35.58,1
2494,6,450,433,1683,18.2,1
2495,2,933,426,3302,35.71,1
2495,6,450,433,1685,18.22,1
2496,2,933,426,3326,35.97,1
2496,6,450,433,1699,18.37,1
2497,2,933,426,3298,35.67,1
2497,6,450,433,1667,18.03,1
2498,2,933,426,3302,35.71,1
2498,6,450,433,1673,18.09,1
2499,2,933,426,3307,35.76,1
2499,6,450,433,1695,18.33,1
2500,2,933,426,3302,35.71,1
2500,6,450,433,1694,18.32,1
2501,2,933,426,3315,35.85,1
2501,6,450,433,1715,18.55,1
2502,2,933,426,3289,35.57,1
2502,6,450,433,1700,18.38,1
2503,2,933,426,3307,35.76,1
2503,6,450,433,1723,18.63,1
2504,2,933,426,3306,35.75,1
2504,6,450,434,1722,18.62,1
2505,2,933,426,3303,35.72,1
2505,6,450,434,1715,18.55,1
2506,2,933,426,3306,35.75,1
2506,6,450,434,1716,18.56,1
2507,2,933,426,3315,35.85,1
2507,6,450,434,1718,18.58,1
2508,2,933,426,3322,35.93,1
2508,6,450,434,1715,18.55,1
2509,2,933,426,3321,35.91,1
2509,6,450,434,1720,18.6,1
2510,2,933,426,3290,35.58,1
2510,6,450,434,1685,18.22,1
2511,2,933,426,3297,35.65,1
2511,6,450,433,1694,18.32,1
2512,2,933,426,3287,35.55,1
2512,6,450,433,1699,18.37,1
2513,2,933,426,3309,35.78,1
2513,6,450,434,1711,18.5,1
2514,2,933,426,3282,35.49,1
2514,6,450,434,1689,18.27,1
2515,2,933,426,3298,35.67,1
2515,6,450,434,1730,18.71,1
2516,2,933,426,3306,35.75,1
2516,6,450,433,1709,18.48,1
2517,2,933,426,3292,35.6,1
2517,6,450,434,1710,18.49,1
2518,2,933,426,3285,35.53,1
2518,6,450,433,1673,18.09,1
2519,2,933,426,3278,35.45,1
2519,6,450,433,1695,18.33,1
2520,2,933,426,3310,35.8,1
2520,6,450,433,1699,18.37,1
2521,2,933,426,3294,35.62,1
2521,6,450,433,1686,18.23,1
2522,2,933,426,3300,35.69,1
2522,6,450,433,1707,18.46,1
2523,2,933,426,3296,35.64,1
2523,6,450,433,1713,18.52,1
2524,2,933,426,3299,35.68,1
2524,6,450,433,1703,18.42,1
2525,2,933,426,3314,35.84,1
2525,6,450,434,1706,18.45,1
2526,2,933,426,3294,35.62,1
2526,6,450,433,1682,18.19,1
2527,2,933,426,3315,35.85,1
2527,6,450,433,1690,18.28,1
2528,2,933,426,3304,35.73,1
2528,6,450,433,1675,18.11,1
2529,2,933,426,3292,35.6,1
2529,6,450,433,1690,18.28,1
2530,2,933,426,3294,35.62,1
2530,6,450,433,1697,18.35,1
2531,2,933,426,3301,35.7,1
2531,6,450,433,1688,18.25,1
2532,2,933,426,3303,35.72,1
2532,6,450,434,1719,18.59,1
2533,2,933,426,3302,35.71,1
2533,6,450,433,1686,18.23,1
2534,2,933,426,3291,35.59,1
2534,6,450,433,1662,17.97,1
2535,2,933,426,3277,35.44,1
2535,6,450,434,1700,18.38,1
2536,2,933,426,3298,35.67,1
2536,6,450,434,1700,18.38,1
2537,2,933,426,3281,35.48,1
2537,6,450,433,1672,18.08,1
2538,2,933,426,3309,35.78,1
2538,6,450,433,1688,18.25,1
2539,2,933,426,3293,35.61,1
2539,6,450,433,1709,18.48,1
2540,2,933,426,3299,35.68,1
2540,6,450,433,1691,18.29,1
2541,2,933,426,3324,35.95,1
2541,6,450,434,1726,18.67,1
2542,2,933,426,3305,35.74,1
2542,6,450,433,1701,18.4,1
2543,2,933,426,3308,35.77,1
2543,6,450,433,1713,18.52,1
2544,2,933,426,3289,35.57,1
2544,6,450,433,1694,18.32,1
2545,2,933,426,3313,35.83,1
2545,6,450,433,1705,18.44,1
2546,2,933,426,3275,35.42,1
2546,6,450,434,1686,18.23,1
2547,2,933,426,3309,35.78,1
2547,6,450,433,1703,18.42,1
2548,2,933,426,3328,35.99,1
2548,6,450,433,1711,18.5,1
2549,2,933,426,3307,35.76,1
2549,6,450,433,1712,18.51,1
2550,2,933,426,3307,35.76,1
2550,6,450,433,1691,18.29,1
2551,2,933,426,3291,35.59,1
2551,6,450,433,1696,18.34,1
2552,2,933,426,3299,35.68,1
2552,6,450,433,1708,18.47,1
2553,2,933,426,3282,35.49,1
2553,6,450,433,1683,18.2,1
2554,2,933,426,3283,35.5,1
2554,6,450,433,1680,18.17,1
2555,2,933,426,3290,35.58,1
2555,6,450,433,1698,18.36,1
2556,2,933,426,3297,35.65,1
2556,6,450,433,1712,18.51,1
2557,2,933,426,3285,35.53,1
2557,6,450,433,1708,18.47,1
2558,2,933,426,3281,35.48,1
2558,6,450,433,1696,18.34,1
2559,2,933,426,3297,35.65,1
2559,6,450,434,1715,18.55,1
2560,2,933,426,3302,35.71,1
2560,6,450,433,1704,18.43,1
2561,2,933,426,3310,35.8,1
2561,6,450,433,1684,18.21,1
2562,2,933,426,3288,35.56,1
2562,6,450,433,1667,18.03,1
2563,2,933,426,3290,35.58,1
2563,6,450,433,1688,18.25,1
2564,2,933,426,3289,35.57,1
2564,6,450,433,1719,18.59,1
2565,2,933,426,3300,35.69,1
2565,6,450,433,1715,18.55,1
2566,2,933,426,3296,35.64,1
2566,6,450,433,1702,18.41,1
2567,2,933,426,3296,35.64,1
2567,6,450,433,1696,18.34,1
2568,2,933,426,3303,35.72,1
2568,6,450,433,1709,18.48,1
2569,2,933,426,3289,35.57,1
2569,6,450,433,1684,18.21,1
2570,2,933,426,3285,35.53,1
2570,6,450,433,1679,18.16,1
2571,2,933,426,3297,35.65,1
2571,6,450,433,1708,18.47,1
2572,2,933,426,3295,35.63,1
2572,6,450,433,1699,18.37,1
2573,2,933,426,3281,35.48,1
2573,6,450,433,1680,18.17,1
2573,124,381,444,159,1.72,1
2574,2,933,426,3281,35.48,1
2574,6,450,433,1673,18.09,1
2575,2,933,426,3306,35.75,1
2575,6,450,433,1684,18.21,1
2576,2,933,426,3292,35.6,1
2576,6,450,433,1684,18.21,1
2577,2,933,426,3306,35.75,1
2577,6,450,434,1684,18.21,1
2578,2,933,426,3298,35.67,1
2578,6,450,434,1685,18.22,1
2579,2,933,426,3323,35.94,1
2579,6,450,434,1718,18.58,1
2580,2,933,426,3309,35.78,1
2580,6,450,433,1705,18.44,1
2581,2,933,426,3310,35.8,1
2581,6,450,434,1713,18.52,1
2582,2,933,426,3288,35.56,1
2582,6,450,433,1684,18.21,1
2583,2,933,426,3305,35.74,1
2583,6,450,433,1698,18.36,1
2584,2,933,426,3294,35.62,1
2584,6,450,433,1712,18.51,1
2585,2,933,426,3295,35.63,1
2585,6,450,433,1684,18.21,1
2586,2,933,426,3288,35.56,1
2586,6,450,433,1685,18.22,1
2587,2,933,426,3288,35.56,1
2587,6,450,434,1711,18.5,1
2588,2,933,426,3289,35.57,1
2588,6,450,433,1707,18.46,1
2589,2,933,426,3304,35.73,1
2589,6,450,433,1684,18.21,1
2590,2,933,426,3291,35.59,1
2590,6,450,433,1679,18.16,1
2591,2,933,426,3274,35.41,1
2591,6,450,433,1710,18.49,1
2592,2,933,426,3273,35.4,1
2592,6,450,434,1705,18.44,1
2593,2,933,426,3290,35.58,1
2593,6,450,433,1698,18.36,1
2594,2,933,426,3290,35.58,1
2594,6,450,434,1702,18.41,1
2595,2,933,426,3307,35.76,1
2595,6,450,434,1693,18.31,1
2596,2,933,426,3313,35.83,1
2596,6,450,433,1691,18.29,1
2597,2,933,426,3290,35.58,1
2597,6,450,433,1713,18.52,1
2598,2,933,426,3307,35.76,1
2598,6,450,434,1721,18.61,1
2599,2,933,426,3288,35.56,1
2599,6,450,434,1715,18.55,1
2600,2,933,426,3348,36.21,1
2600,6,450,433,1700,18.38,1
2601,2,933,426,3313,35.83,1
2601,6,450,433,1720,18.6,1
2602,2,933,426,3312,35.82,1
2602,6,450,433,1717,18.57,1
2603,2,933,426,3315,35.85,1
2603,6,450,433,1742,18.84,1
2604,2,933,426,3327,35.98,1
2604,6,450,433,1711,18.5,1
2605,2,933,426,3294,35.62,1
2605,6,450,434,1745,18.87,1
2606,2,933,426,3311,35.81,1
2606,6,450,433,1734,18.75,1
2607,2,933,426,3309,35.78,1
2607,6,450,434,1719,18.59,1
2608,2,933,426,3304,35.73,1
2608,6,450,434,1680,18.17,1
2609,2,933,426,3319,35.89,1
2609,6,450,433,1697,18.35,1
2610,2,933,426,3308,35.77,1
2610,6,450,433,1691,18.29,1
2611,2,933,426,3315,35.85,1
2611,6,450,433,1704,18.43,1
2612,2,933,426,3300,35.69,1
2612,6,450,433,1700,18.38,1
2613,2,933,426,3304,35.73,1
2613,6,450,433,1691,18.29,1
2614,2,933,426,3297,35.65,1
2614,6,450,433,1712,18.51,1
2615,2,933,426,3286,35.54,1
2615,6,450,433,1710,18.49,1
2616,2,933,426,3314,35.84,1
2616,6,450,434,1733,18.74,1
2617,2,933,426,3329,36.0,1
2617,6,450,434,1712,18.51,1
2618,2,933,426,3307,35.76,1
2618,6,450,434,1721,18.61,1
2619,2,933,426,3313,35.83,1
2619,6,450,433,1693,18.31,1
2620,2,933,426,3296,35.64,1
2620,6,450,434,1688,18.25,1
2621,2,933,426,3318,35.88,1
2621,6,450,434,1701,18.4,1
2622,2,933,426,3278,35.45,1
2622,6,450,433,1711,18.5,1
2623,2,933,426,3311,35.81,1
2623,6,450,433,1686,18.23,1
2624,2,933,426,3270,35.36,1
2624,6,450,434,1680,18.17,1
2625,2,933,426,3290,35.58,1
2625,6,450,434,1727,18.68,1
2626,2,933,426,3281,35.48,1
2626,6,450,434,1696,18.34,1
2627,2,933,426,3291,35.59,1
2627,6,450,433,1701,18.4,1
2628,2,933,426,3287,35.55,1
2628,6,450,434,1712,18.51,1
2629,2,933,426,3297,35.65,1
2629,6,450,434,1727,18.68,1
2630,2,933,426,3308,35.77,1
2630,6,450,433,1693,18.31,1
2631,2,933,426,3303,35.72,1
2631,6,450,434,1696,18.34,1
2632,2,933,426,3307,35.76,1
2632,6,450,433,1705,18.44,1
2633,2,933,426,3314,35.84,1
2633,6,450,433,1704,18.43,1
2634,2,933,426,3306,35.75,1
2634,6,450,434,1689,18.27,1
2635,2,933,426,3307,35.76,1
2635,6,450,433,1682,18.19,1
2636,2,933,426,3306,35.75,1
2636,6,450,434,1707,18.46,1
2637,2,933,426,3311,35.81,1
2637,6,450,434,1736,18.77,1
2637,125,380,444,152,1.64,1
2638,2,933,426,3308,35.77,1
2638,6,450,434,1751,18.94,1
2639,2,933,426,3318,35.88,1
2639,6,450,434,1723,18.63,1
2639,126,381,444,157,1.7,1
2640,2,933,426,3302,35.71,1
2640,6,450,433,1707,18.46,1
2640,126,381,444,154,1.67,1
2641,2,933,426,3314,35.84,1
2641,6,450,434,1737,18.78,1
2642,2,933,426,3314,35.84,1
2642,6,450,434,1701,18.4,1
2643,2,933,426,3281,35.48,1
2643,6,450,434,1728,18.69,1
2644,2,933,426,3287,35.55,1
2644,6,450,433,1680,18.17,1
2645,2,933,426,3315,35.85,1
2645,6,450,434,1708,18.47,1
2646,2,933,426,3286,35.54,1
2646,6,450,434,1708,18.47,1
2647,2,933,426,3293,35.61,1
2647,6,450,433,1681,18.18,1
2648,2,933,426,3312,35.82,1
2648,6,450,434,1691,18.29,1
2649,2,933,426,3310,35.8,1
2649,6,450,433,1692,18.3,1
2650,2,933,426,3307,35.76,1
2650,6,450,433,1683,18.2,1
2651,2,933,426,3302,35.71,1
2651,6,450,433,1717,18.57,1
2652,2,933,426,3318,35.88,1
2652,6,450,433,1678,18.15,1
2653,2,933,426,3313,35.83,1
2653,6,450,434,1703,18.42,1
2654,2,933,426,3313,35.83,1
2654,6,450,433,1689,18.27,1
2655,2,933,426,3293,35.61,1
2655,6,450,433,1677,18.14,1
2656,2,933,426,3288,35.56,1
2656,6,450,433,1691,18.29,1
2657,2,933,426,3295,35.63,1
2657,6,450,434,1708,18.47,1
2658,2,933,426,3301,35.7,1
2658,6,450,433,1704,18.43,1
2659,2,933,426,3292,35.6,1
2659,6,450,433,1711,18.5,1
2660,2,933,426,3290,35.58,1
2660,6,450,433,1691,18.29,1
2661,2,933,426,3312,35.82,1
2661,6,450,433,1718,18.58,1
2662,2,933,426,3314,35.84,1
2662,6,450,434,1720,18.6,1
2663,2,933,426,3293,35.61,1
2663,6,450,433,1708,18.47,1
2664,2,933,426,3287,35.55,1
2664,6,450,434,1686,18.23,1
2665,2,933,426,3292,35.6,1
2665,6,450,433,1685,18.22,1
2666,2,933,426,3304,35.73,1
2666,6,450,433,1701,18.4,1
2667,2,933,426,3300,35.69,1
2667,6,450,433,1688,18.25,1
2668,2,933,426,3291,35.59,1
2668,6,450,434,1682,18.19,1
2669,2,933,426,3317,35.87,1
2669,6,450,434,1733,18.74,1
2670,2,933,426,3315,35.85,1
2670,6,450,433,1695,18.33,1
2670,127,380,444,152,1.64,1
2671,2,933,426,3317,35.87,1
2671,6,450,434,1712,18.51,1
2672,2,933,426,3301,35.7,1
2672,6,450,433,1667,18.03,1
2673,2,933,426,3306,35.75,1
2673,6,450,433,1703,18.42,1
2674,2,933,426,3286,35.54,1
2674,6,450,434,1685,18.22,1
2675,2,933,426,3294,35.62,1
2675,6,450,433,1710,18.49,1
2675,128,381,444,150,1.62,1
2676,2,933,426,3297,35.65,1
2676,6,450,433,1693,18.31,1
2677,2,933,426,3292,35.6,1
2677,6,450,434,1713,18.52,1
2678,2,933,426,3294,35.62,1
2678,6,450,434,1705,18.44,1
2679,2,933,426,3299,35.68,1
2679,6,450,434,1708,18.47,1
2680,2,933,426,3290,35.58,1
2680,6,450,434,1726,18.67,1
2681,2,933,426,3302,35.71,1
2681,6,450,434,1691,18.29,1
2682,2,933,426,3308,35.77,1
2682,6,450,433,1693,18.31,1
2683,2,933,426,3296,35.64,1
2683,6,450,434,1668,18.04,1
2684,2,933,426,3302,35.71,1
2684,6,450,434,1666,18.02,1
2685,2,933,426,3320,35.9,1
2685,6,450,434,1712,18.51,1
2686,2,933,426,3305,35.74,1
2686,6,450,433,1686,18.23,1
2687,2,933,426,3311,35.81,1
2687,6,450,433,1685,18.22,1
2687,129,381,443,152,1.64,1
2688,2,933,426,3288,35.56,1
2688,6,450,433,1687,18.24,1
2689,2,933,426,3303,35.72,1
2689,6,450,433,1692,18.3,1
2690,2,933,426,3321,35.91,1
2690,6,450,433,1713,18.52,1
2691,2,933,426,3313,35.83,1
2691,6,450,433,1707,18.46,1
2692,2,933,426,3282,35.49,1
2692,6,450,433,1698,18.36,1
2693,2,933,426,3309,35.78,1
2693,6,450,434,1717,18.57,1
2693,130,381,444,157,1.7,1
2694,2,933,426,3305,35.74,1
2694,6,450,433,1719,18.59,1
2695,2,933,426,3295,35.63,1
2695,6,450,433,1712,18.51,1
2696,2,933,426,3291,35.59,1
2696,6,450,433,1716,18.56,1
2697,2,933,426,3291,35.59,1
2697,6,450,433,1709,18.48,1
2698,2,933,426,3311,35.81,1
2698,6,450,433,1710,18.49,1
2699,2,933,426,3314,35.84,1
2699,6,450,433,1723,18.63,1
2700,2,933,426,3299,35.68,1
2700,6,450,433,1695,18.33,1
2701,2,933,426,3307,35.76,1
2701,6,450,434,1702,18.41,1
2702,2,933,426,3306,35.75,1
2702,6,450,433,1710,18.49,1
2703,2,933,426,3288,35.56,1
2703,6,450,433,1722,18.62,1
2704,2,933,426,3291,35.59,1
2704,6,450,433,1672,18.08,1
2705,2,933,426,3303,35.72,1
2705,6,450,434,1715,18.55,1
2706,2,933,426,3306,35.75,1
2706,6,450,434,1707,18.46,1
2707,2,933,426,3308,35.77,1
2707,6,450,433,1712,18.51,1
2708,2,933,426,3298,35.67,1
2708,6,450,433,1693,18.31,1
2709,2,933,426,3297,35.65,1
2709,6,450,433,1704,18.43,1
2710,2,933,426,3288,35.56,1
2710,6,450,433,1700,18.38,1
2711,2,933,426,3301,35.7,1
2711,6,450,433,1678,18.15,1
2712,2,933,426,3293,35.61,1
2712,6,450,434,1714,18.54,1
2713,2,933,426,3276,35.43,1
2713,6,450,433,1702,18.41,1
2714,2,933,426,3313,35.83,1
2714,6,450,433,1728,18.69,1
2715,2,933,426,3298,35.67,1
2715,6,450,433,1681,18.18,1
2716,2,933,426,3292,35.6,1
2716,6,450,433,1674,18.1,1
2717,2,933,426,3326,35.97,1
2717,6,450,433,1710,18.49,1
2717,131,381,444,158,1.71,1
2718,2,933,426,3308,35.77,1
2718,6,450,433,1716,18.56,1
2718,131,380,444,152,1.64,1
2719,2,933,426,3314,35.84,1
2719,6,450,433,1697,18.35,1
2720,2,933,426,3301,35.7,1
2720,6,450,433,1700,18.38,1
2721,2,933,426,3301,35.7,1
2721,6,450,434,1712,18.51,1
2722,2,933,426,3308,35.77,1
2722,6,450,433,1704,18.43,1
2723,2,933,426,3303,35.72,1
2723,6,450,434,1692,18.3,1
2724,2,933,426,3293,35.61,1
2724,6,450,434,1710,18.49,1
2724,132,380,444,151,1.63,1
2725,2,933,426,3336,36.08,1
2725,6,450,434,1715,18.55,1
2726,2,933,426,3303,35.72,1
2726,6,450,433,1692,18.3,1
2727,2,933,426,3283,35.5,1
2727,6,450,433,1698,18.36,1
2728,2,933,426,3293,35.61,1
2728,6,450,434,1710,18.49,1
2729,2,933,426,3305,35.74,1
2729,6,450,434,1714,18.54,1
2729,133,380,444,150,1.62,1
2730,2,933,426,3308,35.77,1
2730,6,450,434,1716,18.56,1
2731,2,933,426,3297,35.65,1
2731,6,450,433,1704,18.43,1
2732,2,933,426,3305,35.74,1
2732,6,450,433,1698,18.36,1
2733,2,933,426,3314,35.84,1
2733,6,450,433,1703,18.42,1
2734,2,933,426,3298,35.67,1
2734,6,450,433,1693,18.31,1
2735,2,933,426,3308,35.77,1
2735,6,450,433,1694,18.32,1
2736,2,933,426,3311,35.81,1
2736,6,450,433,1707,18.46,1
2737,2,933,426,3334,36.05,1
2737,6,450,433,1704,18.43,1
2738,2,933,426,3310,35.8,1
2738,6,450,434,1705,18.44,1
2739,2,933,426,3314,35.84,1
2739,6,450,434,1718,18.58,1
2740,2,933,426,3326,35.97,1
2740,6,450,433,1696,18.34,1
2741,2,933,426,3314,35.84,1
2741,6,450,433,1708,18.47,1
2742,2,933,426,3299,35.68,1
2742,6,450,434,1690,18.28,1
2743,2,933,426,3297,35.65,1
2743,6,450,433,1700,18.38,1
2744,2,933,426,3311,35.81,1
2744,6,450,433,1719,18.59,1
2745,2,933,426,3276,35.43,1
2745,6,450,434,1718,18.58,1
2746,2,933,426,3278,35.45,1
2746,6,450,433,1701,18.4,1
2747,2,933,426,3283,35.5,1
2747,6,450,433,1697,18.35,1
2748,2,933,426,3298,35.67,1
2748,6,450,434,1735,18.76,1
2749,2,933,426,3329,36.0,1
2749,6,450,433,1717,18.57,1
2750,2,933,426,3300,35.69,1
2750,6,450,433,1679,18.16,1
2751,2,933,426,3322,35.93,1
2751,6,450,433,1689,18.27,1
2752,2,933,426,3292,35.6,1
2752,6,450,434,1709,18.48,1
2753,2,933,426,3326,35.97,1
2753,6,450,434,1725,18.65,1
2754,2,933,426,3297,35.65,1
2754,6,450,433,1707,18.46,1
2755,2,933,426,3307,35.76,1
2755,6,450,434,1714,18.54,1
2756,2,933,426,3338,36.1,1
2756,6,450,434,1713,18.52,1
2757,2,933,426,3345,36.17,1
2757,6,450,434,1719,18.59,1
2758,2,933,426,3299,35.68,1
2758,6,450,433,1710,18.49,1
2759,2,933,426,3307,35.76,1
2759,6,450,433,1684,18.21,1
2760,2,933,426,3317,35.87,1
2760,6,450,434,1720,18.6,1
2761,2,933,426,3301,35.7,1
2761,6,450,434,1722,18.62,1
2762,2,933,426,3297,35.65,1
2762,6,450,433,1733,18.74,1
2763,2,933,426,3272,35.38,1
2763,6,450,433,1703,18.42,1
2764,2,933,426,3301,35.7,1
2764,6,450,433,1706,18.45,1
2765,2,933,426,3320,35.9,1
2765,6,450,433,1723,18.63,1
2766,2,933,426,3307,35.76,1
2766,6,450,434,1698,18.36,1
2767,2,933,426,3305,35.74,1
2767,6,450,433,1694,18.32,1
2768,2,933,426,3300,35.69,1
2768,6,450,434,1695,18.33,1
2769,2,933,426,3312,35.82,1
2769,6,450,433,1699,18.37,1
2770,2,933,426,3306,35.75,1
2770,6,450,433,1675,18.11,1
2771,2,933,426,3306,35.75,1
2771,6,450,433,1684,18.21,1
2772,2,933,426,3316,35.86,1
2772,6,450,433,1697,18.35,1
2772,134,380,444,169,1.83,1
2773,2,933,426,3318,35.88,1
2773,6,450,434,1712,18.51,1
2774,2,933,426,3324,35.95,1
2774,6,450,434,1714,18.54,1
2775,2,933,426,3303,35.72,1
2775,6,450,433,1686,18.23,1
2776,2,933,426,3312,35.82,1
2776,6,450,433,1690,18.28,1
2777,2,933,426,3295,35.63,1
2777,6,450,433,1692,18.3,1
2778,2,933,426,3300,35.69,1
2778,6,450,433,1702,18.41,1
2779,2,933,426,3304,35.73,1
2779,6,450,433,1680,18.17,1
2780,2,933,426,3317,35.87,1
2780,6,450,433,1694,18.32,1
2781,2,933,426,3310,35.8,1
2781,6,450,434,1735,18.76,1
2781,135,381,444,163,1.76,1
2782,2,933,426,3305,35.74,1
2782,6,450,434,1692,18.3,1
2783,2,933,426,3313,35.83,1
2783,6,450,434,1693,18.31,1
2784,2,933,426,3303,35.72,1
2784,6,450,434,1720,18.6,1
2785,2,933,426,3314,35.84,1
2785,6,450,434,1712,18.51,1
2786,2,933,426,3317,35.87,1
2786,6,450,433,1682,18.19,1
2787,2,933,426,3297,35.65,1
2787,6,450,434,1708,18.47,1
2788,2,933,426,3297,35.65,1
2788,6,450,433,1706,18.45,1
2789,2,933,426,3328,35.99,1
2789,6,450,433,1715,18.55,1
2790,2,933,426,3308,35.77,1
2790,6,450,433,1687,18.24,1
2791,2,933,426,3272,35.38,1
2791,6,450,433,1691,18.29,1
2792,2,933,426,3310,35.8,1
2792,6,450,434,1711,18.5,1
2793,2,933,426,3308,35.77,1
2793,6,450,433,1691,18.29,1
2794,2,933,426,3314,35.84,1
2794,6,450,433,1679,18.16,1
2795,2,933,426,3301,35.7,1
2795,6,450,434,1719,18.59,1
2796,2,933,426,3293,35.61,1
2796,6,450,433,1718,18.58,1
2797,2,933,426,3305,35.74,1
2797,6,450,433,1706,18.45,1
2798,2,933,426,3299,35.68,1
2798,6,450,433,1681,18.18,1
2799,2,933,426,3311,35.81,1
2799,6,450,433,1704,18.43,1
2800,2,933,426,3301,35.7,1
2800,6,450,433,1679,18.16,1
2801,2,933,426,3304,35.73,1
2801,6,450,433,1705,18.44,1
2802,2,933,426,3297,35.65,1
2802,6,450,433,1706,18.45,1
2803,2,933,426,3296,35.64,1
2803,6,450,434,1707,18.46,1
2804,2,933,426,3300,35.69,1
2804,6,450,434,1718,18.58,1
2805,2,933,426,3293,35.61,1
2805,6,450,434,1722,18.62,1
2806,2,933,426,3307,35.76,1
2806,6,450,434,1700,18.38,1
2807,2,933,426,3309,35.78,1
2807,6,450,433,1704,18.43,1
2808,2,933,426,3316,35.86,1
2808,6,450,433,1702,18.41,1
2809,2,933,426,3315,35.85,1
2809,6,450,433,1722,18.62,1
2810,2,933,426,3308,35.77,1
2810,6,450,433,1722,18.62,1
2811,2,933,426,3315,35.85,1
2811,6,450,433,1687,18.24,1
2811,136,380,444,159,1.72,1
2812,2,933,426,3298,35.67,1
2812,6,450,433,1696,18.34,1
2813,2,933,426,3313,35.83,1
2813,6,450,433,1716,18.56,1
2814,2,933,426,3323,35.94,1
2814,6,450,433,1680,18.17,1
2815,2,933,426,3290,35.58,1
2815,6,450,433,1697,18.35,1
2816,2,933,426,3289,35.57,1
2816,6,450,433,1703,18.42,1
2817,2,933,426,3305,35.74,1
2817,6,450,433,1713,18.52,1
2817,137,381,444,164,1.77,1
2818,2,933,426,3295,35.63,1
2818,6,450,433,1703,18.42,1
2819,2,933,426,3289,35.57,1
2819,6,450,434,1705,18.44,1
2820,2,933,426,3296,35.64,1
2820,6,450,433,1718,18.58,1
2821,2,933,426,3282,35.49,1
2821,6,450,434,1724,18.64,1
2822,2,933,426,3297,35.65,1
2822,6,450,434,1674,18.1,1
2822,138,380,445,169,1.83,1
2823,2,933,426,3275,35.42,1
2823,6,450,434,1682,18.19,1
2824,2,933,426,3279,35.46,1
2824,6,450,434,1715,18.55,1
2825,2,933,426,3281,35.48,1
2825,6,450,434,1689,18.27,1
2826,2,933,426,3285,35.53,1
2826,6,450,433,1682,18.19,1
2827,2,933,426,3285,35.53,1
2827,6,450,433,1685,18.22,1
2828,2,933,426,3310,35.8,1
2828,6,450,433,1686,18.23,1
2829,2,933,426,3331,36.02,1
2829,6,450,433,1728,18.69,1
2829,139,381,444,155,1.68,1
2830,2,933,426,3314,35.84,1
2830,6,450,433,1685,18.22,1
2831,2,933,426,3296,35.64,1
2831,6,450,433,1687,18.24,1
2832,2,933,426,3305,35.74,1
2832,6,450,434,1699,18.37,1
2833,2,933,426,3327,35.98,1
2833,6,450,434,1726,18.67,1
2834,2,933,426,3301,35.7,1
2834,6,450,433,1692,18.3,1
2835,2,933,426,3326,35.97,1
2835,6,450,433,1690,18.28,1
2836,2,933,426,3319,35.89,1
2836,6,450,434,1695,18.33,1
2837,2,933,426,3315,35.85,1
2837,6,450,433,1726,18.67,1
2838,2,933,426,3319,35.89,1
2838,6,450,433,1679,18.16,1
2839,2,933,426,3295,35.63,1
2839,6,450,433,1662,17.97,1
2840,2,933,426,3333,36.04,1
2840,6,450,433,1709,18.48,1
2841,2,933,426,3307,35.76,1
2841,6,450,434,1704,18.43,1
2841,140,381,444,151,1.63,1
2842,2,933,426,3314,35.84,1
2842,6,450,434,1695,18.33,1
2843,2,933,426,3294,35.62,1
2843,6,450,433,1704,18.43,1
2844,2,933,426,3316,35.86,1
2844,6,450,434,1715,18.55,1
2845,2,933,426,3328,35.99,1
2845,6,450,433,1704,18.43,1
2846,2,933,426,3319,35.89,1
2846,6,450,433,1676,18.12,1
2847,2,933,426,3322,35.93,1
2847,6,450,433,1702,18.41,1
2848,2,933,426,3327,35.98,1
2848,6,450,433,1700,18.38,1
2849,2,933,426,3310,35.8,1
2849,6,450,433,1682,18.19,1
2850,2,933,426,3310,35.8,1
2850,6,450,433,1704,18.43,1
2851,2,933,426,3316,35.86,1
2851,6,450,433,1714,18.54,1
2852,2,933,426,3326,35.97,1
2852,6,450,433,1707,18.46,1
2853,2,933,426,3327,35.98,1
2853,6,450,434,1757,19.0,1
2854,2,933,426,3303,35.72,1
2854,6,450,434,1704,18.43,1
2855,2,933,426,3320,35.9,1
2855,6,450,433,1705,18.44,1
2856,2,933,426,3303,35.72,1
2856,6,450,434,1734,18.75,1
2857,2,933,426,3308,35.77,1
2857,6,450,433,1688,18.25,1
2858,2,933,426,3305,35.74,1
2858,6,450,433,1685,18.22,1
2859,2,933,426,3306,35.75,1
2859,6,450,434,1693,18.31,1
2860,2,933,426,3313,35.83,1
2860,6,450,433,1704,18.43,1
2861,2,933,426,3321,35.91,1
2861,6,450,434,1729,18.7,1
2862,2,933,426,3308,35.77,1
2862,6,450,433,1699,18.37,1
2863,2,933,426,3311,35.81,1
2863,6,450,433,1687,18.24,1
2864,2,933,426,3313,35.83,1
2864,6,450,434,1714,18.54,1
2865,2,933,426,3314,35.84,1
2865,6,450,433,1687,18.24,1
2866,2,933,426,3296,35.64,1
2866,6,450,433,1703,18.42,1
2867,2,933,426,3304,35.73,1
2867,6,450,433,1692,18.3,1
2868,2,933,426,3322,35.93,1
2868,6,450,433,1686,18.23,1
2869,2,933,426,3330,36.01,1
2869,6,450,434,1727,18.68,1
2869,141,380,444,165,1.78,1
2870,2,933,426,3315,35.85,1
2870,6,450,434,1695,18.33,1
2870,141,380,444,157,1.7,1
2871,2,933,426,3313,35.83,1
2871,6,450,433,1687,18.24,1
2872,2,933,426,3309,35.78,1
2872,6,450,433,1713,18.52,1
2873,2,933,426,3312,35.82,1
2873,6,450,434,1715,18.55,1
2874,2,933,426,3309,35.78,1
2874,6,450,434,1732,18.73,1
2875,2,933,426,3288,35.56,1
2875,6,450,434,1694,18.32,1
2876,2,933,426,3340,36.12,1
2876,6,450,434,1696,18.34,1
2877,2,933,426,3331,36.02,1
2877,6,450,433,1690,18.28,1
2878,2,933,426,3295,35.63,1
2878,6,450,433,1671,18.07,1
2879,2,933,426,3311,35.81,1
2879,6,450,433,1691,18.29,1
2880,2,933,426,3318,35.88,1
2880,6,450,434,1705,18.44,1
2881,2,933,426,3311,35.81,1
2881,6,450,433,1682,18.19,1
2882,2,933,426,3314,35.84,1
2882,6,450,433,1674,18.1,1
2883,2,933,426,3291,35.59,1
2883,6,450,433,1688,18.25,1
2884,2,933,426,3296,35.64,1
2884,6,450,434,1686,18.23,1
2885,2,933,426,3317,35.87,1
2885,6,450,434,1703,18.42,1
2886,2,933,426,3301,35.7,1
2886,6,450,433,1675,18.11,1
2887,2,933,426,3303,35.72,1
2887,6,450,434,1701,18.4,1
2888,2,933,426,3311,35.81,1
2888,6,450,434,1709,18.48,1
2888,142,381,444,163,1.76,1
2889,2,933,426,3304,35.73,1
2889,6,450,433,1692,18.3,1
2890,2,933,426,3311,35.81,1
2890,6,450,434,1692,18.3,1
2891,2,933,426,3305,35.74,1
2891,6,450,433,1673,18.09,1
2892,2,933,426,3315,35.85,1
2892,6,450,433,1706,18.45,1
2893,2,933,426,3325,35.96,1
2893,6,450,434,1701,18.4,1
2894,2,933,426,3310,35.8,1
2894,6,450,434,1704,18.43,1
2895,2,933,426,3310,35.8,1
2895,6,450,433,1704,18.43,1
2896,2,933,426,3306,35.75,1
2896,6,450,434,1725,18.65,1
2897,2,933,426,3304,35.73,1
2897,6,450,433,1694,18.32,1
2898,2,933,426,3302,35.71,1
2898,6,450,433,1679,18.16,1
2899,2,933,426,3305,35.74,1
2899,6,450,434,1703,18.42,1
2900,2,933,426,3304,35.73,1
2900,6,450,434,1731,18.72,1
2901,2,933,426,3310,35.8,1
2901,6,450,433,1724,18.64,1
2901,143,381,444,152,1.64,1
2902,2,933,426,3325,35.96,1
2902,6,450,434,1731,18.72,1
2903,2,933,426,3318,35.88,1
2903,6,450,433,1707,18.46,1
2904,2,933,426,3288,35.56,1
2904,6,450,433,1717,18.57,1
2905,2,933,426,3296,35.64,1
2905,6,450,433,1692,18.3,1
2906,2,933,426,3302,35.71,1
2906,6,450,433,1703,18.42,1
2906,144,381,444,152,1.64,1
2907,2,933,426,3306,35.75,1
2907,6,450,433,1707,18.46,1
2908,2,933,426,3328,35.99,1
2908,6,450,433,1707,18.46,1
2908,145,381,445,158,1.71,1
2909,2,933,426,3327,35.98,1
2909,6,450,433,1708,18.47,1
2910,2,933,426,3297,35.65,1
2910,6,450,433,1675,18.11,1
2911,2,933,426,3301,35.7,1
2911,6,450,434,1737,18.78,1
2912,2,933,426,3295,35.63,1
2912,6,450,434,1717,18.57,1
2913,2,933,426,3298,35.67,1
2913,6,450,434,1713,18.52,1
2914,2,933,426,3292,35.6,1
2914,6,450,433,1680,18.17,1
2915,2,933,426,3267,35.33,1
2915,6,450,433,1681,18.18,1
2916,2,933,426,3292,35.6,1
2916,6,450,434,1708,18.47,1
2917,2,933,426,3319,35.89,1
2917,6,450,433,1706,18.45,1
2918,2,933,426,3288,35.56,1
2918,6,450,433,1687,18.24,1
2919,2,933,426,3285,35.53,1
2919,6,450,433,1674,18.1,1
2920,2,933,426,3296,35.64,1
2920,6,450,434,1722,18.62,1
2921,2,933,426,3295,35.63,1
2921,6,450,433,1664,18.0,1
2922,2,933,426,3298,35.67,1
2922,6,450,433,1686,18.23,1
2923,2,933,426,3277,35.44,1
2923,6,450,433,1674,18.1,1
2924,2,933,426,3300,35.69,1
2924,6,450,433,1679,18.16,1
2925,2,933,426,3297,35.65,1
2925,6,450,434,1717,18.57,1
2926,2,933,426,3286,35.54,1
2926,6,450,433,1700,18.38,1
2927,2,933,426,3290,35.58,1
2927,6,450,433,1685,18.22,1
2928,2,933,426,3304,35.73,1
2928,6,450,433,1682,18.19,1
2929,2,933,426,3319,35.89,1
2929,6,450,433,1674,18.1,1
2930,2,933,426,3304,35.73,1
2930,6,450,433,1697,18.35,1
2931,2,933,426,3295,35.63,1
2931,6,450,433,1688,18.25,1
2932,2,933,426,3312,35.82,1
2932,6,450,434,1705,18.44,1
2933,2,933,426,3321,35.91,1
2933,6,450,434,1701,18.4,1
2934,2,933,426,3307,35.76,1
2934,6,450,433,1686,18.23,1
2935,2,933,426,3291,35.59,1
2935,6,450,433,1673,18.09,1
2936,2,933,426,3298,35.67,1
2936,6,450,433,1705,18.44,1
2936,146,380,443,153,1.65,1
2937,2,933,426,3286,35.54,1
2937,6,450,433,1696,18.34,1
2938,2,933,426,3300,35.69,1
2938,6,450,433,1697,18.35,1
2939,2,933,426,3293,35.61,1
2939,6,450,433,1691,18.29,1
2940,2,933,426,3317,35.87,1
2940,6,450,433,1716,18.56,1
2941,2,933,426,3309,35.78,1
2941,6,450,434,1739,18.81,1
2942,2,933,426,3294,35.62,1
2942,6,450,433,1692,18.3,1
2943,2,933,426,3294,35.62,1
2943,6,450,433,1673,18.09,1
2944,2,933,426,3312,35.82,1
2944,6,450,433,1692,18.3,1
2945,2,933,426,3295,35.63,1
2945,6,450,433,1694,18.32,1
2946,2,933,426,3303,35.72,1
2946,6,450,433,1676,18.12,1
2947,2,933,426,3294,35.62,1
2947,6,450,433,1695,18.33,1
2948,2,933,426,3302,35.71,1
2948,6,450,433,1705,18.44,1
2948,147,380,445,152,1.64,1
2949,2,933,426,3309,35.78,1
2949,6,450,433,1682,18.19,1
2950,2,933,426,3301,35.7,1
2950,6,450,433,1685,18.22,1
2951,2,933,426,3285,35.53,1
2951,6,450,433,1683,18.2,1
2952,2,933,426,3298,35.67,1
2952,6,450,434,1693,18.31,1
2953,2,933,426,3294,35.62,1
2953,6,450,433,1679,18.16,1
2954,2,933,426,3311,35.81,1
2954,6,450,433,1700,18.38,1
2955,2,933,426,3273,35.4,1
2955,6,450,433,1664,18.0,1
2956,2,933,426,3287,35.55,1
2956,6,450,433,1688,18.25,1
2957,2,933,426,3288,35.56,1
2957,6,450,433,1703,18.42,1
2958,2,933,426,3285,35.53,1
2958,6,450,433,1688,18.25,1
2959,2,933,426,3272,35.38,1
2959,6,450,433,1670,18.06,1
2960,2,933,426,3290,35.58,1
2960,6,450,434,1692,18.3,1
2961,2,933,426,3287,35.55,1
2961,6,450,434,1710,18.49,1
2961,148,381,444,159,1.72,1
2962,2,933,426,3277,35.44,1
2962,6,450,433,1673,18.09,1
2963,2,933,426,3305,35.74,1
2963,6,450,433,1706,18.45,1
2964,2,933,426,3316,35.86,1
2964,6,450,434,1700,18.38,1
2965,2,933,426,3315,35.85,1
2965,6,450,433,1694,18.32,1
2966,2,933,426,3294,35.62,1
2966,6,450,433,1686,18.23,1
2967,2,933,426,3287,35.55,1
2967,6,450,433,1668,18.04,1
2968,2,933,426,3296,35.64,1
2968,6,450,434,1716,18.56,1
2969,2,933,426,3290,35.58,1
2969,6,450,434,1691,18.29,1
2970,2,933,426,3304,35.73,1
2970,6,450,434,1723,18.63,1
2971,2,933,426,3290,35.58,1
2971,6,450,433,1660,17.95,1
2972,2,933,426,3297,35.65,1
2972,6,450,434,1709,18.48,1
2973,2,933,426,3298,35.67,1
2973,6,450,433,1693,18.31,1
2974,2,933,426,3271,35.37,1
2974,6,450,433,1679,18.16,1
2975,2,933,426,3284,35.51,1
2975,6,450,433,1678,18.15,1
2976,2,933,426,3301,35.7,1
2976,6,450,433,1699,18.37,1
2977,2,933,426,3297,35.65,1
2977,6,450,433,1684,18.21,1
2978,2,933,426,3282,35.49,1
2978,6,450,433,1666,18.02,1
2979,2,933,426,3287,35.55,1
2979,6,450,433,1677,18.14,1
2980,2,933,426,3304,35.73,1
2980,6,450,433,1697,18.35,1
2980,149,380,444,150,1.62,1
2981,2,933,426,3321,35.91,1
2981,6,450,433,1707,18.46,1
2981,149,380,445,161,1.74,1
2982,2,933,426,3307,35.76,1
2982,6,450,433,1671,18.07,1
2983,2,933,426,3311,35.81,1
2983,6,450,434,1691,18.29,1
2984,2,933,426,3300,35.69,1
2984,6,450,433,1702,18.41,1
2985,2,933,426,3286,35.54,1
2985,6,450,433,1686,18.23,1
2986,2,933,426,3304,35.73,1
2986,6,450,434,1689,18.27,1
2987,2,933,426,3291,35.59,1
2987,6,450,433,1688,18.25,1
2988,2,933,426,3313,35.83,1
2988,6,450,434,1713,18.52,1
2989,2,933,426,3307,35.76,1
2989,6,450,433,1716,18.56,1
2990,2,933,426,3298,35.67,1
2990,6,450,433,1671,18.07,1
2991,2,933,426,3290,35.58,1
2991,6,450,433,1692,18.3,1
2992,2,933,426,3281,35.48,1
2992,6,450,433,1684,18.21,1
2993,2,933,426,3316,35.86,1
2993,6,450,433,1686,18.23,1
2994,2,933,426,3295,35.63,1
2994,6,450,433,1707,18.46,1
2995,2,933,426,3291,35.59,1
2995,6,450,434,1690,18.28,1
2996,2,933,426,3292,35.6,1
2996,6,450,434,1697,18.35,1
2997,2,933,426,3298,35.67,1
2997,6,450,434,1719,18.59,1
2998,2,933,426,3289,35.57,1
2998,6,450,433,1668,18.04,1
2999,2,933,426,3286,35.54,1
2999,6,450,433,1681,18.18,1
3000,2,933,426,3301,35.7,1
3000,6,450,433,1687,18.24,1
3001,2,933,426,3281,35.48,1
3001,6,450,433,1682,18.19,1
3002,2,933,426,3323,35.94,1
3002,6,450,433,1690,18.28,1
3002,150,381,444,156,1.69,1
3003,2,933,426,3290,35.58,1
3003,6,450,433,1684,18.21,1
3004,2,933,426,3333,36.04,1
3004,6,450,434,1731,18.72,1
3005,2,933,426,3326,35.97,1
3005,6,450,434,1694,18.32,1
3006,2,933,426,3315,35.85,1
3006,6,450,434,1677,18.14,1
3007,2,933,426,3312,35.82,1
3007,6,450,433,1679,18.16,1
3008,2,933,426,3324,35.95,1
3008,6,450,433,1685,18.22,1
3009,2,933,426,3317,35.87,1
3009,6,450,434,1707,18.46,1
3010,2,933,426,3294,35.62,1
3010,6,450,434,1674,18.1,1
3011,2,933,426,3302,35.71,1
3011,6,450,434,1684,18.21,1
3012,2,933,426,3292,35.6,1
3012,6,450,433,1682,18.19,1
3013,2,933,426,3311,35.81,1
3013,6,450,433,1676,18.12,1
3014,2,933,426,3315,35.85,1
3014,6,450,433,1677,18.14,1
3015,2,933,426,3296,35.64,1
3015,6,450,434,1684,18.21,1
3016,2,933,426,3303,35.72,1
3016,6,450,433,1681,18.18,1
3017,2,933,426,3298,35.67,1
3017,6,450,433,1670,18.06,1
3018,2,933,426,3299,35.68,1
3018,6,450,433,1685,18.22,1
3019,2,933,426,3308,35.77,1
3019,6,450,433,1684,18.21,1
3020,2,933,426,3304,35.73,1
3020,6,450,433,1682,18.19,1
3020,151,380,445,176,1.9,1
3021,2,933,426,3307,35.76,1
3021,6,450,434,1713,18.52,1
3022,2,933,426,3282,35.49,1
3022,6,450,433,1713,18.52,1
3023,2,933,426,3298,35.67,1
3023,6,450,433,1716,18.56,1
3024,2,933,426,3308,35.77,1
3024,6,450,433,1724,18.64,1
3025,2,933,426,3295,35.63,1
3025,6,450,433,1713,18.52,1
3026,2,933,426,3277,35.44,1
3026,6,450,433,1695,18.33,1
3027,2,933,426,3302,35.71,1
3027,6,450,434,1692,18.3,1
3028,2,933,426,3296,35.64,1
3028,6,450,433,1716,18.56,1
3029,2,933,426,3317,35.87,1
3029,6,450,434,1697,18.35,1
3030,2,933,426,3284,35.51,1
3030,6,450,433,1682,18.19,1
3031,2,933,426,3290,35.58,1
3031,6,450,433,1658,17.93,1
3032,2,933,426,3286,35.54,1
3032,6,450,433,1705,18.44,1
3032,152,381,444,153,1.65,1
3033,2,933,426,3276,35.43,1
3033,6,450,433,1702,18.41,1
3034,2,933,426,3281,35.48,1
3034,6,450,433,1714,18.54,1
3035,2,933,426,3293,35.61,1
3035,6,450,433,1690,18.28,1
3036,2,933,426,3282,35.49,1
3036,6,450,433,1696,18.34,1
3037,2,933,426,3293,35.61,1
3037,6,450,434,1714,18.54,1
3038,2,933,426,3294,35.62,1
3038,6,450,433,1676,18.12,1
3039,2,933,426,3305,35.74,1
3039,6,450,434,1719,18.59,1
3040,2,933,426,3317,35.87,1
3040,6,450,434,1704,18.43,1
3041,2,933,426,3317,35.87,1
3041,6,450,433,1695,18.33,1
3042,2,933,426,3298,35.67,1
3042,6,450,434,1684,18.21,1
3043,2,933,426,3306,35.75,1
3043,6,450,433,1707,18.46,1
3044,2,933,426,3305,35.74,1
3044,6,450,434,1715,18.55,1
3044,153,381,444,153,1.65,1
3045,2,933,426,3311,35.81,1
3045,6,450,434,1696,18.34,1
3046,2,933,426,3285,35.53,1
3046,6,450,434,1701,18.4,1
3047,2,933,426,3288,35.56,1
3047,6,450,433,1693,18.31,1
3048,2,933,426,3299,35.68,1
3048,6,450,434,1730,18.71,1
3048,154,381,444,152,1.64,1
3049,2,933,426,3289,35.57,1
3049,6,450,433,1669,18.05,1
3050,2,933,426,3296,35.64,1
3050,6,450,433,1688,18.25,1
3051,2,933,426,3287,35.55,1
3051,6,450,433,1679,18.16,1
3052,2,933,426,3301,35.7,1
3052,6,450,433,1710,18.49,1
3053,2,933,426,3327,35.98,1
3053,6,450,433,1715,18.55,1
3054,2,933,426,3285,35.53,1
3054,6,450,433,1680,18.17,1
3055,2,933,426,3302,35.71,1
3055,6,450,434,1724,18.64,1
3056,2,933,426,3301,35.7,1
3056,6,450,434,1702,18.41,1
3057,2,933,426,3304,35.73,1
3057,6,450,433,1692,18.3,1
3058,2,933,426,3284,35.51,1
3058,6,450,433,1673,18.09,1
3059,2,933,426,3306,35.75,1
3059,6,450,433,1708,18.47,1
3060,2,933,426,3303,35.72,1
3060,6,450,433,1708,18.47,1
3061,2,933,426,3314,35.84,1
3061,6,450,433,1706,18.45,1
3062,2,933,426,3304,35.73,1
3062,6,450,433,1686,18.23,1
3063,2,933,426,3312,35.82,1
3063,6,450,434,1707,18.46,1
3064,2,933,426,3308,35.77,1
3064,6,450,433,1707,18.46,1
3065,2,933,426,3291,35.59,1
3065,6,450,433,1690,18.28,1
3066,2,933,426,3287,35.55,1
3066,6,450,434,1687,18.24,1
3067,2,933,426,3298,35.67,1
3067,6,450,433,1692,18.3,1
3068,2,933,426,3297,35.65,1
3068,6,450,433,1690,18.28,1
3069,2,933,426,3299,35.68,1
3069,6,450,434,1723,18.63,1
3070,2,933,426,3290,35.58,1
3070,6,450,434,1684,18.21,1
3071,2,933,426,3306,35.75,1
3071,6,450,433,1688,18.25,1
3072,2,933,426,3286,35.54,1
3072,6,450,433,1720,18.6,1
3073,2,933,426,3296,35.64,1
3073,6,450,433,1710,18.49,1
3074,2,933,426,3263,35.29,1
3074,6,450,433,1677,18.14,1
3075,2,933,426,3310,35.8,1
3075,6,450,433,1680,18.17,1
3076,2,933,426,3315,35.85,1
3076,6,450,433,1708,18.47,1
3076,155,380,444,181,1.96,1
3077,2,933,426,3313,35.83,1
3077,6,450,433,1701,18.4,1
3078,2,933,426,3291,35.59,1
3078,6,450,433,1699,18.37,1
3079,2,933,426,3299,35.68,1
3079,6,450,433,1684,18.21,1
3080,2,933,426,3302,35.71,1
3080,6,450,433,1716,18.56,1
3081,2,933,426,3297,35.65,1
3081,6,450,433,1671,18.07,1
3082,2,933,426,3295,35.63,1
3082,6,450,433,1678,18.15,1
3083,2,933,426,3295,35.63,1
3083,6,450,433,1675,18.11,1
3084,2,933,426,3291,35.59,1
3084,6,450,433,1684,18.21,1
3085,2,933,426,3319,35.89,1
3085,6,450,434,1712,18.51,1
3085,156,380,444,157,1.7,1
3086,2,933,426,3298,35.67,1
3086,6,450,434,1674,18.1,1
3087,2,933,426,3293,35.61,1
3087,6,450,434,1724,18.64,1
3088,2,933,426,3318,35.88,1
3088,6,450,433,1681,18.18,1
3089,2,933,426,3288,35.56,1
3089,6,450,434,1694,18.32,1
3090,2,933,426,3275,35.42,1
3090,6,450,433,1671,18.07,1
3091,2,933,426,3319,35.89,1
3091,6,450,434,1697,18.35,1
3092,2,933,426,3323,35.94,1
3092,6,450,433,1697,18.35,1
3093,2,933,426,3308,35.77,1
3093,6,450,433,1678,18.15,1
3094,2,933,426,3299,35.68,1
3094,6,450,434,1715,18.55,1
3095,2,933,426,3305,35.74,1
3095,6,450,433,1684,18.21,1
3096,2,933,426,3297,35.65,1
3096,6,450,433,1727,18.68,1
3097,2,933,426,3281,35.48,1
3097,6,450,434,1711,18.5,1
3098,2,933,426,3271,35.37,1
3098,6,450,433,1685,18.22,1
3099,2,933,426,3289,35.57,1
3099,6,450,433,1682,18.19,1
3100,2,933,426,3304,35.73,1
3100,6,450,433,1673,18.09,1
3101,2,933,426,3312,35.82,1
3101,6,450,433,1699,18.37,1
3102,2,933,426,3281,35.48,1
3102,6,450,433,1658,17.93,1
3103,2,933,426,3295,35.63,1
3103,6,450,433,1702,18.41,1
3104,2,933,426,3289,35.57,1
3104,6,450,433,1685,18.22,1
3105,2,933,426,3291,35.59,1
3105,6,450,433,1698,18.36,1
3106,2,933,426,3290,35.58,1
3106,6,450,433,1695,18.33,1
3107,2,933,426,3317,35.87,1
3107,6,450,434,1695,18.33,1
3108,2,933,426,3312,35.82,1
3108,6,450,433,1685,18.22,1
3109,2,933,426,3312,35.82,1
3109,6,450,433,1695,18.33,1
3110,2,933,426,3299,35.68,1
3110,6,450,434,1699,18.37,1
3111,2,933,426,3279,35.46,1
3111,6,450,434,1705,18.44,1
3112,2,933,426,3316,35.86,1
3112,6,450,434,1705,18.44,1
3113,2,933,426,3311,35.81,1
3113,6,450,434,1690,18.28,1
3114,2,933,426,3271,35.37,1
3114,6,450,433,1654,17.89,1
3115,2,933,426,3278,35.45,1
3115,6,450,433,1682,18.19,1
3116,2,933,426,3290,35.58,1
3116,6,450,433,1712,18.51,1
3117,2,933,426,3283,35.5,1
3117,6,450,433,1689,18.27,1
3118,2,933,426,3288,35.56,1
3118,6,450,433,1653,17.88,1
3119,2,933,426,3279,35.46,1
3119,6,450,433,1687,18.24,1
3120,2,933,426,3268,35.34,1
3120,6,450,433,1673,18.09,1
3121,2,933,426,3291,35.59,1
3121,6,450,434,1681,18.18,1
3122,2,933,426,3282,35.49,1
3122,6,450,433,1664,18.0,1
3123,2,933,426,3288,35.56,1
3123,6,450,434,1721,18.61,1
3124,2,933,426,3275,35.42,1
3124,6,450,433,1703,18.42,1
3124,157,381,444,151,1.63,1
3125,2,933,426,3285,35.53,1
3125,6,450,433,1724,18.64,1
3126,2,933,426,3277,35.44,1
3126,6,450,433,1681,18.18,1
3127,2,933,426,3288,35.56,1
3127,6,450,434,1691,18.29,1
3128,2,933,426,3301,35.7,1
3128,6,450,434,1682,18.19,1
3129,2,933,426,3287,35.55,1
3129,6,450,433,1678,18.15,1
3130,2,933,426,3307,35.76,1
3130,6,450,433,1665,18.01,1
3131,2,933,426,3308,35.77,1
3131,6,450,433,1680,18.17,1
3132,2,933,426,3307,35.76,1
3132,6,450,434,1698,18.36,1
3133,2,933,426,3302,35.71,1
3133,6,450,433,1691,18.29,1
3134,2,933,426,3293,35.61,1
3134,6,450,433,1667,18.03,1
3135,2,933,426,3290,35.58,1
3135,6,450,433,1692,18.3,1
3136,2,933,426,3298,35.67,1
3136,6,450,434,1712,18.51,1
3137,2,933,426,3279,35.46,1
3137,6,450,433,1709,18.48,1
3138,2,933,426,3296,35.64,1
3138,6,450,433,1716,18.56,1
3139,2,933,426,3314,35.84,1
3139,6,450,433,1706,18.45,1
3140,2,933,426,3309,35.78,1
3140,6,450,433,1677,18.14,1
3141,2,933,426,3314,35.84,1
3141,6,450,433,1719,18.59,1
3142,2,933,426,3290,35.58,1
3142,6,450,433,1699,18.37,1
3143,2,933,426,3298,35.67,1
3143,6,450,434,1683,18.2,1
3144,2,933,426,3301,35.7,1
3144,6,450,433,1666,18.02,1
3145,2,933,426,3283,35.5,1
3145,6,450,433,1674,18.1,1
3146,2,933,426,3296,35.64,1
3146,6,450,433,1679,18.16,1
3147,2,933,426,3305,35.74,1
3147,6,450,434,1712,18.51,1
3148,2,933,426,3296,35.64,1
3148,6,450,433,1705,18.44,1
3149,2,933,426,3299,35.68,1
3149,6,450,433,1693,18.31,1
3150,2,933,426,3275,35.42,1
3150,6,450,434,1685,18.22,1
3151,2,933,426,3292,35.6,1
3151,6,450,434,1699,18.37,1
3152,2,933,426,3292,35.6,1
3152,6,450,434,1723,18.63,1
3153,2,933,426,3277,35.44,1
3153,6,450,433,1689,18.27,1
3154,2,933,426,3289,35.57,1
3154,6,450,433,1655,17.9,1
3155,2,933,426,3319,35.89,1
3155,6,450,433,1674,18.1,1
3156,2,933,426,3300,35.69,1
3156,6,450,433,1717,18.57,1
3157,2,933,426,3292,35.6,1
3157,6,450,434,1684,18.21,1
3158,2,933,426,3271,35.37,1
3158,6,450,433,1671,18.07,1
3159,2,933,426,3303,35.72,1
3159,6,450,433,1672,18.08,1
3160,2,933,426,3296,35.64,1
3160,6,450,433,1686,18.23,1
3161,2,933,426,3263,35.29,1
3161,6,450,433,1685,18.22,1
3162,2,933,426,3272,35.38,1
3162,6,450,433,1669,18.05,1
3163,2,933,426,3270,35.36,1
3163,6,450,433,1644,17.78,1
3164,2,933,426,3273,35.4,1
3164,6,450,433,1673,18.09,1
3165,2,933,426,3282,35.49,1
3165,6,450,433,1703,18.42,1
3166,2,933,426,3274,35.41,1
3166,6,450,434,1693,18.31,1
3167,2,933,426,3300,35.69,1
3167,6,450,434,1691,18.29,1
3167,158,380,444,153,1.65,1
3168,2,933,426,3306,35.75,1
3168,6,450,433,1672,18.08,1
3168,158,380,444,153,1.65,1
3169,2,933,426,3285,35.53,1
3169,6,450,434,1687,18.24,1
3170,2,933,426,3297,35.65,1
3170,6,450,433,1673,18.09,1
3171,2,933,426,3304,35.73,1
3171,6,450,434,1675,18.11,1
3172,2,933,426,3316,35.86,1
3172,6,450,433,1675,18.11,1
3173,2,933,426,3301,35.7,1
3173,6,450,434,1691,18.29,1
3174,2,933,426,3293,35.61,1
3174,6,450,434,1698,18.36,1
3175,2,933,426,3283,35.5,1
3175,6,450,434,1690,18.28,1
3176,2,933,426,3299,35.68,1
3176,6,450,434,1694,18.32,1
3177,2,933,426,3291,35.59,1
3177,6,450,433,1643,17.77,1
3178,2,933,426,3287,35.55,1
3178,6,450,433,1679,18.16,1
3179,2,933,426,3280,35.47,1
3179,6,450,433,1663,17.98,1
3180,2,933,426,3294,35.62,1
3180,6,450,434,1683,18.2,1
3181,2,933,426,3296,35.64,1
3181,6,450,433,1702,18.41,1
3182,2,933,426,3270,35.36,1
3182,6,450,433,1664,18.0,1
3183,2,933,426,3286,35.54,1
3183,6,450,433,1673,18.09,1
3184,2,933,426,3304,35.73,1
3184,6,450,433,1704,18.43,1
3185,2,933,426,3321,35.91,1
3185,6,450,434,1723,18.63,1
3186,2,933,426,3289,35.57,1
3186,6,450,433,1663,17.98,1
3187,2,933,426,3290,35.58,1
3187,6,450,434,1723,18.63,1
3188,2,933,426,3296,35.64,1
3188,6,450,433,1705,18.44,1
3189,2,933,426,3291,35.59,1
3189,6,450,433,1673,18.09,1
3190,2,933,426,3297,35.65,1
3190,6,450,433,1667,18.03,1
3191,2,933,426,3320,35.9,1
3191,6,450,434,1681,18.18,1
3192,2,933,426,3314,35.84,1
3192,6,450,434,1687,18.24,1
3193,2,933,426,3311,35.81,1
3193,6,450,433,1659,17.94,1
3194,2,933,426,3304,35.73,1
3194,6,450,433,1664,18.0,1
3195,2,933,426,3304,35.73,1
3195,6,450,433,1700,18.38,1
3196,2,933,426,3311,35.81,1
3196,6,450,433,1676,18.12,1
3197,2,933,426,3295,35.63,1
3197,6,450,433,1687,18.24,1
3197,159,380,443,154,1.67,1
