frame,drop_id,cx,cy,area_px,percentage,in_frame
440,1,521,76,11167,100.0,1
441,1,521,99,12379,110.85,1
442,1,521,124,12366,110.73,1
443,1,521,148,12320,110.32,1
444,1,521,172,12253,109.72,1
445,1,521,196,12267,109.85,1
446,1,521,220,12232,109.53,1
447,1,521,244,12256,109.75,1
448,1,521,269,12304,110.18,1
449,1,521,293,12279,109.95,1
450,1,521,318,12323,110.35,1
451,1,521,342,12377,110.83,1
452,1,521,366,12320,110.32,1
453,1,521,389,11916,106.7,1
454,1,521,411,11925,106.78,1
455,1,521,425,10706,95.87,1
456,1,521,436,9767,87.46,1
457,1,521,443,8879,79.51,1
458,1,521,446,8352,74.79,1
459,1,521,447,8530,76.38,1
460,1,522,446,8971,80.33,1
461,1,522,445,9444,84.57,1
462,1,521,445,9881,88.48,1
463,1,521,444,10043,89.93,1
464,1,522,443,9966,89.24,1
465,1,521,442,9983,89.39,1
466,1,519,441,10104,90.48,1
467,1,519,440,9851,88.21,1
468,1,520,439,9295,83.23,1
469,1,520,438,9312,83.38,1
470,1,520,433,10553,94.5,1
471,1,521,424,11729,105.03,1
472,1,520,415,12413,111.15,1
473,1,520,406,13036,116.73,1
474,1,520,398,13752,123.14,1
475,1,520,391,14527,130.08,1
476,1,519,383,14829,132.79,1
477,1,519,377,15477,138.59,1
478,1,518,370,15733,140.88,1
479,1,518,385,14602,130.75,1
479,2,518,172,1319,11.81,1
480,1,518,383,14829,132.79,1
480,2,518,152,1305,11.69,1
481,1,517,381,14930,133.69,1
481,2,518,131,1343,12.03,1
482,1,517,379,15103,135.24,1
482,2,518,111,1373,12.29,1
483,1,517,376,15043,134.7,1
483,2,518,91,1337,11.97,1
484,1,517,375,15074,134.98,1
484,2,517,71,1259,11.27,1
485,1,516,374,15036,134.64,1
485,2,517,51,1234,11.05,1
486,1,516,373,15015,134.45,1
486,2,517,31,1211,10.84,1
487,1,516,372,14900,133.42,1
487,2,516,14,1076,9.64,0
488,1,516,371,14668,131.35,1
488,2,516,5,353,3.16,0
489,1,516,396,12617,112.98,1
489,3,512,199,1811,16.22,1
490,1,516,398,12344,110.54,1
490,3,512,195,1738,15.56,1
491,1,516,400,11984,107.31,1
491,3,511,192,1671,14.96,1
492,1,516,401,11426,102.31,1
492,3,511,189,1648,14.76,1
493,1,517,442,7865,70.43,1
493,3,511,186,1685,15.09,1
493,4,512,310,3193,28.59,1
494,1,517,443,7669,68.67,1
494,3,510,183,1736,15.55,1
494,4,512,338,1502,13.45,1
494,5,511,272,1322,11.84,1
495,1,517,444,7508,67.23,1
495,3,510,180,1778,15.92,1
495,4,512,335,1129,10.11,1
495,5,511,274,1366,12.23,1
496,1,517,445,7194,64.42,1
496,3,509,177,1776,15.9,1
496,4,512,334,957,8.57,1
496,5,510,276,1407,12.6,1
497,1,517,445,6929,62.05,1
497,3,509,174,1711,15.32,1
497,4,512,333,1193,10.68,1
497,5,510,279,1423,12.74,1
498,1,517,445,6977,62.48,1
498,3,509,172,1663,14.89,1
498,4,511,307,2813,25.19,1
499,1,516,445,6905,61.83,1
499,3,508,169,1636,14.65,1
499,4,510,309,2827,25.31,1
500,1,516,445,7097,63.55,1
500,3,508,167,1662,14.88,1
500,4,510,310,2773,24.83,1
501,1,516,444,7291,65.29,1
501,3,507,164,1711,15.32,1
501,4,510,309,2589,23.18,1
502,1,517,444,7577,67.85,1
502,3,507,162,1737,15.55,1
502,4,509,307,2389,21.39,1
503,1,518,443,7609,68.14,1
503,3,507,159,1736,15.55,1
503,4,509,310,2519,22.56,1
504,1,518,442,7739,69.3,1
504,3,506,157,1694,15.17,1
504,4,509,313,2572,23.03,1
505,1,518,442,7925,70.96,1
505,3,506,155,1661,14.87,1
505,4,509,316,2524,22.6,1
506,1,518,440,8203,73.45,1
506,3,505,153,1632,14.61,1
506,4,509,316,2439,21.84,1
506,6,945,7,752,6.73,0
507,1,519,438,8339,74.67,1
507,3,505,151,1654,14.81,1
507,4,508,316,2460,22.03,1
507,6,945,19,2003,17.94,0
508,1,520,436,8482,75.95,1
508,3,504,149,1693,15.16,1
508,4,508,317,2576,23.07,1
508,6,946,39,2309,20.68,1
509,1,520,435,8806,78.85,1
509,3,504,147,1728,15.47,1
509,4,508,320,2656,23.78,1
509,6,948,62,2486,22.26,1
510,1,520,434,8779,78.61,1
510,3,504,145,1719,15.39,1
510,4,508,324,2629,23.54,1
510,6,949,85,2515,22.52,1
511,1,520,434,8888,79.59,1
511,3,503,144,1689,15.12,1
511,4,504,304,1240,11.1,1
511,6,950,108,2553,22.86,1
511,7,511,348,1183,10.59,1
512,1,521,435,8877,79.49,1
512,3,503,142,1652,14.79,1
512,4,503,305,1316,11.78,1
512,6,952,131,2664,23.85,1
512,7,511,351,1072,9.6,1
513,1,521,435,8608,77.08,1
513,3,502,140,1635,14.64,1
513,4,503,306,1435,12.85,1
513,6,953,154,2684,24.03,1
513,7,511,355,1078,9.65,1
514,1,522,435,8325,74.55,1
514,3,502,139,1661,14.87,1
514,4,502,308,1498,13.41,1
514,6,954,177,2729,24.44,1
514,7,511,358,1184,10.6,1
515,1,522,436,8139,72.88,1
515,3,501,137,1692,15.15,1
515,4,502,309,1439,12.89,1
515,6,955,201,2704,24.21,1
515,7,511,362,1255,11.24,1
516,1,522,437,8080,72.35,1
516,3,501,136,1719,15.39,1
516,4,501,310,1311,11.74,1
516,6,956,224,2724,24.39,1
516,7,512,365,1208,10.82,1
517,1,522,439,8060,72.17,1
517,3,501,135,1700,15.22,1
517,4,501,311,1259,11.27,1
517,6,957,247,2682,24.02,1
517,7,512,368,1106,9.9,1
518,1,522,440,7966,71.33,1
518,3,500,134,1659,14.86,1
518,4,500,313,1318,11.8,1
518,6,958,271,2715,24.31,1
518,7,512,372,1079,9.66,1
519,1,522,441,7905,70.79,1
519,3,500,132,1640,14.69,1
519,4,500,315,1435,12.85,1
519,6,958,294,2721,24.37,1
519,7,512,376,1159,10.38,1
520,1,521,442,7734,69.25,1
520,3,499,131,1634,14.63,1
520,4,499,316,1484,13.29,1
520,6,959,317,2703,24.2,1
520,7,512,380,1229,11.01,1
521,1,521,443,7617,68.21,1
521,3,499,131,1639,14.68,1
521,4,499,318,1421,12.72,1
521,6,960,341,2680,24.0,1
521,7,512,384,1227,10.99,1
522,1,520,443,7580,67.88,1
522,3,499,129,1683,15.07,1
522,4,498,320,1329,11.9,1
522,6,961,364,2671,23.92,1
522,7,512,387,1121,10.04,1
523,1,520,444,7486,67.03,1
523,3,498,129,1704,15.26,1
523,4,497,321,1268,11.35,1
523,6,962,387,2674,23.94,1
523,7,512,391,1082,9.69,1
524,1,520,444,7320,65.55,1
524,3,498,128,1701,15.23,1
524,4,497,323,1327,11.88,1
524,6,963,408,2383,21.34,1
524,7,512,396,1134,10.15,1
525,1,519,438,8664,77.58,1
525,3,497,127,1681,15.05,1
525,4,496,325,1430,12.81,1
525,6,965,433,2421,21.68,1
526,1,519,439,8735,78.22,1
526,3,497,127,1656,14.83,1
526,4,496,328,1467,13.14,1
526,6,964,444,1792,16.05,1
527,1,518,439,8549,76.55,1
527,3,496,126,1650,14.78,1
527,4,495,330,1426,12.77,1
527,6,963,446,1682,15.06,1
528,1,518,440,8505,76.16,1
528,3,496,126,1665,14.91,1
528,4,495,332,1326,11.87,1
528,6,965,445,1902,17.03,1
529,1,518,440,8298,74.3,1
529,3,496,125,1686,15.1,1
529,4,494,334,1270,11.37,1
529,6,967,444,1917,17.17,1
530,1,518,440,8314,74.45,1
530,3,495,125,1690,15.13,1
530,4,494,336,1340,12.0,1
530,6,968,439,2395,21.45,1
531,1,518,439,8435,75.53,1
531,3,495,124,1688,15.12,1
531,4,493,339,1431,12.81,1
531,6,969,432,2947,26.39,1
532,1,518,438,8721,78.09,1
532,3,495,124,1673,14.98,1
532,4,492,341,1466,13.13,1
532,6,969,426,3294,29.5,1
533,1,518,437,8850,79.25,1
533,3,494,124,1654,14.81,1
533,4,492,344,1420,12.72,1
533,6,969,422,3427,30.69,1
534,1,518,436,8961,80.24,1
534,3,494,124,1638,14.67,1
534,4,491,346,1329,11.9,1
534,6,969,419,3514,31.47,1
535,1,519,434,9078,81.29,1
535,3,493,124,1649,14.77,1
535,4,491,349,1307,11.7,1
535,6,969,418,3498,31.32,1
536,1,515,423,10767,96.41,1
536,3,493,124,1677,15.02,1
536,6,968,432,2712,24.28,1
536,8,970,365,368,3.3,1
537,1,514,422,10836,97.03,1
537,3,492,124,1701,15.23,1
537,6,968,436,2446,21.9,1
537,8,971,362,278,2.49,1
538,1,515,423,10680,95.63,1
538,3,492,125,1687,15.11,1
538,6,967,441,2097,18.78,1
538,8,971,360,342,3.06,1
539,1,520,439,8211,73.53,1
539,3,491,125,1672,14.97,1
539,6,965,444,1489,13.33,1
539,8,972,360,311,2.78,1
539,9,497,367,2178,19.5,1
540,1,519,439,8125,72.76,1
540,3,491,125,1643,14.71,1
540,6,962,444,1297,11.61,1
540,8,972,358,284,2.54,1
540,9,496,366,1991,17.83,1
541,1,519,439,8247,73.85,1
541,3,491,126,1654,14.81,1
541,6,964,444,1531,13.71,1
541,8,973,356,344,3.08,1
541,9,496,366,1979,17.72,1
542,1,519,439,8133,72.83,1
542,3,490,126,1665,14.91,1
542,6,965,442,2038,18.25,1
542,8,973,356,317,2.84,1
542,9,495,366,2123,19.01,1
543,1,519,439,8153,73.01,1
543,3,490,127,1688,15.12,1
543,6,965,439,2354,21.08,1
543,8,973,355,267,2.39,1
543,9,495,366,2292,20.52,1
544,1,518,440,8200,73.43,1
544,3,489,128,1700,15.22,1
544,6,965,437,2396,21.46,1
544,8,974,354,338,3.03,1
544,9,494,366,2428,21.74,1
545,1,518,440,8290,74.23,1
545,3,489,128,1695,15.18,1
545,6,965,437,2374,21.26,1
545,8,974,353,350,3.13,1
545,9,494,365,2513,22.5,1
546,1,518,440,8190,73.34,1
546,3,489,129,1673,14.98,1
546,6,966,439,2290,20.51,1
546,8,975,352,299,2.68,1
546,9,485,384,1342,12.02,1
546,10,504,342,1127,10.09,1
547,1,518,441,7968,71.35,1
547,3,488,130,1656,14.83,1
547,6,966,442,2007,17.97,1
547,8,975,352,302,2.7,1
547,9,484,387,1334,11.95,1
547,10,503,338,1150,10.3,1
548,1,513,434,9336,83.6,1
548,3,488,131,1654,14.81,1
548,6,964,444,1545,13.83,1
548,8,975,351,321,2.87,1
548,10,502,333,1140,10.21,1
549,1,513,435,9297,83.25,1
549,3,487,132,1665,14.91,1
549,6,963,444,1148,10.28,1
549,8,976,351,307,2.75,1
549,10,502,329,1104,9.89,1
550,1,512,435,9139,81.84,1
550,3,487,133,1672,14.97,1
550,6,966,444,1660,14.86,1
550,8,976,350,303,2.71,1
550,10,501,325,1100,9.85,1
551,1,513,436,9055,81.08,1
551,3,486,134,1695,15.18,1
551,6,967,442,2039,18.26,1
551,8,977,350,325,2.91,1
551,10,501,321,1109,9.93,1
552,1,513,437,8880,79.52,1
552,3,486,135,1686,15.1,1
552,6,968,440,2248,20.13,1
552,8,977,350,313,2.8,1
552,10,500,317,1148,10.28,1
553,1,513,438,8655,77.5,1
553,3,486,137,1664,14.9,1
553,6,968,438,2230,19.97,1
553,8,978,350,328,2.94,1
553,10,499,313,1140,10.21,1
554,1,513,438,8565,76.7,1
554,3,485,138,1658,14.85,1
554,6,968,439,2199,19.69,1
554,8,978,349,326,2.92,1
554,10,499,309,1119,10.02,1
555,1,513,439,8599,77.0,1
555,3,485,140,1659,14.86,1
555,6,968,441,2060,18.45,1
555,8,978,349,304,2.72,1
555,10,498,305,1097,9.82,1
556,1,513,438,8673,77.66,1
556,3,484,141,1669,14.95,1
556,6,967,443,1865,16.7,1
556,8,979,350,306,2.74,1
556,10,498,301,1104,9.89,1
557,1,513,438,8797,78.77,1
557,3,484,143,1681,15.05,1
557,6,965,444,1400,12.54,1
557,8,979,350,290,2.6,1
557,10,497,298,1126,10.08,1
558,1,512,437,8870,79.43,1
558,3,484,144,1701,15.23,1
558,6,964,444,1433,12.83,1
558,8,980,350,311,2.78,1
558,10,496,294,1124,10.06,1
559,1,513,437,9014,80.72,1
559,3,483,146,1692,15.15,1
559,6,966,444,1982,17.75,1
559,8,980,351,285,2.55,1
559,10,496,291,1111,9.95,1
560,1,512,436,9122,81.68,1
560,3,483,148,1675,15.0,1
560,6,966,442,2162,19.36,1
560,8,980,351,318,2.85,1
560,10,495,287,1082,9.69,1
561,1,512,435,9176,82.17,1
561,3,482,150,1677,15.02,1
561,6,966,440,2192,19.63,1
561,8,981,351,311,2.78,1
561,10,495,284,1087,9.73,1
562,1,512,435,9293,83.21,1
562,3,482,152,1674,14.99,1
562,6,965,440,2210,19.79,1
562,8,982,351,310,2.78,1
562,10,494,281,1109,9.93,1
563,1,512,434,9292,83.21,1
563,3,482,154,1674,14.99,1
563,6,966,441,2070,18.54,1
563,8,982,352,324,2.9,1
563,10,493,278,1116,9.99,1
564,1,512,434,9454,84.66,1
564,3,481,156,1684,15.08,1
564,6,966,443,1968,17.62,1
564,8,983,352,319,2.86,1
564,10,493,274,1117,10.0,1
565,1,512,433,9527,85.31,1
565,3,481,158,1684,15.08,1
565,6,965,445,1816,16.26,1
565,8,983,353,309,2.77,1
565,10,492,271,1089,9.75,1
566,1,512,433,9534,85.37,1
566,3,480,160,1681,15.05,1
566,6,965,445,1768,15.83,1
566,8,983,353,314,2.81,1
566,10,492,268,1083,9.7,1
567,1,514,433,9214,82.51,1
567,3,480,163,1677,15.02,1
567,6,966,444,1952,17.48,1
567,8,983,354,306,2.74,1
567,10,491,265,1096,9.81,1
568,1,519,437,8424,75.43,1
568,3,479,165,1674,14.99,1
568,6,967,443,2130,19.07,1
568,8,984,355,298,2.67,1
568,10,490,263,1111,9.95,1
568,11,466,392,524,4.69,1
569,1,516,436,8822,79.0,1
569,3,479,167,1678,15.03,1
569,6,968,441,2173,19.46,1
569,8,984,356,286,2.56,1
569,10,490,260,1100,9.85,1
570,1,516,436,8726,78.14,1
570,3,479,170,1668,14.94,1
570,6,967,440,2138,19.14,1
570,8,984,358,320,2.87,1
570,10,489,257,1088,9.74,1
571,1,516,438,8779,78.61,1
571,3,478,172,1683,15.07,1
571,6,968,441,2096,18.77,1
571,8,985,358,341,3.05,1
571,10,488,255,1072,9.6,1
572,1,517,438,8656,77.51,1
572,3,478,175,1690,15.13,1
572,6,968,443,1959,17.54,1
572,8,986,360,338,3.03,1
572,10,488,252,1093,9.79,1
573,1,516,438,8683,77.75,1
573,3,477,178,1693,15.16,1
573,6,967,444,1871,16.75,1
573,8,986,360,350,3.13,1
573,10,487,250,1102,9.87,1
574,1,516,439,8598,76.99,1
574,3,477,181,1681,15.05,1
574,6,967,444,1839,16.47,1
574,8,986,362,320,2.87,1
574,10,487,247,1104,9.89,1
575,1,516,439,8631,77.29,1
575,3,477,183,1676,15.01,1
575,6,967,444,1957,17.52,1
575,8,986,363,321,2.87,1
575,10,486,245,1088,9.74,1
576,1,516,439,8586,76.88,1
576,3,476,187,1688,15.12,1
576,6,966,443,2083,18.65,1
576,8,987,365,361,3.23,1
576,10,485,243,1075,9.63,1
577,1,516,439,8487,76.0,1
577,3,476,189,1685,15.09,1
577,6,966,442,2067,18.51,1
577,8,987,367,313,2.8,1
577,10,485,241,1077,9.64,1
578,1,516,439,8472,75.86,1
578,3,479,211,2806,25.13,1
578,6,966,441,2091,18.72,1
578,8,988,369,318,2.85,1
579,1,516,440,8509,76.19,1
579,3,478,212,2797,25.05,1
579,6,966,442,2057,18.42,1
579,8,988,370,290,2.6,1
580,1,517,440,8496,76.08,1
580,3,478,213,2720,24.36,1
580,6,966,443,2009,17.99,1
580,8,989,372,294,2.63,1
581,1,521,442,7857,70.36,1
581,3,477,214,2592,23.21,1
581,6,965,444,1925,17.24,1
581,8,989,373,291,2.61,1
581,12,450,406,502,4.5,1
582,1,521,442,7862,70.4,1
582,3,476,215,2423,21.7,1
582,6,966,444,1899,17.0,1
582,8,989,376,294,2.63,1
582,12,448,405,505,4.52,1
583,1,521,442,7887,70.62,1
583,3,476,216,2273,20.35,1
583,6,966,444,1984,17.77,1
583,8,990,377,323,2.89,1
583,12,445,404,509,4.56,1
584,1,521,442,7900,70.74,1
584,3,475,217,2104,18.84,1
584,6,966,443,2086,18.68,1
584,8,990,379,301,2.7,1
584,12,443,403,492,4.41,1
585,1,521,442,7812,69.95,1
585,3,474,218,1939,17.36,1
585,6,967,442,2085,18.67,1
585,8,990,381,283,2.53,1
585,12,441,402,492,4.41,1
586,1,521,442,7928,70.99,1
586,3,473,220,1825,16.34,1
586,6,967,442,2122,19.0,1
586,8,991,384,269,2.41,1
586,12,438,401,498,4.46,1
587,1,520,441,7993,71.57,1
587,3,472,223,1771,15.86,1
587,6,967,442,2057,18.42,1
587,8,991,386,312,2.79,1
587,12,436,400,498,4.46,1
588,1,520,440,8046,72.05,1
588,3,472,226,1834,16.42,1
588,6,967,443,1966,17.6,1
588,8,991,388,286,2.56,1
588,12,434,399,502,4.5,1
589,1,520,440,8136,72.85,1
589,3,472,228,1967,17.61,1
589,6,967,444,1952,17.48,1
589,8,992,389,283,2.53,1
589,12,431,399,492,4.41,1
590,1,520,440,8217,73.58,1
590,3,472,230,2129,19.06,1
590,6,968,444,1914,17.14,1
590,8,991,393,311,2.78,1
590,12,429,398,496,4.44,1
591,1,520,439,8295,74.28,1
591,3,472,232,2298,20.58,1
591,6,967,444,1950,17.46,1
591,8,993,395,281,2.52,1
591,12,427,398,483,4.33,1
592,1,520,439,8368,74.93,1
592,3,472,234,2451,21.95,1
592,6,967,443,2063,18.47,1
592,8,993,397,291,2.61,1
592,12,424,397,492,4.41,1
593,1,520,439,8305,74.37,1
593,3,471,236,2600,23.28,1
593,6,967,442,2061,18.46,1
593,8,993,402,290,2.6,1
593,12,422,397,483,4.33,1
594,1,520,439,8439,75.57,1
594,3,471,237,2715,24.31,1
594,6,971,436,2515,22.52,1
594,12,420,397,478,4.28,1
595,1,520,439,8287,74.21,1
595,3,470,240,2807,25.14,1
595,6,971,437,2492,22.31,1
595,12,417,397,478,4.28,1
596,1,519,440,8314,74.45,1
596,3,468,260,1691,15.14,1
596,6,971,437,2508,22.46,1
596,12,415,396,486,4.35,1
596,13,473,213,1077,9.64,1
597,1,519,440,8213,73.54,1
597,3,467,265,1696,15.19,1
597,6,971,438,2504,22.42,1
597,12,413,396,491,4.4,1
597,13,473,213,1064,9.53,1
598,1,520,440,8176,73.21,1
598,3,467,269,1690,15.13,1
598,6,971,439,2533,22.68,1
598,12,410,396,498,4.46,1
598,13,472,212,1073,9.61,1
599,1,520,440,8127,72.77,1
599,3,466,274,1699,15.21,1
599,6,972,439,2524,22.6,1
599,12,408,397,484,4.33,1
599,13,471,211,1080,9.67,1
600,1,520,440,8177,73.22,1
600,3,466,278,1710,15.31,1
600,6,972,439,2576,23.07,1
600,12,406,397,495,4.43,1
600,13,471,211,1084,9.71,1
601,1,519,440,8127,72.77,1
601,3,465,283,1695,15.18,1
601,6,972,439,2535,22.7,1
601,12,404,397,481,4.31,1
601,13,470,211,1080,9.67,1
602,1,519,441,8246,73.84,1
602,3,465,288,1706,15.28,1
602,6,972,440,2562,22.94,1
602,12,401,397,497,4.45,1
602,13,470,210,1075,9.63,1
603,1,518,441,8142,72.91,1
603,3,465,293,1709,15.3,1
603,6,972,441,2475,22.16,1
603,12,399,398,484,4.33,1
603,13,469,210,1077,9.64,1
604,1,518,441,8063,72.2,1
604,3,464,298,1699,15.21,1
604,6,972,442,2460,22.03,1
604,12,397,398,484,4.33,1
604,13,468,210,1078,9.65,1
605,1,518,442,8135,72.85,1
605,3,464,303,1706,15.28,1
605,6,973,443,2420,21.67,1
605,12,394,398,496,4.44,1
605,13,468,210,1082,9.69,1
606,1,517,442,8026,71.87,1
606,3,463,308,1715,15.36,1
606,6,973,443,2408,21.56,1
606,12,392,399,498,4.46,1
606,13,467,209,1082,9.69,1
607,1,517,442,7938,71.08,1
607,3,463,313,1713,15.34,1
607,6,972,443,2380,21.31,1
607,12,390,400,493,4.41,1
607,13,466,210,1070,9.58,1
608,1,517,442,8002,71.65,1
608,3,462,318,1715,15.36,1
608,6,972,442,2422,21.69,1
608,12,388,401,485,4.34,1
608,13,466,210,1076,9.64,1
609,1,517,442,7887,70.62,1
609,3,462,323,1695,15.18,1
609,6,972,442,2367,21.2,1
609,12,385,401,474,4.24,1
609,13,465,210,1079,9.66,1
610,1,516,442,7943,71.13,1
610,3,462,329,1705,15.27,1
610,6,970,443,2337,20.93,1
610,12,383,402,479,4.29,1
610,13,465,210,1094,9.8,1
611,1,517,442,7890,70.65,1
611,3,461,334,1698,15.2,1
611,6,969,442,2246,20.11,1
611,12,381,403,473,4.24,1
611,13,464,210,1083,9.7,1
612,1,517,441,7983,71.48,1
612,3,461,339,1697,15.2,1
612,6,969,442,2271,20.34,1
612,12,378,404,473,4.24,1
612,13,463,211,1078,9.65,1
613,1,517,441,8093,72.47,1
613,3,460,345,1713,15.34,1
613,6,969,442,2261,20.25,1
613,12,376,405,474,4.24,1
613,13,463,211,1077,9.64,1
614,1,518,441,8159,73.06,1
614,3,460,351,1702,15.24,1
614,6,967,441,2174,19.47,1
614,12,374,406,481,4.31,1
614,13,462,212,1087,9.73,1
615,1,518,440,8190,73.34,1
615,3,460,356,1707,15.29,1
615,6,966,441,2265,20.28,1
615,12,372,407,459,4.11,1
615,13,462,212,1098,9.83,1
616,1,518,440,8201,73.44,1
616,3,459,362,1710,15.31,1
616,6,965,441,2313,20.71,1
616,12,370,409,459,4.11,1
616,13,461,213,1093,9.79,1
617,1,518,440,8185,73.29,1
617,3,459,368,1706,15.28,1
617,6,964,442,2364,21.17,1
617,12,367,410,460,4.12,1
617,13,460,214,1092,9.78,1
618,1,519,440,8184,73.28,1
618,3,458,374,1710,15.31,1
618,6,964,443,2363,21.16,1
618,12,365,411,451,4.04,1
618,13,460,214,1092,9.78,1
619,1,519,440,8181,73.26,1
619,3,458,380,1713,15.34,1
619,6,964,443,2266,20.29,1
619,12,363,413,452,4.05,1
619,13,459,215,1093,9.79,1
620,1,519,440,8128,72.78,1
620,3,458,386,1717,15.37,1
620,6,964,443,2166,19.4,1
620,12,360,414,444,3.98,1
620,13,459,216,1106,9.9,1
621,1,508,432,9977,89.34,1
621,6,965,443,2194,19.65,1
621,12,358,416,445,3.98,1
621,13,458,217,1102,9.87,1
622,1,508,433,9959,89.18,1
622,6,965,442,2204,19.74,1
622,12,356,417,445,3.98,1
622,13,457,218,1107,9.91,1
623,1,508,434,9801,87.76,1
623,6,966,441,2181,19.53,1
623,12,354,419,421,3.77,1
623,13,457,220,1092,9.78,1
624,1,509,435,9605,86.01,1
624,6,968,441,2265,20.28,1
624,12,352,421,423,3.79,1
624,13,456,221,1100,9.85,1
625,1,510,436,9567,85.67,1
625,6,968,441,2300,20.6,1
625,12,349,423,410,3.67,1
625,13,456,222,1101,9.86,1
626,1,511,437,9396,84.14,1
626,6,969,442,2272,20.34,1
626,12,347,425,427,3.82,1
626,13,455,223,1113,9.97,1
627,1,511,438,9336,83.6,1
627,6,969,443,2198,19.68,1
627,12,345,426,400,3.58,1
627,13,454,225,1109,9.93,1
628,1,510,438,9344,83.67,1
628,6,969,443,2134,19.11,1
628,12,342,428,373,3.34,1
628,13,453,226,1107,9.91,1
629,1,509,438,9374,83.94,1
629,6,969,443,2178,19.5,1
629,12,340,431,377,3.38,1
629,13,453,228,1106,9.9,1
630,1,509,438,9387,84.06,1
630,6,969,443,2155,19.3,1
630,12,338,432,366,3.28,1
630,13,452,230,1111,9.95,1
631,1,508,438,9380,83.99,1
631,6,969,442,2179,19.51,1
631,12,336,434,349,3.13,1
631,13,452,231,1124,10.06,1
632,1,507,438,9401,84.18,1
632,6,967,441,2252,20.17,1
632,12,334,437,345,3.09,1
632,13,451,233,1120,10.03,1
633,1,507,438,9374,83.94,1
633,6,967,442,2344,20.99,1
633,12,331,442,426,3.81,1
633,13,450,235,1113,9.97,1
634,1,506,438,9414,84.3,1
634,6,966,441,2236,20.02,1
634,12,329,444,429,3.84,1
634,13,450,237,1111,9.95,1
635,1,506,437,9502,85.09,1
635,6,966,443,2216,19.84,1
635,12,327,446,428,3.83,1
635,13,449,239,1123,10.06,1
636,1,504,437,9618,86.12,1
636,6,965,443,2147,19.23,1
636,12,325,445,417,3.73,1
636,13,449,241,1130,10.12,1
637,1,504,437,9676,86.64,1
637,6,964,443,2093,18.74,1
637,12,324,444,443,3.97,1
637,13,448,243,1128,10.1,1
638,1,505,438,9752,87.32,1
638,6,964,443,2180,19.52,1
638,12,323,444,449,4.02,1
638,13,447,245,1140,10.21,1
639,1,506,438,9553,85.54,1
639,6,965,443,2230,19.97,1
639,12,323,444,414,3.71,1
639,13,447,248,1127,10.09,1
640,1,508,438,9336,83.6,1
640,6,966,442,2287,20.48,1
640,12,324,445,408,3.65,1
640,13,446,250,1130,10.12,1
641,1,509,439,9268,82.99,1
641,6,966,441,2264,20.27,1
641,12,325,445,384,3.44,1
641,13,445,253,1141,10.22,1
642,1,511,439,9186,82.26,1
642,6,967,441,2243,20.09,1
642,12,326,444,444,3.98,1
642,13,445,255,1138,10.19,1
643,1,513,440,8994,80.54,1
643,6,967,442,2179,19.51,1
643,12,327,444,421,3.77,1
643,13,444,258,1135,10.16,1
644,1,514,440,8924,79.91,1
644,6,968,443,2114,18.93,1
644,12,326,445,400,3.58,1
644,13,444,260,1138,10.19,1
645,1,516,440,8896,79.66,1
645,6,968,443,2030,18.18,1
645,12,326,445,385,3.45,1
645,13,443,263,1130,10.12,1
646,1,516,439,8966,80.29,1
646,6,969,443,2077,18.6,1
646,12,325,445,398,3.56,1
646,13,443,266,1138,10.19,1
647,1,518,439,8880,79.52,1
647,6,968,442,2104,18.84,1
647,12,324,443,407,3.64,1
647,13,442,269,1144,10.24,1
648,1,519,438,8821,78.99,1
648,6,968,442,2217,19.85,1
648,12,323,444,416,3.73,1
648,13,441,272,1146,10.26,1
649,1,520,438,8730,78.17,1
649,6,968,442,2241,20.07,1
649,12,324,445,384,3.44,1
649,13,441,275,1143,10.24,1
650,1,521,438,8813,78.92,1
650,6,968,442,2221,19.89,1
650,12,324,446,428,3.83,1
650,13,440,278,1142,10.23,1
651,1,522,438,8759,78.43,1
651,6,967,442,2173,19.46,1
651,12,325,444,410,3.67,1
651,13,439,281,1157,10.36,1
652,1,522,438,8582,76.85,1
652,6,967,442,2134,19.11,1
652,12,325,444,422,3.78,1
652,13,439,284,1151,10.31,1
653,1,522,438,8581,76.84,1
653,6,966,443,2119,18.97,1
653,12,326,444,411,3.68,1
653,13,438,287,1157,10.36,1
654,1,522,439,8567,76.71,1
654,6,965,443,2122,19.0,1
654,12,326,446,412,3.69,1
654,13,438,291,1151,10.31,1
655,1,521,439,8349,74.76,1
655,6,965,443,2167,19.4,1
655,12,326,445,421,3.77,1
655,13,437,294,1158,10.37,1
656,1,521,439,8322,74.52,1
656,6,965,443,2227,19.94,1
656,12,325,444,439,3.93,1
656,13,436,298,1148,10.28,1
657,1,521,440,8236,73.75,1
657,6,965,442,2253,20.17,1
657,12,325,444,414,3.71,1
657,13,436,301,1153,10.32,1
658,1,521,440,8230,73.7,1
658,6,966,442,2253,20.17,1
658,12,324,445,384,3.44,1
658,13,435,305,1169,10.47,1
659,1,521,440,8139,72.88,1
659,6,966,442,2199,19.69,1
659,12,324,445,370,3.31,1
659,13,434,309,1156,10.35,1
660,1,521,441,8306,74.38,1
660,6,967,442,2151,19.26,1
660,12,324,445,408,3.65,1
660,13,434,313,1162,10.41,1
661,1,521,441,8326,74.56,1
661,6,967,443,2162,19.36,1
661,12,324,444,435,3.9,1
661,13,433,316,1174,10.51,1
662,1,521,441,8283,74.17,1
662,6,967,443,2169,19.42,1
662,12,325,445,421,3.77,1
662,13,433,320,1171,10.49,1
663,1,520,441,8327,74.56,1
663,6,968,443,2184,19.56,1
663,12,326,446,411,3.68,1
663,13,432,324,1173,10.5,1
664,1,520,441,8310,74.41,1
664,6,968,443,2228,19.95,1
664,12,326,445,410,3.67,1
664,13,431,328,1171,10.49,1
665,1,520,441,8237,73.76,1
665,6,968,442,2229,19.96,1
665,12,326,445,461,4.13,1
665,13,431,333,1166,10.44,1
666,1,520,441,8251,73.88,1
666,6,968,442,2230,19.97,1
666,12,325,445,434,3.89,1
666,13,430,337,1170,10.48,1
667,1,521,441,8407,75.28,1
667,6,968,442,2195,19.66,1
667,12,325,445,408,3.65,1
667,13,429,341,1170,10.48,1
668,1,521,440,8407,75.28,1
668,6,968,442,2122,19.0,1
668,12,324,445,377,3.38,1
668,13,429,345,1162,10.41,1
669,1,521,440,8651,77.47,1
669,6,967,443,2152,19.27,1
669,12,323,444,396,3.55,1
669,13,428,350,1184,10.6,1
670,1,521,440,8710,77.99,1
670,6,967,442,2157,19.31,1
670,12,324,444,402,3.6,1
670,13,428,354,1181,10.58,1
671,1,521,439,8671,77.64,1
671,6,967,443,2142,19.18,1
671,12,324,444,413,3.7,1
671,13,427,359,1185,10.61,1
672,1,520,439,8726,78.14,1
672,6,966,443,2205,19.74,1
672,12,325,445,401,3.59,1
672,13,426,363,1184,10.6,1
673,1,520,439,8744,78.3,1
673,6,966,443,2233,20.0,1
673,12,325,445,402,3.6,1
673,13,426,368,1177,10.54,1
674,1,519,439,8803,78.83,1
674,6,966,443,2258,20.22,1
674,12,326,444,433,3.88,1
674,13,425,373,1176,10.53,1
675,1,519,439,8738,78.24,1
675,6,966,442,2211,19.8,1
675,12,326,445,421,3.77,1
675,13,424,378,1171,10.49,1
676,1,518,438,8703,77.93,1
676,6,966,442,2180,19.52,1
676,12,326,445,409,3.66,1
676,13,424,383,1174,10.51,1
677,1,518,438,8734,78.21,1
677,6,966,442,2180,19.52,1
677,12,325,445,417,3.73,1
677,13,423,388,1178,10.55,1
678,1,518,439,8756,78.41,1
678,6,967,442,2152,19.27,1
678,12,324,445,418,3.74,1
678,13,423,393,1181,10.58,1
679,1,517,439,8712,78.01,1
679,6,967,442,2139,19.15,1
679,12,324,444,405,3.63,1
679,13,422,398,1174,10.51,1
680,1,517,439,8679,77.72,1
680,6,967,442,2178,19.5,1
680,12,324,444,408,3.65,1
680,13,421,403,1174,10.51,1
681,1,517,439,8589,76.91,1
681,6,968,443,2213,19.82,1
681,12,324,445,407,3.64,1
681,13,421,408,1165,10.43,1
682,1,517,439,8558,76.63,1
682,6,968,443,2235,20.01,1
682,12,324,445,411,3.68,1
682,13,420,414,1173,10.5,1
683,1,505,437,9764,87.43,1
683,6,968,442,2204,19.74,1
683,12,325,444,412,3.69,1
684,1,505,438,9595,85.92,1
684,6,968,442,2171,19.44,1
684,12,326,444,398,3.56,1
685,1,505,439,9533,85.36,1
685,6,968,442,2180,19.52,1
685,12,326,445,423,3.79,1
686,1,506,440,9397,84.15,1
686,6,968,442,2183,19.55,1
686,12,326,445,412,3.69,1
687,1,507,441,9116,81.63,1
687,6,968,442,2189,19.6,1
687,12,325,445,420,3.76,1
688,1,508,441,9006,80.64,1
688,6,967,443,2219,19.87,1
688,12,324,445,433,3.88,1
689,1,507,441,8995,80.55,1
689,6,967,443,2222,19.9,1
689,12,324,445,416,3.73,1
690,1,505,441,9196,82.35,1
690,6,966,443,2236,20.02,1
690,12,324,445,420,3.76,1
691,1,504,440,9286,83.15,1
691,6,966,442,2214,19.83,1
691,12,324,445,406,3.64,1
692,1,504,440,9453,84.65,1
692,6,966,442,2191,19.62,1
692,12,324,445,426,3.81,1
693,1,504,440,9396,84.14,1
693,6,966,442,2189,19.6,1
693,12,325,445,417,3.73,1
694,1,505,440,9442,84.55,1
694,6,966,443,2241,20.07,1
694,12,325,445,392,3.51,1
695,1,507,441,9303,83.3,1
695,6,966,442,2185,19.57,1
695,12,326,445,404,3.62,1
696,1,508,441,9330,83.55,1
696,6,966,442,2180,19.52,1
696,12,326,445,411,3.68,1
697,1,508,440,9357,83.79,1
697,6,967,442,2198,19.68,1
697,12,325,444,409,3.66,1
698,1,506,440,9569,85.69,1
698,6,967,443,2165,19.39,1
698,12,325,445,423,3.79,1
699,1,506,439,9736,87.18,1
699,6,967,442,2168,19.41,1
699,12,324,445,414,3.71,1
700,1,506,439,9715,86.99,1
700,6,967,442,2126,19.04,1
700,12,324,445,413,3.7,1
701,1,506,439,9785,87.62,1
701,6,968,442,2202,19.72,1
701,12,324,446,454,4.07,1
702,1,507,439,9656,86.47,1
702,6,968,442,2168,19.41,1
702,12,324,444,416,3.73,1
703,1,509,439,9558,85.59,1
703,6,968,442,2204,19.74,1
703,12,325,445,412,3.69,1
704,1,509,440,9562,85.62,1
704,6,968,442,2187,19.58,1
704,12,325,445,401,3.59,1
705,1,508,439,9609,86.04,1
705,6,968,443,2211,19.8,1
705,12,326,445,407,3.64,1
706,1,507,439,9864,88.33,1
706,6,967,443,2192,19.63,1
706,12,326,445,423,3.79,1
707,1,507,439,9809,87.84,1
707,6,967,443,2147,19.23,1
707,12,325,445,412,3.69,1
708,1,507,439,9795,87.71,1
708,6,967,443,2182,19.54,1
708,12,324,445,410,3.67,1
709,1,508,439,9664,86.54,1
709,6,966,442,2151,19.26,1
709,12,324,445,421,3.77,1
710,1,509,440,9603,85.99,1
710,6,966,443,2188,19.59,1
710,12,324,445,426,3.81,1
711,1,511,440,9453,84.65,1
711,6,966,443,2198,19.68,1
711,12,324,444,412,3.69,1
712,1,510,440,9415,84.31,1
712,6,966,442,2217,19.85,1
712,12,324,445,412,3.69,1
713,1,508,440,9514,85.19,1
713,6,967,442,2176,19.49,1
713,12,325,445,406,3.64,1
714,1,508,440,9466,84.76,1
714,6,966,442,2182,19.54,1
714,12,325,446,441,3.95,1
715,1,508,440,9447,84.59,1
715,6,967,443,2188,19.59,1
715,12,325,445,440,3.94,1
716,1,508,441,9310,83.37,1
716,6,967,443,2132,19.09,1
716,12,326,445,411,3.68,1
717,1,509,441,9225,82.61,1
717,6,967,443,2164,19.38,1
717,12,325,445,423,3.79,1
718,1,509,441,9263,82.95,1
718,6,967,443,2155,19.3,1
718,12,325,445,409,3.66,1
719,1,509,441,9218,82.54,1
719,6,968,443,2163,19.37,1
719,12,325,445,423,3.79,1
720,1,508,441,9438,84.51,1
720,6,968,443,2237,20.03,1
720,12,324,445,425,3.81,1
721,1,507,440,9434,84.48,1
721,6,967,442,2168,19.41,1
721,12,324,444,398,3.56,1
722,1,507,440,9514,85.19,1
722,6,967,442,2217,19.85,1
722,12,324,445,409,3.66,1
723,1,507,440,9439,84.52,1
723,6,968,443,2161,19.35,1
723,12,325,445,389,3.48,1
724,1,508,440,9410,84.26,1
724,6,968,443,2198,19.68,1
724,12,325,445,425,3.81,1
725,1,510,440,9344,83.67,1
725,6,967,442,2138,19.14,1
725,12,326,445,412,3.69,1
726,1,509,440,9420,84.35,1
726,6,967,443,2164,19.38,1
726,12,326,444,393,3.52,1
727,1,508,440,9553,85.54,1
727,6,966,442,2195,19.66,1
727,12,325,445,405,3.63,1
728,1,507,440,9748,87.29,1
728,6,966,443,2259,20.23,1
728,12,325,446,440,3.94,1
729,1,507,439,9672,86.61,1
729,6,966,442,2197,19.67,1
729,12,325,445,424,3.8,1
730,1,507,439,9679,86.67,1
730,6,967,442,2206,19.75,1
730,12,324,445,413,3.7,1
731,1,508,439,9574,85.73,1
731,6,966,442,2187,19.58,1
731,12,324,445,409,3.66,1
732,1,509,440,9545,85.47,1
732,6,967,442,2142,19.18,1
732,12,324,445,402,3.6,1
733,1,509,440,9619,86.13,1
733,6,966,442,2179,19.51,1
733,12,325,444,391,3.5,1
734,1,507,440,9671,86.6,1
734,6,967,443,2172,19.45,1
734,12,325,444,402,3.6,1
735,1,507,440,9751,87.32,1
735,6,967,443,2183,19.55,1
735,12,325,445,404,3.62,1
736,1,506,440,9728,87.11,1
736,6,967,442,2188,19.59,1
736,12,325,445,422,3.78,1
737,1,506,440,9674,86.63,1
737,6,967,443,2227,19.94,1
737,12,325,445,417,3.73,1
738,1,507,440,9520,85.25,1
738,6,967,442,2239,20.05,1
738,12,325,445,429,3.84,1
739,1,508,440,9374,83.94,1
739,6,968,442,2190,19.61,1
739,12,325,444,403,3.61,1
740,1,508,441,9411,84.27,1
740,6,968,442,2198,19.68,1
740,12,324,445,421,3.77,1
741,1,507,440,9356,83.78,1
741,6,968,442,2172,19.45,1
741,12,324,445,416,3.73,1
742,1,506,440,9335,83.59,1
742,6,967,442,2183,19.55,1
742,12,324,445,414,3.71,1
743,1,506,440,9433,84.47,1
743,6,966,442,2147,19.23,1
743,12,325,445,416,3.73,1
744,1,506,440,9385,84.04,1
744,6,967,442,2144,19.2,1
744,12,325,445,418,3.74,1
745,1,506,441,9354,83.76,1
745,6,967,442,2199,19.69,1
745,12,325,444,389,3.48,1
746,1,507,441,9213,82.5,1
746,6,967,443,2188,19.59,1
746,12,325,445,398,3.56,1
747,1,507,441,9286,83.15,1
747,6,966,442,2187,19.58,1
747,12,325,445,427,3.82,1
748,1,507,441,9370,83.9,1
748,6,966,442,2185,19.57,1
748,12,325,445,421,3.77,1
749,1,505,440,9537,85.4,1
749,6,966,443,2212,19.81,1
749,12,324,445,433,3.88,1
750,1,506,440,9472,84.82,1
750,6,966,442,2181,19.53,1
750,12,325,445,405,3.63,1
751,1,506,440,9486,84.94,1
751,6,967,442,2183,19.55,1
751,12,324,445,402,3.6,1
752,1,506,440,9556,85.57,1
752,6,967,442,2240,20.06,1
752,12,324,445,416,3.73,1
753,1,507,440,9360,83.81,1
753,6,967,442,2207,19.76,1
753,12,324,444,391,3.5,1
754,1,507,440,9425,84.4,1
754,6,967,442,2171,19.44,1
754,12,325,445,416,3.73,1
755,1,507,440,9441,84.54,1
755,6,967,442,2131,19.08,1
755,12,325,445,415,3.72,1
756,1,506,440,9599,85.95,1
756,6,967,442,2149,19.24,1
756,12,325,445,428,3.83,1
757,1,506,439,9625,86.19,1
757,6,967,442,2162,19.36,1
757,12,325,445,423,3.79,1
758,1,506,440,9628,86.21,1
758,6,967,443,2174,19.47,1
758,12,325,445,408,3.65,1
759,1,507,440,9515,85.2,1
759,6,968,442,2151,19.26,1
759,12,325,445,407,3.64,1
760,1,507,440,9573,85.72,1
760,6,967,442,2233,20.0,1
760,12,324,445,413,3.7,1
761,1,508,440,9533,85.36,1
761,6,967,442,2156,19.31,1
761,12,324,445,413,3.7,1
762,1,507,440,9457,84.68,1
762,6,967,442,2130,19.07,1
762,12,324,445,414,3.71,1
763,1,507,440,9587,85.85,1
763,6,967,442,2223,19.91,1
763,12,324,445,405,3.63,1
764,1,507,440,9627,86.21,1
764,6,967,443,2185,19.57,1
764,12,325,445,419,3.75,1
765,1,507,440,9630,86.23,1
765,6,967,442,2214,19.83,1
765,12,325,445,413,3.7,1
766,1,508,440,9466,84.76,1
766,6,967,443,2149,19.24,1
766,12,325,445,397,3.55,1
767,1,508,441,9435,84.49,1
767,6,967,443,2190,19.61,1
767,12,325,445,430,3.85,1
768,1,509,441,9524,85.28,1
768,6,966,443,2169,19.42,1
768,12,325,445,419,3.75,1
769,1,508,441,9442,84.55,1
769,6,967,442,2159,19.33,1
769,12,325,445,431,3.86,1
770,1,507,440,9446,84.58,1
770,6,967,443,2158,19.32,1
770,12,325,444,407,3.64,1
771,1,508,440,9344,83.67,1
771,6,967,442,2103,18.83,1
771,12,324,445,396,3.55,1
772,1,508,440,9469,84.79,1
772,6,968,443,2183,19.55,1
772,12,324,445,417,3.73,1
773,1,508,440,9459,84.7,1
773,6,967,442,2147,19.23,1
773,12,325,445,406,3.64,1
774,1,509,440,9398,84.15,1
774,6,967,443,2165,19.39,1
774,12,325,444,412,3.69,1
775,1,509,440,9360,83.81,1
775,6,967,442,2167,19.4,1
775,12,325,444,399,3.57,1
776,1,509,441,9595,85.92,1
776,6,968,443,2234,20.0,1
776,12,325,445,423,3.79,1
777,1,508,440,9590,85.87,1
777,6,967,443,2207,19.76,1
777,12,325,445,404,3.62,1
778,1,508,440,9540,85.43,1
778,6,967,442,2166,19.4,1
778,12,325,444,413,3.7,1
779,1,508,440,9578,85.77,1
779,6,967,442,2159,19.33,1
779,12,325,445,400,3.58,1
780,1,508,440,9543,85.45,1
780,6,967,442,2134,19.11,1
780,12,325,445,388,3.47,1
781,1,508,440,9537,85.4,1
781,6,967,442,2174,19.47,1
781,12,324,445,418,3.74,1
782,1,509,440,9523,85.27,1
782,6,967,442,2206,19.75,1
782,12,325,445,414,3.71,1
783,1,508,440,9523,85.27,1
783,6,967,442,2172,19.45,1
783,12,324,444,399,3.57,1
784,1,507,440,9644,86.36,1
784,6,967,442,2202,19.72,1
784,12,325,445,409,3.66,1
785,1,507,440,9658,86.48,1
785,6,967,442,2162,19.36,1
785,12,325,445,384,3.44,1
786,1,507,440,9498,85.05,1
786,6,966,442,2183,19.55,1
786,12,325,445,401,3.59,1
787,1,508,440,9506,85.12,1
787,6,967,442,2131,19.08,1
787,12,325,444,393,3.52,1
788,1,508,440,9449,84.61,1
788,6,967,443,2165,19.39,1
788,12,325,445,423,3.79,1
789,1,508,440,9375,83.95,1
789,6,967,443,2198,19.68,1
789,12,325,445,405,3.63,1
790,1,508,440,9398,84.15,1
790,6,967,442,2158,19.32,1
790,12,325,445,421,3.77,1
791,1,508,440,9517,85.22,1
791,6,967,442,2192,19.63,1
791,12,324,445,439,3.93,1
792,1,507,440,9572,85.71,1
792,6,967,442,2202,19.72,1
792,12,324,445,420,3.76,1
793,1,507,440,9417,84.33,1
793,6,967,442,2161,19.35,1
793,12,324,445,427,3.82,1
794,1,507,440,9433,84.47,1
794,6,967,442,2132,19.09,1
794,12,325,445,407,3.64,1
795,1,507,441,9438,84.51,1
795,6,967,442,2200,19.7,1
795,12,325,445,411,3.68,1
796,1,508,440,9307,83.34,1
796,6,967,442,2168,19.41,1
796,12,325,445,396,3.55,1
797,1,507,440,9334,83.58,1
797,6,967,442,2162,19.36,1
797,12,325,445,401,3.59,1
798,1,507,440,9468,84.78,1
798,6,967,442,2141,19.17,1
798,12,325,445,416,3.73,1
799,1,506,440,9477,84.86,1
799,6,967,442,2194,19.65,1
799,12,326,445,404,3.62,1
800,1,506,440,9569,85.69,1
800,6,966,442,2267,20.3,1
800,12,325,445,436,3.9,1
801,1,506,440,9473,84.83,1
801,6,967,442,2170,19.43,1
801,12,325,445,410,3.67,1
802,1,507,440,9454,84.66,1
802,6,967,442,2192,19.63,1
802,12,325,445,430,3.85,1
803,1,507,440,9500,85.07,1
803,6,966,442,2204,19.74,1
803,12,325,445,419,3.75,1
804,1,507,440,9441,84.54,1
804,6,966,442,2214,19.83,1
804,12,325,445,405,3.63,1
805,1,507,440,9474,84.84,1
805,6,967,442,2188,19.59,1
805,12,325,445,429,3.84,1
806,1,506,440,9534,85.37,1
806,6,967,442,2235,20.01,1
806,12,325,445,439,3.93,1
807,1,506,440,9600,85.96,1
807,6,967,442,2191,19.62,1
807,12,325,445,439,3.93,1
808,1,506,440,9550,85.52,1
808,6,967,442,2182,19.54,1
808,12,325,445,424,3.8,1
809,1,507,440,9591,85.88,1
809,6,967,442,2185,19.57,1
809,12,325,445,419,3.75,1
810,1,507,440,9436,84.5,1
810,6,967,442,2153,19.28,1
810,12,325,444,399,3.57,1
811,1,507,440,9490,84.98,1
811,6,967,442,2158,19.32,1
811,12,325,445,414,3.71,1
812,1,507,440,9608,86.04,1
812,6,967,442,2155,19.3,1
812,12,325,446,427,3.82,1
813,1,506,440,9552,85.53,1
813,6,968,443,2215,19.83,1
813,12,325,445,416,3.73,1
814,1,506,440,9485,84.93,1
814,6,967,443,2190,19.61,1
814,12,325,444,383,3.43,1
815,1,506,440,9542,85.44,1
815,6,967,443,2192,19.63,1
815,12,325,445,419,3.75,1
816,1,507,440,9490,84.98,1
816,6,967,443,2195,19.66,1
816,12,325,445,412,3.69,1
817,1,508,440,9396,84.14,1
817,6,967,442,2200,19.7,1
817,12,325,445,404,3.62,1
818,1,507,440,9500,85.07,1
818,6,967,442,2206,19.75,1
818,12,325,445,406,3.64,1
819,1,507,440,9412,84.28,1
819,6,967,442,2196,19.66,1
819,12,325,445,402,3.6,1
820,1,507,440,9538,85.41,1
820,6,967,443,2181,19.53,1
820,12,325,446,443,3.97,1
821,1,507,440,9369,83.9,1
821,6,967,443,2190,19.61,1
821,12,325,445,405,3.63,1
822,1,507,440,9338,83.62,1
822,6,967,442,2150,19.25,1
822,12,325,445,420,3.76,1
823,1,507,440,9365,83.86,1
823,6,967,442,2156,19.31,1
823,12,325,444,402,3.6,1
824,1,508,440,9360,83.81,1
824,6,966,443,2189,19.6,1
824,12,325,445,406,3.64,1
825,1,507,440,9333,83.57,1
825,6,967,443,2177,19.49,1
825,12,325,445,402,3.6,1
826,1,507,440,9281,83.11,1
826,6,967,443,2149,19.24,1
826,12,325,445,404,3.62,1
827,1,507,440,9371,83.91,1
827,6,967,442,2199,19.69,1
827,12,325,445,414,3.71,1
828,1,508,440,9504,85.1,1
828,6,967,442,2191,19.62,1
828,12,325,445,422,3.78,1
829,1,508,440,9480,84.89,1
829,6,967,442,2133,19.1,1
829,12,325,444,405,3.63,1
830,1,508,440,9422,84.37,1
830,6,967,442,2158,19.32,1
830,12,325,445,403,3.61,1
831,1,508,440,9410,84.26,1
831,6,967,442,2183,19.55,1
831,12,325,444,401,3.59,1
832,1,508,440,9543,85.45,1
832,6,967,442,2198,19.68,1
832,12,325,445,424,3.8,1
833,1,508,440,9565,85.65,1
833,6,967,442,2140,19.16,1
833,12,325,445,423,3.79,1
834,1,508,440,9610,86.05,1
834,6,967,442,2172,19.45,1
834,12,325,445,435,3.9,1
835,1,508,440,9652,86.43,1
835,6,967,443,2207,19.76,1
835,12,324,444,398,3.56,1
836,1,508,440,9598,85.95,1
836,6,967,442,2191,19.62,1
836,12,325,445,426,3.81,1
837,1,509,440,9480,84.89,1
837,6,966,442,2169,19.42,1
837,12,325,445,407,3.64,1
838,1,509,440,9482,84.91,1
838,6,966,442,2162,19.36,1
838,12,325,445,422,3.78,1
839,1,508,440,9604,86.0,1
839,6,967,442,2164,19.38,1
839,12,325,445,436,3.9,1
840,1,508,440,9566,85.66,1
840,6,967,442,2172,19.45,1
840,12,325,445,420,3.76,1
841,1,508,440,9455,84.67,1
841,6,967,442,2137,19.14,1
841,12,325,445,401,3.59,1
842,1,508,440,9543,85.45,1
842,6,967,442,2149,19.24,1
842,12,325,444,401,3.59,1
843,1,508,440,9623,86.17,1
843,6,967,442,2180,19.52,1
843,12,325,444,416,3.73,1
844,1,508,440,9454,84.66,1
844,6,967,442,2178,19.5,1
844,12,325,445,411,3.68,1
845,1,508,440,9395,84.13,1
845,6,967,442,2145,19.21,1
845,12,325,445,409,3.66,1
846,1,508,440,9377,83.97,1
846,6,967,442,2150,19.25,1
846,12,325,445,406,3.64,1
847,1,508,440,9428,84.42,1
847,6,967,442,2170,19.43,1
847,12,325,444,412,3.69,1
848,1,508,440,9533,85.36,1
848,6,967,442,2214,19.83,1
848,12,325,445,413,3.7,1
849,1,507,440,9431,84.45,1
849,6,967,442,2171,19.44,1
849,12,325,445,394,3.53,1
850,1,507,440,9466,84.76,1
850,6,967,443,2173,19.46,1
850,12,325,445,413,3.7,1
851,1,508,440,9345,83.68,1
851,6,967,443,2178,19.5,1
851,12,325,445,421,3.77,1
852,1,508,440,9453,84.65,1
852,6,967,443,2193,19.64,1
852,12,324,445,411,3.68,1
853,1,508,440,9352,83.74,1
853,6,967,442,2174,19.47,1
853,12,325,444,412,3.69,1
854,1,507,440,9441,84.54,1
854,6,967,443,2182,19.54,1
854,12,325,444,397,3.55,1
855,1,507,440,9591,85.88,1
855,6,967,442,2183,19.55,1
855,12,325,445,399,3.57,1
856,1,507,440,9593,85.9,1
856,6,967,443,2200,19.7,1
856,12,325,445,409,3.66,1
857,1,507,440,9494,85.01,1
857,6,967,442,2133,19.1,1
857,12,325,445,407,3.64,1
858,1,507,440,9493,85.01,1
858,6,967,442,2143,19.19,1
858,12,325,445,407,3.64,1
859,1,507,440,9355,83.77,1
859,6,967,442,2159,19.33,1
859,12,325,445,413,3.7,1
860,1,507,440,9433,84.47,1
860,6,967,442,2128,19.06,1
860,12,325,445,404,3.62,1
861,1,507,440,9498,85.05,1
861,6,967,443,2141,19.17,1
861,12,325,445,426,3.81,1
862,1,507,440,9501,85.08,1
862,6,967,443,2182,19.54,1
862,12,325,444,394,3.53,1
863,1,507,440,9602,85.98,1
863,6,967,442,2223,19.91,1
863,12,325,444,404,3.62,1
864,1,507,440,9491,84.99,1
864,6,967,442,2160,19.34,1
864,12,325,444,389,3.48,1
865,1,507,440,9401,84.18,1
865,6,967,443,2156,19.31,1
865,12,325,445,385,3.45,1
866,1,507,440,9515,85.2,1
866,6,967,443,2218,19.86,1
866,12,325,445,413,3.7,1
867,1,507,440,9481,84.9,1
867,6,967,442,2160,19.34,1
867,12,325,444,406,3.64,1
868,1,507,440,9514,85.19,1
868,6,967,443,2181,19.53,1
868,12,325,444,400,3.58,1
869,1,507,440,9506,85.12,1
869,6,967,442,2147,19.23,1
869,12,325,445,409,3.66,1
870,1,506,440,9572,85.71,1
870,6,967,442,2154,19.29,1
870,12,325,445,412,3.69,1
871,1,507,440,9392,84.1,1
871,6,967,442,2142,19.18,1
871,12,325,444,393,3.52,1
872,1,507,440,9421,84.36,1
872,6,967,442,2157,19.31,1
872,12,325,444,405,3.63,1
873,1,507,440,9366,83.87,1
873,6,967,442,2160,19.34,1
873,12,325,445,410,3.67,1
874,1,507,440,9410,84.26,1
874,6,967,442,2203,19.73,1
874,12,325,445,425,3.81,1
875,1,507,440,9424,84.39,1
875,6,967,442,2186,19.57,1
875,12,325,445,422,3.78,1
876,1,507,440,9333,83.57,1
876,6,967,442,2132,19.09,1
876,12,325,445,423,3.79,1
877,1,507,440,9405,84.22,1
877,6,967,442,2149,19.24,1
877,12,325,444,385,3.45,1
878,1,507,440,9397,84.15,1
878,6,967,442,2162,19.36,1
878,12,325,444,385,3.45,1
879,1,507,440,9494,85.01,1
879,6,967,443,2190,19.61,1
879,12,325,444,405,3.63,1
880,1,507,440,9486,84.94,1
880,6,967,443,2205,19.74,1
880,12,325,445,423,3.79,1
881,1,507,440,9321,83.47,1
881,6,967,442,2198,19.68,1
881,12,324,445,415,3.72,1
882,1,507,440,9452,84.64,1
882,6,967,443,2214,19.83,1
882,12,325,445,415,3.72,1
883,1,507,440,9507,85.13,1
883,6,967,442,2198,19.68,1
883,12,325,445,423,3.79,1
884,1,507,440,9501,85.08,1
884,6,967,442,2195,19.66,1
884,12,325,444,409,3.66,1
885,1,507,440,9455,84.67,1
885,6,967,442,2149,19.24,1
885,12,325,445,418,3.74,1
886,1,508,440,9461,84.72,1
886,6,967,443,2215,19.83,1
886,12,325,445,419,3.75,1
887,1,508,440,9448,84.6,1
887,6,967,442,2188,19.59,1
887,12,325,445,410,3.67,1
888,1,507,440,9487,84.95,1
888,6,967,442,2201,19.71,1
888,12,325,445,402,3.6,1
889,1,508,440,9377,83.97,1
889,6,967,442,2182,19.54,1
889,12,325,444,394,3.53,1
890,1,507,440,9523,85.27,1
890,6,967,442,2153,19.28,1
890,12,325,445,409,3.66,1
891,1,508,440,9538,85.41,1
891,6,967,442,2191,19.62,1
891,12,325,445,416,3.73,1
892,1,508,440,9459,84.7,1
892,6,967,442,2157,19.31,1
892,12,325,445,413,3.7,1
893,1,508,440,9524,85.28,1
893,6,967,443,2181,19.53,1
893,12,325,445,415,3.72,1
894,1,508,440,9571,85.7,1
894,6,967,442,2194,19.65,1
894,12,325,445,410,3.67,1
895,1,508,440,9494,85.01,1
895,6,967,442,2152,19.27,1
895,12,325,445,411,3.68,1
896,1,507,440,9491,84.99,1
896,6,967,443,2199,19.69,1
896,12,325,445,416,3.73,1
897,1,507,440,9425,84.4,1
897,6,967,442,2126,19.04,1
897,12,325,445,419,3.75,1
898,1,507,440,9448,84.6,1
898,6,967,442,2188,19.59,1
898,12,325,445,425,3.81,1
899,1,507,440,9447,84.59,1
899,6,967,442,2148,19.23,1
899,12,325,445,418,3.74,1
900,1,508,440,9388,84.07,1
900,6,967,442,2125,19.03,1
900,12,325,445,400,3.58,1
901,1,507,440,9395,84.13,1
901,6,967,442,2114,18.93,1
901,12,325,444,387,3.47,1
902,1,508,440,9440,84.53,1
902,6,967,443,2179,19.51,1
902,12,325,445,406,3.64,1
903,1,507,440,9406,84.23,1
903,6,967,442,2178,19.5,1
903,12,325,445,413,3.7,1
904,1,508,440,9505,85.11,1
904,6,967,442,2186,19.57,1
904,12,325,445,408,3.65,1
905,1,507,440,9522,85.27,1
905,6,967,442,2173,19.46,1
905,12,325,444,398,3.56,1
906,1,507,440,9425,84.4,1
906,6,967,442,2155,19.3,1
906,12,325,444,389,3.48,1
907,1,508,440,9486,84.94,1
907,6,967,442,2198,19.68,1
907,12,325,444,407,3.64,1
908,1,507,440,9377,83.97,1
908,6,967,442,2205,19.74,1
908,12,325,444,398,3.56,1
909,1,507,440,9364,83.85,1
909,6,967,442,2185,19.57,1
909,12,325,445,413,3.7,1
910,1,507,440,9531,85.35,1
910,6,967,443,2207,19.76,1
910,12,325,444,401,3.59,1
911,1,507,440,9621,86.15,1
911,6,967,443,2239,20.05,1
911,12,325,445,409,3.66,1
912,1,507,440,9553,85.54,1
912,6,967,443,2195,19.66,1
912,12,325,444,413,3.7,1
913,1,507,440,9460,84.71,1
913,6,967,442,2163,19.37,1
913,12,325,445,408,3.65,1
914,1,508,440,9451,84.63,1
914,6,967,442,2181,19.53,1
914,12,325,445,425,3.81,1
915,1,508,440,9414,84.3,1
915,6,967,442,2158,19.32,1
915,12,325,445,404,3.62,1
916,1,508,440,9452,84.64,1
916,6,967,442,2181,19.53,1
916,12,325,444,394,3.53,1
917,1,507,440,9443,84.56,1
917,6,967,442,2154,19.29,1
917,12,325,444,380,3.4,1
918,1,507,440,9557,85.58,1
918,6,967,442,2130,19.07,1
918,12,324,445,394,3.53,1
919,1,507,440,9594,85.91,1
919,6,967,442,2143,19.19,1
919,12,325,445,423,3.79,1
920,1,507,440,9525,85.29,1
920,6,967,442,2192,19.63,1
920,12,325,445,419,3.75,1
921,1,508,440,9482,84.91,1
921,6,967,443,2130,19.07,1
921,12,325,444,401,3.59,1
922,1,507,440,9525,85.29,1
922,6,967,442,2183,19.55,1
922,12,325,445,410,3.67,1
923,1,507,440,9468,84.78,1
923,6,967,442,2209,19.78,1
923,12,325,445,413,3.7,1
924,1,507,440,9412,84.28,1
924,6,967,442,2185,19.57,1
924,12,325,444,391,3.5,1
925,1,507,440,9480,84.89,1
925,6,967,442,2179,19.51,1
925,12,325,444,405,3.63,1
926,1,507,440,9519,85.24,1
926,6,967,442,2168,19.41,1
926,12,325,444,409,3.66,1
927,1,507,440,9487,84.95,1
927,6,967,442,2202,19.72,1
927,12,325,445,429,3.84,1
928,1,507,440,9567,85.67,1
928,6,967,443,2265,20.28,1
928,12,325,445,424,3.8,1
929,1,507,440,9376,83.96,1
929,6,967,442,2159,19.33,1
929,12,325,445,426,3.81,1
930,1,507,440,9486,84.94,1
930,6,967,442,2189,19.6,1
930,12,325,445,415,3.72,1
931,1,507,440,9456,84.67,1
931,6,967,442,2183,19.55,1
931,12,325,445,401,3.59,1
932,1,507,440,9487,84.95,1
932,6,967,442,2202,19.72,1
932,12,325,446,442,3.96,1
933,1,507,440,9463,84.74,1
933,6,967,442,2164,19.38,1
933,12,325,444,403,3.61,1
934,1,507,440,9554,85.55,1
934,6,967,442,2167,19.4,1
934,12,325,445,419,3.75,1
935,1,507,440,9431,84.45,1
935,6,967,442,2155,19.3,1
935,12,325,445,425,3.81,1
936,1,508,440,9432,84.46,1
936,6,967,442,2140,19.16,1
936,12,325,444,425,3.81,1
937,1,507,440,9489,84.97,1
937,6,967,442,2138,19.14,1
937,12,325,445,402,3.6,1
938,1,507,440,9453,84.65,1
938,6,967,442,2151,19.26,1
938,12,325,444,405,3.63,1
939,1,507,440,9522,85.27,1
939,6,967,443,2178,19.5,1
939,12,325,444,417,3.73,1
940,1,507,440,9426,84.41,1
940,6,967,442,2136,19.13,1
940,12,325,445,424,3.8,1
941,1,508,440,9440,84.53,1
941,6,967,442,2155,19.3,1
941,12,325,445,426,3.81,1
942,1,507,440,9521,85.26,1
942,6,967,443,2162,19.36,1
942,12,325,444,408,3.65,1
943,1,507,440,9437,84.5,1
943,6,967,442,2155,19.3,1
943,12,324,444,400,3.58,1
944,1,507,440,9570,85.7,1
944,6,967,443,2203,19.73,1
944,12,325,444,410,3.67,1
945,1,507,440,9487,84.95,1
945,6,967,442,2173,19.46,1
945,12,325,444,388,3.47,1
946,1,507,440,9587,85.85,1
946,6,967,443,2223,19.91,1
946,12,325,445,431,3.86,1
947,1,507,440,9481,84.9,1
947,6,967,442,2182,19.54,1
947,12,325,445,402,3.6,1
948,1,508,440,9473,84.83,1
948,6,967,442,2209,19.78,1
948,12,325,445,411,3.68,1
949,1,507,440,9425,84.4,1
949,6,967,442,2141,19.17,1
949,12,325,445,412,3.69,1
950,1,508,440,9480,84.89,1
950,6,967,442,2211,19.8,1
950,12,325,444,421,3.77,1
951,1,508,440,9480,84.89,1
951,6,967,442,2178,19.5,1
951,12,325,445,427,3.82,1
952,1,507,440,9478,84.87,1
952,6,967,442,2200,19.7,1
952,12,325,445,408,3.65,1
953,1,507,440,9403,84.2,1
953,6,967,442,2210,19.79,1
953,12,325,445,397,3.55,1
954,1,507,440,9521,85.26,1
954,6,967,443,2215,19.83,1
954,12,325,445,405,3.63,1
955,1,507,440,9485,84.93,1
955,6,967,443,2230,19.97,1
955,12,325,445,409,3.66,1
956,1,508,440,9475,84.84,1
956,6,967,442,2156,19.31,1
956,12,325,445,414,3.71,1
957,1,508,440,9457,84.68,1
957,6,967,442,2133,19.1,1
957,12,325,445,408,3.65,1
958,1,508,440,9401,84.18,1
958,6,968,442,2137,19.14,1
958,12,325,445,422,3.78,1
959,1,508,440,9420,84.35,1
959,6,967,443,2151,19.26,1
959,12,325,445,414,3.71,1
960,1,508,440,9485,84.93,1
960,6,967,443,2199,19.69,1
960,12,325,445,424,3.8,1
961,1,507,440,9384,84.03,1
961,6,967,443,2217,19.85,1
961,12,324,445,426,3.81,1
962,1,507,440,9473,84.83,1
962,6,967,442,2216,19.84,1
962,12,325,445,424,3.8,1
963,1,508,440,9464,84.75,1
963,6,967,443,2150,19.25,1
963,12,324,445,404,3.62,1
964,1,508,440,9491,84.99,1
964,6,967,442,2165,19.39,1
964,12,325,444,397,3.55,1
965,1,508,440,9452,84.64,1
965,6,967,442,2170,19.43,1
965,12,325,445,408,3.65,1
966,1,507,440,9494,85.01,1
966,6,967,442,2171,19.44,1
966,12,324,445,402,3.6,1
967,1,507,440,9531,85.35,1
967,6,967,443,2196,19.66,1
967,12,325,445,408,3.65,1
968,1,508,440,9491,84.99,1
968,6,967,442,2169,19.42,1
968,12,325,444,410,3.67,1
969,1,507,440,9478,84.87,1
969,6,967,442,2119,18.97,1
969,12,325,445,415,3.72,1
970,1,507,440,9515,85.2,1
970,6,967,443,2182,19.54,1
970,12,325,445,427,3.82,1
971,1,508,440,9525,85.29,1
971,6,967,442,2182,19.54,1
971,12,325,445,422,3.78,1
972,1,508,440,9456,84.67,1
972,6,967,442,2150,19.25,1
972,12,325,444,389,3.48,1
973,1,507,440,9432,84.46,1
973,6,967,442,2133,19.1,1
973,12,325,445,416,3.73,1
974,1,507,440,9504,85.1,1
974,6,967,443,2165,19.39,1
974,12,325,445,421,3.77,1
975,1,508,440,9577,85.76,1
975,6,967,442,2192,19.63,1
975,12,325,445,412,3.69,1
976,1,507,440,9560,85.61,1
976,6,967,442,2174,19.47,1
976,12,325,445,417,3.73,1
977,1,508,440,9474,84.84,1
977,6,967,442,2163,19.37,1
977,12,325,444,373,3.34,1
978,1,507,440,9503,85.1,1
978,6,966,443,2212,19.81,1
978,12,325,445,431,3.86,1
979,1,507,440,9387,84.06,1
979,6,967,442,2206,19.75,1
979,12,325,444,406,3.64,1
980,1,507,440,9509,85.15,1
980,6,967,442,2205,19.74,1
980,12,325,444,395,3.54,1
981,1,507,440,9435,84.49,1
981,6,967,442,2201,19.71,1
981,12,324,444,393,3.52,1
982,1,507,440,9558,85.59,1
982,6,967,443,2193,19.64,1
982,12,325,445,430,3.85,1
983,1,507,440,9519,85.24,1
983,6,967,443,2193,19.64,1
983,12,325,445,408,3.65,1
984,1,507,440,9472,84.82,1
984,6,967,442,2145,19.21,1
984,12,325,445,410,3.67,1
985,1,507,440,9419,84.34,1
985,6,967,442,2139,19.15,1
985,12,325,445,410,3.67,1
986,1,508,440,9512,85.18,1
986,6,967,442,2165,19.39,1
986,12,325,445,400,3.58,1
987,1,507,440,9540,85.43,1
987,6,967,442,2181,19.53,1
987,12,325,445,412,3.69,1
988,1,508,440,9360,83.81,1
988,6,967,442,2163,19.37,1
988,12,325,445,400,3.58,1
989,1,507,440,9449,84.61,1
989,6,967,442,2138,19.14,1
989,12,324,444,394,3.53,1
990,1,507,440,9515,85.2,1
990,6,967,443,2176,19.49,1
990,12,324,444,416,3.73,1
991,1,507,440,9500,85.07,1
991,6,967,442,2171,19.44,1
991,12,325,445,419,3.75,1
992,1,507,440,9482,84.91,1
992,6,967,442,2217,19.85,1
992,12,325,445,444,3.98,1
993,1,507,440,9415,84.31,1
993,6,967,442,2105,18.85,1
993,12,324,445,414,3.71,1
994,1,507,440,9464,84.75,1
994,6,967,442,2211,19.8,1
994,12,324,444,400,3.58,1
995,1,507,440,9545,85.47,1
995,6,967,443,2169,19.42,1
995,12,325,445,417,3.73,1
995,14,315,6,431,3.86,0
996,1,507,440,9479,84.88,1
996,6,967,442,2121,18.99,1
996,12,325,445,418,3.74,1
996,14,316,15,883,7.91,0
997,1,507,440,9387,84.06,1
997,6,967,442,2114,18.93,1
997,12,325,444,391,3.5,1
997,14,316,35,740,6.63,1
998,1,507,440,9550,85.52,1
998,6,967,443,2188,19.59,1
998,12,325,444,391,3.5,1
998,14,316,52,781,6.99,1
999,1,507,440,9431,84.45,1
999,6,967,443,2214,19.83,1
999,12,325,444,406,3.64,1
999,14,315,69,863,7.73,1
1000,1,507,440,9517,85.22,1
1000,6,967,442,2182,19.54,1
1000,12,325,445,434,3.89,1
1000,14,315,87,921,8.25,1
1001,1,507,440,9431,84.45,1
1001,6,967,442,2196,19.66,1
1001,12,325,445,413,3.7,1
1001,14,315,104,970,8.69,1
1002,1,508,440,9427,84.41,1
1002,6,967,442,2159,19.33,1
1002,12,325,445,421,3.77,1
1002,14,314,122,993,8.89,1
1003,1,507,440,9494,85.01,1
1003,6,967,442,2186,19.57,1
1003,12,325,445,438,3.92,1
1003,14,314,140,974,8.72,1
1004,1,507,440,9388,84.07,1
1004,6,967,442,2144,19.2,1
1004,12,324,445,418,3.74,1
1004,14,314,157,992,8.88,1
1005,1,507,440,9463,84.74,1
1005,6,967,442,2077,18.6,1
1005,12,324,445,415,3.72,1
1005,14,313,175,1037,9.29,1
1006,1,507,440,9381,84.0,1
1006,6,967,442,2165,19.39,1
1006,12,324,444,414,3.71,1
1006,14,312,193,1044,9.35,1
1007,1,508,440,9468,84.78,1
1007,6,967,442,2149,19.24,1
1007,12,324,445,412,3.69,1
1007,14,312,211,1053,9.43,1
1008,1,507,440,9413,84.29,1
1008,6,966,442,2218,19.86,1
1008,12,324,444,399,3.57,1
1008,14,311,229,1049,9.39,1
1009,1,508,440,9394,84.12,1
1009,6,967,442,2173,19.46,1
1009,12,325,444,404,3.62,1
1009,14,310,246,1028,9.21,1
1010,1,507,440,9543,85.45,1
1010,6,967,443,2198,19.68,1
1010,12,324,444,384,3.44,1
1010,14,310,264,1053,9.43,1
1011,1,507,440,9508,85.14,1
1011,6,967,443,2193,19.64,1
1011,12,325,444,396,3.55,1
1011,14,309,283,1005,9.0,1
1012,1,508,440,9475,84.84,1
1012,6,967,442,2206,19.75,1
1012,12,324,445,410,3.67,1
1012,14,309,301,1058,9.47,1
1013,1,507,440,9424,84.39,1
1013,6,967,442,2149,19.24,1
1013,12,324,445,400,3.58,1
1013,14,308,320,1077,9.64,1
1014,1,507,440,9524,85.28,1
1014,6,968,443,2169,19.42,1
1014,12,325,445,417,3.73,1
1014,14,308,338,1079,9.66,1
1015,1,507,440,9487,84.95,1
1015,6,967,443,2178,19.5,1
1015,12,324,445,408,3.65,1
1015,14,307,358,1087,9.73,1
1016,1,507,440,9454,84.66,1
1016,6,967,442,2186,19.57,1
1016,12,324,445,408,3.65,1
1016,14,306,376,1057,9.46,1
1017,1,507,440,9453,84.65,1
1017,6,967,442,2148,19.23,1
1017,12,325,444,392,3.51,1
1017,14,305,395,1048,9.38,1
1018,1,507,440,9521,85.26,1
1018,6,967,442,2168,19.41,1
1018,12,310,423,1537,13.76,1
1019,1,508,440,9511,85.17,1
1019,6,967,442,2180,19.52,1
1019,12,311,437,1520,13.61,1
1020,1,508,440,9444,84.57,1
1020,6,967,442,2132,19.09,1
1020,12,314,447,1159,10.38,1
1021,1,507,440,9502,85.09,1
1021,6,967,442,2157,19.31,1
1021,12,314,448,1136,10.17,1
1022,1,507,440,9547,85.49,1
1022,6,967,443,2216,19.84,1
1022,12,311,444,1385,12.4,1
1023,1,507,440,9553,85.54,1
1023,6,967,442,2162,19.36,1
1023,12,308,440,1798,16.1,1
1024,1,507,440,9565,85.65,1
1024,6,967,442,2204,19.74,1
1024,12,309,438,1794,16.06,1
1025,1,507,440,9454,84.66,1
1025,6,967,442,2141,19.17,1
1025,12,310,438,1719,15.39,1
1026,1,507,440,9525,85.29,1
1026,6,967,442,2168,19.41,1
1026,12,311,440,1642,14.7,1
1027,1,507,440,9523,85.27,1
1027,6,967,442,2154,19.29,1
1027,12,311,443,1482,13.27,1
1028,1,507,440,9431,84.45,1
1028,6,967,442,2169,19.42,1
1028,12,318,445,929,8.32,1
1029,1,507,440,9405,84.22,1
1029,6,967,442,2149,19.24,1
1029,12,317,447,991,8.87,1
1030,1,507,440,9488,84.96,1
1030,6,967,442,2163,19.37,1
1030,12,312,443,1483,13.28,1
1031,1,507,440,9492,85.0,1
1031,6,967,442,2172,19.45,1
1031,12,310,440,1664,14.9,1
1032,1,507,440,9527,85.31,1
1032,6,967,442,2164,19.38,1
1032,12,311,441,1625,14.55,1
1033,1,507,440,9440,84.53,1
1033,6,967,442,2175,19.48,1
1033,12,310,443,1587,14.21,1
1034,1,508,440,9501,85.08,1
1034,6,967,442,2179,19.51,1
1034,12,313,445,1283,11.49,1
1035,1,507,440,9419,84.34,1
1035,6,967,442,2187,19.58,1
1035,12,315,447,1087,9.73,1
1036,1,507,440,9354,83.76,1
1036,6,967,442,2138,19.14,1
1036,12,313,445,1201,10.75,1
1037,1,507,440,9351,83.73,1
1037,6,967,443,2159,19.33,1
1037,12,310,443,1554,13.92,1
1038,1,507,440,9439,84.52,1
1038,6,967,442,2193,19.64,1
1038,12,309,441,1668,14.94,1
1039,1,507,440,9463,84.74,1
1039,6,967,442,2174,19.47,1
1039,12,310,443,1619,14.5,1
1040,1,507,440,9523,85.27,1
1040,6,967,442,2168,19.41,1
1040,12,313,446,1264,11.32,1
1041,1,507,440,9425,84.4,1
1041,6,967,442,2127,19.05,1
1041,12,316,446,966,8.65,1
1042,1,507,440,9484,84.93,1
1042,6,967,443,2187,19.58,1
1042,12,313,445,1245,11.15,1
1043,1,507,440,9466,84.76,1
1043,6,967,443,2142,19.18,1
1043,12,310,443,1578,14.13,1
1044,1,507,440,9477,84.86,1
1044,6,967,442,2205,19.74,1
1044,12,310,442,1659,14.86,1
1045,1,507,440,9386,84.05,1
1045,6,967,442,2145,19.21,1
1045,12,311,444,1459,13.06,1
1046,1,507,440,9446,84.58,1
1046,6,967,442,2164,19.38,1
1046,12,313,446,1253,11.22,1
1047,1,507,440,9489,84.97,1
1047,6,967,442,2184,19.56,1
1047,12,316,446,1084,9.71,1
1048,1,507,440,9518,85.23,1
1048,6,967,442,2194,19.65,1
1048,12,313,445,1288,11.53,1
1049,1,507,440,9469,84.79,1
1049,6,967,442,2150,19.25,1
1049,12,310,443,1568,14.04,1
1050,1,507,440,9439,84.52,1
1050,6,967,442,2153,19.28,1
1050,12,310,443,1620,14.51,1
1051,1,507,440,9530,85.34,1
1051,6,967,443,2212,19.81,1
1051,12,312,444,1424,12.75,1
1052,1,507,440,9386,84.05,1
1052,6,967,442,2148,19.23,1
1052,12,314,446,1111,9.95,1
1053,1,507,440,9462,84.73,1
1053,6,967,442,2142,19.18,1
1053,12,315,446,1085,9.72,1
1054,1,507,440,9451,84.63,1
1054,6,967,442,2173,19.46,1
1054,12,311,445,1381,12.37,1
1055,1,507,440,9480,84.89,1
1055,6,967,442,2169,19.42,1
1055,12,311,443,1532,13.72,1
1056,1,507,440,9478,84.87,1
1056,6,967,442,2225,19.92,1
1056,12,310,444,1542,13.81,1
1057,1,507,440,9402,84.19,1
1057,6,967,442,2185,19.57,1
1057,12,312,445,1302,11.66,1
1058,1,507,440,9551,85.52,1
1058,6,967,443,2205,19.74,1
1058,12,314,446,1186,10.62,1
1059,1,507,440,9521,85.26,1
1059,6,967,442,2182,19.54,1
1059,12,314,446,1200,10.75,1
1060,1,507,440,9432,84.46,1
1060,6,967,442,2195,19.66,1
1060,12,311,445,1480,13.25,1
1061,1,508,440,9405,84.22,1
1061,6,967,442,2148,19.23,1
1061,12,311,443,1529,13.69,1
1062,1,507,440,9466,84.76,1
1062,6,967,443,2206,19.75,1
1062,12,312,445,1451,12.99,1
1063,1,507,440,9421,84.36,1
1063,6,967,442,2173,19.46,1
1063,12,313,446,1235,11.06,1
1064,1,507,440,9542,85.44,1
1064,6,967,443,2202,19.72,1
1064,12,315,446,1097,9.82,1
1065,1,507,440,9463,84.74,1
1065,6,967,442,2165,19.39,1
1065,12,313,445,1270,11.37,1
1066,1,507,440,9562,85.62,1
1066,6,967,443,2202,19.72,1
1066,12,311,444,1500,13.43,1
1067,1,507,440,9564,85.64,1
1067,6,968,443,2213,19.82,1
1067,12,310,444,1531,13.71,1
1068,1,507,440,9518,85.23,1
1068,6,967,443,2179,19.51,1
1068,12,312,445,1327,11.88,1
1069,1,507,440,9613,86.08,1
1069,6,967,442,2200,19.7,1
1069,12,313,446,1254,11.23,1
1070,1,507,440,9516,85.21,1
1070,6,967,443,2180,19.52,1
1070,12,314,445,1205,10.79,1
1071,1,507,440,9431,84.45,1
1071,6,967,442,2221,19.89,1
1071,12,312,445,1417,12.69,1
1072,1,507,440,9511,85.17,1
1072,6,967,442,2208,19.77,1
1072,12,311,445,1588,14.22,1
1073,1,507,440,9462,84.73,1
1073,6,967,442,2158,19.32,1
1073,12,311,444,1434,12.84,1
1074,1,508,440,9545,85.47,1
1074,6,967,442,2211,19.8,1
1074,12,313,445,1274,11.41,1
1075,1,508,440,9442,84.55,1
1075,6,967,442,2137,19.14,1
1075,12,314,446,1178,10.55,1
1076,1,507,440,9485,84.93,1
1076,6,967,443,2180,19.52,1
1076,12,314,445,1258,11.26,1
1077,1,507,440,9523,85.27,1
1077,6,967,442,2193,19.64,1
1077,12,312,445,1458,13.06,1
1078,1,507,440,9525,85.29,1
1078,6,967,443,2228,19.95,1
1078,12,311,444,1498,13.41,1
1079,1,507,440,9519,85.24,1
1079,6,967,442,2184,19.56,1
1079,12,312,444,1368,12.25,1
1080,1,507,440,9553,85.54,1
1080,6,967,443,2193,19.64,1
1080,12,313,446,1271,11.38,1
1081,1,507,440,9525,85.29,1
1081,6,967,442,2186,19.57,1
1081,12,313,446,1227,10.99,1
1082,1,507,440,9483,84.92,1
1082,6,967,442,2194,19.65,1
1082,12,312,445,1363,12.21,1
1083,1,507,440,9476,84.85,1
1083,6,967,442,2162,19.36,1
1083,12,310,444,1469,13.15,1
1084,1,507,440,9424,84.39,1
1084,6,967,443,2188,19.59,1
1084,12,311,444,1424,12.75,1
1085,1,507,440,9538,85.41,1
1085,6,967,443,2223,19.91,1
1085,12,313,445,1269,11.36,1
1086,1,507,440,9387,84.06,1
1086,6,967,443,2180,19.52,1
1086,12,314,445,1147,10.27,1
1087,1,507,440,9416,84.32,1
1087,6,967,442,2128,19.06,1
1087,12,313,444,1192,10.67,1
1088,1,507,440,9538,85.41,1
1088,6,967,442,2183,19.55,1
1088,12,311,445,1428,12.79,1
1089,1,507,440,9461,84.72,1
1089,6,967,443,2234,20.0,1
1089,12,311,444,1371,12.28,1
1090,1,507,440,9523,85.27,1
1090,6,967,442,2150,19.25,1
1090,12,312,445,1366,12.23,1
1091,1,507,440,9461,84.72,1
1091,6,967,442,2148,19.23,1
1091,12,313,446,1224,10.96,1
1092,1,508,440,9548,85.5,1
1092,6,967,443,2222,19.9,1
1092,12,313,446,1298,11.62,1
1093,1,507,440,9370,83.9,1
1093,6,967,443,2167,19.4,1
1093,12,312,445,1336,11.96,1
1094,1,507,440,9457,84.68,1
1094,6,967,442,2157,19.31,1
1094,12,311,444,1425,12.76,1
1095,1,508,440,9421,84.36,1
1095,6,967,442,2150,19.25,1
1095,12,311,444,1357,12.15,1
1096,1,507,440,9531,85.35,1
1096,6,967,442,2183,19.55,1
1096,12,313,445,1266,11.34,1
1097,1,507,440,9499,85.06,1
1097,6,967,443,2201,19.71,1
1097,12,313,445,1219,10.92,1
1098,1,507,440,9401,84.18,1
1098,6,967,442,2158,19.32,1
1098,12,313,445,1195,10.7,1
1099,1,507,440,9452,84.64,1
1099,6,967,442,2164,19.38,1
1099,12,312,444,1370,12.27,1
1100,1,508,440,9495,85.02,1
1100,6,967,443,2177,19.49,1
1100,12,312,445,1396,12.5,1
1101,1,507,440,9536,85.39,1
1101,6,967,443,2196,19.66,1
1101,12,312,445,1360,12.18,1
1102,1,507,440,9456,84.67,1
1102,6,967,442,2172,19.45,1
1102,12,313,445,1276,11.43,1
1103,1,507,440,9564,85.64,1
1103,6,967,442,2180,19.52,1
1103,12,314,445,1192,10.67,1
1104,1,507,440,9472,84.82,1
1104,6,967,443,2200,19.7,1
1104,12,312,445,1353,12.12,1
1105,1,507,440,9452,84.64,1
1105,6,967,442,2152,19.27,1
1105,12,312,445,1421,12.72,1
1106,1,507,440,9484,84.93,1
1106,6,967,442,2207,19.76,1
1106,12,312,444,1346,12.05,1
1107,1,507,440,9459,84.7,1
1107,6,967,443,2156,19.31,1
1107,12,313,445,1244,11.14,1
1108,1,507,440,9514,85.19,1
1108,6,967,442,2170,19.43,1
1108,12,313,445,1230,11.01,1
1109,1,507,440,9458,84.69,1
1109,6,967,442,2141,19.17,1
1109,12,313,445,1209,10.83,1
1110,1,507,440,9415,84.31,1
1110,6,967,443,2204,19.74,1
1110,12,312,444,1323,11.85,1
1111,1,507,440,9452,84.64,1
1111,6,967,443,2129,19.06,1
1111,12,312,445,1391,12.46,1
1112,1,507,440,9493,85.01,1
1112,6,967,442,2170,19.43,1
1112,12,311,445,1366,12.23,1
1113,1,507,440,9351,83.73,1
1113,6,967,442,2132,19.09,1
1113,12,313,444,1167,10.45,1
1114,1,507,440,9391,84.09,1
1114,6,967,442,2139,19.15,1
1114,12,313,445,1216,10.89,1
1115,1,507,440,9561,85.61,1
1115,6,967,442,2145,19.21,1
1115,12,312,445,1358,12.16,1
1116,1,507,440,9483,84.92,1
1116,6,967,442,2180,19.52,1
1116,12,312,445,1369,12.26,1
1117,1,507,440,9501,85.08,1
1117,6,967,442,2203,19.73,1
1117,12,312,444,1358,12.16,1
1118,1,507,440,9490,84.98,1
1118,6,967,443,2199,19.69,1
1118,12,312,445,1248,11.18,1
1119,1,507,440,9566,85.66,1
1119,6,967,443,2203,19.73,1
1119,12,313,445,1249,11.18,1
1120,1,507,440,9561,85.61,1
1120,6,967,442,2194,19.65,1
1120,12,312,445,1323,11.85,1
1121,1,507,440,9430,84.44,1
1121,6,967,442,2175,19.48,1
1121,12,312,445,1319,11.81,1
1122,1,508,440,9466,84.76,1
1122,6,967,443,2212,19.81,1
1122,12,312,444,1333,11.94,1
1123,1,507,440,9502,85.09,1
1123,6,967,443,2189,19.6,1
1123,12,312,445,1324,11.86,1
1124,1,507,440,9590,85.87,1
1124,6,967,443,2176,19.49,1
1124,12,313,445,1256,11.25,1
1125,1,507,440,9602,85.98,1
1125,6,967,443,2190,19.61,1
1125,12,313,445,1226,10.98,1
1126,1,507,440,9501,85.08,1
1126,6,967,443,2174,19.47,1
1126,12,312,445,1316,11.78,1
1127,1,507,440,9496,85.03,1
1127,6,967,443,2184,19.56,1
1127,12,311,444,1371,12.28,1
1128,1,507,440,9561,85.61,1
1128,6,967,443,2222,19.9,1
1128,12,312,445,1361,12.19,1
1129,1,507,440,9471,84.81,1
1129,6,967,443,2169,19.42,1
1129,12,313,445,1293,11.58,1
1130,1,507,440,9445,84.58,1
1130,6,967,443,2164,19.38,1
1130,12,313,445,1217,10.9,1
1131,1,507,440,9527,85.31,1
1131,6,967,442,2193,19.64,1
1131,12,313,445,1329,11.9,1
1132,1,507,440,9456,84.67,1
1132,6,967,442,2170,19.43,1
1132,12,312,444,1327,11.88,1
1133,1,507,440,9527,85.31,1
1133,6,967,443,2169,19.42,1
1133,12,312,445,1318,11.8,1
1134,1,507,440,9463,84.74,1
1134,6,967,443,2163,19.37,1
1134,12,312,444,1240,11.1,1
1135,1,507,440,9551,85.52,1
1135,6,967,442,2216,19.84,1
1135,12,313,445,1301,11.65,1
1136,1,507,440,9637,86.3,1
1136,6,967,442,2196,19.66,1
1136,12,313,445,1275,11.42,1
1137,1,507,440,9465,84.75,1
1137,6,967,442,2141,19.17,1
1137,12,312,445,1293,11.58,1
1138,1,507,440,9525,85.29,1
1138,6,967,442,2182,19.54,1
1138,12,312,445,1364,12.21,1
1139,1,508,440,9335,83.59,1
1139,6,967,442,2148,19.23,1
1139,12,312,445,1347,12.06,1
1140,1,507,440,9533,85.36,1
1140,6,967,443,2183,19.55,1
1140,12,313,445,1294,11.59,1
1141,1,508,440,9479,84.88,1
1141,6,967,443,2203,19.73,1
1141,12,314,445,1236,11.07,1
1142,1,507,440,9441,84.54,1
1142,6,967,442,2148,19.23,1
1142,12,313,445,1293,11.58,1
1143,1,507,440,9467,84.77,1
1143,6,967,443,2187,19.58,1
1143,12,312,444,1339,11.99,1
1144,1,507,440,9476,84.85,1
1144,6,967,443,2213,19.82,1
1144,12,312,445,1380,12.36,1
1145,1,507,440,9497,85.04,1
1145,6,967,442,2154,19.29,1
1145,12,313,445,1288,11.53,1
1146,1,507,440,9389,84.07,1
1146,6,967,442,2109,18.89,1
1146,12,312,445,1263,11.31,1
1147,1,507,440,9518,85.23,1
1147,6,967,442,2158,19.32,1
1147,12,313,445,1262,11.3,1
1148,1,507,440,9385,84.04,1
1148,6,967,442,2155,19.3,1
1148,12,313,445,1284,11.5,1
1149,1,507,440,9456,84.67,1
1149,6,967,442,2145,19.21,1
1149,12,312,444,1291,11.56,1
1150,1,507,440,9487,84.95,1
1150,6,967,442,2147,19.23,1
1150,12,312,445,1303,11.67,1
1151,1,507,440,9523,85.27,1
1151,6,967,442,2156,19.31,1
1151,12,313,445,1285,11.51,1
1152,1,507,440,9566,85.66,1
1152,6,967,443,2200,19.7,1
1152,12,312,445,1333,11.94,1
1153,1,507,440,9530,85.34,1
1153,6,967,442,2207,19.76,1
1153,12,313,445,1277,11.43,1
1154,1,507,440,9500,85.07,1
1154,6,967,442,2205,19.74,1
1154,12,312,444,1313,11.76,1
1155,1,508,440,9483,84.92,1
1155,6,967,442,2239,20.05,1
1155,12,312,445,1365,12.22,1
1156,1,508,440,9463,84.74,1
1156,6,967,442,2188,19.59,1
1156,12,313,445,1308,11.71,1
1157,1,508,440,9484,84.93,1
1157,6,967,442,2172,19.45,1
1157,12,312,445,1296,11.61,1
1158,1,508,440,9510,85.16,1
1158,6,967,442,2191,19.62,1
1158,12,313,445,1259,11.27,1
1159,1,507,440,9573,85.72,1
1159,6,966,442,2191,19.62,1
1159,12,313,445,1318,11.8,1
1160,1,507,440,9541,85.44,1
1160,6,967,443,2191,19.62,1
1160,12,312,444,1315,11.78,1
1161,1,507,440,9454,84.66,1
1161,6,967,442,2155,19.3,1
1161,12,312,444,1277,11.43,1
1162,1,508,440,9452,84.64,1
1162,6,967,442,2160,19.34,1
1162,12,313,445,1249,11.18,1
1163,1,507,440,9605,86.01,1
1163,6,967,442,2184,19.56,1
1163,12,313,445,1290,11.55,1
1164,1,507,440,9430,84.44,1
1164,6,967,442,2185,19.57,1
1164,12,312,445,1280,11.46,1
1165,1,507,440,9512,85.18,1
1165,6,967,443,2195,19.66,1
1165,12,312,444,1285,11.51,1
1166,1,507,440,9527,85.31,1
1166,6,967,442,2209,19.78,1
1166,12,312,444,1306,11.69,1
1167,1,507,440,9520,85.25,1
1167,6,967,443,2218,19.86,1
1167,12,313,445,1316,11.78,1
1168,1,507,440,9488,84.96,1
1168,6,967,443,2219,19.87,1
1168,12,313,445,1279,11.45,1
1169,1,507,440,9471,84.81,1
1169,6,967,442,2194,19.65,1
1169,12,312,445,1298,11.62,1
1170,1,507,440,9506,85.12,1
1170,6,967,442,2229,19.96,1
1170,12,312,445,1353,12.12,1
1171,1,507,440,9410,84.26,1
1171,6,967,442,2208,19.77,1
1171,12,313,445,1304,11.68,1
1172,1,507,440,9481,84.9,1
1172,6,967,442,2164,19.38,1
1172,12,312,445,1295,11.6,1
1173,1,507,440,9532,85.35,1
1173,6,967,442,2187,19.58,1
1173,12,312,444,1243,11.13,1
1174,1,507,440,9535,85.38,1
1174,6,967,443,2213,19.82,1
1174,12,312,445,1316,11.78,1
1175,1,508,440,9395,84.13,1
1175,6,967,443,2194,19.65,1
1175,12,312,444,1258,11.26,1
1176,1,507,440,9555,85.56,1
1176,6,967,442,2177,19.49,1
1176,12,312,445,1334,11.95,1
1177,1,507,440,9471,84.81,1
1177,6,967,442,2168,19.41,1
1177,12,312,445,1346,12.05,1
1178,1,507,440,9517,85.22,1
1178,6,967,442,2163,19.37,1
1178,12,313,445,1266,11.34,1
1179,1,507,440,9510,85.16,1
1179,6,967,442,2169,19.42,1
1179,12,312,445,1244,11.14,1
1180,1,507,440,9460,84.71,1
1180,6,967,442,2181,19.53,1
1180,12,312,445,1218,10.91,1
1181,1,507,440,9572,85.71,1
1181,6,967,442,2181,19.53,1
1181,12,313,445,1306,11.69,1
1182,1,507,440,9627,86.21,1
1182,6,967,443,2212,19.81,1
1182,12,312,444,1336,11.96,1
1183,1,507,440,9607,86.03,1
1183,6,967,443,2249,20.14,1
1183,12,312,445,1323,11.85,1
1184,1,507,440,9523,85.27,1
1184,6,967,443,2234,20.0,1
1184,12,313,445,1256,11.25,1
1185,1,507,440,9371,83.91,1
1185,6,967,442,2169,19.42,1
1185,12,313,444,1237,11.08,1
1186,1,507,440,9429,84.43,1
1186,6,967,442,2232,19.99,1
1186,12,312,444,1234,11.05,1
1187,1,508,440,9412,84.28,1
1187,6,967,442,2184,19.56,1
1187,12,312,445,1295,11.6,1
1188,1,507,440,9459,84.7,1
1188,6,967,442,2163,19.37,1
1188,12,313,444,1249,11.18,1
1189,1,507,440,9403,84.2,1
1189,6,967,442,2143,19.19,1
1189,12,313,445,1249,11.18,1
1190,1,507,440,9566,85.66,1
1190,6,967,442,2192,19.63,1
1190,12,313,445,1275,11.42,1
1191,1,507,440,9597,85.94,1
1191,6,967,443,2223,19.91,1
1191,12,312,444,1270,11.37,1
1192,1,507,440,9546,85.48,1
1192,6,967,442,2172,19.45,1
1192,12,313,445,1292,11.57,1
1193,1,507,440,9539,85.42,1
1193,6,967,443,2211,19.8,1
1193,12,313,445,1288,11.53,1
1194,1,508,440,9505,85.11,1
1194,6,967,442,2178,19.5,1
1194,12,313,445,1291,11.56,1
1195,1,507,440,9448,84.6,1
1195,6,967,442,2172,19.45,1
1195,12,313,445,1259,11.27,1
1196,1,507,440,9401,84.18,1
1196,6,967,442,2133,19.1,1
1196,12,313,444,1221,10.93,1
1197,1,507,440,9528,85.32,1
1197,6,967,442,2204,19.74,1
1197,12,313,445,1311,11.74,1
1198,1,507,440,9530,85.34,1
1198,6,967,442,2161,19.35,1
1198,12,313,445,1267,11.35,1
1199,1,507,440,9565,85.65,1
1199,6,967,443,2206,19.75,1
1199,12,312,445,1319,11.81,1
1200,1,507,440,9511,85.17,1
1200,6,967,442,2198,19.68,1
1200,12,312,444,1268,11.35,1
1201,1,507,440,9518,85.23,1
1201,6,967,442,2176,19.49,1
1201,12,312,445,1303,11.67,1
1202,1,507,440,9496,85.03,1
1202,6,967,442,2177,19.49,1
1202,12,312,444,1306,11.69,1
1203,1,507,440,9398,84.15,1
1203,6,967,442,2169,19.42,1
1203,12,312,444,1267,11.35,1
1204,1,507,440,9469,84.79,1
1204,6,967,442,2153,19.28,1
1204,12,312,444,1250,11.19,1
1205,1,508,440,9482,84.91,1
1205,6,967,443,2178,19.5,1
1205,12,312,445,1302,11.66,1
1206,1,507,440,9453,84.65,1
1206,6,967,442,2178,19.5,1
1206,12,312,445,1315,11.78,1
1207,1,507,440,9468,84.78,1
1207,6,967,442,2187,19.58,1
1207,12,313,444,1234,11.05,1
1208,1,507,440,9503,85.1,1
1208,6,967,442,2175,19.48,1
1208,12,312,445,1358,12.16,1
1209,1,508,440,9539,85.42,1
1209,6,967,442,2166,19.4,1
1209,12,312,445,1340,12.0,1
1210,1,508,440,9503,85.1,1
1210,6,967,442,2189,19.6,1
1210,12,313,445,1291,11.56,1
1211,1,507,440,9497,85.04,1
1211,6,967,442,2171,19.44,1
1211,12,312,445,1264,11.32,1
1212,1,507,440,9456,84.67,1
1212,6,967,442,2171,19.44,1
1212,12,312,444,1250,11.19,1
1213,1,507,440,9458,84.69,1
1213,6,967,443,2204,19.74,1
1213,12,312,445,1294,11.59,1
1214,1,507,440,9473,84.83,1
1214,6,967,443,2217,19.85,1
1214,12,312,444,1326,11.87,1
1215,1,507,440,9481,84.9,1
1215,6,967,442,2171,19.44,1
1215,12,312,445,1346,12.05,1
1216,1,507,440,9551,85.52,1
1216,6,967,442,2199,19.69,1
1216,12,312,445,1301,11.65,1
1217,1,507,440,9550,85.52,1
1217,6,967,442,2170,19.43,1
1217,12,312,445,1334,11.95,1
1218,1,507,440,9583,85.81,1
1218,6,967,442,2195,19.66,1
1218,12,312,445,1345,12.04,1
1219,1,508,440,9443,84.56,1
1219,6,967,443,2189,19.6,1
1219,12,312,444,1241,11.11,1
1220,1,507,440,9414,84.3,1
1220,6,967,442,2166,19.4,1
1220,12,313,445,1330,11.91,1
1221,1,507,440,9417,84.33,1
1221,6,967,442,2186,19.57,1
1221,12,312,444,1252,11.21,1
1222,1,507,440,9554,85.55,1
1222,6,967,442,2198,19.68,1
1222,12,313,445,1333,11.94,1
1223,1,507,440,9515,85.2,1
1223,6,967,442,2180,19.52,1
1223,12,313,445,1203,10.77,1
1224,1,507,440,9511,85.17,1
1224,6,967,442,2177,19.49,1
1224,12,313,444,1257,11.26,1
1225,1,507,440,9510,85.16,1
1225,6,967,443,2218,19.86,1
1225,12,313,444,1282,11.48,1
1226,1,507,440,9594,85.91,1
1226,6,967,442,2202,19.72,1
1226,12,312,445,1284,11.5,1
1227,1,508,440,9513,85.18,1
1227,6,967,443,2255,20.19,1
1227,12,313,445,1268,11.35,1
1228,1,507,440,9380,83.99,1
1228,6,967,442,2165,19.39,1
1228,12,313,444,1225,10.97,1
1229,1,507,440,9504,85.1,1
1229,6,967,442,2190,19.61,1
1229,12,313,445,1296,11.61,1
1230,1,507,440,9488,84.96,1
1230,6,967,442,2156,19.31,1
1230,12,312,445,1293,11.58,1
1231,1,507,440,9477,84.86,1
1231,6,967,442,2160,19.34,1
1231,12,313,445,1294,11.59,1
1232,1,507,440,9602,85.98,1
1232,6,967,442,2180,19.52,1
1232,12,313,445,1314,11.77,1
1233,1,507,440,9427,84.41,1
1233,6,967,442,2194,19.65,1
1233,12,312,444,1279,11.45,1
1234,1,507,440,9534,85.37,1
1234,6,967,442,2196,19.66,1
1234,12,313,444,1214,10.87,1
1235,1,507,440,9496,85.03,1
1235,6,966,442,2147,19.23,1
1235,12,313,445,1300,11.64,1
1236,1,507,440,9435,84.49,1
1236,6,967,442,2176,19.49,1
1236,12,312,445,1330,11.91,1
1237,1,507,440,9557,85.58,1
1237,6,967,442,2169,19.42,1
1237,12,313,444,1230,11.01,1
1238,1,507,440,9480,84.89,1
1238,6,967,442,2211,19.8,1
1238,12,313,445,1282,11.48,1
1239,1,507,440,9504,85.1,1
1239,6,967,442,2198,19.68,1
1239,12,312,445,1264,11.32,1
1240,1,507,440,9474,84.84,1
1240,6,967,442,2192,19.63,1
1240,12,313,445,1273,11.4,1
1241,1,507,440,9561,85.61,1
1241,6,967,443,2209,19.78,1
1241,12,313,445,1283,11.49,1
1242,1,507,440,9475,84.84,1
1242,6,967,442,2197,19.67,1
1242,12,313,444,1277,11.43,1
1243,1,507,440,9525,85.29,1
1243,6,967,443,2185,19.57,1
1243,12,313,445,1267,11.35,1
1244,1,507,440,9359,83.81,1
1244,6,967,442,2160,19.34,1
1244,12,312,444,1236,11.07,1
1245,1,507,440,9534,85.37,1
1245,6,967,442,2136,19.13,1
1245,12,313,445,1290,11.55,1
1246,1,507,440,9495,85.02,1
1246,6,967,442,2174,19.47,1
1246,12,312,444,1280,11.46,1
1247,1,507,440,9441,84.54,1
1247,6,967,443,2213,19.82,1
1247,12,312,444,1266,11.34,1
1248,1,507,440,9468,84.78,1
1248,6,967,443,2181,19.53,1
1248,12,313,445,1286,11.52,1
1249,1,507,440,9490,84.98,1
1249,6,967,443,2170,19.43,1
1249,12,313,445,1271,11.38,1
1250,1,507,440,9476,84.85,1
1250,6,967,443,2174,19.47,1
1250,12,313,445,1281,11.47,1
1251,1,507,440,9492,85.0,1
1251,6,967,442,2127,19.05,1
1251,12,313,445,1278,11.44,1
1252,1,507,440,9494,85.01,1
1252,6,967,442,2154,19.29,1
1252,12,313,445,1318,11.8,1
1253,1,507,440,9478,84.87,1
1253,6,967,442,2122,19.0,1
1253,12,313,445,1295,11.6,1
1254,1,507,440,9546,85.48,1
1254,6,967,442,2182,19.54,1
1254,12,312,445,1305,11.69,1
1255,1,507,440,9514,85.19,1
1255,6,967,442,2196,19.66,1
1255,12,312,445,1275,11.42,1
1256,1,507,440,9498,85.05,1
1256,6,967,442,2220,19.88,1
1256,12,312,445,1273,11.4,1
1257,1,507,440,9401,84.18,1
1257,6,967,442,2201,19.71,1
1257,12,312,445,1338,11.98,1
1258,1,507,440,9467,84.77,1
1258,6,967,443,2223,19.91,1
1258,12,312,444,1275,11.42,1
1259,1,507,440,9525,85.29,1
1259,6,967,442,2187,19.58,1
1259,12,312,445,1320,11.82,1
1260,1,507,440,9417,84.33,1
1260,6,966,442,2144,19.2,1
1260,12,312,445,1241,11.11,1
1261,1,507,440,9545,85.47,1
1261,6,967,442,2165,19.39,1
1261,12,312,445,1312,11.75,1
1262,1,507,440,9412,84.28,1
1262,6,967,442,2162,19.36,1
1262,12,312,444,1298,11.62,1
1263,1,507,440,9407,84.24,1
1263,6,967,442,2185,19.57,1
1263,12,312,444,1308,11.71,1
1264,1,507,440,9427,84.41,1
1264,6,967,442,2127,19.05,1
1264,12,312,444,1235,11.06,1
1265,1,508,440,9533,85.36,1
1265,6,967,442,2170,19.43,1
1265,12,313,445,1278,11.44,1
1266,1,507,440,9545,85.47,1
1266,6,967,442,2201,19.71,1
1266,12,313,445,1294,11.59,1
1267,1,507,440,9483,84.92,1
1267,6,967,442,2166,19.4,1
1267,12,313,445,1257,11.26,1
1268,1,508,440,9487,84.95,1
1268,6,967,442,2194,19.65,1
1268,12,313,445,1278,11.44,1
1269,1,507,440,9549,85.51,1
1269,6,967,443,2212,19.81,1
1269,12,313,445,1307,11.7,1
1270,1,508,440,9571,85.7,1
1270,6,967,443,2213,19.82,1
1270,12,312,445,1313,11.76,1
1271,1,507,440,9423,84.38,1
1271,6,967,442,2171,19.44,1
1271,12,313,445,1261,11.29,1
1272,1,507,440,9497,85.04,1
1272,6,967,442,2155,19.3,1
1272,12,313,445,1271,11.38,1
1273,1,507,440,9519,85.24,1
1273,6,967,443,2241,20.07,1
1273,12,312,446,1343,12.03,1
1274,1,508,440,9402,84.19,1
1274,6,967,443,2160,19.34,1
1274,12,313,445,1287,11.52,1
1275,1,507,440,9588,85.86,1
1275,6,967,443,2232,19.99,1
1275,12,312,444,1337,11.97,1
1276,1,508,440,9507,85.13,1
1276,6,967,442,2197,19.67,1
1276,12,312,444,1283,11.49,1
1277,1,507,440,9535,85.38,1
1277,6,967,442,2203,19.73,1
1277,12,313,445,1294,11.59,1
1278,1,507,440,9540,85.43,1
1278,6,967,442,2208,19.77,1
1278,12,313,445,1264,11.32,1
1279,1,507,440,9401,84.18,1
1279,6,967,442,2172,19.45,1
1279,12,312,445,1273,11.4,1
1280,1,508,440,9459,84.7,1
1280,6,967,442,2185,19.57,1
1280,12,312,444,1264,11.32,1
1281,1,507,440,9443,84.56,1
1281,6,967,442,2170,19.43,1
1281,12,312,444,1270,11.37,1
1282,1,507,440,9523,85.27,1
1282,6,967,442,2190,19.61,1
1282,12,313,444,1253,11.22,1
1283,1,508,440,9482,84.91,1
1283,6,967,442,2209,19.78,1
1283,12,312,444,1258,11.26,1
1284,1,507,440,9478,84.87,1
1284,6,967,442,2184,19.56,1
1284,12,312,445,1299,11.63,1
1285,1,507,440,9482,84.91,1
1285,6,967,442,2130,19.07,1
1285,12,312,445,1299,11.63,1
1286,1,507,440,9515,85.2,1
1286,6,967,442,2162,19.36,1
1286,12,312,444,1286,11.52,1
1287,1,507,440,9334,83.58,1
1287,6,967,442,2145,19.21,1
1287,12,312,444,1276,11.43,1
1288,1,507,440,9458,84.69,1
1288,6,967,442,2170,19.43,1
1288,12,312,445,1301,11.65,1
1289,1,507,440,9424,84.39,1
1289,6,967,442,2160,19.34,1
1289,12,312,445,1324,11.86,1
1290,1,507,440,9483,84.92,1
1290,6,967,442,2184,19.56,1
1290,12,312,444,1309,11.72,1
1291,1,507,440,9466,84.76,1
1291,6,967,442,2172,19.45,1
1291,12,312,445,1246,11.16,1
1292,1,508,440,9465,84.75,1
1292,6,967,443,2174,19.47,1
1292,12,313,445,1249,11.18,1
1293,1,507,440,9587,85.85,1
1293,6,967,443,2172,19.45,1
1293,12,313,445,1354,12.12,1
1294,1,507,440,9485,84.93,1
1294,6,967,443,2164,19.38,1
1294,12,313,445,1300,11.64,1
1295,1,507,440,9489,84.97,1
1295,6,967,442,2173,19.46,1
1295,12,313,445,1284,11.5,1
1296,1,507,440,9571,85.7,1
1296,6,967,442,2186,19.57,1
1296,12,313,445,1301,11.65,1
1297,1,507,440,9455,84.67,1
1297,6,967,442,2213,19.82,1
1297,12,313,445,1281,11.47,1
1298,1,507,440,9566,85.66,1
1298,6,967,443,2201,19.71,1
1298,12,313,445,1292,11.57,1
1299,1,507,440,9419,84.34,1
1299,6,967,442,2170,19.43,1
1299,12,313,444,1236,11.07,1
1300,1,507,440,9565,85.65,1
1300,6,967,443,2223,19.91,1
1300,12,313,444,1272,11.39,1
1301,1,508,440,9490,84.98,1
1301,6,967,442,2162,19.36,1
1301,12,313,444,1239,11.09,1
1302,1,507,440,9516,85.21,1
1302,6,967,442,2179,19.51,1
1302,12,313,445,1292,11.57,1
1303,1,507,440,9563,85.63,1
1303,6,967,443,2173,19.46,1
1303,12,313,445,1284,11.5,1
1304,1,508,440,9569,85.69,1
1304,6,967,443,2196,19.66,1
1304,12,312,445,1263,11.31,1
1305,1,507,440,9451,84.63,1
1305,6,967,442,2163,19.37,1
1305,12,312,444,1257,11.26,1
1306,1,507,440,9499,85.06,1
1306,6,967,442,2207,19.76,1
1306,12,313,445,1265,11.33,1
1307,1,507,440,9503,85.1,1
1307,6,967,442,2199,19.69,1
1307,12,313,445,1281,11.47,1
1308,1,508,440,9475,84.84,1
1308,6,967,443,2164,19.38,1
1308,12,313,445,1291,11.56,1
1309,1,507,440,9556,85.57,1
1309,6,967,442,2170,19.43,1
1309,12,312,445,1265,11.33,1
1310,1,507,440,9463,84.74,1
1310,6,967,442,2176,19.49,1
1310,12,312,444,1267,11.35,1
1311,1,507,440,9467,84.77,1
1311,6,967,442,2164,19.38,1
1311,12,313,444,1249,11.18,1
1312,1,507,440,9469,84.79,1
1312,6,967,443,2227,19.94,1
1312,12,312,445,1371,12.28,1
1313,1,507,440,9459,84.7,1
1313,6,967,443,2209,19.78,1
1313,12,311,444,1332,11.93,1
1314,1,508,440,9464,84.75,1
1314,6,967,442,2159,19.33,1
1314,12,312,445,1282,11.48,1
1315,1,507,440,9422,84.37,1
1315,6,967,442,2150,19.25,1
1315,12,313,445,1297,11.61,1
1316,1,507,440,9516,85.21,1
1316,6,967,442,2171,19.44,1
1316,12,312,445,1286,11.52,1
1317,1,507,440,9487,84.95,1
1317,6,967,443,2193,19.64,1
1317,12,313,445,1300,11.64,1
1318,1,507,440,9461,84.72,1
1318,6,967,442,2164,19.38,1
1318,12,313,445,1312,11.75,1
1319,1,507,440,9404,84.21,1
1319,6,967,442,2166,19.4,1
1319,12,313,444,1247,11.17,1
1320,1,507,440,9476,84.85,1
1320,6,967,443,2225,19.92,1
1320,12,312,445,1325,11.86,1
1321,1,508,440,9503,85.1,1
1321,6,967,442,2176,19.49,1
1321,12,312,445,1291,11.56,1
1322,1,508,440,9576,85.75,1
1322,6,967,443,2189,19.6,1
1322,12,312,444,1285,11.51,1
1323,1,507,440,9499,85.06,1
1323,6,967,442,2183,19.55,1
1323,12,312,445,1282,11.48,1
1324,1,507,440,9451,84.63,1
1324,6,967,442,2189,19.6,1
1324,12,313,445,1258,11.26,1
1325,1,507,440,9569,85.69,1
1325,6,967,442,2162,19.36,1
1325,12,313,445,1321,11.83,1
1326,1,508,440,9427,84.41,1
1326,6,967,442,2143,19.19,1
1326,12,312,445,1277,11.43,1
1327,1,507,440,9440,84.53,1
1327,6,967,442,2147,19.23,1
1327,12,313,445,1295,11.6,1
1328,1,507,440,9541,85.44,1
1328,6,967,443,2237,20.03,1
1328,12,312,445,1323,11.85,1
1329,1,507,440,9498,85.05,1
1329,6,967,442,2183,19.55,1
1329,12,312,445,1367,12.24,1
1330,1,507,440,9539,85.42,1
1330,6,967,443,2202,19.72,1
1330,12,312,445,1338,11.98,1
1331,1,507,440,9489,84.97,1
1331,6,967,443,2165,19.39,1
1331,12,312,445,1309,11.72,1
1332,1,507,440,9474,84.84,1
1332,6,967,443,2181,19.53,1
1332,12,312,445,1335,11.95,1
1333,1,507,440,9430,84.44,1
1333,6,967,442,2166,19.4,1
1333,12,312,445,1291,11.56,1
1334,1,507,440,9489,84.97,1
1334,6,967,442,2167,19.4,1
1334,12,312,444,1258,11.26,1
1335,1,508,440,9554,85.55,1
1335,6,967,442,2189,19.6,1
1335,12,312,444,1267,11.35,1
1336,1,507,440,9637,86.3,1
1336,6,967,443,2276,20.38,1
1336,12,312,446,1416,12.68,1
1337,1,507,440,9538,85.41,1
1337,6,967,442,2157,19.31,1
1337,12,312,445,1317,11.79,1
1338,1,508,440,9460,84.71,1
1338,6,967,443,2162,19.36,1
1338,12,313,445,1274,11.41,1
1339,1,508,440,9549,85.51,1
1339,6,967,442,2201,19.71,1
1339,12,312,445,1296,11.61,1
1340,1,507,440,9475,84.84,1
1340,6,967,442,2216,19.84,1
1340,12,313,444,1263,11.31,1
1341,1,507,440,9502,85.09,1
1341,6,967,442,2219,19.87,1
1341,12,313,445,1258,11.26,1
1342,1,507,440,9498,85.05,1
1342,6,967,443,2191,19.62,1
1342,12,312,445,1269,11.36,1
1343,1,508,440,9450,84.62,1
1343,6,967,443,2203,19.73,1
1343,12,312,445,1288,11.53,1
1344,1,508,440,9507,85.13,1
1344,6,967,442,2254,20.18,1
1344,12,312,445,1309,11.72,1
1345,1,507,440,9484,84.93,1
1345,6,967,442,2218,19.86,1
1345,12,312,445,1277,11.43,1
1346,1,507,440,9503,85.1,1
1346,6,967,442,2217,19.85,1
1346,12,313,445,1267,11.35,1
1347,1,507,440,9429,84.43,1
1347,6,967,442,2180,19.52,1
1347,12,313,445,1259,11.27,1
1348,1,508,440,9456,84.67,1
1348,6,967,442,2193,19.64,1
1348,12,312,444,1266,11.34,1
1349,1,507,440,9486,84.94,1
1349,6,967,442,2218,19.86,1
1349,12,312,445,1305,11.69,1
1350,1,507,440,9449,84.61,1
1350,6,967,442,2175,19.48,1
1350,12,313,445,1255,11.24,1
1351,1,507,440,9407,84.24,1
1351,6,967,442,2177,19.49,1
1351,12,312,444,1235,11.06,1
1352,1,507,440,9366,83.87,1
1352,6,967,442,2175,19.48,1
1352,12,312,445,1290,11.55,1
1353,1,507,440,9528,85.32,1
1353,6,967,443,2204,19.74,1
1353,12,313,445,1267,11.35,1
1354,1,507,440,9429,84.43,1
1354,6,967,443,2205,19.74,1
1354,12,313,445,1298,11.62,1
1355,1,507,440,9493,85.01,1
1355,6,967,442,2180,19.52,1
1355,12,312,445,1333,11.94,1
1356,1,507,440,9492,85.0,1
1356,6,967,443,2179,19.51,1
1356,12,312,444,1279,11.45,1
1357,1,507,440,9502,85.09,1
1357,6,967,443,2208,19.77,1
1357,12,312,444,1283,11.49,1
1358,1,507,440,9358,83.8,1
1358,6,967,442,2145,19.21,1
1358,12,313,445,1240,11.1,1
1359,1,508,440,9504,85.1,1
1359,6,967,442,2153,19.28,1
1359,12,313,444,1245,11.15,1
1360,1,507,440,9583,85.81,1
1360,6,967,443,2223,19.91,1
1360,12,313,445,1302,11.66,1
1361,1,507,440,9484,84.93,1
1361,6,967,443,2200,19.7,1
1361,12,313,445,1313,11.76,1
1362,1,507,440,9562,85.62,1
1362,6,967,443,2221,19.89,1
1362,12,313,445,1293,11.58,1
1363,1,507,440,9537,85.4,1
1363,6,967,443,2231,19.98,1
1363,12,313,445,1286,11.52,1
1364,1,507,440,9536,85.39,1
1364,6,967,442,2181,19.53,1
1364,12,312,445,1319,11.81,1
1365,1,507,440,9624,86.18,1
1365,6,967,443,2228,19.95,1
1365,12,313,445,1314,11.77,1
1366,1,507,440,9561,85.61,1
1366,6,967,443,2242,20.08,1
1366,12,312,445,1310,11.73,1
1367,1,507,440,9476,84.85,1
1367,6,967,442,2145,19.21,1
1367,12,312,445,1279,11.45,1
1368,1,508,440,9568,85.68,1
1368,6,967,442,2209,19.78,1
1368,12,312,445,1319,11.81,1
1369,1,507,440,9478,84.87,1
1369,6,967,443,2152,19.27,1
1369,12,313,445,1254,11.23,1
1370,1,507,440,9404,84.21,1
1370,6,967,442,2160,19.34,1
1370,12,313,444,1237,11.08,1
1371,1,507,440,9488,84.96,1
1371,6,967,443,2207,19.76,1
1371,12,313,445,1305,11.69,1
1372,1,507,440,9481,84.9,1
1372,6,967,442,2194,19.65,1
1372,12,313,445,1259,11.27,1
1373,1,507,440,9505,85.11,1
1373,6,967,443,2212,19.81,1
1373,12,313,445,1276,11.43,1
1374,1,507,440,9493,85.01,1
1374,6,967,442,2166,19.4,1
1374,12,313,445,1231,11.02,1
1375,1,507,440,9513,85.18,1
1375,6,967,443,2191,19.62,1
1375,12,312,445,1313,11.76,1
1376,1,507,440,9508,85.14,1
1376,6,967,442,2185,19.57,1
1376,12,313,445,1329,11.9,1
1377,1,507,440,9430,84.44,1
1377,6,967,442,2161,19.35,1
1377,12,312,445,1233,11.04,1
1378,1,507,440,9443,84.56,1
1378,6,967,443,2183,19.55,1
1378,12,313,445,1283,11.49,1
1379,1,507,440,9545,85.47,1
1379,6,967,442,2183,19.55,1
1379,12,312,445,1301,11.65,1
1380,1,507,440,9522,85.27,1
1380,6,967,442,2216,19.84,1
1380,12,312,444,1264,11.32,1
1381,1,507,440,9484,84.93,1
1381,6,967,443,2224,19.91,1
1381,12,313,444,1254,11.23,1
1382,1,507,440,9572,85.71,1
1382,6,967,443,2233,20.0,1
1382,12,313,445,1337,11.97,1
1383,1,507,440,9586,85.84,1
1383,6,967,443,2190,19.61,1
1383,12,313,445,1322,11.84,1
1384,1,507,440,9485,84.93,1
1384,6,967,442,2153,19.28,1
1384,12,312,444,1303,11.67,1
1385,1,507,440,9394,84.12,1
1385,6,967,442,2150,19.25,1
1385,12,313,445,1242,11.12,1
1386,1,507,440,9455,84.67,1
1386,6,967,442,2167,19.4,1
1386,12,313,444,1221,10.93,1
1387,1,508,440,9494,85.01,1
1387,6,967,442,2190,19.61,1
1387,12,313,445,1263,11.31,1
1388,1,507,440,9449,84.61,1
1388,6,967,442,2164,19.38,1
1388,12,312,444,1253,11.22,1
1389,1,508,440,9455,84.67,1
1389,6,967,442,2173,19.46,1
1389,12,313,445,1291,11.56,1
1390,1,508,440,9510,85.16,1
1390,6,967,442,2209,19.78,1
1390,12,313,445,1285,11.51,1
1391,1,507,440,9510,85.16,1
1391,6,967,442,2199,19.69,1
1391,12,313,445,1280,11.46,1
1392,1,507,440,9538,85.41,1
1392,6,967,442,2225,19.92,1
1392,12,313,446,1384,12.39,1
1393,1,507,440,9473,84.83,1
1393,6,967,442,2177,19.49,1
1393,12,312,445,1241,11.11,1
1394,1,507,440,9495,85.02,1
1394,6,967,442,2194,19.65,1
1394,12,313,445,1297,11.61,1
1395,1,507,440,9536,85.39,1
1395,6,967,442,2211,19.8,1
1395,12,313,445,1311,11.74,1
1396,1,507,440,9605,86.01,1
1396,6,967,442,2238,20.04,1
1396,12,313,445,1257,11.26,1
1397,1,507,440,9570,85.7,1
1397,6,967,442,2188,19.59,1
1397,12,312,445,1333,11.94,1
1398,1,507,440,9505,85.11,1
1398,6,967,442,2202,19.72,1
1398,12,312,445,1329,11.9,1
1399,1,507,440,9522,85.27,1
1399,6,968,442,2159,19.33,1
1399,12,313,445,1270,11.37,1
1400,1,507,440,9487,84.95,1
1400,6,967,442,2196,19.66,1
1400,12,312,445,1317,11.79,1
1401,1,507,440,9483,84.92,1
1401,6,967,442,2194,19.65,1
1401,12,312,445,1271,11.38,1
1402,1,507,440,9548,85.5,1
1402,6,967,442,2195,19.66,1
1402,12,313,444,1244,11.14,1
1403,1,507,440,9557,85.58,1
1403,6,967,442,2219,19.87,1
1403,12,312,445,1319,11.81,1
1404,1,507,440,9512,85.18,1
1404,6,967,442,2167,19.4,1
1404,12,313,445,1251,11.2,1
1405,1,507,440,9424,84.39,1
1405,6,967,442,2182,19.54,1
1405,12,313,445,1284,11.5,1
1406,1,508,440,9402,84.19,1
1406,6,968,442,2162,19.36,1
1406,12,312,445,1294,11.59,1
1407,1,507,440,9447,84.59,1
1407,6,967,442,2218,19.86,1
1407,12,312,445,1324,11.86,1
1408,1,507,440,9566,85.66,1
1408,6,967,442,2189,19.6,1
1408,12,312,444,1314,11.77,1
1409,1,507,440,9342,83.65,1
1409,6,967,442,2185,19.57,1
1409,12,312,445,1288,11.53,1
1410,1,507,440,9484,84.93,1
1410,6,967,442,2202,19.72,1
1410,12,313,445,1278,11.44,1
1411,1,507,440,9487,84.95,1
1411,6,967,442,2155,19.3,1
1411,12,313,445,1263,11.31,1
1412,1,507,440,9444,84.57,1
1412,6,967,442,2186,19.57,1
1412,12,312,444,1263,11.31,1
1413,1,507,440,9456,84.67,1
1413,6,967,442,2156,19.31,1
1413,12,313,445,1220,10.92,1
1414,1,508,440,9576,85.75,1
1414,6,967,442,2206,19.75,1
1414,12,313,445,1265,11.33,1
1415,1,508,440,9573,85.72,1
1415,6,967,442,2227,19.94,1
1415,12,312,445,1322,11.84,1
1416,1,507,440,9503,85.1,1
1416,6,967,442,2162,19.36,1
1416,12,312,445,1263,11.31,1
1417,1,508,440,9484,84.93,1
1417,6,967,442,2190,19.61,1
1417,12,313,445,1278,11.44,1
1418,1,508,440,9540,85.43,1
1418,6,967,442,2177,19.49,1
1418,12,312,445,1272,11.39,1
1419,1,507,440,9511,85.17,1
1419,6,967,443,2191,19.62,1
1419,12,312,445,1294,11.59,1
1420,1,507,440,9412,84.28,1
1420,6,967,442,2201,19.71,1
1420,12,312,444,1231,11.02,1
1421,1,508,440,9443,84.56,1
1421,6,967,442,2187,19.58,1
1421,12,312,445,1300,11.64,1
1422,1,507,440,9527,85.31,1
1422,6,967,442,2202,19.72,1
1422,12,312,445,1303,11.67,1
1423,1,507,440,9586,85.84,1
1423,6,967,442,2212,19.81,1
1423,12,312,445,1332,11.93,1
1424,1,507,440,9650,86.41,1
1424,6,967,442,2201,19.71,1
1424,12,312,444,1295,11.6,1
1425,1,507,440,9540,85.43,1
1425,6,967,442,2210,19.79,1
1425,12,312,445,1295,11.6,1
1426,1,507,440,9513,85.18,1
1426,6,967,443,2237,20.03,1
1426,12,312,445,1310,11.73,1
1427,1,507,440,9551,85.52,1
1427,6,967,442,2182,19.54,1
1427,12,312,445,1336,11.96,1
1428,1,507,440,9456,84.67,1
1428,6,967,442,2231,19.98,1
1428,12,313,445,1349,12.08,1
1429,1,508,440,9451,84.63,1
1429,6,967,442,2163,19.37,1
1429,12,312,445,1260,11.28,1
1430,1,507,440,9546,85.48,1
1430,6,967,442,2291,20.51,1
1430,12,312,445,1344,12.03,1
1431,1,507,440,9558,85.59,1
1431,6,966,442,2236,20.02,1
1431,12,313,445,1304,11.68,1
1432,1,507,440,9473,84.83,1
1432,6,967,442,2226,19.93,1
1432,12,312,445,1305,11.69,1
1433,1,508,440,9425,84.4,1
1433,6,967,442,2209,19.78,1
1433,12,313,445,1266,11.34,1
1434,1,507,440,9549,85.51,1
1434,6,966,442,2210,19.79,1
1434,12,312,445,1325,11.86,1
1435,1,507,440,9569,85.69,1
1435,6,967,442,2228,19.95,1
1435,12,312,445,1383,12.38,1
1436,1,507,440,9423,84.38,1
1436,6,967,442,2227,19.94,1
1436,12,313,444,1271,11.38,1
1437,1,507,440,9524,85.28,1
1437,6,967,443,2271,20.34,1
1437,12,312,445,1378,12.34,1
1438,1,507,440,9589,85.87,1
1438,6,966,442,2247,20.12,1
1438,12,313,445,1297,11.61,1
1439,1,507,440,9403,84.2,1
1439,6,967,442,2212,19.81,1
1439,12,313,444,1303,11.67,1
1440,1,507,440,9515,85.2,1
1440,6,967,443,2221,19.89,1
1440,12,312,445,1290,11.55,1
1441,1,507,440,9577,85.76,1
1441,6,967,442,2166,19.4,1
1441,12,313,445,1238,11.09,1
1442,1,508,440,9619,86.13,1
1442,6,967,443,2207,19.76,1
1442,12,312,445,1259,11.27,1
1443,1,507,440,9516,85.21,1
1443,6,967,443,2192,19.63,1
1443,12,312,445,1281,11.47,1
1444,1,508,440,9487,84.95,1
1444,6,967,442,2170,19.43,1
1444,12,312,445,1272,11.39,1
1445,1,507,440,9568,85.68,1
1445,6,967,442,2224,19.91,1
1445,12,313,445,1326,11.87,1
1446,1,507,440,9554,85.55,1
1446,6,967,442,2198,19.68,1
1446,12,312,444,1334,11.95,1
1447,1,507,440,9477,84.86,1
1447,6,967,442,2193,19.64,1
1447,12,312,445,1336,11.96,1
1448,1,507,440,9505,85.11,1
1448,6,967,442,2173,19.46,1
1448,12,312,444,1363,12.21,1
1449,1,507,440,9516,85.21,1
1449,6,967,443,2231,19.98,1
1449,12,312,445,1332,11.93,1
1450,1,507,440,9538,85.41,1
1450,6,967,443,2226,19.93,1
1450,12,313,445,1265,11.33,1
1451,1,507,440,9527,85.31,1
1451,6,967,442,2236,20.02,1
1451,12,312,445,1276,11.43,1
1452,1,507,440,9495,85.02,1
1452,6,967,442,2152,19.27,1
1452,12,313,445,1293,11.58,1
1453,1,508,440,9573,85.72,1
1453,6,967,442,2249,20.14,1
1453,12,313,445,1310,11.73,1
1454,1,507,440,9561,85.61,1
1454,6,967,442,2219,19.87,1
1454,12,312,445,1307,11.7,1
1455,1,508,440,9464,84.75,1
1455,6,967,442,2197,19.67,1
1455,12,313,445,1300,11.64,1
1456,1,507,440,9565,85.65,1
1456,6,967,442,2207,19.76,1
1456,12,313,445,1316,11.78,1
1457,1,507,440,9498,85.05,1
1457,6,967,442,2194,19.65,1
1457,12,313,445,1313,11.76,1
1458,1,507,440,9506,85.12,1
1458,6,967,442,2181,19.53,1
1458,12,312,444,1278,11.44,1
1459,1,507,440,9504,85.1,1
1459,6,967,442,2192,19.63,1
1459,12,313,445,1279,11.45,1
1460,1,507,440,9441,84.54,1
1460,6,967,442,2197,19.67,1
1460,12,313,444,1242,11.12,1
1461,1,508,440,9501,85.08,1
1461,6,967,442,2154,19.29,1
1461,12,313,445,1203,10.77,1
1462,1,507,440,9557,85.58,1
1462,6,967,442,2226,19.93,1
1462,12,312,445,1300,11.64,1
1463,1,507,440,9542,85.44,1
1463,6,967,442,2188,19.59,1
1463,12,312,445,1277,11.43,1
1464,1,507,440,9592,85.89,1
1464,6,967,442,2193,19.64,1
1464,12,313,444,1289,11.54,1
1465,1,507,440,9532,85.35,1
1465,6,966,443,2201,19.71,1
1465,12,313,445,1264,11.32,1
1466,1,507,440,9424,84.39,1
1466,6,967,442,2155,19.3,1
1466,12,313,444,1207,10.81,1
1467,1,507,440,9515,85.2,1
1467,6,967,442,2205,19.74,1
1467,12,312,445,1320,11.82,1
1468,1,507,440,9526,85.3,1
1468,6,967,442,2151,19.26,1
1468,12,313,445,1281,11.47,1
1469,1,507,440,9532,85.35,1
1469,6,967,443,2243,20.09,1
1469,12,312,444,1298,11.62,1
1470,1,508,440,9522,85.27,1
1470,6,967,443,2203,19.73,1
1470,12,312,445,1360,12.18,1
1471,1,507,440,9527,85.31,1
1471,6,967,442,2184,19.56,1
1471,12,312,444,1260,11.28,1
1472,1,507,440,9528,85.32,1
1472,6,967,443,2166,19.4,1
1472,12,312,445,1302,11.66,1
1473,1,507,440,9603,85.99,1
1473,6,967,442,2177,19.49,1
1473,12,312,445,1313,11.76,1
1474,1,507,440,9611,86.06,1
1474,6,967,443,2240,20.06,1
1474,12,313,444,1294,11.59,1
1475,1,508,440,9450,84.62,1
1475,6,967,442,2169,19.42,1
1475,12,312,445,1287,11.52,1
1476,1,507,440,9498,85.05,1
1476,6,967,442,2159,19.33,1
1476,12,313,444,1247,11.17,1
1477,1,507,440,9516,85.21,1
1477,6,967,443,2167,19.4,1
1477,12,313,445,1269,11.36,1
1478,1,507,440,9473,84.83,1
1478,6,967,442,2176,19.49,1
1478,12,312,445,1299,11.63,1
1479,1,507,440,9500,85.07,1
1479,6,967,442,2186,19.57,1
1479,12,312,445,1333,11.94,1
1480,1,508,440,9570,85.7,1
1480,6,967,443,2198,19.68,1
1480,12,313,445,1301,11.65,1
1481,1,507,440,9496,85.03,1
1481,6,967,442,2191,19.62,1
1481,12,313,445,1268,11.35,1
1482,1,507,440,9443,84.56,1
1482,6,967,442,2215,19.83,1
1482,12,313,445,1228,11.0,1
1483,1,507,440,9491,84.99,1
1483,6,967,442,2180,19.52,1
1483,12,312,445,1307,11.7,1
1484,1,507,440,9548,85.5,1
1484,6,967,442,2213,19.82,1
1484,12,312,445,1268,11.35,1
1485,1,507,440,9568,85.68,1
1485,6,967,442,2210,19.79,1
1485,12,312,445,1307,11.7,1
1486,1,507,440,9486,84.94,1
1486,6,967,442,2167,19.4,1
1486,12,312,444,1275,11.42,1
1487,1,507,440,9507,85.13,1
1487,6,967,443,2222,19.9,1
1487,12,313,445,1264,11.32,1
1488,1,507,440,9627,86.21,1
1488,6,967,443,2269,20.32,1
1488,12,313,445,1310,11.73,1
1489,1,507,440,9458,84.69,1
1489,6,967,442,2211,19.8,1
1489,12,313,445,1294,11.59,1
1490,1,507,440,9497,85.04,1
1490,6,967,442,2164,19.38,1
1490,12,313,445,1245,11.15,1
1491,1,507,440,9483,84.92,1
1491,6,967,442,2127,19.05,1
1491,12,313,445,1228,11.0,1
1492,1,508,440,9537,85.4,1
1492,6,967,442,2188,19.59,1
1492,12,313,445,1276,11.43,1
1493,1,508,440,9576,85.75,1
1493,6,967,442,2225,19.92,1
1493,12,312,445,1323,11.85,1
1494,1,507,440,9503,85.1,1
1494,6,967,443,2251,20.16,1
1494,12,313,444,1261,11.29,1
1495,1,507,440,9497,85.04,1
1495,6,967,443,2198,19.68,1
1495,12,313,444,1282,11.48,1
1496,1,508,440,9582,85.8,1
1496,6,966,442,2193,19.64,1
1496,12,312,444,1291,11.56,1
1497,1,507,440,9593,85.9,1
1497,6,967,443,2255,20.19,1
1497,12,312,444,1271,11.38,1
1498,1,508,440,9540,85.43,1
1498,6,967,443,2240,20.06,1
1498,12,313,444,1265,11.33,1
1499,1,508,440,9554,85.55,1
1499,6,967,442,2185,19.57,1
1499,12,313,445,1278,11.44,1
1500,1,507,440,9459,84.7,1
1500,6,967,442,2122,19.0,1
1500,12,312,445,1323,11.85,1
1501,1,508,440,9479,84.88,1
1501,6,967,443,2214,19.83,1
1501,12,313,444,1296,11.61,1
1502,1,507,440,9498,85.05,1
1502,6,967,442,2183,19.55,1
1502,12,313,444,1238,11.09,1
1503,1,507,440,9530,85.34,1
1503,6,967,442,2182,19.54,1
1503,12,313,445,1259,11.27,1
1504,1,507,440,9628,86.21,1
1504,6,967,443,2244,20.09,1
1504,12,312,445,1348,12.07,1
1505,1,508,440,9544,85.46,1
1505,6,967,442,2177,19.49,1
1505,12,312,445,1338,11.98,1
1506,1,507,440,9436,84.5,1
1506,6,967,442,2166,19.4,1
1506,12,312,445,1327,11.88,1
1507,1,508,440,9424,84.39,1
1507,6,967,442,2187,19.58,1
1507,12,312,445,1301,11.65,1
1508,1,507,440,9481,84.9,1
1508,6,967,442,2217,19.85,1
1508,12,312,445,1302,11.66,1
1509,1,508,440,9452,84.64,1
1509,6,967,442,2192,19.63,1
1509,12,312,444,1305,11.69,1
1510,1,507,440,9540,85.43,1
1510,6,967,442,2180,19.52,1
1510,12,312,444,1271,11.38,1
1511,1,508,440,9461,84.72,1
1511,6,967,442,2136,19.13,1
1511,12,312,445,1288,11.53,1
1512,1,507,440,9573,85.72,1
1512,6,967,442,2188,19.59,1
1512,12,312,445,1348,12.07,1
1513,1,507,440,9517,85.22,1
1513,6,967,442,2165,19.39,1
1513,12,312,445,1303,11.67,1
1514,1,508,440,9530,85.34,1
1514,6,967,442,2223,19.91,1
1514,12,313,444,1266,11.34,1
1515,1,507,440,9509,85.15,1
1515,6,967,442,2194,19.65,1
1515,12,312,445,1338,11.98,1
1516,1,507,440,9527,85.31,1
1516,6,967,443,2246,20.11,1
1516,12,312,444,1260,11.28,1
1517,1,507,440,9557,85.58,1
1517,6,967,442,2206,19.75,1
1517,12,312,444,1313,11.76,1
1518,1,507,440,9483,84.92,1
1518,6,967,442,2182,19.54,1
1518,12,313,444,1287,11.52,1
1519,1,507,440,9495,85.02,1
1519,6,967,442,2146,19.22,1
1519,12,312,445,1333,11.94,1
1520,1,507,441,9654,86.45,1
1520,6,967,443,2239,20.05,1
1520,12,312,445,1357,12.15,1
1521,1,507,440,9559,85.6,1
1521,6,967,443,2196,19.66,1
1521,12,312,445,1316,11.78,1
1522,1,507,440,9520,85.25,1
1522,6,967,443,2217,19.85,1
1522,12,312,445,1306,11.69,1
1523,1,507,440,9449,84.61,1
1523,6,967,442,2180,19.52,1
1523,12,312,445,1288,11.53,1
1524,1,507,440,9586,85.84,1
1524,6,967,443,2229,19.96,1
1524,12,312,445,1344,12.03,1
1525,1,507,440,9536,85.39,1
1525,6,967,443,2194,19.65,1
1525,12,312,444,1295,11.6,1
1526,1,507,440,9553,85.54,1
1526,6,967,442,2168,19.41,1
1526,12,312,445,1285,11.51,1
1527,1,507,440,9457,84.68,1
1527,6,967,442,2157,19.31,1
1527,12,312,445,1281,11.47,1
1528,1,507,440,9622,86.16,1
1528,6,967,443,2214,19.83,1
1528,12,312,445,1335,11.95,1
1529,1,507,440,9571,85.7,1
1529,6,967,443,2233,20.0,1
1529,12,312,445,1308,11.71,1
1530,1,507,440,9471,84.81,1
1530,6,967,443,2183,19.55,1
1530,12,312,445,1308,11.71,1
1531,1,507,440,9561,85.61,1
1531,6,967,443,2211,19.8,1
1531,12,312,445,1245,11.15,1
1532,1,507,440,9480,84.89,1
1532,6,967,442,2197,19.67,1
1532,12,312,445,1315,11.78,1
1533,1,507,440,9552,85.53,1
1533,6,967,443,2221,19.89,1
1533,12,312,445,1304,11.68,1
1534,1,507,440,9490,84.98,1
1534,6,967,443,2191,19.62,1
1534,12,312,445,1315,11.78,1
1535,1,507,440,9434,84.48,1
1535,6,967,442,2193,19.64,1
1535,12,312,445,1310,11.73,1
1536,1,507,440,9632,86.25,1
1536,6,967,442,2231,19.98,1
1536,12,312,445,1344,12.03,1
1537,1,507,440,9582,85.8,1
1537,6,967,442,2162,19.36,1
1537,12,312,445,1258,11.26,1
1538,1,507,440,9547,85.49,1
1538,6,967,442,2181,19.53,1
1538,12,313,445,1268,11.35,1
1539,1,507,440,9484,84.93,1
1539,6,967,442,2169,19.42,1
1539,12,313,445,1287,11.52,1
1540,1,507,440,9598,85.95,1
1540,6,967,442,2207,19.76,1
1540,12,313,445,1317,11.79,1
1541,1,507,440,9552,85.53,1
1541,6,967,443,2222,19.9,1
1541,12,313,445,1295,11.6,1
1542,1,507,440,9538,85.41,1
1542,6,967,442,2175,19.48,1
1542,12,313,445,1320,11.82,1
1543,1,508,440,9519,85.24,1
1543,6,967,442,2208,19.77,1
1543,12,313,445,1289,11.54,1
1544,1,507,440,9552,85.53,1
1544,6,967,443,2224,19.91,1
1544,12,312,445,1346,12.05,1
1545,1,507,440,9502,85.09,1
1545,6,967,442,2199,19.69,1
1545,12,312,445,1305,11.69,1
