frame,drop_id,cx,cy,area_px,percentage,in_frame
485,1,552,46,952,100.0,1
486,1,551,72,1731,181.83,1
486,2,392,2,228,23.95,0
487,1,551,101,1797,188.76,1
487,2,392,13,2397,251.79,0
488,1,551,129,1767,185.61,1
488,2,392,26,5224,548.74,0
489,1,551,158,1772,186.13,1
489,2,390,39,8363,878.47,0
490,1,551,187,1773,186.24,1
490,2,389,55,10612,1114.71,0
490,3,602,3,157,16.49,0
491,1,551,216,1788,187.82,1
491,2,388,82,10630,1116.6,1
491,3,602,17,809,84.98,0
492,1,551,244,1828,192.02,1
492,2,388,110,10676,1121.43,1
492,3,603,47,766,80.46,1
492,4,886,7,670,70.38,0
493,1,551,273,1826,191.81,1
493,2,387,137,10774,1131.72,1
493,3,603,74,789,82.88,1
493,4,888,19,2141,224.89,0
494,1,551,302,1820,191.18,1
494,2,385,164,10756,1129.83,1
494,3,603,100,818,85.92,1
494,4,890,40,2874,301.89,1
495,1,551,331,1784,187.39,1
495,2,384,191,10738,1127.94,1
495,3,603,128,823,86.45,1
495,4,893,66,2928,307.56,1
496,1,551,360,1774,186.34,1
496,2,383,219,10748,1128.99,1
496,3,603,155,834,87.61,1
496,4,895,92,3013,316.49,1
497,1,551,389,1808,189.92,1
497,2,381,246,10700,1123.95,1
497,3,603,182,861,90.44,1
497,4,898,119,3039,319.22,1
498,1,551,417,1711,179.73,1
498,2,380,274,10641,1117.75,1
498,3,603,210,875,91.91,1
498,4,900,145,3030,318.28,1
499,1,551,445,1682,176.68,1
499,2,379,301,10534,1106.51,1
499,3,603,237,843,88.55,1
499,4,903,172,2975,312.5,1
500,1,551,453,1556,163.45,1
500,2,379,329,10495,1102.42,1
500,3,604,264,852,89.5,1
500,4,906,199,2953,310.19,1
501,1,551,452,1677,176.16,1
501,2,378,356,10356,1087.82,1
501,3,604,292,867,91.07,1
501,4,908,226,2953,310.19,1
502,1,551,447,1818,190.97,1
502,2,377,383,10082,1059.03,1
502,3,604,319,850,89.29,1
502,4,911,252,2971,312.08,1
503,1,551,438,2172,228.15,1
503,2,377,412,10322,1084.24,1
503,3,604,347,844,88.66,1
503,4,913,279,3027,317.96,1
504,1,551,433,2301,241.7,1
504,2,377,430,9280,974.79,1
504,3,604,374,878,92.23,1
504,4,916,306,3112,326.89,1
504,5,555,5,410,43.07,0
505,1,551,430,2378,249.79,1
505,2,377,442,8441,886.66,1
505,3,605,402,879,92.33,1
505,4,919,334,3168,332.77,1
505,5,555,19,1523,159.98,0
506,1,551,430,2343,246.11,1
506,2,377,448,7845,824.05,1
506,3,605,428,785,82.46,1
506,4,921,361,3135,329.31,1
506,5,555,44,1706,179.2,1
507,1,566,446,2530,265.76,1
507,2,378,450,7605,798.84,1
507,3,550,375,350,36.76,1
507,4,924,388,3085,324.05,1
507,5,555,71,1704,178.99,1
508,1,551,449,1402,147.27,1
508,2,377,450,8194,860.71,1
508,3,550,371,377,39.6,1
508,4,927,415,3030,318.28,1
508,5,555,98,1751,183.93,1
508,6,605,452,726,76.26,1
509,1,552,451,1124,118.07,1
509,2,376,449,8772,921.43,1
509,3,550,367,359,37.71,1
509,4,928,441,2958,310.71,1
509,5,554,126,1792,188.24,1
509,6,605,445,1064,111.76,1
510,1,551,450,1427,149.89,1
510,2,373,449,9318,978.78,1
510,3,550,363,370,38.87,1
510,4,931,453,2576,270.59,1
510,5,554,153,1826,191.81,1
510,6,605,443,1101,115.65,1
511,1,551,446,1620,170.17,1
511,2,374,447,9243,970.9,1
511,3,550,360,360,37.82,1
511,4,933,452,2681,281.62,1
511,5,554,181,1805,189.6,1
511,6,605,444,1020,107.14,1
512,1,551,444,1690,177.52,1
512,2,371,447,9563,1004.52,1
512,3,550,356,360,37.82,1
512,4,935,451,2721,285.82,1
512,5,554,208,1803,189.39,1
512,6,606,448,730,76.68,1
513,1,551,445,1612,169.33,1
513,2,371,446,9677,1016.49,1
513,3,549,353,357,37.5,1
513,4,937,449,2689,282.46,1
513,5,554,236,1777,186.66,1
513,6,607,451,621,65.23,1
514,1,551,449,1582,166.18,1
514,2,371,445,9320,978.99,1
514,3,549,350,359,37.71,1
514,4,939,441,3187,334.77,1
514,5,554,263,1778,186.76,1
514,6,606,448,808,84.87,1
515,1,551,450,1141,119.85,1
515,2,369,443,9053,950.95,1
515,3,549,346,367,38.55,1
515,4,940,433,3712,389.92,1
515,5,553,291,1796,188.66,1
515,6,605,447,960,100.84,1
516,1,552,451,1385,145.48,1
516,2,370,442,9236,970.17,1
516,3,553,321,2003,210.4,1
516,4,941,426,4106,431.3,1
516,6,605,450,909,95.48,1
517,1,551,448,1691,177.63,1
517,2,369,437,10076,1058.4,1
517,3,553,346,1838,193.07,1
517,4,941,421,4328,454.62,1
517,6,605,452,651,68.38,1
518,1,551,447,1703,178.89,1
518,2,367,431,11269,1183.72,1
518,3,552,368,2213,232.46,1
518,4,941,418,4462,468.7,1
518,6,605,450,932,97.9,1
519,1,552,423,3477,365.23,1
519,2,367,426,11754,1234.66,1
519,3,549,334,359,37.71,1
519,4,941,416,4499,472.58,1
519,6,605,449,950,99.79,1
520,1,552,438,2610,274.16,1
520,2,367,421,12112,1272.27,1
520,3,549,331,353,37.08,1
520,4,939,434,3474,364.92,1
520,6,606,450,913,95.9,1
520,7,945,341,685,71.95,1
521,1,565,450,2726,286.34,1
521,2,368,415,12332,1295.38,1
521,3,548,329,363,38.13,1
521,4,938,438,3261,342.54,1
521,7,946,335,717,75.32,1
522,1,564,450,3436,360.92,1
522,2,368,409,12576,1321.01,1
522,3,548,326,357,37.5,1
522,4,937,442,2796,293.7,1
522,7,947,328,753,79.1,1
523,1,564,449,3643,382.67,1
523,2,369,404,12911,1356.2,1
523,3,548,323,353,37.08,1
523,4,936,449,2395,251.58,1
523,7,948,321,684,71.85,1
524,1,564,448,3249,341.28,1
524,2,369,400,13157,1382.04,1
524,3,548,321,362,38.03,1
524,4,933,450,2145,225.32,1
524,7,949,315,706,74.16,1
525,1,563,446,3083,323.84,1
525,2,370,395,13257,1392.54,1
525,3,548,318,356,37.39,1
525,4,931,451,2117,222.37,1
525,7,950,308,746,78.36,1
526,1,551,442,2244,235.71,1
526,2,370,392,13430,1410.71,1
526,3,548,316,363,38.13,1
526,4,931,448,2375,249.47,1
526,7,951,302,727,76.37,1
526,8,605,450,935,98.21,1
527,1,566,444,3350,351.89,1
527,2,371,389,13410,1408.61,1
527,3,548,314,356,37.39,1
527,4,930,444,2680,281.51,1
527,7,952,296,675,70.9,1
528,1,551,441,2533,266.07,1
528,2,371,387,13498,1417.86,1
528,3,548,312,358,37.61,1
528,4,930,441,2979,312.92,1
528,7,953,289,718,75.42,1
528,9,606,452,878,92.23,1
529,1,551,442,2590,272.06,1
529,2,372,386,13441,1411.87,1
529,3,548,310,356,37.39,1
529,4,930,440,3075,323.0,1
529,7,954,283,729,76.58,1
529,9,606,450,737,77.42,1
529,10,695,13,849,89.18,0
530,1,565,446,3683,386.87,1
530,2,372,386,13528,1421.01,1
530,3,547,308,355,37.29,1
530,4,930,441,3059,321.32,1
530,7,955,277,688,72.27,1
530,10,695,36,1049,110.19,1
531,1,566,448,3338,350.63,1
531,2,370,409,11294,1186.34,1
531,3,547,305,357,37.5,1
531,4,930,443,2831,297.37,1
531,7,955,271,688,72.27,1
531,10,696,61,1048,110.08,1
531,11,388,239,1776,186.55,1
532,1,565,449,2847,299.05,1
532,2,370,410,10973,1152.63,1
532,3,547,304,355,37.29,1
532,4,931,447,2549,267.75,1
532,7,956,265,705,74.05,1
532,10,696,87,1079,113.34,1
532,11,389,232,1753,184.14,1
533,1,569,449,2881,302.63,1
533,2,370,411,10509,1103.89,1
533,3,547,302,359,37.71,1
533,4,932,449,2192,230.25,1
533,7,957,260,702,73.74,1
533,10,697,112,1123,117.96,1
533,11,390,226,1783,187.29,1
534,1,570,448,2701,283.72,1
534,2,370,414,10547,1107.88,1
534,3,547,300,359,37.71,1
534,4,934,450,2144,225.21,1
534,7,959,254,693,72.79,1
534,10,698,138,1119,117.54,1
534,11,392,218,1876,197.06,1
535,1,552,446,1843,193.59,1
535,2,370,417,10369,1089.18,1
535,3,547,298,361,37.92,1
535,4,935,449,2322,243.91,1
535,7,959,248,700,73.53,1
535,10,699,163,1131,118.8,1
535,11,393,211,1945,204.31,1
535,12,606,451,872,91.6,1
536,1,552,446,1929,202.63,1
536,2,371,420,10261,1077.84,1
536,3,547,297,357,37.5,1
536,4,936,447,2500,262.61,1
536,7,960,242,697,73.21,1
536,10,699,189,1132,118.91,1
536,11,394,205,1917,201.37,1
536,12,606,452,871,91.49,1
537,1,570,447,2937,308.51,1
537,2,371,423,10015,1052.0,1
537,3,547,295,358,37.61,1
537,4,937,444,2736,287.39,1
537,7,962,237,677,71.11,1
537,10,700,214,1130,118.7,1
537,11,395,199,1889,198.42,1
537,13,695,6,258,27.1,0
538,1,567,448,3316,348.32,1
538,2,372,425,9446,992.23,1
538,3,546,294,356,37.39,1
538,4,937,443,2835,297.79,1
538,7,962,232,678,71.22,1
538,10,701,240,1150,120.8,1
538,11,397,192,1815,190.65,1
538,13,695,25,399,41.91,1
538,14,375,2,192,20.17,0
539,1,564,448,3258,342.23,1
539,2,372,428,9280,974.79,1
539,3,546,293,356,37.39,1
539,4,938,443,2894,303.99,1
539,7,963,226,685,71.95,1
539,10,702,266,1143,120.06,1
539,11,398,185,1765,185.4,1
539,13,696,47,416,43.7,1
539,14,374,15,1198,125.84,0
540,1,565,448,3161,332.04,1
540,2,373,431,9151,961.24,1
540,3,546,291,358,37.61,1
540,4,937,445,2830,297.27,1
540,7,964,221,680,71.43,1
540,10,703,291,1139,119.64,1
540,11,399,179,1765,185.4,1
540,13,696,69,411,43.17,1
540,14,373,36,1491,156.62,1
541,1,568,448,3146,330.46,1
541,2,374,435,9022,947.69,1
541,3,546,290,356,37.39,1
541,4,936,448,2691,282.67,1
541,7,965,216,665,69.85,1
541,10,703,317,1165,122.37,1
541,11,400,173,1826,191.81,1
541,13,697,92,423,44.43,1
541,14,371,62,1520,159.66,1
542,1,568,448,2896,304.2,1
542,2,376,438,8887,933.51,1
542,3,546,289,360,37.82,1
542,4,936,450,2416,253.78,1
542,7,966,211,677,71.11,1
542,10,704,343,1167,122.58,1
542,11,401,167,1890,198.53,1
542,13,697,114,448,47.06,1
542,14,370,87,1568,164.71,1
543,1,551,447,1874,196.85,1
543,2,377,440,8463,888.97,1
543,3,546,288,355,37.29,1
543,4,935,450,2383,250.32,1
543,7,968,206,663,69.64,1
543,10,705,368,1158,121.64,1
543,11,403,160,1918,201.47,1
543,13,698,137,456,47.9,1
543,14,369,112,1556,163.45,1
543,15,605,452,874,91.81,1
544,1,570,449,2764,290.34,1
544,2,377,442,8413,883.72,1
544,3,546,287,359,37.71,1
544,4,935,448,2240,235.29,1
544,7,968,201,673,70.69,1
544,10,706,394,1175,123.42,1
544,11,387,147,3463,363.76,1
544,13,698,159,464,48.74,1
545,1,569,449,2874,301.89,1
545,2,378,444,7974,837.61,1
545,3,546,286,362,38.03,1
545,4,934,446,2365,248.42,1
545,7,970,196,675,70.9,1
545,10,706,418,1061,111.45,1
545,11,387,155,3437,361.03,1
545,13,698,181,458,48.11,1
546,1,569,449,2835,297.79,1
546,2,377,445,7717,810.61,1
546,3,546,285,358,37.61,1
546,4,932,445,2656,278.99,1
546,7,971,191,660,69.33,1
546,10,707,445,1075,112.92,1
546,11,406,143,1785,187.5,1
546,13,699,204,456,47.9,1
546,16,365,188,1621,170.27,1
547,1,567,447,2730,286.76,1
547,2,377,445,7494,787.18,1
547,3,546,284,357,37.5,1
547,4,931,444,2724,286.13,1
547,7,972,187,638,67.02,1
547,10,707,451,865,90.86,1
547,11,408,136,1751,183.93,1
547,13,699,226,456,47.9,1
547,16,364,214,1624,170.59,1
548,1,568,447,3019,317.12,1
548,2,377,444,7777,816.91,1
548,3,545,284,356,37.39,1
548,4,931,446,2800,294.12,1
548,7,972,182,651,68.38,1
548,10,708,449,1067,112.08,1
548,11,409,131,1771,186.03,1
548,13,700,249,454,47.69,1
548,16,363,240,1621,170.27,1
549,1,568,446,2990,314.08,1
549,2,377,444,7512,789.08,1
549,3,545,283,358,37.61,1
549,4,931,446,2593,272.37,1
549,7,973,177,644,67.65,1
549,10,708,442,1419,149.05,1
549,11,410,125,1837,192.96,1
549,13,700,272,473,49.68,1
549,16,362,265,1631,171.32,1
550,1,567,447,3103,325.95,1
550,2,376,445,7468,784.45,1
550,3,545,283,359,37.71,1
550,4,932,448,2412,253.36,1
550,7,975,173,646,67.86,1
550,10,708,438,1544,162.18,1
550,11,411,120,1878,197.27,1
550,13,700,294,477,50.11,1
550,16,361,291,1613,169.43,1
551,1,568,448,3080,323.53,1
551,2,376,446,7460,783.61,1
551,3,545,282,356,37.39,1
551,4,932,448,2298,241.39,1
551,7,975,168,645,67.75,1
551,10,707,438,1481,155.57,1
551,11,413,114,1888,198.32,1
551,13,701,317,479,50.32,1
551,16,359,317,1620,170.17,1
552,1,568,448,3042,319.54,1
552,2,376,447,7326,769.54,1
552,3,545,282,357,37.5,1
552,4,932,447,2262,237.61,1
552,7,976,164,647,67.96,1
552,10,706,440,1416,148.74,1
552,11,414,109,1851,194.43,1
552,13,701,339,472,49.58,1
552,16,358,343,1620,170.17,1
553,1,566,449,2920,306.72,1
553,2,377,446,7272,763.87,1
553,3,545,281,362,38.03,1
553,4,932,447,2326,244.33,1
553,7,977,160,639,67.12,1
553,10,706,443,1150,120.8,1
553,11,415,103,1802,189.29,1
553,13,702,362,471,49.47,1
553,16,357,368,1614,169.54,1
554,1,565,448,2909,305.57,1
554,2,372,436,9037,949.26,1
554,3,545,281,354,37.18,1
554,4,934,445,2380,250.0,1
554,7,979,155,639,67.12,1
554,10,705,448,762,80.04,1
554,11,416,98,1762,185.08,1
554,13,702,385,458,48.11,1
555,1,568,448,2993,314.39,1
555,2,373,442,8251,866.7,1
555,3,545,281,361,37.92,1
555,4,936,445,2555,268.38,1
555,7,980,151,640,67.23,1
555,10,706,448,794,83.4,1
555,11,418,93,1750,183.82,1
555,13,703,407,458,48.11,1
556,1,568,448,2873,301.79,1
556,2,374,443,7786,817.86,1
556,3,545,281,359,37.71,1
556,4,937,446,2728,286.55,1
556,7,980,148,620,65.13,1
556,10,706,443,1451,152.42,1
556,11,419,88,1782,187.18,1
557,1,569,448,2789,292.96,1
557,2,373,442,8178,859.03,1
557,3,544,281,367,38.55,1
557,4,937,447,2658,279.2,1
557,7,981,143,612,64.29,1
557,10,706,445,1367,143.59,1
557,11,420,82,1833,192.54,1
558,1,569,448,2832,297.48,1
558,2,372,441,8301,871.95,1
558,3,544,281,363,38.13,1
558,4,936,448,2582,271.22,1
558,7,982,140,629,66.07,1
558,10,706,446,1267,133.09,1
558,11,421,77,1875,196.95,1
559,1,570,447,2748,288.66,1
559,2,372,439,8426,885.08,1
559,3,544,281,357,37.5,1
559,4,936,449,2571,270.06,1
559,7,983,136,604,63.45,1
559,10,706,447,1268,133.19,1
559,11,422,73,1846,193.91,1
560,1,569,448,2892,303.78,1
560,2,371,438,8873,932.04,1
560,3,544,281,363,38.13,1
560,4,936,448,2551,267.96,1
560,7,984,132,613,64.39,1
560,10,706,449,1142,119.96,1
560,11,424,68,1814,190.55,1
561,1,567,448,2729,286.66,1
561,2,370,436,9236,970.17,1
561,3,544,281,364,38.24,1
561,4,936,447,2480,260.5,1
561,7,985,128,609,63.97,1
561,10,706,448,1198,125.84,1
561,11,425,63,1786,187.61,1
562,1,569,448,2894,303.99,1
562,2,370,435,9857,1035.4,1
562,3,544,282,361,37.92,1
562,4,935,447,2527,265.44,1
562,7,986,125,607,63.76,1
562,10,706,446,1238,130.04,1
562,11,426,58,1760,184.87,1
563,1,570,448,2754,289.29,1
563,2,369,434,9942,1044.33,1
563,3,544,282,361,37.92,1
563,4,934,446,2480,260.5,1
563,7,987,121,601,63.13,1
563,10,706,447,1211,127.21,1
563,11,428,54,1766,185.5,1
564,1,570,447,2674,280.88,1
564,2,370,434,10129,1063.97,1
564,3,544,283,358,37.61,1
564,4,932,446,2498,262.39,1
564,7,988,117,620,65.13,1
564,10,706,449,1149,120.69,1
564,11,429,49,1798,188.87,1
565,1,568,447,2579,270.9,1
565,2,371,434,10105,1061.45,1
565,3,544,283,364,38.24,1
565,4,932,446,2445,256.83,1
565,7,989,114,602,63.24,1
565,10,706,449,1138,119.54,1
565,11,430,45,1829,192.12,1
566,1,570,448,2758,289.71,1
566,2,371,433,10098,1060.71,1
566,3,544,284,362,38.03,1
566,4,932,447,2482,260.71,1
566,7,990,111,619,65.02,1
566,10,706,448,1183,124.26,1
566,11,431,40,1843,193.59,1
567,1,569,448,2825,296.74,1
567,2,377,441,8329,874.89,1
567,3,543,284,365,38.34,1
567,4,932,447,2447,257.04,1
567,7,991,108,591,62.08,1
567,10,706,447,1250,131.3,1
567,11,432,36,1813,190.44,1
567,17,333,378,1529,160.61,1
568,1,569,448,2899,304.52,1
568,2,377,442,8196,860.92,1
568,3,543,285,367,38.55,1
568,4,932,447,2460,258.4,1
568,7,992,104,588,61.76,1
568,10,706,448,1229,129.1,1
568,11,434,32,1771,186.03,1
568,17,333,372,1673,175.74,1
569,1,569,448,2866,301.05,1
569,2,378,443,7871,826.79,1
569,3,543,286,360,37.82,1
569,4,932,446,2397,251.79,1
569,7,994,102,588,61.76,1
569,10,707,450,1094,114.92,1
569,11,435,28,1737,182.46,1
569,17,330,365,1579,165.86,1
570,1,569,447,2829,297.16,1
570,2,377,444,7415,778.89,1
570,3,543,287,363,38.13,1
570,4,933,446,2363,248.21,1
570,7,994,99,590,61.97,1
570,10,707,450,1107,116.28,1
570,11,436,23,1766,185.5,0
570,17,329,359,1445,151.79,1
571,1,568,448,2955,310.4,1
571,2,376,445,7308,767.65,1
571,3,543,288,364,38.24,1
571,4,934,446,2333,245.06,1
571,7,995,96,595,62.5,1
571,10,706,448,1215,127.63,1
571,11,437,20,1707,179.31,0
571,17,327,353,1399,146.95,1
572,1,568,448,3011,316.28,1
572,2,376,445,7241,760.61,1
572,3,543,289,361,37.92,1
572,4,935,446,2402,252.31,1
572,7,996,92,602,63.24,1
572,10,706,447,1232,129.41,1
572,11,438,18,1603,168.38,0
572,17,326,346,1355,142.33,1
573,1,568,448,2968,311.76,1
573,2,374,445,7174,753.57,1
573,3,543,290,363,38.13,1
573,4,936,447,2416,253.78,1
573,7,997,90,581,61.03,1
573,10,706,448,1185,124.47,1
573,11,440,16,1451,152.42,0
573,17,324,340,1443,151.58,1
574,1,568,448,3023,317.54,1
574,2,373,445,7363,773.42,1
574,3,543,291,368,38.66,1
574,4,936,448,2500,262.61,1
574,7,998,87,587,61.66,1
574,10,706,450,1122,117.86,1
574,11,441,15,1168,122.69,0
574,17,323,334,1561,163.97,1
575,1,568,448,2992,314.29,1
575,2,373,444,7217,758.09,1
575,3,543,292,368,38.66,1
575,4,935,448,2503,262.92,1
575,7,999,85,564,59.24,1
575,10,706,450,1137,119.43,1
575,11,442,12,1107,116.28,0
575,17,321,328,1615,169.64,1
576,1,568,448,2946,309.45,1
576,2,372,445,7313,768.17,1
576,3,543,293,365,38.34,1
576,4,936,448,2610,274.16,1
576,7,1000,82,570,59.87,1
576,10,706,448,1216,127.73,1
576,11,443,10,911,95.69,0
576,17,320,322,1515,159.14,1
577,1,568,448,3006,315.76,1
577,2,371,445,7431,780.57,1
577,3,543,295,370,38.87,1
577,4,936,447,2623,275.53,1
577,7,1001,80,568,59.66,1
577,10,706,448,1216,127.73,1
577,11,444,8,745,78.26,0
577,17,318,316,1454,152.73,1
578,1,569,448,2878,302.31,1
578,2,371,445,7438,781.3,1
578,3,542,296,368,38.66,1
578,4,936,447,2581,271.11,1
578,7,1002,77,572,60.08,1
578,10,707,449,1132,118.91,1
578,11,445,6,577,60.61,0
578,17,317,311,1383,145.27,1
579,1,569,448,2829,297.16,1
579,2,371,445,7310,767.86,1
579,3,542,298,362,38.03,1
579,4,935,447,2517,264.39,1
579,7,1003,75,542,56.93,1
579,10,706,450,1100,115.55,1
579,11,447,5,439,46.11,0
579,17,315,305,1407,147.79,1
580,1,569,448,2859,300.32,1
580,2,370,445,7447,782.25,1
580,3,542,299,362,38.03,1
580,4,934,447,2502,262.82,1
580,7,1004,73,557,58.51,1
580,10,706,449,1163,122.16,1
580,11,448,4,315,33.09,0
580,17,313,299,1505,158.09,1
581,1,569,448,2833,297.58,1
581,2,369,445,7356,772.69,1
581,3,542,301,364,38.24,1
581,4,933,447,2502,262.82,1
581,7,1005,70,555,58.3,1
581,10,706,448,1202,126.26,1
581,11,449,3,209,21.95,0
581,17,312,294,1557,163.55,1
581,18,340,16,263,27.63,1
582,1,570,448,2727,286.45,1
582,2,369,444,7466,784.24,1
582,3,542,303,361,37.92,1
582,4,933,447,2451,257.46,1
582,7,1006,69,560,58.82,1
582,10,706,448,1178,123.74,1
582,17,310,289,1535,161.24,1
582,18,339,38,314,32.98,1
583,1,570,448,2697,283.3,1
583,2,369,443,7701,808.93,1
583,3,542,305,370,38.87,1
583,4,932,447,2460,258.4,1
583,7,1007,66,546,57.35,1
583,10,706,450,1134,119.12,1
583,17,309,283,1494,156.93,1
583,18,338,59,342,35.92,1
584,1,570,447,2688,282.35,1
584,2,370,442,7722,811.13,1
584,3,542,306,370,38.87,1
584,4,932,447,2417,253.89,1
584,7,1008,64,545,57.25,1
584,10,706,450,1108,116.39,1
584,17,307,278,1445,151.79,1
584,18,336,81,346,36.34,1
585,1,570,447,2702,283.82,1
585,2,371,442,7866,826.26,1
585,3,542,308,367,38.55,1
585,4,932,446,2445,256.83,1
585,7,1009,63,557,58.51,1
585,10,706,448,1148,120.59,1
585,17,306,273,1402,147.27,1
585,18,335,103,384,40.34,1
586,1,570,447,2668,280.25,1
586,2,372,442,7863,825.95,1
586,3,542,310,368,38.66,1
586,4,933,446,2422,254.41,1
586,7,1010,60,540,56.72,1
586,10,706,448,1176,123.53,1
586,17,304,268,1443,151.58,1
586,18,334,124,389,40.86,1
587,1,569,448,2736,287.39,1
587,2,372,442,8050,845.59,1
587,3,542,312,371,38.97,1
587,4,933,447,2465,258.93,1
587,7,1011,59,524,55.04,1
587,10,706,449,1173,123.21,1
587,17,302,263,1529,160.61,1
587,18,333,145,396,41.6,1
588,1,570,448,2762,290.13,1
588,2,373,442,7990,839.29,1
588,3,541,314,369,38.76,1
588,4,933,446,2380,250.0,1
588,7,1012,57,534,56.09,1
588,10,706,450,1129,118.59,1
588,17,301,258,1546,162.39,1
588,18,332,167,417,43.8,1
589,1,568,447,2577,270.69,1
589,2,373,442,7992,839.5,1
589,3,541,317,370,38.87,1
589,4,934,447,2411,253.26,1
589,7,1013,55,545,57.25,1
589,10,706,449,1151,120.9,1
589,17,300,253,1520,159.66,1
589,18,331,189,416,43.7,1
590,1,570,448,2859,300.32,1
590,2,372,442,8030,843.49,1
590,3,541,319,368,38.66,1
590,4,934,447,2371,249.05,1
590,7,1014,54,549,57.67,1
590,10,706,448,1196,125.63,1
590,17,298,248,1481,155.57,1
590,18,330,211,434,45.59,1
591,1,570,447,2798,293.91,1
591,2,373,442,7937,833.72,1
591,3,541,321,375,39.39,1
591,4,935,447,2394,251.47,1
591,7,1015,52,522,54.83,1
591,10,706,449,1195,125.53,1
591,17,304,241,1879,197.37,1
592,1,569,448,2856,300.0,1
592,2,372,443,8035,844.01,1
592,3,541,324,375,39.39,1
592,4,935,447,2453,257.67,1
592,7,1016,51,533,55.99,1
592,10,706,449,1143,120.06,1
592,17,302,242,1875,196.95,1
593,1,569,448,2850,299.37,1
593,2,372,443,7873,827.0,1
593,3,541,326,373,39.18,1
593,4,935,447,2530,265.76,1
593,7,1017,50,527,55.36,1
593,10,706,450,1151,120.9,1
593,17,293,234,1474,154.83,1
593,19,327,276,411,43.17,1
594,1,569,448,2892,303.78,1
594,2,372,444,7802,819.54,1
594,3,541,329,376,39.5,1
594,4,935,447,2592,272.27,1
594,7,1018,48,536,56.3,1
594,10,706,449,1165,122.37,1
594,17,292,230,1498,157.35,1
594,19,326,298,400,42.02,1
595,1,568,448,2894,303.99,1
595,2,371,445,7725,811.45,1
595,3,541,331,375,39.39,1
595,4,935,447,2587,271.74,1
595,7,1019,48,533,55.99,1
595,10,706,448,1178,123.74,1
595,17,290,225,1521,159.77,1
595,19,325,320,410,43.07,1
596,1,568,448,2928,307.56,1
596,2,372,445,7553,793.38,1
596,3,541,334,375,39.39,1
596,4,935,447,2560,268.91,1
596,7,1020,46,556,58.4,1
596,10,707,449,1171,123.0,1
596,17,289,221,1496,157.14,1
596,19,323,342,419,44.01,1
597,1,568,448,2960,310.92,1
597,2,372,445,7551,793.17,1
597,3,541,337,374,39.29,1
597,4,934,448,2516,264.29,1
597,7,1021,45,546,57.35,1
597,10,707,450,1144,120.17,1
597,17,287,217,1459,153.26,1
597,19,323,365,410,43.07,1
598,1,569,448,2901,304.73,1
598,2,371,445,7512,789.08,1
598,3,541,340,372,39.08,1
598,4,934,448,2479,260.4,1
598,7,1022,45,539,56.62,1
598,10,707,449,1144,120.17,1
598,17,285,212,1419,149.05,1
598,19,322,386,392,41.18,1
599,1,569,447,2877,302.21,1
599,2,369,443,8116,852.52,1
599,3,541,342,372,39.08,1
599,4,934,448,2447,257.04,1
599,7,1023,44,532,55.88,1
599,10,706,449,1183,124.26,1
599,17,284,208,1451,152.42,1
600,1,569,448,2869,301.37,1
600,2,371,445,7832,822.69,1
600,3,541,346,375,39.39,1
600,4,934,447,2462,258.61,1
600,7,1024,43,514,53.99,1
600,10,706,449,1178,123.74,1
600,17,282,204,1490,156.51,1
600,20,381,2,176,18.49,0
601,1,569,448,2860,300.42,1
601,2,370,445,7981,838.34,1
601,3,540,349,374,39.29,1
601,4,933,447,2462,258.61,1
601,7,1025,42,506,53.15,1
601,10,706,449,1152,121.01,1
601,17,281,200,1509,158.51,1
601,20,381,14,937,98.42,0
602,1,569,448,2814,295.59,1
602,2,370,444,7929,832.88,1
602,3,540,352,376,39.5,1
602,4,933,446,2418,253.99,1
602,7,1026,41,515,54.1,1
602,10,706,450,1130,118.7,1
602,17,279,196,1503,157.88,1
602,20,379,35,1038,109.03,1
603,1,569,448,2802,294.33,1
603,2,370,444,8056,846.22,1
603,3,540,355,375,39.39,1
603,4,933,446,2450,257.35,1
603,7,1027,41,519,54.52,1
603,10,706,449,1170,122.9,1
603,17,278,192,1472,154.62,1
603,20,379,58,1080,113.45,1
604,1,570,448,2707,284.35,1
604,2,370,443,8038,844.33,1
604,3,540,358,377,39.6,1
604,4,933,446,2416,253.78,1
604,7,1028,40,516,54.2,1
604,10,706,449,1193,125.32,1
604,17,276,189,1433,150.53,1
604,20,377,81,1103,115.86,1
605,1,571,448,2660,279.41,1
605,2,371,443,7913,831.2,1
605,3,540,361,374,39.29,1
605,4,933,447,2379,249.89,1
605,7,1029,40,524,55.04,1
605,10,706,449,1185,124.47,1
605,17,274,185,1428,150.0,1
605,20,377,103,1129,118.59,1
606,1,570,448,2700,283.61,1
606,2,371,443,7861,825.74,1
606,3,540,364,374,39.29,1
606,4,933,447,2389,250.95,1
606,7,1030,39,523,54.94,1
606,10,707,450,1150,120.8,1
606,17,273,181,1449,152.21,1
606,20,376,126,1181,124.05,1
607,1,570,448,2679,281.41,1
607,2,373,443,7617,800.11,1
607,3,540,368,368,38.66,1
607,4,934,447,2350,246.85,1
607,7,1030,39,504,52.94,1
607,10,707,449,1144,120.17,1
607,17,271,177,1454,152.73,1
607,20,375,149,1161,121.95,1
608,1,570,448,2715,285.19,1
608,2,375,444,7604,798.74,1
608,3,540,371,378,39.71,1
608,4,934,447,2414,253.57,1
608,7,1031,39,519,54.52,1
608,10,706,449,1184,124.37,1
608,17,270,174,1495,157.04,1
608,20,374,172,1204,126.47,1
609,1,570,448,2702,283.82,1
609,2,375,444,7562,794.33,1
609,3,540,375,380,39.92,1
609,4,935,447,2444,256.72,1
609,7,1032,39,523,54.94,1
609,10,706,449,1169,122.79,1
609,17,268,171,1478,155.25,1
609,20,373,195,1200,126.05,1
610,1,570,448,2714,285.08,1
610,2,375,443,7474,785.08,1
610,3,540,379,380,39.92,1
610,4,934,447,2434,255.67,1
610,7,1033,39,523,54.94,1
610,10,706,449,1160,121.85,1
610,17,267,167,1424,149.58,1
610,20,372,217,1182,124.16,1
611,1,569,448,2760,289.92,1
611,2,375,443,7503,788.13,1
611,3,540,382,379,39.81,1
611,4,935,447,2500,262.61,1
611,7,1034,39,528,55.46,1
611,10,706,450,1134,119.12,1
611,17,265,164,1402,147.27,1
611,20,371,241,1187,124.68,1
612,1,570,447,2702,283.82,1
612,2,376,442,7543,792.33,1
612,3,540,386,378,39.71,1
612,4,935,447,2501,262.71,1
612,7,1035,39,537,56.41,1
612,10,706,449,1154,121.22,1
612,17,263,161,1434,150.63,1
612,20,371,264,1196,125.63,1
613,1,569,448,2793,293.38,1
613,2,376,442,7554,793.49,1
613,3,539,390,374,39.29,1
613,4,934,447,2506,263.24,1
613,7,1036,39,517,54.31,1
613,10,706,449,1177,123.63,1
613,17,262,158,1445,151.79,1
613,20,370,287,1211,127.21,1
614,1,569,447,2755,289.39,1
614,2,376,443,7606,798.95,1
614,3,539,394,383,40.23,1
614,4,934,448,2534,266.18,1
614,7,1037,39,522,54.83,1
614,10,706,449,1160,121.85,1
614,17,260,155,1486,156.09,1
614,20,369,310,1201,126.16,1
615,1,569,448,2863,300.74,1
615,2,377,443,7798,819.12,1
615,3,539,398,374,39.29,1
615,4,934,448,2535,266.28,1
615,7,1038,39,515,54.1,1
615,10,706,449,1148,120.59,1
615,17,259,152,1496,157.14,1
615,20,369,333,1183,124.26,1
616,1,569,448,2845,298.84,1
616,2,377,443,7700,808.82,1
616,3,539,402,372,39.08,1
616,4,934,447,2478,260.29,1
616,7,1039,39,512,53.78,1
616,10,706,450,1149,120.69,1
616,17,257,149,1452,152.52,1
616,20,368,356,1173,123.21,1
617,1,569,448,2847,299.05,1
617,2,376,443,7635,802.0,1
617,3,539,406,380,39.92,1
617,4,934,446,2415,253.68,1
617,7,1040,39,503,52.84,1
617,10,706,449,1149,120.69,1
617,17,256,146,1412,148.32,1
617,20,368,379,1180,123.95,1
618,1,569,448,2855,299.89,1
618,2,375,438,8603,903.68,1
618,3,539,410,372,39.08,1
618,4,934,447,2447,257.04,1
618,7,1041,40,512,53.78,1
618,10,706,449,1152,121.01,1
618,17,254,143,1406,147.69,1
619,1,565,444,3342,351.05,1
619,2,376,443,7965,836.66,1
619,4,933,446,2437,255.99,1
619,7,1042,41,519,54.52,1
619,10,706,449,1156,121.43,1
619,17,253,140,1439,151.16,1
620,1,565,444,3261,342.54,1
620,2,377,444,7546,792.65,1
620,4,934,447,2415,253.68,1
620,7,1043,41,511,53.68,1
620,10,706,449,1136,119.33,1
620,17,251,138,1442,151.47,1
621,1,566,445,3167,332.67,1
621,2,377,444,7632,801.68,1
621,4,933,447,2402,252.31,1
621,7,1044,42,521,54.73,1
621,10,706,449,1156,121.43,1
621,17,249,135,1464,153.78,1
622,1,567,446,3065,321.95,1
622,2,377,445,7604,798.74,1
622,4,933,447,2399,252.0,1
622,7,1044,43,538,56.51,1
622,10,706,449,1156,121.43,1
622,17,248,133,1468,154.2,1
623,1,568,447,2964,311.34,1
623,2,376,445,7658,804.41,1
623,4,934,447,2352,247.06,1
623,7,1045,44,515,54.1,1
623,10,706,449,1182,124.16,1
623,17,246,130,1396,146.64,1
624,1,568,447,2865,300.95,1
624,2,376,445,7774,816.6,1
624,4,934,447,2371,249.05,1
624,7,1046,45,522,54.83,1
624,10,706,449,1145,120.27,1
624,17,245,128,1381,145.06,1
625,1,567,447,2701,283.72,1
625,2,376,444,7702,809.03,1
625,4,934,446,2361,248.0,1
625,7,1047,46,521,54.73,1
625,10,706,449,1143,120.06,1
625,17,243,125,1383,145.27,1
626,1,569,448,2837,298.0,1
626,2,375,443,7912,831.09,1
626,4,934,446,2364,248.32,1
626,7,1048,46,527,55.36,1
626,10,706,449,1152,121.01,1
626,17,241,123,1415,148.63,1
627,1,569,448,2845,298.84,1
627,2,375,443,7997,840.02,1
627,4,934,446,2396,251.68,1
627,7,1049,48,520,54.62,1
627,10,706,449,1188,124.79,1
627,17,240,121,1447,152.0,1
628,1,569,448,2854,299.79,1
628,2,374,443,7779,817.12,1
628,4,935,447,2441,256.41,1
628,7,1050,49,533,55.99,1
628,10,706,449,1135,119.22,1
628,17,239,119,1455,152.84,1
629,1,569,448,2862,300.63,1
629,2,374,443,7687,807.46,1
629,4,935,447,2413,253.47,1
629,7,1051,50,531,55.78,1
629,10,706,449,1126,118.28,1
629,17,237,117,1413,148.42,1
630,1,569,448,2880,302.52,1
630,2,373,443,7915,831.41,1
630,4,934,447,2432,255.46,1
630,7,1052,51,528,55.46,1
630,10,706,449,1136,119.33,1
630,17,236,115,1359,142.75,1
631,1,569,448,2920,306.72,1
631,2,373,442,7927,832.67,1
631,4,934,448,2502,262.82,1
631,7,1053,53,517,54.31,1
631,10,706,449,1145,120.27,1
631,17,234,113,1347,141.49,1
632,1,569,448,2899,304.52,1
632,2,372,442,7970,837.18,1
632,4,934,447,2465,258.93,1
632,7,1054,54,526,55.25,1
632,10,706,449,1152,121.01,1
632,17,232,111,1376,144.54,1
633,1,569,448,2879,302.42,1
633,2,372,442,8019,842.33,1
633,4,934,447,2474,259.87,1
633,7,1055,56,506,53.15,1
633,10,706,449,1146,120.38,1
633,17,231,110,1409,148.0,1
634,1,567,448,2732,286.97,1
634,2,371,442,7963,836.45,1
634,4,934,447,2433,255.57,1
634,7,1056,57,515,54.1,1
634,10,706,449,1149,120.69,1
634,17,229,108,1421,149.26,1
635,1,569,448,2894,303.99,1
635,2,370,443,8143,855.36,1
635,4,934,447,2496,262.18,1
635,7,1056,59,515,54.1,1
635,10,706,449,1165,122.37,1
635,17,228,107,1387,145.69,1
636,1,569,448,2861,300.53,1
636,2,371,443,8059,846.53,1
636,4,934,447,2460,258.4,1
636,7,1058,61,515,54.1,1
636,10,706,449,1152,121.01,1
636,17,226,105,1327,139.39,1
637,1,569,448,2915,306.2,1
637,2,371,443,8145,855.57,1
637,4,934,447,2405,252.63,1
637,7,1059,62,523,54.94,1
637,10,706,449,1174,123.32,1
637,17,224,104,1312,137.82,1
638,1,569,448,2947,309.56,1
638,2,371,443,8085,849.26,1
638,4,934,447,2425,254.73,1
638,7,1059,64,526,55.25,1
638,10,706,449,1157,121.53,1
638,17,223,102,1331,139.81,1
639,1,568,448,2913,305.99,1
639,2,371,443,7892,828.99,1
639,4,934,447,2398,251.89,1
639,7,1060,66,541,56.83,1
639,10,706,449,1156,121.43,1
639,17,221,101,1326,139.29,1
640,1,569,448,2920,306.72,1
640,2,371,443,7806,819.96,1
640,4,934,447,2341,245.9,1
640,7,1061,68,524,55.04,1
640,10,706,449,1163,122.16,1
640,17,220,100,1352,142.02,1
641,1,568,448,2899,304.52,1
641,2,371,443,7651,803.68,1
641,4,934,446,2329,244.64,1
641,7,1062,70,527,55.36,1
641,10,706,449,1167,122.58,1
641,17,218,99,1318,138.45,1
642,1,568,448,2924,307.14,1
642,2,371,444,7680,806.72,1
642,4,934,446,2353,247.16,1
642,7,1063,73,523,54.94,1
642,10,706,449,1159,121.74,1
642,17,217,98,1269,133.3,1
643,1,568,448,2946,309.45,1
643,2,371,444,7574,795.59,1
643,4,934,446,2397,251.79,1
643,7,1063,75,530,55.67,1
643,10,706,449,1143,120.06,1
643,17,215,97,1250,131.3,1
644,1,567,448,2757,289.6,1
644,2,371,444,7506,788.45,1
644,4,934,447,2465,258.93,1
644,7,1064,77,526,55.25,1
644,10,706,449,1134,119.12,1
644,17,213,96,1240,130.25,1
645,1,566,448,2731,286.87,1
645,2,370,444,7350,772.06,1
645,4,934,447,2370,248.95,1
645,7,1065,79,520,54.62,1
645,10,706,449,1151,120.9,1
645,17,212,95,1262,132.56,1
645,21,616,6,466,48.95,0
646,1,567,448,2760,289.92,1
646,2,370,445,7632,801.68,1
646,4,934,447,2444,256.72,1
646,7,1066,82,535,56.2,1
646,10,706,449,1162,122.06,1
646,17,211,96,1143,120.06,1
646,21,615,17,1365,143.38,0
647,1,567,448,2726,286.34,1
647,2,370,445,7457,783.3,1
647,4,934,447,2465,258.93,1
647,7,1067,84,518,54.41,1
647,10,706,449,1130,118.7,1
647,17,209,94,1252,131.51,1
647,21,615,38,1502,157.77,1
648,1,569,448,2841,298.42,1
648,2,370,444,7188,755.04,1
648,4,934,447,2426,254.83,1
648,7,1068,87,529,55.57,1
648,10,706,449,1146,120.38,1
648,17,208,94,1019,107.04,1
648,21,615,61,1512,158.82,1
649,1,569,448,2887,303.26,1
649,2,369,445,7443,781.83,1
649,4,934,447,2446,256.93,1
649,7,1069,90,536,56.3,1
649,10,706,449,1164,122.27,1
649,17,206,93,1039,109.14,1
649,21,615,84,1551,162.92,1
650,1,567,448,2740,287.82,1
650,2,369,445,7595,797.79,1
650,4,934,447,2454,257.77,1
650,7,1069,93,522,54.83,1
650,10,706,449,1144,120.17,1
650,17,204,92,1181,124.05,1
650,21,615,106,1569,164.81,1
651,1,569,448,2840,298.32,1
651,2,370,444,7657,804.31,1
651,4,935,447,2431,255.36,1
651,7,1071,95,547,57.46,1
651,10,706,449,1138,119.54,1
651,17,203,91,1234,129.62,1
651,21,615,129,1613,169.43,1
652,1,569,448,2846,298.95,1
652,2,371,444,7661,804.73,1
652,4,934,447,2419,254.1,1
652,7,1071,98,533,55.99,1
652,10,706,449,1122,117.86,1
652,17,202,93,981,103.05,1
652,21,615,152,1642,172.48,1
653,1,568,448,2846,298.95,1
653,2,371,444,7765,815.65,1
653,4,935,447,2408,252.94,1
653,7,1072,101,541,56.83,1
653,10,706,449,1144,120.17,1
653,17,201,94,902,94.75,1
653,21,615,174,1646,172.9,1
654,1,569,448,2909,305.57,1
654,2,371,444,7928,832.77,1
654,4,934,447,2416,253.78,1
654,7,1073,104,544,57.14,1
654,10,706,449,1157,121.53,1
654,17,199,92,947,99.47,1
654,21,615,197,1642,172.48,1
655,1,569,448,2877,302.21,1
655,2,371,444,7984,838.66,1
655,4,934,447,2392,251.26,1
655,7,1074,107,548,57.56,1
655,10,706,449,1164,122.27,1
655,17,197,92,944,99.16,1
655,21,615,220,1619,170.06,1
656,1,569,448,2872,301.68,1
656,2,372,443,8023,842.75,1
656,4,934,446,2387,250.74,1
656,7,1075,110,557,58.51,1
656,10,706,449,1177,123.63,1
656,17,196,92,923,96.95,1
656,21,615,243,1636,171.85,1
657,1,569,448,2862,300.63,1
657,2,373,443,7859,825.53,1
657,4,933,446,2377,249.68,1
657,7,1076,113,552,57.98,1
657,10,706,449,1133,119.01,1
657,17,195,92,873,91.7,1
657,21,615,266,1632,171.43,1
658,1,568,448,2905,305.15,1
658,2,373,443,7957,835.82,1
658,4,934,447,2458,258.19,1
658,7,1077,117,557,58.51,1
658,10,706,449,1160,121.85,1
658,17,194,92,887,93.17,1
658,21,615,289,1650,173.32,1
659,1,569,448,2901,304.73,1
659,2,373,443,7888,828.57,1
659,4,934,447,2468,259.24,1
659,7,1077,120,558,58.61,1
659,10,706,449,1141,119.85,1
659,17,193,92,870,91.39,1
659,21,615,312,1639,172.16,1
660,1,568,448,2878,302.31,1
660,2,374,443,7851,824.68,1
660,4,934,447,2373,249.26,1
660,7,1079,123,558,58.61,1
660,10,706,449,1158,121.64,1
660,17,191,93,856,89.92,1
660,21,615,335,1657,174.05,1
661,1,569,448,2895,304.1,1
661,2,375,443,7916,831.51,1
661,4,934,447,2453,257.67,1
661,7,1079,127,556,58.4,1
661,10,706,449,1157,121.53,1
661,17,189,93,832,87.39,1
661,21,615,359,1656,173.95,1
662,1,568,448,2942,309.03,1
662,2,375,443,7937,833.72,1
662,4,934,447,2494,261.97,1
662,7,1080,130,568,59.66,1
662,10,706,449,1176,123.53,1
662,17,187,94,868,91.18,1
662,21,615,382,1675,175.95,1
663,1,569,448,2929,307.67,1
663,2,375,443,7880,827.73,1
663,4,934,447,2452,257.56,1
663,7,1081,134,555,58.3,1
663,10,706,449,1175,123.42,1
663,17,186,94,821,86.24,1
663,21,615,404,1609,169.01,1
664,1,583,441,4171,438.13,1
664,2,376,443,7868,826.47,1
664,4,934,447,2482,260.71,1
664,7,1082,138,557,58.51,1
664,10,706,449,1135,119.22,1
664,17,184,94,796,83.61,1
665,1,579,447,3645,382.88,1
665,2,375,443,7828,822.27,1
665,4,934,447,2468,259.24,1
665,7,1083,141,564,59.24,1
665,10,706,449,1156,121.43,1
665,17,183,95,791,83.09,1
666,1,578,448,3475,365.02,1
666,2,375,444,7766,815.76,1
666,4,934,447,2469,259.35,1
666,7,1084,145,540,56.72,1
666,10,706,449,1144,120.17,1
666,17,182,96,787,82.67,1
667,1,579,448,3540,371.85,1
667,2,375,444,7721,811.03,1
667,4,934,447,2441,256.41,1
667,7,1085,149,559,58.72,1
667,10,706,449,1149,120.69,1
667,17,181,96,739,77.63,1
668,1,582,445,3907,410.4,1
668,2,375,444,7670,805.67,1
668,4,934,447,2410,253.15,1
668,7,1086,153,558,58.61,1
668,10,706,449,1156,121.43,1
668,17,179,97,698,73.32,1
669,1,585,442,4170,438.03,1
669,2,375,444,7626,801.05,1
669,4,934,447,2463,258.72,1
669,7,1087,157,566,59.45,1
669,10,706,449,1148,120.59,1
669,17,177,97,694,72.9,1
670,1,586,440,4409,463.13,1
670,2,375,444,7637,802.21,1
670,4,934,447,2475,259.98,1
670,7,1087,161,563,59.14,1
670,10,706,449,1169,122.79,1
670,17,179,99,567,59.56,1
670,22,557,3,205,21.53,0
671,1,586,440,4374,459.45,1
671,2,375,444,7521,790.02,1
671,4,934,446,2352,247.06,1
671,7,1088,165,565,59.35,1
671,10,706,449,1147,120.48,1
671,17,177,100,578,60.71,1
671,22,558,4,331,34.77,0
672,1,586,441,4333,455.15,1
672,2,376,445,7605,798.84,1
672,4,934,447,2407,252.84,1
672,7,1089,170,585,61.45,1
672,10,706,449,1175,123.42,1
672,17,176,101,616,64.71,1
672,22,560,6,480,50.42,0
673,1,585,443,4183,439.39,1
673,2,376,445,7477,785.4,1
673,4,934,447,2393,251.37,1
673,7,1090,174,580,60.92,1
673,10,706,449,1164,122.27,1
673,17,175,102,574,60.29,1
673,22,561,7,633,66.49,0
674,1,583,445,3956,415.55,1
674,2,376,444,7528,790.76,1
674,4,933,447,2399,252.0,1
674,7,1091,179,575,60.4,1
674,10,706,449,1161,121.95,1
674,17,174,103,539,56.62,1
674,22,562,9,800,84.03,0
675,1,581,447,3595,377.63,1
675,2,376,444,7564,794.54,1
675,4,934,446,2381,250.11,1
675,7,1092,183,573,60.19,1
675,10,706,449,1173,123.21,1
675,17,172,104,512,53.78,1
675,22,563,10,938,98.53,0
676,1,579,448,3437,361.03,1
676,2,376,444,7649,803.47,1
676,4,934,446,2431,255.36,1
676,7,1093,187,580,60.92,1
676,10,706,449,1167,122.58,1
676,17,172,105,479,50.32,1
676,22,564,12,1066,111.97,0
677,1,580,448,3612,379.41,1
677,2,376,444,7732,812.18,1
677,4,934,447,2419,254.1,1
677,7,1094,192,574,60.29,1
677,10,706,449,1182,124.16,1
677,17,170,106,465,48.84,1
677,22,565,14,1215,127.63,0
678,1,582,446,3884,407.98,1
678,2,376,444,7755,814.6,1
678,4,934,447,2469,259.35,1
678,7,1094,197,579,60.82,1
678,10,706,449,1158,121.64,1
678,17,167,109,583,61.24,1
678,22,566,16,1487,156.2,0
679,1,583,444,3994,419.54,1
679,2,376,444,7669,805.57,1
679,4,934,447,2385,250.53,1
679,7,1095,201,573,60.19,1
679,10,706,449,1154,121.22,1
679,17,167,109,440,46.22,1
679,22,567,18,1637,171.95,0
680,1,582,445,3894,409.03,1
680,2,376,444,7586,796.85,1
680,4,934,446,2324,244.12,1
680,7,1096,206,576,60.5,1
680,10,706,449,1154,121.22,1
680,17,165,110,413,43.38,1
680,22,569,20,1777,186.66,0
681,1,581,446,3785,397.58,1
681,2,375,444,7709,809.77,1
681,4,934,447,2442,256.51,1
681,7,1097,211,589,61.87,1
681,10,706,449,1156,121.43,1
681,17,164,111,428,44.96,1
681,22,570,23,1870,196.43,0
682,1,579,447,3581,376.16,1
682,2,375,443,7639,802.42,1
682,4,934,446,2372,249.16,1
682,7,1098,216,584,61.34,1
682,10,706,449,1132,118.91,1
682,17,161,114,486,51.05,1
682,22,571,27,1860,195.38,0
683,1,579,448,3502,367.86,1
683,2,374,444,7748,813.87,1
683,4,934,447,2439,256.2,1
683,7,1099,221,595,62.5,1
683,10,706,449,1160,121.85,1
683,17,160,116,470,49.37,1
683,22,572,31,1846,193.91,1
684,1,580,447,3639,382.25,1
684,2,374,443,7682,806.93,1
684,4,934,447,2410,253.15,1
684,7,1100,226,596,62.61,1
684,10,706,449,1150,120.8,1
684,17,159,118,384,40.34,1
684,22,574,35,1848,194.12,1
685,1,582,446,3832,402.52,1
685,2,373,443,7726,811.55,1
685,4,934,447,2449,257.25,1
685,7,1101,231,597,62.71,1
685,10,706,449,1183,124.26,1
685,17,157,119,460,48.32,1
685,22,575,40,1855,194.85,1
686,1,582,446,3913,411.03,1
686,2,373,443,7768,815.97,1
686,4,934,447,2504,263.03,1
686,7,1101,236,607,63.76,1
686,10,706,449,1164,122.27,1
686,17,156,121,408,42.86,1
686,22,576,44,1861,195.48,1
687,1,582,446,3826,401.89,1
687,2,372,443,7784,817.65,1
687,4,934,447,2478,260.29,1
687,7,1102,242,575,60.4,1
687,10,706,449,1162,122.06,1
687,17,155,124,335,35.19,1
687,22,577,48,1846,193.91,1
688,1,581,447,3729,391.7,1
688,2,372,443,7800,819.33,1
688,4,934,447,2501,262.71,1
688,7,1103,247,585,61.45,1
688,10,706,449,1158,121.64,1
688,17,153,126,351,36.87,1
688,22,578,53,1844,193.7,1
689,1,580,448,3549,372.79,1
689,2,372,444,7814,820.8,1
689,4,934,447,2474,259.87,1
689,7,1104,253,576,60.5,1
689,10,706,449,1160,121.85,1
689,17,151,129,328,34.45,1
689,22,580,58,1829,192.12,1
690,1,580,448,3576,375.63,1
690,2,372,444,7771,816.28,1
690,4,934,447,2473,259.77,1
690,7,1105,258,592,62.18,1
690,10,706,449,1163,122.16,1
690,17,149,132,336,35.29,1
690,22,581,62,1827,191.91,1
691,1,581,447,3726,391.39,1
691,2,371,444,7729,811.87,1
691,4,934,446,2332,244.96,1
691,7,1106,264,581,61.03,1
691,10,706,449,1162,122.06,1
691,17,149,132,276,28.99,1
691,22,582,67,1835,192.75,1
692,1,582,446,3823,401.58,1
692,2,371,444,7831,822.58,1
692,4,934,447,2420,254.2,1
692,7,1107,269,579,60.82,1
692,10,706,449,1158,121.64,1
692,17,147,134,277,29.1,1
692,22,583,72,1839,193.17,1
693,1,581,446,3826,401.89,1
693,2,371,444,7752,814.29,1
693,4,934,447,2399,252.0,1
693,7,1108,275,592,62.18,1
693,10,706,449,1179,123.84,1
693,17,145,137,340,35.71,1
693,22,584,76,1846,193.91,1
694,1,580,447,3648,383.19,1
694,2,371,444,7763,815.44,1
694,4,934,447,2439,256.2,1
694,7,1109,281,597,62.71,1
694,10,706,449,1161,121.95,1
694,17,144,141,294,30.88,1
694,22,585,81,1853,194.64,1
695,1,579,448,3544,372.27,1
695,2,371,444,7705,809.35,1
695,4,934,447,2393,251.37,1
695,7,1109,286,582,61.13,1
695,10,706,449,1167,122.58,1
695,17,142,142,254,26.68,1
695,22,587,86,1859,195.27,1
696,1,579,448,3551,373.0,1
696,2,371,444,7658,804.41,1
696,4,934,447,2425,254.73,1
696,7,1110,292,580,60.92,1
696,10,706,449,1177,123.63,1
696,22,588,91,1857,195.06,1
697,1,581,447,3729,391.7,1
697,2,371,444,7680,806.72,1
697,4,934,447,2496,262.18,1
697,7,1111,298,597,62.71,1
697,10,706,449,1165,122.37,1
697,22,589,96,1841,193.38,1
697,23,139,147,320,33.61,1
698,1,582,446,3821,401.37,1
698,2,371,444,7600,798.32,1
698,4,934,447,2444,256.72,1
698,7,1112,304,590,61.97,1
698,10,706,449,1176,123.53,1
698,22,590,101,1843,193.59,1
699,1,582,446,3809,400.11,1
699,2,371,444,7674,806.09,1
699,4,934,447,2450,257.35,1
699,7,1113,311,598,62.82,1
699,10,706,449,1179,123.84,1
699,22,591,106,1848,194.12,1
699,24,137,152,176,18.49,1
700,1,581,447,3740,392.86,1
700,2,371,444,7666,805.25,1
700,4,934,447,2419,254.1,1
700,7,1114,317,591,62.08,1
700,10,706,449,1165,122.37,1
700,22,593,112,1867,196.11,1
701,1,581,448,3632,381.51,1
701,2,371,444,7663,804.94,1
701,4,934,447,2422,254.41,1
701,7,1115,323,568,59.66,1
701,10,706,449,1162,122.06,1
701,22,594,117,1867,196.11,1
701,25,133,159,187,19.64,1
702,1,580,448,3596,377.73,1
702,2,371,444,7728,811.76,1
702,4,934,447,2411,253.26,1
702,7,1116,329,554,58.19,1
702,10,706,449,1154,121.22,1
702,22,595,123,1877,197.16,1
702,25,132,164,187,19.64,1
703,1,580,447,3656,384.03,1
703,2,371,444,7632,801.68,1
703,4,934,446,2328,244.54,1
703,7,1117,336,548,57.56,1
703,10,706,449,1156,121.43,1
703,22,596,128,1853,194.64,1
704,1,581,447,3816,400.84,1
704,2,371,444,7774,816.6,1
704,4,934,447,2467,259.14,1
704,7,1117,342,562,59.03,1
704,10,706,449,1163,122.16,1
704,22,597,134,1863,195.69,1
705,1,581,446,3778,396.85,1
705,2,371,444,7662,804.83,1
705,4,934,447,2464,258.82,1
705,7,1118,349,535,56.2,1
705,10,706,449,1156,121.43,1
705,22,599,139,1864,195.8,1
706,1,580,447,3665,384.98,1
706,2,371,443,7628,801.26,1
706,4,934,447,2462,258.61,1
706,7,1120,356,561,58.93,1
706,10,706,449,1139,119.64,1
706,22,600,145,1877,197.16,1
707,1,579,447,3546,372.48,1
707,2,371,443,7641,802.63,1
707,4,934,446,2340,245.8,1
707,7,1120,362,520,54.62,1
707,10,706,449,1141,119.85,1
707,22,601,151,1879,197.37,1
708,1,579,447,3535,371.32,1
708,2,371,444,7711,809.98,1
708,4,934,447,2423,254.52,1
708,7,1121,369,536,56.3,1
708,10,706,449,1162,122.06,1
708,22,602,157,1876,197.06,1
709,1,581,447,3699,388.55,1
709,2,372,444,7686,807.35,1
709,4,934,447,2402,252.31,1
709,7,1122,376,532,55.88,1
709,10,706,449,1172,123.11,1
709,22,603,162,1883,197.79,1
710,1,582,447,3799,399.05,1
710,2,372,443,7669,805.57,1
710,4,934,447,2417,253.89,1
710,7,1123,382,504,52.94,1
710,10,706,449,1147,120.48,1
710,22,604,168,1880,197.48,1
711,1,582,446,3716,390.34,1
711,2,372,444,7680,806.72,1
711,4,934,447,2373,249.26,1
711,7,1124,389,494,51.89,1
711,10,706,449,1143,120.06,1
711,22,606,174,1870,196.43,1
712,1,582,447,3711,389.81,1
712,2,373,444,7730,811.97,1
712,4,934,446,2366,248.53,1
712,7,1125,396,521,54.73,1
712,10,706,449,1133,119.01,1
712,22,607,181,1876,197.06,1
713,1,580,448,3642,382.56,1
713,2,373,444,7771,816.28,1
713,4,934,447,2425,254.73,1
713,7,1125,403,470,49.37,1
713,10,706,449,1155,121.32,1
713,22,608,187,1887,198.21,1
714,1,580,447,3573,375.32,1
714,2,373,443,7570,795.17,1
714,4,934,446,2373,249.26,1
714,7,1126,410,439,46.11,1
714,10,706,449,1156,121.43,1
714,22,609,193,1891,198.63,1
715,1,581,447,3678,386.34,1
715,2,374,444,7665,805.15,1
715,4,934,446,2399,252.0,1
715,7,1127,417,447,46.95,1
715,10,706,449,1157,121.53,1
715,22,610,199,1883,197.79,1
716,1,581,447,3763,395.27,1
716,2,374,444,7728,811.76,1
716,4,934,447,2463,258.72,1
716,7,1128,424,446,46.85,1
716,10,706,449,1166,122.48,1
716,22,612,206,1886,198.11,1
717,1,581,447,3820,401.26,1
717,2,374,444,7754,814.5,1
717,4,934,447,2412,253.36,1
717,7,1129,432,450,47.27,1
717,10,706,449,1165,122.37,1
717,22,613,212,1884,197.9,1
718,1,581,447,3711,389.81,1
718,2,374,444,7675,806.2,1
718,4,934,447,2418,253.99,1
718,7,1130,438,374,39.29,1
718,10,706,449,1166,122.48,1
718,22,614,219,1882,197.69,1
719,1,580,447,3550,372.9,1
719,2,374,444,7636,802.1,1
719,4,933,446,2338,245.59,1
719,7,1127,443,209,21.95,1
719,10,706,449,1138,119.54,1
719,22,615,225,1875,196.95,1
720,1,580,448,3634,381.72,1
720,2,374,444,7775,816.7,1
720,4,934,447,2475,259.98,1
720,7,1126,448,248,26.05,1
720,10,706,449,1164,122.27,1
720,22,616,232,1883,197.79,1
721,1,581,447,3686,387.18,1
721,2,375,444,7730,811.97,1
721,4,934,447,2427,254.94,1
721,7,1131,443,398,41.81,1
721,10,706,449,1157,121.53,1
721,22,617,239,1886,198.11,1
722,1,581,447,3752,394.12,1
722,2,375,444,7637,802.21,1
722,4,934,447,2434,255.67,1
722,7,1130,437,281,29.52,1
722,10,706,449,1150,120.8,1
722,22,619,246,1888,198.32,1
723,1,582,447,3751,394.01,1
723,2,375,444,7644,802.94,1
723,4,934,447,2386,250.63,1
723,7,1129,437,251,26.37,1
723,10,706,449,1146,120.38,1
723,22,620,252,1882,197.69,1
724,1,581,447,3693,387.92,1
724,2,375,444,7684,807.14,1
724,4,934,447,2442,256.51,1
724,7,1131,446,416,43.7,1
724,10,706,449,1158,121.64,1
724,22,621,260,1891,198.63,1
725,1,580,447,3612,379.41,1
725,2,375,444,7643,802.84,1
725,4,934,447,2400,252.1,1
725,7,1127,449,299,31.41,1
725,10,706,449,1166,122.48,1
725,22,622,267,1895,199.05,1
726,1,580,447,3605,378.68,1
726,2,375,444,7704,809.24,1
726,4,934,447,2430,255.25,1
726,7,1129,445,306,32.14,1
726,10,706,449,1159,121.74,1
726,22,623,274,1890,198.53,1
727,1,581,447,3725,391.28,1
727,2,375,444,7725,811.45,1
727,4,934,447,2376,249.58,1
727,7,1127,438,277,29.1,1
727,10,706,449,1170,122.9,1
727,22,625,281,1884,197.9,1
728,1,581,447,3759,394.85,1
728,2,375,444,7615,799.89,1
728,4,934,447,2421,254.31,1
728,7,1127,438,258,27.1,1
728,10,706,449,1152,121.01,1
728,22,626,288,1882,197.69,1
729,1,581,447,3748,393.7,1
729,2,375,444,7823,821.74,1
729,4,934,447,2409,253.05,1
729,7,1130,445,402,42.23,1
729,10,706,449,1172,123.11,1
729,22,627,295,1895,199.05,1
730,1,580,447,3623,380.57,1
730,2,375,444,7598,798.11,1
730,4,934,447,2343,246.11,1
730,7,1126,448,239,25.11,1
730,10,706,449,1142,119.96,1
730,22,628,303,1895,199.05,1
731,1,580,447,3581,376.16,1
731,2,375,443,7605,798.84,1
731,4,934,447,2378,249.79,1
731,7,1127,444,281,29.52,1
731,10,706,449,1120,117.65,1
731,22,629,310,1886,198.11,1
732,1,580,447,3581,376.16,1
732,2,375,443,7631,801.58,1
732,4,934,446,2363,248.21,1
732,7,1128,442,303,31.83,1
732,10,706,449,1175,123.42,1
732,22,630,317,1897,199.26,1
733,1,580,447,3645,382.88,1
733,2,375,443,7637,802.21,1
733,4,934,446,2369,248.84,1
733,7,1129,440,311,32.67,1
733,10,706,449,1152,121.01,1
733,22,632,325,1902,199.79,1
734,1,581,447,3742,393.07,1
734,2,375,444,7694,808.19,1
734,4,934,446,2394,251.47,1
734,7,1130,447,445,46.74,1
734,10,706,449,1162,122.06,1
734,22,633,333,1909,200.53,1
735,1,581,447,3703,388.97,1
735,2,375,443,7616,800.0,1
735,4,934,447,2433,255.57,1
735,7,1127,447,212,22.27,1
735,10,706,449,1147,120.48,1
735,22,634,340,1896,199.16,1
736,1,581,447,3725,391.28,1
736,2,375,444,7765,815.65,1
736,4,934,447,2420,254.2,1
736,7,1130,447,509,53.47,1
736,10,706,449,1152,121.01,1
736,22,635,348,1914,201.05,1
737,1,580,448,3629,381.2,1
737,2,374,444,7724,811.34,1
737,4,934,447,2414,253.57,1
737,7,1128,439,295,30.99,1
737,10,706,449,1161,121.95,1
737,22,636,356,1917,201.37,1
738,1,581,447,3624,380.67,1
738,2,374,444,7656,804.2,1
738,4,934,447,2377,249.68,1
738,7,1128,444,354,37.18,1
738,10,706,449,1146,120.38,1
738,22,638,364,1920,201.68,1
739,1,581,447,3646,382.98,1
739,2,374,444,7598,798.11,1
739,4,934,447,2354,247.27,1
739,7,1130,446,329,34.56,1
739,10,706,449,1126,118.28,1
739,22,639,372,1912,200.84,1
740,1,581,447,3709,389.6,1
740,2,373,444,7771,816.28,1
740,4,934,447,2425,254.73,1
740,7,1129,447,304,31.93,1
740,10,706,449,1156,121.43,1
740,22,640,380,1927,202.42,1
741,1,581,447,3687,387.29,1
741,2,374,444,7690,807.77,1
741,4,934,447,2368,248.74,1
741,7,1129,442,256,26.89,1
741,10,706,449,1162,122.06,1
741,22,641,388,1919,201.58,1
742,1,580,447,3646,382.98,1
742,2,373,444,7743,813.34,1
742,4,934,446,2339,245.69,1
742,7,1131,441,391,41.07,1
742,10,706,449,1171,123.0,1
742,22,642,396,1915,201.16,1
743,1,580,447,3570,375.0,1
743,2,373,444,7475,785.19,1
743,4,934,447,2406,252.73,1
743,7,1129,441,289,30.36,1
743,10,706,449,1145,120.27,1
743,22,643,404,1900,199.58,1
744,1,602,435,5538,581.72,1
744,2,372,444,7646,803.15,1
744,4,934,446,2367,248.63,1
744,7,1129,448,336,35.29,1
744,10,706,449,1156,121.43,1
745,1,602,438,5495,577.21,1
745,2,373,444,7685,807.25,1
745,4,934,447,2414,253.57,1
745,7,1127,447,307,32.25,1
745,10,706,449,1178,123.74,1
746,1,603,442,5536,581.51,1
746,2,372,444,7541,792.12,1
746,4,933,447,2368,248.74,1
746,7,1128,443,304,31.93,1
746,10,706,449,1156,121.43,1
747,1,602,444,5317,558.51,1
747,2,372,444,7571,795.27,1
747,4,934,446,2358,247.69,1
747,7,1127,441,305,32.04,1
747,10,706,449,1141,119.85,1
748,1,599,446,4756,499.58,1
748,2,372,444,7615,799.89,1
748,4,934,446,2368,248.74,1
748,7,1130,445,451,47.37,1
748,10,706,449,1154,121.22,1
749,1,621,447,5990,629.2,1
749,2,372,444,7650,803.57,1
749,4,934,447,2408,252.94,1
749,7,1126,446,240,25.21,1
750,1,621,447,6184,649.58,1
750,2,371,444,7644,802.94,1
750,4,933,447,2419,254.1,1
750,7,1127,445,274,28.78,1
751,1,604,445,5319,558.72,1
751,2,372,444,7633,801.79,1
751,4,934,446,2360,247.9,1
751,7,1128,443,293,30.78,1
751,26,706,449,1163,122.16,1
752,1,606,443,5663,594.85,1
752,2,372,444,7759,815.02,1
752,4,934,447,2405,252.63,1
752,7,1128,443,279,29.31,1
752,26,706,449,1169,122.79,1
753,1,606,442,5759,604.94,1
753,2,372,444,7738,812.82,1
753,4,934,447,2427,254.94,1
753,7,1130,445,354,37.18,1
753,26,706,449,1144,120.17,1
754,1,607,441,5806,609.87,1
754,2,372,444,7713,810.19,1
754,4,934,447,2464,258.82,1
754,7,1127,445,257,27.0,1
754,26,706,449,1169,122.79,1
755,1,608,441,5756,604.62,1
755,2,371,444,7725,811.45,1
755,4,934,447,2398,251.89,1
755,7,1127,445,293,30.78,1
755,26,706,449,1137,119.43,1
756,1,608,441,5714,600.21,1
756,2,371,444,7754,814.5,1
756,4,934,447,2465,258.93,1
756,7,1130,443,395,41.49,1
756,26,706,449,1165,122.37,1
757,1,605,442,5591,587.29,1
757,2,371,444,7794,818.7,1
757,4,934,447,2437,255.99,1
757,7,1127,443,299,31.41,1
757,26,706,449,1164,122.27,1
758,1,606,443,5574,585.5,1
758,2,371,444,7806,819.96,1
758,4,934,447,2475,259.98,1
758,7,1130,447,453,47.58,1
758,26,706,449,1178,123.74,1
759,1,604,445,5250,551.47,1
759,2,371,444,7687,807.46,1
759,4,934,447,2442,256.51,1
759,7,1129,445,291,30.57,1
759,26,706,449,1148,120.59,1
760,1,601,447,4917,516.49,1
760,2,372,444,7737,812.71,1
760,4,934,447,2409,253.05,1
760,7,1130,443,357,37.5,1
760,26,706,449,1148,120.59,1
761,1,600,447,4821,506.41,1
761,2,372,444,7740,813.03,1
761,4,934,447,2377,249.68,1
761,7,1130,446,412,43.28,1
761,26,706,449,1168,122.69,1
762,1,601,446,5025,527.84,1
762,2,372,444,7695,808.3,1
762,4,934,447,2379,249.89,1
762,7,1130,446,388,40.76,1
762,26,706,449,1159,121.74,1
763,1,600,444,4977,522.79,1
763,2,372,444,7666,805.25,1
763,4,933,447,2420,254.2,1
763,7,1130,447,356,37.39,1
763,26,706,449,1155,121.32,1
764,1,602,443,5290,555.67,1
764,2,372,444,7631,801.58,1
764,4,934,446,2399,252.0,1
764,7,1130,446,376,39.5,1
764,26,706,449,1162,122.06,1
765,1,603,442,5445,571.95,1
765,2,372,444,7694,808.19,1
765,4,934,447,2415,253.68,1
765,7,1127,445,303,31.83,1
765,26,706,449,1178,123.74,1
766,1,603,442,5381,565.23,1
766,2,372,444,7629,801.37,1
766,4,934,446,2374,249.37,1
766,7,1127,442,262,27.52,1
766,26,706,449,1167,122.58,1
767,1,600,443,5057,531.2,1
767,2,372,444,7586,796.85,1
767,4,934,446,2385,250.53,1
767,7,1128,445,302,31.72,1
767,26,706,449,1147,120.48,1
768,1,600,445,5057,531.2,1
768,2,372,444,7733,812.29,1
768,4,934,447,2472,259.66,1
768,7,1130,446,361,37.92,1
768,26,706,449,1161,121.95,1
769,1,601,446,5073,532.88,1
769,2,373,444,7728,811.76,1
769,4,934,447,2461,258.51,1
769,7,1129,443,318,33.4,1
769,26,706,449,1158,121.64,1
770,1,600,446,4884,513.03,1
770,2,373,444,7659,804.52,1
770,4,934,447,2392,251.26,1
770,7,1129,441,267,28.05,1
770,26,706,449,1166,122.48,1
771,1,601,446,4938,518.7,1
771,2,373,444,7560,794.12,1
771,4,934,447,2413,253.47,1
771,7,1128,444,311,32.67,1
771,26,706,449,1146,120.38,1
772,1,602,445,5165,542.54,1
772,2,373,444,7625,800.95,1
772,4,934,447,2419,254.1,1
772,7,1131,447,471,49.47,1
772,26,706,449,1165,122.37,1
773,1,604,444,5310,557.77,1
773,2,374,444,7627,801.16,1
773,4,934,447,2394,251.47,1
773,7,1129,443,287,30.15,1
773,26,706,449,1168,122.69,1
774,1,603,443,5291,555.78,1
774,2,374,444,7603,798.63,1
774,4,934,446,2363,248.21,1
774,7,1130,444,383,40.23,1
774,26,706,449,1162,122.06,1
775,1,605,443,5501,577.84,1
775,2,374,444,7651,803.68,1
775,4,934,447,2385,250.53,1
775,7,1127,443,269,28.26,1
775,26,706,449,1160,121.85,1
776,1,603,443,5384,565.55,1
776,2,374,444,7697,808.51,1
776,4,934,447,2419,254.1,1
776,7,1130,446,387,40.65,1
776,26,706,449,1191,125.11,1
777,1,603,444,5273,553.89,1
777,2,374,444,7731,812.08,1
777,4,934,447,2484,260.92,1
777,7,1130,447,455,47.79,1
777,26,706,449,1174,123.32,1
778,1,603,445,5245,550.95,1
778,2,374,444,7732,812.18,1
778,4,934,447,2449,257.25,1
778,7,1129,447,384,40.34,1
778,26,706,449,1152,121.01,1
779,1,602,446,5036,528.99,1
779,2,375,444,7745,813.55,1
779,4,934,447,2413,253.47,1
779,7,1129,445,361,37.92,1
779,26,706,449,1179,123.84,1
780,1,601,446,4943,519.22,1
780,2,375,444,7732,812.18,1
780,4,934,447,2432,255.46,1
780,7,1128,446,336,35.29,1
780,26,706,449,1157,121.53,1
781,1,601,446,5029,528.26,1
781,2,374,444,7674,806.09,1
781,4,934,447,2478,260.29,1
781,7,1129,447,345,36.24,1
781,26,706,449,1168,122.69,1
782,1,602,445,5229,549.26,1
782,2,375,444,7693,808.09,1
782,4,934,447,2439,256.2,1
782,7,1131,447,469,49.26,1
782,26,706,449,1180,123.95,1
783,1,601,444,5095,535.19,1
783,2,375,444,7650,803.57,1
783,4,934,447,2377,249.68,1
783,7,1129,445,330,34.66,1
783,26,706,449,1165,122.37,1
784,1,602,443,5278,554.41,1
784,2,375,444,7765,815.65,1
784,4,934,447,2426,254.83,1
784,7,1128,444,315,33.09,1
784,26,706,449,1162,122.06,1
785,1,602,443,5223,548.63,1
785,2,374,444,7695,808.3,1
785,4,934,447,2465,258.93,1
785,7,1127,445,306,32.14,1
785,26,706,449,1156,121.43,1
786,1,600,444,5060,531.51,1
786,2,375,444,7786,817.86,1
786,4,934,446,2398,251.89,1
786,7,1128,445,273,28.68,1
786,26,706,449,1154,121.22,1
787,1,602,445,5167,542.75,1
787,2,374,444,7630,801.47,1
787,4,934,447,2434,255.67,1
787,7,1129,447,338,35.5,1
787,26,706,449,1163,122.16,1
788,1,601,446,5052,530.67,1
788,2,374,444,7763,815.44,1
788,4,934,447,2447,257.04,1
788,7,1128,444,326,34.24,1
788,26,706,449,1157,121.53,1
789,1,600,446,4955,520.48,1
789,2,374,444,7750,814.08,1
789,4,934,447,2439,256.2,1
789,7,1130,444,369,38.76,1
789,26,706,449,1142,119.96,1
790,1,601,446,4985,523.63,1
790,2,374,444,7725,811.45,1
790,4,934,447,2481,260.61,1
790,7,1128,443,241,25.32,1
790,26,706,449,1134,119.12,1
791,1,602,445,5145,540.44,1
791,2,374,444,7653,803.89,1
791,4,934,446,2395,251.58,1
791,7,1128,445,265,27.84,1
791,26,706,449,1164,122.27,1
792,1,602,444,5135,539.39,1
792,2,374,444,7733,812.29,1
792,4,934,447,2416,253.78,1
792,7,1130,443,337,35.4,1
792,26,706,449,1183,124.26,1
793,1,602,443,5198,546.01,1
793,2,374,444,7706,809.45,1
793,4,934,447,2437,255.99,1
793,7,1127,443,267,28.05,1
793,26,706,449,1169,122.79,1
794,1,603,443,5206,546.85,1
794,2,374,444,7633,801.79,1
794,4,934,447,2391,251.16,1
794,7,1131,446,495,52.0,1
794,26,706,449,1171,123.0,1
795,1,602,443,5147,540.65,1
795,2,374,444,7666,805.25,1
795,4,934,447,2415,253.68,1
795,7,1130,444,294,30.88,1
795,26,706,449,1163,122.16,1
796,1,603,445,5360,563.03,1
796,2,374,444,7692,807.98,1
796,4,934,447,2439,256.2,1
796,7,1129,447,406,42.65,1
796,26,706,449,1159,121.74,1
797,1,602,446,5249,551.37,1
797,2,374,444,7697,808.51,1
797,4,934,447,2464,258.82,1
797,7,1131,445,489,51.37,1
797,26,706,449,1171,123.0,1
798,1,601,446,5089,534.56,1
798,2,373,444,7604,798.74,1
798,4,934,447,2382,250.21,1
798,7,1129,446,406,42.65,1
798,26,706,449,1157,121.53,1
799,1,601,446,5085,534.14,1
799,2,373,444,7661,804.73,1
799,4,934,447,2457,258.09,1
799,7,1129,446,359,37.71,1
799,26,706,449,1185,124.47,1
800,1,602,446,5191,545.27,1
800,2,373,444,7687,807.46,1
800,4,934,447,2421,254.31,1
800,7,1130,447,479,50.32,1
800,26,706,449,1183,124.26,1
801,1,602,444,5195,545.69,1
801,2,373,444,7630,801.47,1
801,4,934,446,2325,244.22,1
801,7,1129,446,387,40.65,1
801,26,706,449,1169,122.79,1
802,1,601,444,5098,535.5,1
802,2,373,444,7755,814.6,1
802,4,934,447,2420,254.2,1
802,7,1129,444,357,37.5,1
802,26,706,449,1160,121.85,1
803,1,601,443,5149,540.86,1
803,2,373,444,7709,809.77,1
803,4,934,446,2333,245.06,1
803,7,1128,444,268,28.15,1
803,26,706,449,1154,121.22,1
804,1,601,444,5115,537.29,1
804,2,373,444,7710,809.87,1
804,4,934,447,2445,256.83,1
804,7,1131,446,448,47.06,1
804,26,706,449,1168,122.69,1
805,1,602,445,5215,547.79,1
805,2,372,444,7689,807.67,1
805,4,934,446,2394,251.47,1
805,7,1127,443,254,26.68,1
805,26,706,449,1170,122.9,1
806,1,601,446,5126,538.45,1
806,2,373,444,7816,821.01,1
806,4,934,446,2374,249.37,1
806,7,1129,446,386,40.55,1
806,26,706,449,1171,123.0,1
807,1,600,446,5003,525.53,1
807,2,372,444,7698,808.61,1
807,4,934,446,2391,251.16,1
807,7,1126,445,284,29.83,1
807,26,706,449,1167,122.58,1
808,1,600,446,4980,523.11,1
808,2,372,444,7766,815.76,1
808,4,934,447,2420,254.2,1
808,7,1129,447,394,41.39,1
808,26,706,449,1173,123.21,1
809,1,602,446,5139,539.81,1
809,2,372,444,7727,811.66,1
809,4,934,447,2487,261.24,1
809,7,1130,447,502,52.73,1
809,26,706,449,1178,123.74,1
810,1,603,445,5265,553.05,1
810,2,372,444,7722,811.13,1
810,4,934,447,2441,256.41,1
810,7,1126,446,288,30.25,1
810,26,706,449,1179,123.84,1
811,1,601,444,5156,541.6,1
811,2,372,444,7627,801.16,1
811,4,934,447,2460,258.4,1
811,7,1130,445,370,38.87,1
811,26,706,449,1156,121.43,1
812,1,602,444,5168,542.86,1
812,2,372,444,7747,813.76,1
812,4,934,447,2441,256.41,1
812,7,1130,444,373,39.18,1
812,26,706,449,1163,122.16,1
813,1,602,444,5131,538.97,1
813,2,371,444,7724,811.34,1
813,4,934,447,2443,256.62,1
813,7,1128,445,342,35.92,1
813,26,706,449,1183,124.26,1
814,1,603,445,5307,557.46,1
814,2,372,444,7672,805.88,1
814,4,934,447,2420,254.2,1
814,7,1127,445,280,29.41,1
814,26,706,449,1187,124.68,1
815,1,603,445,5196,545.8,1
815,2,372,444,7697,808.51,1
815,4,934,447,2477,260.19,1
815,7,1127,446,322,33.82,1
815,26,706,449,1170,122.9,1
816,1,601,446,5121,537.92,1
816,2,372,444,7766,815.76,1
816,4,934,447,2462,258.61,1
816,7,1130,446,520,54.62,1
816,26,706,449,1182,124.16,1
817,1,601,446,5088,534.45,1
817,2,372,444,7644,802.94,1
817,4,934,447,2419,254.1,1
817,7,1130,447,514,53.99,1
817,26,706,449,1181,124.05,1
818,1,602,446,5149,540.86,1
818,2,372,444,7681,806.83,1
818,4,934,447,2408,252.94,1
818,7,1128,444,301,31.62,1
818,26,706,449,1188,124.79,1
819,1,602,445,5243,550.74,1
819,2,372,444,7679,806.62,1
819,4,934,447,2429,255.15,1
819,7,1126,445,256,26.89,1
819,26,706,449,1167,122.58,1
820,1,600,444,5127,538.55,1
820,2,372,444,7737,812.71,1
820,4,934,447,2489,261.45,1
820,7,1129,442,264,27.73,1
820,26,706,449,1179,123.84,1
821,1,601,444,5078,533.4,1
821,2,372,444,7675,806.2,1
821,4,933,447,2416,253.78,1
821,7,1128,444,300,31.51,1
821,26,706,449,1180,123.95,1
822,1,601,444,5091,534.77,1
822,2,373,444,7746,813.66,1
822,4,933,446,2353,247.16,1
822,7,1129,446,343,36.03,1
822,26,706,449,1174,123.32,1
823,1,602,444,5187,544.85,1
823,2,372,444,7624,800.84,1
823,4,934,447,2346,246.43,1
823,7,1129,447,376,39.5,1
823,26,706,449,1168,122.69,1
824,1,601,445,5142,540.13,1
824,2,373,444,7660,804.62,1
824,4,934,446,2352,247.06,1
824,7,1131,447,460,48.32,1
824,26,706,449,1170,122.9,1
825,1,601,446,5066,532.14,1
825,2,373,444,7704,809.24,1
825,4,934,447,2455,257.88,1
825,7,1131,445,393,41.28,1
825,26,706,449,1185,124.47,1
826,1,601,446,5031,528.47,1
826,2,373,444,7632,801.68,1
826,4,934,447,2433,255.57,1
826,7,1127,443,254,26.68,1
826,26,706,449,1167,122.58,1
827,1,602,446,5150,540.97,1
827,2,373,444,7683,807.04,1
827,4,934,447,2416,253.78,1
827,7,1127,445,314,32.98,1
827,26,706,449,1167,122.58,1
828,1,603,445,5287,555.36,1
828,2,373,444,7655,804.1,1
828,4,934,447,2402,252.31,1
828,7,1130,444,343,36.03,1
828,26,706,449,1146,120.38,1
829,1,601,444,5206,546.85,1
829,2,373,444,7796,818.91,1
829,4,934,447,2447,257.04,1
829,7,1131,446,502,52.73,1
829,26,706,449,1190,125.0,1
830,1,601,444,5155,541.49,1
830,2,373,444,7695,808.3,1
830,4,934,447,2428,255.04,1
830,7,1131,446,506,53.15,1
830,26,706,449,1178,123.74,1
831,1,602,444,5059,531.41,1
831,2,374,444,7637,802.21,1
831,4,934,447,2414,253.57,1
831,7,1130,446,365,38.34,1
831,26,706,449,1167,122.58,1
832,1,603,445,5296,556.3,1
832,2,374,444,7754,814.5,1
832,4,934,447,2475,259.98,1
832,7,1129,447,405,42.54,1
832,26,706,449,1182,124.16,1
833,1,602,445,5195,545.69,1
833,2,373,444,7760,815.13,1
833,4,934,447,2411,253.26,1
833,7,1129,447,414,43.49,1
833,26,706,449,1179,123.84,1
834,1,602,446,5130,538.87,1
834,2,374,444,7709,809.77,1
834,4,934,447,2448,257.14,1
834,7,1129,446,352,36.97,1
834,26,706,449,1153,121.11,1
835,1,601,446,5118,537.61,1
835,2,374,444,7780,817.23,1
835,4,934,447,2433,255.57,1
835,7,1130,446,406,42.65,1
835,26,706,449,1159,121.74,1
836,1,602,445,5142,540.13,1
836,2,375,444,7683,807.04,1
836,4,934,447,2424,254.62,1
836,7,1130,446,386,40.55,1
836,26,706,449,1169,122.79,1
837,1,602,445,5220,548.32,1
837,2,374,444,7642,802.73,1
837,4,934,447,2431,255.36,1
837,7,1130,446,351,36.87,1
837,26,706,449,1161,121.95,1
838,1,603,444,5290,555.67,1
838,2,374,444,7767,815.86,1
838,4,934,447,2398,251.89,1
838,7,1127,445,321,33.72,1
838,26,706,449,1167,122.58,1
839,1,601,444,5087,534.35,1
839,2,374,444,7682,806.93,1
839,4,934,447,2393,251.37,1
839,7,1128,444,299,31.41,1
839,26,706,449,1161,121.95,1
840,1,602,444,5264,552.94,1
840,2,374,444,7708,809.66,1
840,4,934,447,2451,257.46,1
840,7,1128,442,234,24.58,1
840,26,706,449,1192,125.21,1
841,1,602,445,5179,544.01,1
841,2,375,444,7683,807.04,1
841,4,934,447,2448,257.14,1
841,7,1131,446,453,47.58,1
841,26,706,449,1182,124.16,1
842,1,601,445,5074,532.98,1
842,2,374,444,7731,812.08,1
842,4,934,447,2419,254.1,1
842,7,1128,446,303,31.83,1
842,26,706,449,1139,119.64,1
843,1,601,446,5057,531.2,1
843,2,374,444,7677,806.41,1
843,4,934,447,2383,250.32,1
843,7,1128,443,269,28.26,1
843,26,706,449,1155,121.32,1
844,1,601,446,5048,530.25,1
844,2,374,444,7689,807.67,1
844,4,934,447,2414,253.57,1
844,7,1127,445,275,28.89,1
844,26,706,449,1183,124.26,1
845,1,602,445,5120,537.82,1
845,2,374,444,7606,798.95,1
845,4,934,447,2406,252.73,1
845,7,1128,446,330,34.66,1
845,26,706,449,1172,123.11,1
846,1,602,445,5280,554.62,1
846,2,374,444,7670,805.67,1
846,4,934,447,2412,253.36,1
846,7,1130,445,389,40.86,1
846,26,706,449,1166,122.48,1
847,1,603,444,5279,554.52,1
847,2,374,444,7618,800.21,1
847,4,934,447,2379,249.89,1
847,7,1131,446,474,49.79,1
847,26,706,449,1186,124.58,1
848,1,601,444,5101,535.82,1
848,2,374,444,7671,805.78,1
848,4,934,447,2402,252.31,1
848,7,1131,446,508,53.36,1
848,26,706,449,1172,123.11,1
849,1,603,444,5228,549.16,1
849,2,373,444,7682,806.93,1
849,4,934,446,2355,247.37,1
849,7,1131,445,438,46.01,1
849,26,706,449,1138,119.54,1
850,1,603,445,5251,551.58,1
850,2,374,444,7648,803.36,1
850,4,934,446,2368,248.74,1
850,7,1129,444,310,32.56,1
850,26,706,449,1141,119.85,1
851,1,602,446,5204,546.64,1
851,2,374,444,7670,805.67,1
851,4,934,446,2341,245.9,1
851,7,1131,445,395,41.49,1
851,26,706,449,1143,120.06,1
852,1,602,446,5129,538.76,1
852,2,374,444,7739,812.92,1
852,4,934,447,2406,252.73,1
852,7,1130,445,396,41.6,1
852,26,706,449,1149,120.69,1
853,1,602,446,5137,539.6,1
853,2,374,444,7665,805.15,1
853,4,934,447,2395,251.58,1
853,7,1130,445,366,38.45,1
853,26,706,449,1149,120.69,1
854,1,602,445,5161,542.12,1
854,2,373,444,7669,805.57,1
854,4,934,447,2459,258.3,1
854,7,1130,447,459,48.21,1
854,26,706,449,1172,123.11,1
855,1,602,445,5231,549.47,1
855,2,373,444,7772,816.39,1
855,4,934,447,2461,258.51,1
855,7,1130,447,495,52.0,1
855,26,706,449,1178,123.74,1
856,1,603,444,5298,556.51,1
856,2,373,444,7728,811.76,1
856,4,934,447,2435,255.78,1
856,7,1129,447,408,42.86,1
856,26,706,449,1185,124.47,1
857,1,601,444,5148,540.76,1
857,2,373,444,7683,807.04,1
857,4,934,447,2447,257.04,1
857,7,1129,446,379,39.81,1
857,26,706,449,1189,124.89,1
858,1,602,444,5217,548.0,1
858,2,373,444,7667,805.36,1
858,4,934,447,2355,247.37,1
858,7,1129,445,333,34.98,1
858,26,706,449,1161,121.95,1
859,1,602,445,5242,550.63,1
859,2,373,444,7777,816.91,1
859,4,934,447,2425,254.73,1
859,7,1131,447,503,52.84,1
859,26,706,449,1159,121.74,1
860,1,601,446,5139,539.81,1
860,2,373,444,7703,809.14,1
860,4,934,447,2378,249.79,1
860,7,1130,448,504,52.94,1
860,26,706,449,1176,123.53,1
861,1,601,446,5055,530.99,1
861,2,373,444,7753,814.39,1
861,4,934,447,2389,250.95,1
861,7,1131,447,488,51.26,1
861,26,706,449,1153,121.11,1
862,1,602,446,5120,537.82,1
862,2,373,444,7746,813.66,1
862,4,934,447,2430,255.25,1
862,7,1130,447,515,54.1,1
862,26,706,449,1156,121.43,1
863,1,602,445,5225,548.84,1
863,2,372,444,7749,813.97,1
863,4,934,447,2392,251.26,1
863,7,1130,446,391,41.07,1
863,26,706,449,1159,121.74,1
864,1,602,445,5267,553.26,1
864,2,373,444,7823,821.74,1
864,4,934,447,2490,261.55,1
864,7,1130,448,525,55.15,1
864,26,706,449,1185,124.47,1
865,1,603,444,5245,550.95,1
865,2,373,444,7636,802.1,1
865,4,934,447,2413,253.47,1
865,7,1130,445,387,40.65,1
865,26,706,449,1161,121.95,1
866,1,603,444,5296,556.3,1
866,2,373,444,7589,797.16,1
866,4,934,447,2403,252.42,1
866,7,1130,446,387,40.65,1
866,26,706,449,1159,121.74,1
867,1,603,445,5277,554.31,1
867,2,372,444,7741,813.13,1
867,4,934,447,2431,255.36,1
867,7,1129,447,388,40.76,1
867,26,706,449,1171,123.0,1
868,1,603,445,5247,551.16,1
868,2,373,444,7679,806.62,1
868,4,934,447,2407,252.84,1
868,7,1128,445,286,30.04,1
868,26,706,449,1163,122.16,1
869,1,602,445,5142,540.13,1
869,2,372,444,7653,803.89,1
869,4,934,447,2377,249.68,1
869,7,1130,446,440,46.22,1
869,26,706,449,1171,123.0,1
870,1,602,446,5099,535.61,1
870,2,372,444,7776,816.81,1
870,4,934,447,2425,254.73,1
870,7,1130,447,380,39.92,1
870,26,706,449,1168,122.69,1
871,1,602,446,5118,537.61,1
871,2,372,444,7648,803.36,1
871,4,934,447,2418,253.99,1
871,7,1129,444,347,36.45,1
871,26,706,449,1174,123.32,1
872,1,602,445,5210,547.27,1
872,2,372,444,7682,806.93,1
872,4,934,447,2391,251.16,1
872,7,1127,444,276,28.99,1
872,26,706,449,1165,122.37,1
873,1,602,445,5326,559.45,1
873,2,372,444,7822,821.64,1
873,4,934,447,2442,256.51,1
873,7,1127,445,292,30.67,1
873,26,706,449,1174,123.32,1
874,1,603,444,5267,553.26,1
874,2,372,444,7683,807.04,1
874,4,934,446,2353,247.16,1
874,7,1129,447,369,38.76,1
874,26,706,449,1179,123.84,1
875,1,602,445,5330,559.87,1
875,2,372,444,7795,818.8,1
875,4,934,447,2454,257.77,1
875,7,1131,446,507,53.26,1
875,26,706,449,1187,124.68,1
876,1,602,445,5279,554.52,1
876,2,372,444,7774,816.6,1
876,4,934,447,2506,263.24,1
876,7,1131,447,488,51.26,1
876,26,706,449,1169,122.79,1
877,1,602,445,5194,545.59,1
877,2,373,444,7703,809.14,1
877,4,934,447,2426,254.83,1
877,7,1129,446,368,38.66,1
877,26,706,449,1154,121.22,1
878,1,601,446,5186,544.75,1
878,2,373,444,7755,814.6,1
878,4,934,447,2499,262.5,1
878,7,1130,447,399,41.91,1
878,26,706,449,1167,122.58,1
879,1,601,446,5106,536.34,1
879,2,372,444,7788,818.07,1
879,4,934,447,2430,255.25,1
879,7,1130,445,367,38.55,1
879,26,706,449,1159,121.74,1
880,1,601,446,5182,544.33,1
880,2,373,444,7738,812.82,1
880,4,934,447,2458,258.19,1
880,7,1131,446,490,51.47,1
880,26,706,449,1180,123.95,1
881,1,602,445,5214,547.69,1
881,2,373,444,7620,800.42,1
881,4,934,447,2410,253.15,1
881,7,1130,447,472,49.58,1
881,26,706,449,1171,123.0,1
882,1,603,445,5253,551.79,1
882,2,373,444,7694,808.19,1
882,4,934,447,2413,253.47,1
882,7,1130,446,355,37.29,1
882,26,706,449,1158,121.64,1
883,1,603,445,5272,553.78,1
883,2,373,444,7775,816.7,1
883,4,934,447,2408,252.94,1
883,7,1130,447,483,50.74,1
883,26,706,449,1164,122.27,1
884,1,603,445,5320,558.82,1
884,2,373,444,7749,813.97,1
884,4,934,447,2450,257.35,1
884,7,1130,447,425,44.64,1
884,26,706,449,1160,121.85,1
885,1,602,445,5234,549.79,1
885,2,373,444,7707,809.56,1
885,4,934,447,2447,257.04,1
885,7,1127,445,310,32.56,1
885,26,706,449,1176,123.53,1
886,1,602,445,5175,543.59,1
886,2,374,444,7650,803.57,1
886,4,934,447,2440,256.3,1
886,7,1128,445,325,34.14,1
886,26,706,449,1155,121.32,1
887,1,602,446,5206,546.85,1
887,2,374,444,7724,811.34,1
887,4,934,447,2438,256.09,1
887,7,1129,446,328,34.45,1
887,26,706,449,1180,123.95,1
888,1,602,446,5168,542.86,1
888,2,374,444,7706,809.45,1
888,4,934,447,2416,253.78,1
888,7,1130,446,406,42.65,1
888,26,706,449,1200,126.05,1
889,1,602,446,5161,542.12,1
889,2,373,444,7735,812.5,1
889,4,934,447,2457,258.09,1
889,7,1131,447,510,53.57,1
889,26,706,449,1174,123.32,1
890,1,603,445,5222,548.53,1
890,2,374,444,7694,808.19,1
890,4,934,447,2429,255.15,1
890,7,1130,445,383,40.23,1
890,26,706,449,1157,121.53,1
891,1,603,445,5265,553.05,1
891,2,373,444,7719,810.82,1
891,4,934,447,2469,259.35,1
891,7,1130,446,372,39.08,1
891,26,706,449,1171,123.0,1
892,1,602,445,5309,557.67,1
892,2,373,444,7693,808.09,1
892,4,934,447,2436,255.88,1
892,7,1130,447,394,41.39,1
892,26,706,449,1169,122.79,1
893,1,603,445,5263,552.84,1
893,2,373,444,7692,807.98,1
893,4,934,447,2413,253.47,1
893,7,1128,445,337,35.4,1
893,26,706,449,1184,124.37,1
894,1,602,445,5157,541.7,1
894,2,374,444,7586,796.85,1
894,4,934,447,2411,253.26,1
894,7,1130,444,364,38.24,1
894,26,706,449,1163,122.16,1
895,1,602,445,5181,544.22,1
895,2,374,444,7578,796.01,1
895,4,934,447,2439,256.2,1
895,7,1128,443,308,32.35,1
895,26,706,449,1155,121.32,1
896,1,601,446,5147,540.65,1
896,2,373,444,7775,816.7,1
896,4,934,447,2455,257.88,1
896,7,1129,447,433,45.48,1
896,26,706,449,1178,123.74,1
897,1,602,446,5165,542.54,1
897,2,373,444,7705,809.35,1
897,4,934,447,2396,251.68,1
897,7,1129,446,361,37.92,1
897,26,706,449,1188,124.79,1
898,1,602,445,5117,537.5,1
898,2,373,444,7729,811.87,1
898,4,934,447,2403,252.42,1
898,7,1127,444,283,29.73,1
898,26,706,449,1171,123.0,1
899,1,602,445,5290,555.67,1
899,2,374,444,7716,810.5,1
899,4,934,447,2389,250.95,1
899,7,1128,445,345,36.24,1
899,26,706,449,1184,124.37,1
900,1,603,445,5275,554.1,1
900,2,374,444,7620,800.42,1
900,4,934,447,2406,252.73,1
900,7,1129,446,360,37.82,1
900,26,706,449,1165,122.37,1
901,1,602,445,5265,553.05,1
901,2,374,444,7613,799.68,1
901,4,934,447,2382,250.21,1
901,7,1130,445,384,40.34,1
901,26,706,449,1163,122.16,1
902,1,603,445,5238,550.21,1
902,2,374,444,7634,801.89,1
902,4,934,447,2384,250.42,1
902,7,1128,445,318,33.4,1
902,26,706,449,1151,120.9,1
903,1,603,445,5223,548.63,1
903,2,373,444,7766,815.76,1
903,4,934,447,2479,260.4,1
903,7,1129,447,403,42.33,1
903,26,706,449,1174,123.32,1
904,1,602,445,5177,543.8,1
904,2,374,444,7640,802.52,1
904,4,934,447,2380,250.0,1
904,7,1127,444,298,31.3,1
904,26,706,449,1148,120.59,1
905,1,602,445,5131,538.97,1
905,2,374,444,7695,808.3,1
905,4,934,447,2432,255.46,1
905,7,1128,445,329,34.56,1
905,26,706,449,1152,121.01,1
906,1,602,445,5089,534.56,1
906,2,374,444,7574,795.59,1
906,4,934,447,2375,249.47,1
906,7,1127,443,234,24.58,1
906,26,706,449,1153,121.11,1
907,1,602,445,5187,544.85,1
907,2,373,444,7749,813.97,1
907,4,934,447,2389,250.95,1
907,7,1127,445,264,27.73,1
907,26,706,449,1178,123.74,1
908,1,603,445,5232,549.58,1
908,2,374,444,7694,808.19,1
908,4,934,447,2415,253.68,1
908,7,1131,443,334,35.08,1
908,26,706,449,1167,122.58,1
909,1,602,445,5264,552.94,1
909,2,373,444,7726,811.55,1
909,4,934,447,2433,255.57,1
909,7,1131,443,356,37.39,1
909,26,706,449,1149,120.69,1
910,1,603,445,5306,557.35,1
910,2,373,444,7825,821.95,1
910,4,934,447,2444,256.72,1
910,7,1131,447,529,55.57,1
910,26,706,450,1203,126.37,1
911,1,602,445,5235,549.89,1
911,2,373,444,7663,804.94,1
911,4,934,446,2338,245.59,1
911,7,1129,447,346,36.34,1
911,26,706,449,1193,125.32,1
912,1,602,445,5168,542.86,1
912,2,373,444,7579,796.11,1
912,4,934,446,2361,248.0,1
912,7,1127,445,282,29.62,1
912,26,706,449,1151,120.9,1
913,1,602,445,5097,535.4,1
913,2,373,444,7595,797.79,1
913,4,934,446,2346,246.43,1
913,7,1127,444,257,27.0,1
913,26,706,449,1150,120.8,1
914,1,601,445,5029,528.26,1
914,2,373,444,7576,795.8,1
914,4,934,446,2363,248.21,1
914,7,1127,444,271,28.47,1
914,26,706,449,1165,122.37,1
915,1,602,446,5084,534.03,1
915,2,373,444,7662,804.83,1
915,4,934,446,2336,245.38,1
915,7,1128,442,246,25.84,1
915,26,706,449,1158,121.64,1
916,1,602,445,5166,542.65,1
916,2,373,444,7634,801.89,1
916,4,934,447,2437,255.99,1
916,7,1130,446,419,44.01,1
916,26,706,449,1181,124.05,1
917,1,602,445,5212,547.48,1
917,2,373,444,7733,812.29,1
917,4,934,447,2420,254.2,1
917,7,1129,445,337,35.4,1
917,26,706,449,1159,121.74,1
918,1,603,445,5204,546.64,1
918,2,373,444,7720,810.92,1
918,4,934,446,2412,253.36,1
918,7,1130,445,372,39.08,1
918,26,706,449,1172,123.11,1
919,1,603,445,5198,546.01,1
919,2,373,444,7661,804.73,1
919,4,934,447,2417,253.89,1
919,7,1130,446,445,46.74,1
919,26,706,449,1164,122.27,1
920,1,603,445,5215,547.79,1
920,2,372,444,7731,812.08,1
920,4,934,447,2384,250.42,1
920,7,1129,445,339,35.61,1
920,26,706,449,1159,121.74,1
921,1,602,445,5196,545.8,1
921,2,373,444,7716,810.5,1
921,4,934,447,2409,253.05,1
921,7,1130,445,364,38.24,1
921,26,706,449,1143,120.06,1
922,1,602,445,5118,537.61,1
922,2,373,444,7564,794.54,1
922,4,934,447,2333,245.06,1
922,7,1130,444,370,38.87,1
922,26,706,449,1113,116.91,1
923,1,602,446,5161,542.12,1
923,2,372,444,7835,823.0,1
923,4,934,447,2420,254.2,1
923,7,1130,446,434,45.59,1
923,26,706,449,1150,120.8,1
924,1,602,446,5194,545.59,1
924,2,372,444,7690,807.77,1
924,4,934,447,2481,260.61,1
924,7,1131,447,514,53.99,1
924,26,706,449,1167,122.58,1
925,1,602,445,5219,548.21,1
925,2,373,444,7551,793.17,1
925,4,934,447,2424,254.62,1
925,7,1130,447,382,40.13,1
925,26,706,449,1179,123.84,1
926,1,602,445,5263,552.84,1
926,2,373,444,7679,806.62,1
926,4,934,447,2443,256.62,1
926,7,1127,444,300,31.51,1
926,26,706,449,1165,122.37,1
927,1,603,445,5229,549.26,1
927,2,373,444,7613,799.68,1
927,4,934,447,2420,254.2,1
927,7,1128,444,290,30.46,1
927,26,706,449,1153,121.11,1
928,1,602,445,5285,555.15,1
928,2,373,444,7777,816.91,1
928,4,934,447,2466,259.03,1
928,7,1131,444,389,40.86,1
928,26,706,449,1175,123.42,1
929,1,602,445,5230,549.37,1
929,2,373,444,7656,804.2,1
929,4,934,446,2352,247.06,1
929,7,1130,444,323,33.93,1
929,26,706,449,1184,124.37,1
930,1,602,445,5202,546.43,1
930,2,372,444,7700,808.82,1
930,4,934,447,2395,251.58,1
930,7,1129,443,252,26.47,1
930,26,706,449,1173,123.21,1
931,1,602,445,5148,540.76,1
931,2,372,444,7689,807.67,1
931,4,934,447,2434,255.67,1
931,7,1129,443,306,32.14,1
931,26,706,449,1160,121.85,1
932,1,602,446,5146,540.55,1
932,2,373,444,7633,801.79,1
932,4,934,447,2437,255.99,1
932,7,1131,446,462,48.53,1
932,26,706,449,1152,121.01,1
933,1,602,445,5144,540.34,1
933,2,373,444,7628,801.26,1
933,4,934,447,2446,256.93,1
933,7,1131,445,370,38.87,1
933,26,706,449,1168,122.69,1
934,1,602,445,5189,545.06,1
934,2,373,444,7722,811.13,1
934,4,934,447,2431,255.36,1
934,7,1127,443,250,26.26,1
934,26,706,449,1175,123.42,1
935,1,602,445,5242,550.63,1
935,2,373,444,7769,816.07,1
935,4,934,447,2432,255.46,1
935,7,1129,443,295,30.99,1
935,26,706,449,1154,121.22,1
936,1,603,445,5265,553.05,1
936,2,373,444,7716,810.5,1
936,4,934,447,2414,253.57,1
936,7,1131,446,484,50.84,1
936,26,706,449,1169,122.79,1
937,1,602,445,5265,553.05,1
937,2,373,444,7650,803.57,1
937,4,934,447,2405,252.63,1
937,7,1131,444,348,36.55,1
937,26,706,449,1172,123.11,1
938,1,602,445,5215,547.79,1
938,2,373,444,7569,795.06,1
938,4,934,447,2400,252.1,1
938,7,1131,444,364,38.24,1
938,26,706,449,1167,122.58,1
939,1,602,445,5215,547.79,1
939,2,373,444,7725,811.45,1
939,4,934,447,2394,251.47,1
939,7,1130,446,440,46.22,1
939,26,706,449,1169,122.79,1
940,1,602,445,5147,540.65,1
940,2,373,444,7704,809.24,1
940,4,934,447,2393,251.37,1
940,7,1131,443,357,37.5,1
940,26,706,449,1158,121.64,1
941,1,602,446,5167,542.75,1
941,2,374,444,7681,806.83,1
941,4,934,447,2412,253.36,1
941,7,1130,445,346,36.34,1
941,26,706,449,1176,123.53,1
942,1,602,445,5185,544.64,1
942,2,373,444,7677,806.41,1
942,4,934,447,2374,249.37,1
942,7,1130,446,384,40.34,1
942,26,706,449,1170,122.9,1
943,1,603,445,5180,544.12,1
943,2,373,444,7702,809.03,1
943,4,934,447,2372,249.16,1
943,7,1130,444,321,33.72,1
943,26,706,449,1170,122.9,1
944,1,602,445,5247,551.16,1
944,2,373,444,7709,809.77,1
944,4,934,447,2433,255.57,1
944,7,1130,444,347,36.45,1
944,26,706,449,1176,123.53,1
945,1,602,445,5241,550.53,1
945,2,373,444,7616,800.0,1
945,4,934,447,2412,253.36,1
945,7,1131,445,411,43.17,1
945,26,706,449,1175,123.42,1
946,1,603,445,5218,548.11,1
946,2,373,444,7625,800.95,1
946,4,934,447,2415,253.68,1
946,7,1130,446,480,50.42,1
946,26,706,449,1156,121.43,1
947,1,602,445,5221,548.42,1
947,2,373,444,7674,806.09,1
947,4,934,446,2377,249.68,1
947,7,1129,446,359,37.71,1
947,26,706,449,1167,122.58,1
948,1,602,445,5162,542.23,1
948,2,373,444,7693,808.09,1
948,4,934,447,2462,258.61,1
948,7,1130,447,382,40.13,1
948,26,706,449,1180,123.95,1
949,1,602,445,5147,540.65,1
949,2,373,444,7610,799.37,1
949,4,934,447,2414,253.57,1
949,7,1127,444,260,27.31,1
949,26,706,449,1182,124.16,1
950,1,602,445,5125,538.34,1
950,2,374,444,7639,802.42,1
950,4,934,447,2430,255.25,1
950,7,1128,443,313,32.88,1
950,26,706,449,1170,122.9,1
951,1,601,446,5249,551.37,1
951,2,373,444,7692,807.98,1
951,4,934,447,2445,256.83,1
951,7,1130,445,375,39.39,1
951,26,706,449,1185,124.47,1
952,1,602,445,5255,552.0,1
952,2,373,444,7618,800.21,1
952,4,934,447,2444,256.72,1
952,7,1131,444,348,36.55,1
952,26,706,449,1180,123.95,1
953,1,602,445,5251,551.58,1
953,2,374,444,7676,806.3,1
953,4,934,447,2455,257.88,1
953,7,1130,445,346,36.34,1
953,26,706,449,1152,121.01,1
954,1,603,445,5225,548.84,1
954,2,374,444,7702,809.03,1
954,4,934,447,2350,246.85,1
954,7,1131,446,480,50.42,1
954,26,706,449,1172,123.11,1
955,1,602,445,5262,552.73,1
955,2,373,444,7791,818.38,1
955,4,934,447,2457,258.09,1
955,7,1130,443,333,34.98,1
955,26,706,449,1141,119.85,1
956,1,602,445,5216,547.9,1
956,2,374,444,7603,798.63,1
956,4,934,447,2440,256.3,1
956,7,1130,445,351,36.87,1
956,26,706,449,1122,117.86,1
957,1,602,445,5221,548.42,1
957,2,373,444,7686,807.35,1
957,4,934,447,2396,251.68,1
957,7,1128,442,243,25.53,1
957,26,706,449,1164,122.27,1
958,1,602,445,5169,542.96,1
958,2,373,444,7772,816.39,1
958,4,934,447,2405,252.63,1
958,7,1127,443,259,27.21,1
958,26,706,449,1173,123.21,1
959,1,602,446,5202,546.43,1
959,2,373,444,7672,805.88,1
959,4,934,447,2416,253.78,1
959,7,1129,447,388,40.76,1
959,26,706,449,1171,123.0,1
960,1,602,445,5179,544.01,1
960,2,373,444,7778,817.02,1
960,4,934,447,2424,254.62,1
960,7,1131,445,387,40.65,1
960,26,706,449,1169,122.79,1
961,1,603,445,5149,540.86,1
961,2,374,444,7693,808.09,1
961,4,934,447,2442,256.51,1
961,7,1127,443,257,27.0,1
961,26,706,449,1176,123.53,1
962,1,603,445,5253,551.79,1
962,2,373,444,7702,809.03,1
962,4,934,446,2368,248.74,1
962,7,1130,445,368,38.66,1
962,26,706,449,1183,124.26,1
963,1,603,445,5223,548.63,1
963,2,373,444,7688,807.56,1
963,4,934,447,2414,253.57,1
963,7,1130,445,376,39.5,1
963,26,706,449,1172,123.11,1
964,1,603,445,5211,547.37,1
964,2,373,444,7738,812.82,1
964,4,934,446,2354,247.27,1
964,7,1129,445,378,39.71,1
964,26,706,449,1176,123.53,1
965,1,602,445,5193,545.48,1
965,2,373,444,7722,811.13,1
965,4,934,447,2383,250.32,1
965,7,1128,446,364,38.24,1
965,26,706,449,1171,123.0,1
966,1,602,445,5169,542.96,1
966,2,373,444,7701,808.93,1
966,4,934,447,2440,256.3,1
966,7,1129,447,396,41.6,1
966,26,706,449,1174,123.32,1
967,1,602,445,5165,542.54,1
967,2,373,444,7736,812.61,1
967,4,934,447,2457,258.09,1
967,7,1130,446,418,43.91,1
967,26,706,449,1175,123.42,1
968,1,602,445,5150,540.97,1
968,2,373,444,7657,804.31,1
968,4,934,447,2389,250.95,1
968,7,1129,444,285,29.94,1
968,26,706,449,1179,123.84,1
969,1,602,445,5173,543.38,1
969,2,373,444,7627,801.16,1
969,4,934,446,2350,246.85,1
969,7,1130,445,368,38.66,1
969,26,706,449,1171,123.0,1
970,1,602,445,5192,545.38,1
970,2,373,444,7674,806.09,1
970,4,934,447,2356,247.48,1
970,7,1130,447,540,56.72,1
970,26,706,449,1143,120.06,1
971,1,602,445,5229,549.26,1
971,2,373,444,7734,812.39,1
971,4,934,447,2387,250.74,1
971,7,1129,447,394,41.39,1
971,26,706,449,1165,122.37,1
972,1,602,445,5188,544.96,1
972,2,373,444,7576,795.8,1
972,4,934,447,2378,249.79,1
972,7,1129,445,350,36.76,1
972,26,706,449,1145,120.27,1
973,1,602,445,5186,544.75,1
973,2,373,444,7615,799.89,1
973,4,934,447,2387,250.74,1
973,7,1129,444,294,30.88,1
973,26,706,449,1132,118.91,1
974,1,602,445,5180,544.12,1
974,2,373,444,7731,812.08,1
974,4,934,447,2462,258.61,1
974,7,1131,446,495,52.0,1
974,26,706,449,1162,122.06,1
975,1,602,445,5118,537.61,1
975,2,373,444,7621,800.53,1
975,4,934,447,2433,255.57,1
975,7,1129,445,349,36.66,1
975,26,706,449,1168,122.69,1
976,1,602,445,5175,543.59,1
976,2,373,444,7630,801.47,1
976,4,934,447,2441,256.41,1
976,7,1130,445,334,35.08,1
976,26,706,449,1156,121.43,1
977,1,602,445,5197,545.9,1
977,2,373,444,7613,799.68,1
977,4,934,447,2398,251.89,1
977,7,1128,444,269,28.26,1
977,26,706,449,1147,120.48,1
978,1,602,445,5187,544.85,1
978,2,373,444,7676,806.3,1
978,4,934,447,2480,260.5,1
978,7,1130,448,565,59.35,1
978,26,706,449,1181,124.05,1
979,1,602,445,5210,547.27,1
979,2,373,444,7692,807.98,1
979,4,934,447,2431,255.36,1
979,7,1131,445,460,48.32,1
979,26,706,449,1175,123.42,1
980,1,603,445,5238,550.21,1
980,2,373,444,7701,808.93,1
980,4,934,446,2377,249.68,1
980,7,1130,446,473,49.68,1
980,26,706,449,1172,123.11,1
981,1,603,445,5213,547.58,1
981,2,373,444,7627,801.16,1
981,4,934,446,2369,248.84,1
981,7,1131,445,360,37.82,1
981,26,706,449,1180,123.95,1
982,1,602,445,5240,550.42,1
982,2,373,444,7724,811.34,1
982,4,934,447,2432,255.46,1
982,7,1131,446,487,51.16,1
982,26,706,449,1172,123.11,1
983,1,602,445,5194,545.59,1
983,2,373,444,7763,815.44,1
983,4,934,447,2465,258.93,1
983,7,1130,444,342,35.92,1
983,26,706,449,1164,122.27,1
984,1,602,445,5164,542.44,1
984,2,373,444,7731,812.08,1
984,4,934,447,2432,255.46,1
984,7,1128,444,297,31.2,1
984,26,706,449,1154,121.22,1
985,1,602,445,5201,546.32,1
985,2,373,444,7711,809.98,1
985,4,934,447,2424,254.62,1
985,7,1128,445,264,27.73,1
985,26,706,449,1162,122.06,1
986,1,602,445,5174,543.49,1
986,2,373,444,7656,804.2,1
986,4,934,447,2377,249.68,1
986,7,1130,447,393,41.28,1
986,26,706,449,1166,122.48,1
987,1,602,445,5231,549.47,1
987,2,373,444,7799,819.22,1
987,4,934,447,2406,252.73,1
987,7,1130,447,511,53.68,1
987,26,706,449,1186,124.58,1
988,1,603,445,5221,548.42,1
988,2,373,444,7662,804.83,1
988,4,934,447,2426,254.83,1
988,7,1127,445,263,27.63,1
988,26,706,449,1159,121.74,1
989,1,602,445,5245,550.95,1
989,2,373,444,7634,801.89,1
989,4,934,447,2386,250.63,1
989,7,1127,445,266,27.94,1
989,26,706,449,1184,124.37,1
990,1,602,445,5264,552.94,1
990,2,373,444,7776,816.81,1
990,4,934,447,2424,254.62,1
990,7,1131,448,558,58.61,1
990,26,706,449,1180,123.95,1
991,1,602,445,5238,550.21,1
991,2,373,444,7695,808.3,1
991,4,934,447,2405,252.63,1
991,7,1130,446,396,41.6,1
991,26,706,449,1182,124.16,1
992,1,602,445,5141,540.02,1
992,2,373,444,7681,806.83,1
992,4,934,447,2365,248.42,1
992,7,1130,447,394,41.39,1
992,26,706,449,1169,122.79,1
993,1,602,445,5114,537.18,1
993,2,373,444,7625,800.95,1
993,4,934,447,2344,246.22,1
993,7,1128,445,296,31.09,1
993,26,706,449,1155,121.32,1
994,1,602,445,5186,544.75,1
994,2,373,444,7773,816.49,1
994,4,934,447,2431,255.36,1
994,7,1130,446,374,39.29,1
994,26,706,449,1166,122.48,1
995,1,602,445,5173,543.38,1
995,2,373,444,7684,807.14,1
995,4,934,447,2352,247.06,1
995,7,1131,446,465,48.84,1
995,26,706,449,1166,122.48,1
996,1,602,445,5201,546.32,1
996,2,373,444,7715,810.4,1
996,4,934,447,2389,250.95,1
996,7,1129,442,257,27.0,1
996,26,706,449,1187,124.68,1
997,1,603,445,5194,545.59,1
997,2,373,444,7688,807.56,1
997,4,934,447,2373,249.26,1
997,7,1129,446,399,41.91,1
997,26,706,449,1181,124.05,1
998,1,602,445,5216,547.9,1
998,2,373,444,7657,804.31,1
998,4,934,447,2452,257.56,1
998,7,1129,446,368,38.66,1
998,26,706,449,1179,123.84,1
999,1,603,445,5157,541.7,1
999,2,374,444,7590,797.27,1
999,4,934,447,2355,247.37,1
999,7,1130,446,406,42.65,1
999,26,706,449,1157,121.53,1
1000,1,602,445,5209,547.16,1
1000,2,373,444,7674,806.09,1
1000,4,934,447,2367,248.63,1
1000,7,1129,445,348,36.55,1
1000,26,706,449,1162,122.06,1
1001,1,602,445,5202,546.43,1
1001,2,373,444,7752,814.29,1
1001,4,934,447,2437,255.99,1
1001,7,1131,445,431,45.27,1
1001,26,706,449,1165,122.37,1
1002,1,602,445,5158,541.81,1
1002,2,373,444,7613,799.68,1
1002,4,934,447,2428,255.04,1
1002,7,1130,444,362,38.03,1
1002,26,706,449,1162,122.06,1
1003,1,602,445,5150,540.97,1
1003,2,373,444,7686,807.35,1
1003,4,934,447,2359,247.79,1
1003,7,1130,446,392,41.18,1
1003,26,706,449,1154,121.22,1
1004,1,602,445,5166,542.65,1
1004,2,373,444,7605,798.84,1
1004,4,934,447,2400,252.1,1
1004,7,1130,446,371,38.97,1
1004,26,706,449,1155,121.32,1
1005,1,602,445,5193,545.48,1
1005,2,373,444,7692,807.98,1
1005,4,934,447,2408,252.94,1
1005,7,1130,446,365,38.34,1
1005,26,706,449,1158,121.64,1
1006,1,603,445,5197,545.9,1
1006,2,373,444,7666,805.25,1
1006,4,934,447,2415,253.68,1
1006,7,1130,445,367,38.55,1
1006,26,706,449,1159,121.74,1
1007,1,603,445,5118,537.61,1
1007,2,374,444,7549,792.96,1
1007,4,934,446,2322,243.91,1
1007,7,1130,445,351,36.87,1
1007,26,706,449,1151,120.9,1
1008,1,603,445,5197,545.9,1
1008,2,373,444,7709,809.77,1
1008,4,934,447,2386,250.63,1
1008,7,1129,444,315,33.09,1
1008,26,706,449,1159,121.74,1
1009,1,602,445,5159,541.91,1
1009,2,373,444,7650,803.57,1
1009,4,934,447,2431,255.36,1
1009,7,1129,447,369,38.76,1
1009,26,706,449,1153,121.11,1
1010,1,602,445,5203,546.53,1
1010,2,373,444,7676,806.3,1
1010,4,934,447,2433,255.57,1
1010,7,1130,446,406,42.65,1
1010,26,706,449,1172,123.11,1
1011,1,603,445,5153,541.28,1
1011,2,373,444,7640,802.52,1
1011,4,934,447,2380,250.0,1
1011,7,1130,446,399,41.91,1
1011,26,706,449,1174,123.32,1
1012,1,602,445,5142,540.13,1
1012,2,373,444,7682,806.93,1
1012,4,934,447,2348,246.64,1
1012,7,1128,443,292,30.67,1
1012,26,706,449,1162,122.06,1
1013,1,602,445,5219,548.21,1
1013,2,374,444,7691,807.88,1
1013,4,934,447,2435,255.78,1
1013,7,1128,444,304,31.93,1
1013,26,706,449,1165,122.37,1
1014,1,602,445,5210,547.27,1
1014,2,373,444,7718,810.71,1
1014,4,934,447,2415,253.68,1
1014,7,1131,446,484,50.84,1
1014,26,706,449,1169,122.79,1
1015,1,602,445,5259,552.42,1
1015,2,374,444,7616,800.0,1
1015,4,934,446,2349,246.74,1
1015,7,1130,445,366,38.45,1
1015,26,706,449,1174,123.32,1
1016,1,602,445,5267,553.26,1
1016,2,373,444,7742,813.24,1
1016,4,934,447,2416,253.78,1
1016,7,1130,445,370,38.87,1
1016,26,706,449,1159,121.74,1
1017,1,602,445,5300,556.72,1
1017,2,373,444,7811,820.48,1
1017,4,934,447,2452,257.56,1
1017,7,1131,447,545,57.25,1
1017,26,706,449,1176,123.53,1
1018,1,602,445,5211,547.37,1
1018,2,373,444,7692,807.98,1
1018,4,934,447,2431,255.36,1
1018,7,1130,445,361,37.92,1
1018,26,706,449,1166,122.48,1
1019,1,602,445,5193,545.48,1
1019,2,373,444,7693,808.09,1
1019,4,934,446,2399,252.0,1
1019,7,1129,443,320,33.61,1
1019,26,706,449,1177,123.63,1
1020,1,602,445,5152,541.18,1
1020,2,374,444,7651,803.68,1
1020,4,934,446,2349,246.74,1
1020,7,1129,445,337,35.4,1
1020,26,706,449,1170,122.9,1
1021,1,602,445,5180,544.12,1
1021,2,373,444,7675,806.2,1
1021,4,934,447,2384,250.42,1
1021,7,1127,446,283,29.73,1
1021,26,706,449,1171,123.0,1
1022,1,602,445,5188,544.96,1
1022,2,374,444,7668,805.46,1
1022,4,934,447,2455,257.88,1
1022,7,1130,445,364,38.24,1
1022,26,706,449,1174,123.32,1
1023,1,602,445,5182,544.33,1
1023,2,374,444,7592,797.48,1
1023,4,934,447,2418,253.99,1
1023,7,1128,444,290,30.46,1
1023,26,706,449,1164,122.27,1
1024,1,602,445,5183,544.43,1
1024,2,373,444,7679,806.62,1
1024,4,934,447,2418,253.99,1
1024,7,1127,445,257,27.0,1
1024,26,706,449,1162,122.06,1
1025,1,602,445,5213,547.58,1
1025,2,373,444,7729,811.87,1
1025,4,934,447,2392,251.26,1
1025,7,1128,446,314,32.98,1
1025,26,706,449,1171,123.0,1
1026,1,603,445,5241,550.53,1
1026,2,373,444,7698,808.61,1
1026,4,934,447,2416,253.78,1
1026,7,1130,446,375,39.39,1
1026,26,706,449,1156,121.43,1
1027,1,602,445,5156,541.6,1
1027,2,373,444,7612,799.58,1
1027,4,934,446,2377,249.68,1
1027,7,1129,443,301,31.62,1
1027,26,706,449,1176,123.53,1
1028,1,602,445,5169,542.96,1
1028,2,373,444,7679,806.62,1
1028,4,934,447,2435,255.78,1
1028,7,1130,445,345,36.24,1
1028,26,706,449,1161,121.95,1
1029,1,602,445,5168,542.86,1
1029,2,373,444,7733,812.29,1
1029,4,934,447,2411,253.26,1
1029,7,1131,446,485,50.95,1
1029,26,706,449,1159,121.74,1
1030,1,602,445,5224,548.74,1
1030,2,373,444,7808,820.17,1
1030,4,934,447,2524,265.13,1
1030,7,1131,447,549,57.67,1
1030,26,706,449,1149,120.69,1
1031,1,602,445,5184,544.54,1
1031,2,373,444,7726,811.55,1
1031,4,934,447,2425,254.73,1
1031,7,1128,444,302,31.72,1
1031,26,706,449,1163,122.16,1
1032,1,602,445,5201,546.32,1
1032,2,373,444,7671,805.78,1
1032,4,934,447,2427,254.94,1
1032,7,1128,444,304,31.93,1
1032,26,706,449,1162,122.06,1
1033,1,602,445,5208,547.06,1
1033,2,373,444,7730,811.97,1
1033,4,934,447,2455,257.88,1
1033,7,1130,444,345,36.24,1
1033,26,706,449,1152,121.01,1
1034,1,603,445,5216,547.9,1
1034,2,373,444,7657,804.31,1
1034,4,934,446,2368,248.74,1
1034,7,1130,444,337,35.4,1
1034,26,706,449,1143,120.06,1
1035,1,602,445,5192,545.38,1
1035,2,373,444,7741,813.13,1
1035,4,934,446,2417,253.89,1
1035,7,1131,447,511,53.68,1
1035,26,706,449,1175,123.42,1
1036,1,602,445,5134,539.29,1
1036,2,373,444,7564,794.54,1
1036,4,934,447,2355,247.37,1
1036,7,1127,446,311,32.67,1
1036,26,706,449,1132,118.91,1
1037,1,602,445,5190,545.17,1
1037,2,372,444,7821,821.53,1
1037,4,934,447,2440,256.3,1
1037,7,1130,445,433,45.48,1
1037,26,706,449,1167,122.58,1
1038,1,602,445,5241,550.53,1
1038,2,373,444,7815,820.9,1
1038,4,934,447,2439,256.2,1
1038,7,1130,447,432,45.38,1
1038,26,706,449,1191,125.11,1
1039,1,602,445,5215,547.79,1
1039,2,373,444,7713,810.19,1
1039,4,934,447,2401,252.21,1
1039,7,1128,444,322,33.82,1
1039,26,706,449,1180,123.95,1
1040,1,602,445,5215,547.79,1
1040,2,373,444,7671,805.78,1
1040,4,934,447,2409,253.05,1
1040,7,1130,446,390,40.97,1
1040,26,706,449,1144,120.17,1
1041,1,602,445,5213,547.58,1
1041,2,373,444,7721,811.03,1
1041,4,934,447,2397,251.79,1
1041,7,1129,446,383,40.23,1
1041,26,706,449,1159,121.74,1
1042,1,602,445,5210,547.27,1
1042,2,373,444,7770,816.18,1
1042,4,934,447,2447,257.04,1
1042,7,1131,447,514,53.99,1
1042,26,706,449,1167,122.58,1
1043,1,602,445,5175,543.59,1
1043,2,373,444,7662,804.83,1
1043,4,934,447,2453,257.67,1
1043,7,1127,447,346,36.34,1
1043,26,706,449,1163,122.16,1
1044,1,603,445,5213,547.58,1
1044,2,373,444,7773,816.49,1
1044,4,934,447,2465,258.93,1
1044,7,1130,446,478,50.21,1
1044,26,706,449,1169,122.79,1
1045,1,602,445,5217,548.0,1
1045,2,373,444,7727,811.66,1
1045,4,934,447,2411,253.26,1
1045,7,1129,447,428,44.96,1
1045,26,706,449,1174,123.32,1
1046,1,602,445,5216,547.9,1
1046,2,373,444,7773,816.49,1
1046,4,934,447,2472,259.66,1
1046,7,1131,446,416,43.7,1
1046,26,706,449,1179,123.84,1
1047,1,602,445,5210,547.27,1
1047,2,373,444,7723,811.24,1
1047,4,934,447,2432,255.46,1
1047,7,1131,446,465,48.84,1
1047,26,706,449,1165,122.37,1
1048,1,603,445,5175,543.59,1
1048,2,373,444,7623,800.74,1
1048,4,934,447,2406,252.73,1
1048,7,1130,442,320,33.61,1
1048,26,706,449,1144,120.17,1
1049,1,602,445,5246,551.05,1
1049,2,372,444,7831,822.58,1
1049,4,934,447,2474,259.87,1
1049,7,1130,446,378,39.71,1
1049,26,706,449,1171,123.0,1
1050,1,602,445,5235,549.89,1
1050,2,373,444,7735,812.5,1
1050,4,934,447,2388,250.84,1
1050,7,1129,447,372,39.08,1
1050,26,706,449,1182,124.16,1
1051,1,603,445,5248,551.26,1
1051,2,373,444,7739,812.92,1
1051,4,934,447,2427,254.94,1
1051,7,1130,447,440,46.22,1
1051,26,706,449,1162,122.06,1
1052,1,603,445,5224,548.74,1
1052,2,373,444,7684,807.14,1
1052,4,934,447,2385,250.53,1
1052,7,1130,444,312,32.77,1
1052,26,706,449,1141,119.85,1
1053,1,603,445,5178,543.91,1
1053,2,373,444,7669,805.57,1
1053,4,934,446,2338,245.59,1
1053,7,1130,445,355,37.29,1
1053,26,706,449,1161,121.95,1
1054,1,602,445,5193,545.48,1
1054,2,373,444,7790,818.28,1
1054,4,934,447,2440,256.3,1
1054,7,1129,446,397,41.7,1
1054,26,706,449,1173,123.21,1
1055,1,602,445,5163,542.33,1
1055,2,373,444,7640,802.52,1
1055,4,934,447,2408,252.94,1
1055,7,1130,446,422,44.33,1
1055,26,706,449,1156,121.43,1
1056,1,602,445,5123,538.13,1
1056,2,373,444,7580,796.22,1
1056,4,934,446,2374,249.37,1
1056,7,1127,444,272,28.57,1
1056,26,706,449,1161,121.95,1
1057,1,602,445,5179,544.01,1
1057,2,373,444,7716,810.5,1
1057,4,934,447,2388,250.84,1
1057,7,1128,446,286,30.04,1
1057,26,706,449,1162,122.06,1
1058,1,602,445,5191,545.27,1
1058,2,373,444,7661,804.73,1
1058,4,934,447,2410,253.15,1
1058,7,1129,447,380,39.92,1
1058,26,706,449,1161,121.95,1
1059,1,602,445,5216,547.9,1
1059,2,373,444,7693,808.09,1
1059,4,934,447,2411,253.26,1
1059,7,1129,446,391,41.07,1
1059,26,706,449,1152,121.01,1
1060,1,602,445,5196,545.8,1
1060,2,373,444,7663,804.94,1
1060,4,935,447,2391,251.16,1
1060,7,1128,444,291,30.57,1
1060,26,706,449,1159,121.74,1
1061,1,602,445,5218,548.11,1
1061,2,373,444,7692,807.98,1
1061,4,934,447,2408,252.94,1
1061,7,1130,446,380,39.92,1
1061,26,706,449,1156,121.43,1
1062,1,602,445,5183,544.43,1
1062,2,373,444,7667,805.36,1
1062,4,934,447,2397,251.79,1
1062,7,1130,447,532,55.88,1
1062,26,706,449,1183,124.26,1
1063,1,602,445,5143,540.23,1
1063,2,373,444,7630,801.47,1
1063,4,934,447,2399,252.0,1
1063,7,1130,445,335,35.19,1
1063,26,706,449,1167,122.58,1
1064,1,602,445,5159,541.91,1
1064,2,373,444,7596,797.9,1
1064,4,934,447,2369,248.84,1
1064,7,1128,444,280,29.41,1
1064,26,706,449,1162,122.06,1
1065,1,602,445,5174,543.49,1
1065,2,373,444,7716,810.5,1
1065,4,934,447,2374,249.37,1
1065,7,1127,446,289,30.36,1
1065,26,706,449,1176,123.53,1
1066,1,602,445,5156,541.6,1
1066,2,373,444,7621,800.53,1
1066,4,934,447,2354,247.27,1
1066,7,1128,444,287,30.15,1
1066,26,706,449,1157,121.53,1
1067,1,602,445,5211,547.37,1
1067,2,373,444,7663,804.94,1
1067,4,934,447,2441,256.41,1
1067,7,1127,445,284,29.83,1
1067,26,706,449,1174,123.32,1
1068,1,603,445,5204,546.64,1
1068,2,373,444,7613,799.68,1
1068,4,934,446,2308,242.44,1
1068,7,1130,443,324,34.03,1
1068,26,706,449,1141,119.85,1
1069,1,602,445,5217,548.0,1
1069,2,373,444,7697,808.51,1
1069,4,934,447,2446,256.93,1
1069,7,1130,445,349,36.66,1
1069,26,706,449,1167,122.58,1
1070,1,602,445,5237,550.11,1
1070,2,373,444,7739,812.92,1
1070,4,934,447,2414,253.57,1
1070,7,1131,445,401,42.12,1
1070,26,706,449,1169,122.79,1
1071,1,602,445,5183,544.43,1
1071,2,373,444,7688,807.56,1
1071,4,934,446,2310,242.65,1
1071,7,1129,442,270,28.36,1
1071,26,706,449,1162,122.06,1
1072,1,602,445,5118,537.61,1
1072,2,373,444,7748,813.87,1
1072,4,934,447,2363,248.21,1
1072,7,1129,444,331,34.77,1
1072,26,706,449,1159,121.74,1
1073,1,602,445,5160,542.02,1
1073,2,373,444,7654,803.99,1
1073,4,934,447,2349,246.74,1
1073,7,1129,442,247,25.95,1
1073,26,706,449,1176,123.53,1
1074,1,602,445,5199,546.11,1
1074,2,373,444,7754,814.5,1
1074,4,934,447,2418,253.99,1
1074,7,1130,445,360,37.82,1
1074,26,706,449,1169,122.79,1
1075,1,602,445,5166,542.65,1
1075,2,374,444,7602,798.53,1
1075,4,933,447,2356,247.48,1
1075,7,1127,444,275,28.89,1
1075,26,706,449,1144,120.17,1
1076,1,602,445,5186,544.75,1
1076,2,373,444,7709,809.77,1
1076,4,933,447,2381,250.11,1
1076,7,1130,445,387,40.65,1
1076,26,706,449,1138,119.54,1
1077,1,602,445,5209,547.16,1
1077,2,373,444,7738,812.82,1
1077,4,934,447,2417,253.89,1
1077,7,1129,446,347,36.45,1
1077,26,706,449,1154,121.22,1
1078,1,602,445,5224,548.74,1
1078,2,373,444,7741,813.13,1
1078,4,934,447,2436,255.88,1
1078,7,1131,447,500,52.52,1
1078,26,706,449,1144,120.17,1
1079,1,602,445,5154,541.39,1
1079,2,373,444,7644,802.94,1
1079,4,934,447,2381,250.11,1
1079,7,1128,443,289,30.36,1
1079,26,706,449,1156,121.43,1
1080,1,602,445,5138,539.71,1
1080,2,373,444,7729,811.87,1
1080,4,934,446,2332,244.96,1
1080,7,1128,443,263,27.63,1
1080,26,706,449,1144,120.17,1
1081,1,602,445,5188,544.96,1
1081,2,373,444,7733,812.29,1
1081,4,934,447,2432,255.46,1
1081,7,1131,444,366,38.45,1
1081,26,706,449,1156,121.43,1
1082,1,602,445,5192,545.38,1
1082,2,373,444,7664,805.04,1
1082,4,934,447,2414,253.57,1
1082,7,1130,445,375,39.39,1
1082,26,706,449,1160,121.85,1
1083,1,602,445,5180,544.12,1
1083,2,374,444,7600,798.32,1
1083,4,934,447,2425,254.73,1
1083,7,1127,443,248,26.05,1
1083,26,706,449,1168,122.69,1
1084,1,602,445,5195,545.69,1
1084,2,373,444,7634,801.89,1
1084,4,934,447,2389,250.95,1
1084,7,1131,446,477,50.11,1
1084,26,706,449,1188,124.79,1
1085,1,602,445,5247,551.16,1
1085,2,373,444,7741,813.13,1
1085,4,934,447,2409,253.05,1
1085,7,1129,446,365,38.34,1
1085,26,706,449,1172,123.11,1
1086,1,602,445,5271,553.68,1
1086,2,373,444,7708,809.66,1
1086,4,934,447,2423,254.52,1
1086,7,1127,445,309,32.46,1
1086,26,706,449,1181,124.05,1
1087,1,602,445,5219,548.21,1
1087,2,373,444,7662,804.83,1
1087,4,934,447,2416,253.78,1
1087,7,1131,447,449,47.16,1
1087,26,706,449,1155,121.32,1
1088,1,602,445,5230,549.37,1
1088,2,373,444,7806,819.96,1
1088,4,934,447,2446,256.93,1
1088,7,1129,445,368,38.66,1
1088,26,706,449,1169,122.79,1
1089,1,602,445,5214,547.69,1
1089,2,372,444,7687,807.46,1
1089,4,934,447,2408,252.94,1
1089,7,1131,447,521,54.73,1
1089,26,706,449,1174,123.32,1
1090,1,602,445,5197,545.9,1
1090,2,373,444,7742,813.24,1
1090,4,934,447,2405,252.63,1
1090,7,1131,447,523,54.94,1
1090,26,706,449,1166,122.48,1
1091,1,602,445,5197,545.9,1
1091,2,373,444,7691,807.88,1
1091,4,934,447,2414,253.57,1
1091,7,1128,445,325,34.14,1
1091,26,706,449,1165,122.37,1
1092,1,602,445,5135,539.39,1
1092,2,373,444,7605,798.84,1
1092,4,934,446,2378,249.79,1
1092,7,1127,445,298,31.3,1
1092,26,706,449,1171,123.0,1
1093,1,602,445,5223,548.63,1
1093,2,373,444,7793,818.59,1
1093,4,934,447,2429,255.15,1
1093,7,1130,447,418,43.91,1
1093,26,706,449,1187,124.68,1
1094,1,602,445,5232,549.58,1
1094,2,373,444,7686,807.35,1
1094,4,934,447,2446,256.93,1
1094,7,1130,446,486,51.05,1
1094,26,706,449,1178,123.74,1
1095,1,602,445,5187,544.85,1
1095,2,373,444,7625,800.95,1
1095,4,934,447,2415,253.68,1
1095,7,1130,445,353,37.08,1
1095,26,706,449,1171,123.0,1
1096,1,602,445,5137,539.6,1
1096,2,373,444,7603,798.63,1
1096,4,934,447,2358,247.69,1
1096,7,1128,445,316,33.19,1
1096,26,706,449,1123,117.96,1
1097,1,602,445,5149,540.86,1
1097,2,373,444,7610,799.37,1
1097,4,934,446,2400,252.1,1
1097,7,1128,444,303,31.83,1
1097,26,706,449,1150,120.8,1
1098,1,602,445,5153,541.28,1
1098,2,373,444,7521,790.02,1
1098,4,934,447,2378,249.79,1
1098,7,1130,446,387,40.65,1
1098,26,706,449,1136,119.33,1
1099,1,602,445,5150,540.97,1
1099,2,373,444,7605,798.84,1
1099,4,934,446,2347,246.53,1
1099,7,1130,447,425,44.64,1
1099,26,706,449,1152,121.01,1
1100,1,602,445,5219,548.21,1
1100,2,374,444,7580,796.22,1
1100,4,934,446,2349,246.74,1
1100,7,1129,446,327,34.35,1
1100,26,706,449,1143,120.06,1
1101,1,602,445,5209,547.16,1
1101,2,373,444,7579,796.11,1
1101,4,934,447,2395,251.58,1
1101,7,1129,445,340,35.71,1
1101,26,706,449,1151,120.9,1
1102,1,602,445,5177,543.8,1
1102,2,373,444,7670,805.67,1
1102,4,934,446,2325,244.22,1
1102,7,1129,444,338,35.5,1
1102,26,706,449,1164,122.27,1
1103,1,602,445,5167,542.75,1
1103,2,373,444,7646,803.15,1
1103,4,934,446,2319,243.59,1
1103,7,1127,445,270,28.36,1
1103,26,706,449,1146,120.38,1
1104,1,602,445,5204,546.64,1
1104,2,373,444,7776,816.81,1
1104,4,935,447,2429,255.15,1
1104,7,1129,446,356,37.39,1
1104,26,706,449,1165,122.37,1
1105,1,602,445,5235,549.89,1
1105,2,373,444,7705,809.35,1
1105,4,934,447,2389,250.95,1
1105,7,1130,445,360,37.82,1
1105,26,706,449,1174,123.32,1
1106,1,602,445,5188,544.96,1
1106,2,373,444,7691,807.88,1
1106,4,934,446,2329,244.64,1
1106,7,1129,445,358,37.61,1
1106,26,706,449,1162,122.06,1
1107,1,602,445,5135,539.39,1
1107,2,373,444,7671,805.78,1
1107,4,934,447,2351,246.95,1
1107,7,1128,446,338,35.5,1
1107,26,706,449,1158,121.64,1
1108,1,602,445,5210,547.27,1
1108,2,373,444,7854,825.0,1
1108,4,934,447,2374,249.37,1
1108,7,1129,448,451,47.37,1
1108,26,706,449,1175,123.42,1
1109,1,602,445,5176,543.7,1
1109,2,373,444,7728,811.76,1
1109,4,934,447,2425,254.73,1
1109,7,1130,445,386,40.55,1
1109,26,706,449,1178,123.74,1
1110,1,602,445,5206,546.85,1
1110,2,373,444,7749,813.97,1
1110,4,934,447,2445,256.83,1
1110,7,1128,448,395,41.49,1
1110,26,706,449,1173,123.21,1
1111,1,602,445,5205,546.74,1
1111,2,373,444,7716,810.5,1
1111,4,934,447,2392,251.26,1
1111,7,1128,444,270,28.36,1
1111,26,706,449,1161,121.95,1
1112,1,602,445,5231,549.47,1
1112,2,373,444,7718,810.71,1
1112,4,934,447,2414,253.57,1
1112,7,1129,447,408,42.86,1
1112,26,706,449,1162,122.06,1
1113,1,602,445,5204,546.64,1
1113,2,373,444,7724,811.34,1
1113,4,934,447,2423,254.52,1
1113,7,1130,446,433,45.48,1
1113,26,706,449,1181,124.05,1
1114,1,602,445,5168,542.86,1
1114,2,373,444,7654,803.99,1
1114,4,934,447,2420,254.2,1
1114,7,1127,445,270,28.36,1
1114,26,706,449,1149,120.69,1
1115,1,602,445,5133,539.18,1
1115,2,373,444,7647,803.26,1
1115,4,934,447,2384,250.42,1
1115,7,1128,444,292,30.67,1
1115,26,706,449,1154,121.22,1
1116,1,602,445,5168,542.86,1
1116,2,373,444,7674,806.09,1
1116,4,934,447,2393,251.37,1
1116,7,1128,444,345,36.24,1
1116,26,706,449,1160,121.85,1
1117,1,602,445,5201,546.32,1
1117,2,373,444,7697,808.51,1
1117,4,934,446,2365,248.42,1
1117,7,1128,443,282,29.62,1
1117,26,706,449,1174,123.32,1
1118,1,602,445,5212,547.48,1
1118,2,373,444,7729,811.87,1
1118,4,934,447,2424,254.62,1
1118,7,1129,443,302,31.72,1
1118,26,706,449,1157,121.53,1
1119,1,602,445,5156,541.6,1
1119,2,373,444,7601,798.42,1
1119,4,934,446,2351,246.95,1
1119,7,1130,444,325,34.14,1
1119,26,706,449,1161,121.95,1
1120,1,602,445,5230,549.37,1
1120,2,373,444,7727,811.66,1
1120,4,934,447,2408,252.94,1
1120,7,1130,446,394,41.39,1
1120,26,706,449,1161,121.95,1
1121,1,602,445,5196,545.8,1
1121,2,373,444,7635,802.0,1
1121,4,934,447,2411,253.26,1
1121,7,1130,444,344,36.13,1
1121,26,706,449,1169,122.79,1
1122,1,602,445,5172,543.28,1
1122,2,373,444,7633,801.79,1
1122,4,934,446,2332,244.96,1
1122,7,1129,443,303,31.83,1
1122,26,706,449,1167,122.58,1
1123,1,602,445,5155,541.49,1
1123,2,373,444,7622,800.63,1
1123,4,934,446,2284,239.92,1
1123,7,1128,445,326,34.24,1
1123,26,706,449,1167,122.58,1
1124,1,602,445,5154,541.39,1
1124,2,373,444,7674,806.09,1
1124,4,934,447,2458,258.19,1
1124,7,1130,446,348,36.55,1
1124,26,706,449,1168,122.69,1
1125,1,602,445,5184,544.54,1
1125,2,373,444,7724,811.34,1
1125,4,934,447,2434,255.67,1
1125,7,1129,446,413,43.38,1
1125,26,706,449,1171,123.0,1
1126,1,602,445,5221,548.42,1
1126,2,373,444,7751,814.18,1
1126,4,934,447,2443,256.62,1
1126,7,1131,446,439,46.11,1
1126,26,706,449,1158,121.64,1
1127,1,602,445,5160,542.02,1
1127,2,373,444,7661,804.73,1
1127,4,934,447,2441,256.41,1
1127,7,1130,446,398,41.81,1
1127,26,706,449,1164,122.27,1
1128,1,602,445,5251,551.58,1
1128,2,373,444,7718,810.71,1
1128,4,934,447,2391,251.16,1
1128,7,1130,445,442,46.43,1
1128,26,706,449,1164,122.27,1
1129,1,602,445,5198,546.01,1
1129,2,373,444,7691,807.88,1
1129,4,934,446,2377,249.68,1
1129,7,1131,446,489,51.37,1
1129,26,706,449,1171,123.0,1
1130,1,602,445,5177,543.8,1
1130,2,373,444,7617,800.11,1
1130,4,934,447,2315,243.17,1
1130,7,1129,447,373,39.18,1
1130,26,706,449,1138,119.54,1
1131,1,602,445,5148,540.76,1
1131,2,373,444,7568,794.96,1
1131,4,934,447,2384,250.42,1
1131,7,1130,447,469,49.26,1
1131,26,706,449,1160,121.85,1
1132,1,602,445,5145,540.44,1
1132,2,373,444,7713,810.19,1
1132,4,934,447,2430,255.25,1
1132,7,1128,442,228,23.95,1
1132,26,706,449,1179,123.84,1
1133,1,602,445,5181,544.22,1
1133,2,373,444,7727,811.66,1
1133,4,934,447,2402,252.31,1
1133,7,1128,447,323,33.93,1
1133,26,706,449,1162,122.06,1
1134,1,602,445,5183,544.43,1
1134,2,373,444,7639,802.42,1
1134,4,934,447,2418,253.99,1
1134,7,1131,446,498,52.31,1
1134,26,706,449,1204,126.47,1
1135,1,602,445,5142,540.13,1
1135,2,373,444,7569,795.06,1
1135,4,934,447,2362,248.11,1
1135,7,1129,445,325,34.14,1
1135,26,706,449,1154,121.22,1
1136,1,602,445,5204,546.64,1
1136,2,373,444,7715,810.4,1
1136,4,934,447,2447,257.04,1
1136,7,1129,448,388,40.76,1
1136,26,706,449,1200,126.05,1
1137,1,602,445,5190,545.17,1
1137,2,373,444,7695,808.3,1
1137,4,934,447,2382,250.21,1
1137,7,1130,446,427,44.85,1
1137,26,706,449,1167,122.58,1
1138,1,602,445,5186,544.75,1
1138,2,373,444,7645,803.05,1
1138,4,934,446,2354,247.27,1
1138,7,1127,446,319,33.51,1
1138,26,706,449,1172,123.11,1
1139,1,602,445,5198,546.01,1
1139,2,373,444,7640,802.52,1
1139,4,934,447,2404,252.52,1
1139,7,1129,446,350,36.76,1
1139,26,706,449,1150,120.8,1
1140,1,602,445,5214,547.69,1
1140,2,373,444,7653,803.89,1
1140,4,934,447,2397,251.79,1
1140,7,1131,447,527,55.36,1
1140,26,706,449,1171,123.0,1
1141,1,602,445,5216,547.9,1
1141,2,373,444,7658,804.41,1
1141,4,934,447,2430,255.25,1
1141,7,1129,447,374,39.29,1
1141,26,706,449,1157,121.53,1
1142,1,602,445,5210,547.27,1
1142,2,373,444,7675,806.2,1
1142,4,934,447,2407,252.84,1
1142,7,1129,446,383,40.23,1
1142,26,706,449,1175,123.42,1
1143,1,602,445,5165,542.54,1
1143,2,373,444,7664,805.04,1
1143,4,934,447,2398,251.89,1
1143,7,1127,445,268,28.15,1
1143,26,706,449,1170,122.9,1
1144,1,602,445,5182,544.33,1
1144,2,373,444,7747,813.76,1
1144,4,934,447,2434,255.67,1
1144,7,1127,446,304,31.93,1
1144,26,706,449,1190,125.0,1
1145,1,602,445,5152,541.18,1
1145,2,373,444,7745,813.55,1
1145,4,934,447,2451,257.46,1
1145,7,1128,446,331,34.77,1
1145,26,706,449,1155,121.32,1
1146,1,602,445,5153,541.28,1
1146,2,373,444,7630,801.47,1
1146,4,934,446,2308,242.44,1
1146,7,1127,445,306,32.14,1
1146,26,706,449,1172,123.11,1
1147,1,603,445,5177,543.8,1
1147,2,373,444,7659,804.52,1
1147,4,934,447,2399,252.0,1
1147,7,1130,447,496,52.1,1
1147,26,706,449,1196,125.63,1
1148,1,602,445,5186,544.75,1
1148,2,373,444,7778,817.02,1
1148,4,934,447,2437,255.99,1
1148,7,1129,447,394,41.39,1
1148,26,706,449,1184,124.37,1
1149,1,602,445,5222,548.53,1
1149,2,373,444,7806,819.96,1
1149,4,934,447,2425,254.73,1
1149,7,1131,446,493,51.79,1
1149,26,706,449,1195,125.53,1
1150,1,602,445,5205,546.74,1
1150,2,373,444,7789,818.17,1
1150,4,934,447,2476,260.08,1
1150,7,1130,445,359,37.71,1
1150,26,706,449,1173,123.21,1
1151,1,602,445,5185,544.64,1
1151,2,373,444,7676,806.3,1
1151,4,934,446,2360,247.9,1
1151,7,1130,446,452,47.48,1
1151,26,706,449,1149,120.69,1
1152,1,602,445,5224,548.74,1
1152,2,373,444,7798,819.12,1
1152,4,934,447,2428,255.04,1
1152,7,1129,447,414,43.49,1
1152,26,706,449,1174,123.32,1
1153,1,602,445,5190,545.17,1
1153,2,373,444,7760,815.13,1
1153,4,934,447,2397,251.79,1
1153,7,1129,447,405,42.54,1
1153,26,706,449,1175,123.42,1
1154,1,602,445,5163,542.33,1
1154,2,373,444,7677,806.41,1
1154,4,934,447,2390,251.05,1
1154,7,1129,444,302,31.72,1
1154,26,706,449,1162,122.06,1
1155,1,602,445,5151,541.07,1
1155,2,373,444,7601,798.42,1
1155,4,934,447,2411,253.26,1
1155,7,1127,444,264,27.73,1
1155,26,706,449,1137,119.43,1
1156,1,603,445,5201,546.32,1
1156,2,373,444,7781,817.33,1
1156,4,934,447,2412,253.36,1
1156,7,1130,446,406,42.65,1
1156,26,706,449,1161,121.95,1
1157,1,602,445,5242,550.63,1
1157,2,373,444,7768,815.97,1
1157,4,934,447,2410,253.15,1
1157,7,1131,446,468,49.16,1
1157,26,706,449,1159,121.74,1
1158,1,602,445,5159,541.91,1
1158,2,373,444,7703,809.14,1
1158,4,934,447,2418,253.99,1
1158,7,1130,446,457,48.0,1
1158,26,706,449,1173,123.21,1
1159,1,602,445,5143,540.23,1
1159,2,373,444,7639,802.42,1
1159,4,934,447,2381,250.11,1
1159,7,1129,444,327,34.35,1
1159,26,706,449,1160,121.85,1
1160,1,602,445,5157,541.7,1
1160,2,373,444,7625,800.95,1
1160,4,934,447,2375,249.47,1
1160,7,1127,445,299,31.41,1
1160,26,706,449,1166,122.48,1
1161,1,602,445,5193,545.48,1
1161,2,373,444,7745,813.55,1
1161,4,934,447,2485,261.03,1
1161,7,1128,445,352,36.97,1
1161,26,706,449,1181,124.05,1
1162,1,602,445,5138,539.71,1
1162,2,373,444,7590,797.27,1
1162,4,934,447,2359,247.79,1
1162,7,1130,446,443,46.53,1
1162,26,706,449,1151,120.9,1
1163,1,602,445,5192,545.38,1
1163,2,373,444,7734,812.39,1
1163,4,934,447,2352,247.06,1
1163,7,1128,445,327,34.35,1
1163,26,706,449,1176,123.53,1
1164,1,602,445,5211,547.37,1
1164,2,373,444,7719,810.82,1
1164,4,934,447,2436,255.88,1
1164,7,1131,446,494,51.89,1
1164,26,706,449,1182,124.16,1
1165,1,602,445,5207,546.95,1
1165,2,373,444,7700,808.82,1
1165,4,934,447,2407,252.84,1
1165,7,1127,445,279,29.31,1
1165,26,707,449,1179,123.84,1
1166,1,602,445,5172,543.28,1
1166,2,373,444,7727,811.66,1
1166,4,934,447,2393,251.37,1
1166,7,1130,447,474,49.79,1
1166,26,706,449,1183,124.26,1
1167,1,602,445,5194,545.59,1
1167,2,373,444,7733,812.29,1
1167,4,934,447,2403,252.42,1
1167,7,1130,447,379,39.81,1
1167,26,706,449,1138,119.54,1
1168,1,602,445,5199,546.11,1
1168,2,373,444,7745,813.55,1
1168,4,934,447,2373,249.26,1
1168,7,1130,445,389,40.86,1
1168,26,706,449,1180,123.95,1
1169,1,602,445,5125,538.34,1
1169,2,373,444,7717,810.61,1
1169,4,934,447,2343,246.11,1
1169,7,1128,445,334,35.08,1
1169,26,706,449,1180,123.95,1
1170,1,602,445,5173,543.38,1
1170,2,373,444,7667,805.36,1
1170,4,934,447,2350,246.85,1
1170,7,1130,447,454,47.69,1
1170,26,706,449,1162,122.06,1
1171,1,602,445,5192,545.38,1
1171,2,373,444,7735,812.5,1
1171,4,934,447,2406,252.73,1
1171,7,1131,446,501,52.63,1
1171,26,706,449,1171,123.0,1
1172,1,602,445,5225,548.84,1
1172,2,373,444,7686,807.35,1
1172,4,934,447,2405,252.63,1
1172,7,1130,447,429,45.06,1
1172,26,706,449,1195,125.53,1
1173,1,602,445,5208,547.06,1
1173,2,373,444,7707,809.56,1
1173,4,934,447,2349,246.74,1
1173,7,1130,447,524,55.04,1
1173,26,706,449,1168,122.69,1
1174,1,602,445,5255,552.0,1
1174,2,373,444,7700,808.82,1
1174,4,934,446,2383,250.32,1
1174,7,1131,443,366,38.45,1
1174,26,706,449,1171,123.0,1
1175,1,602,445,5206,546.85,1
1175,2,373,444,7689,807.67,1
1175,4,934,447,2425,254.73,1
1175,7,1131,447,505,53.05,1
1175,26,706,449,1178,123.74,1
1176,1,602,445,5184,544.54,1
1176,2,373,444,7680,806.72,1
1176,4,934,447,2445,256.83,1
1176,7,1130,447,415,43.59,1
1176,26,706,449,1181,124.05,1
1177,1,602,445,5170,543.07,1
1177,2,373,444,7688,807.56,1
1177,4,934,447,2391,251.16,1
1177,7,1130,445,349,36.66,1
1177,26,706,449,1173,123.21,1
1178,1,602,445,5176,543.7,1
1178,2,373,444,7645,803.05,1
1178,4,934,447,2408,252.94,1
1178,7,1129,444,331,34.77,1
1178,26,706,449,1171,123.0,1
1179,1,602,445,5190,545.17,1
1179,2,373,444,7666,805.25,1
1179,4,934,447,2383,250.32,1
1179,7,1129,447,403,42.33,1
1179,26,706,449,1186,124.58,1
1180,1,603,445,5207,546.95,1
1180,2,373,444,7677,806.41,1
1180,4,934,447,2448,257.14,1
1180,7,1128,443,261,27.42,1
1180,26,706,449,1174,123.32,1
1181,1,602,445,5169,542.96,1
1181,2,373,444,7604,798.74,1
1181,4,934,446,2384,250.42,1
1181,7,1130,446,399,41.91,1
1181,26,706,449,1170,122.9,1
1182,1,602,445,5225,548.84,1
1182,2,373,444,7707,809.56,1
1182,4,934,447,2403,252.42,1
1182,7,1131,446,493,51.79,1
1182,26,706,449,1188,124.79,1
1183,1,602,445,5248,551.26,1
1183,2,373,444,7828,822.27,1
1183,4,934,447,2422,254.41,1
1183,7,1129,446,387,40.65,1
1183,26,706,449,1190,125.0,1
1184,1,602,445,5231,549.47,1
1184,2,373,444,7764,815.55,1
1184,4,934,447,2460,258.4,1
1184,7,1131,447,525,55.15,1
1184,26,706,449,1186,124.58,1
1185,1,602,445,5188,544.96,1
1185,2,374,444,7524,790.34,1
1185,4,934,447,2440,256.3,1
1185,7,1130,446,341,35.82,1
1185,26,706,449,1181,124.05,1
1186,1,602,445,5180,544.12,1
1186,2,373,444,7611,799.47,1
1186,4,934,447,2385,250.53,1
1186,7,1128,443,251,26.37,1
1186,26,706,449,1174,123.32,1
1187,1,602,445,5114,537.18,1
1187,2,373,444,7560,794.12,1
1187,4,934,446,2398,251.89,1
1187,7,1128,442,251,26.37,1
1187,26,706,449,1176,123.53,1
1188,1,602,445,5183,544.43,1
1188,2,373,444,7685,807.25,1
1188,4,934,447,2417,253.89,1
1188,7,1129,446,397,41.7,1
1188,26,706,449,1188,124.79,1
1189,1,602,445,5163,542.33,1
1189,2,373,444,7575,795.69,1
1189,4,934,446,2345,246.32,1
1189,7,1128,445,336,35.29,1
1189,26,706,449,1181,124.05,1
1190,1,602,445,5175,543.59,1
1190,2,374,444,7648,803.36,1
1190,4,934,446,2317,243.38,1
1190,7,1130,445,389,40.86,1
1190,26,706,449,1165,122.37,1
1191,1,602,445,5204,546.64,1
1191,2,373,444,7683,807.04,1
1191,4,934,447,2416,253.78,1
1191,7,1131,447,484,50.84,1
1191,26,706,449,1182,124.16,1
1192,1,602,445,5203,546.53,1
1192,2,373,444,7697,808.51,1
1192,4,934,446,2313,242.96,1
1192,7,1130,448,526,55.25,1
1192,26,706,449,1169,122.79,1
1193,1,602,445,5193,545.48,1
1193,2,373,444,7664,805.04,1
1193,4,934,447,2387,250.74,1
1193,7,1130,446,432,45.38,1
1193,26,706,449,1171,123.0,1
1194,1,602,445,5173,543.38,1
1194,2,373,444,7653,803.89,1
1194,4,934,447,2330,244.75,1
1194,7,1127,445,273,28.68,1
1194,26,706,449,1165,122.37,1
1195,1,602,445,5167,542.75,1
1195,2,373,444,7736,812.61,1
1195,4,934,447,2429,255.15,1
1195,7,1131,447,510,53.57,1
1195,26,706,449,1166,122.48,1
1196,1,602,445,5202,546.43,1
1196,2,373,444,7728,811.76,1
1196,4,934,447,2403,252.42,1
1196,7,1131,446,398,41.81,1
1196,26,706,449,1170,122.9,1
1197,1,602,445,5185,544.64,1
1197,2,373,444,7698,808.61,1
1197,4,934,447,2370,248.95,1
1197,7,1130,445,425,44.64,1
1197,26,706,449,1155,121.32,1
1198,1,602,445,5217,548.0,1
1198,2,373,444,7735,812.5,1
1198,4,934,447,2393,251.37,1
1198,7,1131,444,368,38.66,1
1198,26,706,449,1169,122.79,1
1199,1,603,445,5182,544.33,1
1199,2,373,444,7770,816.18,1
1199,4,934,447,2395,251.58,1
1199,7,1130,444,383,40.23,1
1199,26,706,449,1155,121.32,1
1200,1,602,445,5196,545.8,1
1200,2,373,444,7737,812.71,1
1200,4,934,447,2386,250.63,1
1200,7,1130,445,404,42.44,1
1200,26,706,449,1162,122.06,1
1201,1,602,445,5186,544.75,1
1201,2,373,444,7732,812.18,1
1201,4,934,446,2330,244.75,1
1201,7,1130,445,363,38.13,1
1201,26,706,449,1171,123.0,1
1202,1,603,445,5122,538.03,1
1202,2,373,444,7701,808.93,1
1202,4,934,447,2389,250.95,1
1202,7,1131,443,338,35.5,1
1202,26,706,449,1153,121.11,1
1203,1,602,445,5186,544.75,1
1203,2,373,444,7717,810.61,1
1203,4,934,446,2342,246.01,1
1203,7,1130,446,433,45.48,1
1203,26,706,449,1175,123.42,1
1204,1,602,445,5143,540.23,1
1204,2,373,444,7752,814.29,1
1204,4,934,447,2408,252.94,1
1204,7,1129,445,339,35.61,1
1204,26,706,449,1172,123.11,1
1205,1,602,445,5134,539.29,1
1205,2,373,444,7702,809.03,1
1205,4,934,446,2341,245.9,1
1205,7,1130,446,366,38.45,1
1205,26,706,449,1173,123.21,1
1206,1,602,445,5120,537.82,1
1206,2,373,444,7760,815.13,1
1206,4,934,447,2379,249.89,1
1206,7,1130,446,426,44.75,1
1206,26,706,449,1182,124.16,1
1207,1,602,445,5155,541.49,1
1207,2,373,444,7668,805.46,1
1207,4,934,447,2402,252.31,1
1207,7,1131,446,403,42.33,1
1207,26,706,449,1155,121.32,1
1208,1,602,445,5183,544.43,1
1208,2,373,444,7584,796.64,1
1208,4,934,447,2417,253.89,1
1208,7,1130,445,397,41.7,1
1208,26,706,449,1175,123.42,1
1209,1,602,445,5191,545.27,1
1209,2,373,444,7729,811.87,1
1209,4,934,447,2412,253.36,1
1209,7,1128,445,301,31.62,1
1209,26,706,449,1184,124.37,1
1210,1,602,445,5161,542.12,1
1210,2,373,444,7668,805.46,1
1210,4,934,447,2347,246.53,1
1210,7,1129,447,377,39.6,1
1210,26,706,449,1169,122.79,1
1211,1,602,445,5214,547.69,1
1211,2,373,444,7751,814.18,1
1211,4,934,447,2408,252.94,1
1211,7,1131,447,490,51.47,1
1211,26,706,449,1166,122.48,1
1212,1,602,445,5225,548.84,1
1212,2,373,444,7699,808.72,1
1212,4,934,447,2407,252.84,1
1212,7,1131,447,539,56.62,1
1212,26,706,449,1162,122.06,1
1213,1,602,445,5177,543.8,1
1213,2,373,444,7698,808.61,1
1213,4,934,447,2431,255.36,1
1213,7,1131,446,465,48.84,1
1213,26,706,449,1177,123.63,1
1214,1,602,445,5226,548.95,1
1214,2,373,444,7714,810.29,1
1214,4,934,447,2477,260.19,1
1214,7,1130,445,388,40.76,1
1214,26,706,449,1189,124.89,1
1215,1,602,445,5159,541.91,1
1215,2,373,444,7646,803.15,1
1215,4,934,447,2395,251.58,1
1215,7,1130,445,383,40.23,1
1215,26,706,449,1155,121.32,1
1216,1,602,445,5213,547.58,1
1216,2,373,444,7690,807.77,1
1216,4,934,447,2425,254.73,1
1216,7,1129,447,392,41.18,1
1216,26,706,449,1156,121.43,1
1217,1,602,445,5216,547.9,1
1217,2,373,444,7720,810.92,1
1217,4,934,447,2329,244.64,1
1217,7,1130,445,381,40.02,1
1217,26,706,449,1166,122.48,1
1218,1,602,445,5204,546.64,1
1218,2,373,444,7664,805.04,1
1218,4,934,447,2365,248.42,1
1218,7,1130,445,394,41.39,1
1218,26,706,449,1174,123.32,1
1219,1,602,445,5172,543.28,1
1219,2,374,444,7617,800.11,1
1219,4,934,447,2438,256.09,1
1219,7,1131,445,414,43.49,1
1219,26,706,449,1161,121.95,1
1220,1,602,445,5200,546.22,1
1220,2,373,444,7808,820.17,1
1220,4,934,447,2418,253.99,1
1220,7,1131,447,501,52.63,1
1220,26,706,449,1152,121.01,1
1221,1,602,445,5166,542.65,1
1221,2,373,444,7666,805.25,1
1221,4,934,447,2384,250.42,1
1221,7,1127,443,265,27.84,1
1221,26,706,449,1161,121.95,1
1222,1,602,445,5214,547.69,1
1222,2,373,444,7660,804.62,1
1222,4,934,447,2439,256.2,1
1222,7,1131,446,469,49.26,1
1222,26,706,449,1175,123.42,1
1223,1,602,445,5161,542.12,1
1223,2,373,444,7629,801.37,1
1223,4,934,447,2431,255.36,1
1223,7,1131,445,405,42.54,1
1223,26,706,449,1165,122.37,1
1224,1,602,445,5171,543.17,1
1224,2,373,444,7690,807.77,1
1224,4,934,447,2384,250.42,1
1224,7,1128,445,300,31.51,1
1224,26,706,449,1184,124.37,1
1225,1,602,445,5175,543.59,1
1225,2,373,444,7690,807.77,1
1225,4,934,447,2416,253.78,1
1225,7,1130,447,457,48.0,1
1225,26,706,449,1149,120.69,1
1226,1,602,445,5138,539.71,1
1226,2,373,444,7690,807.77,1
1226,4,934,447,2323,244.01,1
1226,7,1129,447,341,35.82,1
1226,26,706,449,1148,120.59,1
1227,1,602,445,5188,544.96,1
1227,2,373,444,7685,807.25,1
1227,4,934,447,2368,248.74,1
1227,7,1127,445,307,32.25,1
1227,26,706,449,1161,121.95,1
1228,1,602,445,5174,543.49,1
1228,2,373,444,7625,800.95,1
1228,4,934,447,2445,256.83,1
1228,7,1131,445,463,48.63,1
1228,26,706,449,1170,122.9,1
1229,1,602,445,5205,546.74,1
1229,2,373,444,7730,811.97,1
1229,4,934,447,2444,256.72,1
1229,7,1129,445,362,38.03,1
1229,26,706,449,1168,122.69,1
1230,1,602,445,5202,546.43,1
1230,2,373,444,7708,809.66,1
1230,4,934,447,2476,260.08,1
1230,7,1130,445,338,35.5,1
1230,26,706,449,1163,122.16,1
1231,1,602,445,5171,543.17,1
1231,2,373,444,7732,812.18,1
1231,4,934,446,2340,245.8,1
1231,7,1128,444,297,31.2,1
1231,26,706,449,1175,123.42,1
1232,1,603,445,5172,543.28,1
1232,2,373,444,7676,806.3,1
1232,4,934,447,2368,248.74,1
1232,7,1131,447,503,52.84,1
1232,26,706,449,1162,122.06,1
1233,1,602,445,5186,544.75,1
1233,2,373,444,7745,813.55,1
1233,4,934,447,2432,255.46,1
1233,7,1130,446,453,47.58,1
1233,26,706,449,1167,122.58,1
1234,1,602,445,5173,543.38,1
1234,2,373,444,7701,808.93,1
1234,4,934,447,2353,247.16,1
1234,7,1129,447,433,45.48,1
1234,26,706,449,1152,121.01,1
1235,1,602,445,5156,541.6,1
1235,2,373,444,7622,800.63,1
1235,4,934,447,2348,246.64,1
1235,7,1129,446,354,37.18,1
1235,26,706,449,1149,120.69,1
1236,1,602,445,5225,548.84,1
1236,2,373,444,7718,810.71,1
1236,4,934,447,2414,253.57,1
1236,7,1128,445,298,31.3,1
1236,26,706,449,1176,123.53,1
1237,1,602,445,5176,543.7,1
1237,2,373,444,7686,807.35,1
1237,4,934,447,2448,257.14,1
1237,7,1130,446,379,39.81,1
1237,26,706,449,1174,123.32,1
1238,1,602,445,5173,543.38,1
1238,2,373,444,7752,814.29,1
1238,4,934,447,2427,254.94,1
1238,7,1130,444,338,35.5,1
1238,26,706,449,1160,121.85,1
1239,1,603,445,5151,541.07,1
1239,2,373,444,7731,812.08,1
1239,4,934,447,2409,253.05,1
1239,7,1131,444,392,41.18,1
1239,26,706,449,1157,121.53,1
1240,1,602,445,5143,540.23,1
1240,2,373,444,7654,803.99,1
1240,4,934,447,2394,251.47,1
1240,7,1128,445,333,34.98,1
1240,26,706,449,1161,121.95,1
1241,1,602,445,5220,548.32,1
1241,2,374,444,7625,800.95,1
1241,4,934,447,2426,254.83,1
1241,7,1129,443,282,29.62,1
1241,26,706,449,1147,120.48,1
1242,1,602,445,5129,538.76,1
1242,2,373,444,7526,790.55,1
1242,4,934,446,2362,248.11,1
1242,7,1127,443,261,27.42,1
1242,26,706,449,1148,120.59,1
1243,1,602,445,5188,544.96,1
1243,2,373,444,7696,808.4,1
1243,4,934,447,2414,253.57,1
1243,7,1129,447,458,48.11,1
1243,26,706,449,1154,121.22,1
1244,1,602,445,5226,548.95,1
1244,2,373,444,7736,812.61,1
1244,4,934,447,2376,249.58,1
1244,7,1131,445,429,45.06,1
1244,26,706,449,1146,120.38,1
1245,1,603,445,5192,545.38,1
1245,2,373,444,7679,806.62,1
1245,4,934,447,2371,249.05,1
1245,7,1129,446,356,37.39,1
1245,26,706,449,1144,120.17,1
1246,1,603,445,5193,545.48,1
1246,2,373,444,7717,810.61,1
1246,4,934,447,2375,249.47,1
1246,7,1131,445,426,44.75,1
1246,26,706,449,1185,124.47,1
1247,1,602,445,5176,543.7,1
1247,2,373,444,7673,805.99,1
1247,4,934,446,2330,244.75,1
1247,7,1130,445,346,36.34,1
1247,26,706,449,1174,123.32,1
1248,1,602,445,5231,549.47,1
1248,2,373,444,7769,816.07,1
1248,4,934,447,2403,252.42,1
1248,7,1130,446,388,40.76,1
1248,26,706,449,1192,125.21,1
1249,1,602,445,5183,544.43,1
1249,2,373,444,7696,808.4,1
1249,4,934,447,2382,250.21,1
1249,7,1127,444,273,28.68,1
1249,26,706,449,1165,122.37,1
1250,1,602,445,5138,539.71,1
1250,2,373,444,7541,792.12,1
1250,4,934,446,2354,247.27,1
1250,7,1130,444,331,34.77,1
1250,26,706,449,1169,122.79,1
1251,1,602,445,5193,545.48,1
1251,2,373,444,7617,800.11,1
1251,4,934,446,2350,246.85,1
1251,7,1131,444,331,34.77,1
1251,26,706,449,1173,123.21,1
1252,1,602,445,5192,545.38,1
1252,2,373,444,7769,816.07,1
1252,4,934,447,2423,254.52,1
1252,7,1128,443,272,28.57,1
1252,26,706,449,1177,123.63,1
1253,1,602,445,5171,543.17,1
1253,2,374,444,7647,803.26,1
1253,4,934,447,2409,253.05,1
1253,7,1129,447,396,41.6,1
1253,26,706,449,1172,123.11,1
1254,1,602,445,5189,545.06,1
1254,2,373,444,7720,810.92,1
1254,4,934,447,2444,256.72,1
1254,7,1130,445,366,38.45,1
1254,26,706,449,1169,122.79,1
1255,1,602,445,5168,542.86,1
1255,2,373,444,7752,814.29,1
1255,4,934,447,2394,251.47,1
1255,7,1131,444,374,39.29,1
1255,26,706,449,1173,123.21,1
1256,1,602,445,5204,546.64,1
1256,2,373,444,7787,817.96,1
1256,4,934,447,2400,252.1,1
1256,7,1131,444,387,40.65,1
1256,26,706,449,1182,124.16,1
1257,1,602,445,5213,547.58,1
1257,2,373,444,7800,819.33,1
1257,4,934,447,2475,259.98,1
1257,7,1128,444,266,27.94,1
1257,26,706,449,1166,122.48,1
1258,1,602,445,5143,540.23,1
1258,2,373,444,7574,795.59,1
1258,4,934,447,2432,255.46,1
1258,7,1128,442,259,27.21,1
1258,26,706,449,1142,119.96,1
1259,1,602,445,5185,544.64,1
1259,2,374,444,7800,819.33,1
1259,4,934,447,2393,251.37,1
1259,7,1130,447,460,48.32,1
1259,26,706,449,1180,123.95,1
1260,1,602,445,5172,543.28,1
1260,2,373,444,7683,807.04,1
1260,4,934,446,2316,243.28,1
1260,7,1129,442,266,27.94,1
1260,26,706,449,1175,123.42,1
1261,1,602,445,5146,540.55,1
1261,2,373,444,7662,804.83,1
1261,4,933,447,2435,255.78,1
1261,7,1130,447,453,47.58,1
1261,26,706,449,1196,125.63,1
1262,1,602,445,5166,542.65,1
1262,2,373,444,7753,814.39,1
1262,4,934,447,2448,257.14,1
1262,7,1130,447,381,40.02,1
1262,26,706,449,1172,123.11,1
1263,1,602,445,5172,543.28,1
1263,2,373,444,7703,809.14,1
1263,4,934,447,2423,254.52,1
1263,7,1130,447,458,48.11,1
1263,26,706,450,1203,126.37,1
1264,1,602,445,5168,542.86,1
1264,2,373,444,7668,805.46,1
1264,4,934,446,2383,250.32,1
1264,7,1130,445,378,39.71,1
1264,26,706,449,1192,125.21,1
1265,1,603,445,5184,544.54,1
1265,2,373,444,7655,804.1,1
1265,4,934,446,2289,240.44,1
1265,7,1127,445,282,29.62,1
1265,26,706,449,1187,124.68,1
1266,1,602,445,5165,542.54,1
1266,2,373,444,7636,802.1,1
1266,4,935,447,2407,252.84,1
1266,7,1131,447,488,51.26,1
1266,26,706,449,1141,119.85,1
1267,1,602,445,5191,545.27,1
1267,2,373,444,7618,800.21,1
1267,4,934,447,2383,250.32,1
1267,7,1127,445,300,31.51,1
1267,26,706,449,1143,120.06,1
1268,1,602,445,5153,541.28,1
1268,2,373,444,7651,803.68,1
1268,4,934,446,2342,246.01,1
1268,7,1131,446,493,51.79,1
1268,26,706,449,1171,123.0,1
1269,1,603,445,5133,539.18,1
1269,2,373,444,7673,805.99,1
1269,4,934,447,2412,253.36,1
1269,7,1129,446,379,39.81,1
1269,26,706,449,1131,118.8,1
1270,1,603,445,5169,542.96,1
1270,2,373,444,7673,805.99,1
1270,4,934,446,2366,248.53,1
1270,7,1129,446,400,42.02,1
1270,26,706,449,1154,121.22,1
1271,1,602,445,5221,548.42,1
1271,2,373,444,7678,806.51,1
1271,4,934,446,2309,242.54,1
1271,7,1129,445,364,38.24,1
1271,26,706,449,1192,125.21,1
1272,1,602,445,5200,546.22,1
1272,2,373,444,7766,815.76,1
1272,4,934,447,2395,251.58,1
1272,7,1129,445,374,39.29,1
1272,26,706,449,1158,121.64,1
1273,1,602,445,5184,544.54,1
1273,2,373,444,7699,808.72,1
1273,4,934,447,2436,255.88,1
1273,7,1130,444,369,38.76,1
1273,26,706,449,1158,121.64,1
1274,1,602,445,5195,545.69,1
1274,2,373,444,7705,809.35,1
1274,4,934,447,2410,253.15,1
1274,7,1131,447,505,53.05,1
1274,26,706,449,1156,121.43,1
1275,1,602,445,5239,550.32,1
1275,2,373,444,7858,825.42,1
1275,4,934,447,2424,254.62,1
1275,7,1130,447,393,41.28,1
1275,26,706,449,1177,123.63,1
1276,1,602,445,5167,542.75,1
1276,2,373,444,7698,808.61,1
1276,4,934,447,2381,250.11,1
1276,7,1129,442,251,26.37,1
1276,26,706,449,1163,122.16,1
1277,1,602,445,5172,543.28,1
1277,2,373,444,7666,805.25,1
1277,4,934,446,2301,241.7,1
1277,7,1128,442,242,25.42,1
1277,26,706,449,1167,122.58,1
1278,1,603,445,5147,540.65,1
1278,2,373,444,7591,797.37,1
1278,4,934,446,2337,245.48,1
1278,7,1129,446,367,38.55,1
1278,26,706,449,1164,122.27,1
1279,1,602,445,5089,534.56,1
1279,2,373,444,7595,797.79,1
1279,4,934,446,2309,242.54,1
1279,7,1127,444,261,27.42,1
1279,26,706,449,1156,121.43,1
1280,1,603,445,5170,543.07,1
1280,2,373,444,7683,807.04,1
1280,4,934,446,2327,244.43,1
1280,7,1130,446,484,50.84,1
1280,26,706,449,1165,122.37,1
1281,1,602,445,5151,541.07,1
1281,2,373,444,7599,798.21,1
1281,4,934,446,2247,236.03,1
1281,7,1130,444,347,36.45,1
1281,26,706,449,1161,121.95,1
1282,1,602,445,5143,540.23,1
1282,2,373,444,7662,804.83,1
1282,4,934,447,2339,245.69,1
1282,7,1129,443,295,30.99,1
1282,26,706,449,1152,121.01,1
1283,1,602,445,5189,545.06,1
1283,2,373,444,7641,802.63,1
1283,4,934,447,2400,252.1,1
1283,7,1128,444,314,32.98,1
1283,26,706,449,1144,120.17,1
1284,1,602,445,5196,545.8,1
1284,2,373,444,7777,816.91,1
1284,4,934,447,2414,253.57,1
1284,7,1130,445,418,43.91,1
1284,26,706,449,1155,121.32,1
1285,1,602,445,5139,539.81,1
1285,2,373,444,7724,811.34,1
1285,4,934,447,2410,253.15,1
1285,7,1130,447,378,39.71,1
1285,26,706,449,1160,121.85,1
1286,1,602,445,5180,544.12,1
1286,2,373,444,7711,809.98,1
1286,4,934,447,2388,250.84,1
1286,7,1128,444,322,33.82,1
1286,26,706,449,1159,121.74,1
1287,1,602,445,5189,545.06,1
1287,2,373,444,7641,802.63,1
1287,4,934,446,2369,248.84,1
1287,7,1128,444,318,33.4,1
1287,26,706,449,1152,121.01,1
1288,1,602,445,5167,542.75,1
1288,2,373,444,7616,800.0,1
1288,4,934,447,2419,254.1,1
1288,7,1130,446,371,38.97,1
1288,26,706,449,1175,123.42,1
1289,1,602,445,5221,548.42,1
1289,2,373,444,7685,807.25,1
1289,4,934,447,2388,250.84,1
1289,7,1128,444,296,31.09,1
1289,26,706,449,1171,123.0,1
1290,1,602,445,5172,543.28,1
1290,2,373,444,7672,805.88,1
1290,4,934,447,2362,248.11,1
1290,7,1130,446,341,35.82,1
1290,26,706,449,1147,120.48,1
1291,1,602,445,5196,545.8,1
1291,2,373,444,7770,816.18,1
1291,4,934,446,2344,246.22,1
1291,7,1128,444,294,30.88,1
1291,26,706,449,1163,122.16,1
1292,1,602,445,5202,546.43,1
1292,2,373,444,7680,806.72,1
1292,4,934,446,2325,244.22,1
1292,7,1131,448,510,53.57,1
1292,26,706,449,1165,122.37,1
1293,1,602,445,5186,544.75,1
1293,2,373,444,7657,804.31,1
1293,4,934,447,2415,253.68,1
1293,7,1131,446,498,52.31,1
1293,26,706,449,1176,123.53,1
1294,1,602,445,5158,541.81,1
1294,2,373,444,7644,802.94,1
1294,4,934,447,2371,249.05,1
1294,7,1130,444,339,35.61,1
1294,26,706,449,1165,122.37,1
1295,1,602,445,5180,544.12,1
1295,2,373,444,7681,806.83,1
1295,4,934,447,2372,249.16,1
1295,7,1130,444,370,38.87,1
1295,26,706,449,1186,124.58,1
1296,1,602,445,5179,544.01,1
1296,2,373,444,7698,808.61,1
1296,4,934,447,2434,255.67,1
1296,7,1130,445,386,40.55,1
1296,26,706,449,1164,122.27,1
1297,1,603,445,5164,542.44,1
1297,2,373,444,7719,810.82,1
1297,4,934,446,2300,241.6,1
1297,7,1128,444,300,31.51,1
1297,26,706,449,1166,122.48,1
1298,1,602,445,5144,540.34,1
1298,2,373,444,7729,811.87,1
1298,4,934,446,2339,245.69,1
1298,7,1128,444,296,31.09,1
1298,26,706,449,1153,121.11,1
1299,1,602,445,5199,546.11,1
1299,2,373,444,7703,809.14,1
1299,4,934,446,2362,248.11,1
1299,7,1130,445,391,41.07,1
1299,26,706,449,1154,121.22,1
1300,1,602,445,5216,547.9,1
1300,2,373,444,7747,813.76,1
1300,4,934,447,2458,258.19,1
1300,7,1131,442,293,30.78,1
1300,26,706,449,1181,124.05,1
1301,1,602,445,5184,544.54,1
1301,2,373,444,7638,802.31,1
1301,4,934,447,2363,248.21,1
1301,7,1129,445,335,35.19,1
1301,26,706,449,1175,123.42,1
1302,1,602,445,5169,542.96,1
1302,2,373,444,7724,811.34,1
1302,4,934,447,2389,250.95,1
1302,7,1130,448,503,52.84,1
1302,26,706,449,1155,121.32,1
1303,1,602,445,5158,541.81,1
1303,2,373,444,7677,806.41,1
1303,4,934,447,2439,256.2,1
1303,7,1129,446,363,38.13,1
1303,26,706,449,1173,123.21,1
1304,1,602,445,5145,540.44,1
1304,2,373,444,7647,803.26,1
1304,4,934,447,2368,248.74,1
1304,7,1131,443,317,33.3,1
1304,26,706,449,1158,121.64,1
1305,1,602,445,5171,543.17,1
1305,2,373,444,7713,810.19,1
1305,4,934,447,2353,247.16,1
1305,7,1130,445,418,43.91,1
1305,26,706,449,1150,120.8,1
1306,1,603,445,5117,537.5,1
1306,2,373,444,7563,794.43,1
1306,4,934,446,2300,241.6,1
1306,7,1128,444,314,32.98,1
1306,26,706,449,1123,117.96,1
1307,1,603,445,5119,537.71,1
1307,2,373,444,7718,810.71,1
1307,4,934,446,2335,245.27,1
1307,7,1130,446,374,39.29,1
1307,26,706,449,1139,119.64,1
1308,1,602,445,5172,543.28,1
1308,2,373,444,7654,803.99,1
1308,4,934,446,2336,245.38,1
1308,7,1130,446,363,38.13,1
1308,26,706,449,1163,122.16,1
1309,1,602,445,5175,543.59,1
1309,2,373,444,7694,808.19,1
1309,4,934,447,2353,247.16,1
1309,7,1130,445,376,39.5,1
1309,26,706,449,1165,122.37,1
1310,1,602,445,5152,541.18,1
1310,2,373,444,7687,807.46,1
1310,4,934,447,2365,248.42,1
1310,7,1130,444,328,34.45,1
1310,26,706,449,1181,124.05,1
1311,1,602,445,5156,541.6,1
1311,2,373,444,7691,807.88,1
1311,4,934,447,2335,245.27,1
1311,7,1131,444,354,37.18,1
1311,26,706,449,1163,122.16,1
1312,1,602,445,5181,544.22,1
1312,2,373,444,7766,815.76,1
1312,4,934,447,2395,251.58,1
1312,7,1131,447,425,44.64,1
1312,26,706,449,1173,123.21,1
1313,1,602,445,5170,543.07,1
1313,2,373,444,7692,807.98,1
1313,4,934,447,2399,252.0,1
1313,7,1131,445,404,42.44,1
1313,26,706,449,1182,124.16,1
1314,1,602,445,5138,539.71,1
1314,2,373,444,7676,806.3,1
1314,4,934,447,2400,252.1,1
1314,7,1130,444,373,39.18,1
1314,26,706,449,1163,122.16,1
1315,1,602,445,5163,542.33,1
1315,2,373,444,7692,807.98,1
1315,4,934,446,2335,245.27,1
1315,7,1128,442,243,25.53,1
1315,26,706,449,1155,121.32,1
1316,1,602,445,5182,544.33,1
1316,2,373,444,7785,817.75,1
1316,4,934,447,2402,252.31,1
1316,7,1131,444,368,38.66,1
1316,26,706,449,1175,123.42,1
1317,1,603,445,5142,540.13,1
1317,2,373,444,7698,808.61,1
1317,4,934,447,2424,254.62,1
1317,7,1130,445,417,43.8,1
1317,26,706,449,1172,123.11,1
1318,1,602,445,5154,541.39,1
1318,2,373,444,7650,803.57,1
1318,4,934,447,2429,255.15,1
1318,7,1131,445,368,38.66,1
1318,26,706,449,1153,121.11,1
1319,1,602,445,5196,545.8,1
1319,2,373,444,7783,817.54,1
1319,4,934,447,2469,259.35,1
1319,7,1130,445,340,35.71,1
1319,26,706,449,1166,122.48,1
1320,1,602,445,5213,547.58,1
1320,2,373,444,7678,806.51,1
1320,4,934,447,2352,247.06,1
1320,7,1128,445,307,32.25,1
1320,26,706,449,1159,121.74,1
1321,1,602,445,5176,543.7,1
1321,2,373,444,7739,812.92,1
1321,4,934,447,2469,259.35,1
1321,7,1131,445,366,38.45,1
1321,26,706,449,1178,123.74,1
1322,1,603,445,5169,542.96,1
1322,2,373,444,7596,797.9,1
1322,4,934,447,2388,250.84,1
1322,7,1128,444,256,26.89,1
1322,26,706,449,1163,122.16,1
1323,1,602,445,5193,545.48,1
1323,2,373,444,7703,809.14,1
1323,4,933,446,2335,245.27,1
1323,7,1130,447,475,49.89,1
1323,26,706,449,1160,121.85,1
1324,1,602,445,5182,544.33,1
1324,2,373,444,7754,814.5,1
1324,4,934,446,2346,246.43,1
1324,7,1131,447,486,51.05,1
1324,26,706,449,1159,121.74,1
1325,1,602,445,5207,546.95,1
1325,2,373,444,7701,808.93,1
1325,4,934,447,2433,255.57,1
1325,7,1130,446,408,42.86,1
1325,26,706,449,1163,122.16,1
1326,1,602,445,5171,543.17,1
1326,2,373,444,7759,815.02,1
1326,4,934,447,2362,248.11,1
1326,7,1131,448,554,58.19,1
1326,26,706,449,1162,122.06,1
1327,1,602,445,5168,542.86,1
1327,2,373,444,7691,807.88,1
1327,4,934,447,2375,249.47,1
1327,7,1129,445,359,37.71,1
1327,26,706,449,1153,121.11,1
1328,1,602,445,5204,546.64,1
1328,2,373,444,7780,817.23,1
1328,4,934,447,2367,248.63,1
1328,7,1130,446,421,44.22,1
1328,26,706,449,1178,123.74,1
1329,1,602,445,5156,541.6,1
1329,2,373,444,7755,814.6,1
1329,4,934,446,2374,249.37,1
1329,7,1130,444,361,37.92,1
1329,26,706,449,1174,123.32,1
1330,1,602,445,5184,544.54,1
1330,2,373,444,7662,804.83,1
1330,4,934,447,2338,245.59,1
1330,7,1130,447,391,41.07,1
1330,26,706,449,1170,122.9,1
1331,1,602,445,5174,543.49,1
1331,2,373,444,7683,807.04,1
1331,4,934,447,2367,248.63,1
1331,7,1130,446,387,40.65,1
1331,26,706,449,1176,123.53,1
1332,1,602,445,5147,540.65,1
1332,2,373,444,7629,801.37,1
1332,4,934,446,2349,246.74,1
1332,7,1130,446,353,37.08,1
1332,26,706,449,1183,124.26,1
1333,1,602,445,5163,542.33,1
1333,2,373,444,7688,807.56,1
1333,4,934,447,2390,251.05,1
1333,7,1130,444,330,34.66,1
1333,26,706,449,1183,124.26,1
1334,1,602,445,5174,543.49,1
1334,2,373,444,7702,809.03,1
1334,4,934,447,2388,250.84,1
1334,7,1130,446,409,42.96,1
1334,26,706,449,1186,124.58,1
1335,1,602,445,5170,543.07,1
1335,2,373,444,7728,811.76,1
1335,4,934,447,2403,252.42,1
1335,7,1130,446,501,52.63,1
1335,26,706,449,1191,125.11,1
1336,1,602,445,5203,546.53,1
1336,2,373,444,7678,806.51,1
1336,4,934,447,2404,252.52,1
1336,7,1130,446,413,43.38,1
1336,26,706,449,1188,124.79,1
1337,1,602,445,5197,545.9,1
1337,2,373,444,7808,820.17,1
1337,4,934,447,2469,259.35,1
1337,7,1130,444,349,36.66,1
1337,26,706,449,1169,122.79,1
1338,1,603,445,5114,537.18,1
1338,2,373,444,7549,792.96,1
1338,4,934,447,2373,249.26,1
1338,7,1128,443,283,29.73,1
1338,26,706,449,1160,121.85,1
1339,1,602,445,5173,543.38,1
1339,2,373,444,7628,801.26,1
1339,4,934,447,2389,250.95,1
1339,7,1131,447,523,54.94,1
1339,26,706,449,1161,121.95,1
1340,1,602,445,5193,545.48,1
1340,2,373,444,7683,807.04,1
1340,4,934,446,2368,248.74,1
1340,7,1130,446,396,41.6,1
1340,26,706,449,1178,123.74,1
1341,1,602,445,5164,542.44,1
1341,2,373,444,7578,796.01,1
1341,4,934,447,2383,250.32,1
1341,7,1131,446,488,51.26,1
1341,26,706,449,1159,121.74,1
1342,1,602,445,5157,541.7,1
1342,2,373,444,7687,807.46,1
1342,4,934,447,2348,246.64,1
1342,7,1130,446,475,49.89,1
1342,26,706,449,1165,122.37,1
1343,1,602,445,5191,545.27,1
1343,2,373,444,7723,811.24,1
1343,4,934,446,2337,245.48,1
1343,7,1128,443,291,30.57,1
1343,26,706,449,1169,122.79,1
1344,1,602,445,5257,552.21,1
1344,2,373,444,7737,812.71,1
1344,4,934,447,2348,246.64,1
1344,7,1128,444,307,32.25,1
1344,26,706,449,1198,125.84,1
1345,1,602,445,5179,544.01,1
1345,2,373,444,7746,813.66,1
1345,4,934,447,2368,248.74,1
1345,7,1130,446,410,43.07,1
1345,26,706,449,1181,124.05,1
1346,1,602,445,5172,543.28,1
1346,2,373,444,7732,812.18,1
1346,4,934,447,2391,251.16,1
1346,7,1130,446,409,42.96,1
1346,26,706,449,1170,122.9,1
1347,1,602,445,5196,545.8,1
1347,2,373,444,7629,801.37,1
1347,4,934,446,2353,247.16,1
1347,7,1130,447,441,46.32,1
1347,26,706,449,1157,121.53,1
1348,1,602,445,5177,543.8,1
1348,2,373,444,7733,812.29,1
1348,4,934,447,2369,248.84,1
1348,7,1130,446,384,40.34,1
1348,26,706,449,1171,123.0,1
1349,1,602,445,5201,546.32,1
1349,2,373,444,7688,807.56,1
1349,4,934,447,2351,246.95,1
1349,7,1127,446,317,33.3,1
1349,26,706,449,1151,120.9,1
1350,1,602,445,5193,545.48,1
1350,2,373,444,7694,808.19,1
1350,4,934,447,2458,258.19,1
1350,7,1131,447,490,51.47,1
1350,26,706,449,1176,123.53,1
1351,1,602,445,5166,542.65,1
1351,2,373,444,7651,803.68,1
1351,4,934,447,2389,250.95,1
1351,7,1128,444,272,28.57,1
1351,26,706,449,1152,121.01,1
1352,1,602,445,5189,545.06,1
1352,2,373,444,7628,801.26,1
1352,4,934,447,2357,247.58,1
1352,7,1127,442,219,23.0,1
1352,26,706,449,1166,122.48,1
1353,1,602,445,5193,545.48,1
1353,2,373,444,7731,812.08,1
1353,4,934,446,2339,245.69,1
1353,7,1128,445,325,34.14,1
1353,26,706,449,1164,122.27,1
1354,1,602,445,5160,542.02,1
1354,2,373,444,7621,800.53,1
1354,4,934,446,2329,244.64,1
1354,7,1128,444,296,31.09,1
1354,26,706,449,1147,120.48,1
1355,1,602,445,5230,549.37,1
1355,2,373,444,7756,814.71,1
1355,4,934,447,2422,254.41,1
1355,7,1130,445,384,40.34,1
1355,26,706,449,1162,122.06,1
1356,1,602,445,5148,540.76,1
1356,2,373,444,7653,803.89,1
1356,4,934,446,2314,243.07,1
1356,7,1129,446,349,36.66,1
1356,26,706,449,1151,120.9,1
1357,1,602,445,5159,541.91,1
1357,2,373,444,7694,808.19,1
1357,4,934,446,2330,244.75,1
1357,7,1129,448,364,38.24,1
1357,26,706,449,1174,123.32,1
1358,1,602,445,5140,539.92,1
1358,2,373,444,7639,802.42,1
1358,4,934,446,2308,242.44,1
1358,7,1128,444,307,32.25,1
1358,26,706,449,1163,122.16,1
1359,1,602,445,5183,544.43,1
1359,2,373,444,7704,809.24,1
1359,4,934,447,2333,245.06,1
1359,7,1131,446,468,49.16,1
1359,26,706,449,1156,121.43,1
1360,1,602,445,5168,542.86,1
1360,2,373,444,7680,806.72,1
1360,4,934,447,2372,249.16,1
1360,7,1130,445,380,39.92,1
1360,26,706,449,1159,121.74,1
1361,1,602,445,5146,540.55,1
1361,2,373,444,7680,806.72,1
1361,4,933,446,2314,243.07,1
1361,7,1131,446,428,44.96,1
1361,26,706,449,1151,120.9,1
1362,1,602,445,5141,540.02,1
1362,2,374,444,7563,794.43,1
1362,4,934,447,2367,248.63,1
1362,7,1127,445,289,30.36,1
1362,26,706,449,1152,121.01,1
1363,1,602,445,5144,540.34,1
1363,2,373,444,7672,805.88,1
1363,4,934,446,2332,244.96,1
1363,7,1131,446,472,49.58,1
1363,26,706,449,1151,120.9,1
1364,1,602,445,5169,542.96,1
1364,2,373,444,7746,813.66,1
1364,4,934,447,2454,257.77,1
1364,7,1130,446,408,42.86,1
1364,26,706,449,1167,122.58,1
1365,1,602,445,5222,548.53,1
1365,2,373,444,7643,802.84,1
1365,4,934,447,2435,255.78,1
1365,7,1130,447,433,45.48,1
1365,26,706,449,1174,123.32,1
1366,1,602,445,5221,548.42,1
1366,2,373,444,7801,819.43,1
1366,4,934,447,2465,258.93,1
1366,7,1131,447,540,56.72,1
1366,26,706,450,1186,124.58,1
1367,1,602,445,5213,547.58,1
1367,2,373,444,7619,800.32,1
1367,4,934,447,2389,250.95,1
1367,7,1130,445,380,39.92,1
1367,26,706,449,1167,122.58,1
1368,1,602,445,5217,548.0,1
1368,2,373,444,7708,809.66,1
1368,4,934,446,2353,247.16,1
1368,7,1129,446,389,40.86,1
1368,26,706,449,1173,123.21,1
1369,1,602,445,5240,550.42,1
1369,2,373,444,7705,809.35,1
1369,4,934,447,2392,251.26,1
1369,7,1130,446,396,41.6,1
1369,26,706,449,1171,123.0,1
1370,1,602,445,5156,541.6,1
1370,2,373,444,7633,801.79,1
1370,4,934,447,2391,251.16,1
1370,7,1129,445,337,35.4,1
1370,26,706,449,1145,120.27,1
1371,1,603,445,5179,544.01,1
1371,2,373,444,7691,807.88,1
1371,4,934,447,2420,254.2,1
1371,7,1129,445,333,34.98,1
1371,26,706,449,1170,122.9,1
1372,1,602,445,5159,541.91,1
1372,2,373,444,7702,809.03,1
1372,4,934,447,2371,249.05,1
1372,7,1128,444,298,31.3,1
1372,26,706,449,1156,121.43,1
1373,1,602,445,5178,543.91,1
1373,2,373,444,7644,802.94,1
1373,4,934,447,2355,247.37,1
1373,7,1128,445,289,30.36,1
1373,26,706,449,1142,119.96,1
1374,1,602,445,5158,541.81,1
1374,2,373,444,7636,802.1,1
1374,4,934,447,2384,250.42,1
1374,7,1127,444,275,28.89,1
1374,26,706,449,1135,119.22,1
1375,1,602,445,5151,541.07,1
1375,2,373,444,7558,793.91,1
1375,4,934,446,2315,243.17,1
1375,7,1127,446,304,31.93,1
1375,26,706,449,1145,120.27,1
1376,1,603,445,5182,544.33,1
1376,2,373,444,7670,805.67,1
1376,4,934,447,2440,256.3,1
1376,7,1130,448,470,49.37,1
1376,26,706,449,1155,121.32,1
1377,1,602,445,5200,546.22,1
1377,2,373,444,7699,808.72,1
1377,4,934,447,2394,251.47,1
1377,7,1128,445,302,31.72,1
1377,26,706,449,1165,122.37,1
1378,1,602,445,5195,545.69,1
1378,2,373,444,7687,807.46,1
1378,4,934,446,2317,243.38,1
1378,7,1129,444,321,33.72,1
1378,26,706,449,1166,122.48,1
1379,1,603,445,5189,545.06,1
1379,2,373,444,7673,805.99,1
1379,4,934,447,2348,246.64,1
1379,7,1127,445,299,31.41,1
1379,26,706,449,1172,123.11,1
1380,1,602,445,5205,546.74,1
1380,2,373,444,7745,813.55,1
1380,4,934,447,2434,255.67,1
1380,7,1127,444,301,31.62,1
1380,26,706,449,1182,124.16,1
1381,1,602,445,5197,545.9,1
1381,2,373,444,7710,809.87,1
1381,4,934,447,2375,249.47,1
1381,7,1127,445,320,33.61,1
1381,26,706,449,1167,122.58,1
1382,1,602,445,5157,541.7,1
1382,2,373,444,7713,810.19,1
1382,4,934,447,2466,259.03,1
1382,7,1130,446,415,43.59,1
1382,26,706,449,1179,123.84,1
1383,1,602,445,5171,543.17,1
1383,2,373,444,7796,818.91,1
1383,4,934,447,2450,257.35,1
1383,7,1131,447,535,56.2,1
1383,26,706,449,1184,124.37,1
1384,1,602,445,5135,539.39,1
1384,2,373,444,7743,813.34,1
1384,4,934,447,2486,261.13,1
1384,7,1129,446,391,41.07,1
1384,26,706,449,1173,123.21,1
1385,1,603,445,5163,542.33,1
1385,2,373,444,7718,810.71,1
1385,4,934,447,2377,249.68,1
1385,7,1129,445,356,37.39,1
1385,26,706,449,1178,123.74,1
1386,1,603,445,5162,542.23,1
1386,2,373,444,7629,801.37,1
1386,4,934,447,2368,248.74,1
1386,7,1129,445,345,36.24,1
1386,26,706,449,1156,121.43,1
1387,1,603,445,5136,539.5,1
1387,2,373,444,7765,815.65,1
1387,4,934,447,2472,259.66,1
1387,7,1131,447,516,54.2,1
1387,26,706,449,1169,122.79,1
1388,1,602,445,5174,543.49,1
1388,2,373,444,7679,806.62,1
1388,4,934,447,2455,257.88,1
1388,7,1127,445,299,31.41,1
1388,26,706,449,1168,122.69,1
1389,1,602,445,5214,547.69,1
1389,2,373,444,7711,809.98,1
1389,4,934,447,2379,249.89,1
1389,7,1128,444,314,32.98,1
1389,26,706,449,1185,124.47,1
1390,1,603,445,5214,547.69,1
1390,2,373,444,7764,815.55,1
1390,4,934,446,2400,252.1,1
1390,7,1129,446,377,39.6,1
1390,26,706,449,1174,123.32,1
1391,1,602,445,5197,545.9,1
1391,2,373,444,7663,804.94,1
1391,4,934,447,2345,246.32,1
1391,7,1127,444,296,31.09,1
1391,26,706,449,1156,121.43,1
1392,1,602,445,5202,546.43,1
1392,2,373,444,7712,810.08,1
1392,4,934,447,2395,251.58,1
1392,7,1131,446,485,50.95,1
1392,26,706,449,1187,124.68,1
1393,1,602,445,5188,544.96,1
1393,2,373,444,7722,811.13,1
1393,4,934,447,2412,253.36,1
1393,7,1129,446,406,42.65,1
1393,26,706,449,1187,124.68,1
1394,1,603,445,5206,546.85,1
1394,2,373,444,7793,818.59,1
1394,4,934,447,2393,251.37,1
1394,7,1128,444,336,35.29,1
1394,26,706,449,1166,122.48,1
1395,1,602,445,5133,539.18,1
1395,2,373,444,7662,804.83,1
1395,4,934,447,2442,256.51,1
1395,7,1129,445,394,41.39,1
1395,26,706,449,1169,122.79,1
1396,1,602,445,5167,542.75,1
1396,2,373,444,7648,803.36,1
1396,4,934,447,2368,248.74,1
1396,7,1130,445,376,39.5,1
1396,26,706,449,1196,125.63,1
1397,1,602,445,5135,539.39,1
1397,2,373,444,7656,804.2,1
1397,4,934,447,2375,249.47,1
1397,7,1128,443,261,27.42,1
1397,26,706,449,1184,124.37,1
1398,1,602,445,5165,542.54,1
1398,2,373,444,7689,807.67,1
1398,4,934,447,2357,247.58,1
1398,7,1127,445,296,31.09,1
1398,26,706,449,1183,124.26,1
1399,1,602,445,5189,545.06,1
1399,2,373,444,7660,804.62,1
1399,4,934,447,2425,254.73,1
1399,7,1129,445,348,36.55,1
1399,26,706,449,1153,121.11,1
1400,1,602,445,5183,544.43,1
1400,2,373,444,7589,797.16,1
1400,4,934,446,2329,244.64,1
1400,7,1128,445,312,32.77,1
1400,26,706,449,1166,122.48,1
1401,1,602,445,5199,546.11,1
1401,2,373,444,7742,813.24,1
1401,4,934,447,2440,256.3,1
1401,7,1128,444,303,31.83,1
1401,26,706,449,1155,121.32,1
1402,1,602,445,5100,535.71,1
1402,2,373,444,7639,802.42,1
1402,4,934,446,2343,246.11,1
1402,7,1129,446,348,36.55,1
1402,26,706,449,1132,118.91,1
1403,1,602,445,5195,545.69,1
1403,2,373,444,7743,813.34,1
1403,4,934,447,2418,253.99,1
1403,7,1130,446,373,39.18,1
1403,26,706,449,1143,120.06,1
1404,1,602,445,5164,542.44,1
1404,2,373,444,7683,807.04,1
1404,4,934,446,2372,249.16,1
1404,7,1127,444,275,28.89,1
1404,26,706,449,1156,121.43,1
1405,1,602,445,5191,545.27,1
1405,2,373,444,7764,815.55,1
1405,4,934,447,2401,252.21,1
1405,7,1127,445,277,29.1,1
1405,26,706,449,1185,124.47,1
1406,1,602,445,5192,545.38,1
1406,2,373,444,7735,812.5,1
1406,4,934,446,2337,245.48,1
1406,7,1128,446,347,36.45,1
1406,26,706,449,1172,123.11,1
1407,1,602,445,5171,543.17,1
1407,2,373,444,7618,800.21,1
1407,4,934,447,2337,245.48,1
1407,7,1130,446,414,43.49,1
1407,26,706,449,1168,122.69,1
1408,1,602,445,5167,542.75,1
1408,2,373,444,7647,803.26,1
1408,4,934,446,2358,247.69,1
1408,7,1128,446,353,37.08,1
1408,26,706,449,1164,122.27,1
1409,1,602,445,5153,541.28,1
1409,2,373,444,7619,800.32,1
1409,4,934,446,2302,241.81,1
1409,7,1128,445,345,36.24,1
1409,26,706,449,1159,121.74,1
1410,1,602,445,5190,545.17,1
1410,2,373,444,7704,809.24,1
1410,4,934,447,2361,248.0,1
1410,7,1129,447,378,39.71,1
1410,26,706,449,1183,124.26,1
1411,1,602,445,5249,551.37,1
1411,2,373,444,7663,804.94,1
1411,4,934,446,2352,247.06,1
1411,7,1129,445,356,37.39,1
1411,26,706,449,1190,125.0,1
1412,1,602,445,5208,547.06,1
1412,2,373,444,7797,819.01,1
1412,4,934,447,2477,260.19,1
1412,7,1128,445,331,34.77,1
1412,26,706,449,1170,122.9,1
1413,1,602,445,5176,543.7,1
1413,2,373,444,7579,796.11,1
1413,4,934,447,2368,248.74,1
1413,7,1129,446,336,35.29,1
1413,26,706,449,1168,122.69,1
1414,1,602,445,5156,541.6,1
1414,2,373,444,7674,806.09,1
1414,4,934,447,2443,256.62,1
1414,7,1130,447,413,43.38,1
1414,26,706,449,1180,123.95,1
1415,1,602,445,5171,543.17,1
1415,2,373,444,7709,809.77,1
1415,4,934,447,2429,255.15,1
1415,7,1127,446,282,29.62,1
1415,26,706,449,1145,120.27,1
1416,1,602,445,5173,543.38,1
1416,2,373,444,7643,802.84,1
1416,4,934,447,2397,251.79,1
1416,7,1130,446,397,41.7,1
1416,26,706,449,1148,120.59,1
1417,1,602,445,5186,544.75,1
1417,2,373,444,7719,810.82,1
1417,4,934,447,2372,249.16,1
1417,7,1127,444,276,28.99,1
1417,26,706,449,1159,121.74,1
1418,1,602,445,5114,537.18,1
1418,2,373,444,7629,801.37,1
1418,4,934,446,2334,245.17,1
1418,7,1129,447,401,42.12,1
1418,26,706,449,1164,122.27,1
1419,1,602,445,5170,543.07,1
1419,2,373,444,7687,807.46,1
1419,4,934,447,2384,250.42,1
1419,7,1129,446,371,38.97,1
1419,26,706,449,1163,122.16,1
1420,1,602,445,5167,542.75,1
1420,2,373,444,7645,803.05,1
1420,4,934,447,2360,247.9,1
1420,7,1131,447,499,52.42,1
1420,26,706,449,1163,122.16,1
1421,1,602,445,5139,539.81,1
1421,2,373,444,7644,802.94,1
1421,4,934,447,2416,253.78,1
1421,7,1128,443,300,31.51,1
1421,26,706,449,1147,120.48,1
1422,1,602,445,5200,546.22,1
1422,2,373,444,7681,806.83,1
1422,4,934,447,2426,254.83,1
1422,7,1131,446,458,48.11,1
1422,26,706,449,1163,122.16,1
1423,1,602,445,5128,538.66,1
1423,2,373,444,7625,800.95,1
1423,4,934,447,2337,245.48,1
1423,7,1130,446,431,45.27,1
1423,26,706,449,1153,121.11,1
1424,1,603,445,5199,546.11,1
1424,2,373,444,7697,808.51,1
1424,4,934,446,2379,249.89,1
1424,7,1127,445,263,27.63,1
1424,26,706,449,1182,124.16,1
1425,1,602,445,5192,545.38,1
1425,2,373,444,7703,809.14,1
1425,4,934,446,2349,246.74,1
1425,7,1129,446,350,36.76,1
1425,26,706,449,1159,121.74,1
1426,1,602,445,5156,541.6,1
1426,2,373,444,7726,811.55,1
1426,4,934,446,2347,246.53,1
1426,7,1127,444,265,27.84,1
1426,26,706,449,1170,122.9,1
1427,1,602,445,5173,543.38,1
1427,2,373,444,7733,812.29,1
1427,4,934,447,2373,249.26,1
1427,7,1129,447,417,43.8,1
1427,26,706,449,1173,123.21,1
1428,1,602,445,5205,546.74,1
1428,2,373,444,7741,813.13,1
1428,4,934,447,2388,250.84,1
1428,7,1131,445,399,41.91,1
1428,26,706,449,1165,122.37,1
1429,1,602,445,5171,543.17,1
1429,2,373,444,7680,806.72,1
1429,4,934,447,2331,244.85,1
1429,7,1128,445,321,33.72,1
1429,26,706,449,1158,121.64,1
1430,1,602,445,5156,541.6,1
1430,2,373,444,7606,798.95,1
1430,4,934,446,2365,248.42,1
1430,7,1131,446,499,52.42,1
1430,26,706,449,1162,122.06,1
1431,1,602,445,5179,544.01,1
1431,2,373,444,7740,813.03,1
1431,4,934,446,2355,247.37,1
1431,7,1129,448,396,41.6,1
1431,26,706,449,1172,123.11,1
1432,1,602,445,5129,538.76,1
1432,2,373,444,7753,814.39,1
1432,4,934,446,2338,245.59,1
1432,7,1128,446,348,36.55,1
1432,26,706,449,1174,123.32,1
1433,1,602,445,5179,544.01,1
1433,2,373,444,7752,814.29,1
1433,4,934,447,2415,253.68,1
1433,7,1128,446,341,35.82,1
1433,26,706,449,1176,123.53,1
1434,1,602,445,5213,547.58,1
1434,2,373,444,7697,808.51,1
1434,4,934,447,2394,251.47,1
1434,7,1128,446,315,33.09,1
1434,26,706,449,1168,122.69,1
1435,1,602,445,5219,548.21,1
1435,2,373,444,7734,812.39,1
1435,4,934,447,2379,249.89,1
1435,7,1129,447,386,40.55,1
1435,26,706,449,1171,123.0,1
1436,1,602,445,5183,544.43,1
1436,2,373,444,7676,806.3,1
1436,4,934,447,2382,250.21,1
1436,7,1128,446,328,34.45,1
1436,26,706,449,1172,123.11,1
1437,1,602,445,5162,542.23,1
1437,2,373,444,7791,818.38,1
1437,4,934,447,2380,250.0,1
1437,7,1128,444,267,28.05,1
1437,26,706,449,1187,124.68,1
1438,1,602,445,5166,542.65,1
1438,2,373,444,7727,811.66,1
1438,4,934,447,2357,247.58,1
1438,7,1131,446,443,46.53,1
1438,26,706,449,1160,121.85,1
1439,1,603,445,5211,547.37,1
1439,2,373,444,7713,810.19,1
1439,4,934,447,2297,241.28,1
1439,7,1130,448,446,46.85,1
1439,26,706,449,1178,123.74,1
1440,1,602,445,5206,546.85,1
1440,2,373,444,7758,814.92,1
1440,4,934,447,2399,252.0,1
1440,7,1131,446,509,53.47,1
1440,26,706,449,1159,121.74,1
1441,1,603,445,5158,541.81,1
1441,2,373,444,7615,799.89,1
1441,4,934,447,2372,249.16,1
1441,7,1127,445,298,31.3,1
1441,26,706,449,1156,121.43,1
1442,1,603,445,5176,543.7,1
1442,2,373,444,7723,811.24,1
1442,4,934,447,2377,249.68,1
1442,7,1130,445,398,41.81,1
1442,26,706,449,1163,122.16,1
1443,1,602,445,5175,543.59,1
1443,2,373,444,7731,812.08,1
1443,4,934,447,2417,253.89,1
1443,7,1129,446,388,40.76,1
1443,26,706,449,1150,120.8,1
1444,1,602,445,5211,547.37,1
1444,2,373,444,7690,807.77,1
1444,4,934,447,2456,257.98,1
1444,7,1127,445,292,30.67,1
1444,26,706,449,1168,122.69,1
1445,1,602,445,5195,545.69,1
1445,2,373,444,7642,802.73,1
1445,4,934,447,2389,250.95,1
1445,7,1129,447,332,34.87,1
1445,26,706,449,1151,120.9,1
1446,1,602,445,5200,546.22,1
1446,2,373,444,7751,814.18,1
1446,4,934,447,2403,252.42,1
1446,7,1128,443,258,27.1,1
1446,26,706,449,1150,120.8,1
1447,1,602,445,5146,540.55,1
1447,2,373,444,7615,799.89,1
1447,4,934,447,2440,256.3,1
1447,7,1131,447,479,50.32,1
1447,26,706,449,1178,123.74,1
1448,1,602,445,5175,543.59,1
1448,2,373,444,7640,802.52,1
1448,4,934,446,2349,246.74,1
1448,7,1127,445,296,31.09,1
1448,26,706,449,1177,123.63,1
1449,1,602,445,5166,542.65,1
1449,2,373,444,7661,804.73,1
1449,4,934,447,2445,256.83,1
1449,7,1130,446,374,39.29,1
1449,26,706,449,1170,122.9,1
1450,1,602,445,5136,539.5,1
1450,2,374,444,7585,796.74,1
1450,4,934,446,2349,246.74,1
1450,7,1128,443,272,28.57,1
1450,26,706,449,1152,121.01,1
1451,1,603,445,5132,539.08,1
1451,2,373,444,7673,805.99,1
1451,4,934,446,2315,243.17,1
1451,7,1130,445,347,36.45,1
1451,26,706,449,1159,121.74,1
1452,1,602,445,5198,546.01,1
1452,2,373,444,7662,804.83,1
1452,4,934,447,2386,250.63,1
1452,7,1127,444,265,27.84,1
1452,26,706,449,1183,124.26,1
1453,1,602,445,5178,543.91,1
1453,2,373,444,7660,804.62,1
1453,4,934,447,2358,247.69,1
1453,7,1130,446,384,40.34,1
1453,26,706,449,1173,123.21,1
1454,1,602,445,5146,540.55,1
1454,2,373,444,7644,802.94,1
1454,4,934,447,2367,248.63,1
1454,7,1131,448,533,55.99,1
1454,26,706,449,1158,121.64,1
1455,1,602,445,5167,542.75,1
1455,2,373,444,7638,802.31,1
1455,4,934,447,2330,244.75,1
1455,7,1131,447,523,54.94,1
1455,26,706,449,1151,120.9,1
1456,1,602,445,5151,541.07,1
1456,2,373,444,7840,823.53,1
1456,4,934,447,2413,253.47,1
1456,7,1129,442,273,28.68,1
1456,26,706,449,1154,121.22,1
1457,1,602,445,5205,546.74,1
1457,2,373,444,7645,803.05,1
1457,4,933,447,2372,249.16,1
1457,7,1130,444,336,35.29,1
1457,26,706,449,1165,122.37,1
1458,1,602,445,5139,539.81,1
1458,2,373,444,7582,796.43,1
1458,4,934,446,2325,244.22,1
1458,7,1128,443,288,30.25,1
1458,26,706,449,1141,119.85,1
1459,1,603,445,5121,537.92,1
1459,2,373,444,7645,803.05,1
1459,4,934,446,2338,245.59,1
1459,7,1127,445,286,30.04,1
1459,26,706,449,1155,121.32,1
1460,1,602,445,5131,538.97,1
1460,2,373,444,7652,803.78,1
1460,4,934,446,2327,244.43,1
1460,7,1127,443,252,26.47,1
1460,26,706,449,1162,122.06,1
1461,1,602,445,5120,537.82,1
1461,2,373,444,7600,798.32,1
1461,4,934,446,2286,240.13,1
1461,7,1128,444,280,29.41,1
1461,26,706,449,1179,123.84,1
1462,1,602,445,5165,542.54,1
1462,2,373,444,7640,802.52,1
1462,4,934,446,2389,250.95,1
1462,7,1129,446,372,39.08,1
1462,26,706,449,1161,121.95,1
1463,1,602,445,5143,540.23,1
1463,2,373,444,7678,806.51,1
1463,4,934,446,2313,242.96,1
1463,7,1128,444,321,33.72,1
1463,26,706,449,1167,122.58,1
1464,1,602,445,5189,545.06,1
1464,2,373,444,7689,807.67,1
1464,4,934,446,2320,243.7,1
1464,7,1131,447,468,49.16,1
1464,26,706,449,1164,122.27,1
1465,1,602,445,5215,547.79,1
1465,2,373,444,7631,801.58,1
1465,4,934,446,2303,241.91,1
1465,7,1127,443,237,24.89,1
1465,26,706,449,1158,121.64,1
1466,1,602,445,5164,542.44,1
1466,2,373,444,7605,798.84,1
1466,4,934,446,2299,241.49,1
1466,7,1130,444,317,33.3,1
1466,26,706,449,1165,122.37,1
1467,1,602,445,5201,546.32,1
1467,2,373,444,7730,811.97,1
1467,4,934,447,2353,247.16,1
1467,7,1129,448,451,47.37,1
1467,26,706,449,1147,120.48,1
1468,1,602,445,5191,545.27,1
1468,2,373,444,7635,802.0,1
1468,4,934,447,2386,250.63,1
1468,7,1127,447,315,33.09,1
1468,26,706,449,1163,122.16,1
1469,1,602,445,5166,542.65,1
1469,2,373,444,7621,800.53,1
1469,4,934,447,2393,251.37,1
1469,7,1130,447,439,46.11,1
1469,26,706,449,1167,122.58,1
1470,1,602,445,5226,548.95,1
1470,2,373,444,7836,823.11,1
1470,4,934,447,2374,249.37,1
1470,7,1129,445,343,36.03,1
1470,26,706,449,1158,121.64,1
1471,1,602,445,5208,547.06,1
1471,2,373,444,7681,806.83,1
1471,4,934,447,2322,243.91,1
1471,7,1130,444,345,36.24,1
1471,26,706,449,1170,122.9,1
1472,1,602,445,5154,541.39,1
1472,2,373,444,7663,804.94,1
1472,4,934,447,2406,252.73,1
1472,7,1128,445,314,32.98,1
1472,26,706,449,1165,122.37,1
1473,1,602,445,5159,541.91,1
1473,2,373,444,7602,798.53,1
1473,4,934,447,2361,248.0,1
1473,7,1127,445,244,25.63,1
1473,26,706,449,1158,121.64,1
1474,1,602,445,5159,541.91,1
1474,2,373,444,7677,806.41,1
1474,4,934,447,2423,254.52,1
1474,7,1131,446,482,50.63,1
1474,26,706,449,1165,122.37,1
1475,1,602,445,5180,544.12,1
1475,2,373,444,7720,810.92,1
1475,4,934,447,2391,251.16,1
1475,7,1129,445,347,36.45,1
1475,26,706,449,1161,121.95,1
1476,1,602,445,5176,543.7,1
1476,2,373,444,7623,800.74,1
1476,4,934,447,2397,251.79,1
1476,7,1127,446,350,36.76,1
1476,26,706,449,1143,120.06,1
1477,1,602,445,5185,544.64,1
1477,2,373,444,7641,802.63,1
1477,4,934,446,2304,242.02,1
1477,7,1126,445,268,28.15,1
1477,26,706,449,1144,120.17,1
1478,1,602,445,5219,548.21,1
1478,2,373,444,7758,814.92,1
1478,4,934,447,2408,252.94,1
1478,7,1131,447,515,54.1,1
1478,26,706,450,1179,123.84,1
1479,1,602,445,5141,540.02,1
1479,2,373,444,7696,808.4,1
1479,4,934,447,2391,251.16,1
1479,7,1131,446,476,50.0,1
1479,26,706,449,1180,123.95,1
1480,1,602,445,5078,533.4,1
1480,2,373,444,7614,799.79,1
1480,4,934,447,2351,246.95,1
1480,7,1128,446,316,33.19,1
1480,26,706,449,1169,122.79,1
1481,1,602,445,5095,535.19,1
1481,2,373,444,7602,798.53,1
1481,4,934,446,2299,241.49,1
1481,7,1131,447,460,48.32,1
1481,26,706,449,1165,122.37,1
1482,1,603,445,5126,538.45,1
1482,2,373,444,7570,795.17,1
1482,4,934,446,2283,239.81,1
1482,7,1128,446,363,38.13,1
1482,26,706,449,1149,120.69,1
1483,1,602,445,5151,541.07,1
1483,2,373,444,7635,802.0,1
1483,4,934,447,2345,246.32,1
1483,7,1127,445,288,30.25,1
1483,26,706,449,1155,121.32,1
1484,1,602,445,5143,540.23,1
1484,2,373,444,7560,794.12,1
1484,4,934,446,2312,242.86,1
1484,7,1130,446,338,35.5,1
1484,26,706,449,1153,121.11,1
1485,1,602,445,5140,539.92,1
1485,2,373,444,7636,802.1,1
1485,4,934,446,2285,240.02,1
1485,7,1129,443,283,29.73,1
1485,26,706,449,1176,123.53,1
1486,1,602,445,5177,543.8,1
1486,2,373,444,7763,815.44,1
1486,4,934,447,2357,247.58,1
1486,7,1130,446,390,40.97,1
1486,26,706,449,1160,121.85,1
1487,1,602,445,5161,542.12,1
1487,2,373,444,7730,811.97,1
1487,4,934,447,2361,248.0,1
1487,7,1128,446,313,32.88,1
1487,26,706,449,1152,121.01,1
1488,1,603,445,5164,542.44,1
1488,2,373,444,7757,814.81,1
1488,4,934,447,2332,244.96,1
1488,7,1129,448,366,38.45,1
1488,26,706,449,1180,123.95,1
1489,1,602,445,5134,539.29,1
1489,2,373,444,7566,794.75,1
1489,4,934,446,2256,236.97,1
1489,7,1130,445,340,35.71,1
1489,26,706,449,1162,122.06,1
1490,1,602,445,5153,541.28,1
1490,2,373,444,7676,806.3,1
1490,4,934,447,2381,250.11,1
1490,7,1129,448,398,41.81,1
1490,26,706,449,1156,121.43,1
1491,1,603,445,5180,544.12,1
1491,2,373,444,7709,809.77,1
1491,4,934,446,2316,243.28,1
1491,7,1130,446,421,44.22,1
1491,26,706,449,1161,121.95,1
1492,1,603,445,5176,543.7,1
1492,2,373,444,7728,811.76,1
1492,4,934,447,2393,251.37,1
1492,7,1128,446,340,35.71,1
1492,26,706,449,1151,120.9,1
1493,1,602,445,5174,543.49,1
1493,2,373,444,7656,804.2,1
1493,4,934,447,2439,256.2,1
1493,7,1128,447,336,35.29,1
1493,26,706,449,1166,122.48,1
1494,1,602,445,5203,546.53,1
1494,2,373,444,7651,803.68,1
1494,4,934,447,2434,255.67,1
1494,7,1128,443,283,29.73,1
1494,26,706,449,1181,124.05,1
1495,1,602,445,5202,546.43,1
1495,2,373,444,7677,806.41,1
1495,4,934,447,2381,250.11,1
1495,7,1131,444,353,37.08,1
1495,26,706,449,1171,123.0,1
1496,1,603,445,5187,544.85,1
1496,2,373,444,7654,803.99,1
1496,4,934,446,2328,244.54,1
1496,7,1130,445,352,36.97,1
1496,26,706,449,1176,123.53,1
1497,1,603,445,5186,544.75,1
1497,2,373,444,7715,810.4,1
1497,4,934,447,2334,245.17,1
1497,7,1129,445,331,34.77,1
1497,26,706,449,1177,123.63,1
1498,1,602,445,5159,541.91,1
1498,2,373,444,7743,813.34,1
1498,4,934,446,2279,239.39,1
1498,7,1132,446,465,48.84,1
1498,26,706,449,1157,121.53,1
1499,1,602,445,5168,542.86,1
1499,2,373,444,7706,809.45,1
1499,4,934,446,2331,244.85,1
1499,7,1128,444,275,28.89,1
1499,26,706,449,1161,121.95,1
1500,1,602,445,5161,542.12,1
1500,2,373,444,7650,803.57,1
1500,4,934,446,2317,243.38,1
1500,7,1128,445,285,29.94,1
1500,26,706,449,1169,122.79,1
1501,1,602,445,5140,539.92,1
1501,2,373,444,7655,804.1,1
1501,4,934,446,2273,238.76,1
1501,7,1131,446,462,48.53,1
1501,26,706,449,1167,122.58,1
1502,1,602,445,5185,544.64,1
1502,2,373,444,7708,809.66,1
1502,4,934,446,2340,245.8,1
1502,7,1131,447,499,52.42,1
1502,26,706,449,1173,123.21,1
1503,1,602,445,5196,545.8,1
1503,2,373,444,7681,806.83,1
1503,4,934,446,2327,244.43,1
1503,7,1130,445,363,38.13,1
1503,26,706,449,1148,120.59,1
1504,1,603,445,5164,542.44,1
1504,2,373,444,7638,802.31,1
1504,4,934,446,2323,244.01,1
1504,7,1127,443,223,23.42,1
1504,26,706,449,1165,122.37,1
1505,1,602,445,5114,537.18,1
1505,2,373,444,7597,798.0,1
1505,4,934,447,2364,248.32,1
1505,7,1128,444,290,30.46,1
1505,26,706,449,1150,120.8,1
1506,1,602,445,5133,539.18,1
1506,2,373,444,7819,821.32,1
1506,4,934,447,2365,248.42,1
1506,7,1130,447,384,40.34,1
1506,26,706,449,1171,123.0,1
1507,1,602,445,5125,538.34,1
1507,2,373,444,7621,800.53,1
1507,4,934,447,2351,246.95,1
1507,7,1129,447,384,40.34,1
1507,26,706,449,1181,124.05,1
1508,1,602,445,5147,540.65,1
1508,2,373,444,7713,810.19,1
1508,4,934,447,2338,245.59,1
1508,7,1129,445,310,32.56,1
1508,26,706,449,1158,121.64,1
1509,1,603,445,5155,541.49,1
1509,2,374,444,7640,802.52,1
1509,4,934,446,2316,243.28,1
1509,7,1129,446,322,33.82,1
1509,26,706,449,1165,122.37,1
1510,1,602,445,5176,543.7,1
1510,2,372,444,7772,816.39,1
1510,4,934,447,2379,249.89,1
1510,7,1127,446,381,40.02,1
1510,26,706,449,1187,124.68,1
1511,1,602,445,5148,540.76,1
1511,2,373,444,7625,800.95,1
1511,4,933,446,2329,244.64,1
1511,7,1131,447,503,52.84,1
1511,26,706,449,1158,121.64,1
1512,1,602,445,5150,540.97,1
1512,2,373,444,7609,799.26,1
1512,4,934,447,2375,249.47,1
1512,7,1128,443,257,27.0,1
1512,26,706,449,1146,120.38,1
1513,1,602,445,5129,538.76,1
1513,2,373,444,7638,802.31,1
1513,4,934,447,2332,244.96,1
1513,7,1130,445,338,35.5,1
1513,26,706,449,1160,121.85,1
1514,1,602,445,5119,537.71,1
1514,2,373,444,7595,797.79,1
1514,4,934,447,2393,251.37,1
1514,7,1130,447,435,45.69,1
1514,26,706,449,1164,122.27,1
1515,1,603,445,5161,542.12,1
1515,2,373,444,7674,806.09,1
1515,4,934,446,2287,240.23,1
1515,7,1127,443,249,26.16,1
1515,26,706,449,1140,119.75,1
1516,1,602,445,5161,542.12,1
1516,2,373,444,7649,803.47,1
1516,4,934,446,2314,243.07,1
1516,7,1129,445,343,36.03,1
1516,26,706,449,1146,120.38,1
1517,1,602,445,5193,545.48,1
1517,2,373,444,7675,806.2,1
1517,4,934,447,2351,246.95,1
1517,7,1130,448,500,52.52,1
1517,26,706,449,1156,121.43,1
1518,1,602,445,5235,549.89,1
1518,2,373,444,7703,809.14,1
1518,4,934,447,2402,252.31,1
1518,7,1129,446,378,39.71,1
1518,26,706,449,1166,122.48,1
1519,1,602,445,5161,542.12,1
1519,2,373,444,7654,803.99,1
1519,4,934,447,2312,242.86,1
1519,7,1130,446,378,39.71,1
1519,26,706,449,1165,122.37,1
1520,1,603,445,5173,543.38,1
1520,2,373,444,7705,809.35,1
1520,4,934,446,2297,241.28,1
1520,7,1128,443,280,29.41,1
1520,26,706,449,1164,122.27,1
1521,1,602,445,5181,544.22,1
1521,2,373,444,7654,803.99,1
1521,4,934,447,2373,249.26,1
1521,7,1128,445,329,34.56,1
1521,26,706,449,1176,123.53,1
1522,1,602,445,5147,540.65,1
1522,2,373,444,7719,810.82,1
1522,4,934,447,2378,249.79,1
1522,7,1130,447,462,48.53,1
1522,26,706,449,1168,122.69,1
1523,1,602,445,5140,539.92,1
1523,2,373,444,7656,804.2,1
1523,4,934,446,2314,243.07,1
1523,7,1128,445,308,32.35,1
1523,26,706,449,1155,121.32,1
1524,1,603,445,5173,543.38,1
1524,2,373,444,7740,813.03,1
1524,4,934,446,2346,246.43,1
1524,7,1131,447,465,48.84,1
1524,26,706,449,1174,123.32,1
1525,1,602,445,5200,546.22,1
1525,2,373,444,7671,805.78,1
1525,4,934,447,2405,252.63,1
1525,7,1129,447,351,36.87,1
1525,26,706,449,1171,123.0,1
1526,1,602,445,5235,549.89,1
1526,2,373,444,7723,811.24,1
1526,4,933,447,2356,247.48,1
1526,7,1128,445,320,33.61,1
1526,26,706,449,1182,124.16,1
1527,1,603,445,5172,543.28,1
1527,2,373,444,7758,814.92,1
1527,4,934,446,2369,248.84,1
1527,7,1128,444,288,30.25,1
1527,26,706,449,1181,124.05,1
1528,1,602,445,5179,544.01,1
1528,2,373,444,7682,806.93,1
1528,4,934,447,2396,251.68,1
1528,7,1129,443,268,28.15,1
1528,26,706,449,1181,124.05,1
1529,1,602,445,5177,543.8,1
1529,2,373,444,7752,814.29,1
1529,4,933,447,2388,250.84,1
1529,7,1131,447,520,54.62,1
1529,26,706,449,1185,124.47,1
1530,1,602,445,5157,541.7,1
1530,2,373,444,7794,818.7,1
1530,4,934,446,2332,244.96,1
1530,7,1131,447,476,50.0,1
1530,26,706,449,1178,123.74,1
1531,1,602,445,5162,542.23,1
1531,2,373,444,7705,809.35,1
1531,4,934,446,2319,243.59,1
1531,7,1128,443,271,28.47,1
1531,26,706,449,1150,120.8,1
1532,1,602,445,5163,542.33,1
1532,2,373,444,7613,799.68,1
1532,4,934,446,2333,245.06,1
1532,7,1131,446,421,44.22,1
1532,26,706,449,1162,122.06,1
1533,1,602,445,5237,550.11,1
1533,2,373,444,7695,808.3,1
1533,4,934,447,2448,257.14,1
1533,7,1130,446,379,39.81,1
1533,26,706,449,1167,122.58,1
1534,1,602,445,5208,547.06,1
1534,2,373,444,7768,815.97,1
1534,4,934,447,2492,261.76,1
1534,7,1131,447,472,49.58,1
1534,26,706,449,1185,124.47,1
1535,1,602,445,5161,542.12,1
1535,2,373,444,7687,807.46,1
1535,4,934,447,2362,248.11,1
1535,7,1130,446,374,39.29,1
1535,26,706,449,1173,123.21,1
1536,1,603,445,5144,540.34,1
1536,2,373,444,7674,806.09,1
1536,4,934,447,2349,246.74,1
1536,7,1129,446,381,40.02,1
1536,26,706,449,1171,123.0,1
1537,1,602,445,5200,546.22,1
1537,2,373,444,7715,810.4,1
1537,4,934,446,2308,242.44,1
1537,7,1131,447,505,53.05,1
1537,26,706,449,1159,121.74,1
1538,1,603,445,5200,546.22,1
1538,2,373,444,7791,818.38,1
1538,4,934,447,2384,250.42,1
1538,7,1130,446,398,41.81,1
1538,26,706,449,1181,124.05,1
1539,1,603,445,5150,540.97,1
1539,2,373,444,7572,795.38,1
1539,4,934,446,2314,243.07,1
1539,7,1128,444,275,28.89,1
1539,26,706,449,1148,120.59,1
1540,1,602,445,5162,542.23,1
1540,2,373,444,7700,808.82,1
1540,4,934,447,2393,251.37,1
1540,7,1129,446,366,38.45,1
1540,26,706,449,1157,121.53,1
1541,1,602,445,5152,541.18,1
1541,2,373,444,7726,811.55,1
1541,4,934,446,2322,243.91,1
1541,7,1130,447,457,48.0,1
1541,26,706,449,1168,122.69,1
1542,1,602,445,5206,546.85,1
1542,2,373,444,7795,818.8,1
1542,4,934,447,2344,246.22,1
1542,7,1131,444,351,36.87,1
1542,26,706,449,1194,125.42,1
1543,1,602,445,5190,545.17,1
1543,2,373,444,7619,800.32,1
1543,4,934,446,2291,240.65,1
1543,7,1128,445,335,35.19,1
1543,26,706,449,1160,121.85,1
1544,1,602,445,5177,543.8,1
1544,2,373,444,7624,800.84,1
1544,4,934,446,2250,236.34,1
1544,7,1129,445,329,34.56,1
1544,26,706,449,1154,121.22,1
1545,1,603,445,5201,546.32,1
1545,2,373,444,7746,813.66,1
1545,4,934,447,2408,252.94,1
1545,7,1130,447,402,42.23,1
1545,26,706,449,1174,123.32,1
1546,1,603,445,5124,538.24,1
1546,2,373,444,7628,801.26,1
1546,4,934,447,2360,247.9,1
1546,7,1127,444,269,28.26,1
1546,26,706,449,1171,123.0,1
1547,1,602,445,5224,548.74,1
1547,2,373,444,7799,819.22,1
1547,4,934,447,2479,260.4,1
1547,7,1127,443,245,25.74,1
1547,26,706,449,1163,122.16,1
1548,1,602,445,5154,541.39,1
1548,2,373,444,7569,795.06,1
1548,4,934,446,2322,243.91,1
1548,7,1128,444,279,29.31,1
1548,26,706,449,1157,121.53,1
1549,1,602,445,5200,546.22,1
1549,2,373,444,7733,812.29,1
1549,4,934,447,2439,256.2,1
1549,7,1128,443,272,28.57,1
1549,26,706,449,1169,122.79,1
1550,1,602,445,5179,544.01,1
1550,2,373,444,7704,809.24,1
1550,4,934,447,2466,259.03,1
1550,7,1131,446,511,53.68,1
1550,26,706,449,1193,125.32,1
1551,1,602,445,5158,541.81,1
1551,2,373,444,7673,805.99,1
1551,4,934,446,2296,241.18,1
1551,7,1129,442,245,25.74,1
1551,26,706,449,1169,122.79,1
1552,1,602,445,5149,540.86,1
1552,2,374,444,7625,800.95,1
1552,4,934,446,2296,241.18,1
1552,7,1131,446,452,47.48,1
1552,26,706,449,1158,121.64,1
1553,1,602,445,5213,547.58,1
1553,2,373,444,7685,807.25,1
1553,4,934,446,2358,247.69,1
1553,7,1130,447,418,43.91,1
1553,26,706,449,1147,120.48,1
1554,1,602,445,5253,551.79,1
1554,2,373,444,7714,810.29,1
1554,4,934,447,2364,248.32,1
1554,7,1129,445,353,37.08,1
1554,26,706,449,1144,120.17,1
1555,1,602,445,5216,547.9,1
1555,2,373,444,7681,806.83,1
1555,4,934,447,2352,247.06,1
1555,7,1129,446,361,37.92,1
1555,26,706,449,1172,123.11,1
1556,1,602,445,5179,544.01,1
1556,2,373,444,7734,812.39,1
1556,4,934,447,2377,249.68,1
1556,7,1130,447,446,46.85,1
1556,26,706,449,1157,121.53,1
1557,1,602,445,5210,547.27,1
1557,2,373,444,7709,809.77,1
1557,4,934,447,2340,245.8,1
1557,7,1129,444,326,34.24,1
1557,26,706,449,1138,119.54,1
1558,1,602,445,5184,544.54,1
1558,2,373,444,7759,815.02,1
1558,4,934,447,2339,245.69,1
1558,7,1128,446,349,36.66,1
1558,26,706,449,1154,121.22,1
1559,1,602,445,5148,540.76,1
1559,2,373,444,7610,799.37,1
1559,4,934,447,2378,249.79,1
1559,7,1128,445,313,32.88,1
1559,26,706,449,1150,120.8,1
1560,1,602,445,5101,535.82,1
1560,2,373,444,7608,799.16,1
1560,4,934,447,2336,245.38,1
1560,7,1127,444,263,27.63,1
1560,26,706,449,1148,120.59,1
1561,1,602,445,5154,541.39,1
1561,2,373,444,7660,804.62,1
1561,4,934,447,2338,245.59,1
1561,7,1130,447,498,52.31,1
1561,26,706,449,1172,123.11,1
1562,1,602,445,5135,539.39,1
1562,2,373,444,7708,809.66,1
1562,4,934,446,2293,240.86,1
1562,7,1127,445,284,29.83,1
1562,26,706,449,1171,123.0,1
1563,1,603,445,5190,545.17,1
1563,2,373,444,7647,803.26,1
1563,4,934,446,2306,242.23,1
1563,7,1131,448,542,56.93,1
1563,26,706,449,1181,124.05,1
1564,1,602,445,5198,546.01,1
1564,2,373,444,7703,809.14,1
1564,4,934,446,2348,246.64,1
1564,7,1130,446,402,42.23,1
1564,26,706,449,1193,125.32,1
1565,1,602,445,5160,542.02,1
1565,2,373,444,7675,806.2,1
1565,4,934,447,2368,248.74,1
1565,7,1127,444,264,27.73,1
1565,26,706,449,1162,122.06,1
1566,1,602,445,5220,548.32,1
1566,2,373,444,7725,811.45,1
1566,4,934,447,2411,253.26,1
1566,7,1129,444,350,36.76,1
1566,26,706,449,1184,124.37,1
1567,1,602,445,5138,539.71,1
1567,2,373,444,7565,794.64,1
1567,4,934,447,2397,251.79,1
1567,7,1130,444,303,31.83,1
1567,26,706,449,1174,123.32,1
1568,1,602,445,5178,543.91,1
1568,2,373,444,7713,810.19,1
1568,4,934,446,2316,243.28,1
1568,7,1128,445,301,31.62,1
1568,26,706,449,1166,122.48,1
1569,1,602,445,5111,536.87,1
1569,2,373,444,7670,805.67,1
1569,4,934,447,2361,248.0,1
1569,7,1129,445,332,34.87,1
1569,26,706,449,1175,123.42,1
1570,1,602,445,5162,542.23,1
1570,2,373,444,7594,797.69,1
1570,4,934,446,2276,239.08,1
1570,7,1128,445,316,33.19,1
1570,26,706,449,1153,121.11,1
1571,1,602,445,5150,540.97,1
1571,2,373,444,7651,803.68,1
1571,4,934,446,2285,240.02,1
1571,7,1129,445,322,33.82,1
1571,26,706,449,1135,119.22,1
1572,1,602,445,5116,537.39,1
1572,2,373,444,7629,801.37,1
1572,4,934,446,2314,243.07,1
1572,7,1129,446,331,34.77,1
1572,26,706,449,1158,121.64,1
1573,1,602,445,5164,542.44,1
1573,2,373,444,7625,800.95,1
1573,4,934,446,2331,244.85,1
1573,7,1128,445,313,32.88,1
1573,26,706,449,1159,121.74,1
1574,1,603,445,5165,542.54,1
1574,2,373,444,7592,797.48,1
1574,4,934,447,2366,248.53,1
1574,7,1127,445,296,31.09,1
1574,26,706,449,1174,123.32,1
1575,1,602,445,5173,543.38,1
1575,2,373,444,7583,796.53,1
1575,4,934,446,2293,240.86,1
1575,7,1127,446,268,28.15,1
1575,26,706,449,1173,123.21,1
1576,1,602,445,5144,540.34,1
1576,2,374,444,7667,805.36,1
1576,4,935,446,2339,245.69,1
1576,7,1128,444,280,29.41,1
1576,26,706,449,1161,121.95,1
1577,1,602,445,5217,548.0,1
1577,2,373,444,7725,811.45,1
1577,4,934,447,2392,251.26,1
1577,7,1129,447,411,43.17,1
1577,26,706,449,1169,122.79,1
1578,1,602,445,5155,541.49,1
1578,2,373,444,7629,801.37,1
1578,4,934,446,2311,242.75,1
1578,7,1128,444,273,28.68,1
1578,26,706,449,1125,118.17,1
1579,1,602,445,5172,543.28,1
1579,2,373,444,7668,805.46,1
1579,4,934,446,2320,243.7,1
1579,7,1128,444,295,30.99,1
1579,26,706,449,1143,120.06,1
1580,1,602,445,5159,541.91,1
1580,2,373,444,7690,807.77,1
1580,4,934,447,2399,252.0,1
1580,7,1128,444,296,31.09,1
1580,26,706,449,1158,121.64,1
1581,1,602,445,5176,543.7,1
1581,2,373,444,7596,797.9,1
1581,4,934,446,2310,242.65,1
1581,7,1127,444,274,28.78,1
1581,26,706,449,1183,124.26,1
1582,1,602,445,5171,543.17,1
1582,2,373,444,7653,803.89,1
1582,4,934,446,2350,246.85,1
1582,7,1128,442,257,27.0,1
1582,26,706,449,1168,122.69,1
1583,1,602,445,5119,537.71,1
1583,2,373,444,7653,803.89,1
1583,4,934,447,2371,249.05,1
1583,7,1127,444,268,28.15,1
1583,26,706,449,1139,119.64,1
1584,1,602,445,5165,542.54,1
1584,2,373,444,7760,815.13,1
1584,4,934,447,2352,247.06,1
1584,7,1130,445,351,36.87,1
1584,26,706,449,1152,121.01,1
1585,1,602,445,5177,543.8,1
1585,2,373,444,7707,809.56,1
1585,4,934,447,2355,247.37,1
1585,7,1127,445,273,28.68,1
1585,26,706,449,1179,123.84,1
1586,1,602,445,5180,544.12,1
1586,2,373,444,7770,816.18,1
1586,4,934,447,2363,248.21,1
1586,7,1127,444,261,27.42,1
1586,26,706,449,1165,122.37,1
1587,1,602,445,5169,542.96,1
1587,2,373,444,7622,800.63,1
1587,4,934,446,2270,238.45,1
1587,7,1127,445,273,28.68,1
1587,26,706,449,1143,120.06,1
1588,1,602,445,5175,543.59,1
1588,2,373,444,7641,802.63,1
1588,4,934,447,2415,253.68,1
1588,7,1127,446,298,31.3,1
1588,26,706,449,1141,119.85,1
1589,1,602,445,5143,540.23,1
1589,2,373,444,7645,803.05,1
1589,4,934,446,2345,246.32,1
1589,7,1130,446,375,39.39,1
1589,26,706,449,1166,122.48,1
1590,1,602,445,5167,542.75,1
1590,2,373,444,7693,808.09,1
1590,4,934,447,2356,247.48,1
1590,7,1128,444,291,30.57,1
1590,26,706,449,1199,125.95,1
1591,1,602,445,5127,538.55,1
1591,2,373,444,7662,804.83,1
1591,4,934,446,2289,240.44,1
1591,7,1131,444,334,35.08,1
1591,26,706,449,1174,123.32,1
1592,1,602,445,5165,542.54,1
1592,2,373,444,7648,803.36,1
1592,4,934,446,2325,244.22,1
1592,7,1130,446,488,51.26,1
1592,26,706,449,1161,121.95,1
1593,1,602,445,5200,546.22,1
1593,2,373,444,7726,811.55,1
1593,4,934,446,2356,247.48,1
1593,7,1130,447,456,47.9,1
1593,26,706,449,1175,123.42,1
1594,1,602,445,5139,539.81,1
1594,2,373,444,7648,803.36,1
1594,4,934,446,2280,239.5,1
1594,7,1128,444,288,30.25,1
1594,26,706,449,1169,122.79,1
1595,1,602,445,5124,538.24,1
1595,2,373,444,7583,796.53,1
1595,4,934,446,2270,238.45,1
1595,7,1131,444,377,39.6,1
1595,26,706,449,1155,121.32,1
1596,1,602,445,5162,542.23,1
1596,2,373,444,7691,807.88,1
1596,4,934,446,2359,247.79,1
1596,7,1129,443,311,32.67,1
1596,26,706,449,1170,122.9,1
1597,1,602,445,5187,544.85,1
1597,2,373,444,7671,805.78,1
1597,4,934,446,2338,245.59,1
1597,7,1130,446,390,40.97,1
1597,26,706,449,1169,122.79,1
1598,1,602,445,5187,544.85,1
1598,2,373,444,7638,802.31,1
1598,4,934,446,2334,245.17,1
1598,7,1128,447,409,42.96,1
1598,26,706,449,1170,122.9,1
1599,1,602,445,5161,542.12,1
1599,2,373,444,7667,805.36,1
1599,4,934,446,2341,245.9,1
1599,7,1130,445,373,39.18,1
1599,26,706,449,1152,121.01,1
1600,1,602,445,5183,544.43,1
1600,2,373,444,7632,801.68,1
1600,4,934,447,2416,253.78,1
1600,7,1129,447,415,43.59,1
1600,26,706,449,1147,120.48,1
1601,1,602,445,5168,542.86,1
1601,2,373,444,7668,805.46,1
1601,4,934,447,2375,249.47,1
1601,7,1129,446,347,36.45,1
1601,26,706,449,1139,119.64,1
1602,1,602,445,5121,537.92,1
1602,2,373,444,7565,794.64,1
1602,4,934,446,2330,244.75,1
1602,7,1128,443,277,29.1,1
1602,26,706,449,1146,120.38,1
1603,1,602,445,5201,546.32,1
1603,2,373,444,7664,805.04,1
1603,4,934,446,2299,241.49,1
1603,7,1128,444,305,32.04,1
1603,26,706,449,1138,119.54,1
1604,1,602,445,5202,546.43,1
1604,2,373,444,7762,815.34,1
1604,4,934,446,2307,242.33,1
1604,7,1130,446,466,48.95,1
1604,26,706,449,1178,123.74,1
1605,1,603,445,5210,547.27,1
1605,2,373,444,7735,812.5,1
1605,4,934,446,2305,242.12,1
1605,7,1130,444,317,33.3,1
1605,26,706,449,1165,122.37,1
1606,1,603,445,5159,541.91,1
1606,2,373,444,7742,813.24,1
1606,4,934,446,2324,244.12,1
1606,7,1129,445,360,37.82,1
1606,26,706,449,1168,122.69,1
1607,1,602,445,5155,541.49,1
1607,2,372,444,7636,802.1,1
1607,4,934,447,2377,249.68,1
1607,7,1127,445,262,27.52,1
1607,26,706,449,1153,121.11,1
1608,1,602,445,5192,545.38,1
1608,2,374,444,7631,801.58,1
1608,4,934,447,2352,247.06,1
1608,7,1127,446,288,30.25,1
1608,26,706,449,1167,122.58,1
1609,1,602,445,5169,542.96,1
1609,2,373,444,7693,808.09,1
1609,4,934,446,2316,243.28,1
1609,7,1130,444,377,39.6,1
1609,26,706,449,1175,123.42,1
1610,1,602,445,5147,540.65,1
1610,2,373,444,7541,792.12,1
1610,4,933,446,2323,244.01,1
1610,7,1129,443,269,28.26,1
1610,26,706,449,1142,119.96,1
1611,1,602,445,5201,546.32,1
1611,2,372,444,7724,811.34,1
1611,4,934,447,2337,245.48,1
1611,7,1130,446,390,40.97,1
1611,26,706,449,1149,120.69,1
1612,1,603,445,5168,542.86,1
1612,2,373,444,7603,798.63,1
1612,4,934,446,2295,241.07,1
1612,7,1130,446,399,41.91,1
1612,26,706,449,1149,120.69,1
1613,1,602,445,5183,544.43,1
1613,2,373,444,7712,810.08,1
1613,4,934,447,2352,247.06,1
1613,7,1129,446,362,38.03,1
1613,26,706,449,1144,120.17,1
1614,1,602,445,5205,546.74,1
1614,2,373,444,7675,806.2,1
1614,4,934,446,2328,244.54,1
1614,7,1128,443,245,25.74,1
1614,26,706,449,1162,122.06,1
1615,1,602,445,5185,544.64,1
1615,2,373,444,7653,803.89,1
1615,4,934,447,2344,246.22,1
1615,7,1130,446,391,41.07,1
1615,26,706,449,1169,122.79,1
1616,1,602,445,5223,548.63,1
1616,2,373,444,7683,807.04,1
1616,4,934,447,2368,248.74,1
1616,7,1129,444,348,36.55,1
1616,26,706,449,1175,123.42,1
1617,1,602,445,5218,548.11,1
1617,2,373,444,7653,803.89,1
1617,4,934,446,2287,240.23,1
1617,7,1128,445,307,32.25,1
1617,26,706,449,1148,120.59,1
1618,1,602,445,5150,540.97,1
1618,2,373,444,7646,803.15,1
1618,4,934,446,2329,244.64,1
1618,7,1128,445,324,34.03,1
1618,26,706,449,1162,122.06,1
1619,1,602,445,5172,543.28,1
1619,2,373,444,7690,807.77,1
1619,4,934,447,2355,247.37,1
1619,7,1130,446,464,48.74,1
1619,26,706,449,1169,122.79,1
1620,1,602,445,5182,544.33,1
1620,2,373,444,7726,811.55,1
1620,4,934,446,2340,245.8,1
1620,7,1129,447,404,42.44,1
1620,26,706,449,1165,122.37,1
1621,1,603,445,5211,547.37,1
1621,2,373,444,7669,805.57,1
1621,4,934,446,2350,246.85,1
1621,7,1130,446,430,45.17,1
1621,26,706,449,1164,122.27,1
1622,1,602,445,5172,543.28,1
1622,2,372,444,7686,807.35,1
1622,4,934,446,2324,244.12,1
1622,7,1130,447,377,39.6,1
1622,26,706,449,1156,121.43,1
1623,1,603,445,5192,545.38,1
1623,2,373,444,7641,802.63,1
1623,4,934,446,2307,242.33,1
1623,7,1131,447,491,51.58,1
1623,26,706,449,1154,121.22,1
1624,1,602,445,5176,543.7,1
1624,2,373,444,7662,804.83,1
1624,4,934,446,2303,241.91,1
1624,7,1128,448,366,38.45,1
1624,26,706,449,1171,123.0,1
1625,1,602,445,5189,545.06,1
1625,2,373,444,7706,809.45,1
1625,4,934,447,2372,249.16,1
1625,7,1131,446,486,51.05,1
1625,26,706,449,1180,123.95,1
1626,1,602,445,5185,544.64,1
1626,2,373,444,7595,797.79,1
1626,4,934,446,2327,244.43,1
1626,7,1130,446,367,38.55,1
1626,26,706,449,1173,123.21,1
1627,1,602,445,5206,546.85,1
1627,2,373,444,7778,817.02,1
1627,4,934,447,2370,248.95,1
1627,7,1129,448,420,44.12,1
1627,26,706,449,1160,121.85,1
1628,1,602,445,5219,548.21,1
1628,2,373,444,7781,817.33,1
1628,4,934,447,2296,241.18,1
1628,7,1128,447,363,38.13,1
1628,26,706,449,1154,121.22,1
1629,1,602,445,5163,542.33,1
1629,2,373,444,7727,811.66,1
1629,4,934,447,2393,251.37,1
1629,7,1130,446,413,43.38,1
1629,26,706,449,1141,119.85,1
1630,1,602,445,5179,544.01,1
1630,2,373,444,7635,802.0,1
1630,4,934,447,2341,245.9,1
1630,7,1130,445,369,38.76,1
1630,26,706,449,1162,122.06,1
1631,1,602,445,5221,548.42,1
1631,2,373,444,7688,807.56,1
1631,4,934,447,2377,249.68,1
1631,7,1131,448,540,56.72,1
1631,26,706,449,1172,123.11,1
1632,1,602,445,5191,545.27,1
1632,2,373,444,7770,816.18,1
1632,4,934,447,2379,249.89,1
1632,7,1128,445,321,33.72,1
1632,26,706,449,1172,123.11,1
1633,1,602,445,5198,546.01,1
1633,2,373,444,7667,805.36,1
1633,4,934,446,2294,240.97,1
1633,7,1128,445,311,32.67,1
1633,26,706,449,1197,125.74,1
1634,1,602,445,5172,543.28,1
1634,2,373,444,7709,809.77,1
1634,4,934,447,2411,253.26,1
1634,7,1129,446,388,40.76,1
1634,26,706,449,1188,124.79,1
1635,1,602,445,5185,544.64,1
1635,2,373,444,7674,806.09,1
1635,4,934,447,2391,251.16,1
1635,7,1129,447,373,39.18,1
1635,26,706,449,1171,123.0,1
1636,1,602,445,5185,544.64,1
1636,2,373,444,7654,803.99,1
1636,4,934,446,2320,243.7,1
1636,7,1131,444,345,36.24,1
1636,26,706,449,1158,121.64,1
1637,1,602,445,5210,547.27,1
1637,2,373,444,7755,814.6,1
1637,4,934,447,2364,248.32,1
1637,7,1130,446,398,41.81,1
1637,26,706,449,1158,121.64,1
1638,1,602,445,5241,550.53,1
1638,2,373,444,7818,821.22,1
1638,4,934,447,2498,262.39,1
1638,7,1130,447,436,45.8,1
1638,26,706,449,1181,124.05,1
1639,1,602,445,5138,539.71,1
1639,2,373,444,7668,805.46,1
1639,4,934,447,2360,247.9,1
1639,7,1128,447,370,38.87,1
1639,26,706,449,1162,122.06,1
1640,1,602,445,5157,541.7,1
1640,2,373,444,7581,796.32,1
1640,4,933,447,2393,251.37,1
1640,7,1128,446,300,31.51,1
1640,26,706,449,1170,122.9,1
1641,1,602,445,5130,538.87,1
1641,2,373,444,7644,802.94,1
1641,4,934,447,2351,246.95,1
1641,7,1129,447,397,41.7,1
1641,26,706,449,1178,123.74,1
1642,1,602,445,5109,536.66,1
1642,2,373,444,7595,797.79,1
1642,4,934,447,2403,252.42,1
1642,7,1128,445,305,32.04,1
1642,26,706,449,1168,122.69,1
1643,1,602,445,5189,545.06,1
1643,2,373,444,7688,807.56,1
1643,4,934,446,2283,239.81,1
1643,7,1129,445,355,37.29,1
1643,26,706,449,1154,121.22,1
1644,1,602,445,5197,545.9,1
1644,2,373,444,7649,803.47,1
1644,4,934,447,2353,247.16,1
1644,7,1128,444,307,32.25,1
1644,26,706,449,1148,120.59,1
1645,1,602,445,5186,544.75,1
1645,2,373,444,7631,801.58,1
1645,4,934,447,2380,250.0,1
1645,7,1130,447,422,44.33,1
1645,26,706,449,1149,120.69,1
1646,1,602,445,5198,546.01,1
1646,2,373,444,7636,802.1,1
1646,4,934,446,2298,241.39,1
1646,7,1131,445,450,47.27,1
1646,26,706,449,1146,120.38,1
1647,1,602,445,5164,542.44,1
1647,2,373,444,7671,805.78,1
1647,4,934,446,2330,244.75,1
1647,7,1130,445,368,38.66,1
1647,26,706,449,1176,123.53,1
1648,1,602,445,5144,540.34,1
1648,2,373,444,7612,799.58,1
1648,4,934,447,2338,245.59,1
1648,7,1127,446,273,28.68,1
1648,26,706,449,1181,124.05,1
1649,1,602,445,5158,541.81,1
1649,2,373,444,7743,813.34,1
1649,4,934,446,2271,238.55,1
1649,7,1129,445,320,33.61,1
1649,26,706,449,1158,121.64,1
1650,1,602,445,5190,545.17,1
1650,2,373,444,7814,820.8,1
1650,4,934,447,2353,247.16,1
1650,7,1128,447,362,38.03,1
1650,26,706,449,1161,121.95,1
1651,1,602,445,5185,544.64,1
1651,2,373,444,7660,804.62,1
1651,4,934,447,2389,250.95,1
1651,7,1128,443,249,26.16,1
1651,26,706,449,1156,121.43,1
1652,1,602,445,5173,543.38,1
1652,2,373,444,7728,811.76,1
1652,4,934,447,2439,256.2,1
1652,7,1129,446,368,38.66,1
1652,26,706,449,1153,121.11,1
1653,1,602,445,5179,544.01,1
1653,2,373,444,7692,807.98,1
1653,4,934,447,2345,246.32,1
1653,7,1128,446,316,33.19,1
1653,26,706,449,1175,123.42,1
1654,1,602,445,5257,552.21,1
1654,2,373,444,7799,819.22,1
1654,4,934,447,2339,245.69,1
1654,7,1131,448,519,54.52,1
1654,26,706,449,1166,122.48,1
1655,1,602,445,5167,542.75,1
1655,2,373,444,7678,806.51,1
1655,4,934,447,2373,249.26,1
1655,7,1128,444,287,30.15,1
1655,26,706,449,1167,122.58,1
1656,1,602,445,5174,543.49,1
1656,2,373,444,7698,808.61,1
1656,4,934,446,2295,241.07,1
1656,7,1131,446,484,50.84,1
1656,26,706,449,1178,123.74,1
1657,1,602,445,5185,544.64,1
1657,2,373,444,7704,809.24,1
1657,4,934,446,2313,242.96,1
1657,7,1127,445,287,30.15,1
1657,26,706,449,1159,121.74,1
1658,1,602,445,5186,544.75,1
1658,2,373,444,7679,806.62,1
1658,4,934,447,2377,249.68,1
1658,7,1131,445,394,41.39,1
1658,26,706,449,1153,121.11,1
1659,1,602,445,5162,542.23,1
1659,2,373,444,7702,809.03,1
1659,4,934,447,2418,253.99,1
1659,7,1130,446,406,42.65,1
1659,26,706,449,1169,122.79,1
1660,1,602,445,5152,541.18,1
1660,2,373,444,7625,800.95,1
1660,4,935,446,2363,248.21,1
1660,7,1130,444,338,35.5,1
1660,26,706,449,1159,121.74,1
1661,1,602,445,5203,546.53,1
1661,2,373,444,7781,817.33,1
1661,4,934,447,2405,252.63,1
1661,7,1131,446,480,50.42,1
1661,26,706,449,1162,122.06,1
1662,1,602,445,5215,547.79,1
1662,2,373,444,7805,819.85,1
1662,4,934,447,2412,253.36,1
1662,7,1130,447,513,53.89,1
1662,26,706,450,1196,125.63,1
1663,1,602,445,5180,544.12,1
1663,2,373,444,7601,798.42,1
1663,4,934,446,2316,243.28,1
1663,7,1130,446,355,37.29,1
1663,26,706,449,1159,121.74,1
1664,1,603,445,5149,540.86,1
1664,2,374,444,7668,805.46,1
1664,4,934,447,2391,251.16,1
1664,7,1130,444,351,36.87,1
1664,26,706,449,1173,123.21,1
1665,1,602,445,5160,542.02,1
1665,2,373,444,7755,814.6,1
1665,4,934,446,2341,245.9,1
1665,7,1130,447,472,49.58,1
1665,26,706,449,1173,123.21,1
1666,1,602,445,5142,540.13,1
1666,2,373,444,7640,802.52,1
1666,4,934,446,2346,246.43,1
1666,7,1129,447,367,38.55,1
1666,26,706,449,1173,123.21,1
1667,1,602,445,5137,539.6,1
1667,2,373,444,7578,796.01,1
1667,4,934,446,2254,236.76,1
1667,7,1127,443,252,26.47,1
1667,26,706,449,1171,123.0,1
1668,1,602,445,5144,540.34,1
1668,2,373,444,7666,805.25,1
1668,4,934,446,2338,245.59,1
1668,7,1128,447,333,34.98,1
1668,26,706,449,1166,122.48,1
1669,1,602,445,5229,549.26,1
1669,2,373,444,7760,815.13,1
1669,4,934,447,2394,251.47,1
1669,7,1130,445,361,37.92,1
1669,26,706,449,1168,122.69,1
1670,1,602,445,5240,550.42,1
1670,2,373,444,7825,821.95,1
1670,4,934,447,2432,255.46,1
1670,7,1130,445,389,40.86,1
1670,26,706,449,1173,123.21,1
1671,1,602,445,5215,547.79,1
1671,2,373,444,7744,813.45,1
1671,4,934,447,2387,250.74,1
1671,7,1129,443,278,29.2,1
1671,26,706,449,1174,123.32,1
1672,1,602,445,5158,541.81,1
1672,2,373,444,7681,806.83,1
1672,4,934,447,2368,248.74,1
1672,7,1130,445,373,39.18,1
1672,26,706,449,1144,120.17,1
1673,1,603,445,5188,544.96,1
1673,2,373,444,7673,805.99,1
1673,4,934,447,2340,245.8,1
1673,7,1130,446,416,43.7,1
1673,26,706,449,1168,122.69,1
1674,1,602,445,5200,546.22,1
1674,2,373,444,7688,807.56,1
1674,4,934,446,2314,243.07,1
1674,7,1127,444,251,26.37,1
1674,26,706,449,1140,119.75,1
1675,1,602,445,5185,544.64,1
1675,2,373,444,7684,807.14,1
1675,4,934,446,2288,240.34,1
1675,7,1129,445,327,34.35,1
1675,26,706,449,1156,121.43,1
1676,1,602,445,5169,542.96,1
1676,2,373,444,7698,808.61,1
1676,4,934,446,2277,239.18,1
1676,7,1130,445,380,39.92,1
1676,26,706,449,1156,121.43,1
1677,1,602,445,5250,551.47,1
1677,2,373,444,7763,815.44,1
1677,4,934,447,2344,246.22,1
1677,7,1128,443,281,29.52,1
1677,26,706,449,1157,121.53,1
1678,1,602,445,5243,550.74,1
1678,2,373,444,7826,822.06,1
1678,4,934,447,2386,250.63,1
1678,7,1129,446,375,39.39,1
1678,26,706,449,1191,125.11,1
1679,1,602,445,5199,546.11,1
1679,2,373,444,7768,815.97,1
1679,4,934,447,2335,245.27,1
1679,7,1128,444,314,32.98,1
1679,26,706,449,1177,123.63,1
1680,1,602,445,5131,538.97,1
1680,2,373,444,7662,804.83,1
1680,4,934,446,2309,242.54,1
1680,7,1130,445,349,36.66,1
1680,26,706,449,1163,122.16,1
1681,1,602,445,5144,540.34,1
1681,2,373,444,7678,806.51,1
1681,4,934,446,2291,240.65,1
1681,7,1130,446,381,40.02,1
1681,26,706,449,1159,121.74,1
1682,1,602,445,5150,540.97,1
1682,2,372,444,7800,819.33,1
1682,4,934,446,2291,240.65,1
1682,7,1129,445,331,34.77,1
1682,26,706,449,1169,122.79,1
1683,1,602,445,5145,540.44,1
1683,2,373,444,7667,805.36,1
1683,4,934,446,2289,240.44,1
1683,7,1129,446,376,39.5,1
1683,26,706,449,1145,120.27,1
1684,1,602,445,5208,547.06,1
1684,2,373,444,7695,808.3,1
1684,4,934,446,2321,243.8,1
1684,7,1131,446,469,49.26,1
1684,26,706,449,1162,122.06,1
1685,1,602,445,5178,543.91,1
1685,2,373,444,7733,812.29,1
1685,4,934,447,2371,249.05,1
1685,7,1130,444,347,36.45,1
1685,26,706,449,1156,121.43,1
1686,1,602,445,5155,541.49,1
1686,2,373,444,7659,804.52,1
1686,4,934,446,2314,243.07,1
1686,7,1131,446,401,42.12,1
1686,26,706,449,1153,121.11,1
1687,1,602,445,5134,539.29,1
1687,2,373,444,7623,800.74,1
1687,4,934,446,2273,238.76,1
1687,7,1130,443,301,31.62,1
1687,26,706,449,1141,119.85,1
1688,1,602,445,5157,541.7,1
1688,2,373,444,7558,793.91,1
1688,4,934,446,2319,243.59,1
1688,7,1129,444,300,31.51,1
1688,26,706,449,1152,121.01,1
1689,1,602,445,5214,547.69,1
1689,2,373,444,7686,807.35,1
1689,4,934,447,2339,245.69,1
1689,7,1130,443,313,32.88,1
1689,26,706,449,1157,121.53,1
1690,1,602,445,5200,546.22,1
1690,2,373,444,7589,797.16,1
1690,4,934,446,2306,242.23,1
1690,7,1127,444,264,27.73,1
1690,26,706,449,1157,121.53,1
1691,1,602,445,5176,543.7,1
1691,2,373,444,7644,802.94,1
1691,4,934,447,2362,248.11,1
1691,7,1131,445,392,41.18,1
1691,26,706,449,1169,122.79,1
1692,1,602,445,5157,541.7,1
1692,2,373,444,7597,798.0,1
1692,4,934,447,2348,246.64,1
1692,7,1128,444,307,32.25,1
1692,26,706,449,1164,122.27,1
1693,1,602,445,5227,549.05,1
1693,2,373,444,7703,809.14,1
1693,4,934,447,2337,245.48,1
1693,7,1129,444,358,37.61,1
1693,26,706,449,1168,122.69,1
1694,1,602,445,5213,547.58,1
1694,2,373,444,7705,809.35,1
1694,4,934,447,2330,244.75,1
1694,7,1131,447,512,53.78,1
1694,26,706,449,1176,123.53,1
1695,1,603,445,5143,540.23,1
1695,2,373,444,7635,802.0,1
1695,4,934,446,2262,237.61,1
1695,7,1129,447,356,37.39,1
1695,26,706,449,1162,122.06,1
1696,1,602,445,5199,546.11,1
1696,2,373,444,7658,804.41,1
1696,4,934,447,2349,246.74,1
1696,7,1128,444,274,28.78,1
1696,26,706,449,1138,119.54,1
1697,1,602,445,5162,542.23,1
1697,2,373,444,7765,815.65,1
1697,4,934,446,2297,241.28,1
1697,7,1128,443,262,27.52,1
1697,26,706,449,1165,122.37,1
1698,1,602,445,5166,542.65,1
1698,2,373,444,7695,808.3,1
1698,4,934,447,2374,249.37,1
1698,7,1131,447,512,53.78,1
1698,26,706,449,1171,123.0,1
1699,1,602,445,5146,540.55,1
1699,2,373,444,7637,802.21,1
1699,4,934,446,2345,246.32,1
1699,7,1129,447,411,43.17,1
1699,26,706,449,1169,122.79,1
1700,1,602,445,5198,546.01,1
1700,2,373,444,7716,810.5,1
1700,4,934,447,2418,253.99,1
1700,7,1129,444,343,36.03,1
1700,26,706,449,1138,119.54,1
1701,1,602,445,5199,546.11,1
1701,2,373,444,7672,805.88,1
1701,4,934,446,2368,248.74,1
1701,7,1129,444,330,34.66,1
1701,26,706,449,1155,121.32,1
1702,1,602,445,5260,552.52,1
1702,2,373,444,7853,824.89,1
1702,4,934,447,2471,259.56,1
1702,7,1130,445,363,38.13,1
1702,26,706,449,1165,122.37,1
1703,1,602,445,5183,544.43,1
1703,2,373,444,7737,812.71,1
1703,4,934,447,2321,243.8,1
1703,7,1130,447,397,41.7,1
1703,26,706,449,1164,122.27,1
1704,1,602,445,5187,544.85,1
1704,2,373,444,7672,805.88,1
1704,4,934,446,2339,245.69,1
1704,7,1129,444,377,39.6,1
1704,26,706,449,1156,121.43,1
1705,1,602,445,5216,547.9,1
1705,2,373,444,7749,813.97,1
1705,4,934,447,2346,246.43,1
1705,7,1130,448,546,57.35,1
1705,26,706,449,1176,123.53,1
1706,1,602,445,5161,542.12,1
1706,2,373,444,7684,807.14,1
1706,4,934,447,2331,244.85,1
1706,7,1129,444,359,37.71,1
1706,26,706,449,1156,121.43,1
1707,1,602,445,5156,541.6,1
1707,2,373,444,7682,806.93,1
1707,4,934,447,2411,253.26,1
1707,7,1132,445,490,51.47,1
1707,26,706,449,1165,122.37,1
1708,1,602,445,5144,540.34,1
1708,2,373,444,7614,799.79,1
1708,4,934,446,2292,240.76,1
1708,7,1127,445,286,30.04,1
1708,26,706,449,1185,124.47,1
1709,1,602,445,5199,546.11,1
1709,2,373,444,7744,813.45,1
1709,4,934,446,2336,245.38,1
1709,7,1132,444,383,40.23,1
1709,26,706,449,1179,123.84,1
1710,1,602,445,5203,546.53,1
1710,2,373,444,7710,809.87,1
1710,4,934,446,2328,244.54,1
1710,7,1130,445,369,38.76,1
1710,26,706,449,1169,122.79,1
1711,1,602,445,5137,539.6,1
1711,2,373,444,7654,803.99,1
1711,4,934,447,2339,245.69,1
1711,7,1130,446,443,46.53,1
1711,26,706,449,1178,123.74,1
1712,1,602,445,5185,544.64,1
1712,2,373,444,7763,815.44,1
1712,4,934,446,2327,244.43,1
1712,7,1131,447,500,52.52,1
1712,26,706,449,1178,123.74,1
1713,1,602,445,5202,546.43,1
1713,2,373,444,7646,803.15,1
1713,4,934,446,2311,242.75,1
1713,7,1130,448,395,41.49,1
1713,26,706,449,1170,122.9,1
1714,1,602,445,5154,541.39,1
1714,2,373,444,7664,805.04,1
1714,4,934,446,2287,240.23,1
1714,7,1130,445,363,38.13,1
1714,26,706,449,1171,123.0,1
1715,1,602,445,5178,543.91,1
1715,2,373,444,7650,803.57,1
1715,4,934,446,2312,242.86,1
1715,7,1128,444,276,28.99,1
1715,26,706,449,1147,120.48,1
1716,1,602,445,5206,546.85,1
1716,2,373,444,7689,807.67,1
1716,4,934,447,2413,253.47,1
1716,7,1128,444,289,30.36,1
1716,26,706,449,1130,118.7,1
1717,1,603,445,5180,544.12,1
1717,2,373,444,7739,812.92,1
1717,4,934,447,2328,244.54,1
1717,7,1129,445,360,37.82,1
1717,26,706,449,1156,121.43,1
1718,1,602,445,5225,548.84,1
1718,2,373,444,7634,801.89,1
1718,4,934,447,2389,250.95,1
1718,7,1131,446,496,52.1,1
1718,26,706,449,1193,125.32,1
1719,1,602,445,5198,546.01,1
1719,2,373,444,7682,806.93,1
1719,4,934,446,2306,242.23,1
1719,7,1129,446,355,37.29,1
1719,26,706,449,1164,122.27,1
1720,1,603,445,5124,538.24,1
1720,2,373,444,7610,799.37,1
1720,4,934,446,2277,239.18,1
1720,7,1127,444,263,27.63,1
1720,26,706,449,1165,122.37,1
1721,1,602,445,5179,544.01,1
1721,2,373,444,7749,813.97,1
1721,4,933,447,2421,254.31,1
1721,7,1129,447,387,40.65,1
1721,26,706,449,1173,123.21,1
1722,1,602,445,5182,544.33,1
1722,2,373,444,7573,795.48,1
1722,4,934,446,2319,243.59,1
1722,7,1128,446,345,36.24,1
1722,26,706,449,1145,120.27,1
1723,1,602,445,5245,550.95,1
1723,2,373,444,7705,809.35,1
1723,4,934,447,2397,251.79,1
1723,7,1128,444,297,31.2,1
1723,26,706,449,1173,123.21,1
1724,1,602,445,5174,543.49,1
1724,2,373,444,7598,798.11,1
1724,4,934,446,2334,245.17,1
1724,7,1129,446,319,33.51,1
1724,26,706,449,1140,119.75,1
1725,1,603,445,5220,548.32,1
1725,2,373,444,7733,812.29,1
1725,4,934,446,2338,245.59,1
1725,7,1131,447,495,52.0,1
1725,26,706,449,1147,120.48,1
1726,1,602,445,5221,548.42,1
1726,2,373,444,7760,815.13,1
1726,4,934,447,2344,246.22,1
1726,7,1129,447,362,38.03,1
1726,26,706,449,1167,122.58,1
1727,1,602,445,5202,546.43,1
1727,2,373,444,7603,798.63,1
1727,4,934,447,2354,247.27,1
1727,7,1128,445,289,30.36,1
1727,26,706,449,1154,121.22,1
1728,1,602,445,5186,544.75,1
1728,2,373,444,7706,809.45,1
1728,4,934,446,2327,244.43,1
1728,7,1130,445,367,38.55,1
1728,26,706,449,1150,120.8,1
1729,1,602,445,5241,550.53,1
1729,2,373,444,7754,814.5,1
1729,4,934,447,2373,249.26,1
1729,7,1131,447,499,52.42,1
1729,26,706,449,1181,124.05,1
1730,1,602,445,5185,544.64,1
1730,2,373,444,7624,800.84,1
1730,4,934,446,2277,239.18,1
1730,7,1129,443,292,30.67,1
1730,26,706,449,1161,121.95,1
1731,1,603,445,5141,540.02,1
1731,2,373,444,7555,793.59,1
1731,4,934,446,2272,238.66,1
1731,7,1127,445,263,27.63,1
1731,26,706,449,1155,121.32,1
1732,1,602,445,5161,542.12,1
1732,2,373,444,7644,802.94,1
1732,4,934,446,2279,239.39,1
1732,7,1128,443,250,26.26,1
1732,26,706,449,1129,118.59,1
1733,1,602,445,5149,540.86,1
1733,2,373,444,7639,802.42,1
1733,4,934,447,2340,245.8,1
1733,7,1129,446,353,37.08,1
1733,26,706,449,1172,123.11,1
1734,1,602,445,5219,548.21,1
1734,2,373,444,7665,805.15,1
1734,4,934,446,2335,245.27,1
1734,7,1127,445,294,30.88,1
1734,26,706,449,1155,121.32,1
1735,1,602,445,5211,547.37,1
1735,2,373,444,7639,802.42,1
1735,4,934,446,2268,238.24,1
1735,7,1128,444,284,29.83,1
1735,26,706,449,1167,122.58,1
1736,1,603,445,5165,542.54,1
1736,2,373,444,7661,804.73,1
1736,4,934,446,2296,241.18,1
1736,7,1128,443,272,28.57,1
1736,26,706,449,1168,122.69,1
1737,1,602,445,5219,548.21,1
1737,2,373,444,7770,816.18,1
1737,4,934,446,2348,246.64,1
1737,7,1129,448,428,44.96,1
1737,26,706,449,1165,122.37,1
1738,1,602,445,5144,540.34,1
1738,2,373,444,7670,805.67,1
1738,4,934,446,2281,239.6,1
1738,7,1130,446,440,46.22,1
1738,26,706,449,1158,121.64,1
1739,1,602,445,5228,549.16,1
1739,2,373,444,7749,813.97,1
1739,4,934,446,2340,245.8,1
1739,7,1127,446,296,31.09,1
1739,26,706,449,1168,122.69,1
1740,1,602,445,5148,540.76,1
1740,2,373,444,7601,798.42,1
1740,4,934,446,2256,236.97,1
1740,7,1130,446,375,39.39,1
1740,26,706,449,1149,120.69,1
1741,1,602,445,5178,543.91,1
1741,2,373,444,7662,804.83,1
1741,4,934,446,2292,240.76,1
1741,7,1127,445,303,31.83,1
1741,26,706,449,1156,121.43,1
1742,1,602,445,5171,543.17,1
1742,2,373,444,7737,812.71,1
1742,4,934,446,2329,244.64,1
1742,7,1130,446,424,44.54,1
1742,26,706,449,1165,122.37,1
1743,1,602,445,5180,544.12,1
1743,2,373,444,7589,797.16,1
1743,4,934,446,2369,248.84,1
1743,7,1129,447,374,39.29,1
1743,26,706,449,1163,122.16,1
1744,1,602,445,5186,544.75,1
1744,2,373,444,7776,816.81,1
1744,4,934,446,2311,242.75,1
1744,7,1129,447,416,43.7,1
1744,26,706,449,1172,123.11,1
1745,1,602,445,5208,547.06,1
1745,2,373,444,7737,812.71,1
1745,4,934,447,2346,246.43,1
1745,7,1130,445,363,38.13,1
1745,26,706,449,1161,121.95,1
1746,1,602,445,5192,545.38,1
1746,2,373,444,7683,807.04,1
1746,4,934,447,2348,246.64,1
1746,7,1130,445,393,41.28,1
1746,26,706,449,1151,120.9,1
1747,1,602,445,5135,539.39,1
1747,2,373,444,7751,814.18,1
1747,4,934,446,2281,239.6,1
1747,7,1130,445,377,39.6,1
1747,26,706,449,1162,122.06,1
1748,1,602,445,5193,545.48,1
1748,2,373,444,7643,802.84,1
1748,4,934,446,2332,244.96,1
1748,7,1129,442,304,31.93,1
1748,26,706,449,1160,121.85,1
1749,1,602,445,5214,547.69,1
1749,2,373,444,7671,805.78,1
1749,4,934,446,2337,245.48,1
1749,7,1131,446,518,54.41,1
1749,26,706,449,1163,122.16,1
1750,1,602,445,5226,548.95,1
1750,2,373,444,7781,817.33,1
1750,4,934,447,2366,248.53,1
1750,7,1131,446,513,53.89,1
1750,26,706,449,1147,120.48,1
1751,1,602,445,5132,539.08,1
1751,2,373,444,7663,804.94,1
1751,4,934,447,2349,246.74,1
1751,7,1131,446,410,43.07,1
1751,26,706,449,1168,122.69,1
1752,1,602,445,5129,538.76,1
1752,2,373,444,7707,809.56,1
1752,4,934,446,2324,244.12,1
1752,7,1131,447,530,55.67,1
1752,26,706,449,1167,122.58,1
1753,1,602,445,5148,540.76,1
1753,2,373,444,7722,811.13,1
1753,4,934,447,2343,246.11,1
1753,7,1130,445,380,39.92,1
1753,26,706,449,1161,121.95,1
1754,1,602,445,5161,542.12,1
1754,2,373,444,7718,810.71,1
1754,4,934,446,2315,243.17,1
1754,7,1128,445,313,32.88,1
1754,26,706,449,1144,120.17,1
1755,1,602,445,5168,542.86,1
1755,2,373,444,7662,804.83,1
1755,4,934,447,2349,246.74,1
1755,7,1128,445,319,33.51,1
1755,26,706,449,1165,122.37,1
1756,1,602,445,5134,539.29,1
1756,2,373,444,7692,807.98,1
1756,4,934,446,2296,241.18,1
1756,7,1128,447,357,37.5,1
1756,26,706,449,1159,121.74,1
1757,1,602,445,5225,548.84,1
1757,2,373,444,7710,809.87,1
1757,4,934,447,2432,255.46,1
1757,7,1130,444,365,38.34,1
1757,26,706,449,1170,122.9,1
1758,1,602,445,5208,547.06,1
1758,2,373,444,7750,814.08,1
1758,4,935,447,2419,254.1,1
1758,7,1131,447,500,52.52,1
1758,26,706,449,1172,123.11,1
1759,1,602,445,5167,542.75,1
1759,2,374,444,7620,800.42,1
1759,4,934,446,2309,242.54,1
1759,7,1129,446,362,38.03,1
1759,26,706,449,1168,122.69,1
1760,1,602,445,5156,541.6,1
1760,2,373,444,7664,805.04,1
1760,4,934,446,2284,239.92,1
1760,7,1131,446,468,49.16,1
1760,26,706,449,1163,122.16,1
1761,1,602,445,5197,545.9,1
1761,2,373,444,7778,817.02,1
1761,4,934,447,2371,249.05,1
1761,7,1130,445,359,37.71,1
1761,26,706,449,1156,121.43,1
1762,1,602,445,5200,546.22,1
1762,2,373,444,7765,815.65,1
1762,4,934,447,2327,244.43,1
1762,7,1129,446,418,43.91,1
1762,26,706,449,1160,121.85,1
1763,1,602,445,5163,542.33,1
1763,2,373,444,7714,810.29,1
1763,4,934,447,2296,241.18,1
1763,7,1128,443,272,28.57,1
1763,26,706,449,1159,121.74,1
1764,1,602,445,5173,543.38,1
1764,2,373,444,7652,803.78,1
1764,4,934,446,2321,243.8,1
1764,7,1127,444,300,31.51,1
1764,26,706,449,1179,123.84,1
1765,1,603,445,5190,545.17,1
1765,2,373,444,7663,804.94,1
1765,4,934,447,2348,246.64,1
1765,7,1128,443,262,27.52,1
1765,26,706,449,1156,121.43,1
1766,1,602,445,5215,547.79,1
1766,2,373,444,7735,812.5,1
1766,4,934,446,2323,244.01,1
1766,7,1131,447,517,54.31,1
1766,26,706,449,1184,124.37,1
1767,1,602,445,5228,549.16,1
1767,2,373,444,7673,805.99,1
1767,4,934,447,2308,242.44,1
1767,7,1129,445,352,36.97,1
1767,26,706,449,1159,121.74,1
1768,1,602,445,5175,543.59,1
1768,2,373,444,7577,795.9,1
1768,4,934,447,2319,243.59,1
1768,7,1130,445,364,38.24,1
1768,26,706,449,1159,121.74,1
1769,1,602,445,5244,550.84,1
1769,2,373,444,7799,819.22,1
1769,4,934,447,2373,249.26,1
1769,7,1130,446,417,43.8,1
1769,26,706,449,1164,122.27,1
1770,1,602,445,5198,546.01,1
1770,2,373,444,7720,810.92,1
1770,4,934,447,2355,247.37,1
1770,7,1127,443,266,27.94,1
1770,26,706,449,1151,120.9,1
1771,1,602,445,5176,543.7,1
1771,2,373,444,7630,801.47,1
1771,4,934,447,2396,251.68,1
1771,7,1130,446,434,45.59,1
1771,26,706,449,1162,122.06,1
1772,1,602,445,5115,537.29,1
1772,2,373,444,7535,791.49,1
1772,4,934,446,2263,237.71,1
1772,7,1127,443,255,26.79,1
1772,26,706,449,1165,122.37,1
1773,1,602,445,5210,547.27,1
1773,2,373,444,7739,812.92,1
1773,4,934,447,2424,254.62,1
1773,7,1128,443,264,27.73,1
1773,26,706,449,1167,122.58,1
1774,1,602,445,5195,545.69,1
1774,2,373,444,7738,812.82,1
1774,4,934,447,2385,250.53,1
1774,7,1130,446,384,40.34,1
1774,26,706,449,1180,123.95,1
1775,1,602,445,5176,543.7,1
1775,2,373,444,7585,796.74,1
1775,4,934,447,2351,246.95,1
1775,7,1129,446,360,37.82,1
1775,26,706,449,1151,120.9,1
1776,1,602,445,5170,543.07,1
1776,2,373,444,7601,798.42,1
1776,4,934,446,2306,242.23,1
1776,7,1127,444,260,27.31,1
1776,26,706,449,1171,123.0,1
1777,1,603,445,5143,540.23,1
1777,2,373,444,7646,803.15,1
1777,4,934,446,2282,239.71,1
1777,7,1127,445,293,30.78,1
1777,26,706,449,1136,119.33,1
1778,1,602,445,5157,541.7,1
1778,2,374,444,7610,799.37,1
1778,4,934,446,2306,242.23,1
1778,7,1129,445,329,34.56,1
1778,26,706,449,1142,119.96,1
1779,1,602,445,5137,539.6,1
1779,2,373,444,7659,804.52,1
1779,4,934,446,2281,239.6,1
1779,7,1127,445,291,30.57,1
1779,26,706,449,1167,122.58,1
1780,1,602,445,5171,543.17,1
1780,2,373,444,7711,809.98,1
1780,4,934,447,2327,244.43,1
1780,7,1129,445,369,38.76,1
1780,26,706,449,1163,122.16,1
1781,1,602,445,5152,541.18,1
1781,2,372,444,7707,809.56,1
1781,4,934,447,2285,240.02,1
1781,7,1131,446,512,53.78,1
1781,26,706,449,1161,121.95,1
1782,1,602,445,5248,551.26,1
1782,2,373,444,7772,816.39,1
1782,4,934,447,2388,250.84,1
1782,7,1131,447,507,53.26,1
1782,26,706,449,1206,126.68,1
1783,1,602,445,5226,548.95,1
1783,2,373,444,7692,807.98,1
1783,4,934,446,2317,243.38,1
1783,7,1128,444,321,33.72,1
1783,26,706,449,1154,121.22,1
1784,1,602,445,5142,540.13,1
1784,2,373,444,7590,797.27,1
1784,4,934,446,2262,237.61,1
1784,7,1129,448,423,44.43,1
1784,26,706,449,1157,121.53,1
1785,1,602,445,5182,544.33,1
1785,2,373,444,7688,807.56,1
1785,4,934,446,2326,244.33,1
1785,7,1129,445,350,36.76,1
1785,26,706,449,1157,121.53,1
1786,1,602,445,5134,539.29,1
1786,2,373,444,7617,800.11,1
1786,4,934,446,2289,240.44,1
1786,7,1127,445,324,34.03,1
1786,26,706,449,1159,121.74,1
1787,1,602,445,5170,543.07,1
1787,2,373,444,7770,816.18,1
1787,4,934,447,2365,248.42,1
1787,7,1131,447,470,49.37,1
1787,26,706,449,1163,122.16,1
1788,1,602,445,5160,542.02,1
1788,2,374,444,7683,807.04,1
1788,4,934,447,2332,244.96,1
1788,7,1129,447,356,37.39,1
1788,26,706,449,1165,122.37,1
1789,1,602,445,5212,547.48,1
1789,2,373,444,7728,811.76,1
1789,4,934,446,2339,245.69,1
1789,7,1127,445,291,30.57,1
1789,26,706,449,1172,123.11,1
1790,1,602,445,5233,549.68,1
1790,2,373,444,7800,819.33,1
1790,4,934,447,2404,252.52,1
1790,7,1129,444,366,38.45,1
1790,26,706,449,1172,123.11,1
1791,1,602,445,5147,540.65,1
1791,2,374,444,7574,795.59,1
1791,4,934,446,2302,241.81,1
1791,7,1130,446,387,40.65,1
1791,26,706,449,1146,120.38,1
1792,1,602,445,5204,546.64,1
1792,2,373,444,7715,810.4,1
1792,4,934,447,2314,243.07,1
1792,7,1131,443,287,30.15,1
1792,26,706,449,1166,122.48,1
1793,1,602,445,5183,544.43,1
1793,2,373,444,7693,808.09,1
1793,4,934,446,2306,242.23,1
1793,7,1127,445,280,29.41,1
1793,26,706,449,1150,120.8,1
1794,1,602,445,5174,543.49,1
1794,2,373,444,7722,811.13,1
1794,4,934,446,2293,240.86,1
1794,7,1131,445,408,42.86,1
1794,26,706,449,1170,122.9,1
1795,1,602,445,5198,546.01,1
1795,2,373,444,7668,805.46,1
1795,4,934,446,2277,239.18,1
1795,7,1130,446,398,41.81,1
1795,26,706,449,1181,124.05,1
1796,1,603,445,5181,544.22,1
1796,2,374,444,7722,811.13,1
1796,4,934,446,2330,244.75,1
1796,7,1131,447,518,54.41,1
1796,26,706,449,1165,122.37,1
1797,1,602,445,5204,546.64,1
1797,2,373,444,7699,808.72,1
1797,4,934,446,2313,242.96,1
1797,7,1129,447,413,43.38,1
1797,26,706,449,1171,123.0,1
1798,1,602,445,5230,549.37,1
1798,2,373,444,7828,822.27,1
1798,4,934,447,2440,256.3,1
1798,7,1130,447,502,52.73,1
1798,26,706,449,1159,121.74,1
1799,1,602,445,5202,546.43,1
1799,2,373,444,7663,804.94,1
1799,4,934,447,2434,255.67,1
1799,7,1129,445,369,38.76,1
1799,26,706,449,1147,120.48,1
1800,1,602,445,5150,540.97,1
1800,2,373,444,7704,809.24,1
1800,4,934,446,2359,247.79,1
1800,7,1129,445,334,35.08,1
1800,26,706,449,1133,119.01,1
1801,1,602,445,5166,542.65,1
1801,2,373,444,7703,809.14,1
1801,4,934,446,2320,243.7,1
1801,7,1129,445,325,34.14,1
1801,26,706,449,1158,121.64,1
1802,1,602,445,5175,543.59,1
1802,2,373,444,7647,803.26,1
1802,4,934,447,2345,246.32,1
1802,7,1127,445,300,31.51,1
1802,26,706,449,1169,122.79,1
1803,1,602,445,5174,543.49,1
1803,2,373,444,7650,803.57,1
1803,4,934,446,2308,242.44,1
1803,7,1128,444,277,29.1,1
1803,26,706,449,1171,123.0,1
1804,1,602,445,5153,541.28,1
1804,2,373,444,7638,802.31,1
1804,4,934,446,2344,246.22,1
1804,7,1130,443,327,34.35,1
1804,26,706,449,1163,122.16,1
1805,1,602,445,5171,543.17,1
1805,2,373,444,7713,810.19,1
1805,4,934,447,2337,245.48,1
1805,7,1130,446,396,41.6,1
1805,26,706,449,1160,121.85,1
1806,1,602,445,5179,544.01,1
1806,2,373,444,7680,806.72,1
1806,4,934,447,2422,254.41,1
1806,7,1131,445,390,40.97,1
1806,26,706,449,1155,121.32,1
1807,1,602,445,5166,542.65,1
1807,2,373,444,7605,798.84,1
1807,4,934,446,2269,238.34,1
1807,7,1129,443,260,27.31,1
1807,26,706,449,1149,120.69,1
1808,1,602,445,5106,536.34,1
1808,2,373,444,7665,805.15,1
1808,4,934,447,2264,237.82,1
1808,7,1129,444,314,32.98,1
1808,26,706,449,1150,120.8,1
1809,1,602,445,5147,540.65,1
1809,2,373,444,7636,802.1,1
1809,4,934,446,2291,240.65,1
1809,7,1130,448,402,42.23,1
1809,26,706,449,1146,120.38,1
1810,1,602,445,5172,543.28,1
1810,2,373,444,7718,810.71,1
1810,4,934,447,2333,245.06,1
1810,7,1131,447,518,54.41,1
1810,26,706,449,1159,121.74,1
1811,1,602,445,5155,541.49,1
1811,2,372,444,7632,801.68,1
1811,4,934,446,2280,239.5,1
1811,7,1131,447,513,53.89,1
1811,26,706,449,1134,119.12,1
1812,1,602,445,5195,545.69,1
1812,2,373,444,7694,808.19,1
1812,4,934,447,2399,252.0,1
1812,7,1130,446,384,40.34,1
1812,26,706,449,1143,120.06,1
1813,1,602,445,5175,543.59,1
1813,2,373,444,7628,801.26,1
1813,4,934,447,2348,246.64,1
1813,7,1131,448,539,56.62,1
1813,26,706,449,1161,121.95,1
1814,1,603,445,5172,543.28,1
1814,2,373,444,7664,805.04,1
1814,4,934,447,2354,247.27,1
1814,7,1130,447,442,46.43,1
1814,26,706,449,1160,121.85,1
1815,1,603,445,5173,543.38,1
1815,2,373,444,7672,805.88,1
1815,4,934,446,2304,242.02,1
1815,7,1129,447,400,42.02,1
1815,26,706,449,1150,120.8,1
1816,1,602,445,5159,541.91,1
1816,2,373,444,7718,810.71,1
1816,4,934,446,2324,244.12,1
1816,7,1130,447,449,47.16,1
1816,26,706,449,1139,119.64,1
1817,1,602,445,5183,544.43,1
1817,2,373,444,7823,821.74,1
1817,4,934,447,2448,257.14,1
1817,7,1129,446,366,38.45,1
1817,26,706,449,1183,124.26,1
1818,1,602,445,5193,545.48,1
1818,2,373,444,7763,815.44,1
1818,4,934,446,2337,245.48,1
1818,7,1129,447,355,37.29,1
1818,26,706,449,1183,124.26,1
1819,1,602,445,5179,544.01,1
1819,2,373,444,7794,818.7,1
1819,4,934,447,2482,260.71,1
1819,7,1130,447,468,49.16,1
1819,26,706,449,1193,125.32,1
1820,1,602,445,5224,548.74,1
1820,2,373,444,7789,818.17,1
1820,4,934,447,2354,247.27,1
1820,7,1130,447,419,44.01,1
1820,26,706,449,1178,123.74,1
1821,1,602,445,5169,542.96,1
1821,2,373,444,7707,809.56,1
1821,4,934,447,2354,247.27,1
1821,7,1130,443,331,34.77,1
1821,26,706,449,1167,122.58,1
1822,1,602,445,5176,543.7,1
1822,2,373,444,7602,798.53,1
1822,4,934,446,2311,242.75,1
1822,7,1128,446,347,36.45,1
1822,26,706,449,1156,121.43,1
1823,1,602,445,5166,542.65,1
1823,2,373,444,7546,792.65,1
1823,4,934,446,2279,239.39,1
1823,7,1127,444,249,26.16,1
1823,26,706,449,1152,121.01,1
1824,1,602,445,5192,545.38,1
1824,2,373,444,7719,810.82,1
1824,4,934,446,2298,241.39,1
1824,7,1130,447,391,41.07,1
1824,26,706,449,1158,121.64,1
1825,1,602,445,5186,544.75,1
1825,2,373,444,7624,800.84,1
1825,4,934,446,2268,238.24,1
1825,7,1127,447,328,34.45,1
1825,26,706,449,1168,122.69,1
1826,1,602,445,5160,542.02,1
1826,2,373,444,7611,799.47,1
1826,4,934,446,2309,242.54,1
1826,7,1127,445,296,31.09,1
1826,26,706,449,1169,122.79,1
1827,1,602,445,5180,544.12,1
1827,2,373,444,7692,807.98,1
1827,4,933,446,2294,240.97,1
1827,7,1130,446,404,42.44,1
1827,26,706,449,1164,122.27,1
1828,1,602,445,5198,546.01,1
1828,2,373,444,7688,807.56,1
1828,4,934,446,2323,244.01,1
1828,7,1130,446,392,41.18,1
1828,26,706,449,1161,121.95,1
1829,1,602,445,5206,546.85,1
1829,2,373,444,7740,813.03,1
1829,4,934,447,2408,252.94,1
1829,7,1130,446,413,43.38,1
1829,26,706,449,1148,120.59,1
1830,1,602,445,5206,546.85,1
1830,2,373,444,7712,810.08,1
1830,4,934,446,2333,245.06,1
1830,7,1130,447,419,44.01,1
1830,26,706,449,1151,120.9,1
1831,1,602,445,5205,546.74,1
1831,2,373,444,7788,818.07,1
1831,4,934,447,2383,250.32,1
1831,7,1129,446,382,40.13,1
1831,26,706,449,1179,123.84,1
1832,1,602,445,5193,545.48,1
1832,2,373,444,7670,805.67,1
1832,4,934,446,2327,244.43,1
1832,7,1129,444,306,32.14,1
1832,26,706,449,1175,123.42,1
1833,1,602,445,5215,547.79,1
1833,2,373,444,7679,806.62,1
1833,4,933,447,2405,252.63,1
1833,7,1127,446,318,33.4,1
1833,26,706,449,1165,122.37,1
1834,1,602,445,5188,544.96,1
1834,2,373,444,7631,801.58,1
1834,4,934,447,2342,246.01,1
1834,7,1127,446,288,30.25,1
1834,26,706,449,1138,119.54,1
1835,1,602,445,5187,544.85,1
1835,2,373,444,7746,813.66,1
1835,4,934,447,2386,250.63,1
1835,7,1130,445,316,33.19,1
1835,26,706,449,1155,121.32,1
1836,1,602,445,5170,543.07,1
1836,2,373,444,7718,810.71,1
1836,4,934,446,2348,246.64,1
1836,7,1127,446,314,32.98,1
1836,26,706,449,1173,123.21,1
1837,1,602,445,5150,540.97,1
1837,2,373,444,7697,808.51,1
1837,4,934,447,2356,247.48,1
1837,7,1131,447,535,56.2,1
1837,26,706,449,1153,121.11,1
1838,1,602,445,5174,543.49,1
1838,2,373,444,7734,812.39,1
1838,4,934,447,2416,253.78,1
1838,7,1130,447,402,42.23,1
1838,26,706,449,1167,122.58,1
1839,1,602,445,5169,542.96,1
1839,2,373,444,7676,806.3,1
1839,4,934,447,2405,252.63,1
1839,7,1129,448,437,45.9,1
1839,26,706,449,1164,122.27,1
1840,1,602,445,5190,545.17,1
1840,2,373,444,7705,809.35,1
1840,4,934,447,2370,248.95,1
1840,7,1131,446,460,48.32,1
1840,26,706,449,1173,123.21,1
1841,1,602,445,5175,543.59,1
1841,2,373,444,7678,806.51,1
1841,4,934,446,2278,239.29,1
1841,7,1127,446,285,29.94,1
1841,26,706,449,1151,120.9,1
1842,1,602,445,5117,537.5,1
1842,2,373,444,7617,800.11,1
1842,4,934,446,2279,239.39,1
1842,7,1127,443,264,27.73,1
1842,26,706,449,1166,122.48,1
1843,1,602,445,5200,546.22,1
1843,2,373,444,7738,812.82,1
1843,4,934,446,2320,243.7,1
1843,7,1130,447,383,40.23,1
1843,26,706,449,1158,121.64,1
1844,1,603,445,5149,540.86,1
1844,2,373,444,7733,812.29,1
1844,4,934,447,2341,245.9,1
1844,7,1129,447,397,41.7,1
1844,26,706,449,1159,121.74,1
1845,1,603,445,5157,541.7,1
1845,2,373,444,7671,805.78,1
1845,4,934,446,2310,242.65,1
1845,7,1129,445,359,37.71,1
1845,26,706,449,1162,122.06,1
1846,1,602,445,5178,543.91,1
1846,2,373,444,7692,807.98,1
1846,4,934,446,2282,239.71,1
1846,7,1129,448,395,41.49,1
1846,26,706,449,1161,121.95,1
1847,1,602,445,5161,542.12,1
1847,2,373,444,7721,811.03,1
1847,4,934,446,2315,243.17,1
1847,7,1130,446,420,44.12,1
1847,26,706,449,1155,121.32,1
1848,1,603,445,5160,542.02,1
1848,2,373,444,7602,798.53,1
1848,4,934,446,2228,234.03,1
1848,7,1128,445,324,34.03,1
1848,26,706,449,1146,120.38,1
1849,1,602,445,5125,538.34,1
1849,2,373,444,7747,813.76,1
1849,4,934,447,2367,248.63,1
1849,7,1128,444,310,32.56,1
1849,26,706,449,1175,123.42,1
1850,1,603,445,5177,543.8,1
1850,2,373,444,7646,803.15,1
1850,4,934,446,2339,245.69,1
1850,7,1130,444,346,36.34,1
1850,26,706,449,1156,121.43,1
1851,1,602,445,5203,546.53,1
1851,2,373,444,7730,811.97,1
1851,4,934,447,2395,251.58,1
1851,7,1131,447,485,50.95,1
1851,26,706,449,1178,123.74,1
1852,1,603,445,5151,541.07,1
1852,2,373,444,7735,812.5,1
1852,4,934,446,2319,243.59,1
1852,7,1128,444,293,30.78,1
1852,26,706,449,1163,122.16,1
1853,1,602,445,5139,539.81,1
1853,2,373,444,7657,804.31,1
1853,4,934,447,2353,247.16,1
1853,7,1128,443,262,27.52,1
1853,26,706,449,1165,122.37,1
1854,1,602,445,5236,550.0,1
1854,2,373,444,7727,811.66,1
1854,4,934,447,2384,250.42,1
1854,7,1129,447,377,39.6,1
1854,26,706,449,1165,122.37,1
1855,1,602,445,5216,547.9,1
1855,2,373,444,7658,804.41,1
1855,4,934,446,2293,240.86,1
1855,7,1127,445,287,30.15,1
1855,26,706,449,1171,123.0,1
1856,1,602,445,5182,544.33,1
1856,2,373,444,7676,806.3,1
1856,4,934,447,2359,247.79,1
1856,7,1128,443,288,30.25,1
1856,26,706,449,1175,123.42,1
1857,1,602,445,5197,545.9,1
1857,2,373,444,7570,795.17,1
1857,4,934,446,2264,237.82,1
1857,7,1130,447,363,38.13,1
1857,26,706,449,1164,122.27,1
1858,1,602,445,5166,542.65,1
1858,2,373,444,7588,797.06,1
1858,4,934,446,2283,239.81,1
1858,7,1128,443,273,28.68,1
1858,26,706,449,1156,121.43,1
1859,1,602,445,5166,542.65,1
1859,2,373,444,7639,802.42,1
1859,4,934,446,2251,236.45,1
1859,7,1129,447,399,41.91,1
1859,26,706,449,1164,122.27,1
1860,1,602,445,5198,546.01,1
1860,2,373,444,7696,808.4,1
1860,4,934,447,2352,247.06,1
1860,7,1131,447,511,53.68,1
1860,26,706,449,1168,122.69,1
1861,1,602,445,5186,544.75,1
1861,2,373,444,7816,821.01,1
1861,4,933,447,2359,247.79,1
1861,7,1127,443,238,25.0,1
1861,26,706,449,1159,121.74,1
1862,1,603,445,5171,543.17,1
1862,2,373,444,7673,805.99,1
1862,4,934,446,2317,243.38,1
1862,7,1130,446,419,44.01,1
1862,26,706,449,1160,121.85,1
1863,1,602,445,5128,538.66,1
1863,2,373,444,7624,800.84,1
1863,4,934,446,2323,244.01,1
1863,7,1127,445,275,28.89,1
1863,26,706,449,1162,122.06,1
1864,1,603,445,5159,541.91,1
1864,2,373,444,7678,806.51,1
1864,4,934,446,2332,244.96,1
1864,7,1129,444,292,30.67,1
1864,26,706,449,1169,122.79,1
1865,1,602,445,5192,545.38,1
1865,2,373,444,7634,801.89,1
1865,4,934,446,2295,241.07,1
1865,7,1129,446,328,34.45,1
1865,26,706,449,1165,122.37,1
1866,1,603,445,5143,540.23,1
1866,2,373,444,7605,798.84,1
1866,4,934,446,2313,242.96,1
1866,7,1130,446,371,38.97,1
1866,26,706,449,1169,122.79,1
1867,1,602,445,5197,545.9,1
1867,2,373,444,7687,807.46,1
1867,4,934,446,2333,245.06,1
1867,7,1127,445,283,29.73,1
1867,26,706,449,1164,122.27,1
1868,1,602,445,5138,539.71,1
1868,2,373,444,7575,795.69,1
1868,4,934,446,2244,235.71,1
1868,7,1129,444,288,30.25,1
1868,26,706,449,1155,121.32,1
1869,1,602,445,5162,542.23,1
1869,2,373,444,7576,795.8,1
1869,4,934,446,2328,244.54,1
1869,7,1130,445,374,39.29,1
1869,26,706,449,1156,121.43,1
1870,1,602,445,5185,544.64,1
1870,2,373,444,7717,810.61,1
1870,4,934,446,2338,245.59,1
1870,7,1128,447,329,34.56,1
1870,26,706,449,1163,122.16,1
1871,1,602,445,5179,544.01,1
1871,2,373,444,7645,803.05,1
1871,4,934,447,2348,246.64,1
1871,7,1129,447,379,39.81,1
1871,26,706,449,1169,122.79,1
1872,1,602,445,5206,546.85,1
1872,2,373,444,7701,808.93,1
1872,4,934,446,2344,246.22,1
1872,7,1130,445,364,38.24,1
1872,26,706,449,1140,119.75,1
1873,1,603,445,5177,543.8,1
1873,2,373,444,7593,797.58,1
1873,4,934,446,2307,242.33,1
1873,7,1127,444,275,28.89,1
1873,26,706,449,1145,120.27,1
1874,1,602,445,5156,541.6,1
1874,2,373,444,7599,798.21,1
1874,4,934,447,2324,244.12,1
1874,7,1130,447,408,42.86,1
1874,26,706,449,1138,119.54,1
1875,1,603,445,5179,544.01,1
1875,2,373,444,7612,799.58,1
1875,4,934,447,2319,243.59,1
1875,7,1131,446,462,48.53,1
1875,26,706,449,1151,120.9,1
1876,1,602,445,5223,548.63,1
1876,2,373,444,7738,812.82,1
1876,4,934,447,2389,250.95,1
1876,7,1130,447,470,49.37,1
1876,26,706,449,1190,125.0,1
1877,1,602,445,5203,546.53,1
1877,2,373,444,7717,810.61,1
1877,4,934,447,2366,248.53,1
1877,7,1128,443,262,27.52,1
1877,26,706,449,1156,121.43,1
1878,1,602,445,5227,549.05,1
1878,2,373,444,7671,805.78,1
1878,4,934,447,2372,249.16,1
1878,7,1131,446,470,49.37,1
1878,26,706,449,1164,122.27,1
1879,1,602,445,5183,544.43,1
1879,2,373,444,7668,805.46,1
1879,4,934,447,2362,248.11,1
1879,7,1131,446,480,50.42,1
1879,26,706,449,1161,121.95,1
1880,1,602,445,5218,548.11,1
1880,2,373,444,7708,809.66,1
1880,4,934,447,2393,251.37,1
1880,7,1130,448,438,46.01,1
1880,26,706,449,1157,121.53,1
1881,1,603,445,5208,547.06,1
1881,2,373,444,7708,809.66,1
1881,4,934,446,2346,246.43,1
1881,7,1130,447,384,40.34,1
1881,26,706,449,1174,123.32,1
1882,1,602,445,5150,540.97,1
1882,2,373,444,7682,806.93,1
1882,4,934,446,2273,238.76,1
1882,7,1130,445,344,36.13,1
1882,26,706,449,1139,119.64,1
1883,1,603,445,5162,542.23,1
1883,2,373,444,7680,806.72,1
1883,4,934,447,2304,242.02,1
1883,7,1130,444,338,35.5,1
1883,26,706,449,1155,121.32,1
1884,1,602,445,5201,546.32,1
1884,2,373,444,7702,809.03,1
1884,4,934,446,2319,243.59,1
1884,7,1127,444,295,30.99,1
1884,26,706,449,1154,121.22,1
1885,1,602,445,5146,540.55,1
1885,2,373,444,7642,802.73,1
1885,4,934,446,2293,240.86,1
1885,7,1128,442,240,25.21,1
1885,26,706,449,1153,121.11,1
1886,1,602,445,5189,545.06,1
1886,2,373,444,7698,808.61,1
1886,4,934,446,2315,243.17,1
1886,7,1129,447,396,41.6,1
1886,26,706,449,1184,124.37,1
1887,1,602,445,5197,545.9,1
1887,2,373,444,7670,805.67,1
1887,4,934,446,2312,242.86,1
1887,7,1129,443,303,31.83,1
1887,26,706,449,1155,121.32,1
1888,1,602,445,5214,547.69,1
1888,2,373,444,7688,807.56,1
1888,4,934,447,2393,251.37,1
1888,7,1128,445,295,30.99,1
1888,26,706,449,1174,123.32,1
1889,1,602,445,5193,545.48,1
1889,2,373,444,7643,802.84,1
1889,4,933,446,2317,243.38,1
1889,7,1128,445,333,34.98,1
1889,26,706,449,1169,122.79,1
1890,1,602,445,5200,546.22,1
1890,2,373,444,7699,808.72,1
1890,4,934,446,2341,245.9,1
1890,7,1129,444,322,33.82,1
1890,26,706,449,1174,123.32,1
1891,1,602,445,5226,548.95,1
1891,2,373,444,7733,812.29,1
1891,4,934,446,2317,243.38,1
1891,7,1129,448,412,43.28,1
1891,26,706,449,1178,123.74,1
1892,1,602,445,5178,543.91,1
1892,2,373,444,7652,803.78,1
1892,4,934,447,2383,250.32,1
1892,7,1128,444,320,33.61,1
1892,26,706,449,1181,124.05,1
1893,1,602,445,5153,541.28,1
1893,2,373,444,7711,809.98,1
1893,4,934,447,2339,245.69,1
1893,7,1127,445,277,29.1,1
1893,26,706,449,1186,124.58,1
1894,1,602,445,5217,548.0,1
1894,2,373,444,7730,811.97,1
1894,4,934,446,2318,243.49,1
1894,7,1127,444,266,27.94,1
1894,26,706,449,1179,123.84,1
1895,1,603,445,5172,543.28,1
1895,2,373,444,7732,812.18,1
1895,4,934,446,2331,244.85,1
1895,7,1130,447,405,42.54,1
1895,26,706,449,1149,120.69,1
1896,1,602,445,5170,543.07,1
1896,2,373,444,7667,805.36,1
1896,4,934,446,2321,243.8,1
1896,7,1127,445,300,31.51,1
1896,26,706,449,1146,120.38,1
1897,1,602,445,5141,540.02,1
1897,2,373,444,7650,803.57,1
1897,4,934,446,2313,242.96,1
1897,7,1130,446,390,40.97,1
1897,26,706,449,1173,123.21,1
1898,1,602,445,5203,546.53,1
1898,2,373,444,7692,807.98,1
1898,4,934,446,2305,242.12,1
1898,7,1129,445,343,36.03,1
1898,26,706,449,1170,122.9,1
1899,1,602,445,5217,548.0,1
1899,2,373,444,7701,808.93,1
1899,4,934,447,2375,249.47,1
1899,7,1131,447,531,55.78,1
1899,26,706,449,1169,122.79,1
1900,1,602,445,5204,546.64,1
1900,2,373,444,7652,803.78,1
1900,4,934,446,2326,244.33,1
1900,7,1128,445,302,31.72,1
1900,26,706,449,1158,121.64,1
1901,1,602,445,5143,540.23,1
1901,2,373,444,7642,802.73,1
1901,4,934,446,2319,243.59,1
1901,7,1128,444,294,30.88,1
1901,26,706,449,1158,121.64,1
1902,1,602,445,5187,544.85,1
1902,2,373,444,7699,808.72,1
1902,4,934,446,2335,245.27,1
1902,7,1131,447,530,55.67,1
1902,26,706,449,1164,122.27,1
1903,1,602,445,5159,541.91,1
1903,2,373,444,7626,801.05,1
1903,4,933,446,2293,240.86,1
1903,7,1128,445,295,30.99,1
1903,26,706,449,1147,120.48,1
1904,1,603,445,5198,546.01,1
1904,2,373,444,7709,809.77,1
1904,4,934,446,2332,244.96,1
1904,7,1131,447,516,54.2,1
1904,26,706,449,1172,123.11,1
1905,1,602,445,5175,543.59,1
1905,2,373,444,7661,804.73,1
1905,4,934,446,2332,244.96,1
1905,7,1127,444,259,27.21,1
1905,26,706,449,1195,125.53,1
1906,1,602,445,5206,546.85,1
1906,2,373,444,7843,823.84,1
1906,4,934,447,2308,242.44,1
1906,7,1130,447,422,44.33,1
1906,26,706,449,1173,123.21,1
1907,1,602,445,5190,545.17,1
1907,2,374,444,7666,805.25,1
1907,4,934,447,2351,246.95,1
1907,7,1130,445,389,40.86,1
1907,26,706,449,1180,123.95,1
1908,1,603,445,5213,547.58,1
1908,2,374,444,7712,810.08,1
1908,4,934,447,2327,244.43,1
1908,7,1129,446,374,39.29,1
1908,26,706,449,1175,123.42,1
1909,1,602,445,5179,544.01,1
1909,2,373,444,7659,804.52,1
1909,4,934,446,2324,244.12,1
1909,7,1128,444,328,34.45,1
1909,26,706,449,1169,122.79,1
1910,1,603,445,5231,549.47,1
1910,2,372,444,7856,825.21,1
1910,4,934,447,2451,257.46,1
1910,7,1131,447,506,53.15,1
1910,26,706,450,1189,124.89,1
1911,1,602,445,5204,546.64,1
1911,2,373,444,7798,819.12,1
1911,4,934,447,2405,252.63,1
1911,7,1131,446,508,53.36,1
1911,26,706,449,1190,125.0,1
1912,1,602,445,5169,542.96,1
1912,2,373,444,7639,802.42,1
1912,4,934,446,2270,238.45,1
1912,7,1128,444,306,32.14,1
1912,26,706,449,1162,122.06,1
1913,1,603,445,5160,542.02,1
1913,2,373,444,7684,807.14,1
1913,4,934,446,2316,243.28,1
1913,7,1130,445,374,39.29,1
1913,26,706,449,1151,120.9,1
1914,1,602,445,5157,541.7,1
1914,2,373,444,7623,800.74,1
1914,4,934,446,2291,240.65,1
1914,7,1129,447,348,36.55,1
1914,26,706,449,1167,122.58,1
1915,1,602,445,5201,546.32,1
1915,2,374,444,7684,807.14,1
1915,4,934,447,2368,248.74,1
1915,7,1129,446,379,39.81,1
1915,26,706,449,1147,120.48,1
1916,1,602,445,5131,538.97,1
1916,2,373,444,7607,799.05,1
1916,4,934,446,2302,241.81,1
1916,7,1127,446,296,31.09,1
1916,26,706,449,1161,121.95,1
1917,1,602,445,5148,540.76,1
1917,2,373,444,7743,813.34,1
1917,4,934,447,2341,245.9,1
1917,7,1130,444,344,36.13,1
1917,26,706,449,1148,120.59,1
1918,1,602,445,5221,548.42,1
1918,2,373,444,7721,811.03,1
1918,4,934,446,2340,245.8,1
1918,7,1127,443,244,25.63,1
1918,26,706,449,1171,123.0,1
1919,1,602,445,5227,549.05,1
1919,2,373,444,7721,811.03,1
1919,4,934,446,2306,242.23,1
1919,7,1131,447,524,55.04,1
1919,26,706,449,1173,123.21,1
1920,1,602,445,5194,545.59,1
1920,2,372,444,7728,811.76,1
1920,4,934,446,2369,248.84,1
1920,7,1130,446,380,39.92,1
1920,26,706,449,1184,124.37,1
1921,1,602,445,5143,540.23,1
1921,2,373,444,7633,801.79,1
1921,4,934,446,2311,242.75,1
1921,7,1127,445,321,33.72,1
1921,26,706,449,1151,120.9,1
1922,1,602,445,5175,543.59,1
1922,2,373,444,7731,812.08,1
1922,4,934,447,2337,245.48,1
1922,7,1131,447,556,58.4,1
1922,26,706,449,1143,120.06,1
1923,1,603,445,5157,541.7,1
1923,2,373,444,7695,808.3,1
1923,4,934,446,2295,241.07,1
1923,7,1131,446,401,42.12,1
1923,26,706,449,1146,120.38,1
1924,1,603,445,5154,541.39,1
1924,2,373,444,7723,811.24,1
1924,4,934,446,2290,240.55,1
1924,7,1130,447,395,41.49,1
1924,26,706,449,1174,123.32,1
1925,1,602,445,5163,542.33,1
1925,2,373,444,7755,814.6,1
1925,4,934,447,2333,245.06,1
1925,7,1128,445,293,30.78,1
1925,26,706,449,1176,123.53,1
1926,1,602,445,5174,543.49,1
1926,2,374,444,7730,811.97,1
1926,4,934,447,2358,247.69,1
1926,7,1129,447,418,43.91,1
1926,26,706,449,1171,123.0,1
1927,1,603,445,5148,540.76,1
1927,2,373,444,7721,811.03,1
1927,4,934,447,2321,243.8,1
1927,7,1128,445,323,33.93,1
1927,26,706,449,1167,122.58,1
1928,1,602,445,5143,540.23,1
1928,2,373,444,7707,809.56,1
1928,4,934,446,2293,240.86,1
1928,7,1129,445,326,34.24,1
1928,26,706,449,1159,121.74,1
1929,1,602,445,5164,542.44,1
1929,2,373,444,7703,809.14,1
1929,4,934,446,2321,243.8,1
1929,7,1127,446,290,30.46,1
1929,26,706,449,1155,121.32,1
1930,1,602,445,5146,540.55,1
1930,2,374,444,7565,794.64,1
1930,4,934,447,2336,245.38,1
1930,7,1130,446,421,44.22,1
1930,26,706,449,1139,119.64,1
1931,1,602,445,5187,544.85,1
1931,2,373,444,7719,810.82,1
1931,4,934,447,2323,244.01,1
1931,7,1129,447,403,42.33,1
1931,26,706,449,1146,120.38,1
1932,1,602,445,5193,545.48,1
1932,2,373,444,7672,805.88,1
1932,4,934,446,2317,243.38,1
1932,7,1130,447,416,43.7,1
1932,26,706,449,1159,121.74,1
1933,1,603,445,5185,544.64,1
1933,2,373,444,7742,813.24,1
1933,4,934,446,2326,244.33,1
1933,7,1127,444,282,29.62,1
1933,26,706,449,1152,121.01,1
1934,1,602,445,5197,545.9,1
1934,2,373,444,7752,814.29,1
1934,4,934,447,2401,252.21,1
1934,7,1130,445,400,42.02,1
1934,26,706,449,1156,121.43,1
1935,1,602,445,5171,543.17,1
1935,2,373,444,7629,801.37,1
1935,4,934,447,2351,246.95,1
1935,7,1128,444,338,35.5,1
1935,26,706,449,1155,121.32,1
1936,1,602,445,5191,545.27,1
1936,2,373,444,7750,814.08,1
1936,4,934,447,2371,249.05,1
1936,7,1131,446,432,45.38,1
1936,26,706,449,1188,124.79,1
1937,1,602,445,5137,539.6,1
1937,2,373,444,7611,799.47,1
1937,4,934,446,2322,243.91,1
1937,7,1129,443,273,28.68,1
1937,26,706,449,1151,120.9,1
1938,1,602,445,5189,545.06,1
1938,2,373,444,7728,811.76,1
1938,4,934,447,2339,245.69,1
1938,7,1130,444,360,37.82,1
1938,26,706,449,1168,122.69,1
1939,1,602,445,5190,545.17,1
1939,2,373,444,7655,804.1,1
1939,4,934,447,2379,249.89,1
1939,7,1129,446,397,41.7,1
1939,26,706,449,1173,123.21,1
1940,1,602,445,5210,547.27,1
1940,2,373,444,7680,806.72,1
1940,4,934,446,2322,243.91,1
1940,7,1128,445,321,33.72,1
1940,26,706,449,1164,122.27,1
1941,1,602,445,5184,544.54,1
1941,2,373,444,7690,807.77,1
1941,4,934,446,2315,243.17,1
1941,7,1127,443,256,26.89,1
1941,26,706,449,1184,124.37,1
1942,1,602,445,5203,546.53,1
1942,2,373,444,7740,813.03,1
1942,4,934,447,2358,247.69,1
1942,7,1130,445,420,44.12,1
1942,26,706,449,1191,125.11,1
1943,1,602,445,5194,545.59,1
1943,2,373,444,7661,804.73,1
1943,4,934,446,2322,243.91,1
1943,7,1130,442,302,31.72,1
1943,26,706,449,1175,123.42,1
1944,1,602,445,5177,543.8,1
1944,2,373,444,7713,810.19,1
1944,4,934,446,2305,242.12,1
1944,7,1129,445,396,41.6,1
1944,26,706,449,1171,123.0,1
1945,1,602,445,5222,548.53,1
1945,2,373,444,7709,809.77,1
1945,4,934,447,2366,248.53,1
1945,7,1128,446,357,37.5,1
1945,26,706,449,1181,124.05,1
1946,1,602,445,5158,541.81,1
1946,2,373,444,7662,804.83,1
1946,4,934,446,2302,241.81,1
1946,7,1129,444,347,36.45,1
1946,26,706,449,1185,124.47,1
1947,1,602,445,5154,541.39,1
1947,2,373,444,7651,803.68,1
1947,4,934,446,2326,244.33,1
1947,7,1128,445,357,37.5,1
1947,26,706,449,1171,123.0,1
1948,1,602,445,5154,541.39,1
1948,2,373,444,7732,812.18,1
1948,4,934,447,2335,245.27,1
1948,7,1128,447,350,36.76,1
1948,26,706,449,1180,123.95,1
1949,1,602,445,5170,543.07,1
1949,2,373,444,7760,815.13,1
1949,4,934,446,2330,244.75,1
1949,7,1128,445,302,31.72,1
1949,26,706,449,1166,122.48,1
1950,1,602,445,5199,546.11,1
1950,2,373,444,7748,813.87,1
1950,4,934,447,2424,254.62,1
1950,7,1127,446,331,34.77,1
1950,26,706,449,1166,122.48,1
1951,1,602,445,5162,542.23,1
1951,2,373,444,7739,812.92,1
1951,4,934,447,2403,252.42,1
1951,7,1127,447,339,35.61,1
1951,26,706,449,1179,123.84,1
1952,1,602,445,5212,547.48,1
1952,2,373,444,7736,812.61,1
1952,4,934,446,2347,246.53,1
1952,7,1127,447,349,36.66,1
1952,26,706,449,1147,120.48,1
1953,1,602,445,5138,539.71,1
1953,2,373,444,7603,798.63,1
1953,4,934,446,2345,246.32,1
1953,7,1128,446,331,34.77,1
1953,26,706,449,1153,121.11,1
1954,1,602,445,5201,546.32,1
1954,2,373,444,7750,814.08,1
1954,4,934,447,2395,251.58,1
1954,7,1130,446,424,44.54,1
1954,26,706,449,1153,121.11,1
1955,1,603,445,5193,545.48,1
1955,2,373,444,7665,805.15,1
1955,4,934,446,2375,249.47,1
1955,7,1130,446,402,42.23,1
1955,26,706,449,1161,121.95,1
1956,1,603,445,5164,542.44,1
1956,2,373,444,7685,807.25,1
1956,4,934,446,2330,244.75,1
1956,7,1128,444,285,29.94,1
1956,26,706,449,1155,121.32,1
1957,1,602,445,5213,547.58,1
1957,2,373,444,7724,811.34,1
1957,4,934,447,2374,249.37,1
1957,7,1130,445,364,38.24,1
1957,26,706,449,1173,123.21,1
1958,1,602,445,5226,548.95,1
1958,2,373,444,7774,816.6,1
1958,4,934,447,2428,255.04,1
1958,7,1130,447,434,45.59,1
1958,26,706,449,1188,124.79,1
1959,1,602,445,5167,542.75,1
1959,2,373,444,7664,805.04,1
1959,4,934,447,2346,246.43,1
1959,7,1130,447,417,43.8,1
1959,26,706,449,1141,119.85,1
1960,1,603,445,5172,543.28,1
1960,2,373,444,7700,808.82,1
1960,4,934,446,2299,241.49,1
1960,7,1130,446,381,40.02,1
1960,26,706,449,1135,119.22,1
1961,1,603,445,5190,545.17,1
1961,2,373,444,7728,811.76,1
1961,4,934,447,2318,243.49,1
1961,7,1128,446,325,34.14,1
1961,26,706,449,1170,122.9,1
1962,1,603,445,5177,543.8,1
1962,2,373,444,7697,808.51,1
1962,4,934,446,2306,242.23,1
1962,7,1127,446,309,32.46,1
1962,26,706,449,1156,121.43,1
1963,1,602,445,5174,543.49,1
1963,2,373,444,7710,809.87,1
1963,4,934,446,2308,242.44,1
1963,7,1127,443,235,24.68,1
1963,26,706,449,1173,123.21,1
1964,1,602,445,5177,543.8,1
1964,2,373,444,7612,799.58,1
1964,4,934,446,2278,239.29,1
1964,7,1130,446,354,37.18,1
1964,26,706,449,1132,118.91,1
1965,1,602,445,5208,547.06,1
1965,2,373,444,7705,809.35,1
1965,4,934,446,2331,244.85,1
1965,7,1130,447,435,45.69,1
1965,26,706,449,1161,121.95,1
1966,1,602,445,5207,546.95,1
1966,2,373,444,7656,804.2,1
1966,4,934,446,2321,243.8,1
1966,7,1131,447,534,56.09,1
1966,26,706,449,1178,123.74,1
1967,1,602,445,5195,545.69,1
1967,2,373,444,7698,808.61,1
1967,4,934,447,2366,248.53,1
1967,7,1130,443,302,31.72,1
1967,26,706,449,1175,123.42,1
1968,1,602,445,5156,541.6,1
1968,2,373,444,7629,801.37,1
1968,4,934,446,2273,238.76,1
1968,7,1128,444,305,32.04,1
1968,26,706,449,1170,122.9,1
1969,1,602,445,5142,540.13,1
1969,2,373,444,7619,800.32,1
1969,4,934,446,2286,240.13,1
1969,7,1129,446,379,39.81,1
1969,26,706,449,1156,121.43,1
1970,1,602,445,5169,542.96,1
1970,2,373,444,7752,814.29,1
1970,4,934,447,2388,250.84,1
1970,7,1129,446,388,40.76,1
1970,26,706,449,1169,122.79,1
1971,1,602,445,5183,544.43,1
1971,2,373,444,7607,799.05,1
1971,4,934,446,2337,245.48,1
1971,7,1127,445,283,29.73,1
1971,26,706,449,1150,120.8,1
1972,1,603,445,5210,547.27,1
1972,2,373,444,7747,813.76,1
1972,4,934,446,2357,247.58,1
1972,7,1128,444,322,33.82,1
1972,26,706,449,1175,123.42,1
1973,1,602,445,5226,548.95,1
1973,2,373,444,7672,805.88,1
1973,4,934,447,2374,249.37,1
1973,7,1131,447,520,54.62,1
1973,26,706,449,1175,123.42,1
1974,1,602,445,5219,548.21,1
1974,2,373,444,7782,817.44,1
1974,4,934,447,2388,250.84,1
1974,7,1131,446,454,47.69,1
1974,26,706,449,1180,123.95,1
1975,1,602,445,5149,540.86,1
1975,2,373,444,7550,793.07,1
1975,4,934,446,2279,239.39,1
1975,7,1128,445,311,32.67,1
1975,26,706,449,1162,122.06,1
1976,1,602,445,5198,546.01,1
1976,2,373,444,7571,795.27,1
1976,4,934,446,2320,243.7,1
1976,7,1129,445,327,34.35,1
1976,26,706,449,1161,121.95,1
1977,1,602,445,5224,548.74,1
1977,2,373,444,7676,806.3,1
1977,4,934,447,2310,242.65,1
1977,7,1130,448,443,46.53,1
1977,26,706,449,1172,123.11,1
1978,1,602,445,5163,542.33,1
1978,2,373,444,7629,801.37,1
1978,4,934,446,2298,241.39,1
1978,7,1127,444,268,28.15,1
1978,26,706,449,1161,121.95,1
1979,1,602,445,5157,541.7,1
1979,2,373,444,7692,807.98,1
1979,4,934,446,2327,244.43,1
1979,7,1128,445,291,30.57,1
1979,26,706,449,1147,120.48,1
1980,1,602,445,5163,542.33,1
1980,2,373,444,7520,789.92,1
1980,4,934,446,2268,238.24,1
1980,7,1128,445,303,31.83,1
1980,26,706,449,1140,119.75,1
1981,1,602,445,5188,544.96,1
1981,2,373,444,7730,811.97,1
1981,4,934,447,2356,247.48,1
1981,7,1131,445,421,44.22,1
1981,26,706,449,1150,120.8,1
1982,1,602,445,5230,549.37,1
1982,2,373,444,7753,814.39,1
1982,4,934,447,2386,250.63,1
1982,7,1131,445,439,46.11,1
1982,26,706,449,1155,121.32,1
1983,1,602,445,5171,543.17,1
1983,2,373,444,7614,799.79,1
1983,4,934,447,2384,250.42,1
1983,7,1130,446,395,41.49,1
1983,26,706,449,1155,121.32,1
1984,1,602,445,5135,539.39,1
1984,2,373,444,7593,797.58,1
1984,4,934,446,2252,236.55,1
1984,7,1127,444,290,30.46,1
1984,26,706,449,1157,121.53,1
1985,1,602,445,5134,539.29,1
1985,2,373,444,7663,804.94,1
1985,4,934,446,2262,237.61,1
1985,7,1129,447,364,38.24,1
1985,26,706,449,1169,122.79,1
1986,1,602,445,5153,541.28,1
1986,2,373,444,7677,806.41,1
1986,4,934,446,2301,241.7,1
1986,7,1129,446,360,37.82,1
1986,26,706,449,1159,121.74,1
1987,1,602,445,5170,543.07,1
1987,2,373,444,7661,804.73,1
1987,4,933,446,2311,242.75,1
1987,7,1128,446,304,31.93,1
1987,26,706,449,1163,122.16,1
1988,1,603,445,5148,540.76,1
1988,2,373,444,7627,801.16,1
1988,4,934,447,2346,246.43,1
1988,7,1129,444,304,31.93,1
1988,26,706,449,1158,121.64,1
1989,1,602,445,5148,540.76,1
1989,2,373,444,7683,807.04,1
1989,4,934,447,2390,251.05,1
1989,7,1130,445,375,39.39,1
1989,26,706,449,1146,120.38,1
1990,1,602,445,5179,544.01,1
1990,2,373,444,7770,816.18,1
1990,4,934,446,2317,243.38,1
1990,7,1128,444,336,35.29,1
1990,26,706,449,1163,122.16,1
1991,1,602,445,5166,542.65,1
1991,2,373,444,7580,796.22,1
1991,4,934,446,2272,238.66,1
1991,7,1130,445,387,40.65,1
1991,26,706,449,1157,121.53,1
1992,1,602,445,5144,540.34,1
1992,2,373,444,7670,805.67,1
1992,4,934,446,2296,241.18,1
1992,7,1129,445,338,35.5,1
1992,26,706,449,1187,124.68,1
1993,1,602,445,5188,544.96,1
1993,2,373,444,7713,810.19,1
1993,4,934,446,2276,239.08,1
1993,7,1131,447,506,53.15,1
1993,26,706,449,1174,123.32,1
1994,1,602,445,5170,543.07,1
1994,2,373,444,7634,801.89,1
1994,4,934,446,2263,237.71,1
1994,7,1130,445,363,38.13,1
1994,26,706,449,1168,122.69,1
1995,1,602,445,5132,539.08,1
1995,2,373,444,7619,800.32,1
1995,4,934,446,2259,237.29,1
1995,7,1128,445,308,32.35,1
1995,26,706,449,1184,124.37,1
1996,1,602,445,5167,542.75,1
1996,2,373,444,7754,814.5,1
1996,4,934,446,2296,241.18,1
1996,7,1131,447,524,55.04,1
1996,26,706,449,1176,123.53,1
1997,1,603,445,5175,543.59,1
1997,2,373,444,7729,811.87,1
1997,4,934,447,2328,244.54,1
1997,7,1129,443,325,34.14,1
1997,26,706,449,1160,121.85,1
1998,1,602,445,5187,544.85,1
1998,2,373,444,7704,809.24,1
1998,4,934,447,2330,244.75,1
1998,7,1130,448,541,56.83,1
1998,26,706,449,1156,121.43,1
1999,1,603,445,5167,542.75,1
1999,2,373,444,7717,810.61,1
1999,4,933,446,2316,243.28,1
1999,7,1128,447,379,39.81,1
1999,26,706,449,1157,121.53,1
2000,1,602,445,5189,545.06,1
2000,2,373,444,7690,807.77,1
2000,4,934,447,2345,246.32,1
2000,7,1128,446,336,35.29,1
2000,26,706,449,1169,122.79,1
2001,1,602,445,5177,543.8,1
2001,2,373,444,7738,812.82,1
2001,4,934,447,2299,241.49,1
2001,7,1130,446,393,41.28,1
2001,26,706,449,1175,123.42,1
2002,1,602,445,5197,545.9,1
2002,2,373,445,7848,824.37,1
2002,4,934,447,2415,253.68,1
2002,7,1129,446,352,36.97,1
2002,26,706,449,1160,121.85,1
2003,1,602,445,5189,545.06,1
2003,2,373,444,7728,811.76,1
2003,4,934,447,2419,254.1,1
2003,7,1128,445,360,37.82,1
2003,26,706,449,1141,119.85,1
2004,1,602,445,5229,549.26,1
2004,2,373,444,7711,809.98,1
2004,4,934,446,2329,244.64,1
2004,7,1130,446,417,43.8,1
2004,26,706,449,1186,124.58,1
2005,1,602,445,5159,541.91,1
2005,2,372,444,7716,810.5,1
2005,4,934,446,2348,246.64,1
2005,7,1128,445,335,35.19,1
2005,26,706,449,1176,123.53,1
2006,1,603,445,5184,544.54,1
2006,2,373,444,7671,805.78,1
2006,4,934,447,2338,245.59,1
2006,7,1130,447,489,51.37,1
2006,26,706,449,1163,122.16,1
2007,1,602,445,5227,549.05,1
2007,2,373,444,7628,801.26,1
2007,4,934,446,2315,243.17,1
2007,7,1130,445,369,38.76,1
2007,26,706,449,1160,121.85,1
2008,1,602,445,5201,546.32,1
2008,2,373,444,7645,803.05,1
2008,4,934,446,2288,240.34,1
2008,7,1130,445,383,40.23,1
2008,26,706,449,1148,120.59,1
2009,1,602,445,5179,544.01,1
2009,2,373,444,7721,811.03,1
2009,4,934,447,2373,249.26,1
2009,7,1131,444,386,40.55,1
2009,26,706,449,1155,121.32,1
2010,1,602,445,5120,537.82,1
2010,2,373,444,7561,794.22,1
2010,4,934,446,2260,237.39,1
2010,7,1129,443,302,31.72,1
2010,26,706,449,1150,120.8,1
2011,1,602,445,5168,542.86,1
2011,2,373,444,7701,808.93,1
2011,4,934,447,2362,248.11,1
2011,7,1131,445,398,41.81,1
2011,26,706,449,1174,123.32,1
2012,1,602,445,5213,547.58,1
2012,2,373,444,7629,801.37,1
2012,4,934,446,2311,242.75,1
2012,7,1130,446,459,48.21,1
2012,26,706,449,1181,124.05,1
2013,1,603,445,5159,541.91,1
2013,2,373,444,7636,802.1,1
2013,4,934,446,2310,242.65,1
2013,7,1129,447,366,38.45,1
2013,26,706,449,1201,126.16,1
2014,1,602,445,5176,543.7,1
2014,2,373,444,7732,812.18,1
2014,4,934,446,2305,242.12,1
2014,7,1128,447,352,36.97,1
2014,26,706,449,1178,123.74,1
2015,1,602,445,5182,544.33,1
2015,2,373,444,7713,810.19,1
2015,4,934,447,2313,242.96,1
2015,7,1127,444,260,27.31,1
2015,26,706,449,1169,122.79,1
2016,1,602,445,5180,544.12,1
2016,2,373,444,7713,810.19,1
2016,4,934,447,2362,248.11,1
2016,7,1129,443,301,31.62,1
2016,26,706,449,1159,121.74,1
2017,1,603,445,5175,543.59,1
2017,2,373,444,7711,809.98,1
2017,4,934,447,2408,252.94,1
2017,7,1128,444,318,33.4,1
2017,26,706,449,1148,120.59,1
2018,1,602,445,5177,543.8,1
2018,2,373,444,7655,804.1,1
2018,4,934,447,2343,246.11,1
2018,7,1129,444,320,33.61,1
2018,26,706,449,1162,122.06,1
2019,1,602,445,5153,541.28,1
2019,2,374,444,7610,799.37,1
2019,4,934,446,2321,243.8,1
2019,7,1130,445,418,43.91,1
2019,26,706,449,1141,119.85,1
2020,1,602,445,5187,544.85,1
2020,2,373,444,7729,811.87,1
2020,4,934,446,2355,247.37,1
2020,7,1129,447,394,41.39,1
2020,26,706,449,1182,124.16,1
2021,1,602,445,5176,543.7,1
2021,2,373,444,7662,804.83,1
2021,4,934,446,2251,236.45,1
2021,7,1128,445,305,32.04,1
2021,26,706,449,1151,120.9,1
2022,1,602,445,5176,543.7,1
2022,2,373,444,7783,817.54,1
2022,4,933,447,2364,248.32,1
2022,7,1129,447,347,36.45,1
2022,26,706,449,1168,122.69,1
2023,1,602,445,5192,545.38,1
2023,2,373,444,7704,809.24,1
2023,4,934,446,2339,245.69,1
2023,7,1128,444,288,30.25,1
2023,26,706,449,1172,123.11,1
2024,1,603,445,5172,543.28,1
2024,2,373,444,7700,808.82,1
2024,4,934,446,2324,244.12,1
2024,7,1129,447,374,39.29,1
2024,26,706,449,1172,123.11,1
2025,1,602,445,5170,543.07,1
2025,2,373,444,7664,805.04,1
2025,4,934,446,2330,244.75,1
2025,7,1129,446,355,37.29,1
2025,26,706,449,1163,122.16,1
2026,1,602,445,5139,539.81,1
2026,2,373,444,7652,803.78,1
2026,4,934,447,2394,251.47,1
2026,7,1129,446,369,38.76,1
2026,26,706,449,1175,123.42,1
2027,1,603,445,5234,549.79,1
2027,2,373,444,7724,811.34,1
2027,4,933,446,2291,240.65,1
2027,7,1130,446,501,52.63,1
2027,26,706,449,1182,124.16,1
2028,1,602,445,5142,540.13,1
2028,2,373,444,7629,801.37,1
2028,4,934,446,2291,240.65,1
2028,7,1130,446,381,40.02,1
2028,26,706,449,1168,122.69,1
2029,1,602,445,5205,546.74,1
2029,2,373,444,7708,809.66,1
2029,4,934,447,2430,255.25,1
2029,7,1131,447,543,57.04,1
2029,26,706,449,1187,124.68,1
2030,1,602,445,5227,549.05,1
2030,2,373,444,7733,812.29,1
2030,4,934,447,2431,255.36,1
2030,7,1131,446,481,50.53,1
2030,26,706,449,1173,123.21,1
2031,1,602,445,5163,542.33,1
2031,2,373,444,7704,809.24,1
2031,4,934,446,2337,245.48,1
2031,7,1128,443,241,25.32,1
2031,26,706,449,1156,121.43,1
2032,1,602,445,5157,541.7,1
2032,2,373,444,7657,804.31,1
2032,4,934,446,2292,240.76,1
2032,7,1129,443,314,32.98,1
2032,26,706,449,1165,122.37,1
2033,1,602,445,5157,541.7,1
2033,2,373,444,7676,806.3,1
2033,4,934,447,2373,249.26,1
2033,7,1131,446,398,41.81,1
2033,26,706,449,1158,121.64,1
2034,1,602,445,5175,543.59,1
2034,2,373,444,7751,814.18,1
2034,4,934,446,2330,244.75,1
2034,7,1129,445,349,36.66,1
2034,26,706,449,1154,121.22,1
2035,1,602,445,5152,541.18,1
2035,2,373,444,7765,815.65,1
2035,4,934,446,2357,247.58,1
2035,7,1129,444,351,36.87,1
2035,26,706,449,1170,122.9,1
2036,1,602,445,5161,542.12,1
2036,2,373,444,7703,809.14,1
2036,4,934,446,2355,247.37,1
2036,7,1129,444,332,34.87,1
2036,26,706,449,1147,120.48,1
2037,1,602,445,5164,542.44,1
2037,2,372,444,7700,808.82,1
2037,4,934,446,2296,241.18,1
2037,7,1129,446,362,38.03,1
2037,26,706,449,1179,123.84,1
2038,1,602,445,5188,544.96,1
2038,2,373,444,7680,806.72,1
2038,4,934,447,2390,251.05,1
2038,7,1128,444,299,31.41,1
2038,26,706,449,1173,123.21,1
2039,1,602,445,5170,543.07,1
2039,2,373,444,7725,811.45,1
2039,4,934,446,2336,245.38,1
2039,7,1130,445,363,38.13,1
2039,26,706,449,1164,122.27,1
2040,1,602,445,5181,544.22,1
2040,2,373,444,7681,806.83,1
2040,4,934,446,2305,242.12,1
2040,7,1127,443,242,25.42,1
2040,26,706,449,1149,120.69,1
2041,1,602,445,5190,545.17,1
2041,2,373,444,7706,809.45,1
2041,4,934,446,2329,244.64,1
2041,7,1129,447,391,41.07,1
2041,26,706,449,1175,123.42,1
2042,1,602,445,5173,543.38,1
2042,2,373,444,7741,813.13,1
2042,4,934,446,2293,240.86,1
2042,7,1129,445,360,37.82,1
2042,26,706,449,1158,121.64,1
2043,1,602,445,5170,543.07,1
2043,2,373,444,7717,810.61,1
2043,4,934,446,2312,242.86,1
2043,7,1129,444,310,32.56,1
2043,26,706,449,1168,122.69,1
2044,1,602,445,5136,539.5,1
2044,2,373,444,7629,801.37,1
2044,4,934,446,2317,243.38,1
2044,7,1130,444,332,34.87,1
2044,26,706,449,1176,123.53,1
2045,1,602,445,5187,544.85,1
2045,2,373,444,7688,807.56,1
2045,4,934,447,2402,252.31,1
2045,7,1130,445,368,38.66,1
2045,26,706,449,1161,121.95,1
2046,1,602,445,5226,548.95,1
2046,2,373,444,7775,816.7,1
2046,4,934,447,2375,249.47,1
2046,7,1131,446,409,42.96,1
2046,26,706,449,1207,126.79,1
2047,1,602,445,5171,543.17,1
2047,2,373,444,7720,810.92,1
2047,4,934,446,2331,244.85,1
2047,7,1129,443,281,29.52,1
2047,26,706,449,1169,122.79,1
2048,1,603,445,5149,540.86,1
2048,2,373,444,7690,807.77,1
2048,4,934,446,2323,244.01,1
2048,7,1128,446,342,35.92,1
2048,26,706,449,1159,121.74,1
2049,1,602,445,5160,542.02,1
2049,2,373,444,7757,814.81,1
2049,4,934,447,2350,246.85,1
2049,7,1131,448,513,53.89,1
2049,26,706,449,1165,122.37,1
2050,1,602,445,5147,540.65,1
2050,2,373,444,7758,814.92,1
2050,4,934,447,2438,256.09,1
2050,7,1129,445,364,38.24,1
2050,26,706,449,1191,125.11,1
2051,1,602,445,5166,542.65,1
2051,2,373,444,7670,805.67,1
2051,4,934,446,2288,240.34,1
2051,7,1128,444,281,29.52,1
2051,26,706,449,1165,122.37,1
2052,1,602,445,5165,542.54,1
2052,2,373,444,7731,812.08,1
2052,4,934,446,2329,244.64,1
2052,7,1129,446,389,40.86,1
2052,26,706,449,1169,122.79,1
2053,1,602,445,5187,544.85,1
2053,2,373,444,7754,814.5,1
2053,4,934,446,2349,246.74,1
2053,7,1128,446,355,37.29,1
2053,26,706,449,1176,123.53,1
2054,1,603,445,5192,545.38,1
2054,2,373,444,7735,812.5,1
2054,4,934,447,2409,253.05,1
2054,7,1130,446,379,39.81,1
2054,26,706,449,1184,124.37,1
2055,1,602,445,5160,542.02,1
2055,2,373,444,7617,800.11,1
2055,4,934,447,2327,244.43,1
2055,7,1131,447,490,51.47,1
2055,26,706,449,1160,121.85,1
2056,1,602,445,5214,547.69,1
2056,2,373,444,7809,820.27,1
2056,4,934,447,2351,246.95,1
2056,7,1128,445,317,33.3,1
2056,26,706,449,1175,123.42,1
2057,1,602,445,5169,542.96,1
2057,2,373,444,7727,811.66,1
2057,4,934,447,2350,246.85,1
2057,7,1128,445,335,35.19,1
2057,26,706,449,1187,124.68,1
2058,1,602,445,5148,540.76,1
2058,2,373,444,7698,808.61,1
2058,4,934,447,2374,249.37,1
2058,7,1131,445,401,42.12,1
2058,26,706,449,1149,120.69,1
2059,1,602,445,5142,540.13,1
2059,2,373,444,7612,799.58,1
2059,4,934,447,2368,248.74,1
2059,7,1127,444,279,29.31,1
2059,26,706,449,1176,123.53,1
2060,1,602,445,5145,540.44,1
2060,2,373,444,7688,807.56,1
2060,4,934,447,2348,246.64,1
2060,7,1128,443,300,31.51,1
2060,26,706,449,1153,121.11,1
2061,1,603,445,5212,547.48,1
2061,2,373,444,7673,805.99,1
2061,4,934,446,2329,244.64,1
2061,7,1128,443,268,28.15,1
2061,26,706,449,1160,121.85,1
2062,1,603,445,5208,547.06,1
2062,2,373,444,7734,812.39,1
2062,4,934,447,2373,249.26,1
2062,7,1131,446,475,49.89,1
2062,26,706,449,1164,122.27,1
2063,1,602,445,5165,542.54,1
2063,2,373,444,7701,808.93,1
2063,4,934,446,2306,242.23,1
2063,7,1131,446,451,47.37,1
2063,26,706,449,1160,121.85,1
2064,1,603,445,5201,546.32,1
2064,2,373,444,7813,820.69,1
2064,4,934,447,2385,250.53,1
2064,7,1129,443,283,29.73,1
2064,26,706,449,1173,123.21,1
2065,1,602,445,5188,544.96,1
2065,2,373,444,7739,812.92,1
2065,4,934,446,2324,244.12,1
2065,7,1128,446,338,35.5,1
2065,26,706,449,1166,122.48,1
2066,1,602,445,5161,542.12,1
2066,2,373,444,7714,810.29,1
2066,4,934,447,2420,254.2,1
2066,7,1129,447,403,42.33,1
2066,26,706,449,1167,122.58,1
2067,1,603,445,5180,544.12,1
2067,2,373,444,7715,810.4,1
2067,4,934,446,2341,245.9,1
2067,7,1131,447,515,54.1,1
2067,26,706,449,1155,121.32,1
2068,1,602,445,5198,546.01,1
2068,2,372,444,7788,818.07,1
2068,4,934,447,2412,253.36,1
2068,7,1129,447,382,40.13,1
2068,26,706,449,1174,123.32,1
2069,1,602,445,5233,549.68,1
2069,2,373,444,7759,815.02,1
2069,4,934,447,2402,252.31,1
2069,7,1130,446,412,43.28,1
2069,26,706,449,1177,123.63,1
2070,1,603,445,5208,547.06,1
2070,2,373,444,7750,814.08,1
2070,4,934,446,2390,251.05,1
2070,7,1129,445,354,37.18,1
2070,26,706,449,1166,122.48,1
2071,1,602,445,5227,549.05,1
2071,2,373,444,7663,804.94,1
2071,4,934,446,2317,243.38,1
2071,7,1129,448,412,43.28,1
2071,26,706,449,1173,123.21,1
2072,1,602,445,5247,551.16,1
2072,2,373,444,7710,809.87,1
2072,4,934,447,2337,245.48,1
2072,7,1131,447,536,56.3,1
2072,26,706,449,1174,123.32,1
2073,1,602,445,5227,549.05,1
2073,2,373,444,7738,812.82,1
2073,4,933,447,2358,247.69,1
2073,7,1131,448,579,60.82,1
2073,26,706,449,1163,122.16,1
2074,1,603,445,5215,547.79,1
2074,2,373,444,7722,811.13,1
2074,4,934,446,2317,243.38,1
2074,7,1130,446,392,41.18,1
2074,26,706,449,1177,123.63,1
2075,1,602,445,5176,543.7,1
2075,2,373,444,7674,806.09,1
2075,4,934,446,2350,246.85,1
2075,7,1129,446,367,38.55,1
2075,26,706,449,1163,122.16,1
2076,1,602,445,5215,547.79,1
2076,2,373,444,7697,808.51,1
2076,4,933,447,2344,246.22,1
2076,7,1130,447,435,45.69,1
2076,26,706,449,1185,124.47,1
2077,1,602,445,5196,545.8,1
2077,2,373,444,7717,810.61,1
2077,4,933,447,2354,247.27,1
2077,7,1130,447,527,55.36,1
2077,26,706,449,1216,127.73,1
2078,1,602,445,5197,545.9,1
2078,2,373,444,7726,811.55,1
2078,4,934,446,2310,242.65,1
2078,7,1130,446,407,42.75,1
2078,26,706,449,1168,122.69,1
2079,1,602,445,5173,543.38,1
2079,2,373,444,7694,808.19,1
2079,4,934,446,2301,241.7,1
2079,7,1130,447,436,45.8,1
2079,26,706,449,1157,121.53,1
2080,1,602,445,5255,552.0,1
2080,2,373,444,7832,822.69,1
2080,4,934,446,2336,245.38,1
2080,7,1130,448,512,53.78,1
2080,26,706,449,1150,120.8,1
2081,1,602,445,5173,543.38,1
2081,2,373,444,7743,813.34,1
2081,4,934,447,2334,245.17,1
2081,7,1129,446,336,35.29,1
2081,26,706,449,1156,121.43,1
2082,1,602,445,5141,540.02,1
2082,2,373,444,7683,807.04,1
2082,4,934,446,2316,243.28,1
2082,7,1129,447,393,41.28,1
2082,26,706,449,1167,122.58,1
2083,1,602,445,5210,547.27,1
2083,2,373,444,7705,809.35,1
2083,4,934,447,2375,249.47,1
2083,7,1129,447,398,41.81,1
2083,26,706,449,1167,122.58,1
2084,1,602,445,5181,544.22,1
2084,2,373,444,7707,809.56,1
2084,4,934,447,2437,255.99,1
2084,7,1129,447,379,39.81,1
2084,26,706,449,1157,121.53,1
2085,1,602,445,5171,543.17,1
2085,2,373,444,7659,804.52,1
2085,4,934,447,2450,257.35,1
2085,7,1127,447,314,32.98,1
2085,26,706,449,1174,123.32,1
2086,1,602,445,5131,538.97,1
2086,2,373,444,7640,802.52,1
2086,4,934,446,2329,244.64,1
2086,7,1129,446,354,37.18,1
2086,26,706,449,1155,121.32,1
2087,1,602,445,5179,544.01,1
2087,2,373,444,7729,811.87,1
2087,4,934,447,2325,244.22,1
2087,7,1130,446,434,45.59,1
2087,26,706,449,1173,123.21,1
2088,1,602,445,5168,542.86,1
2088,2,373,444,7595,797.79,1
2088,4,934,446,2265,237.92,1
2088,7,1129,446,376,39.5,1
2088,26,706,449,1152,121.01,1
2089,1,602,445,5218,548.11,1
2089,2,373,444,7704,809.24,1
2089,4,934,447,2338,245.59,1
2089,7,1129,446,397,41.7,1
2089,26,706,449,1158,121.64,1
2090,1,602,445,5142,540.13,1
2090,2,373,444,7714,810.29,1
2090,4,934,446,2282,239.71,1
2090,7,1130,446,414,43.49,1
2090,26,706,449,1151,120.9,1
2091,1,602,445,5258,552.31,1
2091,2,373,444,7812,820.59,1
2091,4,934,447,2358,247.69,1
2091,7,1130,446,414,43.49,1
2091,26,706,449,1168,122.69,1
2092,1,602,445,5226,548.95,1
2092,2,373,444,7831,822.58,1
2092,4,934,447,2430,255.25,1
2092,7,1130,446,462,48.53,1
2092,26,706,449,1187,124.68,1
2093,1,602,445,5203,546.53,1
2093,2,373,444,7797,819.01,1
2093,4,934,447,2422,254.41,1
2093,7,1130,446,388,40.76,1
2093,26,706,449,1183,124.26,1
2094,1,602,445,5173,543.38,1
2094,2,373,444,7650,803.57,1
2094,4,934,447,2328,244.54,1
2094,7,1129,444,325,34.14,1
2094,26,706,449,1174,123.32,1
2095,1,603,445,5192,545.38,1
2095,2,373,444,7688,807.56,1
2095,4,934,446,2308,242.44,1
2095,7,1127,443,246,25.84,1
2095,26,706,449,1146,120.38,1
2096,1,602,445,5182,544.33,1
2096,2,373,444,7721,811.03,1
2096,4,934,447,2394,251.47,1
2096,7,1128,446,350,36.76,1
2096,26,706,449,1165,122.37,1
2097,1,602,445,5154,541.39,1
2097,2,373,444,7624,800.84,1
2097,4,934,447,2330,244.75,1
2097,7,1128,445,323,33.93,1
2097,26,706,449,1166,122.48,1
2098,1,602,445,5163,542.33,1
2098,2,373,444,7754,814.5,1
2098,4,934,446,2332,244.96,1
2098,7,1129,446,387,40.65,1
2098,26,706,449,1155,121.32,1
2099,1,602,445,5190,545.17,1
2099,2,373,444,7734,812.39,1
2099,4,934,446,2321,243.8,1
2099,7,1130,446,431,45.27,1
2099,26,706,449,1151,120.9,1
2100,1,602,445,5183,544.43,1
2100,2,373,444,7680,806.72,1
2100,4,934,446,2291,240.65,1
2100,7,1129,444,361,37.92,1
2100,26,706,449,1168,122.69,1
2101,1,602,445,5176,543.7,1
2101,2,373,444,7681,806.83,1
2101,4,934,447,2318,243.49,1
2101,7,1130,444,360,37.82,1
2101,26,706,449,1182,124.16,1
2102,1,602,445,5193,545.48,1
2102,2,373,444,7762,815.34,1
2102,4,934,447,2377,249.68,1
2102,7,1129,447,412,43.28,1
2102,26,706,449,1163,122.16,1
2103,1,602,445,5183,544.43,1
2103,2,373,444,7713,810.19,1
2103,4,934,447,2353,247.16,1
2103,7,1127,446,315,33.09,1
2103,26,706,450,1193,125.32,1
2104,1,602,445,5163,542.33,1
2104,2,372,444,7730,811.97,1
2104,4,934,446,2288,240.34,1
2104,7,1128,444,292,30.67,1
2104,26,706,449,1178,123.74,1
2105,1,602,445,5192,545.38,1
2105,2,373,444,7743,813.34,1
2105,4,934,446,2337,245.48,1
2105,7,1130,446,357,37.5,1
2105,26,706,450,1196,125.63,1
2106,1,603,445,5184,544.54,1
2106,2,373,444,7732,812.18,1
2106,4,934,446,2305,242.12,1
2106,7,1129,447,428,44.96,1
2106,26,706,449,1167,122.58,1
2107,1,602,445,5214,547.69,1
2107,2,373,444,7732,812.18,1
2107,4,934,446,2360,247.9,1
2107,7,1131,443,316,33.19,1
2107,26,706,449,1172,123.11,1
2108,1,602,445,5183,544.43,1
2108,2,373,444,7693,808.09,1
2108,4,934,446,2345,246.32,1
2108,7,1130,445,363,38.13,1
2108,26,706,449,1170,122.9,1
2109,1,602,445,5162,542.23,1
2109,2,373,444,7643,802.84,1
2109,4,934,447,2384,250.42,1
2109,7,1130,446,392,41.18,1
2109,26,706,449,1191,125.11,1
2110,1,602,445,5223,548.63,1
2110,2,373,444,7706,809.45,1
2110,4,934,447,2465,258.93,1
2110,7,1131,447,506,53.15,1
2110,26,706,449,1194,125.42,1
2111,1,602,445,5185,544.64,1
2111,2,373,444,7736,812.61,1
2111,4,934,446,2352,247.06,1
2111,7,1128,447,363,38.13,1
2111,26,706,449,1159,121.74,1
2112,1,603,445,5164,542.44,1
2112,2,373,444,7738,812.82,1
2112,4,934,447,2461,258.51,1
2112,7,1131,446,458,48.11,1
2112,26,706,449,1156,121.43,1
2113,1,602,445,5135,539.39,1
2113,2,373,444,7684,807.14,1
2113,4,934,447,2337,245.48,1
2113,7,1130,445,357,37.5,1
2113,26,706,449,1156,121.43,1
2114,1,602,445,5194,545.59,1
2114,2,373,444,7755,814.6,1
2114,4,934,446,2327,244.43,1
2114,7,1128,443,290,30.46,1
2114,26,706,449,1153,121.11,1
2115,1,602,445,5190,545.17,1
2115,2,373,444,7778,817.02,1
2115,4,933,447,2371,249.05,1
2115,7,1129,447,425,44.64,1
2115,26,706,449,1171,123.0,1
2116,1,602,445,5169,542.96,1
2116,2,373,444,7667,805.36,1
2116,4,934,447,2374,249.37,1
2116,7,1130,446,407,42.75,1
2116,26,706,449,1166,122.48,1
2117,1,602,445,5209,547.16,1
2117,2,373,444,7713,810.19,1
2117,4,934,447,2311,242.75,1
2117,7,1130,446,435,45.69,1
2117,26,706,449,1166,122.48,1
2118,1,602,445,5277,554.31,1
2118,2,373,444,7840,823.53,1
2118,4,934,447,2356,247.48,1
2118,7,1130,447,524,55.04,1
2118,26,706,449,1177,123.63,1
2119,1,603,445,5246,551.05,1
2119,2,373,444,7766,815.76,1
2119,4,934,446,2333,245.06,1
2119,7,1129,444,347,36.45,1
2119,26,706,449,1159,121.74,1
2120,1,602,445,5199,546.11,1
2120,2,373,444,7726,811.55,1
2120,4,934,446,2323,244.01,1
2120,7,1129,447,410,43.07,1
2120,26,706,449,1147,120.48,1
2121,1,602,445,5231,549.47,1
2121,2,373,444,7711,809.98,1
2121,4,934,447,2375,249.47,1
2121,7,1127,444,306,32.14,1
2121,26,706,449,1155,121.32,1
2122,1,602,445,5188,544.96,1
2122,2,373,444,7695,808.3,1
2122,4,934,447,2371,249.05,1
2122,7,1131,446,503,52.84,1
2122,26,706,449,1187,124.68,1
2123,1,602,445,5195,545.69,1
2123,2,373,444,7757,814.81,1
2123,4,934,447,2358,247.69,1
2123,7,1129,446,358,37.61,1
2123,26,706,449,1176,123.53,1
2124,1,602,445,5183,544.43,1
2124,2,373,444,7715,810.4,1
2124,4,934,446,2341,245.9,1
2124,7,1129,443,307,32.25,1
2124,26,706,449,1164,122.27,1
2125,1,603,445,5190,545.17,1
2125,2,373,444,7621,800.53,1
2125,4,934,446,2319,243.59,1
2125,7,1130,444,356,37.39,1
2125,26,706,449,1167,122.58,1
2126,1,602,445,5217,548.0,1
2126,2,372,444,7831,822.58,1
2126,4,934,447,2397,251.79,1
2126,7,1131,447,498,52.31,1
2126,26,706,449,1185,124.47,1
2127,1,602,445,5211,547.37,1
2127,2,374,444,7712,810.08,1
2127,4,934,447,2373,249.26,1
2127,7,1128,445,339,35.61,1
2127,26,706,449,1186,124.58,1
2128,1,603,445,5191,545.27,1
2128,2,373,444,7670,805.67,1
2128,4,933,446,2333,245.06,1
2128,7,1129,444,317,33.3,1
2128,26,706,449,1178,123.74,1
2129,1,602,445,5214,547.69,1
2129,2,373,444,7654,803.99,1
2129,4,934,447,2341,245.9,1
2129,7,1128,443,273,28.68,1
2129,26,706,449,1173,123.21,1
2130,1,603,445,5152,541.18,1
2130,2,373,444,7684,807.14,1
2130,4,934,446,2326,244.33,1
2130,7,1130,445,392,41.18,1
2130,26,706,449,1168,122.69,1
2131,1,603,445,5186,544.75,1
2131,2,373,444,7629,801.37,1
2131,4,934,446,2302,241.81,1
2131,7,1129,444,319,33.51,1
2131,26,706,449,1145,120.27,1
2132,1,603,445,5194,545.59,1
2132,2,373,444,7662,804.83,1
2132,4,934,446,2366,248.53,1
2132,7,1129,446,370,38.87,1
2132,26,706,449,1189,124.89,1
2133,1,603,445,5175,543.59,1
2133,2,373,444,7706,809.45,1
2133,4,934,447,2341,245.9,1
2133,7,1127,445,274,28.78,1
2133,26,706,449,1156,121.43,1
2134,1,602,445,5208,547.06,1
2134,2,373,444,7741,813.13,1
2134,4,934,447,2400,252.1,1
2134,7,1130,446,420,44.12,1
2134,26,706,449,1183,124.26,1
2135,1,602,445,5135,539.39,1
2135,2,373,444,7660,804.62,1
2135,4,934,446,2315,243.17,1
2135,7,1127,444,287,30.15,1
2135,26,706,449,1156,121.43,1
2136,1,602,445,5126,538.45,1
2136,2,373,444,7698,808.61,1
2136,4,934,447,2334,245.17,1
2136,7,1128,444,328,34.45,1
2136,26,706,449,1152,121.01,1
2137,1,603,445,5155,541.49,1
2137,2,373,444,7746,813.66,1
2137,4,934,446,2291,240.65,1
2137,7,1130,446,410,43.07,1
2137,26,706,449,1152,121.01,1
2138,1,602,445,5142,540.13,1
2138,2,373,444,7689,807.67,1
2138,4,934,447,2306,242.23,1
2138,7,1129,447,410,43.07,1
2138,26,706,449,1150,120.8,1
2139,1,602,445,5178,543.91,1
2139,2,373,444,7749,813.97,1
2139,4,934,447,2345,246.32,1
2139,7,1130,445,388,40.76,1
2139,26,706,449,1188,124.79,1
2140,1,602,445,5206,546.85,1
2140,2,374,444,7642,802.73,1
2140,4,934,447,2365,248.42,1
2140,7,1130,446,392,41.18,1
2140,26,706,449,1174,123.32,1
2141,1,602,445,5217,548.0,1
2141,2,373,444,7650,803.57,1
2141,4,934,446,2320,243.7,1
2141,7,1127,445,308,32.35,1
2141,26,706,449,1161,121.95,1
2142,1,602,445,5210,547.27,1
2142,2,373,444,7738,812.82,1
2142,4,934,447,2401,252.21,1
2142,7,1129,446,417,43.8,1
2142,26,706,449,1180,123.95,1
2143,1,603,445,5138,539.71,1
2143,2,373,444,7635,802.0,1
2143,4,934,446,2245,235.82,1
2143,7,1128,446,336,35.29,1
2143,26,706,449,1165,122.37,1
2144,1,602,445,5142,540.13,1
2144,2,373,444,7617,800.11,1
2144,4,934,447,2371,249.05,1
2144,7,1127,444,263,27.63,1
2144,26,706,449,1188,124.79,1
2145,1,602,445,5184,544.54,1
2145,2,373,444,7673,805.99,1
2145,4,934,446,2301,241.7,1
2145,7,1128,444,320,33.61,1
2145,26,706,449,1137,119.43,1
2146,1,602,445,5195,545.69,1
2146,2,373,444,7678,806.51,1
2146,4,934,447,2344,246.22,1
2146,7,1127,445,289,30.36,1
2146,26,706,449,1145,120.27,1
2147,1,602,445,5195,545.69,1
2147,2,373,444,7629,801.37,1
2147,4,934,447,2367,248.63,1
2147,7,1127,444,295,30.99,1
2147,26,706,449,1174,123.32,1
2148,1,603,445,5189,545.06,1
2148,2,373,444,7798,819.12,1
2148,4,934,447,2370,248.95,1
2148,7,1128,443,268,28.15,1
2148,26,706,449,1188,124.79,1
2149,1,602,445,5190,545.17,1
2149,2,373,444,7584,796.64,1
2149,4,934,446,2353,247.16,1
2149,7,1128,446,330,34.66,1
2149,26,706,449,1185,124.47,1
2150,1,603,445,5185,544.64,1
2150,2,372,444,7837,823.21,1
2150,4,934,447,2410,253.15,1
2150,7,1130,444,347,36.45,1
2150,26,706,449,1198,125.84,1
2151,1,602,445,5200,546.22,1
2151,2,373,444,7671,805.78,1
2151,4,934,446,2344,246.22,1
2151,7,1128,447,360,37.82,1
2151,26,706,449,1156,121.43,1
2152,1,603,445,5181,544.22,1
2152,2,374,444,7649,803.47,1
2152,4,934,447,2345,246.32,1
2152,7,1127,446,329,34.56,1
2152,26,706,449,1175,123.42,1
2153,1,602,445,5182,544.33,1
2153,2,373,444,7651,803.68,1
2153,4,934,446,2343,246.11,1
2153,7,1127,444,267,28.05,1
2153,26,706,449,1172,123.11,1
2154,1,602,445,5202,546.43,1
2154,2,373,444,7734,812.39,1
2154,4,934,447,2378,249.79,1
2154,7,1128,447,353,37.08,1
2154,26,706,449,1171,123.0,1
2155,1,602,445,5208,547.06,1
2155,2,373,444,7729,811.87,1
2155,4,934,447,2404,252.52,1
2155,7,1129,447,412,43.28,1
2155,26,706,449,1185,124.47,1
2156,1,602,445,5178,543.91,1
2156,2,373,444,7623,800.74,1
2156,4,934,446,2340,245.8,1
2156,7,1130,445,405,42.54,1
2156,26,706,449,1166,122.48,1
2157,1,602,445,5195,545.69,1
2157,2,374,444,7674,806.09,1
2157,4,934,446,2337,245.48,1
2157,7,1129,443,314,32.98,1
2157,26,706,449,1162,122.06,1
2158,1,602,445,5234,549.79,1
2158,2,373,444,7832,822.69,1
2158,4,934,447,2457,258.09,1
2158,7,1127,446,356,37.39,1
2158,26,706,449,1175,123.42,1
2159,1,602,445,5196,545.8,1
2159,2,373,444,7623,800.74,1
2159,4,934,446,2294,240.97,1
2159,7,1127,448,341,35.82,1
2159,26,706,449,1162,122.06,1
2160,1,602,445,5191,545.27,1
2160,2,374,444,7614,799.79,1
2160,4,934,446,2297,241.28,1
2160,7,1128,446,350,36.76,1
2160,26,706,449,1172,123.11,1
2161,1,602,445,5201,546.32,1
2161,2,373,444,7669,805.57,1
2161,4,934,446,2327,244.43,1
2161,7,1129,446,331,34.77,1
2161,26,706,449,1174,123.32,1
2162,1,602,445,5193,545.48,1
2162,2,373,444,7603,798.63,1
2162,4,934,446,2299,241.49,1
2162,7,1128,446,324,34.03,1
2162,26,706,449,1182,124.16,1
2163,1,603,445,5165,542.54,1
2163,2,373,444,7666,805.25,1
2163,4,934,446,2312,242.86,1
2163,7,1127,445,282,29.62,1
2163,26,706,449,1163,122.16,1
2164,1,602,445,5224,548.74,1
2164,2,373,444,7745,813.55,1
2164,4,934,447,2376,249.58,1
2164,7,1128,444,302,31.72,1
2164,26,706,449,1175,123.42,1
2165,1,602,445,5149,540.86,1
2165,2,373,444,7609,799.26,1
2165,4,934,446,2372,249.16,1
2165,7,1127,445,318,33.4,1
2165,26,706,449,1162,122.06,1
2166,1,602,445,5166,542.65,1
2166,2,373,444,7679,806.62,1
2166,4,934,446,2342,246.01,1
2166,7,1131,446,478,50.21,1
2166,26,706,449,1151,120.9,1
2167,1,602,445,5203,546.53,1
2167,2,373,444,7725,811.45,1
2167,4,934,447,2358,247.69,1
2167,7,1129,446,355,37.29,1
2167,26,706,449,1168,122.69,1
2168,1,603,445,5176,543.7,1
2168,2,373,444,7692,807.98,1
2168,4,934,446,2303,241.91,1
2168,7,1129,444,321,33.72,1
2168,26,706,449,1175,123.42,1
2169,1,602,445,5165,542.54,1
2169,2,373,444,7702,809.03,1
2169,4,934,446,2332,244.96,1
2169,7,1130,445,365,38.34,1
2169,26,706,449,1160,121.85,1
2170,1,602,445,5167,542.75,1
2170,2,373,444,7656,804.2,1
2170,4,934,446,2318,243.49,1
2170,7,1130,445,387,40.65,1
2170,26,706,449,1166,122.48,1
2171,1,602,445,5206,546.85,1
2171,2,373,444,7802,819.54,1
2171,4,934,447,2491,261.66,1
2171,7,1128,447,368,38.66,1
2171,26,706,449,1173,123.21,1
2172,1,603,445,5166,542.65,1
2172,2,373,444,7623,800.74,1
2172,4,934,446,2282,239.71,1
2172,7,1128,446,339,35.61,1
2172,26,706,449,1133,119.01,1
2173,1,602,445,5204,546.64,1
2173,2,373,444,7741,813.13,1
2173,4,934,446,2317,243.38,1
2173,7,1131,446,480,50.42,1
2173,26,706,449,1178,123.74,1
2174,1,602,445,5189,545.06,1
2174,2,373,444,7720,810.92,1
2174,4,934,447,2365,248.42,1
2174,7,1130,447,471,49.47,1
2174,26,706,449,1165,122.37,1
2175,1,602,445,5156,541.6,1
2175,2,373,444,7694,808.19,1
2175,4,934,446,2278,239.29,1
2175,7,1128,445,284,29.83,1
2175,26,706,449,1158,121.64,1
2176,1,602,445,5222,548.53,1
2176,2,374,444,7659,804.52,1
2176,4,934,446,2327,244.43,1
2176,7,1128,445,310,32.56,1
2176,26,706,449,1151,120.9,1
2177,1,602,445,5175,543.59,1
2177,2,373,444,7592,797.48,1
2177,4,934,446,2322,243.91,1
2177,7,1128,445,333,34.98,1
2177,26,706,449,1169,122.79,1
2178,1,602,445,5226,548.95,1
2178,2,373,444,7732,812.18,1
2178,4,934,447,2394,251.47,1
2178,7,1128,444,300,31.51,1
2178,26,706,449,1191,125.11,1
2179,1,602,445,5177,543.8,1
2179,2,373,444,7594,797.69,1
2179,4,934,446,2299,241.49,1
2179,7,1127,444,250,26.26,1
2179,26,706,449,1164,122.27,1
2180,1,602,445,5156,541.6,1
2180,2,373,444,7702,809.03,1
2180,4,934,446,2313,242.96,1
2180,7,1127,446,319,33.51,1
2180,26,706,449,1162,122.06,1
2181,1,602,445,5210,547.27,1
2181,2,373,444,7809,820.27,1
2181,4,934,446,2343,246.11,1
2181,7,1129,445,368,38.66,1
2181,26,706,449,1173,123.21,1
2182,1,602,445,5185,544.64,1
2182,2,373,444,7653,803.89,1
2182,4,934,447,2368,248.74,1
2182,7,1129,445,331,34.77,1
2182,26,706,449,1158,121.64,1
2183,1,602,445,5208,547.06,1
2183,2,373,444,7709,809.77,1
2183,4,934,446,2341,245.9,1
2183,7,1128,444,314,32.98,1
2183,26,706,449,1157,121.53,1
2184,1,603,445,5197,545.9,1
2184,2,373,444,7702,809.03,1
2184,4,934,447,2339,245.69,1
2184,7,1129,447,381,40.02,1
2184,26,706,449,1163,122.16,1
2185,1,602,445,5211,547.37,1
2185,2,373,444,7824,821.85,1
2185,4,934,446,2335,245.27,1
2185,7,1130,446,390,40.97,1
2185,26,706,449,1171,123.0,1
2186,1,602,445,5182,544.33,1
2186,2,374,444,7593,797.58,1
2186,4,934,446,2324,244.12,1
2186,7,1127,444,256,26.89,1
2186,26,706,449,1144,120.17,1
2187,1,603,445,5187,544.85,1
2187,2,373,444,7700,808.82,1
2187,4,934,446,2324,244.12,1
2187,7,1130,445,349,36.66,1
2187,26,706,449,1151,120.9,1
2188,1,603,445,5121,537.92,1
2188,2,374,444,7540,792.02,1
2188,4,933,446,2223,233.51,1
2188,7,1127,444,245,25.74,1
2188,26,706,449,1138,119.54,1
2189,1,602,445,5155,541.49,1
2189,2,373,444,7671,805.78,1
2189,4,934,446,2325,244.22,1
2189,7,1127,446,305,32.04,1
2189,26,706,449,1165,122.37,1
2190,1,603,445,5171,543.17,1
2190,2,373,444,7725,811.45,1
2190,4,934,447,2309,242.54,1
2190,7,1127,446,311,32.67,1
2190,26,706,449,1174,123.32,1
2191,1,603,445,5180,544.12,1
2191,2,373,444,7654,803.99,1
2191,4,934,446,2281,239.6,1
2191,7,1128,445,299,31.41,1
2191,26,706,449,1170,122.9,1
2192,1,602,445,5164,542.44,1
2192,2,373,444,7565,794.64,1
2192,4,934,446,2278,239.29,1
2192,7,1129,445,324,34.03,1
2192,26,706,449,1175,123.42,1
2193,1,602,445,5214,547.69,1
2193,2,373,444,7700,808.82,1
2193,4,934,446,2304,242.02,1
2193,7,1128,444,312,32.77,1
2193,26,706,449,1164,122.27,1
2194,1,602,445,5183,544.43,1
2194,2,373,444,7644,802.94,1
2194,4,934,446,2283,239.81,1
2194,7,1131,447,487,51.16,1
2194,26,706,449,1145,120.27,1
2195,1,602,445,5121,537.92,1
2195,2,373,444,7618,800.21,1
2195,4,934,446,2338,245.59,1
2195,7,1127,446,322,33.82,1
2195,26,706,449,1149,120.69,1
2196,1,602,445,5164,542.44,1
2196,2,373,444,7812,820.59,1
2196,4,934,446,2334,245.17,1
2196,7,1130,442,304,31.93,1
2196,26,706,449,1163,122.16,1
2197,1,602,445,5186,544.75,1
2197,2,374,444,7714,810.29,1
2197,4,934,446,2288,240.34,1
2197,7,1130,443,314,32.98,1
2197,26,706,449,1185,124.47,1
2198,1,602,445,5197,545.9,1
2198,2,373,444,7757,814.81,1
2198,4,934,446,2315,243.17,1
2198,7,1130,446,388,40.76,1
2198,26,706,449,1170,122.9,1
2199,1,602,445,5202,546.43,1
2199,2,373,444,7660,804.62,1
2199,4,934,446,2268,238.24,1
2199,7,1127,445,269,28.26,1
2199,26,706,449,1163,122.16,1
2200,1,602,445,5178,543.91,1
2200,2,373,444,7658,804.41,1
2200,4,934,446,2341,245.9,1
2200,7,1128,443,273,28.68,1
2200,26,706,449,1164,122.27,1
2201,1,602,445,5191,545.27,1
2201,2,373,444,7732,812.18,1
2201,4,934,447,2335,245.27,1
2201,7,1128,443,278,29.2,1
2201,26,706,449,1180,123.95,1
2202,1,602,445,5152,541.18,1
2202,2,373,444,7677,806.41,1
2202,4,934,446,2361,248.0,1
2202,7,1128,444,269,28.26,1
2202,26,706,449,1194,125.42,1
2203,1,602,445,5180,544.12,1
2203,2,373,444,7774,816.6,1
2203,4,934,447,2384,250.42,1
2203,7,1128,444,307,32.25,1
2203,26,706,449,1186,124.58,1
2204,1,602,445,5158,541.81,1
2204,2,373,444,7667,805.36,1
2204,4,933,447,2369,248.84,1
2204,7,1130,448,510,53.57,1
2204,26,706,449,1176,123.53,1
2205,1,602,445,5202,546.43,1
2205,2,373,444,7675,806.2,1
2205,4,934,447,2394,251.47,1
2205,7,1130,446,432,45.38,1
2205,26,706,449,1171,123.0,1
2206,1,602,445,5200,546.22,1
2206,2,374,444,7722,811.13,1
2206,4,934,446,2359,247.79,1
2206,7,1131,446,464,48.74,1
2206,26,706,449,1169,122.79,1
2207,1,602,445,5203,546.53,1
2207,2,373,444,7676,806.3,1
2207,4,934,446,2315,243.17,1
2207,7,1130,446,346,36.34,1
2207,26,706,449,1167,122.58,1
2208,1,602,445,5186,544.75,1
2208,2,373,444,7714,810.29,1
2208,4,934,446,2356,247.48,1
2208,7,1129,446,335,35.19,1
2208,26,706,449,1176,123.53,1
2209,1,603,445,5157,541.7,1
2209,2,373,444,7620,800.42,1
2209,4,934,446,2331,244.85,1
2209,7,1127,444,245,25.74,1
2209,26,706,449,1144,120.17,1
2210,1,603,445,5173,543.38,1
2210,2,373,444,7728,811.76,1
2210,4,934,446,2335,245.27,1
2210,7,1127,444,250,26.26,1
2210,26,706,449,1172,123.11,1
2211,1,602,445,5201,546.32,1
2211,2,373,444,7755,814.6,1
2211,4,933,446,2332,244.96,1
2211,7,1129,445,367,38.55,1
2211,26,706,449,1156,121.43,1
2212,1,602,445,5217,548.0,1
2212,2,373,444,7788,818.07,1
2212,4,934,446,2334,245.17,1
2212,7,1129,448,401,42.12,1
2212,26,706,449,1176,123.53,1
2213,1,602,445,5199,546.11,1
2213,2,373,444,7740,813.03,1
2213,4,934,446,2325,244.22,1
2213,7,1127,446,333,34.98,1
2213,26,706,449,1178,123.74,1
2214,1,602,445,5222,548.53,1
2214,2,373,444,7743,813.34,1
2214,4,934,447,2388,250.84,1
2214,7,1129,445,359,37.71,1
2214,26,706,449,1171,123.0,1
2215,1,602,445,5217,548.0,1
2215,2,373,444,7752,814.29,1
2215,4,934,446,2295,241.07,1
2215,7,1130,443,328,34.45,1
2215,26,706,449,1192,125.21,1
2216,1,602,445,5179,544.01,1
2216,2,373,444,7756,814.71,1
2216,4,934,447,2381,250.11,1
2216,7,1130,445,393,41.28,1
2216,26,706,449,1171,123.0,1
2217,1,603,445,5203,546.53,1
2217,2,373,444,7768,815.97,1
2217,4,934,447,2438,256.09,1
2217,7,1130,447,403,42.33,1
2217,26,706,449,1168,122.69,1
2218,1,603,445,5207,546.95,1
2218,2,373,444,7675,806.2,1
2218,4,934,446,2349,246.74,1
2218,7,1128,445,314,32.98,1
2218,26,706,449,1169,122.79,1
2219,1,602,445,5199,546.11,1
2219,2,373,444,7732,812.18,1
2219,4,934,446,2325,244.22,1
2219,7,1129,445,344,36.13,1
2219,26,706,449,1166,122.48,1
2220,1,602,445,5233,549.68,1
2220,2,373,444,7714,810.29,1
2220,4,934,446,2277,239.18,1
2220,7,1129,447,345,36.24,1
2220,26,706,449,1171,123.0,1
2221,1,603,445,5182,544.33,1
2221,2,373,444,7680,806.72,1
2221,4,934,447,2367,248.63,1
2221,7,1129,443,284,29.83,1
2221,26,706,449,1180,123.95,1
2222,1,602,445,5207,546.95,1
2222,2,373,444,7698,808.61,1
2222,4,934,447,2410,253.15,1
2222,7,1130,445,366,38.45,1
2222,26,706,449,1178,123.74,1
2223,1,602,445,5238,550.21,1
2223,2,373,444,7665,805.15,1
2223,4,934,446,2383,250.32,1
2223,7,1129,444,336,35.29,1
2223,26,706,449,1170,122.9,1
2224,1,602,445,5188,544.96,1
2224,2,374,444,7745,813.55,1
2224,4,934,447,2351,246.95,1
2224,7,1128,445,315,33.09,1
2224,26,706,449,1170,122.9,1
2225,1,603,445,5207,546.95,1
2225,2,373,444,7694,808.19,1
2225,4,934,446,2337,245.48,1
2225,7,1128,444,280,29.41,1
2225,26,706,449,1170,122.9,1
2226,1,603,445,5213,547.58,1
2226,2,373,444,7688,807.56,1
2226,4,934,446,2337,245.48,1
2226,7,1128,446,313,32.88,1
2226,26,706,449,1177,123.63,1
2227,1,602,445,5175,543.59,1
2227,2,373,444,7711,809.98,1
2227,4,934,446,2304,242.02,1
2227,7,1130,447,396,41.6,1
2227,26,706,449,1175,123.42,1
2228,1,602,445,5209,547.16,1
2228,2,373,444,7642,802.73,1
2228,4,934,447,2348,246.64,1
2228,7,1129,444,285,29.94,1
2228,26,706,449,1171,123.0,1
2229,1,602,445,5151,541.07,1
2229,2,373,444,7598,798.11,1
2229,4,934,446,2325,244.22,1
2229,7,1128,444,320,33.61,1
2229,26,706,449,1174,123.32,1
2230,1,602,445,5160,542.02,1
2230,2,373,444,7650,803.57,1
2230,4,934,446,2339,245.69,1
2230,7,1128,445,345,36.24,1
2230,26,706,449,1181,124.05,1
2231,1,602,445,5168,542.86,1
2231,2,373,444,7667,805.36,1
2231,4,934,446,2335,245.27,1
2231,7,1129,445,318,33.4,1
2231,26,706,449,1170,122.9,1
2232,1,602,445,5209,547.16,1
2232,2,373,444,7753,814.39,1
2232,4,934,446,2261,237.5,1
2232,7,1127,444,269,28.26,1
2232,26,706,449,1179,123.84,1
2233,1,602,445,5203,546.53,1
2233,2,373,444,7769,816.07,1
2233,4,934,447,2361,248.0,1
2233,7,1128,443,251,26.37,1
2233,26,706,449,1153,121.11,1
2234,1,603,445,5150,540.97,1
2234,2,373,444,7685,807.25,1
2234,4,934,446,2249,236.24,1
2234,7,1128,446,316,33.19,1
2234,26,706,449,1152,121.01,1
2235,1,602,445,5191,545.27,1
2235,2,373,444,7765,815.65,1
2235,4,934,446,2318,243.49,1
2235,7,1128,445,326,34.24,1
2235,26,706,449,1173,123.21,1
2236,1,603,445,5154,541.39,1
2236,2,373,444,7695,808.3,1
2236,4,934,446,2351,246.95,1
2236,7,1127,445,283,29.73,1
2236,26,706,449,1166,122.48,1
2237,1,602,445,5217,548.0,1
2237,2,373,444,7743,813.34,1
2237,4,934,447,2375,249.47,1
2237,7,1128,442,237,24.89,1
2237,26,706,449,1181,124.05,1
2238,1,603,445,5253,551.79,1
2238,2,373,444,7803,819.64,1
2238,4,934,446,2343,246.11,1
2238,7,1128,446,319,33.51,1
2238,26,706,449,1156,121.43,1
2239,1,602,445,5176,543.7,1
2239,2,373,444,7693,808.09,1
2239,4,934,446,2314,243.07,1
2239,7,1128,444,274,28.78,1
2239,26,706,449,1159,121.74,1
2240,1,602,445,5233,549.68,1
2240,2,373,444,7651,803.68,1
2240,4,934,446,2287,240.23,1
2240,7,1128,445,318,33.4,1
2240,26,706,449,1166,122.48,1
2241,1,602,445,5171,543.17,1
2241,2,373,444,7568,794.96,1
2241,4,934,446,2298,241.39,1
2241,7,1129,444,294,30.88,1
2241,26,706,449,1159,121.74,1
2242,1,602,445,5161,542.12,1
2242,2,373,444,7680,806.72,1
2242,4,934,446,2292,240.76,1
2242,7,1130,443,309,32.46,1
2242,26,706,449,1149,120.69,1
2243,1,602,445,5164,542.44,1
2243,2,373,444,7651,803.68,1
2243,4,934,446,2311,242.75,1
2243,7,1131,447,478,50.21,1
2243,26,706,449,1153,121.11,1
2244,1,602,445,5263,552.84,1
2244,2,373,444,7803,819.64,1
2244,4,934,447,2457,258.09,1
2244,7,1130,448,511,53.68,1
2244,26,706,449,1168,122.69,1
2245,1,602,445,5192,545.38,1
2245,2,373,444,7654,803.99,1
2245,4,934,446,2363,248.21,1
2245,7,1130,446,383,40.23,1
2245,26,706,449,1169,122.79,1
2246,1,602,445,5235,549.89,1
2246,2,373,444,7701,808.93,1
2246,4,934,447,2450,257.35,1
2246,7,1129,447,387,40.65,1
2246,26,706,449,1177,123.63,1
2247,1,602,445,5204,546.64,1
2247,2,373,444,7747,813.76,1
2247,4,934,447,2396,251.68,1
2247,7,1127,447,322,33.82,1
2247,26,706,449,1164,122.27,1
2248,1,602,445,5224,548.74,1
2248,2,373,444,7682,806.93,1
2248,4,934,447,2384,250.42,1
2248,7,1127,445,294,30.88,1
2248,26,706,449,1163,122.16,1
2249,1,602,445,5218,548.11,1
2249,2,373,444,7752,814.29,1
2249,4,934,446,2331,244.85,1
2249,7,1130,443,312,32.77,1
2249,26,706,449,1172,123.11,1
2250,1,603,445,5148,540.76,1
2250,2,373,444,7596,797.9,1
2250,4,934,446,2327,244.43,1
2250,7,1127,444,270,28.36,1
2250,26,706,449,1154,121.22,1
2251,1,603,445,5229,549.26,1
2251,2,373,444,7787,817.96,1
2251,4,934,446,2376,249.58,1
2251,7,1127,445,305,32.04,1
2251,26,706,449,1153,121.11,1
2252,1,602,445,5216,547.9,1
2252,2,373,444,7756,814.71,1
2252,4,934,447,2379,249.89,1
2252,7,1128,446,365,38.34,1
2252,26,706,449,1174,123.32,1
2253,1,602,445,5178,543.91,1
2253,2,373,444,7687,807.46,1
2253,4,934,446,2306,242.23,1
2253,7,1127,446,287,30.15,1
2253,26,706,449,1176,123.53,1
2254,1,602,445,5206,546.85,1
2254,2,373,444,7783,817.54,1
2254,4,934,446,2314,243.07,1
2254,7,1128,444,288,30.25,1
2254,26,706,449,1186,124.58,1
2255,1,602,445,5168,542.86,1
2255,2,373,444,7685,807.25,1
2255,4,934,447,2339,245.69,1
2255,7,1130,445,386,40.55,1
2255,26,706,449,1146,120.38,1
2256,1,602,445,5166,542.65,1
2256,2,373,444,7716,810.5,1
2256,4,934,447,2354,247.27,1
2256,7,1130,443,328,34.45,1
2256,26,706,449,1177,123.63,1
2257,1,602,445,5200,546.22,1
2257,2,373,444,7670,805.67,1
2257,4,934,446,2351,246.95,1
2257,7,1128,444,275,28.89,1
2257,26,706,449,1156,121.43,1
2258,1,603,445,5181,544.22,1
2258,2,373,444,7658,804.41,1
2258,4,934,446,2279,239.39,1
2258,7,1129,444,324,34.03,1
2258,26,706,449,1169,122.79,1
2259,1,602,445,5183,544.43,1
2259,2,373,444,7763,815.44,1
2259,4,934,446,2379,249.89,1
2259,7,1130,445,378,39.71,1
2259,26,706,449,1158,121.64,1
2260,1,603,445,5214,547.69,1
2260,2,373,444,7748,813.87,1
2260,4,934,446,2334,245.17,1
2260,7,1130,445,359,37.71,1
2260,26,706,449,1160,121.85,1
2261,1,603,445,5176,543.7,1
2261,2,373,444,7689,807.67,1
2261,4,933,446,2306,242.23,1
2261,7,1129,445,345,36.24,1
2261,26,706,449,1168,122.69,1
2262,1,603,445,5203,546.53,1
2262,2,373,444,7694,808.19,1
2262,4,934,446,2341,245.9,1
2262,7,1128,445,320,33.61,1
2262,26,706,449,1167,122.58,1
2263,1,603,445,5156,541.6,1
2263,2,373,444,7737,812.71,1
2263,4,934,446,2337,245.48,1
2263,7,1128,445,308,32.35,1
2263,26,706,449,1163,122.16,1
2264,1,602,445,5179,544.01,1
2264,2,373,444,7676,806.3,1
2264,4,934,446,2308,242.44,1
2264,7,1128,445,296,31.09,1
2264,26,706,449,1168,122.69,1
2265,1,602,445,5212,547.48,1
2265,2,373,444,7628,801.26,1
2265,4,934,447,2376,249.58,1
2265,7,1129,444,317,33.3,1
2265,26,706,449,1149,120.69,1
2266,1,602,445,5171,543.17,1
2266,2,373,444,7576,795.8,1
2266,4,934,446,2322,243.91,1
2266,7,1128,444,285,29.94,1
2266,26,706,449,1158,121.64,1
2267,1,602,445,5169,542.96,1
2267,2,373,444,7733,812.29,1
2267,4,934,446,2276,239.08,1
2267,7,1129,446,348,36.55,1
2267,26,706,449,1153,121.11,1
2268,1,603,445,5188,544.96,1
2268,2,373,444,7566,794.75,1
2268,4,934,446,2351,246.95,1
2268,7,1128,444,303,31.83,1
2268,26,706,449,1140,119.75,1
2269,1,602,445,5165,542.54,1
2269,2,373,444,7646,803.15,1
2269,4,933,446,2349,246.74,1
2269,7,1130,444,350,36.76,1
2269,26,706,449,1163,122.16,1
2270,1,602,445,5164,542.44,1
2270,2,373,444,7722,811.13,1
2270,4,934,446,2338,245.59,1
2270,7,1127,443,225,23.63,1
2270,26,706,449,1155,121.32,1
2271,1,602,445,5206,546.85,1
2271,2,373,444,7746,813.66,1
2271,4,934,446,2293,240.86,1
2271,7,1129,447,416,43.7,1
2271,26,706,449,1177,123.63,1
2272,1,602,445,5194,545.59,1
2272,2,374,444,7690,807.77,1
2272,4,934,447,2390,251.05,1
2272,7,1128,444,310,32.56,1
2272,26,706,449,1170,122.9,1
2273,1,602,445,5172,543.28,1
2273,2,373,444,7627,801.16,1
2273,4,934,446,2325,244.22,1
2273,7,1128,444,291,30.57,1
2273,26,706,449,1184,124.37,1
2274,1,602,445,5221,548.42,1
2274,2,373,444,7775,816.7,1
2274,4,934,447,2413,253.47,1
2274,7,1130,447,419,44.01,1
2274,26,706,449,1197,125.74,1
2275,1,602,445,5246,551.05,1
2275,2,373,444,7808,820.17,1
2275,4,933,447,2393,251.37,1
2275,7,1130,443,365,38.34,1
2275,26,706,449,1171,123.0,1
2276,1,602,445,5212,547.48,1
2276,2,373,444,7764,815.55,1
2276,4,934,447,2382,250.21,1
2276,7,1128,447,357,37.5,1
2276,26,706,449,1148,120.59,1
2277,1,602,445,5204,546.64,1
2277,2,373,444,7719,810.82,1
2277,4,934,447,2361,248.0,1
2277,7,1127,443,235,24.68,1
2277,26,706,449,1153,121.11,1
2278,1,602,445,5202,546.43,1
2278,2,373,444,7749,813.97,1
2278,4,934,447,2417,253.89,1
2278,7,1129,446,342,35.92,1
2278,26,706,449,1158,121.64,1
2279,1,602,445,5240,550.42,1
2279,2,373,444,7733,812.29,1
2279,4,934,447,2435,255.78,1
2279,7,1131,447,500,52.52,1
2279,26,706,449,1175,123.42,1
2280,1,602,445,5186,544.75,1
2280,2,373,444,7624,800.84,1
2280,4,934,446,2281,239.6,1
2280,7,1127,445,283,29.73,1
2280,26,706,449,1151,120.9,1
2281,1,602,445,5205,546.74,1
2281,2,373,444,7608,799.16,1
2281,4,934,446,2347,246.53,1
2281,7,1127,443,242,25.42,1
2281,26,706,449,1137,119.43,1
2282,1,602,445,5149,540.86,1
2282,2,373,444,7572,795.38,1
2282,4,934,446,2260,237.39,1
2282,7,1127,444,296,31.09,1
2282,26,706,449,1149,120.69,1
2283,1,603,445,5157,541.7,1
2283,2,372,444,7701,808.93,1
2283,4,934,447,2396,251.68,1
2283,7,1127,445,292,30.67,1
2283,26,706,449,1176,123.53,1
2284,1,602,445,5188,544.96,1
2284,2,373,444,7617,800.11,1
2284,4,934,447,2319,243.59,1
2284,7,1127,446,272,28.57,1
2284,26,706,449,1181,124.05,1
2285,1,602,445,5203,546.53,1
2285,2,373,444,7671,805.78,1
2285,4,934,447,2359,247.79,1
2285,7,1127,447,325,34.14,1
2285,26,706,449,1165,122.37,1
2286,1,602,445,5243,550.74,1
2286,2,373,444,7648,803.36,1
2286,4,934,447,2349,246.74,1
2286,7,1131,446,461,48.42,1
2286,26,706,449,1179,123.84,1
2287,1,602,445,5169,542.96,1
2287,2,373,444,7659,804.52,1
2287,4,934,446,2280,239.5,1
2287,7,1131,446,455,47.79,1
2287,26,706,449,1174,123.32,1
2288,1,603,445,5213,547.58,1
2288,2,373,444,7758,814.92,1
2288,4,934,446,2334,245.17,1
2288,7,1127,444,287,30.15,1
2288,26,706,449,1164,122.27,1
2289,1,603,445,5173,543.38,1
2289,2,373,444,7677,806.41,1
2289,4,934,446,2310,242.65,1
2289,7,1128,444,313,32.88,1
2289,26,706,449,1175,123.42,1
2290,1,602,445,5153,541.28,1
2290,2,373,444,7636,802.1,1
2290,4,934,446,2304,242.02,1
2290,7,1128,445,319,33.51,1
2290,26,706,449,1161,121.95,1
2291,1,602,445,5174,543.49,1
2291,2,372,444,7694,808.19,1
2291,4,934,447,2345,246.32,1
2291,7,1129,445,343,36.03,1
2291,26,706,449,1172,123.11,1
2292,1,603,445,5192,545.38,1
2292,2,373,444,7601,798.42,1
2292,4,934,446,2303,241.91,1
2292,7,1131,447,495,52.0,1
2292,26,706,449,1158,121.64,1
2293,1,603,445,5175,543.59,1
2293,2,374,444,7662,804.83,1
2293,4,934,446,2317,243.38,1
2293,7,1130,445,358,37.61,1
2293,26,706,449,1187,124.68,1
2294,1,603,445,5156,541.6,1
2294,2,374,444,7685,807.25,1
2294,4,934,446,2339,245.69,1
2294,7,1128,445,291,30.57,1
2294,26,706,449,1186,124.58,1
2295,1,602,445,5161,542.12,1
2295,2,373,444,7644,802.94,1
2295,4,934,446,2320,243.7,1
2295,7,1130,443,314,32.98,1
2295,26,706,449,1160,121.85,1
2296,1,602,445,5164,542.44,1
2296,2,373,444,7675,806.2,1
2296,4,934,446,2322,243.91,1
2296,7,1127,444,250,26.26,1
2296,26,706,449,1158,121.64,1
2297,1,602,445,5182,544.33,1
2297,2,373,444,7687,807.46,1
2297,4,934,447,2376,249.58,1
2297,7,1130,447,492,51.68,1
2297,26,706,449,1164,122.27,1
2298,1,602,445,5167,542.75,1
2298,2,373,444,7704,809.24,1
2298,4,934,446,2295,241.07,1
2298,7,1128,444,310,32.56,1
2298,26,706,449,1155,121.32,1
2299,1,602,445,5247,551.16,1
2299,2,373,444,7806,819.96,1
2299,4,934,447,2405,252.63,1
2299,7,1128,447,338,35.5,1
2299,26,706,449,1150,120.8,1
2300,1,602,445,5205,546.74,1
2300,2,373,444,7721,811.03,1
2300,4,934,446,2348,246.64,1
2300,7,1127,443,263,27.63,1
2300,26,706,449,1175,123.42,1
2301,1,602,445,5206,546.85,1
2301,2,373,444,7672,805.88,1
2301,4,934,446,2357,247.58,1
2301,7,1128,446,329,34.56,1
2301,26,706,449,1175,123.42,1
2302,1,603,445,5198,546.01,1
2302,2,373,444,7765,815.65,1
2302,4,934,447,2365,248.42,1
2302,7,1128,447,352,36.97,1
2302,26,706,449,1171,123.0,1
2303,1,602,445,5186,544.75,1
2303,2,373,444,7665,805.15,1
2303,4,934,447,2355,247.37,1
2303,7,1127,446,293,30.78,1
2303,26,706,449,1164,122.27,1
2304,1,602,445,5228,549.16,1
2304,2,373,444,7791,818.38,1
2304,4,934,447,2393,251.37,1
2304,7,1129,445,358,37.61,1
2304,26,706,449,1181,124.05,1
2305,1,602,445,5187,544.85,1
2305,2,373,444,7597,798.0,1
2305,4,934,447,2326,244.33,1
2305,7,1129,444,330,34.66,1
2305,26,706,449,1177,123.63,1
2306,1,602,445,5189,545.06,1
2306,2,373,444,7683,807.04,1
2306,4,934,446,2311,242.75,1
2306,7,1128,446,332,34.87,1
2306,26,706,449,1156,121.43,1
2307,1,602,445,5216,547.9,1
2307,2,373,444,7727,811.66,1
2307,4,934,446,2303,241.91,1
2307,7,1131,447,493,51.79,1
2307,26,706,449,1155,121.32,1
2308,1,603,445,5230,549.37,1
2308,2,373,444,7840,823.53,1
2308,4,934,447,2363,248.21,1
2308,7,1129,447,388,40.76,1
2308,26,706,449,1164,122.27,1
2309,1,602,445,5213,547.58,1
2309,2,373,444,7682,806.93,1
2309,4,934,447,2357,247.58,1
2309,7,1129,444,298,31.3,1
2309,26,706,449,1156,121.43,1
2310,1,602,445,5214,547.69,1
2310,2,373,444,7728,811.76,1
2310,4,934,447,2337,245.48,1
2310,7,1129,447,400,42.02,1
2310,26,706,449,1161,121.95,1
2311,1,602,445,5195,545.69,1
2311,2,373,444,7773,816.49,1
2311,4,934,447,2378,249.79,1
2311,7,1128,445,342,35.92,1
2311,26,706,449,1165,122.37,1
2312,1,602,445,5196,545.8,1
2312,2,373,444,7700,808.82,1
2312,4,934,447,2352,247.06,1
2312,7,1128,446,322,33.82,1
2312,26,706,449,1141,119.85,1
2313,1,603,445,5211,547.37,1
2313,2,373,444,7757,814.81,1
2313,4,933,447,2347,246.53,1
2313,7,1130,447,470,49.37,1
2313,26,706,449,1173,123.21,1
2314,1,602,445,5177,543.8,1
2314,2,374,444,7626,801.05,1
2314,4,934,446,2337,245.48,1
2314,7,1129,444,289,30.36,1
2314,26,706,449,1162,122.06,1
2315,1,602,445,5197,545.9,1
2315,2,373,444,7754,814.5,1
2315,4,934,447,2365,248.42,1
2315,7,1129,446,363,38.13,1
2315,26,706,449,1180,123.95,1
2316,1,602,445,5202,546.43,1
2316,2,373,444,7731,812.08,1
2316,4,934,447,2338,245.59,1
2316,7,1129,445,307,32.25,1
2316,26,706,449,1153,121.11,1
2317,1,602,445,5174,543.49,1
2317,2,374,444,7654,803.99,1
2317,4,934,446,2294,240.97,1
2317,7,1128,447,360,37.82,1
2317,26,706,449,1174,123.32,1
2318,1,602,445,5184,544.54,1
2318,2,373,444,7774,816.6,1
2318,4,934,446,2328,244.54,1
2318,7,1130,445,317,33.3,1
2318,26,706,449,1188,124.79,1
2319,1,602,445,5176,543.7,1
2319,2,373,444,7752,814.29,1
2319,4,934,446,2303,241.91,1
2319,7,1128,444,294,30.88,1
2319,26,706,449,1178,123.74,1
2320,1,602,445,5205,546.74,1
2320,2,373,444,7676,806.3,1
2320,4,934,446,2296,241.18,1
2320,7,1129,443,291,30.57,1
2320,26,706,449,1169,122.79,1
2321,1,602,445,5130,538.87,1
2321,2,373,444,7653,803.89,1
2321,4,934,446,2263,237.71,1
2321,7,1130,448,516,54.2,1
2321,26,706,449,1164,122.27,1
2322,1,602,445,5159,541.91,1
2322,2,373,444,7684,807.14,1
2322,4,934,446,2293,240.86,1
2322,7,1128,444,313,32.88,1
2322,26,706,449,1182,124.16,1
2323,1,603,445,5214,547.69,1
2323,2,373,444,7802,819.54,1
2323,4,934,447,2371,249.05,1
2323,7,1128,446,309,32.46,1
2323,26,706,449,1170,122.9,1
2324,1,602,445,5194,545.59,1
2324,2,373,444,7759,815.02,1
2324,4,934,447,2387,250.74,1
2324,7,1130,447,498,52.31,1
2324,26,706,449,1185,124.47,1
2325,1,603,445,5193,545.48,1
2325,2,373,444,7740,813.03,1
2325,4,934,447,2316,243.28,1
2325,7,1130,446,349,36.66,1
2325,26,706,449,1180,123.95,1
2326,1,603,445,5208,547.06,1
2326,2,373,444,7656,804.2,1
2326,4,934,447,2371,249.05,1
2326,7,1130,445,366,38.45,1
2326,26,706,449,1191,125.11,1
2327,1,602,445,5224,548.74,1
2327,2,373,444,7689,807.67,1
2327,4,934,447,2364,248.32,1
2327,7,1129,448,369,38.76,1
2327,26,706,449,1183,124.26,1
2328,1,602,445,5209,547.16,1
2328,2,373,444,7669,805.57,1
2328,4,934,446,2331,244.85,1
2328,7,1130,446,385,40.44,1
2328,26,706,449,1181,124.05,1
2329,1,602,445,5215,547.79,1
2329,2,373,444,7722,811.13,1
2329,4,934,447,2336,245.38,1
2329,7,1128,444,321,33.72,1
2329,26,706,449,1174,123.32,1
2330,1,602,445,5171,543.17,1
2330,2,373,444,7686,807.35,1
2330,4,934,446,2336,245.38,1
2330,7,1128,445,290,30.46,1
2330,26,706,449,1158,121.64,1
2331,1,602,445,5237,550.11,1
2331,2,373,444,7752,814.29,1
2331,4,934,447,2384,250.42,1
2331,7,1127,446,310,32.56,1
2331,26,706,449,1159,121.74,1
2332,1,603,445,5201,546.32,1
2332,2,373,444,7744,813.45,1
2332,4,934,447,2382,250.21,1
2332,7,1129,445,364,38.24,1
2332,26,706,449,1180,123.95,1
2333,1,602,445,5195,545.69,1
2333,2,373,444,7774,816.6,1
2333,4,934,447,2366,248.53,1
2333,7,1128,444,299,31.41,1
2333,26,706,449,1183,124.26,1
2334,1,602,445,5242,550.63,1
2334,2,373,444,7819,821.32,1
2334,4,934,447,2394,251.47,1
2334,7,1128,447,321,33.72,1
2334,26,706,449,1159,121.74,1
2335,1,602,445,5231,549.47,1
2335,2,373,444,7732,812.18,1
2335,4,934,446,2349,246.74,1
2335,7,1130,448,486,51.05,1
2335,26,706,449,1160,121.85,1
2336,1,602,445,5220,548.32,1
2336,2,373,444,7744,813.45,1
2336,4,934,446,2353,247.16,1
2336,7,1130,446,395,41.49,1
2336,26,706,449,1182,124.16,1
2337,1,602,445,5238,550.21,1
2337,2,373,444,7735,812.5,1
2337,4,934,446,2304,242.02,1
2337,7,1128,444,283,29.73,1
2337,26,706,449,1174,123.32,1
2338,1,602,445,5203,546.53,1
2338,2,373,444,7717,810.61,1
2338,4,934,447,2401,252.21,1
2338,7,1129,445,340,35.71,1
2338,26,706,449,1172,123.11,1
2339,1,602,445,5187,544.85,1
2339,2,373,444,7669,805.57,1
2339,4,934,447,2416,253.78,1
2339,7,1128,445,324,34.03,1
2339,26,706,449,1172,123.11,1
2340,1,602,445,5197,545.9,1
2340,2,373,444,7752,814.29,1
2340,4,934,447,2405,252.63,1
2340,7,1128,445,311,32.67,1
2340,26,706,449,1175,123.42,1
2341,1,602,445,5173,543.38,1
2341,2,373,444,7646,803.15,1
2341,4,934,446,2292,240.76,1
2341,7,1128,443,261,27.42,1
2341,26,706,449,1161,121.95,1
2342,1,602,445,5192,545.38,1
2342,2,373,444,7720,810.92,1
2342,4,934,446,2365,248.42,1
2342,7,1129,445,308,32.35,1
2342,26,706,449,1181,124.05,1
2343,1,602,445,5148,540.76,1
2343,2,373,444,7679,806.62,1
2343,4,934,447,2429,255.15,1
2343,7,1131,447,502,52.73,1
2343,26,706,449,1174,123.32,1
2344,1,602,445,5214,547.69,1
2344,2,373,444,7693,808.09,1
2344,4,934,447,2345,246.32,1
2344,7,1130,446,412,43.28,1
2344,26,706,449,1180,123.95,1
2345,1,602,445,5192,545.38,1
2345,2,373,444,7728,811.76,1
2345,4,934,447,2345,246.32,1
2345,7,1128,444,288,30.25,1
2345,26,706,449,1179,123.84,1
2346,1,603,445,5131,538.97,1
2346,2,373,444,7585,796.74,1
2346,4,934,446,2263,237.71,1
2346,7,1130,444,331,34.77,1
2346,26,706,449,1159,121.74,1
2347,1,603,445,5219,548.21,1
2347,2,372,444,7851,824.68,1
2347,4,934,447,2432,255.46,1
2347,7,1130,445,380,39.92,1
2347,26,706,450,1197,125.74,1
2348,1,603,445,5214,547.69,1
2348,2,373,444,7706,809.45,1
2348,4,934,446,2329,244.64,1
2348,7,1130,445,391,41.07,1
2348,26,706,449,1196,125.63,1
2349,1,602,445,5202,546.43,1
2349,2,373,444,7686,807.35,1
2349,4,934,446,2308,242.44,1
2349,7,1130,446,479,50.32,1
2349,26,706,449,1169,122.79,1
2350,1,602,445,5183,544.43,1
2350,2,373,444,7654,803.99,1
2350,4,934,447,2339,245.69,1
2350,7,1129,446,388,40.76,1
2350,26,706,449,1165,122.37,1
2351,1,602,445,5154,541.39,1
2351,2,373,444,7704,809.24,1
2351,4,934,446,2277,239.18,1
2351,7,1128,444,288,30.25,1
2351,26,706,449,1172,123.11,1
2352,1,602,445,5163,542.33,1
2352,2,373,444,7760,815.13,1
2352,4,934,446,2334,245.17,1
2352,7,1130,444,299,31.41,1
2352,26,706,449,1171,123.0,1
2353,1,603,445,5141,540.02,1
2353,2,373,444,7614,799.79,1
2353,4,934,446,2290,240.55,1
2353,7,1129,445,347,36.45,1
2353,26,706,449,1157,121.53,1
2354,1,602,445,5195,545.69,1
2354,2,373,444,7684,807.14,1
2354,4,934,446,2358,247.69,1
2354,7,1129,446,391,41.07,1
2354,26,706,449,1161,121.95,1
2355,1,602,445,5222,548.53,1
2355,2,373,444,7814,820.8,1
2355,4,933,446,2376,249.58,1
2355,7,1130,447,526,55.25,1
2355,26,706,449,1174,123.32,1
2356,1,602,445,5232,549.58,1
2356,2,373,444,7812,820.59,1
2356,4,934,447,2390,251.05,1
2356,7,1127,445,270,28.36,1
2356,26,706,449,1155,121.32,1
2357,1,603,445,5205,546.74,1
2357,2,373,444,7704,809.24,1
2357,4,934,447,2350,246.85,1
2357,7,1130,445,375,39.39,1
2357,26,706,449,1166,122.48,1
2358,1,602,445,5201,546.32,1
2358,2,373,444,7719,810.82,1
2358,4,934,446,2352,247.06,1
2358,7,1128,446,360,37.82,1
2358,26,706,449,1174,123.32,1
2359,1,603,445,5228,549.16,1
2359,2,373,444,7755,814.6,1
2359,4,934,447,2378,249.79,1
2359,7,1128,446,368,38.66,1
2359,26,706,449,1149,120.69,1
2360,1,602,445,5234,549.79,1
2360,2,373,444,7847,824.26,1
2360,4,934,447,2394,251.47,1
2360,7,1130,445,391,41.07,1
2360,26,706,449,1165,122.37,1
2361,1,602,445,5226,548.95,1
2361,2,373,444,7811,820.48,1
2361,4,934,447,2405,252.63,1
2361,7,1130,445,366,38.45,1
2361,26,706,449,1170,122.9,1
2362,1,602,445,5242,550.63,1
2362,2,373,444,7749,813.97,1
2362,4,934,446,2281,239.6,1
2362,7,1131,445,424,44.54,1
2362,26,706,449,1180,123.95,1
2363,1,602,445,5230,549.37,1
2363,2,372,444,7799,819.22,1
2363,4,934,446,2363,248.21,1
2363,7,1130,447,427,44.85,1
2363,26,706,449,1178,123.74,1
2364,1,602,445,5181,544.22,1
2364,2,373,444,7698,808.61,1
2364,4,934,446,2333,245.06,1
2364,7,1129,444,304,31.93,1
2364,26,706,449,1159,121.74,1
2365,1,602,445,5244,550.84,1
2365,2,373,444,7838,823.32,1
2365,4,934,447,2419,254.1,1
2365,7,1131,446,469,49.26,1
2365,26,706,449,1180,123.95,1
2366,1,602,445,5201,546.32,1
2366,2,373,444,7699,808.72,1
2366,4,934,447,2361,248.0,1
2366,7,1131,446,491,51.58,1
2366,26,706,449,1181,124.05,1
2367,1,602,446,5330,559.87,1
2367,2,373,444,7763,815.44,1
2367,4,934,447,2491,261.66,1
2367,7,1129,447,399,41.91,1
2367,26,706,450,1205,126.58,1
2368,1,602,445,5240,550.42,1
2368,2,373,444,7773,816.49,1
2368,4,934,447,2403,252.42,1
2368,7,1129,446,368,38.66,1
2368,26,706,449,1174,123.32,1
2369,1,602,445,5237,550.11,1
2369,2,373,444,7828,822.27,1
2369,4,934,446,2324,244.12,1
2369,7,1128,445,316,33.19,1
2369,26,706,449,1190,125.0,1
2370,1,602,445,5193,545.48,1
2370,2,373,444,7743,813.34,1
2370,4,934,446,2310,242.65,1
2370,7,1127,446,280,29.41,1
2370,26,706,449,1171,123.0,1
2371,1,602,445,5204,546.64,1
2371,2,373,444,7695,808.3,1
2371,4,934,446,2347,246.53,1
2371,7,1128,444,306,32.14,1
2371,26,706,449,1181,124.05,1
2372,1,602,445,5214,547.69,1
2372,2,373,444,7815,820.9,1
2372,4,934,446,2352,247.06,1
2372,7,1130,446,398,41.81,1
2372,26,706,449,1185,124.47,1
2373,1,602,445,5195,545.69,1
2373,2,373,444,7694,808.19,1
2373,4,934,447,2387,250.74,1
2373,7,1130,447,398,41.81,1
2373,26,706,449,1179,123.84,1
2374,1,602,445,5208,547.06,1
2374,2,373,444,7687,807.46,1
2374,4,934,447,2362,248.11,1
2374,7,1131,447,512,53.78,1
2374,26,706,449,1191,125.11,1
2375,1,603,445,5229,549.26,1
2375,2,373,444,7862,825.84,1
2375,4,934,447,2377,249.68,1
2375,7,1128,443,287,30.15,1
2375,26,706,449,1185,124.47,1
2376,1,603,445,5219,548.21,1
2376,2,373,444,7722,811.13,1
2376,4,934,446,2354,247.27,1
2376,7,1131,445,444,46.64,1
2376,26,706,449,1175,123.42,1
2377,1,603,445,5198,546.01,1
2377,2,373,444,7779,817.12,1
2377,4,934,447,2376,249.58,1
2377,7,1130,445,387,40.65,1
2377,26,706,449,1173,123.21,1
2378,1,602,445,5193,545.48,1
2378,2,373,444,7670,805.67,1
2378,4,934,447,2357,247.58,1
2378,7,1129,445,350,36.76,1
2378,26,706,449,1171,123.0,1
2379,1,602,445,5193,545.48,1
2379,2,373,444,7720,810.92,1
2379,4,934,447,2408,252.94,1
2379,7,1128,446,337,35.4,1
2379,26,706,449,1175,123.42,1
2380,1,602,445,5215,547.79,1
2380,2,373,444,7749,813.97,1
2380,4,934,446,2360,247.9,1
2380,7,1131,446,450,47.27,1
2380,26,706,449,1182,124.16,1
2381,1,602,445,5222,548.53,1
2381,2,373,444,7738,812.82,1
2381,4,934,447,2391,251.16,1
2381,7,1128,443,299,31.41,1
2381,26,706,449,1178,123.74,1
2382,1,602,445,5221,548.42,1
2382,2,373,444,7737,812.71,1
2382,4,934,446,2390,251.05,1
2382,7,1128,444,297,31.2,1
2382,26,706,449,1188,124.79,1
2383,1,602,445,5185,544.64,1
2383,2,374,444,7697,808.51,1
2383,4,934,446,2289,240.44,1
2383,7,1128,444,270,28.36,1
2383,26,706,449,1191,125.11,1
2384,1,602,445,5263,552.84,1
2384,2,373,444,7869,826.58,1
2384,4,934,447,2367,248.63,1
2384,7,1127,445,276,28.99,1
2384,26,706,449,1158,121.64,1
2385,1,602,445,5161,542.12,1
2385,2,373,444,7713,810.19,1
2385,4,934,447,2354,247.27,1
2385,7,1128,445,305,32.04,1
2385,26,706,449,1146,120.38,1
2386,1,602,445,5247,551.16,1
2386,2,373,444,7832,822.69,1
2386,4,934,447,2489,261.45,1
2386,7,1129,446,410,43.07,1
2386,26,706,449,1166,122.48,1
2387,1,602,445,5242,550.63,1
2387,2,373,444,7681,806.83,1
2387,4,934,447,2358,247.69,1
2387,7,1128,448,376,39.5,1
2387,26,706,449,1180,123.95,1
2388,1,603,445,5264,552.94,1
2388,2,373,444,7797,819.01,1
2388,4,934,447,2378,249.79,1
2388,7,1130,446,371,38.97,1
2388,26,706,449,1179,123.84,1
2389,1,602,445,5232,549.58,1
2389,2,373,444,7659,804.52,1
2389,4,934,447,2383,250.32,1
2389,7,1128,444,289,30.36,1
2389,26,706,449,1176,123.53,1
2390,1,603,445,5190,545.17,1
2390,2,373,444,7764,815.55,1
2390,4,934,447,2442,256.51,1
2390,7,1128,445,315,33.09,1
2390,26,706,449,1175,123.42,1
2391,1,602,445,5216,547.9,1
2391,2,373,444,7889,828.68,1
2391,4,934,447,2401,252.21,1
2391,7,1131,446,465,48.84,1
2391,26,706,449,1161,121.95,1
2392,1,602,445,5218,548.11,1
2392,2,373,444,7757,814.81,1
2392,4,934,447,2346,246.43,1
2392,7,1131,447,484,50.84,1
2392,26,706,449,1176,123.53,1
2393,1,602,445,5241,550.53,1
2393,2,373,444,7799,819.22,1
2393,4,934,447,2395,251.58,1
2393,7,1131,446,505,53.05,1
2393,26,706,449,1180,123.95,1
2394,1,602,445,5188,544.96,1
2394,2,373,444,7772,816.39,1
2394,4,934,446,2338,245.59,1
2394,7,1129,446,354,37.18,1
2394,26,706,449,1155,121.32,1
2395,1,602,445,5234,549.79,1
2395,2,372,444,7863,825.95,1
2395,4,934,446,2365,248.42,1
2395,7,1130,447,424,44.54,1
2395,26,706,449,1156,121.43,1
2396,1,602,445,5242,550.63,1
2396,2,373,444,7745,813.55,1
2396,4,933,446,2357,247.58,1
2396,7,1130,445,348,36.55,1
2396,26,706,449,1177,123.63,1
2397,1,602,445,5232,549.58,1
2397,2,373,444,7798,819.12,1
2397,4,934,446,2331,244.85,1
2397,7,1129,442,258,27.1,1
2397,26,706,449,1173,123.21,1
2398,1,602,445,5232,549.58,1
2398,2,373,444,7760,815.13,1
2398,4,934,446,2347,246.53,1
2398,7,1130,445,349,36.66,1
2398,26,706,449,1193,125.32,1
2399,1,602,445,5201,546.32,1
2399,2,373,444,7788,818.07,1
2399,4,934,447,2340,245.8,1
2399,7,1131,446,493,51.79,1
2399,26,706,449,1175,123.42,1
2400,1,602,445,5231,549.47,1
2400,2,373,444,7847,824.26,1
2400,4,934,447,2489,261.45,1
2400,7,1131,447,535,56.2,1
2400,26,706,449,1197,125.74,1
2401,1,602,445,5244,550.84,1
2401,2,373,444,7692,807.98,1
2401,4,934,447,2377,249.68,1
2401,7,1130,446,423,44.43,1
2401,26,706,449,1180,123.95,1
2402,1,602,445,5264,552.94,1
2402,2,373,444,7746,813.66,1
2402,4,934,447,2392,251.26,1
2402,7,1128,445,324,34.03,1
2402,26,706,449,1178,123.74,1
2403,1,602,445,5252,551.68,1
2403,2,373,444,7750,814.08,1
2403,4,934,447,2354,247.27,1
2403,7,1130,447,493,51.79,1
2403,26,706,449,1178,123.74,1
2404,1,602,445,5201,546.32,1
2404,2,373,444,7797,819.01,1
2404,4,934,446,2360,247.9,1
2404,7,1129,446,357,37.5,1
2404,26,706,449,1187,124.68,1
2405,1,602,445,5258,552.31,1
2405,2,373,444,7777,816.91,1
2405,4,934,447,2362,248.11,1
2405,7,1129,444,303,31.83,1
2405,26,706,449,1169,122.79,1
2406,1,602,445,5206,546.85,1
2406,2,373,444,7794,818.7,1
2406,4,934,447,2463,258.72,1
2406,7,1130,446,380,39.92,1
2406,26,706,449,1174,123.32,1
2407,1,603,445,5239,550.32,1
2407,2,373,444,7753,814.39,1
2407,4,934,446,2331,244.85,1
2407,7,1128,448,351,36.87,1
2407,26,706,449,1183,124.26,1
2408,1,602,445,5252,551.68,1
2408,2,373,444,7797,819.01,1
2408,4,934,446,2357,247.58,1
2408,7,1129,446,353,37.08,1
2408,26,706,449,1186,124.58,1
2409,1,602,445,5207,546.95,1
2409,2,373,444,7740,813.03,1
2409,4,934,446,2319,243.59,1
2409,7,1132,443,318,33.4,1
2409,26,706,449,1188,124.79,1
2410,1,602,445,5176,543.7,1
2410,2,373,444,7666,805.25,1
2410,4,934,446,2295,241.07,1
2410,7,1128,442,216,22.69,1
2410,26,706,449,1168,122.69,1
2411,1,603,445,5217,548.0,1
2411,2,373,444,7753,814.39,1
2411,4,934,447,2331,244.85,1
2411,7,1131,446,501,52.63,1
2411,26,706,449,1194,125.42,1
2412,1,603,445,5227,549.05,1
2412,2,373,444,7727,811.66,1
2412,4,934,447,2356,247.48,1
2412,7,1128,444,285,29.94,1
2412,26,706,449,1191,125.11,1
2413,1,602,445,5229,549.26,1
2413,2,374,444,7701,808.93,1
2413,4,934,446,2356,247.48,1
2413,7,1128,443,258,27.1,1
2413,26,706,449,1187,124.68,1
2414,1,602,445,5228,549.16,1
2414,2,373,444,7818,821.22,1
2414,4,934,447,2398,251.89,1
2414,7,1130,445,375,39.39,1
2414,26,706,449,1164,122.27,1
2415,1,602,445,5234,549.79,1
2415,2,373,444,7727,811.66,1
2415,4,934,446,2346,246.43,1
2415,7,1130,445,340,35.71,1
2415,26,706,449,1168,122.69,1
2416,1,602,445,5230,549.37,1
2416,2,373,444,7734,812.39,1
2416,4,934,447,2378,249.79,1
2416,7,1129,446,401,42.12,1
2416,26,706,449,1185,124.47,1
2417,1,603,445,5224,548.74,1
2417,2,373,444,7807,820.06,1
2417,4,934,446,2327,244.43,1
2417,7,1130,445,359,37.71,1
2417,26,706,449,1185,124.47,1
2418,1,603,445,5150,540.97,1
2418,2,373,444,7668,805.46,1
2418,4,934,446,2300,241.6,1
2418,7,1128,445,342,35.92,1
2418,26,706,449,1172,123.11,1
2419,1,602,445,5207,546.95,1
2419,2,373,444,7699,808.72,1
2419,4,934,447,2365,248.42,1
2419,7,1129,444,303,31.83,1
2419,26,706,449,1179,123.84,1
2420,1,602,445,5243,550.74,1
2420,2,373,444,7720,810.92,1
2420,4,934,447,2376,249.58,1
2420,7,1130,446,399,41.91,1
2420,26,706,449,1195,125.53,1
2421,1,602,445,5237,550.11,1
2421,2,373,444,7792,818.49,1
2421,4,934,447,2384,250.42,1
2421,7,1130,446,384,40.34,1
2421,26,706,449,1178,123.74,1
2422,1,603,445,5251,551.58,1
2422,2,373,444,7720,810.92,1
2422,4,934,446,2365,248.42,1
2422,7,1131,445,351,36.87,1
2422,26,706,449,1173,123.21,1
2423,1,603,445,5195,545.69,1
2423,2,373,444,7700,808.82,1
2423,4,934,446,2351,246.95,1
2423,7,1129,447,377,39.6,1
2423,26,706,449,1183,124.26,1
2424,1,602,445,5268,553.36,1
2424,2,373,444,7822,821.64,1
2424,4,934,447,2353,247.16,1
2424,7,1129,445,300,31.51,1
2424,26,706,449,1182,124.16,1
2425,1,603,445,5220,548.32,1
2425,2,373,444,7695,808.3,1
2425,4,934,447,2330,244.75,1
2425,7,1130,444,351,36.87,1
2425,26,706,449,1177,123.63,1
2426,1,603,445,5232,549.58,1
2426,2,373,444,7739,812.92,1
2426,4,934,447,2359,247.79,1
2426,7,1128,443,262,27.52,1
2426,26,706,449,1185,124.47,1
2427,1,602,445,5277,554.31,1
2427,2,373,444,7808,820.17,1
2427,4,934,447,2371,249.05,1
2427,7,1128,445,328,34.45,1
2427,26,706,449,1195,125.53,1
2428,1,602,445,5198,546.01,1
2428,2,373,444,7740,813.03,1
2428,4,934,447,2364,248.32,1
2428,7,1130,447,390,40.97,1
2428,26,706,449,1184,124.37,1
2429,1,602,445,5197,545.9,1
2429,2,373,444,7769,816.07,1
2429,4,934,447,2368,248.74,1
2429,7,1130,445,401,42.12,1
2429,26,706,449,1181,124.05,1
2430,1,602,445,5210,547.27,1
2430,2,373,444,7759,815.02,1
2430,4,934,447,2410,253.15,1
2430,7,1129,446,377,39.6,1
2430,26,706,449,1195,125.53,1
2431,1,602,445,5219,548.21,1
2431,2,373,444,7770,816.18,1
2431,4,934,447,2374,249.37,1
2431,7,1130,445,360,37.82,1
2431,26,706,449,1169,122.79,1
2432,1,602,445,5217,548.0,1
2432,2,373,444,7779,817.12,1
2432,4,934,446,2350,246.85,1
2432,7,1131,447,507,53.26,1
2432,26,706,449,1175,123.42,1
2433,1,603,445,5192,545.38,1
2433,2,373,444,7751,814.18,1
2433,4,934,446,2355,247.37,1
2433,7,1130,445,348,36.55,1
2433,26,706,449,1165,122.37,1
2434,1,603,445,5227,549.05,1
2434,2,373,444,7785,817.75,1
2434,4,934,446,2322,243.91,1
2434,7,1130,446,389,40.86,1
2434,26,706,449,1182,124.16,1
2435,1,602,445,5152,541.18,1
2435,2,373,444,7716,810.5,1
2435,4,934,447,2399,252.0,1
2435,7,1129,443,285,29.94,1
2435,26,706,449,1178,123.74,1
2436,1,602,445,5186,544.75,1
2436,2,373,444,7741,813.13,1
2436,4,934,446,2375,249.47,1
2436,7,1130,447,426,44.75,1
2436,26,706,449,1158,121.64,1
2437,1,602,445,5149,540.86,1
2437,2,373,444,7749,813.97,1
2437,4,934,446,2305,242.12,1
2437,7,1130,442,274,28.78,1
2437,26,706,449,1159,121.74,1
2438,1,602,445,5240,550.42,1
2438,2,373,445,7929,832.88,1
2438,4,934,447,2391,251.16,1
2438,7,1130,447,544,57.14,1
2438,26,706,449,1203,126.37,1
2439,1,602,445,5230,549.37,1
2439,2,373,444,7798,819.12,1
2439,4,934,447,2345,246.32,1
2439,7,1130,446,428,44.96,1
2439,26,706,449,1183,124.26,1
2440,1,603,445,5180,544.12,1
2440,2,373,444,7621,800.53,1
2440,4,934,447,2364,248.32,1
2440,7,1128,444,296,31.09,1
2440,26,706,449,1169,122.79,1
2441,1,602,445,5241,550.53,1
2441,2,373,444,7734,812.39,1
2441,4,934,447,2452,257.56,1
2441,7,1130,446,382,40.13,1
2441,26,706,449,1163,122.16,1
2442,1,602,445,5182,544.33,1
2442,2,373,444,7765,815.65,1
2442,4,934,447,2458,258.19,1
2442,7,1129,447,414,43.49,1
2442,26,706,449,1182,124.16,1
2443,1,602,445,5239,550.32,1
2443,2,373,444,7853,824.89,1
2443,4,934,447,2396,251.68,1
2443,7,1130,446,359,37.71,1
2443,26,706,449,1192,125.21,1
2444,1,602,445,5207,546.95,1
2444,2,373,444,7724,811.34,1
2444,4,934,446,2327,244.43,1
2444,7,1131,446,443,46.53,1
2444,26,706,449,1174,123.32,1
2445,1,602,445,5224,548.74,1
2445,2,373,444,7772,816.39,1
2445,4,934,446,2350,246.85,1
2445,7,1128,445,326,34.24,1
2445,26,706,449,1144,120.17,1
2446,1,602,445,5211,547.37,1
2446,2,373,444,7680,806.72,1
2446,4,934,447,2401,252.21,1
2446,7,1130,447,476,50.0,1
2446,26,706,449,1167,122.58,1
2447,1,602,445,5247,551.16,1
2447,2,373,444,7796,818.91,1
2447,4,934,447,2368,248.74,1
2447,7,1130,447,503,52.84,1
2447,26,706,449,1169,122.79,1
2448,1,602,445,5199,546.11,1
2448,2,373,444,7766,815.76,1
2448,4,934,447,2350,246.85,1
2448,7,1130,445,415,43.59,1
2448,26,706,449,1187,124.68,1
2449,1,602,445,5214,547.69,1
2449,2,373,444,7760,815.13,1
2449,4,934,447,2315,243.17,1
2449,7,1128,442,214,22.48,1
2449,26,706,449,1183,124.26,1
2450,1,602,445,5254,551.89,1
2450,2,373,444,7831,822.58,1
2450,4,934,447,2390,251.05,1
2450,7,1130,447,488,51.26,1
2450,26,706,449,1203,126.37,1
2451,1,602,445,5250,551.47,1
2451,2,373,444,7731,812.08,1
2451,4,934,447,2347,246.53,1
2451,7,1130,446,394,41.39,1
2451,26,706,449,1182,124.16,1
2452,1,602,445,5235,549.89,1
2452,2,373,444,7733,812.29,1
2452,4,934,446,2330,244.75,1
2452,7,1129,443,296,31.09,1
2452,26,706,449,1188,124.79,1
2453,1,603,445,5216,547.9,1
2453,2,373,444,7730,811.97,1
2453,4,934,446,2328,244.54,1
2453,7,1129,444,326,34.24,1
2453,26,706,449,1167,122.58,1
2454,1,602,445,5278,554.41,1
2454,2,373,444,7854,825.0,1
2454,4,934,447,2380,250.0,1
2454,7,1131,447,558,58.61,1
2454,26,706,449,1177,123.63,1
2455,1,602,445,5243,550.74,1
2455,2,373,444,7795,818.8,1
2455,4,934,447,2402,252.31,1
2455,7,1130,447,341,35.82,1
2455,26,706,449,1171,123.0,1
2456,1,603,445,5197,545.9,1
2456,2,373,444,7753,814.39,1
2456,4,934,447,2406,252.73,1
2456,7,1130,446,393,41.28,1
2456,26,706,449,1178,123.74,1
2457,1,602,445,5256,552.1,1
2457,2,373,444,7860,825.63,1
2457,4,934,447,2428,255.04,1
2457,7,1131,446,505,53.05,1
2457,26,706,449,1175,123.42,1
2458,1,602,445,5179,544.01,1
2458,2,373,444,7643,802.84,1
2458,4,934,446,2312,242.86,1
2458,7,1130,444,351,36.87,1
2458,26,706,449,1175,123.42,1
2459,1,602,445,5212,547.48,1
2459,2,373,444,7679,806.62,1
2459,4,934,446,2317,243.38,1
2459,7,1130,447,434,45.59,1
2459,26,706,449,1161,121.95,1
2460,1,602,445,5199,546.11,1
2460,2,373,444,7656,804.2,1
2460,4,934,446,2287,240.23,1
2460,7,1128,446,332,34.87,1
2460,26,706,449,1178,123.74,1
2461,1,602,445,5170,543.07,1
2461,2,372,444,7640,802.52,1
2461,4,934,446,2293,240.86,1
2461,7,1130,446,363,38.13,1
2461,26,706,449,1170,122.9,1
2462,1,602,445,5266,553.15,1
2462,2,373,444,7839,823.42,1
2462,4,934,447,2444,256.72,1
2462,7,1131,448,597,62.71,1
2462,26,706,449,1178,123.74,1
2463,1,603,445,5185,544.64,1
2463,2,373,444,7595,797.79,1
2463,4,934,446,2389,250.95,1
2463,7,1129,446,374,39.29,1
2463,26,706,449,1166,122.48,1
2464,1,602,445,5222,548.53,1
2464,2,373,444,7785,817.75,1
2464,4,934,447,2425,254.73,1
2464,7,1128,443,258,27.1,1
2464,26,706,449,1171,123.0,1
2465,1,602,445,5227,549.05,1
2465,2,373,444,7796,818.91,1
2465,4,934,447,2419,254.1,1
2465,7,1130,445,389,40.86,1
2465,26,706,449,1174,123.32,1
2466,1,602,445,5222,548.53,1
2466,2,373,444,7812,820.59,1
2466,4,934,447,2394,251.47,1
2466,7,1130,445,395,41.49,1
2466,26,706,449,1153,121.11,1
2467,1,602,445,5199,546.11,1
2467,2,373,444,7736,812.61,1
2467,4,934,446,2313,242.96,1
2467,7,1128,445,306,32.14,1
2467,26,706,449,1170,122.9,1
2468,1,602,445,5176,543.7,1
2468,2,373,444,7721,811.03,1
2468,4,934,446,2318,243.49,1
2468,7,1128,444,310,32.56,1
2468,26,706,449,1163,122.16,1
2469,1,602,445,5184,544.54,1
2469,2,373,444,7707,809.56,1
2469,4,934,447,2416,253.78,1
2469,7,1130,446,405,42.54,1
2469,26,706,449,1202,126.26,1
2470,1,602,445,5183,544.43,1
2470,2,373,444,7819,821.32,1
2470,4,934,447,2381,250.11,1
2470,7,1130,447,516,54.2,1
2470,26,706,449,1206,126.68,1
2471,1,602,445,5203,546.53,1
2471,2,373,444,7812,820.59,1
2471,4,934,447,2373,249.26,1
2471,7,1129,444,325,34.14,1
2471,26,706,449,1190,125.0,1
2472,1,603,445,5212,547.48,1
2472,2,373,444,7758,814.92,1
2472,4,934,447,2346,246.43,1
2472,7,1129,444,336,35.29,1
2472,26,706,449,1176,123.53,1
2473,1,602,445,5228,549.16,1
2473,2,373,444,7820,821.43,1
2473,4,934,447,2324,244.12,1
2473,7,1130,447,410,43.07,1
2473,26,706,449,1189,124.89,1
2474,1,602,445,5220,548.32,1
2474,2,372,444,7781,817.33,1
2474,4,934,447,2328,244.54,1
2474,7,1130,446,397,41.7,1
2474,26,706,449,1162,122.06,1
2475,1,602,445,5244,550.84,1
2475,2,373,444,7775,816.7,1
2475,4,934,447,2439,256.2,1
2475,7,1129,449,451,47.37,1
2475,26,706,449,1152,121.01,1
2476,1,602,445,5197,545.9,1
2476,2,373,444,7734,812.39,1
2476,4,934,446,2335,245.27,1
2476,7,1130,447,500,52.52,1
2476,26,706,449,1183,124.26,1
2477,1,602,445,5204,546.64,1
2477,2,373,444,7745,813.55,1
2477,4,934,447,2452,257.56,1
2477,7,1131,447,515,54.1,1
2477,26,706,449,1167,122.58,1
2478,1,602,445,5224,548.74,1
2478,2,373,444,7843,823.84,1
2478,4,934,447,2406,252.73,1
2478,7,1129,447,401,42.12,1
2478,26,706,449,1173,123.21,1
2479,1,602,445,5176,543.7,1
2479,2,373,444,7770,816.18,1
2479,4,934,446,2305,242.12,1
2479,7,1130,447,465,48.84,1
2479,26,706,449,1167,122.58,1
2480,1,602,445,5202,546.43,1
2480,2,373,444,7779,817.12,1
2480,4,934,447,2380,250.0,1
2480,7,1131,446,447,46.95,1
2480,26,706,449,1178,123.74,1
2481,1,602,445,5248,551.26,1
2481,2,373,444,7771,816.28,1
2481,4,934,447,2332,244.96,1
2481,7,1131,447,483,50.74,1
2481,26,706,449,1176,123.53,1
2482,1,603,445,5281,554.73,1
2482,2,373,444,7774,816.6,1
2482,4,934,447,2376,249.58,1
2482,7,1131,446,484,50.84,1
2482,26,706,449,1174,123.32,1
2483,1,602,445,5255,552.0,1
2483,2,373,444,7813,820.69,1
2483,4,934,446,2335,245.27,1
2483,7,1130,447,502,52.73,1
2483,26,706,449,1162,122.06,1
2484,1,602,445,5239,550.32,1
2484,2,373,444,7782,817.44,1
2484,4,934,447,2437,255.99,1
2484,7,1130,447,397,41.7,1
2484,26,706,449,1188,124.79,1
2485,1,602,445,5262,552.73,1
2485,2,373,444,7902,830.04,1
2485,4,934,447,2443,256.62,1
2485,7,1130,446,408,42.86,1
2485,26,706,449,1168,122.69,1
2486,1,602,445,5178,543.91,1
2486,2,373,444,7767,815.86,1
2486,4,934,447,2389,250.95,1
2486,7,1129,446,393,41.28,1
2486,26,706,449,1172,123.11,1
2487,1,602,445,5238,550.21,1
2487,2,373,444,7752,814.29,1
2487,4,934,446,2333,245.06,1
2487,7,1131,446,475,49.89,1
2487,26,706,449,1169,122.79,1
2488,1,602,445,5188,544.96,1
2488,2,373,444,7759,815.02,1
2488,4,934,446,2303,241.91,1
2488,7,1130,447,393,41.28,1
2488,26,706,449,1172,123.11,1
2489,1,602,445,5245,550.95,1
2489,2,373,444,7825,821.95,1
2489,4,934,446,2347,246.53,1
2489,7,1130,446,400,42.02,1
2489,26,706,449,1157,121.53,1
2490,1,602,445,5209,547.16,1
2490,2,373,444,7769,816.07,1
2490,4,934,446,2348,246.64,1
2490,7,1129,444,304,31.93,1
2490,26,706,449,1191,125.11,1
2491,1,602,445,5211,547.37,1
2491,2,373,444,7759,815.02,1
2491,4,934,447,2369,248.84,1
2491,7,1130,446,382,40.13,1
2491,26,706,450,1207,126.79,1
2492,1,602,445,5196,545.8,1
2492,2,373,444,7774,816.6,1
2492,4,934,446,2310,242.65,1
2492,7,1130,444,358,37.61,1
2492,26,706,449,1169,122.79,1
2493,1,603,445,5231,549.47,1
2493,2,373,444,7828,822.27,1
2493,4,934,446,2376,249.58,1
2493,7,1129,446,394,41.39,1
2493,26,706,449,1192,125.21,1
2494,1,602,445,5201,546.32,1
2494,2,373,444,7791,818.38,1
2494,4,934,447,2389,250.95,1
2494,7,1130,447,526,55.25,1
2494,26,706,449,1171,123.0,1
2495,1,602,445,5188,544.96,1
2495,2,373,444,7680,806.72,1
2495,4,933,446,2323,244.01,1
2495,7,1129,446,380,39.92,1
2495,26,706,449,1174,123.32,1
2496,1,602,445,5193,545.48,1
2496,2,373,444,7716,810.5,1
2496,4,934,447,2396,251.68,1
2496,7,1128,444,330,34.66,1
2496,26,706,449,1179,123.84,1
2497,1,602,445,5171,543.17,1
2497,2,373,444,7632,801.68,1
2497,4,934,447,2391,251.16,1
2497,7,1130,444,370,38.87,1
2497,26,706,449,1156,121.43,1
2498,1,602,445,5158,541.81,1
2498,2,373,444,7737,812.71,1
2498,4,933,447,2344,246.22,1
2498,7,1129,444,315,33.09,1
2498,26,706,449,1170,122.9,1
2499,1,602,445,5175,543.59,1
2499,2,374,444,7661,804.73,1
2499,4,934,446,2329,244.64,1
2499,7,1130,446,419,44.01,1
2499,26,706,449,1166,122.48,1
2500,1,602,445,5234,549.79,1
2500,2,373,444,7826,822.06,1
2500,4,934,447,2421,254.31,1
2500,7,1130,446,396,41.6,1
2500,26,706,449,1173,123.21,1
2501,1,602,445,5169,542.96,1
2501,2,373,444,7722,811.13,1
2501,4,934,447,2352,247.06,1
2501,7,1128,444,308,32.35,1
2501,26,706,449,1177,123.63,1
2502,1,602,445,5167,542.75,1
2502,2,373,444,7789,818.17,1
2502,4,934,447,2380,250.0,1
2502,7,1129,448,425,44.64,1
2502,26,706,449,1185,124.47,1
2503,1,602,445,5171,543.17,1
2503,2,373,444,7746,813.66,1
2503,4,934,446,2353,247.16,1
2503,7,1128,443,283,29.73,1
2503,26,706,449,1180,123.95,1
2504,1,602,445,5187,544.85,1
2504,2,373,444,7749,813.97,1
2504,4,934,446,2332,244.96,1
2504,7,1131,447,489,51.37,1
2504,26,706,449,1187,124.68,1
2505,1,602,445,5203,546.53,1
2505,2,373,444,7716,810.5,1
2505,4,934,447,2377,249.68,1
2505,7,1130,447,425,44.64,1
2505,26,706,449,1183,124.26,1
2506,1,602,445,5182,544.33,1
2506,2,373,444,7689,807.67,1
2506,4,934,446,2343,246.11,1
2506,7,1130,446,352,36.97,1
2506,26,706,449,1175,123.42,1
2507,1,602,445,5190,545.17,1
2507,2,373,444,7879,827.63,1
2507,4,934,446,2295,241.07,1
2507,7,1128,447,344,36.13,1
2507,26,706,449,1161,121.95,1
2508,1,602,445,5209,547.16,1
2508,2,373,444,7688,807.56,1
2508,4,934,447,2373,249.26,1
2508,7,1130,447,513,53.89,1
2508,26,706,449,1181,124.05,1
2509,1,602,445,5175,543.59,1
2509,2,373,444,7745,813.55,1
2509,4,934,446,2349,246.74,1
2509,7,1131,447,497,52.21,1
2509,26,706,449,1164,122.27,1
2510,1,602,445,5199,546.11,1
2510,2,373,444,7824,821.85,1
2510,4,933,447,2461,258.51,1
2510,7,1130,446,433,45.48,1
2510,26,706,449,1175,123.42,1
2511,1,602,445,5158,541.81,1
2511,2,373,444,7605,798.84,1
2511,4,933,446,2347,246.53,1
2511,7,1130,445,406,42.65,1
2511,26,706,449,1174,123.32,1
2512,1,602,445,5185,544.64,1
2512,2,373,444,7816,821.01,1
2512,4,934,446,2373,249.26,1
2512,7,1131,447,526,55.25,1
2512,26,706,449,1158,121.64,1
2513,1,602,445,5206,546.85,1
2513,2,373,444,7733,812.29,1
2513,4,934,446,2324,244.12,1
2513,7,1130,447,514,53.99,1
2513,26,706,449,1185,124.47,1
2514,1,602,445,5200,546.22,1
2514,2,373,444,7756,814.71,1
2514,4,934,446,2348,246.64,1
2514,7,1129,447,408,42.86,1
2514,26,706,449,1162,122.06,1
2515,1,603,445,5174,543.49,1
2515,2,373,444,7658,804.41,1
2515,4,934,446,2326,244.33,1
2515,7,1129,446,394,41.39,1
2515,26,706,449,1167,122.58,1
2516,1,602,445,5212,547.48,1
2516,2,373,445,7886,828.36,1
2516,4,934,447,2374,249.37,1
2516,7,1131,446,510,53.57,1
2516,26,706,449,1170,122.9,1
2517,1,602,445,5238,550.21,1
2517,2,373,444,7826,822.06,1
2517,4,934,447,2391,251.16,1
2517,7,1130,446,444,46.64,1
2517,26,706,449,1168,122.69,1
2518,1,602,445,5220,548.32,1
2518,2,373,444,7766,815.76,1
2518,4,934,447,2396,251.68,1
2518,7,1130,445,419,44.01,1
2518,26,706,449,1179,123.84,1
2519,1,602,445,5176,543.7,1
2519,2,373,444,7714,810.29,1
2519,4,934,446,2305,242.12,1
2519,7,1131,446,500,52.52,1
2519,26,706,449,1163,122.16,1
2520,1,602,445,5230,549.37,1
2520,2,373,444,7789,818.17,1
2520,4,934,447,2350,246.85,1
2520,7,1129,447,417,43.8,1
2520,26,706,449,1172,123.11,1
2521,1,602,445,5214,547.69,1
2521,2,373,444,7801,819.43,1
2521,4,934,446,2334,245.17,1
2521,7,1128,445,365,38.34,1
2521,26,706,449,1175,123.42,1
2522,1,602,445,5169,542.96,1
2522,2,373,444,7748,813.87,1
2522,4,934,447,2335,245.27,1
2522,7,1128,446,323,33.93,1
2522,26,706,449,1186,124.58,1
2523,1,602,445,5196,545.8,1
2523,2,372,444,7829,822.37,1
2523,4,933,446,2324,244.12,1
2523,7,1129,445,361,37.92,1
2523,26,706,449,1159,121.74,1
2524,1,602,445,5196,545.8,1
2524,2,373,444,7759,815.02,1
2524,4,934,447,2426,254.83,1
2524,7,1130,446,490,51.47,1
2524,26,706,449,1180,123.95,1
2525,1,602,445,5194,545.59,1
2525,2,373,444,7765,815.65,1
2525,4,934,447,2338,245.59,1
2525,7,1129,447,401,42.12,1
2525,26,706,449,1171,123.0,1
2526,1,602,445,5207,546.95,1
2526,2,373,444,7686,807.35,1
2526,4,934,446,2313,242.96,1
2526,7,1131,446,480,50.42,1
2526,26,706,449,1173,123.21,1
2527,1,602,445,5161,542.12,1
2527,2,373,444,7618,800.21,1
2527,4,934,446,2322,243.91,1
2527,7,1128,445,351,36.87,1
2527,26,706,449,1171,123.0,1
2528,1,602,445,5249,551.37,1
2528,2,373,444,7781,817.33,1
2528,4,934,447,2485,261.03,1
2528,7,1131,444,372,39.08,1
2528,26,706,449,1191,125.11,1
2529,1,602,445,5150,540.97,1
2529,2,373,444,7632,801.68,1
2529,4,934,446,2368,248.74,1
2529,7,1130,445,380,39.92,1
2529,26,706,449,1171,123.0,1
2530,1,602,445,5194,545.59,1
2530,2,373,444,7726,811.55,1
2530,4,934,447,2365,248.42,1
2530,7,1127,445,298,31.3,1
2530,26,706,449,1181,124.05,1
2531,1,602,445,5213,547.58,1
2531,2,373,444,7730,811.97,1
2531,4,934,447,2365,248.42,1
2531,7,1129,445,356,37.39,1
2531,26,706,449,1158,121.64,1
2532,1,603,445,5199,546.11,1
2532,2,373,444,7720,810.92,1
2532,4,934,447,2360,247.9,1
2532,7,1129,446,373,39.18,1
2532,26,706,449,1165,122.37,1
2533,1,602,445,5232,549.58,1
2533,2,373,444,7749,813.97,1
2533,4,934,446,2348,246.64,1
2533,7,1128,446,351,36.87,1
2533,26,706,449,1188,124.79,1
2534,1,602,445,5229,549.26,1
2534,2,373,444,7789,818.17,1
2534,4,934,446,2375,249.47,1
2534,7,1130,446,503,52.84,1
2534,26,706,449,1155,121.32,1
2535,1,602,445,5170,543.07,1
2535,2,373,444,7698,808.61,1
2535,4,934,446,2343,246.11,1
2535,7,1128,445,316,33.19,1
2535,26,706,449,1157,121.53,1
2536,1,602,445,5183,544.43,1
2536,2,373,444,7809,820.27,1
2536,4,934,446,2343,246.11,1
2536,7,1129,446,399,41.91,1
2536,26,706,449,1169,122.79,1
2537,1,602,445,5230,549.37,1
2537,2,373,444,7810,820.38,1
2537,4,934,447,2400,252.1,1
2537,7,1129,446,376,39.5,1
2537,26,706,449,1185,124.47,1
2538,1,602,445,5182,544.33,1
2538,2,372,444,7753,814.39,1
2538,4,934,446,2330,244.75,1
2538,7,1128,444,293,30.78,1
2538,26,706,449,1166,122.48,1
2539,1,602,445,5167,542.75,1
2539,2,373,444,7796,818.91,1
2539,4,934,446,2317,243.38,1
2539,7,1129,448,385,40.44,1
2539,26,706,449,1180,123.95,1
2540,1,602,445,5215,547.79,1
2540,2,373,444,7680,806.72,1
2540,4,934,447,2393,251.37,1
2540,7,1130,448,468,49.16,1
2540,26,706,449,1177,123.63,1
2541,1,603,445,5238,550.21,1
2541,2,373,445,7918,831.72,1
2541,4,934,447,2436,255.88,1
2541,7,1129,448,447,46.95,1
2541,26,706,449,1178,123.74,1
2542,1,602,445,5232,549.58,1
2542,2,373,444,7831,822.58,1
2542,4,934,447,2405,252.63,1
2542,7,1131,447,499,52.42,1
2542,26,706,449,1182,124.16,1
2543,1,602,445,5207,546.95,1
2543,2,373,444,7620,800.42,1
2543,4,934,446,2303,241.91,1
2543,7,1130,446,391,41.07,1
2543,26,706,449,1148,120.59,1
2544,1,602,445,5253,551.79,1
2544,2,373,444,7802,819.54,1
2544,4,934,447,2422,254.41,1
2544,7,1130,447,499,52.42,1
2544,26,706,449,1199,125.95,1
2545,1,602,445,5245,550.95,1
2545,2,373,444,7737,812.71,1
2545,4,934,446,2339,245.69,1
2545,7,1130,446,399,41.91,1
2545,26,706,449,1179,123.84,1
2546,1,603,445,5215,547.79,1
2546,2,373,444,7750,814.08,1
2546,4,934,446,2292,240.76,1
2546,7,1128,445,322,33.82,1
2546,26,706,449,1175,123.42,1
2547,1,602,445,5223,548.63,1
2547,2,373,444,7674,806.09,1
2547,4,934,446,2321,243.8,1
2547,7,1129,446,332,34.87,1
2547,26,706,449,1188,124.79,1
2548,1,603,446,5319,558.72,1
2548,2,373,444,7860,825.63,1
2548,4,934,447,2501,262.71,1
2548,7,1129,447,447,46.95,1
2548,26,706,449,1191,125.11,1
2549,1,602,445,5244,550.84,1
2549,2,373,444,7749,813.97,1
2549,4,934,447,2362,248.11,1
2549,7,1127,447,330,34.66,1
2549,26,706,449,1176,123.53,1
2550,1,602,445,5236,550.0,1
2550,2,373,444,7775,816.7,1
2550,4,934,446,2303,241.91,1
2550,7,1131,447,463,48.63,1
2550,26,706,449,1180,123.95,1
2551,1,602,445,5181,544.22,1
2551,2,373,444,7657,804.31,1
2551,4,934,446,2288,240.34,1
2551,7,1127,445,277,29.1,1
2551,26,706,449,1183,124.26,1
2552,1,602,445,5182,544.33,1
2552,2,373,444,7694,808.19,1
2552,4,934,446,2295,241.07,1
2552,7,1130,445,311,32.67,1
2552,26,706,449,1182,124.16,1
2553,1,602,445,5200,546.22,1
2553,2,373,444,7776,816.81,1
2553,4,934,447,2453,257.67,1
2553,7,1128,445,341,35.82,1
2553,26,706,449,1176,123.53,1
2554,1,603,445,5178,543.91,1
2554,2,373,444,7714,810.29,1
2554,4,934,446,2320,243.7,1
2554,7,1128,443,284,29.83,1
2554,26,706,449,1163,122.16,1
2555,1,603,445,5165,542.54,1
2555,2,373,444,7723,811.24,1
2555,4,934,447,2332,244.96,1
2555,7,1129,443,302,31.72,1
2555,26,706,449,1149,120.69,1
2556,1,602,445,5213,547.58,1
2556,2,373,444,7718,810.71,1
2556,4,934,447,2396,251.68,1
2556,7,1128,445,329,34.56,1
2556,26,706,449,1176,123.53,1
2557,1,603,445,5190,545.17,1
2557,2,373,444,7693,808.09,1
2557,4,934,447,2360,247.9,1
2557,7,1130,446,384,40.34,1
2557,26,706,449,1164,122.27,1
2558,1,602,445,5257,552.21,1
2558,2,372,444,7787,817.96,1
2558,4,934,447,2399,252.0,1
2558,7,1131,445,402,42.23,1
2558,26,706,449,1181,124.05,1
2559,1,602,445,5169,542.96,1
2559,2,373,444,7738,812.82,1
2559,4,934,446,2313,242.96,1
2559,7,1131,447,490,51.47,1
2559,26,706,449,1176,123.53,1
2560,1,602,445,5222,548.53,1
2560,2,372,444,7759,815.02,1
2560,4,934,446,2330,244.75,1
2560,7,1127,446,315,33.09,1
2560,26,706,449,1179,123.84,1
2561,1,603,445,5216,547.9,1
2561,2,373,444,7779,817.12,1
2561,4,934,446,2320,243.7,1
2561,7,1129,446,426,44.75,1
2561,26,706,449,1181,124.05,1
2562,1,602,445,5249,551.37,1
2562,2,373,444,7880,827.73,1
2562,4,934,447,2390,251.05,1
2562,7,1127,444,278,29.2,1
2562,26,706,449,1178,123.74,1
2563,1,602,445,5171,543.17,1
2563,2,373,444,7728,811.76,1
2563,4,934,446,2352,247.06,1
2563,7,1130,446,409,42.96,1
2563,26,706,449,1162,122.06,1
2564,1,602,445,5221,548.42,1
2564,2,373,444,7780,817.23,1
2564,4,934,447,2397,251.79,1
2564,7,1129,446,366,38.45,1
2564,26,706,449,1185,124.47,1
2565,1,602,445,5208,547.06,1
2565,2,373,444,7725,811.45,1
2565,4,934,446,2310,242.65,1
2565,7,1128,444,300,31.51,1
2565,26,706,449,1172,123.11,1
2566,1,602,445,5221,548.42,1
2566,2,373,444,7793,818.59,1
2566,4,934,447,2376,249.58,1
2566,7,1130,447,509,53.47,1
2566,26,706,449,1177,123.63,1
2567,1,602,445,5183,544.43,1
2567,2,373,444,7758,814.92,1
2567,4,934,447,2335,245.27,1
2567,7,1130,446,417,43.8,1
2567,26,706,449,1171,123.0,1
2568,1,602,445,5216,547.9,1
2568,2,373,444,7723,811.24,1
2568,4,934,446,2287,240.23,1
2568,7,1129,446,379,39.81,1
2568,26,706,449,1157,121.53,1
2569,1,602,445,5264,552.94,1
2569,2,372,444,7863,825.95,1
2569,4,934,447,2382,250.21,1
2569,7,1129,447,399,41.91,1
2569,26,706,449,1183,124.26,1
2570,1,602,445,5211,547.37,1
2570,2,373,444,7681,806.83,1
2570,4,934,447,2375,249.47,1
2570,7,1129,446,388,40.76,1
2570,26,706,449,1169,122.79,1
2571,1,602,445,5170,543.07,1
2571,2,373,444,7732,812.18,1
2571,4,934,447,2342,246.01,1
2571,7,1130,445,336,35.29,1
2571,26,706,449,1176,123.53,1
