frame,drop_id,cx,cy,area_px,percentage,in_frame
268,1,595,98,17269,100.0,1
269,1,596,123,20596,119.26,1
270,1,597,147,20660,119.63,1
271,1,598,173,20677,119.73,1
272,1,598,198,20833,120.63,1
273,1,599,223,20738,120.08,1
274,1,600,248,20619,119.4,1
275,1,601,273,20659,119.63,1
276,1,602,299,20524,118.85,1
277,1,602,324,20577,119.15,1
278,1,603,350,20630,119.46,1
279,1,604,373,20125,116.53,1
280,1,605,389,17850,103.36,1
281,1,605,403,15178,87.89,1
282,1,603,415,12903,74.72,1
283,1,600,420,12333,71.41,1
284,1,599,420,13360,77.36,1
285,1,598,419,14232,82.41,1
286,1,599,419,14571,84.37,1
287,1,598,418,14618,84.65,1
288,1,599,417,14678,84.99,1
289,1,600,416,14607,84.58,1
290,1,602,415,14121,81.77,1
291,1,605,414,13629,78.92,1
292,1,608,413,13261,76.79,1
293,1,608,411,13392,77.55,1
294,1,608,405,14190,82.17,1
295,1,608,399,15218,88.12,1
296,1,608,393,16032,92.83,1
297,1,609,388,16781,97.17,1
298,1,609,384,17328,100.34,1
299,1,609,381,17712,102.56,1
300,1,610,378,17962,104.01,1
301,1,610,376,18303,105.98,1
302,1,611,373,18580,107.59,1
303,1,612,372,18765,108.66,1
304,1,612,370,18940,109.67,1
305,1,612,369,19246,111.45,1
306,1,613,368,19529,113.08,1
307,1,613,367,19708,114.12,1
308,1,613,367,19908,115.28,1
309,1,613,366,20109,116.44,1
310,1,614,365,20206,117.0,1
311,1,615,365,20141,116.63,1
312,1,616,364,19872,115.07,1
313,1,616,364,19705,114.1,1
314,1,617,365,19604,113.52,1
315,1,617,366,19398,112.33,1
316,1,618,367,19265,111.56,1
317,1,618,368,19103,110.62,1
318,1,619,370,19018,110.12,1
319,1,619,371,18821,108.98,1
320,1,620,373,18729,108.45,1
321,1,620,375,18565,107.5,1
322,1,621,376,18384,106.45,1
323,1,622,378,18134,105.01,1
324,1,622,380,17836,103.28,1
325,1,623,382,17567,101.72,1
326,1,623,384,17256,99.92,1
327,1,624,386,17018,98.54,1
328,1,624,388,16757,97.03,1
329,1,624,390,16512,95.61,1
330,1,625,392,16275,94.24,1
331,1,625,393,16032,92.83,1
332,1,625,394,15893,92.03,1
333,1,625,395,15764,91.28,1
334,1,626,396,15776,91.35,1
335,1,626,396,15775,91.35,1
336,1,626,396,15872,91.91,1
337,1,627,396,16004,92.67,1
338,1,627,396,16100,93.23,1
339,1,627,396,16321,94.51,1
340,1,628,395,16442,95.21,1
341,1,628,394,16649,96.41,1
342,1,628,393,16863,97.65,1
343,1,628,392,17008,98.49,1
344,1,628,391,17102,99.03,1
345,1,629,390,17297,100.16,1
346,1,629,389,17369,100.58,1
347,1,628,388,17421,100.88,1
348,1,629,386,17560,101.68,1
349,1,629,385,17561,101.69,1
350,1,629,384,17543,101.58,1
351,1,629,383,17507,101.38,1
352,1,629,382,17528,101.5,1
353,1,629,382,17527,101.49,1
354,1,629,381,17540,101.57,1
355,1,629,381,17507,101.38,1
356,1,630,380,17520,101.45,1
357,1,629,380,17595,101.88,1
358,1,629,380,17613,101.99,1
359,1,629,380,17642,102.16,1
360,1,629,380,17676,102.35,1
361,1,629,380,17690,102.43,1
362,1,629,381,17689,102.43,1
363,1,629,381,17792,103.03,1
364,1,629,382,17709,102.54,1
365,1,629,383,17660,102.26,1
366,1,629,383,17618,102.02,1
367,1,629,384,17565,101.71,1
368,1,629,385,17469,101.16,1
369,1,629,386,17400,100.76,1
370,1,628,387,17272,100.01,1
371,1,628,388,17216,99.69,1
372,1,628,388,17112,99.09,1
373,1,628,389,16952,98.16,1
374,1,627,390,16921,97.98,1
375,1,627,390,16882,97.76,1
376,1,627,391,16786,97.2,1
377,1,627,391,16722,96.83,1
378,1,626,391,16674,96.55,1
379,1,626,391,16610,96.18,1
380,1,626,391,16564,95.91,1
381,1,626,391,16576,95.98,1
382,1,626,391,16612,96.19,1
383,1,626,391,16533,95.74,1
384,1,626,390,16597,96.11,1
385,1,625,390,16664,96.49,1
386,1,625,389,16646,96.39,1
387,1,625,389,16707,96.74,1
388,1,625,388,16746,96.97,1
389,1,625,388,16874,97.71,1
390,1,625,387,16934,98.06,1
391,1,625,387,17006,98.47,1
392,1,625,386,17053,98.75,1
393,1,625,385,17188,99.53,1
394,1,625,385,17308,100.22,1
395,1,624,385,17364,100.55,1
396,1,624,384,17457,101.09,1
397,1,624,384,17552,101.64,1
398,1,624,384,17677,102.36,1
399,1,624,384,17733,102.68,1
400,1,624,384,17806,103.11,1
401,1,624,384,17823,103.21,1
402,1,624,384,17761,102.85,1
403,1,624,384,17745,102.75,1
404,1,624,384,17725,102.64,1
405,1,623,384,17691,102.44,1
406,1,623,385,17664,102.28,1
407,1,623,385,17540,101.57,1
408,1,623,385,17502,101.35,1
409,1,623,386,17456,101.08,1
410,1,623,386,17335,100.38,1
411,1,623,387,17229,99.77,1
412,1,623,387,17164,99.39,1
413,1,623,387,17068,98.83,1
414,1,623,388,17034,98.64,1
415,1,623,388,16974,98.29,1
416,1,623,389,16896,97.84,1
417,1,623,389,16848,97.56,1
418,1,624,389,16783,97.18,1
419,1,623,389,16742,96.95,1
420,1,624,389,16713,96.78,1
421,1,624,389,16710,96.76,1
422,1,624,389,16714,96.78,1
423,1,624,389,16736,96.91,1
424,1,624,389,16740,96.93,1
425,1,624,389,16764,97.07,1
426,1,624,388,16821,97.4,1
427,1,625,388,16899,97.85,1
428,1,625,388,17047,98.71,1
429,1,625,387,17070,98.84,1
430,1,625,387,17203,99.61,1
431,1,625,387,17232,99.78,1
432,1,625,386,17335,100.38,1
433,1,625,386,17464,101.13,1
434,1,626,386,17512,101.4,1
435,1,626,386,17663,102.28,1
436,1,626,385,17728,102.65,1
437,1,626,385,17736,102.7,1
438,1,626,385,17815,103.16,1
439,1,626,385,17837,103.29,1
440,1,626,385,17856,103.4,1
441,1,627,385,17895,103.62,1
442,1,627,385,17855,103.39,1
443,1,627,385,17785,102.99,1
444,1,627,385,17799,103.07,1
445,1,627,385,17704,102.52,1
446,1,627,386,17785,102.99,1
447,1,627,386,17709,102.54,1
448,1,627,386,17599,101.91,1
449,1,627,386,17577,101.78,1
450,1,627,387,17469,101.16,1
451,1,627,387,17412,100.83,1
452,1,627,387,17309,100.23,1
453,1,627,387,17307,100.22,1
454,1,627,387,17273,100.02,1
455,1,627,387,17256,99.92,1
456,1,627,387,17197,99.58,1
457,1,627,387,17186,99.52,1
458,1,627,388,17093,98.98,1
459,1,627,388,17059,98.78,1
460,1,627,388,17089,98.95,1
461,1,627,387,17096,99.0,1
462,1,627,387,17135,99.22,1
463,1,626,387,17068,98.83,1
464,1,626,387,17118,99.12,1
465,1,626,387,17172,99.44,1
466,1,626,387,17196,99.57,1
467,1,626,387,17220,99.71,1
468,1,626,387,17302,100.19,1
469,1,626,387,17329,100.34,1
470,1,626,386,17304,100.2,1
471,1,626,387,17357,100.51,1
472,1,626,386,17423,100.89,1
473,1,625,386,17493,101.29,1
474,1,625,386,17461,101.11,1
475,1,625,386,17522,101.46,1
476,1,625,386,17542,101.58,1
477,1,625,386,17564,101.71,1
478,1,625,386,17561,101.69,1
479,1,624,386,17617,102.01,1
480,1,625,386,17620,102.03,1
481,1,624,386,17626,102.06,1
482,1,624,386,17631,102.09,1
483,1,624,386,17595,101.88,1
484,1,624,386,17543,101.58,1
485,1,624,386,17595,101.88,1
486,1,624,386,17553,101.64,1
487,1,624,386,17553,101.64,1
488,1,624,386,17490,101.28,1
489,1,624,387,17486,101.25,1
490,1,624,387,17428,100.92,1
491,1,624,387,17394,100.72,1
492,1,624,387,17428,100.92,1
493,1,623,387,17333,100.37,1
494,1,623,387,17374,100.61,1
495,1,623,387,17333,100.37,1
496,1,623,387,17324,100.32,1
497,1,623,387,17321,100.3,1
498,1,623,387,17296,100.15,1
499,1,623,387,17339,100.4,1
500,1,624,387,17360,100.52,1
501,1,624,387,17371,100.59,1
502,1,624,387,17370,100.58,1
503,1,624,387,17469,101.16,1
504,1,624,387,17412,100.83,1
505,1,624,387,17473,101.18,1
506,1,624,387,17468,101.15,1
507,1,624,387,17422,100.88,1
508,1,624,386,17522,101.46,1
509,1,624,386,17493,101.29,1
510,1,624,386,17497,101.32,1
511,1,624,386,17526,101.49,1
512,1,624,386,17539,101.56,1
513,1,625,386,17560,101.68,1
514,1,625,386,17530,101.51,1
515,1,625,386,17554,101.65,1
516,1,625,386,17553,101.64,1
517,1,625,386,17529,101.5,1
518,1,625,386,17482,101.23,1
519,1,626,386,17478,101.21,1
520,1,626,386,17502,101.35,1
521,1,626,386,17554,101.65,1
522,1,626,386,17492,101.29,1
523,1,626,386,17472,101.17,1
524,1,626,386,17431,100.94,1
525,1,626,386,17434,100.95,1
526,1,626,386,17513,101.41,1
527,1,626,386,17410,100.81,1
528,1,626,387,17416,100.85,1
529,1,627,387,17398,100.74,1
530,1,627,386,17372,100.59,1
531,1,627,387,17367,100.56,1
532,1,627,387,17405,100.78,1
533,1,627,387,17417,100.85,1
534,1,627,387,17403,100.77,1
535,1,627,387,17436,100.96,1
536,1,627,387,17452,101.06,1
537,1,627,387,17409,100.81,1
538,1,627,387,17400,100.76,1
539,1,627,387,17335,100.38,1
540,1,627,387,17394,100.72,1
541,1,627,387,17348,100.45,1
542,1,627,387,17398,100.74,1
543,1,627,387,17359,100.52,1
544,1,627,387,17383,100.66,1
545,1,627,387,17456,101.08,1
546,1,627,387,17352,100.48,1
547,1,627,387,17447,101.03,1
548,1,627,386,17341,100.41,1
549,1,627,386,17307,100.22,1
550,1,627,386,17328,100.34,1
551,1,627,386,17336,100.39,1
552,1,627,386,17321,100.3,1
553,1,627,386,17349,100.46,1
554,1,627,386,17366,100.56,1
555,1,627,387,17371,100.59,1
556,1,627,386,17361,100.53,1
557,1,627,386,17330,100.35,1
558,1,626,387,17379,100.63,1
559,1,626,387,17388,100.69,1
560,1,626,387,17363,100.54,1
561,1,626,387,17351,100.47,1
562,1,626,387,17277,100.04,1
563,1,626,387,17325,100.32,1
564,1,626,387,17335,100.38,1
565,1,626,387,17301,100.18,1
566,1,626,387,17336,100.39,1
567,1,625,387,17312,100.25,1
568,1,625,387,17296,100.15,1
569,1,625,387,17323,100.31,1
570,1,625,387,17227,99.75,1
571,1,625,387,17255,99.92,1
572,1,625,387,17287,100.1,1
573,1,625,387,17228,99.76,1
574,1,625,387,17303,100.19,1
575,1,624,387,17294,100.14,1
576,1,624,387,17301,100.18,1
577,1,624,387,17338,100.4,1
578,1,624,387,17259,99.94,1
579,1,624,387,17266,99.98,1
580,1,624,387,17275,100.03,1
581,1,624,387,17250,99.89,1
582,1,624,387,17307,100.22,1
583,1,624,387,17287,100.1,1
584,1,624,387,17280,100.06,1
585,1,624,387,17255,99.92,1
586,1,624,387,17266,99.98,1
587,1,624,387,17245,99.86,1
588,1,624,387,17280,100.06,1
589,1,624,387,17266,99.98,1
590,1,624,387,17266,99.98,1
591,1,624,387,17273,100.02,1
592,1,624,387,17297,100.16,1
593,1,624,387,17276,100.04,1
594,1,624,387,17221,99.72,1
595,1,624,387,17254,99.91,1
596,1,624,387,17262,99.96,1
597,1,624,387,17284,100.08,1
598,1,624,387,17216,99.69,1
599,1,624,387,17197,99.58,1
600,1,624,387,17210,99.66,1
601,1,624,387,17229,99.77,1
602,1,624,387,17157,99.35,1
603,1,625,387,17199,99.59,1
604,1,625,387,17179,99.48,1
605,1,625,387,17206,99.63,1
606,1,625,387,17164,99.39,1
607,1,625,387,17148,99.3,1
608,1,625,387,17148,99.3,1
609,1,625,387,17159,99.36,1
610,1,625,387,17110,99.08,1
611,1,625,387,17124,99.16,1
612,1,625,387,17158,99.35,1
613,1,625,387,17115,99.11,1
614,1,626,387,17162,99.38,1
615,1,626,387,17102,99.03,1
616,1,626,387,17136,99.23,1
617,1,626,387,17168,99.41,1
618,1,626,387,17135,99.22,1
619,1,626,387,17164,99.39,1
620,1,627,387,17145,99.28,1
621,1,626,387,17066,98.82,1
622,1,626,387,17155,99.34,1
623,1,627,387,17118,99.12,1
624,1,627,387,17129,99.19,1
625,1,627,387,17118,99.12,1
626,1,627,387,17076,98.88,1
627,1,627,387,17104,99.04,1
628,1,627,387,17111,99.08,1
629,1,627,387,17082,98.91,1
630,1,627,387,17116,99.11,1
631,1,627,387,17103,99.04,1
632,1,627,387,17061,98.79,1
633,1,627,387,17151,99.31,1
634,1,627,387,17107,99.06,1
635,1,627,387,17108,99.06,1
636,1,627,387,17070,98.84,1
637,1,627,387,17126,99.17,1
638,1,627,387,17144,99.27,1
639,1,627,387,17117,99.12,1
640,1,627,387,17081,98.91,1
641,1,627,387,17109,99.07,1
642,1,627,387,17099,99.01,1
643,1,627,387,17078,98.89,1
644,1,627,387,17042,98.68,1
645,1,627,387,17105,99.05,1
646,1,627,387,17108,99.06,1
647,1,626,387,17076,98.88,1
648,1,626,387,17041,98.68,1
649,1,626,387,17074,98.87,1
650,1,626,387,17052,98.74,1
651,1,626,387,17068,98.83,1
652,1,626,387,17087,98.94,1
653,1,626,387,17028,98.6,1
654,1,626,387,17099,99.01,1
655,1,626,387,17082,98.91,1
656,1,626,387,17022,98.57,1
657,1,626,387,16991,98.39,1
658,1,625,387,17010,98.5,1
659,1,625,387,17072,98.86,1
660,1,625,387,17090,98.96,1
661,1,625,387,17038,98.66,1
662,1,625,387,17079,98.9,1
663,1,625,387,17060,98.79,1
664,1,625,387,17029,98.61,1
665,1,625,387,17085,98.93,1
666,1,624,387,17017,98.54,1
667,1,624,387,16988,98.37,1
668,1,624,387,16996,98.42,1
669,1,624,387,17014,98.52,1
670,1,624,387,16975,98.29,1
671,1,624,387,17014,98.52,1
672,1,624,387,17071,98.85,1
673,1,624,387,17085,98.93,1
674,1,624,387,17037,98.65,1
675,1,624,387,17051,98.73,1
676,1,624,387,17062,98.8,1
677,1,624,387,17010,98.5,1
678,1,624,387,17059,98.78,1
679,1,624,387,17013,98.51,1
680,1,623,387,17016,98.53,1
681,1,624,387,17051,98.73,1
682,1,624,387,17060,98.79,1
683,1,624,387,17030,98.61,1
684,1,624,387,17030,98.61,1
685,1,624,387,16925,98.01,1
686,1,624,387,16980,98.32,1
687,1,624,387,16987,98.36,1
688,1,624,387,17044,98.69,1
689,1,624,387,17017,98.54,1
690,1,624,387,17006,98.47,1
691,1,624,387,17051,98.73,1
692,1,624,387,17000,98.44,1
693,1,624,387,17049,98.72,1
694,1,624,387,17008,98.49,1
695,1,624,387,17048,98.72,1
696,1,624,387,17100,99.02,1
697,1,624,387,17074,98.87,1
698,1,625,387,17000,98.44,1
699,1,625,387,16997,98.42,1
700,1,625,387,17028,98.6,1
701,1,625,387,16977,98.31,1
702,1,625,387,16998,98.43,1
703,1,625,387,16969,98.26,1
704,1,625,387,17003,98.46,1
705,1,625,387,17024,98.58,1
706,1,625,387,16985,98.35,1
707,1,625,387,17005,98.47,1
708,1,625,387,17024,98.58,1
709,1,625,387,16998,98.43,1
710,1,626,387,16997,98.42,1
711,1,626,387,17036,98.65,1
712,1,626,387,17096,99.0,1
713,1,626,387,17074,98.87,1
714,1,626,387,17037,98.65,1
715,1,626,387,17038,98.66,1
716,1,626,387,17084,98.93,1
717,1,626,387,17036,98.65,1
718,1,626,387,17059,98.78,1
719,1,626,387,17068,98.83,1
720,1,627,387,17056,98.76,1
721,1,626,387,17055,98.76,1
722,1,627,387,16986,98.36,1
723,1,627,387,17012,98.51,1
724,1,627,387,16999,98.43,1
725,1,627,387,17018,98.54,1
726,1,627,387,16965,98.24,1
727,1,627,387,16972,98.28,1
728,1,627,387,17048,98.72,1
729,1,627,387,17045,98.7,1
730,1,627,387,17009,98.49,1
731,1,627,387,17017,98.54,1
732,1,627,387,16987,98.36,1
733,1,627,387,17035,98.64,1
734,1,627,387,17073,98.86,1
735,1,627,387,17028,98.6,1
736,1,627,387,17066,98.82,1
737,1,627,387,17090,98.96,1
738,1,627,387,17027,98.6,1
739,1,627,387,17069,98.84,1
740,1,627,387,17072,98.86,1
741,1,627,387,17040,98.67,1
742,1,626,387,16986,98.36,1
743,1,626,387,17000,98.44,1
744,1,626,387,17014,98.52,1
745,1,626,387,17044,98.69,1
746,1,626,387,17010,98.5,1
747,1,626,387,17005,98.47,1
748,1,626,387,17040,98.67,1
749,1,626,387,17031,98.62,1
750,1,626,387,17041,98.68,1
751,1,626,387,17018,98.54,1
752,1,626,387,17029,98.61,1
753,1,626,387,17015,98.53,1
754,1,625,387,16999,98.43,1
755,1,625,387,17002,98.45,1
756,1,625,387,17005,98.47,1
757,1,625,387,17005,98.47,1
758,1,625,387,16996,98.42,1
759,1,625,387,17018,98.54,1
760,1,625,387,16985,98.35,1
761,1,625,387,17007,98.48,1
762,1,625,387,17019,98.55,1
763,1,625,387,16978,98.31,1
764,1,625,387,17020,98.56,1
765,1,625,387,16981,98.33,1
766,1,625,387,17031,98.62,1
767,1,625,387,17028,98.6,1
768,1,625,387,17017,98.54,1
769,1,624,387,17078,98.89,1
770,1,624,387,17049,98.72,1
771,1,624,387,17037,98.65,1
772,1,624,387,17064,98.81,1
773,1,624,387,17056,98.76,1
774,1,624,387,17061,98.79,1
775,1,624,387,17091,98.97,1
776,1,624,387,17044,98.69,1
777,1,624,387,17031,98.62,1
778,1,624,387,17057,98.77,1
779,1,624,387,17017,98.54,1
780,1,624,387,17054,98.75,1
781,1,624,387,17015,98.53,1
782,1,624,387,17049,98.72,1
783,1,624,387,17044,98.69,1
784,1,624,387,17054,98.75,1
785,1,624,387,17074,98.87,1
786,1,624,387,17036,98.65,1
787,1,624,387,17050,98.73,1
788,1,624,387,17040,98.67,1
789,1,624,387,17041,98.68,1
790,1,625,387,17045,98.7,1
791,1,625,387,17027,98.6,1
792,1,625,387,17008,98.49,1
793,1,625,387,17082,98.91,1
794,1,625,387,17064,98.81,1
795,1,625,387,17040,98.67,1
796,1,625,387,17071,98.85,1
797,1,625,387,17043,98.69,1
798,1,625,387,17083,98.92,1
799,1,625,387,17051,98.73,1
800,1,625,387,17071,98.85,1
801,1,625,387,17118,99.12,1
802,1,626,387,17061,98.79,1
803,1,626,387,17118,99.12,1
804,1,626,387,17123,99.15,1
805,1,626,387,17114,99.1,1
806,1,626,387,17059,98.78,1
807,1,626,387,17116,99.11,1
808,1,626,387,17084,98.93,1
809,1,626,387,17087,98.94,1
810,1,626,387,17057,98.77,1
811,1,626,387,17080,98.9,1
812,1,626,387,17093,98.98,1
813,1,626,387,17115,99.11,1
814,1,626,387,17075,98.87,1
815,1,627,387,17128,99.18,1
816,1,626,387,17105,99.05,1
817,1,627,387,17110,99.08,1
818,1,627,387,17106,99.05,1
819,1,627,387,17134,99.22,1
820,1,627,387,17082,98.91,1
821,1,627,387,17064,98.81,1
822,1,627,387,17092,98.97,1
823,1,627,387,17071,98.85,1
824,1,627,387,17086,98.94,1
825,1,627,387,17089,98.95,1
826,1,627,387,17086,98.94,1
827,1,627,387,17062,98.8,1
828,1,627,387,17086,98.94,1
829,1,627,387,17043,98.69,1
830,1,627,387,17060,98.79,1
831,1,627,387,17076,98.88,1
832,1,627,387,17124,99.16,1
833,1,627,387,17132,99.2,1
834,1,626,387,17078,98.89,1
835,1,627,387,17165,99.39,1
836,1,627,387,17115,99.11,1
837,1,627,387,17128,99.18,1
838,1,626,387,17126,99.17,1
839,1,626,387,17150,99.31,1
840,1,626,387,17100,99.02,1
841,1,626,387,17133,99.21,1
842,1,626,387,17084,98.93,1
843,1,626,387,17087,98.94,1
844,1,626,387,17151,99.31,1
845,1,626,387,17119,99.13,1
846,1,626,387,17171,99.43,1
847,1,626,387,17153,99.33,1
848,1,626,387,17137,99.23,1
849,1,626,387,17165,99.39,1
850,1,626,387,17124,99.16,1
851,1,625,387,17165,99.39,1
852,1,625,387,17150,99.31,1
853,1,625,387,17168,99.41,1
854,1,625,387,17160,99.37,1
855,1,625,387,17163,99.38,1
856,1,625,387,17154,99.33,1
857,1,625,387,17220,99.71,1
858,1,625,387,17160,99.37,1
859,1,625,387,17143,99.27,1
860,1,625,387,17154,99.33,1
861,1,625,387,17080,98.9,1
862,1,625,387,17162,99.38,1
863,1,625,387,17148,99.3,1
864,1,625,387,17134,99.22,1
865,1,625,387,17211,99.66,1
866,1,625,387,17189,99.53,1
867,1,625,387,17159,99.36,1
868,1,625,387,17185,99.51,1
869,1,625,387,17186,99.52,1
870,1,625,387,17152,99.32,1
871,1,625,387,17204,99.62,1
872,1,624,387,17183,99.5,1
873,1,625,387,17235,99.8,1
874,1,625,387,17214,99.68,1
875,1,624,387,17203,99.61,1
876,1,624,387,17246,99.86,1
877,1,624,387,17195,99.57,1
878,1,624,387,17244,99.85,1
879,1,625,387,17273,100.02,1
880,1,625,387,17201,99.6,1
881,1,625,387,17206,99.63,1
882,1,625,387,17239,99.82,1
883,1,625,387,17233,99.79,1
884,1,625,387,17196,99.57,1
885,1,625,387,17228,99.76,1
886,1,625,387,17240,99.83,1
887,1,625,387,17274,100.03,1
888,1,625,387,17296,100.15,1
889,1,625,387,17300,100.18,1
890,1,625,387,17275,100.03,1
891,1,625,387,17280,100.06,1
892,1,625,387,17279,100.06,1
893,1,625,387,17268,99.99,1
894,1,626,387,17312,100.25,1
895,1,626,387,17298,100.17,1
896,1,625,387,17318,100.28,1
897,1,626,387,17345,100.44,1
898,1,626,387,17316,100.27,1
899,1,626,387,17276,100.04,1
900,1,626,387,17300,100.18,1
901,1,626,387,17299,100.17,1
902,1,626,387,17323,100.31,1
903,1,626,387,17303,100.19,1
904,1,626,387,17300,100.18,1
905,1,626,387,17296,100.15,1
906,1,626,387,17277,100.04,1
907,1,626,387,17294,100.14,1
908,1,626,387,17288,100.11,1
909,1,626,387,17362,100.54,1
910,1,626,387,17330,100.35,1
911,1,626,387,17302,100.19,1
912,1,627,387,17342,100.42,1
913,1,627,387,17359,100.52,1
914,1,627,387,17380,100.64,1
915,1,627,387,17367,100.56,1
916,1,627,387,17366,100.56,1
917,1,627,387,17329,100.34,1
918,1,626,387,17319,100.29,1
919,1,627,387,17347,100.45,1
920,1,627,387,17334,100.37,1
921,1,627,387,17355,100.5,1
922,1,627,387,17352,100.48,1
923,1,626,387,17362,100.54,1
924,1,626,387,17355,100.5,1
925,1,627,387,17350,100.47,1
926,1,626,387,17382,100.65,1
927,1,626,387,17386,100.67,1
928,1,626,387,17391,100.7,1
929,1,626,387,17412,100.83,1
930,1,626,387,17388,100.69,1
931,1,626,387,17430,100.93,1
932,1,626,387,17387,100.68,1
933,1,626,387,17435,100.96,1
934,1,626,387,17436,100.96,1
935,1,626,387,17437,100.97,1
936,1,626,387,17468,101.15,1
937,1,626,387,17450,101.05,1
938,1,626,386,17423,100.89,1
939,1,626,386,17405,100.78,1
940,1,626,387,17427,100.91,1
941,1,626,387,17416,100.85,1
942,1,626,387,17453,101.06,1
943,1,626,387,17429,100.92,1
944,1,626,387,17448,101.03,1
945,1,625,386,17418,100.86,1
946,1,626,386,17377,100.62,1
947,1,625,387,17405,100.78,1
948,1,625,387,17398,100.74,1
949,1,625,386,17401,100.76,1
950,1,625,387,17397,100.74,1
951,1,625,387,17407,100.8,1
952,1,625,387,17405,100.78,1
953,1,625,387,17437,100.97,1
954,1,625,387,17395,100.73,1
955,1,625,387,17399,100.75,1
956,1,625,386,17429,100.92,1
957,1,625,386,17395,100.73,1
958,1,625,386,17462,101.11,1
959,1,625,387,17400,100.76,1
960,1,625,387,17440,100.99,1
961,1,625,387,17466,101.14,1
962,1,625,386,17447,101.03,1
963,1,625,387,17429,100.92,1
964,1,625,387,17458,101.09,1
965,1,625,386,17432,100.94,1
966,1,625,387,17433,100.95,1
967,1,625,387,17437,100.97,1
968,1,625,387,17449,101.04,1
969,1,625,387,17451,101.05,1
970,1,625,387,17404,100.78,1
971,1,625,387,17464,101.13,1
972,1,625,387,17421,100.88,1
973,1,625,387,17427,100.91,1
974,1,625,387,17428,100.92,1
975,1,625,387,17439,100.98,1
976,1,625,387,17461,101.11,1
977,1,625,386,17442,101.0,1
978,1,625,386,17416,100.85,1
979,1,625,387,17437,100.97,1
980,1,625,386,17464,101.13,1
981,1,625,386,17448,101.03,1
982,1,625,387,17407,100.8,1
983,1,625,387,17475,101.19,1
984,1,625,387,17472,101.17,1
985,1,625,387,17467,101.14,1
986,1,625,387,17435,100.96,1
987,1,625,387,17443,101.0,1
988,1,625,386,17435,100.96,1
989,1,625,386,17394,100.72,1
990,1,625,387,17459,101.1,1
991,1,626,386,17450,101.05,1
992,1,625,386,17415,100.84,1
993,1,626,387,17472,101.17,1
994,1,625,386,17398,100.74,1
995,1,626,387,17428,100.92,1
996,1,626,386,17402,100.77,1
997,1,626,386,17429,100.92,1
998,1,626,387,17414,100.84,1
999,1,626,386,17415,100.84,1
1000,1,626,387,17401,100.76,1
1001,1,626,386,17424,100.89,1
1002,1,626,386,17435,100.96,1
1003,1,626,386,17366,100.56,1
1004,1,626,386,17396,100.73,1
1005,1,626,386,17420,100.87,1
1006,1,626,386,17421,100.88,1
1007,1,626,386,17357,100.51,1
1008,1,626,386,17400,100.76,1
1009,1,626,387,17513,101.41,1
1010,1,626,387,17435,100.96,1
1011,1,626,387,17451,101.05,1
1012,1,626,387,17406,100.79,1
1013,1,626,387,17425,100.9,1
1014,1,626,387,17394,100.72,1
1015,1,626,387,17373,100.6,1
1016,1,626,387,17382,100.65,1
1017,1,626,387,17388,100.69,1
1018,1,626,387,17367,100.56,1
1019,1,626,387,17394,100.72,1
1020,1,626,387,17347,100.45,1
1021,1,626,387,17374,100.61,1
1022,1,626,387,17337,100.39,1
1023,1,626,387,17334,100.37,1
1024,1,626,387,17322,100.3,1
1025,1,626,387,17385,100.67,1
1026,1,626,387,17337,100.39,1
1027,1,626,387,17340,100.41,1
1028,1,626,387,17347,100.45,1
1029,1,626,387,17364,100.55,1
1030,1,626,387,17337,100.39,1
1031,1,626,387,17363,100.54,1
1032,1,626,387,17376,100.62,1
1033,1,626,386,17352,100.48,1
1034,1,626,387,17330,100.35,1
1035,1,626,387,17321,100.3,1
1036,1,626,386,17332,100.36,1
1037,1,626,387,17345,100.44,1
1038,1,626,387,17361,100.53,1
1039,1,626,387,17343,100.43,1
1040,1,626,387,17402,100.77,1
1041,1,625,387,17395,100.73,1
1042,1,626,387,17331,100.36,1
1043,1,626,387,17292,100.13,1
1044,1,625,387,17267,99.99,1
1045,1,625,387,17315,100.26,1
1046,1,625,387,17296,100.15,1
1047,1,625,387,17295,100.15,1
1048,1,625,387,17332,100.36,1
1049,1,625,387,17323,100.31,1
1050,1,625,387,17300,100.18,1
1051,1,625,387,17294,100.14,1
1052,1,625,387,17293,100.14,1
1053,1,625,387,17240,99.83,1
1054,1,625,387,17240,99.83,1
1055,1,625,387,17268,99.99,1
1056,1,625,387,17249,99.88,1
1057,1,625,387,17276,100.04,1
1058,1,625,387,17197,99.58,1
1059,1,625,387,17237,99.81,1
1060,1,625,387,17243,99.85,1
1061,1,625,387,17225,99.74,1
1062,1,625,387,17220,99.71,1
1063,1,625,387,17247,99.87,1
1064,1,625,387,17261,99.95,1
1065,1,625,387,17260,99.94,1
1066,1,625,387,17224,99.74,1
1067,1,625,387,17272,100.01,1
1068,1,625,387,17262,99.96,1
1069,1,625,387,17247,99.87,1
1070,1,625,387,17222,99.72,1
1071,1,625,387,17260,99.94,1
1072,1,625,387,17306,100.21,1
1073,1,625,387,17268,99.99,1
1074,1,625,387,17179,99.48,1
1075,1,625,387,17234,99.79,1
1076,1,625,387,17202,99.61,1
1077,1,625,387,17169,99.42,1
1078,1,625,387,17176,99.46,1
1079,1,625,387,17196,99.57,1
1080,1,625,387,17186,99.52,1
1081,1,625,387,17234,99.79,1
1082,1,625,387,17179,99.48,1
1083,1,625,387,17199,99.59,1
1084,1,625,387,17200,99.6,1
1085,1,625,387,17175,99.45,1
1086,1,625,387,17170,99.42,1
1087,1,625,387,17213,99.67,1
1088,1,625,387,17222,99.72,1
1089,1,625,387,17247,99.87,1
1090,1,626,387,17224,99.74,1
1091,1,626,387,17236,99.81,1
1092,1,626,387,17173,99.44,1
1093,1,626,387,17161,99.37,1
1094,1,626,387,17153,99.33,1
1095,1,626,387,17119,99.13,1
1096,1,626,387,17094,98.98,1
1097,1,626,387,17179,99.48,1
1098,1,626,387,17178,99.47,1
1099,1,626,387,17089,98.95,1
1100,1,626,387,17157,99.35,1
1101,1,626,387,17122,99.15,1
1102,1,626,387,17142,99.26,1
1103,1,626,387,17122,99.15,1
1104,1,626,387,17178,99.47,1
1105,1,626,387,17231,99.78,1
1106,1,626,387,17141,99.26,1
1107,1,626,387,17143,99.27,1
1108,1,626,387,17115,99.11,1
1109,1,626,387,17125,99.16,1
1110,1,626,387,17135,99.22,1
1111,1,626,387,17141,99.26,1
1112,1,626,387,17128,99.18,1
1113,1,626,387,17148,99.3,1
1114,1,626,387,17143,99.27,1
1115,1,626,387,17111,99.08,1
1116,1,626,387,17067,98.83,1
1117,1,626,387,17078,98.89,1
1118,1,626,387,17140,99.25,1
1119,1,626,387,17099,99.01,1
1120,1,626,387,17107,99.06,1
1121,1,626,387,17137,99.23,1
1122,1,626,387,17104,99.04,1
1123,1,626,387,17118,99.12,1
1124,1,626,387,17109,99.07,1
1125,1,626,387,17113,99.09,1
1126,1,626,387,17129,99.19,1
1127,1,626,387,17105,99.05,1
1128,1,626,387,17136,99.23,1
1129,1,626,387,17101,99.02,1
1130,1,626,387,17085,98.93,1
1131,1,626,387,17059,98.78,1
1132,1,626,387,17102,99.03,1
1133,1,626,387,17094,98.98,1
1134,1,626,387,17080,98.9,1
1135,1,626,387,17077,98.89,1
1136,1,626,387,17124,99.16,1
1137,1,625,387,17116,99.11,1
1138,1,626,387,17087,98.94,1
1139,1,626,387,17081,98.91,1
1140,1,625,387,17112,99.09,1
1141,1,625,387,17070,98.84,1
1142,1,625,387,17071,98.85,1
1143,1,625,387,17079,98.9,1
1144,1,625,387,17057,98.77,1
1145,1,625,387,17052,98.74,1
1146,1,625,387,17122,99.15,1
1147,1,625,387,17090,98.96,1
1148,1,625,387,17090,98.96,1
1149,1,625,387,17066,98.82,1
1150,1,625,387,17031,98.62,1
1151,1,625,387,16992,98.39,1
1152,1,625,387,17058,98.78,1
1153,1,625,387,17050,98.73,1
1154,1,625,387,17034,98.64,1
1155,1,625,387,17067,98.83,1
1156,1,625,387,17042,98.68,1
1157,1,625,387,17027,98.6,1
1158,1,625,387,17046,98.71,1
1159,1,625,387,17060,98.79,1
1160,1,625,387,17063,98.8,1
1161,1,625,387,17067,98.83,1
1162,1,625,387,17053,98.75,1
1163,1,625,387,17060,98.79,1
1164,1,625,387,17094,98.98,1
1165,1,625,387,17042,98.68,1
1166,1,625,387,17054,98.75,1
1167,1,625,387,17024,98.58,1
1168,1,625,387,17045,98.7,1
1169,1,625,387,17049,98.72,1
1170,1,625,387,17020,98.56,1
1171,1,625,387,16998,98.43,1
1172,1,625,387,17022,98.57,1
1173,1,625,387,17031,98.62,1
1174,1,625,387,17012,98.51,1
1175,1,625,387,17059,98.78,1
1176,1,625,387,17064,98.81,1
1177,1,625,387,17034,98.64,1
1178,1,625,387,17053,98.75,1
1179,1,625,387,17015,98.53,1
1180,1,625,387,17025,98.58,1
1181,1,625,387,17021,98.56,1
1182,1,625,387,17115,99.11,1
1183,1,625,387,17069,98.84,1
1184,1,626,387,17046,98.71,1
1185,1,625,387,17045,98.7,1
1186,1,626,387,16991,98.39,1
1187,1,626,387,17008,98.49,1
1188,1,625,387,17017,98.54,1
1189,1,626,387,16947,98.13,1
1190,1,626,387,16953,98.17,1
1191,1,626,387,16975,98.29,1
1192,1,626,387,16976,98.3,1
1193,1,626,387,17004,98.46,1
1194,1,626,387,17022,98.57,1
1195,1,626,387,16979,98.32,1
1196,1,626,387,16992,98.39,1
1197,1,626,387,16961,98.21,1
1198,1,626,387,17000,98.44,1
1199,1,626,387,16993,98.4,1
1200,1,626,387,16969,98.26,1
1201,1,626,387,17002,98.45,1
1202,1,626,387,16990,98.38,1
1203,1,626,387,17022,98.57,1
1204,1,626,387,17037,98.65,1
1205,1,626,387,17018,98.54,1
1206,1,626,387,17016,98.53,1
1207,1,626,387,17036,98.65,1
1208,1,626,387,17003,98.46,1
1209,1,626,387,16971,98.27,1
1210,1,626,387,16988,98.37,1
1211,1,626,387,17039,98.67,1
1212,1,626,387,17017,98.54,1
1213,1,626,387,16997,98.42,1
1214,1,626,387,17020,98.56,1
1215,1,626,387,16972,98.28,1
1216,1,626,387,17013,98.51,1
1217,1,626,387,17047,98.71,1
1218,1,626,387,16992,98.39,1
1219,1,626,387,17058,98.78,1
1220,1,626,387,16985,98.35,1
1221,1,626,387,16996,98.42,1
1222,1,626,387,17045,98.7,1
1223,1,626,387,17054,98.75,1
1224,1,626,387,17022,98.57,1
1225,1,626,387,17017,98.54,1
1226,1,626,387,17004,98.46,1
1227,1,626,387,17004,98.46,1
1228,1,626,387,16998,98.43,1
1229,1,626,387,16993,98.4,1
1230,1,626,387,17040,98.67,1
1231,1,626,387,16987,98.36,1
1232,1,626,387,17039,98.67,1
1233,1,626,387,17032,98.62,1
1234,1,626,387,17025,98.58,1
1235,1,626,387,17038,98.66,1
1236,1,626,387,17030,98.61,1
1237,1,626,387,17001,98.45,1
1238,1,626,387,17019,98.55,1
1239,1,626,387,17023,98.57,1
1240,1,625,387,16981,98.33,1
1241,1,625,387,17012,98.51,1
1242,1,625,387,17024,98.58,1
1243,1,625,387,16985,98.35,1
1244,1,625,387,17025,98.58,1
1245,1,625,387,16957,98.19,1
1246,1,625,387,16974,98.29,1
1247,1,625,387,16993,98.4,1
1248,1,625,387,17003,98.46,1
1249,1,625,387,17044,98.69,1
1250,1,625,387,16975,98.29,1
1251,1,625,387,17025,98.58,1
1252,1,625,387,17021,98.56,1
1253,1,625,387,17024,98.58,1
1254,1,625,387,17003,98.46,1
1255,1,625,387,16985,98.35,1
1256,1,625,387,17017,98.54,1
1257,1,625,387,17050,98.73,1
1258,1,625,387,17009,98.49,1
1259,1,625,387,17021,98.56,1
1260,1,625,387,17008,98.49,1
1261,1,625,387,16995,98.41,1
1262,1,625,387,17048,98.72,1
1263,1,625,387,16988,98.37,1
1264,1,625,387,16984,98.35,1
1265,1,625,387,17005,98.47,1
1266,1,625,387,16972,98.28,1
1267,1,625,387,16997,98.42,1
1268,1,625,387,17028,98.6,1
1269,1,625,387,16983,98.34,1
1270,1,625,387,16968,98.25,1
1271,1,625,387,17047,98.71,1
1272,1,625,387,17009,98.49,1
1273,1,625,387,17032,98.62,1
1274,1,625,387,17009,98.49,1
1275,1,625,387,16957,98.19,1
1276,1,625,387,16957,98.19,1
1277,1,625,387,16972,98.28,1
1278,1,625,387,17025,98.58,1
1279,1,625,387,16990,98.38,1
1280,1,625,387,17024,98.58,1
1281,1,625,387,17046,98.71,1
1282,1,625,387,17031,98.62,1
1283,1,625,387,17048,98.72,1
1284,1,626,387,17057,98.77,1
1285,1,626,387,17041,98.68,1
1286,1,626,387,17030,98.61,1
1287,1,626,387,17005,98.47,1
1288,1,626,387,16999,98.43,1
1289,1,626,387,16980,98.32,1
1290,1,626,387,16986,98.36,1
1291,1,626,387,16956,98.18,1
1292,1,626,387,16994,98.4,1
1293,1,626,387,16966,98.24,1
1294,1,626,387,16991,98.39,1
1295,1,626,387,16974,98.29,1
1296,1,626,387,17022,98.57,1
1297,1,626,387,17044,98.69,1
1298,1,626,387,16980,98.32,1
1299,1,626,387,17005,98.47,1
1300,1,626,387,17002,98.45,1
1301,1,626,387,17018,98.54,1
1302,1,626,387,16990,98.38,1
1303,1,626,387,16970,98.27,1
1304,1,626,387,16990,98.38,1
1305,1,626,387,17001,98.45,1
1306,1,626,387,16978,98.31,1
1307,1,626,387,16969,98.26,1
1308,1,626,387,17031,98.62,1
1309,1,626,387,16968,98.25,1
1310,1,626,387,17004,98.46,1
1311,1,626,387,16979,98.32,1
1312,1,626,387,16994,98.4,1
1313,1,626,387,17051,98.73,1
1314,1,626,387,17009,98.49,1
1315,1,626,387,17043,98.69,1
1316,1,626,387,16999,98.43,1
1317,1,626,387,16990,98.38,1
1318,1,626,387,17025,98.58,1
1319,1,626,387,17068,98.83,1
1320,1,626,387,17028,98.6,1
1321,1,626,387,17048,98.72,1
1322,1,626,387,17087,98.94,1
1323,1,626,387,17037,98.65,1
1324,1,626,387,17002,98.45,1
1325,1,626,387,16972,98.28,1
1326,1,626,387,16940,98.09,1
1327,1,626,387,16970,98.27,1
1328,1,626,387,17013,98.51,1
1329,1,626,387,17037,98.65,1
1330,1,625,387,17013,98.51,1
1331,1,626,387,16984,98.35,1
1332,1,626,387,17049,98.72,1
1333,1,626,387,17037,98.65,1
1334,1,625,387,17017,98.54,1
1335,1,625,387,16995,98.41,1
1336,1,625,387,16999,98.43,1
1337,1,625,387,17052,98.74,1
1338,1,625,387,17046,98.71,1
1339,1,625,387,17019,98.55,1
1340,1,626,387,17058,98.78,1
1341,1,625,387,17035,98.64,1
1342,1,625,387,17044,98.69,1
1343,1,625,387,17032,98.62,1
1344,1,625,387,17042,98.68,1
1345,1,625,387,17061,98.79,1
1346,1,625,387,17022,98.57,1
1347,1,625,387,17066,98.82,1
1348,1,625,387,16993,98.4,1
1349,1,625,387,17051,98.73,1
1350,1,625,387,16988,98.37,1
1351,1,625,387,17018,98.54,1
1352,1,625,387,17036,98.65,1
1353,1,625,387,17015,98.53,1
1354,1,625,387,17036,98.65,1
1355,1,625,387,17042,98.68,1
1356,1,625,387,17018,98.54,1
1357,1,625,387,17015,98.53,1
1358,1,625,387,17009,98.49,1
1359,1,625,387,17100,99.02,1
1360,1,625,387,17117,99.12,1
1361,1,625,387,17091,98.97,1
1362,1,625,387,17022,98.57,1
1363,1,625,387,17023,98.57,1
1364,1,625,387,17081,98.91,1
1365,1,625,387,17105,99.05,1
1366,1,625,387,17023,98.57,1
1367,1,625,387,17055,98.76,1
1368,1,625,387,17071,98.85,1
1369,1,625,387,17077,98.89,1
1370,1,625,387,17065,98.82,1
1371,1,625,387,17092,98.97,1
1372,1,625,387,17102,99.03,1
1373,1,625,387,17064,98.81,1
1374,1,625,387,17066,98.82,1
1375,1,625,387,17117,99.12,1
1376,1,625,387,17088,98.95,1
1377,1,625,387,17091,98.97,1
1378,1,625,387,17088,98.95,1
1379,1,625,387,17082,98.91,1
1380,1,625,387,17110,99.08,1
1381,1,625,387,17091,98.97,1
1382,1,625,387,17092,98.97,1
1383,1,625,387,17066,98.82,1
1384,1,625,387,17020,98.56,1
1385,1,626,387,17045,98.7,1
1386,1,626,387,17057,98.77,1
1387,1,625,387,17072,98.86,1
1388,1,626,387,17068,98.83,1
1389,1,626,387,17106,99.05,1
1390,1,625,387,17093,98.98,1
1391,1,625,387,17105,99.05,1
1392,1,625,387,17151,99.31,1
1393,1,625,387,17130,99.19,1
1394,1,625,387,17071,98.85,1
1395,1,626,387,17083,98.92,1
1396,1,626,387,17082,98.91,1
1397,1,626,387,17159,99.36,1
1398,1,626,387,17130,99.19,1
1399,1,626,387,17137,99.23,1
1400,1,626,387,17115,99.11,1
1401,1,626,387,17126,99.17,1
1402,1,625,387,17095,98.99,1
1403,1,626,387,17075,98.87,1
1404,1,626,387,17091,98.97,1
1405,1,626,387,17077,98.89,1
1406,1,626,387,17159,99.36,1
1407,1,626,387,17126,99.17,1
1408,1,626,387,17093,98.98,1
1409,1,626,387,17147,99.29,1
1410,1,626,387,17094,98.98,1
1411,1,625,387,17087,98.94,1
1412,1,625,387,17121,99.14,1
1413,1,626,387,17136,99.23,1
1414,1,626,387,17071,98.85,1
1415,1,626,387,17140,99.25,1
1416,1,625,387,17143,99.27,1
1417,1,626,387,17126,99.17,1
1418,1,625,387,17148,99.3,1
1419,1,626,387,17187,99.52,1
1420,1,625,387,17135,99.22,1
1421,1,625,387,17140,99.25,1
1422,1,625,387,17096,99.0,1
1423,1,625,387,17112,99.09,1
1424,1,625,387,17070,98.84,1
1425,1,626,387,17116,99.11,1
1426,1,625,387,17099,99.01,1
1427,1,625,387,17144,99.27,1
1428,1,625,387,17157,99.35,1
1429,1,625,387,17173,99.44,1
1430,1,626,387,17132,99.2,1
1431,1,626,387,17143,99.27,1
1432,1,626,387,17152,99.32,1
1433,1,625,387,17165,99.39,1
1434,1,625,387,17184,99.5,1
1435,1,625,387,17156,99.34,1
1436,1,625,387,17153,99.33,1
1437,1,625,387,17156,99.34,1
1438,1,625,387,17157,99.35,1
1439,1,625,387,17192,99.55,1
1440,1,625,387,17136,99.23,1
1441,1,625,387,17184,99.5,1
1442,1,625,387,17139,99.24,1
1443,1,625,387,17162,99.38,1
1444,1,625,387,17161,99.37,1
1445,1,625,387,17146,99.28,1
1446,1,625,387,17162,99.38,1
1447,1,625,387,17202,99.61,1
1448,1,625,387,17180,99.48,1
1449,1,625,387,17160,99.37,1
1450,1,625,387,17150,99.31,1
1451,1,625,387,17153,99.33,1
1452,1,625,387,17210,99.66,1
1453,1,625,387,17171,99.43,1
1454,1,625,387,17167,99.41,1
1455,1,625,387,17195,99.57,1
1456,1,625,387,17196,99.57,1
1457,1,625,387,17207,99.64,1
1458,1,625,387,17149,99.3,1
1459,1,625,387,17192,99.55,1
1460,1,625,387,17192,99.55,1
1461,1,625,387,17191,99.55,1
1462,1,625,387,17205,99.63,1
1463,1,625,387,17250,99.89,1
1464,1,625,387,17233,99.79,1
1465,1,625,387,17253,99.9,1
1466,1,625,387,17231,99.78,1
1467,1,625,387,17244,99.85,1
1468,1,625,387,17225,99.74,1
1469,1,625,387,17251,99.89,1
1470,1,625,387,17268,99.99,1
1471,1,625,387,17248,99.88,1
1472,1,625,387,17276,100.04,1
1473,1,625,387,17289,100.11,1
1474,1,625,387,17251,99.89,1
1475,1,625,387,17250,99.89,1
1476,1,625,387,17261,99.95,1
1477,1,625,387,17258,99.93,1
1478,1,625,387,17211,99.66,1
1479,1,625,387,17255,99.92,1
1480,1,625,387,17236,99.81,1
1481,1,625,387,17272,100.01,1
1482,1,625,387,17260,99.94,1
1483,1,625,387,17259,99.94,1
1484,1,625,387,17315,100.26,1
1485,1,625,387,17289,100.11,1
1486,1,625,387,17264,99.97,1
1487,1,625,387,17263,99.96,1
1488,1,625,387,17291,100.12,1
1489,1,625,387,17326,100.33,1
1490,1,625,387,17297,100.16,1
1491,1,625,387,17310,100.23,1
1492,1,625,387,17285,100.09,1
1493,1,625,387,17371,100.59,1
1494,1,625,387,17323,100.31,1
1495,1,625,387,17320,100.29,1
1496,1,625,387,17326,100.33,1
1497,1,625,387,17346,100.44,1
1498,1,625,387,17315,100.26,1
1499,1,625,387,17315,100.26,1
1500,1,625,387,17332,100.36,1
1501,1,625,387,17284,100.08,1
1502,1,625,387,17306,100.21,1
1503,1,625,387,17314,100.26,1
1504,1,626,387,17344,100.43,1
1505,1,625,387,17323,100.31,1
1506,1,625,387,17236,99.81,1
1507,1,625,387,17277,100.04,1
1508,1,625,387,17289,100.11,1
1509,1,625,387,17263,99.96,1
1510,1,625,386,17271,100.01,1
1511,1,625,387,17324,100.32,1
1512,1,625,387,17348,100.45,1
1513,1,625,387,17371,100.59,1
1514,1,625,387,17372,100.59,1
1515,1,625,387,17331,100.36,1
1516,1,625,387,17351,100.47,1
1517,1,625,387,17314,100.26,1
1518,1,625,387,17384,100.66,1
1519,1,625,387,17399,100.75,1
1520,1,625,387,17367,100.56,1
1521,1,625,387,17382,100.65,1
1522,1,625,387,17377,100.62,1
1523,1,625,387,17328,100.34,1
1524,1,625,387,17309,100.23,1
1525,1,625,387,17319,100.29,1
1526,1,625,387,17352,100.48,1
1527,1,625,387,17383,100.66,1
1528,1,625,387,17382,100.65,1
1529,1,625,387,17403,100.77,1
1530,1,625,387,17368,100.57,1
1531,1,625,387,17339,100.4,1
1532,1,625,387,17361,100.53,1
1533,1,625,387,17351,100.47,1
1534,1,625,386,17394,100.72,1
1535,1,625,387,17387,100.68,1
1536,1,625,387,17368,100.57,1
1537,1,625,387,17428,100.92,1
1538,1,625,387,17300,100.18,1
1539,1,625,387,17342,100.42,1
1540,1,625,387,17335,100.38,1
1541,1,625,387,17345,100.44,1
1542,1,625,387,17319,100.29,1
1543,1,625,387,17353,100.48,1
1544,1,625,386,17377,100.62,1
1545,1,625,387,17417,100.85,1
1546,1,625,387,17381,100.65,1
1547,1,625,387,17401,100.76,1
1548,1,625,387,17448,101.03,1
1549,1,625,387,17366,100.56,1
1550,1,625,387,17417,100.85,1
1551,1,625,387,17388,100.69,1
1552,1,625,387,17396,100.73,1
1553,1,625,387,17429,100.92,1
1554,1,625,387,17399,100.75,1
1555,1,625,387,17403,100.77,1
1556,1,625,387,17380,100.64,1
1557,1,625,387,17392,100.71,1
1558,1,625,387,17354,100.49,1
1559,1,625,387,17372,100.59,1
1560,1,625,387,17352,100.48,1
1561,1,625,387,17428,100.92,1
1562,1,625,387,17378,100.63,1
1563,1,625,387,17424,100.89,1
1564,1,625,386,17446,101.02,1
1565,1,625,387,17390,100.7,1
1566,1,625,387,17375,100.61,1
1567,1,625,387,17406,100.79,1
1568,1,625,387,17374,100.61,1
1569,1,625,387,17376,100.62,1
1570,1,625,387,17393,100.72,1
1571,1,625,387,17397,100.74,1
1572,1,625,387,17367,100.56,1
1573,1,625,387,17344,100.43,1
1574,1,625,387,17385,100.67,1
1575,1,625,387,17418,100.86,1
1576,1,625,387,17416,100.85,1
1577,1,625,387,17405,100.78,1
1578,1,625,387,17392,100.71,1
1579,1,625,387,17355,100.5,1
1580,1,625,387,17369,100.58,1
1581,1,625,387,17400,100.76,1
1582,1,625,387,17405,100.78,1
1583,1,625,387,17426,100.91,1
1584,1,626,387,17379,100.63,1
1585,1,625,387,17434,100.95,1
1586,1,625,387,17383,100.66,1
1587,1,625,387,17389,100.69,1
1588,1,625,387,17373,100.6,1
1589,1,625,387,17375,100.61,1
1590,1,625,387,17394,100.72,1
1591,1,625,386,17371,100.59,1
1592,1,625,386,17396,100.73,1
1593,1,625,387,17416,100.85,1
1594,1,625,387,17400,100.76,1
1595,1,626,387,17388,100.69,1
1596,1,626,387,17393,100.72,1
1597,1,626,386,17358,100.51,1
1598,1,626,386,17323,100.31,1
1599,1,626,386,17365,100.55,1
1600,1,626,387,17356,100.5,1
1601,1,626,387,17423,100.89,1
1602,1,626,387,17438,100.98,1
1603,1,626,387,17439,100.98,1
1604,1,626,387,17391,100.7,1
1605,1,626,387,17421,100.88,1
1606,1,626,386,17449,101.04,1
1607,1,625,387,17447,101.03,1
1608,1,625,387,17415,100.84,1
1609,1,625,387,17433,100.95,1
1610,1,626,387,17427,100.91,1
1611,1,625,387,17414,100.84,1
1612,1,625,387,17434,100.95,1
1613,1,626,387,17415,100.84,1
1614,1,626,386,17399,100.75,1
1615,1,626,387,17450,101.05,1
1616,1,625,386,17424,100.89,1
1617,1,626,387,17486,101.25,1
1618,1,626,387,17401,100.76,1
1619,1,626,387,17414,100.84,1
1620,1,626,387,17360,100.52,1
1621,1,626,387,17432,100.94,1
1622,1,625,387,17351,100.47,1
1623,1,625,387,17377,100.62,1
1624,1,625,387,17385,100.67,1
1625,1,625,387,17373,100.6,1
1626,1,626,387,17371,100.59,1
1627,1,625,387,17355,100.5,1
1628,1,625,387,17430,100.93,1
1629,1,625,387,17412,100.83,1
1630,1,625,387,17408,100.8,1
1631,1,625,387,17389,100.69,1
1632,1,625,387,17405,100.78,1
1633,1,625,387,17387,100.68,1
1634,1,625,387,17371,100.59,1
1635,1,625,387,17398,100.74,1
1636,1,625,387,17364,100.55,1
1637,1,625,387,17346,100.44,1
1638,1,625,387,17364,100.55,1
1639,1,626,387,17354,100.49,1
1640,1,626,387,17395,100.73,1
1641,1,625,387,17411,100.82,1
1642,1,625,387,17386,100.67,1
1643,1,625,387,17362,100.54,1
1644,1,625,387,17370,100.58,1
1645,1,625,387,17354,100.49,1
1646,1,625,387,17351,100.47,1
1647,1,625,387,17383,100.66,1
1648,1,625,387,17357,100.51,1
1649,1,625,387,17385,100.67,1
1650,1,625,387,17349,100.46,1
1651,1,625,387,17353,100.48,1
1652,1,625,387,17372,100.59,1
1653,1,625,387,17397,100.74,1
1654,1,625,387,17384,100.66,1
1655,1,625,387,17373,100.6,1
1656,1,625,387,17355,100.5,1
1657,1,625,387,17376,100.62,1
1658,1,625,387,17343,100.43,1
1659,1,625,387,17357,100.51,1
1660,1,625,387,17358,100.51,1
1661,1,625,387,17294,100.14,1
1662,1,626,387,17328,100.34,1
1663,1,626,387,17343,100.43,1
1664,1,625,387,17348,100.45,1
1665,1,625,387,17378,100.63,1
1666,1,625,387,17344,100.43,1
1667,1,625,387,17346,100.44,1
1668,1,625,387,17342,100.42,1
1669,1,625,387,17319,100.29,1
1670,1,625,387,17365,100.55,1
1671,1,625,387,17346,100.44,1
1672,1,625,387,17316,100.27,1
1673,1,626,387,17321,100.3,1
1674,1,625,387,17288,100.11,1
1675,1,625,387,17267,99.99,1
1676,1,626,387,17315,100.26,1
1677,1,626,387,17311,100.24,1
1678,1,626,387,17294,100.14,1
1679,1,625,387,17270,100.0,1
1680,1,625,387,17291,100.12,1
1681,1,625,387,17300,100.18,1
1682,1,625,387,17224,99.74,1
1683,1,626,387,17305,100.21,1
1684,1,625,387,17307,100.22,1
1685,1,626,387,17330,100.35,1
1686,1,626,387,17230,99.77,1
1687,1,626,387,17220,99.71,1
1688,1,625,387,17277,100.04,1
1689,1,626,387,17256,99.92,1
1690,1,626,387,17216,99.69,1
1691,1,626,387,17285,100.09,1
1692,1,626,387,17248,99.88,1
1693,1,626,387,17216,99.69,1
1694,1,626,387,17235,99.8,1
1695,1,626,387,17211,99.66,1
1696,1,626,387,17197,99.58,1
1697,1,625,387,17223,99.73,1
1698,1,626,387,17252,99.9,1
1699,1,626,387,17231,99.78,1
1700,1,626,387,17233,99.79,1
1701,1,626,387,17235,99.8,1
1702,1,626,387,17251,99.89,1
1703,1,625,387,17227,99.75,1
1704,1,626,387,17259,99.94,1
1705,1,625,387,17235,99.8,1
1706,1,625,387,17220,99.71,1
1707,1,625,387,17211,99.66,1
1708,1,625,387,17254,99.91,1
1709,1,626,387,17217,99.7,1
1710,1,626,387,17236,99.81,1
1711,1,626,387,17248,99.88,1
1712,1,626,387,17177,99.46,1
1713,1,626,387,17212,99.67,1
1714,1,626,387,17191,99.55,1
1715,1,626,387,17234,99.79,1
1716,1,625,387,17227,99.75,1
1717,1,625,387,17153,99.33,1
1718,1,626,387,17199,99.59,1
1719,1,625,387,17199,99.59,1
1720,1,625,387,17191,99.55,1
1721,1,625,387,17205,99.63,1
1722,1,625,387,17160,99.37,1
1723,1,625,387,17198,99.59,1
1724,1,625,387,17194,99.56,1
1725,1,625,387,17181,99.49,1
1726,1,626,387,17216,99.69,1
1727,1,625,387,17244,99.85,1
1728,1,625,387,17252,99.9,1
1729,1,625,387,17257,99.93,1
1730,1,626,387,17196,99.57,1
1731,1,625,387,17197,99.58,1
1732,1,625,387,17194,99.56,1
1733,1,625,387,17210,99.66,1
1734,1,625,387,17197,99.58,1
1735,1,625,387,17197,99.58,1
1736,1,625,387,17189,99.53,1
1737,1,625,387,17197,99.58,1
1738,1,625,387,17143,99.27,1
1739,1,625,387,17157,99.35,1
1740,1,625,387,17190,99.54,1
1741,1,625,387,17150,99.31,1
1742,1,625,387,17149,99.3,1
1743,1,625,387,17171,99.43,1
1744,1,625,387,17144,99.27,1
1745,1,625,387,17196,99.57,1
1746,1,626,387,17199,99.59,1
1747,1,625,387,17180,99.48,1
1748,1,625,387,17151,99.31,1
1749,1,625,387,17163,99.38,1
1750,1,625,387,17147,99.29,1
1751,1,625,387,17119,99.13,1
1752,1,625,387,17121,99.14,1
1753,1,625,387,17151,99.31,1
1754,1,625,387,17152,99.32,1
1755,1,625,387,17167,99.41,1
1756,1,625,387,17193,99.56,1
1757,1,625,387,17162,99.38,1
1758,1,626,387,17159,99.36,1
1759,1,626,387,17130,99.19,1
1760,1,626,387,17193,99.56,1
1761,1,626,387,17179,99.48,1
1762,1,625,387,17120,99.13,1
1763,1,625,387,17125,99.16,1
1764,1,625,387,17126,99.17,1
1765,1,625,387,17123,99.15,1
1766,1,626,387,17109,99.07,1
1767,1,625,387,17137,99.23,1
1768,1,625,387,17149,99.3,1
1769,1,625,387,17175,99.45,1
1770,1,625,387,17088,98.95,1
1771,1,625,387,17068,98.83,1
1772,1,625,387,17076,98.88,1
1773,1,625,387,17052,98.74,1
1774,1,625,387,17100,99.02,1
1775,1,625,387,17098,99.01,1
1776,1,625,387,17057,98.77,1
1777,1,625,387,17087,98.94,1
1778,1,625,387,17106,99.05,1
1779,1,625,387,17121,99.14,1
1780,1,626,387,17053,98.75,1
1781,1,625,387,17114,99.1,1
1782,1,625,387,17096,99.0,1
1783,1,625,387,17113,99.09,1
1784,1,625,387,17075,98.87,1
1785,1,625,387,17116,99.11,1
1786,1,625,387,17085,98.93,1
1787,1,625,387,17057,98.77,1
1788,1,625,387,17061,98.79,1
1789,1,625,387,17068,98.83,1
1790,1,626,387,17105,99.05,1
1791,1,625,387,17132,99.2,1
1792,1,626,387,17124,99.16,1
1793,1,625,387,17140,99.25,1
1794,1,625,387,17088,98.95,1
1795,1,625,387,17147,99.29,1
1796,1,625,387,17084,98.93,1
1797,1,626,387,17127,99.17,1
1798,1,626,387,17065,98.82,1
1799,1,625,387,17090,98.96,1
1800,1,625,387,17067,98.83,1
1801,1,625,387,17124,99.16,1
1802,1,625,387,17072,98.86,1
1803,1,625,387,17100,99.02,1
1804,1,625,387,17070,98.84,1
1805,1,625,387,17089,98.95,1
1806,1,625,387,17143,99.27,1
1807,1,625,387,17113,99.09,1
1808,1,625,387,17104,99.04,1
1809,1,625,387,17111,99.08,1
1810,1,625,387,17062,98.8,1
1811,1,625,387,17048,98.72,1
1812,1,625,387,17067,98.83,1
1813,1,625,387,17040,98.67,1
1814,1,626,387,17041,98.68,1
1815,1,626,387,17021,98.56,1
1816,1,625,387,17101,99.02,1
1817,1,625,387,17052,98.74,1
1818,1,626,387,17064,98.81,1
1819,1,625,387,17073,98.86,1
1820,1,625,387,17089,98.95,1
1821,1,625,387,17038,98.66,1
1822,1,625,387,17037,98.65,1
1823,1,625,387,17041,98.68,1
1824,1,625,387,17069,98.84,1
1825,1,625,387,17061,98.79,1
1826,1,625,387,17061,98.79,1
1827,1,625,387,17038,98.66,1
1828,1,625,387,16998,98.43,1
1829,1,625,387,17074,98.87,1
1830,1,625,387,17003,98.46,1
1831,1,625,387,17017,98.54,1
1832,1,625,387,17048,98.72,1
1833,1,625,387,17035,98.64,1
1834,1,625,387,17022,98.57,1
1835,1,625,387,17017,98.54,1
1836,1,625,387,17058,98.78,1
1837,1,625,387,17053,98.75,1
1838,1,625,387,17082,98.91,1
1839,1,625,387,17092,98.97,1
1840,1,625,387,17111,99.08,1
1841,1,625,387,17092,98.97,1
1842,1,625,387,17029,98.61,1
1843,1,625,387,17070,98.84,1
1844,1,625,387,17005,98.47,1
1845,1,625,387,17009,98.49,1
1846,1,625,387,17025,98.58,1
1847,1,625,387,17038,98.66,1
1848,1,625,387,17047,98.71,1
1849,1,625,387,17084,98.93,1
1850,1,625,387,17039,98.67,1
1851,1,625,387,17027,98.6,1
1852,1,625,387,17006,98.47,1
1853,1,625,387,17016,98.53,1
1854,1,625,387,17020,98.56,1
1855,1,625,387,17005,98.47,1
1856,1,625,387,17038,98.66,1
1857,1,625,387,17098,99.01,1
1858,1,625,387,16993,98.4,1
1859,1,625,387,17018,98.54,1
1860,1,625,387,17017,98.54,1
1861,1,625,387,17000,98.44,1
1862,1,625,387,16994,98.4,1
1863,1,625,387,17005,98.47,1
1864,1,625,387,17044,98.69,1
1865,1,625,387,17055,98.76,1
1866,1,625,387,17000,98.44,1
1867,1,625,387,16999,98.43,1
1868,1,625,387,17016,98.53,1
1869,1,625,387,16994,98.4,1
1870,1,625,387,17036,98.65,1
1871,1,625,387,17024,98.58,1
1872,1,625,387,17037,98.65,1
1873,1,625,387,17033,98.63,1
1874,1,625,387,17061,98.79,1
1875,1,625,387,17047,98.71,1
1876,1,626,387,17006,98.47,1
1877,1,625,387,17026,98.59,1
1878,1,625,387,17000,98.44,1
1879,1,625,387,17006,98.47,1
1880,1,625,387,17064,98.81,1
1881,1,625,387,17032,98.62,1
1882,1,625,387,17044,98.69,1
1883,1,625,387,17023,98.57,1
1884,1,625,387,17019,98.55,1
1885,1,625,387,17012,98.51,1
1886,1,625,387,17019,98.55,1
1887,1,625,387,16984,98.35,1
1888,1,626,387,17052,98.74,1
1889,1,625,387,17052,98.74,1
1890,1,625,387,17010,98.5,1
1891,1,626,387,16990,98.38,1
1892,1,625,387,16942,98.1,1
1893,1,625,387,16991,98.39,1
1894,1,625,387,16975,98.29,1
1895,1,625,387,16997,98.42,1
1896,1,625,387,16976,98.3,1
1897,1,625,387,17024,98.58,1
1898,1,625,387,16992,98.39,1
1899,1,625,387,16991,98.39,1
1900,1,625,387,17010,98.5,1
1901,1,625,387,16968,98.25,1
1902,1,625,387,16994,98.4,1
1903,1,626,387,16977,98.31,1
1904,1,625,387,17023,98.57,1
1905,1,625,387,17022,98.57,1
1906,1,625,387,16969,98.26,1
1907,1,625,387,16964,98.23,1
1908,1,625,387,16977,98.31,1
1909,1,625,387,16951,98.16,1
1910,1,626,387,17020,98.56,1
1911,1,626,387,17047,98.71,1
1912,1,625,387,16974,98.29,1
1913,1,625,387,17017,98.54,1
1914,1,625,387,16969,98.26,1
1915,1,625,387,16989,98.38,1
1916,1,625,387,16976,98.3,1
1917,1,625,387,16953,98.17,1
1918,1,625,387,17019,98.55,1
1919,1,625,387,16956,98.18,1
1920,1,625,387,16983,98.34,1
1921,1,625,387,17041,98.68,1
1922,1,625,387,17014,98.52,1
1923,1,625,387,16989,98.38,1
1924,1,625,387,16935,98.06,1
1925,1,625,387,16923,97.99,1
1926,1,625,387,16962,98.22,1
1927,1,625,387,16962,98.22,1
1928,1,625,387,16918,97.96,1
1929,1,625,387,16950,98.15,1
1930,1,625,387,16967,98.25,1
1931,1,625,387,16980,98.32,1
1932,1,625,387,16979,98.32,1
1933,1,625,387,16961,98.21,1
1934,1,625,387,16999,98.43,1
1935,1,625,387,17008,98.49,1
1936,1,625,387,17006,98.47,1
1937,1,625,387,17020,98.56,1
1938,1,625,387,16981,98.33,1
1939,1,625,387,16996,98.42,1
1940,1,625,387,16986,98.36,1
1941,1,625,387,16987,98.36,1
1942,1,625,387,16960,98.21,1
1943,1,625,387,16975,98.29,1
1944,1,625,387,16954,98.17,1
1945,1,625,387,16990,98.38,1
1946,1,625,387,16985,98.35,1
1947,1,625,387,16946,98.13,1
1948,1,625,387,16999,98.43,1
1949,1,625,387,16960,98.21,1
1950,1,625,387,17043,98.69,1
1951,1,625,387,17004,98.46,1
1952,1,625,387,16965,98.24,1
1953,1,625,387,17007,98.48,1
1954,1,625,387,16970,98.27,1
1955,1,625,387,16992,98.39,1
1956,1,625,387,16987,98.36,1
1957,1,625,387,16992,98.39,1
1958,1,625,387,17013,98.51,1
1959,1,625,387,16986,98.36,1
1960,1,625,387,16996,98.42,1
1961,1,625,387,17038,98.66,1
1962,1,625,387,16959,98.2,1
1963,1,625,387,16982,98.34,1
1964,1,625,387,16997,98.42,1
1965,1,625,387,16925,98.01,1
1966,1,625,387,16961,98.21,1
1967,1,625,387,17019,98.55,1
1968,1,625,387,16974,98.29,1
1969,1,625,387,16983,98.34,1
1970,1,626,387,16957,98.19,1
1971,1,626,387,16997,98.42,1
1972,1,625,387,17010,98.5,1
1973,1,626,387,16998,98.43,1
1974,1,625,387,16966,98.24,1
1975,1,625,387,17005,98.47,1
1976,1,625,387,17025,98.58,1
1977,1,625,387,17019,98.55,1
1978,1,625,387,16952,98.16,1
1979,1,625,387,16948,98.14,1
1980,1,625,387,16954,98.17,1
1981,1,625,387,16982,98.34,1
1982,1,625,387,16999,98.43,1
1983,1,625,387,17000,98.44,1
1984,1,625,387,16980,98.32,1
1985,1,625,387,16974,98.29,1
1986,1,625,387,16957,98.19,1
1987,1,626,387,16966,98.24,1
1988,1,626,387,16971,98.27,1
1989,1,626,387,16946,98.13,1
1990,1,626,387,16929,98.03,1
1991,1,626,387,16954,98.17,1
1992,1,625,387,16994,98.4,1
1993,1,625,387,17024,98.58,1
1994,1,625,387,16990,98.38,1
1995,1,625,387,16975,98.29,1
1996,1,625,387,16977,98.31,1
1997,1,625,387,16990,98.38,1
1998,1,626,387,17002,98.45,1
1999,1,625,387,17005,98.47,1
2000,1,625,387,17009,98.49,1
2001,1,625,387,17065,98.82,1
2002,1,625,387,17016,98.53,1
2003,1,625,387,16965,98.24,1
2004,1,625,387,16977,98.31,1
2005,1,625,387,16956,98.18,1
2006,1,625,387,16965,98.24,1
2007,1,625,387,16984,98.35,1
2008,1,625,387,16996,98.42,1
2009,1,625,387,16987,98.36,1
2010,1,625,387,16960,98.21,1
2011,1,625,387,16991,98.39,1
2012,1,625,387,16989,98.38,1
2013,1,625,387,16934,98.06,1
2014,1,625,387,16998,98.43,1
2015,1,625,387,16989,98.38,1
2016,1,625,387,17026,98.59,1
2017,1,625,387,16997,98.42,1
2018,1,625,387,16951,98.16,1
2019,1,625,387,16964,98.23,1
2020,1,625,387,16951,98.16,1
2021,1,625,387,16979,98.32,1
2022,1,625,387,16984,98.35,1
2023,1,625,387,16937,98.07,1
2024,1,625,387,16930,98.03,1
2025,1,625,387,16961,98.21,1
2026,1,625,387,16961,98.21,1
2027,1,625,387,16980,98.32,1
2028,1,625,387,16961,98.21,1
2029,1,625,387,16960,98.21,1
2030,1,625,387,17000,98.44,1
2031,1,625,387,17009,98.49,1
2032,1,625,387,16976,98.3,1
2033,1,625,387,16991,98.39,1
2034,1,625,387,17003,98.46,1
2035,1,625,387,17013,98.51,1
2036,1,625,387,16953,98.17,1
2037,1,625,387,16987,98.36,1
2038,1,625,387,16982,98.34,1
2039,1,625,387,16997,98.42,1
2040,1,625,387,16977,98.31,1
2041,1,625,387,17021,98.56,1
2042,1,625,387,16970,98.27,1
2043,1,625,387,16947,98.13,1
2044,1,625,387,16957,98.19,1
2045,1,625,387,16891,97.81,1
2046,1,625,387,16984,98.35,1
2047,1,625,387,16952,98.16,1
2048,1,625,387,16907,97.9,1
2049,1,625,387,16953,98.17,1
2050,1,625,387,16955,98.18,1
2051,1,625,387,16947,98.13,1
2052,1,625,387,16939,98.09,1
2053,1,625,387,16962,98.22,1
2054,1,625,387,16997,98.42,1
2055,1,625,387,16969,98.26,1
2056,1,625,387,16966,98.24,1
2057,1,625,387,17009,98.49,1
2058,1,625,387,16989,98.38,1
2059,1,625,387,16954,98.17,1
2060,1,625,387,16981,98.33,1
2061,1,625,387,16978,98.31,1
2062,1,625,387,16971,98.27,1
2063,1,625,387,16971,98.27,1
2064,1,625,387,16935,98.06,1
2065,1,625,387,16983,98.34,1
2066,1,625,387,16946,98.13,1
2067,1,625,387,16977,98.31,1
2068,1,625,387,16987,98.36,1
2069,1,625,387,16926,98.01,1
2070,1,625,387,16969,98.26,1
2071,1,625,387,16953,98.17,1
2072,1,625,387,16919,97.97,1
2073,1,625,387,16974,98.29,1
2074,1,625,387,16958,98.2,1
2075,1,625,387,16961,98.21,1
2076,1,625,387,17014,98.52,1
2077,1,625,387,16948,98.14,1
2078,1,625,387,16996,98.42,1
2079,1,625,387,16991,98.39,1
2080,1,626,387,16994,98.4,1
2081,1,625,387,16943,98.11,1
2082,1,625,387,16940,98.09,1
2083,1,625,387,16952,98.16,1
2084,1,625,387,16936,98.07,1
2085,1,625,387,16967,98.25,1
2086,1,625,387,16971,98.27,1
2087,1,625,387,16957,98.19,1
2088,1,625,387,16955,98.18,1
2089,1,625,387,16967,98.25,1
2090,1,625,387,16987,98.36,1
2091,1,625,387,16992,98.39,1
2092,1,625,387,17046,98.71,1
2093,1,625,387,16976,98.3,1
2094,1,625,387,17044,98.69,1
2095,1,625,387,17001,98.45,1
2096,1,625,387,16996,98.42,1
2097,1,625,387,17017,98.54,1
2098,1,625,387,16993,98.4,1
2099,1,625,387,17004,98.46,1
2100,1,625,387,16977,98.31,1
2101,1,625,387,16968,98.25,1
2102,1,625,387,16956,98.18,1
2103,1,626,387,17028,98.6,1
2104,1,625,387,16942,98.1,1
2105,1,625,387,16962,98.22,1
2106,1,625,387,16953,98.17,1
2107,1,626,387,16938,98.08,1
2108,1,625,387,16976,98.3,1
2109,1,625,387,16942,98.1,1
2110,1,625,387,16987,98.36,1
2111,1,625,387,16979,98.32,1
2112,1,625,387,17001,98.45,1
2113,1,625,387,17021,98.56,1
2114,1,625,387,17003,98.46,1
2115,1,625,387,16990,98.38,1
2116,1,625,387,17012,98.51,1
2117,1,626,387,16988,98.37,1
2118,1,625,387,17005,98.47,1
2119,1,625,387,17040,98.67,1
2120,1,625,387,17000,98.44,1
2121,1,625,387,16974,98.29,1
2122,1,625,387,16958,98.2,1
2123,1,625,387,16987,98.36,1
2124,1,625,387,17040,98.67,1
2125,1,625,387,17008,98.49,1
2126,1,625,387,17027,98.6,1
2127,1,625,387,16986,98.36,1
2128,1,625,387,16995,98.41,1
2129,1,625,387,17027,98.6,1
2130,1,626,387,16977,98.31,1
2131,1,625,387,17020,98.56,1
2132,1,626,387,17012,98.51,1
2133,1,625,387,16995,98.41,1
2134,1,625,387,16961,98.21,1
2135,1,625,387,16985,98.35,1
2136,1,625,387,16979,98.32,1
2137,1,625,387,17001,98.45,1
2138,1,625,387,17002,98.45,1
2139,1,626,387,16987,98.36,1
2140,1,625,387,16997,98.42,1
2141,1,625,387,16975,98.29,1
2142,1,625,387,17007,98.48,1
2143,1,626,387,16992,98.39,1
2144,1,625,387,16988,98.37,1
2145,1,625,387,17007,98.48,1
2146,1,625,387,16991,98.39,1
2147,1,625,387,17026,98.59,1
2148,1,626,387,16962,98.22,1
2149,1,625,387,17010,98.5,1
2150,1,625,387,17001,98.45,1
2151,1,625,387,16974,98.29,1
2152,1,625,387,16970,98.27,1
2153,1,625,387,17049,98.72,1
2154,1,626,387,17060,98.79,1
2155,1,626,387,17031,98.62,1
2156,1,626,387,17047,98.71,1
2157,1,626,387,17033,98.63,1
2158,1,626,387,17005,98.47,1
2159,1,626,387,16965,98.24,1
2160,1,626,387,17000,98.44,1
2161,1,626,387,17025,98.58,1
2162,1,625,387,16993,98.4,1
2163,1,625,387,17048,98.72,1
2164,1,625,387,17022,98.57,1
2165,1,625,387,17018,98.54,1
2166,1,625,387,17005,98.47,1
2167,1,625,387,16977,98.31,1
2168,1,626,387,16990,98.38,1
2169,1,625,387,17005,98.47,1
2170,1,626,387,17010,98.5,1
2171,1,625,387,17029,98.61,1
2172,1,626,387,17016,98.53,1
2173,1,625,387,16994,98.4,1
2174,1,626,387,17020,98.56,1
2175,1,626,387,17072,98.86,1
2176,1,625,387,17047,98.71,1
2177,1,626,387,17015,98.53,1
2178,1,626,387,16990,98.38,1
2179,1,625,387,17000,98.44,1
2180,1,626,387,17030,98.61,1
2181,1,625,387,17019,98.55,1
2182,1,625,387,17041,98.68,1
2183,1,625,387,17047,98.71,1
2184,1,625,387,17033,98.63,1
2185,1,625,387,17110,99.08,1
2186,1,625,387,17041,98.68,1
2187,1,626,387,17016,98.53,1
2188,1,625,387,17041,98.68,1
2189,1,625,387,17010,98.5,1
2190,1,626,387,17067,98.83,1
2191,1,626,387,17034,98.64,1
2192,1,625,387,17066,98.82,1
2193,1,625,387,17079,98.9,1
2194,1,625,387,17056,98.76,1
2195,1,625,387,17027,98.6,1
2196,1,625,387,16989,98.38,1
2197,1,625,387,17057,98.77,1
2198,1,625,387,16984,98.35,1
2199,1,626,387,17022,98.57,1
2200,1,625,387,17019,98.55,1
2201,1,626,387,17045,98.7,1
2202,1,626,387,17047,98.71,1
2203,1,625,387,16982,98.34,1
2204,1,625,387,17060,98.79,1
2205,1,625,387,17013,98.51,1
2206,1,626,387,17003,98.46,1
2207,1,625,387,17022,98.57,1
2208,1,625,387,17036,98.65,1
2209,1,625,387,17046,98.71,1
2210,1,625,387,16986,98.36,1
2211,1,625,387,17045,98.7,1
2212,1,626,387,17073,98.86,1
2213,1,625,387,17077,98.89,1
2214,1,625,387,17089,98.95,1
2215,1,626,387,17070,98.84,1
2216,1,625,387,17049,98.72,1
2217,1,626,387,17072,98.86,1
2218,1,625,387,17032,98.62,1
2219,1,626,387,17071,98.85,1
2220,1,626,387,17067,98.83,1
2221,1,625,387,17018,98.54,1
2222,1,625,387,17063,98.8,1
2223,1,625,387,17050,98.73,1
2224,1,625,387,17074,98.87,1
2225,1,625,387,17069,98.84,1
2226,1,626,387,17071,98.85,1
2227,1,626,387,17081,98.91,1
2228,1,626,387,17082,98.91,1
2229,1,626,387,17085,98.93,1
2230,1,625,387,17046,98.71,1
2231,1,625,387,17045,98.7,1
2232,1,626,387,17068,98.83,1
2233,1,626,387,17111,99.08,1
2234,1,626,387,17068,98.83,1
2235,1,626,387,17112,99.09,1
2236,1,625,387,17103,99.04,1
2237,1,626,387,17072,98.86,1
2238,1,626,387,17129,99.19,1
2239,1,626,387,17084,98.93,1
2240,1,626,387,17089,98.95,1
2241,1,626,387,17121,99.14,1
2242,1,626,387,17086,98.94,1
2243,1,626,387,17048,98.72,1
2244,1,625,387,17037,98.65,1
2245,1,626,387,17080,98.9,1
2246,1,626,387,17115,99.11,1
2247,1,625,387,17068,98.83,1
2248,1,625,387,17096,99.0,1
2249,1,625,387,17153,99.33,1
2250,1,625,387,17080,98.9,1
2251,1,625,387,17110,99.08,1
2252,1,625,387,17094,98.98,1
2253,1,626,387,17081,98.91,1
2254,1,626,387,17082,98.91,1
2255,1,625,387,17106,99.05,1
2256,1,626,387,17084,98.93,1
2257,1,626,387,17096,99.0,1
2258,1,625,387,17078,98.89,1
2259,1,626,387,17082,98.91,1
2260,1,626,387,17082,98.91,1
2261,1,626,387,17088,98.95,1
2262,1,626,387,17127,99.17,1
2263,1,626,387,17118,99.12,1
2264,1,626,387,17073,98.86,1
2265,1,626,387,17099,99.01,1
2266,1,625,387,17097,99.0,1
2267,1,625,387,17108,99.06,1
2268,1,625,387,17104,99.04,1
2269,1,625,387,17084,98.93,1
2270,1,626,387,17131,99.2,1
2271,1,625,387,17127,99.17,1
2272,1,626,387,17116,99.11,1
2273,1,626,387,17175,99.45,1
2274,1,626,387,17126,99.17,1
2275,1,626,387,17154,99.33,1
2276,1,626,387,17133,99.21,1
2277,1,626,387,17130,99.19,1
2278,1,626,387,17147,99.29,1
2279,1,626,387,17145,99.28,1
2280,1,626,387,17176,99.46,1
2281,1,626,387,17190,99.54,1
2282,1,626,387,17150,99.31,1
2283,1,626,387,17154,99.33,1
2284,1,625,387,17148,99.3,1
2285,1,625,387,17149,99.3,1
2286,1,626,387,17170,99.42,1
2287,1,626,387,17149,99.3,1
2288,1,626,387,17144,99.27,1
2289,1,626,387,17152,99.32,1
2290,1,626,387,17156,99.34,1
2291,1,626,387,17149,99.3,1
2292,1,626,387,17161,99.37,1
2293,1,626,387,17187,99.52,1
2294,1,626,387,17147,99.29,1
2295,1,626,387,17182,99.49,1
2296,1,626,387,17175,99.45,1
2297,1,626,387,17164,99.39,1
2298,1,626,387,17132,99.2,1
2299,1,626,387,17129,99.19,1
2300,1,626,387,17175,99.45,1
2301,1,626,387,17147,99.29,1
2302,1,626,387,17145,99.28,1
2303,1,626,387,17142,99.26,1
2304,1,626,387,17157,99.35,1
2305,1,626,387,17203,99.61,1
2306,1,626,387,17165,99.39,1
2307,1,626,387,17226,99.75,1
2308,1,625,387,17176,99.46,1
2309,1,626,387,17181,99.49,1
2310,1,625,387,17198,99.59,1
2311,1,625,387,17193,99.56,1
2312,1,626,387,17190,99.54,1
2313,1,626,387,17182,99.49,1
2314,1,626,387,17170,99.42,1
2315,1,626,387,17187,99.52,1
2316,1,626,387,17155,99.34,1
2317,1,626,387,17200,99.6,1
2318,1,626,387,17195,99.57,1
2319,1,626,387,17181,99.49,1
2320,1,626,387,17205,99.63,1
2321,1,626,387,17227,99.75,1
2322,1,626,387,17176,99.46,1
2323,1,626,387,17203,99.61,1
2324,1,626,387,17211,99.66,1
2325,1,626,387,17197,99.58,1
2326,1,626,387,17190,99.54,1
2327,1,626,387,17200,99.6,1
2328,1,626,387,17236,99.81,1
2329,1,626,387,17245,99.86,1
2330,1,626,387,17237,99.81,1
2331,1,626,387,17223,99.73,1
2332,1,626,387,17215,99.68,1
2333,1,626,387,17202,99.61,1
2334,1,626,387,17212,99.67,1
2335,1,626,387,17206,99.63,1
2336,1,626,387,17211,99.66,1
2337,1,626,387,17208,99.64,1
2338,1,626,387,17221,99.72,1
2339,1,626,387,17205,99.63,1
2340,1,626,387,17243,99.85,1
2341,1,626,387,17238,99.82,1
2342,1,626,387,17202,99.61,1
2343,1,626,387,17253,99.9,1
2344,1,626,387,17227,99.75,1
2345,1,626,387,17249,99.88,1
2346,1,626,387,17222,99.72,1
2347,1,626,387,17257,99.93,1
2348,1,626,387,17302,100.19,1
2349,1,626,387,17246,99.86,1
2350,1,626,387,17263,99.96,1
2351,1,626,387,17279,100.06,1
2352,1,626,387,17270,100.0,1
2353,1,626,387,17294,100.14,1
2354,1,626,387,17220,99.71,1
2355,1,626,387,17267,99.99,1
2356,1,626,387,17282,100.07,1
2357,1,626,387,17258,99.93,1
2358,1,626,387,17293,100.14,1
2359,1,626,387,17256,99.92,1
2360,1,626,387,17300,100.18,1
2361,1,626,387,17358,100.51,1
2362,1,626,387,17343,100.43,1
2363,1,626,387,17301,100.18,1
2364,1,626,387,17318,100.28,1
2365,1,625,387,17312,100.25,1
2366,1,625,387,17303,100.19,1
2367,1,626,387,17322,100.3,1
2368,1,626,387,17336,100.39,1
2369,1,626,387,17310,100.23,1
2370,1,626,387,17295,100.15,1
2371,1,626,387,17283,100.08,1
2372,1,626,387,17284,100.08,1
2373,1,626,387,17284,100.08,1
2374,1,626,387,17264,99.97,1
2375,1,626,387,17270,100.0,1
2376,1,626,387,17293,100.14,1
2377,1,626,387,17269,100.0,1
2378,1,626,387,17280,100.06,1
2379,1,626,387,17321,100.3,1
2380,1,626,387,17268,99.99,1
2381,1,626,387,17262,99.96,1
2382,1,626,387,17270,100.0,1
2383,1,626,387,17296,100.15,1
2384,1,626,387,17326,100.33,1
2385,1,626,387,17349,100.46,1
2386,1,626,387,17311,100.24,1
2387,1,626,387,17355,100.5,1
2388,1,626,387,17312,100.25,1
2389,1,626,387,17346,100.44,1
2390,1,626,387,17280,100.06,1
2391,1,625,387,17329,100.34,1
2392,1,625,387,17337,100.39,1
2393,1,625,387,17316,100.27,1
2394,1,626,387,17309,100.23,1
2395,1,626,387,17326,100.33,1
2396,1,626,387,17357,100.51,1
2397,1,626,387,17302,100.19,1
2398,1,626,387,17326,100.33,1
2399,1,626,387,17354,100.49,1
2400,1,626,387,17346,100.44,1
2401,1,626,387,17332,100.36,1
2402,1,626,387,17295,100.15,1
2403,1,626,387,17302,100.19,1
2404,1,625,387,17315,100.26,1
2405,1,626,387,17336,100.39,1
2406,1,626,387,17331,100.36,1
2407,1,626,387,17349,100.46,1
2408,1,625,387,17414,100.84,1
2409,1,625,387,17412,100.83,1
2410,1,626,387,17402,100.77,1
2411,1,626,387,17345,100.44,1
2412,1,625,387,17367,100.56,1
2413,1,625,387,17364,100.55,1
2414,1,626,387,17389,100.69,1
2415,1,626,387,17363,100.54,1
2416,1,626,387,17372,100.59,1
2417,1,626,387,17357,100.51,1
2418,1,626,387,17352,100.48,1
2419,1,626,387,17411,100.82,1
2420,1,626,387,17357,100.51,1
2421,1,626,387,17398,100.74,1
2422,1,625,387,17377,100.62,1
2423,1,626,387,17404,100.78,1
2424,1,626,387,17367,100.56,1
2425,1,625,387,17391,100.7,1
2426,1,626,387,17444,101.01,1
2427,1,626,387,17347,100.45,1
2428,1,626,387,17395,100.73,1
2429,1,625,387,17410,100.81,1
2430,1,625,387,17359,100.52,1
2431,1,626,387,17286,100.1,1
2432,1,626,387,17341,100.41,1
2433,1,626,387,17330,100.35,1
2434,1,626,387,17354,100.49,1
2435,1,625,387,17379,100.63,1
2436,1,626,387,17341,100.41,1
2437,1,625,387,17374,100.61,1
2438,1,626,387,17337,100.39,1
2439,1,626,387,17407,100.8,1
2440,1,626,387,17379,100.63,1
2441,1,626,387,17363,100.54,1
2442,1,626,387,17341,100.41,1
2443,1,626,387,17337,100.39,1
2444,1,626,387,17376,100.62,1
2445,1,626,387,17399,100.75,1
2446,1,626,387,17365,100.55,1
2447,1,625,387,17425,100.9,1
2448,1,626,387,17399,100.75,1
2449,1,625,387,17430,100.93,1
2450,1,626,387,17370,100.58,1
2451,1,626,387,17368,100.57,1
2452,1,626,387,17368,100.57,1
2453,1,626,387,17343,100.43,1
2454,1,626,387,17351,100.47,1
2455,1,626,387,17365,100.55,1
2456,1,625,387,17351,100.47,1
2457,1,626,387,17439,100.98,1
2458,1,626,387,17362,100.54,1
2459,1,626,387,17324,100.32,1
2460,1,626,387,17359,100.52,1
2461,1,626,387,17360,100.52,1
2462,1,626,387,17378,100.63,1
2463,1,626,387,17362,100.54,1
2464,1,626,387,17364,100.55,1
2465,1,626,387,17419,100.87,1
2466,1,626,387,17370,100.58,1
2467,1,626,387,17318,100.28,1
2468,1,625,387,17343,100.43,1
2469,1,625,387,17364,100.55,1
2470,1,625,387,17388,100.69,1
2471,1,625,387,17377,100.62,1
2472,1,625,387,17362,100.54,1
2473,1,625,387,17371,100.59,1
2474,1,625,387,17398,100.74,1
2475,1,625,387,17339,100.4,1
2476,1,626,387,17401,100.76,1
2477,1,626,387,17355,100.5,1
2478,1,626,387,17411,100.82,1
2479,1,625,387,17363,100.54,1
2480,1,626,387,17423,100.89,1
2481,1,626,387,17445,101.02,1
2482,1,626,387,17365,100.55,1
2483,1,625,387,17337,100.39,1
2484,1,626,387,17371,100.59,1
2485,1,625,387,17387,100.68,1
2486,1,626,387,17346,100.44,1
2487,1,626,387,17388,100.69,1
2488,1,625,387,17365,100.55,1
2489,1,625,387,17361,100.53,1
2490,1,625,387,17340,100.41,1
2491,1,625,387,17308,100.22,1
2492,1,625,387,17330,100.35,1
2493,1,625,387,17273,100.02,1
2494,1,625,387,17355,100.5,1
2495,1,626,387,17335,100.38,1
2496,1,626,387,17325,100.32,1
2497,1,625,387,17354,100.49,1
2498,1,625,387,17326,100.33,1
2499,1,625,387,17353,100.48,1
2500,1,625,387,17349,100.46,1
2501,1,625,387,17366,100.56,1
2502,1,625,387,17342,100.42,1
2503,1,625,387,17378,100.63,1
2504,1,625,387,17366,100.56,1
2505,1,626,387,17434,100.95,1
2506,1,625,387,17379,100.63,1
2507,1,625,387,17371,100.59,1
2508,1,626,387,17364,100.55,1
2509,1,625,387,17320,100.29,1
2510,1,625,387,17323,100.31,1
2511,1,625,387,17333,100.37,1
2512,1,625,387,17340,100.41,1
2513,1,626,387,17358,100.51,1
2514,1,625,387,17335,100.38,1
2515,1,625,387,17389,100.69,1
2516,1,625,387,17347,100.45,1
2517,1,625,387,17360,100.52,1
2518,1,625,387,17381,100.65,1
2519,1,625,387,17390,100.7,1
2520,1,625,387,17388,100.69,1
2521,1,625,387,17399,100.75,1
2522,1,625,387,17395,100.73,1
2523,1,625,387,17360,100.52,1
2524,1,625,387,17378,100.63,1
2525,1,626,387,17334,100.37,1
2526,1,625,387,17352,100.48,1
2527,1,626,387,17377,100.62,1
2528,1,625,387,17382,100.65,1
2529,1,625,387,17380,100.64,1
2530,1,625,387,17360,100.52,1
2531,1,625,387,17357,100.51,1
2532,1,625,387,17362,100.54,1
2533,1,625,387,17309,100.23,1
2534,1,625,387,17296,100.15,1
2535,1,626,387,17327,100.33,1
2536,1,626,387,17302,100.19,1
2537,1,625,387,17387,100.68,1
2538,1,626,387,17371,100.59,1
2539,1,625,387,17357,100.51,1
2540,1,625,387,17364,100.55,1
2541,1,625,387,17299,100.17,1
2542,1,625,387,17348,100.45,1
2543,1,625,387,17334,100.37,1
2544,1,625,387,17372,100.59,1
2545,1,625,387,17416,100.85,1
2546,1,625,387,17335,100.38,1
2547,1,625,387,17399,100.75,1
2548,1,625,387,17378,100.63,1
2549,1,625,387,17341,100.41,1
2550,1,625,387,17363,100.54,1
2551,1,625,387,17372,100.59,1
2552,1,625,387,17333,100.37,1
2553,1,625,387,17387,100.68,1
2554,1,625,387,17329,100.34,1
2555,1,625,387,17340,100.41,1
2556,1,625,387,17331,100.36,1
2557,1,626,387,17325,100.32,1
2558,1,626,387,17337,100.39,1
2559,1,625,387,17320,100.29,1
2560,1,626,387,17383,100.66,1
2561,1,626,387,17386,100.67,1
2562,1,626,387,17349,100.46,1
2563,1,625,387,17377,100.62,1
2564,1,625,387,17396,100.73,1
2565,1,625,387,17351,100.47,1
2566,1,625,387,17343,100.43,1
2567,1,626,386,17319,100.29,1
2568,1,625,387,17333,100.37,1
2569,1,625,387,17346,100.44,1
2570,1,625,386,17359,100.52,1
2571,1,626,387,17366,100.56,1
2572,1,626,387,17371,100.59,1
2573,1,626,387,17374,100.61,1
2574,1,625,387,17400,100.76,1
2575,1,625,387,17375,100.61,1
2576,1,625,387,17331,100.36,1
2577,1,625,387,17399,100.75,1
2578,1,625,387,17371,100.59,1
2579,1,626,387,17375,100.61,1
2580,1,625,387,17376,100.62,1
2581,1,626,386,17356,100.5,1
2582,1,626,387,17354,100.49,1
2583,1,626,387,17342,100.42,1
2584,1,625,387,17385,100.67,1
2585,1,625,387,17393,100.72,1
2586,1,625,387,17350,100.47,1
2587,1,626,387,17307,100.22,1
2588,1,626,387,17358,100.51,1
2589,1,625,387,17312,100.25,1
2590,1,625,387,17335,100.38,1
2591,1,625,387,17363,100.54,1
2592,1,625,387,17408,100.8,1
2593,1,625,387,17369,100.58,1
2594,1,625,387,17366,100.56,1
2595,1,626,387,17376,100.62,1
2596,1,626,387,17410,100.81,1
2597,1,626,387,17313,100.25,1
2598,1,626,387,17365,100.55,1
2599,1,626,387,17377,100.62,1
2600,1,626,387,17355,100.5,1
2601,1,625,387,17405,100.78,1
2602,1,625,387,17352,100.48,1
2603,1,625,386,17335,100.38,1
2604,1,626,387,17369,100.58,1
2605,1,625,387,17347,100.45,1
2606,1,625,387,17354,100.49,1
2607,1,625,387,17351,100.47,1
2608,1,625,387,17346,100.44,1
2609,1,625,387,17354,100.49,1
2610,1,625,387,17327,100.33,1
2611,1,625,387,17318,100.28,1
2612,1,625,387,17304,100.2,1
2613,1,625,387,17346,100.44,1
2614,1,625,387,17344,100.43,1
2615,1,625,387,17345,100.44,1
2616,1,625,387,17334,100.37,1
2617,1,625,387,17354,100.49,1
2618,1,625,387,17346,100.44,1
2619,1,625,387,17319,100.29,1
2620,1,626,387,17293,100.14,1
2621,1,625,387,17317,100.28,1
2622,1,625,387,17342,100.42,1
2623,1,626,387,17333,100.37,1
2624,1,625,387,17355,100.5,1
2625,1,625,387,17360,100.52,1
2626,1,625,387,17302,100.19,1
2627,1,626,387,17298,100.17,1
2628,1,625,387,17321,100.3,1
2629,1,625,387,17351,100.47,1
2630,1,626,387,17323,100.31,1
2631,1,625,387,17377,100.62,1
2632,1,625,387,17379,100.63,1
2633,1,625,387,17398,100.74,1
2634,1,625,387,17368,100.57,1
2635,1,625,387,17393,100.72,1
2636,1,626,387,17353,100.48,1
2637,1,625,387,17365,100.55,1
2638,1,626,387,17394,100.72,1
2639,1,625,387,17336,100.39,1
2640,1,625,387,17337,100.39,1
2641,1,625,387,17353,100.48,1
2642,1,626,387,17337,100.39,1
2643,1,626,387,17362,100.54,1
2644,1,625,387,17346,100.44,1
2645,1,625,387,17341,100.41,1
2646,1,625,387,17285,100.09,1
2647,1,625,387,17308,100.22,1
2648,1,625,387,17296,100.15,1
2649,1,625,387,17337,100.39,1
2650,1,625,387,17309,100.23,1
2651,1,625,387,17329,100.34,1
2652,1,625,387,17315,100.26,1
2653,1,625,387,17302,100.19,1
2654,1,625,387,17309,100.23,1
2655,1,625,387,17358,100.51,1
2656,1,625,387,17338,100.4,1
2657,1,625,387,17342,100.42,1
2658,1,625,387,17364,100.55,1
2659,1,625,387,17322,100.3,1
2660,1,625,387,17304,100.2,1
2661,1,625,387,17344,100.43,1
2662,1,625,387,17366,100.56,1
2663,1,625,387,17379,100.63,1
2664,1,625,387,17300,100.18,1
2665,1,625,387,17359,100.52,1
2666,1,626,387,17307,100.22,1
2667,1,626,387,17309,100.23,1
2668,1,626,387,17322,100.3,1
2669,1,625,387,17308,100.22,1
2670,1,626,387,17308,100.22,1
2671,1,625,387,17294,100.14,1
2672,1,625,387,17294,100.14,1
2673,1,625,387,17345,100.44,1
2674,1,625,387,17359,100.52,1
2675,1,626,387,17321,100.3,1
2676,1,625,387,17311,100.24,1
2677,1,626,387,17340,100.41,1
2678,1,625,387,17323,100.31,1
2679,1,626,387,17304,100.2,1
2680,1,625,387,17336,100.39,1
2681,1,625,387,17353,100.48,1
2682,1,626,387,17339,100.4,1
2683,1,625,387,17312,100.25,1
2684,1,625,387,17298,100.17,1
2685,1,625,387,17260,99.94,1
2686,1,625,387,17277,100.04,1
2687,1,625,387,17274,100.03,1
2688,1,625,387,17298,100.17,1
2689,1,625,387,17353,100.48,1
2690,1,625,387,17299,100.17,1
2691,1,625,387,17329,100.34,1
2692,1,625,387,17298,100.17,1
2693,1,625,387,17312,100.25,1
2694,1,625,387,17288,100.11,1
2695,1,625,387,17306,100.21,1
2696,1,625,387,17301,100.18,1
2697,1,625,387,17329,100.34,1
2698,1,625,387,17319,100.29,1
2699,1,625,387,17320,100.29,1
2700,1,625,387,17299,100.17,1
2701,1,626,387,17302,100.19,1
2702,1,625,387,17334,100.37,1
2703,1,625,387,17275,100.03,1
2704,1,625,387,17270,100.0,1
2705,1,626,387,17259,99.94,1
2706,1,625,387,17267,99.99,1
2707,1,626,387,17300,100.18,1
2708,1,626,387,17268,99.99,1
2709,1,625,387,17281,100.07,1
2710,1,625,387,17336,100.39,1
2711,1,626,387,17283,100.08,1
2712,1,625,387,17324,100.32,1
2713,1,626,387,17344,100.43,1
2714,1,626,387,17333,100.37,1
2715,1,626,387,17351,100.47,1
2716,1,626,387,17313,100.25,1
2717,1,626,387,17267,99.99,1
2718,1,626,387,17312,100.25,1
2719,1,626,387,17369,100.58,1
2720,1,626,387,17358,100.51,1
2721,1,626,387,17336,100.39,1
2722,1,625,387,17307,100.22,1
2723,1,625,387,17292,100.13,1
2724,1,626,387,17312,100.25,1
2725,1,626,387,17322,100.3,1
2726,1,626,387,17338,100.4,1
2727,1,625,387,17304,100.2,1
2728,1,625,387,17286,100.1,1
2729,1,625,387,17350,100.47,1
2730,1,625,387,17305,100.21,1
2731,1,625,387,17291,100.12,1
2732,1,625,387,17290,100.12,1
2733,1,625,387,17292,100.13,1
2734,1,625,387,17261,99.95,1
2735,1,625,387,17274,100.03,1
2736,1,626,387,17248,99.88,1
2737,1,625,387,17265,99.97,1
2738,1,626,387,17247,99.87,1
2739,1,625,387,17306,100.21,1
2740,1,625,387,17249,99.88,1
2741,1,625,387,17270,100.0,1
2742,1,625,387,17222,99.72,1
2743,1,625,387,17259,99.94,1
2744,1,625,387,17254,99.91,1
2745,1,626,387,17327,100.33,1
2746,1,626,387,17257,99.93,1
2747,1,625,387,17272,100.01,1
2748,1,625,387,17317,100.28,1
2749,1,626,387,17261,99.95,1
2750,1,626,387,17308,100.22,1
2751,1,626,387,17267,99.99,1
2752,1,626,387,17274,100.03,1
2753,1,625,387,17308,100.22,1
2754,1,625,387,17248,99.88,1
2755,1,625,387,17271,100.01,1
2756,1,625,387,17307,100.22,1
2757,1,625,387,17314,100.26,1
2758,1,625,387,17296,100.15,1
2759,1,625,387,17301,100.18,1
2760,1,626,387,17287,100.1,1
2761,1,625,387,17275,100.03,1
2762,1,626,387,17248,99.88,1
2763,1,625,387,17241,99.83,1
2764,1,625,387,17304,100.2,1
2765,1,625,387,17219,99.71,1
2766,1,625,387,17233,99.79,1
2767,1,626,387,17245,99.86,1
2768,1,626,387,17267,99.99,1
2769,1,626,387,17284,100.08,1
2770,1,626,387,17244,99.85,1
2771,1,626,387,17296,100.15,1
2772,1,625,387,17275,100.03,1
2773,1,626,387,17321,100.3,1
2774,1,625,387,17326,100.33,1
2775,1,625,387,17284,100.08,1
2776,1,625,387,17275,100.03,1
2777,1,626,387,17325,100.32,1
2778,1,625,387,17320,100.29,1
2779,1,625,387,17273,100.02,1
2780,1,625,387,17274,100.03,1
2781,1,625,387,17258,99.93,1
2782,1,625,387,17301,100.18,1
2783,1,626,387,17255,99.92,1
2784,1,625,387,17269,100.0,1
2785,1,626,387,17262,99.96,1
2786,1,626,387,17232,99.78,1
2787,1,625,387,17252,99.9,1
2788,1,625,387,17245,99.86,1
2789,1,626,387,17266,99.98,1
2790,1,625,387,17232,99.78,1
2791,1,625,387,17232,99.78,1
2792,1,626,387,17215,99.68,1
2793,1,625,387,17257,99.93,1
2794,1,626,387,17232,99.78,1
2795,1,626,387,17267,99.99,1
2796,1,625,387,17282,100.07,1
2797,1,626,387,17235,99.8,1
2798,1,626,387,17215,99.68,1
2799,1,626,387,17238,99.82,1
2800,1,626,387,17264,99.97,1
2801,1,625,387,17277,100.04,1
2802,1,625,387,17250,99.89,1
2803,1,625,387,17266,99.98,1
2804,1,626,387,17278,100.05,1
2805,1,626,387,17287,100.1,1
2806,1,626,387,17285,100.09,1
2807,1,625,387,17330,100.35,1
2808,1,625,387,17264,99.97,1
2809,1,625,387,17302,100.19,1
2810,1,626,387,17304,100.2,1
2811,1,626,387,17298,100.17,1
2812,1,625,387,17332,100.36,1
2813,1,626,387,17249,99.88,1
2814,1,626,387,17292,100.13,1
2815,1,626,387,17292,100.13,1
2816,1,625,387,17307,100.22,1
2817,1,625,387,17306,100.21,1
2818,1,626,387,17234,99.79,1
2819,1,625,387,17261,99.95,1
2820,1,625,387,17281,100.07,1
2821,1,626,387,17287,100.1,1
2822,1,625,387,17210,99.66,1
2823,1,625,387,17253,99.9,1
2824,1,626,387,17238,99.82,1
2825,1,625,387,17244,99.85,1
2826,1,625,387,17230,99.77,1
2827,1,625,387,17254,99.91,1
2828,1,625,387,17246,99.86,1
2829,1,625,387,17207,99.64,1
2830,1,625,387,17258,99.93,1
2831,1,626,387,17273,100.02,1
2832,1,625,387,17279,100.06,1
2833,1,626,387,17286,100.1,1
2834,1,626,387,17284,100.08,1
2835,1,625,387,17265,99.97,1
2836,1,625,387,17235,99.8,1
2837,1,625,387,17252,99.9,1
2838,1,625,387,17279,100.06,1
2839,1,625,387,17301,100.18,1
2840,1,625,387,17234,99.79,1
2841,1,625,387,17249,99.88,1
2842,1,626,387,17279,100.06,1
2843,1,625,387,17266,99.98,1
2844,1,626,387,17243,99.85,1
2845,1,625,387,17276,100.04,1
2846,1,625,387,17270,100.0,1
2847,1,625,387,17235,99.8,1
2848,1,626,387,17276,100.04,1
2849,1,625,387,17284,100.08,1
2850,1,626,387,17278,100.05,1
2851,1,625,387,17271,100.01,1
2852,1,626,387,17287,100.1,1
2853,1,626,387,17237,99.81,1
2854,1,625,387,17287,100.1,1
2855,1,626,387,17257,99.93,1
2856,1,626,387,17244,99.85,1
2857,1,625,387,17247,99.87,1
2858,1,626,387,17245,99.86,1
2859,1,626,387,17243,99.85,1
2860,1,626,387,17217,99.7,1
2861,1,625,387,17217,99.7,1
2862,1,626,387,17233,99.79,1
2863,1,626,387,17217,99.7,1
2864,1,625,387,17258,99.93,1
2865,1,626,387,17281,100.07,1
2866,1,626,387,17236,99.81,1
2867,1,626,387,17212,99.67,1
2868,1,626,387,17230,99.77,1
2869,1,626,387,17273,100.02,1
2870,1,626,387,17258,99.93,1
2871,1,626,387,17216,99.69,1
2872,1,625,387,17300,100.18,1
2873,1,625,387,17311,100.24,1
2874,1,625,387,17257,99.93,1
2875,1,625,387,17264,99.97,1
2876,1,625,387,17313,100.25,1
2877,1,625,387,17227,99.75,1
2878,1,625,387,17246,99.86,1
2879,1,626,387,17209,99.65,1
2880,1,626,387,17250,99.89,1
2881,1,626,387,17267,99.99,1
2882,1,625,387,17230,99.77,1
2883,1,626,387,17251,99.89,1
2884,1,625,387,17260,99.94,1
2885,1,625,387,17220,99.71,1
2886,1,626,387,17257,99.93,1
2887,1,626,387,17209,99.65,1
2888,1,625,387,17237,99.81,1
2889,1,625,387,17227,99.75,1
2890,1,625,387,17233,99.79,1
2891,1,625,387,17240,99.83,1
2892,1,626,387,17260,99.94,1
2893,1,625,387,17242,99.84,1
2894,1,625,387,17265,99.97,1
2895,1,625,387,17268,99.99,1
2896,1,625,387,17234,99.79,1
2897,1,625,387,17228,99.76,1
2898,1,625,387,17195,99.57,1
2899,1,626,387,17236,99.81,1
2900,1,625,387,17213,99.67,1
2901,1,626,387,17199,99.59,1
2902,1,626,387,17227,99.75,1
2903,1,626,387,17224,99.74,1
2904,1,626,387,17200,99.6,1
2905,1,626,387,17231,99.78,1
2906,1,626,387,17249,99.88,1
2907,1,626,387,17234,99.79,1
2908,1,626,387,17272,100.01,1
2909,1,626,387,17239,99.82,1
2910,1,625,387,17240,99.83,1
2911,1,626,387,17257,99.93,1
2912,1,625,387,17244,99.85,1
2913,1,626,387,17264,99.97,1
2914,1,625,387,17237,99.81,1
2915,1,625,387,17225,99.74,1
2916,1,625,387,17232,99.78,1
2917,1,625,387,17229,99.77,1
2918,1,626,387,17222,99.72,1
2919,1,626,387,17223,99.73,1
2920,1,626,387,17203,99.61,1
2921,1,625,387,17206,99.63,1
2922,1,626,387,17217,99.7,1
2923,1,626,387,17236,99.81,1
2924,1,625,387,17233,99.79,1
2925,1,626,387,17220,99.71,1
2926,1,626,387,17204,99.62,1
2927,1,625,387,17203,99.61,1
2928,1,625,387,17230,99.77,1
2929,1,625,387,17241,99.83,1
2930,1,626,387,17205,99.63,1
2931,1,625,387,17281,100.07,1
2932,1,626,387,17257,99.93,1
2933,1,626,387,17239,99.82,1
2934,1,626,387,17225,99.74,1
2935,1,626,387,17234,99.79,1
2936,1,625,387,17241,99.83,1
2937,1,626,387,17251,99.89,1
2938,1,625,387,17227,99.75,1
2939,1,625,387,17244,99.85,1
2940,1,625,387,17234,99.79,1
2941,1,625,387,17243,99.85,1
2942,1,626,387,17252,99.9,1
2943,1,625,387,17270,100.0,1
2944,1,626,387,17233,99.79,1
2945,1,625,387,17254,99.91,1
2946,1,625,387,17173,99.44,1
2947,1,625,387,17205,99.63,1
2948,1,625,387,17242,99.84,1
2949,1,626,387,17242,99.84,1
2950,1,625,387,17233,99.79,1
2951,1,625,387,17256,99.92,1
2952,1,625,387,17285,100.09,1
2953,1,625,387,17249,99.88,1
2954,1,626,387,17228,99.76,1
2955,1,626,387,17225,99.74,1
2956,1,626,387,17252,99.9,1
2957,1,626,387,17280,100.06,1
2958,1,626,387,17279,100.06,1
2959,1,625,387,17268,99.99,1
2960,1,625,387,17237,99.81,1
2961,1,626,387,17272,100.01,1
2962,1,626,387,17234,99.79,1
2963,1,625,387,17306,100.21,1
2964,1,626,387,17230,99.77,1
2965,1,626,387,17252,99.9,1
2966,1,626,387,17235,99.8,1
2967,1,626,387,17236,99.81,1
2968,1,625,387,17231,99.78,1
2969,1,625,387,17275,100.03,1
2970,1,626,387,17260,99.94,1
2971,1,626,387,17244,99.85,1
2972,1,626,387,17242,99.84,1
2973,1,626,387,17215,99.68,1
2974,1,626,387,17273,100.02,1
2975,1,625,387,17232,99.78,1
2976,1,625,387,17253,99.9,1
2977,1,625,387,17278,100.05,1
2978,1,626,387,17237,99.81,1
2979,1,626,387,17249,99.88,1
2980,1,626,387,17208,99.64,1
2981,1,626,387,17240,99.83,1
2982,1,626,387,17205,99.63,1
2983,1,626,387,17275,100.03,1
2984,1,626,387,17274,100.03,1
2985,1,626,387,17311,100.24,1
2986,1,625,387,17246,99.86,1
2987,1,625,387,17237,99.81,1
2988,1,625,387,17241,99.83,1
2989,1,625,387,17225,99.74,1
2990,1,626,387,17184,99.5,1
2991,1,625,387,17197,99.58,1
2992,1,626,387,17191,99.55,1
2993,1,625,387,17274,100.03,1
2994,1,626,387,17196,99.57,1
2995,1,625,387,17266,99.98,1
2996,1,626,387,17245,99.86,1
2997,1,626,387,17266,99.98,1
2998,1,626,387,17221,99.72,1
2999,1,625,387,17207,99.64,1
3000,1,625,387,17261,99.95,1
3001,1,625,387,17273,100.02,1
3002,1,626,387,17238,99.82,1
3003,1,625,387,17234,99.79,1
3004,1,625,387,17267,99.99,1
3005,1,625,387,17235,99.8,1
3006,1,625,387,17251,99.89,1
3007,1,625,387,17263,99.96,1
3008,1,626,387,17221,99.72,1
3009,1,625,387,17300,100.18,1
3010,1,625,387,17223,99.73,1
3011,1,625,387,17234,99.79,1
3012,1,625,387,17216,99.69,1
3013,1,625,387,17213,99.67,1
3014,1,625,387,17229,99.77,1
3015,1,625,387,17205,99.63,1
3016,1,626,387,17206,99.63,1
3017,1,626,387,17244,99.85,1
3018,1,626,387,17213,99.67,1
3019,1,625,387,17206,99.63,1
3020,1,626,387,17212,99.67,1
3021,1,626,387,17219,99.71,1
3022,1,626,387,17240,99.83,1
3023,1,625,387,17245,99.86,1
3024,1,626,387,17271,100.01,1
3025,1,625,387,17258,99.93,1
3026,1,626,387,17226,99.75,1
3027,1,625,387,17205,99.63,1
3028,1,625,387,17204,99.62,1
3029,1,625,387,17230,99.77,1
3030,1,625,387,17204,99.62,1
3031,1,625,387,17230,99.77,1
3032,1,625,387,17225,99.74,1
3033,1,626,387,17285,100.09,1
3034,1,625,387,17158,99.35,1
3035,1,625,387,17198,99.59,1
3036,1,626,387,17264,99.97,1
3037,1,625,387,17224,99.74,1
3038,1,626,387,17294,100.14,1
3039,1,626,387,17252,99.9,1
3040,1,626,387,17223,99.73,1
3041,1,626,387,17230,99.77,1
3042,1,625,387,17226,99.75,1
3043,1,625,387,17249,99.88,1
3044,1,626,387,17240,99.83,1
3045,1,625,387,17248,99.88,1
3046,1,626,387,17278,100.05,1
3047,1,626,387,17304,100.2,1
3048,1,625,387,17236,99.81,1
3049,1,625,387,17305,100.21,1
3050,1,625,387,17290,100.12,1
3051,1,625,387,17261,99.95,1
3052,1,625,387,17241,99.83,1
3053,1,626,387,17258,99.93,1
3054,1,625,387,17240,99.83,1
3055,1,626,387,17226,99.75,1
3056,1,626,387,17266,99.98,1
3057,1,625,387,17262,99.96,1
3058,1,626,387,17200,99.6,1
3059,1,626,387,17247,99.87,1
3060,1,625,387,17232,99.78,1
3061,1,625,387,17246,99.86,1
3062,1,626,387,17231,99.78,1
3063,1,626,387,17270,100.0,1
3064,1,626,387,17250,99.89,1
3065,1,626,387,17267,99.99,1
3066,1,625,387,17230,99.77,1
3067,1,626,387,17241,99.83,1
3068,1,626,387,17279,100.06,1
3069,1,625,387,17232,99.78,1
3070,1,625,387,17249,99.88,1
3071,1,626,387,17249,99.88,1
3072,1,625,387,17210,99.66,1
3073,1,626,387,17224,99.74,1
3074,1,626,387,17207,99.64,1
3075,1,625,387,17274,100.03,1
3076,1,626,387,17251,99.89,1
3077,1,626,387,17202,99.61,1
3078,1,626,387,17253,99.9,1
3079,1,625,387,17239,99.82,1
3080,1,625,387,17220,99.71,1
3081,1,625,387,17256,99.92,1
3082,1,625,387,17255,99.92,1
3083,1,626,387,17238,99.82,1
3084,1,626,387,17271,100.01,1
3085,1,625,387,17201,99.6,1
3086,1,626,387,17243,99.85,1
3087,1,625,387,17279,100.06,1
3088,1,626,387,17260,99.94,1
3089,1,626,387,17294,100.14,1
3090,1,626,387,17238,99.82,1
3091,1,625,387,17178,99.47,1
3092,1,626,387,17203,99.61,1
3093,1,625,387,17282,100.07,1
3094,1,626,387,17205,99.63,1
3095,1,626,387,17194,99.56,1
3096,1,625,387,17161,99.37,1
3097,1,626,387,17194,99.56,1
3098,1,626,387,17206,99.63,1
3099,1,625,387,17208,99.64,1
3100,1,626,387,17206,99.63,1
3101,1,626,387,17239,99.82,1
3102,1,626,387,17287,100.1,1
3103,1,626,387,17287,100.1,1
3104,1,626,387,17252,99.9,1
3105,1,626,387,17293,100.14,1
3106,1,626,387,17230,99.77,1
3107,1,626,387,17214,99.68,1
3108,1,626,387,17211,99.66,1
3109,1,626,387,17233,99.79,1
3110,1,626,387,17244,99.85,1
3111,1,625,387,17216,99.69,1
3112,1,625,387,17243,99.85,1
3113,1,625,387,17282,100.07,1
3114,1,625,387,17233,99.79,1
3115,1,625,387,17238,99.82,1
3116,1,625,387,17262,99.96,1
3117,1,626,387,17226,99.75,1
3118,1,625,387,17246,99.86,1
3119,1,625,387,17257,99.93,1
3120,1,626,387,17289,100.11,1
3121,1,625,387,17314,100.26,1
3122,1,625,387,17276,100.04,1
3123,1,625,387,17260,99.94,1
3124,1,625,387,17268,99.99,1
3125,1,626,387,17281,100.07,1
3126,1,625,387,17257,99.93,1
3127,1,625,387,17254,99.91,1
3128,1,625,387,17286,100.1,1
3129,1,626,387,17265,99.97,1
3130,1,626,387,17237,99.81,1
3131,1,626,387,17290,100.12,1
3132,1,626,387,17249,99.88,1
3133,1,626,387,17228,99.76,1
3134,1,625,387,17248,99.88,1
3135,1,625,387,17284,100.08,1
3136,1,626,387,17294,100.14,1
3137,1,626,387,17283,100.08,1
3138,1,626,387,17297,100.16,1
3139,1,626,387,17303,100.19,1
3140,1,626,387,17314,100.26,1
3141,1,626,387,17265,99.97,1
3142,1,625,387,17235,99.8,1
3143,1,625,387,17268,99.99,1
3144,1,626,387,17255,99.92,1
3145,1,626,387,17251,99.89,1
3146,1,625,387,17270,100.0,1
3147,1,626,387,17260,99.94,1
3148,1,626,387,17284,100.08,1
3149,1,625,387,17257,99.93,1
3150,1,625,387,17301,100.18,1
3151,1,626,387,17277,100.04,1
3152,1,625,387,17249,99.88,1
3153,1,625,387,17297,100.16,1
3154,1,626,387,17232,99.78,1
3155,1,626,387,17308,100.22,1
3156,1,625,387,17249,99.88,1
3157,1,625,387,17280,100.06,1
3158,1,626,387,17277,100.04,1
3159,1,625,387,17292,100.13,1
3160,1,625,387,17281,100.07,1
3161,1,626,387,17299,100.17,1
3162,1,626,387,17323,100.31,1
3163,1,625,387,17303,100.19,1
3164,1,625,387,17287,100.1,1
3165,1,626,387,17290,100.12,1
3166,1,626,387,17271,100.01,1
3167,1,625,387,17286,100.1,1
3168,1,626,387,17243,99.85,1
3169,1,626,387,17259,99.94,1
3170,1,626,387,17235,99.8,1
3171,1,625,387,17270,100.0,1
3172,1,625,387,17237,99.81,1
3173,1,625,387,17308,100.22,1
3174,1,626,387,17272,100.01,1
3175,1,626,387,17239,99.82,1
3176,1,626,387,17251,99.89,1
3177,1,625,387,17278,100.05,1
3178,1,626,387,17319,100.29,1
3179,1,626,387,17278,100.05,1
3180,1,625,387,17217,99.7,1
3181,1,626,387,17221,99.72,1
3182,1,626,387,17264,99.97,1
3183,1,626,387,17257,99.93,1
3184,1,626,387,17300,100.18,1
3185,1,626,387,17318,100.28,1
3186,1,626,387,17287,100.1,1
3187,1,626,387,17256,99.92,1
3188,1,626,387,17235,99.8,1
3189,1,626,387,17268,99.99,1
3190,1,626,387,17276,100.04,1
3191,1,626,387,17262,99.96,1
3192,1,626,387,17295,100.15,1
3193,1,626,387,17275,100.03,1
3194,1,626,387,17309,100.23,1
3195,1,626,387,17273,100.02,1
3196,1,626,387,17316,100.27,1
3197,1,625,387,17294,100.14,1
3198,1,625,387,17314,100.26,1
3199,1,626,387,17300,100.18,1
3200,1,626,387,17289,100.11,1
3201,1,625,387,17340,100.41,1
3202,1,625,387,17291,100.12,1
3203,1,625,387,17324,100.32,1
3204,1,625,387,17292,100.13,1
3205,1,625,387,17312,100.25,1
3206,1,625,387,17276,100.04,1
3207,1,626,387,17277,100.04,1
3208,1,626,387,17250,99.89,1
3209,1,625,387,17317,100.28,1
3210,1,626,387,17227,99.75,1
3211,1,626,387,17208,99.64,1
3212,1,626,387,17274,100.03,1
3213,1,626,387,17227,99.75,1
3214,1,626,387,17253,99.9,1
3215,1,626,387,17281,100.07,1
3216,1,626,387,17303,100.19,1
3217,1,626,387,17310,100.23,1
3218,1,626,387,17275,100.03,1
3219,1,626,387,17285,100.09,1
3220,1,626,387,17285,100.09,1
3221,1,625,387,17279,100.06,1
3222,1,626,387,17284,100.08,1
3223,1,626,387,17281,100.07,1
3224,1,626,387,17273,100.02,1
3225,1,626,387,17365,100.55,1
3226,1,626,387,17320,100.29,1
3227,1,626,387,17305,100.21,1
3228,1,625,387,17317,100.28,1
3229,1,625,387,17267,99.99,1
3230,1,626,387,17281,100.07,1
3231,1,625,387,17283,100.08,1
3232,1,626,387,17262,99.96,1
3233,1,625,387,17304,100.2,1
3234,1,626,387,17293,100.14,1
3235,1,626,387,17308,100.22,1
3236,1,625,387,17263,99.96,1
3237,1,626,387,17305,100.21,1
3238,1,626,387,17321,100.3,1
3239,1,626,387,17302,100.19,1
3240,1,626,387,17291,100.12,1
3241,1,626,387,17297,100.16,1
3242,1,626,387,17266,99.98,1
3243,1,626,387,17275,100.03,1
3244,1,626,387,17317,100.28,1
3245,1,625,387,17265,99.97,1
3246,1,625,387,17291,100.12,1
3247,1,625,387,17238,99.82,1
3248,1,625,387,17280,100.06,1
3249,1,625,387,17320,100.29,1
3250,1,625,387,17239,99.82,1
3251,1,625,387,17265,99.97,1
3252,1,625,387,17281,100.07,1
3253,1,626,387,17313,100.25,1
3254,1,626,387,17304,100.2,1
3255,1,625,387,17301,100.18,1
3256,1,626,387,17269,100.0,1
3257,1,626,387,17299,100.17,1
3258,1,625,387,17268,99.99,1
3259,1,625,387,17303,100.19,1
3260,1,625,387,17331,100.36,1
3261,1,625,387,17323,100.31,1
3262,1,625,387,17307,100.22,1
3263,1,625,387,17320,100.29,1
3264,1,625,387,17289,100.11,1
3265,1,625,387,17318,100.28,1
3266,1,626,387,17313,100.25,1
3267,1,626,387,17356,100.5,1
3268,1,626,387,17295,100.15,1
3269,1,626,387,17277,100.04,1
3270,1,625,387,17292,100.13,1
3271,1,626,387,17320,100.29,1
3272,1,625,387,17295,100.15,1
3273,1,625,387,17294,100.14,1
3274,1,625,387,17262,99.96,1
3275,1,626,387,17307,100.22,1
3276,1,625,387,17307,100.22,1
3277,1,625,387,17211,99.66,1
3278,1,625,387,17287,100.1,1
3279,1,626,387,17308,100.22,1
3280,1,625,387,17289,100.11,1
3281,1,626,387,17287,100.1,1
3282,1,625,387,17308,100.22,1
3283,1,626,387,17349,100.46,1
3284,1,626,387,17332,100.36,1
3285,1,625,387,17323,100.31,1
3286,1,625,387,17368,100.57,1
3287,1,625,387,17341,100.41,1
3288,1,625,387,17323,100.31,1
3289,1,625,387,17358,100.51,1
3290,1,625,387,17308,100.22,1
3291,1,626,387,17332,100.36,1
3292,1,625,387,17333,100.37,1
3293,1,625,387,17343,100.43,1
3294,1,625,387,17347,100.45,1
3295,1,625,387,17271,100.01,1
3296,1,626,387,17301,100.18,1
3297,1,625,387,17359,100.52,1
3298,1,625,387,17309,100.23,1
3299,1,625,387,17317,100.28,1
3300,1,625,387,17335,100.38,1
3301,1,625,387,17340,100.41,1
3302,1,625,387,17343,100.43,1
3303,1,626,387,17389,100.69,1
3304,1,626,387,17348,100.45,1
3305,1,625,387,17328,100.34,1
3306,1,625,387,17298,100.17,1
3307,1,625,387,17283,100.08,1
3308,1,625,387,17308,100.22,1
3309,1,625,387,17319,100.29,1
3310,1,626,387,17320,100.29,1
3311,1,625,387,17359,100.52,1
3312,1,625,387,17404,100.78,1
3313,1,626,387,17351,100.47,1
3314,1,626,387,17317,100.28,1
3315,1,625,387,17350,100.47,1
3316,1,625,387,17342,100.42,1
3317,1,625,387,17322,100.3,1
3318,1,625,387,17319,100.29,1
3319,1,625,387,17351,100.47,1
3320,1,625,387,17392,100.71,1
3321,1,626,387,17407,100.8,1
3322,1,625,387,17398,100.74,1
3323,1,626,387,17307,100.22,1
3324,1,626,387,17305,100.21,1
3325,1,625,387,17289,100.11,1
3326,1,626,387,17332,100.36,1
3327,1,625,387,17291,100.12,1
3328,1,626,387,17305,100.21,1
3329,1,625,387,17367,100.56,1
3330,1,626,387,17293,100.14,1
3331,1,625,387,17337,100.39,1
3332,1,626,387,17355,100.5,1
3333,1,626,387,17344,100.43,1
3334,1,625,387,17352,100.48,1
3335,1,626,387,17370,100.58,1
3336,1,625,387,17381,100.65,1
3337,1,625,387,17389,100.69,1
3338,1,626,387,17327,100.33,1
3339,1,626,387,17355,100.5,1
3340,1,625,387,17383,100.66,1
3341,1,625,387,17349,100.46,1
3342,1,625,387,17351,100.47,1
3343,1,625,387,17311,100.24,1
3344,1,626,387,17352,100.48,1
3345,1,626,387,17335,100.38,1
3346,1,626,387,17340,100.41,1
3347,1,626,387,17335,100.38,1
3348,1,625,387,17306,100.21,1
3349,1,626,387,17319,100.29,1
3350,1,625,387,17355,100.5,1
3351,1,626,387,17330,100.35,1
3352,1,625,387,17334,100.37,1
3353,1,625,387,17346,100.44,1
3354,1,626,387,17298,100.17,1
3355,1,626,387,17323,100.31,1
3356,1,625,387,17343,100.43,1
3357,1,626,387,17331,100.36,1
3358,1,626,387,17372,100.59,1
3359,1,626,387,17362,100.54,1
3360,1,626,387,17319,100.29,1
3361,1,626,387,17353,100.48,1
3362,1,625,387,17373,100.6,1
3363,1,626,387,17333,100.37,1
3364,1,625,387,17326,100.33,1
3365,1,626,387,17328,100.34,1
3366,1,625,387,17339,100.4,1
3367,1,625,387,17329,100.34,1
3368,1,625,387,17353,100.48,1
3369,1,625,387,17357,100.51,1
3370,1,625,387,17355,100.5,1
3371,1,625,387,17355,100.5,1
3372,1,625,387,17375,100.61,1
3373,1,625,387,17322,100.3,1
3374,1,625,387,17355,100.5,1
3375,1,626,387,17335,100.38,1
3376,1,625,387,17370,100.58,1
3377,1,625,387,17357,100.51,1
3378,1,625,387,17307,100.22,1
3379,1,625,387,17302,100.19,1
3380,1,625,387,17328,100.34,1
3381,1,625,387,17348,100.45,1
3382,1,625,387,17346,100.44,1
3383,1,626,387,17322,100.3,1
3384,1,626,387,17313,100.25,1
3385,1,626,387,17335,100.38,1
3386,1,626,387,17282,100.07,1
3387,1,626,387,17350,100.47,1
3388,1,626,387,17355,100.5,1
3389,1,626,387,17322,100.3,1
3390,1,626,387,17358,100.51,1
3391,1,625,387,17288,100.11,1
3392,1,626,387,17366,100.56,1
3393,1,626,387,17374,100.61,1
3394,1,626,387,17338,100.4,1
3395,1,626,387,17342,100.42,1
3396,1,626,387,17315,100.26,1
3397,1,626,387,17334,100.37,1
3398,1,626,387,17352,100.48,1
3399,1,625,387,17362,100.54,1
3400,1,625,387,17346,100.44,1
3401,1,625,387,17365,100.55,1
3402,1,626,387,17339,100.4,1
3403,1,625,387,17322,100.3,1
3404,1,626,387,17342,100.42,1
3405,1,626,387,17317,100.28,1
3406,1,626,387,17307,100.22,1
3407,1,626,387,17327,100.33,1
3408,1,626,387,17313,100.25,1
3409,1,626,387,17362,100.54,1
3410,1,625,387,17300,100.18,1
3411,1,625,387,17336,100.39,1
3412,1,625,387,17357,100.51,1
3413,1,625,387,17337,100.39,1
3414,1,625,387,17339,100.4,1
3415,1,625,387,17369,100.58,1
3416,1,625,387,17374,100.61,1
3417,1,626,387,17395,100.73,1
3418,1,626,387,17383,100.66,1
3419,1,626,387,17372,100.59,1
3420,1,626,387,17350,100.47,1
3421,1,626,387,17314,100.26,1
3422,1,626,387,17323,100.31,1
3423,1,626,387,17337,100.39,1
3424,1,625,387,17304,100.2,1
3425,1,625,387,17365,100.55,1
3426,1,625,387,17315,100.26,1
3427,1,625,387,17302,100.19,1
3428,1,626,387,17271,100.01,1
3429,1,625,387,17313,100.25,1
3430,1,626,387,17321,100.3,1
3431,1,626,387,17288,100.11,1
3432,1,625,387,17286,100.1,1
3433,1,626,387,17348,100.45,1
3434,1,625,387,17383,100.66,1
3435,1,626,387,17363,100.54,1
3436,1,626,387,17344,100.43,1
3437,1,626,387,17334,100.37,1
3438,1,625,387,17389,100.69,1
3439,1,625,387,17371,100.59,1
3440,1,625,387,17372,100.59,1
3441,1,625,387,17360,100.52,1
3442,1,626,387,17313,100.25,1
3443,1,626,387,17340,100.41,1
3444,1,626,387,17286,100.1,1
3445,1,626,387,17367,100.56,1
3446,1,625,387,17324,100.32,1
3447,1,625,387,17342,100.42,1
3448,1,626,387,17329,100.34,1
3449,1,625,387,17325,100.32,1
3450,1,625,387,17360,100.52,1
3451,1,625,387,17325,100.32,1
3452,1,626,387,17317,100.28,1
3453,1,625,387,17295,100.15,1
3454,1,625,387,17342,100.42,1
3455,1,626,387,17348,100.45,1
3456,1,626,387,17349,100.46,1
3457,1,626,387,17338,100.4,1
3458,1,625,387,17347,100.45,1
3459,1,626,387,17346,100.44,1
3460,1,625,387,17335,100.38,1
3461,1,625,387,17322,100.3,1
3462,1,626,387,17289,100.11,1
3463,1,626,387,17293,100.14,1
3464,1,626,387,17292,100.13,1
3465,1,626,387,17298,100.17,1
3466,1,625,387,17279,100.06,1
3467,1,626,387,17320,100.29,1
3468,1,626,387,17375,100.61,1
3469,1,625,387,17340,100.41,1
3470,1,626,387,17323,100.31,1
3471,1,625,387,17337,100.39,1
3472,1,625,387,17323,100.31,1
3473,1,625,387,17350,100.47,1
3474,1,626,387,17303,100.19,1
3475,1,626,387,17327,100.33,1
3476,1,626,387,17334,100.37,1
3477,1,626,387,17290,100.12,1
3478,1,626,387,17317,100.28,1
3479,1,626,387,17359,100.52,1
3480,1,626,387,17306,100.21,1
3481,1,626,387,17359,100.52,1
3482,1,626,387,17298,100.17,1
3483,1,625,387,17268,99.99,1
3484,1,625,387,17269,100.0,1
3485,1,625,387,17282,100.07,1
3486,1,626,387,17337,100.39,1
3487,1,626,387,17306,100.21,1
3488,1,625,387,17306,100.21,1
3489,1,626,387,17328,100.34,1
3490,1,625,387,17292,100.13,1
3491,1,626,387,17375,100.61,1
3492,1,626,387,17359,100.52,1
3493,1,626,387,17335,100.38,1
3494,1,626,387,17318,100.28,1
3495,1,625,387,17336,100.39,1
3496,1,626,387,17358,100.51,1
3497,1,625,387,17385,100.67,1
3498,1,625,387,17316,100.27,1
3499,1,625,387,17294,100.14,1
3500,1,625,387,17294,100.14,1
3501,1,625,387,17271,100.01,1
3502,1,626,387,17290,100.12,1
3503,1,625,387,17329,100.34,1
3504,1,625,387,17311,100.24,1
3505,1,626,387,17265,99.97,1
3506,1,625,387,17289,100.11,1
3507,1,625,387,17346,100.44,1
3508,1,625,387,17359,100.52,1
3509,1,625,387,17299,100.17,1
3510,1,625,387,17301,100.18,1
3511,1,626,387,17313,100.25,1
3512,1,625,387,17299,100.17,1
3513,1,626,387,17351,100.47,1
3514,1,625,387,17360,100.52,1
3515,1,625,387,17349,100.46,1
3516,1,625,387,17334,100.37,1
3517,1,625,387,17301,100.18,1
3518,1,625,387,17307,100.22,1
3519,1,625,387,17295,100.15,1
3520,1,626,387,17269,100.0,1
3521,1,625,387,17292,100.13,1
3522,1,625,387,17266,99.98,1
3523,1,625,387,17329,100.34,1
3524,1,625,387,17297,100.16,1
3525,1,625,387,17328,100.34,1
3526,1,626,387,17348,100.45,1
3527,1,626,387,17351,100.47,1
3528,1,626,387,17310,100.23,1
3529,1,626,387,17308,100.22,1
3530,1,626,387,17297,100.16,1
3531,1,626,387,17294,100.14,1
3532,1,625,387,17319,100.29,1
3533,1,625,387,17324,100.32,1
3534,1,626,387,17358,100.51,1
3535,1,625,387,17329,100.34,1
3536,1,625,387,17275,100.03,1
3537,1,625,387,17342,100.42,1
3538,1,626,387,17295,100.15,1
3539,1,626,387,17286,100.1,1
3540,1,626,387,17254,99.91,1
3541,1,626,387,17330,100.35,1
3542,1,626,387,17294,100.14,1
3543,1,626,387,17367,100.56,1
3544,1,626,387,17342,100.42,1
3545,1,626,387,17327,100.33,1
3546,1,626,387,17286,100.1,1
3547,1,626,387,17277,100.04,1
3548,1,626,387,17309,100.23,1
3549,1,625,387,17345,100.44,1
3550,1,626,387,17323,100.31,1
3551,1,625,387,17296,100.15,1
3552,1,626,387,17313,100.25,1
3553,1,626,387,17339,100.4,1
3554,1,626,387,17319,100.29,1
3555,1,626,387,17307,100.22,1
3556,1,626,387,17324,100.32,1
3557,1,626,387,17288,100.11,1
3558,1,626,387,17317,100.28,1
3559,1,626,387,17321,100.3,1
3560,1,626,387,17365,100.55,1
3561,1,626,387,17313,100.25,1
3562,1,626,387,17308,100.22,1
3563,1,626,387,17321,100.3,1
3564,1,625,387,17320,100.29,1
3565,1,626,387,17303,100.19,1
3566,1,626,387,17331,100.36,1
3567,1,626,387,17316,100.27,1
3568,1,626,387,17352,100.48,1
3569,1,626,387,17383,100.66,1
3570,1,626,387,17318,100.28,1
3571,1,626,387,17324,100.32,1
3572,1,625,387,17326,100.33,1
3573,1,626,387,17357,100.51,1
3574,1,626,387,17302,100.19,1
3575,1,626,387,17336,100.39,1
3576,1,626,387,17326,100.33,1
3577,1,626,387,17332,100.36,1
3578,1,626,387,17320,100.29,1
3579,1,626,387,17323,100.31,1
3580,1,626,387,17314,100.26,1
3581,1,626,387,17313,100.25,1
3582,1,626,387,17314,100.26,1
3583,1,626,387,17302,100.19,1
3584,1,626,387,17280,100.06,1
3585,1,626,387,17339,100.4,1
3586,1,626,387,17283,100.08,1
3587,1,626,387,17280,100.06,1
3588,1,626,387,17302,100.19,1
3589,1,626,387,17295,100.15,1
3590,1,626,387,17301,100.18,1
3591,1,626,387,17320,100.29,1
3592,1,626,387,17312,100.25,1
3593,1,626,387,17361,100.53,1
3594,1,626,387,17306,100.21,1
3595,1,626,387,17295,100.15,1
3596,1,626,387,17316,100.27,1
3597,1,626,387,17280,100.06,1
3598,1,626,387,17282,100.07,1
3599,1,625,387,17241,99.83,1
3600,1,625,387,17267,99.99,1
3601,1,626,387,17285,100.09,1
3602,1,626,387,17249,99.88,1
3603,1,626,387,17314,100.26,1
3604,1,626,387,17239,99.82,1
3605,1,626,387,17271,100.01,1
3606,1,626,387,17285,100.09,1
3607,1,626,387,17297,100.16,1
3608,1,626,387,17228,99.76,1
3609,1,626,387,17289,100.11,1
3610,1,626,387,17275,100.03,1
3611,1,626,387,17309,100.23,1
3612,1,626,387,17288,100.11,1
3613,1,626,387,17278,100.05,1
3614,1,626,387,17304,100.2,1
3615,1,626,387,17264,99.97,1
3616,1,626,387,17223,99.73,1
3617,1,626,387,17288,100.11,1
3618,1,626,387,17249,99.88,1
3619,1,626,387,17280,100.06,1
3620,1,626,387,17248,99.88,1
3621,1,626,387,17294,100.14,1
3622,1,626,387,17263,99.96,1
3623,1,626,387,17279,100.06,1
3624,1,626,387,17301,100.18,1
3625,1,626,387,17301,100.18,1
3626,1,626,387,17265,99.97,1
3627,1,626,387,17241,99.83,1
3628,1,626,387,17217,99.7,1
3629,1,626,387,17230,99.77,1
3630,1,625,387,17299,100.17,1
3631,1,626,387,17257,99.93,1
3632,1,626,387,17239,99.82,1
3633,1,626,387,17332,100.36,1
3634,1,626,387,17260,99.94,1
3635,1,626,387,17174,99.45,1
3636,1,626,387,17174,99.45,1
3637,1,626,387,17220,99.71,1
3638,1,626,387,17247,99.87,1
3639,1,626,387,17213,99.67,1
3640,1,626,387,17234,99.79,1
3641,1,626,387,17242,99.84,1
3642,1,626,387,17281,100.07,1
3643,1,626,387,17238,99.82,1
3644,1,626,387,17247,99.87,1
3645,1,626,387,17190,99.54,1
3646,1,626,387,17214,99.68,1
3647,1,626,387,17227,99.75,1
3648,1,626,387,17233,99.79,1
3649,1,626,387,17255,99.92,1
3650,1,626,387,17240,99.83,1
3651,1,626,387,17236,99.81,1
3652,1,626,387,17247,99.87,1
3653,1,626,387,17259,99.94,1
3654,1,626,387,17226,99.75,1
3655,1,626,387,17190,99.54,1
3656,1,626,387,17216,99.69,1
3657,1,626,387,17206,99.63,1
3658,1,626,387,17205,99.63,1
3659,1,626,387,17164,99.39,1
3660,1,626,387,17183,99.5,1
3661,1,626,387,17172,99.44,1
3662,1,625,387,17198,99.59,1
3663,1,625,387,17186,99.52,1
3664,1,626,387,17198,99.59,1
3665,1,626,387,17262,99.96,1
3666,1,626,387,17190,99.54,1
3667,1,626,387,17206,99.63,1
3668,1,626,387,17211,99.66,1
3669,1,626,387,17227,99.75,1
3670,1,626,387,17228,99.76,1
3671,1,626,387,17198,99.59,1
3672,1,626,387,17217,99.7,1
3673,1,626,387,17264,99.97,1
3674,1,626,387,17183,99.5,1
3675,1,626,387,17185,99.51,1
3676,1,626,387,17189,99.53,1
3677,1,626,387,17189,99.53,1
3678,1,626,387,17177,99.46,1
3679,1,626,387,17188,99.53,1
3680,1,626,387,17237,99.81,1
3681,1,626,387,17217,99.7,1
3682,1,626,387,17170,99.42,1
3683,1,626,387,17179,99.48,1
3684,1,626,387,17202,99.61,1
3685,1,626,387,17178,99.47,1
3686,1,626,387,17147,99.29,1
3687,1,626,387,17228,99.76,1
3688,1,626,387,17192,99.55,1
3689,1,626,387,17195,99.57,1
3690,1,626,387,17193,99.56,1
3691,1,626,387,17203,99.61,1
3692,1,626,387,17201,99.6,1
3693,1,626,387,17169,99.42,1
3694,1,626,387,17167,99.41,1
3695,1,626,387,17125,99.16,1
3696,1,626,387,17157,99.35,1
3697,1,626,387,17177,99.46,1
3698,1,626,387,17124,99.16,1
3699,1,626,387,17192,99.55,1
3700,1,626,387,17173,99.44,1
3701,1,626,387,17200,99.6,1
3702,1,626,387,17158,99.35,1
3703,1,626,387,17176,99.46,1
3704,1,626,387,17163,99.38,1
3705,1,626,387,17173,99.44,1
3706,1,626,387,17198,99.59,1
3707,1,626,387,17190,99.54,1
3708,1,626,387,17179,99.48,1
3709,1,626,387,17167,99.41,1
3710,1,626,387,17205,99.63,1
3711,1,626,387,17202,99.61,1
3712,1,626,387,17170,99.42,1
3713,1,626,387,17178,99.47,1
3714,1,626,387,17159,99.36,1
3715,1,626,387,17176,99.46,1
3716,1,626,387,17086,98.94,1
3717,1,626,387,17162,99.38,1
3718,1,626,387,17173,99.44,1
3719,1,626,387,17155,99.34,1
3720,1,626,387,17122,99.15,1
3721,1,626,387,17151,99.31,1
3722,1,626,387,17144,99.27,1
3723,1,626,387,17123,99.15,1
3724,1,626,387,17112,99.09,1
3725,1,626,387,17170,99.42,1
3726,1,626,387,17180,99.48,1
3727,1,626,387,17151,99.31,1
3728,1,626,387,17170,99.42,1
3729,1,625,387,17163,99.38,1
3730,1,625,387,17170,99.42,1
3731,1,626,387,17151,99.31,1
3732,1,626,387,17124,99.16,1
3733,1,626,387,17107,99.06,1
3734,1,626,387,17087,98.94,1
3735,1,626,387,17093,98.98,1
3736,1,626,387,17138,99.24,1
3737,1,626,387,17175,99.45,1
3738,1,626,387,17097,99.0,1
3739,1,626,387,17083,98.92,1
3740,1,626,387,17136,99.23,1
3741,1,626,387,17110,99.08,1
3742,1,626,387,17116,99.11,1
3743,1,626,387,17123,99.15,1
3744,1,626,387,17091,98.97,1
3745,1,626,387,17143,99.27,1
3746,1,626,387,17129,99.19,1
3747,1,626,387,17127,99.17,1
3748,1,626,387,17111,99.08,1
3749,1,626,387,17138,99.24,1
3750,1,626,387,17089,98.95,1
3751,1,626,387,17126,99.17,1
3752,1,625,387,17115,99.11,1
3753,1,626,387,17108,99.06,1
3754,1,626,387,17078,98.89,1
3755,1,626,387,17104,99.04,1
3756,1,626,387,17078,98.89,1
3757,1,625,387,17123,99.15,1
3758,1,626,387,17094,98.98,1
3759,1,625,387,17100,99.02,1
3760,1,626,387,17113,99.09,1
3761,1,626,387,17150,99.31,1
3762,1,626,387,17087,98.94,1
3763,1,626,387,17151,99.31,1
3764,1,626,387,17174,99.45,1
3765,1,626,387,17143,99.27,1
3766,1,626,387,17116,99.11,1
3767,1,626,387,17158,99.35,1
3768,1,626,387,17120,99.13,1
3769,1,626,387,17148,99.3,1
3770,1,626,387,17102,99.03,1
3771,1,626,387,17067,98.83,1
3772,1,626,387,17105,99.05,1
3773,1,626,387,17070,98.84,1
3774,1,626,387,17109,99.07,1
3775,1,625,387,17101,99.02,1
3776,1,626,387,17106,99.05,1
3777,1,626,387,17129,99.19,1
3778,1,626,387,17068,98.83,1
3779,1,626,387,17091,98.97,1
3780,1,626,387,17097,99.0,1
3781,1,626,387,17069,98.84,1
3782,1,626,387,17045,98.7,1
3783,1,626,387,17072,98.86,1
3784,1,626,387,17102,99.03,1
3785,1,626,387,17088,98.95,1
3786,1,626,387,17085,98.93,1
3787,1,626,387,17088,98.95,1
3788,1,626,387,17133,99.21,1
3789,1,625,387,17087,98.94,1
3790,1,626,387,17103,99.04,1
3791,1,625,387,17097,99.0,1
3792,1,626,387,17052,98.74,1
3793,1,626,387,17097,99.0,1
3794,1,626,387,17108,99.06,1
3795,1,626,387,17079,98.9,1
3796,1,626,387,17031,98.62,1
3797,1,626,387,17071,98.85,1
3798,1,626,387,17100,99.02,1
3799,1,626,387,17121,99.14,1
3800,1,626,387,17105,99.05,1
3801,1,626,387,17114,99.1,1
3802,1,626,387,17088,98.95,1
3803,1,625,387,17062,98.8,1
3804,1,626,387,17076,98.88,1
3805,1,626,387,17067,98.83,1
3806,1,625,387,17090,98.96,1
3807,1,625,387,17092,98.97,1
3808,1,626,387,17084,98.93,1
3809,1,626,387,17067,98.83,1
3810,1,626,387,17006,98.47,1
3811,1,626,387,17096,99.0,1
3812,1,626,387,17061,98.79,1
3813,1,625,387,17074,98.87,1
3814,1,625,387,17051,98.73,1
3815,1,626,387,17061,98.79,1
3816,1,626,387,17090,98.96,1
3817,1,626,387,17126,99.17,1
3818,1,626,387,17028,98.6,1
3819,1,626,387,17057,98.77,1
3820,1,626,387,17096,99.0,1
3821,1,626,387,17096,99.0,1
3822,1,626,387,17101,99.02,1
3823,1,626,387,17090,98.96,1
3824,1,626,387,17089,98.95,1
3825,1,626,387,17090,98.96,1
3826,1,626,387,17072,98.86,1
3827,1,626,387,17075,98.87,1
3828,1,626,387,17070,98.84,1
3829,1,625,387,17049,98.72,1
3830,1,626,387,17006,98.47,1
3831,1,626,387,17037,98.65,1
3832,1,626,387,17078,98.89,1
3833,1,626,387,17097,99.0,1
3834,1,626,387,17014,98.52,1
3835,1,626,387,17051,98.73,1
3836,1,626,387,17069,98.84,1
3837,1,626,387,17030,98.61,1
3838,1,626,387,17043,98.69,1
3839,1,626,387,17068,98.83,1
3840,1,626,387,17074,98.87,1
3841,1,625,387,17094,98.98,1
3842,1,625,387,17021,98.56,1
3843,1,625,387,17046,98.71,1
3844,1,625,387,17041,98.68,1
3845,1,626,387,17060,98.79,1
3846,1,626,387,17040,98.67,1
3847,1,626,387,17075,98.87,1
3848,1,626,387,17037,98.65,1
3849,1,626,387,17091,98.97,1
3850,1,626,387,17012,98.51,1
3851,1,626,387,17062,98.8,1
3852,1,625,387,17070,98.84,1
3853,1,626,387,17061,98.79,1
3854,1,626,387,17011,98.5,1
3855,1,626,387,17012,98.51,1
3856,1,626,387,16989,98.38,1
3857,1,626,387,17054,98.75,1
3858,1,626,387,17021,98.56,1
3859,1,625,387,17044,98.69,1
3860,1,626,387,17075,98.87,1
3861,1,625,387,17080,98.9,1
3862,1,625,387,17067,98.83,1
3863,1,626,387,17101,99.02,1
3864,1,625,387,17081,98.91,1
3865,1,626,387,17121,99.14,1
3866,1,626,387,17054,98.75,1
3867,1,625,387,17036,98.65,1
3868,1,626,387,17012,98.51,1
3869,1,626,387,17026,98.59,1
3870,1,626,387,17021,98.56,1
3871,1,626,387,17039,98.67,1
3872,1,625,387,17024,98.58,1
3873,1,625,387,17041,98.68,1
3874,1,626,387,17005,98.47,1
3875,1,625,387,17001,98.45,1
3876,1,626,387,17018,98.54,1
3877,1,626,387,17057,98.77,1
3878,1,626,387,17025,98.58,1
3879,1,625,387,17026,98.59,1
3880,1,625,387,17056,98.76,1
3881,1,626,387,17057,98.77,1
3882,1,626,387,17035,98.64,1
3883,1,626,387,17043,98.69,1
3884,1,625,387,17056,98.76,1
3885,1,626,387,17018,98.54,1
3886,1,626,387,17056,98.76,1
3887,1,626,387,17030,98.61,1
3888,1,626,387,17020,98.56,1
3889,1,626,387,17052,98.74,1
3890,1,626,387,17000,98.44,1
3891,1,626,387,17009,98.49,1
3892,1,626,387,17004,98.46,1
3893,1,625,387,17022,98.57,1
3894,1,625,387,17024,98.58,1
3895,1,626,387,17021,98.56,1
3896,1,626,387,17007,98.48,1
3897,1,625,387,17038,98.66,1
3898,1,625,387,17029,98.61,1
3899,1,625,387,16992,98.39,1
3900,1,625,387,16947,98.13,1
3901,1,625,387,16984,98.35,1
3902,1,625,387,16985,98.35,1
3903,1,625,387,17016,98.53,1
3904,1,625,387,17059,98.78,1
3905,1,625,387,17073,98.86,1
3906,1,625,387,16982,98.34,1
3907,1,625,387,17019,98.55,1
3908,1,625,387,17020,98.56,1
3909,1,625,387,16997,98.42,1
3910,1,625,387,16988,98.37,1
3911,1,626,387,17017,98.54,1
3912,1,625,387,17051,98.73,1
3913,1,625,387,17074,98.87,1
3914,1,625,387,16991,98.39,1
3915,1,626,387,17040,98.67,1
3916,1,626,387,17020,98.56,1
3917,1,626,387,16966,98.24,1
3918,1,626,387,17048,98.72,1
3919,1,626,387,17024,98.58,1
3920,1,625,387,17003,98.46,1
3921,1,625,387,17023,98.57,1
3922,1,625,387,16978,98.31,1
3923,1,625,387,17036,98.65,1
3924,1,626,387,16991,98.39,1
3925,1,626,387,17010,98.5,1
3926,1,626,387,16988,98.37,1
3927,1,625,387,16984,98.35,1
3928,1,626,387,16977,98.31,1
3929,1,626,387,16959,98.2,1
3930,1,626,387,16973,98.28,1
3931,1,626,387,16985,98.35,1
3932,1,626,387,16966,98.24,1
3933,1,625,387,17009,98.49,1
3934,1,625,387,17026,98.59,1
3935,1,626,387,17005,98.47,1
3936,1,626,387,17011,98.5,1
3937,1,626,387,16993,98.4,1
3938,1,626,387,17002,98.45,1
3939,1,625,387,17017,98.54,1
3940,1,625,387,16987,98.36,1
3941,1,625,387,17001,98.45,1
3942,1,625,387,16975,98.29,1
3943,1,625,387,17028,98.6,1
3944,1,626,387,17013,98.51,1
3945,1,626,387,16999,98.43,1
3946,1,626,387,17008,98.49,1
3947,1,626,387,17015,98.53,1
3948,1,626,387,17056,98.76,1
3949,1,626,387,16977,98.31,1
3950,1,625,387,16977,98.31,1
3951,1,626,387,17007,98.48,1
3952,1,626,387,17009,98.49,1
3953,1,625,387,17026,98.59,1
3954,1,625,387,16982,98.34,1
3955,1,626,387,17006,98.47,1
3956,1,626,387,16986,98.36,1
3957,1,625,387,17041,98.68,1
3958,1,625,387,17009,98.49,1
3959,1,625,387,17011,98.5,1
3960,1,625,387,16976,98.3,1
3961,1,625,387,17073,98.86,1
3962,1,625,387,17024,98.58,1
3963,1,625,387,16992,98.39,1
3964,1,625,387,17015,98.53,1
3965,1,625,387,16986,98.36,1
3966,1,626,387,16961,98.21,1
3967,1,626,387,16937,98.07,1
3968,1,626,387,16960,98.21,1
3969,1,625,387,16950,98.15,1
3970,1,626,387,16929,98.03,1
3971,1,626,387,16960,98.21,1
3972,1,626,387,16968,98.25,1
3973,1,625,387,16969,98.26,1
3974,1,626,387,16971,98.27,1
3975,1,625,387,17002,98.45,1
3976,1,625,387,17068,98.83,1
3977,1,625,387,17057,98.77,1
3978,1,625,387,17023,98.57,1
3979,1,625,387,16991,98.39,1
3980,1,625,387,17013,98.51,1
3981,1,625,387,17012,98.51,1
3982,1,625,387,16997,98.42,1
3983,1,625,387,17047,98.71,1
3984,1,626,387,17006,98.47,1
3985,1,626,387,17021,98.56,1
3986,1,626,387,16936,98.07,1
3987,1,626,387,16936,98.07,1
3988,1,625,387,17013,98.51,1
3989,1,625,387,16990,98.38,1
3990,1,625,387,16990,98.38,1
3991,1,626,387,17031,98.62,1
3992,1,625,387,17015,98.53,1
3993,1,625,387,17015,98.53,1
3994,1,625,387,16995,98.41,1
3995,1,625,387,16992,98.39,1
3996,1,625,387,17000,98.44,1
3997,1,625,387,16968,98.25,1
3998,1,625,387,16997,98.42,1
3999,1,625,387,17009,98.49,1
4000,1,625,387,17011,98.5,1
4001,1,625,387,16994,98.4,1
4002,1,626,387,16973,98.28,1
4003,1,626,387,17042,98.68,1
4004,1,625,387,17049,98.72,1
4005,1,625,387,16982,98.34,1
4006,1,625,387,17015,98.53,1
4007,1,625,387,17020,98.56,1
4008,1,625,387,16997,98.42,1
4009,1,625,387,16995,98.41,1
4010,1,625,387,16978,98.31,1
4011,1,625,387,17024,98.58,1
4012,1,625,387,17021,98.56,1
4013,1,625,387,16955,98.18,1
4014,1,625,387,17012,98.51,1
4015,1,625,387,16994,98.4,1
4016,1,626,387,16956,98.18,1
4017,1,625,387,17019,98.55,1
4018,1,626,387,16968,98.25,1
4019,1,626,387,17007,98.48,1
4020,1,626,387,16947,98.13,1
4021,1,626,387,17026,98.59,1
4022,1,625,387,16958,98.2,1
4023,1,625,387,16989,98.38,1
4024,1,625,387,16958,98.2,1
4025,1,626,387,16993,98.4,1
4026,1,625,387,16957,98.19,1
4027,1,625,387,16947,98.13,1
4028,1,625,387,16973,98.28,1
4029,1,625,387,16955,98.18,1
4030,1,626,387,16943,98.11,1
4031,1,626,387,16979,98.32,1
4032,1,626,387,16964,98.23,1
4033,1,626,387,16943,98.11,1
4034,1,626,387,16928,98.02,1
4035,1,625,387,16984,98.35,1
4036,1,625,387,16978,98.31,1
4037,1,625,387,16972,98.28,1
4038,1,626,387,16993,98.4,1
4039,1,625,387,17003,98.46,1
4040,1,625,387,17011,98.5,1
4041,1,625,387,17001,98.45,1
4042,1,625,387,16997,98.42,1
4043,1,625,387,16977,98.31,1
4044,1,625,387,16982,98.34,1
4045,1,626,387,16933,98.05,1
4046,1,625,387,16945,98.12,1
4047,1,626,387,16943,98.11,1
4048,1,626,387,16951,98.16,1
4049,1,626,387,17006,98.47,1
4050,1,626,387,16936,98.07,1
4051,1,626,387,16976,98.3,1
4052,1,626,387,17003,98.46,1
4053,1,626,387,17009,98.49,1
4054,1,626,387,16984,98.35,1
4055,1,626,387,16985,98.35,1
4056,1,625,387,16995,98.41,1
4057,1,625,387,17017,98.54,1
4058,1,625,387,17002,98.45,1
4059,1,625,387,16992,98.39,1
4060,1,626,387,17003,98.46,1
4061,1,626,387,16972,98.28,1
4062,1,626,387,17006,98.47,1
4063,1,625,387,17005,98.47,1
4064,1,625,387,16986,98.36,1
4065,1,626,387,17023,98.57,1
4066,1,626,387,16993,98.4,1
4067,1,625,387,16995,98.41,1
4068,1,625,387,16982,98.34,1
4069,1,625,387,16979,98.32,1
4070,1,625,387,16977,98.31,1
4071,1,625,387,17009,98.49,1
4072,1,625,387,16976,98.3,1
4073,1,625,387,16997,98.42,1
4074,1,626,387,17015,98.53,1
4075,1,626,387,16991,98.39,1
4076,1,626,387,16937,98.07,1
4077,1,626,387,16983,98.34,1
4078,1,625,387,17000,98.44,1
4079,1,626,387,16957,98.19,1
4080,1,626,387,16950,98.15,1
4081,1,625,387,16988,98.37,1
4082,1,625,387,16969,98.26,1
4083,1,625,387,16968,98.25,1
4084,1,625,387,16944,98.12,1
4085,1,625,387,16954,98.17,1
4086,1,625,387,16967,98.25,1
4087,1,625,387,17005,98.47,1
4088,1,625,387,16974,98.29,1
4089,1,625,387,16958,98.2,1
4090,1,626,387,16931,98.04,1
4091,1,625,387,16949,98.14,1
4092,1,625,387,17005,98.47,1
4093,1,626,387,16975,98.29,1
4094,1,625,387,16921,97.98,1
4095,1,625,387,17024,98.58,1
4096,1,626,387,16979,98.32,1
4097,1,625,387,16991,98.39,1
4098,1,626,387,17003,98.46,1
4099,1,626,387,17010,98.5,1
4100,1,625,387,16966,98.24,1
4101,1,625,387,16973,98.28,1
4102,1,626,387,16954,98.17,1
4103,1,626,387,16965,98.24,1
4104,1,626,387,16982,98.34,1
4105,1,626,387,16978,98.31,1
4106,1,626,387,16963,98.23,1
4107,1,626,387,16946,98.13,1
4108,1,626,387,16938,98.08,1
4109,1,625,387,16939,98.09,1
4110,1,625,387,16940,98.09,1
4111,1,625,387,16923,97.99,1
4112,1,625,387,16985,98.35,1
4113,1,625,387,16970,98.27,1
4114,1,625,387,16932,98.05,1
4115,1,626,387,16993,98.4,1
4116,1,626,387,16980,98.32,1
4117,1,626,387,16958,98.2,1
4118,1,625,387,16974,98.29,1
4119,1,625,387,16992,98.39,1
4120,1,625,387,16886,97.78,1
4121,1,625,387,16933,98.05,1
4122,1,625,387,16968,98.25,1
4123,1,625,387,16933,98.05,1
4124,1,625,387,16982,98.34,1
4125,1,625,387,16968,98.25,1
4126,1,625,387,16953,98.17,1
4127,1,625,387,16917,97.96,1
4128,1,626,387,16934,98.06,1
4129,1,625,387,16995,98.41,1
4130,1,625,387,16948,98.14,1
4131,1,625,387,16964,98.23,1
4132,1,626,387,16939,98.09,1
4133,1,626,387,16985,98.35,1
4134,1,625,387,16944,98.12,1
4135,1,625,387,16922,97.99,1
4136,1,626,387,16954,98.17,1
4137,1,625,387,16973,98.28,1
4138,1,625,387,16908,97.91,1
4139,1,626,387,16909,97.91,1
4140,1,626,387,16961,98.21,1
4141,1,625,387,16923,97.99,1
4142,1,625,387,16946,98.13,1
4143,1,625,387,16929,98.03,1
4144,1,625,387,16962,98.22,1
4145,1,626,387,16979,98.32,1
4146,1,625,387,16925,98.01,1
4147,1,625,387,16941,98.1,1
4148,1,625,387,16915,97.95,1
4149,1,626,387,16919,97.97,1
4150,1,625,387,16968,98.25,1
4151,1,625,387,16949,98.14,1
4152,1,625,387,16932,98.05,1
4153,1,626,387,16950,98.15,1
4154,1,626,387,16971,98.27,1
4155,1,626,387,16969,98.26,1
4156,1,625,387,16973,98.28,1
4157,1,625,387,16952,98.16,1
4158,1,625,387,17017,98.54,1
4159,1,625,387,17011,98.5,1
4160,1,625,387,17016,98.53,1
4161,1,626,387,16959,98.2,1
4162,1,626,387,16964,98.23,1
4163,1,625,387,16958,98.2,1
4164,1,626,387,16964,98.23,1
4165,1,626,387,16911,97.92,1
4166,1,626,387,16918,97.96,1
4167,1,626,387,16965,98.24,1
4168,1,625,387,16955,98.18,1
4169,1,625,387,16972,98.28,1
4170,1,626,387,16953,98.17,1
4171,1,626,388,16964,98.23,1
4172,1,625,387,16981,98.33,1
4173,1,626,387,16952,98.16,1
4174,1,626,387,16963,98.23,1
4175,1,626,387,16971,98.27,1
4176,1,626,387,16978,98.31,1
4177,1,625,387,16997,98.42,1
4178,1,626,387,16988,98.37,1
4179,1,625,387,16966,98.24,1
4180,1,625,387,16932,98.05,1
4181,1,626,387,16933,98.05,1
4182,1,625,387,16921,97.98,1
4183,1,625,387,16998,98.43,1
4184,1,625,387,16947,98.13,1
4185,1,626,387,16978,98.31,1
4186,1,625,387,16974,98.29,1
4187,1,626,387,16915,97.95,1
4188,1,626,387,16905,97.89,1
4189,1,626,387,16931,98.04,1
4190,1,625,387,16986,98.36,1
4191,1,625,387,16937,98.07,1
4192,1,625,387,16921,97.98,1
4193,1,625,387,16976,98.3,1
4194,1,625,387,16909,97.91,1
4195,1,625,387,16954,98.17,1
4196,1,625,387,16946,98.13,1
4197,1,625,387,16917,97.96,1
4198,1,626,387,16926,98.01,1
4199,1,625,387,16876,97.72,1
4200,1,626,387,16897,97.84,1
4201,1,626,387,16908,97.91,1
4202,1,626,387,16909,97.91,1
4203,1,626,387,16888,97.79,1
4204,1,626,387,16933,98.05,1
4205,1,625,387,16958,98.2,1
4206,1,626,387,16939,98.09,1
4207,1,626,387,16930,98.03,1
4208,1,626,387,16948,98.14,1
4209,1,625,387,16985,98.35,1
4210,1,625,387,16880,97.74,1
4211,1,625,387,16932,98.05,1
4212,1,625,387,16978,98.31,1
4213,1,625,387,16978,98.31,1
4214,1,625,387,16964,98.23,1
4215,1,625,387,16940,98.09,1
4216,1,625,387,16988,98.37,1
4217,1,625,387,16994,98.4,1
4218,1,625,387,16941,98.1,1
4219,1,625,387,16943,98.11,1
4220,1,625,387,16941,98.1,1
4221,1,625,387,16919,97.97,1
4222,1,626,387,16916,97.95,1
4223,1,625,387,16919,97.97,1
4224,1,625,387,16930,98.03,1
4225,1,625,387,16957,98.19,1
4226,1,626,387,16910,97.92,1
4227,1,625,387,16925,98.01,1
4228,1,625,387,16970,98.27,1
4229,1,625,387,16920,97.98,1
4230,1,625,387,16912,97.93,1
4231,1,625,387,16919,97.97,1
4232,1,625,387,16960,98.21,1
4233,1,625,387,16924,98.0,1
4234,1,626,387,16961,98.21,1
4235,1,625,387,16940,98.09,1
4236,1,625,387,16959,98.2,1
4237,1,625,387,16875,97.72,1
4238,1,625,387,16948,98.14,1
4239,1,625,387,16913,97.94,1
4240,1,625,387,16951,98.16,1
4241,1,625,387,17006,98.47,1
4242,1,625,387,16942,98.1,1
4243,1,625,387,16925,98.01,1
4244,1,625,387,16944,98.12,1
4245,1,625,388,16963,98.23,1
4246,1,625,387,16934,98.06,1
4247,1,625,387,16956,98.18,1
4248,1,625,387,16969,98.26,1
4249,1,625,387,16977,98.31,1
4250,1,625,387,16949,98.14,1
4251,1,625,387,16973,98.28,1
4252,1,625,387,17012,98.51,1
4253,1,626,387,16988,98.37,1
4254,1,626,387,16976,98.3,1
4255,1,625,387,16928,98.02,1
4256,1,625,387,16946,98.13,1
4257,1,626,387,16952,98.16,1
4258,1,625,387,16929,98.03,1
4259,1,626,387,16923,97.99,1
4260,1,625,387,16902,97.87,1
4261,1,625,387,16933,98.05,1
4262,1,625,387,16902,97.87,1
4263,1,626,387,16950,98.15,1
4264,1,625,387,16936,98.07,1
4265,1,625,387,16906,97.9,1
4266,1,625,387,16934,98.06,1
4267,1,625,387,16932,98.05,1
4268,1,626,387,16911,97.92,1
4269,1,625,387,16944,98.12,1
4270,1,626,387,16972,98.28,1
4271,1,626,387,16954,98.17,1
4272,1,625,387,16940,98.09,1
4273,1,626,387,16977,98.31,1
4274,1,626,387,16944,98.12,1
4275,1,626,387,16968,98.25,1
4276,1,626,387,16996,98.42,1
4277,1,626,387,17012,98.51,1
4278,1,626,387,16955,98.18,1
4279,1,625,387,17015,98.53,1
4280,1,625,387,17017,98.54,1
4281,1,625,387,17005,98.47,1
4282,1,625,387,17001,98.45,1
4283,1,625,387,16950,98.15,1
4284,1,626,387,16957,98.19,1
4285,1,626,387,16948,98.14,1
4286,1,626,387,16962,98.22,1
4287,1,626,387,16966,98.24,1
4288,1,626,387,16959,98.2,1
4289,1,625,387,16960,98.21,1
4290,1,625,387,16960,98.21,1
4291,1,625,387,16971,98.27,1
4292,1,625,387,16922,97.99,1
4293,1,625,387,17004,98.46,1
4294,1,625,387,16964,98.23,1
4295,1,625,387,16965,98.24,1
4296,1,625,387,16924,98.0,1
4297,1,625,387,16951,98.16,1
4298,1,625,387,16919,97.97,1
4299,1,625,387,16913,97.94,1
4300,1,626,387,16902,97.87,1
4301,1,625,387,16909,97.91,1
4302,1,625,387,16967,98.25,1
4303,1,625,387,16985,98.35,1
4304,1,625,387,16991,98.39,1
4305,1,626,387,16993,98.4,1
4306,1,625,387,16945,98.12,1
4307,1,626,387,16991,98.39,1
4308,1,625,387,16995,98.41,1
4309,1,626,387,16982,98.34,1
4310,1,625,387,16994,98.4,1
4311,1,625,387,16996,98.42,1
4312,1,625,387,16971,98.27,1
4313,1,625,387,17009,98.49,1
4314,1,625,387,16993,98.4,1
4315,1,625,387,16985,98.35,1
4316,1,625,388,16930,98.03,1
4317,1,626,388,16794,97.25,1
4318,1,626,388,16822,97.41,1
4319,1,625,388,16806,97.32,1
4320,1,625,388,16779,97.16,1
4321,1,625,388,16822,97.41,1
4322,1,625,388,16862,97.64,1
4323,1,625,388,16836,97.49,1
4324,1,625,388,16827,97.44,1
4325,1,625,388,16818,97.39,1
4326,1,625,388,16834,97.48,1
4327,1,626,388,16791,97.23,1
4328,1,625,388,16832,97.47,1
4329,1,626,388,16852,97.58,1
4330,1,626,388,16802,97.29,1
4331,1,625,388,16827,97.44,1
4332,1,625,388,16802,97.29,1
4333,1,626,388,16764,97.07,1
4334,1,626,388,16744,96.96,1
4335,1,626,388,16791,97.23,1
4336,1,626,388,16786,97.2,1
4337,1,626,388,16894,97.83,1
4338,1,625,388,16858,97.62,1
4339,1,625,388,16841,97.52,1
4340,1,626,388,16823,97.41,1
4341,1,626,388,16805,97.31,1
4342,1,625,388,16844,97.54,1
4343,1,626,388,16828,97.44,1
4344,1,626,388,16760,97.05,1
4345,1,625,388,16838,97.5,1
4346,1,626,388,16793,97.24,1
4347,1,626,388,16816,97.37,1
4348,1,626,388,16841,97.52,1
4349,1,626,388,16760,97.05,1
4350,1,626,388,16786,97.2,1
4351,1,626,388,16787,97.21,1
4352,1,626,388,16799,97.28,1
4353,1,626,388,16821,97.4,1
4354,1,625,388,16759,97.04,1
4355,1,625,388,16765,97.08,1
4356,1,625,388,16781,97.17,1
4357,1,625,388,16772,97.12,1
4358,1,625,388,16777,97.15,1
4359,1,625,388,16746,96.97,1
4360,1,625,388,16826,97.43,1
4361,1,626,388,16818,97.39,1
4362,1,626,388,16844,97.54,1
4363,1,625,388,16827,97.44,1
4364,1,625,388,16850,97.57,1
4365,1,625,388,16827,97.44,1
4366,1,625,388,16807,97.32,1
4367,1,625,388,16837,97.5,1
4368,1,625,388,16843,97.53,1
4369,1,625,388,16867,97.67,1
4370,1,625,388,16805,97.31,1
4371,1,625,388,16851,97.58,1
4372,1,625,388,16822,97.41,1
4373,1,625,388,16790,97.22,1
4374,1,625,388,16770,97.11,1
4375,1,625,388,16787,97.21,1
4376,1,625,388,16802,97.29,1
4377,1,625,388,16768,97.1,1
4378,1,625,388,16749,96.99,1
4379,1,625,388,16781,97.17,1
4380,1,625,388,16765,97.08,1
4381,1,625,388,16766,97.08,1
4382,1,625,388,16805,97.31,1
4383,1,625,388,16756,97.03,1
4384,1,625,388,16780,97.17,1
4385,1,625,388,16807,97.32,1
4386,1,625,388,16788,97.21,1
4387,1,625,388,16832,97.47,1
4388,1,625,388,16783,97.18,1
4389,1,625,388,16783,97.18,1
4390,1,625,388,16784,97.19,1
4391,1,625,388,16784,97.19,1
4392,1,625,388,16817,97.38,1
4393,1,625,388,16850,97.57,1
4394,1,625,388,16810,97.34,1
4395,1,625,388,16774,97.13,1
4396,1,625,388,16817,97.38,1
4397,1,625,388,16796,97.26,1
4398,1,626,388,16821,97.4,1
4399,1,626,388,16800,97.28,1
4400,1,626,388,16824,97.42,1
4401,1,625,388,16840,97.51,1
4402,1,625,388,16793,97.24,1
4403,1,625,388,16790,97.22,1
4404,1,625,388,16815,97.37,1
4405,1,625,388,16792,97.24,1
4406,1,625,388,16806,97.32,1
4407,1,625,388,16789,97.22,1
4408,1,626,388,16787,97.21,1
4409,1,626,388,16831,97.46,1
4410,1,625,388,16795,97.25,1
4411,1,626,388,16750,96.99,1
4412,1,625,388,16763,97.07,1
4413,1,626,388,16724,96.84,1
4414,1,626,388,16747,96.97,1
4415,1,626,388,16730,96.88,1
4416,1,626,388,16807,97.32,1
4417,1,626,388,16826,97.43,1
4418,1,626,388,16815,97.37,1
4419,1,626,388,16815,97.37,1
4420,1,626,388,16823,97.41,1
4421,1,626,388,16840,97.51,1
4422,1,626,388,16808,97.33,1
4423,1,626,388,16844,97.54,1
4424,1,626,388,16846,97.55,1
4425,1,626,388,16840,97.51,1
4426,1,626,388,16831,97.46,1
4427,1,626,388,16827,97.44,1
4428,1,626,388,16872,97.7,1
4429,1,626,388,16843,97.53,1
4430,1,626,388,16840,97.51,1
4431,1,626,388,16793,97.24,1
4432,1,626,388,16763,97.07,1
4433,1,626,388,16789,97.22,1
4434,1,626,388,16757,97.03,1
4435,1,626,388,16806,97.32,1
4436,1,626,388,16750,96.99,1
4437,1,626,388,16733,96.89,1
4438,1,626,388,16739,96.93,1
4439,1,626,388,16758,97.04,1
4440,1,626,388,16804,97.3,1
4441,1,626,388,16784,97.19,1
4442,1,626,388,16784,97.19,1
4443,1,626,388,16760,97.05,1
4444,1,626,388,16805,97.31,1
4445,1,626,388,16794,97.25,1
4446,1,626,388,16878,97.73,1
4447,1,626,388,16845,97.54,1
4448,1,626,388,16862,97.64,1
4449,1,626,388,16850,97.57,1
4450,1,626,388,16863,97.65,1
4451,1,626,388,16864,97.65,1
4452,1,626,388,16821,97.4,1
4453,1,626,388,16831,97.46,1
4454,1,626,388,16857,97.61,1
4455,1,626,388,16832,97.47,1
4456,1,626,388,16809,97.33,1
4457,1,626,388,16826,97.43,1
4458,1,626,388,16876,97.72,1
4459,1,626,388,16803,97.3,1
4460,1,626,388,16797,97.26,1
4461,1,626,388,16789,97.22,1
4462,1,626,388,16784,97.19,1
4463,1,626,388,16780,97.17,1
4464,1,625,388,16777,97.15,1
4465,1,626,388,16786,97.2,1
4466,1,626,388,16794,97.25,1
4467,1,626,388,16796,97.26,1
4468,1,626,388,16790,97.22,1
4469,1,625,388,16820,97.4,1
4470,1,625,388,16801,97.29,1
4471,1,625,388,16782,97.18,1
4472,1,625,388,16789,97.22,1
4473,1,626,388,16774,97.13,1
4474,1,626,388,16689,96.64,1
4475,1,626,388,16719,96.81,1
4476,1,626,388,16763,97.07,1
4477,1,626,388,16653,96.43,1
4478,1,626,388,16610,96.18,1
4479,1,626,388,16575,95.98,1
4480,1,626,389,16603,96.14,1
4481,1,626,389,16582,96.02,1
4482,1,625,389,16592,96.08,1
4483,1,626,388,16620,96.24,1
4484,1,625,388,16608,96.17,1
4485,1,626,388,16602,96.13,1
4486,1,626,388,16591,96.07,1
4487,1,625,388,16621,96.24,1
4488,1,625,388,16624,96.26,1
4489,1,625,388,16620,96.24,1
4490,1,625,388,16604,96.15,1
4491,1,625,388,16605,96.15,1
4492,1,625,388,16622,96.25,1
4493,1,625,388,16559,95.89,1
4494,1,625,388,16572,95.96,1
4495,1,625,389,16542,95.79,1
4496,1,625,389,16560,95.89,1
4497,1,625,389,16578,96.0,1
4498,1,625,388,16584,96.03,1
4499,1,625,388,16628,96.29,1
4500,1,625,389,16636,96.33,1
4501,1,625,388,16654,96.44,1
4502,1,625,388,16642,96.37,1
4503,1,625,388,16640,96.35,1
4504,1,625,389,16653,96.43,1
4505,1,626,388,16637,96.34,1
4506,1,625,388,16641,96.36,1
4507,1,625,388,16626,96.27,1
4508,1,626,388,16644,96.38,1
4509,1,626,388,16617,96.22,1
4510,1,626,388,16612,96.19,1
4511,1,625,388,16674,96.55,1
4512,1,626,388,16672,96.54,1
4513,1,626,388,16686,96.62,1
4514,1,626,388,16693,96.66,1
4515,1,626,388,16692,96.66,1
4516,1,626,388,16718,96.81,1
4517,1,626,388,16692,96.66,1
4518,1,626,388,16668,96.52,1
4519,1,626,388,16704,96.73,1
4520,1,626,388,16653,96.43,1
4521,1,626,388,16697,96.68,1
4522,1,626,388,16639,96.35,1
4523,1,626,388,16631,96.3,1
4524,1,626,388,16634,96.32,1
4525,1,626,388,16664,96.49,1
4526,1,626,388,16615,96.21,1
4527,1,626,388,16564,95.91,1
4528,1,626,388,16606,96.16,1
4529,1,626,388,16622,96.25,1
4530,1,626,388,16605,96.15,1
4531,1,626,388,16560,95.89,1
4532,1,626,388,16568,95.94,1
4533,1,626,388,16594,96.09,1
4534,1,626,388,16609,96.18,1
4535,1,626,388,16580,96.01,1
4536,1,626,388,16624,96.26,1
4537,1,626,388,16688,96.63,1
4538,1,626,388,16586,96.04,1
4539,1,626,388,16592,96.08,1
4540,1,626,388,16631,96.3,1
4541,1,626,388,16633,96.31,1
4542,1,626,389,16656,96.45,1
4543,1,626,388,16598,96.11,1
4544,1,626,388,16646,96.39,1
4545,1,626,388,16674,96.55,1
4546,1,626,388,16662,96.48,1
4547,1,626,388,16655,96.44,1
4548,1,626,388,16645,96.38,1
4549,1,626,388,16705,96.73,1
4550,1,626,389,16672,96.54,1
4551,1,626,388,16657,96.45,1
4552,1,626,388,16670,96.53,1
4553,1,626,388,16688,96.63,1
4554,1,626,388,16661,96.48,1
4555,1,626,388,16646,96.39,1
4556,1,626,388,16663,96.49,1
4557,1,626,388,16667,96.51,1
4558,1,626,388,16714,96.78,1
4559,1,626,388,16693,96.66,1
4560,1,626,388,16676,96.56,1
4561,1,626,388,16669,96.52,1
4562,1,626,388,16680,96.59,1
4563,1,626,388,16669,96.52,1
4564,1,626,388,16708,96.75,1
4565,1,626,388,16701,96.71,1
4566,1,626,388,16645,96.38,1
4567,1,626,388,16648,96.4,1
4568,1,626,388,16665,96.5,1
4569,1,626,388,16682,96.6,1
4570,1,626,388,16646,96.39,1
4571,1,626,388,16671,96.53,1
4572,1,626,388,16679,96.58,1
4573,1,626,388,16646,96.39,1
4574,1,626,388,16630,96.3,1
4575,1,626,388,16693,96.66,1
4576,1,626,388,16734,96.9,1
4577,1,626,388,16721,96.82,1
4578,1,626,388,16669,96.52,1
4579,1,626,388,16668,96.52,1
4580,1,626,388,16731,96.88,1
4581,1,626,388,16708,96.75,1
4582,1,626,388,16705,96.73,1
4583,1,626,388,16709,96.75,1
4584,1,626,388,16718,96.81,1
4585,1,626,388,16682,96.6,1
4586,1,626,388,16700,96.7,1
4587,1,625,388,16671,96.53,1
4588,1,626,388,16621,96.24,1
4589,1,626,388,16606,96.16,1
4590,1,626,388,16653,96.43,1
4591,1,626,388,16651,96.42,1
4592,1,625,388,16658,96.46,1
4593,1,626,388,16673,96.55,1
4594,1,625,388,16677,96.57,1
4595,1,626,388,16725,96.85,1
4596,1,625,388,16689,96.64,1
4597,1,626,388,16693,96.66,1
4598,1,625,388,16638,96.34,1
4599,1,625,388,16697,96.68,1
4600,1,626,388,16660,96.47,1
4601,1,626,388,16704,96.73,1
4602,1,626,388,16708,96.75,1
4603,1,626,388,16684,96.61,1
4604,1,626,388,16723,96.84,1
4605,1,626,388,16631,96.3,1
4606,1,626,388,16651,96.42,1
4607,1,626,388,16663,96.49,1
4608,1,626,388,16698,96.69,1
4609,1,626,388,16711,96.77,1
4610,1,626,388,16661,96.48,1
4611,1,626,388,16648,96.4,1
4612,1,626,388,16667,96.51,1
4613,1,626,388,16703,96.72,1
4614,1,625,388,16660,96.47,1
4615,1,626,388,16708,96.75,1
4616,1,626,388,16755,97.02,1
4617,1,625,388,16743,96.95,1
4618,1,626,388,16672,96.54,1
4619,1,626,388,16677,96.57,1
4620,1,626,388,16696,96.68,1
4621,1,626,388,16684,96.61,1
4622,1,626,388,16722,96.83,1
4623,1,626,388,16704,96.73,1
4624,1,626,388,16695,96.67,1
4625,1,626,388,16641,96.36,1
4626,1,626,388,16690,96.64,1
4627,1,626,388,16706,96.74,1
4628,1,626,388,16657,96.45,1
4629,1,626,388,16683,96.6,1
4630,1,626,388,16671,96.53,1
4631,1,626,388,16704,96.73,1
4632,1,626,388,16675,96.56,1
4633,1,626,388,16714,96.78,1
4634,1,626,388,16727,96.86,1
4635,1,626,388,16710,96.76,1
4636,1,626,388,16720,96.82,1
4637,1,626,388,16699,96.7,1
4638,1,626,388,16678,96.57,1
4639,1,626,388,16670,96.53,1
4640,1,626,388,16742,96.95,1
4641,1,626,388,16761,97.06,1
4642,1,626,388,16732,96.89,1
4643,1,626,388,16745,96.96,1
4644,1,626,388,16722,96.83,1
4645,1,626,388,16735,96.9,1
4646,1,626,388,16701,96.71,1
4647,1,626,388,16679,96.58,1
4648,1,626,388,16677,96.57,1
4649,1,626,388,16694,96.67,1
4650,1,626,388,16702,96.71,1
4651,1,626,388,16701,96.71,1
4652,1,626,388,16757,97.03,1
4653,1,626,388,16687,96.63,1
4654,1,626,388,16713,96.78,1
4655,1,626,388,16645,96.38,1
4656,1,626,388,16679,96.58,1
4657,1,626,388,16730,96.88,1
4658,1,626,388,16721,96.82,1
4659,1,626,388,16735,96.9,1
4660,1,626,388,16729,96.87,1
4661,1,626,388,16733,96.89,1
4662,1,626,388,16746,96.97,1
4663,1,626,388,16708,96.75,1
4664,1,626,388,16680,96.59,1
4665,1,626,388,16678,96.57,1
4666,1,626,388,16713,96.78,1
4667,1,626,388,16693,96.66,1
4668,1,626,388,16687,96.63,1
4669,1,626,388,16719,96.81,1
4670,1,626,388,16707,96.74,1
4671,1,626,388,16684,96.61,1
4672,1,626,388,16673,96.55,1
4673,1,626,388,16701,96.71,1
4674,1,626,388,16673,96.55,1
4675,1,626,388,16681,96.59,1
4676,1,626,388,16692,96.66,1
4677,1,626,388,16695,96.67,1
4678,1,626,388,16690,96.64,1
4679,1,626,388,16720,96.82,1
4680,1,626,388,16755,97.02,1
4681,1,626,388,16737,96.92,1
4682,1,626,388,16703,96.72,1
4683,1,626,388,16720,96.82,1
4684,1,626,388,16700,96.7,1
4685,1,626,388,16698,96.69,1
4686,1,626,388,16706,96.74,1
4687,1,626,388,16702,96.71,1
4688,1,626,388,16703,96.72,1
4689,1,626,388,16694,96.67,1
4690,1,626,388,16639,96.35,1
4691,1,626,388,16706,96.74,1
4692,1,626,388,16723,96.84,1
4693,1,626,388,16673,96.55,1
4694,1,626,388,16700,96.7,1
4695,1,626,388,16715,96.79,1
4696,1,626,388,16713,96.78,1
4697,1,626,388,16762,97.06,1
4698,1,626,388,16728,96.86,1
4699,1,626,388,16730,96.88,1
4700,1,626,388,16758,97.04,1
4701,1,626,388,16691,96.65,1
4702,1,626,388,16682,96.6,1
4703,1,626,388,16631,96.3,1
4704,1,626,388,16679,96.58,1
4705,1,626,388,16684,96.61,1
4706,1,626,388,16649,96.41,1
4707,1,626,388,16690,96.64,1
4708,1,626,388,16680,96.59,1
4709,1,626,388,16709,96.75,1
4710,1,626,388,16702,96.71,1
4711,1,626,388,16717,96.8,1
4712,1,626,388,16682,96.6,1
4713,1,626,388,16751,97.0,1
4714,1,626,388,16704,96.73,1
4715,1,626,388,16683,96.6,1
4716,1,626,388,16724,96.84,1
4717,1,626,388,16725,96.85,1
4718,1,626,388,16683,96.6,1
4719,1,626,388,16704,96.73,1
4720,1,626,388,16720,96.82,1
4721,1,626,388,16742,96.95,1
4722,1,626,388,16708,96.75,1
4723,1,626,388,16733,96.89,1
4724,1,626,388,16675,96.56,1
4725,1,626,388,16655,96.44,1
4726,1,626,388,16656,96.45,1
4727,1,626,388,16675,96.56,1
4728,1,626,388,16695,96.67,1
4729,1,626,388,16708,96.75,1
4730,1,626,388,16686,96.62,1
4731,1,626,388,16728,96.86,1
4732,1,626,388,16773,97.12,1
4733,1,626,388,16698,96.69,1
4734,1,626,388,16741,96.94,1
4735,1,626,388,16705,96.73,1
4736,1,626,388,16690,96.64,1
4737,1,626,388,16730,96.88,1
4738,1,626,388,16688,96.63,1
4739,1,626,388,16729,96.87,1
4740,1,626,388,16736,96.91,1
4741,1,626,388,16715,96.79,1
4742,1,626,388,16692,96.66,1
4743,1,626,388,16742,96.95,1
4744,1,626,388,16703,96.72,1
4745,1,626,388,16721,96.82,1
4746,1,626,388,16690,96.64,1
4747,1,626,388,16694,96.67,1
4748,1,626,388,16733,96.89,1
4749,1,626,388,16694,96.67,1
4750,1,626,388,16737,96.92,1
4751,1,626,388,16733,96.89,1
4752,1,626,388,16749,96.99,1
4753,1,626,388,16755,97.02,1
4754,1,626,388,16735,96.9,1
4755,1,626,388,16761,97.06,1
4756,1,626,388,16771,97.11,1
4757,1,626,388,16788,97.21,1
4758,1,626,388,16703,96.72,1
4759,1,626,388,16766,97.08,1
4760,1,626,388,16758,97.04,1
4761,1,626,388,16723,96.84,1
4762,1,626,388,16735,96.9,1
4763,1,626,388,16691,96.65,1
4764,1,626,388,16709,96.75,1
4765,1,626,388,16732,96.89,1
4766,1,626,388,16768,97.1,1
4767,1,626,388,16737,96.92,1
4768,1,626,388,16747,96.97,1
4769,1,626,388,16706,96.74,1
4770,1,626,388,16712,96.77,1
4771,1,626,388,16751,97.0,1
4772,1,626,388,16755,97.02,1
4773,1,626,388,16738,96.92,1
4774,1,626,388,16725,96.85,1
4775,1,626,388,16730,96.88,1
4776,1,626,388,16715,96.79,1
4777,1,626,388,16744,96.96,1
4778,1,626,388,16718,96.81,1
4779,1,626,388,16743,96.95,1
4780,1,626,388,16734,96.9,1
4781,1,626,388,16728,96.86,1
4782,1,626,388,16731,96.88,1
4783,1,626,388,16726,96.85,1
4784,1,626,388,16731,96.88,1
4785,1,626,388,16715,96.79,1
4786,1,626,388,16647,96.4,1
4787,1,626,388,16703,96.72,1
4788,1,626,388,16729,96.87,1
4789,1,626,388,16737,96.92,1
4790,1,626,388,16748,96.98,1
4791,1,626,388,16774,97.13,1
4792,1,626,388,16753,97.01,1
4793,1,626,388,16737,96.92,1
4794,1,626,388,16706,96.74,1
4795,1,626,388,16724,96.84,1
4796,1,626,388,16708,96.75,1
4797,1,626,388,16754,97.01,1
4798,1,626,388,16695,96.67,1
4799,1,626,388,16682,96.6,1
4800,1,626,388,16722,96.83,1
4801,1,626,388,16751,97.0,1
4802,1,626,388,16713,96.78,1
4803,1,626,388,16725,96.85,1
4804,1,626,388,16720,96.82,1
4805,1,626,388,16751,97.0,1
4806,1,626,388,16734,96.9,1
4807,1,626,388,16745,96.96,1
4808,1,626,388,16777,97.15,1
4809,1,626,388,16794,97.25,1
4810,1,626,388,16787,97.21,1
4811,1,626,388,16752,97.0,1
4812,1,626,388,16790,97.22,1
4813,1,626,388,16775,97.14,1
4814,1,626,388,16794,97.25,1
4815,1,626,388,16782,97.18,1
4816,1,626,388,16776,97.14,1
4817,1,626,388,16772,97.12,1
4818,1,626,388,16707,96.74,1
4819,1,626,388,16728,96.86,1
4820,1,626,388,16736,96.91,1
4821,1,626,388,16799,97.28,1
4822,1,626,388,16735,96.9,1
4823,1,626,388,16729,96.87,1
4824,1,626,388,16729,96.87,1
4825,1,626,388,16723,96.84,1
4826,1,626,388,16705,96.73,1
4827,1,626,388,16718,96.81,1
4828,1,626,388,16720,96.82,1
4829,1,625,388,16722,96.83,1
4830,1,626,388,16743,96.95,1
4831,1,626,388,16695,96.67,1
4832,1,626,388,16713,96.78,1
4833,1,626,388,16752,97.0,1
4834,1,626,388,16719,96.81,1
4835,1,626,388,16697,96.68,1
4836,1,626,388,16672,96.54,1
4837,1,626,388,16619,96.23,1
4838,1,626,388,16603,96.14,1
4839,1,626,388,16590,96.07,1
4840,1,626,389,16609,96.18,1
4841,1,626,388,16613,96.2,1
4842,1,626,388,16545,95.8,1
4843,1,626,388,16562,95.9,1
4844,1,626,388,16574,95.97,1
4845,1,626,389,16565,95.92,1
4846,1,626,388,16559,95.89,1
4847,1,626,389,16546,95.81,1
4848,1,626,389,16555,95.86,1
4849,1,626,388,16571,95.96,1
4850,1,626,389,16599,96.12,1
4851,1,626,389,16619,96.23,1
4852,1,626,388,16601,96.13,1
4853,1,626,388,16577,95.99,1
4854,1,626,388,16614,96.2,1
4855,1,626,388,16679,96.58,1
4856,1,626,388,16621,96.24,1
4857,1,626,388,16670,96.53,1
4858,1,626,388,16662,96.48,1
4859,1,626,388,16628,96.29,1
4860,1,626,388,16640,96.35,1
4861,1,626,388,16574,95.97,1
4862,1,626,388,16639,96.35,1
4863,1,626,388,16623,96.26,1
4864,1,626,388,16606,96.16,1
4865,1,626,388,16597,96.11,1
4866,1,626,388,16614,96.2,1
4867,1,626,388,16611,96.19,1
4868,1,626,389,16618,96.23,1
4869,1,626,388,16544,95.8,1
4870,1,626,388,16593,96.08,1
4871,1,626,388,16598,96.11,1
4872,1,626,388,16588,96.05,1
4873,1,626,388,16608,96.17,1
4874,1,626,389,16592,96.08,1
4875,1,626,388,16604,96.15,1
4876,1,626,388,16632,96.31,1
4877,1,626,389,16634,96.32,1
4878,1,626,389,16581,96.01,1
4879,1,626,389,16544,95.8,1
4880,1,626,389,16585,96.04,1
4881,1,626,389,16610,96.18,1
4882,1,626,388,16566,95.93,1
4883,1,626,389,16617,96.22,1
4884,1,626,389,16636,96.33,1
4885,1,626,389,16624,96.26,1
4886,1,626,389,16607,96.16,1
4887,1,626,388,16607,96.16,1
4888,1,626,388,16614,96.2,1
4889,1,626,389,16638,96.34,1
4890,1,626,389,16602,96.13,1
4891,1,626,388,16573,95.97,1
4892,1,626,388,16583,96.02,1
4893,1,626,388,16612,96.19,1
4894,1,626,388,16635,96.33,1
4895,1,626,388,16638,96.34,1
4896,1,626,388,16615,96.21,1
4897,1,626,388,16621,96.24,1
4898,1,626,388,16561,95.9,1
4899,1,626,389,16591,96.07,1
4900,1,626,389,16586,96.04,1
4901,1,626,389,16596,96.1,1
4902,1,626,388,16585,96.04,1
4903,1,626,388,16596,96.1,1
4904,1,626,388,16588,96.05,1
4905,1,626,389,16639,96.35,1
4906,1,626,388,16611,96.19,1
4907,1,626,388,16611,96.19,1
4908,1,626,389,16610,96.18,1
4909,1,626,389,16602,96.13,1
4910,1,626,389,16624,96.26,1
4911,1,626,389,16575,95.98,1
4912,1,626,389,16648,96.4,1
4913,1,626,388,16632,96.31,1
4914,1,626,389,16584,96.03,1
4915,1,626,389,16631,96.3,1
4916,1,626,389,16610,96.18,1
4917,1,626,389,16573,95.97,1
4918,1,626,389,16587,96.05,1
4919,1,626,389,16585,96.04,1
4920,1,626,389,16555,95.86,1
4921,1,626,389,16556,95.87,1
4922,1,626,389,16545,95.8,1
4923,1,626,389,16552,95.85,1
4924,1,626,389,16548,95.82,1
4925,1,626,389,16573,95.97,1
4926,1,626,389,16558,95.88,1
4927,1,626,389,16582,96.02,1
4928,1,626,389,16595,96.09,1
4929,1,626,389,16581,96.01,1
4930,1,626,388,16598,96.11,1
4931,1,626,389,16635,96.33,1
4932,1,626,389,16593,96.08,1
4933,1,626,389,16610,96.18,1
4934,1,626,389,16629,96.29,1
4935,1,626,389,16633,96.31,1
4936,1,626,389,16571,95.96,1
4937,1,626,388,16580,96.01,1
4938,1,626,389,16602,96.13,1
4939,1,626,388,16600,96.12,1
4940,1,626,389,16586,96.04,1
4941,1,626,388,16573,95.97,1
4942,1,626,389,16595,96.09,1
4943,1,626,388,16612,96.19,1
4944,1,626,389,16641,96.36,1
4945,1,626,388,16632,96.31,1
4946,1,626,388,16641,96.36,1
4947,1,626,389,16647,96.4,1
4948,1,626,389,16585,96.04,1
4949,1,627,389,16562,95.9,1
4950,1,626,388,16593,96.08,1
4951,1,626,389,16591,96.07,1
4952,1,626,389,16571,95.96,1
4953,1,627,389,16605,96.15,1
4954,1,626,389,16605,96.15,1
4955,1,626,388,16600,96.12,1
4956,1,626,389,16602,96.13,1
4957,1,627,389,16585,96.04,1
4958,1,626,389,16611,96.19,1
4959,1,626,389,16576,95.98,1
4960,1,626,389,16579,96.0,1
4961,1,626,389,16642,96.37,1
4962,1,626,389,16511,95.61,1
4963,1,626,389,16591,96.07,1
4964,1,626,389,16592,96.08,1
4965,1,626,389,16576,95.98,1
4966,1,626,389,16599,96.12,1
4967,1,626,389,16614,96.2,1
4968,1,626,389,16595,96.09,1
4969,1,626,389,16592,96.08,1
4970,1,626,388,16605,96.15,1
4971,1,626,389,16602,96.13,1
4972,1,626,389,16614,96.2,1
4973,1,626,389,16592,96.08,1
4974,1,626,388,16611,96.19,1
4975,1,626,388,16631,96.3,1
4976,1,626,389,16617,96.22,1
4977,1,626,389,16576,95.98,1
4978,1,627,389,16570,95.95,1
4979,1,626,389,16605,96.15,1
4980,1,626,389,16583,96.02,1
4981,1,626,389,16623,96.26,1
4982,1,626,388,16588,96.05,1
4983,1,626,388,16638,96.34,1
4984,1,626,389,16592,96.08,1
4985,1,626,388,16598,96.11,1
4986,1,626,388,16587,96.05,1
4987,1,626,389,16585,96.04,1
4988,1,626,388,16588,96.05,1
4989,1,626,389,16608,96.17,1
4990,1,626,388,16631,96.3,1
4991,1,626,388,16616,96.22,1
4992,1,626,389,16652,96.42,1
4993,1,626,388,16672,96.54,1
4994,1,626,389,16611,96.19,1
4995,1,626,389,16624,96.26,1
4996,1,626,388,16611,96.19,1
4997,1,626,389,16623,96.26,1
4998,1,626,389,16607,96.16,1
4999,1,626,388,16623,96.26,1
5000,1,626,389,16625,96.27,1
5001,1,626,389,16652,96.42,1
5002,1,626,389,16636,96.33,1
5003,1,626,389,16587,96.05,1
5004,1,626,389,16592,96.08,1
5005,1,626,389,16569,95.94,1
5006,1,626,388,16532,95.73,1
5007,1,626,389,16560,95.89,1
5008,1,626,389,16560,95.89,1
5009,1,626,388,16574,95.97,1
5010,1,626,388,16575,95.98,1
5011,1,626,389,16584,96.03,1
5012,1,626,389,16568,95.94,1
5013,1,626,388,16574,95.97,1
5014,1,626,388,16538,95.76,1
5015,1,626,389,16566,95.93,1
5016,1,626,388,16575,95.98,1
5017,1,626,388,16593,96.08,1
5018,1,626,388,16564,95.91,1
5019,1,626,388,16622,96.25,1
5020,1,626,388,16620,96.24,1
5021,1,626,389,16584,96.03,1
5022,1,626,389,16646,96.39,1
5023,1,626,389,16651,96.42,1
5024,1,626,389,16666,96.51,1
5025,1,626,389,16633,96.31,1
5026,1,626,388,16635,96.33,1
5027,1,626,389,16637,96.34,1
5028,1,626,389,16647,96.4,1
5029,1,626,389,16704,96.73,1
5030,1,626,388,16651,96.42,1
5031,1,626,388,16632,96.31,1
5032,1,626,389,16694,96.67,1
5033,1,626,388,16660,96.47,1
5034,1,626,388,16634,96.32,1
5035,1,626,389,16618,96.23,1
5036,1,626,388,16630,96.3,1
5037,1,626,388,16618,96.23,1
5038,1,626,388,16585,96.04,1
5039,1,626,388,16578,96.0,1
5040,1,626,389,16593,96.08,1
5041,1,626,389,16621,96.24,1
5042,1,626,389,16658,96.46,1
5043,1,626,389,16603,96.14,1
5044,1,626,389,16614,96.2,1
5045,1,626,389,16601,96.13,1
5046,1,626,388,16585,96.04,1
5047,1,626,388,16605,96.15,1
5048,1,626,389,16647,96.4,1
5049,1,626,389,16647,96.4,1
5050,1,626,389,16623,96.26,1
5051,1,626,388,16603,96.14,1
5052,1,626,389,16639,96.35,1
5053,1,626,389,16607,96.16,1
5054,1,627,389,16584,96.03,1
5055,1,626,388,16572,95.96,1
5056,1,626,389,16578,96.0,1
5057,1,626,389,16588,96.05,1
5058,1,626,388,16541,95.78,1
5059,1,626,389,16543,95.79,1
5060,1,626,388,16533,95.74,1
5061,1,626,389,16581,96.01,1
5062,1,626,388,16583,96.02,1
5063,1,626,388,16580,96.01,1
5064,1,626,389,16586,96.04,1
5065,1,626,389,16604,96.15,1
5066,1,626,388,16558,95.88,1
5067,1,626,389,16600,96.12,1
5068,1,626,388,16597,96.11,1
5069,1,627,389,16611,96.19,1
5070,1,627,388,16591,96.07,1
5071,1,627,388,16546,95.81,1
5072,1,626,389,16661,96.48,1
5073,1,626,389,16586,96.04,1
5074,1,626,388,16545,95.8,1
5075,1,626,389,16548,95.82,1
5076,1,627,388,16581,96.01,1
5077,1,627,388,16582,96.02,1
5078,1,626,388,16580,96.01,1
5079,1,627,389,16586,96.04,1
5080,1,626,389,16623,96.26,1
5081,1,626,389,16643,96.37,1
5082,1,626,388,16612,96.19,1
5083,1,627,389,16625,96.27,1
5084,1,626,389,16666,96.51,1
5085,1,626,389,16654,96.44,1
5086,1,626,389,16653,96.43,1
5087,1,626,388,16652,96.42,1
5088,1,626,389,16675,96.56,1
5089,1,626,389,16684,96.61,1
5090,1,626,388,16608,96.17,1
5091,1,626,388,16630,96.3,1
5092,1,626,388,16628,96.29,1
5093,1,626,388,16609,96.18,1
5094,1,626,388,16600,96.12,1
5095,1,626,389,16654,96.44,1
5096,1,627,389,16636,96.33,1
5097,1,626,389,16648,96.4,1
5098,1,626,389,16618,96.23,1
5099,1,626,389,16630,96.3,1
5100,1,626,389,16635,96.33,1
5101,1,626,389,16613,96.2,1
5102,1,626,389,16626,96.27,1
5103,1,626,389,16623,96.26,1
5104,1,626,389,16632,96.31,1
5105,1,626,389,16604,96.15,1
5106,1,626,388,16598,96.11,1
5107,1,626,389,16636,96.33,1
5108,1,626,389,16634,96.32,1
5109,1,626,389,16684,96.61,1
5110,1,626,389,16669,96.52,1
5111,1,626,388,16680,96.59,1
5112,1,626,388,16635,96.33,1
5113,1,626,388,16638,96.34,1
5114,1,626,388,16616,96.22,1
5115,1,626,388,16605,96.15,1
5116,1,626,389,16606,96.16,1
5117,1,626,388,16639,96.35,1
5118,1,626,389,16625,96.27,1
5119,1,626,388,16604,96.15,1
5120,1,626,388,16635,96.33,1
5121,1,626,389,16676,96.56,1
5122,1,626,389,16608,96.17,1
5123,1,626,389,16619,96.23,1
5124,1,626,389,16633,96.31,1
5125,1,626,388,16628,96.29,1
5126,1,626,388,16623,96.26,1
5127,1,626,389,16644,96.38,1
5128,1,626,389,16637,96.34,1
5129,1,626,389,16664,96.49,1
5130,1,626,388,16614,96.2,1
5131,1,626,389,16588,96.05,1
5132,1,626,389,16597,96.11,1
5133,1,626,388,16571,95.96,1
5134,1,626,389,16590,96.07,1
5135,1,626,389,16607,96.16,1
5136,1,626,388,16658,96.46,1
5137,1,626,388,16697,96.68,1
5138,1,626,389,16610,96.18,1
5139,1,626,389,16623,96.26,1
5140,1,626,389,16615,96.21,1
5141,1,626,389,16657,96.45,1
5142,1,626,388,16661,96.48,1
5143,1,626,389,16665,96.5,1
5144,1,626,389,16680,96.59,1
5145,1,626,388,16656,96.45,1
5146,1,626,388,16635,96.33,1
5147,1,626,389,16633,96.31,1
5148,1,626,388,16645,96.38,1
5149,1,626,388,16621,96.24,1
5150,1,626,388,16600,96.12,1
5151,1,626,388,16609,96.18,1
5152,1,626,389,16642,96.37,1
5153,1,626,388,16647,96.4,1
5154,1,626,389,16626,96.27,1
5155,1,626,389,16648,96.4,1
5156,1,626,388,16643,96.37,1
5157,1,626,389,16643,96.37,1
5158,1,626,388,16609,96.18,1
5159,1,626,389,16636,96.33,1
5160,1,626,388,16632,96.31,1
5161,1,626,389,16643,96.37,1
5162,1,627,389,16626,96.27,1
5163,1,626,388,16646,96.39,1
5164,1,626,388,16639,96.35,1
5165,1,627,388,16634,96.32,1
5166,1,627,388,16649,96.41,1
5167,1,626,389,16641,96.36,1
5168,1,626,389,16636,96.33,1
5169,1,626,389,16656,96.45,1
5170,1,627,389,16582,96.02,1
5171,1,626,389,16646,96.39,1
5172,1,626,388,16606,96.16,1
5173,1,626,388,16630,96.3,1
5174,1,626,389,16642,96.37,1
5175,1,626,389,16659,96.46,1
5176,1,626,389,16625,96.27,1
5177,1,626,389,16652,96.42,1
5178,1,627,389,16671,96.53,1
5179,1,627,388,16668,96.52,1
5180,1,626,389,16704,96.73,1
5181,1,627,388,16668,96.52,1
5182,1,626,388,16689,96.64,1
5183,1,626,388,16650,96.41,1
5184,1,626,389,16684,96.61,1
5185,1,626,389,16706,96.74,1
5186,1,626,388,16621,96.24,1
5187,1,626,389,16729,96.87,1
5188,1,627,388,16633,96.31,1
5189,1,626,388,16677,96.57,1
5190,1,626,388,16631,96.3,1
5191,1,626,388,16610,96.18,1
5192,1,626,388,16630,96.3,1
5193,1,626,388,16657,96.45,1
5194,1,626,388,16637,96.34,1
5195,1,626,389,16653,96.43,1
5196,1,626,388,16672,96.54,1
5197,1,626,388,16622,96.25,1
5198,1,626,388,16618,96.23,1
5199,1,627,388,16642,96.37,1
5200,1,626,388,16691,96.65,1
5201,1,626,388,16698,96.69,1
5202,1,627,388,16629,96.29,1
5203,1,626,388,16660,96.47,1
5204,1,626,388,16621,96.24,1
5205,1,626,388,16681,96.59,1
5206,1,626,388,16654,96.44,1
5207,1,627,389,16658,96.46,1
5208,1,626,388,16601,96.13,1
5209,1,626,388,16663,96.49,1
5210,1,626,389,16673,96.55,1
5211,1,626,388,16609,96.18,1
5212,1,627,388,16616,96.22,1
5213,1,626,389,16623,96.26,1
5214,1,626,389,16654,96.44,1
5215,1,626,389,16634,96.32,1
5216,1,626,388,16604,96.15,1
5217,1,626,388,16599,96.12,1
5218,1,626,388,16612,96.19,1
5219,1,626,388,16638,96.34,1
5220,1,626,388,16607,96.16,1
5221,1,626,388,16617,96.22,1
5222,1,626,388,16595,96.09,1
5223,1,626,388,16627,96.28,1
5224,1,626,388,16630,96.3,1
5225,1,626,388,16632,96.31,1
5226,1,626,388,16622,96.25,1
5227,1,626,388,16627,96.28,1
5228,1,626,388,16645,96.38,1
5229,1,626,389,16615,96.21,1
5230,1,626,388,16618,96.23,1
5231,1,626,389,16618,96.23,1
5232,1,626,388,16644,96.38,1
5233,1,626,388,16666,96.51,1
5234,1,626,388,16663,96.49,1
5235,1,626,388,16654,96.44,1
5236,1,626,389,16653,96.43,1
5237,1,626,389,16669,96.52,1
5238,1,626,389,16635,96.33,1
5239,1,627,389,16678,96.57,1
5240,1,626,389,16682,96.6,1
5241,1,626,388,16707,96.74,1
5242,1,627,388,16670,96.53,1
5243,1,626,388,16691,96.65,1
5244,1,626,388,16680,96.59,1
5245,1,626,388,16628,96.29,1
5246,1,626,388,16683,96.6,1
5247,1,626,388,16683,96.6,1
5248,1,626,388,16648,96.4,1
5249,1,626,388,16632,96.31,1
5250,1,626,388,16622,96.25,1
5251,1,626,388,16670,96.53,1
5252,1,627,388,16631,96.3,1
5253,1,626,388,16628,96.29,1
5254,1,626,388,16608,96.17,1
5255,1,626,388,16687,96.63,1
5256,1,627,388,16630,96.3,1
5257,1,626,389,16668,96.52,1
5258,1,627,389,16680,96.59,1
5259,1,626,389,16666,96.51,1
5260,1,626,389,16720,96.82,1
5261,1,626,388,16664,96.49,1
5262,1,626,388,16654,96.44,1
5263,1,626,388,16708,96.75,1
5264,1,626,388,16672,96.54,1
5265,1,626,388,16670,96.53,1
5266,1,627,388,16648,96.4,1
5267,1,627,388,16633,96.31,1
5268,1,626,388,16620,96.24,1
5269,1,626,388,16651,96.42,1
5270,1,626,388,16666,96.51,1
5271,1,626,388,16644,96.38,1
5272,1,626,388,16672,96.54,1
5273,1,626,388,16698,96.69,1
5274,1,627,388,16688,96.63,1
5275,1,627,388,16668,96.52,1
5276,1,627,388,16658,96.46,1
5277,1,626,388,16698,96.69,1
5278,1,626,388,16733,96.89,1
5279,1,627,389,16642,96.37,1
5280,1,627,389,16692,96.66,1
5281,1,627,388,16674,96.55,1
5282,1,627,389,16650,96.41,1
5283,1,627,388,16682,96.6,1
5284,1,627,389,16670,96.53,1
5285,1,627,388,16695,96.67,1
5286,1,627,388,16634,96.32,1
5287,1,626,388,16638,96.34,1
5288,1,626,389,16643,96.37,1
5289,1,626,389,16643,96.37,1
5290,1,627,388,16629,96.29,1
5291,1,626,388,16640,96.35,1
5292,1,626,388,16690,96.64,1
5293,1,627,388,16626,96.27,1
5294,1,626,389,16674,96.55,1
5295,1,626,388,16674,96.55,1
5296,1,627,388,16707,96.74,1
5297,1,626,388,16675,96.56,1
5298,1,627,388,16654,96.44,1
5299,1,626,388,16668,96.52,1
5300,1,626,388,16649,96.41,1
5301,1,626,388,16734,96.9,1
5302,1,626,388,16710,96.76,1
5303,1,626,388,16682,96.6,1
5304,1,626,388,16673,96.55,1
5305,1,626,388,16684,96.61,1
5306,1,626,388,16720,96.82,1
5307,1,626,388,16610,96.18,1
5308,1,626,388,16652,96.42,1
5309,1,626,388,16650,96.41,1
5310,1,626,389,16636,96.33,1
5311,1,626,388,16627,96.28,1
5312,1,626,388,16606,96.16,1
5313,1,626,388,16662,96.48,1
5314,1,626,388,16604,96.15,1
5315,1,626,388,16640,96.35,1
5316,1,626,388,16599,96.12,1
5317,1,626,388,16627,96.28,1
5318,1,627,388,16609,96.18,1
5319,1,626,388,16685,96.62,1
5320,1,626,388,16678,96.57,1
5321,1,626,388,16642,96.37,1
5322,1,626,388,16665,96.5,1
5323,1,627,388,16692,96.66,1
5324,1,626,388,16667,96.51,1
5325,1,626,388,16614,96.2,1
5326,1,626,388,16616,96.22,1
5327,1,626,388,16638,96.34,1
5328,1,626,388,16704,96.73,1
5329,1,626,389,16672,96.54,1
5330,1,626,388,16620,96.24,1
5331,1,626,389,16668,96.52,1
5332,1,626,388,16643,96.37,1
5333,1,626,388,16625,96.27,1
5334,1,626,388,16670,96.53,1
5335,1,626,388,16675,96.56,1
5336,1,626,388,16627,96.28,1
5337,1,626,388,16695,96.67,1
5338,1,626,388,16660,96.47,1
5339,1,626,388,16626,96.27,1
5340,1,626,388,16618,96.23,1
5341,1,626,388,16628,96.29,1
5342,1,626,388,16692,96.66,1
5343,1,626,388,16658,96.46,1
5344,1,626,388,16628,96.29,1
5345,1,626,389,16668,96.52,1
5346,1,626,388,16640,96.35,1
5347,1,626,388,16623,96.26,1
5348,1,626,388,16658,96.46,1
5349,1,626,388,16648,96.4,1
5350,1,626,388,16652,96.42,1
5351,1,626,389,16659,96.46,1
5352,1,627,388,16679,96.58,1
5353,1,627,388,16722,96.83,1
5354,1,626,388,16665,96.5,1
5355,1,626,388,16678,96.57,1
5356,1,626,388,16688,96.63,1
5357,1,626,388,16619,96.23,1
5358,1,627,388,16652,96.42,1
5359,1,626,388,16672,96.54,1
5360,1,626,388,16728,96.86,1
5361,1,626,388,16727,96.86,1
5362,1,626,388,16696,96.68,1
5363,1,626,388,16693,96.66,1
5364,1,627,388,16695,96.67,1
5365,1,626,389,16676,96.56,1
5366,1,626,388,16629,96.29,1
5367,1,626,388,16692,96.66,1
5368,1,626,388,16723,96.84,1
5369,1,626,388,16680,96.59,1
5370,1,626,388,16621,96.24,1
5371,1,627,388,16634,96.32,1
5372,1,626,388,16675,96.56,1
5373,1,626,388,16616,96.22,1
5374,1,626,388,16645,96.38,1
5375,1,626,388,16656,96.45,1
5376,1,626,388,16623,96.26,1
5377,1,627,388,16663,96.49,1
5378,1,627,388,16636,96.33,1
5379,1,627,388,16663,96.49,1
5380,1,627,388,16632,96.31,1
5381,1,626,388,16652,96.42,1
5382,1,626,388,16628,96.29,1
5383,1,626,388,16675,96.56,1
5384,1,626,388,16671,96.53,1
5385,1,626,388,16701,96.71,1
5386,1,626,388,16658,96.46,1
5387,1,626,388,16627,96.28,1
5388,1,626,389,16669,96.52,1
5389,1,626,388,16572,95.96,1
5390,1,626,388,16630,96.3,1
5391,1,626,388,16654,96.44,1
5392,1,626,388,16684,96.61,1
5393,1,626,388,16646,96.39,1
5394,1,626,388,16607,96.16,1
5395,1,627,388,16612,96.19,1
5396,1,626,388,16670,96.53,1
5397,1,627,388,16613,96.2,1
5398,1,626,388,16671,96.53,1
5399,1,626,388,16688,96.63,1
5400,1,626,388,16661,96.48,1
5401,1,626,389,16690,96.64,1
5402,1,626,389,16679,96.58,1
5403,1,626,389,16655,96.44,1
5404,1,626,388,16677,96.57,1
5405,1,626,388,16638,96.34,1
5406,1,626,389,16650,96.41,1
5407,1,626,388,16627,96.28,1
5408,1,626,388,16620,96.24,1
5409,1,626,388,16629,96.29,1
5410,1,626,388,16702,96.71,1
5411,1,626,388,16710,96.76,1
5412,1,626,388,16670,96.53,1
5413,1,626,388,16611,96.19,1
5414,1,626,388,16629,96.29,1
5415,1,626,388,16627,96.28,1
5416,1,627,389,16662,96.48,1
5417,1,626,388,16687,96.63,1
5418,1,626,388,16672,96.54,1
5419,1,626,388,16610,96.18,1
5420,1,626,388,16648,96.4,1
5421,1,626,388,16656,96.45,1
5422,1,626,388,16621,96.24,1
5423,1,627,389,16636,96.33,1
5424,1,627,388,16653,96.43,1
5425,1,627,388,16663,96.49,1
5426,1,627,388,16666,96.51,1
5427,1,627,388,16653,96.43,1
5428,1,626,388,16669,96.52,1
5429,1,626,388,16673,96.55,1
5430,1,626,388,16664,96.49,1
5431,1,626,388,16647,96.4,1
5432,1,626,388,16629,96.29,1
5433,1,626,389,16658,96.46,1
5434,1,626,389,16632,96.31,1
5435,1,627,389,16682,96.6,1
5436,1,626,389,16646,96.39,1
5437,1,626,388,16644,96.38,1
5438,1,626,389,16647,96.4,1
5439,1,626,388,16640,96.35,1
5440,1,627,388,16706,96.74,1
5441,1,626,388,16715,96.79,1
5442,1,626,388,16666,96.51,1
5443,1,626,388,16653,96.43,1
5444,1,626,388,16672,96.54,1
5445,1,626,388,16663,96.49,1
5446,1,626,388,16681,96.59,1
5447,1,626,388,16691,96.65,1
5448,1,626,389,16705,96.73,1
5449,1,626,388,16646,96.39,1
5450,1,626,388,16617,96.22,1
5451,1,626,389,16657,96.45,1
5452,1,627,388,16677,96.57,1
5453,1,626,388,16676,96.56,1
5454,1,626,388,16681,96.59,1
5455,1,626,388,16681,96.59,1
5456,1,626,388,16705,96.73,1
5457,1,626,388,16664,96.49,1
5458,1,627,388,16672,96.54,1
5459,1,626,388,16689,96.64,1
5460,1,626,388,16719,96.81,1
5461,1,626,388,16661,96.48,1
5462,1,626,388,16626,96.27,1
5463,1,626,388,16636,96.33,1
5464,1,626,388,16693,96.66,1
5465,1,626,388,16665,96.5,1
5466,1,627,388,16659,96.46,1
5467,1,626,388,16652,96.42,1
5468,1,626,388,16656,96.45,1
5469,1,626,388,16634,96.32,1
5470,1,627,388,16617,96.22,1
5471,1,626,388,16641,96.36,1
5472,1,626,388,16675,96.56,1
5473,1,626,388,16692,96.66,1
5474,1,626,389,16633,96.31,1
5475,1,626,388,16679,96.58,1
5476,1,626,388,16657,96.45,1
5477,1,626,388,16641,96.36,1
5478,1,626,388,16653,96.43,1
5479,1,626,388,16679,96.58,1
5480,1,627,388,16642,96.37,1
5481,1,626,389,16683,96.6,1
5482,1,626,388,16583,96.02,1
5483,1,626,389,16631,96.3,1
5484,1,626,388,16721,96.82,1
5485,1,626,388,16658,96.46,1
5486,1,626,388,16676,96.56,1
5487,1,626,388,16659,96.46,1
5488,1,627,388,16698,96.69,1
5489,1,627,388,16654,96.44,1
5490,1,626,388,16644,96.38,1
5491,1,627,388,16674,96.55,1
5492,1,627,388,16637,96.34,1
5493,1,626,388,16629,96.29,1
5494,1,626,388,16642,96.37,1
5495,1,626,388,16647,96.4,1
5496,1,626,388,16640,96.35,1
5497,1,627,388,16687,96.63,1
5498,1,626,388,16667,96.51,1
5499,1,626,389,16652,96.42,1
5500,1,626,388,16628,96.29,1
5501,1,627,388,16627,96.28,1
5502,1,627,388,16656,96.45,1
5503,1,627,389,16641,96.36,1
5504,1,627,389,16635,96.33,1
5505,1,627,388,16664,96.49,1
5506,1,627,388,16619,96.23,1
5507,1,626,388,16598,96.11,1
5508,1,626,388,16620,96.24,1
5509,1,627,388,16637,96.34,1
5510,1,626,388,16626,96.27,1
5511,1,627,388,16630,96.3,1
5512,1,627,388,16642,96.37,1
5513,1,627,389,16657,96.45,1
5514,1,626,389,16631,96.3,1
5515,1,626,388,16653,96.43,1
5516,1,626,388,16642,96.37,1
5517,1,626,388,16630,96.3,1
5518,1,627,388,16646,96.39,1
5519,1,626,388,16669,96.52,1
5520,1,627,388,16702,96.71,1
5521,1,627,388,16664,96.49,1
5522,1,627,388,16606,96.16,1
5523,1,627,389,16641,96.36,1
5524,1,627,388,16623,96.26,1
5525,1,627,388,16619,96.23,1
5526,1,626,388,16620,96.24,1
5527,1,626,388,16685,96.62,1
5528,1,626,389,16638,96.34,1
5529,1,626,388,16661,96.48,1
5530,1,626,388,16654,96.44,1
5531,1,626,388,16640,96.35,1
5532,1,626,388,16685,96.62,1
5533,1,626,389,16747,96.97,1
5534,1,626,388,16685,96.62,1
5535,1,627,388,16679,96.58,1
5536,1,627,388,16662,96.48,1
5537,1,627,389,16706,96.74,1
5538,1,627,388,16627,96.28,1
5539,1,627,388,16669,96.52,1
5540,1,626,389,16607,96.16,1
5541,1,627,388,16651,96.42,1
5542,1,627,388,16656,96.45,1
5543,1,627,388,16657,96.45,1
5544,1,627,388,16678,96.57,1
5545,1,626,388,16640,96.35,1
5546,1,626,388,16591,96.07,1
5547,1,626,388,16629,96.29,1
5548,1,626,388,16635,96.33,1
5549,1,626,388,16612,96.19,1
5550,1,626,389,16685,96.62,1
5551,1,626,389,16665,96.5,1
5552,1,627,388,16707,96.74,1
5553,1,626,388,16671,96.53,1
5554,1,626,388,16653,96.43,1
5555,1,626,389,16676,96.56,1
5556,1,626,388,16653,96.43,1
5557,1,626,388,16619,96.23,1
5558,1,626,389,16638,96.34,1
5559,1,626,389,16638,96.34,1
5560,1,626,388,16625,96.27,1
5561,1,627,388,16619,96.23,1
5562,1,626,389,16646,96.39,1
5563,1,626,388,16614,96.2,1
5564,1,626,388,16627,96.28,1
5565,1,626,388,16633,96.31,1
5566,1,626,388,16653,96.43,1
5567,1,626,388,16638,96.34,1
5568,1,626,388,16666,96.51,1
5569,1,626,388,16698,96.69,1
5570,1,626,388,16631,96.3,1
5571,1,626,388,16649,96.41,1
5572,1,626,388,16674,96.55,1
5573,1,627,388,16688,96.63,1
5574,1,626,388,16653,96.43,1
5575,1,626,388,16682,96.6,1
5576,1,626,388,16674,96.55,1
5577,1,626,388,16664,96.49,1
5578,1,626,388,16680,96.59,1
5579,1,626,388,16690,96.64,1
5580,1,626,388,16630,96.3,1
5581,1,626,388,16625,96.27,1
5582,1,626,389,16692,96.66,1
5583,1,626,388,16659,96.46,1
5584,1,626,389,16647,96.4,1
5585,1,626,389,16664,96.49,1
5586,1,627,388,16627,96.28,1
5587,1,626,389,16645,96.38,1
5588,1,627,388,16650,96.41,1
5589,1,626,388,16648,96.4,1
5590,1,626,388,16642,96.37,1
5591,1,626,388,16660,96.47,1
5592,1,626,389,16694,96.67,1
5593,1,626,389,16715,96.79,1
5594,1,626,389,16705,96.73,1
5595,1,626,388,16716,96.79,1
5596,1,626,388,16650,96.41,1
5597,1,626,388,16600,96.12,1
5598,1,626,388,16634,96.32,1
5599,1,626,388,16623,96.26,1
5600,1,626,388,16629,96.29,1
5601,1,626,388,16663,96.49,1
5602,1,626,388,16626,96.27,1
5603,1,626,388,16639,96.35,1
5604,1,626,388,16653,96.43,1
5605,1,627,388,16636,96.33,1
5606,1,627,389,16643,96.37,1
5607,1,627,388,16639,96.35,1
5608,1,627,388,16681,96.59,1
5609,1,627,388,16707,96.74,1
5610,1,627,388,16673,96.55,1
5611,1,627,389,16659,96.46,1
5612,1,626,389,16687,96.63,1
5613,1,627,389,16666,96.51,1
5614,1,627,388,16672,96.54,1
5615,1,626,388,16671,96.53,1
5616,1,627,388,16647,96.4,1
5617,1,626,389,16695,96.67,1
5618,1,627,388,16610,96.18,1
5619,1,626,388,16663,96.49,1
5620,1,626,389,16668,96.52,1
5621,1,626,388,16671,96.53,1
5622,1,626,388,16666,96.51,1
5623,1,626,388,16659,96.46,1
5624,1,626,388,16669,96.52,1
5625,1,627,388,16724,96.84,1
5626,1,626,388,16677,96.57,1
5627,1,626,388,16697,96.68,1
5628,1,626,388,16694,96.67,1
5629,1,627,388,16681,96.59,1
5630,1,626,388,16708,96.75,1
5631,1,627,388,16671,96.53,1
5632,1,627,388,16710,96.76,1
5633,1,627,388,16681,96.59,1
5634,1,626,389,16672,96.54,1
5635,1,626,389,16710,96.76,1
5636,1,626,388,16600,96.12,1
5637,1,626,388,16582,96.02,1
5638,1,626,388,16603,96.14,1
5639,1,627,389,16609,96.18,1
5640,1,626,388,16651,96.42,1
5641,1,626,388,16653,96.43,1
5642,1,626,389,16631,96.3,1
5643,1,626,389,16670,96.53,1
5644,1,627,388,16656,96.45,1
5645,1,626,388,16602,96.13,1
5646,1,626,388,16626,96.27,1
5647,1,626,388,16624,96.26,1
5648,1,626,388,16630,96.3,1
5649,1,626,388,16643,96.37,1
5650,1,626,388,16627,96.28,1
5651,1,626,388,16627,96.28,1
5652,1,626,388,16675,96.56,1
5653,1,626,388,16685,96.62,1
5654,1,626,389,16696,96.68,1
5655,1,627,388,16672,96.54,1
5656,1,626,388,16667,96.51,1
5657,1,626,389,16688,96.63,1
5658,1,626,388,16626,96.27,1
5659,1,626,388,16645,96.38,1
5660,1,626,388,16648,96.4,1
5661,1,626,388,16604,96.15,1
5662,1,626,388,16637,96.34,1
5663,1,626,388,16600,96.12,1
5664,1,626,388,16627,96.28,1
5665,1,626,388,16652,96.42,1
5666,1,626,389,16713,96.78,1
5667,1,626,388,16663,96.49,1
5668,1,626,389,16642,96.37,1
5669,1,626,388,16654,96.44,1
5670,1,626,388,16657,96.45,1
5671,1,626,389,16678,96.57,1
5672,1,626,389,16716,96.79,1
5673,1,626,388,16722,96.83,1
5674,1,626,389,16657,96.45,1
5675,1,626,389,16663,96.49,1
5676,1,626,389,16652,96.42,1
5677,1,626,388,16621,96.24,1
5678,1,626,388,16656,96.45,1
5679,1,626,388,16617,96.22,1
5680,1,626,389,16654,96.44,1
5681,1,626,389,16694,96.67,1
5682,1,626,389,16630,96.3,1
5683,1,626,389,16683,96.6,1
5684,1,626,388,16655,96.44,1
5685,1,626,389,16660,96.47,1
5686,1,626,389,16712,96.77,1
5687,1,626,388,16698,96.69,1
5688,1,626,389,16707,96.74,1
5689,1,626,388,16740,96.93,1
5690,1,627,389,16673,96.55,1
5691,1,626,389,16668,96.52,1
5692,1,626,388,16700,96.7,1
5693,1,626,389,16648,96.4,1
5694,1,626,389,16666,96.51,1
5695,1,626,388,16626,96.27,1
5696,1,626,388,16632,96.31,1
5697,1,626,389,16642,96.37,1
5698,1,626,388,16611,96.19,1
5699,1,626,388,16637,96.34,1
5700,1,626,389,16609,96.18,1
5701,1,626,388,16605,96.15,1
5702,1,627,388,16620,96.24,1
5703,1,626,389,16654,96.44,1
5704,1,626,388,16618,96.23,1
5705,1,626,388,16669,96.52,1
5706,1,626,388,16657,96.45,1
5707,1,626,388,16684,96.61,1
5708,1,627,388,16711,96.77,1
5709,1,626,388,16627,96.28,1
5710,1,626,388,16595,96.09,1
5711,1,626,388,16655,96.44,1
5712,1,626,389,16721,96.82,1
5713,1,626,389,16626,96.27,1
5714,1,626,389,16604,96.15,1
5715,1,627,388,16619,96.23,1
5716,1,627,389,16606,96.16,1
5717,1,627,388,16614,96.2,1
5718,1,626,388,16639,96.35,1
5719,1,627,388,16654,96.44,1
5720,1,627,388,16677,96.57,1
5721,1,627,388,16679,96.58,1
5722,1,627,388,16617,96.22,1
5723,1,627,388,16664,96.49,1
5724,1,627,388,16696,96.68,1
5725,1,627,388,16674,96.55,1
5726,1,627,388,16676,96.56,1
5727,1,627,388,16582,96.02,1
5728,1,627,389,16647,96.4,1
5729,1,626,389,16679,96.58,1
5730,1,627,388,16576,95.98,1
5731,1,627,389,16642,96.37,1
5732,1,627,389,16614,96.2,1
5733,1,626,389,16706,96.74,1
5734,1,627,388,16613,96.2,1
5735,1,627,389,16649,96.41,1
5736,1,627,388,16616,96.22,1
5737,1,627,388,16670,96.53,1
5738,1,627,388,16614,96.2,1
5739,1,627,388,16636,96.33,1
5740,1,627,388,16687,96.63,1
5741,1,627,388,16646,96.39,1
5742,1,627,388,16629,96.29,1
5743,1,627,388,16634,96.32,1
5744,1,626,388,16665,96.5,1
5745,1,627,388,16713,96.78,1
5746,1,627,388,16645,96.38,1
5747,1,627,388,16663,96.49,1
5748,1,627,389,16700,96.7,1
5749,1,627,389,16695,96.67,1
5750,1,627,388,16686,96.62,1
5751,1,627,388,16669,96.52,1
5752,1,626,388,16700,96.7,1
5753,1,627,388,16679,96.58,1
5754,1,626,388,16649,96.41,1
5755,1,627,388,16624,96.26,1
5756,1,626,389,16593,96.08,1
5757,1,627,388,16623,96.26,1
5758,1,626,389,16674,96.55,1
5759,1,627,388,16667,96.51,1
5760,1,626,388,16641,96.36,1
5761,1,626,388,16713,96.78,1
5762,1,627,388,16666,96.51,1
5763,1,627,388,16655,96.44,1
5764,1,627,388,16631,96.3,1
5765,1,626,388,16633,96.31,1
5766,1,626,388,16655,96.44,1
5767,1,626,388,16653,96.43,1
5768,1,626,388,16613,96.2,1
5769,1,626,389,16714,96.78,1
5770,1,626,388,16682,96.6,1
5771,1,627,388,16659,96.46,1
5772,1,626,388,16648,96.4,1
5773,1,626,388,16641,96.36,1
5774,1,626,388,16634,96.32,1
5775,1,626,388,16651,96.42,1
5776,1,626,388,16662,96.48,1
5777,1,626,389,16669,96.52,1
5778,1,626,389,16638,96.34,1
5779,1,626,388,16650,96.41,1
5780,1,626,388,16658,96.46,1
5781,1,626,388,16664,96.49,1
5782,1,626,388,16642,96.37,1
5783,1,626,388,16644,96.38,1
5784,1,626,388,16641,96.36,1
5785,1,626,389,16671,96.53,1
5786,1,626,388,16632,96.31,1
5787,1,626,388,16603,96.14,1
5788,1,626,388,16617,96.22,1
5789,1,626,389,16661,96.48,1
5790,1,626,389,16655,96.44,1
5791,1,626,388,16625,96.27,1
5792,1,626,389,16616,96.22,1
5793,1,626,388,16669,96.52,1
5794,1,627,388,16595,96.09,1
5795,1,626,388,16644,96.38,1
5796,1,626,388,16613,96.2,1
5797,1,626,388,16659,96.46,1
5798,1,626,388,16631,96.3,1
5799,1,626,389,16660,96.47,1
5800,1,626,388,16645,96.38,1
5801,1,626,388,16659,96.46,1
5802,1,626,388,16646,96.39,1
5803,1,626,389,16630,96.3,1
5804,1,626,388,16622,96.25,1
5805,1,626,388,16642,96.37,1
5806,1,626,388,16667,96.51,1
5807,1,626,389,16626,96.27,1
5808,1,626,388,16652,96.42,1
5809,1,626,389,16676,96.56,1
5810,1,626,388,16600,96.12,1
5811,1,627,388,16649,96.41,1
5812,1,626,389,16636,96.33,1
5813,1,627,388,16613,96.2,1
5814,1,626,388,16585,96.04,1
5815,1,626,389,16648,96.4,1
5816,1,626,389,16637,96.34,1
5817,1,627,388,16651,96.42,1
5818,1,626,389,16669,96.52,1
5819,1,626,389,16635,96.33,1
5820,1,626,388,16658,96.46,1
5821,1,626,388,16622,96.25,1
5822,1,626,388,16630,96.3,1
5823,1,626,389,16675,96.56,1
5824,1,627,388,16651,96.42,1
5825,1,626,389,16682,96.6,1
5826,1,626,389,16677,96.57,1
5827,1,626,388,16672,96.54,1
5828,1,626,388,16666,96.51,1
5829,1,626,388,16652,96.42,1
5830,1,626,388,16644,96.38,1
5831,1,626,389,16677,96.57,1
5832,1,626,388,16675,96.56,1
5833,1,626,388,16657,96.45,1
5834,1,626,389,16691,96.65,1
5835,1,626,389,16655,96.44,1
5836,1,627,388,16626,96.27,1
5837,1,627,389,16637,96.34,1
5838,1,627,388,16670,96.53,1
5839,1,627,388,16599,96.12,1
5840,1,626,388,16649,96.41,1
5841,1,626,388,16671,96.53,1
5842,1,627,389,16667,96.51,1
5843,1,626,388,16641,96.36,1
5844,1,627,389,16632,96.31,1
5845,1,627,388,16647,96.4,1
5846,1,627,388,16644,96.38,1
5847,1,627,389,16664,96.49,1
5848,1,627,388,16675,96.56,1
5849,1,626,388,16681,96.59,1
5850,1,626,388,16595,96.09,1
5851,1,627,389,16605,96.15,1
5852,1,626,388,16655,96.44,1
5853,1,626,389,16600,96.12,1
5854,1,627,389,16582,96.02,1
5855,1,627,388,16586,96.04,1
5856,1,626,388,16645,96.38,1
5857,1,627,389,16675,96.56,1
5858,1,627,388,16636,96.33,1
5859,1,627,389,16660,96.47,1
5860,1,627,388,16595,96.09,1
5861,1,627,388,16648,96.4,1
5862,1,626,388,16601,96.13,1
5863,1,626,388,16595,96.09,1
5864,1,626,388,16648,96.4,1
5865,1,627,388,16689,96.64,1
5866,1,626,389,16657,96.45,1
5867,1,626,388,16618,96.23,1
5868,1,626,389,16633,96.31,1
5869,1,627,388,16617,96.22,1
5870,1,626,388,16608,96.17,1
5871,1,627,389,16612,96.19,1
5872,1,627,388,16612,96.19,1
5873,1,626,389,16654,96.44,1
5874,1,627,389,16641,96.36,1
5875,1,627,388,16623,96.26,1
5876,1,627,388,16570,95.95,1
5877,1,627,388,16610,96.18,1
5878,1,627,388,16629,96.29,1
5879,1,627,388,16646,96.39,1
5880,1,626,388,16632,96.31,1
5881,1,626,389,16662,96.48,1
5882,1,626,388,16621,96.24,1
5883,1,626,389,16606,96.16,1
5884,1,626,389,16583,96.02,1
5885,1,626,388,16632,96.31,1
5886,1,626,388,16624,96.26,1
5887,1,626,388,16643,96.37,1
5888,1,627,388,16604,96.15,1
5889,1,626,389,16606,96.16,1
5890,1,626,389,16591,96.07,1
5891,1,626,389,16578,96.0,1
5892,1,627,389,16541,95.78,1
5893,1,626,389,16528,95.71,1
5894,1,626,389,16537,95.76,1
5895,1,626,389,16562,95.9,1
5896,1,626,389,16561,95.9,1
5897,1,626,389,16603,96.14,1
5898,1,626,389,16542,95.79,1
5899,1,626,389,16542,95.79,1
5900,1,626,389,16575,95.98,1
5901,1,626,389,16577,95.99,1
5902,1,626,389,16586,96.04,1
5903,1,626,389,16539,95.77,1
5904,1,627,389,16528,95.71,1
5905,1,626,389,16571,95.96,1
5906,1,626,389,16504,95.57,1
5907,1,627,389,16524,95.68,1
5908,1,626,389,16503,95.56,1
5909,1,627,389,16478,95.42,1
5910,1,626,389,16478,95.42,1
5911,1,626,389,16550,95.83,1
5912,1,626,389,16527,95.7,1
5913,1,626,389,16512,95.61,1
5914,1,626,389,16492,95.5,1
5915,1,626,389,16484,95.45,1
5916,1,626,389,16463,95.33,1
5917,1,626,389,16453,95.27,1
5918,1,626,389,16478,95.42,1
5919,1,626,389,16458,95.3,1
5920,1,626,389,16472,95.38,1
5921,1,626,389,16555,95.86,1
5922,1,626,389,16473,95.39,1
5923,1,626,389,16518,95.65,1
5924,1,626,389,16524,95.68,1
5925,1,626,389,16523,95.68,1
5926,1,626,389,16499,95.54,1
5927,1,626,389,16556,95.87,1
5928,1,626,389,16590,96.07,1
5929,1,626,389,16547,95.82,1
5930,1,626,389,16509,95.6,1
5931,1,626,389,16508,95.59,1
5932,1,626,389,16502,95.56,1
5933,1,627,389,16477,95.41,1
5934,1,627,389,16496,95.52,1
5935,1,627,389,16498,95.53,1
5936,1,626,389,16551,95.84,1
5937,1,626,389,16578,96.0,1
5938,1,627,389,16528,95.71,1
5939,1,627,389,16587,96.05,1
5940,1,627,389,16565,95.92,1
5941,1,627,389,16581,96.01,1
5942,1,627,389,16572,95.96,1
5943,1,627,389,16571,95.96,1
5944,1,627,389,16556,95.87,1
5945,1,627,389,16597,96.11,1
5946,1,627,389,16578,96.0,1
5947,1,627,389,16541,95.78,1
5948,1,627,389,16544,95.8,1
5949,1,627,389,16551,95.84,1
5950,1,627,389,16519,95.65,1
5951,1,626,389,16557,95.87,1
5952,1,627,389,16516,95.64,1
5953,1,626,389,16603,96.14,1
5954,1,626,389,16590,96.07,1
5955,1,626,389,16540,95.78,1
5956,1,626,389,16522,95.67,1
5957,1,627,389,16494,95.51,1
5958,1,626,389,16496,95.52,1
5959,1,627,389,16576,95.98,1
5960,1,627,389,16551,95.84,1
5961,1,626,389,16559,95.89,1
5962,1,626,389,16552,95.85,1
5963,1,627,389,16572,95.96,1
5964,1,627,389,16546,95.81,1
5965,1,627,389,16534,95.74,1
5966,1,626,389,16533,95.74,1
5967,1,626,389,16536,95.75,1
5968,1,627,389,16549,95.83,1
5969,1,627,389,16552,95.85,1
5970,1,627,389,16575,95.98,1
5971,1,627,389,16566,95.93,1
5972,1,627,389,16498,95.53,1
5973,1,627,389,16529,95.71,1
5974,1,627,389,16546,95.81,1
5975,1,627,389,16567,95.93,1
5976,1,627,389,16517,95.64,1
5977,1,627,389,16558,95.88,1
5978,1,627,389,16547,95.82,1
5979,1,627,389,16564,95.91,1
5980,1,626,389,16532,95.73,1
5981,1,627,389,16517,95.64,1
5982,1,627,389,16585,96.04,1
5983,1,627,389,16512,95.61,1
5984,1,627,389,16558,95.88,1
5985,1,627,389,16562,95.9,1
5986,1,626,389,16485,95.46,1
5987,1,626,389,16524,95.68,1
5988,1,626,389,16495,95.52,1
5989,1,626,389,16545,95.8,1
5990,1,627,389,16557,95.87,1
5991,1,627,389,16526,95.69,1
5992,1,627,389,16505,95.57,1
5993,1,627,389,16486,95.46,1
5994,1,626,389,16480,95.43,1
5995,1,626,389,16481,95.43,1
5996,1,626,389,16510,95.6,1
5997,1,626,389,16511,95.61,1
5998,1,626,389,16541,95.78,1
5999,1,626,389,16532,95.73,1
6000,1,627,389,16531,95.72,1
6001,1,626,389,16597,96.11,1
6002,1,626,389,16570,95.95,1
6003,1,626,389,16549,95.83,1
6004,1,627,389,16528,95.71,1
6005,1,626,389,16572,95.96,1
6006,1,626,389,16530,95.72,1
6007,1,626,389,16441,95.2,1
6008,1,626,389,16516,95.64,1
6009,1,626,389,16516,95.64,1
6010,1,626,389,16527,95.7,1
6011,1,626,389,16546,95.81,1
6012,1,626,389,16579,96.0,1
6013,1,626,389,16529,95.71,1
6014,1,626,389,16521,95.67,1
6015,1,626,389,16483,95.45,1
6016,1,626,389,16514,95.63,1
6017,1,626,389,16571,95.96,1
6018,1,626,389,16551,95.84,1
6019,1,626,389,16590,96.07,1
6020,1,626,389,16533,95.74,1
6021,1,626,389,16596,96.1,1
6022,1,626,389,16540,95.78,1
6023,1,626,389,16518,95.65,1
6024,1,626,389,16526,95.69,1
6025,1,626,389,16492,95.5,1
6026,1,626,389,16491,95.49,1
6027,1,626,389,16508,95.59,1
6028,1,626,389,16511,95.61,1
6029,1,627,389,16476,95.41,1
6030,1,626,389,16503,95.56,1
6031,1,626,389,16520,95.66,1
6032,1,626,389,16532,95.73,1
6033,1,626,389,16545,95.8,1
6034,1,626,389,16501,95.55,1
6035,1,626,389,16558,95.88,1
6036,1,626,389,16526,95.69,1
6037,1,626,389,16537,95.76,1
6038,1,626,389,16487,95.47,1
6039,1,626,389,16537,95.76,1
6040,1,627,389,16543,95.79,1
6041,1,626,389,16566,95.93,1
6042,1,626,389,16493,95.5,1
6043,1,626,389,16474,95.39,1
6044,1,626,389,16515,95.63,1
6045,1,626,389,16488,95.47,1
6046,1,627,389,16486,95.46,1
6047,1,626,389,16528,95.71,1
6048,1,626,389,16510,95.6,1
6049,1,626,389,16525,95.69,1
6050,1,627,389,16463,95.33,1
6051,1,626,389,16534,95.74,1
6052,1,626,389,16509,95.6,1
6053,1,626,389,16518,95.65,1
6054,1,626,389,16506,95.58,1
6055,1,626,389,16493,95.5,1
6056,1,626,389,16522,95.67,1
6057,1,626,389,16506,95.58,1
6058,1,626,389,16546,95.81,1
6059,1,626,389,16543,95.79,1
6060,1,626,389,16530,95.72,1
6061,1,627,389,16529,95.71,1
6062,1,626,389,16544,95.8,1
6063,1,627,389,16496,95.52,1
6064,1,626,389,16488,95.47,1
6065,1,626,389,16574,95.97,1
6066,1,626,389,16501,95.55,1
6067,1,626,389,16469,95.36,1
6068,1,627,389,16475,95.4,1
6069,1,627,389,16542,95.79,1
6070,1,626,389,16539,95.77,1
6071,1,627,389,16508,95.59,1
6072,1,627,389,16516,95.64,1
6073,1,626,389,16548,95.82,1
6074,1,627,389,16550,95.83,1
6075,1,627,389,16489,95.48,1
6076,1,626,389,16496,95.52,1
6077,1,626,389,16521,95.67,1
6078,1,627,389,16529,95.71,1
6079,1,627,389,16559,95.89,1
6080,1,627,389,16560,95.89,1
6081,1,627,389,16531,95.72,1
6082,1,627,389,16471,95.38,1
6083,1,627,389,16533,95.74,1
6084,1,627,389,16498,95.53,1
6085,1,627,389,16505,95.57,1
6086,1,627,389,16542,95.79,1
6087,1,626,389,16522,95.67,1
6088,1,626,389,16537,95.76,1
6089,1,626,389,16539,95.77,1
6090,1,626,389,16501,95.55,1
6091,1,627,389,16477,95.41,1
6092,1,627,389,16517,95.64,1
6093,1,627,389,16504,95.57,1
6094,1,627,389,16499,95.54,1
6095,1,627,389,16533,95.74,1
6096,1,627,389,16578,96.0,1
6097,1,626,389,16519,95.65,1
6098,1,626,389,16548,95.82,1
6099,1,626,389,16544,95.8,1
6100,1,627,389,16566,95.93,1
6101,1,627,389,16471,95.38,1
6102,1,627,389,16470,95.37,1
6103,1,627,389,16490,95.49,1
6104,1,627,389,16540,95.78,1
6105,1,627,389,16519,95.65,1
6106,1,627,389,16500,95.54,1
6107,1,627,389,16484,95.45,1
6108,1,626,389,16502,95.56,1
6109,1,626,389,16494,95.51,1
6110,1,627,389,16515,95.63,1
6111,1,627,389,16525,95.69,1
6112,1,627,389,16524,95.68,1
6113,1,627,389,16539,95.77,1
6114,1,627,389,16492,95.5,1
6115,1,627,389,16564,95.91,1
6116,1,626,389,16521,95.67,1
6117,1,626,389,16468,95.36,1
6118,1,626,389,16466,95.35,1
6119,1,626,389,16512,95.61,1
6120,1,626,389,16523,95.68,1
6121,1,626,389,16565,95.92,1
6122,1,626,389,16485,95.46,1
6123,1,627,389,16501,95.55,1
6124,1,627,389,16467,95.35,1
6125,1,626,389,16447,95.24,1
6126,1,626,389,16495,95.52,1
6127,1,626,389,16498,95.53,1
6128,1,626,389,16514,95.63,1
6129,1,627,389,16507,95.58,1
6130,1,627,389,16519,95.65,1
6131,1,626,389,16524,95.68,1
6132,1,626,389,16498,95.53,1
6133,1,626,389,16540,95.78,1
6134,1,626,389,16513,95.62,1
6135,1,626,389,16516,95.64,1
6136,1,626,389,16553,95.85,1
6137,1,626,389,16550,95.83,1
6138,1,626,389,16555,95.86,1
6139,1,626,389,16502,95.56,1
6140,1,626,389,16462,95.32,1
6141,1,626,389,16476,95.41,1
6142,1,626,389,16510,95.6,1
6143,1,626,389,16510,95.6,1
6144,1,626,389,16498,95.53,1
6145,1,626,389,16510,95.6,1
6146,1,626,389,16493,95.5,1
6147,1,626,389,16504,95.57,1
6148,1,626,389,16471,95.38,1
6149,1,626,389,16507,95.58,1
6150,1,626,389,16444,95.22,1
6151,1,626,389,16491,95.49,1
6152,1,626,389,16471,95.38,1
6153,1,626,389,16527,95.7,1
6154,1,626,389,16470,95.37,1
6155,1,626,389,16521,95.67,1
6156,1,626,389,16520,95.66,1
6157,1,626,389,16513,95.62,1
6158,1,626,389,16522,95.67,1
6159,1,626,389,16479,95.42,1
6160,1,626,389,16471,95.38,1
6161,1,626,389,16492,95.5,1
6162,1,627,389,16471,95.38,1
6163,1,627,389,16507,95.58,1
6164,1,627,389,16469,95.36,1
6165,1,627,389,16457,95.3,1
6166,1,626,389,16468,95.36,1
6167,1,626,389,16486,95.46,1
6168,1,626,389,16494,95.51,1
6169,1,626,389,16478,95.42,1
6170,1,626,389,16489,95.48,1
6171,1,626,389,16519,95.65,1
6172,1,626,389,16509,95.6,1
6173,1,626,389,16495,95.52,1
6174,1,626,389,16557,95.87,1
6175,1,626,389,16571,95.96,1
6176,1,626,389,16545,95.8,1
6177,1,626,389,16501,95.55,1
6178,1,626,389,16524,95.68,1
6179,1,626,389,16488,95.47,1
6180,1,626,389,16448,95.24,1
6181,1,626,389,16471,95.38,1
6182,1,627,389,16462,95.32,1
6183,1,627,389,16480,95.43,1
6184,1,627,389,16492,95.5,1
6185,1,627,389,16519,95.65,1
6186,1,626,389,16486,95.46,1
6187,1,626,389,16494,95.51,1
6188,1,626,389,16539,95.77,1
6189,1,626,389,16498,95.53,1
6190,1,626,389,16466,95.35,1
6191,1,627,389,16459,95.31,1
6192,1,627,389,16546,95.81,1
6193,1,626,389,16562,95.9,1
6194,1,627,389,16534,95.74,1
6195,1,627,389,16516,95.64,1
6196,1,626,389,16493,95.5,1
6197,1,626,389,16525,95.69,1
6198,1,626,389,16476,95.41,1
6199,1,626,389,16493,95.5,1
6200,1,626,389,16514,95.63,1
6201,1,627,389,16514,95.63,1
6202,1,627,389,16472,95.38,1
6203,1,627,389,16495,95.52,1
6204,1,627,389,16503,95.56,1
6205,1,627,389,16503,95.56,1
6206,1,627,389,16504,95.57,1
6207,1,627,389,16498,95.53,1
6208,1,626,389,16476,95.41,1
6209,1,627,389,16490,95.49,1
6210,1,627,389,16498,95.53,1
6211,1,626,389,16477,95.41,1
6212,1,627,389,16475,95.4,1
6213,1,626,389,16503,95.56,1
6214,1,626,389,16494,95.51,1
6215,1,627,389,16495,95.52,1
6216,1,627,389,16535,95.75,1
6217,1,627,389,16559,95.89,1
6218,1,626,389,16483,95.45,1
6219,1,627,389,16443,95.21,1
6220,1,627,389,16445,95.23,1
6221,1,626,389,16489,95.48,1
6222,1,627,389,16505,95.57,1
6223,1,626,389,16477,95.41,1
6224,1,627,389,16484,95.45,1
6225,1,627,389,16508,95.59,1
6226,1,627,389,16493,95.5,1
6227,1,626,389,16500,95.54,1
6228,1,627,389,16497,95.53,1
6229,1,627,389,16473,95.39,1
6230,1,627,389,16453,95.27,1
6231,1,627,389,16462,95.32,1
6232,1,627,389,16498,95.53,1
6233,1,626,389,16515,95.63,1
6234,1,626,389,16513,95.62,1
6235,1,626,389,16493,95.5,1
6236,1,627,389,16516,95.64,1
6237,1,627,389,16522,95.67,1
6238,1,627,389,16479,95.42,1
6239,1,626,389,16475,95.4,1
6240,1,626,389,16526,95.69,1
6241,1,626,389,16501,95.55,1
6242,1,626,389,16454,95.28,1
6243,1,626,389,16498,95.53,1
6244,1,626,389,16489,95.48,1
6245,1,626,389,16480,95.43,1
6246,1,626,389,16539,95.77,1
6247,1,626,389,16503,95.56,1
6248,1,626,389,16482,95.44,1
6249,1,626,389,16536,95.75,1
6250,1,627,389,16495,95.52,1
6251,1,627,389,16505,95.57,1
6252,1,626,389,16516,95.64,1
6253,1,627,389,16468,95.36,1
6254,1,627,389,16538,95.76,1
6255,1,626,389,16523,95.68,1
6256,1,626,389,16540,95.78,1
6257,1,626,389,16563,95.91,1
6258,1,627,389,16477,95.41,1
6259,1,626,389,16496,95.52,1
6260,1,626,389,16492,95.5,1
6261,1,626,389,16466,95.35,1
6262,1,626,389,16456,95.29,1
6263,1,626,389,16499,95.54,1
6264,1,626,389,16484,95.45,1
6265,1,626,389,16533,95.74,1
6266,1,626,389,16537,95.76,1
6267,1,626,389,16483,95.45,1
6268,1,626,389,16538,95.76,1
6269,1,626,389,16501,95.55,1
6270,1,626,389,16539,95.77,1
6271,1,626,389,16516,95.64,1
6272,1,626,389,16482,95.44,1
6273,1,626,389,16505,95.57,1
6274,1,626,389,16520,95.66,1
6275,1,627,389,16523,95.68,1
6276,1,626,389,16485,95.46,1
6277,1,626,389,16455,95.28,1
6278,1,626,389,16494,95.51,1
6279,1,626,389,16447,95.24,1
6280,1,626,389,16513,95.62,1
6281,1,626,389,16516,95.64,1
6282,1,626,389,16463,95.33,1
6283,1,627,389,16478,95.42,1
6284,1,626,389,16496,95.52,1
6285,1,627,389,16464,95.34,1
6286,1,626,389,16507,95.58,1
6287,1,627,389,16478,95.42,1
6288,1,626,389,16523,95.68,1
6289,1,626,389,16544,95.8,1
6290,1,626,389,16522,95.67,1
6291,1,626,389,16562,95.9,1
6292,1,627,389,16539,95.77,1
6293,1,626,389,16520,95.66,1
6294,1,626,389,16499,95.54,1
6295,1,626,389,16522,95.67,1
6296,1,626,389,16485,95.46,1
6297,1,627,389,16545,95.8,1
6298,1,626,389,16496,95.52,1
6299,1,626,389,16540,95.78,1
6300,1,627,389,16509,95.6,1
6301,1,627,389,16472,95.38,1
6302,1,627,389,16476,95.41,1
6303,1,627,389,16502,95.56,1
6304,1,627,389,16511,95.61,1
6305,1,626,389,16505,95.57,1
6306,1,627,389,16493,95.5,1
6307,1,627,389,16484,95.45,1
6308,1,627,389,16510,95.6,1
6309,1,627,389,16497,95.53,1
6310,1,626,389,16542,95.79,1
6311,1,626,389,16478,95.42,1
6312,1,626,389,16501,95.55,1
6313,1,626,389,16521,95.67,1
6314,1,626,389,16557,95.87,1
6315,1,626,389,16537,95.76,1
6317,2,439,180,208183,1205.5,0
6317,3,1121,113,78310,453.46,0
6317,4,626,389,16527,95.7,1
6318,4,626,389,16522,95.67,1
6319,4,626,389,16539,95.77,1
6320,4,627,389,16523,95.68,1
6321,4,627,389,16541,95.78,1
6322,4,627,389,16510,95.6,1
6323,4,627,389,16511,95.61,1
6324,4,627,389,16525,95.69,1
6325,4,627,389,16525,95.69,1
6326,4,627,389,16541,95.78,1
6327,4,627,389,16567,95.93,1
6328,4,626,389,16532,95.73,1
6329,4,627,389,16544,95.8,1
6330,4,627,389,16509,95.6,1
6331,4,627,389,16550,95.83,1
6332,4,627,389,16565,95.92,1
6333,4,627,389,16537,95.76,1
6334,4,627,389,16545,95.8,1
6335,4,627,389,16504,95.57,1
6336,4,626,389,16514,95.63,1
6337,4,627,389,16512,95.61,1
6338,4,627,389,16503,95.56,1
6339,4,627,389,16494,95.51,1
6340,4,626,389,16475,95.4,1
6341,4,626,389,16464,95.34,1
6342,4,626,389,16474,95.39,1
6343,4,626,389,16456,95.29,1
6344,4,627,389,16446,95.23,1
6345,4,626,389,16436,95.17,1
6346,4,626,389,16483,95.45,1
6347,4,626,389,16477,95.41,1
6348,4,626,389,16497,95.53,1
6349,4,627,389,16520,95.66,1
6350,4,626,389,16557,95.87,1
6351,4,626,389,16520,95.66,1
6352,4,626,389,16515,95.63,1
6353,4,627,389,16559,95.89,1
6354,4,626,389,16532,95.73,1
6355,4,627,389,16545,95.8,1
6356,4,626,389,16499,95.54,1
6357,4,627,389,16491,95.49,1
6358,4,626,389,16477,95.41,1
6359,4,626,389,16517,95.64,1
6360,4,626,389,16569,95.94,1
6361,4,626,389,16523,95.68,1
6362,4,626,389,16486,95.46,1
6363,4,626,389,16505,95.57,1
6364,4,626,389,16506,95.58,1
6365,4,627,389,16497,95.53,1
6366,4,627,389,16526,95.69,1
6367,4,627,389,16477,95.41,1
6368,4,627,389,16497,95.53,1
6369,4,626,389,16494,95.51,1
6370,4,627,389,16523,95.68,1
6371,4,626,389,16614,96.2,1
6372,4,627,389,16498,95.53,1
6373,4,626,389,16502,95.56,1
6374,4,627,389,16494,95.51,1
6375,4,626,389,16472,95.38,1
6376,4,626,389,16466,95.35,1
6377,4,626,389,16493,95.5,1
6378,4,627,389,16492,95.5,1
6379,4,626,389,16504,95.57,1
6380,4,626,389,16466,95.35,1
6381,4,626,389,16527,95.7,1
6382,4,626,389,16511,95.61,1
6383,4,626,389,16518,95.65,1
6384,4,627,389,16498,95.53,1
6385,4,626,389,16525,95.69,1
6386,4,626,389,16447,95.24,1
6387,4,626,389,16514,95.63,1
6388,4,626,389,16480,95.43,1
6389,4,626,389,16494,95.51,1
6390,4,626,389,16510,95.6,1
6391,4,626,389,16513,95.62,1
6392,4,626,389,16474,95.39,1
6393,4,626,389,16489,95.48,1
6394,4,626,389,16465,95.34,1
6395,4,627,389,16515,95.63,1
6396,4,626,389,16548,95.82,1
6397,4,626,389,16465,95.34,1
6398,4,627,389,16483,95.45,1
6399,4,627,389,16449,95.25,1
6400,4,626,389,16515,95.63,1
6401,4,626,389,16570,95.95,1
6402,4,627,389,16484,95.45,1
6403,4,627,389,16489,95.48,1
6404,4,626,389,16486,95.46,1
6405,4,626,389,16563,95.91,1
6406,4,626,389,16463,95.33,1
6407,4,626,389,16469,95.36,1
6408,4,626,389,16480,95.43,1
6409,4,626,389,16505,95.57,1
6410,4,627,389,16485,95.46,1
6411,4,627,389,16509,95.6,1
6412,4,627,389,16507,95.58,1
6413,4,627,389,16421,95.09,1
6414,4,627,389,16459,95.31,1
6415,4,626,389,16481,95.43,1
6416,4,626,389,16484,95.45,1
6417,4,626,389,16473,95.39,1
6418,4,627,389,16422,95.09,1
6419,4,626,389,16517,95.64,1
6420,4,626,389,16469,95.36,1
6421,4,626,389,16462,95.32,1
6422,4,627,389,16500,95.54,1
6423,4,626,389,16479,95.42,1
6424,4,627,389,16495,95.52,1
6425,4,627,389,16513,95.62,1
6426,4,627,389,16501,95.55,1
6427,4,626,389,16438,95.19,1
6428,4,626,389,16450,95.25,1
6429,4,626,389,16457,95.3,1
6430,4,627,389,16538,95.76,1
6431,4,627,389,16509,95.6,1
6432,4,626,389,16516,95.64,1
6433,4,627,389,16506,95.58,1
6434,4,626,389,16446,95.23,1
6435,4,627,389,16459,95.31,1
6436,4,626,389,16490,95.49,1
6437,4,626,389,16493,95.5,1
6438,4,626,389,16472,95.38,1
6439,4,627,389,16472,95.38,1
6440,4,627,389,16492,95.5,1
6441,4,626,389,16563,95.91,1
6442,4,626,389,16492,95.5,1
6443,4,626,389,16486,95.46,1
6444,4,626,389,16486,95.46,1
6445,4,626,389,16474,95.39,1
6446,4,627,389,16480,95.43,1
6447,4,627,389,16453,95.27,1
6448,4,627,389,16468,95.36,1
6449,4,627,389,16533,95.74,1
6450,4,627,389,16548,95.82,1
6451,4,627,389,16479,95.42,1
6452,4,626,389,16468,95.36,1
6453,4,626,389,16510,95.6,1
6454,4,627,389,16457,95.3,1
6455,4,627,389,16500,95.54,1
6456,4,626,389,16505,95.57,1
6457,4,626,389,16548,95.82,1
6458,4,627,389,16549,95.83,1
6459,4,627,389,16520,95.66,1
6460,4,627,389,16536,95.75,1
6461,4,627,389,16553,95.85,1
6462,4,627,389,16516,95.64,1
6463,4,627,389,16528,95.71,1
6464,4,626,389,16550,95.83,1
6465,4,626,389,16496,95.52,1
6466,4,627,389,16503,95.56,1
6467,4,627,389,16552,95.85,1
6468,4,627,389,16498,95.53,1
6469,4,627,389,16504,95.57,1
6470,4,626,389,16540,95.78,1
6471,4,627,389,16502,95.56,1
6472,4,627,389,16462,95.32,1
6473,4,627,389,16501,95.55,1
6474,4,627,389,16512,95.61,1
6475,4,627,389,16514,95.63,1
6476,4,627,389,16474,95.39,1
6477,4,627,389,16496,95.52,1
6478,4,627,389,16534,95.74,1
6479,4,627,389,16475,95.4,1
6480,4,627,389,16468,95.36,1
6481,4,627,389,16517,95.64,1
6482,4,627,389,16476,95.41,1
6483,4,627,389,16508,95.59,1
6484,4,626,389,16462,95.32,1
6485,4,627,389,16471,95.38,1
6486,4,626,389,16496,95.52,1
6487,4,627,389,16477,95.41,1
6488,4,626,389,16471,95.38,1
6489,4,627,389,16555,95.86,1
6490,4,627,389,16528,95.71,1
6491,4,627,389,16493,95.5,1
6492,4,627,389,16502,95.56,1
6493,4,627,389,16473,95.39,1
6494,4,627,389,16521,95.67,1
6495,4,627,389,16516,95.64,1
6496,4,626,389,16528,95.71,1
6497,4,626,389,16490,95.49,1
6498,4,627,389,16494,95.51,1
6499,4,627,389,16515,95.63,1
6500,4,627,389,16508,95.59,1
6501,4,626,389,16539,95.77,1
6502,4,627,389,16521,95.67,1
6503,4,626,389,16552,95.85,1
6504,4,627,389,16527,95.7,1
6505,4,627,389,16587,96.05,1
6506,4,627,389,16543,95.79,1
6507,4,627,389,16524,95.68,1
6508,4,627,389,16484,95.45,1
6509,4,627,389,16457,95.3,1
6510,4,626,389,16511,95.61,1
6511,4,626,389,16509,95.6,1
6512,4,626,389,16532,95.73,1
6513,4,626,389,16532,95.73,1
6514,4,627,389,16509,95.6,1
6515,4,627,389,16506,95.58,1
6516,4,626,389,16503,95.56,1
6517,4,626,389,16521,95.67,1
6518,4,626,389,16529,95.71,1
6519,4,627,389,16470,95.37,1
6520,4,627,389,16484,95.45,1
6521,4,626,389,16507,95.58,1
6522,4,626,389,16534,95.74,1
6523,4,626,389,16496,95.52,1
6524,4,626,389,16490,95.49,1
6525,4,627,389,16473,95.39,1
6526,4,626,389,16506,95.58,1
6527,4,627,389,16489,95.48,1
6528,4,626,389,16510,95.6,1
6529,4,626,389,16473,95.39,1
6530,4,627,389,16450,95.25,1
6531,4,626,389,16474,95.39,1
6532,4,627,389,16451,95.26,1
6533,4,626,389,16447,95.24,1
6534,4,626,389,16418,95.07,1
6535,4,626,389,16465,95.34,1
6536,4,627,389,16481,95.43,1
6537,4,627,389,16443,95.21,1
6538,4,627,389,16443,95.21,1
6539,4,627,389,16464,95.34,1
6540,4,626,389,16494,95.51,1
6541,4,626,389,16475,95.4,1
6542,4,626,389,16491,95.49,1
6543,4,627,389,16509,95.6,1
6544,4,626,389,16471,95.38,1
6545,4,627,389,16501,95.55,1
6546,4,626,389,16506,95.58,1
6547,4,626,389,16493,95.5,1
6548,4,626,389,16482,95.44,1
6549,4,626,389,16508,95.59,1
6550,4,626,389,16450,95.25,1
6551,4,627,389,16535,95.75,1
6552,4,627,389,16456,95.29,1
6553,4,627,389,16533,95.74,1
6554,4,627,389,16495,95.52,1
6555,4,627,389,16491,95.49,1
6556,4,627,389,16489,95.48,1
6557,4,627,389,16482,95.44,1
6558,4,627,389,16463,95.33,1
6559,4,627,389,16471,95.38,1
6560,4,627,389,16467,95.35,1
6561,4,627,389,16498,95.53,1
6562,4,627,389,16416,95.06,1
6563,4,627,389,16434,95.16,1
6564,4,627,389,16422,95.09,1
6565,4,626,389,16504,95.57,1
6566,4,627,389,16492,95.5,1
6567,4,627,389,16494,95.51,1
6568,4,627,389,16539,95.77,1
6569,4,626,389,16534,95.74,1
6570,4,626,389,16522,95.67,1
6571,4,627,389,16502,95.56,1
6572,4,626,389,16455,95.28,1
6573,4,627,389,16416,95.06,1
6574,4,627,389,16441,95.2,1
6575,4,627,389,16447,95.24,1
6576,4,626,389,16462,95.32,1
6577,4,626,389,16513,95.62,1
6578,4,627,389,16484,95.45,1
6579,4,627,389,16481,95.43,1
6580,4,627,389,16478,95.42,1
6581,4,627,389,16524,95.68,1
6582,4,627,389,16498,95.53,1
6583,4,627,389,16528,95.71,1
6584,4,626,389,16527,95.7,1
6585,4,627,389,16543,95.79,1
6586,4,627,389,16499,95.54,1
6587,4,627,389,16460,95.31,1
6588,4,627,389,16489,95.48,1
6589,4,626,389,16449,95.25,1
6590,4,626,389,16471,95.38,1
6591,4,627,389,16490,95.49,1
6592,4,627,389,16463,95.33,1
6593,4,627,389,16496,95.52,1
6594,4,627,389,16491,95.49,1
6595,4,627,389,16508,95.59,1
6596,4,627,389,16504,95.57,1
6597,4,627,389,16463,95.33,1
6598,4,626,389,16463,95.33,1
6599,4,627,389,16487,95.47,1
6600,4,627,389,16462,95.32,1
6601,4,627,389,16481,95.43,1
6602,4,627,389,16464,95.34,1
6603,4,627,389,16503,95.56,1
6604,4,627,389,16508,95.59,1
6605,4,627,389,16442,95.21,1
6606,4,626,389,16493,95.5,1
6607,4,627,389,16485,95.46,1
6608,4,627,389,16489,95.48,1
6609,4,627,389,16456,95.29,1
6610,4,627,389,16469,95.36,1
6611,4,626,389,16500,95.54,1
6612,4,627,389,16498,95.53,1
6613,4,626,389,16512,95.61,1
6614,4,626,389,16493,95.5,1
6615,4,626,389,16524,95.68,1
6616,4,627,389,16505,95.57,1
6617,4,626,389,16543,95.79,1
6618,4,626,389,16498,95.53,1
6619,4,627,389,16459,95.31,1
6620,4,626,389,16509,95.6,1
6621,4,626,389,16490,95.49,1
6622,4,626,389,16527,95.7,1
6623,4,626,389,16488,95.47,1
6624,4,627,389,16480,95.43,1
6625,4,627,389,16523,95.68,1
6626,4,626,389,16431,95.14,1
6627,4,626,389,16449,95.25,1
6628,4,626,389,16435,95.17,1
6629,4,626,389,16458,95.3,1
6630,4,626,389,16447,95.24,1
6631,4,627,389,16498,95.53,1
6632,4,626,389,16512,95.61,1
6633,4,626,389,16500,95.54,1
6634,4,627,389,16473,95.39,1
6635,4,626,389,16475,95.4,1
6636,4,626,389,16468,95.36,1
6637,4,626,389,16477,95.41,1
6638,4,626,389,16491,95.49,1
6639,4,626,389,16498,95.53,1
6640,4,626,389,16546,95.81,1
6641,4,626,389,16536,95.75,1
6642,4,626,389,16497,95.53,1
6643,4,626,389,16556,95.87,1
6644,4,627,389,16535,95.75,1
6645,4,626,389,16508,95.59,1
6646,4,626,389,16479,95.42,1
6647,4,626,389,16452,95.27,1
6648,4,626,389,16437,95.18,1
6649,4,627,389,16455,95.28,1
6650,4,627,389,16447,95.24,1
6651,4,626,389,16470,95.37,1
6652,4,626,389,16475,95.4,1
6653,4,626,389,16428,95.13,1
6654,4,626,389,16458,95.3,1
6655,4,626,389,16435,95.17,1
6656,4,626,389,16442,95.21,1
6657,4,626,389,16488,95.47,1
6658,4,626,389,16448,95.24,1
6659,4,627,389,16483,95.45,1
6660,4,627,389,16466,95.35,1
6661,4,627,389,16457,95.3,1
6662,4,626,389,16500,95.54,1
6663,4,626,389,16455,95.28,1
6664,4,626,389,16470,95.37,1
6665,4,626,389,16478,95.42,1
6666,4,627,389,16424,95.1,1
6667,4,626,389,16471,95.38,1
6668,4,627,389,16470,95.37,1
6669,4,627,389,16426,95.12,1
6670,4,626,389,16464,95.34,1
6671,4,627,389,16445,95.23,1
6672,4,626,389,16498,95.53,1
6673,4,626,389,16532,95.73,1
6674,4,627,389,16485,95.46,1
6675,4,627,389,16455,95.28,1
6676,4,627,389,16465,95.34,1
6677,4,627,389,16479,95.42,1
6678,4,627,389,16435,95.17,1
6679,4,626,389,16495,95.52,1
6680,4,627,389,16528,95.71,1
6681,4,627,389,16474,95.39,1
6682,4,627,389,16463,95.33,1
6683,4,627,389,16461,95.32,1
6684,4,627,389,16493,95.5,1
6685,4,627,389,16421,95.09,1
6686,4,627,389,16467,95.35,1
6687,4,626,389,16423,95.1,1
6688,4,626,389,16471,95.38,1
6689,4,626,389,16455,95.28,1
6690,4,626,389,16447,95.24,1
6691,4,626,389,16500,95.54,1
6692,4,627,389,16439,95.19,1
6693,4,627,389,16470,95.37,1
6694,4,626,389,16442,95.21,1
6695,4,627,389,16550,95.83,1
6696,4,626,389,16515,95.63,1
6697,4,627,389,16514,95.63,1
6698,4,626,389,16507,95.58,1
6699,4,626,389,16476,95.41,1
6700,4,627,389,16487,95.47,1
6701,4,627,389,16439,95.19,1
6702,4,627,389,16459,95.31,1
6703,4,627,389,16470,95.37,1
6704,4,626,389,16496,95.52,1
6705,4,626,389,16501,95.55,1
6706,4,627,389,16471,95.38,1
6707,4,627,389,16502,95.56,1
6708,4,626,389,16480,95.43,1
6709,4,626,389,16446,95.23,1
6710,4,627,389,16465,95.34,1
6711,4,627,389,16471,95.38,1
6712,4,627,389,16453,95.27,1
6713,4,627,389,16477,95.41,1
6714,4,627,389,16474,95.39,1
6715,4,627,389,16474,95.39,1
6716,4,627,389,16490,95.49,1
6717,4,627,389,16472,95.38,1
6718,4,626,389,16509,95.6,1
6719,4,626,389,16471,95.38,1
6720,4,626,389,16449,95.25,1
6721,4,627,389,16538,95.76,1
6722,4,627,389,16529,95.71,1
6723,4,627,389,16493,95.5,1
6724,4,627,389,16476,95.41,1
6725,4,627,389,16445,95.23,1
6726,4,626,389,16438,95.19,1
6727,4,627,389,16462,95.32,1
6728,4,627,389,16479,95.42,1
6729,4,627,389,16513,95.62,1
6730,4,627,389,16456,95.29,1
6731,4,626,389,16468,95.36,1
6732,4,626,389,16503,95.56,1
6733,4,626,389,16463,95.33,1
6734,4,626,389,16519,95.65,1
6735,4,627,389,16480,95.43,1
6736,4,627,389,16462,95.32,1
6737,4,627,389,16465,95.34,1
6738,4,627,389,16454,95.28,1
6739,4,627,389,16462,95.32,1
6740,4,627,389,16453,95.27,1
6741,4,627,389,16447,95.24,1
6742,4,626,389,16439,95.19,1
6743,4,627,389,16455,95.28,1
6744,4,627,389,16451,95.26,1
6745,4,626,389,16475,95.4,1
6746,4,627,389,16436,95.17,1
6747,4,626,389,16466,95.35,1
6748,4,626,389,16485,95.46,1
6749,4,626,389,16444,95.22,1
6750,4,626,389,16486,95.46,1
6751,4,626,389,16485,95.46,1
6752,4,626,389,16492,95.5,1
6753,4,626,389,16467,95.35,1
6754,4,627,389,16462,95.32,1
6755,4,626,389,16471,95.38,1
6756,4,626,389,16479,95.42,1
6757,4,626,389,16457,95.3,1
6758,4,626,389,16394,94.93,1
6759,4,627,389,16417,95.06,1
6760,4,627,389,16481,95.43,1
6761,4,626,389,16467,95.35,1
6762,4,626,389,16443,95.21,1
6763,4,627,389,16467,95.35,1
6764,4,626,389,16496,95.52,1
6765,4,626,389,16458,95.3,1
6766,4,626,389,16510,95.6,1
6767,4,626,389,16449,95.25,1
6768,4,626,389,16460,95.31,1
6769,4,626,389,16472,95.38,1
6770,4,627,389,16476,95.41,1
6771,4,627,389,16513,95.62,1
6772,4,626,389,16465,95.34,1
6773,4,627,389,16492,95.5,1
6774,4,626,389,16452,95.27,1
6775,4,626,389,16496,95.52,1
6776,4,626,389,16449,95.25,1
6777,4,626,389,16508,95.59,1
6778,4,627,389,16445,95.23,1
6779,4,626,389,16462,95.32,1
6780,4,626,389,16500,95.54,1
6781,4,626,389,16480,95.43,1
6782,4,626,389,16470,95.37,1
6783,4,627,389,16428,95.13,1
6784,4,626,389,16447,95.24,1
6785,4,626,389,16491,95.49,1
6786,4,626,389,16486,95.46,1
6787,4,626,389,16508,95.59,1
6788,4,626,389,16522,95.67,1
6789,4,626,389,16466,95.35,1
6790,4,626,389,16473,95.39,1
6791,4,626,389,16509,95.6,1
6792,4,627,389,16514,95.63,1
6793,4,627,389,16520,95.66,1
6794,4,626,389,16513,95.62,1
6795,4,627,389,16482,95.44,1
6796,4,626,389,16457,95.3,1
6797,4,627,389,16470,95.37,1
6798,4,627,389,16488,95.47,1
6799,4,627,389,16487,95.47,1
6800,4,627,389,16417,95.06,1
6801,4,627,389,16494,95.51,1
6802,4,627,389,16481,95.43,1
6803,4,627,389,16466,95.35,1
6804,4,627,389,16449,95.25,1
6805,4,627,389,16506,95.58,1
6806,4,627,389,16459,95.31,1
6807,4,627,389,16465,95.34,1
6808,4,627,389,16471,95.38,1
6809,4,627,389,16469,95.36,1
6810,4,627,389,16421,95.09,1
6811,4,627,389,16474,95.39,1
6812,4,627,389,16472,95.38,1
6813,4,626,389,16450,95.25,1
6814,4,626,389,16430,95.14,1
6815,4,626,389,16460,95.31,1
6816,4,627,389,16465,95.34,1
6817,4,627,389,16488,95.47,1
6818,4,627,389,16483,95.45,1
6819,4,626,389,16481,95.43,1
6820,4,626,389,16493,95.5,1
6821,4,626,389,16491,95.49,1
6822,4,626,389,16456,95.29,1
6823,4,627,389,16539,95.77,1
6824,4,627,389,16517,95.64,1
6825,4,626,389,16505,95.57,1
6826,4,626,389,16508,95.59,1
6827,4,626,389,16474,95.39,1
6828,4,627,389,16488,95.47,1
6829,4,627,389,16463,95.33,1
6830,4,627,389,16432,95.15,1
6831,4,627,389,16444,95.22,1
6832,4,627,389,16468,95.36,1
6833,4,626,389,16467,95.35,1
6834,4,627,389,16477,95.41,1
6835,4,626,389,16454,95.28,1
6836,4,626,389,16458,95.3,1
6837,4,626,389,16460,95.31,1
6838,4,627,389,16459,95.31,1
6839,4,627,389,16423,95.1,1
6840,4,627,389,16461,95.32,1
6841,4,627,389,16499,95.54,1
6842,4,627,389,16491,95.49,1
6843,4,627,389,16506,95.58,1
6844,4,627,389,16513,95.62,1
6845,4,626,389,16457,95.3,1
6846,4,626,389,16509,95.6,1
6847,4,626,389,16526,95.69,1
6848,4,627,389,16542,95.79,1
6849,4,626,389,16504,95.57,1
6850,4,626,389,16514,95.63,1
6851,4,626,389,16527,95.7,1
6852,4,626,389,16518,95.65,1
6853,4,627,389,16543,95.79,1
6854,4,626,389,16491,95.49,1
6855,4,627,389,16497,95.53,1
6856,4,626,389,16501,95.55,1
6857,4,627,389,16509,95.6,1
6858,4,626,389,16496,95.52,1
6859,4,627,389,16481,95.43,1
6860,4,626,389,16438,95.19,1
6861,4,626,389,16425,95.11,1
6862,4,626,389,16425,95.11,1
6863,4,626,389,16447,95.24,1
6864,4,626,389,16476,95.41,1
6865,4,626,389,16453,95.27,1
6866,4,627,389,16419,95.08,1
6867,4,627,389,16444,95.22,1
6868,4,627,389,16442,95.21,1
6869,4,627,389,16445,95.23,1
6870,4,626,389,16453,95.27,1
6871,4,626,389,16426,95.12,1
6872,4,626,389,16498,95.53,1
6873,4,626,389,16506,95.58,1
6874,4,626,389,16439,95.19,1
6875,4,627,389,16447,95.24,1
6876,4,627,389,16472,95.38,1
6877,4,627,389,16476,95.41,1
6878,4,627,389,16448,95.24,1
6879,4,627,389,16442,95.21,1
6880,4,626,389,16447,95.24,1
6881,4,626,389,16521,95.67,1
6882,4,626,389,16509,95.6,1
6883,4,626,389,16523,95.68,1
6884,4,626,389,16517,95.64,1
6885,4,626,389,16500,95.54,1
6886,4,626,389,16438,95.19,1
6887,4,627,389,16424,95.1,1
6888,4,626,389,16502,95.56,1
6889,4,626,389,16498,95.53,1
6890,4,626,389,16489,95.48,1
6891,4,626,389,16496,95.52,1
6892,4,626,389,16499,95.54,1
6893,4,626,389,16477,95.41,1
6894,4,626,389,16481,95.43,1
6895,4,626,389,16493,95.5,1
6896,4,626,389,16473,95.39,1
6897,4,626,389,16470,95.37,1
6898,4,626,389,16457,95.3,1
6899,4,627,389,16477,95.41,1
6900,4,626,389,16433,95.16,1
6901,4,627,389,16474,95.39,1
6902,4,626,389,16466,95.35,1
6903,4,627,389,16466,95.35,1
6904,4,627,389,16458,95.3,1
6905,4,627,389,16489,95.48,1
6906,4,626,389,16486,95.46,1
6907,4,626,389,16498,95.53,1
6908,4,626,389,16486,95.46,1
6909,4,627,389,16471,95.38,1
6910,4,626,389,16527,95.7,1
6911,4,627,389,16474,95.39,1
6912,4,626,389,16485,95.46,1
6913,4,626,389,16525,95.69,1
6914,4,626,389,16487,95.47,1
6915,4,626,389,16521,95.67,1
6916,4,626,389,16559,95.89,1
6917,4,626,389,16509,95.6,1
6918,4,626,389,16437,95.18,1
6919,4,627,389,16444,95.22,1
6920,4,627,389,16436,95.17,1
6921,4,626,389,16463,95.33,1
6922,4,626,389,16452,95.27,1
6923,4,627,389,16464,95.34,1
6924,4,626,389,16485,95.46,1
6925,4,626,389,16479,95.42,1
6926,4,627,389,16489,95.48,1
6927,4,626,389,16523,95.68,1
6928,4,627,389,16469,95.36,1
6929,4,627,389,16510,95.6,1
6930,4,626,389,16458,95.3,1
6931,4,627,389,16480,95.43,1
6932,4,626,389,16471,95.38,1
6933,4,626,389,16465,95.34,1
6934,4,626,389,16490,95.49,1
6935,4,627,389,16478,95.42,1
6936,4,627,389,16501,95.55,1
6937,4,627,389,16497,95.53,1
6938,4,627,389,16518,95.65,1
6939,4,627,389,16480,95.43,1
6940,4,626,389,16476,95.41,1
6941,4,627,389,16466,95.35,1
6942,4,627,389,16508,95.59,1
6943,4,627,389,16483,95.45,1
6944,4,626,389,16510,95.6,1
6945,4,626,389,16549,95.83,1
6946,4,627,389,16496,95.52,1
6947,4,627,389,16495,95.52,1
6948,4,627,389,16497,95.53,1
6949,4,627,389,16502,95.56,1
6950,4,626,389,16509,95.6,1
6951,4,627,389,16544,95.8,1
6952,4,627,389,16515,95.63,1
6953,4,627,389,16494,95.51,1
6954,4,627,389,16497,95.53,1
6955,4,627,389,16509,95.6,1
6956,4,627,389,16512,95.61,1
6957,4,626,389,16470,95.37,1
6958,4,626,389,16499,95.54,1
6959,4,626,389,16421,95.09,1
6960,4,627,389,16439,95.19,1
6961,4,627,389,16435,95.17,1
6962,4,627,389,16434,95.16,1
6963,4,627,389,16476,95.41,1
6964,4,627,389,16456,95.29,1
6965,4,626,389,16509,95.6,1
6966,4,627,389,16431,95.14,1
6967,4,627,389,16458,95.3,1
6968,4,627,389,16440,95.2,1
6969,4,627,389,16452,95.27,1
6970,4,627,389,16503,95.56,1
6971,4,626,389,16505,95.57,1
6972,4,626,389,16515,95.63,1
6973,4,627,389,16490,95.49,1
6974,4,627,389,16505,95.57,1
6975,4,627,389,16501,95.55,1
6976,4,627,389,16484,95.45,1
6977,4,627,389,16527,95.7,1
6978,4,627,389,16447,95.24,1
6979,4,626,389,16454,95.28,1
6980,4,627,389,16428,95.13,1
6981,4,626,389,16470,95.37,1
6982,4,626,389,16425,95.11,1
6983,4,626,389,16462,95.32,1
6984,4,626,389,16481,95.43,1
6985,4,626,389,16502,95.56,1
6986,4,626,389,16459,95.31,1
6987,4,627,389,16428,95.13,1
6988,4,627,389,16463,95.33,1
6989,4,626,389,16485,95.46,1
6990,4,626,389,16525,95.69,1
6991,4,627,389,16522,95.67,1
6992,4,626,389,16520,95.66,1
6993,4,626,389,16528,95.71,1
6994,4,626,389,16449,95.25,1
6995,4,626,389,16489,95.48,1
6996,4,626,389,16499,95.54,1
6997,4,626,389,16494,95.51,1
6998,4,626,389,16467,95.35,1
6999,4,626,389,16484,95.45,1
7000,4,626,389,16448,95.24,1
7001,4,626,389,16468,95.36,1
7002,4,626,389,16491,95.49,1
7003,4,626,389,16444,95.22,1
7004,4,626,389,16510,95.6,1
7005,4,626,389,16479,95.42,1
7006,4,627,389,16533,95.74,1
7007,4,626,389,16462,95.32,1
7008,4,626,389,16471,95.38,1
7009,4,626,389,16494,95.51,1
7010,4,626,389,16497,95.53,1
7011,4,626,389,16493,95.5,1
7012,4,626,389,16525,95.69,1
7013,4,627,389,16489,95.48,1
7014,4,627,389,16493,95.5,1
7015,4,627,389,16475,95.4,1
7016,4,626,389,16483,95.45,1
7017,4,626,389,16477,95.41,1
7018,4,626,389,16459,95.31,1
7019,4,626,389,16462,95.32,1
7020,4,627,389,16480,95.43,1
7021,4,627,389,16425,95.11,1
7022,4,626,389,16450,95.25,1
7023,4,626,389,16474,95.39,1
7024,4,626,389,16470,95.37,1
7025,4,626,389,16515,95.63,1
7026,4,627,389,16476,95.41,1
7027,4,626,389,16496,95.52,1
7028,4,626,389,16513,95.62,1
7029,4,627,389,16547,95.82,1
7030,4,627,389,16524,95.68,1
7031,4,627,389,16561,95.9,1
7032,4,627,389,16628,96.29,1
7033,4,627,389,16540,95.78,1
7034,4,627,389,16523,95.68,1
7035,4,627,389,16510,95.6,1
7036,4,627,389,16478,95.42,1
7037,4,626,389,16518,95.65,1
7038,4,627,389,16526,95.69,1
7039,4,627,389,16465,95.34,1
7040,4,626,389,16495,95.52,1
7041,4,627,389,16499,95.54,1
7042,4,626,389,16446,95.23,1
7043,4,627,389,16440,95.2,1
7044,4,626,389,16476,95.41,1
7045,4,626,389,16467,95.35,1
7046,4,626,389,16405,94.99,1
7047,4,626,389,16444,95.22,1
7048,4,627,389,16476,95.41,1
7049,4,626,389,16481,95.43,1
7050,4,627,389,16469,95.36,1
7051,4,627,389,16453,95.27,1
7052,4,627,389,16481,95.43,1
7053,4,626,389,16464,95.34,1
7054,4,626,389,16476,95.41,1
7055,4,626,389,16487,95.47,1
7056,4,626,389,16485,95.46,1
7057,4,627,389,16443,95.21,1
7058,4,627,389,16463,95.33,1
7059,4,627,389,16475,95.4,1
7060,4,627,389,16480,95.43,1
7061,4,627,389,16500,95.54,1
7062,4,627,389,16480,95.43,1
7063,4,627,389,16464,95.34,1
7064,4,627,389,16471,95.38,1
7065,4,627,389,16514,95.63,1
7066,4,627,389,16517,95.64,1
7067,4,627,389,16505,95.57,1
7068,4,627,389,16516,95.64,1
7069,4,627,389,16514,95.63,1
7070,4,627,389,16507,95.58,1
7071,4,627,389,16498,95.53,1
7072,4,627,389,16480,95.43,1
7073,4,627,389,16467,95.35,1
7074,4,627,389,16424,95.1,1
7075,4,627,389,16447,95.24,1
7076,4,627,389,16455,95.28,1
7077,4,626,389,16444,95.22,1
7078,4,627,389,16467,95.35,1
7079,4,626,389,16509,95.6,1
7080,4,627,389,16468,95.36,1
7081,4,627,389,16496,95.52,1
7082,4,627,389,16467,95.35,1
7083,4,626,389,16475,95.4,1
7084,4,627,389,16481,95.43,1
7085,4,627,389,16447,95.24,1
7086,4,627,389,16459,95.31,1
7087,4,627,389,16508,95.59,1
7088,4,626,389,16446,95.23,1
7089,4,626,389,16523,95.68,1
7090,4,627,389,16480,95.43,1
7091,4,627,389,16461,95.32,1
7092,4,626,389,16456,95.29,1
7093,4,626,389,16477,95.41,1
7094,4,626,389,16518,95.65,1
7095,4,626,389,16508,95.59,1
7096,4,626,389,16479,95.42,1
7097,4,626,389,16508,95.59,1
7098,4,627,389,16469,95.36,1
7099,4,627,389,16413,95.04,1
7100,4,627,389,16443,95.21,1
7101,4,627,389,16439,95.19,1
7102,4,627,389,16482,95.44,1
7103,4,626,389,16486,95.46,1
7104,4,626,389,16441,95.2,1
7105,4,626,389,16474,95.39,1
7106,4,627,389,16444,95.22,1
7107,4,627,389,16480,95.43,1
7108,4,627,389,16477,95.41,1
7109,4,627,389,16451,95.26,1
7110,4,626,389,16508,95.59,1
7111,4,627,389,16477,95.41,1
7112,4,627,389,16466,95.35,1
7113,4,626,389,16501,95.55,1
7114,4,626,389,16484,95.45,1
7115,4,626,389,16468,95.36,1
7116,4,627,389,16480,95.43,1
7117,4,627,389,16479,95.42,1
7118,4,627,389,16490,95.49,1
7119,4,627,389,16519,95.65,1
7120,4,626,389,16521,95.67,1
7121,4,626,389,16530,95.72,1
7122,4,627,389,16458,95.3,1
7123,4,627,389,16496,95.52,1
7124,4,627,389,16488,95.47,1
7125,4,627,389,16467,95.35,1
7126,4,627,389,16476,95.41,1
7127,4,627,389,16464,95.34,1
7128,4,627,389,16500,95.54,1
7129,4,627,389,16542,95.79,1
7130,4,626,389,16499,95.54,1
7131,4,626,389,16473,95.39,1
7132,4,626,389,16469,95.36,1
7133,4,626,389,16435,95.17,1
7134,4,626,389,16432,95.15,1
7135,4,626,389,16430,95.14,1
7136,4,626,389,16438,95.19,1
7137,4,626,389,16416,95.06,1
7138,4,626,389,16413,95.04,1
7139,4,626,389,16446,95.23,1
7140,4,627,389,16452,95.27,1
7141,4,626,389,16502,95.56,1
7142,4,627,389,16506,95.58,1
7143,4,626,389,16504,95.57,1
7144,4,627,389,16501,95.55,1
7145,4,626,389,16526,95.69,1
7146,4,627,389,16484,95.45,1
7147,4,626,389,16471,95.38,1
7148,4,626,389,16517,95.64,1
7149,4,627,389,16502,95.56,1
7150,4,627,389,16488,95.47,1
7151,4,627,389,16485,95.46,1
7152,4,627,389,16446,95.23,1
7153,4,627,389,16468,95.36,1
7154,4,627,389,16451,95.26,1
7155,4,627,389,16470,95.37,1
7156,4,627,389,16464,95.34,1
7157,4,627,389,16482,95.44,1
7158,4,626,389,16459,95.31,1
7159,4,626,389,16485,95.46,1
7160,4,626,389,16490,95.49,1
7161,4,627,389,16528,95.71,1
7162,4,627,389,16509,95.6,1
7163,4,627,389,16488,95.47,1
7164,4,627,389,16511,95.61,1
7165,4,627,389,16463,95.33,1
7166,4,627,389,16483,95.45,1
7167,4,627,389,16503,95.56,1
7168,4,627,389,16485,95.46,1
7169,4,627,389,16476,95.41,1
7170,4,627,389,16435,95.17,1
7171,4,627,389,16494,95.51,1
7172,4,627,389,16497,95.53,1
7173,4,626,389,16478,95.42,1
7174,4,626,389,16489,95.48,1
7175,4,627,389,16493,95.5,1
7176,4,627,389,16474,95.39,1
7177,4,627,389,16503,95.56,1
7178,4,627,389,16460,95.31,1
7179,4,627,389,16486,95.46,1
7180,4,627,389,16436,95.17,1
7181,4,627,389,16447,95.24,1
7182,4,627,389,16469,95.36,1
7183,4,627,389,16455,95.28,1
7184,4,627,389,16527,95.7,1
7185,4,626,389,16542,95.79,1
7186,4,627,389,16459,95.31,1
7187,4,627,389,16470,95.37,1
7188,4,626,389,16527,95.7,1
7189,4,627,389,16474,95.39,1
7190,4,627,389,16467,95.35,1
7191,4,627,389,16427,95.12,1
7192,4,627,389,16445,95.23,1
7193,4,627,389,16459,95.31,1
7194,4,626,389,16447,95.24,1
7195,4,626,389,16458,95.3,1
7196,4,626,389,16472,95.38,1
7197,4,627,389,16459,95.31,1
7198,4,627,389,16465,95.34,1
7199,4,626,389,16453,95.27,1
7200,4,626,389,16474,95.39,1
7201,4,627,389,16455,95.28,1
7202,4,627,389,16466,95.35,1
7203,4,627,389,16493,95.5,1
7204,4,627,389,16481,95.43,1
7205,4,627,389,16500,95.54,1
7206,4,627,389,16454,95.28,1
7207,4,627,389,16500,95.54,1
7208,4,627,389,16527,95.7,1
7209,4,627,389,16537,95.76,1
7210,4,627,389,16468,95.36,1
7211,4,626,389,16495,95.52,1
7212,4,626,389,16506,95.58,1
7213,4,626,389,16447,95.24,1
7214,4,626,389,16482,95.44,1
7215,4,626,389,16489,95.48,1
7216,4,627,389,16467,95.35,1
7217,4,626,389,16483,95.45,1
7218,4,626,389,16456,95.29,1
7219,4,627,389,16494,95.51,1
7220,4,627,389,16445,95.23,1
7221,4,627,389,16474,95.39,1
7222,4,627,389,16460,95.31,1
7223,4,626,389,16474,95.39,1
7224,4,627,389,16490,95.49,1
7225,4,627,389,16503,95.56,1
7226,4,626,389,16493,95.5,1
7227,4,626,389,16428,95.13,1
7228,4,627,389,16460,95.31,1
7229,4,626,389,16458,95.3,1
7230,4,626,389,16454,95.28,1
7231,4,626,389,16468,95.36,1
7232,4,626,389,16481,95.43,1
7233,4,627,389,16484,95.45,1
7234,4,626,389,16459,95.31,1
7235,4,626,389,16471,95.38,1
7236,4,626,389,16501,95.55,1
7237,4,627,389,16475,95.4,1
7238,4,627,389,16437,95.18,1
7239,4,627,389,16476,95.41,1
7240,4,627,389,16490,95.49,1
7241,4,627,389,16496,95.52,1
7242,4,627,389,16500,95.54,1
7243,4,627,389,16478,95.42,1
7244,4,627,389,16516,95.64,1
7245,4,627,389,16497,95.53,1
7246,4,626,389,16483,95.45,1
7247,4,626,389,16479,95.42,1
7248,4,626,389,16466,95.35,1
7249,4,626,389,16498,95.53,1
7250,4,627,389,16527,95.7,1
7251,4,627,389,16495,95.52,1
7252,4,627,389,16481,95.43,1
7253,4,627,389,16465,95.34,1
7254,4,627,389,16459,95.31,1
7255,4,627,389,16491,95.49,1
7256,4,627,389,16510,95.6,1
7257,4,627,389,16538,95.76,1
7258,4,627,389,16483,95.45,1
7259,4,627,389,16460,95.31,1
7260,4,627,389,16495,95.52,1
7261,4,626,389,16485,95.46,1
7262,4,627,389,16490,95.49,1
7263,4,627,389,16494,95.51,1
7264,4,627,389,16497,95.53,1
7265,4,627,389,16507,95.58,1
7266,4,627,389,16465,95.34,1
7267,4,627,389,16516,95.64,1
7268,4,627,389,16443,95.21,1
7269,4,627,389,16448,95.24,1
7270,4,627,389,16442,95.21,1
7271,4,627,389,16485,95.46,1
7272,4,627,389,16460,95.31,1
7273,4,627,389,16422,95.09,1
7274,4,627,389,16359,94.73,1
7275,4,626,389,16323,94.52,1
7276,4,627,389,16290,94.33,1
7277,4,626,389,16283,94.29,1
7278,4,626,389,16372,94.8,1
7279,4,626,389,16376,94.83,1
7280,4,626,389,16372,94.8,1
7281,4,626,389,16401,94.97,1
7282,4,626,389,16301,94.39,1
7283,4,626,389,16307,94.43,1
7284,4,626,389,16287,94.31,1
7285,4,626,389,16325,94.53,1
7286,4,626,389,16289,94.32,1
7287,4,626,389,16304,94.41,1
7288,4,627,389,16281,94.28,1
7289,4,627,389,16338,94.61,1
7290,4,627,389,16399,94.96,1
7291,4,627,389,16427,95.12,1
7292,4,627,389,16440,95.2,1
7293,4,627,389,16423,95.1,1
7294,4,627,389,16424,95.1,1
7295,4,627,389,16419,95.08,1
7296,4,627,389,16451,95.26,1
7297,4,627,389,16482,95.44,1
7298,4,626,389,16399,94.96,1
7299,4,626,389,16402,94.98,1
7300,4,626,389,16405,94.99,1
7301,4,626,389,16408,95.01,1
7302,4,626,389,16389,94.9,1
7303,4,626,389,16415,95.05,1
7304,4,626,389,16373,94.81,1
7305,4,626,389,16391,94.91,1
7306,4,626,389,16337,94.6,1
7307,4,626,389,16332,94.57,1
7308,4,627,389,16351,94.68,1
7309,4,626,389,16316,94.48,1
7310,4,626,389,16347,94.66,1
7311,4,626,389,16346,94.65,1
7312,4,626,389,16340,94.62,1
7313,4,626,389,16334,94.58,1
7314,4,626,389,16330,94.56,1
7315,4,627,389,16300,94.39,1
7316,4,626,389,16296,94.36,1
7317,4,627,389,16294,94.35,1
7318,4,627,389,16274,94.24,1
7319,4,627,389,16306,94.42,1
7320,4,627,389,16295,94.36,1
7321,4,627,389,16319,94.5,1
7322,4,627,389,16313,94.46,1
7323,4,627,389,16325,94.53,1
7324,4,626,389,16328,94.55,1
7325,4,627,389,16332,94.57,1
7326,4,627,389,16328,94.55,1
7327,4,627,389,16303,94.4,1
7328,4,627,389,16357,94.72,1
7329,4,627,389,16336,94.59,1
7330,4,627,389,16337,94.6,1
7331,4,627,389,16346,94.65,1
7332,4,627,389,16369,94.79,1
7333,4,627,389,16369,94.79,1
7334,4,627,389,16414,95.05,1
7335,4,627,389,16379,94.84,1
7336,4,627,389,16326,94.54,1
7337,4,627,389,16349,94.67,1
7338,4,627,389,16351,94.68,1
7339,4,627,389,16372,94.8,1
7340,4,627,389,16379,94.84,1
7341,4,627,389,16342,94.63,1
7342,4,627,389,16359,94.73,1
7343,4,627,389,16358,94.72,1
7344,4,627,389,16375,94.82,1
7345,4,627,389,16322,94.51,1
7346,4,627,389,16301,94.39,1
7347,4,627,389,16309,94.44,1
7348,4,627,389,16296,94.36,1
7349,4,627,389,16349,94.67,1
7350,4,627,389,16357,94.72,1
7351,4,627,389,16293,94.35,1
7352,4,627,389,16327,94.54,1
7353,4,627,389,16381,94.86,1
7354,4,627,389,16353,94.69,1
7355,4,627,389,16281,94.28,1
7356,4,627,389,16307,94.43,1
7357,4,627,389,16312,94.46,1
7358,4,627,389,16338,94.61,1
7359,4,627,389,16343,94.64,1
7360,4,627,389,16404,94.99,1
7361,4,627,389,16400,94.97,1
7362,4,627,389,16381,94.86,1
7363,4,627,389,16397,94.95,1
7364,4,627,389,16356,94.71,1
7365,4,627,389,16333,94.58,1
7366,4,627,389,16348,94.66,1
7367,4,627,389,16321,94.51,1
7368,4,627,389,16342,94.63,1
7369,4,627,389,16373,94.81,1
7370,4,627,389,16347,94.66,1
7371,4,627,389,16369,94.79,1
7372,4,627,389,16328,94.55,1
7373,4,627,389,16300,94.39,1
7374,4,627,389,16350,94.68,1
7375,4,627,389,16360,94.73,1
7376,4,627,389,16394,94.93,1
7377,4,627,389,16401,94.97,1
7378,4,626,389,16323,94.52,1
7379,4,626,389,16343,94.64,1
7380,4,627,389,16333,94.58,1
7381,4,627,389,16381,94.86,1
7382,4,627,389,16325,94.53,1
7383,4,627,389,16373,94.81,1
7384,4,626,389,16341,94.62,1
7385,4,627,389,16316,94.48,1
7386,4,627,389,16309,94.44,1
7387,4,626,389,16269,94.21,1
7388,4,626,389,16302,94.4,1
7389,4,626,389,16277,94.25,1
7390,4,626,389,16325,94.53,1
7391,4,626,389,16264,94.18,1
7392,4,626,389,16315,94.47,1
7393,4,626,389,16305,94.42,1
7394,4,627,389,16311,94.45,1
7395,4,626,389,16358,94.72,1
7396,4,626,389,16319,94.5,1
7397,4,626,389,16340,94.62,1
7398,4,626,389,16341,94.62,1
7399,4,626,389,16346,94.65,1
7400,4,626,389,16304,94.41,1
7401,4,626,389,16334,94.58,1
7402,4,626,389,16307,94.43,1
7403,4,626,389,16294,94.35,1
7404,4,626,389,16308,94.43,1
7405,4,626,389,16306,94.42,1
7406,4,626,389,16272,94.22,1
7407,4,626,389,16292,94.34,1
7408,4,626,389,16295,94.36,1
7409,4,626,389,16331,94.57,1
7410,4,626,389,16324,94.53,1
7411,4,626,389,16325,94.53,1
7412,4,626,389,16341,94.62,1
7413,4,626,389,16353,94.69,1
7414,4,626,389,16341,94.62,1
7415,4,626,389,16356,94.71,1
7416,4,626,389,16344,94.64,1
7417,4,626,389,16343,94.64,1
7418,4,626,389,16378,94.84,1
7419,4,626,389,16324,94.53,1
7420,4,626,389,16360,94.73,1
7421,4,626,389,16316,94.48,1
7422,4,626,389,16341,94.62,1
7423,4,626,389,16264,94.18,1
7424,4,626,389,16285,94.3,1
7425,4,626,389,16312,94.46,1
7426,4,627,389,16320,94.5,1
7427,4,627,389,16313,94.46,1
7428,4,626,389,16315,94.47,1
7429,4,627,389,16308,94.43,1
7430,4,627,389,16299,94.38,1
7431,4,627,389,16331,94.57,1
7432,4,627,389,16341,94.62,1
7433,4,626,389,16341,94.62,1
7434,4,627,389,16314,94.47,1
7435,4,627,389,16336,94.59,1
7436,4,627,389,16322,94.51,1
7437,4,627,389,16288,94.32,1
7438,4,627,389,16349,94.67,1
7439,4,627,389,16336,94.59,1
7440,4,627,389,16334,94.58,1
7441,4,627,389,16333,94.58,1
7442,4,627,389,16299,94.38,1
7443,4,627,389,16301,94.39,1
7444,4,627,389,16234,94.0,1
7445,4,627,389,16259,94.15,1
7446,4,627,389,16304,94.41,1
7447,4,627,389,16313,94.46,1
7448,4,627,389,16356,94.71,1
7449,4,627,389,16356,94.71,1
7450,4,627,389,16324,94.53,1
7451,4,627,389,16307,94.43,1
7452,4,627,389,16314,94.47,1
7453,4,627,389,16311,94.45,1
7454,4,627,389,16350,94.68,1
7455,4,627,389,16289,94.32,1
7456,4,627,389,16273,94.23,1
7457,4,627,389,16318,94.49,1
7458,4,627,389,16289,94.32,1
7459,4,627,389,16320,94.5,1
7460,4,627,389,16297,94.37,1
7461,4,627,389,16323,94.52,1
7462,4,627,389,16237,94.02,1
7463,4,627,389,16367,94.77,1
7464,4,627,389,16294,94.35,1
7465,4,627,389,16305,94.42,1
7466,4,627,389,16228,93.97,1
7467,4,627,389,16251,94.1,1
7468,4,627,389,16298,94.37,1
7469,4,627,389,16282,94.28,1
7470,4,627,389,16311,94.45,1
7471,4,627,389,16314,94.47,1
7472,4,627,389,16336,94.59,1
7473,4,627,389,16349,94.67,1
7474,4,627,389,16273,94.23,1
7475,4,627,389,16288,94.32,1
7476,4,627,389,16327,94.54,1
7477,4,627,389,16301,94.39,1
7478,4,627,389,16312,94.46,1
7479,4,627,389,16326,94.54,1
7480,4,627,389,16293,94.35,1
7481,4,627,389,16322,94.51,1
7482,4,627,389,16318,94.49,1
7483,4,627,389,16331,94.57,1
7484,4,627,389,16320,94.5,1
7485,4,627,389,16322,94.51,1
7486,4,627,389,16314,94.47,1
7487,4,626,389,16269,94.21,1
7488,4,626,389,16272,94.22,1
7489,4,627,389,16315,94.47,1
7490,4,626,389,16327,94.54,1
7491,4,627,389,16309,94.44,1
7492,4,626,389,16362,94.75,1
7493,4,626,389,16336,94.59,1
7494,4,626,389,16294,94.35,1
7495,4,626,389,16333,94.58,1
7496,4,626,389,16332,94.57,1
7497,4,627,389,16378,94.84,1
7498,4,627,389,16332,94.57,1
7499,4,626,389,16308,94.43,1
7500,4,626,389,16345,94.65,1
7501,4,627,389,16272,94.22,1
7502,4,626,389,16304,94.41,1
7503,4,626,389,16308,94.43,1
7504,4,626,389,16323,94.52,1
7505,4,626,389,16307,94.43,1
7506,4,627,389,16307,94.43,1
7507,4,627,389,16347,94.66,1
7508,4,626,389,16317,94.48,1
7509,4,626,389,16318,94.49,1
7510,4,626,389,16310,94.44,1
7511,4,626,389,16358,94.72,1
7512,4,626,389,16321,94.51,1
7513,4,626,389,16363,94.75,1
7514,4,627,389,16353,94.69,1
7515,4,626,389,16329,94.55,1
7516,4,626,389,16333,94.58,1
7517,4,627,389,16309,94.44,1
7518,4,626,389,16350,94.68,1
7519,4,626,389,16297,94.37,1
7520,4,627,389,16285,94.3,1
7521,4,627,389,16278,94.26,1
7522,4,627,389,16280,94.27,1
7523,4,627,389,16272,94.22,1
7524,4,627,389,16263,94.17,1
7525,4,627,389,16269,94.21,1
7526,4,627,389,16279,94.26,1
7527,4,627,389,16325,94.53,1
7528,4,627,389,16314,94.47,1
7529,4,626,389,16352,94.69,1
7530,4,627,389,16326,94.54,1
7531,4,627,389,16311,94.45,1
7532,4,627,389,16310,94.44,1
7533,4,627,389,16288,94.32,1
7534,4,626,389,16313,94.46,1
7535,4,627,389,16317,94.48,1
7536,4,627,389,16365,94.76,1
7537,4,627,389,16351,94.68,1
7538,4,627,389,16321,94.51,1
7539,4,627,389,16326,94.54,1
7540,4,627,389,16312,94.46,1
7541,4,627,389,16322,94.51,1
7542,4,627,389,16262,94.17,1
7543,4,627,389,16302,94.4,1
7544,4,627,389,16256,94.13,1
7545,4,627,389,16309,94.44,1
7546,4,627,389,16282,94.28,1
7547,4,627,389,16299,94.38,1
7548,4,627,389,16327,94.54,1
7549,4,627,389,16321,94.51,1
7550,4,627,389,16358,94.72,1
7551,4,627,389,16321,94.51,1
7552,4,627,389,16307,94.43,1
7553,4,627,389,16360,94.73,1
7554,4,627,389,16280,94.27,1
7555,4,627,389,16313,94.46,1
7556,4,627,389,16346,94.65,1
7557,4,627,389,16318,94.49,1
7558,4,627,389,16317,94.48,1
7559,4,627,389,16346,94.65,1
7560,4,627,389,16283,94.29,1
7561,4,627,389,16345,94.65,1
7562,4,627,389,16324,94.53,1
7563,4,627,389,16280,94.27,1
7564,4,627,389,16293,94.35,1
7565,4,627,389,16311,94.45,1
7566,4,627,389,16316,94.48,1
7567,4,627,389,16293,94.35,1
7568,4,627,389,16299,94.38,1
7569,4,627,389,16305,94.42,1
7570,4,627,389,16337,94.6,1
7571,4,627,389,16310,94.44,1
7572,4,627,389,16332,94.57,1
7573,4,627,389,16349,94.67,1
7574,4,627,389,16340,94.62,1
7575,4,627,389,16345,94.65,1
7576,4,627,389,16279,94.26,1
7577,4,627,389,16318,94.49,1
7578,4,627,389,16320,94.5,1
7579,4,627,389,16287,94.31,1
7580,4,627,389,16275,94.24,1
7581,4,627,389,16271,94.22,1
7582,4,627,389,16286,94.3,1
7583,4,627,389,16284,94.29,1
7584,4,627,390,16246,94.07,1
7585,4,627,389,16293,94.35,1
7586,4,627,389,16274,94.24,1
7587,4,627,389,16285,94.3,1
7588,4,627,389,16273,94.23,1
7589,4,627,389,16263,94.17,1
7590,4,627,389,16331,94.57,1
7591,4,627,389,16319,94.5,1
7592,4,627,389,16256,94.13,1
7593,4,627,389,16296,94.36,1
7594,4,626,389,16299,94.38,1
7595,4,626,389,16290,94.33,1
7596,4,627,389,16333,94.58,1
7597,4,627,389,16300,94.39,1
7598,4,627,389,16266,94.19,1
7599,4,627,389,16273,94.23,1
7600,4,627,389,16282,94.28,1
7601,4,627,389,16307,94.43,1
7602,4,627,389,16261,94.16,1
7603,4,626,389,16279,94.26,1
7604,4,627,389,16280,94.27,1
7605,4,627,389,16328,94.55,1
7606,4,627,389,16277,94.25,1
7607,4,627,389,16306,94.42,1
7608,4,627,389,16283,94.29,1
7609,4,627,389,16332,94.57,1
7610,4,627,389,16285,94.3,1
7611,4,627,389,16316,94.48,1
7612,4,627,389,16289,94.32,1
7613,4,627,389,16281,94.28,1
7614,4,626,389,16330,94.56,1
7615,4,626,389,16296,94.36,1
7616,4,626,389,16314,94.47,1
7617,4,627,389,16279,94.26,1
7618,4,627,389,16277,94.25,1
7619,4,626,389,16243,94.06,1
7620,4,626,389,16255,94.13,1
7621,4,627,389,16293,94.35,1
7622,4,627,389,16283,94.29,1
7623,4,627,389,16295,94.36,1
7624,4,627,389,16285,94.3,1
7625,4,627,389,16278,94.26,1
7626,4,627,389,16287,94.31,1
7627,4,627,389,16282,94.28,1
7628,4,627,389,16276,94.25,1
7629,4,627,389,16318,94.49,1
7630,4,627,389,16324,94.53,1
7631,4,627,389,16329,94.55,1
7632,4,627,389,16316,94.48,1
7633,4,627,389,16349,94.67,1
7634,4,627,389,16260,94.15,1
7635,4,627,389,16291,94.33,1
7636,4,627,389,16327,94.54,1
7637,4,627,389,16296,94.36,1
7638,4,627,389,16250,94.1,1
7639,4,627,389,16289,94.32,1
7640,4,627,389,16285,94.3,1
7641,4,627,389,16309,94.44,1
7642,4,627,389,16251,94.1,1
7643,4,627,389,16331,94.57,1
7644,4,627,389,16296,94.36,1
7645,4,627,389,16301,94.39,1
7646,4,627,389,16264,94.18,1
7647,4,627,389,16293,94.35,1
7648,4,627,389,16299,94.38,1
7649,4,627,389,16315,94.47,1
7650,4,627,389,16280,94.27,1
7651,4,627,389,16310,94.44,1
7652,4,627,389,16274,94.24,1
7653,4,627,389,16283,94.29,1
7654,4,627,389,16348,94.66,1
7655,4,627,389,16340,94.62,1
7656,4,627,389,16338,94.61,1
7657,4,627,389,16319,94.5,1
7658,4,627,389,16315,94.47,1
7659,4,627,389,16325,94.53,1
7660,4,627,389,16284,94.29,1
7661,4,627,389,16332,94.57,1
7662,4,627,389,16328,94.55,1
7663,4,627,389,16322,94.51,1
7664,4,627,389,16276,94.25,1
7665,4,627,389,16334,94.58,1
7666,4,627,389,16303,94.4,1
7667,4,627,389,16330,94.56,1
7668,4,627,389,16305,94.42,1
7669,4,627,389,16315,94.47,1
7670,4,627,389,16308,94.43,1
7671,4,627,389,16340,94.62,1
7672,4,627,389,16328,94.55,1
7673,4,627,389,16346,94.65,1
7674,4,627,389,16325,94.53,1
7675,4,627,389,16329,94.55,1
7676,4,627,389,16335,94.59,1
7677,4,627,389,16327,94.54,1
7678,4,627,389,16328,94.55,1
7679,4,627,390,16266,94.19,1
7680,4,627,389,16276,94.25,1
7681,4,627,389,16274,94.24,1
7682,4,627,389,16276,94.25,1
7683,4,627,389,16287,94.31,1
7684,4,627,389,16245,94.07,1
7685,4,627,389,16309,94.44,1
7686,4,627,389,16343,94.64,1
7687,4,627,389,16307,94.43,1
7688,4,627,389,16348,94.66,1
7689,4,627,389,16333,94.58,1
7690,4,627,389,16336,94.59,1
7691,4,627,389,16319,94.5,1
7692,4,627,389,16349,94.67,1
7693,4,627,389,16289,94.32,1
7694,4,627,389,16309,94.44,1
7695,4,627,389,16350,94.68,1
7696,4,627,389,16362,94.75,1
7697,4,627,389,16355,94.7,1
7698,4,627,389,16353,94.69,1
7699,4,627,389,16336,94.59,1
7700,4,627,389,16340,94.62,1
7701,4,627,389,16305,94.42,1
7702,4,627,389,16337,94.6,1
7703,4,627,389,16314,94.47,1
7704,4,627,389,16310,94.44,1
7705,4,627,389,16330,94.56,1
7706,4,627,389,16274,94.24,1
7707,4,627,389,16283,94.29,1
7708,4,627,389,16339,94.61,1
7709,4,627,389,16296,94.36,1
7710,4,627,389,16375,94.82,1
7711,4,627,389,16321,94.51,1
7712,4,627,389,16327,94.54,1
7713,4,627,389,16341,94.62,1
7714,4,627,389,16310,94.44,1
7715,4,627,389,16299,94.38,1
7716,4,627,389,16322,94.51,1
7717,4,627,389,16340,94.62,1
7718,4,627,389,16324,94.53,1
7719,4,627,389,16298,94.37,1
7720,4,627,389,16280,94.27,1
7721,4,627,389,16320,94.5,1
7722,4,627,389,16327,94.54,1
7723,4,627,389,16305,94.42,1
7724,4,627,389,16320,94.5,1
7725,4,627,389,16282,94.28,1
7726,4,627,389,16320,94.5,1
7727,4,627,389,16305,94.42,1
7728,4,627,389,16310,94.44,1
7729,4,627,389,16338,94.61,1
7730,4,627,389,16331,94.57,1
7731,4,627,389,16309,94.44,1
7732,4,627,389,16337,94.6,1
7733,4,627,389,16374,94.81,1
7734,4,627,389,16308,94.43,1
7735,4,627,389,16369,94.79,1
7736,4,626,390,16358,94.72,1
7737,4,626,389,16306,94.42,1
7738,4,627,389,16332,94.57,1
7739,4,627,389,16359,94.73,1
7740,4,627,389,16326,94.54,1
7741,4,627,389,16289,94.32,1
7742,4,627,389,16314,94.47,1
7743,4,627,389,16299,94.38,1
7744,4,627,389,16313,94.46,1
7745,4,627,389,16325,94.53,1
7746,4,626,389,16348,94.66,1
7747,4,627,389,16358,94.72,1
7748,4,627,389,16310,94.44,1
7749,4,627,389,16346,94.65,1
7750,4,627,389,16361,94.74,1
7751,4,627,389,16310,94.44,1
7752,4,627,389,16334,94.58,1
7753,4,627,389,16376,94.83,1
7754,4,627,389,16294,94.35,1
7755,4,627,389,16317,94.48,1
7756,4,627,389,16328,94.55,1
7757,4,627,389,16296,94.36,1
7758,4,627,389,16300,94.39,1
7759,4,627,389,16291,94.33,1
7760,4,627,389,16275,94.24,1
7761,4,627,389,16355,94.7,1
7762,4,627,389,16314,94.47,1
7763,4,627,389,16318,94.49,1
7764,4,627,389,16325,94.53,1
7765,4,627,389,16331,94.57,1
7766,4,627,389,16292,94.34,1
7767,4,627,389,16303,94.4,1
7768,4,627,389,16292,94.34,1
7769,4,627,389,16332,94.57,1
7770,4,627,389,16308,94.43,1
7771,4,627,389,16301,94.39,1
7772,4,627,389,16290,94.33,1
7773,4,627,389,16277,94.25,1
7774,4,627,389,16321,94.51,1
7775,4,627,389,16343,94.64,1
7776,4,627,389,16335,94.59,1
7777,4,627,389,16363,94.75,1
7778,4,627,389,16360,94.73,1
7779,4,627,389,16380,94.85,1
7780,4,627,389,16334,94.58,1
7781,4,627,389,16336,94.59,1
7782,4,627,389,16326,94.54,1
7783,4,627,389,16332,94.57,1
7784,4,627,389,16264,94.18,1
7785,4,627,389,16336,94.59,1
7786,4,627,389,16348,94.66,1
7787,4,627,389,16341,94.62,1
7788,4,627,389,16335,94.59,1
7789,4,627,389,16292,94.34,1
7790,4,627,389,16339,94.61,1
7791,4,627,389,16302,94.4,1
7792,4,627,389,16299,94.38,1
7793,4,627,389,16320,94.5,1
7794,4,627,389,16284,94.29,1
7795,4,627,389,16279,94.26,1
7796,4,627,389,16272,94.22,1
7797,4,627,389,16241,94.04,1
7798,4,627,389,16261,94.16,1
7799,4,627,389,16324,94.53,1
7800,4,627,389,16295,94.36,1
7801,4,627,389,16345,94.65,1
7802,4,627,389,16291,94.33,1
7803,4,627,389,16324,94.53,1
7804,4,627,389,16299,94.38,1
7805,4,627,389,16288,94.32,1
7806,4,627,389,16322,94.51,1
7807,4,627,389,16302,94.4,1
7808,4,627,389,16302,94.4,1
7809,4,627,389,16343,94.64,1
7810,4,627,389,16306,94.42,1
7811,4,627,389,16330,94.56,1
7812,4,627,389,16286,94.3,1
7813,4,627,389,16302,94.4,1
7814,4,627,389,16284,94.29,1
7815,4,627,389,16289,94.32,1
7816,4,627,389,16304,94.41,1
7817,4,627,389,16339,94.61,1
7818,4,627,389,16303,94.4,1
7819,4,627,389,16312,94.46,1
7820,4,627,389,16340,94.62,1
7821,4,627,389,16295,94.36,1
7822,4,627,389,16282,94.28,1
7823,4,627,389,16275,94.24,1
7824,4,627,389,16322,94.51,1
7825,4,627,389,16368,94.78,1
7826,4,627,389,16334,94.58,1
7827,4,627,389,16323,94.52,1
7828,4,627,389,16275,94.24,1
7829,4,627,389,16262,94.17,1
7830,4,627,389,16292,94.34,1
7831,4,627,389,16234,94.0,1
7832,4,627,389,16279,94.26,1
7833,4,627,389,16315,94.47,1
7834,4,627,389,16308,94.43,1
7835,4,627,389,16334,94.58,1
7836,4,627,389,16320,94.5,1
7837,4,627,389,16302,94.4,1
7838,4,627,389,16327,94.54,1
7839,4,627,389,16297,94.37,1
7840,4,627,389,16331,94.57,1
7841,4,627,389,16295,94.36,1
7842,4,627,389,16256,94.13,1
7843,4,627,389,16278,94.26,1
7844,4,627,389,16351,94.68,1
7845,4,627,389,16364,94.76,1
7846,4,627,389,16284,94.29,1
7847,4,627,389,16340,94.62,1
7848,4,627,389,16326,94.54,1
7849,4,627,389,16334,94.58,1
7850,4,627,389,16302,94.4,1
7851,4,627,389,16292,94.34,1
7852,4,627,389,16290,94.33,1
7853,4,627,389,16275,94.24,1
7854,4,627,389,16287,94.31,1
7855,4,627,389,16326,94.54,1
7856,4,627,389,16289,94.32,1
7857,4,627,389,16331,94.57,1
7858,4,627,389,16274,94.24,1
7859,4,627,389,16311,94.45,1
7860,4,627,389,16308,94.43,1
7861,4,627,389,16328,94.55,1
7862,4,627,389,16307,94.43,1
7863,4,627,389,16362,94.75,1
7864,4,627,389,16288,94.32,1
7865,4,627,389,16322,94.51,1
7866,4,627,389,16343,94.64,1
7867,4,627,389,16372,94.8,1
7868,4,627,389,16329,94.55,1
7869,4,627,389,16279,94.26,1
7870,4,627,389,16324,94.53,1
7871,4,627,389,16268,94.2,1
7872,4,627,389,16289,94.32,1
7873,4,627,389,16333,94.58,1
7874,4,627,389,16323,94.52,1
7875,4,627,389,16322,94.51,1
7876,4,627,390,16310,94.44,1
7877,4,627,389,16305,94.42,1
7878,4,627,389,16317,94.48,1
7879,4,627,389,16306,94.42,1
7880,4,627,389,16204,93.83,1
7881,4,627,389,16324,94.53,1
7882,4,627,389,16312,94.46,1
7883,4,627,389,16300,94.39,1
7884,4,627,389,16307,94.43,1
7885,4,627,389,16315,94.47,1
7886,4,627,389,16339,94.61,1
7887,4,627,389,16298,94.37,1
7888,4,627,389,16297,94.37,1
7889,4,627,389,16331,94.57,1
7890,4,627,389,16253,94.11,1
7891,4,627,389,16315,94.47,1
7892,4,627,389,16320,94.5,1
7893,4,627,389,16286,94.3,1
7894,4,627,389,16347,94.66,1
7895,4,627,389,16302,94.4,1
7896,4,627,389,16256,94.13,1
7897,4,627,389,16339,94.61,1
7898,4,627,389,16321,94.51,1
7899,4,627,389,16292,94.34,1
7900,4,627,389,16294,94.35,1
7901,4,627,389,16298,94.37,1
7902,4,627,389,16311,94.45,1
7903,4,627,389,16304,94.41,1
7904,4,627,389,16318,94.49,1
7905,4,627,389,16394,94.93,1
7906,4,627,389,16348,94.66,1
7907,4,627,389,16365,94.76,1
7908,4,627,389,16343,94.64,1
7909,4,627,389,16312,94.46,1
7910,4,627,389,16293,94.35,1
7911,4,627,389,16291,94.33,1
7912,4,627,389,16278,94.26,1
7913,4,627,389,16270,94.21,1
7914,4,627,389,16261,94.16,1
7915,4,627,389,16311,94.45,1
7916,4,627,389,16273,94.23,1
7917,4,627,389,16318,94.49,1
7918,4,627,389,16373,94.81,1
7919,4,627,389,16298,94.37,1
7920,4,627,389,16334,94.58,1
7921,4,627,389,16336,94.59,1
7922,4,627,389,16335,94.59,1
7923,4,627,389,16367,94.77,1
7924,4,627,389,16358,94.72,1
7925,4,627,389,16381,94.86,1
7926,4,627,389,16343,94.64,1
7927,4,627,389,16376,94.83,1
7928,4,627,389,16325,94.53,1
7929,4,627,389,16382,94.86,1
7930,4,627,389,16345,94.65,1
7931,4,627,389,16313,94.46,1
7932,4,627,389,16304,94.41,1
7933,4,627,389,16280,94.27,1
7934,4,627,389,16288,94.32,1
7935,4,627,389,16307,94.43,1
7936,4,627,389,16279,94.26,1
7937,4,627,389,16334,94.58,1
7938,4,627,389,16274,94.24,1
7939,4,627,389,16291,94.33,1
7940,4,627,389,16252,94.11,1
7941,4,627,389,16296,94.36,1
7942,4,627,389,16279,94.26,1
7943,4,627,389,16286,94.3,1
7944,4,627,389,16269,94.21,1
7945,4,627,389,16317,94.48,1
7946,4,627,389,16248,94.08,1
7947,4,627,389,16309,94.44,1
7948,4,627,389,16312,94.46,1
7949,4,627,389,16280,94.27,1
7950,4,627,389,16313,94.46,1
7951,4,627,389,16304,94.41,1
7952,4,627,389,16328,94.55,1
7953,4,627,389,16358,94.72,1
7954,4,627,389,16373,94.81,1
7955,4,627,389,16308,94.43,1
7956,4,627,389,16286,94.3,1
7957,4,627,389,16329,94.55,1
7958,4,627,389,16279,94.26,1
7959,4,627,389,16329,94.55,1
7960,4,627,389,16317,94.48,1
7961,4,627,389,16323,94.52,1
7962,4,627,389,16324,94.53,1
7963,4,627,389,16329,94.55,1
7964,4,627,389,16375,94.82,1
7965,4,627,389,16354,94.7,1
7966,4,627,389,16378,94.84,1
7967,4,627,389,16306,94.42,1
7968,4,627,389,16303,94.4,1
7969,4,627,389,16314,94.47,1
7970,4,627,389,16256,94.13,1
7971,4,627,389,16289,94.32,1
7972,4,627,389,16300,94.39,1
7973,4,627,389,16296,94.36,1
7974,4,627,389,16267,94.19,1
7975,4,627,389,16291,94.33,1
7976,4,627,390,16264,94.18,1
7977,4,627,390,16226,93.96,1
7978,4,627,390,16185,93.72,1
7979,4,627,389,16249,94.09,1
7980,4,627,389,16279,94.26,1
7981,4,627,389,16230,93.98,1
7982,4,627,390,16250,94.1,1
7983,4,627,390,16237,94.02,1
7984,4,627,390,16204,93.83,1
7985,4,627,390,16225,93.95,1
7986,4,627,390,16198,93.8,1
7987,4,627,390,16200,93.81,1
7988,4,627,390,16123,93.36,1
7989,4,627,390,16159,93.57,1
7990,4,627,390,16197,93.79,1
7991,4,627,390,16277,94.25,1
7992,4,627,390,16277,94.25,1
7993,4,627,390,16269,94.21,1
7994,4,627,390,16225,93.95,1
7995,4,627,390,16235,94.01,1
7996,4,627,390,16270,94.21,1
7997,4,627,390,16242,94.05,1
7998,4,627,390,16259,94.15,1
7999,4,627,390,16255,94.13,1
8000,4,627,390,16288,94.32,1
8001,4,627,390,16286,94.3,1
8002,4,627,390,16222,93.93,1
8003,4,627,390,16228,93.97,1
8004,4,627,390,16208,93.85,1
8005,4,627,390,16183,93.71,1
8006,4,627,390,16144,93.48,1
8007,4,627,390,16184,93.71,1
8008,4,627,390,16201,93.81,1
8009,4,627,390,16147,93.5,1
8010,4,627,390,16115,93.31,1
8011,4,627,390,16105,93.26,1
8012,4,627,390,16141,93.47,1
8013,4,627,390,16110,93.29,1
8014,4,627,390,16141,93.47,1
8015,4,627,390,16138,93.45,1
8016,4,627,390,16167,93.62,1
8017,4,627,390,16190,93.75,1
8018,4,627,390,16179,93.69,1
8019,4,627,390,16186,93.73,1
8020,4,627,390,16189,93.74,1
8021,4,627,390,16187,93.73,1
8022,4,627,390,16226,93.96,1
8023,4,627,390,16221,93.93,1
8024,4,627,390,16172,93.64,1
8025,4,627,390,16223,93.94,1
8026,4,627,390,16224,93.95,1
8027,4,627,390,16190,93.75,1
8028,4,627,390,16208,93.85,1
8029,4,627,390,16185,93.72,1
8030,4,627,390,16207,93.85,1
8031,4,627,390,16183,93.71,1
8032,4,627,390,16213,93.88,1
8033,4,627,390,16239,94.03,1
8034,4,627,390,16244,94.06,1
8035,4,627,390,16234,94.0,1
8036,4,627,390,16189,93.74,1
8037,4,627,390,16244,94.06,1
8038,4,627,390,16232,93.99,1
8039,4,627,390,16249,94.09,1
8040,4,627,389,16236,94.02,1
8041,4,627,390,16236,94.02,1
8042,4,627,390,16231,93.99,1
8043,4,627,390,16264,94.18,1
8044,4,627,390,16234,94.0,1
8045,4,627,390,16238,94.03,1
8046,4,627,390,16239,94.03,1
8047,4,627,390,16231,93.99,1
8048,4,627,390,16206,93.84,1
8049,4,627,390,16253,94.11,1
8050,4,627,390,16128,93.39,1
8051,4,627,390,16137,93.44,1
8052,4,627,390,16166,93.61,1
8053,4,627,390,16138,93.45,1
8054,4,627,390,16184,93.71,1
8055,4,627,390,16204,93.83,1
8056,4,627,390,16234,94.0,1
8057,4,627,390,16207,93.85,1
8058,4,627,390,16166,93.61,1
8059,4,627,390,16183,93.71,1
8060,4,627,390,16144,93.48,1
8061,4,627,390,16168,93.62,1
8062,4,627,390,16199,93.8,1
8063,4,627,390,16197,93.79,1
8064,4,627,390,16222,93.93,1
8065,4,627,390,16182,93.7,1
8066,4,627,390,16189,93.74,1
8067,4,627,390,16217,93.91,1
8068,4,627,390,16183,93.71,1
8069,4,627,390,16162,93.59,1
8070,4,627,390,16185,93.72,1
8071,4,627,390,16242,94.05,1
8072,4,627,390,16199,93.8,1
8073,4,627,390,16240,94.04,1
8074,4,627,390,16254,94.12,1
8075,4,627,390,16221,93.93,1
8076,4,627,390,16192,93.76,1
8077,4,627,390,16191,93.75,1
8078,4,627,390,16232,93.99,1
8079,4,627,390,16197,93.79,1
8080,4,627,390,16180,93.69,1
8081,4,627,390,16207,93.85,1
8082,4,627,390,16162,93.59,1
8083,4,627,390,16203,93.82,1
8084,4,627,390,16202,93.82,1
8085,4,627,390,16162,93.59,1
8086,4,627,390,16135,93.43,1
8087,4,627,390,16158,93.56,1
8088,4,627,390,16172,93.64,1
8089,4,627,390,16170,93.63,1
8090,4,627,390,16133,93.42,1
8091,4,627,390,16111,93.29,1
8092,4,627,390,16156,93.55,1
8093,4,627,390,16132,93.41,1
8094,4,627,390,16191,93.75,1
8095,4,627,390,16170,93.63,1
8096,4,627,390,16140,93.46,1
8097,4,627,390,16135,93.43,1
8098,4,627,390,16169,93.63,1
8099,4,627,390,16210,93.86,1
8100,4,628,390,16131,93.41,1
8101,4,627,390,16160,93.58,1
8102,4,627,390,16163,93.59,1
8103,4,627,390,16178,93.68,1
8104,4,627,390,16164,93.6,1
8105,4,627,390,16192,93.76,1
8106,4,627,390,16133,93.42,1
8107,4,627,390,16134,93.42,1
8108,4,627,390,16168,93.62,1
8109,4,627,390,16155,93.55,1
8110,4,627,390,16198,93.8,1
8111,4,627,390,16194,93.77,1
8112,4,627,390,16212,93.88,1
8113,4,627,390,16231,93.99,1
8114,4,627,390,16162,93.59,1
8115,4,627,390,16176,93.67,1
8116,4,628,390,16164,93.6,1
8117,4,627,390,16217,93.91,1
8118,4,627,390,16192,93.76,1
8119,4,627,390,16195,93.78,1
8120,4,627,390,16201,93.81,1
8121,4,627,390,16194,93.77,1
8122,4,627,390,16142,93.47,1
8123,4,627,390,16167,93.62,1
8124,4,627,390,16208,93.85,1
8125,4,627,390,16184,93.71,1
8126,4,627,390,16192,93.76,1
8127,4,628,390,16169,93.63,1
8128,4,628,390,16185,93.72,1
8129,4,627,390,16189,93.74,1
8130,4,627,390,16158,93.56,1
8131,4,627,390,16169,93.63,1
8132,4,627,390,16151,93.52,1
8133,4,627,390,16171,93.64,1
8134,4,627,390,16150,93.52,1
8135,4,627,390,16235,94.01,1
8136,4,627,390,16191,93.75,1
8137,4,627,390,16231,93.99,1
8138,4,627,390,16238,94.03,1
8139,4,627,390,16176,93.67,1
8140,4,627,390,16260,94.15,1
8141,4,627,390,16215,93.89,1
8142,4,627,390,16193,93.77,1
8143,4,627,390,16180,93.69,1
8144,4,627,390,16191,93.75,1
8145,4,627,390,16209,93.86,1
8146,4,628,390,16178,93.68,1
8147,4,627,390,16194,93.77,1
8148,4,627,390,16184,93.71,1
8149,4,627,390,16156,93.55,1
8150,4,627,390,16169,93.63,1
8151,4,627,390,16196,93.78,1
8152,4,627,390,16164,93.6,1
8153,4,627,390,16208,93.85,1
8154,4,627,390,16207,93.85,1
8155,4,627,390,16159,93.57,1
8156,4,627,390,16210,93.86,1
8157,4,628,390,16170,93.63,1
8158,4,628,390,16198,93.8,1
8159,4,627,390,16198,93.8,1
8160,4,627,390,16201,93.81,1
8161,4,628,390,16181,93.7,1
8162,4,627,390,16132,93.41,1
8163,4,628,390,16173,93.65,1
8164,4,628,390,16162,93.59,1
8165,4,628,390,16202,93.82,1
8166,4,628,390,16173,93.65,1
8167,4,628,390,16190,93.75,1
8168,4,628,390,16192,93.76,1
8169,4,628,390,16232,93.99,1
8170,4,627,390,16214,93.89,1
8171,4,628,390,16197,93.79,1
8172,4,628,390,16221,93.93,1
8173,4,627,390,16209,93.86,1
8174,4,628,390,16210,93.86,1
8175,4,628,390,16194,93.77,1
8176,4,628,390,16201,93.81,1
8177,4,628,390,16215,93.89,1
8178,4,628,390,16190,93.75,1
8179,4,628,390,16198,93.8,1
8180,4,628,390,16163,93.59,1
8181,4,628,390,16185,93.72,1
8182,4,628,390,16143,93.48,1
8183,4,628,390,16175,93.66,1
8184,4,628,390,16186,93.73,1
8185,4,628,390,16207,93.85,1
8186,4,628,390,16190,93.75,1
8187,4,628,390,16173,93.65,1
8188,4,628,390,16206,93.84,1
8189,4,628,390,16169,93.63,1
8190,4,628,390,16215,93.89,1
8191,4,628,390,16175,93.66,1
8192,4,628,390,16221,93.93,1
8193,4,628,390,16252,94.11,1
8194,4,628,390,16202,93.82,1
8195,4,628,390,16223,93.94,1
8196,4,628,390,16201,93.81,1
8197,4,628,390,16223,93.94,1
8198,4,628,390,16206,93.84,1
8199,4,628,390,16176,93.67,1
8200,4,628,390,16200,93.81,1
8201,4,628,390,16184,93.71,1
8202,4,628,390,16192,93.76,1
8203,4,628,390,16157,93.56,1
8204,4,628,390,16210,93.86,1
8205,4,628,390,16202,93.82,1
8206,4,628,390,16213,93.88,1
8207,4,628,390,16149,93.51,1
8208,4,628,390,16165,93.6,1
8209,4,628,390,16206,93.84,1
8210,4,628,390,16154,93.54,1
8211,4,628,390,16184,93.71,1
8212,4,628,390,16156,93.55,1
8213,4,628,390,16177,93.67,1
8214,4,628,390,16191,93.75,1
8215,4,628,390,16210,93.86,1
8216,4,628,390,16205,93.84,1
8217,4,628,390,16210,93.86,1
8218,4,628,390,16230,93.98,1
8219,4,628,390,16185,93.72,1
8220,4,628,390,16210,93.86,1
8221,4,628,390,16175,93.66,1
8222,4,628,390,16223,93.94,1
8223,4,628,390,16218,93.91,1
8224,4,628,390,16202,93.82,1
8225,4,628,390,16227,93.96,1
8226,4,628,390,16220,93.92,1
8227,4,628,390,16216,93.9,1
8228,4,628,390,16225,93.95,1
8229,4,628,390,16213,93.88,1
8230,4,628,390,16145,93.49,1
8231,4,628,390,16160,93.58,1
8232,4,628,390,16180,93.69,1
8233,4,628,390,16202,93.82,1
8234,4,628,390,16233,94.0,1
8235,4,628,390,16213,93.88,1
8236,4,628,390,16218,93.91,1
8237,4,628,390,16199,93.8,1
8238,4,628,390,16155,93.55,1
8239,4,628,390,16141,93.47,1
8240,4,628,390,16145,93.49,1
8241,4,628,390,16165,93.6,1
8242,4,628,390,16212,93.88,1
8243,4,628,390,16212,93.88,1
8244,4,628,390,16166,93.61,1
8245,4,628,390,16186,93.73,1
8246,4,628,390,16173,93.65,1
8247,4,628,390,16204,93.83,1
8248,4,628,390,16181,93.7,1
8249,4,628,390,16195,93.78,1
8250,4,628,390,16199,93.8,1
8251,4,628,390,16185,93.72,1
8252,4,628,390,16226,93.96,1
8253,4,628,390,16170,93.63,1
8254,4,628,390,16194,93.77,1
8255,4,628,390,16224,93.95,1
8256,4,628,390,16213,93.88,1
8257,4,628,390,16177,93.67,1
8258,4,628,390,16164,93.6,1
8259,4,628,390,16162,93.59,1
8260,4,628,390,16181,93.7,1
8261,4,628,390,16212,93.88,1
8262,4,628,390,16197,93.79,1
8263,4,628,390,16218,93.91,1
8264,4,628,390,16225,93.95,1
8265,4,628,390,16181,93.7,1
8266,4,628,390,16214,93.89,1
8267,4,628,390,16184,93.71,1
8268,4,628,390,16190,93.75,1
8269,4,628,390,16185,93.72,1
8270,4,628,390,16223,93.94,1
8271,4,628,390,16200,93.81,1
8272,4,628,390,16203,93.82,1
8273,4,628,390,16220,93.92,1
8274,4,628,390,16199,93.8,1
8275,4,628,390,16177,93.67,1
8276,4,628,390,16238,94.03,1
8277,4,628,390,16218,93.91,1
8278,4,628,390,16167,93.62,1
8279,4,628,390,16158,93.56,1
8280,4,628,390,16178,93.68,1
8281,4,628,390,16216,93.9,1
8282,4,628,390,16207,93.85,1
8283,4,628,390,16202,93.82,1
8284,4,628,390,16228,93.97,1
8285,4,628,390,16187,93.73,1
8286,4,628,390,16246,94.07,1
8287,4,628,390,16240,94.04,1
8288,4,628,390,16227,93.96,1
8289,4,628,390,16200,93.81,1
8290,4,628,390,16202,93.82,1
8291,4,628,390,16253,94.11,1
8292,4,628,390,16225,93.95,1
8293,4,628,390,16263,94.17,1
8294,4,628,390,16214,93.89,1
8295,4,628,390,16238,94.03,1
8296,4,628,390,16230,93.98,1
8297,4,628,390,16210,93.86,1
8298,4,628,390,16163,93.59,1
8299,4,628,390,16168,93.62,1
8300,4,628,390,16224,93.95,1
8301,4,628,390,16170,93.63,1
8302,4,628,390,16176,93.67,1
8303,4,628,390,16207,93.85,1
8304,4,628,390,16237,94.02,1
8305,4,628,390,16213,93.88,1
8306,4,628,390,16218,93.91,1
8307,4,628,390,16234,94.0,1
8308,4,628,390,16203,93.82,1
8309,4,628,390,16217,93.91,1
8310,4,628,390,16258,94.14,1
8311,4,628,390,16287,94.31,1
8312,4,628,390,16253,94.11,1
8313,4,628,390,16278,94.26,1
8314,4,628,390,16260,94.15,1
8315,4,628,390,16215,93.89,1
8316,4,628,390,16222,93.93,1
8317,4,628,390,16176,93.67,1
8318,4,628,390,16238,94.03,1
8319,4,628,390,16225,93.95,1
8320,4,628,390,16219,93.92,1
8321,4,628,390,16232,93.99,1
8322,4,628,390,16240,94.04,1
8323,4,628,390,16227,93.96,1
8324,4,628,390,16254,94.12,1
8325,4,628,390,16232,93.99,1
8326,4,628,390,16254,94.12,1
8327,4,628,390,16263,94.17,1
8328,4,628,390,16236,94.02,1
8329,4,628,390,16199,93.8,1
8330,4,628,390,16218,93.91,1
8331,4,628,390,16212,93.88,1
8332,4,628,390,16245,94.07,1
8333,4,628,390,16231,93.99,1
8334,4,628,390,16238,94.03,1
8335,4,628,390,16207,93.85,1
8336,4,628,390,16200,93.81,1
8337,4,628,390,16228,93.97,1
8338,4,628,390,16203,93.82,1
8339,4,628,390,16222,93.93,1
8340,4,628,390,16231,93.99,1
8341,4,628,390,16279,94.26,1
8342,4,628,390,16200,93.81,1
8343,4,628,390,16205,93.84,1
8344,4,628,390,16236,94.02,1
8345,4,628,390,16222,93.93,1
8346,4,628,390,16204,93.83,1
8347,4,628,390,16247,94.08,1
8348,4,628,390,16226,93.96,1
8349,4,628,390,16214,93.89,1
8350,4,628,390,16213,93.88,1
8351,4,628,390,16219,93.92,1
8352,4,628,390,16208,93.85,1
8353,4,628,390,16214,93.89,1
8354,4,628,390,16185,93.72,1
8355,4,628,390,16204,93.83,1
8356,4,628,390,16200,93.81,1
8357,4,628,390,16239,94.03,1
8358,4,628,390,16174,93.66,1
8359,4,628,390,16244,94.06,1
8360,4,628,390,16250,94.1,1
8361,4,628,390,16213,93.88,1
8362,4,628,390,16224,93.95,1
8363,4,628,390,16239,94.03,1
8364,4,628,390,16234,94.0,1
8365,4,628,390,16217,93.91,1
8366,4,628,390,16240,94.04,1
8367,4,628,390,16223,93.94,1
8368,4,628,390,16210,93.86,1
8369,4,628,390,16218,93.91,1
8370,4,628,390,16220,93.92,1
8371,4,628,390,16286,94.3,1
8372,4,628,390,16255,94.13,1
8373,4,628,390,16226,93.96,1
8374,4,628,390,16209,93.86,1
8375,4,628,390,16190,93.75,1
8376,4,628,390,16133,93.42,1
8377,4,628,390,16230,93.98,1
8378,4,628,390,16232,93.99,1
8379,4,628,390,16233,94.0,1
8380,4,628,390,16218,93.91,1
8381,4,628,390,16233,94.0,1
8382,4,628,390,16257,94.14,1
8383,4,628,390,16208,93.85,1
8384,4,628,390,16244,94.06,1
8385,4,628,390,16241,94.04,1
8386,4,628,390,16232,93.99,1
8387,4,629,390,16229,93.97,1
8388,4,628,390,16216,93.9,1
8389,4,628,390,16221,93.93,1
8390,4,628,390,16235,94.01,1
8391,4,628,390,16266,94.19,1
8392,4,628,390,16264,94.18,1
8393,4,628,390,16283,94.29,1
8394,4,628,390,16221,93.93,1
8395,4,628,390,16202,93.82,1
8396,4,628,390,16178,93.68,1
8397,4,628,390,16220,93.92,1
8398,4,628,390,16227,93.96,1
8399,4,629,390,16223,93.94,1
8400,4,628,390,16217,93.91,1
8401,4,628,390,16261,94.16,1
8402,4,628,390,16197,93.79,1
8403,4,628,390,16225,93.95,1
8404,4,628,390,16223,93.94,1
8405,4,628,390,16220,93.92,1
8406,4,628,390,16279,94.26,1
8407,4,628,390,16250,94.1,1
8408,4,628,390,16217,93.91,1
8409,4,628,390,16244,94.06,1
8410,4,628,390,16242,94.05,1
8411,4,628,390,16277,94.25,1
8412,4,628,390,16294,94.35,1
8413,4,628,390,16214,93.89,1
8414,4,628,390,16207,93.85,1
8415,4,628,390,16234,94.0,1
8416,4,628,390,16263,94.17,1
8417,4,628,390,16276,94.25,1
8418,4,628,390,16229,93.97,1
8419,4,628,390,16257,94.14,1
8420,4,628,390,16222,93.93,1
8421,4,628,390,16244,94.06,1
8422,4,628,390,16233,94.0,1
8423,4,628,390,16249,94.09,1
8424,4,628,390,16217,93.91,1
8425,4,628,390,16247,94.08,1
8426,4,628,390,16245,94.07,1
8427,4,628,390,16283,94.29,1
8428,4,628,390,16232,93.99,1
8429,4,628,390,16246,94.07,1
8430,4,628,390,16232,93.99,1
8431,4,628,390,16250,94.1,1
8432,4,628,390,16234,94.0,1
8433,4,628,390,16279,94.26,1
8434,4,628,390,16243,94.06,1
8435,4,628,390,16210,93.86,1
8436,4,628,390,16208,93.85,1
8437,4,628,390,16250,94.1,1
8438,4,628,390,16242,94.05,1
8439,4,628,390,16266,94.19,1
8440,4,628,390,16243,94.06,1
8441,4,628,390,16276,94.25,1
8442,4,628,390,16296,94.36,1
8443,4,628,390,16258,94.14,1
8444,4,629,390,16246,94.07,1
8445,4,628,390,16245,94.07,1
8446,4,628,390,16302,94.4,1
8447,4,628,390,16245,94.07,1
8448,4,628,390,16261,94.16,1
8449,4,628,390,16263,94.17,1
8450,4,628,390,16261,94.16,1
8451,4,628,390,16271,94.22,1
8452,4,628,390,16282,94.28,1
8453,4,628,390,16208,93.85,1
8454,4,628,390,16206,93.84,1
8455,4,628,390,16230,93.98,1
8456,4,628,390,16249,94.09,1
8457,4,628,390,16244,94.06,1
8458,4,628,390,16254,94.12,1
8459,4,628,390,16224,93.95,1
8460,4,628,390,16283,94.29,1
8461,4,628,390,16236,94.02,1
8462,4,629,390,16282,94.28,1
8463,4,628,390,16293,94.35,1
8464,4,628,390,16279,94.26,1
8465,4,628,390,16291,94.33,1
8466,4,628,390,16292,94.34,1
8467,4,628,390,16263,94.17,1
8468,4,628,390,16255,94.13,1
8469,4,629,390,16259,94.15,1
8470,4,628,390,16265,94.18,1
8471,4,629,390,16247,94.08,1
8472,4,628,390,16257,94.14,1
8473,4,628,390,16246,94.07,1
8474,4,629,390,16227,93.96,1
8475,4,629,390,16207,93.85,1
8476,4,628,390,16197,93.79,1
8477,4,628,390,16215,93.89,1
8478,4,628,390,16214,93.89,1
8479,4,628,390,16201,93.81,1
8480,4,628,390,16244,94.06,1
8481,4,628,390,16240,94.04,1
8482,4,629,390,16234,94.0,1
8483,4,629,390,16246,94.07,1
8484,4,629,390,16240,94.04,1
8485,4,628,390,16258,94.14,1
8486,4,628,390,16298,94.37,1
8487,4,629,390,16271,94.22,1
8488,4,629,390,16272,94.22,1
8489,4,629,390,16274,94.24,1
8490,4,629,390,16224,93.95,1
8491,4,628,390,16261,94.16,1
8492,4,629,390,16271,94.22,1
8493,4,629,390,16254,94.12,1
8494,4,628,390,16295,94.36,1
8495,4,628,390,16252,94.11,1
8496,4,628,390,16251,94.1,1
8497,4,628,390,16278,94.26,1
8498,4,628,390,16277,94.25,1
8499,4,628,390,16293,94.35,1
8500,4,628,390,16284,94.29,1
8501,4,628,390,16265,94.18,1
8502,4,628,390,16253,94.11,1
8503,4,629,390,16284,94.29,1
8504,4,628,390,16289,94.32,1
8505,4,629,390,16343,94.64,1
8506,4,629,390,16266,94.19,1
8507,4,629,390,16282,94.28,1
8508,4,629,390,16345,94.65,1
8509,4,629,390,16297,94.37,1
8510,4,629,390,16264,94.18,1
8511,4,629,390,16245,94.07,1
8512,4,629,390,16322,94.51,1
8513,4,629,390,16273,94.23,1
8514,4,628,390,16257,94.14,1
8515,4,628,390,16232,93.99,1
8516,4,629,390,16253,94.11,1
8517,4,629,390,16261,94.16,1
8518,4,629,390,16227,93.96,1
8519,4,629,390,16234,94.0,1
8520,4,629,390,16263,94.17,1
8521,4,629,390,16309,94.44,1
8522,4,628,390,16292,94.34,1
8523,4,628,390,16301,94.39,1
8524,4,629,390,16336,94.59,1
8525,4,629,390,16275,94.24,1
8526,4,629,390,16274,94.24,1
8527,4,629,390,16345,94.65,1
8528,4,628,390,16320,94.5,1
8529,4,629,390,16321,94.51,1
8530,4,629,390,16253,94.11,1
8531,4,628,390,16264,94.18,1
8532,4,628,390,16276,94.25,1
8533,4,629,390,16265,94.18,1
8534,4,629,390,16244,94.06,1
8535,4,629,390,16256,94.13,1
8536,4,629,390,16279,94.26,1
8537,4,629,390,16285,94.3,1
8538,4,629,390,16263,94.17,1
8539,4,629,390,16247,94.08,1
8540,4,628,390,16295,94.36,1
8541,4,629,390,16255,94.13,1
8542,4,629,390,16308,94.43,1
8543,4,628,390,16297,94.37,1
8544,4,629,390,16319,94.5,1
8545,4,628,390,16298,94.37,1
8546,4,629,390,16295,94.36,1
8547,4,629,390,16299,94.38,1
8548,4,629,390,16291,94.33,1
8549,4,629,390,16270,94.21,1
8550,4,629,390,16257,94.14,1
8551,4,628,390,16282,94.28,1
8552,4,629,390,16304,94.41,1
8553,4,629,390,16298,94.37,1
8554,4,629,390,16285,94.3,1
8555,4,628,390,16247,94.08,1
8556,4,628,390,16225,93.95,1
8557,4,629,390,16241,94.04,1
8558,4,628,390,16254,94.12,1
8559,4,629,390,16286,94.3,1
8560,4,629,390,16312,94.46,1
8561,4,628,390,16294,94.35,1
8562,4,629,390,16288,94.32,1
8563,4,629,390,16305,94.42,1
8564,4,629,390,16277,94.25,1
8565,4,629,390,16275,94.24,1
8566,4,629,390,16254,94.12,1
8567,4,629,390,16321,94.51,1
8568,4,629,390,16275,94.24,1
8569,4,629,390,16265,94.18,1
8570,4,628,390,16242,94.05,1
8571,4,629,390,16196,93.78,1
8572,4,629,390,16276,94.25,1
8573,4,629,390,16247,94.08,1
8574,4,629,390,16246,94.07,1
8575,4,628,390,16247,94.08,1
8576,4,629,390,16276,94.25,1
8577,4,629,390,16281,94.28,1
8578,4,629,390,16234,94.0,1
8579,4,629,390,16259,94.15,1
8580,4,628,390,16326,94.54,1
8581,4,628,390,16315,94.47,1
8582,4,628,390,16291,94.33,1
8583,4,629,390,16300,94.39,1
8584,4,628,390,16327,94.54,1
8585,4,629,390,16362,94.75,1
8586,4,629,390,16286,94.3,1
8587,4,629,390,16252,94.11,1
8588,4,629,390,16310,94.44,1
8589,4,629,390,16300,94.39,1
8590,4,628,390,16293,94.35,1
8591,4,628,390,16278,94.26,1
8592,4,628,390,16300,94.39,1
8593,4,629,390,16290,94.33,1
8594,4,629,390,16294,94.35,1
8595,4,629,390,16300,94.39,1
8596,4,629,390,16271,94.22,1
8597,4,629,390,16283,94.29,1
8598,4,629,390,16277,94.25,1
8599,4,629,390,16293,94.35,1
8600,4,629,390,16305,94.42,1
8601,4,629,390,16337,94.6,1
8602,4,629,390,16320,94.5,1
8603,4,629,390,16290,94.33,1
8604,4,629,390,16334,94.58,1
8605,4,629,390,16291,94.33,1
8606,4,629,390,16284,94.29,1
8607,4,629,390,16270,94.21,1
8608,4,629,390,16352,94.69,1
8609,4,629,390,16318,94.49,1
8610,4,629,390,16305,94.42,1
8611,4,629,390,16291,94.33,1
8612,4,629,390,16285,94.3,1
8613,4,629,390,16302,94.4,1
8614,4,629,390,16289,94.32,1
8615,4,629,390,16334,94.58,1
8616,4,629,390,16351,94.68,1
8617,4,629,390,16363,94.75,1
8618,4,628,390,16322,94.51,1
8619,4,629,390,16337,94.6,1
8620,4,629,390,16325,94.53,1
8621,4,629,390,16307,94.43,1
8622,4,629,390,16329,94.55,1
8623,4,629,390,16330,94.56,1
8624,4,629,390,16294,94.35,1
8625,4,629,390,16334,94.58,1
8626,4,629,390,16283,94.29,1
8627,4,629,390,16293,94.35,1
8628,4,629,390,16273,94.23,1
8629,4,629,390,16307,94.43,1
8630,4,629,390,16307,94.43,1
8631,4,629,390,16334,94.58,1
8632,4,629,390,16316,94.48,1
8633,4,629,390,16355,94.7,1
8634,4,629,390,16308,94.43,1
8635,4,629,390,16351,94.68,1
8636,4,629,390,16361,94.74,1
8637,4,629,390,16322,94.51,1
8638,4,629,390,16317,94.48,1
8639,4,629,390,16332,94.57,1
8640,4,629,390,16318,94.49,1
8641,4,628,390,16333,94.58,1
8642,4,629,390,16294,94.35,1
8643,4,629,390,16336,94.59,1
8644,4,629,390,16309,94.44,1
8645,4,629,390,16355,94.7,1
8646,4,629,390,16317,94.48,1
8647,4,629,390,16274,94.24,1
8648,4,629,390,16236,94.02,1
8649,4,629,390,16278,94.26,1
8650,4,629,390,16311,94.45,1
8651,4,629,390,16306,94.42,1
8652,4,629,390,16315,94.47,1
8653,4,629,390,16340,94.62,1
8654,4,629,390,16335,94.59,1
8655,4,629,390,16307,94.43,1
8656,4,629,390,16323,94.52,1
8657,4,629,390,16285,94.3,1
8658,4,628,390,16301,94.39,1
8659,4,629,390,16307,94.43,1
8660,4,629,390,16290,94.33,1
8661,4,629,390,16314,94.47,1
8662,4,629,390,16302,94.4,1
8663,4,629,390,16385,94.88,1
8664,4,629,390,16314,94.47,1
8665,4,629,390,16332,94.57,1
8666,4,629,390,16301,94.39,1
8667,4,629,390,16310,94.44,1
8668,4,629,390,16343,94.64,1
8669,4,629,390,16308,94.43,1
8670,4,629,390,16303,94.4,1
8671,4,629,390,16290,94.33,1
8672,4,629,390,16292,94.34,1
8673,4,629,390,16313,94.46,1
8674,4,629,390,16319,94.5,1
8675,4,629,390,16312,94.46,1
8676,4,629,390,16345,94.65,1
8677,4,629,390,16284,94.29,1
8678,4,629,390,16281,94.28,1
8679,4,629,390,16336,94.59,1
8680,4,629,390,16312,94.46,1
8681,4,629,390,16362,94.75,1
8682,4,629,390,16341,94.62,1
8683,4,629,390,16357,94.72,1
8684,4,629,390,16298,94.37,1
8685,4,629,390,16326,94.54,1
8686,4,629,390,16291,94.33,1
8687,4,629,390,16279,94.26,1
8688,4,629,390,16303,94.4,1
8689,4,629,390,16361,94.74,1
8690,4,629,390,16293,94.35,1
8691,4,629,390,16311,94.45,1
8692,4,628,390,16306,94.42,1
8693,4,629,390,16338,94.61,1
8694,4,629,390,16348,94.66,1
8695,4,629,390,16341,94.62,1
8696,4,629,390,16331,94.57,1
8697,4,629,390,16338,94.61,1
8698,4,629,390,16289,94.32,1
8699,4,629,390,16338,94.61,1
8700,4,628,390,16358,94.72,1
8701,4,629,390,16336,94.59,1
8702,4,629,390,16379,94.84,1
8703,4,629,390,16388,94.9,1
8704,4,629,390,16333,94.58,1
8705,4,629,390,16352,94.69,1
8706,4,629,390,16363,94.75,1
8707,4,629,390,16372,94.8,1
8708,4,629,390,16336,94.59,1
8709,4,629,390,16348,94.66,1
8710,4,629,390,16361,94.74,1
8711,4,629,390,16359,94.73,1
8712,4,629,390,16408,95.01,1
8713,4,629,390,16389,94.9,1
8714,4,629,390,16366,94.77,1
8715,4,629,390,16344,94.64,1
8716,4,629,390,16326,94.54,1
8717,4,629,390,16337,94.6,1
8718,4,629,390,16307,94.43,1
8719,4,629,390,16332,94.57,1
8720,4,629,390,16331,94.57,1
8721,4,629,390,16356,94.71,1
8722,4,629,390,16319,94.5,1
8723,4,629,390,16315,94.47,1
8724,4,629,390,16314,94.47,1
8725,4,629,390,16344,94.64,1
8726,4,629,390,16300,94.39,1
8727,4,629,390,16313,94.46,1
8728,4,629,390,16326,94.54,1
8729,4,629,390,16318,94.49,1
8730,4,629,390,16332,94.57,1
8731,4,629,390,16344,94.64,1
8732,4,629,390,16357,94.72,1
8733,4,629,390,16335,94.59,1
8734,4,629,390,16389,94.9,1
8735,4,629,390,16384,94.87,1
8736,4,629,390,16383,94.87,1
8737,4,629,390,16355,94.7,1
8738,4,629,390,16335,94.59,1
8739,4,629,390,16334,94.58,1
8740,4,629,390,16357,94.72,1
8741,4,629,390,16346,94.65,1
8742,4,629,390,16304,94.41,1
8743,4,629,390,16381,94.86,1
8744,4,629,390,16308,94.43,1
8745,4,629,390,16348,94.66,1
8746,4,629,390,16317,94.48,1
8747,4,629,390,16328,94.55,1
8748,4,629,390,16325,94.53,1
8749,4,629,390,16322,94.51,1
8750,4,629,390,16377,94.83,1
8751,4,629,390,16343,94.64,1
8752,4,629,390,16337,94.6,1
8753,4,629,390,16370,94.79,1
8754,4,629,390,16355,94.7,1
8755,4,629,390,16376,94.83,1
8756,4,629,390,16322,94.51,1
8757,4,629,390,16371,94.8,1
8758,4,629,390,16390,94.91,1
8759,4,629,390,16380,94.85,1
8760,4,629,390,16402,94.98,1
8761,4,629,390,16419,95.08,1
8762,4,629,390,16378,94.84,1
8763,4,629,390,16390,94.91,1
8764,4,629,390,16397,94.95,1
8765,4,629,390,16391,94.91,1
8766,4,629,390,16336,94.59,1
8767,4,629,390,16347,94.66,1
8768,4,629,390,16370,94.79,1
8769,4,629,390,16385,94.88,1
8770,4,629,390,16339,94.61,1
8771,4,629,390,16375,94.82,1
8772,4,629,390,16373,94.81,1
8773,4,629,390,16340,94.62,1
8774,4,629,390,16295,94.36,1
8775,4,629,390,16335,94.59,1
8776,4,629,390,16337,94.6,1
8777,4,629,390,16373,94.81,1
8778,4,629,390,16327,94.54,1
8779,4,629,390,16356,94.71,1
8780,4,629,390,16364,94.76,1
8781,4,629,390,16318,94.49,1
8782,4,629,390,16351,94.68,1
8783,4,629,390,16340,94.62,1
8784,4,629,390,16382,94.86,1
8785,4,629,390,16365,94.76,1
8786,4,629,390,16327,94.54,1
8787,4,629,390,16403,94.98,1
8788,4,629,390,16370,94.79,1
8789,4,629,390,16369,94.79,1
8790,4,629,390,16373,94.81,1
8791,4,629,390,16405,94.99,1
8792,4,629,390,16365,94.76,1
8793,4,629,390,16406,95.0,1
8794,4,629,390,16366,94.77,1
8795,4,629,390,16362,94.75,1
8796,4,629,390,16369,94.79,1
8797,4,629,390,16382,94.86,1
8798,4,629,390,16400,94.97,1
8799,4,629,390,16356,94.71,1
8800,4,629,390,16348,94.66,1
8801,4,629,390,16380,94.85,1
8802,4,629,390,16356,94.71,1
8803,4,629,390,16325,94.53,1
8804,4,629,390,16316,94.48,1
8805,4,629,390,16359,94.73,1
8806,4,629,390,16327,94.54,1
8807,4,629,390,16350,94.68,1
8808,4,629,390,16307,94.43,1
8809,4,629,390,16301,94.39,1
8810,4,629,390,16338,94.61,1
8811,4,629,390,16351,94.68,1
8812,4,629,390,16362,94.75,1
8813,4,629,390,16325,94.53,1
8814,4,629,390,16337,94.6,1
8815,4,629,390,16379,94.84,1
8816,4,629,390,16401,94.97,1
8817,4,629,390,16401,94.97,1
8818,4,629,390,16369,94.79,1
8819,4,629,390,16404,94.99,1
8820,4,629,390,16403,94.98,1
8821,4,629,390,16365,94.76,1
8822,4,629,390,16367,94.77,1
8823,4,629,390,16392,94.92,1
8824,4,629,390,16372,94.8,1
8825,4,629,390,16402,94.98,1
8826,4,629,390,16390,94.91,1
8827,4,629,390,16407,95.01,1
8828,4,629,390,16420,95.08,1
8829,4,629,390,16385,94.88,1
8830,4,629,390,16369,94.79,1
8831,4,629,390,16359,94.73,1
8832,4,629,390,16422,95.09,1
8833,4,629,390,16432,95.15,1
8834,4,629,390,16407,95.01,1
8835,4,629,390,16394,94.93,1
8836,4,629,390,16399,94.96,1
8837,4,629,390,16378,94.84,1
8838,4,629,390,16416,95.06,1
8839,4,629,390,16412,95.03,1
8840,4,629,390,16344,94.64,1
8841,4,629,390,16351,94.68,1
8842,4,629,390,16345,94.65,1
8843,4,629,390,16333,94.58,1
8844,4,629,390,16419,95.08,1
8845,4,629,390,16389,94.9,1
8846,4,629,390,16369,94.79,1
8847,4,629,390,16396,94.94,1
8848,4,629,390,16435,95.17,1
8849,4,629,390,16378,94.84,1
8850,4,629,390,16395,94.94,1
8851,4,629,390,16389,94.9,1
8852,4,629,390,16393,94.92,1
8853,4,629,390,16416,95.06,1
8854,4,629,390,16407,95.01,1
8855,4,629,390,16419,95.08,1
8856,4,629,390,16419,95.08,1
8857,4,629,390,16449,95.25,1
8858,4,629,390,16405,94.99,1
8859,4,629,390,16423,95.1,1
8860,4,629,390,16438,95.19,1
8861,4,629,390,16400,94.97,1
8862,4,629,390,16441,95.2,1
8863,4,629,390,16390,94.91,1
8864,4,629,390,16390,94.91,1
8865,4,629,390,16406,95.0,1
8866,4,629,390,16404,94.99,1
8867,4,629,390,16414,95.05,1
8868,4,629,390,16418,95.07,1
8869,4,629,390,16433,95.16,1
8870,4,629,390,16378,94.84,1
8871,4,629,390,16423,95.1,1
8872,4,629,390,16400,94.97,1
8873,4,629,390,16429,95.13,1
8874,4,629,390,16384,94.87,1
8875,4,629,390,16405,94.99,1
8876,4,629,390,16440,95.2,1
8877,4,629,390,16439,95.19,1
8878,4,629,390,16449,95.25,1
8879,4,629,390,16431,95.14,1
8880,4,629,390,16439,95.19,1
8881,4,629,390,16404,94.99,1
8882,4,629,390,16366,94.77,1
8883,4,629,390,16403,94.98,1
8884,4,629,390,16389,94.9,1
8885,4,629,390,16373,94.81,1
8886,4,629,390,16361,94.74,1
8887,4,629,390,16425,95.11,1
8888,4,629,390,16434,95.16,1
8889,4,629,390,16466,95.35,1
8890,4,629,390,16423,95.1,1
8891,4,629,390,16436,95.17,1
8892,4,629,390,16439,95.19,1
8893,4,629,390,16407,95.01,1
8894,4,629,390,16409,95.02,1
8895,4,629,390,16430,95.14,1
8896,4,629,390,16371,94.8,1
8897,4,629,390,16454,95.28,1
8898,4,629,390,16395,94.94,1
8899,4,629,390,16418,95.07,1
8900,4,629,390,16415,95.05,1
8901,4,629,390,16456,95.29,1
8902,4,629,390,16456,95.29,1
8903,4,629,390,16429,95.13,1
8904,4,629,390,16419,95.08,1
8905,4,629,390,16476,95.41,1
8906,4,629,390,16470,95.37,1
8907,4,629,390,16420,95.08,1
8908,4,629,390,16477,95.41,1
8909,4,629,390,16448,95.24,1
8910,4,629,390,16457,95.3,1
8911,4,629,390,16483,95.45,1
8912,4,629,390,16447,95.24,1
8913,4,629,390,16428,95.13,1
8914,4,629,390,16420,95.08,1
8915,4,629,390,16454,95.28,1
8916,4,629,390,16439,95.19,1
8917,4,629,390,16515,95.63,1
8918,4,629,390,16453,95.27,1
8919,4,629,390,16406,95.0,1
8920,4,629,390,16387,94.89,1
8921,4,629,390,16415,95.05,1
8922,4,629,390,16414,95.05,1
8923,4,629,390,16404,94.99,1
8924,4,629,390,16453,95.27,1
8925,4,629,390,16472,95.38,1
8926,4,629,390,16447,95.24,1
8927,4,629,390,16431,95.14,1
8928,4,629,390,16442,95.21,1
8929,4,629,390,16437,95.18,1
8930,4,629,390,16369,94.79,1
8931,4,629,390,16418,95.07,1
8932,4,629,390,16475,95.4,1
8933,4,629,390,16458,95.3,1
8934,4,629,390,16454,95.28,1
8935,4,629,390,16494,95.51,1
8936,4,629,390,16482,95.44,1
8937,4,629,390,16448,95.24,1
8938,4,629,390,16409,95.02,1
8939,4,629,390,16437,95.18,1
8940,4,629,390,16500,95.54,1
8941,4,629,390,16410,95.02,1
8942,4,629,390,16479,95.42,1
8943,4,629,390,16479,95.42,1
8944,4,629,390,16444,95.22,1
8945,4,629,390,16449,95.25,1
8946,4,629,390,16406,95.0,1
8947,4,629,390,16485,95.46,1
8948,4,629,390,16441,95.2,1
8949,4,629,390,16468,95.36,1
8950,4,629,390,16454,95.28,1
8951,4,629,390,16483,95.45,1
8952,4,629,390,16474,95.39,1
8953,4,629,390,16419,95.08,1
8954,4,629,390,16455,95.28,1
8955,4,629,390,16454,95.28,1
8956,4,629,390,16485,95.46,1
8957,4,629,390,16416,95.06,1
8958,4,629,390,16469,95.36,1
8959,4,629,390,16485,95.46,1
8960,4,629,390,16447,95.24,1
8961,4,629,390,16446,95.23,1
8962,4,629,390,16462,95.32,1
8963,4,629,390,16433,95.16,1
8964,4,629,390,16455,95.28,1
8965,4,629,390,16441,95.2,1
8966,4,629,390,16492,95.5,1
8967,4,629,390,16471,95.38,1
8968,4,629,390,16430,95.14,1
8969,4,629,390,16496,95.52,1
8970,4,629,390,16460,95.31,1
8971,4,629,390,16455,95.28,1
8972,4,629,390,16453,95.27,1
8973,4,629,390,16493,95.5,1
8974,4,629,390,16492,95.5,1
8975,4,629,390,16465,95.34,1
8976,4,629,390,16440,95.2,1
8977,4,629,390,16479,95.42,1
8978,4,629,390,16435,95.17,1
8979,4,629,390,16430,95.14,1
8980,4,629,390,16469,95.36,1
8981,4,629,390,16513,95.62,1
8982,4,629,390,16475,95.4,1
8983,4,629,390,16504,95.57,1
8984,4,629,390,16529,95.71,1
8985,4,629,390,16508,95.59,1
8986,4,629,390,16468,95.36,1
8987,4,629,390,16466,95.35,1
8988,4,629,390,16507,95.58,1
8989,4,629,390,16473,95.39,1
8990,4,629,390,16529,95.71,1
8991,4,629,390,16486,95.46,1
8992,4,629,390,16461,95.32,1
8993,4,629,390,16473,95.39,1
8994,4,629,390,16459,95.31,1
8995,4,629,390,16499,95.54,1
8996,4,629,390,16453,95.27,1
8997,4,629,390,16443,95.21,1
8998,4,629,390,16522,95.67,1
8999,4,629,390,16491,95.49,1
9000,4,629,390,16472,95.38,1
9001,4,629,390,16537,95.76,1
9002,4,629,390,16512,95.61,1
9003,4,629,390,16525,95.69,1
9004,4,629,390,16549,95.83,1
9005,4,629,390,16540,95.78,1
9006,4,629,390,16541,95.78,1
9007,4,629,390,16503,95.56,1
9008,4,629,390,16539,95.77,1
9009,4,629,390,16548,95.82,1
9010,4,629,390,16515,95.63,1
9011,4,629,390,16497,95.53,1
9012,4,629,390,16528,95.71,1
9013,4,629,390,16475,95.4,1
9014,4,629,390,16452,95.27,1
9015,4,629,390,16495,95.52,1
9016,4,629,390,16494,95.51,1
9017,4,629,390,16518,95.65,1
