frame,phase,drop_id,cx,cy,area_px,percentage,detection_method,distance_px,velocity_px_per_s,velocity_mm_s
937,falling,1,797,83,12101,100.0,sam2,,,
938,falling,1,798,106,11942,98.69,sam2,23.022,68990.746,1051.288
939,falling,1,798,129,12189,100.73,sam2,23.0,68925.629,1050.295
940,falling,1,799,152,12111,100.08,sam2,23.022,68990.746,1051.288
941,falling,1,799,176,11432,94.47,sam2,24.0,71922.396,1095.96
942,falling,1,799,200,11956,98.8,sam2,24.0,71922.396,1095.96
943,falling,1,799,224,11920,98.5,sam2,24.0,71922.396,1095.96
944,falling,1,799,247,11880,98.17,sam2,23.0,68925.629,1050.295
945,falling,1,799,271,11831,97.77,sam2,24.0,71922.396,1095.96
946,falling,1,799,295,11906,98.39,sam2,24.0,71922.396,1095.96
947,falling,1,799,319,12018,99.31,sam2,24.0,71922.396,1095.96
948,falling,1,799,343,12073,99.77,sam2,24.0,71922.396,1095.96
949,falling,1,799,368,12260,101.31,sam2,25.0,74919.162,1141.625
950,falling,1,799,393,12713,105.06,sam2,25.0,74919.162,1141.625
951,falling,1,799,414,12180,100.65,sam2,21.0,62932.096,958.965
952,spreading,1,799,451,17284,142.83,sam2,37.0,110880.36,1689.605
953,spreading,1,799,461,17129,141.55,sam2,10.0,29967.665,456.65
954,spreading,1,799,466,16612,137.28,sam2,5.0,14983.832,228.325
955,spreading,1,799,469,15790,130.49,sam2,3.0,8990.299,136.995
956,spreading,1,799,469,14493,119.77,sam2,0.0,0.0,0.0
957,spreading,1,798,470,13635,112.68,sam2,1.414,4238.068,64.58
958,spreading,1,800,470,14270,117.92,sam2,2.0,5993.533,91.33
959,spreading,1,799,470,14756,121.94,sam2,1.0,2996.766,45.665
960,spreading,1,799,470,16052,132.65,sam2,0.0,0.0,0.0
961,spreading,1,799,471,16352,135.13,sam2,1.0,2996.766,45.665
962,spreading,1,799,471,16628,137.41,sam2,0.0,0.0,0.0
963,spreading,1,799,471,15665,129.45,sam2,0.0,0.0,0.0
964,spreading,1,799,471,15331,126.69,sam2,0.0,0.0,0.0
965,spreading,1,799,471,15108,124.85,sam2,0.0,0.0,0.0
966,spreading,1,798,471,14842,122.65,sam2,1.0,2996.766,45.665
967,spreading,1,798,471,14265,117.88,sam2,0.0,0.0,0.0
968,spreading,1,797,471,13792,113.97,sam2,1.0,2996.766,45.665
969,spreading,1,797,471,13160,108.75,sam2,0.0,0.0,0.0
970,spreading,1,796,471,12763,105.47,sam2,1.0,2996.766,45.665
971,spreading,1,794,471,12137,100.3,sam2,2.0,5993.533,91.33
972,spreading,1,794,471,11757,97.16,sam2,0.0,0.0,0.0
973,spreading,1,792,470,11451,94.63,sam2,2.236,6700.974,102.11
974,spreading,1,792,470,11149,92.13,sam2,0.0,0.0,0.0
975,spreading,1,791,470,10838,89.56,sam2,1.0,2996.766,45.665
976,spreading,1,791,470,10643,87.95,sam2,0.0,0.0,0.0
977,spreading,1,790,470,10541,87.11,sam2,1.0,2996.766,45.665
978,spreading,1,790,470,9994,82.59,sam2,0.0,0.0,0.0
979,spreading,1,791,470,9799,80.98,sam2,1.0,2996.766,45.665
980,spreading,1,791,470,9575,79.13,sam2,0.0,0.0,0.0
981,spreading,1,792,470,9195,75.99,sam2,1.0,2996.766,45.665
982,spreading,1,792,470,9110,75.28,sam2,0.0,0.0,0.0
983,spreading,1,792,471,8712,71.99,sam2,1.0,2996.766,45.665
984,spreading,1,792,471,8333,68.86,sam2,0.0,0.0,0.0
985,spreading,1,793,471,8171,67.52,sam2,1.0,2996.766,45.665
986,spreading,1,794,470,8141,67.28,sam2,1.414,4238.068,64.58
987,spreading,1,797,469,9799,80.98,sam2,3.162,9476.608,144.405
988,spreading,1,797,469,10144,83.83,sam2,0.0,0.0,0.0
989,spreading,1,797,469,10457,86.41,sam2,0.0,0.0,0.0
990,spreading,1,797,469,10513,86.88,sam2,0.0,0.0,0.0
991,spreading,1,798,469,10703,88.45,sam2,1.0,2996.766,45.665
992,spreading,1,799,469,10606,87.65,sam2,1.0,2996.766,45.665
993,spreading,1,800,469,10813,89.36,sam2,1.0,2996.766,45.665
994,spreading,1,801,469,10863,89.77,sam2,1.0,2996.766,45.665
995,spreading,1,802,469,11053,91.34,sam2,1.0,2996.766,45.665
996,spreading,1,803,469,11342,93.73,sam2,1.0,2996.766,45.665
997,spreading,1,803,469,11196,92.52,sam2,0.0,0.0,0.0
998,spreading,1,803,470,9862,81.5,sam2,1.0,2996.766,45.665
999,spreading,1,805,470,10086,83.35,sam2,2.0,5993.533,91.33
1000,spreading,1,804,470,9837,81.29,sam2,1.0,2996.766,45.665
1001,spreading,1,805,470,9592,79.27,sam2,1.0,2996.766,45.665
1002,spreading,1,805,470,9531,78.76,sam2,0.0,0.0,0.0
1003,spreading,1,804,470,9173,75.8,sam2,1.0,2996.766,45.665
1004,spreading,1,804,471,9096,75.17,sam2,1.0,2996.766,45.665
1005,spreading,1,803,471,9055,74.83,sam2,1.0,2996.766,45.665
1006,spreading,1,801,471,8800,72.72,sam2,2.0,5993.533,91.33
1007,spreading,1,800,471,8769,72.47,sam2,1.0,2996.766,45.665
1008,spreading,1,802,471,8453,69.85,sam2,2.0,5993.533,91.33
1009,spreading,1,804,471,8580,70.9,sam2,2.0,5993.533,91.33
1010,spreading,1,802,471,8454,69.86,sam2,2.0,5993.533,91.33
1011,spreading,1,803,471,8231,68.02,sam2,1.0,2996.766,45.665
1012,spreading,1,802,471,8151,67.36,sam2,1.0,2996.766,45.665
1013,spreading,1,802,470,8278,68.41,sam2,1.0,2996.766,45.665
1014,spreading,1,804,470,8103,66.96,sam2,2.0,5993.533,91.33
1015,spreading,1,803,471,7923,65.47,sam2,1.414,4238.068,64.58
1016,spreading,1,804,471,7852,64.89,sam2,1.0,2996.766,45.665
1017,spreading,1,803,471,7703,63.66,sam2,1.0,2996.766,45.665
1018,spreading,1,804,471,7532,62.24,sam2,1.0,2996.766,45.665
1019,spreading,1,803,470,7720,63.8,sam2,1.414,4238.068,64.58
1020,spreading,1,803,471,7483,61.84,sam2,1.0,2996.766,45.665
1021,spreading,1,804,471,7559,62.47,sam2,1.0,2996.766,45.665
1022,spreading,1,803,470,7550,62.39,sam2,1.414,4238.068,64.58
1023,spreading,1,803,471,7550,62.39,sam2,1.0,2996.766,45.665
1024,spreading,1,802,471,7360,60.82,sam2,1.0,2996.766,45.665
1025,spreading,1,804,471,7406,61.2,sam2,2.0,5993.533,91.33
1026,spreading,1,803,471,7489,61.89,sam2,1.0,2996.766,45.665
1027,spreading,1,803,471,7423,61.34,sam2,0.0,0.0,0.0
1028,spreading,1,803,471,7409,61.23,sam2,0.0,0.0,0.0
1029,spreading,1,803,471,7348,60.72,sam2,0.0,0.0,0.0
1030,spreading,1,803,471,7166,59.22,sam2,0.0,0.0,0.0
1031,spreading,1,803,471,7141,59.01,sam2,0.0,0.0,0.0
1032,spreading,1,803,471,7181,59.34,sam2,0.0,0.0,0.0
1033,spreading,1,802,471,7234,59.78,sam2,1.0,2996.766,45.665
1034,spreading,1,803,471,7186,59.38,sam2,1.0,2996.766,45.665
1035,spreading,1,803,471,7142,59.02,sam2,0.0,0.0,0.0
1036,spreading,1,804,471,7088,58.57,sam2,1.0,2996.766,45.665
1037,spreading,1,803,471,7031,58.1,sam2,1.0,2996.766,45.665
1038,spreading,1,802,471,7126,58.89,sam2,1.0,2996.766,45.665
1039,spreading,1,802,471,7090,58.59,sam2,0.0,0.0,0.0
1040,spreading,1,802,471,7039,58.17,sam2,0.0,0.0,0.0
1041,spreading,1,802,471,7105,58.71,sam2,0.0,0.0,0.0
1042,spreading,1,801,471,7075,58.47,sam2,1.0,2996.766,45.665
1043,spreading,1,800,471,7107,58.73,sam2,1.0,2996.766,45.665
1044,spreading,1,800,471,7102,58.69,sam2,0.0,0.0,0.0
1045,spreading,1,802,471,6982,57.7,sam2,2.0,5993.533,91.33
1046,spreading,1,801,471,7097,58.65,sam2,1.0,2996.766,45.665
1047,spreading,1,801,471,7074,58.46,sam2,0.0,0.0,0.0
1048,spreading,1,801,471,6932,57.28,sam2,0.0,0.0,0.0
1049,spreading,1,801,471,7023,58.04,sam2,0.0,0.0,0.0
1050,spreading,1,801,471,6912,57.12,sam2,0.0,0.0,0.0
1051,spreading,1,800,471,7015,57.97,sam2,1.0,2996.766,45.665
1052,spreading,1,801,471,7019,58.0,sam2,1.0,2996.766,45.665
1053,spreading,1,801,471,6956,57.48,sam2,0.0,0.0,0.0
1054,spreading,1,802,471,6977,57.66,sam2,1.0,2996.766,45.665
1055,spreading,1,801,471,7120,58.84,sam2,1.0,2996.766,45.665
1056,spreading,1,800,471,6967,57.57,sam2,1.0,2996.766,45.665
1057,spreading,1,799,471,7067,58.4,sam2,1.0,2996.766,45.665
1058,spreading,1,801,471,7101,58.68,sam2,2.0,5993.533,91.33
1059,spreading,1,801,471,7072,58.44,sam2,0.0,0.0,0.0
1060,spreading,1,801,471,6933,57.29,sam2,0.0,0.0,0.0
1061,spreading,1,800,471,7111,58.76,sam2,1.0,2996.766,45.665
1062,spreading,1,800,471,7026,58.06,sam2,0.0,0.0,0.0
1063,spreading,1,800,471,6961,57.52,sam2,0.0,0.0,0.0
1064,spreading,1,799,471,7044,58.21,sam2,1.0,2996.766,45.665
1065,spreading,1,800,471,7019,58.0,sam2,1.0,2996.766,45.665
1066,spreading,1,799,471,6990,57.76,sam2,1.0,2996.766,45.665
1067,spreading,1,799,471,7058,58.33,sam2,0.0,0.0,0.0
1068,spreading,1,799,471,7075,58.47,sam2,0.0,0.0,0.0
1069,spreading,1,799,470,7076,58.47,sam2,1.0,2996.766,45.665
1070,spreading,1,798,471,7063,58.37,sam2,1.414,4238.068,64.58
1071,spreading,1,798,471,7060,58.34,sam2,0.0,0.0,0.0
1072,spreading,1,799,471,7024,58.04,sam2,1.0,2996.766,45.665
1073,spreading,1,799,471,6984,57.71,sam2,0.0,0.0,0.0
1074,spreading,1,800,471,6870,56.77,sam2,1.0,2996.766,45.665
1075,spreading,1,799,471,7043,58.2,sam2,1.0,2996.766,45.665
1076,spreading,1,800,471,7077,58.48,sam2,1.0,2996.766,45.665
1077,spreading,1,800,471,7074,58.46,sam2,0.0,0.0,0.0
1078,spreading,1,799,471,6989,57.76,sam2,1.0,2996.766,45.665
1079,spreading,1,799,471,7040,58.18,sam2,0.0,0.0,0.0
1080,spreading,1,797,471,7032,58.11,sam2,2.0,5993.533,91.33
1081,spreading,1,798,471,7164,59.2,sam2,1.0,2996.766,45.665
1082,spreading,1,800,471,7138,58.99,sam2,2.0,5993.533,91.33
1083,spreading,1,799,471,7130,58.92,sam2,1.0,2996.766,45.665
1084,spreading,1,799,471,7019,58.0,sam2,0.0,0.0,0.0
1085,spreading,1,798,471,7096,58.64,sam2,1.0,2996.766,45.665
1086,spreading,1,798,471,7125,58.88,sam2,0.0,0.0,0.0
1087,spreading,1,799,471,7070,58.42,sam2,1.0,2996.766,45.665
1088,spreading,1,798,471,7070,58.42,sam2,1.0,2996.766,45.665
1089,spreading,1,798,471,7230,59.75,sam2,0.0,0.0,0.0
1090,spreading,1,798,471,7170,59.25,sam2,0.0,0.0,0.0
1091,spreading,1,798,471,7093,58.61,sam2,0.0,0.0,0.0
1092,spreading,1,799,471,7080,58.51,sam2,1.0,2996.766,45.665
1093,spreading,1,797,471,7090,58.59,sam2,2.0,5993.533,91.33
1094,spreading,1,798,471,7122,58.85,sam2,1.0,2996.766,45.665
1095,spreading,1,799,470,7000,57.85,sam2,1.414,4238.068,64.58
1096,spreading,1,800,471,7106,58.72,sam2,1.414,4238.068,64.58
1097,spreading,1,799,471,7041,58.19,sam2,1.0,2996.766,45.665
1098,spreading,1,799,471,7146,59.05,sam2,0.0,0.0,0.0
1099,spreading,1,800,471,7164,59.2,sam2,1.0,2996.766,45.665
1100,spreading,1,798,471,7208,59.57,sam2,2.0,5993.533,91.33
1101,spreading,1,797,471,7182,59.35,sam2,1.0,2996.766,45.665
1102,spreading,1,797,471,7174,59.28,sam2,0.0,0.0,0.0
1103,spreading,1,798,470,7014,57.96,sam2,1.414,4238.068,64.58
1104,spreading,1,799,470,7146,59.05,sam2,1.0,2996.766,45.665
1105,spreading,1,799,471,7137,58.98,sam2,1.0,2996.766,45.665
1106,spreading,1,798,471,7221,59.67,sam2,1.0,2996.766,45.665
1107,spreading,1,798,471,7015,57.97,sam2,0.0,0.0,0.0
1108,spreading,1,798,471,7052,58.28,sam2,0.0,0.0,0.0
1109,spreading,1,798,471,7038,58.16,sam2,0.0,0.0,0.0
1110,spreading,1,798,471,7245,59.87,sam2,0.0,0.0,0.0
1111,spreading,1,797,471,7255,59.95,sam2,1.0,2996.766,45.665
1112,spreading,1,798,471,7088,58.57,sam2,1.0,2996.766,45.665
1113,spreading,1,799,471,7139,59.0,sam2,1.0,2996.766,45.665
1114,spreading,1,798,471,7124,58.87,sam2,1.0,2996.766,45.665
1115,spreading,1,799,471,7117,58.81,sam2,1.0,2996.766,45.665
1116,spreading,1,798,471,7034,58.13,sam2,1.0,2996.766,45.665
1117,spreading,1,799,471,7096,58.64,sam2,1.0,2996.766,45.665
1118,spreading,1,799,471,7279,60.15,sam2,0.0,0.0,0.0
1119,spreading,1,797,471,7088,58.57,sam2,2.0,5993.533,91.33
1120,spreading,1,798,471,7144,59.04,sam2,1.0,2996.766,45.665
1121,spreading,1,798,471,7117,58.81,sam2,0.0,0.0,0.0
1122,spreading,1,799,471,7050,58.26,sam2,1.0,2996.766,45.665
1123,spreading,1,797,471,7018,58.0,sam2,2.0,5993.533,91.33
1124,spreading,1,798,471,7135,58.96,sam2,1.0,2996.766,45.665
1125,spreading,1,797,471,7045,58.22,sam2,1.0,2996.766,45.665
1126,spreading,1,799,471,7123,58.86,sam2,2.0,5993.533,91.33
1127,spreading,1,798,471,7037,58.15,sam2,1.0,2996.766,45.665
1128,spreading,1,797,471,7061,58.35,sam2,1.0,2996.766,45.665
1129,spreading,1,798,471,7028,58.08,sam2,1.0,2996.766,45.665
1130,spreading,1,797,471,7114,58.79,sam2,1.0,2996.766,45.665
1131,spreading,1,797,471,7122,58.85,sam2,0.0,0.0,0.0
1132,spreading,1,797,471,7311,60.42,sam2,0.0,0.0,0.0
1133,spreading,1,799,471,7219,59.66,sam2,2.0,5993.533,91.33
1134,spreading,1,798,471,7256,59.96,sam2,1.0,2996.766,45.665
1135,spreading,1,797,471,7198,59.48,sam2,1.0,2996.766,45.665
1136,spreading,1,798,470,7183,59.36,sam2,1.414,4238.068,64.58
1137,spreading,1,799,471,7190,59.42,sam2,1.414,4238.068,64.58
1138,spreading,1,798,471,7050,58.26,sam2,1.0,2996.766,45.665
1139,spreading,1,797,471,7087,58.57,sam2,1.0,2996.766,45.665
1140,spreading,1,798,471,7126,58.89,sam2,1.0,2996.766,45.665
1141,spreading,1,798,471,7225,59.71,sam2,0.0,0.0,0.0
1142,spreading,1,798,471,7206,59.55,sam2,0.0,0.0,0.0
1143,spreading,1,797,471,7137,58.98,sam2,1.0,2996.766,45.665
1144,spreading,1,798,471,7183,59.36,sam2,1.0,2996.766,45.665
1145,spreading,1,796,471,7343,60.68,sam2,2.0,5993.533,91.33
1146,spreading,1,798,471,7266,60.04,sam2,2.0,5993.533,91.33
1147,spreading,1,799,471,7229,59.74,sam2,1.0,2996.766,45.665
1148,spreading,1,798,471,7220,59.66,sam2,1.0,2996.766,45.665
1149,spreading,1,798,471,7212,59.6,sam2,0.0,0.0,0.0
1150,spreading,1,798,471,7260,60.0,sam2,0.0,0.0,0.0
1151,spreading,1,798,471,7245,59.87,sam2,0.0,0.0,0.0
1152,spreading,1,797,471,7241,59.84,sam2,1.0,2996.766,45.665
1153,spreading,1,797,471,7175,59.29,sam2,0.0,0.0,0.0
1154,spreading,1,798,471,7129,58.91,sam2,1.0,2996.766,45.665
1155,spreading,1,797,471,7232,59.76,sam2,1.0,2996.766,45.665
1156,spreading,1,799,471,7366,60.87,sam2,2.0,5993.533,91.33
1157,spreading,1,799,471,7279,60.15,sam2,0.0,0.0,0.0
1158,spreading,1,798,471,7310,60.41,sam2,1.0,2996.766,45.665
1159,spreading,1,798,471,7082,58.52,sam2,0.0,0.0,0.0
1160,spreading,1,797,471,7207,59.56,sam2,1.0,2996.766,45.665
1161,spreading,1,797,470,7309,60.4,sam2,1.0,2996.766,45.665
1162,spreading,1,798,471,7126,58.89,sam2,1.414,4238.068,64.58
1163,spreading,1,798,471,7066,58.39,sam2,0.0,0.0,0.0
1164,spreading,1,799,471,7142,59.02,sam2,1.0,2996.766,45.665
1165,spreading,1,798,470,7155,59.13,sam2,1.414,4238.068,64.58
1166,spreading,1,798,471,7271,60.09,sam2,1.0,2996.766,45.665
1167,spreading,1,799,471,7217,59.64,sam2,1.0,2996.766,45.665
1168,spreading,1,798,471,7267,60.05,sam2,1.0,2996.766,45.665
1169,spreading,1,798,471,7128,58.9,sam2,0.0,0.0,0.0
1170,spreading,1,798,471,7123,58.86,sam2,0.0,0.0,0.0
1171,spreading,1,797,471,7295,60.28,sam2,1.0,2996.766,45.665
1172,spreading,1,798,471,7139,59.0,sam2,1.0,2996.766,45.665
1173,spreading,1,797,471,7303,60.35,sam2,1.0,2996.766,45.665
1174,spreading,1,798,471,7379,60.98,sam2,1.0,2996.766,45.665
1175,spreading,1,797,471,7292,60.26,sam2,1.0,2996.766,45.665
1176,spreading,1,798,471,7247,59.89,sam2,1.0,2996.766,45.665
1177,spreading,1,798,471,7157,59.14,sam2,0.0,0.0,0.0
1178,spreading,1,797,471,7190,59.42,sam2,1.0,2996.766,45.665
1179,spreading,1,798,471,7257,59.97,sam2,1.0,2996.766,45.665
1180,spreading,1,798,471,7041,58.19,sam2,0.0,0.0,0.0
1181,spreading,1,798,471,7307,60.38,sam2,0.0,0.0,0.0
1182,spreading,1,797,470,7010,57.93,sam2,1.414,4238.068,64.58
1183,spreading,1,799,471,7061,58.35,sam2,2.236,6700.974,102.11
1184,spreading,1,799,471,7111,58.76,sam2,0.0,0.0,0.0
1185,spreading,1,798,471,7127,58.9,sam2,1.0,2996.766,45.665
1186,spreading,1,797,471,7073,58.45,sam2,1.0,2996.766,45.665
1187,spreading,1,798,471,7228,59.73,sam2,1.0,2996.766,45.665
1188,spreading,1,799,471,7197,59.47,sam2,1.0,2996.766,45.665
1189,spreading,1,800,471,7208,59.57,sam2,1.0,2996.766,45.665
1190,spreading,1,800,471,7154,59.12,sam2,0.0,0.0,0.0
1191,spreading,1,798,471,7220,59.66,sam2,2.0,5993.533,91.33
1192,spreading,1,798,471,7181,59.34,sam2,0.0,0.0,0.0
1193,spreading,1,798,471,7155,59.13,sam2,0.0,0.0,0.0
1194,spreading,1,799,471,6999,57.84,sam2,1.0,2996.766,45.665
1195,spreading,1,799,471,7116,58.81,sam2,0.0,0.0,0.0
1196,spreading,1,798,471,7204,59.53,sam2,1.0,2996.766,45.665
1197,spreading,1,799,471,7213,59.61,sam2,1.0,2996.766,45.665
1198,spreading,1,799,471,7357,60.8,sam2,0.0,0.0,0.0
1199,spreading,1,799,471,7286,60.21,sam2,0.0,0.0,0.0
1200,spreading,1,798,471,7412,61.25,sam2,1.0,2996.766,45.665
1201,spreading,1,799,471,7297,60.3,sam2,1.0,2996.766,45.665
1202,spreading,1,798,471,7176,59.3,sam2,1.0,2996.766,45.665
1203,spreading,1,798,470,7125,58.88,sam2,1.0,2996.766,45.665
1204,spreading,1,798,471,7211,59.59,sam2,1.0,2996.766,45.665
1205,spreading,1,798,471,7071,58.43,sam2,0.0,0.0,0.0
1206,spreading,1,799,471,7312,60.42,sam2,1.0,2996.766,45.665
1207,spreading,1,798,471,7175,59.29,sam2,1.0,2996.766,45.665
1208,spreading,1,799,471,7257,59.97,sam2,1.0,2996.766,45.665
1209,spreading,1,798,471,7246,59.88,sam2,1.0,2996.766,45.665
1210,spreading,1,798,471,7243,59.85,sam2,0.0,0.0,0.0
1211,spreading,1,799,471,7175,59.29,sam2,1.0,2996.766,45.665
1212,spreading,1,798,470,7268,60.06,sam2,1.414,4238.068,64.58
1213,spreading,1,798,470,7195,59.46,sam2,0.0,0.0,0.0
1214,spreading,1,796,471,7311,60.42,sam2,2.236,6700.974,102.11
1215,spreading,1,798,471,7124,58.87,sam2,2.0,5993.533,91.33
1216,spreading,1,797,471,7346,60.71,sam2,1.0,2996.766,45.665
1217,spreading,1,798,471,7422,61.33,sam2,1.0,2996.766,45.665
1218,spreading,1,798,471,7242,59.85,sam2,0.0,0.0,0.0
1219,spreading,1,799,471,7243,59.85,sam2,1.0,2996.766,45.665
1220,spreading,1,799,471,7231,59.76,sam2,0.0,0.0,0.0
1221,spreading,1,799,470,7262,60.01,sam2,1.0,2996.766,45.665
1222,spreading,1,797,471,7350,60.74,sam2,2.236,6700.974,102.11
1223,spreading,1,798,471,7449,61.56,sam2,1.0,2996.766,45.665
1224,spreading,1,797,471,7345,60.7,sam2,1.0,2996.766,45.665
1225,spreading,1,797,471,7243,59.85,sam2,0.0,0.0,0.0
1226,spreading,1,799,471,7073,58.45,sam2,2.0,5993.533,91.33
1227,spreading,1,798,471,7272,60.09,sam2,1.0,2996.766,45.665
1228,spreading,1,798,471,7291,60.25,sam2,0.0,0.0,0.0
1229,spreading,1,797,471,7142,59.02,sam2,1.0,2996.766,45.665
1230,spreading,1,797,471,7269,60.07,sam2,0.0,0.0,0.0
1231,spreading,1,797,471,7241,59.84,sam2,0.0,0.0,0.0
1232,spreading,1,798,471,7194,59.45,sam2,1.0,2996.766,45.665
1233,spreading,1,799,471,7174,59.28,sam2,1.0,2996.766,45.665
1234,spreading,1,798,471,7193,59.44,sam2,1.0,2996.766,45.665
1235,spreading,1,798,471,7265,60.04,sam2,0.0,0.0,0.0
1236,spreading,1,798,471,7417,61.29,sam2,0.0,0.0,0.0
1237,spreading,1,798,471,7354,60.77,sam2,0.0,0.0,0.0
1238,spreading,1,799,471,7146,59.05,sam2,1.0,2996.766,45.665
1239,spreading,1,800,471,7273,60.1,sam2,1.0,2996.766,45.665
1240,spreading,1,798,471,7301,60.33,sam2,2.0,5993.533,91.33
1241,spreading,1,798,471,7308,60.39,sam2,0.0,0.0,0.0
1242,spreading,1,797,471,7244,59.86,sam2,1.0,2996.766,45.665
1243,spreading,1,798,471,7277,60.14,sam2,1.0,2996.766,45.665
1244,spreading,1,797,471,7204,59.53,sam2,1.0,2996.766,45.665
1245,spreading,1,796,471,7260,60.0,sam2,1.0,2996.766,45.665
1246,spreading,1,797,471,7389,61.06,sam2,1.0,2996.766,45.665
1247,spreading,1,798,471,7319,60.48,sam2,1.0,2996.766,45.665
1248,spreading,1,797,470,7171,59.26,sam2,1.414,4238.068,64.58
1249,spreading,1,797,471,7160,59.17,sam2,1.0,2996.766,45.665
1250,spreading,1,797,471,7204,59.53,sam2,0.0,0.0,0.0
1251,spreading,1,798,471,7385,61.03,sam2,1.0,2996.766,45.665
1252,spreading,1,797,471,7271,60.09,sam2,1.0,2996.766,45.665
1253,rebounding,1,797,471,7509,62.05,sam2,0.0,0.0,0.0
1254,rebounding,1,799,471,7365,60.86,sam2,2.0,5993.533,91.33
1255,rebounding,1,798,471,7404,61.19,sam2,1.0,2996.766,45.665
1256,rebounding,1,798,471,7286,60.21,sam2,0.0,0.0,0.0
1257,rebounding,1,798,471,7388,61.05,sam2,0.0,0.0,0.0
1258,rebounding,1,797,471,7355,60.78,sam2,1.0,2996.766,45.665
1259,rebounding,1,797,471,7209,59.57,sam2,0.0,0.0,0.0
1260,rebounding,1,797,471,7198,59.48,sam2,0.0,0.0,0.0
1261,rebounding,1,797,471,7166,59.22,sam2,0.0,0.0,0.0
1262,rebounding,1,798,471,7312,60.42,sam2,1.0,2996.766,45.665
1263,rebounding,1,798,471,7326,60.54,sam2,0.0,0.0,0.0
1264,rebounding,1,797,471,7350,60.74,sam2,1.0,2996.766,45.665
1265,rebounding,1,797,471,7319,60.48,sam2,0.0,0.0,0.0
1266,rebounding,1,797,471,7286,60.21,sam2,0.0,0.0,0.0
1267,rebounding,1,796,471,7278,60.14,sam2,1.0,2996.766,45.665
1268,rebounding,1,797,471,7136,58.97,sam2,1.0,2996.766,45.665
1269,rebounding,1,797,471,7015,57.97,sam2,0.0,0.0,0.0
1270,rebounding,1,797,471,7157,59.14,sam2,0.0,0.0,0.0
1271,rebounding,1,797,471,7229,59.74,sam2,0.0,0.0,0.0
1272,rebounding,1,797,471,7406,61.2,sam2,0.0,0.0,0.0
1273,rebounding,1,799,471,7192,59.43,sam2,2.0,5993.533,91.33
1274,rebounding,1,798,471,7155,59.13,sam2,1.0,2996.766,45.665
1275,rebounding,1,798,471,7167,59.23,sam2,0.0,0.0,0.0
1276,rebounding,1,798,471,7370,60.9,sam2,0.0,0.0,0.0
1277,rebounding,1,799,471,7284,60.19,sam2,1.0,2996.766,45.665
1278,rebounding,1,798,471,7249,59.9,sam2,1.0,2996.766,45.665
1279,rebounding,1,798,471,7333,60.6,sam2,0.0,0.0,0.0
1280,rebounding,1,798,471,7332,60.59,sam2,0.0,0.0,0.0
1281,rebounding,1,799,471,7269,60.07,sam2,1.0,2996.766,45.665
1282,rebounding,1,798,471,7208,59.57,sam2,1.0,2996.766,45.665
1283,rebounding,1,799,470,7231,59.76,sam2,1.414,4238.068,64.58
1284,rebounding,1,799,471,7376,60.95,sam2,1.0,2996.766,45.665
1285,rebounding,1,799,471,7282,60.18,sam2,0.0,0.0,0.0
1286,rebounding,1,799,471,7462,61.66,sam2,0.0,0.0,0.0
1287,rebounding,1,798,471,7326,60.54,sam2,1.0,2996.766,45.665
1288,rebounding,1,798,471,7372,60.92,sam2,0.0,0.0,0.0
1289,rebounding,1,797,471,7258,59.98,sam2,1.0,2996.766,45.665
1290,rebounding,1,798,471,7388,61.05,sam2,1.0,2996.766,45.665
1291,rebounding,1,797,471,7398,61.14,sam2,1.0,2996.766,45.665
1292,rebounding,1,798,471,7293,60.27,sam2,1.0,2996.766,45.665
1293,rebounding,1,798,471,7311,60.42,sam2,0.0,0.0,0.0
1294,rebounding,1,798,471,7372,60.92,sam2,0.0,0.0,0.0
1295,rebounding,1,798,471,7382,61.0,sam2,0.0,0.0,0.0
1296,rebounding,1,798,471,7304,60.36,sam2,0.0,0.0,0.0
1297,rebounding,1,799,471,7216,59.63,sam2,1.0,2996.766,45.665
1298,rebounding,1,798,471,7314,60.44,sam2,1.0,2996.766,45.665
1299,rebounding,1,797,471,7258,59.98,sam2,1.0,2996.766,45.665
1300,rebounding,1,798,471,7393,61.09,sam2,1.0,2996.766,45.665
1301,rebounding,1,798,471,7310,60.41,sam2,0.0,0.0,0.0
1302,rebounding,1,798,471,7157,59.14,sam2,0.0,0.0,0.0
1303,rebounding,1,798,471,7264,60.03,sam2,0.0,0.0,0.0
1304,rebounding,1,799,471,7296,60.29,sam2,1.0,2996.766,45.665
1305,rebounding,1,798,471,7292,60.26,sam2,1.0,2996.766,45.665
1306,rebounding,1,797,471,7320,60.49,sam2,1.0,2996.766,45.665
1307,rebounding,1,798,471,7358,60.8,sam2,1.0,2996.766,45.665
1308,rebounding,1,797,471,7283,60.19,sam2,1.0,2996.766,45.665
1309,rebounding,1,797,471,7284,60.19,sam2,0.0,0.0,0.0
1310,rebounding,1,797,471,7477,61.79,sam2,0.0,0.0,0.0
1311,rebounding,1,798,471,7303,60.35,sam2,1.0,2996.766,45.665
1312,rebounding,1,798,471,7228,59.73,sam2,0.0,0.0,0.0
1313,rebounding,1,798,471,7318,60.47,sam2,0.0,0.0,0.0
1314,rebounding,1,797,471,7323,60.52,sam2,1.0,2996.766,45.665
1315,rebounding,1,797,471,7291,60.25,sam2,0.0,0.0,0.0
1316,rebounding,1,797,471,7313,60.43,sam2,0.0,0.0,0.0
1317,rebounding,1,797,470,7219,59.66,sam2,1.0,2996.766,45.665
1318,rebounding,1,798,471,7184,59.37,sam2,1.414,4238.068,64.58
1319,rebounding,1,797,471,7259,59.99,sam2,1.0,2996.766,45.665
1320,rebounding,1,798,471,7179,59.33,sam2,1.0,2996.766,45.665
1321,rebounding,1,797,471,7103,58.7,sam2,1.0,2996.766,45.665
1322,rebounding,1,797,471,7261,60.0,sam2,0.0,0.0,0.0
1323,rebounding,1,798,471,7381,60.99,sam2,1.0,2996.766,45.665
1324,rebounding,1,798,471,7240,59.83,sam2,0.0,0.0,0.0
1325,rebounding,1,800,471,7253,59.94,sam2,2.0,5993.533,91.33
1326,rebounding,1,799,471,7409,61.23,sam2,1.0,2996.766,45.665
1327,rebounding,1,798,471,7266,60.04,sam2,1.0,2996.766,45.665
1328,rebounding,1,798,471,7259,59.99,sam2,0.0,0.0,0.0
1329,rebounding,1,798,471,7238,59.81,sam2,0.0,0.0,0.0
1330,rebounding,1,799,471,7281,60.17,sam2,1.0,2996.766,45.665
1331,rebounding,1,798,471,7245,59.87,sam2,1.0,2996.766,45.665
1332,rebounding,1,799,471,7311,60.42,sam2,1.0,2996.766,45.665
1333,rebounding,1,797,471,7237,59.8,sam2,2.0,5993.533,91.33
1334,rebounding,1,799,471,7303,60.35,sam2,2.0,5993.533,91.33
1335,rebounding,1,799,471,7319,60.48,sam2,0.0,0.0,0.0
1336,rebounding,1,796,471,7359,60.81,sam2,3.0,8990.299,136.995
1337,rebounding,1,797,471,7236,59.8,sam2,1.0,2996.766,45.665
1338,rebounding,1,796,471,7372,60.92,sam2,1.0,2996.766,45.665
1339,rebounding,1,797,471,7229,59.74,sam2,1.0,2996.766,45.665
1340,rebounding,1,798,471,7231,59.76,sam2,1.0,2996.766,45.665
1341,rebounding,1,799,471,7348,60.72,sam2,1.0,2996.766,45.665
1342,rebounding,1,798,471,7213,59.61,sam2,1.0,2996.766,45.665
1343,rebounding,1,798,471,7064,58.38,sam2,0.0,0.0,0.0
1344,rebounding,1,798,471,7194,59.45,sam2,0.0,0.0,0.0
1345,rebounding,1,797,471,7181,59.34,sam2,1.0,2996.766,45.665
1346,rebounding,1,797,471,7216,59.63,sam2,0.0,0.0,0.0
1347,rebounding,1,798,471,7186,59.38,sam2,1.0,2996.766,45.665
1348,rebounding,1,798,471,7215,59.62,sam2,0.0,0.0,0.0
1349,rebounding,1,797,471,7237,59.8,sam2,1.0,2996.766,45.665
1350,rebounding,1,798,471,7232,59.76,sam2,1.0,2996.766,45.665
1351,rebounding,1,797,471,7279,60.15,sam2,1.0,2996.766,45.665
1352,rebounding,1,798,471,7141,59.01,sam2,1.0,2996.766,45.665
1353,rebounding,1,798,471,7398,61.14,sam2,0.0,0.0,0.0
1354,rebounding,1,798,471,7360,60.82,sam2,0.0,0.0,0.0
1355,rebounding,1,798,471,7175,59.29,sam2,0.0,0.0,0.0
1356,rebounding,1,798,471,7192,59.43,sam2,0.0,0.0,0.0
1357,rebounding,1,796,471,7379,60.98,sam2,2.0,5993.533,91.33
1358,rebounding,1,797,471,7313,60.43,sam2,1.0,2996.766,45.665
1359,rebounding,1,797,471,7227,59.72,sam2,0.0,0.0,0.0
1360,rebounding,1,797,471,7174,59.28,sam2,0.0,0.0,0.0
1361,rebounding,1,798,471,7303,60.35,sam2,1.0,2996.766,45.665
1362,rebounding,1,797,471,7122,58.85,sam2,1.0,2996.766,45.665
1363,rebounding,1,798,471,7138,58.99,sam2,1.0,2996.766,45.665
1364,rebounding,1,798,471,7122,58.85,sam2,0.0,0.0,0.0
1365,rebounding,1,798,471,7110,58.76,sam2,0.0,0.0,0.0
1366,rebounding,1,798,471,7126,58.89,sam2,0.0,0.0,0.0
1367,rebounding,1,799,471,7265,60.04,sam2,1.0,2996.766,45.665
1368,rebounding,1,797,471,7178,59.32,sam2,2.0,5993.533,91.33
1369,rebounding,1,797,471,7328,60.56,sam2,0.0,0.0,0.0
1370,rebounding,1,798,471,7353,60.76,sam2,1.0,2996.766,45.665
1371,rebounding,1,797,471,7347,60.71,sam2,1.0,2996.766,45.665
1372,rebounding,1,798,471,7414,61.27,sam2,1.0,2996.766,45.665
1373,rebounding,1,799,471,7436,61.45,sam2,1.0,2996.766,45.665
1374,rebounding,1,799,471,7313,60.43,sam2,0.0,0.0,0.0
1375,rebounding,1,798,471,7332,60.59,sam2,1.0,2996.766,45.665
1376,rebounding,1,798,471,7330,60.57,sam2,0.0,0.0,0.0
1377,rebounding,1,798,471,7240,59.83,sam2,0.0,0.0,0.0
1378,rebounding,1,798,471,7342,60.67,sam2,0.0,0.0,0.0
1379,rebounding,1,798,471,7360,60.82,sam2,0.0,0.0,0.0
1380,rebounding,1,798,471,7364,60.85,sam2,0.0,0.0,0.0
1381,rebounding,1,799,471,7495,61.94,sam2,1.0,2996.766,45.665
1382,rebounding,1,798,471,7201,59.51,sam2,1.0,2996.766,45.665
1383,rebounding,1,799,471,7243,59.85,sam2,1.0,2996.766,45.665
1384,rebounding,1,799,471,7242,59.85,sam2,0.0,0.0,0.0
1385,rebounding,1,798,471,7228,59.73,sam2,1.0,2996.766,45.665
1386,rebounding,1,798,471,7207,59.56,sam2,0.0,0.0,0.0
1387,rebounding,1,798,471,7297,60.3,sam2,0.0,0.0,0.0
1388,rebounding,1,798,471,7217,59.64,sam2,0.0,0.0,0.0
1389,rebounding,1,797,471,7253,59.94,sam2,1.0,2996.766,45.665
1390,rebounding,1,799,471,7183,59.36,sam2,2.0,5993.533,91.33
1391,rebounding,1,798,471,7443,61.51,sam2,1.0,2996.766,45.665
1392,rebounding,1,798,471,7246,59.88,sam2,0.0,0.0,0.0
1393,rebounding,1,797,471,7275,60.12,sam2,1.0,2996.766,45.665
1394,rebounding,1,797,471,7290,60.24,sam2,0.0,0.0,0.0
1395,rebounding,1,798,471,7314,60.44,sam2,1.0,2996.766,45.665
1396,rebounding,1,798,471,7374,60.94,sam2,0.0,0.0,0.0
1397,rebounding,1,797,471,7342,60.67,sam2,1.0,2996.766,45.665
1398,rebounding,1,797,471,7381,60.99,sam2,0.0,0.0,0.0
1399,rebounding,1,797,471,7209,59.57,sam2,0.0,0.0,0.0
1400,rebounding,1,799,471,7036,58.14,sam2,2.0,5993.533,91.33
1401,rebounding,1,798,471,7178,59.32,sam2,1.0,2996.766,45.665
1402,rebounding,1,798,471,7147,59.06,sam2,0.0,0.0,0.0
1403,rebounding,1,798,471,7195,59.46,sam2,0.0,0.0,0.0
1404,rebounding,1,798,471,7299,60.32,sam2,0.0,0.0,0.0
1405,rebounding,1,799,471,7184,59.37,sam2,1.0,2996.766,45.665
1406,rebounding,1,798,471,7303,60.35,sam2,1.0,2996.766,45.665
1407,rebounding,1,798,471,7334,60.61,sam2,0.0,0.0,0.0
1408,rebounding,1,797,471,7352,60.76,sam2,1.0,2996.766,45.665
1409,rebounding,1,797,471,7293,60.27,sam2,0.0,0.0,0.0
1410,rebounding,1,798,471,7233,59.77,sam2,1.0,2996.766,45.665
1411,rebounding,1,798,471,7292,60.26,sam2,0.0,0.0,0.0
1412,rebounding,1,798,471,7292,60.26,sam2,0.0,0.0,0.0
1413,rebounding,1,799,471,7197,59.47,sam2,1.0,2996.766,45.665
1414,rebounding,1,798,471,7143,59.03,sam2,1.0,2996.766,45.665
1415,rebounding,1,799,471,7194,59.45,sam2,1.0,2996.766,45.665
1416,rebounding,1,799,471,7226,59.71,sam2,0.0,0.0,0.0
1417,rebounding,1,799,471,7300,60.33,sam2,0.0,0.0,0.0
1418,rebounding,1,799,471,7426,61.37,sam2,0.0,0.0,0.0
1419,rebounding,1,798,471,7305,60.37,sam2,1.0,2996.766,45.665
1420,rebounding,1,798,471,7266,60.04,sam2,0.0,0.0,0.0
1421,rebounding,1,798,471,7287,60.22,sam2,0.0,0.0,0.0
1422,rebounding,1,798,471,7218,59.65,sam2,0.0,0.0,0.0
1423,rebounding,1,796,471,7166,59.22,sam2,2.0,5993.533,91.33
1424,rebounding,1,799,471,7134,58.95,sam2,3.0,8990.299,136.995
1425,rebounding,1,798,471,7012,57.95,sam2,1.0,2996.766,45.665
1426,rebounding,1,799,471,7115,58.8,sam2,1.0,2996.766,45.665
1427,rebounding,1,798,471,7216,59.63,sam2,1.0,2996.766,45.665
1428,rebounding,1,798,471,7323,60.52,sam2,0.0,0.0,0.0
1429,rebounding,1,799,471,7229,59.74,sam2,1.0,2996.766,45.665
1430,rebounding,1,797,471,7268,60.06,sam2,2.0,5993.533,91.33
1431,rebounding,1,797,471,7223,59.69,sam2,0.0,0.0,0.0
1432,rebounding,1,798,471,7204,59.53,sam2,1.0,2996.766,45.665
1433,rebounding,1,798,471,7263,60.02,sam2,0.0,0.0,0.0
1434,rebounding,1,798,471,7169,59.24,sam2,0.0,0.0,0.0
1435,rebounding,1,797,471,7063,58.37,sam2,1.0,2996.766,45.665
1436,rebounding,1,797,471,7224,59.7,sam2,0.0,0.0,0.0
1437,rebounding,1,798,471,7114,58.79,sam2,1.0,2996.766,45.665
1438,rebounding,1,797,471,7288,60.23,sam2,1.0,2996.766,45.665
1439,rebounding,1,798,471,7240,59.83,sam2,1.0,2996.766,45.665
1440,rebounding,1,799,471,7239,59.82,sam2,1.0,2996.766,45.665
1441,rebounding,1,799,471,7280,60.16,sam2,0.0,0.0,0.0
1442,rebounding,1,799,471,7212,59.6,sam2,0.0,0.0,0.0
1443,rebounding,1,798,471,7114,58.79,sam2,1.0,2996.766,45.665
1444,rebounding,1,798,471,7244,59.86,sam2,0.0,0.0,0.0
1445,rebounding,1,799,471,7332,60.59,sam2,1.0,2996.766,45.665
1446,rebounding,1,799,471,7286,60.21,sam2,0.0,0.0,0.0
1447,rebounding,1,798,471,7225,59.71,sam2,1.0,2996.766,45.665
1448,rebounding,1,797,471,7362,60.84,sam2,1.0,2996.766,45.665
1449,rebounding,1,798,471,7312,60.42,sam2,1.0,2996.766,45.665
1450,rebounding,1,798,471,7197,59.47,sam2,0.0,0.0,0.0
1451,rebounding,1,798,471,7228,59.73,sam2,0.0,0.0,0.0
1452,rebounding,1,799,471,7267,60.05,sam2,1.0,2996.766,45.665
1453,rebounding,1,797,471,7293,60.27,sam2,2.0,5993.533,91.33
1454,rebounding,1,798,471,7343,60.68,sam2,1.0,2996.766,45.665
1455,rebounding,1,797,471,7300,60.33,sam2,1.0,2996.766,45.665
1456,rebounding,1,797,471,6997,57.82,sam2,0.0,0.0,0.0
1457,rebounding,1,797,471,7207,59.56,sam2,0.0,0.0,0.0
1458,rebounding,1,798,471,7318,60.47,sam2,1.0,2996.766,45.665
1459,rebounding,1,799,471,7048,58.24,sam2,1.0,2996.766,45.665
1460,rebounding,1,799,471,7187,59.39,sam2,0.0,0.0,0.0
1461,rebounding,1,798,471,7199,59.49,sam2,1.0,2996.766,45.665
1462,rebounding,1,798,471,7234,59.78,sam2,0.0,0.0,0.0
1463,rebounding,1,799,471,7155,59.13,sam2,1.0,2996.766,45.665
1464,rebounding,1,798,471,7217,59.64,sam2,1.0,2996.766,45.665
1465,rebounding,1,799,471,7115,58.8,sam2,1.0,2996.766,45.665
1466,rebounding,1,799,471,7194,59.45,sam2,0.0,0.0,0.0
1467,rebounding,1,799,471,7186,59.38,sam2,0.0,0.0,0.0
1468,rebounding,1,798,471,7270,60.08,sam2,1.0,2996.766,45.665
1469,rebounding,1,799,471,7380,60.99,sam2,1.0,2996.766,45.665
1470,rebounding,1,798,471,7307,60.38,sam2,1.0,2996.766,45.665
1471,rebounding,1,798,471,7133,58.95,sam2,0.0,0.0,0.0
1472,rebounding,1,797,471,7350,60.74,sam2,1.0,2996.766,45.665
1473,rebounding,1,798,471,7179,59.33,sam2,1.0,2996.766,45.665
1474,rebounding,1,798,471,7255,59.95,sam2,0.0,0.0,0.0
1475,rebounding,1,798,471,7298,60.31,sam2,0.0,0.0,0.0
1476,rebounding,1,798,471,7086,58.56,sam2,0.0,0.0,0.0
1477,rebounding,1,797,471,6995,57.81,sam2,1.0,2996.766,45.665
1478,rebounding,1,797,471,7165,59.21,sam2,0.0,0.0,0.0
1479,rebounding,1,798,471,7126,58.89,sam2,1.0,2996.766,45.665
1480,rebounding,1,798,471,7069,58.42,sam2,0.0,0.0,0.0
1481,rebounding,1,799,471,7032,58.11,sam2,1.0,2996.766,45.665
1482,rebounding,1,800,471,7165,59.21,sam2,1.0,2996.766,45.665
1483,rebounding,1,798,471,7247,59.89,sam2,2.0,5993.533,91.33
1484,rebounding,1,798,471,7156,59.14,sam2,0.0,0.0,0.0
1485,rebounding,1,798,471,7129,58.91,sam2,0.0,0.0,0.0
1486,rebounding,1,798,471,7185,59.38,sam2,0.0,0.0,0.0
1487,rebounding,1,798,471,7186,59.38,sam2,0.0,0.0,0.0
1488,rebounding,1,798,471,7215,59.62,sam2,0.0,0.0,0.0
1489,rebounding,1,799,471,7190,59.42,sam2,1.0,2996.766,45.665
1490,rebounding,1,799,471,7079,58.5,sam2,0.0,0.0,0.0
1491,rebounding,1,798,471,7021,58.02,sam2,1.0,2996.766,45.665
1492,rebounding,1,799,471,7184,59.37,sam2,1.0,2996.766,45.665
1493,rebounding,1,799,471,7087,58.57,sam2,0.0,0.0,0.0
1494,rebounding,1,799,471,7211,59.59,sam2,0.0,0.0,0.0
1495,rebounding,1,798,471,7270,60.08,sam2,1.0,2996.766,45.665
1496,rebounding,1,798,471,7264,60.03,sam2,0.0,0.0,0.0
1497,rebounding,1,799,471,7195,59.46,sam2,1.0,2996.766,45.665
1498,rebounding,1,800,471,7222,59.68,sam2,1.0,2996.766,45.665
1499,rebounding,1,798,471,7170,59.25,sam2,2.0,5993.533,91.33
1500,rebounding,1,799,471,7155,59.13,sam2,1.0,2996.766,45.665
1501,rebounding,1,799,471,7283,60.19,sam2,0.0,0.0,0.0
1502,rebounding,1,800,471,7154,59.12,sam2,1.0,2996.766,45.665
1503,rebounding,1,799,471,7204,59.53,sam2,1.0,2996.766,45.665
1504,rebounding,1,799,471,7255,59.95,sam2,0.0,0.0,0.0
1505,rebounding,1,799,471,7104,58.71,sam2,0.0,0.0,0.0
1506,rebounding,1,799,471,7375,60.95,sam2,0.0,0.0,0.0
1507,rebounding,1,799,471,7244,59.86,sam2,0.0,0.0,0.0
1508,rebounding,1,798,471,7282,60.18,sam2,1.0,2996.766,45.665
1509,rebounding,1,799,471,7265,60.04,sam2,1.0,2996.766,45.665
1510,rebounding,1,799,471,7136,58.97,sam2,0.0,0.0,0.0
1511,rebounding,1,799,471,7129,58.91,sam2,0.0,0.0,0.0
1512,rebounding,1,798,471,7165,59.21,sam2,1.0,2996.766,45.665
1513,rebounding,1,799,471,7059,58.33,sam2,1.0,2996.766,45.665
1514,rebounding,1,798,471,7219,59.66,sam2,1.0,2996.766,45.665
1515,rebounding,1,798,471,7111,58.76,sam2,0.0,0.0,0.0
1516,rebounding,1,798,471,7046,58.23,sam2,0.0,0.0,0.0
1517,rebounding,1,798,471,7045,58.22,sam2,0.0,0.0,0.0
1518,rebounding,1,797,471,7139,59.0,sam2,1.0,2996.766,45.665
1519,rebounding,1,799,471,7118,58.82,sam2,2.0,5993.533,91.33
1520,rebounding,1,799,471,7134,58.95,sam2,0.0,0.0,0.0
1521,rebounding,1,797,471,7186,59.38,sam2,2.0,5993.533,91.33
1522,rebounding,1,799,471,7176,59.3,sam2,2.0,5993.533,91.33
1523,rebounding,1,799,471,7174,59.28,sam2,0.0,0.0,0.0
1524,rebounding,1,798,471,7145,59.04,sam2,1.0,2996.766,45.665
1525,rebounding,1,799,471,7155,59.13,sam2,1.0,2996.766,45.665
1526,rebounding,1,799,471,7151,59.09,sam2,0.0,0.0,0.0
1527,rebounding,1,798,471,7130,58.92,sam2,1.0,2996.766,45.665
1528,rebounding,1,798,471,7055,58.3,sam2,0.0,0.0,0.0
1529,rebounding,1,799,471,7110,58.76,sam2,1.0,2996.766,45.665
1530,rebounding,1,799,471,7090,58.59,sam2,0.0,0.0,0.0
1531,rebounding,1,797,471,7232,59.76,sam2,2.0,5993.533,91.33
1532,rebounding,1,798,471,7090,58.59,sam2,1.0,2996.766,45.665
1533,rebounding,1,797,471,7155,59.13,sam2,1.0,2996.766,45.665
1534,rebounding,1,799,471,7223,59.69,sam2,2.0,5993.533,91.33
1535,rebounding,1,798,471,7147,59.06,sam2,1.0,2996.766,45.665
1536,rebounding,1,799,471,7128,58.9,sam2,1.0,2996.766,45.665
1537,rebounding,1,798,471,7082,58.52,sam2,1.0,2996.766,45.665
1538,rebounding,1,799,471,7049,58.25,sam2,1.0,2996.766,45.665
1539,rebounding,1,798,471,7215,59.62,sam2,1.0,2996.766,45.665
1540,rebounding,1,798,471,7119,58.83,sam2,0.0,0.0,0.0
1541,rebounding,1,797,471,7153,59.11,sam2,1.0,2996.766,45.665
1542,rebounding,1,798,471,7053,58.28,sam2,1.0,2996.766,45.665
1543,rebounding,1,798,471,7000,57.85,sam2,0.0,0.0,0.0
1544,rebounding,1,798,471,7011,57.94,sam2,0.0,0.0,0.0
1545,rebounding,1,798,471,7083,58.53,sam2,0.0,0.0,0.0
1546,rebounding,1,799,471,6839,56.52,sam2,1.0,2996.766,45.665
1547,rebounding,1,799,471,6940,57.35,sam2,0.0,0.0,0.0
1548,rebounding,1,799,471,6995,57.81,sam2,0.0,0.0,0.0
1549,rebounding,1,798,471,7095,58.63,sam2,1.0,2996.766,45.665
1550,rebounding,1,799,471,7078,58.49,sam2,1.0,2996.766,45.665
1551,rebounding,1,799,471,7084,58.54,sam2,0.0,0.0,0.0
1552,rebounding,1,799,471,7098,58.66,sam2,0.0,0.0,0.0
1553,rebounding,1,799,471,7151,59.09,sam2,0.0,0.0,0.0
1554,rebounding,1,798,471,7143,59.03,sam2,1.0,2996.766,45.665
1555,rebounding,1,797,471,7182,59.35,sam2,1.0,2996.766,45.665
1556,rebounding,1,799,471,7205,59.54,sam2,2.0,5993.533,91.33
1557,rebounding,1,799,471,7162,59.19,sam2,0.0,0.0,0.0
1558,rebounding,1,798,471,7033,58.12,sam2,1.0,2996.766,45.665
1559,rebounding,1,798,471,7222,59.68,sam2,0.0,0.0,0.0
1560,rebounding,1,798,471,7370,60.9,sam2,0.0,0.0,0.0
1561,rebounding,1,798,471,7181,59.34,sam2,0.0,0.0,0.0
1562,rebounding,1,799,471,7064,58.38,sam2,1.0,2996.766,45.665
1563,rebounding,1,798,471,7294,60.28,sam2,1.0,2996.766,45.665
1564,rebounding,1,799,471,7132,58.94,sam2,1.0,2996.766,45.665
1565,rebounding,1,799,471,7027,58.07,sam2,0.0,0.0,0.0
1566,rebounding,1,800,471,6992,57.78,sam2,1.0,2996.766,45.665
1567,rebounding,1,800,471,7044,58.21,sam2,0.0,0.0,0.0
1568,rebounding,1,799,471,7039,58.17,sam2,1.0,2996.766,45.665
1569,rebounding,1,799,471,7079,58.5,sam2,0.0,0.0,0.0
1570,rebounding,1,798,471,6990,57.76,sam2,1.0,2996.766,45.665
1571,rebounding,1,799,471,7193,59.44,sam2,1.0,2996.766,45.665
1572,rebounding,1,798,471,7028,58.08,sam2,1.0,2996.766,45.665
1573,rebounding,1,798,471,6984,57.71,sam2,0.0,0.0,0.0
1574,rebounding,1,799,471,7019,58.0,sam2,1.0,2996.766,45.665
1575,rebounding,1,799,471,6966,57.57,sam2,0.0,0.0,0.0
1576,rebounding,1,799,471,6956,57.48,sam2,0.0,0.0,0.0
1577,rebounding,1,799,471,7057,58.32,sam2,0.0,0.0,0.0
1578,rebounding,1,798,471,7136,58.97,sam2,1.0,2996.766,45.665
1579,rebounding,1,798,471,7092,58.61,sam2,0.0,0.0,0.0
1580,rebounding,1,798,471,7106,58.72,sam2,0.0,0.0,0.0
1581,rebounding,1,799,471,7029,58.09,sam2,1.0,2996.766,45.665
1582,rebounding,1,798,471,6998,57.83,sam2,1.0,2996.766,45.665
1583,rebounding,1,799,471,7050,58.26,sam2,1.0,2996.766,45.665
1584,rebounding,1,798,471,7089,58.58,sam2,1.0,2996.766,45.665
1585,rebounding,1,797,471,7030,58.09,sam2,1.0,2996.766,45.665
1586,rebounding,1,797,471,6921,57.19,sam2,0.0,0.0,0.0
1587,rebounding,1,797,471,6979,57.67,sam2,0.0,0.0,0.0
1588,rebounding,1,800,471,7125,58.88,sam2,3.0,8990.299,136.995
1589,rebounding,1,799,471,7070,58.42,sam2,1.0,2996.766,45.665
1590,rebounding,1,798,471,7034,58.13,sam2,1.0,2996.766,45.665
1591,rebounding,1,798,471,6948,57.42,sam2,0.0,0.0,0.0
1592,rebounding,1,799,471,7115,58.8,sam2,1.0,2996.766,45.665
1593,rebounding,1,799,471,7167,59.23,sam2,0.0,0.0,0.0
1594,rebounding,1,799,471,7139,59.0,sam2,0.0,0.0,0.0
1595,rebounding,1,799,471,7109,58.75,sam2,0.0,0.0,0.0
1596,rebounding,1,799,471,6931,57.28,sam2,0.0,0.0,0.0
1597,rebounding,1,800,471,7124,58.87,sam2,1.0,2996.766,45.665
1598,rebounding,1,798,471,7037,58.15,sam2,2.0,5993.533,91.33
1599,rebounding,1,799,471,7169,59.24,sam2,1.0,2996.766,45.665
1600,rebounding,1,798,471,7004,57.88,sam2,1.0,2996.766,45.665
1601,rebounding,1,799,471,6959,57.51,sam2,1.0,2996.766,45.665
1602,rebounding,1,799,471,7099,58.66,sam2,0.0,0.0,0.0
1603,rebounding,1,799,471,7203,59.52,sam2,0.0,0.0,0.0
1604,rebounding,1,799,471,6979,57.67,sam2,0.0,0.0,0.0
1605,rebounding,1,798,471,7078,58.49,sam2,1.0,2996.766,45.665
1606,rebounding,1,800,471,7077,58.48,sam2,2.0,5993.533,91.33
1607,rebounding,1,800,471,7163,59.19,sam2,0.0,0.0,0.0
1608,rebounding,1,800,471,7144,59.04,sam2,0.0,0.0,0.0
1609,rebounding,1,798,471,7276,60.13,sam2,2.0,5993.533,91.33
1610,rebounding,1,800,471,7218,59.65,sam2,2.0,5993.533,91.33
1611,rebounding,1,799,471,7302,60.34,sam2,1.0,2996.766,45.665
1612,rebounding,1,800,471,7255,59.95,sam2,1.0,2996.766,45.665
1613,rebounding,1,798,471,7049,58.25,sam2,2.0,5993.533,91.33
1614,rebounding,1,799,471,7095,58.63,sam2,1.0,2996.766,45.665
1615,rebounding,1,799,471,7090,58.59,sam2,0.0,0.0,0.0
1616,rebounding,1,799,471,7131,58.93,sam2,0.0,0.0,0.0
1617,rebounding,1,798,471,7034,58.13,sam2,1.0,2996.766,45.665
1618,rebounding,1,798,471,6972,57.62,sam2,0.0,0.0,0.0
1619,rebounding,1,799,471,7031,58.1,sam2,1.0,2996.766,45.665
1620,rebounding,1,800,471,7222,59.68,sam2,1.0,2996.766,45.665
1621,rebounding,1,800,471,7020,58.01,sam2,0.0,0.0,0.0
1622,rebounding,1,800,471,7065,58.38,sam2,0.0,0.0,0.0
1623,rebounding,1,799,471,7108,58.74,sam2,1.0,2996.766,45.665
1624,rebounding,1,800,471,7001,57.85,sam2,1.0,2996.766,45.665
1625,rebounding,1,800,471,7004,57.88,sam2,0.0,0.0,0.0
1626,rebounding,1,800,471,7096,58.64,sam2,0.0,0.0,0.0
1627,rebounding,1,799,471,7064,58.38,sam2,1.0,2996.766,45.665
1628,rebounding,1,800,471,7083,58.53,sam2,1.0,2996.766,45.665
1629,rebounding,1,799,471,7282,60.18,sam2,1.0,2996.766,45.665
1630,rebounding,1,798,471,7095,58.63,sam2,1.0,2996.766,45.665
1631,rebounding,1,800,471,6983,57.71,sam2,2.0,5993.533,91.33
1632,rebounding,1,800,471,7007,57.9,sam2,0.0,0.0,0.0
1633,rebounding,1,800,471,7112,58.77,sam2,0.0,0.0,0.0
1634,rebounding,1,800,471,6995,57.81,sam2,0.0,0.0,0.0
1635,rebounding,1,799,471,6892,56.95,sam2,1.0,2996.766,45.665
1636,rebounding,1,800,471,6914,57.14,sam2,1.0,2996.766,45.665
1637,rebounding,1,800,471,6902,57.04,sam2,0.0,0.0,0.0
1638,rebounding,1,800,471,6922,57.2,sam2,0.0,0.0,0.0
1639,rebounding,1,799,471,7096,58.64,sam2,1.0,2996.766,45.665
1640,rebounding,1,799,471,7029,58.09,sam2,0.0,0.0,0.0
1641,rebounding,1,798,471,7051,58.27,sam2,1.0,2996.766,45.665
1642,rebounding,1,798,471,7043,58.2,sam2,0.0,0.0,0.0
1643,rebounding,1,799,471,7117,58.81,sam2,1.0,2996.766,45.665
1644,rebounding,1,800,471,7086,58.56,sam2,1.0,2996.766,45.665
1645,rebounding,1,800,471,6935,57.31,sam2,0.0,0.0,0.0
1646,rebounding,1,799,471,6953,57.46,sam2,1.0,2996.766,45.665
1647,rebounding,1,798,471,7036,58.14,sam2,1.0,2996.766,45.665
1648,rebounding,1,798,471,7089,58.58,sam2,0.0,0.0,0.0
1649,rebounding,1,799,471,6994,57.8,sam2,1.0,2996.766,45.665
1650,rebounding,1,798,471,7125,58.88,sam2,1.0,2996.766,45.665
1651,rebounding,1,799,471,7084,58.54,sam2,1.0,2996.766,45.665
1652,rebounding,1,797,471,7100,58.67,sam2,2.0,5993.533,91.33
1653,rebounding,1,799,471,7050,58.26,sam2,2.0,5993.533,91.33
1654,rebounding,1,800,471,6865,56.73,sam2,1.0,2996.766,45.665
1655,rebounding,1,800,471,6980,57.68,sam2,0.0,0.0,0.0
1656,rebounding,1,799,471,7075,58.47,sam2,1.0,2996.766,45.665
1657,rebounding,1,799,471,6967,57.57,sam2,0.0,0.0,0.0
1658,rebounding,1,799,471,7145,59.04,sam2,0.0,0.0,0.0
1659,rebounding,1,798,471,7020,58.01,sam2,1.0,2996.766,45.665
1660,rebounding,1,799,471,7057,58.32,sam2,1.0,2996.766,45.665
1661,rebounding,1,799,471,6985,57.72,sam2,0.0,0.0,0.0
1662,rebounding,1,799,471,6980,57.68,sam2,0.0,0.0,0.0
1663,rebounding,1,799,471,7098,58.66,sam2,0.0,0.0,0.0
1664,rebounding,1,799,471,7034,58.13,sam2,0.0,0.0,0.0
1665,rebounding,1,798,471,6998,57.83,sam2,1.0,2996.766,45.665
1666,rebounding,1,799,471,6916,57.15,sam2,1.0,2996.766,45.665
1667,rebounding,1,798,471,7095,58.63,sam2,1.0,2996.766,45.665
1668,rebounding,1,800,471,7074,58.46,sam2,2.0,5993.533,91.33
1669,rebounding,1,799,471,7001,57.85,sam2,1.0,2996.766,45.665
1670,rebounding,1,799,471,7008,57.91,sam2,0.0,0.0,0.0
1671,rebounding,1,799,471,7058,58.33,sam2,0.0,0.0,0.0
1672,rebounding,1,799,471,6975,57.64,sam2,0.0,0.0,0.0
1673,rebounding,1,800,471,7049,58.25,sam2,1.0,2996.766,45.665
1674,rebounding,1,798,471,7003,57.87,sam2,2.0,5993.533,91.33
1675,rebounding,1,799,471,6976,57.65,sam2,1.0,2996.766,45.665
1676,rebounding,1,801,471,6962,57.53,sam2,2.0,5993.533,91.33
1677,rebounding,1,799,471,7029,58.09,sam2,2.0,5993.533,91.33
1678,rebounding,1,799,471,7033,58.12,sam2,0.0,0.0,0.0
1679,rebounding,1,800,471,7045,58.22,sam2,1.0,2996.766,45.665
1680,rebounding,1,800,471,6952,57.45,sam2,0.0,0.0,0.0
1681,rebounding,1,800,471,7041,58.19,sam2,0.0,0.0,0.0
1682,rebounding,1,800,471,7150,59.09,sam2,0.0,0.0,0.0
1683,rebounding,1,800,471,7100,58.67,sam2,0.0,0.0,0.0
1684,rebounding,1,798,471,7067,58.4,sam2,2.0,5993.533,91.33
1685,rebounding,1,800,471,6972,57.62,sam2,2.0,5993.533,91.33
1686,rebounding,1,800,471,7127,58.9,sam2,0.0,0.0,0.0
1687,rebounding,1,799,471,7110,58.76,sam2,1.0,2996.766,45.665
1688,rebounding,1,800,471,7059,58.33,sam2,1.0,2996.766,45.665
1689,rebounding,1,801,471,7016,57.98,sam2,1.0,2996.766,45.665
1690,rebounding,1,799,471,7030,58.09,sam2,2.0,5993.533,91.33
1691,rebounding,1,801,471,7049,58.25,sam2,2.0,5993.533,91.33
1692,rebounding,1,800,471,7054,58.29,sam2,1.0,2996.766,45.665
1693,rebounding,1,799,471,7142,59.02,sam2,1.0,2996.766,45.665
1694,rebounding,1,800,471,6982,57.7,sam2,1.0,2996.766,45.665
1695,rebounding,1,800,471,6907,57.08,sam2,0.0,0.0,0.0
1696,rebounding,1,800,471,7014,57.96,sam2,0.0,0.0,0.0
1697,rebounding,1,799,471,7004,57.88,sam2,1.0,2996.766,45.665
1698,rebounding,1,801,470,7180,59.33,sam2,2.236,6700.974,102.11
1699,rebounding,1,799,471,7181,59.34,sam2,2.236,6700.974,102.11
1700,rebounding,1,798,471,7160,59.17,sam2,1.0,2996.766,45.665
1701,rebounding,1,799,471,6990,57.76,sam2,1.0,2996.766,45.665
1702,rebounding,1,800,471,7032,58.11,sam2,1.0,2996.766,45.665
1703,rebounding,1,800,471,7074,58.46,sam2,0.0,0.0,0.0
1704,rebounding,1,801,471,7023,58.04,sam2,1.0,2996.766,45.665
1705,rebounding,1,800,471,7064,58.38,sam2,1.0,2996.766,45.665
1706,rebounding,1,799,471,7021,58.02,sam2,1.0,2996.766,45.665
1707,rebounding,1,801,471,6906,57.07,sam2,2.0,5993.533,91.33
1708,rebounding,1,800,471,6933,57.29,sam2,1.0,2996.766,45.665
1709,rebounding,1,800,471,6859,56.68,sam2,0.0,0.0,0.0
1710,rebounding,1,799,471,6865,56.73,sam2,1.0,2996.766,45.665
1711,rebounding,1,801,471,6846,56.57,sam2,2.0,5993.533,91.33
1712,rebounding,1,800,471,7034,58.13,sam2,1.0,2996.766,45.665
1713,rebounding,1,800,471,6966,57.57,sam2,0.0,0.0,0.0
1714,rebounding,1,800,471,6942,57.37,sam2,0.0,0.0,0.0
1715,rebounding,1,801,471,6918,57.17,sam2,1.0,2996.766,45.665
1716,rebounding,1,799,471,7141,59.01,sam2,2.0,5993.533,91.33
1717,rebounding,1,799,471,7143,59.03,sam2,0.0,0.0,0.0
1718,rebounding,1,800,471,6992,57.78,sam2,1.0,2996.766,45.665
1719,rebounding,1,800,471,6987,57.74,sam2,0.0,0.0,0.0
1720,rebounding,1,801,471,6837,56.5,sam2,1.0,2996.766,45.665
1721,rebounding,1,800,471,6921,57.19,sam2,1.0,2996.766,45.665
1722,rebounding,1,800,471,7020,58.01,sam2,0.0,0.0,0.0
1723,rebounding,1,799,471,6948,57.42,sam2,1.0,2996.766,45.665
1724,rebounding,1,799,471,7135,58.96,sam2,0.0,0.0,0.0
1725,rebounding,1,797,471,7160,59.17,sam2,2.0,5993.533,91.33
1726,rebounding,1,798,471,7124,58.87,sam2,1.0,2996.766,45.665
1727,rebounding,1,799,471,7108,58.74,sam2,1.0,2996.766,45.665
1728,rebounding,1,800,471,6883,56.88,sam2,1.0,2996.766,45.665
1729,rebounding,1,800,471,7175,59.29,sam2,0.0,0.0,0.0
1730,rebounding,1,800,471,6919,57.18,sam2,0.0,0.0,0.0
1731,rebounding,1,800,471,6953,57.46,sam2,0.0,0.0,0.0
1732,rebounding,1,799,471,6929,57.26,sam2,1.0,2996.766,45.665
1733,rebounding,1,800,471,7021,58.02,sam2,1.0,2996.766,45.665
1734,rebounding,1,800,471,6935,57.31,sam2,0.0,0.0,0.0
1735,rebounding,1,800,471,7012,57.95,sam2,0.0,0.0,0.0
1736,rebounding,1,799,471,6899,57.01,sam2,1.0,2996.766,45.665
1737,rebounding,1,802,471,7037,58.15,sam2,3.0,8990.299,136.995
1738,rebounding,1,801,471,6873,56.8,sam2,1.0,2996.766,45.665
1739,rebounding,1,801,471,7050,58.26,sam2,0.0,0.0,0.0
1740,rebounding,1,801,471,7162,59.19,sam2,0.0,0.0,0.0
1741,rebounding,1,801,471,7002,57.86,sam2,0.0,0.0,0.0
1742,rebounding,1,801,471,7130,58.92,sam2,0.0,0.0,0.0
1743,rebounding,1,801,471,7023,58.04,sam2,0.0,0.0,0.0
1744,rebounding,1,801,471,7159,59.16,sam2,0.0,0.0,0.0
1745,rebounding,1,801,471,6904,57.05,sam2,0.0,0.0,0.0
1746,rebounding,1,801,471,7050,58.26,sam2,0.0,0.0,0.0
1747,rebounding,1,799,471,6920,57.19,sam2,2.0,5993.533,91.33
1748,rebounding,1,799,471,7076,58.47,sam2,0.0,0.0,0.0
1749,rebounding,1,800,471,6933,57.29,sam2,1.0,2996.766,45.665
1750,rebounding,1,801,471,7061,58.35,sam2,1.0,2996.766,45.665
1751,rebounding,1,800,471,6964,57.55,sam2,1.0,2996.766,45.665
1752,rebounding,1,801,471,7120,58.84,sam2,1.0,2996.766,45.665
1753,rebounding,1,800,471,6880,56.85,sam2,1.0,2996.766,45.665
1754,rebounding,1,799,471,7009,57.92,sam2,1.0,2996.766,45.665
1755,rebounding,1,800,471,6951,57.44,sam2,1.0,2996.766,45.665
1756,rebounding,1,801,471,6980,57.68,sam2,1.0,2996.766,45.665
1757,rebounding,1,801,471,6933,57.29,sam2,0.0,0.0,0.0
1758,rebounding,1,801,471,6872,56.79,sam2,0.0,0.0,0.0
1759,rebounding,1,800,471,6841,56.53,sam2,1.0,2996.766,45.665
1760,rebounding,1,800,471,7063,58.37,sam2,0.0,0.0,0.0
1761,rebounding,1,800,471,6927,57.24,sam2,0.0,0.0,0.0
1762,rebounding,1,799,471,6940,57.35,sam2,1.0,2996.766,45.665
1763,rebounding,1,798,471,7087,58.57,sam2,1.0,2996.766,45.665
1764,rebounding,1,799,471,7120,58.84,sam2,1.0,2996.766,45.665
1765,rebounding,1,799,471,7062,58.36,sam2,0.0,0.0,0.0
1766,rebounding,1,801,471,7175,59.29,sam2,2.0,5993.533,91.33
1767,rebounding,1,802,471,7027,58.07,sam2,1.0,2996.766,45.665
1768,rebounding,1,800,471,7030,58.09,sam2,2.0,5993.533,91.33
1769,rebounding,1,800,471,6931,57.28,sam2,0.0,0.0,0.0
1770,rebounding,1,802,471,7044,58.21,sam2,2.0,5993.533,91.33
1771,rebounding,1,801,471,6854,56.64,sam2,1.0,2996.766,45.665
1772,rebounding,1,801,471,6853,56.63,sam2,0.0,0.0,0.0
1773,rebounding,1,800,471,6862,56.71,sam2,1.0,2996.766,45.665
1774,rebounding,1,800,471,6969,57.59,sam2,0.0,0.0,0.0
1775,rebounding,1,800,471,6878,56.84,sam2,0.0,0.0,0.0
1776,rebounding,1,799,471,7049,58.25,sam2,1.0,2996.766,45.665
1777,rebounding,1,799,471,6940,57.35,sam2,0.0,0.0,0.0
1778,rebounding,1,800,471,6975,57.64,sam2,1.0,2996.766,45.665
1779,rebounding,1,800,471,6956,57.48,sam2,0.0,0.0,0.0
1780,rebounding,1,800,470,7048,58.24,sam2,1.0,2996.766,45.665
1781,rebounding,1,800,471,6971,57.61,sam2,1.0,2996.766,45.665
1782,rebounding,1,800,471,7057,58.32,sam2,0.0,0.0,0.0
1783,rebounding,1,799,471,7064,58.38,sam2,1.0,2996.766,45.665
1784,rebounding,1,800,471,7010,57.93,sam2,1.0,2996.766,45.665
1785,rebounding,1,800,471,6952,57.45,sam2,0.0,0.0,0.0
1786,rebounding,1,801,471,7062,58.36,sam2,1.0,2996.766,45.665
1787,rebounding,1,800,471,7038,58.16,sam2,1.0,2996.766,45.665
1788,rebounding,1,800,471,7105,58.71,sam2,0.0,0.0,0.0
1789,rebounding,1,801,471,7156,59.14,sam2,1.0,2996.766,45.665
1790,rebounding,1,802,471,7020,58.01,sam2,1.0,2996.766,45.665
1791,rebounding,1,801,471,7130,58.92,sam2,1.0,2996.766,45.665
1792,rebounding,1,800,471,6939,57.34,sam2,1.0,2996.766,45.665
1793,rebounding,1,800,471,7077,58.48,sam2,0.0,0.0,0.0
1794,rebounding,1,800,471,7130,58.92,sam2,0.0,0.0,0.0
1795,rebounding,1,800,471,7137,58.98,sam2,0.0,0.0,0.0
1796,rebounding,1,799,471,7045,58.22,sam2,1.0,2996.766,45.665
1797,rebounding,1,800,471,7059,58.33,sam2,1.0,2996.766,45.665
1798,rebounding,1,801,471,7048,58.24,sam2,1.0,2996.766,45.665
1799,rebounding,1,800,471,7128,58.9,sam2,1.0,2996.766,45.665
1800,rebounding,1,799,471,7080,58.51,sam2,1.0,2996.766,45.665
1801,rebounding,1,800,471,6981,57.69,sam2,1.0,2996.766,45.665
1802,rebounding,1,801,471,7034,58.13,sam2,1.0,2996.766,45.665
1803,rebounding,1,800,471,7017,57.99,sam2,1.0,2996.766,45.665
1804,rebounding,1,801,471,7134,58.95,sam2,1.0,2996.766,45.665
1805,rebounding,1,802,471,7199,59.49,sam2,1.0,2996.766,45.665
1806,rebounding,1,802,471,7110,58.76,sam2,0.0,0.0,0.0
1807,rebounding,1,801,471,7118,58.82,sam2,1.0,2996.766,45.665
1808,rebounding,1,800,471,6953,57.46,sam2,1.0,2996.766,45.665
1809,rebounding,1,801,471,6905,57.06,sam2,1.0,2996.766,45.665
1810,rebounding,1,800,471,6907,57.08,sam2,1.0,2996.766,45.665
1811,rebounding,1,801,471,6975,57.64,sam2,1.0,2996.766,45.665
1812,rebounding,1,803,471,7068,58.41,sam2,2.0,5993.533,91.33
1813,rebounding,1,801,471,7092,58.61,sam2,2.0,5993.533,91.33
1814,rebounding,1,801,471,6973,57.62,sam2,0.0,0.0,0.0
1815,rebounding,1,802,471,7041,58.19,sam2,1.0,2996.766,45.665
1816,rebounding,1,800,471,7044,58.21,sam2,2.0,5993.533,91.33
1817,rebounding,1,800,471,7020,58.01,sam2,0.0,0.0,0.0
1818,rebounding,1,801,471,7110,58.76,sam2,1.0,2996.766,45.665
1819,rebounding,1,800,471,6883,56.88,sam2,1.0,2996.766,45.665
1820,rebounding,1,801,471,6989,57.76,sam2,1.0,2996.766,45.665
1821,rebounding,1,800,471,6943,57.38,sam2,1.0,2996.766,45.665
1822,rebounding,1,802,471,6944,57.38,sam2,2.0,5993.533,91.33
1823,rebounding,1,803,471,7037,58.15,sam2,1.0,2996.766,45.665
1824,rebounding,1,804,471,6981,57.69,sam2,1.0,2996.766,45.665
1825,rebounding,1,802,471,7090,58.59,sam2,2.0,5993.533,91.33
1826,rebounding,1,801,471,7169,59.24,sam2,1.0,2996.766,45.665
1827,rebounding,1,800,471,7116,58.81,sam2,1.0,2996.766,45.665
1828,rebounding,1,800,471,7120,58.84,sam2,0.0,0.0,0.0
1829,rebounding,1,800,471,7153,59.11,sam2,0.0,0.0,0.0
1830,rebounding,1,800,471,6961,57.52,sam2,0.0,0.0,0.0
1831,rebounding,1,800,471,7219,59.66,sam2,0.0,0.0,0.0
1832,rebounding,1,801,471,7056,58.31,sam2,1.0,2996.766,45.665
1833,rebounding,1,800,471,6972,57.62,sam2,1.0,2996.766,45.665
1834,rebounding,1,801,471,6993,57.79,sam2,1.0,2996.766,45.665
1835,rebounding,1,800,471,6986,57.73,sam2,1.0,2996.766,45.665
1836,rebounding,1,802,471,7107,58.73,sam2,2.0,5993.533,91.33
1837,rebounding,1,800,471,6926,57.23,sam2,2.0,5993.533,91.33
1838,rebounding,1,801,471,7076,58.47,sam2,1.0,2996.766,45.665
1839,rebounding,1,799,471,7082,58.52,sam2,2.0,5993.533,91.33
1840,rebounding,1,800,471,7048,58.24,sam2,1.0,2996.766,45.665
1841,rebounding,1,800,471,7095,58.63,sam2,0.0,0.0,0.0
1842,rebounding,1,800,471,7205,59.54,sam2,0.0,0.0,0.0
1843,rebounding,1,799,471,7161,59.18,sam2,1.0,2996.766,45.665
1844,rebounding,1,800,471,7155,59.13,sam2,1.0,2996.766,45.665
1845,rebounding,1,800,471,7172,59.27,sam2,0.0,0.0,0.0
1846,rebounding,1,800,471,7032,58.11,sam2,0.0,0.0,0.0
1847,rebounding,1,800,471,7133,58.95,sam2,0.0,0.0,0.0
1848,rebounding,1,800,471,7156,59.14,sam2,0.0,0.0,0.0
1849,rebounding,1,802,471,7197,59.47,sam2,2.0,5993.533,91.33
1850,rebounding,1,802,471,7085,58.55,sam2,0.0,0.0,0.0
1851,rebounding,1,801,471,7052,58.28,sam2,1.0,2996.766,45.665
1852,rebounding,1,801,471,7112,58.77,sam2,0.0,0.0,0.0
1853,rebounding,1,800,471,6926,57.23,sam2,1.0,2996.766,45.665
1854,rebounding,1,801,471,7082,58.52,sam2,1.0,2996.766,45.665
1855,rebounding,1,800,471,7062,58.36,sam2,1.0,2996.766,45.665
1856,rebounding,1,800,471,6962,57.53,sam2,0.0,0.0,0.0
1857,rebounding,1,800,471,7133,58.95,sam2,0.0,0.0,0.0
1858,rebounding,1,801,471,7255,59.95,sam2,1.0,2996.766,45.665
1859,rebounding,1,801,471,7138,58.99,sam2,0.0,0.0,0.0
1860,rebounding,1,800,471,7093,58.61,sam2,1.0,2996.766,45.665
1861,rebounding,1,799,471,7130,58.92,sam2,1.0,2996.766,45.665
1862,rebounding,1,801,471,7090,58.59,sam2,2.0,5993.533,91.33
1863,rebounding,1,800,471,7033,58.12,sam2,1.0,2996.766,45.665
1864,rebounding,1,800,471,7071,58.43,sam2,0.0,0.0,0.0
1865,rebounding,1,803,471,7083,58.53,sam2,3.0,8990.299,136.995
1866,rebounding,1,802,471,6980,57.68,sam2,1.0,2996.766,45.665
1867,rebounding,1,802,471,6898,57.0,sam2,0.0,0.0,0.0
1868,rebounding,1,801,471,7037,58.15,sam2,1.0,2996.766,45.665
1869,rebounding,1,800,471,7054,58.29,sam2,1.0,2996.766,45.665
1870,rebounding,1,800,471,7052,58.28,sam2,0.0,0.0,0.0
1871,rebounding,1,801,471,7137,58.98,sam2,1.0,2996.766,45.665
1872,rebounding,1,803,471,7025,58.05,sam2,2.0,5993.533,91.33
1873,rebounding,1,800,471,7029,58.09,sam2,3.0,8990.299,136.995
1874,rebounding,1,801,471,7070,58.42,sam2,1.0,2996.766,45.665
1875,rebounding,1,801,471,7030,58.09,sam2,0.0,0.0,0.0
1876,rebounding,1,801,471,6949,57.43,sam2,0.0,0.0,0.0
1877,rebounding,1,800,471,6989,57.76,sam2,1.0,2996.766,45.665
1878,rebounding,1,800,471,7051,58.27,sam2,0.0,0.0,0.0
1879,rebounding,1,801,470,6930,57.27,sam2,1.414,4238.068,64.58
1880,rebounding,1,800,471,7015,57.97,sam2,1.414,4238.068,64.58
1881,rebounding,1,800,471,7087,58.57,sam2,0.0,0.0,0.0
1882,rebounding,1,801,471,7023,58.04,sam2,1.0,2996.766,45.665
1883,rebounding,1,802,471,7223,59.69,sam2,1.0,2996.766,45.665
1884,rebounding,1,800,471,7197,59.47,sam2,2.0,5993.533,91.33
1885,rebounding,1,801,471,7023,58.04,sam2,1.0,2996.766,45.665
1886,rebounding,1,801,471,7122,58.85,sam2,0.0,0.0,0.0
1887,rebounding,1,801,471,7079,58.5,sam2,0.0,0.0,0.0
1888,rebounding,1,800,471,7149,59.08,sam2,1.0,2996.766,45.665
1889,rebounding,1,800,471,7118,58.82,sam2,0.0,0.0,0.0
1890,rebounding,1,800,471,6990,57.76,sam2,0.0,0.0,0.0
1891,rebounding,1,801,471,7081,58.52,sam2,1.0,2996.766,45.665
1892,rebounding,1,801,471,7083,58.53,sam2,0.0,0.0,0.0
1893,rebounding,1,801,471,7085,58.55,sam2,0.0,0.0,0.0
1894,rebounding,1,802,471,7110,58.76,sam2,1.0,2996.766,45.665
1895,rebounding,1,801,471,6969,57.59,sam2,1.0,2996.766,45.665
1896,rebounding,1,800,471,7045,58.22,sam2,1.0,2996.766,45.665
1897,rebounding,1,801,471,6895,56.98,sam2,1.0,2996.766,45.665
1898,rebounding,1,802,471,7146,59.05,sam2,1.0,2996.766,45.665
1899,rebounding,1,800,471,7158,59.15,sam2,2.0,5993.533,91.33
1900,rebounding,1,802,471,7084,58.54,sam2,2.0,5993.533,91.33
1901,rebounding,1,801,471,7061,58.35,sam2,1.0,2996.766,45.665
1902,rebounding,1,801,471,6968,57.58,sam2,0.0,0.0,0.0
1903,rebounding,1,802,471,7068,58.41,sam2,1.0,2996.766,45.665
1904,rebounding,1,802,471,7086,58.56,sam2,0.0,0.0,0.0
1905,rebounding,1,799,471,6950,57.43,sam2,3.0,8990.299,136.995
1906,rebounding,1,801,471,6996,57.81,sam2,2.0,5993.533,91.33
1907,rebounding,1,802,471,7078,58.49,sam2,1.0,2996.766,45.665
1908,rebounding,1,800,471,6979,57.67,sam2,2.0,5993.533,91.33
1909,rebounding,1,802,471,7037,58.15,sam2,2.0,5993.533,91.33
1910,rebounding,1,800,471,7140,59.0,sam2,2.0,5993.533,91.33
1911,rebounding,1,801,471,7098,58.66,sam2,1.0,2996.766,45.665
1912,rebounding,1,803,470,6985,57.72,sam2,2.236,6700.974,102.11
1913,rebounding,1,801,471,7013,57.95,sam2,2.236,6700.974,102.11
1914,rebounding,1,801,471,7128,58.9,sam2,0.0,0.0,0.0
1915,rebounding,1,802,471,7149,59.08,sam2,1.0,2996.766,45.665
1916,rebounding,1,802,471,7188,59.4,sam2,0.0,0.0,0.0
1917,rebounding,1,802,471,7070,58.42,sam2,0.0,0.0,0.0
1918,rebounding,1,801,471,7060,58.34,sam2,1.0,2996.766,45.665
1919,rebounding,1,801,471,7136,58.97,sam2,0.0,0.0,0.0
1920,rebounding,1,801,471,7220,59.66,sam2,0.0,0.0,0.0
1921,rebounding,1,802,471,7067,58.4,sam2,1.0,2996.766,45.665
1922,rebounding,1,803,471,6922,57.2,sam2,1.0,2996.766,45.665
1923,rebounding,1,801,471,7122,58.85,sam2,2.0,5993.533,91.33
1924,rebounding,1,800,471,7145,59.04,sam2,1.0,2996.766,45.665
1925,rebounding,1,802,471,7140,59.0,sam2,2.0,5993.533,91.33
1926,rebounding,1,803,471,7153,59.11,sam2,1.0,2996.766,45.665
1927,rebounding,1,802,471,7185,59.38,sam2,1.0,2996.766,45.665
1928,rebounding,1,802,471,6955,57.47,sam2,0.0,0.0,0.0
1929,rebounding,1,801,471,7034,58.13,sam2,1.0,2996.766,45.665
1930,rebounding,1,801,471,7002,57.86,sam2,0.0,0.0,0.0
1931,rebounding,1,802,471,7037,58.15,sam2,1.0,2996.766,45.665
1932,rebounding,1,802,471,7100,58.67,sam2,0.0,0.0,0.0
1933,rebounding,1,804,471,7196,59.47,sam2,2.0,5993.533,91.33
1934,rebounding,1,804,471,7089,58.58,sam2,0.0,0.0,0.0
1935,rebounding,1,800,471,6973,57.62,sam2,4.0,11987.066,182.66
1936,rebounding,1,801,471,6941,57.36,sam2,1.0,2996.766,45.665
1937,rebounding,1,801,471,7128,58.9,sam2,0.0,0.0,0.0
1938,rebounding,1,802,471,7054,58.29,sam2,1.0,2996.766,45.665
1939,rebounding,1,801,471,7043,58.2,sam2,1.0,2996.766,45.665
1940,rebounding,1,801,471,6996,57.81,sam2,0.0,0.0,0.0
1941,rebounding,1,801,471,6988,57.75,sam2,0.0,0.0,0.0
1942,rebounding,1,803,471,7071,58.43,sam2,2.0,5993.533,91.33
1943,rebounding,1,801,471,7026,58.06,sam2,2.0,5993.533,91.33
1944,rebounding,1,802,471,7132,58.94,sam2,1.0,2996.766,45.665
1945,rebounding,1,802,471,7156,59.14,sam2,0.0,0.0,0.0
1946,rebounding,1,803,471,7075,58.47,sam2,1.0,2996.766,45.665
1947,rebounding,1,803,471,7141,59.01,sam2,0.0,0.0,0.0
1948,rebounding,1,801,471,7190,59.42,sam2,2.0,5993.533,91.33
1949,rebounding,1,799,471,7076,58.47,sam2,2.0,5993.533,91.33
1950,rebounding,1,799,471,7024,58.04,sam2,0.0,0.0,0.0
1951,rebounding,1,802,471,7043,58.2,sam2,3.0,8990.299,136.995
1952,rebounding,1,803,471,7032,58.11,sam2,1.0,2996.766,45.665
1953,rebounding,1,803,471,7072,58.44,sam2,0.0,0.0,0.0
1954,rebounding,1,803,471,6981,57.69,sam2,0.0,0.0,0.0
1955,rebounding,1,801,471,6920,57.19,sam2,2.0,5993.533,91.33
1956,rebounding,1,802,471,6978,57.66,sam2,1.0,2996.766,45.665
1957,rebounding,1,800,471,6953,57.46,sam2,2.0,5993.533,91.33
1958,rebounding,1,802,471,7003,57.87,sam2,2.0,5993.533,91.33
1959,rebounding,1,801,471,7012,57.95,sam2,1.0,2996.766,45.665
1960,rebounding,1,800,471,6907,57.08,sam2,1.0,2996.766,45.665
1961,rebounding,1,801,471,6984,57.71,sam2,1.0,2996.766,45.665
1962,rebounding,1,801,471,7154,59.12,sam2,0.0,0.0,0.0
1963,rebounding,1,801,471,6841,56.53,sam2,0.0,0.0,0.0
1964,rebounding,1,801,471,6919,57.18,sam2,0.0,0.0,0.0
1965,rebounding,1,801,471,7125,58.88,sam2,0.0,0.0,0.0
1966,rebounding,1,800,471,7074,58.46,sam2,1.0,2996.766,45.665
1967,rebounding,1,803,471,7009,57.92,sam2,3.0,8990.299,136.995
1968,rebounding,1,805,471,7128,58.9,sam2,2.0,5993.533,91.33
1969,rebounding,1,803,471,7053,58.28,sam2,2.0,5993.533,91.33
1970,rebounding,1,802,471,6904,57.05,sam2,1.0,2996.766,45.665
1971,rebounding,1,800,471,7025,58.05,sam2,2.0,5993.533,91.33
1972,rebounding,1,802,471,7052,58.28,sam2,2.0,5993.533,91.33
1973,rebounding,1,801,471,7086,58.56,sam2,1.0,2996.766,45.665
1974,rebounding,1,801,471,6931,57.28,sam2,0.0,0.0,0.0
1975,rebounding,1,800,471,7083,58.53,sam2,1.0,2996.766,45.665
1976,rebounding,1,801,471,6997,57.82,sam2,1.0,2996.766,45.665
1977,rebounding,1,802,471,7164,59.2,sam2,1.0,2996.766,45.665
1978,rebounding,1,799,471,7082,58.52,sam2,3.0,8990.299,136.995
1979,rebounding,1,802,471,6968,57.58,sam2,3.0,8990.299,136.995
1980,rebounding,1,802,471,7241,59.84,sam2,0.0,0.0,0.0
1981,rebounding,1,802,471,6942,57.37,sam2,0.0,0.0,0.0
1982,rebounding,1,802,471,7116,58.81,sam2,0.0,0.0,0.0
1983,rebounding,1,801,471,7039,58.17,sam2,1.0,2996.766,45.665
1984,rebounding,1,801,471,6991,57.77,sam2,0.0,0.0,0.0
1985,rebounding,1,799,471,7051,58.27,sam2,2.0,5993.533,91.33
1986,rebounding,1,800,471,6971,57.61,sam2,1.0,2996.766,45.665
1987,rebounding,1,801,471,7053,58.28,sam2,1.0,2996.766,45.665
1988,rebounding,1,802,471,6916,57.15,sam2,1.0,2996.766,45.665
1989,rebounding,1,803,471,7095,58.63,sam2,1.0,2996.766,45.665
1990,rebounding,1,803,471,7011,57.94,sam2,0.0,0.0,0.0
1991,rebounding,1,802,471,6971,57.61,sam2,1.0,2996.766,45.665
1992,rebounding,1,801,471,6792,56.13,sam2,1.0,2996.766,45.665
1993,rebounding,1,801,471,6997,57.82,sam2,0.0,0.0,0.0
1994,rebounding,1,802,471,7171,59.26,sam2,1.0,2996.766,45.665
1995,rebounding,1,801,471,7109,58.75,sam2,1.0,2996.766,45.665
1996,rebounding,1,802,471,7118,58.82,sam2,1.0,2996.766,45.665
1997,rebounding,1,800,471,6726,55.58,sam2,2.0,5993.533,91.33
1998,rebounding,1,803,471,7131,58.93,sam2,3.0,8990.299,136.995
1999,rebounding,1,802,471,6945,57.39,sam2,1.0,2996.766,45.665
2000,rebounding,1,801,471,6871,56.78,sam2,1.0,2996.766,45.665
2001,rebounding,1,801,471,6977,57.66,sam2,0.0,0.0,0.0
2002,rebounding,1,803,471,6887,56.91,sam2,2.0,5993.533,91.33
2003,rebounding,1,802,471,7089,58.58,sam2,1.0,2996.766,45.665
2004,rebounding,1,803,471,7049,58.25,sam2,1.0,2996.766,45.665
2005,rebounding,1,803,471,7126,58.89,sam2,0.0,0.0,0.0
2006,rebounding,1,802,471,7041,58.19,sam2,1.0,2996.766,45.665
2007,rebounding,1,804,471,7026,58.06,sam2,2.0,5993.533,91.33
2008,rebounding,1,801,471,7025,58.05,sam2,3.0,8990.299,136.995
2009,rebounding,1,800,471,7019,58.0,sam2,1.0,2996.766,45.665
2010,rebounding,1,800,471,6930,57.27,sam2,0.0,0.0,0.0
2011,rebounding,1,802,471,7053,58.28,sam2,2.0,5993.533,91.33
2012,rebounding,1,802,471,6996,57.81,sam2,0.0,0.0,0.0
2013,rebounding,1,803,471,7184,59.37,sam2,1.0,2996.766,45.665
2014,rebounding,1,803,471,7073,58.45,sam2,0.0,0.0,0.0
2015,rebounding,1,802,471,7145,59.04,sam2,1.0,2996.766,45.665
2016,rebounding,1,802,471,7021,58.02,sam2,0.0,0.0,0.0
2017,rebounding,1,801,471,7001,57.85,sam2,1.0,2996.766,45.665
2018,rebounding,1,802,471,7102,58.69,sam2,1.0,2996.766,45.665
2019,rebounding,1,801,471,6937,57.33,sam2,1.0,2996.766,45.665
2020,rebounding,1,800,471,7048,58.24,sam2,1.0,2996.766,45.665
2021,rebounding,1,802,471,7027,58.07,sam2,2.0,5993.533,91.33
2022,rebounding,1,801,471,6904,57.05,sam2,1.0,2996.766,45.665
2023,rebounding,1,803,471,6921,57.19,sam2,2.0,5993.533,91.33
2024,rebounding,1,803,471,7034,58.13,sam2,0.0,0.0,0.0
2025,rebounding,1,803,471,7014,57.96,sam2,0.0,0.0,0.0
2026,rebounding,1,803,471,6978,57.66,sam2,0.0,0.0,0.0
2027,rebounding,1,802,471,6976,57.65,sam2,1.0,2996.766,45.665
2028,rebounding,1,803,471,7105,58.71,sam2,1.0,2996.766,45.665
2029,rebounding,1,803,471,7046,58.23,sam2,0.0,0.0,0.0
2030,rebounding,1,804,471,6894,56.97,sam2,1.0,2996.766,45.665
2031,rebounding,1,805,471,6828,56.43,sam2,1.0,2996.766,45.665
2032,rebounding,1,804,471,6789,56.1,sam2,1.0,2996.766,45.665
2033,rebounding,1,802,471,6915,57.14,sam2,2.0,5993.533,91.33
2034,rebounding,1,803,471,7106,58.72,sam2,1.0,2996.766,45.665
2035,rebounding,1,802,471,6773,55.97,sam2,1.0,2996.766,45.665
2036,rebounding,1,801,471,6807,56.25,sam2,1.0,2996.766,45.665
2037,rebounding,1,804,471,6870,56.77,sam2,3.0,8990.299,136.995
2038,rebounding,1,803,471,6863,56.71,sam2,1.0,2996.766,45.665
2039,rebounding,1,802,471,6966,57.57,sam2,1.0,2996.766,45.665
2040,rebounding,1,803,471,6853,56.63,sam2,1.0,2996.766,45.665
2041,rebounding,1,804,471,6895,56.98,sam2,1.0,2996.766,45.665
2042,rebounding,1,802,471,6994,57.8,sam2,2.0,5993.533,91.33
2043,rebounding,1,802,471,6855,56.65,sam2,0.0,0.0,0.0
2044,rebounding,1,804,471,6900,57.02,sam2,2.0,5993.533,91.33
2045,rebounding,1,804,471,6996,57.81,sam2,0.0,0.0,0.0
2046,rebounding,1,805,471,6945,57.39,sam2,1.0,2996.766,45.665
2047,rebounding,1,804,471,6993,57.79,sam2,1.0,2996.766,45.665
2048,rebounding,1,803,471,6898,57.0,sam2,1.0,2996.766,45.665
2049,rebounding,1,802,471,6999,57.84,sam2,1.0,2996.766,45.665
2050,rebounding,1,802,471,6921,57.19,sam2,0.0,0.0,0.0
2051,rebounding,1,801,471,6901,57.03,sam2,1.0,2996.766,45.665
2052,rebounding,1,802,471,7104,58.71,sam2,1.0,2996.766,45.665
2053,rebounding,1,803,471,6976,57.65,sam2,1.0,2996.766,45.665
2054,rebounding,1,803,471,6837,56.5,sam2,0.0,0.0,0.0
2055,rebounding,1,803,471,6992,57.78,sam2,0.0,0.0,0.0
2056,rebounding,1,803,471,7093,58.61,sam2,0.0,0.0,0.0
2057,rebounding,1,803,471,7032,58.11,sam2,0.0,0.0,0.0
2058,rebounding,1,802,471,7209,59.57,sam2,1.0,2996.766,45.665
2059,rebounding,1,800,471,6853,56.63,sam2,2.0,5993.533,91.33
2060,rebounding,1,804,471,7045,58.22,sam2,4.0,11987.066,182.66
2061,rebounding,1,803,471,7089,58.58,sam2,1.0,2996.766,45.665
2062,rebounding,1,803,471,7083,58.53,sam2,0.0,0.0,0.0
2063,rebounding,1,804,471,6954,57.47,sam2,1.0,2996.766,45.665
2064,rebounding,1,801,471,7016,57.98,sam2,3.0,8990.299,136.995
2065,rebounding,1,804,471,6934,57.3,sam2,3.0,8990.299,136.995
2066,rebounding,1,802,471,6957,57.49,sam2,2.0,5993.533,91.33
2067,rebounding,1,803,471,6972,57.62,sam2,1.0,2996.766,45.665
2068,rebounding,1,803,471,7040,58.18,sam2,0.0,0.0,0.0
2069,rebounding,1,802,471,7098,58.66,sam2,1.0,2996.766,45.665
2070,rebounding,1,803,471,6936,57.32,sam2,1.0,2996.766,45.665
2071,rebounding,1,803,471,6909,57.09,sam2,0.0,0.0,0.0
2072,rebounding,1,802,471,6824,56.39,sam2,1.0,2996.766,45.665
2073,rebounding,1,802,471,6989,57.76,sam2,0.0,0.0,0.0
2074,rebounding,1,800,471,6958,57.5,sam2,2.0,5993.533,91.33
2075,rebounding,1,802,471,7008,57.91,sam2,2.0,5993.533,91.33
2076,rebounding,1,803,471,7053,58.28,sam2,1.0,2996.766,45.665
2077,rebounding,1,803,471,7028,58.08,sam2,0.0,0.0,0.0
2078,rebounding,1,801,471,7068,58.41,sam2,2.0,5993.533,91.33
2079,rebounding,1,804,471,7091,58.6,sam2,3.0,8990.299,136.995
2080,rebounding,1,800,471,6840,56.52,sam2,4.0,11987.066,182.66
2081,rebounding,1,802,471,6883,56.88,sam2,2.0,5993.533,91.33
2082,rebounding,1,802,471,6957,57.49,sam2,0.0,0.0,0.0
2083,rebounding,1,803,471,6864,56.72,sam2,1.0,2996.766,45.665
2084,rebounding,1,802,471,7065,58.38,sam2,1.0,2996.766,45.665
2085,rebounding,1,802,471,7005,57.89,sam2,0.0,0.0,0.0
2086,rebounding,1,801,471,7040,58.18,sam2,1.0,2996.766,45.665
2087,rebounding,1,804,471,7205,59.54,sam2,3.0,8990.299,136.995
2088,rebounding,1,802,471,7030,58.09,sam2,2.0,5993.533,91.33
2089,rebounding,1,803,471,7019,58.0,sam2,1.0,2996.766,45.665
2090,rebounding,1,803,471,6925,57.23,sam2,0.0,0.0,0.0
2091,rebounding,1,803,471,6999,57.84,sam2,0.0,0.0,0.0
2092,rebounding,1,802,471,6793,56.14,sam2,1.0,2996.766,45.665
2093,rebounding,1,803,471,6957,57.49,sam2,1.0,2996.766,45.665
2094,rebounding,1,803,471,7034,58.13,sam2,0.0,0.0,0.0
2095,rebounding,1,803,471,6879,56.85,sam2,0.0,0.0,0.0
2096,rebounding,1,802,471,7191,59.42,sam2,1.0,2996.766,45.665
2097,rebounding,1,804,471,7230,59.75,sam2,2.0,5993.533,91.33
2098,rebounding,1,803,471,7159,59.16,sam2,1.0,2996.766,45.665
2099,rebounding,1,804,471,7041,58.19,sam2,1.0,2996.766,45.665
2100,rebounding,1,803,471,7030,58.09,sam2,1.0,2996.766,45.665
2101,rebounding,1,803,471,6994,57.8,sam2,0.0,0.0,0.0
2102,rebounding,1,803,471,7060,58.34,sam2,0.0,0.0,0.0
2103,rebounding,1,803,471,7168,59.23,sam2,0.0,0.0,0.0
2104,rebounding,1,802,471,7197,59.47,sam2,1.0,2996.766,45.665
2105,rebounding,1,804,471,7140,59.0,sam2,2.0,5993.533,91.33
2106,rebounding,1,802,471,7129,58.91,sam2,2.0,5993.533,91.33
2107,rebounding,1,803,471,7284,60.19,sam2,1.0,2996.766,45.665
2108,rebounding,1,803,471,6926,57.23,sam2,0.0,0.0,0.0
2109,rebounding,1,804,471,6929,57.26,sam2,1.0,2996.766,45.665
2110,rebounding,1,803,471,6870,56.77,sam2,1.0,2996.766,45.665
2111,rebounding,1,802,471,7031,58.1,sam2,1.0,2996.766,45.665
2112,rebounding,1,802,471,6933,57.29,sam2,0.0,0.0,0.0
2113,rebounding,1,804,471,7089,58.58,sam2,2.0,5993.533,91.33
2114,rebounding,1,801,471,7032,58.11,sam2,3.0,8990.299,136.995
2115,rebounding,1,802,471,6973,57.62,sam2,1.0,2996.766,45.665
2116,rebounding,1,802,471,6947,57.41,sam2,0.0,0.0,0.0
2117,rebounding,1,801,471,7179,59.33,sam2,1.0,2996.766,45.665
2118,rebounding,1,803,471,7021,58.02,sam2,2.0,5993.533,91.33
2119,rebounding,1,802,471,7119,58.83,sam2,1.0,2996.766,45.665
2120,rebounding,1,803,471,7015,57.97,sam2,1.0,2996.766,45.665
2121,rebounding,1,803,471,6961,57.52,sam2,0.0,0.0,0.0
2122,rebounding,1,803,471,6981,57.69,sam2,0.0,0.0,0.0
2123,rebounding,1,803,471,6880,56.85,sam2,0.0,0.0,0.0
2124,rebounding,1,802,471,6948,57.42,sam2,1.0,2996.766,45.665
2125,rebounding,1,804,471,7066,58.39,sam2,2.0,5993.533,91.33
2126,rebounding,1,803,471,6905,57.06,sam2,1.0,2996.766,45.665
2127,rebounding,1,804,471,6950,57.43,sam2,1.0,2996.766,45.665
2128,rebounding,1,804,471,6957,57.49,sam2,0.0,0.0,0.0
2129,rebounding,1,802,471,7034,58.13,sam2,2.0,5993.533,91.33
2130,rebounding,1,803,471,7023,58.04,sam2,1.0,2996.766,45.665
2131,rebounding,1,802,471,7114,58.79,sam2,1.0,2996.766,45.665
2132,rebounding,1,803,471,7038,58.16,sam2,1.0,2996.766,45.665
2133,rebounding,1,802,471,7079,58.5,sam2,1.0,2996.766,45.665
2134,rebounding,1,802,471,7121,58.85,sam2,0.0,0.0,0.0
2135,rebounding,1,801,471,7157,59.14,sam2,1.0,2996.766,45.665
2136,rebounding,1,801,471,7299,60.32,sam2,0.0,0.0,0.0
2137,rebounding,1,802,471,7258,59.98,sam2,1.0,2996.766,45.665
2138,rebounding,1,802,471,7133,58.95,sam2,0.0,0.0,0.0
2139,rebounding,1,802,471,7089,58.58,sam2,0.0,0.0,0.0
2140,rebounding,1,802,471,7319,60.48,sam2,0.0,0.0,0.0
2141,rebounding,1,802,471,7271,60.09,sam2,0.0,0.0,0.0
2142,rebounding,1,804,471,7070,58.42,sam2,2.0,5993.533,91.33
2143,rebounding,1,802,471,6951,57.44,sam2,2.0,5993.533,91.33
2144,rebounding,1,803,471,6961,57.52,sam2,1.0,2996.766,45.665
2145,rebounding,1,802,471,7080,58.51,sam2,1.0,2996.766,45.665
2146,rebounding,1,802,471,7108,58.74,sam2,0.0,0.0,0.0
2147,rebounding,1,805,471,7084,58.54,sam2,3.0,8990.299,136.995
2148,rebounding,1,803,471,7117,58.81,sam2,2.0,5993.533,91.33
2149,rebounding,1,803,471,7053,58.28,sam2,0.0,0.0,0.0
2150,rebounding,1,803,471,7120,58.84,sam2,0.0,0.0,0.0
2151,rebounding,1,804,471,7130,58.92,sam2,1.0,2996.766,45.665
2152,rebounding,1,803,471,7024,58.04,sam2,1.0,2996.766,45.665
2153,rebounding,1,801,471,6957,57.49,sam2,2.0,5993.533,91.33
2154,rebounding,1,802,471,7203,59.52,sam2,1.0,2996.766,45.665
2155,rebounding,1,803,471,7106,58.72,sam2,1.0,2996.766,45.665
2156,rebounding,1,801,471,6952,57.45,sam2,2.0,5993.533,91.33
2157,rebounding,1,801,471,7040,58.18,sam2,0.0,0.0,0.0
2158,rebounding,1,802,471,6999,57.84,sam2,1.0,2996.766,45.665
2159,rebounding,1,803,471,6932,57.28,sam2,1.0,2996.766,45.665
2160,rebounding,1,803,471,7141,59.01,sam2,0.0,0.0,0.0
2161,rebounding,1,803,471,7161,59.18,sam2,0.0,0.0,0.0
2162,rebounding,1,803,471,7087,58.57,sam2,0.0,0.0,0.0
2163,rebounding,1,801,471,6975,57.64,sam2,2.0,5993.533,91.33
2164,rebounding,1,802,471,7093,58.61,sam2,1.0,2996.766,45.665
2165,rebounding,1,802,471,7164,59.2,sam2,0.0,0.0,0.0
2166,rebounding,1,804,471,7098,58.66,sam2,2.0,5993.533,91.33
2167,rebounding,1,802,471,7033,58.12,sam2,2.0,5993.533,91.33
2168,rebounding,1,803,471,7051,58.27,sam2,1.0,2996.766,45.665
2169,rebounding,1,800,471,7009,57.92,sam2,3.0,8990.299,136.995
2170,rebounding,1,800,471,6962,57.53,sam2,0.0,0.0,0.0
2171,rebounding,1,802,471,7026,58.06,sam2,2.0,5993.533,91.33
2172,rebounding,1,801,471,6999,57.84,sam2,1.0,2996.766,45.665
2173,rebounding,1,800,471,7005,57.89,sam2,1.0,2996.766,45.665
2174,rebounding,1,802,471,6956,57.48,sam2,2.0,5993.533,91.33
2175,rebounding,1,804,471,7109,58.75,sam2,2.0,5993.533,91.33
2176,rebounding,1,802,471,7059,58.33,sam2,2.0,5993.533,91.33
2177,rebounding,1,802,471,7017,57.99,sam2,0.0,0.0,0.0
2178,rebounding,1,802,471,7041,58.19,sam2,0.0,0.0,0.0
2179,rebounding,1,802,471,6953,57.46,sam2,0.0,0.0,0.0
2180,rebounding,1,802,471,7017,57.99,sam2,0.0,0.0,0.0
2181,rebounding,1,802,471,7067,58.4,sam2,0.0,0.0,0.0
2182,rebounding,1,803,471,7121,58.85,sam2,1.0,2996.766,45.665
2183,rebounding,1,800,471,6800,56.19,sam2,3.0,8990.299,136.995
2184,rebounding,1,802,471,6919,57.18,sam2,2.0,5993.533,91.33
2185,rebounding,1,802,471,6933,57.29,sam2,0.0,0.0,0.0
2186,rebounding,1,801,471,7183,59.36,sam2,1.0,2996.766,45.665
2187,rebounding,1,800,471,6955,57.47,sam2,1.0,2996.766,45.665
2188,rebounding,1,801,471,6801,56.2,sam2,1.0,2996.766,45.665
2189,rebounding,1,800,471,6928,57.25,sam2,1.0,2996.766,45.665
2190,rebounding,1,801,471,6868,56.76,sam2,1.0,2996.766,45.665
2191,rebounding,1,803,471,6956,57.48,sam2,2.0,5993.533,91.33
2192,rebounding,1,802,471,7079,58.5,sam2,1.0,2996.766,45.665
2193,rebounding,1,802,471,6911,57.11,sam2,0.0,0.0,0.0
2194,rebounding,1,803,471,6989,57.76,sam2,1.0,2996.766,45.665
2195,rebounding,1,802,471,6954,57.47,sam2,1.0,2996.766,45.665
2196,rebounding,1,801,471,7120,58.84,sam2,1.0,2996.766,45.665
2197,rebounding,1,802,471,7032,58.11,sam2,1.0,2996.766,45.665
2198,rebounding,1,801,471,7020,58.01,sam2,1.0,2996.766,45.665
2199,rebounding,1,802,471,7005,57.89,sam2,1.0,2996.766,45.665
2200,rebounding,1,804,471,6909,57.09,sam2,2.0,5993.533,91.33
2201,rebounding,1,803,471,6824,56.39,sam2,1.0,2996.766,45.665
2202,rebounding,1,802,471,6974,57.63,sam2,1.0,2996.766,45.665
2203,rebounding,1,802,471,6923,57.21,sam2,0.0,0.0,0.0
2204,rebounding,1,801,471,7035,58.14,sam2,1.0,2996.766,45.665
2205,rebounding,1,802,471,7091,58.6,sam2,1.0,2996.766,45.665
2206,rebounding,1,802,471,7094,58.62,sam2,0.0,0.0,0.0
2207,rebounding,1,801,471,7104,58.71,sam2,1.0,2996.766,45.665
2208,rebounding,1,802,471,6995,57.81,sam2,1.0,2996.766,45.665
2209,rebounding,1,804,471,6869,56.76,sam2,2.0,5993.533,91.33
2210,rebounding,1,803,471,6953,57.46,sam2,1.0,2996.766,45.665
2211,rebounding,1,804,471,6938,57.33,sam2,1.0,2996.766,45.665
2212,rebounding,1,804,471,6973,57.62,sam2,0.0,0.0,0.0
2213,rebounding,1,803,471,6880,56.85,sam2,1.0,2996.766,45.665
2214,rebounding,1,804,471,6932,57.28,sam2,1.0,2996.766,45.665
2215,rebounding,1,802,471,6985,57.72,sam2,2.0,5993.533,91.33
2216,rebounding,1,803,471,7108,58.74,sam2,1.0,2996.766,45.665
2217,rebounding,1,802,471,7078,58.49,sam2,1.0,2996.766,45.665
2218,rebounding,1,803,471,6885,56.9,sam2,1.0,2996.766,45.665
2219,rebounding,1,801,471,6859,56.68,sam2,2.0,5993.533,91.33
2220,rebounding,1,805,471,7033,58.12,sam2,4.0,11987.066,182.66
2221,rebounding,1,801,471,6968,57.58,sam2,4.0,11987.066,182.66
2222,rebounding,1,804,471,6981,57.69,sam2,3.0,8990.299,136.995
2223,rebounding,1,802,471,6950,57.43,sam2,2.0,5993.533,91.33
2224,rebounding,1,804,471,6863,56.71,sam2,2.0,5993.533,91.33
2225,rebounding,1,803,471,7080,58.51,sam2,1.0,2996.766,45.665
2226,rebounding,1,803,471,7054,58.29,sam2,0.0,0.0,0.0
2227,rebounding,1,803,471,7050,58.26,sam2,0.0,0.0,0.0
2228,rebounding,1,804,471,7037,58.15,sam2,1.0,2996.766,45.665
2229,rebounding,1,802,471,7084,58.54,sam2,2.0,5993.533,91.33
2230,rebounding,1,801,471,7159,59.16,sam2,1.0,2996.766,45.665
2231,rebounding,1,802,471,7096,58.64,sam2,1.0,2996.766,45.665
2232,rebounding,1,803,471,7056,58.31,sam2,1.0,2996.766,45.665
2233,rebounding,1,802,471,7072,58.44,sam2,1.0,2996.766,45.665
2234,rebounding,1,803,471,7052,58.28,sam2,1.0,2996.766,45.665
2235,rebounding,1,804,471,7046,58.23,sam2,1.0,2996.766,45.665
2236,rebounding,1,804,471,7193,59.44,sam2,0.0,0.0,0.0
2237,rebounding,1,803,471,7081,58.52,sam2,1.0,2996.766,45.665
2238,rebounding,1,803,471,6848,56.59,sam2,0.0,0.0,0.0
2239,rebounding,1,803,471,7057,58.32,sam2,0.0,0.0,0.0
2240,rebounding,1,804,471,6908,57.09,sam2,1.0,2996.766,45.665
2241,rebounding,1,804,471,6980,57.68,sam2,0.0,0.0,0.0
2242,rebounding,1,804,471,7111,58.76,sam2,0.0,0.0,0.0
2243,rebounding,1,805,471,6991,57.77,sam2,1.0,2996.766,45.665
2244,rebounding,1,802,471,7007,57.9,sam2,3.0,8990.299,136.995
2245,rebounding,1,802,471,7073,58.45,sam2,0.0,0.0,0.0
2246,rebounding,1,802,471,7090,58.59,sam2,0.0,0.0,0.0
2247,rebounding,1,801,471,7110,58.76,sam2,1.0,2996.766,45.665
2248,rebounding,1,802,471,7056,58.31,sam2,1.0,2996.766,45.665
2249,rebounding,1,802,471,7027,58.07,sam2,0.0,0.0,0.0
2250,rebounding,1,802,471,7085,58.55,sam2,0.0,0.0,0.0
2251,rebounding,1,802,471,7065,58.38,sam2,0.0,0.0,0.0
2252,rebounding,1,804,471,7013,57.95,sam2,2.0,5993.533,91.33
2253,rebounding,1,803,471,6910,57.1,sam2,1.0,2996.766,45.665
2254,rebounding,1,803,471,6904,57.05,sam2,0.0,0.0,0.0
2255,rebounding,1,802,471,6980,57.68,sam2,1.0,2996.766,45.665
2256,rebounding,1,802,471,6796,56.16,sam2,0.0,0.0,0.0
2257,rebounding,1,803,471,6937,57.33,sam2,1.0,2996.766,45.665
2258,rebounding,1,804,471,7093,58.61,sam2,1.0,2996.766,45.665
2259,rebounding,1,803,471,7103,58.7,sam2,1.0,2996.766,45.665
2260,rebounding,1,803,471,7110,58.76,sam2,0.0,0.0,0.0
2261,rebounding,1,802,471,7182,59.35,sam2,1.0,2996.766,45.665
2262,rebounding,1,802,471,7023,58.04,sam2,0.0,0.0,0.0
2263,rebounding,1,801,471,6982,57.7,sam2,1.0,2996.766,45.665
2264,rebounding,1,803,471,6996,57.81,sam2,2.0,5993.533,91.33
2265,rebounding,1,802,471,7048,58.24,sam2,1.0,2996.766,45.665
2266,rebounding,1,803,471,6893,56.96,sam2,1.0,2996.766,45.665
2267,rebounding,1,801,471,6925,57.23,sam2,2.0,5993.533,91.33
2268,rebounding,1,802,471,7125,58.88,sam2,1.0,2996.766,45.665
2269,rebounding,1,803,471,6985,57.72,sam2,1.0,2996.766,45.665
2270,rebounding,1,804,471,7054,58.29,sam2,1.0,2996.766,45.665
2271,rebounding,1,805,471,7076,58.47,sam2,1.0,2996.766,45.665
2272,rebounding,1,804,471,7052,58.28,sam2,1.0,2996.766,45.665
2273,rebounding,1,803,471,6990,57.76,sam2,1.0,2996.766,45.665
2274,rebounding,1,802,471,7110,58.76,sam2,1.0,2996.766,45.665
2275,rebounding,1,803,471,6979,57.67,sam2,1.0,2996.766,45.665
2276,rebounding,1,803,471,7092,58.61,sam2,0.0,0.0,0.0
2277,rebounding,1,802,471,7099,58.66,sam2,1.0,2996.766,45.665
2278,rebounding,1,803,471,7019,58.0,sam2,1.0,2996.766,45.665
2279,rebounding,1,802,471,7028,58.08,sam2,1.0,2996.766,45.665
2280,rebounding,1,804,471,6951,57.44,sam2,2.0,5993.533,91.33
2281,rebounding,1,803,471,6894,56.97,sam2,1.0,2996.766,45.665
2282,rebounding,1,802,471,6994,57.8,sam2,1.0,2996.766,45.665
2283,rebounding,1,802,471,6873,56.8,sam2,0.0,0.0,0.0
2284,rebounding,1,802,471,6949,57.43,sam2,0.0,0.0,0.0
2285,rebounding,1,803,471,6992,57.78,sam2,1.0,2996.766,45.665
2286,rebounding,1,803,471,7118,58.82,sam2,0.0,0.0,0.0
2287,rebounding,1,802,471,7066,58.39,sam2,1.0,2996.766,45.665
2288,rebounding,1,802,471,6999,57.84,sam2,0.0,0.0,0.0
2289,rebounding,1,802,471,7034,58.13,sam2,0.0,0.0,0.0
2290,rebounding,1,801,471,7084,58.54,sam2,1.0,2996.766,45.665
2291,rebounding,1,802,471,7106,58.72,sam2,1.0,2996.766,45.665
2292,rebounding,1,803,471,7017,57.99,sam2,1.0,2996.766,45.665
2293,rebounding,1,802,471,7035,58.14,sam2,1.0,2996.766,45.665
2294,rebounding,1,802,471,6966,57.57,sam2,0.0,0.0,0.0
2295,rebounding,1,800,471,7069,58.42,sam2,2.0,5993.533,91.33
2296,rebounding,1,802,471,7239,59.82,sam2,2.0,5993.533,91.33
2297,rebounding,1,803,471,7061,58.35,sam2,1.0,2996.766,45.665
2298,rebounding,1,802,471,7124,58.87,sam2,1.0,2996.766,45.665
2299,rebounding,1,803,471,7119,58.83,sam2,1.0,2996.766,45.665
2300,rebounding,1,801,471,7011,57.94,sam2,2.0,5993.533,91.33
2301,rebounding,1,801,471,6983,57.71,sam2,0.0,0.0,0.0
2302,rebounding,1,803,471,6810,56.28,sam2,2.0,5993.533,91.33
2303,rebounding,1,802,471,6850,56.61,sam2,1.0,2996.766,45.665
2304,rebounding,1,802,471,6970,57.6,sam2,0.0,0.0,0.0
2305,rebounding,1,802,471,7084,58.54,sam2,0.0,0.0,0.0
2306,rebounding,1,802,471,6973,57.62,sam2,0.0,0.0,0.0
2307,rebounding,1,802,471,6826,56.41,sam2,0.0,0.0,0.0
2308,rebounding,1,804,471,7012,57.95,sam2,2.0,5993.533,91.33
2309,rebounding,1,804,471,6895,56.98,sam2,0.0,0.0,0.0
2310,rebounding,1,802,471,7049,58.25,sam2,2.0,5993.533,91.33
2311,rebounding,1,802,471,7122,58.85,sam2,0.0,0.0,0.0
2312,rebounding,1,801,471,7115,58.8,sam2,1.0,2996.766,45.665
2313,rebounding,1,801,471,7054,58.29,sam2,0.0,0.0,0.0
2314,rebounding,1,802,471,6932,57.28,sam2,1.0,2996.766,45.665
2315,rebounding,1,802,471,7038,58.16,sam2,0.0,0.0,0.0
2316,rebounding,1,801,471,7083,58.53,sam2,1.0,2996.766,45.665
2317,rebounding,1,801,471,6907,57.08,sam2,0.0,0.0,0.0
2318,rebounding,1,802,471,7021,58.02,sam2,1.0,2996.766,45.665
2319,rebounding,1,803,471,6915,57.14,sam2,1.0,2996.766,45.665
2320,rebounding,1,803,471,6934,57.3,sam2,0.0,0.0,0.0
2321,rebounding,1,802,471,6840,56.52,sam2,1.0,2996.766,45.665
2322,rebounding,1,802,471,6915,57.14,sam2,0.0,0.0,0.0
2323,rebounding,1,801,471,7067,58.4,sam2,1.0,2996.766,45.665
2324,rebounding,1,802,471,7105,58.71,sam2,1.0,2996.766,45.665
2325,rebounding,1,800,471,7006,57.9,sam2,2.0,5993.533,91.33
2326,rebounding,1,801,471,7012,57.95,sam2,1.0,2996.766,45.665
2327,rebounding,1,801,471,7024,58.04,sam2,0.0,0.0,0.0
2328,rebounding,1,801,471,7081,58.52,sam2,0.0,0.0,0.0
2329,rebounding,1,801,471,6947,57.41,sam2,0.0,0.0,0.0
2330,rebounding,1,801,471,7028,58.08,sam2,0.0,0.0,0.0
2331,rebounding,1,803,471,7085,58.55,sam2,2.0,5993.533,91.33
2332,rebounding,1,802,471,7026,58.06,sam2,1.0,2996.766,45.665
2333,rebounding,1,802,471,6996,57.81,sam2,0.0,0.0,0.0
2334,rebounding,1,802,471,7032,58.11,sam2,0.0,0.0,0.0
2335,rebounding,1,801,471,6870,56.77,sam2,1.0,2996.766,45.665
2336,rebounding,1,802,471,6942,57.37,sam2,1.0,2996.766,45.665
2337,rebounding,1,803,471,7136,58.97,sam2,1.0,2996.766,45.665
2338,rebounding,1,803,471,6985,57.72,sam2,0.0,0.0,0.0
2339,rebounding,1,801,471,7030,58.09,sam2,2.0,5993.533,91.33
2340,rebounding,1,802,471,6866,56.74,sam2,1.0,2996.766,45.665
2341,rebounding,1,801,471,6780,56.03,sam2,1.0,2996.766,45.665
2342,rebounding,1,802,471,6777,56.0,sam2,1.0,2996.766,45.665
2343,rebounding,1,802,471,6730,55.62,sam2,0.0,0.0,0.0
2344,rebounding,1,802,471,6932,57.28,sam2,0.0,0.0,0.0
2345,rebounding,1,802,471,6908,57.09,sam2,0.0,0.0,0.0
2346,rebounding,1,802,471,6907,57.08,sam2,0.0,0.0,0.0
2347,rebounding,1,801,471,6983,57.71,sam2,1.0,2996.766,45.665
2348,rebounding,1,803,471,7078,58.49,sam2,2.0,5993.533,91.33
2349,rebounding,1,801,471,6932,57.28,sam2,2.0,5993.533,91.33
2350,rebounding,1,802,471,6955,57.47,sam2,1.0,2996.766,45.665
2351,rebounding,1,803,471,7077,58.48,sam2,1.0,2996.766,45.665
2352,rebounding,1,801,471,7000,57.85,sam2,2.0,5993.533,91.33
2353,rebounding,1,802,471,6910,57.1,sam2,1.0,2996.766,45.665
2354,rebounding,1,802,471,6884,56.89,sam2,0.0,0.0,0.0
2355,rebounding,1,803,471,6833,56.47,sam2,1.0,2996.766,45.665
2356,rebounding,1,803,471,6919,57.18,sam2,0.0,0.0,0.0
2357,rebounding,1,803,471,6913,57.13,sam2,0.0,0.0,0.0
2358,rebounding,1,803,471,6987,57.74,sam2,0.0,0.0,0.0
2359,rebounding,1,803,471,6849,56.6,sam2,0.0,0.0,0.0
2360,rebounding,1,804,471,6933,57.29,sam2,1.0,2996.766,45.665
2361,rebounding,1,804,471,6849,56.6,sam2,0.0,0.0,0.0
2362,rebounding,1,802,471,6883,56.88,sam2,2.0,5993.533,91.33
2363,rebounding,1,802,471,6959,57.51,sam2,0.0,0.0,0.0
2364,rebounding,1,802,471,6915,57.14,sam2,0.0,0.0,0.0
2365,rebounding,1,800,471,6766,55.91,sam2,2.0,5993.533,91.33
2366,rebounding,1,801,471,6908,57.09,sam2,1.0,2996.766,45.665
2367,rebounding,1,802,471,6942,57.37,sam2,1.0,2996.766,45.665
2368,rebounding,1,803,471,7055,58.3,sam2,1.0,2996.766,45.665
2369,rebounding,1,803,471,7194,59.45,sam2,0.0,0.0,0.0
2370,rebounding,1,801,471,7190,59.42,sam2,2.0,5993.533,91.33
2371,rebounding,1,802,471,6906,57.07,sam2,1.0,2996.766,45.665
2372,rebounding,1,803,471,6987,57.74,sam2,1.0,2996.766,45.665
2373,rebounding,1,803,471,7134,58.95,sam2,0.0,0.0,0.0
2374,rebounding,1,803,471,7204,59.53,sam2,0.0,0.0,0.0
2375,rebounding,1,802,471,7045,58.22,sam2,1.0,2996.766,45.665
2376,rebounding,1,803,471,7203,59.52,sam2,1.0,2996.766,45.665
2377,rebounding,1,803,471,7071,58.43,sam2,0.0,0.0,0.0
2378,rebounding,1,803,471,7033,58.12,sam2,0.0,0.0,0.0
2379,rebounding,1,802,471,7082,58.52,sam2,1.0,2996.766,45.665
2380,rebounding,1,803,471,6980,57.68,sam2,1.0,2996.766,45.665
2381,rebounding,1,803,471,6927,57.24,sam2,0.0,0.0,0.0
2382,rebounding,1,804,471,7270,60.08,sam2,1.0,2996.766,45.665
2383,rebounding,1,802,471,7157,59.14,sam2,2.0,5993.533,91.33
2384,rebounding,1,803,471,7010,57.93,sam2,1.0,2996.766,45.665
2385,rebounding,1,802,471,7018,58.0,sam2,1.0,2996.766,45.665
2386,rebounding,1,802,471,7052,58.28,sam2,0.0,0.0,0.0
2387,rebounding,1,804,471,7088,58.57,sam2,2.0,5993.533,91.33
2388,rebounding,1,804,471,7085,58.55,sam2,0.0,0.0,0.0
2389,rebounding,1,802,471,7054,58.29,sam2,2.0,5993.533,91.33
2390,rebounding,1,803,471,6908,57.09,sam2,1.0,2996.766,45.665
2391,rebounding,1,804,471,7024,58.04,sam2,1.0,2996.766,45.665
2392,rebounding,1,802,471,6983,57.71,sam2,2.0,5993.533,91.33
2393,rebounding,1,803,471,7033,58.12,sam2,1.0,2996.766,45.665
2394,rebounding,1,803,471,6917,57.16,sam2,0.0,0.0,0.0
2395,rebounding,1,800,471,6893,56.96,sam2,3.0,8990.299,136.995
2396,rebounding,1,801,471,6997,57.82,sam2,1.0,2996.766,45.665
2397,rebounding,1,800,471,7009,57.92,sam2,1.0,2996.766,45.665
2398,rebounding,1,800,471,6947,57.41,sam2,0.0,0.0,0.0
2399,rebounding,1,800,471,6883,56.88,sam2,0.0,0.0,0.0
2400,rebounding,1,802,471,7127,58.9,sam2,2.0,5993.533,91.33
2401,rebounding,1,802,471,6954,57.47,sam2,0.0,0.0,0.0
2402,rebounding,1,803,471,7166,59.22,sam2,1.0,2996.766,45.665
2403,rebounding,1,801,471,6953,57.46,sam2,2.0,5993.533,91.33
2404,rebounding,1,801,471,7006,57.9,sam2,0.0,0.0,0.0
2405,rebounding,1,801,471,6998,57.83,sam2,0.0,0.0,0.0
2406,rebounding,1,802,471,6993,57.79,sam2,1.0,2996.766,45.665
2407,rebounding,1,802,471,7106,58.72,sam2,0.0,0.0,0.0
2408,rebounding,1,800,471,7011,57.94,sam2,2.0,5993.533,91.33
2409,rebounding,1,802,471,6895,56.98,sam2,2.0,5993.533,91.33
2410,rebounding,1,803,471,6971,57.61,sam2,1.0,2996.766,45.665
2411,rebounding,1,803,471,6782,56.04,sam2,0.0,0.0,0.0
2412,rebounding,1,802,471,6882,56.87,sam2,1.0,2996.766,45.665
2413,rebounding,1,802,471,6875,56.81,sam2,0.0,0.0,0.0
2414,rebounding,1,803,471,6919,57.18,sam2,1.0,2996.766,45.665
2415,rebounding,1,802,471,6883,56.88,sam2,1.0,2996.766,45.665
2416,rebounding,1,803,471,6959,57.51,sam2,1.0,2996.766,45.665
2417,rebounding,1,801,471,6875,56.81,sam2,2.0,5993.533,91.33
2418,rebounding,1,802,471,6995,57.81,sam2,1.0,2996.766,45.665
2419,rebounding,1,800,471,6814,56.31,sam2,2.0,5993.533,91.33
2420,rebounding,1,802,471,7088,58.57,sam2,2.0,5993.533,91.33
2421,rebounding,1,802,471,7070,58.42,sam2,0.0,0.0,0.0
2422,rebounding,1,802,471,6971,57.61,sam2,0.0,0.0,0.0
2423,rebounding,1,801,471,6998,57.83,sam2,1.0,2996.766,45.665
2424,rebounding,1,802,471,7070,58.42,sam2,1.0,2996.766,45.665
2425,rebounding,1,802,471,7149,59.08,sam2,0.0,0.0,0.0
2426,rebounding,1,802,471,6968,57.58,sam2,0.0,0.0,0.0
2427,rebounding,1,802,471,6995,57.81,sam2,0.0,0.0,0.0
2428,rebounding,1,802,471,7051,58.27,sam2,0.0,0.0,0.0
2429,rebounding,1,801,471,6920,57.19,sam2,1.0,2996.766,45.665
2430,rebounding,1,803,471,7044,58.21,sam2,2.0,5993.533,91.33
2431,rebounding,1,801,471,7118,58.82,sam2,2.0,5993.533,91.33
2432,rebounding,1,801,471,7062,58.36,sam2,0.0,0.0,0.0
2433,rebounding,1,800,471,6912,57.12,sam2,1.0,2996.766,45.665
2434,rebounding,1,801,471,6947,57.41,sam2,1.0,2996.766,45.665
2435,rebounding,1,803,471,7010,57.93,sam2,2.0,5993.533,91.33
2436,rebounding,1,803,471,7095,58.63,sam2,0.0,0.0,0.0
2437,rebounding,1,800,471,6927,57.24,sam2,3.0,8990.299,136.995
2438,rebounding,1,803,471,7009,57.92,sam2,3.0,8990.299,136.995
2439,rebounding,1,802,471,7201,59.51,sam2,1.0,2996.766,45.665
2440,rebounding,1,802,471,6994,57.8,sam2,0.0,0.0,0.0
2441,rebounding,1,802,471,7056,58.31,sam2,0.0,0.0,0.0
2442,rebounding,1,801,471,6948,57.42,sam2,1.0,2996.766,45.665
2443,rebounding,1,801,471,6980,57.68,sam2,0.0,0.0,0.0
2444,rebounding,1,802,471,6889,56.93,sam2,1.0,2996.766,45.665
2445,rebounding,1,801,471,7024,58.04,sam2,1.0,2996.766,45.665
2446,rebounding,1,801,471,7035,58.14,sam2,0.0,0.0,0.0
2447,rebounding,1,802,471,7073,58.45,sam2,1.0,2996.766,45.665
2448,rebounding,1,801,471,7050,58.26,sam2,1.0,2996.766,45.665
2449,rebounding,1,802,471,7067,58.4,sam2,1.0,2996.766,45.665
2450,rebounding,1,801,471,6983,57.71,sam2,1.0,2996.766,45.665
2451,rebounding,1,801,471,6895,56.98,sam2,0.0,0.0,0.0
2452,rebounding,1,801,471,7034,58.13,sam2,0.0,0.0,0.0
2453,rebounding,1,801,471,6883,56.88,sam2,0.0,0.0,0.0
2454,rebounding,1,802,471,6915,57.14,sam2,1.0,2996.766,45.665
2455,rebounding,1,802,471,7008,57.91,sam2,0.0,0.0,0.0
2456,rebounding,1,803,471,7047,58.23,sam2,1.0,2996.766,45.665
2457,rebounding,1,804,471,6934,57.3,sam2,1.0,2996.766,45.665
2458,rebounding,1,802,471,6910,57.1,sam2,2.0,5993.533,91.33
2459,rebounding,1,804,471,7159,59.16,sam2,2.0,5993.533,91.33
2460,rebounding,1,803,471,7207,59.56,sam2,1.0,2996.766,45.665
2461,rebounding,1,803,471,7158,59.15,sam2,0.0,0.0,0.0
2462,rebounding,1,802,471,7032,58.11,sam2,1.0,2996.766,45.665
2463,rebounding,1,802,471,7064,58.38,sam2,0.0,0.0,0.0
2464,rebounding,1,803,471,6999,57.84,sam2,1.0,2996.766,45.665
2465,rebounding,1,801,471,6912,57.12,sam2,2.0,5993.533,91.33
2466,rebounding,1,801,471,7015,57.97,sam2,0.0,0.0,0.0
2467,rebounding,1,800,471,7067,58.4,sam2,1.0,2996.766,45.665
2468,rebounding,1,801,471,7008,57.91,sam2,1.0,2996.766,45.665
2469,rebounding,1,800,471,7153,59.11,sam2,1.0,2996.766,45.665
2470,rebounding,1,801,471,7188,59.4,sam2,1.0,2996.766,45.665
2471,rebounding,1,802,471,7165,59.21,sam2,1.0,2996.766,45.665
2472,rebounding,1,801,471,7051,58.27,sam2,1.0,2996.766,45.665
2473,rebounding,1,801,471,7123,58.86,sam2,0.0,0.0,0.0
2474,rebounding,1,801,471,7091,58.6,sam2,0.0,0.0,0.0
2475,rebounding,1,801,471,7103,58.7,sam2,0.0,0.0,0.0
2476,rebounding,1,801,471,7252,59.93,sam2,0.0,0.0,0.0
2477,rebounding,1,802,471,7132,58.94,sam2,1.0,2996.766,45.665
2478,rebounding,1,801,471,7179,59.33,sam2,1.0,2996.766,45.665
2479,rebounding,1,799,471,6934,57.3,sam2,2.0,5993.533,91.33
2480,rebounding,1,802,471,6877,56.83,sam2,3.0,8990.299,136.995
2481,rebounding,1,802,471,6983,57.71,sam2,0.0,0.0,0.0
2482,rebounding,1,801,471,6982,57.7,sam2,1.0,2996.766,45.665
2483,rebounding,1,801,471,6961,57.52,sam2,0.0,0.0,0.0
2484,rebounding,1,802,471,6858,56.67,sam2,1.0,2996.766,45.665
2485,rebounding,1,803,471,6839,56.52,sam2,1.0,2996.766,45.665
2486,rebounding,1,801,471,6882,56.87,sam2,2.0,5993.533,91.33
2487,rebounding,1,802,471,6897,57.0,sam2,1.0,2996.766,45.665
2488,rebounding,1,802,471,6904,57.05,sam2,0.0,0.0,0.0
2489,rebounding,1,802,471,6992,57.78,sam2,0.0,0.0,0.0
2490,rebounding,1,802,471,7114,58.79,sam2,0.0,0.0,0.0
2491,rebounding,1,800,471,6977,57.66,sam2,2.0,5993.533,91.33
2492,rebounding,1,801,471,6918,57.17,sam2,1.0,2996.766,45.665
2493,rebounding,1,803,471,6952,57.45,sam2,2.0,5993.533,91.33
2494,rebounding,1,801,471,6993,57.79,sam2,2.0,5993.533,91.33
2495,rebounding,1,800,471,7174,59.28,sam2,1.0,2996.766,45.665
2496,rebounding,1,801,471,7099,58.66,sam2,1.0,2996.766,45.665
2497,rebounding,1,801,471,7010,57.93,sam2,0.0,0.0,0.0
2498,rebounding,1,801,471,7006,57.9,sam2,0.0,0.0,0.0
2499,rebounding,1,804,471,7126,58.89,sam2,3.0,8990.299,136.995
2500,rebounding,1,805,471,6913,57.13,sam2,1.0,2996.766,45.665
2501,rebounding,1,803,471,6980,57.68,sam2,2.0,5993.533,91.33
2502,rebounding,1,801,471,7021,58.02,sam2,2.0,5993.533,91.33
2503,rebounding,1,802,471,7003,57.87,sam2,1.0,2996.766,45.665
2504,rebounding,1,803,471,7111,58.76,sam2,1.0,2996.766,45.665
2505,rebounding,1,803,471,7010,57.93,sam2,0.0,0.0,0.0
2506,rebounding,1,800,471,6928,57.25,sam2,3.0,8990.299,136.995
2507,rebounding,1,803,471,6985,57.72,sam2,3.0,8990.299,136.995
2508,rebounding,1,803,471,7054,58.29,sam2,0.0,0.0,0.0
2509,rebounding,1,800,471,7097,58.65,sam2,3.0,8990.299,136.995
2510,rebounding,1,800,471,7002,57.86,sam2,0.0,0.0,0.0
2511,rebounding,1,801,471,7134,58.95,sam2,1.0,2996.766,45.665
2512,rebounding,1,802,471,7106,58.72,sam2,1.0,2996.766,45.665
2513,rebounding,1,802,471,7079,58.5,sam2,0.0,0.0,0.0
2514,rebounding,1,802,471,6955,57.47,sam2,0.0,0.0,0.0
2515,rebounding,1,803,471,6947,57.41,sam2,1.0,2996.766,45.665
2516,rebounding,1,801,471,7005,57.89,sam2,2.0,5993.533,91.33
2517,rebounding,1,802,471,6829,56.43,sam2,1.0,2996.766,45.665
2518,rebounding,1,802,471,6868,56.76,sam2,0.0,0.0,0.0
2519,rebounding,1,801,471,6873,56.8,sam2,1.0,2996.766,45.665
2520,rebounding,1,802,471,7007,57.9,sam2,1.0,2996.766,45.665
2521,rebounding,1,801,471,7020,58.01,sam2,1.0,2996.766,45.665
2522,rebounding,1,801,471,7080,58.51,sam2,0.0,0.0,0.0
2523,rebounding,1,801,471,7215,59.62,sam2,0.0,0.0,0.0
2524,rebounding,1,802,471,7060,58.34,sam2,1.0,2996.766,45.665
2525,rebounding,1,803,471,6888,56.92,sam2,1.0,2996.766,45.665
2526,rebounding,1,802,471,6945,57.39,sam2,1.0,2996.766,45.665
2527,rebounding,1,800,471,6995,57.81,sam2,2.0,5993.533,91.33
2528,rebounding,1,800,471,7037,58.15,sam2,0.0,0.0,0.0
2529,rebounding,1,801,471,7071,58.43,sam2,1.0,2996.766,45.665
2530,rebounding,1,801,471,7164,59.2,sam2,0.0,0.0,0.0
2531,rebounding,1,802,471,7044,58.21,sam2,1.0,2996.766,45.665
2532,rebounding,1,801,471,6945,57.39,sam2,1.0,2996.766,45.665
2533,rebounding,1,800,471,7041,58.19,sam2,1.0,2996.766,45.665
2534,rebounding,1,800,471,7057,58.32,sam2,0.0,0.0,0.0
2535,rebounding,1,799,471,7151,59.09,sam2,1.0,2996.766,45.665
2536,rebounding,1,800,471,7041,58.19,sam2,1.0,2996.766,45.665
2537,rebounding,1,803,471,7058,58.33,sam2,3.0,8990.299,136.995
2538,rebounding,1,802,471,7108,58.74,sam2,1.0,2996.766,45.665
2539,rebounding,1,803,471,6909,57.09,sam2,1.0,2996.766,45.665
2540,rebounding,1,803,471,7022,58.03,sam2,0.0,0.0,0.0
2541,rebounding,1,801,471,6872,56.79,sam2,2.0,5993.533,91.33
2542,rebounding,1,802,471,7064,58.38,sam2,1.0,2996.766,45.665
2543,rebounding,1,802,471,7002,57.86,sam2,0.0,0.0,0.0
2544,rebounding,1,801,471,7116,58.81,sam2,1.0,2996.766,45.665
2545,rebounding,1,802,471,6895,56.98,sam2,1.0,2996.766,45.665
2546,rebounding,1,801,471,7097,58.65,sam2,1.0,2996.766,45.665
2547,rebounding,1,801,471,6838,56.51,sam2,0.0,0.0,0.0
2548,rebounding,1,801,471,6930,57.27,sam2,0.0,0.0,0.0
2549,rebounding,1,801,471,6954,57.47,sam2,0.0,0.0,0.0
2550,rebounding,1,800,471,7099,58.66,sam2,1.0,2996.766,45.665
2551,rebounding,1,800,471,6933,57.29,sam2,0.0,0.0,0.0
2552,rebounding,1,801,471,6889,56.93,sam2,1.0,2996.766,45.665
2553,rebounding,1,802,471,6903,57.04,sam2,1.0,2996.766,45.665
2554,rebounding,1,800,471,7050,58.26,sam2,2.0,5993.533,91.33
2555,rebounding,1,802,471,7008,57.91,sam2,2.0,5993.533,91.33
2556,rebounding,1,801,471,6919,57.18,sam2,1.0,2996.766,45.665
2557,rebounding,1,800,471,7036,58.14,sam2,1.0,2996.766,45.665
2558,rebounding,1,800,471,7107,58.73,sam2,0.0,0.0,0.0
2559,rebounding,1,801,471,7128,58.9,sam2,1.0,2996.766,45.665
2560,rebounding,1,801,471,6989,57.76,sam2,0.0,0.0,0.0
2561,rebounding,1,799,471,6972,57.62,sam2,2.0,5993.533,91.33
2562,rebounding,1,800,471,7153,59.11,sam2,1.0,2996.766,45.665
2563,rebounding,1,801,471,7096,58.64,sam2,1.0,2996.766,45.665
2564,rebounding,1,801,471,7165,59.21,sam2,0.0,0.0,0.0
2565,rebounding,1,800,471,7026,58.06,sam2,1.0,2996.766,45.665
2566,rebounding,1,800,471,7016,57.98,sam2,0.0,0.0,0.0
2567,rebounding,1,801,471,6991,57.77,sam2,1.0,2996.766,45.665
2568,rebounding,1,802,471,6898,57.0,sam2,1.0,2996.766,45.665
2569,rebounding,1,803,471,7093,58.61,sam2,1.0,2996.766,45.665
2570,rebounding,1,804,471,6957,57.49,sam2,1.0,2996.766,45.665
2571,rebounding,1,801,471,6867,56.75,sam2,3.0,8990.299,136.995
2572,rebounding,1,803,471,7039,58.17,sam2,2.0,5993.533,91.33
2573,rebounding,1,801,471,6979,57.67,sam2,2.0,5993.533,91.33
2574,rebounding,1,800,471,7003,57.87,sam2,1.0,2996.766,45.665
2575,rebounding,1,801,471,6934,57.3,sam2,1.0,2996.766,45.665
2576,rebounding,1,803,471,6970,57.6,sam2,2.0,5993.533,91.33
2577,rebounding,1,805,471,7070,58.42,sam2,2.0,5993.533,91.33
2578,rebounding,1,803,471,6906,57.07,sam2,2.0,5993.533,91.33
2579,rebounding,1,802,471,7116,58.81,sam2,1.0,2996.766,45.665
2580,rebounding,1,802,471,7097,58.65,sam2,0.0,0.0,0.0
2581,rebounding,1,804,471,7003,57.87,sam2,2.0,5993.533,91.33
2582,rebounding,1,802,471,7171,59.26,sam2,2.0,5993.533,91.33
2583,rebounding,1,803,471,6965,57.56,sam2,1.0,2996.766,45.665
2584,rebounding,1,802,471,7006,57.9,sam2,1.0,2996.766,45.665
2585,rebounding,1,804,471,7013,57.95,sam2,2.0,5993.533,91.33
2586,rebounding,1,803,471,7019,58.0,sam2,1.0,2996.766,45.665
2587,rebounding,1,802,471,6954,57.47,sam2,1.0,2996.766,45.665
2588,rebounding,1,802,471,6911,57.11,sam2,0.0,0.0,0.0
2589,rebounding,1,802,471,6912,57.12,sam2,0.0,0.0,0.0
2590,rebounding,1,803,471,6910,57.1,sam2,1.0,2996.766,45.665
2591,rebounding,1,802,471,7012,57.95,sam2,1.0,2996.766,45.665
2592,rebounding,1,802,471,6957,57.49,sam2,0.0,0.0,0.0
2593,rebounding,1,801,471,7030,58.09,sam2,1.0,2996.766,45.665
2594,rebounding,1,801,471,6962,57.53,sam2,0.0,0.0,0.0
2595,rebounding,1,801,471,6920,57.19,sam2,0.0,0.0,0.0
2596,rebounding,1,801,471,7034,58.13,sam2,0.0,0.0,0.0
2597,rebounding,1,802,471,6780,56.03,sam2,1.0,2996.766,45.665
2598,rebounding,1,802,471,6864,56.72,sam2,0.0,0.0,0.0
2599,rebounding,1,800,471,6821,56.37,sam2,2.0,5993.533,91.33
2600,rebounding,1,801,471,6814,56.31,sam2,1.0,2996.766,45.665
2601,rebounding,1,802,471,6920,57.19,sam2,1.0,2996.766,45.665
2602,rebounding,1,802,471,6954,57.47,sam2,0.0,0.0,0.0
2603,rebounding,1,802,471,7008,57.91,sam2,0.0,0.0,0.0
2604,rebounding,1,802,471,6815,56.32,sam2,0.0,0.0,0.0
2605,rebounding,1,802,471,7022,58.03,sam2,0.0,0.0,0.0
2606,rebounding,1,802,471,7003,57.87,sam2,0.0,0.0,0.0
2607,rebounding,1,803,471,7193,59.44,sam2,1.0,2996.766,45.665
2608,rebounding,1,804,471,6928,57.25,sam2,1.0,2996.766,45.665
2609,rebounding,1,805,471,7044,58.21,sam2,1.0,2996.766,45.665
2610,rebounding,1,802,471,7089,58.58,sam2,3.0,8990.299,136.995
2611,rebounding,1,802,471,7030,58.09,sam2,0.0,0.0,0.0
2612,rebounding,1,802,471,7090,58.59,sam2,0.0,0.0,0.0
2613,rebounding,1,802,471,6984,57.71,sam2,0.0,0.0,0.0
2614,rebounding,1,803,471,6939,57.34,sam2,1.0,2996.766,45.665
2615,rebounding,1,804,471,6961,57.52,sam2,1.0,2996.766,45.665
2616,rebounding,1,803,471,6930,57.27,sam2,1.0,2996.766,45.665
2617,rebounding,1,802,471,6994,57.8,sam2,1.0,2996.766,45.665
2618,rebounding,1,802,471,6981,57.69,sam2,0.0,0.0,0.0
2619,rebounding,1,801,471,6832,56.46,sam2,1.0,2996.766,45.665
2620,rebounding,1,802,471,7000,57.85,sam2,1.0,2996.766,45.665
2621,rebounding,1,800,471,6973,57.62,sam2,2.0,5993.533,91.33
2622,rebounding,1,803,471,6933,57.29,sam2,3.0,8990.299,136.995
2623,rebounding,1,803,471,7052,58.28,sam2,0.0,0.0,0.0
2624,rebounding,1,802,471,6804,56.23,sam2,1.0,2996.766,45.665
2625,rebounding,1,803,471,6976,57.65,sam2,1.0,2996.766,45.665
2626,rebounding,1,803,471,6929,57.26,sam2,0.0,0.0,0.0
2627,rebounding,1,803,471,7038,58.16,sam2,0.0,0.0,0.0
2628,rebounding,1,803,471,6939,57.34,sam2,0.0,0.0,0.0
2629,rebounding,1,803,471,6961,57.52,sam2,0.0,0.0,0.0
2630,rebounding,1,801,471,6800,56.19,sam2,2.0,5993.533,91.33
2631,rebounding,1,802,471,6998,57.83,sam2,1.0,2996.766,45.665
2632,rebounding,1,799,471,6944,57.38,sam2,3.0,8990.299,136.995
2633,rebounding,1,802,471,7072,58.44,sam2,3.0,8990.299,136.995
2634,rebounding,1,802,471,7015,57.97,sam2,0.0,0.0,0.0
2635,rebounding,1,801,471,7100,58.67,sam2,1.0,2996.766,45.665
2636,rebounding,1,803,471,6887,56.91,sam2,2.0,5993.533,91.33
2637,rebounding,1,803,471,6990,57.76,sam2,0.0,0.0,0.0
2638,rebounding,1,804,471,6819,56.35,sam2,1.0,2996.766,45.665
2639,rebounding,1,802,471,6928,57.25,sam2,2.0,5993.533,91.33
2640,rebounding,1,803,471,7101,58.68,sam2,1.0,2996.766,45.665
2641,rebounding,1,803,471,7192,59.43,sam2,0.0,0.0,0.0
2642,rebounding,1,803,471,7095,58.63,sam2,0.0,0.0,0.0
2643,rebounding,1,804,471,7140,59.0,sam2,1.0,2996.766,45.665
2644,rebounding,1,801,471,7006,57.9,sam2,3.0,8990.299,136.995
2645,rebounding,1,801,471,6942,57.37,sam2,0.0,0.0,0.0
2646,rebounding,1,801,471,6977,57.66,sam2,0.0,0.0,0.0
2647,rebounding,1,801,471,6920,57.19,sam2,0.0,0.0,0.0
2648,rebounding,1,801,471,6867,56.75,sam2,0.0,0.0,0.0
2649,rebounding,1,802,471,7033,58.12,sam2,1.0,2996.766,45.665
2650,rebounding,1,801,471,6858,56.67,sam2,1.0,2996.766,45.665
2651,rebounding,1,802,471,7093,58.61,sam2,1.0,2996.766,45.665
2652,rebounding,1,802,471,6961,57.52,sam2,0.0,0.0,0.0
2653,rebounding,1,803,471,6864,56.72,sam2,1.0,2996.766,45.665
2654,rebounding,1,804,471,6878,56.84,sam2,1.0,2996.766,45.665
2655,rebounding,1,804,471,6968,57.58,sam2,0.0,0.0,0.0
2656,rebounding,1,804,471,7073,58.45,sam2,0.0,0.0,0.0
2657,rebounding,1,802,471,7042,58.19,sam2,2.0,5993.533,91.33
2658,rebounding,1,802,471,7056,58.31,sam2,0.0,0.0,0.0
2659,rebounding,1,804,471,7023,58.04,sam2,2.0,5993.533,91.33
2660,rebounding,1,802,471,7071,58.43,sam2,2.0,5993.533,91.33
2661,rebounding,1,802,471,6858,56.67,sam2,0.0,0.0,0.0
2662,rebounding,1,802,471,6984,57.71,sam2,0.0,0.0,0.0
2663,rebounding,1,803,471,6925,57.23,sam2,1.0,2996.766,45.665
2664,rebounding,1,802,471,6810,56.28,sam2,1.0,2996.766,45.665
2665,rebounding,1,803,471,6897,57.0,sam2,1.0,2996.766,45.665
2666,rebounding,1,803,471,6960,57.52,sam2,0.0,0.0,0.0
2667,rebounding,1,803,471,6999,57.84,sam2,0.0,0.0,0.0
2668,rebounding,1,802,471,6965,57.56,sam2,1.0,2996.766,45.665
2669,rebounding,1,805,471,7019,58.0,sam2,3.0,8990.299,136.995
2670,rebounding,1,805,471,7205,59.54,sam2,0.0,0.0,0.0
2671,rebounding,1,804,471,6995,57.81,sam2,1.0,2996.766,45.665
2672,rebounding,1,804,471,7071,58.43,sam2,0.0,0.0,0.0
2673,rebounding,1,803,471,7024,58.04,sam2,1.0,2996.766,45.665
2674,rebounding,1,803,471,6947,57.41,sam2,0.0,0.0,0.0
2675,rebounding,1,803,471,6840,56.52,sam2,0.0,0.0,0.0
2676,rebounding,1,802,471,6998,57.83,sam2,1.0,2996.766,45.665
2677,rebounding,1,801,471,6888,56.92,sam2,1.0,2996.766,45.665
2678,rebounding,1,802,471,6925,57.23,sam2,1.0,2996.766,45.665
2679,rebounding,1,803,471,6956,57.48,sam2,1.0,2996.766,45.665
2680,rebounding,1,803,471,6953,57.46,sam2,0.0,0.0,0.0
2681,rebounding,1,802,471,6923,57.21,sam2,1.0,2996.766,45.665
2682,rebounding,1,802,471,6986,57.73,sam2,0.0,0.0,0.0
2683,rebounding,1,802,471,6993,57.79,sam2,0.0,0.0,0.0
2684,rebounding,1,803,471,7055,58.3,sam2,1.0,2996.766,45.665
2685,rebounding,1,802,471,6994,57.8,sam2,1.0,2996.766,45.665
2686,rebounding,1,801,471,6945,57.39,sam2,1.0,2996.766,45.665
2687,rebounding,1,802,471,6980,57.68,sam2,1.0,2996.766,45.665
2688,rebounding,1,803,471,7071,58.43,sam2,1.0,2996.766,45.665
2689,rebounding,1,800,471,6854,56.64,sam2,3.0,8990.299,136.995
2690,rebounding,1,802,471,6906,57.07,sam2,2.0,5993.533,91.33
2691,rebounding,1,802,471,6933,57.29,sam2,0.0,0.0,0.0
2692,rebounding,1,801,471,7115,58.8,sam2,1.0,2996.766,45.665
2693,rebounding,1,801,471,7118,58.82,sam2,0.0,0.0,0.0
2694,rebounding,1,803,471,7060,58.34,sam2,2.0,5993.533,91.33
2695,rebounding,1,802,471,7092,58.61,sam2,1.0,2996.766,45.665
2696,rebounding,1,802,471,7034,58.13,sam2,0.0,0.0,0.0
2697,rebounding,1,801,471,6993,57.79,sam2,1.0,2996.766,45.665
2698,rebounding,1,804,471,6947,57.41,sam2,3.0,8990.299,136.995
2699,rebounding,1,804,471,7033,58.12,sam2,0.0,0.0,0.0
2700,rebounding,1,803,471,6985,57.72,sam2,1.0,2996.766,45.665
2701,rebounding,1,803,471,6969,57.59,sam2,0.0,0.0,0.0
2702,rebounding,1,803,471,7059,58.33,sam2,0.0,0.0,0.0
2703,rebounding,1,803,471,6903,57.04,sam2,0.0,0.0,0.0
2704,rebounding,1,804,471,7155,59.13,sam2,1.0,2996.766,45.665
2705,rebounding,1,803,471,7039,58.17,sam2,1.0,2996.766,45.665
2706,rebounding,1,802,471,6962,57.53,sam2,1.0,2996.766,45.665
2707,rebounding,1,804,471,6968,57.58,sam2,2.0,5993.533,91.33
2708,rebounding,1,803,471,6979,57.67,sam2,1.0,2996.766,45.665
2709,rebounding,1,803,471,6920,57.19,sam2,0.0,0.0,0.0
2710,rebounding,1,803,471,6968,57.58,sam2,0.0,0.0,0.0
2711,rebounding,1,802,471,6914,57.14,sam2,1.0,2996.766,45.665
2712,rebounding,1,802,471,7007,57.9,sam2,0.0,0.0,0.0
2713,rebounding,1,802,471,6959,57.51,sam2,0.0,0.0,0.0
2714,rebounding,1,802,471,7146,59.05,sam2,0.0,0.0,0.0
2715,rebounding,1,802,471,7019,58.0,sam2,0.0,0.0,0.0
2716,rebounding,1,803,471,6906,57.07,sam2,1.0,2996.766,45.665
2717,rebounding,1,803,471,7008,57.91,sam2,0.0,0.0,0.0
2718,rebounding,1,803,471,6893,56.96,sam2,0.0,0.0,0.0
2719,rebounding,1,804,471,7034,58.13,sam2,1.0,2996.766,45.665
2720,rebounding,1,803,471,7066,58.39,sam2,1.0,2996.766,45.665
2721,rebounding,1,803,471,7084,58.54,sam2,0.0,0.0,0.0
2722,rebounding,1,802,471,7098,58.66,sam2,1.0,2996.766,45.665
2723,rebounding,1,802,471,7046,58.23,sam2,0.0,0.0,0.0
2724,rebounding,1,803,471,7033,58.12,sam2,1.0,2996.766,45.665
2725,rebounding,1,803,471,7110,58.76,sam2,0.0,0.0,0.0
2726,rebounding,1,802,471,7150,59.09,sam2,1.0,2996.766,45.665
2727,rebounding,1,802,471,7054,58.29,sam2,0.0,0.0,0.0
2728,rebounding,1,804,471,6942,57.37,sam2,2.0,5993.533,91.33
2729,rebounding,1,803,471,7006,57.9,sam2,1.0,2996.766,45.665
2730,rebounding,1,802,471,7134,58.95,sam2,1.0,2996.766,45.665
2731,rebounding,1,803,471,6862,56.71,sam2,1.0,2996.766,45.665
2732,rebounding,1,803,471,6894,56.97,sam2,0.0,0.0,0.0
2733,rebounding,1,801,471,6984,57.71,sam2,2.0,5993.533,91.33
2734,rebounding,1,803,471,6998,57.83,sam2,2.0,5993.533,91.33
2735,rebounding,1,803,471,7016,57.98,sam2,0.0,0.0,0.0
2736,rebounding,1,804,471,6913,57.13,sam2,1.0,2996.766,45.665
2737,rebounding,1,800,471,7042,58.19,sam2,4.0,11987.066,182.66
2738,rebounding,1,803,471,7027,58.07,sam2,3.0,8990.299,136.995
2739,rebounding,1,802,471,7038,58.16,sam2,1.0,2996.766,45.665
2740,rebounding,1,803,471,6937,57.33,sam2,1.0,2996.766,45.665
2741,rebounding,1,802,471,6961,57.52,sam2,1.0,2996.766,45.665
2742,rebounding,1,802,471,7125,58.88,sam2,0.0,0.0,0.0
2743,rebounding,1,803,471,7037,58.15,sam2,1.0,2996.766,45.665
2744,rebounding,1,801,471,6895,56.98,sam2,2.0,5993.533,91.33
2745,rebounding,1,802,471,7114,58.79,sam2,1.0,2996.766,45.665
2746,rebounding,1,801,471,7063,58.37,sam2,1.0,2996.766,45.665
2747,rebounding,1,802,471,7089,58.58,sam2,1.0,2996.766,45.665
2748,rebounding,1,801,471,6860,56.69,sam2,1.0,2996.766,45.665
2749,rebounding,1,801,471,6937,57.33,sam2,0.0,0.0,0.0
2750,rebounding,1,800,471,6908,57.09,sam2,1.0,2996.766,45.665
2751,rebounding,1,802,471,6914,57.14,sam2,2.0,5993.533,91.33
2752,rebounding,1,801,471,7053,58.28,sam2,1.0,2996.766,45.665
2753,rebounding,1,802,471,7120,58.84,sam2,1.0,2996.766,45.665
2754,rebounding,1,801,471,7019,58.0,sam2,1.0,2996.766,45.665
2755,rebounding,1,802,471,7138,58.99,sam2,1.0,2996.766,45.665
2756,rebounding,1,803,471,7094,58.62,sam2,1.0,2996.766,45.665
2757,rebounding,1,802,471,7220,59.66,sam2,1.0,2996.766,45.665
2758,rebounding,1,801,471,6910,57.1,sam2,1.0,2996.766,45.665
2759,rebounding,1,802,471,6996,57.81,sam2,1.0,2996.766,45.665
2760,rebounding,1,803,471,7139,59.0,sam2,1.0,2996.766,45.665
2761,rebounding,1,803,471,6938,57.33,sam2,0.0,0.0,0.0
2762,rebounding,1,803,471,7134,58.95,sam2,0.0,0.0,0.0
2763,rebounding,1,802,471,6967,57.57,sam2,1.0,2996.766,45.665
2764,rebounding,1,803,471,7035,58.14,sam2,1.0,2996.766,45.665
2765,rebounding,1,804,471,7064,58.38,sam2,1.0,2996.766,45.665
2766,rebounding,1,802,471,7172,59.27,sam2,2.0,5993.533,91.33
2767,rebounding,1,802,471,7123,58.86,sam2,0.0,0.0,0.0
2768,rebounding,1,802,471,7000,57.85,sam2,0.0,0.0,0.0
2769,rebounding,1,803,471,6932,57.28,sam2,1.0,2996.766,45.665
2770,rebounding,1,802,471,7036,58.14,sam2,1.0,2996.766,45.665
2771,rebounding,1,803,471,6928,57.25,sam2,1.0,2996.766,45.665
2772,rebounding,1,801,471,6940,57.35,sam2,2.0,5993.533,91.33
2773,rebounding,1,803,471,7002,57.86,sam2,2.0,5993.533,91.33
2774,rebounding,1,802,471,6866,56.74,sam2,1.0,2996.766,45.665
2775,rebounding,1,802,471,6812,56.29,sam2,0.0,0.0,0.0
2776,rebounding,1,801,471,6808,56.26,sam2,1.0,2996.766,45.665
2777,rebounding,1,800,471,6987,57.74,sam2,1.0,2996.766,45.665
2778,rebounding,1,803,471,7118,58.82,sam2,3.0,8990.299,136.995
2779,rebounding,1,803,471,7096,58.64,sam2,0.0,0.0,0.0
2780,rebounding,1,804,471,6980,57.68,sam2,1.0,2996.766,45.665
2781,rebounding,1,804,471,6910,57.1,sam2,0.0,0.0,0.0
2782,rebounding,1,804,471,7093,58.61,sam2,0.0,0.0,0.0
2783,rebounding,1,804,471,6873,56.8,sam2,0.0,0.0,0.0
2784,rebounding,1,804,471,6899,57.01,sam2,0.0,0.0,0.0
2785,rebounding,1,805,471,6930,57.27,sam2,1.0,2996.766,45.665
2786,rebounding,1,802,471,6890,56.94,sam2,3.0,8990.299,136.995
2787,rebounding,1,804,471,7003,57.87,sam2,2.0,5993.533,91.33
2788,rebounding,1,803,471,7064,58.38,sam2,1.0,2996.766,45.665
2789,rebounding,1,803,471,6946,57.4,sam2,0.0,0.0,0.0
2790,rebounding,1,802,471,6762,55.88,sam2,1.0,2996.766,45.665
2791,rebounding,1,802,471,6957,57.49,sam2,0.0,0.0,0.0
2792,rebounding,1,801,471,6925,57.23,sam2,1.0,2996.766,45.665
2793,rebounding,1,803,471,6973,57.62,sam2,2.0,5993.533,91.33
2794,rebounding,1,800,471,6919,57.18,sam2,3.0,8990.299,136.995
2795,rebounding,1,804,471,6951,57.44,sam2,4.0,11987.066,182.66
2796,rebounding,1,802,471,7007,57.9,sam2,2.0,5993.533,91.33
2797,rebounding,1,803,471,7133,58.95,sam2,1.0,2996.766,45.665
2798,rebounding,1,801,471,6821,56.37,sam2,2.0,5993.533,91.33
2799,rebounding,1,802,471,6939,57.34,sam2,1.0,2996.766,45.665
2800,rebounding,1,802,471,7032,58.11,sam2,0.0,0.0,0.0
2801,rebounding,1,801,471,7012,57.95,sam2,1.0,2996.766,45.665
2802,rebounding,1,802,471,6995,57.81,sam2,1.0,2996.766,45.665
2803,rebounding,1,803,471,6964,57.55,sam2,1.0,2996.766,45.665
2804,rebounding,1,805,471,6908,57.09,sam2,2.0,5993.533,91.33
2805,rebounding,1,802,471,7097,58.65,sam2,3.0,8990.299,136.995
2806,rebounding,1,803,471,6915,57.14,sam2,1.0,2996.766,45.665
2807,rebounding,1,804,471,6845,56.57,sam2,1.0,2996.766,45.665
2808,rebounding,1,803,471,6794,56.14,sam2,1.0,2996.766,45.665
2809,rebounding,1,803,471,6935,57.31,sam2,0.0,0.0,0.0
2810,rebounding,1,803,471,6961,57.52,sam2,0.0,0.0,0.0
2811,rebounding,1,803,471,7025,58.05,sam2,0.0,0.0,0.0
2812,rebounding,1,805,471,7013,57.95,sam2,2.0,5993.533,91.33
2813,rebounding,1,802,471,7037,58.15,sam2,3.0,8990.299,136.995
2814,rebounding,1,804,471,6887,56.91,sam2,2.0,5993.533,91.33
2815,rebounding,1,804,471,6988,57.75,sam2,0.0,0.0,0.0
2816,rebounding,1,802,471,6994,57.8,sam2,2.0,5993.533,91.33
2817,rebounding,1,802,471,7070,58.42,sam2,0.0,0.0,0.0
2818,rebounding,1,801,471,6945,57.39,sam2,1.0,2996.766,45.665
2819,rebounding,1,802,471,6896,56.99,sam2,1.0,2996.766,45.665
2820,rebounding,1,802,471,6886,56.9,sam2,0.0,0.0,0.0
2821,rebounding,1,801,471,6743,55.72,sam2,1.0,2996.766,45.665
2822,rebounding,1,801,471,6861,56.7,sam2,0.0,0.0,0.0
2823,rebounding,1,802,471,6919,57.18,sam2,1.0,2996.766,45.665
2824,rebounding,1,802,471,6812,56.29,sam2,0.0,0.0,0.0
2825,rebounding,1,801,471,6848,56.59,sam2,1.0,2996.766,45.665
2826,rebounding,1,802,471,6969,57.59,sam2,1.0,2996.766,45.665
2827,rebounding,1,800,471,6873,56.8,sam2,2.0,5993.533,91.33
2828,rebounding,1,802,471,6961,57.52,sam2,2.0,5993.533,91.33
2829,rebounding,1,801,471,6890,56.94,sam2,1.0,2996.766,45.665
2830,rebounding,1,802,471,7019,58.0,sam2,1.0,2996.766,45.665
2831,rebounding,1,802,471,7056,58.31,sam2,0.0,0.0,0.0
2832,rebounding,1,802,471,7008,57.91,sam2,0.0,0.0,0.0
2833,rebounding,1,804,471,6830,56.44,sam2,2.0,5993.533,91.33
2834,rebounding,1,804,471,6966,57.57,sam2,0.0,0.0,0.0
2835,rebounding,1,804,471,7113,58.78,sam2,0.0,0.0,0.0
2836,rebounding,1,803,471,7058,58.33,sam2,1.0,2996.766,45.665
2837,rebounding,1,803,471,6921,57.19,sam2,0.0,0.0,0.0
2838,rebounding,1,802,471,6925,57.23,sam2,1.0,2996.766,45.665
2839,rebounding,1,803,471,6966,57.57,sam2,1.0,2996.766,45.665
2840,rebounding,1,801,471,6915,57.14,sam2,2.0,5993.533,91.33
2841,rebounding,1,802,471,6860,56.69,sam2,1.0,2996.766,45.665
2842,rebounding,1,802,471,6917,57.16,sam2,0.0,0.0,0.0
2843,rebounding,1,802,471,6885,56.9,sam2,0.0,0.0,0.0
2844,rebounding,1,802,471,6956,57.48,sam2,0.0,0.0,0.0
2845,rebounding,1,802,471,6865,56.73,sam2,0.0,0.0,0.0
2846,rebounding,1,803,471,6974,57.63,sam2,1.0,2996.766,45.665
2847,rebounding,1,802,471,6907,57.08,sam2,1.0,2996.766,45.665
2848,rebounding,1,802,471,7100,58.67,sam2,0.0,0.0,0.0
2849,rebounding,1,802,471,7062,58.36,sam2,0.0,0.0,0.0
2850,rebounding,1,804,471,6991,57.77,sam2,2.0,5993.533,91.33
2851,rebounding,1,803,471,7072,58.44,sam2,1.0,2996.766,45.665
2852,rebounding,1,803,471,6914,57.14,sam2,0.0,0.0,0.0
2853,rebounding,1,802,471,7081,58.52,sam2,1.0,2996.766,45.665
2854,rebounding,1,803,471,7032,58.11,sam2,1.0,2996.766,45.665
2855,rebounding,1,802,471,6892,56.95,sam2,1.0,2996.766,45.665
2856,rebounding,1,802,471,6950,57.43,sam2,0.0,0.0,0.0
2857,rebounding,1,802,471,6907,57.08,sam2,0.0,0.0,0.0
2858,rebounding,1,802,471,6890,56.94,sam2,0.0,0.0,0.0
2859,rebounding,1,801,471,7007,57.9,sam2,1.0,2996.766,45.665
2860,rebounding,1,803,471,6953,57.46,sam2,2.0,5993.533,91.33
2861,rebounding,1,804,471,7017,57.99,sam2,1.0,2996.766,45.665
2862,rebounding,1,804,471,6892,56.95,sam2,0.0,0.0,0.0
2863,rebounding,1,803,471,6960,57.52,sam2,1.0,2996.766,45.665
2864,rebounding,1,802,471,7121,58.85,sam2,1.0,2996.766,45.665
2865,rebounding,1,801,471,6927,57.24,sam2,1.0,2996.766,45.665
2866,rebounding,1,801,471,6889,56.93,sam2,0.0,0.0,0.0
2867,rebounding,1,803,471,6927,57.24,sam2,2.0,5993.533,91.33
2868,rebounding,1,802,471,7122,58.85,sam2,1.0,2996.766,45.665
2869,rebounding,1,802,471,7064,58.38,sam2,0.0,0.0,0.0
2870,rebounding,1,801,471,6913,57.13,sam2,1.0,2996.766,45.665
2871,rebounding,1,803,471,6916,57.15,sam2,2.0,5993.533,91.33
2872,rebounding,1,801,471,6740,55.7,sam2,2.0,5993.533,91.33
2873,rebounding,1,801,471,6876,56.82,sam2,0.0,0.0,0.0
2874,rebounding,1,802,471,6961,57.52,sam2,1.0,2996.766,45.665
2875,rebounding,1,803,471,6986,57.73,sam2,1.0,2996.766,45.665
2876,rebounding,1,803,471,6899,57.01,sam2,0.0,0.0,0.0
2877,rebounding,1,803,471,6951,57.44,sam2,0.0,0.0,0.0
2878,rebounding,1,804,471,6798,56.18,sam2,1.0,2996.766,45.665
2879,rebounding,1,802,471,6782,56.04,sam2,2.0,5993.533,91.33
2880,rebounding,1,803,471,6889,56.93,sam2,1.0,2996.766,45.665
2881,rebounding,1,801,471,6870,56.77,sam2,2.0,5993.533,91.33
2882,rebounding,1,802,471,7010,57.93,sam2,1.0,2996.766,45.665
2883,rebounding,1,801,471,6792,56.13,sam2,1.0,2996.766,45.665
2884,rebounding,1,801,471,6874,56.81,sam2,0.0,0.0,0.0
2885,rebounding,1,801,471,6931,57.28,sam2,0.0,0.0,0.0
2886,rebounding,1,801,471,6789,56.1,sam2,0.0,0.0,0.0
2887,rebounding,1,800,471,6770,55.95,sam2,1.0,2996.766,45.665
2888,rebounding,1,802,471,6911,57.11,sam2,2.0,5993.533,91.33
2889,rebounding,1,801,471,6846,56.57,sam2,1.0,2996.766,45.665
2890,rebounding,1,801,471,6933,57.29,sam2,0.0,0.0,0.0
2891,rebounding,1,804,471,7095,58.63,sam2,3.0,8990.299,136.995
2892,rebounding,1,802,471,6957,57.49,sam2,2.0,5993.533,91.33
2893,rebounding,1,801,471,6990,57.76,sam2,1.0,2996.766,45.665
2894,rebounding,1,802,471,6925,57.23,sam2,1.0,2996.766,45.665
2895,rebounding,1,803,471,6949,57.43,sam2,1.0,2996.766,45.665
2896,rebounding,1,803,471,6861,56.7,sam2,0.0,0.0,0.0
2897,rebounding,1,802,471,7025,58.05,sam2,1.0,2996.766,45.665
2898,rebounding,1,804,471,7055,58.3,sam2,2.0,5993.533,91.33
2899,rebounding,1,803,471,7077,58.48,sam2,1.0,2996.766,45.665
2900,rebounding,1,803,471,6968,57.58,sam2,0.0,0.0,0.0
2901,rebounding,1,803,471,6959,57.51,sam2,0.0,0.0,0.0
2902,rebounding,1,804,471,6841,56.53,sam2,1.0,2996.766,45.665
2903,rebounding,1,804,471,7094,58.62,sam2,0.0,0.0,0.0
2904,rebounding,1,802,471,7173,59.28,sam2,2.0,5993.533,91.33
2905,rebounding,1,804,471,7070,58.42,sam2,2.0,5993.533,91.33
2906,rebounding,1,803,471,7037,58.15,sam2,1.0,2996.766,45.665
2907,rebounding,1,803,471,6968,57.58,sam2,0.0,0.0,0.0
2908,rebounding,1,802,471,7028,58.08,sam2,1.0,2996.766,45.665
2909,rebounding,1,803,471,6972,57.62,sam2,1.0,2996.766,45.665
2910,rebounding,1,800,471,6851,56.62,sam2,3.0,8990.299,136.995
2911,rebounding,1,804,471,6929,57.26,sam2,4.0,11987.066,182.66
2912,rebounding,1,802,471,6794,56.14,sam2,2.0,5993.533,91.33
2913,rebounding,1,803,471,7040,58.18,sam2,1.0,2996.766,45.665
2914,rebounding,1,804,471,7031,58.1,sam2,1.0,2996.766,45.665
2915,rebounding,1,803,471,7098,58.66,sam2,1.0,2996.766,45.665
2916,rebounding,1,804,471,7002,57.86,sam2,1.0,2996.766,45.665
2917,rebounding,1,803,471,7092,58.61,sam2,1.0,2996.766,45.665
2918,rebounding,1,802,471,7132,58.94,sam2,1.0,2996.766,45.665
2919,rebounding,1,804,471,7214,59.61,sam2,2.0,5993.533,91.33
2920,rebounding,1,802,471,7199,59.49,sam2,2.0,5993.533,91.33
2921,rebounding,1,803,471,7225,59.71,sam2,1.0,2996.766,45.665
2922,rebounding,1,802,471,7132,58.94,sam2,1.0,2996.766,45.665
2923,rebounding,1,802,471,7073,58.45,sam2,0.0,0.0,0.0
2924,rebounding,1,802,471,7067,58.4,sam2,0.0,0.0,0.0
2925,rebounding,1,801,471,7147,59.06,sam2,1.0,2996.766,45.665
2926,rebounding,1,802,471,6917,57.16,sam2,1.0,2996.766,45.665
2927,rebounding,1,802,471,7014,57.96,sam2,0.0,0.0,0.0
2928,rebounding,1,801,471,7049,58.25,sam2,1.0,2996.766,45.665
2929,rebounding,1,803,471,6952,57.45,sam2,2.0,5993.533,91.33
2930,rebounding,1,801,471,6818,56.34,sam2,2.0,5993.533,91.33
2931,rebounding,1,802,471,7014,57.96,sam2,1.0,2996.766,45.665
2932,rebounding,1,801,471,7034,58.13,sam2,1.0,2996.766,45.665
2933,rebounding,1,801,471,7184,59.37,sam2,0.0,0.0,0.0
2934,rebounding,1,804,471,6932,57.28,sam2,3.0,8990.299,136.995
2935,rebounding,1,802,471,7039,58.17,sam2,2.0,5993.533,91.33
2936,rebounding,1,802,471,7079,58.5,sam2,0.0,0.0,0.0
2937,rebounding,1,801,471,7002,57.86,sam2,1.0,2996.766,45.665
2938,rebounding,1,801,471,7204,59.53,sam2,0.0,0.0,0.0
2939,rebounding,1,802,471,7160,59.17,sam2,1.0,2996.766,45.665
2940,rebounding,1,803,471,6952,57.45,sam2,1.0,2996.766,45.665
2941,rebounding,1,802,471,7145,59.04,sam2,1.0,2996.766,45.665
2942,rebounding,1,803,471,7163,59.19,sam2,1.0,2996.766,45.665
2943,rebounding,1,803,471,7117,58.81,sam2,0.0,0.0,0.0
2944,rebounding,1,804,471,6980,57.68,sam2,1.0,2996.766,45.665
2945,rebounding,1,802,471,7260,60.0,sam2,2.0,5993.533,91.33
2946,rebounding,1,802,471,7061,58.35,sam2,0.0,0.0,0.0
2947,rebounding,1,802,471,7114,58.79,sam2,0.0,0.0,0.0
2948,rebounding,1,803,471,7177,59.31,sam2,1.0,2996.766,45.665
2949,rebounding,1,802,471,7039,58.17,sam2,1.0,2996.766,45.665
2950,rebounding,1,802,471,7082,58.52,sam2,0.0,0.0,0.0
2951,rebounding,1,802,471,6991,57.77,sam2,0.0,0.0,0.0
2952,rebounding,1,802,471,6880,56.85,sam2,0.0,0.0,0.0
2953,rebounding,1,801,471,6944,57.38,sam2,1.0,2996.766,45.665
2954,rebounding,1,802,471,6932,57.28,sam2,1.0,2996.766,45.665
2955,rebounding,1,802,471,6962,57.53,sam2,0.0,0.0,0.0
2956,rebounding,1,802,471,7039,58.17,sam2,0.0,0.0,0.0
2957,rebounding,1,802,471,7148,59.07,sam2,0.0,0.0,0.0
2958,rebounding,1,801,471,7009,57.92,sam2,1.0,2996.766,45.665
2959,rebounding,1,802,471,6875,56.81,sam2,1.0,2996.766,45.665
2960,rebounding,1,803,471,6905,57.06,sam2,1.0,2996.766,45.665
2961,rebounding,1,802,471,6923,57.21,sam2,1.0,2996.766,45.665
2962,rebounding,1,802,471,7051,58.27,sam2,0.0,0.0,0.0
2963,rebounding,1,803,471,6938,57.33,sam2,1.0,2996.766,45.665
2964,rebounding,1,803,471,6939,57.34,sam2,0.0,0.0,0.0
2965,rebounding,1,803,471,6992,57.78,sam2,0.0,0.0,0.0
2966,rebounding,1,802,471,7026,58.06,sam2,1.0,2996.766,45.665
2967,rebounding,1,801,471,6950,57.43,sam2,1.0,2996.766,45.665
2968,rebounding,1,800,471,6988,57.75,sam2,1.0,2996.766,45.665
2969,rebounding,1,801,471,6905,57.06,sam2,1.0,2996.766,45.665
2970,rebounding,1,802,471,6930,57.27,sam2,1.0,2996.766,45.665
2971,rebounding,1,802,471,6898,57.0,sam2,0.0,0.0,0.0
2972,rebounding,1,803,471,7078,58.49,sam2,1.0,2996.766,45.665
2973,rebounding,1,801,471,7023,58.04,sam2,2.0,5993.533,91.33
2974,rebounding,1,802,471,7042,58.19,sam2,1.0,2996.766,45.665
2975,rebounding,1,801,471,7008,57.91,sam2,1.0,2996.766,45.665
2976,rebounding,1,803,471,6881,56.86,sam2,2.0,5993.533,91.33
2977,rebounding,1,800,471,6874,56.81,sam2,3.0,8990.299,136.995
2978,rebounding,1,802,471,6854,56.64,sam2,2.0,5993.533,91.33
2979,rebounding,1,802,471,6770,55.95,sam2,0.0,0.0,0.0
2980,rebounding,1,802,471,7052,58.28,sam2,0.0,0.0,0.0
2981,rebounding,1,802,471,6905,57.06,sam2,0.0,0.0,0.0
2982,rebounding,1,802,471,6823,56.38,sam2,0.0,0.0,0.0
2983,rebounding,1,801,471,7020,58.01,sam2,1.0,2996.766,45.665
2984,rebounding,1,802,471,7102,58.69,sam2,1.0,2996.766,45.665
2985,rebounding,1,802,471,6888,56.92,sam2,0.0,0.0,0.0
2986,rebounding,1,803,471,6860,56.69,sam2,1.0,2996.766,45.665
2987,rebounding,1,802,471,6967,57.57,sam2,1.0,2996.766,45.665
2988,rebounding,1,802,471,7017,57.99,sam2,0.0,0.0,0.0
2989,rebounding,1,803,471,7180,59.33,sam2,1.0,2996.766,45.665
2990,rebounding,1,805,471,6992,57.78,sam2,2.0,5993.533,91.33
2991,rebounding,1,803,471,6950,57.43,sam2,2.0,5993.533,91.33
2992,rebounding,1,804,471,6983,57.71,sam2,1.0,2996.766,45.665
2993,rebounding,1,803,471,7053,58.28,sam2,1.0,2996.766,45.665
2994,rebounding,1,803,471,7065,58.38,sam2,0.0,0.0,0.0
2995,rebounding,1,804,471,6982,57.7,sam2,1.0,2996.766,45.665
2996,rebounding,1,803,471,6838,56.51,sam2,1.0,2996.766,45.665
2997,rebounding,1,804,471,6892,56.95,sam2,1.0,2996.766,45.665
2998,rebounding,1,804,471,6954,57.47,sam2,0.0,0.0,0.0
2999,rebounding,1,805,471,7056,58.31,sam2,1.0,2996.766,45.665
3000,rebounding,1,802,471,6974,57.63,sam2,3.0,8990.299,136.995
3001,rebounding,1,803,471,6889,56.93,sam2,1.0,2996.766,45.665
3002,rebounding,1,802,471,6917,57.16,sam2,1.0,2996.766,45.665
3003,rebounding,1,803,471,6835,56.48,sam2,1.0,2996.766,45.665
3004,rebounding,1,802,471,6995,57.81,sam2,1.0,2996.766,45.665
3005,rebounding,1,802,471,6999,57.84,sam2,0.0,0.0,0.0
3006,rebounding,1,802,471,7038,58.16,sam2,0.0,0.0,0.0
3007,rebounding,1,802,471,6944,57.38,sam2,0.0,0.0,0.0
3008,rebounding,1,803,471,6947,57.41,sam2,1.0,2996.766,45.665
3009,rebounding,1,801,471,7004,57.88,sam2,2.0,5993.533,91.33
3010,rebounding,1,803,471,6922,57.2,sam2,2.0,5993.533,91.33
3011,rebounding,1,803,471,6860,56.69,sam2,0.0,0.0,0.0
3012,rebounding,1,803,471,7039,58.17,sam2,0.0,0.0,0.0
3013,rebounding,1,804,471,7042,58.19,sam2,1.0,2996.766,45.665
3014,rebounding,1,804,471,6894,56.97,sam2,0.0,0.0,0.0
3015,rebounding,1,803,471,6900,57.02,sam2,1.0,2996.766,45.665
3016,rebounding,1,803,471,6937,57.33,sam2,0.0,0.0,0.0
3017,rebounding,1,802,471,6868,56.76,sam2,1.0,2996.766,45.665
3018,rebounding,1,804,471,7029,58.09,sam2,2.0,5993.533,91.33
3019,rebounding,1,803,471,7027,58.07,sam2,1.0,2996.766,45.665
3020,rebounding,1,803,471,6957,57.49,sam2,0.0,0.0,0.0
3021,rebounding,1,803,471,6890,56.94,sam2,0.0,0.0,0.0
3022,rebounding,1,801,471,6784,56.06,sam2,2.0,5993.533,91.33
3023,rebounding,1,804,471,6840,56.52,sam2,3.0,8990.299,136.995
3024,rebounding,1,805,471,6981,57.69,sam2,1.0,2996.766,45.665
3025,rebounding,1,802,471,6971,57.61,sam2,3.0,8990.299,136.995
3026,rebounding,1,803,471,6845,56.57,sam2,1.0,2996.766,45.665
3027,rebounding,1,804,471,6918,57.17,sam2,1.0,2996.766,45.665
3028,rebounding,1,803,471,6941,57.36,sam2,1.0,2996.766,45.665
3029,rebounding,1,802,471,6999,57.84,sam2,1.0,2996.766,45.665
3030,rebounding,1,803,471,7122,58.85,sam2,1.0,2996.766,45.665
3031,rebounding,1,802,471,6868,56.76,sam2,1.0,2996.766,45.665
3032,rebounding,1,803,471,7009,57.92,sam2,1.0,2996.766,45.665
3033,rebounding,1,800,471,6934,57.3,sam2,3.0,8990.299,136.995
3034,rebounding,1,802,471,6812,56.29,sam2,2.0,5993.533,91.33
3035,rebounding,1,803,471,7042,58.19,sam2,1.0,2996.766,45.665
3036,rebounding,1,804,471,7207,59.56,sam2,1.0,2996.766,45.665
3037,rebounding,1,803,471,7023,58.04,sam2,1.0,2996.766,45.665
3038,rebounding,1,804,471,6944,57.38,sam2,1.0,2996.766,45.665
3039,rebounding,1,804,471,7020,58.01,sam2,0.0,0.0,0.0
3040,rebounding,1,804,471,6968,57.58,sam2,0.0,0.0,0.0
3041,rebounding,1,804,471,6944,57.38,sam2,0.0,0.0,0.0
3042,rebounding,1,803,471,6974,57.63,sam2,1.0,2996.766,45.665
3043,rebounding,1,802,471,6927,57.24,sam2,1.0,2996.766,45.665
3044,rebounding,1,803,471,7079,58.5,sam2,1.0,2996.766,45.665
3045,rebounding,1,803,471,7100,58.67,sam2,0.0,0.0,0.0
3046,rebounding,1,803,471,7125,58.88,sam2,0.0,0.0,0.0
3047,rebounding,1,803,471,6920,57.19,sam2,0.0,0.0,0.0
3048,rebounding,1,802,471,6997,57.82,sam2,1.0,2996.766,45.665
3049,rebounding,1,802,471,7034,58.13,sam2,0.0,0.0,0.0
3050,rebounding,1,802,471,6927,57.24,sam2,0.0,0.0,0.0
3051,rebounding,1,802,471,6938,57.33,sam2,0.0,0.0,0.0
3052,rebounding,1,803,471,6964,57.55,sam2,1.0,2996.766,45.665
3053,rebounding,1,804,471,7012,57.95,sam2,1.0,2996.766,45.665
3054,rebounding,1,801,471,6961,57.52,sam2,3.0,8990.299,136.995
3055,rebounding,1,803,471,6865,56.73,sam2,2.0,5993.533,91.33
3056,rebounding,1,803,471,6910,57.1,sam2,0.0,0.0,0.0
3057,rebounding,1,803,471,6915,57.14,sam2,0.0,0.0,0.0
3058,rebounding,1,801,471,6956,57.48,sam2,2.0,5993.533,91.33
3059,rebounding,1,800,471,6849,56.6,sam2,1.0,2996.766,45.665
3060,rebounding,1,802,471,6985,57.72,sam2,2.0,5993.533,91.33
3061,rebounding,1,803,471,6843,56.55,sam2,1.0,2996.766,45.665
3062,rebounding,1,803,471,6873,56.8,sam2,0.0,0.0,0.0
3063,rebounding,1,805,471,6961,57.52,sam2,2.0,5993.533,91.33
3064,rebounding,1,803,471,6946,57.4,sam2,2.0,5993.533,91.33
3065,rebounding,1,802,471,6937,57.33,sam2,1.0,2996.766,45.665
3066,rebounding,1,802,471,6923,57.21,sam2,0.0,0.0,0.0
3067,rebounding,1,802,471,6911,57.11,sam2,0.0,0.0,0.0
3068,rebounding,1,803,471,6955,57.47,sam2,1.0,2996.766,45.665
3069,rebounding,1,800,471,7092,58.61,sam2,3.0,8990.299,136.995
3070,rebounding,1,803,471,6778,56.01,sam2,3.0,8990.299,136.995
3071,rebounding,1,803,471,7015,57.97,sam2,0.0,0.0,0.0
3072,rebounding,1,802,471,6858,56.67,sam2,1.0,2996.766,45.665
3073,rebounding,1,802,471,6965,57.56,sam2,0.0,0.0,0.0
3074,rebounding,1,803,471,7093,58.61,sam2,1.0,2996.766,45.665
3075,rebounding,1,804,471,6839,56.52,sam2,1.0,2996.766,45.665
3076,rebounding,1,804,471,6959,57.51,sam2,0.0,0.0,0.0
3077,rebounding,1,805,471,6998,57.83,sam2,1.0,2996.766,45.665
3078,rebounding,1,804,471,6994,57.8,sam2,1.0,2996.766,45.665
3079,rebounding,1,803,471,6981,57.69,sam2,1.0,2996.766,45.665
3080,rebounding,1,804,471,6952,57.45,sam2,1.0,2996.766,45.665
3081,rebounding,1,804,471,7012,57.95,sam2,0.0,0.0,0.0
3082,rebounding,1,805,471,6928,57.25,sam2,1.0,2996.766,45.665
3083,rebounding,1,803,471,7066,58.39,sam2,2.0,5993.533,91.33
3084,rebounding,1,803,471,6910,57.1,sam2,0.0,0.0,0.0
3085,rebounding,1,802,471,7061,58.35,sam2,1.0,2996.766,45.665
3086,rebounding,1,803,471,7168,59.23,sam2,1.0,2996.766,45.665
3087,rebounding,1,804,471,7115,58.8,sam2,1.0,2996.766,45.665
3088,rebounding,1,805,471,6848,56.59,sam2,1.0,2996.766,45.665
3089,rebounding,1,803,471,7000,57.85,sam2,2.0,5993.533,91.33
3090,rebounding,1,803,471,6912,57.12,sam2,0.0,0.0,0.0
3091,rebounding,1,803,471,7166,59.22,sam2,0.0,0.0,0.0
3092,rebounding,1,804,471,6997,57.82,sam2,1.0,2996.766,45.665
3093,rebounding,1,803,471,6996,57.81,sam2,1.0,2996.766,45.665
3094,rebounding,1,802,471,6759,55.85,sam2,1.0,2996.766,45.665
3095,rebounding,1,800,471,6689,55.28,sam2,2.0,5993.533,91.33
3096,rebounding,1,800,471,6913,57.13,sam2,0.0,0.0,0.0
3097,rebounding,1,802,471,7093,58.61,sam2,2.0,5993.533,91.33
3098,rebounding,1,803,471,7174,59.28,sam2,1.0,2996.766,45.665
3099,rebounding,1,805,471,7064,58.38,sam2,2.0,5993.533,91.33
3100,rebounding,1,801,471,6998,57.83,sam2,4.0,11987.066,182.66
3101,rebounding,1,803,471,6949,57.43,sam2,2.0,5993.533,91.33
3102,rebounding,1,803,471,7012,57.95,sam2,0.0,0.0,0.0
3103,rebounding,1,802,471,6963,57.54,sam2,1.0,2996.766,45.665
3104,rebounding,1,803,471,7192,59.43,sam2,1.0,2996.766,45.665
3105,rebounding,1,802,471,7080,58.51,sam2,1.0,2996.766,45.665
3106,rebounding,1,804,471,6880,56.85,sam2,2.0,5993.533,91.33
3107,rebounding,1,804,471,6887,56.91,sam2,0.0,0.0,0.0
3108,rebounding,1,803,471,6812,56.29,sam2,1.0,2996.766,45.665
3109,rebounding,1,803,471,7058,58.33,sam2,0.0,0.0,0.0
3110,rebounding,1,803,471,7033,58.12,sam2,0.0,0.0,0.0
3111,rebounding,1,803,471,7013,57.95,sam2,0.0,0.0,0.0
3112,rebounding,1,804,471,7095,58.63,sam2,1.0,2996.766,45.665
3113,rebounding,1,804,471,7084,58.54,sam2,0.0,0.0,0.0
3114,rebounding,1,805,471,7103,58.7,sam2,1.0,2996.766,45.665
3115,rebounding,1,804,471,7176,59.3,sam2,1.0,2996.766,45.665
3116,rebounding,1,804,471,7206,59.55,sam2,0.0,0.0,0.0
3117,rebounding,1,804,471,7011,57.94,sam2,0.0,0.0,0.0
3118,rebounding,1,804,471,6927,57.24,sam2,0.0,0.0,0.0
3119,rebounding,1,802,471,7159,59.16,sam2,2.0,5993.533,91.33
3120,rebounding,1,802,471,7132,58.94,sam2,0.0,0.0,0.0
3121,rebounding,1,803,471,6787,56.09,sam2,1.0,2996.766,45.665
3122,rebounding,1,803,471,6948,57.42,sam2,0.0,0.0,0.0
3123,rebounding,1,804,471,6847,56.58,sam2,1.0,2996.766,45.665
3124,rebounding,1,804,471,7057,58.32,sam2,0.0,0.0,0.0
3125,rebounding,1,804,471,6923,57.21,sam2,0.0,0.0,0.0
3126,rebounding,1,804,471,6896,56.99,sam2,0.0,0.0,0.0
3127,rebounding,1,802,471,7071,58.43,sam2,2.0,5993.533,91.33
3128,rebounding,1,803,471,6943,57.38,sam2,1.0,2996.766,45.665
3129,rebounding,1,801,471,6903,57.04,sam2,2.0,5993.533,91.33
3130,rebounding,1,800,471,7049,58.25,sam2,1.0,2996.766,45.665
3131,rebounding,1,801,471,7054,58.29,sam2,1.0,2996.766,45.665
3132,rebounding,1,802,471,6978,57.66,sam2,1.0,2996.766,45.665
3133,rebounding,1,802,471,6948,57.42,sam2,0.0,0.0,0.0
3134,rebounding,1,801,471,6916,57.15,sam2,1.0,2996.766,45.665
3135,rebounding,1,800,471,6820,56.36,sam2,1.0,2996.766,45.665
3136,rebounding,1,803,471,6845,56.57,sam2,3.0,8990.299,136.995
3137,rebounding,1,801,471,6844,56.56,sam2,2.0,5993.533,91.33
3138,rebounding,1,803,471,6872,56.79,sam2,2.0,5993.533,91.33
3139,rebounding,1,802,471,6937,57.33,sam2,1.0,2996.766,45.665
3140,rebounding,1,802,471,7115,58.8,sam2,0.0,0.0,0.0
3141,rebounding,1,802,471,7063,58.37,sam2,0.0,0.0,0.0
3142,rebounding,1,801,471,6919,57.18,sam2,1.0,2996.766,45.665
3143,rebounding,1,801,471,6956,57.48,sam2,0.0,0.0,0.0
3144,rebounding,1,801,471,7136,58.97,sam2,0.0,0.0,0.0
3145,rebounding,1,802,471,7124,58.87,sam2,1.0,2996.766,45.665
3146,rebounding,1,803,471,7004,57.88,sam2,1.0,2996.766,45.665
3147,rebounding,1,803,471,7131,58.93,sam2,0.0,0.0,0.0
3148,rebounding,1,803,471,6915,57.14,sam2,0.0,0.0,0.0
3149,rebounding,1,801,471,7100,58.67,sam2,2.0,5993.533,91.33
3150,rebounding,1,800,471,7039,58.17,sam2,1.0,2996.766,45.665
3151,rebounding,1,802,471,7152,59.1,sam2,2.0,5993.533,91.33
3152,rebounding,1,802,471,6990,57.76,sam2,0.0,0.0,0.0
3153,rebounding,1,802,471,7068,58.41,sam2,0.0,0.0,0.0
3154,rebounding,1,802,471,7243,59.85,sam2,0.0,0.0,0.0
3155,rebounding,1,803,471,7286,60.21,sam2,1.0,2996.766,45.665
3156,rebounding,1,802,471,7255,59.95,sam2,1.0,2996.766,45.665
3157,rebounding,1,803,471,7059,58.33,sam2,1.0,2996.766,45.665
3158,rebounding,1,802,471,7132,58.94,sam2,1.0,2996.766,45.665
3159,rebounding,1,804,471,7061,58.35,sam2,2.0,5993.533,91.33
3160,rebounding,1,802,471,6885,56.9,sam2,2.0,5993.533,91.33
3161,rebounding,1,802,471,7014,57.96,sam2,0.0,0.0,0.0
3162,rebounding,1,802,471,7195,59.46,sam2,0.0,0.0,0.0
3163,rebounding,1,801,471,7030,58.09,sam2,1.0,2996.766,45.665
3164,rebounding,1,802,471,7110,58.76,sam2,1.0,2996.766,45.665
3165,rebounding,1,802,471,7085,58.55,sam2,0.0,0.0,0.0
3166,rebounding,1,803,471,7080,58.51,sam2,1.0,2996.766,45.665
3167,rebounding,1,803,471,6863,56.71,sam2,0.0,0.0,0.0
3168,rebounding,1,803,471,6927,57.24,sam2,0.0,0.0,0.0
3169,rebounding,1,802,471,6997,57.82,sam2,1.0,2996.766,45.665
3170,rebounding,1,803,471,6943,57.38,sam2,1.0,2996.766,45.665
3171,rebounding,1,801,471,6908,57.09,sam2,2.0,5993.533,91.33
3172,rebounding,1,800,471,6840,56.52,sam2,1.0,2996.766,45.665
3173,rebounding,1,803,471,6818,56.34,sam2,3.0,8990.299,136.995
3174,rebounding,1,802,471,6931,57.28,sam2,1.0,2996.766,45.665
3175,rebounding,1,804,471,6809,56.27,sam2,2.0,5993.533,91.33
3176,rebounding,1,802,471,6909,57.09,sam2,2.0,5993.533,91.33
3177,rebounding,1,802,471,6898,57.0,sam2,0.0,0.0,0.0
3178,rebounding,1,802,471,7007,57.9,sam2,0.0,0.0,0.0
3179,rebounding,1,804,471,6961,57.52,sam2,2.0,5993.533,91.33
3180,rebounding,1,803,471,6972,57.62,sam2,1.0,2996.766,45.665
3181,rebounding,1,804,471,7001,57.85,sam2,1.0,2996.766,45.665
3182,rebounding,1,803,471,6890,56.94,sam2,1.0,2996.766,45.665
3183,rebounding,1,802,471,7076,58.47,sam2,1.0,2996.766,45.665
3184,rebounding,1,803,471,6706,55.42,sam2,1.0,2996.766,45.665
3185,rebounding,1,802,471,6804,56.23,sam2,1.0,2996.766,45.665
3186,rebounding,1,802,471,6818,56.34,sam2,0.0,0.0,0.0
3187,rebounding,1,803,471,6915,57.14,sam2,1.0,2996.766,45.665
3188,rebounding,1,803,471,7035,58.14,sam2,0.0,0.0,0.0
3189,rebounding,1,803,471,6959,57.51,sam2,0.0,0.0,0.0
3190,rebounding,1,802,471,7074,58.46,sam2,1.0,2996.766,45.665
3191,rebounding,1,802,471,7130,58.92,sam2,0.0,0.0,0.0
3192,rebounding,1,803,471,7069,58.42,sam2,1.0,2996.766,45.665
3193,rebounding,1,804,471,7025,58.05,sam2,1.0,2996.766,45.665
3194,rebounding,1,804,471,7161,59.18,sam2,0.0,0.0,0.0
3195,rebounding,1,803,471,7140,59.0,sam2,1.0,2996.766,45.665
3196,rebounding,1,802,471,7103,58.7,sam2,1.0,2996.766,45.665
