frame,phase,drop_id,cx,cy,area_px,percentage,detection_method,distance_px,velocity_px_per_s,velocity_mm_s
8512,falling,1,878,84,13110,100.0,sam2,,,
8513,falling,1,,,,,null,,,
8514,falling,1,,,,,null,,,
8515,falling,1,,,,,null,,,
8516,falling,1,882,178,12830,97.86,sam2,94.085,70487.745,1074.099
8517,falling,1,,,,,null,,,
8518,falling,1,,,,,null,,,
8519,falling,1,,,,,null,,,
8520,falling,1,885,273,12681,96.73,sam2,95.047,71208.683,1085.085
8521,falling,1,,,,,null,,,
8522,falling,1,,,,,null,,,
8523,falling,1,,,,,null,,,
8524,falling,1,888,369,12995,99.12,sam2,96.047,71957.506,1096.495
8525,falling,1,,,,,null,,,
8526,falling,1,,,,,null,,,
8527,falling,1,,,,,null,,,
8528,falling,1,896,431,8229,62.77,sam2,62.514,46834.964,713.676
8529,falling,1,,,,,null,,,
8530,falling,1,,,,,null,,,
8531,falling,1,,,,,null,,,
8532,falling,1,903,437,8823,67.3,sam2,9.22,6907.205,105.253
8533,falling,1,,,,,null,,,
8534,falling,1,,,,,null,,,
8535,falling,1,,,,,null,,,
8536,falling,1,900,431,10266,78.31,sam2,6.708,5025.73,76.583
8537,falling,1,,,,,null,,,
8538,falling,1,,,,,null,,,
8539,falling,1,,,,,null,,,
8540,falling,1,899,396,13476,102.79,sam2,35.014,26232.407,399.732
8541,falling,1,,,,,null,,,
8542,falling,1,,,,,null,,,
8543,falling,1,,,,,null,,,
8544,falling,1,900,369,15706,119.8,sam2,27.019,20242.043,308.45
8545,falling,1,,,,,null,,,
8546,falling,1,,,,,null,,,
8547,falling,1,,,,,null,,,
8548,falling,1,902,348,17674,134.81,sam2,21.095,15804.215,240.826
8549,falling,1,,,,,null,,,
8550,falling,1,,,,,null,,,
8551,falling,1,,,,,null,,,
8552,falling,1,907,331,18060,137.76,sam2,17.72,13275.709,202.297
8553,falling,1,,,,,null,,,
8554,falling,1,,,,,null,,,
8555,falling,1,,,,,null,,,
8556,falling,1,910,311,16859,128.6,sam2,20.224,15151.463,230.879
8557,falling,1,,,,,null,,,
8558,falling,1,,,,,null,,,
8559,falling,1,,,,,null,,,
8560,falling,1,912,292,15909,121.35,sam2,19.105,14313.286,218.107
8561,falling,1,,,,,null,,,
8562,falling,1,,,,,null,,,
8563,falling,1,,,,,null,,,
8564,falling,1,914,274,13770,105.03,sam2,18.111,13568.437,206.757
8565,falling,1,,,,,null,,,
8566,falling,1,,,,,null,,,
8567,falling,1,,,,,null,,,
8568,falling,1,916,258,10444,79.66,sam2,16.125,12080.352,184.082
8569,falling,1,,,,,null,,,
8570,falling,1,,,,,null,,,
8571,falling,1,,,,,null,,,
8572,falling,1,920,241,10409,79.4,sam2,17.464,13084.069,199.376
8573,falling,1,,,,,null,,,
8574,falling,1,,,,,null,,,
8575,falling,1,,,,,null,,,
8576,falling,1,923,227,13050,99.54,sam2,14.318,10726.792,163.456
8577,falling,1,,,,,null,,,
8578,falling,1,,,,,null,,,
8579,falling,1,,,,,null,,,
8580,falling,1,926,212,15275,116.51,sam2,15.297,11460.428,174.635
8581,falling,1,,,,,null,,,
8582,falling,1,,,,,null,,,
8583,falling,1,,,,,null,,,
8584,falling,1,929,200,16231,123.81,sam2,12.369,9266.989,141.211
8585,falling,1,,,,,null,,,
8586,falling,1,,,,,null,,,
8587,falling,1,,,,,null,,,
8588,falling,1,932,190,15384,117.35,sam2,10.44,7821.79,119.189
8589,falling,1,,,,,null,,,
8590,falling,1,,,,,null,,,
8591,falling,1,,,,,null,,,
8592,falling,1,935,180,14209,108.38,sam2,10.44,7821.79,119.189
8593,falling,1,,,,,null,,,
8594,falling,1,,,,,null,,,
8595,falling,1,,,,,null,,,
8596,falling,1,937,169,11446,87.31,sam2,11.18,8376.217,127.638
8597,falling,1,,,,,null,,,
8598,falling,1,,,,,null,,,
8599,falling,1,,,,,null,,,
8600,falling,1,940,161,10389,79.24,sam2,8.544,6401.096,97.541
8601,falling,1,,,,,null,,,
8602,falling,1,,,,,null,,,
8603,falling,1,,,,,null,,,
8604,falling,1,942,157,11921,90.93,sam2,4.472,3350.487,51.055
8605,falling,1,,,,,null,,,
8606,falling,1,,,,,null,,,
8607,falling,1,,,,,null,,,
8608,falling,1,945,149,13607,103.79,sam2,8.544,6401.096,97.541
8609,falling,1,,,,,null,,,
8610,falling,1,,,,,null,,,
8611,falling,1,,,,,null,,,
8612,falling,1,948,143,15165,115.68,sam2,6.708,5025.73,76.583
8613,falling,1,,,,,null,,,
8614,falling,1,,,,,null,,,
8615,falling,1,,,,,null,,,
8616,falling,1,951,141,14876,113.47,sam2,3.606,2701.249,41.162
8617,falling,1,,,,,null,,,
8618,falling,1,,,,,null,,,
8619,falling,1,,,,,null,,,
8620,falling,1,954,141,13693,104.45,sam2,3.0,2247.575,34.249
8621,falling,1,,,,,null,,,
8622,falling,1,,,,,null,,,
8623,falling,1,,,,,null,,,
8624,falling,1,957,141,12064,92.02,sam2,3.0,2247.575,34.249
8625,falling,1,,,,,null,,,
8626,falling,1,,,,,null,,,
8627,falling,1,,,,,null,,,
8628,falling,1,959,140,11453,87.36,sam2,2.236,1675.243,25.528
8629,falling,1,,,,,null,,,
8630,falling,1,,,,,null,,,
8631,falling,1,,,,,null,,,
8632,falling,1,962,142,12790,97.56,sam2,3.606,2701.249,41.162
8633,falling,1,,,,,null,,,
8634,falling,1,,,,,null,,,
8635,falling,1,,,,,null,,,
8636,falling,1,964,145,13701,104.51,sam2,3.606,2701.249,41.162
8637,falling,1,,,,,null,,,
8638,falling,1,,,,,null,,,
8639,falling,1,,,,,null,,,
8640,falling,1,967,147,14415,109.95,sam2,3.606,2701.249,41.162
8641,falling,1,,,,,null,,,
8642,falling,1,,,,,null,,,
8643,falling,1,,,,,null,,,
8644,falling,1,970,152,13970,106.56,sam2,5.831,4368.5,66.568
8645,falling,1,,,,,null,,,
8646,falling,1,,,,,null,,,
8647,falling,1,,,,,null,,,
8648,falling,1,973,159,13122,100.09,sam2,7.616,5705.673,86.944
8649,falling,1,,,,,null,,,
8650,falling,1,,,,,null,,,
8651,falling,1,,,,,null,,,
8652,falling,1,975,167,12803,97.66,sam2,8.246,6177.992,94.141
8653,falling,1,,,,,null,,,
8654,falling,1,,,,,null,,,
8655,falling,1,,,,,null,,,
8656,falling,1,977,175,13143,100.25,sam2,8.246,6177.992,94.141
8657,falling,1,,,,,null,,,
8658,falling,1,,,,,null,,,
8659,falling,1,,,,,null,,,
8660,falling,1,981,184,13363,101.93,sam2,9.849,7378.682,112.437
8661,falling,1,,,,,null,,,
8662,falling,1,,,,,null,,,
8663,falling,1,,,,,null,,,
8664,falling,1,983,195,13641,104.05,sam2,11.18,8376.217,127.638
8665,falling,1,,,,,null,,,
8666,falling,1,,,,,null,,,
8667,falling,1,,,,,null,,,
8668,falling,1,985,206,13646,104.09,sam2,11.18,8376.217,127.638
8669,falling,1,,,,,null,,,
8670,falling,1,,,,,null,,,
8671,falling,1,,,,,null,,,
8672,falling,1,989,219,13122,100.09,sam2,13.601,10190.108,155.278
8673,falling,1,,,,,null,,,
8674,falling,1,,,,,null,,,
8675,falling,1,,,,,null,,,
8676,falling,1,991,234,13158,100.37,sam2,15.133,11337.326,172.759
8677,falling,1,,,,,null,,,
8678,falling,1,,,,,null,,,
8679,falling,1,,,,,null,,,
8680,falling,1,993,248,13551,103.36,sam2,14.142,10595.17,161.45
8681,falling,1,,,,,null,,,
8682,falling,1,,,,,null,,,
8683,falling,1,,,,,null,,,
8684,falling,1,995,265,13969,106.55,sam2,17.117,12824.095,195.415
8685,falling,1,,,,,null,,,
8686,falling,1,,,,,null,,,
8687,falling,1,,,,,null,,,
8688,falling,1,998,282,13219,100.83,sam2,17.263,12933.053,197.075
8689,falling,1,,,,,null,,,
8690,falling,1,,,,,null,,,
8691,falling,1,,,,,null,,,
8692,falling,1,1001,300,12893,98.34,sam2,18.248,13671.464,208.327
8693,falling,1,,,,,null,,,
8694,falling,1,,,,,null,,,
8695,falling,1,,,,,null,,,
8696,falling,1,1003,320,12928,98.61,sam2,20.1,15058.565,229.464
8697,falling,1,,,,,null,,,
8698,falling,1,,,,,null,,,
8699,falling,1,,,,,null,,,
8700,falling,1,1006,342,12869,98.16,sam2,22.204,16634.754,253.482
8701,falling,1,,,,,null,,,
8702,falling,1,,,,,null,,,
8703,falling,1,,,,,null,,,
8704,falling,1,1009,364,13413,102.31,sam2,22.204,16634.754,253.482
8705,falling,1,,,,,null,,,
8706,falling,1,,,,,null,,,
8707,falling,1,,,,,null,,,
8708,falling,1,1010,385,13764,104.99,sam2,21.024,15750.852,240.013
8709,falling,1,,,,,null,,,
8710,falling,1,,,,,null,,,
8711,falling,1,,,,,null,,,
8712,falling,1,1012,406,13116,100.05,sam2,21.095,15804.215,240.826
8713,falling,1,,,,,null,,,
8714,falling,1,,,,,null,,,
8715,falling,1,,,,,null,,,
8716,falling,1,1016,420,11420,87.11,sam2,14.56,10908.395,166.223
8717,falling,1,,,,,null,,,
8718,falling,1,,,,,null,,,
8719,falling,1,,,,,null,,,
8720,falling,1,1018,422,9828,74.97,sam2,2.828,2119.034,32.29
8721,falling,1,,,,,null,,,
8722,falling,1,,,,,null,,,
8723,falling,1,,,,,null,,,
8724,falling,1,1021,417,11637,88.76,sam2,5.831,4368.5,66.568
8725,falling,1,,,,,null,,,
8726,falling,1,,,,,null,,,
8727,falling,1,,,,,null,,,
8728,falling,1,1023,406,13372,102.0,sam2,11.18,8376.217,127.638
8729,falling,1,,,,,null,,,
8730,falling,1,,,,,null,,,
8731,falling,1,,,,,null,,,
8732,falling,1,1023,398,14544,110.94,sam2,8.0,5993.533,91.33
8733,falling,1,,,,,null,,,
8734,falling,1,,,,,null,,,
8735,falling,1,,,,,null,,,
8736,falling,1,1023,390,15050,114.8,sam2,8.0,5993.533,91.33
8737,falling,1,,,,,null,,,
8738,falling,1,,,,,null,,,
8739,falling,1,,,,,null,,,
8740,falling,1,1022,382,13983,106.66,sam2,8.062,6040.176,92.041
8741,falling,1,,,,,null,,,
8742,falling,1,,,,,null,,,
8743,falling,1,,,,,null,,,
8744,falling,1,1021,381,13365,101.95,sam2,1.414,1059.517,16.145
8745,falling,1,,,,,null,,,
8746,falling,1,,,,,null,,,
8747,falling,1,,,,,null,,,
8748,falling,1,1020,382,13115,100.04,sam2,1.414,1059.517,16.145
8749,falling,1,,,,,null,,,
8750,falling,1,,,,,null,,,
8751,falling,1,,,,,null,,,
8752,falling,1,1018,387,13027,99.37,sam2,5.385,4034.52,61.478
8753,falling,1,,,,,null,,,
8754,falling,1,,,,,null,,,
8755,falling,1,,,,,null,,,
8756,falling,1,1015,391,13327,101.66,sam2,5.0,3745.958,57.081
8757,falling,1,,,,,null,,,
8758,falling,1,,,,,null,,,
8759,falling,1,,,,,null,,,
8760,falling,1,1014,399,13412,102.3,sam2,8.062,6040.176,92.041
8761,falling,1,,,,,null,,,
8762,falling,1,,,,,null,,,
8763,falling,1,,,,,null,,,
8764,falling,1,1011,407,12572,95.9,sam2,8.544,6401.096,97.541
8765,falling,1,,,,,null,,,
8766,falling,1,,,,,null,,,
8767,falling,1,,,,,null,,,
8768,falling,1,1009,413,12186,92.95,sam2,6.325,4738.304,72.203
8769,falling,1,,,,,null,,,
8770,falling,1,,,,,null,,,
8771,falling,1,,,,,null,,,
8772,falling,1,1008,414,11866,90.51,sam2,1.414,1059.517,16.145
8773,falling,1,,,,,null,,,
8774,falling,1,,,,,null,,,
8775,falling,1,,,,,null,,,
8776,falling,1,1006,411,11867,90.52,sam2,3.606,2701.249,41.162
8777,falling,1,,,,,null,,,
8778,falling,1,,,,,null,,,
8779,falling,1,,,,,null,,,
8780,falling,1,1005,406,12448,94.95,sam2,5.099,3820.143,58.212
8781,falling,1,,,,,null,,,
8782,falling,1,,,,,null,,,
8783,falling,1,,,,,null,,,
8784,falling,1,1004,400,13244,101.02,sam2,6.083,4557.155,69.442
8785,falling,1,,,,,null,,,
8786,falling,1,,,,,null,,,
8787,falling,1,,,,,null,,,
8788,falling,1,1003,396,13423,102.39,sam2,4.123,3088.996,47.07
8789,falling,1,,,,,null,,,
8790,falling,1,,,,,null,,,
8791,falling,1,,,,,null,,,
8792,falling,1,1002,396,13519,103.12,sam2,1.0,749.192,11.416
8793,falling,1,,,,,null,,,
8794,falling,1,,,,,null,,,
8795,falling,1,,,,,null,,,
8796,falling,1,1002,398,13134,100.18,sam2,2.0,1498.383,22.833
8797,falling,1,,,,,null,,,
8798,falling,1,,,,,null,,,
8799,falling,1,,,,,null,,,
8800,falling,1,1003,401,12579,95.95,sam2,3.162,2369.152,36.101
8801,falling,1,,,,,null,,,
8802,falling,1,,,,,null,,,
8803,falling,1,,,,,null,,,
8804,falling,1,1004,406,12317,93.95,sam2,5.099,3820.143,58.212
8805,falling,1,,,,,null,,,
8806,falling,1,,,,,null,,,
8807,falling,1,,,,,null,,,
8808,falling,1,1006,410,11922,90.94,sam2,4.472,3350.487,51.055
8809,falling,1,,,,,null,,,
8810,falling,1,,,,,null,,,
8811,falling,1,,,,,null,,,
8812,falling,1,1008,412,11757,89.68,sam2,2.828,2119.034,32.29
8813,falling,1,,,,,null,,,
8814,falling,1,,,,,null,,,
8815,falling,1,,,,,null,,,
8816,falling,1,1010,411,12045,91.88,sam2,2.236,1675.243,25.528
8817,falling,1,,,,,null,,,
8818,falling,1,,,,,null,,,
8819,falling,1,,,,,null,,,
8820,falling,1,1011,408,12459,95.03,sam2,3.162,2369.152,36.101
8821,falling,1,,,,,null,,,
8822,falling,1,,,,,null,,,
8823,falling,1,,,,,null,,,
8824,falling,1,1013,404,12876,98.22,sam2,4.472,3350.487,51.055
8825,falling,1,,,,,null,,,
8826,falling,1,,,,,null,,,
8827,falling,1,,,,,null,,,
8828,falling,1,1014,402,12969,98.92,sam2,2.236,1675.243,25.528
8829,falling,1,,,,,null,,,
8830,falling,1,,,,,null,,,
8831,falling,1,,,,,null,,,
8832,falling,1,1016,401,13021,99.32,sam2,2.236,1675.243,25.528
8833,falling,1,,,,,null,,,
8834,falling,1,,,,,null,,,
8835,falling,1,,,,,null,,,
8836,falling,1,1017,402,12935,98.67,sam2,1.414,1059.517,16.145
8837,falling,1,,,,,null,,,
8838,falling,1,,,,,null,,,
8839,falling,1,,,,,null,,,
8840,falling,1,1018,404,12732,97.12,sam2,2.236,1675.243,25.528
8841,falling,1,,,,,null,,,
8842,falling,1,,,,,null,,,
8843,falling,1,,,,,null,,,
8844,falling,1,1019,408,12497,95.32,sam2,4.123,3088.996,47.07
8845,falling,1,,,,,null,,,
8846,falling,1,,,,,null,,,
8847,falling,1,,,,,null,,,
8848,falling,1,1020,410,12226,93.26,sam2,2.236,1675.243,25.528
8849,falling,1,,,,,null,,,
8850,falling,1,,,,,null,,,
8851,falling,1,,,,,null,,,
8852,falling,1,1020,410,11721,89.41,sam2,0.0,0.0,0.0
8853,falling,1,,,,,null,,,
8854,falling,1,,,,,null,,,
8855,falling,1,,,,,null,,,
8856,falling,1,1020,410,12174,92.86,sam2,0.0,0.0,0.0
8857,falling,1,,,,,null,,,
8858,falling,1,,,,,null,,,
8859,falling,1,,,,,null,,,
8860,falling,1,1019,406,12079,92.14,sam2,4.123,3088.996,47.07
8861,falling,1,,,,,null,,,
8862,falling,1,,,,,null,,,
8863,falling,1,,,,,null,,,
8864,falling,1,1017,405,12706,96.92,sam2,2.236,1675.243,25.528
8865,falling,1,,,,,null,,,
8866,falling,1,,,,,null,,,
8867,falling,1,,,,,null,,,
8868,falling,1,1016,404,12879,98.24,sam2,1.414,1059.517,16.145
8869,falling,1,,,,,null,,,
8870,falling,1,,,,,null,,,
8871,falling,1,,,,,null,,,
8872,falling,1,1015,404,12842,97.96,sam2,1.0,749.192,11.416
8873,falling,1,,,,,null,,,
8874,falling,1,,,,,null,,,
8875,falling,1,,,,,null,,,
8876,falling,1,1014,405,12376,94.4,sam2,1.414,1059.517,16.145
8877,falling,1,,,,,null,,,
8878,falling,1,,,,,null,,,
8879,falling,1,,,,,null,,,
8880,falling,1,1013,407,12065,92.03,sam2,2.236,1675.243,25.528
8881,falling,1,,,,,null,,,
8882,falling,1,,,,,null,,,
8883,falling,1,,,,,null,,,
8884,falling,1,1012,409,11875,90.58,sam2,2.236,1675.243,25.528
8885,falling,1,,,,,null,,,
8886,falling,1,,,,,null,,,
8887,falling,1,,,,,null,,,
8888,falling,1,1011,409,11856,90.43,sam2,1.0,749.192,11.416
8889,falling,1,,,,,null,,,
8890,falling,1,,,,,null,,,
8891,falling,1,,,,,null,,,
8892,falling,1,1010,408,12020,91.69,sam2,1.414,1059.517,16.145
8893,falling,1,,,,,null,,,
8894,falling,1,,,,,null,,,
8895,falling,1,,,,,null,,,
8896,falling,1,1010,407,12570,95.88,sam2,1.0,749.192,11.416
8897,falling,1,,,,,null,,,
8898,falling,1,,,,,null,,,
8899,falling,1,,,,,null,,,
8900,falling,1,1010,405,12633,96.36,sam2,2.0,1498.383,22.833
8901,falling,1,,,,,null,,,
8902,falling,1,,,,,null,,,
8903,falling,1,,,,,null,,,
8904,falling,1,1010,404,12590,96.03,sam2,1.0,749.192,11.416
8905,falling,1,,,,,null,,,
8906,falling,1,,,,,null,,,
8907,falling,1,,,,,null,,,
8908,falling,1,1011,405,12580,95.96,sam2,1.414,1059.517,16.145
8909,falling,1,,,,,null,,,
8910,falling,1,,,,,null,,,
8911,falling,1,,,,,null,,,
8912,falling,1,1012,407,12456,95.01,sam2,2.236,1675.243,25.528
8913,falling,1,,,,,null,,,
8914,falling,1,,,,,null,,,
8915,falling,1,,,,,null,,,
8916,falling,1,1013,407,11836,90.28,sam2,1.0,749.192,11.416
8917,falling,1,,,,,null,,,
8918,falling,1,,,,,null,,,
8919,falling,1,,,,,null,,,
8920,falling,1,1015,409,12148,92.66,sam2,2.828,2119.034,32.29
8921,falling,1,,,,,null,,,
8922,falling,1,,,,,null,,,
8923,falling,1,,,,,null,,,
8924,falling,1,1016,409,12149,92.67,sam2,1.0,749.192,11.416
8925,falling,1,,,,,null,,,
8926,falling,1,,,,,null,,,
8927,falling,1,,,,,null,,,
8928,falling,1,1017,408,12239,93.36,sam2,1.414,1059.517,16.145
8929,falling,1,,,,,null,,,
8930,falling,1,,,,,null,,,
8931,falling,1,,,,,null,,,
8932,falling,1,1018,406,12468,95.1,sam2,2.236,1675.243,25.528
8933,falling,1,,,,,null,,,
8934,falling,1,,,,,null,,,
8935,falling,1,,,,,null,,,
8936,falling,1,1018,406,12616,96.23,sam2,0.0,0.0,0.0
8937,falling,1,,,,,null,,,
8938,falling,1,,,,,null,,,
8939,falling,1,,,,,null,,,
8940,falling,1,1018,405,12464,95.07,sam2,1.0,749.192,11.416
8941,falling,1,,,,,null,,,
8942,falling,1,,,,,null,,,
8943,falling,1,,,,,null,,,
8944,falling,1,1018,405,12079,92.14,sam2,0.0,0.0,0.0
8945,falling,1,,,,,null,,,
8946,falling,1,,,,,null,,,
8947,falling,1,,,,,null,,,
8948,falling,1,1017,408,12391,94.52,sam2,3.162,2369.152,36.101
8949,falling,1,,,,,null,,,
8950,falling,1,,,,,null,,,
8951,falling,1,,,,,null,,,
8952,falling,1,1017,407,11754,89.66,sam2,1.0,749.192,11.416
8953,falling,1,,,,,null,,,
8954,falling,1,,,,,null,,,
8955,falling,1,,,,,null,,,
8956,falling,1,1016,410,12215,93.17,sam2,3.162,2369.152,36.101
8957,falling,1,,,,,null,,,
8958,falling,1,,,,,null,,,
8959,falling,1,,,,,null,,,
8960,falling,1,1015,408,11940,91.08,sam2,2.236,1675.243,25.528
8961,falling,1,,,,,null,,,
8962,falling,1,,,,,null,,,
8963,falling,1,,,,,null,,,
8964,falling,1,1014,406,12000,91.53,sam2,2.236,1675.243,25.528
8965,falling,1,,,,,null,,,
8966,falling,1,,,,,null,,,
8967,falling,1,,,,,null,,,
8968,falling,1,1013,407,12444,94.92,sam2,1.414,1059.517,16.145
8969,falling,1,,,,,null,,,
8970,falling,1,,,,,null,,,
8971,falling,1,,,,,null,,,
8972,falling,1,1012,406,12477,95.17,sam2,1.414,1059.517,16.145
8973,falling,1,,,,,null,,,
8974,falling,1,,,,,null,,,
8975,falling,1,,,,,null,,,
8976,falling,1,1011,405,12040,91.84,sam2,1.414,1059.517,16.145
8977,falling,1,,,,,null,,,
8978,falling,1,,,,,null,,,
8979,falling,1,,,,,null,,,
8980,falling,1,1011,407,12347,94.18,sam2,2.0,1498.383,22.833
8981,falling,1,,,,,null,,,
8982,falling,1,,,,,null,,,
8983,falling,1,,,,,null,,,
8984,falling,1,1011,408,12129,92.52,sam2,1.0,749.192,11.416
8985,falling,1,,,,,null,,,
8986,falling,1,,,,,null,,,
8987,falling,1,,,,,null,,,
8988,falling,1,1011,408,11693,89.19,sam2,0.0,0.0,0.0
8989,falling,1,,,,,null,,,
8990,falling,1,,,,,null,,,
8991,falling,1,,,,,null,,,
8992,falling,1,1011,408,11752,89.64,sam2,0.0,0.0,0.0
8993,falling,1,,,,,null,,,
8994,falling,1,,,,,null,,,
8995,falling,1,,,,,null,,,
8996,falling,1,1012,409,12149,92.67,sam2,1.414,1059.517,16.145
8997,falling,1,,,,,null,,,
8998,falling,1,,,,,null,,,
8999,falling,1,,,,,null,,,
9000,falling,1,1013,408,12184,92.94,sam2,1.414,1059.517,16.145
9001,falling,1,,,,,null,,,
9002,falling,1,,,,,null,,,
9003,falling,1,,,,,null,,,
9004,falling,1,1014,407,12368,94.34,sam2,1.414,1059.517,16.145
9005,falling,1,,,,,null,,,
9006,falling,1,,,,,null,,,
9007,falling,1,,,,,null,,,
9008,falling,1,1015,407,12311,93.91,sam2,1.0,749.192,11.416
9009,falling,1,,,,,null,,,
9010,falling,1,,,,,null,,,
9011,falling,1,,,,,null,,,
9012,falling,1,1016,407,12236,93.33,sam2,1.0,749.192,11.416
9013,falling,1,,,,,null,,,
9014,falling,1,,,,,null,,,
9015,falling,1,,,,,null,,,
9016,falling,1,1016,408,12189,92.97,sam2,1.0,749.192,11.416
9017,falling,1,,,,,null,,,
9018,falling,1,,,,,null,,,
9019,falling,1,,,,,null,,,
9020,falling,1,1016,409,12166,92.8,sam2,1.0,749.192,11.416
9021,falling,1,,,,,null,,,
9022,falling,1,,,,,null,,,
9023,falling,1,,,,,null,,,
9024,falling,1,1016,408,11784,89.89,sam2,1.0,749.192,11.416
9025,falling,1,,,,,null,,,
9026,falling,1,,,,,null,,,
9027,falling,1,,,,,null,,,
9028,falling,1,1016,407,11695,89.21,sam2,1.0,749.192,11.416
9029,falling,1,,,,,null,,,
9030,falling,1,,,,,null,,,
9031,falling,1,,,,,null,,,
9032,falling,1,1016,408,12194,93.01,sam2,1.0,749.192,11.416
9033,falling,1,,,,,null,,,
9034,falling,1,,,,,null,,,
9035,falling,1,,,,,null,,,
9036,falling,1,1015,407,12171,92.84,sam2,1.414,1059.517,16.145
9037,falling,1,,,,,null,,,
9038,falling,1,,,,,null,,,
9039,falling,1,,,,,null,,,
9040,falling,1,1015,407,12256,93.49,sam2,0.0,0.0,0.0
9041,falling,1,,,,,null,,,
9042,falling,1,,,,,null,,,
9043,falling,1,,,,,null,,,
9044,falling,1,1014,407,12279,93.66,sam2,1.0,749.192,11.416
9045,falling,1,,,,,null,,,
9046,falling,1,,,,,null,,,
9047,falling,1,,,,,null,,,
9048,falling,1,1013,408,12212,93.15,sam2,1.414,1059.517,16.145
9049,falling,1,,,,,null,,,
9050,falling,1,,,,,null,,,
9051,falling,1,,,,,null,,,
9052,falling,1,1012,409,12166,92.8,sam2,1.414,1059.517,16.145
9053,falling,1,,,,,null,,,
9054,falling,1,,,,,null,,,
9055,falling,1,,,,,null,,,
9056,falling,1,1011,410,12160,92.75,sam2,1.414,1059.517,16.145
9057,falling,1,,,,,null,,,
9058,falling,1,,,,,null,,,
9059,falling,1,,,,,null,,,
9060,falling,1,1011,409,12079,92.14,sam2,1.0,749.192,11.416
9061,falling,1,,,,,null,,,
9062,falling,1,,,,,null,,,
9063,falling,1,,,,,null,,,
9064,falling,1,1011,409,12082,92.16,sam2,0.0,0.0,0.0
9065,falling,1,,,,,null,,,
9066,falling,1,,,,,null,,,
9067,falling,1,,,,,null,,,
9068,falling,1,1011,408,12170,92.83,sam2,1.0,749.192,11.416
9069,falling,1,,,,,null,,,
9070,falling,1,,,,,null,,,
9071,falling,1,,,,,null,,,
9072,falling,1,1011,408,12239,93.36,sam2,0.0,0.0,0.0
9073,falling,1,,,,,null,,,
9074,falling,1,,,,,null,,,
9075,falling,1,,,,,null,,,
9076,falling,1,1012,408,12270,93.59,sam2,1.0,749.192,11.416
9077,falling,1,,,,,null,,,
9078,falling,1,,,,,null,,,
9079,falling,1,,,,,null,,,
9080,falling,1,1012,408,12291,93.75,sam2,0.0,0.0,0.0
9081,falling,1,,,,,null,,,
9082,falling,1,,,,,null,,,
9083,falling,1,,,,,null,,,
9084,falling,1,1013,409,12079,92.14,sam2,1.414,1059.517,16.145
9085,falling,1,,,,,null,,,
9086,falling,1,,,,,null,,,
9087,falling,1,,,,,null,,,
9088,falling,1,1014,409,12058,91.98,sam2,1.0,749.192,11.416
9089,falling,1,,,,,null,,,
9090,falling,1,,,,,null,,,
9091,falling,1,,,,,null,,,
9092,falling,1,1015,409,12039,91.83,sam2,1.0,749.192,11.416
9093,falling,1,,,,,null,,,
9094,falling,1,,,,,null,,,
9095,falling,1,,,,,null,,,
9096,falling,1,1015,408,11733,89.5,sam2,1.0,749.192,11.416
9097,falling,1,,,,,null,,,
9098,falling,1,,,,,null,,,
9099,falling,1,,,,,null,,,
9100,falling,1,1016,407,11709,89.31,sam2,1.414,1059.517,16.145
9101,falling,1,,,,,null,,,
9102,falling,1,,,,,null,,,
9103,falling,1,,,,,null,,,
9104,falling,1,1016,407,11932,91.01,sam2,0.0,0.0,0.0
9105,falling,1,,,,,null,,,
9106,falling,1,,,,,null,,,
9107,falling,1,,,,,null,,,
9108,falling,1,1015,408,12260,93.52,sam2,1.414,1059.517,16.145
9109,falling,1,,,,,null,,,
9110,falling,1,,,,,null,,,
9111,falling,1,,,,,null,,,
9112,falling,1,1015,407,11783,89.88,sam2,1.0,749.192,11.416
9113,falling,1,,,,,null,,,
9114,falling,1,,,,,null,,,
9115,falling,1,,,,,null,,,
9116,falling,1,1014,407,11703,89.27,sam2,1.0,749.192,11.416
9117,falling,1,,,,,null,,,
9118,falling,1,,,,,null,,,
9119,falling,1,,,,,null,,,
9120,falling,1,1014,409,11857,90.44,sam2,2.0,1498.383,22.833
9121,falling,1,,,,,null,,,
9122,falling,1,,,,,null,,,
9123,falling,1,,,,,null,,,
9124,falling,1,1013,409,11935,91.04,sam2,1.0,749.192,11.416
9125,falling,1,,,,,null,,,
9126,falling,1,,,,,null,,,
9127,falling,1,,,,,null,,,
9128,falling,1,1012,409,11946,91.12,sam2,1.0,749.192,11.416
9129,falling,1,,,,,null,,,
9130,falling,1,,,,,null,,,
9131,falling,1,,,,,null,,,
9132,falling,1,1012,409,12158,92.74,sam2,0.0,0.0,0.0
9133,falling,1,,,,,null,,,
9134,falling,1,,,,,null,,,
9135,falling,1,,,,,null,,,
9136,falling,1,1011,408,12044,91.87,sam2,1.414,1059.517,16.145
9137,falling,1,,,,,null,,,
9138,falling,1,,,,,null,,,
9139,falling,1,,,,,null,,,
9140,falling,1,1011,408,12087,92.2,sam2,0.0,0.0,0.0
9141,falling,1,,,,,null,,,
9142,falling,1,,,,,null,,,
9143,falling,1,,,,,null,,,
9144,falling,1,1011,409,12122,92.46,sam2,1.0,749.192,11.416
9145,falling,1,,,,,null,,,
9146,falling,1,,,,,null,,,
9147,falling,1,,,,,null,,,
9148,falling,1,1011,409,12031,91.77,sam2,0.0,0.0,0.0
9149,falling,1,,,,,null,,,
9150,falling,1,,,,,null,,,
9151,falling,1,,,,,null,,,
9152,falling,1,1011,409,12056,91.96,sam2,0.0,0.0,0.0
9153,falling,1,,,,,null,,,
9154,falling,1,,,,,null,,,
9155,falling,1,,,,,null,,,
9156,falling,1,1012,409,12014,91.64,sam2,1.0,749.192,11.416
9157,falling,1,,,,,null,,,
9158,falling,1,,,,,null,,,
9159,falling,1,,,,,null,,,
9160,falling,1,1012,408,11685,89.13,sam2,1.0,749.192,11.416
9161,falling,1,,,,,null,,,
9162,falling,1,,,,,null,,,
9163,falling,1,,,,,null,,,
9164,falling,1,1013,409,12101,92.3,sam2,1.414,1059.517,16.145
9165,falling,1,,,,,null,,,
9166,falling,1,,,,,null,,,
9167,falling,1,,,,,null,,,
9168,falling,1,1013,409,11999,91.53,sam2,0.0,0.0,0.0
9169,falling,1,,,,,null,,,
9170,falling,1,,,,,null,,,
9171,falling,1,,,,,null,,,
9172,falling,1,1014,408,12056,91.96,sam2,1.414,1059.517,16.145
9173,falling,1,,,,,null,,,
9174,falling,1,,,,,null,,,
9175,falling,1,,,,,null,,,
9176,falling,1,1014,407,11618,88.62,sam2,1.0,749.192,11.416
9177,falling,1,,,,,null,,,
9178,falling,1,,,,,null,,,
9179,falling,1,,,,,null,,,
9180,falling,1,1014,409,11987,91.43,sam2,2.0,1498.383,22.833
9181,falling,1,,,,,null,,,
9182,falling,1,,,,,null,,,
9183,falling,1,,,,,null,,,
9184,falling,1,1014,409,11900,90.77,sam2,0.0,0.0,0.0
9185,falling,1,,,,,null,,,
9186,falling,1,,,,,null,,,
9187,falling,1,,,,,null,,,
9188,falling,1,1014,409,11907,90.82,sam2,0.0,0.0,0.0
9189,falling,1,,,,,null,,,
9190,falling,1,,,,,null,,,
9191,falling,1,,,,,null,,,
9192,falling,1,1014,410,11990,91.46,sam2,1.0,749.192,11.416
9193,falling,1,,,,,null,,,
9194,falling,1,,,,,null,,,
9195,falling,1,,,,,null,,,
9196,falling,1,1013,409,12015,91.65,sam2,1.414,1059.517,16.145
9197,falling,1,,,,,null,,,
9198,falling,1,,,,,null,,,
9199,falling,1,,,,,null,,,
9200,falling,1,1012,409,12119,92.44,sam2,1.0,749.192,11.416
9201,falling,1,,,,,null,,,
9202,falling,1,,,,,null,,,
9203,falling,1,,,,,null,,,
9204,falling,1,1012,407,11613,88.58,sam2,2.0,1498.383,22.833
9205,falling,1,,,,,null,,,
9206,falling,1,,,,,null,,,
9207,falling,1,,,,,null,,,
9208,falling,1,1011,409,11987,91.43,sam2,2.236,1675.243,25.528
9209,falling,1,,,,,null,,,
9210,falling,1,,,,,null,,,
9211,falling,1,,,,,null,,,
9212,falling,1,1011,409,12010,91.61,sam2,0.0,0.0,0.0
9213,falling,1,,,,,null,,,
9214,falling,1,,,,,null,,,
9215,falling,1,,,,,null,,,
9216,falling,1,1010,410,11992,91.47,sam2,1.414,1059.517,16.145
9217,falling,1,,,,,null,,,
9218,falling,1,,,,,null,,,
9219,falling,1,,,,,null,,,
9220,falling,1,1010,410,12016,91.66,sam2,0.0,0.0,0.0
9221,falling,1,,,,,null,,,
9222,falling,1,,,,,null,,,
9223,falling,1,,,,,null,,,
9224,falling,1,1010,410,11957,91.21,sam2,0.0,0.0,0.0
9225,falling,1,,,,,null,,,
9226,falling,1,,,,,null,,,
9227,falling,1,,,,,null,,,
9228,falling,1,1011,408,11582,88.34,sam2,2.236,1675.243,25.528
9229,falling,1,,,,,null,,,
9230,falling,1,,,,,null,,,
9231,falling,1,,,,,null,,,
9232,falling,1,1011,409,12010,91.61,sam2,1.0,749.192,11.416
9233,falling,1,,,,,null,,,
9234,falling,1,,,,,null,,,
9235,falling,1,,,,,null,,,
9236,falling,1,1011,408,11638,88.77,sam2,1.0,749.192,11.416
9237,falling,1,,,,,null,,,
9238,falling,1,,,,,null,,,
9239,falling,1,,,,,null,,,
9240,falling,1,1012,409,11927,90.98,sam2,1.414,1059.517,16.145
9241,falling,1,,,,,null,,,
9242,falling,1,,,,,null,,,
9243,falling,1,,,,,null,,,
9244,falling,1,1013,409,11939,91.07,sam2,1.0,749.192,11.416
9245,falling,1,,,,,null,,,
9246,falling,1,,,,,null,,,
9247,falling,1,,,,,null,,,
9248,falling,1,1013,409,11914,90.88,sam2,0.0,0.0,0.0
9249,falling,1,,,,,null,,,
9250,falling,1,,,,,null,,,
9251,falling,1,,,,,null,,,
9252,falling,1,1013,409,11870,90.54,sam2,0.0,0.0,0.0
9253,falling,1,,,,,null,,,
9254,falling,1,,,,,null,,,
9255,falling,1,,,,,null,,,
9256,falling,1,1014,408,11478,87.55,sam2,1.414,1059.517,16.145
9257,falling,1,,,,,null,,,
9258,falling,1,,,,,null,,,
9259,falling,1,,,,,null,,,
9260,falling,1,1014,409,11875,90.58,sam2,1.0,749.192,11.416
9261,falling,1,,,,,null,,,
9262,falling,1,,,,,null,,,
9263,falling,1,,,,,null,,,
9264,falling,1,1013,409,11904,90.8,sam2,1.0,749.192,11.416
9265,falling,1,,,,,null,,,
9266,falling,1,,,,,null,,,
9267,falling,1,,,,,null,,,
9268,falling,1,1013,409,11980,91.38,sam2,0.0,0.0,0.0
9269,falling,1,,,,,null,,,
9270,falling,1,,,,,null,,,
9271,falling,1,,,,,null,,,
9272,falling,1,1013,409,11960,91.23,sam2,0.0,0.0,0.0
9273,falling,1,,,,,null,,,
9274,falling,1,,,,,null,,,
9275,falling,1,,,,,null,,,
9276,falling,1,1012,409,11917,90.9,sam2,1.0,749.192,11.416
9277,falling,1,,,,,null,,,
9278,falling,1,,,,,null,,,
9279,falling,1,,,,,null,,,
9280,falling,1,1012,409,11854,90.42,sam2,0.0,0.0,0.0
9281,falling,1,,,,,null,,,
9282,falling,1,,,,,null,,,
9283,falling,1,,,,,null,,,
9284,falling,1,1011,409,11873,90.56,sam2,1.0,749.192,11.416
9285,falling,1,,,,,null,,,
9286,falling,1,,,,,null,,,
9287,falling,1,,,,,null,,,
9288,falling,1,1011,410,11934,91.03,sam2,1.0,749.192,11.416
9289,falling,1,,,,,null,,,
9290,falling,1,,,,,null,,,
9291,falling,1,,,,,null,,,
9292,falling,1,1011,410,11934,91.03,sam2,0.0,0.0,0.0
9293,falling,1,,,,,null,,,
9294,falling,1,,,,,null,,,
9295,falling,1,,,,,null,,,
9296,falling,1,1010,409,11909,90.84,sam2,1.414,1059.517,16.145
9297,falling,1,,,,,null,,,
9298,falling,1,,,,,null,,,
9299,falling,1,,,,,null,,,
9300,falling,1,1010,410,11949,91.14,sam2,1.0,749.192,11.416
9301,falling,1,,,,,null,,,
9302,falling,1,,,,,null,,,
9303,falling,1,,,,,null,,,
9304,falling,1,1011,410,11992,91.47,sam2,1.0,749.192,11.416
9305,falling,1,,,,,null,,,
9306,falling,1,,,,,null,,,
9307,falling,1,,,,,null,,,
9308,falling,1,1011,409,11645,88.83,sam2,1.0,749.192,11.416
9309,falling,1,,,,,null,,,
9310,falling,1,,,,,null,,,
9311,falling,1,,,,,null,,,
9312,falling,1,1011,410,11909,90.84,sam2,1.0,749.192,11.416
9313,falling,1,,,,,null,,,
9314,falling,1,,,,,null,,,
9315,falling,1,,,,,null,,,
9316,falling,1,1012,410,11929,90.99,sam2,1.0,749.192,11.416
9317,falling,1,,,,,null,,,
9318,falling,1,,,,,null,,,
9319,falling,1,,,,,null,,,
9320,falling,1,1012,408,11553,88.12,sam2,2.0,1498.383,22.833
9321,falling,1,,,,,null,,,
9322,falling,1,,,,,null,,,
9323,falling,1,,,,,null,,,
9324,falling,1,1012,410,11885,90.66,sam2,2.0,1498.383,22.833
9325,falling,1,,,,,null,,,
9326,falling,1,,,,,null,,,
9327,falling,1,,,,,null,,,
9328,falling,1,1012,409,11903,90.79,sam2,1.0,749.192,11.416
9329,falling,1,,,,,null,,,
9330,falling,1,,,,,null,,,
9331,falling,1,,,,,null,,,
9332,falling,1,1012,409,11880,90.62,sam2,0.0,0.0,0.0
9333,falling,1,,,,,null,,,
9334,falling,1,,,,,null,,,
9335,falling,1,,,,,null,,,
9336,falling,1,1012,410,11979,91.37,sam2,1.0,749.192,11.416
9337,falling,1,,,,,null,,,
9338,falling,1,,,,,null,,,
9339,falling,1,,,,,null,,,
9340,falling,1,1012,410,11907,90.82,sam2,0.0,0.0,0.0
9341,falling,1,,,,,null,,,
9342,falling,1,,,,,null,,,
9343,falling,1,,,,,null,,,
9344,falling,1,1012,410,11869,90.53,sam2,0.0,0.0,0.0
9345,falling,1,,,,,null,,,
9346,falling,1,,,,,null,,,
9347,falling,1,,,,,null,,,
9348,falling,1,1012,410,11977,91.36,sam2,0.0,0.0,0.0
9349,falling,1,,,,,null,,,
9350,falling,1,,,,,null,,,
9351,falling,1,,,,,null,,,
9352,falling,1,1012,410,11904,90.8,sam2,0.0,0.0,0.0
9353,falling,1,,,,,null,,,
9354,falling,1,,,,,null,,,
9355,falling,1,,,,,null,,,
9356,falling,1,1011,410,11932,91.01,sam2,1.0,749.192,11.416
9357,falling,1,,,,,null,,,
9358,falling,1,,,,,null,,,
9359,falling,1,,,,,null,,,
9360,falling,1,1011,410,12038,91.82,sam2,0.0,0.0,0.0
9361,falling,1,,,,,null,,,
9362,falling,1,,,,,null,,,
9363,falling,1,,,,,null,,,
9364,falling,1,1010,408,11535,87.99,sam2,2.236,1675.243,25.528
9365,falling,1,,,,,null,,,
9366,falling,1,,,,,null,,,
9367,falling,1,,,,,null,,,
9368,falling,1,1011,410,11948,91.14,sam2,2.236,1675.243,25.528
9369,falling,1,,,,,null,,,
9370,falling,1,,,,,null,,,
9371,falling,1,,,,,null,,,
9372,falling,1,1010,410,11914,90.88,sam2,1.0,749.192,11.416
9373,falling,1,,,,,null,,,
9374,falling,1,,,,,null,,,
9375,falling,1,,,,,null,,,
9376,falling,1,1010,410,11926,90.97,sam2,0.0,0.0,0.0
9377,falling,1,,,,,null,,,
9378,falling,1,,,,,null,,,
9379,falling,1,,,,,null,,,
9380,falling,1,1011,410,11946,91.12,sam2,1.0,749.192,11.416
9381,falling,1,,,,,null,,,
9382,falling,1,,,,,null,,,
9383,falling,1,,,,,null,,,
9384,falling,1,1011,411,12019,91.68,sam2,1.0,749.192,11.416
9385,falling,1,,,,,null,,,
9386,falling,1,,,,,null,,,
9387,falling,1,,,,,null,,,
9388,falling,1,1011,410,11892,90.71,sam2,1.0,749.192,11.416
9389,falling,1,,,,,null,,,
9390,falling,1,,,,,null,,,
9391,falling,1,,,,,null,,,
9392,falling,1,1011,410,11967,91.28,sam2,0.0,0.0,0.0
9393,falling,1,,,,,null,,,
9394,falling,1,,,,,null,,,
9395,falling,1,,,,,null,,,
9396,falling,1,1011,410,11922,90.94,sam2,0.0,0.0,0.0
9397,falling,1,,,,,null,,,
9398,falling,1,,,,,null,,,
9399,falling,1,,,,,null,,,
9400,falling,1,1012,409,11603,88.5,sam2,1.414,1059.517,16.145
9401,falling,1,,,,,null,,,
9402,falling,1,,,,,null,,,
9403,falling,1,,,,,null,,,
9404,falling,1,1012,410,11985,91.42,sam2,1.0,749.192,11.416
9405,falling,1,,,,,null,,,
9406,falling,1,,,,,null,,,
9407,falling,1,,,,,null,,,
9408,falling,1,1012,409,11565,88.22,sam2,1.0,749.192,11.416
9409,falling,1,,,,,null,,,
9410,falling,1,,,,,null,,,
9411,falling,1,,,,,null,,,
9412,falling,1,1012,410,11916,90.89,sam2,1.0,749.192,11.416
9413,falling,1,,,,,null,,,
9414,falling,1,,,,,null,,,
9415,falling,1,,,,,null,,,
9416,falling,1,1012,409,11577,88.31,sam2,1.0,749.192,11.416
9417,falling,1,,,,,null,,,
9418,falling,1,,,,,null,,,
9419,falling,1,,,,,null,,,
9420,falling,1,1012,408,11331,86.43,sam2,1.0,749.192,11.416
9421,falling,1,,,,,null,,,
9422,falling,1,,,,,null,,,
9423,falling,1,,,,,null,,,
9424,falling,1,1011,410,11803,90.03,sam2,2.236,1675.243,25.528
9425,falling,1,,,,,null,,,
9426,falling,1,,,,,null,,,
9427,falling,1,,,,,null,,,
9428,falling,1,1011,410,11880,90.62,sam2,0.0,0.0,0.0
9429,falling,1,,,,,null,,,
9430,falling,1,,,,,null,,,
9431,falling,1,,,,,null,,,
9432,falling,1,1011,410,11805,90.05,sam2,0.0,0.0,0.0
9433,falling,1,,,,,null,,,
9434,falling,1,,,,,null,,,
9435,falling,1,,,,,null,,,
9436,falling,1,1011,410,11881,90.63,sam2,0.0,0.0,0.0
9437,falling,1,,,,,null,,,
9438,falling,1,,,,,null,,,
9439,falling,1,,,,,null,,,
9440,falling,1,1011,410,11732,89.49,sam2,0.0,0.0,0.0
9441,falling,1,,,,,null,,,
9442,falling,1,,,,,null,,,
9443,falling,1,,,,,null,,,
9444,falling,1,1010,410,11768,89.76,sam2,1.0,749.192,11.416
9445,falling,1,,,,,null,,,
9446,falling,1,,,,,null,,,
9447,falling,1,,,,,null,,,
9448,falling,1,1010,410,11888,90.68,sam2,0.0,0.0,0.0
9449,falling,1,,,,,null,,,
9450,falling,1,,,,,null,,,
9451,falling,1,,,,,null,,,
9452,falling,1,1010,408,11440,87.26,sam2,2.0,1498.383,22.833
9453,falling,1,,,,,null,,,
9454,falling,1,,,,,null,,,
9455,falling,1,,,,,null,,,
9456,falling,1,1010,410,11804,90.04,sam2,2.0,1498.383,22.833
9457,falling,1,,,,,null,,,
9458,falling,1,,,,,null,,,
9459,falling,1,,,,,null,,,
9460,falling,1,1010,410,11882,90.63,sam2,0.0,0.0,0.0
9461,falling,1,,,,,null,,,
9462,falling,1,,,,,null,,,
9463,falling,1,,,,,null,,,
9464,falling,1,1011,410,11776,89.82,sam2,1.0,749.192,11.416
9465,falling,1,,,,,null,,,
9466,falling,1,,,,,null,,,
9467,falling,1,,,,,null,,,
9468,falling,1,1011,410,11875,90.58,sam2,0.0,0.0,0.0
9469,falling,1,,,,,null,,,
9470,falling,1,,,,,null,,,
9471,falling,1,,,,,null,,,
9472,falling,1,1011,410,11774,89.81,sam2,0.0,0.0,0.0
9473,falling,1,,,,,null,,,
9474,falling,1,,,,,null,,,
9475,falling,1,,,,,null,,,
9476,falling,1,1011,410,11753,89.65,sam2,0.0,0.0,0.0
9477,falling,1,,,,,null,,,
9478,falling,1,,,,,null,,,
9479,falling,1,,,,,null,,,
9480,falling,1,1011,410,11867,90.52,sam2,0.0,0.0,0.0
9481,falling,1,,,,,null,,,
9482,falling,1,,,,,null,,,
9483,falling,1,,,,,null,,,
9484,falling,1,1011,410,11842,90.33,sam2,0.0,0.0,0.0
9485,falling,1,,,,,null,,,
9486,falling,1,,,,,null,,,
9487,falling,1,,,,,null,,,
9488,falling,1,1012,410,11916,90.89,sam2,1.0,749.192,11.416
9489,falling,1,,,,,null,,,
9490,falling,1,,,,,null,,,
9491,falling,1,,,,,null,,,
9492,falling,1,1011,410,11866,90.51,sam2,1.0,749.192,11.416
9493,falling,1,,,,,null,,,
9494,falling,1,,,,,null,,,
9495,falling,1,,,,,null,,,
9496,falling,1,1011,411,11885,90.66,sam2,1.0,749.192,11.416
9497,falling,1,,,,,null,,,
9498,falling,1,,,,,null,,,
9499,falling,1,,,,,null,,,
9500,falling,1,1011,411,11933,91.02,sam2,0.0,0.0,0.0
9501,falling,1,,,,,null,,,
9502,falling,1,,,,,null,,,
9503,falling,1,,,,,null,,,
9504,falling,1,1011,411,11871,90.55,sam2,0.0,0.0,0.0
9505,falling,1,,,,,null,,,
9506,falling,1,,,,,null,,,
9507,falling,1,,,,,null,,,
9508,falling,1,1011,411,11943,91.1,sam2,0.0,0.0,0.0
9509,falling,1,,,,,null,,,
9510,falling,1,,,,,null,,,
9511,falling,1,,,,,null,,,
9512,falling,1,1011,409,11425,87.15,sam2,2.0,1498.383,22.833
9513,falling,1,,,,,null,,,
9514,falling,1,,,,,null,,,
9515,falling,1,,,,,null,,,
9516,falling,1,1010,411,11872,90.56,sam2,2.236,1675.243,25.528
9517,falling,1,,,,,null,,,
9518,falling,1,,,,,null,,,
9519,falling,1,,,,,null,,,
9520,falling,1,1010,411,11905,90.81,sam2,0.0,0.0,0.0
9521,falling,1,,,,,null,,,
9522,falling,1,,,,,null,,,
9523,falling,1,,,,,null,,,
9524,falling,1,1010,409,11524,87.9,sam2,2.0,1498.383,22.833
9525,falling,1,,,,,null,,,
9526,falling,1,,,,,null,,,
9527,falling,1,,,,,null,,,
9528,falling,1,1010,409,11409,87.03,sam2,0.0,0.0,0.0
9529,falling,1,,,,,null,,,
9530,falling,1,,,,,null,,,
9531,falling,1,,,,,null,,,
9532,falling,1,1010,412,12036,91.81,sam2,3.0,2247.575,34.249
9533,falling,1,,,,,null,,,
9534,falling,1,,,,,null,,,
9535,falling,1,,,,,null,,,
9536,falling,1,1010,411,11817,90.14,sam2,1.0,749.192,11.416
9537,falling,1,,,,,null,,,
9538,falling,1,,,,,null,,,
9539,falling,1,,,,,null,,,
9540,falling,1,1010,412,12039,91.83,sam2,1.0,749.192,11.416
9541,falling,1,,,,,null,,,
9542,falling,1,,,,,null,,,
9543,falling,1,,,,,null,,,
9544,falling,1,1010,411,11840,90.31,sam2,1.0,749.192,11.416
9545,falling,1,,,,,null,,,
9546,falling,1,,,,,null,,,
9547,falling,1,,,,,null,,,
9548,falling,1,1010,411,11849,90.38,sam2,0.0,0.0,0.0
9549,falling,1,,,,,null,,,
9550,falling,1,,,,,null,,,
9551,falling,1,,,,,null,,,
9552,falling,1,1010,410,11534,87.98,sam2,1.0,749.192,11.416
9553,falling,1,,,,,null,,,
9554,falling,1,,,,,null,,,
9555,falling,1,,,,,null,,,
9556,falling,1,1011,409,11282,86.06,sam2,1.414,1059.517,16.145
9557,falling,1,,,,,null,,,
9558,falling,1,,,,,null,,,
9559,falling,1,,,,,null,,,
9560,falling,1,1011,409,11353,86.6,sam2,0.0,0.0,0.0
9561,falling,1,,,,,null,,,
9562,falling,1,,,,,null,,,
9563,falling,1,,,,,null,,,
9564,falling,1,1011,413,12231,93.3,sam2,4.0,2996.766,45.665
9565,falling,1,,,,,null,,,
9566,falling,1,,,,,null,,,
9567,falling,1,,,,,null,,,
9568,falling,1,1011,412,11961,91.24,sam2,1.0,749.192,11.416
9569,falling,1,,,,,null,,,
9570,falling,1,,,,,null,,,
9571,falling,1,,,,,null,,,
9572,falling,1,1011,411,11886,90.66,sam2,1.0,749.192,11.416
9573,falling,1,,,,,null,,,
9574,falling,1,,,,,null,,,
9575,falling,1,,,,,null,,,
9576,falling,1,1011,411,11890,90.69,sam2,0.0,0.0,0.0
9577,falling,1,,,,,null,,,
9578,falling,1,,,,,null,,,
9579,falling,1,,,,,null,,,
9580,falling,1,1011,411,11939,91.07,sam2,0.0,0.0,0.0
9581,falling,1,,,,,null,,,
9582,falling,1,,,,,null,,,
9583,falling,1,,,,,null,,,
9584,falling,1,1010,409,11258,85.87,sam2,2.236,1675.243,25.528
9585,falling,1,,,,,null,,,
9586,falling,1,,,,,null,,,
9587,falling,1,,,,,null,,,
9588,falling,1,1010,409,11323,86.37,sam2,0.0,0.0,0.0
9589,falling,1,,,,,null,,,
9590,falling,1,,,,,null,,,
9591,falling,1,,,,,null,,,
9592,falling,1,1009,410,11323,86.37,sam2,1.414,1059.517,16.145
9593,falling,1,,,,,null,,,
9594,falling,1,,,,,null,,,
9595,falling,1,,,,,null,,,
9596,falling,1,1009,409,11085,84.55,sam2,1.0,749.192,11.416
9597,falling,1,,,,,null,,,
9598,falling,1,,,,,null,,,
9599,falling,1,,,,,null,,,
9600,falling,1,1009,409,11108,84.73,sam2,0.0,0.0,0.0
9601,falling,1,,,,,null,,,
9602,falling,1,,,,,null,,,
9603,falling,1,,,,,null,,,
9604,falling,1,1009,411,11752,89.64,sam2,2.0,1498.383,22.833
9605,falling,1,,,,,null,,,
9606,falling,1,,,,,null,,,
9607,falling,1,,,,,null,,,
9608,falling,1,1009,411,11693,89.19,sam2,0.0,0.0,0.0
9609,falling,1,,,,,null,,,
9610,falling,1,,,,,null,,,
9611,falling,1,,,,,null,,,
9612,falling,1,1009,411,11721,89.41,sam2,0.0,0.0,0.0
9613,falling,1,,,,,null,,,
9614,falling,1,,,,,null,,,
9615,falling,1,,,,,null,,,
9616,falling,1,1009,412,11788,89.92,sam2,1.0,749.192,11.416
9617,falling,1,,,,,null,,,
9618,falling,1,,,,,null,,,
9619,falling,1,,,,,null,,,
9620,falling,1,1009,412,11759,89.69,sam2,0.0,0.0,0.0
9621,falling,1,,,,,null,,,
9622,falling,1,,,,,null,,,
9623,falling,1,,,,,null,,,
9624,falling,1,1009,411,11701,89.25,sam2,1.0,749.192,11.416
9625,falling,1,,,,,null,,,
9626,falling,1,,,,,null,,,
9627,falling,1,,,,,null,,,
9628,falling,1,1009,410,11324,86.38,sam2,1.0,749.192,11.416
9629,falling,1,,,,,null,,,
9630,falling,1,,,,,null,,,
9631,falling,1,,,,,null,,,
9632,falling,1,1009,412,11857,90.44,sam2,2.0,1498.383,22.833
9633,falling,1,,,,,null,,,
9634,falling,1,,,,,null,,,
9635,falling,1,,,,,null,,,
9636,falling,1,1010,411,11762,89.72,sam2,1.414,1059.517,16.145
9637,falling,1,,,,,null,,,
9638,falling,1,,,,,null,,,
9639,falling,1,,,,,null,,,
9640,falling,1,1010,411,11777,89.83,sam2,0.0,0.0,0.0
9641,falling,1,,,,,null,,,
9642,falling,1,,,,,null,,,
9643,falling,1,,,,,null,,,
9644,falling,1,1010,409,11067,84.42,sam2,2.0,1498.383,22.833
9645,falling,1,,,,,null,,,
9646,falling,1,,,,,null,,,
9647,falling,1,,,,,null,,,
9648,falling,1,1010,412,11807,90.06,sam2,3.0,2247.575,34.249
9649,falling,1,,,,,null,,,
9650,falling,1,,,,,null,,,
9651,falling,1,,,,,null,,,
9652,falling,1,1010,411,11692,89.18,sam2,1.0,749.192,11.416
9653,falling,1,,,,,null,,,
9654,falling,1,,,,,null,,,
9655,falling,1,,,,,null,,,
9656,falling,1,1009,412,11828,90.22,sam2,1.414,1059.517,16.145
9657,falling,1,,,,,null,,,
9658,falling,1,,,,,null,,,
9659,falling,1,,,,,null,,,
9660,falling,1,1009,412,11755,89.66,sam2,0.0,0.0,0.0
9661,falling,1,,,,,null,,,
9662,falling,1,,,,,null,,,
9663,falling,1,,,,,null,,,
9664,falling,1,1009,412,11944,91.11,sam2,0.0,0.0,0.0
9665,falling,1,,,,,null,,,
9666,falling,1,,,,,null,,,
9667,falling,1,,,,,null,,,
9668,falling,1,1009,412,11832,90.25,sam2,0.0,0.0,0.0
9669,falling,1,,,,,null,,,
9670,falling,1,,,,,null,,,
9671,falling,1,,,,,null,,,
9672,falling,1,1008,408,10951,83.53,sam2,4.123,3088.996,47.07
9673,falling,1,,,,,null,,,
9674,falling,1,,,,,null,,,
9675,falling,1,,,,,null,,,
9676,falling,1,1008,409,11052,84.3,sam2,1.0,749.192,11.416
9677,falling,1,,,,,null,,,
9678,falling,1,,,,,null,,,
9679,falling,1,,,,,null,,,
9680,falling,1,1008,413,12054,91.95,sam2,4.0,2996.766,45.665
9681,falling,1,,,,,null,,,
9682,falling,1,,,,,null,,,
9683,falling,1,,,,,null,,,
9684,falling,1,1008,412,11847,90.37,sam2,1.0,749.192,11.416
9685,falling,1,,,,,null,,,
9686,falling,1,,,,,null,,,
9687,falling,1,,,,,null,,,
9688,falling,1,1008,412,11870,90.54,sam2,0.0,0.0,0.0
9689,falling,1,,,,,null,,,
9690,falling,1,,,,,null,,,
9691,falling,1,,,,,null,,,
9692,falling,1,1009,412,11827,90.21,sam2,1.0,749.192,11.416
9693,falling,1,,,,,null,,,
9694,falling,1,,,,,null,,,
9695,falling,1,,,,,null,,,
9696,falling,1,1009,412,11705,89.28,sam2,0.0,0.0,0.0
9697,falling,1,,,,,null,,,
9698,falling,1,,,,,null,,,
9699,falling,1,,,,,null,,,
9700,falling,1,1009,412,11751,89.63,sam2,0.0,0.0,0.0
9701,falling,1,,,,,null,,,
9702,falling,1,,,,,null,,,
9703,falling,1,,,,,null,,,
9704,falling,1,1009,413,12037,91.82,sam2,1.0,749.192,11.416
9705,falling,1,,,,,null,,,
9706,falling,1,,,,,null,,,
9707,falling,1,,,,,null,,,
9708,falling,1,1009,410,11322,86.36,sam2,3.0,2247.575,34.249
9709,falling,1,,,,,null,,,
9710,falling,1,,,,,null,,,
9711,falling,1,,,,,null,,,
9712,falling,1,1009,409,11111,84.75,sam2,1.0,749.192,11.416
9713,falling,1,,,,,null,,,
9714,falling,1,,,,,null,,,
9715,falling,1,,,,,null,,,
9716,falling,1,1009,409,11095,84.63,sam2,0.0,0.0,0.0
9717,falling,1,,,,,null,,,
9718,falling,1,,,,,null,,,
9719,falling,1,,,,,null,,,
9720,falling,1,1009,412,11795,89.97,sam2,3.0,2247.575,34.249
9721,falling,1,,,,,null,,,
9722,falling,1,,,,,null,,,
9723,falling,1,,,,,null,,,
9724,falling,1,1009,413,11908,90.83,sam2,1.0,749.192,11.416
9725,falling,1,,,,,null,,,
9726,falling,1,,,,,null,,,
9727,falling,1,,,,,null,,,
9728,falling,1,1009,409,10992,83.84,sam2,4.0,2996.766,45.665
9729,falling,1,,,,,null,,,
9730,falling,1,,,,,null,,,
9731,falling,1,,,,,null,,,
9732,falling,1,1009,411,11620,88.63,sam2,2.0,1498.383,22.833
9733,falling,1,,,,,null,,,
9734,falling,1,,,,,null,,,
9735,falling,1,,,,,null,,,
9736,falling,1,1008,411,11571,88.26,sam2,1.0,749.192,11.416
9737,falling,1,,,,,null,,,
9738,falling,1,,,,,null,,,
9739,falling,1,,,,,null,,,
9740,falling,1,1008,411,11652,88.88,sam2,0.0,0.0,0.0
9741,falling,1,,,,,null,,,
9742,falling,1,,,,,null,,,
9743,falling,1,,,,,null,,,
9744,falling,1,1008,413,11924,90.95,sam2,2.0,1498.383,22.833
9745,falling,1,,,,,null,,,
9746,falling,1,,,,,null,,,
9747,falling,1,,,,,null,,,
9748,falling,1,1008,410,11161,85.13,sam2,3.0,2247.575,34.249
9749,falling,1,,,,,null,,,
9750,falling,1,,,,,null,,,
9751,falling,1,,,,,null,,,
9752,falling,1,1008,412,11724,89.43,sam2,2.0,1498.383,22.833
9753,falling,1,,,,,null,,,
9754,falling,1,,,,,null,,,
9755,falling,1,,,,,null,,,
9756,falling,1,1009,410,11167,85.18,sam2,2.236,1675.243,25.528
9757,falling,1,,,,,null,,,
9758,falling,1,,,,,null,,,
9759,falling,1,,,,,null,,,
9760,falling,1,1009,413,11890,90.69,sam2,3.0,2247.575,34.249
9761,falling,1,,,,,null,,,
9762,falling,1,,,,,null,,,
9763,falling,1,,,,,null,,,
9764,falling,1,1009,412,11808,90.07,sam2,1.0,749.192,11.416
9765,falling,1,,,,,null,,,
9766,falling,1,,,,,null,,,
9767,falling,1,,,,,null,,,
9768,falling,1,1009,412,11777,89.83,sam2,0.0,0.0,0.0
9769,falling,1,,,,,null,,,
9770,falling,1,,,,,null,,,
9771,falling,1,,,,,null,,,
9772,falling,1,1009,409,11049,84.28,sam2,3.0,2247.575,34.249
9773,falling,1,,,,,null,,,
9774,falling,1,,,,,null,,,
9775,falling,1,,,,,null,,,
9776,falling,1,1009,413,11885,90.66,sam2,4.0,2996.766,45.665
9777,falling,1,,,,,null,,,
9778,falling,1,,,,,null,,,
9779,falling,1,,,,,null,,,
9780,falling,1,1009,410,11105,84.71,sam2,3.0,2247.575,34.249
9781,falling,1,,,,,null,,,
9782,falling,1,,,,,null,,,
9783,falling,1,,,,,null,,,
9784,falling,1,1009,409,10943,83.47,sam2,1.0,749.192,11.416
9785,falling,1,,,,,null,,,
9786,falling,1,,,,,null,,,
9787,falling,1,,,,,null,,,
9788,falling,1,1009,413,11937,91.05,sam2,4.0,2996.766,45.665
9789,falling,1,,,,,null,,,
9790,falling,1,,,,,null,,,
9791,falling,1,,,,,null,,,
9792,falling,1,1009,414,12099,92.29,sam2,1.0,749.192,11.416
9793,falling,1,,,,,null,,,
9794,falling,1,,,,,null,,,
9795,falling,1,,,,,null,,,
9796,falling,1,1008,412,11793,89.95,sam2,2.236,1675.243,25.528
9797,falling,1,,,,,null,,,
9798,falling,1,,,,,null,,,
9799,falling,1,,,,,null,,,
9800,falling,1,1008,413,11845,90.35,sam2,1.0,749.192,11.416
9801,falling,1,,,,,null,,,
9802,falling,1,,,,,null,,,
9803,falling,1,,,,,null,,,
9804,falling,1,1008,412,11750,89.63,sam2,1.0,749.192,11.416
9805,falling,1,,,,,null,,,
9806,falling,1,,,,,null,,,
9807,falling,1,,,,,null,,,
9808,falling,1,1008,409,11018,84.04,sam2,3.0,2247.575,34.249
9809,falling,1,,,,,null,,,
9810,falling,1,,,,,null,,,
9811,falling,1,,,,,null,,,
9812,falling,1,1008,410,11232,85.68,sam2,1.0,749.192,11.416
9813,falling,1,,,,,null,,,
9814,falling,1,,,,,null,,,
9815,falling,1,,,,,null,,,
9816,falling,1,1008,410,11260,85.89,sam2,0.0,0.0,0.0
9817,falling,1,,,,,null,,,
9818,falling,1,,,,,null,,,
9819,falling,1,,,,,null,,,
9820,falling,1,1008,410,11064,84.39,sam2,0.0,0.0,0.0
9821,falling,1,,,,,null,,,
9822,falling,1,,,,,null,,,
9823,falling,1,,,,,null,,,
9824,falling,1,1009,414,11979,91.37,sam2,4.123,3088.996,47.07
9825,falling,1,,,,,null,,,
9826,falling,1,,,,,null,,,
9827,falling,1,,,,,null,,,
9828,falling,1,1009,412,11644,88.82,sam2,2.0,1498.383,22.833
9829,falling,1,,,,,null,,,
9830,falling,1,,,,,null,,,
9831,falling,1,,,,,null,,,
9832,falling,1,1009,412,11601,88.49,sam2,0.0,0.0,0.0
9833,falling,1,,,,,null,,,
9834,falling,1,,,,,null,,,
9835,falling,1,,,,,null,,,
9836,falling,1,1009,412,11618,88.62,sam2,0.0,0.0,0.0
9837,falling,1,,,,,null,,,
9838,falling,1,,,,,null,,,
9839,falling,1,,,,,null,,,
9840,falling,1,1008,410,10977,83.73,sam2,2.236,1675.243,25.528
9841,falling,1,,,,,null,,,
9842,falling,1,,,,,null,,,
9843,falling,1,,,,,null,,,
9844,falling,1,1009,413,11768,89.76,sam2,3.162,2369.152,36.101
9845,falling,1,,,,,null,,,
9846,falling,1,,,,,null,,,
9847,falling,1,,,,,null,,,
9848,falling,1,1008,414,11926,90.97,sam2,1.414,1059.517,16.145
9849,falling,1,,,,,null,,,
9850,falling,1,,,,,null,,,
9851,falling,1,,,,,null,,,
9852,falling,1,1008,410,11060,84.36,sam2,4.0,2996.766,45.665
9853,falling,1,,,,,null,,,
9854,falling,1,,,,,null,,,
9855,falling,1,,,,,null,,,
9856,falling,1,1008,413,11691,89.18,sam2,3.0,2247.575,34.249
9857,falling,1,,,,,null,,,
9858,falling,1,,,,,null,,,
9859,falling,1,,,,,null,,,
9860,falling,1,1008,412,11602,88.5,sam2,1.0,749.192,11.416
9861,falling,1,,,,,null,,,
9862,falling,1,,,,,null,,,
9863,falling,1,,,,,null,,,
9864,falling,1,1008,411,11226,85.63,sam2,1.0,749.192,11.416
9865,falling,1,,,,,null,,,
9866,falling,1,,,,,null,,,
9867,falling,1,,,,,null,,,
9868,falling,1,1008,413,11749,89.62,sam2,2.0,1498.383,22.833
9869,falling,1,,,,,null,,,
9870,falling,1,,,,,null,,,
9871,falling,1,,,,,null,,,
9872,falling,1,1007,410,10901,83.15,sam2,3.162,2369.152,36.101
9873,falling,1,,,,,null,,,
9874,falling,1,,,,,null,,,
9875,falling,1,,,,,null,,,
9876,falling,1,1008,413,11810,90.08,sam2,3.162,2369.152,36.101
9877,falling,1,,,,,null,,,
9878,falling,1,,,,,null,,,
9879,falling,1,,,,,null,,,
9880,falling,1,1008,413,11661,88.95,sam2,0.0,0.0,0.0
9881,falling,1,,,,,null,,,
9882,falling,1,,,,,null,,,
9883,falling,1,,,,,null,,,
9884,falling,1,1008,410,11046,84.26,sam2,3.0,2247.575,34.249
9885,falling,1,,,,,null,,,
9886,falling,1,,,,,null,,,
9887,falling,1,,,,,null,,,
9888,falling,1,1008,412,11570,88.25,sam2,2.0,1498.383,22.833
9889,falling,1,,,,,null,,,
9890,falling,1,,,,,null,,,
9891,falling,1,,,,,null,,,
9892,falling,1,1008,412,11501,87.73,sam2,0.0,0.0,0.0
9893,falling,1,,,,,null,,,
9894,falling,1,,,,,null,,,
9895,falling,1,,,,,null,,,
9896,falling,1,1008,413,11783,89.88,sam2,1.0,749.192,11.416
9897,falling,1,,,,,null,,,
9898,falling,1,,,,,null,,,
9899,falling,1,,,,,null,,,
9900,falling,1,1008,411,11138,84.96,sam2,2.0,1498.383,22.833
9901,falling,1,,,,,null,,,
9902,falling,1,,,,,null,,,
9903,falling,1,,,,,null,,,
9904,falling,1,1008,410,10905,83.18,sam2,1.0,749.192,11.416
9905,falling,1,,,,,null,,,
9906,falling,1,,,,,null,,,
9907,falling,1,,,,,null,,,
9908,falling,1,1008,412,11517,87.85,sam2,2.0,1498.383,22.833
9909,falling,1,,,,,null,,,
9910,falling,1,,,,,null,,,
9911,falling,1,,,,,null,,,
9912,falling,1,1008,410,10952,83.54,sam2,2.0,1498.383,22.833
9913,falling,1,,,,,null,,,
9914,falling,1,,,,,null,,,
9915,falling,1,,,,,null,,,
9916,falling,1,1008,410,10834,82.64,sam2,0.0,0.0,0.0
9917,falling,1,,,,,null,,,
9918,falling,1,,,,,null,,,
9919,falling,1,,,,,null,,,
9920,falling,1,1008,410,10923,83.32,sam2,0.0,0.0,0.0
9921,falling,1,,,,,null,,,
9922,falling,1,,,,,null,,,
9923,falling,1,,,,,null,,,
9924,falling,1,1008,413,11592,88.42,sam2,3.0,2247.575,34.249
9925,falling,1,,,,,null,,,
9926,falling,1,,,,,null,,,
9927,falling,1,,,,,null,,,
9928,falling,1,1008,413,11632,88.73,sam2,0.0,0.0,0.0
9929,falling,1,,,,,null,,,
9930,falling,1,,,,,null,,,
9931,falling,1,,,,,null,,,
9932,falling,1,1007,410,10796,82.35,sam2,3.162,2369.152,36.101
9933,falling,1,,,,,null,,,
9934,falling,1,,,,,null,,,
9935,falling,1,,,,,null,,,
9936,falling,1,1008,413,11479,87.56,sam2,3.162,2369.152,36.101
9937,falling,1,,,,,null,,,
9938,falling,1,,,,,null,,,
9939,falling,1,,,,,null,,,
9940,falling,1,1008,413,11510,87.8,sam2,0.0,0.0,0.0
9941,falling,1,,,,,null,,,
9942,falling,1,,,,,null,,,
9943,falling,1,,,,,null,,,
9944,falling,1,1008,410,10776,82.2,sam2,3.0,2247.575,34.249
9945,falling,1,,,,,null,,,
9946,falling,1,,,,,null,,,
9947,falling,1,,,,,null,,,
9948,falling,1,1008,410,10744,81.95,sam2,0.0,0.0,0.0
9949,falling,1,,,,,null,,,
9950,falling,1,,,,,null,,,
9951,falling,1,,,,,null,,,
9952,falling,1,1008,411,10953,83.55,sam2,1.0,749.192,11.416
9953,falling,1,,,,,null,,,
9954,falling,1,,,,,null,,,
9955,falling,1,,,,,null,,,
9956,falling,1,1008,410,10840,82.68,sam2,1.0,749.192,11.416
9957,falling,1,,,,,null,,,
9958,falling,1,,,,,null,,,
9959,falling,1,,,,,null,,,
9960,falling,1,1008,414,11649,88.86,sam2,4.0,2996.766,45.665
9961,falling,1,,,,,null,,,
9962,falling,1,,,,,null,,,
9963,falling,1,,,,,null,,,
9964,falling,1,1008,413,11514,87.83,sam2,1.0,749.192,11.416
9965,falling,1,,,,,null,,,
9966,falling,1,,,,,null,,,
9967,falling,1,,,,,null,,,
9968,falling,1,1008,412,11262,85.9,sam2,1.0,749.192,11.416
9969,falling,1,,,,,null,,,
9970,falling,1,,,,,null,,,
9971,falling,1,,,,,null,,,
9972,falling,1,1008,412,11363,86.67,sam2,0.0,0.0,0.0
9973,falling,1,,,,,null,,,
9974,falling,1,,,,,null,,,
9975,falling,1,,,,,null,,,
9976,falling,1,1008,413,11390,86.88,sam2,1.0,749.192,11.416
9977,falling,1,,,,,null,,,
9978,falling,1,,,,,null,,,
9979,falling,1,,,,,null,,,
9980,falling,1,1008,410,10787,82.28,sam2,3.0,2247.575,34.249
9981,falling,1,,,,,null,,,
9982,falling,1,,,,,null,,,
9983,falling,1,,,,,null,,,
9984,falling,1,1008,414,11767,89.76,sam2,4.0,2996.766,45.665
9985,falling,1,,,,,null,,,
9986,falling,1,,,,,null,,,
9987,falling,1,,,,,null,,,
9988,falling,1,1008,414,11741,89.56,sam2,0.0,0.0,0.0
9989,falling,1,,,,,null,,,
9990,falling,1,,,,,null,,,
9991,falling,1,,,,,null,,,
9992,falling,1,1008,410,10677,81.44,sam2,4.0,2996.766,45.665
9993,falling,1,,,,,null,,,
9994,falling,1,,,,,null,,,
9995,falling,1,,,,,null,,,
9996,falling,1,1008,413,11452,87.35,sam2,3.0,2247.575,34.249
9997,falling,1,,,,,null,,,
9998,falling,1,,,,,null,,,
9999,falling,1,,,,,null,,,
10000,falling,1,1008,415,11830,90.24,sam2,2.0,1498.383,22.833
10001,falling,1,,,,,null,,,
10002,falling,1,,,,,null,,,
10003,falling,1,,,,,null,,,
10004,falling,1,1008,413,11433,87.21,sam2,2.0,1498.383,22.833
10005,falling,1,,,,,null,,,
10006,falling,1,,,,,null,,,
10007,falling,1,,,,,null,,,
10008,falling,1,1008,410,10838,82.67,sam2,3.0,2247.575,34.249
10009,falling,1,,,,,null,,,
10010,falling,1,,,,,null,,,
10011,falling,1,,,,,null,,,
10012,falling,1,1008,411,10967,83.65,sam2,1.0,749.192,11.416
10013,falling,1,,,,,null,,,
10014,falling,1,,,,,null,,,
10015,falling,1,,,,,null,,,
10016,falling,1,1008,413,11455,87.38,sam2,2.0,1498.383,22.833
10017,falling,1,,,,,null,,,
10018,falling,1,,,,,null,,,
10019,falling,1,,,,,null,,,
10020,falling,1,1008,414,11744,89.58,sam2,1.0,749.192,11.416
10021,falling,1,,,,,null,,,
10022,falling,1,,,,,null,,,
10023,falling,1,,,,,null,,,
10024,falling,1,1008,411,10945,83.49,sam2,3.0,2247.575,34.249
10025,falling,1,,,,,null,,,
10026,falling,1,,,,,null,,,
10027,falling,1,,,,,null,,,
10028,falling,1,1008,414,11643,88.81,sam2,3.0,2247.575,34.249
10029,falling,1,,,,,null,,,
10030,falling,1,,,,,null,,,
10031,falling,1,,,,,null,,,
10032,falling,1,1008,413,11402,86.97,sam2,1.0,749.192,11.416
10033,falling,1,,,,,null,,,
10034,falling,1,,,,,null,,,
10035,falling,1,,,,,null,,,
10036,falling,1,1008,413,11474,87.52,sam2,0.0,0.0,0.0
10037,falling,1,,,,,null,,,
10038,falling,1,,,,,null,,,
10039,falling,1,,,,,null,,,
10040,falling,1,1008,413,11467,87.47,sam2,0.0,0.0,0.0
10041,falling,1,,,,,null,,,
10042,falling,1,,,,,null,,,
10043,falling,1,,,,,null,,,
10044,falling,1,1008,414,11560,88.18,sam2,1.0,749.192,11.416
10045,falling,1,,,,,null,,,
10046,falling,1,,,,,null,,,
10047,falling,1,,,,,null,,,
10048,falling,1,1008,410,10743,81.95,sam2,4.0,2996.766,45.665
10049,falling,1,,,,,null,,,
10050,falling,1,,,,,null,,,
10051,falling,1,,,,,null,,,
10052,falling,1,1008,410,10777,82.2,sam2,0.0,0.0,0.0
10053,falling,1,,,,,null,,,
10054,falling,1,,,,,null,,,
10055,falling,1,,,,,null,,,
10056,falling,1,1008,413,11470,87.49,sam2,3.0,2247.575,34.249
10057,falling,1,,,,,null,,,
10058,falling,1,,,,,null,,,
10059,falling,1,,,,,null,,,
10060,falling,1,1008,413,11465,87.45,sam2,0.0,0.0,0.0
10061,falling,1,,,,,null,,,
10062,falling,1,,,,,null,,,
10063,falling,1,,,,,null,,,
10064,falling,1,1008,411,10883,83.01,sam2,2.0,1498.383,22.833
10065,falling,1,,,,,null,,,
10066,falling,1,,,,,null,,,
10067,falling,1,,,,,null,,,
10068,falling,1,1008,413,11533,87.97,sam2,2.0,1498.383,22.833
10069,falling,1,,,,,null,,,
10070,falling,1,,,,,null,,,
10071,falling,1,,,,,null,,,
10072,falling,1,1008,413,11366,86.7,sam2,0.0,0.0,0.0
10073,falling,1,,,,,null,,,
10074,falling,1,,,,,null,,,
10075,falling,1,,,,,null,,,
10076,falling,1,1008,413,11466,87.46,sam2,0.0,0.0,0.0
10077,falling,1,,,,,null,,,
10078,falling,1,,,,,null,,,
10079,falling,1,,,,,null,,,
10080,falling,1,1008,411,10954,83.55,sam2,2.0,1498.383,22.833
10081,falling,1,,,,,null,,,
10082,falling,1,,,,,null,,,
10083,falling,1,,,,,null,,,
10084,falling,1,1008,411,10921,83.3,sam2,0.0,0.0,0.0
10085,falling,1,,,,,null,,,
10086,falling,1,,,,,null,,,
10087,falling,1,,,,,null,,,
10088,falling,1,1008,413,11454,87.37,sam2,2.0,1498.383,22.833
10089,falling,1,,,,,null,,,
10090,falling,1,,,,,null,,,
10091,falling,1,,,,,null,,,
10092,falling,1,1008,411,10791,82.31,sam2,2.0,1498.383,22.833
10093,falling,1,,,,,null,,,
10094,falling,1,,,,,null,,,
10095,falling,1,,,,,null,,,
10096,falling,1,1008,413,11449,87.33,sam2,2.0,1498.383,22.833
10097,falling,1,,,,,null,,,
10098,falling,1,,,,,null,,,
10099,falling,1,,,,,null,,,
10100,falling,1,1008,411,10880,82.99,sam2,2.0,1498.383,22.833
10101,falling,1,,,,,null,,,
10102,falling,1,,,,,null,,,
10103,falling,1,,,,,null,,,
10104,falling,1,1008,413,11348,86.56,sam2,2.0,1498.383,22.833
10105,falling,1,,,,,null,,,
10106,falling,1,,,,,null,,,
10107,falling,1,,,,,null,,,
10108,falling,1,1008,413,11409,87.03,sam2,0.0,0.0,0.0
10109,falling,1,,,,,null,,,
10110,falling,1,,,,,null,,,
10111,falling,1,,,,,null,,,
10112,falling,1,1008,414,11458,87.4,sam2,1.0,749.192,11.416
10113,falling,1,,,,,null,,,
10114,falling,1,,,,,null,,,
10115,falling,1,,,,,null,,,
10116,falling,1,1008,413,11301,86.2,sam2,1.0,749.192,11.416
10117,falling,1,,,,,null,,,
10118,falling,1,,,,,null,,,
10119,falling,1,,,,,null,,,
10120,falling,1,1008,413,11414,87.06,sam2,0.0,0.0,0.0
10121,falling,1,,,,,null,,,
10122,falling,1,,,,,null,,,
10123,falling,1,,,,,null,,,
10124,falling,1,1008,410,10606,80.9,sam2,3.0,2247.575,34.249
10125,falling,1,,,,,null,,,
10126,falling,1,,,,,null,,,
10127,falling,1,,,,,null,,,
10128,falling,1,1008,414,11636,88.76,sam2,4.0,2996.766,45.665
10129,falling,1,,,,,null,,,
10130,falling,1,,,,,null,,,
10131,falling,1,,,,,null,,,
10132,falling,1,1008,411,10846,82.73,sam2,3.0,2247.575,34.249
10133,falling,1,,,,,null,,,
10134,falling,1,,,,,null,,,
10135,falling,1,,,,,null,,,
10136,falling,1,1008,414,11553,88.12,sam2,3.0,2247.575,34.249
10137,falling,1,,,,,null,,,
10138,falling,1,,,,,null,,,
10139,falling,1,,,,,null,,,
10140,falling,1,1008,411,10674,81.42,sam2,3.0,2247.575,34.249
10141,falling,1,,,,,null,,,
10142,falling,1,,,,,null,,,
10143,falling,1,,,,,null,,,
10144,falling,1,1008,414,11435,87.22,sam2,3.0,2247.575,34.249
10145,falling,1,,,,,null,,,
10146,falling,1,,,,,null,,,
10147,falling,1,,,,,null,,,
10148,falling,1,1009,413,11250,85.81,sam2,1.414,1059.517,16.145
10149,falling,1,,,,,null,,,
10150,falling,1,,,,,null,,,
10151,falling,1,,,,,null,,,
10152,falling,1,1009,414,11451,87.35,sam2,1.0,749.192,11.416
10153,falling,1,,,,,null,,,
10154,falling,1,,,,,null,,,
10155,falling,1,,,,,null,,,
10156,falling,1,1009,414,11391,86.89,sam2,0.0,0.0,0.0
10157,falling,1,,,,,null,,,
10158,falling,1,,,,,null,,,
10159,falling,1,,,,,null,,,
10160,falling,1,1009,414,11457,87.39,sam2,0.0,0.0,0.0
10161,falling,1,,,,,null,,,
10162,falling,1,,,,,null,,,
10163,falling,1,,,,,null,,,
10164,falling,1,1008,413,11331,86.43,sam2,1.414,1059.517,16.145
10165,falling,1,,,,,null,,,
10166,falling,1,,,,,null,,,
10167,falling,1,,,,,null,,,
10168,falling,1,1009,414,11457,87.39,sam2,1.414,1059.517,16.145
10169,falling,1,,,,,null,,,
10170,falling,1,,,,,null,,,
10171,falling,1,,,,,null,,,
10172,falling,1,1009,415,11653,88.89,sam2,1.0,749.192,11.416
10173,falling,1,,,,,null,,,
10174,falling,1,,,,,null,,,
10175,falling,1,,,,,null,,,
10176,falling,1,1008,414,11577,88.31,sam2,1.414,1059.517,16.145
10177,falling,1,,,,,null,,,
10178,falling,1,,,,,null,,,
10179,falling,1,,,,,null,,,
10180,falling,1,1009,415,11648,88.85,sam2,1.414,1059.517,16.145
10181,falling,1,,,,,null,,,
10182,falling,1,,,,,null,,,
10183,falling,1,,,,,null,,,
10184,falling,1,1008,414,11550,88.1,sam2,1.414,1059.517,16.145
10185,falling,1,,,,,null,,,
10186,falling,1,,,,,null,,,
10187,falling,1,,,,,null,,,
10188,falling,1,1008,415,11651,88.87,sam2,1.0,749.192,11.416
10189,falling,1,,,,,null,,,
10190,falling,1,,,,,null,,,
10191,falling,1,,,,,null,,,
10192,falling,1,1008,410,10583,80.72,sam2,5.0,3745.958,57.081
10193,falling,1,,,,,null,,,
10194,falling,1,,,,,null,,,
10195,falling,1,,,,,null,,,
10196,falling,1,1009,415,11782,89.87,sam2,5.099,3820.143,58.212
10197,falling,1,,,,,null,,,
10198,falling,1,,,,,null,,,
10199,falling,1,,,,,null,,,
10200,falling,1,1009,410,10566,80.59,sam2,5.0,3745.958,57.081
10201,falling,1,,,,,null,,,
10202,falling,1,,,,,null,,,
10203,falling,1,,,,,null,,,
10204,falling,1,1008,415,11600,88.48,sam2,5.099,3820.143,58.212
10205,falling,1,,,,,null,,,
10206,falling,1,,,,,null,,,
10207,falling,1,,,,,null,,,
10208,falling,1,1008,414,11380,86.8,sam2,1.0,749.192,11.416
10209,falling,1,,,,,null,,,
10210,falling,1,,,,,null,,,
10211,falling,1,,,,,null,,,
10212,falling,1,1009,416,11794,89.96,sam2,2.236,1675.243,25.528
10213,falling,1,,,,,null,,,
10214,falling,1,,,,,null,,,
10215,falling,1,,,,,null,,,
10216,falling,1,1009,414,11480,87.57,sam2,2.0,1498.383,22.833
10217,falling,1,,,,,null,,,
10218,falling,1,,,,,null,,,
10219,falling,1,,,,,null,,,
10220,falling,1,1009,411,10624,81.04,sam2,3.0,2247.575,34.249
10221,falling,1,,,,,null,,,
10222,falling,1,,,,,null,,,
10223,falling,1,,,,,null,,,
10224,falling,1,1008,414,11402,86.97,sam2,3.162,2369.152,36.101
10225,falling,1,,,,,null,,,
10226,falling,1,,,,,null,,,
10227,falling,1,,,,,null,,,
10228,falling,1,1008,412,10831,82.62,sam2,2.0,1498.383,22.833
10229,falling,1,,,,,null,,,
10230,falling,1,,,,,null,,,
10231,falling,1,,,,,null,,,
10232,falling,1,1009,416,11789,89.92,sam2,4.123,3088.996,47.07
10233,falling,1,,,,,null,,,
10234,falling,1,,,,,null,,,
10235,falling,1,,,,,null,,,
10236,falling,1,1008,412,10810,82.46,sam2,4.123,3088.996,47.07
10237,falling,1,,,,,null,,,
10238,falling,1,,,,,null,,,
10239,falling,1,,,,,null,,,
10240,falling,1,1008,415,11587,88.38,sam2,3.0,2247.575,34.249
10241,falling,1,,,,,null,,,
10242,falling,1,,,,,null,,,
10243,falling,1,,,,,null,,,
10244,falling,1,1008,415,11560,88.18,sam2,0.0,0.0,0.0
10245,falling,1,,,,,null,,,
10246,falling,1,,,,,null,,,
10247,falling,1,,,,,null,,,
10248,falling,1,1008,415,11576,88.3,sam2,0.0,0.0,0.0
10249,falling,1,,,,,null,,,
10250,falling,1,,,,,null,,,
10251,falling,1,,,,,null,,,
10252,falling,1,1008,414,11402,86.97,sam2,1.0,749.192,11.416
10253,falling,1,,,,,null,,,
10254,falling,1,,,,,null,,,
10255,falling,1,,,,,null,,,
10256,falling,1,1008,411,10680,81.46,sam2,3.0,2247.575,34.249
10257,falling,1,,,,,null,,,
10258,falling,1,,,,,null,,,
10259,falling,1,,,,,null,,,
10260,falling,1,1008,411,10741,81.93,sam2,0.0,0.0,0.0
10261,falling,1,,,,,null,,,
10262,falling,1,,,,,null,,,
10263,falling,1,,,,,null,,,
10264,falling,1,1009,417,12044,91.87,sam2,6.083,4557.155,69.442
10265,falling,1,,,,,null,,,
10266,falling,1,,,,,null,,,
10267,falling,1,,,,,null,,,
10268,falling,1,1008,412,10796,82.35,sam2,5.099,3820.143,58.212
10269,falling,1,,,,,null,,,
10270,falling,1,,,,,null,,,
10271,falling,1,,,,,null,,,
10272,falling,1,1008,412,10853,82.78,sam2,0.0,0.0,0.0
10273,falling,1,,,,,null,,,
10274,falling,1,,,,,null,,,
10275,falling,1,,,,,null,,,
10276,falling,1,1009,411,10679,81.46,sam2,1.414,1059.517,16.145
10277,falling,1,,,,,null,,,
10278,falling,1,,,,,null,,,
10279,falling,1,,,,,null,,,
10280,falling,1,1008,414,11332,86.44,sam2,3.162,2369.152,36.101
10281,falling,1,,,,,null,,,
10282,falling,1,,,,,null,,,
10283,falling,1,,,,,null,,,
10284,falling,1,1009,415,11549,88.09,sam2,1.414,1059.517,16.145
10285,falling,1,,,,,null,,,
10286,falling,1,,,,,null,,,
10287,falling,1,,,,,null,,,
10288,falling,1,1009,415,11532,87.96,sam2,0.0,0.0,0.0
10289,falling,1,,,,,null,,,
10290,falling,1,,,,,null,,,
10291,falling,1,,,,,null,,,
10292,falling,1,1008,412,10807,82.43,sam2,3.162,2369.152,36.101
10293,falling,1,,,,,null,,,
10294,falling,1,,,,,null,,,
10295,falling,1,,,,,null,,,
10296,falling,1,1008,414,11422,87.12,sam2,2.0,1498.383,22.833
10297,falling,1,,,,,null,,,
10298,falling,1,,,,,null,,,
10299,falling,1,,,,,null,,,
10300,falling,1,1008,414,11402,86.97,sam2,0.0,0.0,0.0
10301,falling,1,,,,,null,,,
10302,falling,1,,,,,null,,,
10303,falling,1,,,,,null,,,
10304,falling,1,1008,415,11488,87.63,sam2,1.0,749.192,11.416
10305,falling,1,,,,,null,,,
10306,falling,1,,,,,null,,,
10307,falling,1,,,,,null,,,
10308,falling,1,1008,415,11508,87.78,sam2,0.0,0.0,0.0
10309,falling,1,,,,,null,,,
10310,falling,1,,,,,null,,,
10311,falling,1,,,,,null,,,
10312,falling,1,1009,416,11850,90.39,sam2,1.414,1059.517,16.145
10313,falling,1,,,,,null,,,
10314,falling,1,,,,,null,,,
10315,falling,1,,,,,null,,,
10316,falling,1,1009,415,11574,88.28,sam2,1.0,749.192,11.416
10317,falling,1,,,,,null,,,
10318,falling,1,,,,,null,,,
10319,falling,1,,,,,null,,,
10320,falling,1,1008,411,10708,81.68,sam2,4.123,3088.996,47.07
10321,falling,1,,,,,null,,,
10322,falling,1,,,,,null,,,
10323,falling,1,,,,,null,,,
10324,falling,1,1009,411,10660,81.31,sam2,1.0,749.192,11.416
10325,falling,1,,,,,null,,,
10326,falling,1,,,,,null,,,
10327,falling,1,,,,,null,,,
10328,falling,1,1009,412,10872,82.93,sam2,1.0,749.192,11.416
10329,falling,1,,,,,null,,,
10330,falling,1,,,,,null,,,
10331,falling,1,,,,,null,,,
10332,falling,1,1009,412,10785,82.27,sam2,0.0,0.0,0.0
10333,falling,1,,,,,null,,,
10334,falling,1,,,,,null,,,
10335,falling,1,,,,,null,,,
10336,falling,1,1008,412,10756,82.04,sam2,1.0,749.192,11.416
10337,falling,1,,,,,null,,,
10338,falling,1,,,,,null,,,
10339,falling,1,,,,,null,,,
10340,falling,1,1009,411,10575,80.66,sam2,1.414,1059.517,16.145
10341,falling,1,,,,,null,,,
10342,falling,1,,,,,null,,,
10343,falling,1,,,,,null,,,
10344,falling,1,1009,413,11171,85.21,sam2,2.0,1498.383,22.833
10345,falling,1,,,,,null,,,
10346,falling,1,,,,,null,,,
10347,falling,1,,,,,null,,,
10348,falling,1,1009,414,11232,85.68,sam2,1.0,749.192,11.416
10349,falling,1,,,,,null,,,
10350,falling,1,,,,,null,,,
10351,falling,1,,,,,null,,,
10352,falling,1,1009,414,11242,85.75,sam2,0.0,0.0,0.0
10353,falling,1,,,,,null,,,
10354,falling,1,,,,,null,,,
10355,falling,1,,,,,null,,,
10356,falling,1,1009,414,11258,85.87,sam2,0.0,0.0,0.0
10357,falling,1,,,,,null,,,
10358,falling,1,,,,,null,,,
10359,falling,1,,,,,null,,,
10360,falling,1,1009,414,11200,85.43,sam2,0.0,0.0,0.0
10361,falling,1,,,,,null,,,
10362,falling,1,,,,,null,,,
10363,falling,1,,,,,null,,,
10364,falling,1,1009,414,11334,86.45,sam2,0.0,0.0,0.0
10365,falling,1,,,,,null,,,
10366,falling,1,,,,,null,,,
10367,falling,1,,,,,null,,,
10368,falling,1,1009,411,10615,80.97,sam2,3.0,2247.575,34.249
10369,falling,1,,,,,null,,,
10370,falling,1,,,,,null,,,
10371,falling,1,,,,,null,,,
10372,falling,1,1009,414,11360,86.65,sam2,3.0,2247.575,34.249
10373,falling,1,,,,,null,,,
10374,falling,1,,,,,null,,,
10375,falling,1,,,,,null,,,
10376,falling,1,1009,411,10615,80.97,sam2,3.0,2247.575,34.249
10377,falling,1,,,,,null,,,
10378,falling,1,,,,,null,,,
10379,falling,1,,,,,null,,,
10380,falling,1,1009,415,11475,87.53,sam2,4.0,2996.766,45.665
10381,falling,1,,,,,null,,,
10382,falling,1,,,,,null,,,
10383,falling,1,,,,,null,,,
10384,falling,1,1009,414,11253,85.84,sam2,1.0,749.192,11.416
10385,falling,1,,,,,null,,,
10386,falling,1,,,,,null,,,
10387,falling,1,,,,,null,,,
10388,falling,1,1009,415,11468,87.48,sam2,1.0,749.192,11.416
10389,falling,1,,,,,null,,,
10390,falling,1,,,,,null,,,
10391,falling,1,,,,,null,,,
10392,falling,1,1009,414,11313,86.29,sam2,1.0,749.192,11.416
10393,falling,1,,,,,null,,,
10394,falling,1,,,,,null,,,
10395,falling,1,,,,,null,,,
10396,falling,1,1009,414,11381,86.81,sam2,0.0,0.0,0.0
10397,falling,1,,,,,null,,,
10398,falling,1,,,,,null,,,
10399,falling,1,,,,,null,,,
10400,falling,1,1009,411,10575,80.66,sam2,3.0,2247.575,34.249
10401,falling,1,,,,,null,,,
10402,falling,1,,,,,null,,,
10403,falling,1,,,,,null,,,
10404,falling,1,1009,412,10754,82.03,sam2,1.0,749.192,11.416
10405,falling,1,,,,,null,,,
10406,falling,1,,,,,null,,,
10407,falling,1,,,,,null,,,
10408,falling,1,1009,411,10658,81.3,sam2,1.0,749.192,11.416
10409,falling,1,,,,,null,,,
10410,falling,1,,,,,null,,,
10411,falling,1,,,,,null,,,
10412,falling,1,1009,416,11847,90.37,sam2,5.0,3745.958,57.081
10413,falling,1,,,,,null,,,
10414,falling,1,,,,,null,,,
10415,falling,1,,,,,null,,,
10416,falling,1,1009,414,11424,87.14,sam2,2.0,1498.383,22.833
10417,falling,1,,,,,null,,,
10418,falling,1,,,,,null,,,
10419,falling,1,,,,,null,,,
10420,falling,1,1009,416,11742,89.57,sam2,2.0,1498.383,22.833
10421,falling,1,,,,,null,,,
10422,falling,1,,,,,null,,,
10423,falling,1,,,,,null,,,
10424,falling,1,1009,414,11282,86.06,sam2,2.0,1498.383,22.833
10425,falling,1,,,,,null,,,
10426,falling,1,,,,,null,,,
10427,falling,1,,,,,null,,,
10428,falling,1,1009,414,11361,86.66,sam2,0.0,0.0,0.0
10429,falling,1,,,,,null,,,
10430,falling,1,,,,,null,,,
10431,falling,1,,,,,null,,,
10432,falling,1,1009,412,10700,81.62,sam2,2.0,1498.383,22.833
10433,falling,1,,,,,null,,,
10434,falling,1,,,,,null,,,
10435,falling,1,,,,,null,,,
10436,falling,1,1009,418,12281,93.68,sam2,6.0,4495.15,68.498
10437,falling,1,,,,,null,,,
10438,falling,1,,,,,null,,,
10439,falling,1,,,,,null,,,
10440,falling,1,1009,412,10799,82.37,sam2,6.0,4495.15,68.498
10441,falling,1,,,,,null,,,
10442,falling,1,,,,,null,,,
10443,falling,1,,,,,null,,,
10444,falling,1,1009,412,10769,82.14,sam2,0.0,0.0,0.0
10445,falling,1,,,,,null,,,
10446,falling,1,,,,,null,,,
10447,falling,1,,,,,null,,,
10448,falling,1,1009,412,10813,82.48,sam2,0.0,0.0,0.0
10449,falling,1,,,,,null,,,
10450,falling,1,,,,,null,,,
10451,falling,1,,,,,null,,,
10452,falling,1,1009,411,10564,80.58,sam2,1.0,749.192,11.416
10453,falling,1,,,,,null,,,
10454,falling,1,,,,,null,,,
10455,falling,1,,,,,null,,,
10456,falling,1,1009,415,11440,87.26,sam2,4.0,2996.766,45.665
10457,falling,1,,,,,null,,,
10458,falling,1,,,,,null,,,
10459,falling,1,,,,,null,,,
10460,falling,1,1009,415,11474,87.52,sam2,0.0,0.0,0.0
10461,falling,1,,,,,null,,,
10462,falling,1,,,,,null,,,
10463,falling,1,,,,,null,,,
10464,falling,1,1009,414,11238,85.72,sam2,1.0,749.192,11.416
10465,falling,1,,,,,null,,,
10466,falling,1,,,,,null,,,
10467,falling,1,,,,,null,,,
10468,falling,1,1009,415,11427,87.16,sam2,1.0,749.192,11.416
10469,falling,1,,,,,null,,,
10470,falling,1,,,,,null,,,
10471,falling,1,,,,,null,,,
10472,falling,1,1009,415,11614,88.59,sam2,0.0,0.0,0.0
10473,falling,1,,,,,null,,,
10474,falling,1,,,,,null,,,
10475,falling,1,,,,,null,,,
10476,falling,1,1009,415,11562,88.19,sam2,0.0,0.0,0.0
10477,falling,1,,,,,null,,,
10478,falling,1,,,,,null,,,
10479,falling,1,,,,,null,,,
10480,falling,1,1009,412,10667,81.37,sam2,3.0,2247.575,34.249
10481,falling,1,,,,,null,,,
10482,falling,1,,,,,null,,,
10483,falling,1,,,,,null,,,
10484,falling,1,1009,412,10708,81.68,sam2,0.0,0.0,0.0
10485,falling,1,,,,,null,,,
10486,falling,1,,,,,null,,,
10487,falling,1,,,,,null,,,
10488,falling,1,1009,412,10697,81.59,sam2,0.0,0.0,0.0
10489,falling,1,,,,,null,,,
10490,falling,1,,,,,null,,,
10491,falling,1,,,,,null,,,
10492,falling,1,1009,412,10664,81.34,sam2,0.0,0.0,0.0
10493,falling,1,,,,,null,,,
10494,falling,1,,,,,null,,,
10495,falling,1,,,,,null,,,
10496,falling,1,1009,411,10621,81.01,sam2,1.0,749.192,11.416
10497,falling,1,,,,,null,,,
10498,falling,1,,,,,null,,,
10499,falling,1,,,,,null,,,
10500,falling,1,1009,415,11506,87.77,sam2,4.0,2996.766,45.665
10501,falling,1,,,,,null,,,
10502,falling,1,,,,,null,,,
10503,falling,1,,,,,null,,,
10504,falling,1,1009,414,11181,85.29,sam2,1.0,749.192,11.416
10505,falling,1,,,,,null,,,
10506,falling,1,,,,,null,,,
10507,falling,1,,,,,null,,,
10508,falling,1,1009,414,11228,85.64,sam2,0.0,0.0,0.0
10509,falling,1,,,,,null,,,
10510,falling,1,,,,,null,,,
10511,falling,1,,,,,null,,,
10512,falling,1,1009,414,11277,86.02,sam2,0.0,0.0,0.0
10513,falling,1,,,,,null,,,
10514,falling,1,,,,,null,,,
10515,falling,1,,,,,null,,,
10516,falling,1,1009,412,10671,81.4,sam2,2.0,1498.383,22.833
10517,falling,1,,,,,null,,,
10518,falling,1,,,,,null,,,
10519,falling,1,,,,,null,,,
10520,falling,1,1009,414,11238,85.72,sam2,2.0,1498.383,22.833
10521,falling,1,,,,,null,,,
10522,falling,1,,,,,null,,,
10523,falling,1,,,,,null,,,
10524,falling,1,1009,412,10725,81.81,sam2,2.0,1498.383,22.833
10525,falling,1,,,,,null,,,
10526,falling,1,,,,,null,,,
10527,falling,1,,,,,null,,,
10528,falling,1,1009,415,11503,87.74,sam2,3.0,2247.575,34.249
10529,falling,1,,,,,null,,,
10530,falling,1,,,,,null,,,
10531,falling,1,,,,,null,,,
10532,falling,1,1009,411,10569,80.62,sam2,4.0,2996.766,45.665
10533,falling,1,,,,,null,,,
10534,falling,1,,,,,null,,,
10535,falling,1,,,,,null,,,
10536,falling,1,1009,414,11307,86.25,sam2,3.0,2247.575,34.249
10537,falling,1,,,,,null,,,
10538,falling,1,,,,,null,,,
10539,falling,1,,,,,null,,,
10540,falling,1,1009,414,11276,86.01,sam2,0.0,0.0,0.0
10541,falling,1,,,,,null,,,
10542,falling,1,,,,,null,,,
10543,falling,1,,,,,null,,,
10544,falling,1,1009,416,11748,89.61,sam2,2.0,1498.383,22.833
10545,falling,1,,,,,null,,,
10546,falling,1,,,,,null,,,
10547,falling,1,,,,,null,,,
10548,falling,1,1008,414,11305,86.23,sam2,2.236,1675.243,25.528
10549,falling,1,,,,,null,,,
10550,falling,1,,,,,null,,,
10551,falling,1,,,,,null,,,
10552,falling,1,1009,412,10732,81.86,sam2,2.236,1675.243,25.528
10553,falling,1,,,,,null,,,
10554,falling,1,,,,,null,,,
10555,falling,1,,,,,null,,,
10556,falling,1,1008,414,11272,85.98,sam2,2.236,1675.243,25.528
10557,falling,1,,,,,null,,,
10558,falling,1,,,,,null,,,
10559,falling,1,,,,,null,,,
10560,falling,1,1009,417,12019,91.68,sam2,3.162,2369.152,36.101
10561,falling,1,,,,,null,,,
10562,falling,1,,,,,null,,,
10563,falling,1,,,,,null,,,
10564,falling,1,1009,416,11729,89.47,sam2,1.0,749.192,11.416
10565,falling,1,,,,,null,,,
10566,falling,1,,,,,null,,,
10567,falling,1,,,,,null,,,
10568,falling,1,1009,411,10454,79.74,sam2,5.0,3745.958,57.081
10569,falling,1,,,,,null,,,
10570,falling,1,,,,,null,,,
10571,falling,1,,,,,null,,,
10572,falling,1,1008,412,10689,81.53,sam2,1.414,1059.517,16.145
10573,falling,1,,,,,null,,,
10574,falling,1,,,,,null,,,
10575,falling,1,,,,,null,,,
10576,falling,1,1009,415,11488,87.63,sam2,3.162,2369.152,36.101
10577,falling,1,,,,,null,,,
10578,falling,1,,,,,null,,,
10579,falling,1,,,,,null,,,
10580,falling,1,1009,411,10551,80.48,sam2,4.0,2996.766,45.665
10581,falling,1,,,,,null,,,
10582,falling,1,,,,,null,,,
10583,falling,1,,,,,null,,,
10584,falling,1,1009,411,10481,79.95,sam2,0.0,0.0,0.0
10585,falling,1,,,,,null,,,
10586,falling,1,,,,,null,,,
10587,falling,1,,,,,null,,,
10588,falling,1,1009,418,12090,92.22,sam2,7.0,5244.341,79.914
10589,falling,1,,,,,null,,,
10590,falling,1,,,,,null,,,
10591,falling,1,,,,,null,,,
10592,falling,1,1009,415,11501,87.73,sam2,3.0,2247.575,34.249
10593,falling,1,,,,,null,,,
10594,falling,1,,,,,null,,,
10595,falling,1,,,,,null,,,
10596,falling,1,1009,416,11619,88.63,sam2,1.0,749.192,11.416
10597,falling,1,,,,,null,,,
10598,falling,1,,,,,null,,,
10599,falling,1,,,,,null,,,
10600,falling,1,1009,415,11479,87.56,sam2,1.0,749.192,11.416
10601,falling,1,,,,,null,,,
10602,falling,1,,,,,null,,,
10603,falling,1,,,,,null,,,
10604,falling,1,1009,415,11457,87.39,sam2,0.0,0.0,0.0
10605,falling,1,,,,,null,,,
10606,falling,1,,,,,null,,,
10607,falling,1,,,,,null,,,
10608,falling,1,1009,411,10510,80.17,sam2,4.0,2996.766,45.665
10609,falling,1,,,,,null,,,
10610,falling,1,,,,,null,,,
10611,falling,1,,,,,null,,,
10612,falling,1,1009,412,10715,81.73,sam2,1.0,749.192,11.416
10613,falling,1,,,,,null,,,
10614,falling,1,,,,,null,,,
10615,falling,1,,,,,null,,,
10616,falling,1,1008,411,10424,79.51,sam2,1.414,1059.517,16.145
10617,falling,1,,,,,null,,,
10618,falling,1,,,,,null,,,
10619,falling,1,,,,,null,,,
10620,falling,1,1008,411,10547,80.45,sam2,0.0,0.0,0.0
10621,falling,1,,,,,null,,,
10622,falling,1,,,,,null,,,
10623,falling,1,,,,,null,,,
10624,falling,1,1008,411,10518,80.23,sam2,0.0,0.0,0.0
10625,falling,1,,,,,null,,,
10626,falling,1,,,,,null,,,
10627,falling,1,,,,,null,,,
10628,falling,1,1009,411,10546,80.44,sam2,1.0,749.192,11.416
10629,falling,1,,,,,null,,,
10630,falling,1,,,,,null,,,
10631,falling,1,,,,,null,,,
10632,falling,1,1008,414,11250,85.81,sam2,3.162,2369.152,36.101
10633,falling,1,,,,,null,,,
10634,falling,1,,,,,null,,,
10635,falling,1,,,,,null,,,
10636,falling,1,1009,415,11318,86.33,sam2,1.414,1059.517,16.145
10637,falling,1,,,,,null,,,
10638,falling,1,,,,,null,,,
10639,falling,1,,,,,null,,,
10640,falling,1,1009,414,11234,85.69,sam2,1.0,749.192,11.416
10641,falling,1,,,,,null,,,
10642,falling,1,,,,,null,,,
10643,falling,1,,,,,null,,,
10644,falling,1,1009,415,11280,86.04,sam2,1.0,749.192,11.416
10645,falling,1,,,,,null,,,
10646,falling,1,,,,,null,,,
10647,falling,1,,,,,null,,,
10648,falling,1,1009,415,11438,87.25,sam2,0.0,0.0,0.0
10649,falling,1,,,,,null,,,
10650,falling,1,,,,,null,,,
10651,falling,1,,,,,null,,,
10652,falling,1,1009,411,10570,80.63,sam2,4.0,2996.766,45.665
10653,falling,1,,,,,null,,,
10654,falling,1,,,,,null,,,
10655,falling,1,,,,,null,,,
10656,falling,1,1009,416,11546,88.07,sam2,5.0,3745.958,57.081
10657,falling,1,,,,,null,,,
10658,falling,1,,,,,null,,,
10659,falling,1,,,,,null,,,
10660,falling,1,1009,411,10494,80.05,sam2,5.0,3745.958,57.081
10661,falling,1,,,,,null,,,
10662,falling,1,,,,,null,,,
10663,falling,1,,,,,null,,,
10664,falling,1,1009,417,11737,89.53,sam2,6.0,4495.15,68.498
10665,falling,1,,,,,null,,,
10666,falling,1,,,,,null,,,
10667,falling,1,,,,,null,,,
10668,falling,1,1009,412,10650,81.24,sam2,5.0,3745.958,57.081
10669,falling,1,,,,,null,,,
10670,falling,1,,,,,null,,,
10671,falling,1,,,,,null,,,
10672,falling,1,1009,411,10402,79.34,sam2,1.0,749.192,11.416
10673,falling,1,,,,,null,,,
10674,falling,1,,,,,null,,,
10675,falling,1,,,,,null,,,
10676,falling,1,1009,412,10627,81.06,sam2,1.0,749.192,11.416
10677,falling,1,,,,,null,,,
10678,falling,1,,,,,null,,,
10679,falling,1,,,,,null,,,
10680,falling,1,1009,411,10482,79.95,sam2,1.0,749.192,11.416
10681,falling,1,,,,,null,,,
10682,falling,1,,,,,null,,,
10683,falling,1,,,,,null,,,
10684,falling,1,1009,412,10643,81.18,sam2,1.0,749.192,11.416
10685,falling,1,,,,,null,,,
10686,falling,1,,,,,null,,,
10687,falling,1,,,,,null,,,
10688,falling,1,1008,415,11294,86.15,sam2,3.162,2369.152,36.101
10689,falling,1,,,,,null,,,
10690,falling,1,,,,,null,,,
10691,falling,1,,,,,null,,,
10692,falling,1,1009,414,11170,85.2,sam2,1.414,1059.517,16.145
10693,falling,1,,,,,null,,,
10694,falling,1,,,,,null,,,
10695,falling,1,,,,,null,,,
10696,falling,1,1009,415,11430,87.19,sam2,1.0,749.192,11.416
10697,falling,1,,,,,null,,,
10698,falling,1,,,,,null,,,
10699,falling,1,,,,,null,,,
10700,falling,1,1009,414,11208,85.49,sam2,1.0,749.192,11.416
10701,falling,1,,,,,null,,,
10702,falling,1,,,,,null,,,
10703,falling,1,,,,,null,,,
10704,falling,1,1009,415,11345,86.54,sam2,1.0,749.192,11.416
10705,falling,1,,,,,null,,,
10706,falling,1,,,,,null,,,
10707,falling,1,,,,,null,,,
10708,falling,1,1009,415,11366,86.7,sam2,0.0,0.0,0.0
10709,falling,1,,,,,null,,,
10710,falling,1,,,,,null,,,
10711,falling,1,,,,,null,,,
10712,falling,1,1009,411,10466,79.83,sam2,4.0,2996.766,45.665
10713,falling,1,,,,,null,,,
10714,falling,1,,,,,null,,,
10715,falling,1,,,,,null,,,
10716,falling,1,1009,412,10493,80.04,sam2,1.0,749.192,11.416
10717,falling,1,,,,,null,,,
10718,falling,1,,,,,null,,,
10719,falling,1,,,,,null,,,
10720,falling,1,1009,417,11775,89.82,sam2,5.0,3745.958,57.081
10721,falling,1,,,,,null,,,
10722,falling,1,,,,,null,,,
10723,falling,1,,,,,null,,,
10724,falling,1,1009,412,10520,80.24,sam2,5.0,3745.958,57.081
10725,falling,1,,,,,null,,,
10726,falling,1,,,,,null,,,
10727,falling,1,,,,,null,,,
10728,falling,1,1009,416,11578,88.31,sam2,4.0,2996.766,45.665
10729,falling,1,,,,,null,,,
10730,falling,1,,,,,null,,,
10731,falling,1,,,,,null,,,
10732,falling,1,1009,416,11644,88.82,sam2,0.0,0.0,0.0
10733,falling,1,,,,,null,,,
10734,falling,1,,,,,null,,,
10735,falling,1,,,,,null,,,
10736,falling,1,1009,415,11332,86.44,sam2,1.0,749.192,11.416
10737,falling,1,,,,,null,,,
10738,falling,1,,,,,null,,,
10739,falling,1,,,,,null,,,
10740,falling,1,1009,412,10603,80.88,sam2,3.0,2247.575,34.249
10741,falling,1,,,,,null,,,
10742,falling,1,,,,,null,,,
10743,falling,1,,,,,null,,,
10744,falling,1,1009,412,10681,81.47,sam2,0.0,0.0,0.0
10745,falling,1,,,,,null,,,
10746,falling,1,,,,,null,,,
10747,falling,1,,,,,null,,,
10748,falling,1,1009,411,10405,79.37,sam2,1.0,749.192,11.416
10749,falling,1,,,,,null,,,
10750,falling,1,,,,,null,,,
10751,falling,1,,,,,null,,,
10752,falling,1,1009,412,10514,80.2,sam2,1.0,749.192,11.416
10753,falling,1,,,,,null,,,
10754,falling,1,,,,,null,,,
10755,falling,1,,,,,null,,,
10756,falling,1,1009,412,10448,79.69,sam2,0.0,0.0,0.0
10757,falling,1,,,,,null,,,
10758,falling,1,,,,,null,,,
10759,falling,1,,,,,null,,,
10760,falling,1,1009,412,10439,79.63,sam2,0.0,0.0,0.0
10761,falling,1,,,,,null,,,
10762,falling,1,,,,,null,,,
10763,falling,1,,,,,null,,,
10764,falling,1,1009,415,11182,85.29,sam2,3.0,2247.575,34.249
10765,falling,1,,,,,null,,,
10766,falling,1,,,,,null,,,
10767,falling,1,,,,,null,,,
10768,falling,1,1009,415,11232,85.68,sam2,0.0,0.0,0.0
10769,falling,1,,,,,null,,,
10770,falling,1,,,,,null,,,
10771,falling,1,,,,,null,,,
10772,falling,1,1009,415,11176,85.25,sam2,0.0,0.0,0.0
10773,falling,1,,,,,null,,,
10774,falling,1,,,,,null,,,
10775,falling,1,,,,,null,,,
10776,falling,1,1009,415,11160,85.13,sam2,0.0,0.0,0.0
10777,falling,1,,,,,null,,,
10778,falling,1,,,,,null,,,
10779,falling,1,,,,,null,,,
10780,falling,1,1009,415,11214,85.54,sam2,0.0,0.0,0.0
10781,falling,1,,,,,null,,,
10782,falling,1,,,,,null,,,
10783,falling,1,,,,,null,,,
10784,falling,1,1009,415,11151,85.06,sam2,0.0,0.0,0.0
10785,falling,1,,,,,null,,,
10786,falling,1,,,,,null,,,
10787,falling,1,,,,,null,,,
10788,falling,1,1009,412,10436,79.6,sam2,3.0,2247.575,34.249
10789,falling,1,,,,,null,,,
10790,falling,1,,,,,null,,,
10791,falling,1,,,,,null,,,
10792,falling,1,1009,411,10296,78.54,sam2,1.0,749.192,11.416
10793,falling,1,,,,,null,,,
10794,falling,1,,,,,null,,,
10795,falling,1,,,,,null,,,
10796,falling,1,1009,416,11526,87.92,sam2,5.0,3745.958,57.081
10797,falling,1,,,,,null,,,
10798,falling,1,,,,,null,,,
10799,falling,1,,,,,null,,,
10800,falling,1,1008,413,10751,82.01,sam2,3.162,2369.152,36.101
10801,falling,1,,,,,null,,,
10802,falling,1,,,,,null,,,
10803,falling,1,,,,,null,,,
10804,falling,1,1009,416,11406,87.0,sam2,3.162,2369.152,36.101
10805,falling,1,,,,,null,,,
10806,falling,1,,,,,null,,,
10807,falling,1,,,,,null,,,
10808,falling,1,1009,412,10494,80.05,sam2,4.0,2996.766,45.665
10809,falling,1,,,,,null,,,
10810,falling,1,,,,,null,,,
10811,falling,1,,,,,null,,,
10812,falling,1,1009,415,11148,85.03,sam2,3.0,2247.575,34.249
10813,falling,1,,,,,null,,,
10814,falling,1,,,,,null,,,
10815,falling,1,,,,,null,,,
10816,falling,1,1009,415,11256,85.86,sam2,0.0,0.0,0.0
10817,falling,1,,,,,null,,,
10818,falling,1,,,,,null,,,
10819,falling,1,,,,,null,,,
10820,falling,1,1009,416,11397,86.93,sam2,1.0,749.192,11.416
10821,falling,1,,,,,null,,,
10822,falling,1,,,,,null,,,
10823,falling,1,,,,,null,,,
10824,falling,1,1009,415,11228,85.64,sam2,1.0,749.192,11.416
10825,falling,1,,,,,null,,,
10826,falling,1,,,,,null,,,
10827,falling,1,,,,,null,,,
10828,falling,1,1009,416,11404,86.99,sam2,1.0,749.192,11.416
10829,falling,1,,,,,null,,,
10830,falling,1,,,,,null,,,
10831,falling,1,,,,,null,,,
10832,falling,1,1009,412,10555,80.51,sam2,4.0,2996.766,45.665
10833,falling,1,,,,,null,,,
10834,falling,1,,,,,null,,,
10835,falling,1,,,,,null,,,
10836,falling,1,1009,413,10709,81.69,sam2,1.0,749.192,11.416
10837,falling,1,,,,,null,,,
10838,falling,1,,,,,null,,,
10839,falling,1,,,,,null,,,
10840,falling,1,1009,412,10402,79.34,sam2,1.0,749.192,11.416
10841,falling,1,,,,,null,,,
10842,falling,1,,,,,null,,,
10843,falling,1,,,,,null,,,
10844,falling,1,1009,419,12073,92.09,sam2,7.0,5244.341,79.914
10845,falling,1,,,,,null,,,
10846,falling,1,,,,,null,,,
10847,falling,1,,,,,null,,,
10848,falling,1,1009,413,10733,81.87,sam2,6.0,4495.15,68.498
10849,falling,1,,,,,null,,,
10850,falling,1,,,,,null,,,
10851,falling,1,,,,,null,,,
10852,falling,1,1009,412,10394,79.28,sam2,1.0,749.192,11.416
10853,falling,1,,,,,null,,,
10854,falling,1,,,,,null,,,
10855,falling,1,,,,,null,,,
10856,falling,1,1009,416,11392,86.9,sam2,4.0,2996.766,45.665
10857,falling,1,,,,,null,,,
10858,falling,1,,,,,null,,,
10859,falling,1,,,,,null,,,
10860,falling,1,1009,415,11233,85.68,sam2,1.0,749.192,11.416
10861,falling,1,,,,,null,,,
10862,falling,1,,,,,null,,,
10863,falling,1,,,,,null,,,
10864,falling,1,1009,415,11348,86.56,sam2,0.0,0.0,0.0
10865,falling,1,,,,,null,,,
10866,falling,1,,,,,null,,,
10867,falling,1,,,,,null,,,
10868,falling,1,1009,412,10506,80.14,sam2,3.0,2247.575,34.249
10869,falling,1,,,,,null,,,
10870,falling,1,,,,,null,,,
10871,falling,1,,,,,null,,,
10872,falling,1,1009,412,10525,80.28,sam2,0.0,0.0,0.0
10873,falling,1,,,,,null,,,
10874,falling,1,,,,,null,,,
10875,falling,1,,,,,null,,,
10876,falling,1,1009,412,10507,80.14,sam2,0.0,0.0,0.0
10877,falling,1,,,,,null,,,
10878,falling,1,,,,,null,,,
10879,falling,1,,,,,null,,,
10880,falling,1,1009,417,11563,88.2,sam2,5.0,3745.958,57.081
10881,falling,1,,,,,null,,,
10882,falling,1,,,,,null,,,
10883,falling,1,,,,,null,,,
10884,falling,1,1009,411,10389,79.24,sam2,6.0,4495.15,68.498
10885,falling,1,,,,,null,,,
10886,falling,1,,,,,null,,,
10887,falling,1,,,,,null,,,
10888,falling,1,1009,412,10448,79.69,sam2,1.0,749.192,11.416
10889,falling,1,,,,,null,,,
10890,falling,1,,,,,null,,,
10891,falling,1,,,,,null,,,
10892,falling,1,1009,412,10406,79.37,sam2,0.0,0.0,0.0
10893,falling,1,,,,,null,,,
10894,falling,1,,,,,null,,,
10895,falling,1,,,,,null,,,
10896,falling,1,1008,414,11023,84.08,sam2,2.236,1675.243,25.528
10897,falling,1,,,,,null,,,
10898,falling,1,,,,,null,,,
10899,falling,1,,,,,null,,,
10900,falling,1,1008,412,10397,79.31,sam2,2.0,1498.383,22.833
10901,falling,1,,,,,null,,,
10902,falling,1,,,,,null,,,
10903,falling,1,,,,,null,,,
10904,falling,1,1009,412,10485,79.98,sam2,1.0,749.192,11.416
10905,falling,1,,,,,null,,,
10906,falling,1,,,,,null,,,
10907,falling,1,,,,,null,,,
10908,falling,1,1008,414,11033,84.16,sam2,2.236,1675.243,25.528
10909,falling,1,,,,,null,,,
10910,falling,1,,,,,null,,,
10911,falling,1,,,,,null,,,
10912,falling,1,1008,415,11087,84.57,sam2,1.0,749.192,11.416
10913,falling,1,,,,,null,,,
10914,falling,1,,,,,null,,,
10915,falling,1,,,,,null,,,
10916,falling,1,1009,416,11344,86.53,sam2,1.414,1059.517,16.145
10917,falling,1,,,,,null,,,
10918,falling,1,,,,,null,,,
10919,falling,1,,,,,null,,,
10920,falling,1,1009,415,11311,86.28,sam2,1.0,749.192,11.416
10921,falling,1,,,,,null,,,
10922,falling,1,,,,,null,,,
10923,falling,1,,,,,null,,,
10924,falling,1,1009,415,11304,86.22,sam2,0.0,0.0,0.0
10925,falling,1,,,,,null,,,
10926,falling,1,,,,,null,,,
10927,falling,1,,,,,null,,,
10928,falling,1,1009,417,11607,88.54,sam2,2.0,1498.383,22.833
10929,falling,1,,,,,null,,,
10930,falling,1,,,,,null,,,
10931,falling,1,,,,,null,,,
10932,falling,1,1009,417,11722,89.41,sam2,0.0,0.0,0.0
10933,falling,1,,,,,null,,,
10934,falling,1,,,,,null,,,
10935,falling,1,,,,,null,,,
10936,falling,1,1009,413,10626,81.05,sam2,4.0,2996.766,45.665
10937,falling,1,,,,,null,,,
10938,falling,1,,,,,null,,,
10939,falling,1,,,,,null,,,
10940,falling,1,1009,413,10638,81.14,sam2,0.0,0.0,0.0
10941,falling,1,,,,,null,,,
10942,falling,1,,,,,null,,,
10943,falling,1,,,,,null,,,
10944,falling,1,1008,413,10666,81.36,sam2,1.0,749.192,11.416
10945,falling,1,,,,,null,,,
10946,falling,1,,,,,null,,,
10947,falling,1,,,,,null,,,
10948,falling,1,1008,412,10526,80.29,sam2,1.0,749.192,11.416
10949,falling,1,,,,,null,,,
10950,falling,1,,,,,null,,,
10951,falling,1,,,,,null,,,
10952,falling,1,1009,413,10584,80.73,sam2,1.414,1059.517,16.145
10953,falling,1,,,,,null,,,
10954,falling,1,,,,,null,,,
10955,falling,1,,,,,null,,,
10956,falling,1,1009,412,10399,79.32,sam2,1.0,749.192,11.416
10957,falling,1,,,,,null,,,
10958,falling,1,,,,,null,,,
10959,falling,1,,,,,null,,,
10960,falling,1,1009,414,10945,83.49,sam2,2.0,1498.383,22.833
10961,falling,1,,,,,null,,,
10962,falling,1,,,,,null,,,
10963,falling,1,,,,,null,,,
10964,falling,1,1008,415,11068,84.42,sam2,1.414,1059.517,16.145
10965,falling,1,,,,,null,,,
10966,falling,1,,,,,null,,,
10967,falling,1,,,,,null,,,
10968,falling,1,1009,415,11110,84.74,sam2,1.0,749.192,11.416
10969,falling,1,,,,,null,,,
10970,falling,1,,,,,null,,,
10971,falling,1,,,,,null,,,
10972,falling,1,1008,415,11163,85.15,sam2,1.0,749.192,11.416
10973,falling,1,,,,,null,,,
10974,falling,1,,,,,null,,,
10975,falling,1,,,,,null,,,
10976,falling,1,1008,415,11115,84.78,sam2,0.0,0.0,0.0
10977,falling,1,,,,,null,,,
10978,falling,1,,,,,null,,,
10979,falling,1,,,,,null,,,
10980,falling,1,1008,415,11156,85.1,sam2,0.0,0.0,0.0
10981,falling,1,,,,,null,,,
10982,falling,1,,,,,null,,,
10983,falling,1,,,,,null,,,
10984,falling,1,1009,417,11614,88.59,sam2,2.236,1675.243,25.528
10985,falling,1,,,,,null,,,
10986,falling,1,,,,,null,,,
10987,falling,1,,,,,null,,,
10988,falling,1,1008,412,10532,80.34,sam2,5.099,3820.143,58.212
10989,falling,1,,,,,null,,,
10990,falling,1,,,,,null,,,
10991,falling,1,,,,,null,,,
10992,falling,1,1009,417,11701,89.25,sam2,5.099,3820.143,58.212
10993,falling,1,,,,,null,,,
10994,falling,1,,,,,null,,,
10995,falling,1,,,,,null,,,
10996,falling,1,1008,412,10374,79.13,sam2,5.099,3820.143,58.212
10997,falling,1,,,,,null,,,
10998,falling,1,,,,,null,,,
10999,falling,1,,,,,null,,,
11000,falling,1,1008,415,11197,85.41,sam2,3.0,2247.575,34.249
11001,falling,1,,,,,null,,,
11002,falling,1,,,,,null,,,
11003,falling,1,,,,,null,,,
11004,falling,1,1008,413,10677,81.44,sam2,2.0,1498.383,22.833
11005,falling,1,,,,,null,,,
11006,falling,1,,,,,null,,,
11007,falling,1,,,,,null,,,
11008,falling,1,1009,418,11748,89.61,sam2,5.099,3820.143,58.212
11009,falling,1,,,,,null,,,
11010,falling,1,,,,,null,,,
11011,falling,1,,,,,null,,,
11012,falling,1,1008,412,10467,79.84,sam2,6.083,4557.155,69.442
11013,falling,1,,,,,null,,,
11014,falling,1,,,,,null,,,
11015,falling,1,,,,,null,,,
11016,falling,1,1008,413,10550,80.47,sam2,1.0,749.192,11.416
11017,falling,1,,,,,null,,,
11018,falling,1,,,,,null,,,
11019,falling,1,,,,,null,,,
11020,falling,1,1008,415,11240,85.74,sam2,2.0,1498.383,22.833
11021,falling,1,,,,,null,,,
11022,falling,1,,,,,null,,,
11023,falling,1,,,,,null,,,
11024,falling,1,1008,416,11305,86.23,sam2,1.0,749.192,11.416
11025,falling,1,,,,,null,,,
11026,falling,1,,,,,null,,,
11027,falling,1,,,,,null,,,
11028,falling,1,1008,416,11355,86.61,sam2,0.0,0.0,0.0
11029,falling,1,,,,,null,,,
11030,falling,1,,,,,null,,,
11031,falling,1,,,,,null,,,
11032,falling,1,1008,416,11387,86.86,sam2,0.0,0.0,0.0
11033,falling,1,,,,,null,,,
11034,falling,1,,,,,null,,,
11035,falling,1,,,,,null,,,
11036,falling,1,1008,416,11365,86.69,sam2,0.0,0.0,0.0
11037,falling,1,,,,,null,,,
11038,falling,1,,,,,null,,,
11039,falling,1,,,,,null,,,
11040,falling,1,1008,412,10398,79.31,sam2,4.0,2996.766,45.665
11041,falling,1,,,,,null,,,
11042,falling,1,,,,,null,,,
11043,falling,1,,,,,null,,,
11044,falling,1,1008,412,10398,79.31,sam2,0.0,0.0,0.0
11045,falling,1,,,,,null,,,
11046,falling,1,,,,,null,,,
11047,falling,1,,,,,null,,,
11048,falling,1,1008,413,10520,80.24,sam2,1.0,749.192,11.416
11049,falling,1,,,,,null,,,
11050,falling,1,,,,,null,,,
11051,falling,1,,,,,null,,,
11052,falling,1,1009,418,11789,89.92,sam2,5.099,3820.143,58.212
11053,falling,1,,,,,null,,,
11054,falling,1,,,,,null,,,
11055,falling,1,,,,,null,,,
11056,falling,1,1008,412,10451,79.72,sam2,6.083,4557.155,69.442
11057,falling,1,,,,,null,,,
11058,falling,1,,,,,null,,,
11059,falling,1,,,,,null,,,
11060,falling,1,1008,413,10531,80.33,sam2,1.0,749.192,11.416
11061,falling,1,,,,,null,,,
11062,falling,1,,,,,null,,,
11063,falling,1,,,,,null,,,
11064,falling,1,1008,415,11121,84.83,sam2,2.0,1498.383,22.833
11065,falling,1,,,,,null,,,
11066,falling,1,,,,,null,,,
11067,falling,1,,,,,null,,,
11068,falling,1,1008,415,11091,84.6,sam2,0.0,0.0,0.0
11069,falling,1,,,,,null,,,
11070,falling,1,,,,,null,,,
11071,falling,1,,,,,null,,,
11072,falling,1,1008,415,11052,84.3,sam2,0.0,0.0,0.0
11073,falling,1,,,,,null,,,
11074,falling,1,,,,,null,,,
11075,falling,1,,,,,null,,,
11076,falling,1,1008,411,10205,77.84,sam2,4.0,2996.766,45.665
11077,falling,1,,,,,null,,,
11078,falling,1,,,,,null,,,
11079,falling,1,,,,,null,,,
11080,falling,1,1008,416,11412,87.05,sam2,5.0,3745.958,57.081
11081,falling,1,,,,,null,,,
11082,falling,1,,,,,null,,,
11083,falling,1,,,,,null,,,
11084,falling,1,1009,416,11416,87.08,sam2,1.0,749.192,11.416
11085,falling,1,,,,,null,,,
11086,falling,1,,,,,null,,,
11087,falling,1,,,,,null,,,
11088,falling,1,1009,418,11852,90.4,sam2,2.0,1498.383,22.833
11089,falling,1,,,,,null,,,
11090,falling,1,,,,,null,,,
11091,falling,1,,,,,null,,,
11092,falling,1,1008,413,10697,81.59,sam2,5.099,3820.143,58.212
11093,falling,1,,,,,null,,,
11094,falling,1,,,,,null,,,
11095,falling,1,,,,,null,,,
11096,falling,1,1009,418,11841,90.32,sam2,5.099,3820.143,58.212
11097,falling,1,,,,,null,,,
11098,falling,1,,,,,null,,,
11099,falling,1,,,,,null,,,
11100,falling,1,1009,419,11947,91.13,sam2,1.0,749.192,11.416
11101,falling,1,,,,,null,,,
11102,falling,1,,,,,null,,,
11103,falling,1,,,,,null,,,
11104,falling,1,1008,412,10391,79.26,sam2,7.071,5297.585,80.725
11105,falling,1,,,,,null,,,
11106,falling,1,,,,,null,,,
11107,falling,1,,,,,null,,,
11108,falling,1,1008,413,10494,80.05,sam2,1.0,749.192,11.416
11109,falling,1,,,,,null,,,
11110,falling,1,,,,,null,,,
11111,falling,1,,,,,null,,,
11112,falling,1,1009,420,12168,92.81,sam2,7.071,5297.585,80.725
11113,falling,1,,,,,null,,,
11114,falling,1,,,,,null,,,
11115,falling,1,,,,,null,,,
11116,falling,1,1008,412,10260,78.26,sam2,8.062,6040.176,92.041
11117,falling,1,,,,,null,,,
11118,falling,1,,,,,null,,,
11119,falling,1,,,,,null,,,
11120,falling,1,1009,417,11469,87.48,sam2,5.099,3820.143,58.212
11121,falling,1,,,,,null,,,
11122,falling,1,,,,,null,,,
11123,falling,1,,,,,null,,,
11124,falling,1,1009,413,10526,80.29,sam2,4.0,2996.766,45.665
11125,falling,1,,,,,null,,,
11126,falling,1,,,,,null,,,
11127,falling,1,,,,,null,,,
11128,falling,1,1008,412,10251,78.19,sam2,1.414,1059.517,16.145
11129,falling,1,,,,,null,,,
11130,falling,1,,,,,null,,,
11131,falling,1,,,,,null,,,
11132,falling,1,1009,415,11184,85.31,sam2,3.162,2369.152,36.101
11133,falling,1,,,,,null,,,
11134,falling,1,,,,,null,,,
11135,falling,1,,,,,null,,,
11136,falling,1,1008,413,10511,80.18,sam2,2.236,1675.243,25.528
11137,falling,1,,,,,null,,,
11138,falling,1,,,,,null,,,
11139,falling,1,,,,,null,,,
11140,falling,1,1009,416,11412,87.05,sam2,3.162,2369.152,36.101
11141,falling,1,,,,,null,,,
11142,falling,1,,,,,null,,,
11143,falling,1,,,,,null,,,
11144,falling,1,1008,412,10426,79.53,sam2,4.123,3088.996,47.07
11145,falling,1,,,,,null,,,
11146,falling,1,,,,,null,,,
11147,falling,1,,,,,null,,,
11148,falling,1,1008,416,11213,85.53,sam2,4.0,2996.766,45.665
11149,falling,1,,,,,null,,,
11150,falling,1,,,,,null,,,
11151,falling,1,,,,,null,,,
11152,falling,1,1008,416,11230,85.66,sam2,0.0,0.0,0.0
11153,falling,1,,,,,null,,,
11154,falling,1,,,,,null,,,
11155,falling,1,,,,,null,,,
11156,falling,1,1008,415,11131,84.9,sam2,1.0,749.192,11.416
11157,falling,1,,,,,null,,,
11158,falling,1,,,,,null,,,
11159,falling,1,,,,,null,,,
11160,falling,1,1008,415,11154,85.08,sam2,0.0,0.0,0.0
11161,falling,1,,,,,null,,,
11162,falling,1,,,,,null,,,
11163,falling,1,,,,,null,,,
11164,falling,1,1009,417,11475,87.53,sam2,2.236,1675.243,25.528
11165,falling,1,,,,,null,,,
11166,falling,1,,,,,null,,,
11167,falling,1,,,,,null,,,
11168,falling,1,1008,416,11234,85.69,sam2,1.414,1059.517,16.145
11169,falling,1,,,,,null,,,
11170,falling,1,,,,,null,,,
11171,falling,1,,,,,null,,,
11172,falling,1,1009,413,10516,80.21,sam2,3.162,2369.152,36.101
11173,falling,1,,,,,null,,,
11174,falling,1,,,,,null,,,
11175,falling,1,,,,,null,,,
11176,falling,1,1008,412,10383,79.2,sam2,1.414,1059.517,16.145
11177,falling,1,,,,,null,,,
11178,falling,1,,,,,null,,,
11179,falling,1,,,,,null,,,
11180,falling,1,1008,412,10430,79.56,sam2,0.0,0.0,0.0
11181,falling,1,,,,,null,,,
11182,falling,1,,,,,null,,,
11183,falling,1,,,,,null,,,
11184,falling,1,1008,413,10455,79.75,sam2,1.0,749.192,11.416
11185,falling,1,,,,,null,,,
11186,falling,1,,,,,null,,,
11187,falling,1,,,,,null,,,
11188,falling,1,1008,415,11151,85.06,sam2,2.0,1498.383,22.833
11189,falling,1,,,,,null,,,
11190,falling,1,,,,,null,,,
11191,falling,1,,,,,null,,,
11192,falling,1,1009,415,11023,84.08,sam2,1.0,749.192,11.416
11193,falling,1,,,,,null,,,
11194,falling,1,,,,,null,,,
11195,falling,1,,,,,null,,,
11196,falling,1,1008,415,10952,83.54,sam2,1.0,749.192,11.416
11197,falling,1,,,,,null,,,
11198,falling,1,,,,,null,,,
11199,falling,1,,,,,null,,,
11200,falling,1,1009,415,11039,84.2,sam2,1.0,749.192,11.416
11201,falling,1,,,,,null,,,
11202,falling,1,,,,,null,,,
11203,falling,1,,,,,null,,,
11204,falling,1,1009,415,11044,84.24,sam2,0.0,0.0,0.0
11205,falling,1,,,,,null,,,
11206,falling,1,,,,,null,,,
11207,falling,1,,,,,null,,,
11208,falling,1,1009,415,11057,84.34,sam2,0.0,0.0,0.0
11209,falling,1,,,,,null,,,
11210,falling,1,,,,,null,,,
11211,falling,1,,,,,null,,,
11212,falling,1,1009,412,10361,79.03,sam2,3.0,2247.575,34.249
11213,falling,1,,,,,null,,,
11214,falling,1,,,,,null,,,
11215,falling,1,,,,,null,,,
11216,falling,1,1009,418,11634,88.74,sam2,6.0,4495.15,68.498
11217,falling,1,,,,,null,,,
11218,falling,1,,,,,null,,,
11219,falling,1,,,,,null,,,
11220,falling,1,1009,412,10313,78.67,sam2,6.0,4495.15,68.498
11221,falling,1,,,,,null,,,
11222,falling,1,,,,,null,,,
11223,falling,1,,,,,null,,,
11224,falling,1,1009,417,11448,87.32,sam2,5.0,3745.958,57.081
11225,falling,1,,,,,null,,,
11226,falling,1,,,,,null,,,
11227,falling,1,,,,,null,,,
11228,falling,1,1009,416,11297,86.17,sam2,1.0,749.192,11.416
11229,falling,1,,,,,null,,,
11230,falling,1,,,,,null,,,
11231,falling,1,,,,,null,,,
11232,falling,1,1009,412,10403,79.35,sam2,4.0,2996.766,45.665
11233,falling,1,,,,,null,,,
11234,falling,1,,,,,null,,,
11235,falling,1,,,,,null,,,
11236,falling,1,1009,415,11013,84.0,sam2,3.0,2247.575,34.249
11237,falling,1,,,,,null,,,
11238,falling,1,,,,,null,,,
11239,falling,1,,,,,null,,,
11240,falling,1,1009,419,11826,90.21,sam2,4.0,2996.766,45.665
11241,falling,1,,,,,null,,,
11242,falling,1,,,,,null,,,
11243,falling,1,,,,,null,,,
11244,falling,1,1009,416,11221,85.59,sam2,3.0,2247.575,34.249
11245,falling,1,,,,,null,,,
11246,falling,1,,,,,null,,,
11247,falling,1,,,,,null,,,
11248,falling,1,1009,418,11634,88.74,sam2,2.0,1498.383,22.833
11249,falling,1,,,,,null,,,
11250,falling,1,,,,,null,,,
11251,falling,1,,,,,null,,,
11252,falling,1,1009,412,10277,78.39,sam2,6.0,4495.15,68.498
11253,falling,1,,,,,null,,,
11254,falling,1,,,,,null,,,
11255,falling,1,,,,,null,,,
11256,falling,1,1009,417,11404,86.99,sam2,5.0,3745.958,57.081
11257,falling,1,,,,,null,,,
11258,falling,1,,,,,null,,,
11259,falling,1,,,,,null,,,
11260,falling,1,1009,413,10545,80.43,sam2,4.0,2996.766,45.665
11261,falling,1,,,,,null,,,
11262,falling,1,,,,,null,,,
11263,falling,1,,,,,null,,,
11264,falling,1,1009,413,10581,80.71,sam2,0.0,0.0,0.0
11265,falling,1,,,,,null,,,
11266,falling,1,,,,,null,,,
11267,falling,1,,,,,null,,,
11268,falling,1,1009,418,11667,88.99,sam2,5.0,3745.958,57.081
11269,falling,1,,,,,null,,,
11270,falling,1,,,,,null,,,
11271,falling,1,,,,,null,,,
11272,falling,1,1009,418,11708,89.31,sam2,0.0,0.0,0.0
11273,falling,1,,,,,null,,,
11274,falling,1,,,,,null,,,
11275,falling,1,,,,,null,,,
11276,falling,1,1009,418,11746,89.6,sam2,0.0,0.0,0.0
11277,falling,1,,,,,null,,,
11278,falling,1,,,,,null,,,
11279,falling,1,,,,,null,,,
11280,falling,1,1009,412,10313,78.67,sam2,6.0,4495.15,68.498
11281,falling,1,,,,,null,,,
11282,falling,1,,,,,null,,,
11283,falling,1,,,,,null,,,
11284,falling,1,1009,413,10466,79.83,sam2,1.0,749.192,11.416
11285,falling,1,,,,,null,,,
11286,falling,1,,,,,null,,,
11287,falling,1,,,,,null,,,
11288,falling,1,1009,417,11507,87.77,sam2,4.0,2996.766,45.665
11289,falling,1,,,,,null,,,
11290,falling,1,,,,,null,,,
11291,falling,1,,,,,null,,,
11292,falling,1,1009,420,12194,93.01,sam2,3.0,2247.575,34.249
11293,falling,1,,,,,null,,,
11294,falling,1,,,,,null,,,
11295,falling,1,,,,,null,,,
11296,falling,1,1009,412,10391,79.26,sam2,8.0,5993.533,91.33
11297,falling,1,,,,,null,,,
11298,falling,1,,,,,null,,,
11299,falling,1,,,,,null,,,
11300,falling,1,1009,412,10376,79.15,sam2,0.0,0.0,0.0
11301,falling,1,,,,,null,,,
11302,falling,1,,,,,null,,,
11303,falling,1,,,,,null,,,
11304,falling,1,1009,412,10367,79.08,sam2,0.0,0.0,0.0
11305,falling,1,,,,,null,,,
11306,falling,1,,,,,null,,,
11307,falling,1,,,,,null,,,
11308,falling,1,1008,412,10320,78.72,sam2,1.0,749.192,11.416
11309,falling,1,,,,,null,,,
11310,falling,1,,,,,null,,,
11311,falling,1,,,,,null,,,
11312,falling,1,1009,420,12181,92.91,sam2,8.062,6040.176,92.041
11313,falling,1,,,,,null,,,
11314,falling,1,,,,,null,,,
11315,falling,1,,,,,null,,,
11316,falling,1,1009,412,10247,78.16,sam2,8.0,5993.533,91.33
11317,falling,1,,,,,null,,,
11318,falling,1,,,,,null,,,
11319,falling,1,,,,,null,,,
11320,falling,1,1009,416,11234,85.69,sam2,4.0,2996.766,45.665
11321,falling,1,,,,,null,,,
11322,falling,1,,,,,null,,,
11323,falling,1,,,,,null,,,
11324,falling,1,1009,416,11256,85.86,sam2,0.0,0.0,0.0
11325,falling,1,,,,,null,,,
11326,falling,1,,,,,null,,,
11327,falling,1,,,,,null,,,
11328,falling,1,1009,417,11387,86.86,sam2,1.0,749.192,11.416
11329,falling,1,,,,,null,,,
11330,falling,1,,,,,null,,,
11331,falling,1,,,,,null,,,
11332,falling,1,1009,417,11521,87.88,sam2,0.0,0.0,0.0
11333,falling,1,,,,,null,,,
11334,falling,1,,,,,null,,,
11335,falling,1,,,,,null,,,
11336,falling,1,1008,413,10447,79.69,sam2,4.123,3088.996,47.07
11337,falling,1,,,,,null,,,
11338,falling,1,,,,,null,,,
11339,falling,1,,,,,null,,,
11340,falling,1,1008,413,10550,80.47,sam2,0.0,0.0,0.0
11341,falling,1,,,,,null,,,
11342,falling,1,,,,,null,,,
11343,falling,1,,,,,null,,,
11344,falling,1,1008,412,10292,78.5,sam2,1.0,749.192,11.416
11345,falling,1,,,,,null,,,
11346,falling,1,,,,,null,,,
11347,falling,1,,,,,null,,,
11348,falling,1,1008,413,10588,80.76,sam2,1.0,749.192,11.416
11349,falling,1,,,,,null,,,
11350,falling,1,,,,,null,,,
11351,falling,1,,,,,null,,,
11352,falling,1,1009,420,12169,92.82,sam2,7.071,5297.585,80.725
11353,falling,1,,,,,null,,,
11354,falling,1,,,,,null,,,
11355,falling,1,,,,,null,,,
11356,falling,1,1009,417,11471,87.5,sam2,3.0,2247.575,34.249
11357,falling,1,,,,,null,,,
11358,falling,1,,,,,null,,,
11359,falling,1,,,,,null,,,
11360,falling,1,1008,413,10370,79.1,sam2,4.123,3088.996,47.07
11361,falling,1,,,,,null,,,
11362,falling,1,,,,,null,,,
11363,falling,1,,,,,null,,,
11364,falling,1,1009,417,11398,86.94,sam2,4.123,3088.996,47.07
11365,falling,1,,,,,null,,,
11366,falling,1,,,,,null,,,
11367,falling,1,,,,,null,,,
11368,falling,1,1009,417,11499,87.71,sam2,0.0,0.0,0.0
11369,falling,1,,,,,null,,,
11370,falling,1,,,,,null,,,
11371,falling,1,,,,,null,,,
11372,falling,1,1009,420,12066,92.04,sam2,3.0,2247.575,34.249
11373,falling,1,,,,,null,,,
11374,falling,1,,,,,null,,,
11375,falling,1,,,,,null,,,
11376,falling,1,1009,413,10412,79.42,sam2,7.0,5244.341,79.914
11377,falling,1,,,,,null,,,
11378,falling,1,,,,,null,,,
11379,falling,1,,,,,null,,,
11380,falling,1,1009,413,10460,79.79,sam2,0.0,0.0,0.0
11381,falling,1,,,,,null,,,
11382,falling,1,,,,,null,,,
11383,falling,1,,,,,null,,,
11384,falling,1,1009,416,11245,85.77,sam2,3.0,2247.575,34.249
11385,falling,1,,,,,null,,,
11386,falling,1,,,,,null,,,
11387,falling,1,,,,,null,,,
11388,falling,1,1009,413,10422,79.5,sam2,3.0,2247.575,34.249
11389,falling,1,,,,,null,,,
11390,falling,1,,,,,null,,,
11391,falling,1,,,,,null,,,
11392,falling,1,1009,417,11512,87.81,sam2,4.0,2996.766,45.665
11393,falling,1,,,,,null,,,
11394,falling,1,,,,,null,,,
11395,falling,1,,,,,null,,,
11396,falling,1,1008,413,10430,79.56,sam2,4.123,3088.996,47.07
11397,falling,1,,,,,null,,,
11398,falling,1,,,,,null,,,
11399,falling,1,,,,,null,,,
11400,falling,1,1008,416,11148,85.03,sam2,3.0,2247.575,34.249
11401,falling,1,,,,,null,,,
11402,falling,1,,,,,null,,,
11403,falling,1,,,,,null,,,
11404,falling,1,1009,417,11397,86.93,sam2,1.414,1059.517,16.145
11405,falling,1,,,,,null,,,
11406,falling,1,,,,,null,,,
11407,falling,1,,,,,null,,,
11408,falling,1,1009,417,11470,87.49,sam2,0.0,0.0,0.0
11409,falling,1,,,,,null,,,
11410,falling,1,,,,,null,,,
11411,falling,1,,,,,null,,,
11412,falling,1,1008,417,11380,86.8,sam2,1.0,749.192,11.416
11413,falling,1,,,,,null,,,
11414,falling,1,,,,,null,,,
11415,falling,1,,,,,null,,,
11416,falling,1,1008,412,10264,78.29,sam2,5.0,3745.958,57.081
11417,falling,1,,,,,null,,,
11418,falling,1,,,,,null,,,
11419,falling,1,,,,,null,,,
11420,falling,1,1009,418,11614,88.59,sam2,6.083,4557.155,69.442
11421,falling,1,,,,,null,,,
11422,falling,1,,,,,null,,,
11423,falling,1,,,,,null,,,
11424,falling,1,1009,418,11543,88.05,sam2,0.0,0.0,0.0
11425,falling,1,,,,,null,,,
11426,falling,1,,,,,null,,,
11427,falling,1,,,,,null,,,
11428,falling,1,1009,418,11611,88.57,sam2,0.0,0.0,0.0
11429,falling,1,,,,,null,,,
11430,falling,1,,,,,null,,,
11431,falling,1,,,,,null,,,
11432,falling,1,1009,420,12107,92.35,sam2,2.0,1498.383,22.833
11433,falling,1,,,,,null,,,
11434,falling,1,,,,,null,,,
11435,falling,1,,,,,null,,,
11436,falling,1,1009,413,10483,79.96,sam2,7.0,5244.341,79.914
11437,falling,1,,,,,null,,,
11438,falling,1,,,,,null,,,
11439,falling,1,,,,,null,,,
11440,falling,1,1009,417,11403,86.98,sam2,4.0,2996.766,45.665
11441,falling,1,,,,,null,,,
11442,falling,1,,,,,null,,,
11443,falling,1,,,,,null,,,
11444,falling,1,1009,412,10278,78.4,sam2,5.0,3745.958,57.081
11445,falling,1,,,,,null,,,
11446,falling,1,,,,,null,,,
11447,falling,1,,,,,null,,,
11448,falling,1,1009,420,12006,91.58,sam2,8.0,5993.533,91.33
11449,falling,1,,,,,null,,,
11450,falling,1,,,,,null,,,
11451,falling,1,,,,,null,,,
11452,falling,1,1009,412,10270,78.34,sam2,8.0,5993.533,91.33
11453,falling,1,,,,,null,,,
11454,falling,1,,,,,null,,,
11455,falling,1,,,,,null,,,
11456,falling,1,1009,420,12091,92.23,sam2,8.0,5993.533,91.33
11457,falling,1,,,,,null,,,
11458,falling,1,,,,,null,,,
11459,falling,1,,,,,null,,,
11460,falling,1,1009,418,11554,88.13,sam2,2.0,1498.383,22.833
11461,falling,1,,,,,null,,,
11462,falling,1,,,,,null,,,
11463,falling,1,,,,,null,,,
11464,falling,1,1009,420,11975,91.34,sam2,2.0,1498.383,22.833
11465,falling,1,,,,,null,,,
11466,falling,1,,,,,null,,,
11467,falling,1,,,,,null,,,
11468,falling,1,1009,417,11362,86.67,sam2,3.0,2247.575,34.249
11469,falling,1,,,,,null,,,
11470,falling,1,,,,,null,,,
11471,falling,1,,,,,null,,,
11472,falling,1,1008,413,10309,78.63,sam2,4.123,3088.996,47.07
11473,falling,1,,,,,null,,,
11474,falling,1,,,,,null,,,
11475,falling,1,,,,,null,,,
11476,falling,1,1009,418,11609,88.55,sam2,5.099,3820.143,58.212
11477,falling,1,,,,,null,,,
11478,falling,1,,,,,null,,,
11479,falling,1,,,,,null,,,
11480,falling,1,1009,420,11988,91.44,sam2,2.0,1498.383,22.833
11481,falling,1,,,,,null,,,
11482,falling,1,,,,,null,,,
11483,falling,1,,,,,null,,,
11484,falling,1,1009,413,10417,79.46,sam2,7.0,5244.341,79.914
11485,falling,1,,,,,null,,,
11486,falling,1,,,,,null,,,
11487,falling,1,,,,,null,,,
11488,falling,1,1009,413,10398,79.31,sam2,0.0,0.0,0.0
11489,falling,1,,,,,null,,,
11490,falling,1,,,,,null,,,
11491,falling,1,,,,,null,,,
11492,falling,1,1008,413,10462,79.8,sam2,1.0,749.192,11.416
11493,falling,1,,,,,null,,,
11494,falling,1,,,,,null,,,
11495,falling,1,,,,,null,,,
11496,falling,1,1009,418,11637,88.76,sam2,5.099,3820.143,58.212
11497,falling,1,,,,,null,,,
11498,falling,1,,,,,null,,,
11499,falling,1,,,,,null,,,
11500,falling,1,1009,413,10406,79.37,sam2,5.0,3745.958,57.081
11501,falling,1,,,,,null,,,
11502,falling,1,,,,,null,,,
11503,falling,1,,,,,null,,,
11504,falling,1,1009,421,12245,93.4,sam2,8.0,5993.533,91.33
11505,falling,1,,,,,null,,,
11506,falling,1,,,,,null,,,
11507,falling,1,,,,,null,,,
11508,falling,1,1009,418,11504,87.75,sam2,3.0,2247.575,34.249
11509,falling,1,,,,,null,,,
11510,falling,1,,,,,null,,,
11511,falling,1,,,,,null,,,
11512,falling,1,1009,416,11179,85.27,sam2,2.0,1498.383,22.833
11513,falling,1,,,,,null,,,
11514,falling,1,,,,,null,,,
11515,falling,1,,,,,null,,,
11516,falling,1,1008,413,10438,79.62,sam2,3.162,2369.152,36.101
11517,falling,1,,,,,null,,,
11518,falling,1,,,,,null,,,
11519,falling,1,,,,,null,,,
11520,falling,1,1009,419,11826,90.21,sam2,6.083,4557.155,69.442
11521,falling,1,,,,,null,,,
11522,falling,1,,,,,null,,,
11523,falling,1,,,,,null,,,
11524,falling,1,1008,414,10626,81.05,sam2,5.099,3820.143,58.212
11525,falling,1,,,,,null,,,
11526,falling,1,,,,,null,,,
11527,falling,1,,,,,null,,,
11528,falling,1,1009,413,10266,78.31,sam2,1.414,1059.517,16.145
11529,falling,1,,,,,null,,,
11530,falling,1,,,,,null,,,
11531,falling,1,,,,,null,,,
11532,falling,1,1009,420,11929,90.99,sam2,7.0,5244.341,79.914
11533,falling,1,,,,,null,,,
11534,falling,1,,,,,null,,,
11535,falling,1,,,,,null,,,
11536,falling,1,1009,414,10484,79.97,sam2,6.0,4495.15,68.498
11537,falling,1,,,,,null,,,
11538,falling,1,,,,,null,,,
11539,falling,1,,,,,null,,,
11540,falling,1,1009,413,10281,78.42,sam2,1.0,749.192,11.416
11541,falling,1,,,,,null,,,
11542,falling,1,,,,,null,,,
11543,falling,1,,,,,null,,,
11544,falling,1,1009,421,12141,92.61,sam2,8.0,5993.533,91.33
11545,falling,1,,,,,null,,,
11546,falling,1,,,,,null,,,
11547,falling,1,,,,,null,,,
11548,falling,1,1009,412,10180,77.65,sam2,9.0,6742.725,102.746
11549,falling,1,,,,,null,,,
11550,falling,1,,,,,null,,,
11551,falling,1,,,,,null,,,
11552,falling,1,1009,413,10435,79.6,sam2,1.0,749.192,11.416
11553,falling,1,,,,,null,,,
11554,falling,1,,,,,null,,,
11555,falling,1,,,,,null,,,
11556,falling,1,1009,413,10379,79.17,sam2,0.0,0.0,0.0
11557,falling,1,,,,,null,,,
11558,falling,1,,,,,null,,,
11559,falling,1,,,,,null,,,
11560,falling,1,1008,413,10419,79.47,sam2,1.0,749.192,11.416
11561,falling,1,,,,,null,,,
11562,falling,1,,,,,null,,,
11563,falling,1,,,,,null,,,
11564,falling,1,1009,416,11033,84.16,sam2,3.162,2369.152,36.101
11565,falling,1,,,,,null,,,
11566,falling,1,,,,,null,,,
11567,falling,1,,,,,null,,,
11568,falling,1,1009,419,11680,89.09,sam2,3.0,2247.575,34.249
11569,falling,1,,,,,null,,,
11570,falling,1,,,,,null,,,
11571,falling,1,,,,,null,,,
11572,falling,1,1009,416,11031,84.14,sam2,3.0,2247.575,34.249
11573,falling,1,,,,,null,,,
11574,falling,1,,,,,null,,,
11575,falling,1,,,,,null,,,
11576,falling,1,1009,417,11252,85.83,sam2,1.0,749.192,11.416
11577,falling,1,,,,,null,,,
11578,falling,1,,,,,null,,,
11579,falling,1,,,,,null,,,
11580,falling,1,1009,418,11477,87.54,sam2,1.0,749.192,11.416
11581,falling,1,,,,,null,,,
11582,falling,1,,,,,null,,,
11583,falling,1,,,,,null,,,
11584,falling,1,1009,417,11214,85.54,sam2,1.0,749.192,11.416
11585,falling,1,,,,,null,,,
11586,falling,1,,,,,null,,,
11587,falling,1,,,,,null,,,
11588,falling,1,1009,414,10548,80.46,sam2,3.0,2247.575,34.249
11589,falling,1,,,,,null,,,
11590,falling,1,,,,,null,,,
11591,falling,1,,,,,null,,,
11592,falling,1,1009,414,10483,79.96,sam2,0.0,0.0,0.0
11593,falling,1,,,,,null,,,
11594,falling,1,,,,,null,,,
11595,falling,1,,,,,null,,,
11596,falling,1,1009,417,11415,87.07,sam2,3.0,2247.575,34.249
11597,falling,1,,,,,null,,,
11598,falling,1,,,,,null,,,
11599,falling,1,,,,,null,,,
11600,falling,1,1009,412,10150,77.42,sam2,5.0,3745.958,57.081
11601,falling,1,,,,,null,,,
11602,falling,1,,,,,null,,,
11603,falling,1,,,,,null,,,
11604,falling,1,1009,416,11111,84.75,sam2,4.0,2996.766,45.665
11605,falling,1,,,,,null,,,
11606,falling,1,,,,,null,,,
11607,falling,1,,,,,null,,,
11608,falling,1,1009,413,10247,78.16,sam2,3.0,2247.575,34.249
11609,falling,1,,,,,null,,,
11610,falling,1,,,,,null,,,
11611,falling,1,,,,,null,,,
11612,falling,1,1009,417,11281,86.05,sam2,4.0,2996.766,45.665
11613,falling,1,,,,,null,,,
11614,falling,1,,,,,null,,,
11615,falling,1,,,,,null,,,
11616,falling,1,1009,419,11629,88.7,sam2,2.0,1498.383,22.833
11617,falling,1,,,,,null,,,
11618,falling,1,,,,,null,,,
11619,falling,1,,,,,null,,,
11620,falling,1,1009,419,11663,88.96,sam2,0.0,0.0,0.0
11621,falling,1,,,,,null,,,
11622,falling,1,,,,,null,,,
11623,falling,1,,,,,null,,,
11624,falling,1,1009,416,10979,83.75,sam2,3.0,2247.575,34.249
11625,falling,1,,,,,null,,,
11626,falling,1,,,,,null,,,
11627,falling,1,,,,,null,,,
11628,falling,1,1009,413,10288,78.47,sam2,3.0,2247.575,34.249
11629,falling,1,,,,,null,,,
11630,falling,1,,,,,null,,,
11631,falling,1,,,,,null,,,
11632,falling,1,1009,413,10387,79.23,sam2,0.0,0.0,0.0
11633,falling,1,,,,,null,,,
11634,falling,1,,,,,null,,,
11635,falling,1,,,,,null,,,
11636,falling,1,1009,419,11819,90.15,sam2,6.0,4495.15,68.498
11637,falling,1,,,,,null,,,
11638,falling,1,,,,,null,,,
11639,falling,1,,,,,null,,,
11640,falling,1,1009,414,10510,80.17,sam2,5.0,3745.958,57.081
11641,falling,1,,,,,null,,,
11642,falling,1,,,,,null,,,
11643,falling,1,,,,,null,,,
11644,falling,1,1009,413,10366,79.07,sam2,1.0,749.192,11.416
11645,falling,1,,,,,null,,,
11646,falling,1,,,,,null,,,
11647,falling,1,,,,,null,,,
11648,falling,1,1008,413,10271,78.34,sam2,1.0,749.192,11.416
11649,falling,1,,,,,null,,,
11650,falling,1,,,,,null,,,
11651,falling,1,,,,,null,,,
11652,falling,1,1009,416,11073,84.46,sam2,3.162,2369.152,36.101
11653,falling,1,,,,,null,,,
11654,falling,1,,,,,null,,,
11655,falling,1,,,,,null,,,
11656,falling,1,1009,413,10250,78.18,sam2,3.0,2247.575,34.249
11657,falling,1,,,,,null,,,
11658,falling,1,,,,,null,,,
11659,falling,1,,,,,null,,,
11660,falling,1,1009,419,11620,88.63,sam2,6.0,4495.15,68.498
11661,falling,1,,,,,null,,,
11662,falling,1,,,,,null,,,
11663,falling,1,,,,,null,,,
11664,falling,1,1009,416,10970,83.68,sam2,3.0,2247.575,34.249
11665,falling,1,,,,,null,,,
11666,falling,1,,,,,null,,,
11667,falling,1,,,,,null,,,
11668,falling,1,1009,417,11221,85.59,sam2,1.0,749.192,11.416
11669,falling,1,,,,,null,,,
11670,falling,1,,,,,null,,,
11671,falling,1,,,,,null,,,
11672,falling,1,1009,413,10219,77.95,sam2,4.0,2996.766,45.665
11673,falling,1,,,,,null,,,
11674,falling,1,,,,,null,,,
11675,falling,1,,,,,null,,,
11676,falling,1,1009,419,11735,89.51,sam2,6.0,4495.15,68.498
11677,falling,1,,,,,null,,,
11678,falling,1,,,,,null,,,
11679,falling,1,,,,,null,,,
11680,falling,1,1009,418,11427,87.16,sam2,1.0,749.192,11.416
11681,falling,1,,,,,null,,,
11682,falling,1,,,,,null,,,
11683,falling,1,,,,,null,,,
11684,falling,1,1008,413,10327,78.77,sam2,5.099,3820.143,58.212
11685,falling,1,,,,,null,,,
11686,falling,1,,,,,null,,,
11687,falling,1,,,,,null,,,
11688,falling,1,1008,413,10306,78.61,sam2,0.0,0.0,0.0
11689,falling,1,,,,,null,,,
11690,falling,1,,,,,null,,,
11691,falling,1,,,,,null,,,
11692,falling,1,1009,419,11703,89.27,sam2,6.083,4557.155,69.442
11693,falling,1,,,,,null,,,
11694,falling,1,,,,,null,,,
11695,falling,1,,,,,null,,,
11696,falling,1,1008,413,10261,78.27,sam2,6.083,4557.155,69.442
11697,falling,1,,,,,null,,,
11698,falling,1,,,,,null,,,
11699,falling,1,,,,,null,,,
11700,falling,1,1009,421,12064,92.02,sam2,8.062,6040.176,92.041
11701,falling,1,,,,,null,,,
11702,falling,1,,,,,null,,,
11703,falling,1,,,,,null,,,
11704,falling,1,1009,414,10380,79.18,sam2,7.0,5244.341,79.914
11705,falling,1,,,,,null,,,
11706,falling,1,,,,,null,,,
11707,falling,1,,,,,null,,,
11708,falling,1,1009,418,11429,87.18,sam2,4.0,2996.766,45.665
11709,falling,1,,,,,null,,,
11710,falling,1,,,,,null,,,
11711,falling,1,,,,,null,,,
11712,falling,1,1009,418,11472,87.51,sam2,0.0,0.0,0.0
11713,falling,1,,,,,null,,,
11714,falling,1,,,,,null,,,
11715,falling,1,,,,,null,,,
11716,falling,1,1008,413,10220,77.96,sam2,5.099,3820.143,58.212
11717,falling,1,,,,,null,,,
11718,falling,1,,,,,null,,,
11719,falling,1,,,,,null,,,
11720,falling,1,1008,414,10437,79.61,sam2,1.0,749.192,11.416
11721,falling,1,,,,,null,,,
11722,falling,1,,,,,null,,,
11723,falling,1,,,,,null,,,
11724,falling,1,1009,413,10306,78.61,sam2,1.414,1059.517,16.145
11725,falling,1,,,,,null,,,
11726,falling,1,,,,,null,,,
11727,falling,1,,,,,null,,,
11728,falling,1,1008,414,10555,80.51,sam2,1.414,1059.517,16.145
11729,falling,1,,,,,null,,,
11730,falling,1,,,,,null,,,
11731,falling,1,,,,,null,,,
11732,falling,1,1008,413,10324,78.75,sam2,1.0,749.192,11.416
11733,falling,1,,,,,null,,,
11734,falling,1,,,,,null,,,
11735,falling,1,,,,,null,,,
11736,falling,1,1008,414,10484,79.97,sam2,1.0,749.192,11.416
11737,falling,1,,,,,null,,,
11738,falling,1,,,,,null,,,
11739,falling,1,,,,,null,,,
11740,falling,1,1009,418,11392,86.9,sam2,4.123,3088.996,47.07
11741,falling,1,,,,,null,,,
11742,falling,1,,,,,null,,,
11743,falling,1,,,,,null,,,
11744,falling,1,1009,417,11198,85.42,sam2,1.0,749.192,11.416
11745,falling,1,,,,,null,,,
11746,falling,1,,,,,null,,,
11747,falling,1,,,,,null,,,
11748,falling,1,1009,416,11034,84.16,sam2,1.0,749.192,11.416
11749,falling,1,,,,,null,,,
11750,falling,1,,,,,null,,,
11751,falling,1,,,,,null,,,
11752,falling,1,1009,413,10113,77.14,sam2,3.0,2247.575,34.249
11753,falling,1,,,,,null,,,
11754,falling,1,,,,,null,,,
11755,falling,1,,,,,null,,,
11756,falling,1,1009,417,11270,85.96,sam2,4.0,2996.766,45.665
11757,falling,1,,,,,null,,,
11758,falling,1,,,,,null,,,
11759,falling,1,,,,,null,,,
11760,falling,1,1009,417,11251,85.82,sam2,0.0,0.0,0.0
11761,falling,1,,,,,null,,,
11762,falling,1,,,,,null,,,
11763,falling,1,,,,,null,,,
11764,falling,1,1009,419,11626,88.68,sam2,2.0,1498.383,22.833
11765,falling,1,,,,,null,,,
11766,falling,1,,,,,null,,,
11767,falling,1,,,,,null,,,
11768,falling,1,1009,418,11425,87.15,sam2,1.0,749.192,11.416
11769,falling,1,,,,,null,,,
11770,falling,1,,,,,null,,,
11771,falling,1,,,,,null,,,
11772,falling,1,1009,417,11284,86.07,sam2,1.0,749.192,11.416
11773,falling,1,,,,,null,,,
11774,falling,1,,,,,null,,,
11775,falling,1,,,,,null,,,
11776,falling,1,1009,418,11468,87.48,sam2,1.0,749.192,11.416
11777,falling,1,,,,,null,,,
11778,falling,1,,,,,null,,,
11779,falling,1,,,,,null,,,
11780,falling,1,1008,413,10163,77.52,sam2,5.099,3820.143,58.212
11781,falling,1,,,,,null,,,
11782,falling,1,,,,,null,,,
11783,falling,1,,,,,null,,,
11784,falling,1,1009,420,11808,90.07,sam2,7.071,5297.585,80.725
11785,falling,1,,,,,null,,,
11786,falling,1,,,,,null,,,
11787,falling,1,,,,,null,,,
11788,falling,1,1009,421,12111,92.38,sam2,1.0,749.192,11.416
11789,falling,1,,,,,null,,,
11790,falling,1,,,,,null,,,
11791,falling,1,,,,,null,,,
11792,falling,1,1008,414,10459,79.78,sam2,7.071,5297.585,80.725
11793,falling,1,,,,,null,,,
11794,falling,1,,,,,null,,,
11795,falling,1,,,,,null,,,
11796,falling,1,1009,420,11824,90.19,sam2,6.083,4557.155,69.442
11797,falling,1,,,,,null,,,
11798,falling,1,,,,,null,,,
11799,falling,1,,,,,null,,,
11800,falling,1,1009,420,11838,90.3,sam2,0.0,0.0,0.0
11801,falling,1,,,,,null,,,
11802,falling,1,,,,,null,,,
11803,falling,1,,,,,null,,,
11804,falling,1,1009,418,11447,87.32,sam2,2.0,1498.383,22.833
11805,falling,1,,,,,null,,,
11806,falling,1,,,,,null,,,
11807,falling,1,,,,,null,,,
11808,falling,1,1009,420,11863,90.49,sam2,2.0,1498.383,22.833
11809,falling,1,,,,,null,,,
11810,falling,1,,,,,null,,,
11811,falling,1,,,,,null,,,
11812,falling,1,1009,415,10575,80.66,sam2,5.0,3745.958,57.081
11813,falling,1,,,,,null,,,
11814,falling,1,,,,,null,,,
11815,falling,1,,,,,null,,,
11816,falling,1,1009,420,11836,90.28,sam2,5.0,3745.958,57.081
11817,falling,1,,,,,null,,,
11818,falling,1,,,,,null,,,
11819,falling,1,,,,,null,,,
11820,falling,1,1009,421,11987,91.43,sam2,1.0,749.192,11.416
11821,falling,1,,,,,null,,,
11822,falling,1,,,,,null,,,
11823,falling,1,,,,,null,,,
11824,falling,1,1009,421,12007,91.59,sam2,0.0,0.0,0.0
11825,falling,1,,,,,null,,,
11826,falling,1,,,,,null,,,
11827,falling,1,,,,,null,,,
11828,falling,1,1008,414,10361,79.03,sam2,7.071,5297.585,80.725
11829,falling,1,,,,,null,,,
11830,falling,1,,,,,null,,,
11831,falling,1,,,,,null,,,
11832,falling,1,1009,413,10310,78.64,sam2,1.414,1059.517,16.145
11833,falling,1,,,,,null,,,
11834,falling,1,,,,,null,,,
11835,falling,1,,,,,null,,,
11836,falling,1,1009,420,11877,90.59,sam2,7.0,5244.341,79.914
11837,falling,1,,,,,null,,,
11838,falling,1,,,,,null,,,
11839,falling,1,,,,,null,,,
11840,falling,1,1008,414,10542,80.41,sam2,6.083,4557.155,69.442
11841,falling,1,,,,,null,,,
11842,falling,1,,,,,null,,,
11843,falling,1,,,,,null,,,
11844,falling,1,1009,414,10395,79.29,sam2,1.0,749.192,11.416
11845,falling,1,,,,,null,,,
11846,falling,1,,,,,null,,,
11847,falling,1,,,,,null,,,
11848,falling,1,1009,423,12591,96.04,sam2,9.0,6742.725,102.746
11849,falling,1,,,,,null,,,
11850,falling,1,,,,,null,,,
11851,falling,1,,,,,null,,,
11852,falling,1,1009,418,11314,86.3,sam2,5.0,3745.958,57.081
11853,falling,1,,,,,null,,,
11854,falling,1,,,,,null,,,
11855,falling,1,,,,,null,,,
11856,falling,1,1009,420,11822,90.18,sam2,2.0,1498.383,22.833
11857,falling,1,,,,,null,,,
11858,falling,1,,,,,null,,,
11859,falling,1,,,,,null,,,
11860,falling,1,1009,413,10244,78.14,sam2,7.0,5244.341,79.914
11861,falling,1,,,,,null,,,
11862,falling,1,,,,,null,,,
11863,falling,1,,,,,null,,,
11864,falling,1,1009,413,10286,78.46,sam2,0.0,0.0,0.0
11865,falling,1,,,,,null,,,
11866,falling,1,,,,,null,,,
11867,falling,1,,,,,null,,,
11868,falling,1,1009,421,12093,92.24,sam2,8.0,5993.533,91.33
11869,falling,1,,,,,null,,,
11870,falling,1,,,,,null,,,
11871,falling,1,,,,,null,,,
11872,falling,1,1009,413,10310,78.64,sam2,8.0,5993.533,91.33
11873,falling,1,,,,,null,,,
11874,falling,1,,,,,null,,,
11875,falling,1,,,,,null,,,
11876,falling,1,1009,421,12137,92.58,sam2,8.0,5993.533,91.33
11877,falling,1,,,,,null,,,
11878,falling,1,,,,,null,,,
11879,falling,1,,,,,null,,,
11880,falling,1,1010,421,11957,91.21,sam2,1.0,749.192,11.416
11881,falling,1,,,,,null,,,
11882,falling,1,,,,,null,,,
11883,falling,1,,,,,null,,,
11884,falling,1,1010,420,11730,89.47,sam2,1.0,749.192,11.416
11885,falling,1,,,,,null,,,
11886,falling,1,,,,,null,,,
11887,falling,1,,,,,null,,,
11888,falling,1,1010,420,11850,90.39,sam2,0.0,0.0,0.0
11889,falling,1,,,,,null,,,
11890,falling,1,,,,,null,,,
11891,falling,1,,,,,null,,,
11892,falling,1,1010,421,12050,91.91,sam2,1.0,749.192,11.416
11893,falling,1,,,,,null,,,
11894,falling,1,,,,,null,,,
11895,falling,1,,,,,null,,,
11896,falling,1,1010,422,12335,94.09,sam2,1.0,749.192,11.416
11897,falling,1,,,,,null,,,
11898,falling,1,,,,,null,,,
11899,falling,1,,,,,null,,,
11900,falling,1,1010,420,11724,89.43,sam2,2.0,1498.383,22.833
11901,falling,1,,,,,null,,,
11902,falling,1,,,,,null,,,
11903,falling,1,,,,,null,,,
11904,falling,1,1010,422,12259,93.51,sam2,2.0,1498.383,22.833
11905,falling,1,,,,,null,,,
11906,falling,1,,,,,null,,,
11907,falling,1,,,,,null,,,
11908,falling,1,1010,422,12302,93.84,sam2,0.0,0.0,0.0
11909,falling,1,,,,,null,,,
11910,falling,1,,,,,null,,,
11911,falling,1,,,,,null,,,
11912,falling,1,1010,422,12354,94.23,sam2,0.0,0.0,0.0
11913,falling,1,,,,,null,,,
11914,falling,1,,,,,null,,,
11915,falling,1,,,,,null,,,
11916,falling,1,1010,421,12160,92.75,sam2,1.0,749.192,11.416
11917,falling,1,,,,,null,,,
11918,falling,1,,,,,null,,,
11919,falling,1,,,,,null,,,
11920,falling,1,1010,424,12769,97.4,sam2,3.0,2247.575,34.249
11921,falling,1,,,,,null,,,
11922,falling,1,,,,,null,,,
11923,falling,1,,,,,null,,,
11924,falling,1,1010,423,12462,95.06,sam2,1.0,749.192,11.416
11925,falling,1,,,,,null,,,
11926,falling,1,,,,,null,,,
11927,falling,1,,,,,null,,,
11928,falling,1,1010,424,12661,96.58,sam2,1.0,749.192,11.416
11929,falling,1,,,,,null,,,
11930,falling,1,,,,,null,,,
11931,falling,1,,,,,null,,,
11932,falling,1,1010,422,12186,92.95,sam2,2.0,1498.383,22.833
11933,falling,1,,,,,null,,,
11934,falling,1,,,,,null,,,
11935,falling,1,,,,,null,,,
11936,falling,1,1010,423,12592,96.05,sam2,1.0,749.192,11.416
11937,falling,1,,,,,null,,,
11938,falling,1,,,,,null,,,
11939,falling,1,,,,,null,,,
11940,falling,1,1010,426,13224,100.87,sam2,3.0,2247.575,34.249
11941,falling,1,,,,,null,,,
11942,falling,1,,,,,null,,,
11943,falling,1,,,,,null,,,
11944,falling,1,1010,422,12361,94.29,sam2,4.0,2996.766,45.665
11945,falling,1,,,,,null,,,
11946,falling,1,,,,,null,,,
11947,falling,1,,,,,null,,,
11948,falling,1,1010,423,12565,95.84,sam2,1.0,749.192,11.416
11949,falling,1,,,,,null,,,
11950,falling,1,,,,,null,,,
11951,falling,1,,,,,null,,,
11952,falling,1,1010,424,12777,97.46,sam2,1.0,749.192,11.416
11953,falling,1,,,,,null,,,
11954,falling,1,,,,,null,,,
11955,falling,1,,,,,null,,,
11956,falling,1,1010,424,12830,97.86,sam2,0.0,0.0,0.0
11957,falling,1,,,,,null,,,
11958,falling,1,,,,,null,,,
11959,falling,1,,,,,null,,,
11960,falling,1,1010,424,12603,96.13,sam2,0.0,0.0,0.0
11961,falling,1,,,,,null,,,
11962,falling,1,,,,,null,,,
11963,falling,1,,,,,null,,,
11964,falling,1,1010,425,13002,99.18,sam2,1.0,749.192,11.416
11965,falling,1,,,,,null,,,
11966,falling,1,,,,,null,,,
11967,falling,1,,,,,null,,,
11968,falling,1,1010,424,12741,97.19,sam2,1.0,749.192,11.416
11969,falling,1,,,,,null,,,
11970,falling,1,,,,,null,,,
11971,falling,1,,,,,null,,,
11972,falling,1,1010,424,12652,96.51,sam2,0.0,0.0,0.0
11973,falling,1,,,,,null,,,
11974,falling,1,,,,,null,,,
11975,falling,1,,,,,null,,,
11976,falling,1,1010,424,12703,96.9,sam2,0.0,0.0,0.0
11977,falling,1,,,,,null,,,
11978,falling,1,,,,,null,,,
11979,falling,1,,,,,null,,,
11980,falling,1,1011,424,12857,98.07,sam2,1.0,749.192,11.416
11981,falling,1,,,,,null,,,
11982,falling,1,,,,,null,,,
11983,falling,1,,,,,null,,,
11984,falling,1,1010,425,12865,98.13,sam2,1.414,1059.517,16.145
11985,falling,1,,,,,null,,,
11986,falling,1,,,,,null,,,
11987,falling,1,,,,,null,,,
11988,falling,1,1011,423,12493,95.29,sam2,2.236,1675.243,25.528
11989,falling,1,,,,,null,,,
11990,falling,1,,,,,null,,,
11991,falling,1,,,,,null,,,
11992,falling,1,1010,424,12628,96.32,sam2,1.414,1059.517,16.145
11993,falling,1,,,,,null,,,
11994,falling,1,,,,,null,,,
11995,falling,1,,,,,null,,,
11996,falling,1,1011,423,12459,95.03,sam2,1.414,1059.517,16.145
11997,falling,1,,,,,null,,,
11998,falling,1,,,,,null,,,
11999,falling,1,,,,,null,,,
12000,falling,1,1010,423,12522,95.51,sam2,1.0,749.192,11.416
12001,falling,1,,,,,null,,,
12002,falling,1,,,,,null,,,
12003,falling,1,,,,,null,,,
12004,falling,1,1010,425,13025,99.35,sam2,2.0,1498.383,22.833
12005,falling,1,,,,,null,,,
12006,falling,1,,,,,null,,,
12007,falling,1,,,,,null,,,
12008,falling,1,1011,424,12776,97.45,sam2,1.414,1059.517,16.145
12009,falling,1,,,,,null,,,
12010,falling,1,,,,,null,,,
12011,falling,1,,,,,null,,,
12012,falling,1,1010,425,12975,98.97,sam2,1.414,1059.517,16.145
12013,falling,1,,,,,null,,,
12014,falling,1,,,,,null,,,
12015,falling,1,,,,,null,,,
12016,falling,1,1010,424,12718,97.01,sam2,1.0,749.192,11.416
12017,falling,1,,,,,null,,,
12018,falling,1,,,,,null,,,
12019,falling,1,,,,,null,,,
12020,falling,1,1010,424,12782,97.5,sam2,0.0,0.0,0.0
12021,falling,1,,,,,null,,,
12022,falling,1,,,,,null,,,
12023,falling,1,,,,,null,,,
12024,falling,1,1010,425,12817,97.77,sam2,1.0,749.192,11.416
12025,falling,1,,,,,null,,,
12026,falling,1,,,,,null,,,
12027,falling,1,,,,,null,,,
12028,falling,1,1010,425,12822,97.8,sam2,0.0,0.0,0.0
12029,falling,1,,,,,null,,,
12030,falling,1,,,,,null,,,
12031,falling,1,,,,,null,,,
12032,falling,1,1010,425,12927,98.6,sam2,0.0,0.0,0.0
12033,falling,1,,,,,null,,,
12034,falling,1,,,,,null,,,
12035,falling,1,,,,,null,,,
12036,falling,1,1010,424,12748,97.24,sam2,1.0,749.192,11.416
12037,falling,1,,,,,null,,,
12038,falling,1,,,,,null,,,
12039,falling,1,,,,,null,,,
12040,falling,1,1010,424,12617,96.24,sam2,0.0,0.0,0.0
12041,falling,1,,,,,null,,,
12042,falling,1,,,,,null,,,
12043,falling,1,,,,,null,,,
12044,falling,1,1010,424,12707,96.93,sam2,0.0,0.0,0.0
12045,falling,1,,,,,null,,,
12046,falling,1,,,,,null,,,
12047,falling,1,,,,,null,,,
12048,falling,1,1010,424,12688,96.78,sam2,0.0,0.0,0.0
12049,falling,1,,,,,null,,,
12050,falling,1,,,,,null,,,
12051,falling,1,,,,,null,,,
12052,falling,1,1010,424,12554,95.76,sam2,0.0,0.0,0.0
12053,falling,1,,,,,null,,,
12054,falling,1,,,,,null,,,
12055,falling,1,,,,,null,,,
12056,falling,1,1010,424,12572,95.9,sam2,0.0,0.0,0.0
12057,falling,1,,,,,null,,,
12058,falling,1,,,,,null,,,
12059,falling,1,,,,,null,,,
12060,falling,1,1010,424,12785,97.52,sam2,0.0,0.0,0.0
12061,falling,1,,,,,null,,,
12062,falling,1,,,,,null,,,
12063,falling,1,,,,,null,,,
12064,falling,1,1010,426,13016,99.28,sam2,2.0,1498.383,22.833
12065,falling,1,,,,,null,,,
12066,falling,1,,,,,null,,,
12067,falling,1,,,,,null,,,
12068,falling,1,1010,424,12568,95.87,sam2,2.0,1498.383,22.833
12069,falling,1,,,,,null,,,
12070,falling,1,,,,,null,,,
12071,falling,1,,,,,null,,,
12072,falling,1,1010,424,12557,95.78,sam2,0.0,0.0,0.0
12073,falling,1,,,,,null,,,
12074,falling,1,,,,,null,,,
12075,falling,1,,,,,null,,,
12076,falling,1,1010,424,12680,96.72,sam2,0.0,0.0,0.0
12077,falling,1,,,,,null,,,
12078,falling,1,,,,,null,,,
12079,falling,1,,,,,null,,,
12080,falling,1,1010,424,12730,97.1,sam2,0.0,0.0,0.0
12081,falling,1,,,,,null,,,
12082,falling,1,,,,,null,,,
12083,falling,1,,,,,null,,,
12084,falling,1,1010,425,12878,98.23,sam2,1.0,749.192,11.416
12085,falling,1,,,,,null,,,
12086,falling,1,,,,,null,,,
12087,falling,1,,,,,null,,,
12088,falling,1,1010,425,12866,98.14,sam2,0.0,0.0,0.0
12089,falling,1,,,,,null,,,
12090,falling,1,,,,,null,,,
12091,falling,1,,,,,null,,,
12092,falling,1,1010,424,12644,96.45,sam2,1.0,749.192,11.416
12093,falling,1,,,,,null,,,
12094,falling,1,,,,,null,,,
12095,falling,1,,,,,null,,,
12096,falling,1,1011,423,12416,94.71,sam2,1.414,1059.517,16.145
12097,falling,1,,,,,null,,,
12098,falling,1,,,,,null,,,
12099,falling,1,,,,,null,,,
12100,falling,1,1010,423,12449,94.96,sam2,1.0,749.192,11.416
12101,falling,1,,,,,null,,,
12102,falling,1,,,,,null,,,
12103,falling,1,,,,,null,,,
12104,falling,1,1010,424,12697,96.85,sam2,1.0,749.192,11.416
12105,falling,1,,,,,null,,,
12106,falling,1,,,,,null,,,
12107,falling,1,,,,,null,,,
12108,falling,1,1010,425,12883,98.27,sam2,1.0,749.192,11.416
12109,falling,1,,,,,null,,,
12110,falling,1,,,,,null,,,
12111,falling,1,,,,,null,,,
12112,falling,1,1011,425,12749,97.25,sam2,1.0,749.192,11.416
12113,falling,1,,,,,null,,,
12114,falling,1,,,,,null,,,
12115,falling,1,,,,,null,,,
12116,falling,1,1011,425,12741,97.19,sam2,0.0,0.0,0.0
12117,falling,1,,,,,null,,,
12118,falling,1,,,,,null,,,
12119,falling,1,,,,,null,,,
12120,falling,1,1011,424,12536,95.62,sam2,1.0,749.192,11.416
12121,falling,1,,,,,null,,,
12122,falling,1,,,,,null,,,
12123,falling,1,,,,,null,,,
12124,falling,1,1011,425,12766,97.38,sam2,1.0,749.192,11.416
12125,falling,1,,,,,null,,,
12126,falling,1,,,,,null,,,
12127,falling,1,,,,,null,,,
12128,falling,1,1010,425,12795,97.6,sam2,1.0,749.192,11.416
12129,falling,1,,,,,null,,,
12130,falling,1,,,,,null,,,
12131,falling,1,,,,,null,,,
12132,falling,1,1011,423,12407,94.64,sam2,2.236,1675.243,25.528
12133,falling,1,,,,,null,,,
12134,falling,1,,,,,null,,,
12135,falling,1,,,,,null,,,
12136,falling,1,1011,425,12728,97.09,sam2,2.0,1498.383,22.833
12137,falling,1,,,,,null,,,
12138,falling,1,,,,,null,,,
12139,falling,1,,,,,null,,,
12140,falling,1,1010,423,12406,94.63,sam2,2.236,1675.243,25.528
12141,falling,1,,,,,null,,,
12142,falling,1,,,,,null,,,
12143,falling,1,,,,,null,,,
12144,falling,1,1010,426,13125,100.11,sam2,3.0,2247.575,34.249
12145,falling,1,,,,,null,,,
12146,falling,1,,,,,null,,,
12147,falling,1,,,,,null,,,
12148,falling,1,1010,425,12777,97.46,sam2,1.0,749.192,11.416
12149,falling,1,,,,,null,,,
12150,falling,1,,,,,null,,,
12151,falling,1,,,,,null,,,
12152,falling,1,1010,425,12723,97.05,sam2,0.0,0.0,0.0
12153,falling,1,,,,,null,,,
12154,falling,1,,,,,null,,,
12155,falling,1,,,,,null,,,
12156,falling,1,1010,425,12823,97.81,sam2,0.0,0.0,0.0
12157,falling,1,,,,,null,,,
12158,falling,1,,,,,null,,,
12159,falling,1,,,,,null,,,
12160,falling,1,1010,425,12901,98.41,sam2,0.0,0.0,0.0
12161,falling,1,,,,,null,,,
12162,falling,1,,,,,null,,,
12163,falling,1,,,,,null,,,
12164,falling,1,1011,424,12627,96.32,sam2,1.414,1059.517,16.145
12165,falling,1,,,,,null,,,
12166,falling,1,,,,,null,,,
12167,falling,1,,,,,null,,,
12168,falling,1,1010,426,13128,100.14,sam2,2.236,1675.243,25.528
12169,falling,1,,,,,null,,,
12170,falling,1,,,,,null,,,
12171,falling,1,,,,,null,,,
12172,falling,1,1010,423,12366,94.32,sam2,3.0,2247.575,34.249
12173,falling,1,,,,,null,,,
12174,falling,1,,,,,null,,,
12175,falling,1,,,,,null,,,
12176,falling,1,1010,415,10383,79.2,sam2,8.0,5993.533,91.33
12177,falling,1,,,,,null,,,
12178,falling,1,,,,,null,,,
12179,falling,1,,,,,null,,,
12180,falling,1,1011,423,12430,94.81,sam2,8.062,6040.176,92.041
12181,falling,1,,,,,null,,,
12182,falling,1,,,,,null,,,
12183,falling,1,,,,,null,,,
12184,falling,1,1010,426,12932,98.64,sam2,3.162,2369.152,36.101
12185,falling,1,,,,,null,,,
12186,falling,1,,,,,null,,,
12187,falling,1,,,,,null,,,
12188,falling,1,1011,424,12516,95.47,sam2,2.236,1675.243,25.528
12189,falling,1,,,,,null,,,
12190,falling,1,,,,,null,,,
12191,falling,1,,,,,null,,,
12192,falling,1,1010,424,12643,96.44,sam2,1.0,749.192,11.416
12193,falling,1,,,,,null,,,
12194,falling,1,,,,,null,,,
12195,falling,1,,,,,null,,,
12196,falling,1,1010,424,12489,95.26,sam2,0.0,0.0,0.0
12197,falling,1,,,,,null,,,
12198,falling,1,,,,,null,,,
12199,falling,1,,,,,null,,,
12200,falling,1,1010,423,12375,94.39,sam2,1.0,749.192,11.416
12201,falling,1,,,,,null,,,
12202,falling,1,,,,,null,,,
12203,falling,1,,,,,null,,,
12204,falling,1,1010,424,12677,96.7,sam2,1.0,749.192,11.416
12205,falling,1,,,,,null,,,
12206,falling,1,,,,,null,,,
12207,falling,1,,,,,null,,,
12208,falling,1,1011,423,12287,93.72,sam2,1.414,1059.517,16.145
12209,falling,1,,,,,null,,,
12210,falling,1,,,,,null,,,
12211,falling,1,,,,,null,,,
12212,falling,1,1010,424,12608,96.17,sam2,1.414,1059.517,16.145
12213,falling,1,,,,,null,,,
12214,falling,1,,,,,null,,,
12215,falling,1,,,,,null,,,
12216,falling,1,1010,424,12638,96.4,sam2,0.0,0.0,0.0
12217,falling,1,,,,,null,,,
12218,falling,1,,,,,null,,,
12219,falling,1,,,,,null,,,
12220,falling,1,1010,424,12481,95.2,sam2,0.0,0.0,0.0
12221,falling,1,,,,,null,,,
12222,falling,1,,,,,null,,,
12223,falling,1,,,,,null,,,
12224,falling,1,1010,423,12417,94.71,sam2,1.0,749.192,11.416
12225,falling,1,,,,,null,,,
12226,falling,1,,,,,null,,,
12227,falling,1,,,,,null,,,
12228,falling,1,1010,425,12705,96.91,sam2,2.0,1498.383,22.833
12229,falling,1,,,,,null,,,
12230,falling,1,,,,,null,,,
12231,falling,1,,,,,null,,,
12232,falling,1,1010,424,12476,95.16,sam2,1.0,749.192,11.416
12233,falling,1,,,,,null,,,
12234,falling,1,,,,,null,,,
12235,falling,1,,,,,null,,,
12236,falling,1,1010,424,12496,95.32,sam2,0.0,0.0,0.0
12237,falling,1,,,,,null,,,
12238,falling,1,,,,,null,,,
12239,falling,1,,,,,null,,,
12240,falling,1,1010,425,12699,96.86,sam2,1.0,749.192,11.416
12241,falling,1,,,,,null,,,
12242,falling,1,,,,,null,,,
12243,falling,1,,,,,null,,,
12244,falling,1,1010,425,12703,96.9,sam2,0.0,0.0,0.0
12245,falling,1,,,,,null,,,
12246,falling,1,,,,,null,,,
12247,falling,1,,,,,null,,,
12248,falling,1,1010,423,12381,94.44,sam2,2.0,1498.383,22.833
12249,falling,1,,,,,null,,,
12250,falling,1,,,,,null,,,
12251,falling,1,,,,,null,,,
12252,falling,1,1010,425,12826,97.83,sam2,2.0,1498.383,22.833
12253,falling,1,,,,,null,,,
12254,falling,1,,,,,null,,,
12255,falling,1,,,,,null,,,
12256,falling,1,1010,424,12609,96.18,sam2,1.0,749.192,11.416
12257,falling,1,,,,,null,,,
12258,falling,1,,,,,null,,,
12259,falling,1,,,,,null,,,
12260,falling,1,1010,425,12894,98.35,sam2,1.0,749.192,11.416
12261,falling,1,,,,,null,,,
12262,falling,1,,,,,null,,,
12263,falling,1,,,,,null,,,
12264,falling,1,1010,425,12706,96.92,sam2,0.0,0.0,0.0
12265,falling,1,,,,,null,,,
12266,falling,1,,,,,null,,,
12267,falling,1,,,,,null,,,
12268,falling,1,1010,426,13036,99.44,sam2,1.0,749.192,11.416
12269,falling,1,,,,,null,,,
12270,falling,1,,,,,null,,,
12271,falling,1,,,,,null,,,
12272,falling,1,1010,426,12988,99.07,sam2,0.0,0.0,0.0
12273,falling,1,,,,,null,,,
12274,falling,1,,,,,null,,,
12275,falling,1,,,,,null,,,
12276,falling,1,1010,424,12572,95.9,sam2,2.0,1498.383,22.833
12277,falling,1,,,,,null,,,
12278,falling,1,,,,,null,,,
12279,falling,1,,,,,null,,,
12280,falling,1,1010,424,12680,96.72,sam2,0.0,0.0,0.0
12281,falling,1,,,,,null,,,
12282,falling,1,,,,,null,,,
12283,falling,1,,,,,null,,,
12284,falling,1,1010,424,12622,96.28,sam2,0.0,0.0,0.0
12285,falling,1,,,,,null,,,
12286,falling,1,,,,,null,,,
12287,falling,1,,,,,null,,,
12288,falling,1,1010,424,12536,95.62,sam2,0.0,0.0,0.0
12289,falling,1,,,,,null,,,
12290,falling,1,,,,,null,,,
12291,falling,1,,,,,null,,,
12292,falling,1,1010,423,12394,94.54,sam2,1.0,749.192,11.416
12293,falling,1,,,,,null,,,
12294,falling,1,,,,,null,,,
12295,falling,1,,,,,null,,,
12296,falling,1,1010,424,12449,94.96,sam2,1.0,749.192,11.416
12297,falling,1,,,,,null,,,
12298,falling,1,,,,,null,,,
12299,falling,1,,,,,null,,,
12300,falling,1,1010,422,12104,92.33,sam2,2.0,1498.383,22.833
12301,falling,1,,,,,null,,,
12302,falling,1,,,,,null,,,
12303,falling,1,,,,,null,,,
12304,falling,1,1010,424,12456,95.01,sam2,2.0,1498.383,22.833
12305,falling,1,,,,,null,,,
12306,falling,1,,,,,null,,,
12307,falling,1,,,,,null,,,
12308,falling,1,1010,425,12719,97.02,sam2,1.0,749.192,11.416
12309,falling,1,,,,,null,,,
12310,falling,1,,,,,null,,,
12311,falling,1,,,,,null,,,
12312,falling,1,1010,425,12882,98.26,sam2,0.0,0.0,0.0
12313,falling,1,,,,,null,,,
12314,falling,1,,,,,null,,,
12315,falling,1,,,,,null,,,
12316,falling,1,1010,425,12679,96.71,sam2,0.0,0.0,0.0
12317,falling,1,,,,,null,,,
12318,falling,1,,,,,null,,,
12319,falling,1,,,,,null,,,
12320,falling,1,1010,424,12523,95.52,sam2,1.0,749.192,11.416
12321,falling,1,,,,,null,,,
12322,falling,1,,,,,null,,,
12323,falling,1,,,,,null,,,
12324,falling,1,1010,425,12878,98.23,sam2,1.0,749.192,11.416
12325,falling,1,,,,,null,,,
12326,falling,1,,,,,null,,,
12327,falling,1,,,,,null,,,
12328,falling,1,1010,424,12628,96.32,sam2,1.0,749.192,11.416
12329,falling,1,,,,,null,,,
12330,falling,1,,,,,null,,,
12331,falling,1,,,,,null,,,
12332,falling,1,1010,425,12704,96.9,sam2,1.0,749.192,11.416
12333,falling,1,,,,,null,,,
12334,falling,1,,,,,null,,,
12335,falling,1,,,,,null,,,
12336,falling,1,1010,424,12476,95.16,sam2,1.0,749.192,11.416
12337,falling,1,,,,,null,,,
12338,falling,1,,,,,null,,,
12339,falling,1,,,,,null,,,
12340,falling,1,1010,424,12442,94.9,sam2,0.0,0.0,0.0
12341,falling,1,,,,,null,,,
12342,falling,1,,,,,null,,,
12343,falling,1,,,,,null,,,
12344,falling,1,1010,424,12565,95.84,sam2,0.0,0.0,0.0
12345,falling,1,,,,,null,,,
12346,falling,1,,,,,null,,,
12347,falling,1,,,,,null,,,
12348,falling,1,1010,424,12495,95.31,sam2,0.0,0.0,0.0
12349,falling,1,,,,,null,,,
12350,falling,1,,,,,null,,,
12351,falling,1,,,,,null,,,
12352,falling,1,1011,425,12672,96.66,sam2,1.414,1059.517,16.145
12353,falling,1,,,,,null,,,
12354,falling,1,,,,,null,,,
12355,falling,1,,,,,null,,,
12356,falling,1,1010,424,12515,95.46,sam2,1.414,1059.517,16.145
12357,falling,1,,,,,null,,,
12358,falling,1,,,,,null,,,
12359,falling,1,,,,,null,,,
12360,falling,1,1010,424,12549,95.72,sam2,0.0,0.0,0.0
12361,falling,1,,,,,null,,,
12362,falling,1,,,,,null,,,
12363,falling,1,,,,,null,,,
12364,falling,1,1010,425,12694,96.83,sam2,1.0,749.192,11.416
12365,falling,1,,,,,null,,,
12366,falling,1,,,,,null,,,
12367,falling,1,,,,,null,,,
12368,falling,1,1010,424,12435,94.85,sam2,1.0,749.192,11.416
12369,falling,1,,,,,null,,,
12370,falling,1,,,,,null,,,
12371,falling,1,,,,,null,,,
12372,falling,1,1010,424,12573,95.9,sam2,0.0,0.0,0.0
12373,falling,1,,,,,null,,,
12374,falling,1,,,,,null,,,
12375,falling,1,,,,,null,,,
12376,falling,1,1010,424,12404,94.61,sam2,0.0,0.0,0.0
12377,falling,1,,,,,null,,,
12378,falling,1,,,,,null,,,
12379,falling,1,,,,,null,,,
12380,falling,1,1010,425,12688,96.78,sam2,1.0,749.192,11.416
12381,falling,1,,,,,null,,,
12382,falling,1,,,,,null,,,
12383,falling,1,,,,,null,,,
12384,falling,1,1010,423,12370,94.36,sam2,2.0,1498.383,22.833
12385,falling,1,,,,,null,,,
12386,falling,1,,,,,null,,,
12387,falling,1,,,,,null,,,
12388,falling,1,1010,425,12735,97.14,sam2,2.0,1498.383,22.833
12389,falling,1,,,,,null,,,
12390,falling,1,,,,,null,,,
12391,falling,1,,,,,null,,,
12392,falling,1,1010,425,12632,96.35,sam2,0.0,0.0,0.0
12393,falling,1,,,,,null,,,
12394,falling,1,,,,,null,,,
12395,falling,1,,,,,null,,,
12396,falling,1,1010,424,12578,95.94,sam2,1.0,749.192,11.416
12397,falling,1,,,,,null,,,
12398,falling,1,,,,,null,,,
12399,falling,1,,,,,null,,,
12400,falling,1,1010,424,12583,95.98,sam2,0.0,0.0,0.0
12401,falling,1,,,,,null,,,
12402,falling,1,,,,,null,,,
12403,falling,1,,,,,null,,,
12404,falling,1,1010,424,12453,94.99,sam2,0.0,0.0,0.0
12405,falling,1,,,,,null,,,
12406,falling,1,,,,,null,,,
12407,falling,1,,,,,null,,,
12408,falling,1,1010,424,12536,95.62,sam2,0.0,0.0,0.0
12409,falling,1,,,,,null,,,
12410,falling,1,,,,,null,,,
12411,falling,1,,,,,null,,,
12412,falling,1,1010,425,12650,96.49,sam2,1.0,749.192,11.416
12413,falling,1,,,,,null,,,
12414,falling,1,,,,,null,,,
12415,falling,1,,,,,null,,,
12416,falling,1,1010,425,12791,97.57,sam2,0.0,0.0,0.0
12417,falling,1,,,,,null,,,
12418,falling,1,,,,,null,,,
12419,falling,1,,,,,null,,,
12420,falling,1,1010,424,12440,94.89,sam2,1.0,749.192,11.416
12421,falling,1,,,,,null,,,
12422,falling,1,,,,,null,,,
12423,falling,1,,,,,null,,,
12424,falling,1,1010,425,12845,97.98,sam2,1.0,749.192,11.416
12425,falling,1,,,,,null,,,
12426,falling,1,,,,,null,,,
12427,falling,1,,,,,null,,,
12428,falling,1,1010,424,12543,95.68,sam2,1.0,749.192,11.416
12429,falling,1,,,,,null,,,
12430,falling,1,,,,,null,,,
12431,falling,1,,,,,null,,,
12432,falling,1,1010,425,12691,96.8,sam2,1.0,749.192,11.416
12433,falling,1,,,,,null,,,
12434,falling,1,,,,,null,,,
12435,falling,1,,,,,null,,,
12436,falling,1,1010,425,12672,96.66,sam2,0.0,0.0,0.0
12437,falling,1,,,,,null,,,
12438,falling,1,,,,,null,,,
12439,falling,1,,,,,null,,,
12440,falling,1,1010,423,12176,92.88,sam2,2.0,1498.383,22.833
12441,falling,1,,,,,null,,,
12442,falling,1,,,,,null,,,
12443,falling,1,,,,,null,,,
12444,falling,1,1010,425,12790,97.56,sam2,2.0,1498.383,22.833
12445,falling,1,,,,,null,,,
12446,falling,1,,,,,null,,,
12447,falling,1,,,,,null,,,
12448,falling,1,1010,425,12746,97.22,sam2,0.0,0.0,0.0
12449,falling,1,,,,,null,,,
12450,falling,1,,,,,null,,,
12451,falling,1,,,,,null,,,
12452,falling,1,1010,424,12500,95.35,sam2,1.0,749.192,11.416
12453,falling,1,,,,,null,,,
12454,falling,1,,,,,null,,,
12455,falling,1,,,,,null,,,
12456,falling,1,1010,425,12785,97.52,sam2,1.0,749.192,11.416
12457,falling,1,,,,,null,,,
12458,falling,1,,,,,null,,,
12459,falling,1,,,,,null,,,
12460,falling,1,1010,424,12573,95.9,sam2,1.0,749.192,11.416
12461,falling,1,,,,,null,,,
12462,falling,1,,,,,null,,,
12463,falling,1,,,,,null,,,
12464,falling,1,1010,424,12582,95.97,sam2,0.0,0.0,0.0
12465,falling,1,,,,,null,,,
12466,falling,1,,,,,null,,,
12467,falling,1,,,,,null,,,
12468,falling,1,1010,424,12489,95.26,sam2,0.0,0.0,0.0
12469,falling,1,,,,,null,,,
12470,falling,1,,,,,null,,,
12471,falling,1,,,,,null,,,
12472,falling,1,1010,425,12660,96.57,sam2,1.0,749.192,11.416
12473,falling,1,,,,,null,,,
12474,falling,1,,,,,null,,,
12475,falling,1,,,,,null,,,
12476,falling,1,1010,424,12485,95.23,sam2,1.0,749.192,11.416
12477,falling,1,,,,,null,,,
12478,falling,1,,,,,null,,,
12479,falling,1,,,,,null,,,
12480,falling,1,1010,424,12453,94.99,sam2,0.0,0.0,0.0
12481,falling,1,,,,,null,,,
12482,falling,1,,,,,null,,,
12483,falling,1,,,,,null,,,
12484,falling,1,1010,425,12711,96.96,sam2,1.0,749.192,11.416
12485,falling,1,,,,,null,,,
12486,falling,1,,,,,null,,,
12487,falling,1,,,,,null,,,
12488,falling,1,1010,424,12562,95.82,sam2,1.0,749.192,11.416
12489,falling,1,,,,,null,,,
12490,falling,1,,,,,null,,,
12491,falling,1,,,,,null,,,
12492,falling,1,1010,425,12815,97.75,sam2,1.0,749.192,11.416
12493,falling,1,,,,,null,,,
12494,falling,1,,,,,null,,,
12495,falling,1,,,,,null,,,
12496,falling,1,1010,425,12702,96.89,sam2,0.0,0.0,0.0
12497,falling,1,,,,,null,,,
12498,falling,1,,,,,null,,,
12499,falling,1,,,,,null,,,
12500,falling,1,1010,424,12524,95.53,sam2,1.0,749.192,11.416
12501,falling,1,,,,,null,,,
12502,falling,1,,,,,null,,,
12503,falling,1,,,,,null,,,
12504,falling,1,1010,424,12559,95.8,sam2,0.0,0.0,0.0
12505,falling,1,,,,,null,,,
12506,falling,1,,,,,null,,,
12507,falling,1,,,,,null,,,
12508,falling,1,1010,424,12446,94.94,sam2,0.0,0.0,0.0
12509,falling,1,,,,,null,,,
12510,falling,1,,,,,null,,,
12511,falling,1,,,,,null,,,
12512,falling,1,1010,424,12485,95.23,sam2,0.0,0.0,0.0
12513,falling,1,,,,,null,,,
12514,falling,1,,,,,null,,,
12515,falling,1,,,,,null,,,
12516,falling,1,1010,424,12568,95.87,sam2,0.0,0.0,0.0
12517,falling,1,,,,,null,,,
12518,falling,1,,,,,null,,,
12519,falling,1,,,,,null,,,
12520,falling,1,1010,424,12477,95.17,sam2,0.0,0.0,0.0
12521,falling,1,,,,,null,,,
12522,falling,1,,,,,null,,,
12523,falling,1,,,,,null,,,
12524,falling,1,1010,426,12956,98.83,sam2,2.0,1498.383,22.833
12525,falling,1,,,,,null,,,
12526,falling,1,,,,,null,,,
12527,falling,1,,,,,null,,,
12528,falling,1,1010,424,12451,94.97,sam2,2.0,1498.383,22.833
12529,falling,1,,,,,null,,,
12530,falling,1,,,,,null,,,
12531,falling,1,,,,,null,,,
12532,falling,1,1010,424,12476,95.16,sam2,0.0,0.0,0.0
12533,falling,1,,,,,null,,,
12534,falling,1,,,,,null,,,
12535,falling,1,,,,,null,,,
12536,falling,1,1010,424,12560,95.8,sam2,0.0,0.0,0.0
12537,falling,1,,,,,null,,,
12538,falling,1,,,,,null,,,
12539,falling,1,,,,,null,,,
12540,falling,1,1010,426,12871,98.18,sam2,2.0,1498.383,22.833
12541,falling,1,,,,,null,,,
12542,falling,1,,,,,null,,,
12543,falling,1,,,,,null,,,
12544,falling,1,1010,423,12171,92.84,sam2,3.0,2247.575,34.249
12545,falling,1,,,,,null,,,
12546,falling,1,,,,,null,,,
12547,falling,1,,,,,null,,,
12548,falling,1,1010,425,12626,96.31,sam2,2.0,1498.383,22.833
12549,falling,1,,,,,null,,,
12550,falling,1,,,,,null,,,
12551,falling,1,,,,,null,,,
12552,falling,1,1010,425,12699,96.86,sam2,0.0,0.0,0.0
12553,falling,1,,,,,null,,,
12554,falling,1,,,,,null,,,
12555,falling,1,,,,,null,,,
12556,falling,1,1010,424,12405,94.62,sam2,1.0,749.192,11.416
12557,falling,1,,,,,null,,,
12558,falling,1,,,,,null,,,
12559,falling,1,,,,,null,,,
12560,falling,1,1010,424,12485,95.23,sam2,0.0,0.0,0.0
12561,falling,1,,,,,null,,,
12562,falling,1,,,,,null,,,
12563,falling,1,,,,,null,,,
12564,falling,1,1010,424,12551,95.74,sam2,0.0,0.0,0.0
12565,falling,1,,,,,null,,,
12566,falling,1,,,,,null,,,
12567,falling,1,,,,,null,,,
12568,falling,1,1010,424,12468,95.1,sam2,0.0,0.0,0.0
12569,falling,1,,,,,null,,,
12570,falling,1,,,,,null,,,
12571,falling,1,,,,,null,,,
12572,falling,1,1010,423,12164,92.78,sam2,1.0,749.192,11.416
12573,falling,1,,,,,null,,,
12574,falling,1,,,,,null,,,
12575,falling,1,,,,,null,,,
12576,falling,1,1010,423,12286,93.71,sam2,0.0,0.0,0.0
12577,falling,1,,,,,null,,,
12578,falling,1,,,,,null,,,
12579,falling,1,,,,,null,,,
12580,falling,1,1010,424,12450,94.97,sam2,1.0,749.192,11.416
12581,falling,1,,,,,null,,,
12582,falling,1,,,,,null,,,
12583,falling,1,,,,,null,,,
12584,falling,1,1010,424,12370,94.36,sam2,0.0,0.0,0.0
12585,falling,1,,,,,null,,,
12586,falling,1,,,,,null,,,
12587,falling,1,,,,,null,,,
12588,falling,1,1010,423,12222,93.23,sam2,1.0,749.192,11.416
12589,falling,1,,,,,null,,,
12590,falling,1,,,,,null,,,
12591,falling,1,,,,,null,,,
12592,falling,1,1010,423,12152,92.69,sam2,0.0,0.0,0.0
12593,falling,1,,,,,null,,,
12594,falling,1,,,,,null,,,
12595,falling,1,,,,,null,,,
12596,falling,1,1010,424,12506,95.39,sam2,1.0,749.192,11.416
12597,falling,1,,,,,null,,,
12598,falling,1,,,,,null,,,
12599,falling,1,,,,,null,,,
12600,falling,1,1010,425,12740,97.18,sam2,1.0,749.192,11.416
12601,falling,1,,,,,null,,,
12602,falling,1,,,,,null,,,
12603,falling,1,,,,,null,,,
12604,falling,1,1010,424,12348,94.19,sam2,1.0,749.192,11.416
12605,falling,1,,,,,null,,,
12606,falling,1,,,,,null,,,
12607,falling,1,,,,,null,,,
12608,falling,1,1010,425,12629,96.33,sam2,1.0,749.192,11.416
12609,falling,1,,,,,null,,,
12610,falling,1,,,,,null,,,
12611,falling,1,,,,,null,,,
12612,falling,1,1010,424,12403,94.61,sam2,1.0,749.192,11.416
12613,falling,1,,,,,null,,,
12614,falling,1,,,,,null,,,
12615,falling,1,,,,,null,,,
12616,falling,1,1010,425,12627,96.32,sam2,1.0,749.192,11.416
12617,falling,1,,,,,null,,,
12618,falling,1,,,,,null,,,
12619,falling,1,,,,,null,,,
12620,falling,1,1010,425,12762,97.35,sam2,0.0,0.0,0.0
12621,falling,1,,,,,null,,,
12622,falling,1,,,,,null,,,
12623,falling,1,,,,,null,,,
12624,falling,1,1010,424,12347,94.18,sam2,1.0,749.192,11.416
12625,falling,1,,,,,null,,,
12626,falling,1,,,,,null,,,
12627,falling,1,,,,,null,,,
12628,falling,1,1010,424,12466,95.09,sam2,0.0,0.0,0.0
12629,falling,1,,,,,null,,,
12630,falling,1,,,,,null,,,
12631,falling,1,,,,,null,,,
12632,falling,1,1010,424,12454,95.0,sam2,0.0,0.0,0.0
12633,falling,1,,,,,null,,,
12634,falling,1,,,,,null,,,
12635,falling,1,,,,,null,,,
12636,falling,1,1010,425,12564,95.84,sam2,1.0,749.192,11.416
12637,falling,1,,,,,null,,,
12638,falling,1,,,,,null,,,
12639,falling,1,,,,,null,,,
12640,falling,1,1010,423,12267,93.57,sam2,2.0,1498.383,22.833
12641,falling,1,,,,,null,,,
12642,falling,1,,,,,null,,,
12643,falling,1,,,,,null,,,
12644,falling,1,1010,424,12472,95.13,sam2,1.0,749.192,11.416
12645,falling,1,,,,,null,,,
12646,falling,1,,,,,null,,,
12647,falling,1,,,,,null,,,
12648,falling,1,1010,424,12415,94.7,sam2,0.0,0.0,0.0
12649,falling,1,,,,,null,,,
12650,falling,1,,,,,null,,,
12651,falling,1,,,,,null,,,
12652,falling,1,1010,424,12421,94.74,sam2,0.0,0.0,0.0
12653,falling,1,,,,,null,,,
12654,falling,1,,,,,null,,,
12655,falling,1,,,,,null,,,
12656,falling,1,1010,424,12421,94.74,sam2,0.0,0.0,0.0
12657,falling,1,,,,,null,,,
12658,falling,1,,,,,null,,,
12659,falling,1,,,,,null,,,
12660,falling,1,1010,425,12613,96.21,sam2,1.0,749.192,11.416
12661,falling,1,,,,,null,,,
12662,falling,1,,,,,null,,,
12663,falling,1,,,,,null,,,
12664,falling,1,1010,424,12294,93.78,sam2,1.0,749.192,11.416
12665,falling,1,,,,,null,,,
12666,falling,1,,,,,null,,,
12667,falling,1,,,,,null,,,
12668,falling,1,1010,424,12527,95.55,sam2,0.0,0.0,0.0
12669,falling,1,,,,,null,,,
12670,falling,1,,,,,null,,,
12671,falling,1,,,,,null,,,
12672,falling,1,1010,425,12542,95.67,sam2,1.0,749.192,11.416
12673,falling,1,,,,,null,,,
12674,falling,1,,,,,null,,,
12675,falling,1,,,,,null,,,
12676,falling,1,1010,424,12381,94.44,sam2,1.0,749.192,11.416
12677,falling,1,,,,,null,,,
12678,falling,1,,,,,null,,,
12679,falling,1,,,,,null,,,
12680,falling,1,1010,425,12667,96.62,sam2,1.0,749.192,11.416
12681,falling,1,,,,,null,,,
12682,falling,1,,,,,null,,,
12683,falling,1,,,,,null,,,
12684,falling,1,1010,425,12616,96.23,sam2,0.0,0.0,0.0
12685,falling,1,,,,,null,,,
12686,falling,1,,,,,null,,,
12687,falling,1,,,,,null,,,
12688,falling,1,1010,425,12541,95.66,sam2,0.0,0.0,0.0
12689,falling,1,,,,,null,,,
12690,falling,1,,,,,null,,,
12691,falling,1,,,,,null,,,
12692,falling,1,1010,425,12637,96.39,sam2,0.0,0.0,0.0
12693,falling,1,,,,,null,,,
12694,falling,1,,,,,null,,,
12695,falling,1,,,,,null,,,
12696,falling,1,1009,416,10528,80.31,sam2,9.055,6784.219,103.379
12697,falling,1,,,,,null,,,
12698,falling,1,,,,,null,,,
12699,falling,1,,,,,null,,,
12700,falling,1,1010,425,12764,97.36,sam2,9.055,6784.219,103.379
12701,falling,1,,,,,null,,,
12702,falling,1,,,,,null,,,
12703,falling,1,,,,,null,,,
12704,falling,1,1010,423,12246,93.41,sam2,2.0,1498.383,22.833
12705,falling,1,,,,,null,,,
12706,falling,1,,,,,null,,,
12707,falling,1,,,,,null,,,
12708,falling,1,1010,424,12333,94.07,sam2,1.0,749.192,11.416
12709,falling,1,,,,,null,,,
12710,falling,1,,,,,null,,,
12711,falling,1,,,,,null,,,
12712,falling,1,1010,423,12237,93.34,sam2,1.0,749.192,11.416
12713,falling,1,,,,,null,,,
12714,falling,1,,,,,null,,,
12715,falling,1,,,,,null,,,
12716,falling,1,1010,424,12495,95.31,sam2,1.0,749.192,11.416
12717,falling,1,,,,,null,,,
12718,falling,1,,,,,null,,,
12719,falling,1,,,,,null,,,
12720,falling,1,1010,423,12048,91.9,sam2,1.0,749.192,11.416
12721,falling,1,,,,,null,,,
12722,falling,1,,,,,null,,,
12723,falling,1,,,,,null,,,
12724,falling,1,1010,424,12416,94.71,sam2,1.0,749.192,11.416
12725,falling,1,,,,,null,,,
12726,falling,1,,,,,null,,,
12727,falling,1,,,,,null,,,
12728,falling,1,1010,425,12695,96.83,sam2,1.0,749.192,11.416
12729,falling,1,,,,,null,,,
12730,falling,1,,,,,null,,,
12731,falling,1,,,,,null,,,
12732,falling,1,1010,424,12489,95.26,sam2,1.0,749.192,11.416
12733,falling,1,,,,,null,,,
12734,falling,1,,,,,null,,,
12735,falling,1,,,,,null,,,
12736,falling,1,1010,425,12612,96.2,sam2,1.0,749.192,11.416
12737,falling,1,,,,,null,,,
12738,falling,1,,,,,null,,,
12739,falling,1,,,,,null,,,
12740,falling,1,1010,425,12629,96.33,sam2,0.0,0.0,0.0
12741,falling,1,,,,,null,,,
12742,falling,1,,,,,null,,,
12743,falling,1,,,,,null,,,
12744,falling,1,1010,423,12258,93.5,sam2,2.0,1498.383,22.833
12745,falling,1,,,,,null,,,
12746,falling,1,,,,,null,,,
12747,falling,1,,,,,null,,,
12748,falling,1,1010,424,12353,94.23,sam2,1.0,749.192,11.416
12749,falling,1,,,,,null,,,
12750,falling,1,,,,,null,,,
12751,falling,1,,,,,null,,,
12752,falling,1,1010,425,12613,96.21,sam2,1.0,749.192,11.416
12753,falling,1,,,,,null,,,
12754,falling,1,,,,,null,,,
12755,falling,1,,,,,null,,,
12756,falling,1,1010,424,12464,95.07,sam2,1.0,749.192,11.416
12757,falling,1,,,,,null,,,
12758,falling,1,,,,,null,,,
12759,falling,1,,,,,null,,,
12760,falling,1,1010,425,12559,95.8,sam2,1.0,749.192,11.416
12761,falling,1,,,,,null,,,
12762,falling,1,,,,,null,,,
12763,falling,1,,,,,null,,,
12764,falling,1,1010,424,12359,94.27,sam2,1.0,749.192,11.416
12765,falling,1,,,,,null,,,
12766,falling,1,,,,,null,,,
12767,falling,1,,,,,null,,,
12768,falling,1,1010,424,12471,95.13,sam2,0.0,0.0,0.0
12769,falling,1,,,,,null,,,
12770,falling,1,,,,,null,,,
12771,falling,1,,,,,null,,,
12772,falling,1,1010,425,12567,95.86,sam2,1.0,749.192,11.416
12773,falling,1,,,,,null,,,
12774,falling,1,,,,,null,,,
12775,falling,1,,,,,null,,,
12776,falling,1,1010,424,12320,93.97,sam2,1.0,749.192,11.416
12777,falling,1,,,,,null,,,
12778,falling,1,,,,,null,,,
12779,falling,1,,,,,null,,,
12780,falling,1,1010,425,12551,95.74,sam2,1.0,749.192,11.416
12781,falling,1,,,,,null,,,
12782,falling,1,,,,,null,,,
12783,falling,1,,,,,null,,,
12784,falling,1,1010,425,12503,95.37,sam2,0.0,0.0,0.0
12785,falling,1,,,,,null,,,
12786,falling,1,,,,,null,,,
12787,falling,1,,,,,null,,,
12788,falling,1,1010,423,12124,92.48,sam2,2.0,1498.383,22.833
12789,falling,1,,,,,null,,,
12790,falling,1,,,,,null,,,
12791,falling,1,,,,,null,,,
12792,falling,1,1010,425,12645,96.45,sam2,2.0,1498.383,22.833
12793,falling,1,,,,,null,,,
12794,falling,1,,,,,null,,,
12795,falling,1,,,,,null,,,
12796,falling,1,1011,425,12471,95.13,sam2,1.0,749.192,11.416
12797,falling,1,,,,,null,,,
12798,falling,1,,,,,null,,,
12799,falling,1,,,,,null,,,
12800,falling,1,1010,424,12328,94.04,sam2,1.414,1059.517,16.145
12801,falling,1,,,,,null,,,
12802,falling,1,,,,,null,,,
12803,falling,1,,,,,null,,,
12804,falling,1,1010,424,12436,94.86,sam2,0.0,0.0,0.0
12805,falling,1,,,,,null,,,
12806,falling,1,,,,,null,,,
12807,falling,1,,,,,null,,,
12808,falling,1,1010,425,12646,96.46,sam2,1.0,749.192,11.416
12809,falling,1,,,,,null,,,
12810,falling,1,,,,,null,,,
12811,falling,1,,,,,null,,,
12812,falling,1,1010,425,12562,95.82,sam2,0.0,0.0,0.0
12813,falling,1,,,,,null,,,
12814,falling,1,,,,,null,,,
12815,falling,1,,,,,null,,,
12816,falling,1,1010,425,12550,95.73,sam2,0.0,0.0,0.0
12817,falling,1,,,,,null,,,
12818,falling,1,,,,,null,,,
12819,falling,1,,,,,null,,,
12820,falling,1,1011,424,12281,93.68,sam2,1.414,1059.517,16.145
12821,falling,1,,,,,null,,,
12822,falling,1,,,,,null,,,
12823,falling,1,,,,,null,,,
12824,falling,1,1010,424,12273,93.62,sam2,1.0,749.192,11.416
12825,falling,1,,,,,null,,,
12826,falling,1,,,,,null,,,
12827,falling,1,,,,,null,,,
12828,falling,1,1010,425,12660,96.57,sam2,1.0,749.192,11.416
12829,falling,1,,,,,null,,,
12830,falling,1,,,,,null,,,
12831,falling,1,,,,,null,,,
12832,falling,1,1010,425,12472,95.13,sam2,0.0,0.0,0.0
12833,falling,1,,,,,null,,,
12834,falling,1,,,,,null,,,
12835,falling,1,,,,,null,,,
12836,falling,1,1010,424,12456,95.01,sam2,1.0,749.192,11.416
12837,falling,1,,,,,null,,,
12838,falling,1,,,,,null,,,
12839,falling,1,,,,,null,,,
12840,falling,1,1010,424,12456,95.01,sam2,0.0,0.0,0.0
12841,falling,1,,,,,null,,,
12842,falling,1,,,,,null,,,
12843,falling,1,,,,,null,,,
12844,falling,1,1010,424,12385,94.47,sam2,0.0,0.0,0.0
12845,falling,1,,,,,null,,,
12846,falling,1,,,,,null,,,
12847,falling,1,,,,,null,,,
12848,falling,1,1010,425,12633,96.36,sam2,1.0,749.192,11.416
12849,falling,1,,,,,null,,,
12850,falling,1,,,,,null,,,
12851,falling,1,,,,,null,,,
12852,falling,1,1010,424,12372,94.37,sam2,1.0,749.192,11.416
12853,falling,1,,,,,null,,,
12854,falling,1,,,,,null,,,
12855,falling,1,,,,,null,,,
12856,falling,1,1010,424,12280,93.67,sam2,0.0,0.0,0.0
12857,falling,1,,,,,null,,,
12858,falling,1,,,,,null,,,
12859,falling,1,,,,,null,,,
12860,falling,1,1010,424,12272,93.61,sam2,0.0,0.0,0.0
12861,falling,1,,,,,null,,,
12862,falling,1,,,,,null,,,
12863,falling,1,,,,,null,,,
12864,falling,1,1009,416,10484,79.97,sam2,8.062,6040.176,92.041
12865,falling,1,,,,,null,,,
12866,falling,1,,,,,null,,,
12867,falling,1,,,,,null,,,
12868,falling,1,1010,424,12512,95.44,sam2,8.062,6040.176,92.041
12869,falling,1,,,,,null,,,
12870,falling,1,,,,,null,,,
12871,falling,1,,,,,null,,,
12872,falling,1,1010,425,12563,95.83,sam2,1.0,749.192,11.416
12873,falling,1,,,,,null,,,
12874,falling,1,,,,,null,,,
12875,falling,1,,,,,null,,,
12876,falling,1,1010,425,12630,96.34,sam2,0.0,0.0,0.0
12877,falling,1,,,,,null,,,
12878,falling,1,,,,,null,,,
12879,falling,1,,,,,null,,,
12880,falling,1,1010,424,12304,93.85,sam2,1.0,749.192,11.416
12881,falling,1,,,,,null,,,
12882,falling,1,,,,,null,,,
12883,falling,1,,,,,null,,,
12884,falling,1,1010,424,12278,93.65,sam2,0.0,0.0,0.0
12885,falling,1,,,,,null,,,
12886,falling,1,,,,,null,,,
12887,falling,1,,,,,null,,,
12888,falling,1,1011,423,12103,92.32,sam2,1.414,1059.517,16.145
12889,falling,1,,,,,null,,,
12890,falling,1,,,,,null,,,
12891,falling,1,,,,,null,,,
12892,falling,1,1010,425,12702,96.89,sam2,2.236,1675.243,25.528
12893,falling,1,,,,,null,,,
12894,falling,1,,,,,null,,,
12895,falling,1,,,,,null,,,
12896,falling,1,1010,425,12598,96.09,sam2,0.0,0.0,0.0
12897,falling,1,,,,,null,,,
12898,falling,1,,,,,null,,,
12899,falling,1,,,,,null,,,
12900,falling,1,1010,424,12426,94.78,sam2,1.0,749.192,11.416
12901,falling,1,,,,,null,,,
12902,falling,1,,,,,null,,,
12903,falling,1,,,,,null,,,
12904,falling,1,1010,424,12347,94.18,sam2,0.0,0.0,0.0
12905,falling,1,,,,,null,,,
12906,falling,1,,,,,null,,,
12907,falling,1,,,,,null,,,
12908,falling,1,1010,423,12128,92.51,sam2,1.0,749.192,11.416
12909,falling,1,,,,,null,,,
12910,falling,1,,,,,null,,,
12911,falling,1,,,,,null,,,
12912,falling,1,1010,424,12413,94.68,sam2,1.0,749.192,11.416
12913,falling,1,,,,,null,,,
12914,falling,1,,,,,null,,,
12915,falling,1,,,,,null,,,
12916,falling,1,1009,416,10387,79.23,sam2,8.062,6040.176,92.041
12917,falling,1,,,,,null,,,
12918,falling,1,,,,,null,,,
12919,falling,1,,,,,null,,,
12920,falling,1,1010,424,12429,94.81,sam2,8.062,6040.176,92.041
12921,falling,1,,,,,null,,,
12922,falling,1,,,,,null,,,
12923,falling,1,,,,,null,,,
12924,falling,1,1010,424,12495,95.31,sam2,0.0,0.0,0.0
12925,falling,1,,,,,null,,,
12926,falling,1,,,,,null,,,
12927,falling,1,,,,,null,,,
12928,falling,1,1010,423,12173,92.85,sam2,1.0,749.192,11.416
12929,falling,1,,,,,null,,,
12930,falling,1,,,,,null,,,
12931,falling,1,,,,,null,,,
12932,falling,1,1010,424,12252,93.46,sam2,1.0,749.192,11.416
12933,falling,1,,,,,null,,,
12934,falling,1,,,,,null,,,
12935,falling,1,,,,,null,,,
12936,falling,1,1010,424,12222,93.23,sam2,0.0,0.0,0.0
12937,falling,1,,,,,null,,,
12938,falling,1,,,,,null,,,
12939,falling,1,,,,,null,,,
12940,falling,1,1010,424,12258,93.5,sam2,0.0,0.0,0.0
12941,falling,1,,,,,null,,,
12942,falling,1,,,,,null,,,
12943,falling,1,,,,,null,,,
12944,falling,1,1010,425,12529,95.57,sam2,1.0,749.192,11.416
12945,falling,1,,,,,null,,,
12946,falling,1,,,,,null,,,
12947,falling,1,,,,,null,,,
12948,falling,1,1010,425,12652,96.51,sam2,0.0,0.0,0.0
12949,falling,1,,,,,null,,,
12950,falling,1,,,,,null,,,
12951,falling,1,,,,,null,,,
12952,falling,1,1010,424,12381,94.44,sam2,1.0,749.192,11.416
12953,falling,1,,,,,null,,,
12954,falling,1,,,,,null,,,
12955,falling,1,,,,,null,,,
12956,falling,1,1010,425,12659,96.56,sam2,1.0,749.192,11.416
12957,falling,1,,,,,null,,,
12958,falling,1,,,,,null,,,
12959,falling,1,,,,,null,,,
12960,falling,1,1010,424,12264,93.55,sam2,1.0,749.192,11.416
12961,falling,1,,,,,null,,,
12962,falling,1,,,,,null,,,
12963,falling,1,,,,,null,,,
12964,falling,1,1010,424,12251,93.45,sam2,0.0,0.0,0.0
12965,falling,1,,,,,null,,,
12966,falling,1,,,,,null,,,
12967,falling,1,,,,,null,,,
12968,falling,1,1010,423,12097,92.27,sam2,1.0,749.192,11.416
12969,falling,1,,,,,null,,,
12970,falling,1,,,,,null,,,
12971,falling,1,,,,,null,,,
12972,falling,1,1010,424,12461,95.05,sam2,1.0,749.192,11.416
12973,falling,1,,,,,null,,,
12974,falling,1,,,,,null,,,
12975,falling,1,,,,,null,,,
12976,falling,1,1010,425,12640,96.41,sam2,1.0,749.192,11.416
12977,falling,1,,,,,null,,,
12978,falling,1,,,,,null,,,
12979,falling,1,,,,,null,,,
12980,falling,1,1010,425,12574,95.91,sam2,0.0,0.0,0.0
12981,falling,1,,,,,null,,,
12982,falling,1,,,,,null,,,
12983,falling,1,,,,,null,,,
12984,falling,1,1010,424,12329,94.04,sam2,1.0,749.192,11.416
12985,falling,1,,,,,null,,,
12986,falling,1,,,,,null,,,
12987,falling,1,,,,,null,,,
12988,falling,1,1010,424,12411,94.67,sam2,0.0,0.0,0.0
12989,falling,1,,,,,null,,,
12990,falling,1,,,,,null,,,
12991,falling,1,,,,,null,,,
12992,falling,1,1010,424,12388,94.49,sam2,0.0,0.0,0.0
12993,falling,1,,,,,null,,,
12994,falling,1,,,,,null,,,
12995,falling,1,,,,,null,,,
12996,falling,1,1010,425,12508,95.41,sam2,1.0,749.192,11.416
12997,falling,1,,,,,null,,,
12998,falling,1,,,,,null,,,
12999,falling,1,,,,,null,,,
13000,falling,1,1010,425,12518,95.48,sam2,0.0,0.0,0.0
13001,falling,1,,,,,null,,,
13002,falling,1,,,,,null,,,
13003,falling,1,,,,,null,,,
13004,falling,1,1011,424,12267,93.57,sam2,1.414,1059.517,16.145
13005,falling,1,,,,,null,,,
13006,falling,1,,,,,null,,,
13007,falling,1,,,,,null,,,
13008,falling,1,1010,425,12491,95.28,sam2,1.414,1059.517,16.145
13009,falling,1,,,,,null,,,
13010,falling,1,,,,,null,,,
13011,falling,1,,,,,null,,,
13012,falling,1,1010,426,12794,97.59,sam2,1.0,749.192,11.416
13013,falling,1,,,,,null,,,
13014,falling,1,,,,,null,,,
13015,falling,1,,,,,null,,,
13016,falling,1,1010,425,12574,95.91,sam2,1.0,749.192,11.416
13017,falling,1,,,,,null,,,
13018,falling,1,,,,,null,,,
13019,falling,1,,,,,null,,,
13020,falling,1,1010,425,12605,96.15,sam2,0.0,0.0,0.0
13021,falling,1,,,,,null,,,
13022,falling,1,,,,,null,,,
13023,falling,1,,,,,null,,,
13024,falling,1,1010,425,12624,96.29,sam2,0.0,0.0,0.0
13025,falling,1,,,,,null,,,
13026,falling,1,,,,,null,,,
13027,falling,1,,,,,null,,,
13028,falling,1,1010,423,12194,93.01,sam2,2.0,1498.383,22.833
13029,falling,1,,,,,null,,,
13030,falling,1,,,,,null,,,
13031,falling,1,,,,,null,,,
13032,falling,1,1010,424,12308,93.88,sam2,1.0,749.192,11.416
13033,falling,1,,,,,null,,,
13034,falling,1,,,,,null,,,
13035,falling,1,,,,,null,,,
13036,falling,1,1010,424,12348,94.19,sam2,0.0,0.0,0.0
13037,falling,1,,,,,null,,,
13038,falling,1,,,,,null,,,
13039,falling,1,,,,,null,,,
13040,falling,1,1010,425,12458,95.03,sam2,1.0,749.192,11.416
13041,falling,1,,,,,null,,,
13042,falling,1,,,,,null,,,
13043,falling,1,,,,,null,,,
13044,falling,1,1010,425,12669,96.64,sam2,0.0,0.0,0.0
13045,falling,1,,,,,null,,,
13046,falling,1,,,,,null,,,
13047,falling,1,,,,,null,,,
13048,falling,1,1010,425,12565,95.84,sam2,0.0,0.0,0.0
13049,falling,1,,,,,null,,,
13050,falling,1,,,,,null,,,
13051,falling,1,,,,,null,,,
13052,falling,1,1010,424,12417,94.71,sam2,1.0,749.192,11.416
13053,falling,1,,,,,null,,,
13054,falling,1,,,,,null,,,
13055,falling,1,,,,,null,,,
13056,falling,1,1010,425,12453,94.99,sam2,1.0,749.192,11.416
13057,falling,1,,,,,null,,,
13058,falling,1,,,,,null,,,
13059,falling,1,,,,,null,,,
13060,falling,1,1010,425,12647,96.47,sam2,0.0,0.0,0.0
13061,falling,1,,,,,null,,,
13062,falling,1,,,,,null,,,
13063,falling,1,,,,,null,,,
13064,falling,1,1010,424,12326,94.02,sam2,1.0,749.192,11.416
13065,falling,1,,,,,null,,,
13066,falling,1,,,,,null,,,
13067,falling,1,,,,,null,,,
13068,falling,1,1010,424,12379,94.42,sam2,0.0,0.0,0.0
13069,falling,1,,,,,null,,,
13070,falling,1,,,,,null,,,
13071,falling,1,,,,,null,,,
13072,falling,1,1010,425,12614,96.22,sam2,1.0,749.192,11.416
13073,falling,1,,,,,null,,,
13074,falling,1,,,,,null,,,
13075,falling,1,,,,,null,,,
13076,falling,1,1010,425,12590,96.03,sam2,0.0,0.0,0.0
13077,falling,1,,,,,null,,,
13078,falling,1,,,,,null,,,
13079,falling,1,,,,,null,,,
13080,falling,1,1010,424,12429,94.81,sam2,1.0,749.192,11.416
13081,falling,1,,,,,null,,,
13082,falling,1,,,,,null,,,
13083,falling,1,,,,,null,,,
13084,falling,1,1010,425,12509,95.42,sam2,1.0,749.192,11.416
13085,falling,1,,,,,null,,,
13086,falling,1,,,,,null,,,
13087,falling,1,,,,,null,,,
13088,falling,1,1010,424,12357,94.26,sam2,1.0,749.192,11.416
13089,falling,1,,,,,null,,,
13090,falling,1,,,,,null,,,
13091,falling,1,,,,,null,,,
13092,falling,1,1010,425,12495,95.31,sam2,1.0,749.192,11.416
13093,falling,1,,,,,null,,,
13094,falling,1,,,,,null,,,
13095,falling,1,,,,,null,,,
13096,falling,1,1010,425,12473,95.14,sam2,0.0,0.0,0.0
13097,falling,1,,,,,null,,,
13098,falling,1,,,,,null,,,
13099,falling,1,,,,,null,,,
13100,falling,1,1010,424,12309,93.89,sam2,1.0,749.192,11.416
13101,falling,1,,,,,null,,,
13102,falling,1,,,,,null,,,
13103,falling,1,,,,,null,,,
13104,falling,1,1010,425,12489,95.26,sam2,1.0,749.192,11.416
13105,falling,1,,,,,null,,,
13106,falling,1,,,,,null,,,
13107,falling,1,,,,,null,,,
13108,falling,1,1010,425,12574,95.91,sam2,0.0,0.0,0.0
13109,falling,1,,,,,null,,,
13110,falling,1,,,,,null,,,
13111,falling,1,,,,,null,,,
13112,falling,1,1010,424,12280,93.67,sam2,1.0,749.192,11.416
13113,falling,1,,,,,null,,,
13114,falling,1,,,,,null,,,
13115,falling,1,,,,,null,,,
13116,falling,1,1010,423,12178,92.89,sam2,1.0,749.192,11.416
13117,falling,1,,,,,null,,,
13118,falling,1,,,,,null,,,
13119,falling,1,,,,,null,,,
13120,falling,1,1010,426,12785,97.52,sam2,3.0,2247.575,34.249
13121,falling,1,,,,,null,,,
13122,falling,1,,,,,null,,,
13123,falling,1,,,,,null,,,
13124,falling,1,1010,424,12410,94.66,sam2,2.0,1498.383,22.833
13125,falling,1,,,,,null,,,
13126,falling,1,,,,,null,,,
13127,falling,1,,,,,null,,,
13128,falling,1,1010,416,10441,79.64,sam2,8.0,5993.533,91.33
13129,falling,1,,,,,null,,,
13130,falling,1,,,,,null,,,
13131,falling,1,,,,,null,,,
13132,falling,1,1010,425,12620,96.26,sam2,9.0,6742.725,102.746
13133,falling,1,,,,,null,,,
13134,falling,1,,,,,null,,,
13135,falling,1,,,,,null,,,
13136,falling,1,1010,425,12500,95.35,sam2,0.0,0.0,0.0
13137,falling,1,,,,,null,,,
13138,falling,1,,,,,null,,,
13139,falling,1,,,,,null,,,
13140,falling,1,1010,425,12557,95.78,sam2,0.0,0.0,0.0
13141,falling,1,,,,,null,,,
13142,falling,1,,,,,null,,,
13143,falling,1,,,,,null,,,
13144,falling,1,1010,425,12471,95.13,sam2,0.0,0.0,0.0
13145,falling,1,,,,,null,,,
13146,falling,1,,,,,null,,,
13147,falling,1,,,,,null,,,
13148,falling,1,1010,425,12592,96.05,sam2,0.0,0.0,0.0
13149,falling,1,,,,,null,,,
13150,falling,1,,,,,null,,,
13151,falling,1,,,,,null,,,
13152,falling,1,1010,423,12159,92.75,sam2,2.0,1498.383,22.833
13153,falling,1,,,,,null,,,
13154,falling,1,,,,,null,,,
13155,falling,1,,,,,null,,,
13156,falling,1,1010,426,12718,97.01,sam2,3.0,2247.575,34.249
13157,falling,1,,,,,null,,,
13158,falling,1,,,,,null,,,
13159,falling,1,,,,,null,,,
13160,falling,1,1010,424,12379,94.42,sam2,2.0,1498.383,22.833
13161,falling,1,,,,,null,,,
13162,falling,1,,,,,null,,,
13163,falling,1,,,,,null,,,
13164,falling,1,1010,426,12695,96.83,sam2,2.0,1498.383,22.833
13165,falling,1,,,,,null,,,
13166,falling,1,,,,,null,,,
13167,falling,1,,,,,null,,,
13168,falling,1,1010,427,12950,98.78,sam2,1.0,749.192,11.416
13169,falling,1,,,,,null,,,
13170,falling,1,,,,,null,,,
13171,falling,1,,,,,null,,,
13172,falling,1,1010,424,12299,93.81,sam2,3.0,2247.575,34.249
13173,falling,1,,,,,null,,,
13174,falling,1,,,,,null,,,
13175,falling,1,,,,,null,,,
13176,falling,1,1010,425,12508,95.41,sam2,1.0,749.192,11.416
13177,falling,1,,,,,null,,,
13178,falling,1,,,,,null,,,
13179,falling,1,,,,,null,,,
13180,falling,1,1010,424,12445,94.93,sam2,1.0,749.192,11.416
13181,falling,1,,,,,null,,,
13182,falling,1,,,,,null,,,
13183,falling,1,,,,,null,,,
13184,falling,1,1010,427,12940,98.7,sam2,3.0,2247.575,34.249
13185,falling,1,,,,,null,,,
13186,falling,1,,,,,null,,,
13187,falling,1,,,,,null,,,
13188,falling,1,1010,423,12129,92.52,sam2,4.0,2996.766,45.665
13189,falling,1,,,,,null,,,
13190,falling,1,,,,,null,,,
13191,falling,1,,,,,null,,,
13192,falling,1,1011,425,12525,95.54,sam2,2.236,1675.243,25.528
13193,falling,1,,,,,null,,,
13194,falling,1,,,,,null,,,
13195,falling,1,,,,,null,,,
13196,falling,1,1010,425,12636,96.38,sam2,1.0,749.192,11.416
13197,falling,1,,,,,null,,,
13198,falling,1,,,,,null,,,
13199,falling,1,,,,,null,,,
13200,falling,1,1010,425,12505,95.39,sam2,0.0,0.0,0.0
13201,falling,1,,,,,null,,,
13202,falling,1,,,,,null,,,
13203,falling,1,,,,,null,,,
13204,falling,1,1010,424,12392,94.52,sam2,1.0,749.192,11.416
13205,falling,1,,,,,null,,,
13206,falling,1,,,,,null,,,
13207,falling,1,,,,,null,,,
13208,falling,1,1010,425,12474,95.15,sam2,1.0,749.192,11.416
13209,falling,1,,,,,null,,,
13210,falling,1,,,,,null,,,
13211,falling,1,,,,,null,,,
13212,falling,1,1010,424,12429,94.81,sam2,1.0,749.192,11.416
13213,falling,1,,,,,null,,,
13214,falling,1,,,,,null,,,
13215,falling,1,,,,,null,,,
13216,falling,1,1010,424,12309,93.89,sam2,0.0,0.0,0.0
13217,falling,1,,,,,null,,,
13218,falling,1,,,,,null,,,
13219,falling,1,,,,,null,,,
13220,falling,1,1010,424,12390,94.51,sam2,0.0,0.0,0.0
13221,falling,1,,,,,null,,,
13222,falling,1,,,,,null,,,
13223,falling,1,,,,,null,,,
13224,falling,1,1010,424,12420,94.74,sam2,0.0,0.0,0.0
13225,falling,1,,,,,null,,,
13226,falling,1,,,,,null,,,
13227,falling,1,,,,,null,,,
13228,falling,1,1010,425,12541,95.66,sam2,1.0,749.192,11.416
13229,falling,1,,,,,null,,,
13230,falling,1,,,,,null,,,
13231,falling,1,,,,,null,,,
13232,falling,1,1010,425,12479,95.19,sam2,0.0,0.0,0.0
13233,falling,1,,,,,null,,,
13234,falling,1,,,,,null,,,
13235,falling,1,,,,,null,,,
13236,falling,1,1010,425,12600,96.11,sam2,0.0,0.0,0.0
13237,falling,1,,,,,null,,,
13238,falling,1,,,,,null,,,
13239,falling,1,,,,,null,,,
13240,falling,1,1010,426,12671,96.65,sam2,1.0,749.192,11.416
13241,falling,1,,,,,null,,,
13242,falling,1,,,,,null,,,
13243,falling,1,,,,,null,,,
13244,falling,1,1010,425,12418,94.72,sam2,1.0,749.192,11.416
13245,falling,1,,,,,null,,,
13246,falling,1,,,,,null,,,
13247,falling,1,,,,,null,,,
13248,falling,1,1010,425,12644,96.45,sam2,0.0,0.0,0.0
13249,falling,1,,,,,null,,,
13250,falling,1,,,,,null,,,
13251,falling,1,,,,,null,,,
13252,falling,1,1010,425,12415,94.7,sam2,0.0,0.0,0.0
13253,falling,1,,,,,null,,,
13254,falling,1,,,,,null,,,
13255,falling,1,,,,,null,,,
13256,falling,1,1010,425,12482,95.21,sam2,0.0,0.0,0.0
13257,falling,1,,,,,null,,,
13258,falling,1,,,,,null,,,
13259,falling,1,,,,,null,,,
13260,falling,1,1010,425,12540,95.65,sam2,0.0,0.0,0.0
13261,falling,1,,,,,null,,,
13262,falling,1,,,,,null,,,
13263,falling,1,,,,,null,,,
13264,falling,1,1010,424,12226,93.26,sam2,1.0,749.192,11.416
13265,falling,1,,,,,null,,,
13266,falling,1,,,,,null,,,
13267,falling,1,,,,,null,,,
13268,falling,1,1010,424,12290,93.75,sam2,0.0,0.0,0.0
13269,falling,1,,,,,null,,,
13270,falling,1,,,,,null,,,
13271,falling,1,,,,,null,,,
13272,falling,1,1010,425,12436,94.86,sam2,1.0,749.192,11.416
13273,falling,1,,,,,null,,,
13274,falling,1,,,,,null,,,
13275,falling,1,,,,,null,,,
13276,falling,1,1010,424,12367,94.33,sam2,1.0,749.192,11.416
13277,falling,1,,,,,null,,,
13278,falling,1,,,,,null,,,
13279,falling,1,,,,,null,,,
13280,falling,1,1011,424,12264,93.55,sam2,1.0,749.192,11.416
13281,falling,1,,,,,null,,,
13282,falling,1,,,,,null,,,
13283,falling,1,,,,,null,,,
13284,falling,1,1010,426,12699,96.86,sam2,2.236,1675.243,25.528
13285,falling,1,,,,,null,,,
13286,falling,1,,,,,null,,,
13287,falling,1,,,,,null,,,
13288,falling,1,1010,427,12995,99.12,sam2,1.0,749.192,11.416
13289,falling,1,,,,,null,,,
13290,falling,1,,,,,null,,,
13291,falling,1,,,,,null,,,
13292,falling,1,1010,425,12636,96.38,sam2,2.0,1498.383,22.833
13293,falling,1,,,,,null,,,
13294,falling,1,,,,,null,,,
13295,falling,1,,,,,null,,,
13296,falling,1,1010,425,12672,96.66,sam2,0.0,0.0,0.0
13297,falling,1,,,,,null,,,
13298,falling,1,,,,,null,,,
13299,falling,1,,,,,null,,,
13300,falling,1,1010,424,12379,94.42,sam2,1.0,749.192,11.416
13301,falling,1,,,,,null,,,
13302,falling,1,,,,,null,,,
13303,falling,1,,,,,null,,,
13304,falling,1,1010,425,12577,95.93,sam2,1.0,749.192,11.416
13305,falling,1,,,,,null,,,
13306,falling,1,,,,,null,,,
13307,falling,1,,,,,null,,,
13308,falling,1,1010,426,12716,96.99,sam2,1.0,749.192,11.416
13309,falling,1,,,,,null,,,
13310,falling,1,,,,,null,,,
13311,falling,1,,,,,null,,,
13312,falling,1,1010,425,12659,96.56,sam2,1.0,749.192,11.416
13313,falling,1,,,,,null,,,
13314,falling,1,,,,,null,,,
13315,falling,1,,,,,null,,,
13316,falling,1,1010,424,12245,93.4,sam2,1.0,749.192,11.416
13317,falling,1,,,,,null,,,
13318,falling,1,,,,,null,,,
13319,falling,1,,,,,null,,,
13320,falling,1,1010,424,12309,93.89,sam2,0.0,0.0,0.0
13321,falling,1,,,,,null,,,
13322,falling,1,,,,,null,,,
13323,falling,1,,,,,null,,,
13324,falling,1,1010,426,12676,96.69,sam2,2.0,1498.383,22.833
13325,falling,1,,,,,null,,,
13326,falling,1,,,,,null,,,
13327,falling,1,,,,,null,,,
13328,falling,1,1010,424,12323,94.0,sam2,2.0,1498.383,22.833
13329,falling,1,,,,,null,,,
13330,falling,1,,,,,null,,,
13331,falling,1,,,,,null,,,
13332,falling,1,1010,423,12134,92.56,sam2,1.0,749.192,11.416
13333,falling,1,,,,,null,,,
13334,falling,1,,,,,null,,,
13335,falling,1,,,,,null,,,
13336,falling,1,1010,425,12438,94.87,sam2,2.0,1498.383,22.833
13337,falling,1,,,,,null,,,
13338,falling,1,,,,,null,,,
13339,falling,1,,,,,null,,,
13340,falling,1,1010,423,12144,92.63,sam2,2.0,1498.383,22.833
13341,falling,1,,,,,null,,,
13342,falling,1,,,,,null,,,
13343,falling,1,,,,,null,,,
13344,falling,1,1010,424,12291,93.75,sam2,1.0,749.192,11.416
13345,falling,1,,,,,null,,,
13346,falling,1,,,,,null,,,
13347,falling,1,,,,,null,,,
13348,falling,1,1010,424,12326,94.02,sam2,0.0,0.0,0.0
13349,falling,1,,,,,null,,,
13350,falling,1,,,,,null,,,
13351,falling,1,,,,,null,,,
13352,falling,1,1010,426,12663,96.59,sam2,2.0,1498.383,22.833
13353,falling,1,,,,,null,,,
13354,falling,1,,,,,null,,,
13355,falling,1,,,,,null,,,
13356,falling,1,1010,425,12590,96.03,sam2,1.0,749.192,11.416
13357,falling,1,,,,,null,,,
13358,falling,1,,,,,null,,,
13359,falling,1,,,,,null,,,
13360,falling,1,1010,424,12274,93.62,sam2,1.0,749.192,11.416
13361,falling,1,,,,,null,,,
13362,falling,1,,,,,null,,,
13363,falling,1,,,,,null,,,
13364,falling,1,1010,424,12305,93.86,sam2,0.0,0.0,0.0
13365,falling,1,,,,,null,,,
13366,falling,1,,,,,null,,,
13367,falling,1,,,,,null,,,
13368,falling,1,1010,425,12404,94.61,sam2,1.0,749.192,11.416
13369,falling,1,,,,,null,,,
13370,falling,1,,,,,null,,,
13371,falling,1,,,,,null,,,
13372,falling,1,1010,425,12625,96.3,sam2,0.0,0.0,0.0
13373,falling,1,,,,,null,,,
13374,falling,1,,,,,null,,,
13375,falling,1,,,,,null,,,
13376,falling,1,1010,425,12452,94.98,sam2,0.0,0.0,0.0
13377,falling,1,,,,,null,,,
13378,falling,1,,,,,null,,,
13379,falling,1,,,,,null,,,
13380,falling,1,1010,426,12875,98.21,sam2,1.0,749.192,11.416
13381,falling,1,,,,,null,,,
13382,falling,1,,,,,null,,,
13383,falling,1,,,,,null,,,
13384,falling,1,1010,426,12764,97.36,sam2,0.0,0.0,0.0
13385,falling,1,,,,,null,,,
13386,falling,1,,,,,null,,,
13387,falling,1,,,,,null,,,
13388,falling,1,1010,426,12759,97.32,sam2,0.0,0.0,0.0
13389,falling,1,,,,,null,,,
13390,falling,1,,,,,null,,,
13391,falling,1,,,,,null,,,
13392,falling,1,1010,425,12592,96.05,sam2,1.0,749.192,11.416
13393,falling,1,,,,,null,,,
13394,falling,1,,,,,null,,,
13395,falling,1,,,,,null,,,
13396,falling,1,1010,424,12357,94.26,sam2,1.0,749.192,11.416
13397,falling,1,,,,,null,,,
13398,falling,1,,,,,null,,,
13399,falling,1,,,,,null,,,
13400,falling,1,1010,425,12647,96.47,sam2,1.0,749.192,11.416
13401,falling,1,,,,,null,,,
13402,falling,1,,,,,null,,,
13403,falling,1,,,,,null,,,
13404,falling,1,1010,425,12452,94.98,sam2,0.0,0.0,0.0
13405,falling,1,,,,,null,,,
13406,falling,1,,,,,null,,,
13407,falling,1,,,,,null,,,
13408,falling,1,1010,426,12676,96.69,sam2,1.0,749.192,11.416
13409,falling,1,,,,,null,,,
13410,falling,1,,,,,null,,,
13411,falling,1,,,,,null,,,
13412,falling,1,1010,425,12646,96.46,sam2,1.0,749.192,11.416
13413,falling,1,,,,,null,,,
13414,falling,1,,,,,null,,,
13415,falling,1,,,,,null,,,
13416,falling,1,1010,425,12446,94.94,sam2,0.0,0.0,0.0
13417,falling,1,,,,,null,,,
13418,falling,1,,,,,null,,,
13419,falling,1,,,,,null,,,
13420,falling,1,1010,425,12484,95.23,sam2,0.0,0.0,0.0
13421,falling,1,,,,,null,,,
13422,falling,1,,,,,null,,,
13423,falling,1,,,,,null,,,
13424,falling,1,1010,425,12615,96.22,sam2,0.0,0.0,0.0
13425,falling,1,,,,,null,,,
13426,falling,1,,,,,null,,,
13427,falling,1,,,,,null,,,
13428,falling,1,1010,425,12402,94.6,sam2,0.0,0.0,0.0
13429,falling,1,,,,,null,,,
13430,falling,1,,,,,null,,,
13431,falling,1,,,,,null,,,
13432,falling,1,1010,426,12779,97.48,sam2,1.0,749.192,11.416
13433,falling,1,,,,,null,,,
13434,falling,1,,,,,null,,,
13435,falling,1,,,,,null,,,
13436,falling,1,1010,427,12893,98.34,sam2,1.0,749.192,11.416
13437,falling,1,,,,,null,,,
13438,falling,1,,,,,null,,,
13439,falling,1,,,,,null,,,
13440,falling,1,1010,425,12550,95.73,sam2,2.0,1498.383,22.833
13441,falling,1,,,,,null,,,
13442,falling,1,,,,,null,,,
13443,falling,1,,,,,null,,,
13444,falling,1,1010,426,12770,97.41,sam2,1.0,749.192,11.416
13445,falling,1,,,,,null,,,
13446,falling,1,,,,,null,,,
13447,falling,1,,,,,null,,,
13448,falling,1,1010,424,12283,93.69,sam2,2.0,1498.383,22.833
13449,falling,1,,,,,null,,,
13450,falling,1,,,,,null,,,
13451,falling,1,,,,,null,,,
13452,falling,1,1010,424,12263,93.54,sam2,0.0,0.0,0.0
13453,falling,1,,,,,null,,,
13454,falling,1,,,,,null,,,
13455,falling,1,,,,,null,,,
13456,falling,1,1010,425,12605,96.15,sam2,1.0,749.192,11.416
13457,falling,1,,,,,null,,,
13458,falling,1,,,,,null,,,
13459,falling,1,,,,,null,,,
13460,falling,1,1010,425,12392,94.52,sam2,0.0,0.0,0.0
13461,falling,1,,,,,null,,,
13462,falling,1,,,,,null,,,
13463,falling,1,,,,,null,,,
13464,falling,1,1010,426,12648,96.48,sam2,1.0,749.192,11.416
13465,falling,1,,,,,null,,,
13466,falling,1,,,,,null,,,
13467,falling,1,,,,,null,,,
13468,falling,1,1010,425,12467,95.1,sam2,1.0,749.192,11.416
13469,falling,1,,,,,null,,,
13470,falling,1,,,,,null,,,
13471,falling,1,,,,,null,,,
13472,falling,1,1010,426,12648,96.48,sam2,1.0,749.192,11.416
13473,falling,1,,,,,null,,,
13474,falling,1,,,,,null,,,
13475,falling,1,,,,,null,,,
13476,falling,1,1010,425,12515,95.46,sam2,1.0,749.192,11.416
13477,falling,1,,,,,null,,,
13478,falling,1,,,,,null,,,
13479,falling,1,,,,,null,,,
13480,falling,1,1010,425,12406,94.63,sam2,0.0,0.0,0.0
13481,falling,1,,,,,null,,,
13482,falling,1,,,,,null,,,
13483,falling,1,,,,,null,,,
13484,falling,1,1010,425,12549,95.72,sam2,0.0,0.0,0.0
13485,falling,1,,,,,null,,,
13486,falling,1,,,,,null,,,
13487,falling,1,,,,,null,,,
13488,falling,1,1010,425,12513,95.45,sam2,0.0,0.0,0.0
13489,falling,1,,,,,null,,,
13490,falling,1,,,,,null,,,
13491,falling,1,,,,,null,,,
13492,falling,1,1010,425,12506,95.39,sam2,0.0,0.0,0.0
13493,falling,1,,,,,null,,,
13494,falling,1,,,,,null,,,
13495,falling,1,,,,,null,,,
13496,falling,1,1010,425,12447,94.94,sam2,0.0,0.0,0.0
13497,falling,1,,,,,null,,,
13498,falling,1,,,,,null,,,
13499,falling,1,,,,,null,,,
13500,falling,1,1010,425,12459,95.03,sam2,0.0,0.0,0.0
13501,falling,1,,,,,null,,,
13502,falling,1,,,,,null,,,
13503,falling,1,,,,,null,,,
13504,falling,1,1010,425,12440,94.89,sam2,0.0,0.0,0.0
13505,falling,1,,,,,null,,,
13506,falling,1,,,,,null,,,
13507,falling,1,,,,,null,,,
13508,falling,1,1010,426,12729,97.09,sam2,1.0,749.192,11.416
13509,falling,1,,,,,null,,,
13510,falling,1,,,,,null,,,
13511,falling,1,,,,,null,,,
13512,falling,1,1010,426,12693,96.82,sam2,0.0,0.0,0.0
13513,falling,1,,,,,null,,,
13514,falling,1,,,,,null,,,
13515,falling,1,,,,,null,,,
13516,falling,1,1010,425,12596,96.08,sam2,1.0,749.192,11.416
13517,falling,1,,,,,null,,,
13518,falling,1,,,,,null,,,
13519,falling,1,,,,,null,,,
13520,falling,1,1010,425,12599,96.1,sam2,0.0,0.0,0.0
13521,falling,1,,,,,null,,,
13522,falling,1,,,,,null,,,
13523,falling,1,,,,,null,,,
13524,falling,1,1010,425,12639,96.41,sam2,0.0,0.0,0.0
13525,falling,1,,,,,null,,,
13526,falling,1,,,,,null,,,
13527,falling,1,,,,,null,,,
13528,falling,1,1010,425,12508,95.41,sam2,0.0,0.0,0.0
13529,falling,1,,,,,null,,,
13530,falling,1,,,,,null,,,
13531,falling,1,,,,,null,,,
13532,falling,1,1010,425,12626,96.31,sam2,0.0,0.0,0.0
13533,falling,1,,,,,null,,,
13534,falling,1,,,,,null,,,
13535,falling,1,,,,,null,,,
13536,falling,1,1010,425,12418,94.72,sam2,0.0,0.0,0.0
13537,falling,1,,,,,null,,,
13538,falling,1,,,,,null,,,
13539,falling,1,,,,,null,,,
13540,falling,1,1010,425,12468,95.1,sam2,0.0,0.0,0.0
13541,falling,1,,,,,null,,,
13542,falling,1,,,,,null,,,
13543,falling,1,,,,,null,,,
13544,falling,1,1010,425,12575,95.92,sam2,0.0,0.0,0.0
13545,falling,1,,,,,null,,,
13546,falling,1,,,,,null,,,
13547,falling,1,,,,,null,,,
13548,falling,1,1010,425,12522,95.51,sam2,0.0,0.0,0.0
13549,falling,1,,,,,null,,,
13550,falling,1,,,,,null,,,
13551,falling,1,,,,,null,,,
13552,falling,1,1010,425,12469,95.11,sam2,0.0,0.0,0.0
13553,falling,1,,,,,null,,,
13554,falling,1,,,,,null,,,
13555,falling,1,,,,,null,,,
13556,falling,1,1010,424,12300,93.82,sam2,1.0,749.192,11.416
13557,falling,1,,,,,null,,,
13558,falling,1,,,,,null,,,
13559,falling,1,,,,,null,,,
13560,falling,1,1010,424,12358,94.26,sam2,0.0,0.0,0.0
13561,falling,1,,,,,null,,,
13562,falling,1,,,,,null,,,
13563,falling,1,,,,,null,,,
13564,falling,1,1010,424,12286,93.71,sam2,0.0,0.0,0.0
13565,falling,1,,,,,null,,,
13566,falling,1,,,,,null,,,
13567,falling,1,,,,,null,,,
13568,falling,1,1010,424,12316,93.94,sam2,0.0,0.0,0.0
13569,falling,1,,,,,null,,,
13570,falling,1,,,,,null,,,
13571,falling,1,,,,,null,,,
13572,falling,1,1010,424,12287,93.72,sam2,0.0,0.0,0.0
13573,falling,1,,,,,null,,,
13574,falling,1,,,,,null,,,
13575,falling,1,,,,,null,,,
13576,falling,1,1010,425,12405,94.62,sam2,1.0,749.192,11.416
13577,falling,1,,,,,null,,,
13578,falling,1,,,,,null,,,
13579,falling,1,,,,,null,,,
13580,falling,1,1010,425,12601,96.12,sam2,0.0,0.0,0.0
13581,falling,1,,,,,null,,,
13582,falling,1,,,,,null,,,
13583,falling,1,,,,,null,,,
13584,falling,1,1010,425,12513,95.45,sam2,0.0,0.0,0.0
13585,falling,1,,,,,null,,,
13586,falling,1,,,,,null,,,
13587,falling,1,,,,,null,,,
13588,falling,1,1010,425,12542,95.67,sam2,0.0,0.0,0.0
13589,falling,1,,,,,null,,,
13590,falling,1,,,,,null,,,
13591,falling,1,,,,,null,,,
13592,falling,1,1010,425,12542,95.67,sam2,0.0,0.0,0.0
13593,falling,1,,,,,null,,,
13594,falling,1,,,,,null,,,
13595,falling,1,,,,,null,,,
13596,falling,1,1010,425,12525,95.54,sam2,0.0,0.0,0.0
13597,falling,1,,,,,null,,,
13598,falling,1,,,,,null,,,
13599,falling,1,,,,,null,,,
13600,falling,1,1010,426,12630,96.34,sam2,1.0,749.192,11.416
13601,falling,1,,,,,null,,,
13602,falling,1,,,,,null,,,
13603,falling,1,,,,,null,,,
13604,falling,1,1010,425,12514,95.45,sam2,1.0,749.192,11.416
13605,falling,1,,,,,null,,,
13606,falling,1,,,,,null,,,
13607,falling,1,,,,,null,,,
13608,falling,1,1010,425,12520,95.5,sam2,0.0,0.0,0.0
13609,falling,1,,,,,null,,,
13610,falling,1,,,,,null,,,
13611,falling,1,,,,,null,,,
13612,falling,1,1010,426,12749,97.25,sam2,1.0,749.192,11.416
13613,falling,1,,,,,null,,,
13614,falling,1,,,,,null,,,
13615,falling,1,,,,,null,,,
13616,falling,1,1010,425,12438,94.87,sam2,1.0,749.192,11.416
13617,falling,1,,,,,null,,,
13618,falling,1,,,,,null,,,
13619,falling,1,,,,,null,,,
13620,falling,1,1010,425,12448,94.95,sam2,0.0,0.0,0.0
13621,falling,1,,,,,null,,,
13622,falling,1,,,,,null,,,
13623,falling,1,,,,,null,,,
13624,falling,1,1010,426,12685,96.76,sam2,1.0,749.192,11.416
13625,falling,1,,,,,null,,,
13626,falling,1,,,,,null,,,
13627,falling,1,,,,,null,,,
13628,falling,1,1010,425,12384,94.46,sam2,1.0,749.192,11.416
13629,falling,1,,,,,null,,,
13630,falling,1,,,,,null,,,
13631,falling,1,,,,,null,,,
13632,falling,1,1010,425,12489,95.26,sam2,0.0,0.0,0.0
13633,falling,1,,,,,null,,,
13634,falling,1,,,,,null,,,
13635,falling,1,,,,,null,,,
13636,falling,1,1010,424,12271,93.6,sam2,1.0,749.192,11.416
13637,falling,1,,,,,null,,,
13638,falling,1,,,,,null,,,
13639,falling,1,,,,,null,,,
13640,falling,1,1010,425,12522,95.51,sam2,1.0,749.192,11.416
13641,falling,1,,,,,null,,,
13642,falling,1,,,,,null,,,
13643,falling,1,,,,,null,,,
13644,falling,1,1010,426,12647,96.47,sam2,1.0,749.192,11.416
13645,falling,1,,,,,null,,,
13646,falling,1,,,,,null,,,
13647,falling,1,,,,,null,,,
13648,falling,1,1010,424,12290,93.75,sam2,2.0,1498.383,22.833
13649,falling,1,,,,,null,,,
13650,falling,1,,,,,null,,,
13651,falling,1,,,,,null,,,
13652,falling,1,1010,425,12500,95.35,sam2,1.0,749.192,11.416
13653,falling,1,,,,,null,,,
13654,falling,1,,,,,null,,,
13655,falling,1,,,,,null,,,
13656,falling,1,1010,425,12443,94.91,sam2,0.0,0.0,0.0
13657,falling,1,,,,,null,,,
13658,falling,1,,,,,null,,,
13659,falling,1,,,,,null,,,
13660,falling,1,1010,426,12693,96.82,sam2,1.0,749.192,11.416
13661,falling,1,,,,,null,,,
13662,falling,1,,,,,null,,,
13663,falling,1,,,,,null,,,
13664,falling,1,1010,425,12529,95.57,sam2,1.0,749.192,11.416
13665,falling,1,,,,,null,,,
13666,falling,1,,,,,null,,,
13667,falling,1,,,,,null,,,
13668,falling,1,1010,425,12486,95.24,sam2,0.0,0.0,0.0
13669,falling,1,,,,,null,,,
13670,falling,1,,,,,null,,,
13671,falling,1,,,,,null,,,
13672,falling,1,1010,424,12310,93.9,sam2,1.0,749.192,11.416
13673,falling,1,,,,,null,,,
13674,falling,1,,,,,null,,,
13675,falling,1,,,,,null,,,
13676,falling,1,1010,427,12876,98.22,sam2,3.0,2247.575,34.249
13677,falling,1,,,,,null,,,
13678,falling,1,,,,,null,,,
13679,falling,1,,,,,null,,,
13680,falling,1,1010,425,12417,94.71,sam2,2.0,1498.383,22.833
13681,falling,1,,,,,null,,,
13682,falling,1,,,,,null,,,
13683,falling,1,,,,,null,,,
13684,falling,1,1010,427,12900,98.4,sam2,2.0,1498.383,22.833
13685,falling,1,,,,,null,,,
13686,falling,1,,,,,null,,,
13687,falling,1,,,,,null,,,
13688,falling,1,1010,424,12330,94.05,sam2,3.0,2247.575,34.249
13689,falling,1,,,,,null,,,
13690,falling,1,,,,,null,,,
13691,falling,1,,,,,null,,,
13692,falling,1,1010,424,12257,93.49,sam2,0.0,0.0,0.0
13693,falling,1,,,,,null,,,
13694,falling,1,,,,,null,,,
13695,falling,1,,,,,null,,,
13696,falling,1,1010,425,12470,95.12,sam2,1.0,749.192,11.416
13697,falling,1,,,,,null,,,
13698,falling,1,,,,,null,,,
13699,falling,1,,,,,null,,,
13700,falling,1,1010,424,12371,94.36,sam2,1.0,749.192,11.416
13701,falling,1,,,,,null,,,
13702,falling,1,,,,,null,,,
13703,falling,1,,,,,null,,,
13704,falling,1,1010,424,12332,94.07,sam2,0.0,0.0,0.0
13705,falling,1,,,,,null,,,
13706,falling,1,,,,,null,,,
13707,falling,1,,,,,null,,,
13708,falling,1,1010,425,12435,94.85,sam2,1.0,749.192,11.416
13709,falling,1,,,,,null,,,
13710,falling,1,,,,,null,,,
13711,falling,1,,,,,null,,,
13712,falling,1,1010,425,12402,94.6,sam2,0.0,0.0,0.0
13713,falling,1,,,,,null,,,
13714,falling,1,,,,,null,,,
13715,falling,1,,,,,null,,,
13716,falling,1,1010,426,12807,97.69,sam2,1.0,749.192,11.416
13717,falling,1,,,,,null,,,
13718,falling,1,,,,,null,,,
13719,falling,1,,,,,null,,,
13720,falling,1,1010,425,12377,94.41,sam2,1.0,749.192,11.416
13721,falling,1,,,,,null,,,
13722,falling,1,,,,,null,,,
13723,falling,1,,,,,null,,,
13724,falling,1,1010,426,12709,96.94,sam2,1.0,749.192,11.416
13725,falling,1,,,,,null,,,
13726,falling,1,,,,,null,,,
13727,falling,1,,,,,null,,,
13728,falling,1,1010,425,12568,95.87,sam2,1.0,749.192,11.416
13729,falling,1,,,,,null,,,
13730,falling,1,,,,,null,,,
13731,falling,1,,,,,null,,,
13732,falling,1,1010,425,12554,95.76,sam2,0.0,0.0,0.0
13733,falling,1,,,,,null,,,
13734,falling,1,,,,,null,,,
13735,falling,1,,,,,null,,,
13736,falling,1,1010,426,12686,96.77,sam2,1.0,749.192,11.416
13737,falling,1,,,,,null,,,
13738,falling,1,,,,,null,,,
13739,falling,1,,,,,null,,,
13740,falling,1,1010,426,12772,97.42,sam2,0.0,0.0,0.0
13741,falling,1,,,,,null,,,
13742,falling,1,,,,,null,,,
13743,falling,1,,,,,null,,,
13744,falling,1,1010,422,11899,90.76,sam2,4.0,2996.766,45.665
13745,falling,1,,,,,null,,,
13746,falling,1,,,,,null,,,
13747,falling,1,,,,,null,,,
13748,falling,1,1010,424,12368,94.34,sam2,2.0,1498.383,22.833
13749,falling,1,,,,,null,,,
13750,falling,1,,,,,null,,,
13751,falling,1,,,,,null,,,
13752,falling,1,1010,426,12714,96.98,sam2,2.0,1498.383,22.833
13753,falling,1,,,,,null,,,
13754,falling,1,,,,,null,,,
13755,falling,1,,,,,null,,,
13756,falling,1,1010,423,12059,91.98,sam2,3.0,2247.575,34.249
13757,falling,1,,,,,null,,,
13758,falling,1,,,,,null,,,
13759,falling,1,,,,,null,,,
13760,falling,1,1010,425,12469,95.11,sam2,2.0,1498.383,22.833
13761,falling,1,,,,,null,,,
13762,falling,1,,,,,null,,,
13763,falling,1,,,,,null,,,
13764,falling,1,1010,424,12137,92.58,sam2,1.0,749.192,11.416
13765,falling,1,,,,,null,,,
13766,falling,1,,,,,null,,,
13767,falling,1,,,,,null,,,
13768,falling,1,1010,426,12608,96.17,sam2,2.0,1498.383,22.833
13769,falling,1,,,,,null,,,
13770,falling,1,,,,,null,,,
13771,falling,1,,,,,null,,,
13772,falling,1,1010,426,12795,97.6,sam2,0.0,0.0,0.0
13773,falling,1,,,,,null,,,
13774,falling,1,,,,,null,,,
13775,falling,1,,,,,null,,,
13776,falling,1,1010,425,12384,94.46,sam2,1.0,749.192,11.416
13777,falling,1,,,,,null,,,
13778,falling,1,,,,,null,,,
13779,falling,1,,,,,null,,,
13780,falling,1,1010,425,12508,95.41,sam2,0.0,0.0,0.0
13781,falling,1,,,,,null,,,
13782,falling,1,,,,,null,,,
13783,falling,1,,,,,null,,,
13784,falling,1,1010,425,12469,95.11,sam2,0.0,0.0,0.0
13785,falling,1,,,,,null,,,
13786,falling,1,,,,,null,,,
13787,falling,1,,,,,null,,,
13788,falling,1,1010,425,12362,94.29,sam2,0.0,0.0,0.0
13789,falling,1,,,,,null,,,
13790,falling,1,,,,,null,,,
13791,falling,1,,,,,null,,,
13792,falling,1,1010,426,12673,96.67,sam2,1.0,749.192,11.416
13793,falling,1,,,,,null,,,
13794,falling,1,,,,,null,,,
13795,falling,1,,,,,null,,,
13796,falling,1,1010,424,12366,94.32,sam2,2.0,1498.383,22.833
13797,falling,1,,,,,null,,,
13798,falling,1,,,,,null,,,
13799,falling,1,,,,,null,,,
13800,falling,1,1010,424,12201,93.07,sam2,0.0,0.0,0.0
13801,falling,1,,,,,null,,,
13802,falling,1,,,,,null,,,
13803,falling,1,,,,,null,,,
13804,falling,1,1010,426,12815,97.75,sam2,2.0,1498.383,22.833
13805,falling,1,,,,,null,,,
13806,falling,1,,,,,null,,,
13807,falling,1,,,,,null,,,
13808,falling,1,1010,425,12432,94.83,sam2,1.0,749.192,11.416
13809,falling,1,,,,,null,,,
13810,falling,1,,,,,null,,,
13811,falling,1,,,,,null,,,
13812,falling,1,1010,424,12230,93.29,sam2,1.0,749.192,11.416
13813,falling,1,,,,,null,,,
13814,falling,1,,,,,null,,,
13815,falling,1,,,,,null,,,
13816,falling,1,1010,425,12428,94.8,sam2,1.0,749.192,11.416
13817,falling,1,,,,,null,,,
13818,falling,1,,,,,null,,,
13819,falling,1,,,,,null,,,
13820,falling,1,1010,425,12509,95.42,sam2,0.0,0.0,0.0
13821,falling,1,,,,,null,,,
13822,falling,1,,,,,null,,,
13823,falling,1,,,,,null,,,
13824,falling,1,1010,425,12412,94.68,sam2,0.0,0.0,0.0
13825,falling,1,,,,,null,,,
13826,falling,1,,,,,null,,,
13827,falling,1,,,,,null,,,
13828,falling,1,1010,425,12539,95.64,sam2,0.0,0.0,0.0
13829,falling,1,,,,,null,,,
13830,falling,1,,,,,null,,,
13831,falling,1,,,,,null,,,
13832,falling,1,1010,426,12698,96.86,sam2,1.0,749.192,11.416
13833,falling,1,,,,,null,,,
13834,falling,1,,,,,null,,,
13835,falling,1,,,,,null,,,
13836,falling,1,1010,425,12586,96.0,sam2,1.0,749.192,11.416
13837,falling,1,,,,,null,,,
13838,falling,1,,,,,null,,,
13839,falling,1,,,,,null,,,
13840,falling,1,1010,425,12572,95.9,sam2,0.0,0.0,0.0
13841,falling,1,,,,,null,,,
13842,falling,1,,,,,null,,,
13843,falling,1,,,,,null,,,
13844,falling,1,1010,426,12622,96.28,sam2,1.0,749.192,11.416
13845,falling,1,,,,,null,,,
13846,falling,1,,,,,null,,,
13847,falling,1,,,,,null,,,
13848,falling,1,1010,425,12505,95.39,sam2,1.0,749.192,11.416
13849,falling,1,,,,,null,,,
13850,falling,1,,,,,null,,,
13851,falling,1,,,,,null,,,
13852,falling,1,1010,425,12481,95.2,sam2,0.0,0.0,0.0
13853,falling,1,,,,,null,,,
13854,falling,1,,,,,null,,,
13855,falling,1,,,,,null,,,
13856,falling,1,1010,424,12293,93.77,sam2,1.0,749.192,11.416
13857,falling,1,,,,,null,,,
13858,falling,1,,,,,null,,,
13859,falling,1,,,,,null,,,
13860,falling,1,1010,424,12292,93.76,sam2,0.0,0.0,0.0
13861,falling,1,,,,,null,,,
13862,falling,1,,,,,null,,,
13863,falling,1,,,,,null,,,
13864,falling,1,1009,416,10453,79.73,sam2,8.062,6040.176,92.041
13865,falling,1,,,,,null,,,
13866,falling,1,,,,,null,,,
13867,falling,1,,,,,null,,,
13868,falling,1,1010,425,12561,95.81,sam2,9.055,6784.219,103.379
13869,falling,1,,,,,null,,,
13870,falling,1,,,,,null,,,
13871,falling,1,,,,,null,,,
13872,falling,1,1010,423,12023,91.71,sam2,2.0,1498.383,22.833
13873,falling,1,,,,,null,,,
13874,falling,1,,,,,null,,,
13875,falling,1,,,,,null,,,
13876,falling,1,1010,425,12377,94.41,sam2,2.0,1498.383,22.833
13877,falling,1,,,,,null,,,
13878,falling,1,,,,,null,,,
13879,falling,1,,,,,null,,,
13880,falling,1,1010,424,12195,93.02,sam2,1.0,749.192,11.416
13881,falling,1,,,,,null,,,
13882,falling,1,,,,,null,,,
13883,falling,1,,,,,null,,,
13884,falling,1,1010,425,12401,94.59,sam2,1.0,749.192,11.416
13885,falling,1,,,,,null,,,
13886,falling,1,,,,,null,,,
13887,falling,1,,,,,null,,,
13888,falling,1,1010,424,12183,92.93,sam2,1.0,749.192,11.416
13889,falling,1,,,,,null,,,
13890,falling,1,,,,,null,,,
13891,falling,1,,,,,null,,,
13892,falling,1,1010,424,12337,94.1,sam2,0.0,0.0,0.0
13893,falling,1,,,,,null,,,
13894,falling,1,,,,,null,,,
13895,falling,1,,,,,null,,,
13896,falling,1,1010,425,12447,94.94,sam2,1.0,749.192,11.416
13897,falling,1,,,,,null,,,
13898,falling,1,,,,,null,,,
13899,falling,1,,,,,null,,,
13900,falling,1,1010,426,12746,97.22,sam2,1.0,749.192,11.416
13901,falling,1,,,,,null,,,
13902,falling,1,,,,,null,,,
13903,falling,1,,,,,null,,,
13904,falling,1,1010,424,12313,93.92,sam2,2.0,1498.383,22.833
13905,falling,1,,,,,null,,,
13906,falling,1,,,,,null,,,
13907,falling,1,,,,,null,,,
13908,falling,1,1010,425,12533,95.6,sam2,1.0,749.192,11.416
13909,falling,1,,,,,null,,,
13910,falling,1,,,,,null,,,
13911,falling,1,,,,,null,,,
13912,falling,1,1010,425,12395,94.55,sam2,0.0,0.0,0.0
13913,falling,1,,,,,null,,,
13914,falling,1,,,,,null,,,
13915,falling,1,,,,,null,,,
13916,falling,1,1010,425,12400,94.58,sam2,0.0,0.0,0.0
13917,falling,1,,,,,null,,,
13918,falling,1,,,,,null,,,
13919,falling,1,,,,,null,,,
13920,falling,1,1010,425,12476,95.16,sam2,0.0,0.0,0.0
13921,falling,1,,,,,null,,,
13922,falling,1,,,,,null,,,
13923,falling,1,,,,,null,,,
13924,falling,1,1010,425,12402,94.6,sam2,0.0,0.0,0.0
13925,falling,1,,,,,null,,,
13926,falling,1,,,,,null,,,
13927,falling,1,,,,,null,,,
13928,falling,1,1010,425,12520,95.5,sam2,0.0,0.0,0.0
13929,falling,1,,,,,null,,,
13930,falling,1,,,,,null,,,
13931,falling,1,,,,,null,,,
13932,falling,1,1010,425,12557,95.78,sam2,0.0,0.0,0.0
13933,falling,1,,,,,null,,,
13934,falling,1,,,,,null,,,
13935,falling,1,,,,,null,,,
13936,falling,1,1010,424,12253,93.46,sam2,1.0,749.192,11.416
13937,falling,1,,,,,null,,,
13938,falling,1,,,,,null,,,
13939,falling,1,,,,,null,,,
13940,falling,1,1010,426,12645,96.45,sam2,2.0,1498.383,22.833
13941,falling,1,,,,,null,,,
13942,falling,1,,,,,null,,,
13943,falling,1,,,,,null,,,
13944,falling,1,1010,425,12374,94.39,sam2,1.0,749.192,11.416
13945,falling,1,,,,,null,,,
13946,falling,1,,,,,null,,,
13947,falling,1,,,,,null,,,
13948,falling,1,1010,425,12490,95.27,sam2,0.0,0.0,0.0
13949,falling,1,,,,,null,,,
13950,falling,1,,,,,null,,,
13951,falling,1,,,,,null,,,
13952,falling,1,1010,424,12226,93.26,sam2,1.0,749.192,11.416
13953,falling,1,,,,,null,,,
13954,falling,1,,,,,null,,,
13955,falling,1,,,,,null,,,
13956,falling,1,1010,425,12499,95.34,sam2,1.0,749.192,11.416
13957,falling,1,,,,,null,,,
13958,falling,1,,,,,null,,,
13959,falling,1,,,,,null,,,
13960,falling,1,1010,426,12756,97.3,sam2,1.0,749.192,11.416
13961,falling,1,,,,,null,,,
13962,falling,1,,,,,null,,,
13963,falling,1,,,,,null,,,
13964,falling,1,1010,425,12486,95.24,sam2,1.0,749.192,11.416
13965,falling,1,,,,,null,,,
13966,falling,1,,,,,null,,,
13967,falling,1,,,,,null,,,
13968,falling,1,1010,425,12510,95.42,sam2,0.0,0.0,0.0
13969,falling,1,,,,,null,,,
13970,falling,1,,,,,null,,,
13971,falling,1,,,,,null,,,
13972,falling,1,1010,425,12568,95.87,sam2,0.0,0.0,0.0
13973,falling,1,,,,,null,,,
13974,falling,1,,,,,null,,,
13975,falling,1,,,,,null,,,
13976,falling,1,1010,425,12469,95.11,sam2,0.0,0.0,0.0
13977,falling,1,,,,,null,,,
13978,falling,1,,,,,null,,,
13979,falling,1,,,,,null,,,
13980,falling,1,1010,425,12586,96.0,sam2,0.0,0.0,0.0
13981,falling,1,,,,,null,,,
13982,falling,1,,,,,null,,,
13983,falling,1,,,,,null,,,
13984,falling,1,1010,424,12162,92.77,sam2,1.0,749.192,11.416
13985,falling,1,,,,,null,,,
13986,falling,1,,,,,null,,,
13987,falling,1,,,,,null,,,
13988,falling,1,1010,425,12426,94.78,sam2,1.0,749.192,11.416
13989,falling,1,,,,,null,,,
13990,falling,1,,,,,null,,,
13991,falling,1,,,,,null,,,
13992,falling,1,1010,425,12477,95.17,sam2,0.0,0.0,0.0
13993,falling,1,,,,,null,,,
13994,falling,1,,,,,null,,,
13995,falling,1,,,,,null,,,
13996,falling,1,1010,427,12851,98.02,sam2,2.0,1498.383,22.833
13997,falling,1,,,,,null,,,
13998,falling,1,,,,,null,,,
13999,falling,1,,,,,null,,,
14000,falling,1,1011,426,12682,96.74,sam2,1.414,1059.517,16.145
14001,falling,1,,,,,null,,,
14002,falling,1,,,,,null,,,
14003,falling,1,,,,,null,,,
14004,falling,1,1010,425,12349,94.2,sam2,1.414,1059.517,16.145
14005,falling,1,,,,,null,,,
14006,falling,1,,,,,null,,,
14007,falling,1,,,,,null,,,
14008,falling,1,1010,424,12260,93.52,sam2,1.0,749.192,11.416
14009,falling,1,,,,,null,,,
14010,falling,1,,,,,null,,,
14011,falling,1,,,,,null,,,
14012,falling,1,1010,425,12350,94.2,sam2,1.0,749.192,11.416
14013,falling,1,,,,,null,,,
14014,falling,1,,,,,null,,,
14015,falling,1,,,,,null,,,
14016,falling,1,1010,426,12561,95.81,sam2,1.0,749.192,11.416
14017,falling,1,,,,,null,,,
14018,falling,1,,,,,null,,,
14019,falling,1,,,,,null,,,
14020,falling,1,1010,424,12325,94.01,sam2,2.0,1498.383,22.833
14021,falling,1,,,,,null,,,
14022,falling,1,,,,,null,,,
14023,falling,1,,,,,null,,,
14024,falling,1,1010,424,12279,93.66,sam2,0.0,0.0,0.0
14025,falling,1,,,,,null,,,
14026,falling,1,,,,,null,,,
14027,falling,1,,,,,null,,,
14028,falling,1,1010,425,12491,95.28,sam2,1.0,749.192,11.416
14029,falling,1,,,,,null,,,
14030,falling,1,,,,,null,,,
14031,falling,1,,,,,null,,,
14032,falling,1,1010,424,12281,93.68,sam2,1.0,749.192,11.416
14033,falling,1,,,,,null,,,
14034,falling,1,,,,,null,,,
14035,falling,1,,,,,null,,,
14036,falling,1,1010,426,12617,96.24,sam2,2.0,1498.383,22.833
14037,falling,1,,,,,null,,,
14038,falling,1,,,,,null,,,
14039,falling,1,,,,,null,,,
14040,falling,1,1010,425,12375,94.39,sam2,1.0,749.192,11.416
14041,falling,1,,,,,null,,,
14042,falling,1,,,,,null,,,
14043,falling,1,,,,,null,,,
14044,falling,1,1010,425,12404,94.61,sam2,0.0,0.0,0.0
14045,falling,1,,,,,null,,,
14046,falling,1,,,,,null,,,
14047,falling,1,,,,,null,,,
14048,falling,1,1010,424,12265,93.55,sam2,1.0,749.192,11.416
14049,falling,1,,,,,null,,,
14050,falling,1,,,,,null,,,
14051,falling,1,,,,,null,,,
14052,falling,1,1010,425,12400,94.58,sam2,1.0,749.192,11.416
14053,falling,1,,,,,null,,,
14054,falling,1,,,,,null,,,
14055,falling,1,,,,,null,,,
14056,falling,1,1010,425,12370,94.36,sam2,0.0,0.0,0.0
14057,falling,1,,,,,null,,,
14058,falling,1,,,,,null,,,
14059,falling,1,,,,,null,,,
14060,falling,1,1010,426,12679,96.71,sam2,1.0,749.192,11.416
14061,falling,1,,,,,null,,,
14062,falling,1,,,,,null,,,
14063,falling,1,,,,,null,,,
14064,falling,1,1010,424,12304,93.85,sam2,2.0,1498.383,22.833
14065,falling,1,,,,,null,,,
14066,falling,1,,,,,null,,,
14067,falling,1,,,,,null,,,
14068,falling,1,1010,426,12590,96.03,sam2,2.0,1498.383,22.833
14069,falling,1,,,,,null,,,
14070,falling,1,,,,,null,,,
14071,falling,1,,,,,null,,,
14072,falling,1,1010,425,12454,95.0,sam2,1.0,749.192,11.416
14073,falling,1,,,,,null,,,
14074,falling,1,,,,,null,,,
14075,falling,1,,,,,null,,,
14076,falling,1,1010,425,12406,94.63,sam2,0.0,0.0,0.0
14077,falling,1,,,,,null,,,
14078,falling,1,,,,,null,,,
14079,falling,1,,,,,null,,,
14080,falling,1,1010,424,12220,93.21,sam2,1.0,749.192,11.416
14081,falling,1,,,,,null,,,
14082,falling,1,,,,,null,,,
14083,falling,1,,,,,null,,,
14084,falling,1,1010,424,12110,92.37,sam2,0.0,0.0,0.0
14085,falling,1,,,,,null,,,
14086,falling,1,,,,,null,,,
14087,falling,1,,,,,null,,,
14088,falling,1,1010,424,12307,93.87,sam2,0.0,0.0,0.0
14089,falling,1,,,,,null,,,
14090,falling,1,,,,,null,,,
14091,falling,1,,,,,null,,,
14092,falling,1,1010,424,12289,93.74,sam2,0.0,0.0,0.0
14093,falling,1,,,,,null,,,
14094,falling,1,,,,,null,,,
14095,falling,1,,,,,null,,,
14096,falling,1,1010,424,12302,93.84,sam2,0.0,0.0,0.0
14097,falling,1,,,,,null,,,
14098,falling,1,,,,,null,,,
14099,falling,1,,,,,null,,,
14100,falling,1,1010,425,12471,95.13,sam2,1.0,749.192,11.416
14101,falling,1,,,,,null,,,
14102,falling,1,,,,,null,,,
14103,falling,1,,,,,null,,,
14104,falling,1,1010,425,12402,94.6,sam2,0.0,0.0,0.0
14105,falling,1,,,,,null,,,
14106,falling,1,,,,,null,,,
14107,falling,1,,,,,null,,,
14108,falling,1,1011,424,12280,93.67,sam2,1.414,1059.517,16.145
14109,falling,1,,,,,null,,,
14110,falling,1,,,,,null,,,
14111,falling,1,,,,,null,,,
14112,falling,1,1010,425,12461,95.05,sam2,1.414,1059.517,16.145
14113,falling,1,,,,,null,,,
14114,falling,1,,,,,null,,,
14115,falling,1,,,,,null,,,
14116,falling,1,1010,425,12451,94.97,sam2,0.0,0.0,0.0
14117,falling,1,,,,,null,,,
14118,falling,1,,,,,null,,,
14119,falling,1,,,,,null,,,
14120,falling,1,1010,425,12465,95.08,sam2,0.0,0.0,0.0
14121,falling,1,,,,,null,,,
14122,falling,1,,,,,null,,,
14123,falling,1,,,,,null,,,
14124,falling,1,1010,425,12408,94.65,sam2,0.0,0.0,0.0
14125,falling,1,,,,,null,,,
14126,falling,1,,,,,null,,,
14127,falling,1,,,,,null,,,
14128,falling,1,1010,424,12289,93.74,sam2,1.0,749.192,11.416
14129,falling,1,,,,,null,,,
14130,falling,1,,,,,null,,,
14131,falling,1,,,,,null,,,
14132,falling,1,1010,426,12630,96.34,sam2,2.0,1498.383,22.833
14133,falling,1,,,,,null,,,
14134,falling,1,,,,,null,,,
14135,falling,1,,,,,null,,,
14136,falling,1,1010,425,12419,94.73,sam2,1.0,749.192,11.416
14137,falling,1,,,,,null,,,
14138,falling,1,,,,,null,,,
14139,falling,1,,,,,null,,,
14140,falling,1,1011,425,12482,95.21,sam2,1.0,749.192,11.416
14141,falling,1,,,,,null,,,
14142,falling,1,,,,,null,,,
14143,falling,1,,,,,null,,,
14144,falling,1,1010,425,12516,95.47,sam2,1.0,749.192,11.416
14145,falling,1,,,,,null,,,
14146,falling,1,,,,,null,,,
14147,falling,1,,,,,null,,,
14148,falling,1,1010,424,12260,93.52,sam2,1.0,749.192,11.416
14149,falling,1,,,,,null,,,
14150,falling,1,,,,,null,,,
14151,falling,1,,,,,null,,,
14152,falling,1,1010,425,12398,94.57,sam2,1.0,749.192,11.416
14153,falling,1,,,,,null,,,
14154,falling,1,,,,,null,,,
14155,falling,1,,,,,null,,,
14156,falling,1,1010,426,12733,97.12,sam2,1.0,749.192,11.416
14157,falling,1,,,,,null,,,
14158,falling,1,,,,,null,,,
14159,falling,1,,,,,null,,,
14160,falling,1,1010,425,12369,94.35,sam2,1.0,749.192,11.416
14161,falling,1,,,,,null,,,
14162,falling,1,,,,,null,,,
14163,falling,1,,,,,null,,,
14164,falling,1,1010,425,12337,94.1,sam2,0.0,0.0,0.0
14165,falling,1,,,,,null,,,
14166,falling,1,,,,,null,,,
14167,falling,1,,,,,null,,,
14168,falling,1,1010,425,12518,95.48,sam2,0.0,0.0,0.0
14169,falling,1,,,,,null,,,
14170,falling,1,,,,,null,,,
14171,falling,1,,,,,null,,,
14172,falling,1,1010,426,12653,96.51,sam2,1.0,749.192,11.416
14173,falling,1,,,,,null,,,
14174,falling,1,,,,,null,,,
14175,falling,1,,,,,null,,,
14176,falling,1,1010,424,12291,93.75,sam2,2.0,1498.383,22.833
14177,falling,1,,,,,null,,,
14178,falling,1,,,,,null,,,
14179,falling,1,,,,,null,,,
14180,falling,1,1010,426,12797,97.61,sam2,2.0,1498.383,22.833
14181,falling,1,,,,,null,,,
14182,falling,1,,,,,null,,,
14183,falling,1,,,,,null,,,
14184,falling,1,1010,425,12553,95.75,sam2,1.0,749.192,11.416
14185,falling,1,,,,,null,,,
14186,falling,1,,,,,null,,,
14187,falling,1,,,,,null,,,
14188,falling,1,1010,426,12662,96.58,sam2,1.0,749.192,11.416
14189,falling,1,,,,,null,,,
14190,falling,1,,,,,null,,,
14191,falling,1,,,,,null,,,
14192,falling,1,1010,425,12492,95.29,sam2,1.0,749.192,11.416
14193,falling,1,,,,,null,,,
14194,falling,1,,,,,null,,,
14195,falling,1,,,,,null,,,
14196,falling,1,1010,425,12348,94.19,sam2,0.0,0.0,0.0
14197,falling,1,,,,,null,,,
14198,falling,1,,,,,null,,,
14199,falling,1,,,,,null,,,
14200,falling,1,1010,426,12565,95.84,sam2,1.0,749.192,11.416
14201,falling,1,,,,,null,,,
14202,falling,1,,,,,null,,,
14203,falling,1,,,,,null,,,
14204,falling,1,1010,424,12206,93.1,sam2,2.0,1498.383,22.833
14205,falling,1,,,,,null,,,
14206,falling,1,,,,,null,,,
14207,falling,1,,,,,null,,,
14208,falling,1,1010,425,12489,95.26,sam2,1.0,749.192,11.416
14209,falling,1,,,,,null,,,
14210,falling,1,,,,,null,,,
14211,falling,1,,,,,null,,,
14212,falling,1,1010,425,12410,94.66,sam2,0.0,0.0,0.0
14213,falling,1,,,,,null,,,
14214,falling,1,,,,,null,,,
14215,falling,1,,,,,null,,,
14216,falling,1,1010,427,12905,98.44,sam2,2.0,1498.383,22.833
14217,falling,1,,,,,null,,,
14218,falling,1,,,,,null,,,
14219,falling,1,,,,,null,,,
14220,falling,1,1010,426,12704,96.9,sam2,1.0,749.192,11.416
14221,falling,1,,,,,null,,,
14222,falling,1,,,,,null,,,
14223,falling,1,,,,,null,,,
14224,falling,1,1010,425,12529,95.57,sam2,1.0,749.192,11.416
14225,falling,1,,,,,null,,,
14226,falling,1,,,,,null,,,
14227,falling,1,,,,,null,,,
14228,falling,1,1010,425,12312,93.91,sam2,0.0,0.0,0.0
14229,falling,1,,,,,null,,,
14230,falling,1,,,,,null,,,
14231,falling,1,,,,,null,,,
14232,falling,1,1010,423,11963,91.25,sam2,2.0,1498.383,22.833
14233,falling,1,,,,,null,,,
14234,falling,1,,,,,null,,,
14235,falling,1,,,,,null,,,
14236,falling,1,1010,424,12300,93.82,sam2,1.0,749.192,11.416
14237,falling,1,,,,,null,,,
14238,falling,1,,,,,null,,,
14239,falling,1,,,,,null,,,
14240,falling,1,1010,425,12504,95.38,sam2,1.0,749.192,11.416
14241,falling,1,,,,,null,,,
14242,falling,1,,,,,null,,,
14243,falling,1,,,,,null,,,
14244,falling,1,1010,424,12268,93.58,sam2,1.0,749.192,11.416
14245,falling,1,,,,,null,,,
14246,falling,1,,,,,null,,,
14247,falling,1,,,,,null,,,
14248,falling,1,1010,425,12484,95.23,sam2,1.0,749.192,11.416
14249,falling,1,,,,,null,,,
14250,falling,1,,,,,null,,,
14251,falling,1,,,,,null,,,
14252,falling,1,1010,426,12561,95.81,sam2,1.0,749.192,11.416
14253,falling,1,,,,,null,,,
14254,falling,1,,,,,null,,,
14255,falling,1,,,,,null,,,
14256,falling,1,1010,425,12395,94.55,sam2,1.0,749.192,11.416
14257,falling,1,,,,,null,,,
14258,falling,1,,,,,null,,,
14259,falling,1,,,,,null,,,
14260,falling,1,1010,426,12713,96.97,sam2,1.0,749.192,11.416
14261,falling,1,,,,,null,,,
14262,falling,1,,,,,null,,,
14263,falling,1,,,,,null,,,
14264,falling,1,1010,426,12705,96.91,sam2,0.0,0.0,0.0
14265,falling,1,,,,,null,,,
14266,falling,1,,,,,null,,,
14267,falling,1,,,,,null,,,
14268,falling,1,1010,426,12565,95.84,sam2,0.0,0.0,0.0
14269,falling,1,,,,,null,,,
14270,falling,1,,,,,null,,,
14271,falling,1,,,,,null,,,
14272,falling,1,1010,416,10275,78.38,sam2,10.0,7491.916,114.163
14273,falling,1,,,,,null,,,
14274,falling,1,,,,,null,,,
14275,falling,1,,,,,null,,,
14276,falling,1,1010,426,12732,97.12,sam2,10.0,7491.916,114.163
14277,falling,1,,,,,null,,,
14278,falling,1,,,,,null,,,
14279,falling,1,,,,,null,,,
14280,falling,1,1010,424,12210,93.14,sam2,2.0,1498.383,22.833
14281,falling,1,,,,,null,,,
14282,falling,1,,,,,null,,,
14283,falling,1,,,,,null,,,
14284,falling,1,1010,425,12552,95.74,sam2,1.0,749.192,11.416
14285,falling,1,,,,,null,,,
14286,falling,1,,,,,null,,,
14287,falling,1,,,,,null,,,
14288,falling,1,1010,424,12290,93.75,sam2,1.0,749.192,11.416
14289,falling,1,,,,,null,,,
14290,falling,1,,,,,null,,,
14291,falling,1,,,,,null,,,
14292,falling,1,1010,425,12360,94.28,sam2,1.0,749.192,11.416
14293,falling,1,,,,,null,,,
14294,falling,1,,,,,null,,,
14295,falling,1,,,,,null,,,
14296,falling,1,1010,425,12407,94.64,sam2,0.0,0.0,0.0
14297,falling,1,,,,,null,,,
14298,falling,1,,,,,null,,,
14299,falling,1,,,,,null,,,
14300,falling,1,1010,425,12340,94.13,sam2,0.0,0.0,0.0
14301,falling,1,,,,,null,,,
14302,falling,1,,,,,null,,,
14303,falling,1,,,,,null,,,
14304,falling,1,1010,425,12338,94.11,sam2,0.0,0.0,0.0
14305,falling,1,,,,,null,,,
14306,falling,1,,,,,null,,,
14307,falling,1,,,,,null,,,
14308,falling,1,1011,424,12287,93.72,sam2,1.414,1059.517,16.145
14309,falling,1,,,,,null,,,
14310,falling,1,,,,,null,,,
14311,falling,1,,,,,null,,,
14312,falling,1,1010,426,12757,97.31,sam2,2.236,1675.243,25.528
14313,falling,1,,,,,null,,,
14314,falling,1,,,,,null,,,
14315,falling,1,,,,,null,,,
14316,falling,1,1010,426,12576,95.93,sam2,0.0,0.0,0.0
14317,falling,1,,,,,null,,,
14318,falling,1,,,,,null,,,
14319,falling,1,,,,,null,,,
14320,falling,1,1010,425,12428,94.8,sam2,1.0,749.192,11.416
14321,falling,1,,,,,null,,,
14322,falling,1,,,,,null,,,
14323,falling,1,,,,,null,,,
14324,falling,1,1010,425,12423,94.76,sam2,0.0,0.0,0.0
14325,falling,1,,,,,null,,,
14326,falling,1,,,,,null,,,
14327,falling,1,,,,,null,,,
14328,falling,1,1010,425,12466,95.09,sam2,0.0,0.0,0.0
14329,falling,1,,,,,null,,,
14330,falling,1,,,,,null,,,
14331,falling,1,,,,,null,,,
14332,falling,1,1010,425,12535,95.61,sam2,0.0,0.0,0.0
14333,falling,1,,,,,null,,,
14334,falling,1,,,,,null,,,
14335,falling,1,,,,,null,,,
14336,falling,1,1010,425,12333,94.07,sam2,0.0,0.0,0.0
14337,falling,1,,,,,null,,,
14338,falling,1,,,,,null,,,
14339,falling,1,,,,,null,,,
14340,falling,1,1010,425,12399,94.58,sam2,0.0,0.0,0.0
14341,falling,1,,,,,null,,,
14342,falling,1,,,,,null,,,
14343,falling,1,,,,,null,,,
14344,falling,1,1010,424,12252,93.46,sam2,1.0,749.192,11.416
14345,falling,1,,,,,null,,,
14346,falling,1,,,,,null,,,
14347,falling,1,,,,,null,,,
14348,falling,1,1010,424,12188,92.97,sam2,0.0,0.0,0.0
14349,falling,1,,,,,null,,,
14350,falling,1,,,,,null,,,
14351,falling,1,,,,,null,,,
14352,falling,1,1010,425,12362,94.29,sam2,1.0,749.192,11.416
14353,falling,1,,,,,null,,,
14354,falling,1,,,,,null,,,
14355,falling,1,,,,,null,,,
14356,falling,1,1010,425,12394,94.54,sam2,0.0,0.0,0.0
14357,falling,1,,,,,null,,,
14358,falling,1,,,,,null,,,
14359,falling,1,,,,,null,,,
14360,falling,1,1010,426,12568,95.87,sam2,1.0,749.192,11.416
14361,falling,1,,,,,null,,,
14362,falling,1,,,,,null,,,
14363,falling,1,,,,,null,,,
14364,falling,1,1010,425,12402,94.6,sam2,1.0,749.192,11.416
14365,falling,1,,,,,null,,,
14366,falling,1,,,,,null,,,
14367,falling,1,,,,,null,,,
14368,falling,1,1010,427,12861,98.1,sam2,2.0,1498.383,22.833
14369,falling,1,,,,,null,,,
14370,falling,1,,,,,null,,,
14371,falling,1,,,,,null,,,
14372,falling,1,1011,424,12213,93.16,sam2,3.162,2369.152,36.101
14373,falling,1,,,,,null,,,
14374,falling,1,,,,,null,,,
14375,falling,1,,,,,null,,,
14376,falling,1,1010,426,12657,96.54,sam2,2.236,1675.243,25.528
14377,falling,1,,,,,null,,,
14378,falling,1,,,,,null,,,
14379,falling,1,,,,,null,,,
14380,falling,1,1010,425,12416,94.71,sam2,1.0,749.192,11.416
14381,falling,1,,,,,null,,,
14382,falling,1,,,,,null,,,
14383,falling,1,,,,,null,,,
14384,falling,1,1011,425,12333,94.07,sam2,1.0,749.192,11.416
14385,falling,1,,,,,null,,,
14386,falling,1,,,,,null,,,
14387,falling,1,,,,,null,,,
14388,falling,1,1010,424,12193,93.01,sam2,1.414,1059.517,16.145
14389,falling,1,,,,,null,,,
14390,falling,1,,,,,null,,,
14391,falling,1,,,,,null,,,
14392,falling,1,1010,424,12250,93.44,sam2,0.0,0.0,0.0
14393,falling,1,,,,,null,,,
14394,falling,1,,,,,null,,,
14395,falling,1,,,,,null,,,
14396,falling,1,1010,426,12640,96.41,sam2,2.0,1498.383,22.833
14397,falling,1,,,,,null,,,
14398,falling,1,,,,,null,,,
14399,falling,1,,,,,null,,,
14400,falling,1,1010,425,12330,94.05,sam2,1.0,749.192,11.416
14401,falling,1,,,,,null,,,
14402,falling,1,,,,,null,,,
14403,falling,1,,,,,null,,,
14404,falling,1,1010,425,12399,94.58,sam2,0.0,0.0,0.0
14405,falling,1,,,,,null,,,
14406,falling,1,,,,,null,,,
14407,falling,1,,,,,null,,,
14408,falling,1,1010,425,12354,94.23,sam2,0.0,0.0,0.0
14409,falling,1,,,,,null,,,
14410,falling,1,,,,,null,,,
14411,falling,1,,,,,null,,,
14412,falling,1,1011,425,12326,94.02,sam2,1.0,749.192,11.416
14413,falling,1,,,,,null,,,
14414,falling,1,,,,,null,,,
14415,falling,1,,,,,null,,,
14416,falling,1,1010,426,12623,96.29,sam2,1.414,1059.517,16.145
14417,falling,1,,,,,null,,,
14418,falling,1,,,,,null,,,
14419,falling,1,,,,,null,,,
14420,falling,1,1010,426,12573,95.9,sam2,0.0,0.0,0.0
14421,falling,1,,,,,null,,,
14422,falling,1,,,,,null,,,
14423,falling,1,,,,,null,,,
14424,falling,1,1010,424,12097,92.27,sam2,2.0,1498.383,22.833
14425,falling,1,,,,,null,,,
14426,falling,1,,,,,null,,,
14427,falling,1,,,,,null,,,
14428,falling,1,1010,426,12550,95.73,sam2,2.0,1498.383,22.833
14429,falling,1,,,,,null,,,
14430,falling,1,,,,,null,,,
14431,falling,1,,,,,null,,,
14432,falling,1,1010,425,12324,94.0,sam2,1.0,749.192,11.416
14433,falling,1,,,,,null,,,
14434,falling,1,,,,,null,,,
14435,falling,1,,,,,null,,,
14436,falling,1,1011,425,12352,94.22,sam2,1.0,749.192,11.416
14437,falling,1,,,,,null,,,
14438,falling,1,,,,,null,,,
14439,falling,1,,,,,null,,,
14440,falling,1,1010,427,12782,97.5,sam2,2.236,1675.243,25.528
14441,falling,1,,,,,null,,,
14442,falling,1,,,,,null,,,
14443,falling,1,,,,,null,,,
14444,falling,1,1010,425,12337,94.1,sam2,2.0,1498.383,22.833
14445,falling,1,,,,,null,,,
14446,falling,1,,,,,null,,,
14447,falling,1,,,,,null,,,
14448,falling,1,1010,425,12535,95.61,sam2,0.0,0.0,0.0
14449,falling,1,,,,,null,,,
14450,falling,1,,,,,null,,,
14451,falling,1,,,,,null,,,
14452,falling,1,1010,426,12579,95.95,sam2,1.0,749.192,11.416
14453,falling,1,,,,,null,,,
14454,falling,1,,,,,null,,,
14455,falling,1,,,,,null,,,
14456,falling,1,1010,426,12589,96.03,sam2,0.0,0.0,0.0
14457,falling,1,,,,,null,,,
14458,falling,1,,,,,null,,,
14459,falling,1,,,,,null,,,
14460,falling,1,1010,424,12293,93.77,sam2,2.0,1498.383,22.833
14461,falling,1,,,,,null,,,
14462,falling,1,,,,,null,,,
14463,falling,1,,,,,null,,,
14464,falling,1,1010,426,12543,95.68,sam2,2.0,1498.383,22.833
14465,falling,1,,,,,null,,,
14466,falling,1,,,,,null,,,
14467,falling,1,,,,,null,,,
14468,falling,1,1010,426,12574,95.91,sam2,0.0,0.0,0.0
14469,falling,1,,,,,null,,,
14470,falling,1,,,,,null,,,
14471,falling,1,,,,,null,,,
14472,falling,1,1010,426,12550,95.73,sam2,0.0,0.0,0.0
14473,falling,1,,,,,null,,,
14474,falling,1,,,,,null,,,
14475,falling,1,,,,,null,,,
14476,falling,1,1010,425,12507,95.4,sam2,1.0,749.192,11.416
14477,falling,1,,,,,null,,,
14478,falling,1,,,,,null,,,
14479,falling,1,,,,,null,,,
14480,falling,1,1010,426,12542,95.67,sam2,1.0,749.192,11.416
14481,falling,1,,,,,null,,,
14482,falling,1,,,,,null,,,
14483,falling,1,,,,,null,,,
14484,falling,1,1010,424,12282,93.68,sam2,2.0,1498.383,22.833
14485,falling,1,,,,,null,,,
14486,falling,1,,,,,null,,,
14487,falling,1,,,,,null,,,
14488,falling,1,1010,425,12478,95.18,sam2,1.0,749.192,11.416
14489,falling,1,,,,,null,,,
14490,falling,1,,,,,null,,,
14491,falling,1,,,,,null,,,
14492,falling,1,1010,426,12660,96.57,sam2,1.0,749.192,11.416
14493,falling,1,,,,,null,,,
14494,falling,1,,,,,null,,,
14495,falling,1,,,,,null,,,
14496,falling,1,1010,426,12655,96.53,sam2,0.0,0.0,0.0
14497,falling,1,,,,,null,,,
14498,falling,1,,,,,null,,,
14499,falling,1,,,,,null,,,
14500,falling,1,1010,425,12464,95.07,sam2,1.0,749.192,11.416
14501,falling,1,,,,,null,,,
14502,falling,1,,,,,null,,,
14503,falling,1,,,,,null,,,
14504,falling,1,1011,424,12117,92.43,sam2,1.414,1059.517,16.145
14505,falling,1,,,,,null,,,
14506,falling,1,,,,,null,,,
14507,falling,1,,,,,null,,,
14508,falling,1,1010,426,12552,95.74,sam2,2.236,1675.243,25.528
14509,falling,1,,,,,null,,,
14510,falling,1,,,,,null,,,
14511,falling,1,,,,,null,,,
14512,falling,1,1010,425,12322,93.99,sam2,1.0,749.192,11.416
14513,falling,1,,,,,null,,,
14514,falling,1,,,,,null,,,
14515,falling,1,,,,,null,,,
14516,falling,1,1010,426,12547,95.71,sam2,1.0,749.192,11.416
14517,falling,1,,,,,null,,,
14518,falling,1,,,,,null,,,
14519,falling,1,,,,,null,,,
14520,falling,1,1010,425,12286,93.71,sam2,1.0,749.192,11.416
14521,falling,1,,,,,null,,,
14522,falling,1,,,,,null,,,
14523,falling,1,,,,,null,,,
14524,falling,1,1010,425,12515,95.46,sam2,0.0,0.0,0.0
14525,falling,1,,,,,null,,,
14526,falling,1,,,,,null,,,
14527,falling,1,,,,,null,,,
14528,falling,1,1011,424,12159,92.75,sam2,1.414,1059.517,16.145
14529,falling,1,,,,,null,,,
14530,falling,1,,,,,null,,,
14531,falling,1,,,,,null,,,
14532,falling,1,1010,425,12461,95.05,sam2,1.414,1059.517,16.145
14533,falling,1,,,,,null,,,
14534,falling,1,,,,,null,,,
14535,falling,1,,,,,null,,,
14536,falling,1,1010,424,12232,93.3,sam2,1.0,749.192,11.416
14537,falling,1,,,,,null,,,
14538,falling,1,,,,,null,,,
14539,falling,1,,,,,null,,,
14540,falling,1,1010,425,12403,94.61,sam2,1.0,749.192,11.416
14541,falling,1,,,,,null,,,
14542,falling,1,,,,,null,,,
14543,falling,1,,,,,null,,,
14544,falling,1,1010,425,12490,95.27,sam2,0.0,0.0,0.0
14545,falling,1,,,,,null,,,
14546,falling,1,,,,,null,,,
14547,falling,1,,,,,null,,,
14548,falling,1,1010,425,12430,94.81,sam2,0.0,0.0,0.0
14549,falling,1,,,,,null,,,
14550,falling,1,,,,,null,,,
14551,falling,1,,,,,null,,,
14552,falling,1,1010,425,12506,95.39,sam2,0.0,0.0,0.0
14553,falling,1,,,,,null,,,
14554,falling,1,,,,,null,,,
14555,falling,1,,,,,null,,,
14556,falling,1,1010,425,12460,95.04,sam2,0.0,0.0,0.0
14557,falling,1,,,,,null,,,
14558,falling,1,,,,,null,,,
14559,falling,1,,,,,null,,,
14560,falling,1,1010,425,12365,94.32,sam2,0.0,0.0,0.0
14561,falling,1,,,,,null,,,
14562,falling,1,,,,,null,,,
14563,falling,1,,,,,null,,,
14564,falling,1,1010,426,12670,96.64,sam2,1.0,749.192,11.416
14565,falling,1,,,,,null,,,
14566,falling,1,,,,,null,,,
14567,falling,1,,,,,null,,,
14568,falling,1,1011,425,12511,95.43,sam2,1.414,1059.517,16.145
14569,falling,1,,,,,null,,,
14570,falling,1,,,,,null,,,
14571,falling,1,,,,,null,,,
14572,falling,1,1010,426,12615,96.22,sam2,1.414,1059.517,16.145
14573,falling,1,,,,,null,,,
14574,falling,1,,,,,null,,,
14575,falling,1,,,,,null,,,
14576,falling,1,1010,425,12465,95.08,sam2,1.0,749.192,11.416
14577,falling,1,,,,,null,,,
14578,falling,1,,,,,null,,,
14579,falling,1,,,,,null,,,
14580,falling,1,1010,426,12551,95.74,sam2,1.0,749.192,11.416
14581,falling,1,,,,,null,,,
14582,falling,1,,,,,null,,,
14583,falling,1,,,,,null,,,
14584,falling,1,1010,425,12438,94.87,sam2,1.0,749.192,11.416
14585,falling,1,,,,,null,,,
14586,falling,1,,,,,null,,,
14587,falling,1,,,,,null,,,
14588,falling,1,1010,426,12727,97.08,sam2,1.0,749.192,11.416
14589,falling,1,,,,,null,,,
14590,falling,1,,,,,null,,,
14591,falling,1,,,,,null,,,
14592,falling,1,1010,425,12481,95.2,sam2,1.0,749.192,11.416
14593,falling,1,,,,,null,,,
14594,falling,1,,,,,null,,,
14595,falling,1,,,,,null,,,
14596,falling,1,1011,425,12404,94.61,sam2,1.0,749.192,11.416
14597,falling,1,,,,,null,,,
14598,falling,1,,,,,null,,,
14599,falling,1,,,,,null,,,
14600,falling,1,1010,425,12450,94.97,sam2,1.0,749.192,11.416
14601,falling,1,,,,,null,,,
14602,falling,1,,,,,null,,,
14603,falling,1,,,,,null,,,
14604,falling,1,1010,425,12318,93.96,sam2,0.0,0.0,0.0
14605,falling,1,,,,,null,,,
14606,falling,1,,,,,null,,,
14607,falling,1,,,,,null,,,
14608,falling,1,1010,426,12610,96.19,sam2,1.0,749.192,11.416
14609,falling,1,,,,,null,,,
14610,falling,1,,,,,null,,,
14611,falling,1,,,,,null,,,
14612,falling,1,1010,426,12534,95.61,sam2,0.0,0.0,0.0
14613,falling,1,,,,,null,,,
14614,falling,1,,,,,null,,,
14615,falling,1,,,,,null,,,
14616,falling,1,1010,425,12382,94.45,sam2,1.0,749.192,11.416
14617,falling,1,,,,,null,,,
14618,falling,1,,,,,null,,,
14619,falling,1,,,,,null,,,
14620,falling,1,1010,426,12535,95.61,sam2,1.0,749.192,11.416
14621,falling,1,,,,,null,,,
14622,falling,1,,,,,null,,,
14623,falling,1,,,,,null,,,
14624,falling,1,1010,425,12389,94.5,sam2,1.0,749.192,11.416
14625,falling,1,,,,,null,,,
14626,falling,1,,,,,null,,,
14627,falling,1,,,,,null,,,
14628,falling,1,1010,425,12266,93.56,sam2,0.0,0.0,0.0
14629,falling,1,,,,,null,,,
14630,falling,1,,,,,null,,,
14631,falling,1,,,,,null,,,
14632,falling,1,1010,426,12637,96.39,sam2,1.0,749.192,11.416
14633,falling,1,,,,,null,,,
14634,falling,1,,,,,null,,,
14635,falling,1,,,,,null,,,
14636,falling,1,1010,425,12309,93.89,sam2,1.0,749.192,11.416
14637,falling,1,,,,,null,,,
14638,falling,1,,,,,null,,,
14639,falling,1,,,,,null,,,
14640,falling,1,1011,425,12456,95.01,sam2,1.0,749.192,11.416
14641,falling,1,,,,,null,,,
14642,falling,1,,,,,null,,,
14643,falling,1,,,,,null,,,
14644,falling,1,1010,426,12652,96.51,sam2,1.414,1059.517,16.145
14645,falling,1,,,,,null,,,
14646,falling,1,,,,,null,,,
14647,falling,1,,,,,null,,,
14648,falling,1,1010,426,12592,96.05,sam2,0.0,0.0,0.0
14649,falling,1,,,,,null,,,
14650,falling,1,,,,,null,,,
14651,falling,1,,,,,null,,,
14652,falling,1,1011,425,12452,94.98,sam2,1.414,1059.517,16.145
14653,falling,1,,,,,null,,,
14654,falling,1,,,,,null,,,
14655,falling,1,,,,,null,,,
14656,falling,1,1010,425,12519,95.49,sam2,1.0,749.192,11.416
14657,falling,1,,,,,null,,,
14658,falling,1,,,,,null,,,
14659,falling,1,,,,,null,,,
14660,falling,1,1011,424,12225,93.25,sam2,1.414,1059.517,16.145
14661,falling,1,,,,,null,,,
14662,falling,1,,,,,null,,,
14663,falling,1,,,,,null,,,
14664,falling,1,1011,425,12538,95.64,sam2,1.0,749.192,11.416
14665,falling,1,,,,,null,,,
14666,falling,1,,,,,null,,,
14667,falling,1,,,,,null,,,
14668,falling,1,1010,425,12384,94.46,sam2,1.0,749.192,11.416
14669,falling,1,,,,,null,,,
14670,falling,1,,,,,null,,,
14671,falling,1,,,,,null,,,
14672,falling,1,1011,425,12377,94.41,sam2,1.0,749.192,11.416
14673,falling,1,,,,,null,,,
14674,falling,1,,,,,null,,,
14675,falling,1,,,,,null,,,
14676,falling,1,1010,425,12364,94.31,sam2,1.0,749.192,11.416
14677,falling,1,,,,,null,,,
14678,falling,1,,,,,null,,,
14679,falling,1,,,,,null,,,
14680,falling,1,1010,425,12363,94.3,sam2,0.0,0.0,0.0
14681,falling,1,,,,,null,,,
14682,falling,1,,,,,null,,,
14683,falling,1,,,,,null,,,
14684,falling,1,1010,425,12441,94.9,sam2,0.0,0.0,0.0
14685,falling,1,,,,,null,,,
14686,falling,1,,,,,null,,,
14687,falling,1,,,,,null,,,
14688,falling,1,1010,425,12501,95.35,sam2,0.0,0.0,0.0
14689,falling,1,,,,,null,,,
14690,falling,1,,,,,null,,,
14691,falling,1,,,,,null,,,
14692,falling,1,1010,424,12245,93.4,sam2,1.0,749.192,11.416
14693,falling,1,,,,,null,,,
14694,falling,1,,,,,null,,,
14695,falling,1,,,,,null,,,
14696,falling,1,1010,425,12468,95.1,sam2,1.0,749.192,11.416
14697,falling,1,,,,,null,,,
14698,falling,1,,,,,null,,,
14699,falling,1,,,,,null,,,
14700,falling,1,1010,426,12760,97.33,sam2,1.0,749.192,11.416
14701,falling,1,,,,,null,,,
14702,falling,1,,,,,null,,,
14703,falling,1,,,,,null,,,
14704,falling,1,1010,426,12577,95.93,sam2,0.0,0.0,0.0
14705,falling,1,,,,,null,,,
14706,falling,1,,,,,null,,,
14707,falling,1,,,,,null,,,
14708,falling,1,1011,425,12477,95.17,sam2,1.414,1059.517,16.145
14709,falling,1,,,,,null,,,
14710,falling,1,,,,,null,,,
14711,falling,1,,,,,null,,,
14712,falling,1,1010,427,12772,97.42,sam2,2.236,1675.243,25.528
14713,falling,1,,,,,null,,,
14714,falling,1,,,,,null,,,
14715,falling,1,,,,,null,,,
14716,falling,1,1011,426,12544,95.68,sam2,1.414,1059.517,16.145
14717,falling,1,,,,,null,,,
14718,falling,1,,,,,null,,,
14719,falling,1,,,,,null,,,
14720,falling,1,1010,425,12512,95.44,sam2,1.414,1059.517,16.145
14721,falling,1,,,,,null,,,
14722,falling,1,,,,,null,,,
14723,falling,1,,,,,null,,,
14724,falling,1,1010,426,12617,96.24,sam2,1.0,749.192,11.416
14725,falling,1,,,,,null,,,
14726,falling,1,,,,,null,,,
14727,falling,1,,,,,null,,,
14728,falling,1,1010,425,12472,95.13,sam2,1.0,749.192,11.416
14729,falling,1,,,,,null,,,
14730,falling,1,,,,,null,,,
14731,falling,1,,,,,null,,,
14732,falling,1,1010,425,12474,95.15,sam2,0.0,0.0,0.0
14733,falling,1,,,,,null,,,
14734,falling,1,,,,,null,,,
14735,falling,1,,,,,null,,,
14736,falling,1,1010,426,12559,95.8,sam2,1.0,749.192,11.416
14737,falling,1,,,,,null,,,
14738,falling,1,,,,,null,,,
14739,falling,1,,,,,null,,,
14740,falling,1,1011,427,12826,97.83,sam2,1.414,1059.517,16.145
14741,falling,1,,,,,null,,,
14742,falling,1,,,,,null,,,
14743,falling,1,,,,,null,,,
14744,falling,1,1010,426,12690,96.8,sam2,1.414,1059.517,16.145
14745,falling,1,,,,,null,,,
14746,falling,1,,,,,null,,,
14747,falling,1,,,,,null,,,
14748,falling,1,1010,426,12620,96.26,sam2,0.0,0.0,0.0
14749,falling,1,,,,,null,,,
14750,falling,1,,,,,null,,,
14751,falling,1,,,,,null,,,
14752,falling,1,1010,426,12634,96.37,sam2,0.0,0.0,0.0
14753,falling,1,,,,,null,,,
14754,falling,1,,,,,null,,,
14755,falling,1,,,,,null,,,
14756,falling,1,1010,425,12381,94.44,sam2,1.0,749.192,11.416
14757,falling,1,,,,,null,,,
14758,falling,1,,,,,null,,,
14759,falling,1,,,,,null,,,
14760,falling,1,1010,425,12422,94.75,sam2,0.0,0.0,0.0
14761,falling,1,,,,,null,,,
14762,falling,1,,,,,null,,,
14763,falling,1,,,,,null,,,
14764,falling,1,1010,426,12632,96.35,sam2,1.0,749.192,11.416
14765,falling,1,,,,,null,,,
14766,falling,1,,,,,null,,,
14767,falling,1,,,,,null,,,
14768,falling,1,1010,425,12489,95.26,sam2,1.0,749.192,11.416
14769,falling,1,,,,,null,,,
14770,falling,1,,,,,null,,,
14771,falling,1,,,,,null,,,
14772,falling,1,1010,425,12508,95.41,sam2,0.0,0.0,0.0
14773,falling,1,,,,,null,,,
14774,falling,1,,,,,null,,,
14775,falling,1,,,,,null,,,
14776,falling,1,1010,425,12413,94.68,sam2,0.0,0.0,0.0
14777,falling,1,,,,,null,,,
14778,falling,1,,,,,null,,,
14779,falling,1,,,,,null,,,
14780,falling,1,1010,425,12432,94.83,sam2,0.0,0.0,0.0
14781,falling,1,,,,,null,,,
14782,falling,1,,,,,null,,,
14783,falling,1,,,,,null,,,
14784,falling,1,1010,427,12856,98.06,sam2,2.0,1498.383,22.833
14785,falling,1,,,,,null,,,
14786,falling,1,,,,,null,,,
14787,falling,1,,,,,null,,,
14788,falling,1,1010,426,12644,96.45,sam2,1.0,749.192,11.416
14789,falling,1,,,,,null,,,
14790,falling,1,,,,,null,,,
14791,falling,1,,,,,null,,,
14792,falling,1,1010,425,12320,93.97,sam2,1.0,749.192,11.416
14793,falling,1,,,,,null,,,
14794,falling,1,,,,,null,,,
14795,falling,1,,,,,null,,,
14796,falling,1,1010,425,12470,95.12,sam2,0.0,0.0,0.0
14797,falling,1,,,,,null,,,
14798,falling,1,,,,,null,,,
14799,falling,1,,,,,null,,,
14800,falling,1,1010,426,12582,95.97,sam2,1.0,749.192,11.416
14801,falling,1,,,,,null,,,
14802,falling,1,,,,,null,,,
14803,falling,1,,,,,null,,,
14804,falling,1,1010,425,12423,94.76,sam2,1.0,749.192,11.416
14805,falling,1,,,,,null,,,
14806,falling,1,,,,,null,,,
14807,falling,1,,,,,null,,,
14808,falling,1,1010,425,12439,94.88,sam2,0.0,0.0,0.0
14809,falling,1,,,,,null,,,
14810,falling,1,,,,,null,,,
14811,falling,1,,,,,null,,,
14812,falling,1,1010,426,12495,95.31,sam2,1.0,749.192,11.416
14813,falling,1,,,,,null,,,
14814,falling,1,,,,,null,,,
14815,falling,1,,,,,null,,,
14816,falling,1,1010,425,12451,94.97,sam2,1.0,749.192,11.416
14817,falling,1,,,,,null,,,
14818,falling,1,,,,,null,,,
14819,falling,1,,,,,null,,,
14820,falling,1,1010,425,12391,94.52,sam2,0.0,0.0,0.0
14821,falling,1,,,,,null,,,
14822,falling,1,,,,,null,,,
14823,falling,1,,,,,null,,,
14824,falling,1,1010,425,12311,93.91,sam2,0.0,0.0,0.0
14825,falling,1,,,,,null,,,
14826,falling,1,,,,,null,,,
14827,falling,1,,,,,null,,,
14828,falling,1,1010,426,12577,95.93,sam2,1.0,749.192,11.416
14829,falling,1,,,,,null,,,
14830,falling,1,,,,,null,,,
14831,falling,1,,,,,null,,,
14832,falling,1,1010,425,12351,94.21,sam2,1.0,749.192,11.416
14833,falling,1,,,,,null,,,
14834,falling,1,,,,,null,,,
14835,falling,1,,,,,null,,,
14836,falling,1,1011,424,12192,93.0,sam2,1.414,1059.517,16.145
14837,falling,1,,,,,null,,,
14838,falling,1,,,,,null,,,
14839,falling,1,,,,,null,,,
14840,falling,1,1010,426,12651,96.5,sam2,2.236,1675.243,25.528
14841,falling,1,,,,,null,,,
14842,falling,1,,,,,null,,,
14843,falling,1,,,,,null,,,
14844,falling,1,1010,426,12649,96.48,sam2,0.0,0.0,0.0
14845,falling,1,,,,,null,,,
14846,falling,1,,,,,null,,,
14847,falling,1,,,,,null,,,
14848,falling,1,1010,426,12699,96.86,sam2,0.0,0.0,0.0
14849,falling,1,,,,,null,,,
14850,falling,1,,,,,null,,,
14851,falling,1,,,,,null,,,
14852,falling,1,1010,425,12456,95.01,sam2,1.0,749.192,11.416
14853,falling,1,,,,,null,,,
14854,falling,1,,,,,null,,,
14855,falling,1,,,,,null,,,
14856,falling,1,1010,425,12482,95.21,sam2,0.0,0.0,0.0
14857,falling,1,,,,,null,,,
14858,falling,1,,,,,null,,,
14859,falling,1,,,,,null,,,
14860,falling,1,1011,426,12716,96.99,sam2,1.414,1059.517,16.145
14861,falling,1,,,,,null,,,
14862,falling,1,,,,,null,,,
14863,falling,1,,,,,null,,,
14864,falling,1,1010,425,12462,95.06,sam2,1.414,1059.517,16.145
14865,falling,1,,,,,null,,,
14866,falling,1,,,,,null,,,
14867,falling,1,,,,,null,,,
14868,falling,1,1010,426,12635,96.38,sam2,1.0,749.192,11.416
14869,falling,1,,,,,null,,,
14870,falling,1,,,,,null,,,
14871,falling,1,,,,,null,,,
14872,falling,1,1010,426,12647,96.47,sam2,0.0,0.0,0.0
14873,falling,1,,,,,null,,,
14874,falling,1,,,,,null,,,
14875,falling,1,,,,,null,,,
14876,falling,1,1010,426,12531,95.58,sam2,0.0,0.0,0.0
14877,falling,1,,,,,null,,,
14878,falling,1,,,,,null,,,
14879,falling,1,,,,,null,,,
14880,falling,1,1010,426,12631,96.35,sam2,0.0,0.0,0.0
14881,falling,1,,,,,null,,,
14882,falling,1,,,,,null,,,
14883,falling,1,,,,,null,,,
14884,falling,1,1010,427,12896,98.37,sam2,1.0,749.192,11.416
14885,falling,1,,,,,null,,,
14886,falling,1,,,,,null,,,
14887,falling,1,,,,,null,,,
14888,falling,1,1010,426,12593,96.06,sam2,1.0,749.192,11.416
14889,falling,1,,,,,null,,,
14890,falling,1,,,,,null,,,
14891,falling,1,,,,,null,,,
14892,falling,1,1010,426,12684,96.75,sam2,0.0,0.0,0.0
14893,falling,1,,,,,null,,,
14894,falling,1,,,,,null,,,
14895,falling,1,,,,,null,,,
14896,falling,1,1010,426,12652,96.51,sam2,0.0,0.0,0.0
14897,falling,1,,,,,null,,,
14898,falling,1,,,,,null,,,
14899,falling,1,,,,,null,,,
14900,falling,1,1010,426,12659,96.56,sam2,0.0,0.0,0.0
14901,falling,1,,,,,null,,,
14902,falling,1,,,,,null,,,
14903,falling,1,,,,,null,,,
14904,falling,1,1010,426,12507,95.4,sam2,0.0,0.0,0.0
14905,falling,1,,,,,null,,,
14906,falling,1,,,,,null,,,
14907,falling,1,,,,,null,,,
14908,falling,1,1010,426,12739,97.17,sam2,0.0,0.0,0.0
14909,falling,1,,,,,null,,,
14910,falling,1,,,,,null,,,
14911,falling,1,,,,,null,,,
14912,falling,1,1010,426,12511,95.43,sam2,0.0,0.0,0.0
14913,falling,1,,,,,null,,,
14914,falling,1,,,,,null,,,
14915,falling,1,,,,,null,,,
14916,falling,1,1010,425,12474,95.15,sam2,1.0,749.192,11.416
14917,falling,1,,,,,null,,,
14918,falling,1,,,,,null,,,
14919,falling,1,,,,,null,,,
14920,falling,1,1010,426,12658,96.55,sam2,1.0,749.192,11.416
14921,falling,1,,,,,null,,,
14922,falling,1,,,,,null,,,
14923,falling,1,,,,,null,,,
14924,falling,1,1010,425,12318,93.96,sam2,1.0,749.192,11.416
14925,falling,1,,,,,null,,,
14926,falling,1,,,,,null,,,
14927,falling,1,,,,,null,,,
14928,falling,1,1011,426,12742,97.19,sam2,1.414,1059.517,16.145
14929,falling,1,,,,,null,,,
14930,falling,1,,,,,null,,,
14931,falling,1,,,,,null,,,
14932,falling,1,1010,427,12765,97.37,sam2,1.414,1059.517,16.145
14933,falling,1,,,,,null,,,
14934,falling,1,,,,,null,,,
14935,falling,1,,,,,null,,,
14936,falling,1,1010,425,12363,94.3,sam2,2.0,1498.383,22.833
14937,falling,1,,,,,null,,,
14938,falling,1,,,,,null,,,
14939,falling,1,,,,,null,,,
14940,falling,1,1010,426,12497,95.32,sam2,1.0,749.192,11.416
14941,falling,1,,,,,null,,,
14942,falling,1,,,,,null,,,
14943,falling,1,,,,,null,,,
14944,falling,1,1011,424,12187,92.96,sam2,2.236,1675.243,25.528
14945,falling,1,,,,,null,,,
14946,falling,1,,,,,null,,,
14947,falling,1,,,,,null,,,
14948,falling,1,1010,426,12495,95.31,sam2,2.236,1675.243,25.528
14949,falling,1,,,,,null,,,
14950,falling,1,,,,,null,,,
14951,falling,1,,,,,null,,,
14952,falling,1,1010,426,12512,95.44,sam2,0.0,0.0,0.0
14953,falling,1,,,,,null,,,
14954,falling,1,,,,,null,,,
14955,falling,1,,,,,null,,,
14956,falling,1,1011,425,12387,94.49,sam2,1.414,1059.517,16.145
14957,falling,1,,,,,null,,,
14958,falling,1,,,,,null,,,
14959,falling,1,,,,,null,,,
14960,falling,1,1010,426,12506,95.39,sam2,1.414,1059.517,16.145
14961,falling,1,,,,,null,,,
14962,falling,1,,,,,null,,,
14963,falling,1,,,,,null,,,
14964,falling,1,1011,425,12373,94.38,sam2,1.414,1059.517,16.145
14965,falling,1,,,,,null,,,
14966,falling,1,,,,,null,,,
14967,falling,1,,,,,null,,,
14968,falling,1,1010,425,12468,95.1,sam2,1.0,749.192,11.416
14969,falling,1,,,,,null,,,
14970,falling,1,,,,,null,,,
14971,falling,1,,,,,null,,,
14972,falling,1,1011,427,12729,97.09,sam2,2.236,1675.243,25.528
14973,falling,1,,,,,null,,,
14974,falling,1,,,,,null,,,
14975,falling,1,,,,,null,,,
14976,falling,1,1010,425,12449,94.96,sam2,2.236,1675.243,25.528
14977,falling,1,,,,,null,,,
14978,falling,1,,,,,null,,,
14979,falling,1,,,,,null,,,
14980,falling,1,1010,425,12324,94.0,sam2,0.0,0.0,0.0
14981,falling,1,,,,,null,,,
14982,falling,1,,,,,null,,,
14983,falling,1,,,,,null,,,
14984,falling,1,1011,426,12583,95.98,sam2,1.414,1059.517,16.145
14985,falling,1,,,,,null,,,
14986,falling,1,,,,,null,,,
14987,falling,1,,,,,null,,,
14988,falling,1,1010,424,12236,93.33,sam2,2.236,1675.243,25.528
14989,falling,1,,,,,null,,,
14990,falling,1,,,,,null,,,
14991,falling,1,,,,,null,,,
14992,falling,1,1010,426,12697,96.85,sam2,2.0,1498.383,22.833
14993,falling,1,,,,,null,,,
14994,falling,1,,,,,null,,,
14995,falling,1,,,,,null,,,
14996,falling,1,1010,425,12468,95.1,sam2,1.0,749.192,11.416
14997,falling,1,,,,,null,,,
14998,falling,1,,,,,null,,,
14999,falling,1,,,,,null,,,
15000,falling,1,1011,427,12940,98.7,sam2,2.236,1675.243,25.528
15001,falling,1,,,,,null,,,
15002,falling,1,,,,,null,,,
15003,falling,1,,,,,null,,,
15004,falling,1,1010,426,12513,95.45,sam2,1.414,1059.517,16.145
15005,falling,1,,,,,null,,,
15006,falling,1,,,,,null,,,
15007,falling,1,,,,,null,,,
15008,falling,1,1011,425,12366,94.32,sam2,1.414,1059.517,16.145
15009,falling,1,,,,,null,,,
15010,falling,1,,,,,null,,,
15011,falling,1,,,,,null,,,
15012,falling,1,1010,426,12533,95.6,sam2,1.414,1059.517,16.145
15013,falling,1,,,,,null,,,
15014,falling,1,,,,,null,,,
15015,falling,1,,,,,null,,,
15016,falling,1,1010,426,12621,96.27,sam2,0.0,0.0,0.0
15017,falling,1,,,,,null,,,
15018,falling,1,,,,,null,,,
15019,falling,1,,,,,null,,,
15020,falling,1,1010,427,12827,97.84,sam2,1.0,749.192,11.416
15021,falling,1,,,,,null,,,
15022,falling,1,,,,,null,,,
15023,falling,1,,,,,null,,,
15024,falling,1,1010,425,12430,94.81,sam2,2.0,1498.383,22.833
15025,falling,1,,,,,null,,,
15026,falling,1,,,,,null,,,
15027,falling,1,,,,,null,,,
15028,falling,1,1011,425,12391,94.52,sam2,1.0,749.192,11.416
15029,falling,1,,,,,null,,,
15030,falling,1,,,,,null,,,
15031,falling,1,,,,,null,,,
15032,falling,1,1011,425,12382,94.45,sam2,0.0,0.0,0.0
15033,falling,1,,,,,null,,,
15034,falling,1,,,,,null,,,
15035,falling,1,,,,,null,,,
15036,falling,1,1011,425,12271,93.6,sam2,0.0,0.0,0.0
15037,falling,1,,,,,null,,,
15038,falling,1,,,,,null,,,
15039,falling,1,,,,,null,,,
15040,falling,1,1010,427,12822,97.8,sam2,2.236,1675.243,25.528
15041,falling,1,,,,,null,,,
15042,falling,1,,,,,null,,,
15043,falling,1,,,,,null,,,
15044,falling,1,1010,427,12809,97.7,sam2,0.0,0.0,0.0
15045,falling,1,,,,,null,,,
15046,falling,1,,,,,null,,,
15047,falling,1,,,,,null,,,
15048,falling,1,1010,427,12746,97.22,sam2,0.0,0.0,0.0
15049,falling,1,,,,,null,,,
15050,falling,1,,,,,null,,,
15051,falling,1,,,,,null,,,
15052,falling,1,1011,425,12288,93.73,sam2,2.236,1675.243,25.528
15053,falling,1,,,,,null,,,
15054,falling,1,,,,,null,,,
15055,falling,1,,,,,null,,,
15056,falling,1,1010,425,12357,94.26,sam2,1.0,749.192,11.416
15057,falling,1,,,,,null,,,
15058,falling,1,,,,,null,,,
15059,falling,1,,,,,null,,,
15060,falling,1,1010,426,12700,96.87,sam2,1.0,749.192,11.416
15061,falling,1,,,,,null,,,
15062,falling,1,,,,,null,,,
15063,falling,1,,,,,null,,,
15064,falling,1,1010,426,12591,96.04,sam2,0.0,0.0,0.0
15065,falling,1,,,,,null,,,
15066,falling,1,,,,,null,,,
15067,falling,1,,,,,null,,,
15068,falling,1,1011,426,12558,95.79,sam2,1.0,749.192,11.416
15069,falling,1,,,,,null,,,
15070,falling,1,,,,,null,,,
15071,falling,1,,,,,null,,,
15072,falling,1,1010,425,12475,95.16,sam2,1.414,1059.517,16.145
15073,falling,1,,,,,null,,,
15074,falling,1,,,,,null,,,
15075,falling,1,,,,,null,,,
15076,falling,1,1011,425,12390,94.51,sam2,1.0,749.192,11.416
15077,falling,1,,,,,null,,,
15078,falling,1,,,,,null,,,
15079,falling,1,,,,,null,,,
15080,falling,1,1010,425,12472,95.13,sam2,1.0,749.192,11.416
15081,falling,1,,,,,null,,,
15082,falling,1,,,,,null,,,
15083,falling,1,,,,,null,,,
15084,falling,1,1011,427,12739,97.17,sam2,2.236,1675.243,25.528
15085,falling,1,,,,,null,,,
15086,falling,1,,,,,null,,,
15087,falling,1,,,,,null,,,
15088,falling,1,1010,426,12602,96.13,sam2,1.414,1059.517,16.145
15089,falling,1,,,,,null,,,
15090,falling,1,,,,,null,,,
15091,falling,1,,,,,null,,,
15092,falling,1,1010,426,12602,96.13,sam2,0.0,0.0,0.0
15093,falling,1,,,,,null,,,
15094,falling,1,,,,,null,,,
15095,falling,1,,,,,null,,,
15096,falling,1,1010,426,12632,96.35,sam2,0.0,0.0,0.0
15097,falling,1,,,,,null,,,
15098,falling,1,,,,,null,,,
15099,falling,1,,,,,null,,,
15100,falling,1,1010,426,12502,95.36,sam2,0.0,0.0,0.0
15101,falling,1,,,,,null,,,
15102,falling,1,,,,,null,,,
15103,falling,1,,,,,null,,,
15104,falling,1,1011,426,12725,97.06,sam2,1.0,749.192,11.416
15105,falling,1,,,,,null,,,
15106,falling,1,,,,,null,,,
15107,falling,1,,,,,null,,,
15108,falling,1,1011,426,12597,96.09,sam2,0.0,0.0,0.0
15109,falling,1,,,,,null,,,
15110,falling,1,,,,,null,,,
15111,falling,1,,,,,null,,,
15112,falling,1,1011,425,12290,93.75,sam2,1.0,749.192,11.416
15113,falling,1,,,,,null,,,
15114,falling,1,,,,,null,,,
15115,falling,1,,,,,null,,,
15116,falling,1,1010,426,12605,96.15,sam2,1.414,1059.517,16.145
15117,falling,1,,,,,null,,,
15118,falling,1,,,,,null,,,
15119,falling,1,,,,,null,,,
15120,falling,1,1010,425,12389,94.5,sam2,1.0,749.192,11.416
15121,falling,1,,,,,null,,,
15122,falling,1,,,,,null,,,
15123,falling,1,,,,,null,,,
15124,falling,1,1010,426,12699,96.86,sam2,1.0,749.192,11.416
15125,falling,1,,,,,null,,,
15126,falling,1,,,,,null,,,
15127,falling,1,,,,,null,,,
15128,falling,1,1010,425,12463,95.06,sam2,1.0,749.192,11.416
15129,falling,1,,,,,null,,,
15130,falling,1,,,,,null,,,
15131,falling,1,,,,,null,,,
15132,falling,1,1010,426,12679,96.71,sam2,1.0,749.192,11.416
15133,falling,1,,,,,null,,,
15134,falling,1,,,,,null,,,
15135,falling,1,,,,,null,,,
15136,falling,1,1010,426,12507,95.4,sam2,0.0,0.0,0.0
15137,falling,1,,,,,null,,,
15138,falling,1,,,,,null,,,
15139,falling,1,,,,,null,,,
15140,falling,1,1010,425,12462,95.06,sam2,1.0,749.192,11.416
15141,falling,1,,,,,null,,,
15142,falling,1,,,,,null,,,
15143,falling,1,,,,,null,,,
15144,falling,1,1011,424,12221,93.22,sam2,1.414,1059.517,16.145
15145,falling,1,,,,,null,,,
15146,falling,1,,,,,null,,,
15147,falling,1,,,,,null,,,
15148,falling,1,1011,425,12435,94.85,sam2,1.0,749.192,11.416
15149,falling,1,,,,,null,,,
15150,falling,1,,,,,null,,,
15151,falling,1,,,,,null,,,
15152,falling,1,1010,426,12554,95.76,sam2,1.414,1059.517,16.145
15153,falling,1,,,,,null,,,
15154,falling,1,,,,,null,,,
15155,falling,1,,,,,null,,,
15156,falling,1,1011,427,12833,97.89,sam2,1.414,1059.517,16.145
15157,falling,1,,,,,null,,,
15158,falling,1,,,,,null,,,
15159,falling,1,,,,,null,,,
15160,falling,1,1010,425,12366,94.32,sam2,2.236,1675.243,25.528
15161,falling,1,,,,,null,,,
15162,falling,1,,,,,null,,,
15163,falling,1,,,,,null,,,
15164,falling,1,1011,426,12557,95.78,sam2,1.414,1059.517,16.145
15165,falling,1,,,,,null,,,
15166,falling,1,,,,,null,,,
15167,falling,1,,,,,null,,,
15168,falling,1,1010,426,12501,95.35,sam2,1.0,749.192,11.416
15169,falling,1,,,,,null,,,
15170,falling,1,,,,,null,,,
15171,falling,1,,,,,null,,,
15172,falling,1,1010,425,12457,95.02,sam2,1.0,749.192,11.416
15173,falling,1,,,,,null,,,
15174,falling,1,,,,,null,,,
15175,falling,1,,,,,null,,,
15176,falling,1,1010,425,12416,94.71,sam2,0.0,0.0,0.0
15177,falling,1,,,,,null,,,
15178,falling,1,,,,,null,,,
15179,falling,1,,,,,null,,,
15180,falling,1,1010,425,12421,94.74,sam2,0.0,0.0,0.0
15181,falling,1,,,,,null,,,
15182,falling,1,,,,,null,,,
15183,falling,1,,,,,null,,,
15184,falling,1,1010,426,12500,95.35,sam2,1.0,749.192,11.416
15185,falling,1,,,,,null,,,
15186,falling,1,,,,,null,,,
15187,falling,1,,,,,null,,,
15188,falling,1,1010,426,12544,95.68,sam2,0.0,0.0,0.0
15189,falling,1,,,,,null,,,
15190,falling,1,,,,,null,,,
15191,falling,1,,,,,null,,,
15192,falling,1,1010,426,12594,96.06,sam2,0.0,0.0,0.0
15193,falling,1,,,,,null,,,
15194,falling,1,,,,,null,,,
15195,falling,1,,,,,null,,,
15196,falling,1,1010,426,12491,95.28,sam2,0.0,0.0,0.0
15197,falling,1,,,,,null,,,
15198,falling,1,,,,,null,,,
15199,falling,1,,,,,null,,,
15200,falling,1,1011,425,12406,94.63,sam2,1.414,1059.517,16.145
15201,falling,1,,,,,null,,,
15202,falling,1,,,,,null,,,
15203,falling,1,,,,,null,,,
15204,falling,1,1011,426,12570,95.88,sam2,1.0,749.192,11.416
15205,falling,1,,,,,null,,,
15206,falling,1,,,,,null,,,
15207,falling,1,,,,,null,,,
15208,falling,1,1010,426,12497,95.32,sam2,1.0,749.192,11.416
15209,falling,1,,,,,null,,,
15210,falling,1,,,,,null,,,
15211,falling,1,,,,,null,,,
15212,falling,1,1011,426,12582,95.97,sam2,1.0,749.192,11.416
15213,falling,1,,,,,null,,,
15214,falling,1,,,,,null,,,
15215,falling,1,,,,,null,,,
15216,falling,1,1010,426,12648,96.48,sam2,1.0,749.192,11.416
15217,falling,1,,,,,null,,,
15218,falling,1,,,,,null,,,
15219,falling,1,,,,,null,,,
15220,falling,1,1010,426,12617,96.24,sam2,0.0,0.0,0.0
15221,falling,1,,,,,null,,,
15222,falling,1,,,,,null,,,
15223,falling,1,,,,,null,,,
15224,falling,1,1010,426,12519,95.49,sam2,0.0,0.0,0.0
15225,falling,1,,,,,null,,,
15226,falling,1,,,,,null,,,
15227,falling,1,,,,,null,,,
15228,falling,1,1011,427,12693,96.82,sam2,1.414,1059.517,16.145
15229,falling,1,,,,,null,,,
15230,falling,1,,,,,null,,,
15231,falling,1,,,,,null,,,
15232,falling,1,1010,425,12416,94.71,sam2,2.236,1675.243,25.528
15233,falling,1,,,,,null,,,
15234,falling,1,,,,,null,,,
15235,falling,1,,,,,null,,,
15236,falling,1,1010,426,12615,96.22,sam2,1.0,749.192,11.416
15237,falling,1,,,,,null,,,
15238,falling,1,,,,,null,,,
15239,falling,1,,,,,null,,,
15240,falling,1,1010,427,12796,97.6,sam2,1.0,749.192,11.416
15241,falling,1,,,,,null,,,
15242,falling,1,,,,,null,,,
15243,falling,1,,,,,null,,,
15244,falling,1,1010,426,12429,94.81,sam2,1.0,749.192,11.416
15245,falling,1,,,,,null,,,
15246,falling,1,,,,,null,,,
15247,falling,1,,,,,null,,,
15248,falling,1,1010,426,12537,95.63,sam2,0.0,0.0,0.0
15249,falling,1,,,,,null,,,
15250,falling,1,,,,,null,,,
15251,falling,1,,,,,null,,,
15252,falling,1,1010,426,12638,96.4,sam2,0.0,0.0,0.0
15253,falling,1,,,,,null,,,
15254,falling,1,,,,,null,,,
15255,falling,1,,,,,null,,,
15256,falling,1,1010,427,12748,97.24,sam2,1.0,749.192,11.416
15257,falling,1,,,,,null,,,
15258,falling,1,,,,,null,,,
15259,falling,1,,,,,null,,,
15260,falling,1,1010,426,12610,96.19,sam2,1.0,749.192,11.416
15261,falling,1,,,,,null,,,
15262,falling,1,,,,,null,,,
15263,falling,1,,,,,null,,,
15264,falling,1,1010,426,12520,95.5,sam2,0.0,0.0,0.0
15265,falling,1,,,,,null,,,
15266,falling,1,,,,,null,,,
15267,falling,1,,,,,null,,,
15268,falling,1,1010,426,12404,94.61,sam2,0.0,0.0,0.0
15269,falling,1,,,,,null,,,
15270,falling,1,,,,,null,,,
15271,falling,1,,,,,null,,,
15272,falling,1,1010,426,12579,95.95,sam2,0.0,0.0,0.0
15273,falling,1,,,,,null,,,
15274,falling,1,,,,,null,,,
15275,falling,1,,,,,null,,,
15276,falling,1,1010,426,12425,94.77,sam2,0.0,0.0,0.0
15277,falling,1,,,,,null,,,
15278,falling,1,,,,,null,,,
15279,falling,1,,,,,null,,,
15280,falling,1,1010,426,12404,94.61,sam2,0.0,0.0,0.0
15281,falling,1,,,,,null,,,
15282,falling,1,,,,,null,,,
15283,falling,1,,,,,null,,,
15284,falling,1,1010,426,12454,95.0,sam2,0.0,0.0,0.0
15285,falling,1,,,,,null,,,
15286,falling,1,,,,,null,,,
15287,falling,1,,,,,null,,,
15288,falling,1,1010,425,12233,93.31,sam2,1.0,749.192,11.416
15289,falling,1,,,,,null,,,
15290,falling,1,,,,,null,,,
15291,falling,1,,,,,null,,,
15292,falling,1,1010,425,12209,93.13,sam2,0.0,0.0,0.0
15293,falling,1,,,,,null,,,
15294,falling,1,,,,,null,,,
15295,falling,1,,,,,null,,,
15296,falling,1,1010,427,12609,96.18,sam2,2.0,1498.383,22.833
15297,falling,1,,,,,null,,,
15298,falling,1,,,,,null,,,
15299,falling,1,,,,,null,,,
15300,falling,1,1010,426,12468,95.1,sam2,1.0,749.192,11.416
15301,falling,1,,,,,null,,,
15302,falling,1,,,,,null,,,
15303,falling,1,,,,,null,,,
15304,falling,1,1010,427,12717,97.0,sam2,1.0,749.192,11.416
15305,falling,1,,,,,null,,,
15306,falling,1,,,,,null,,,
15307,falling,1,,,,,null,,,
15308,falling,1,1010,425,12314,93.93,sam2,2.0,1498.383,22.833
15309,falling,1,,,,,null,,,
15310,falling,1,,,,,null,,,
15311,falling,1,,,,,null,,,
15312,falling,1,1010,426,12532,95.59,sam2,1.0,749.192,11.416
15313,falling,1,,,,,null,,,
15314,falling,1,,,,,null,,,
15315,falling,1,,,,,null,,,
15316,falling,1,1011,426,12509,95.42,sam2,1.0,749.192,11.416
15317,falling,1,,,,,null,,,
15318,falling,1,,,,,null,,,
15319,falling,1,,,,,null,,,
15320,falling,1,1010,426,12397,94.56,sam2,1.0,749.192,11.416
15321,falling,1,,,,,null,,,
15322,falling,1,,,,,null,,,
15323,falling,1,,,,,null,,,
15324,falling,1,1010,425,12184,92.94,sam2,1.0,749.192,11.416
15325,falling,1,,,,,null,,,
15326,falling,1,,,,,null,,,
15327,falling,1,,,,,null,,,
15328,falling,1,1010,426,12433,94.84,sam2,1.0,749.192,11.416
15329,falling,1,,,,,null,,,
15330,falling,1,,,,,null,,,
15331,falling,1,,,,,null,,,
15332,falling,1,1010,426,12494,95.3,sam2,0.0,0.0,0.0
15333,falling,1,,,,,null,,,
15334,falling,1,,,,,null,,,
15335,falling,1,,,,,null,,,
15336,falling,1,1010,426,12475,95.16,sam2,0.0,0.0,0.0
15337,falling,1,,,,,null,,,
15338,falling,1,,,,,null,,,
15339,falling,1,,,,,null,,,
15340,falling,1,1010,427,12701,96.88,sam2,1.0,749.192,11.416
15341,falling,1,,,,,null,,,
15342,falling,1,,,,,null,,,
15343,falling,1,,,,,null,,,
15344,falling,1,1010,425,12158,92.74,sam2,2.0,1498.383,22.833
15345,falling,1,,,,,null,,,
15346,falling,1,,,,,null,,,
15347,falling,1,,,,,null,,,
15348,falling,1,1010,427,12600,96.11,sam2,2.0,1498.383,22.833
15349,falling,1,,,,,null,,,
15350,falling,1,,,,,null,,,
15351,falling,1,,,,,null,,,
15352,falling,1,1011,426,12421,94.74,sam2,1.414,1059.517,16.145
15353,falling,1,,,,,null,,,
15354,falling,1,,,,,null,,,
15355,falling,1,,,,,null,,,
15356,falling,1,1010,425,12148,92.66,sam2,1.414,1059.517,16.145
15357,falling,1,,,,,null,,,
15358,falling,1,,,,,null,,,
15359,falling,1,,,,,null,,,
15360,falling,1,1010,425,12249,93.43,sam2,0.0,0.0,0.0
15361,falling,1,,,,,null,,,
15362,falling,1,,,,,null,,,
15363,falling,1,,,,,null,,,
15364,falling,1,1010,426,12513,95.45,sam2,1.0,749.192,11.416
15365,falling,1,,,,,null,,,
15366,falling,1,,,,,null,,,
15367,falling,1,,,,,null,,,
15368,falling,1,1010,427,12697,96.85,sam2,1.0,749.192,11.416
15369,falling,1,,,,,null,,,
15370,falling,1,,,,,null,,,
15371,falling,1,,,,,null,,,
15372,falling,1,1010,426,12376,94.4,sam2,1.0,749.192,11.416
15373,falling,1,,,,,null,,,
15374,falling,1,,,,,null,,,
15375,falling,1,,,,,null,,,
15376,falling,1,1010,427,12601,96.12,sam2,1.0,749.192,11.416
15377,falling,1,,,,,null,,,
15378,falling,1,,,,,null,,,
15379,falling,1,,,,,null,,,
15380,falling,1,1010,425,12192,93.0,sam2,2.0,1498.383,22.833
15381,falling,1,,,,,null,,,
15382,falling,1,,,,,null,,,
15383,falling,1,,,,,null,,,
15384,falling,1,1010,426,12523,95.52,sam2,1.0,749.192,11.416
15385,falling,1,,,,,null,,,
15386,falling,1,,,,,null,,,
15387,falling,1,,,,,null,,,
15388,falling,1,1010,426,12420,94.74,sam2,0.0,0.0,0.0
15389,falling,1,,,,,null,,,
15390,falling,1,,,,,null,,,
15391,falling,1,,,,,null,,,
15392,falling,1,1010,427,12653,96.51,sam2,1.0,749.192,11.416
15393,falling,1,,,,,null,,,
15394,falling,1,,,,,null,,,
15395,falling,1,,,,,null,,,
15396,falling,1,1010,426,12425,94.77,sam2,1.0,749.192,11.416
15397,falling,1,,,,,null,,,
15398,falling,1,,,,,null,,,
15399,falling,1,,,,,null,,,
15400,falling,1,1010,426,12425,94.77,sam2,0.0,0.0,0.0
15401,falling,1,,,,,null,,,
15402,falling,1,,,,,null,,,
15403,falling,1,,,,,null,,,
15404,falling,1,1010,425,12111,92.38,sam2,1.0,749.192,11.416
15405,falling,1,,,,,null,,,
15406,falling,1,,,,,null,,,
15407,falling,1,,,,,null,,,
15408,falling,1,1010,426,12535,95.61,sam2,1.0,749.192,11.416
15409,falling,1,,,,,null,,,
15410,falling,1,,,,,null,,,
15411,falling,1,,,,,null,,,
15412,falling,1,1010,426,12385,94.47,sam2,0.0,0.0,0.0
15413,falling,1,,,,,null,,,
15414,falling,1,,,,,null,,,
15415,falling,1,,,,,null,,,
15416,falling,1,1010,417,10268,78.32,sam2,9.0,6742.725,102.746
15417,falling,1,,,,,null,,,
15418,falling,1,,,,,null,,,
15419,falling,1,,,,,null,,,
15420,falling,1,1010,426,12463,95.06,sam2,9.0,6742.725,102.746
15421,falling,1,,,,,null,,,
15422,falling,1,,,,,null,,,
15423,falling,1,,,,,null,,,
15424,falling,1,1010,427,12728,97.09,sam2,1.0,749.192,11.416
15425,falling,1,,,,,null,,,
15426,falling,1,,,,,null,,,
15427,falling,1,,,,,null,,,
15428,falling,1,1010,425,12134,92.56,sam2,2.0,1498.383,22.833
15429,falling,1,,,,,null,,,
15430,falling,1,,,,,null,,,
15431,falling,1,,,,,null,,,
15432,falling,1,1010,426,12441,94.9,sam2,1.0,749.192,11.416
15433,falling,1,,,,,null,,,
15434,falling,1,,,,,null,,,
15435,falling,1,,,,,null,,,
15436,falling,1,1010,427,12583,95.98,sam2,1.0,749.192,11.416
15437,falling,1,,,,,null,,,
15438,falling,1,,,,,null,,,
15439,falling,1,,,,,null,,,
15440,falling,1,1010,424,11925,90.96,sam2,3.0,2247.575,34.249
15441,falling,1,,,,,null,,,
15442,falling,1,,,,,null,,,
15443,falling,1,,,,,null,,,
15444,falling,1,1010,426,12534,95.61,sam2,2.0,1498.383,22.833
15445,falling,1,,,,,null,,,
15446,falling,1,,,,,null,,,
15447,falling,1,,,,,null,,,
15448,falling,1,1010,426,12501,95.35,sam2,0.0,0.0,0.0
15449,falling,1,,,,,null,,,
15450,falling,1,,,,,null,,,
15451,falling,1,,,,,null,,,
15452,falling,1,1010,426,12566,95.85,sam2,0.0,0.0,0.0
15453,falling,1,,,,,null,,,
15454,falling,1,,,,,null,,,
15455,falling,1,,,,,null,,,
15456,falling,1,1010,426,12462,95.06,sam2,0.0,0.0,0.0
15457,falling,1,,,,,null,,,
15458,falling,1,,,,,null,,,
15459,falling,1,,,,,null,,,
15460,falling,1,1010,427,12650,96.49,sam2,1.0,749.192,11.416
15461,falling,1,,,,,null,,,
15462,falling,1,,,,,null,,,
15463,falling,1,,,,,null,,,
15464,falling,1,1010,427,12561,95.81,sam2,0.0,0.0,0.0
15465,falling,1,,,,,null,,,
15466,falling,1,,,,,null,,,
15467,falling,1,,,,,null,,,
15468,falling,1,1010,426,12463,95.06,sam2,1.0,749.192,11.416
15469,falling,1,,,,,null,,,
15470,falling,1,,,,,null,,,
15471,falling,1,,,,,null,,,
15472,falling,1,1010,426,12545,95.69,sam2,0.0,0.0,0.0
15473,falling,1,,,,,null,,,
15474,falling,1,,,,,null,,,
15475,falling,1,,,,,null,,,
15476,falling,1,1010,425,12274,93.62,sam2,1.0,749.192,11.416
15477,falling,1,,,,,null,,,
15478,falling,1,,,,,null,,,
15479,falling,1,,,,,null,,,
15480,falling,1,1010,426,12496,95.32,sam2,1.0,749.192,11.416
15481,falling,1,,,,,null,,,
15482,falling,1,,,,,null,,,
15483,falling,1,,,,,null,,,
15484,falling,1,1010,426,12376,94.4,sam2,0.0,0.0,0.0
15485,falling,1,,,,,null,,,
15486,falling,1,,,,,null,,,
15487,falling,1,,,,,null,,,
15488,falling,1,1010,426,12379,94.42,sam2,0.0,0.0,0.0
15489,falling,1,,,,,null,,,
15490,falling,1,,,,,null,,,
15491,falling,1,,,,,null,,,
15492,falling,1,1010,426,12395,94.55,sam2,0.0,0.0,0.0
15493,falling,1,,,,,null,,,
15494,falling,1,,,,,null,,,
15495,falling,1,,,,,null,,,
15496,falling,1,1010,428,12822,97.8,sam2,2.0,1498.383,22.833
15497,falling,1,,,,,null,,,
15498,falling,1,,,,,null,,,
15499,falling,1,,,,,null,,,
15500,falling,1,1009,428,12820,97.79,sam2,1.0,749.192,11.416
15501,falling,1,,,,,null,,,
15502,falling,1,,,,,null,,,
15503,falling,1,,,,,null,,,
15504,falling,1,1010,427,12554,95.76,sam2,1.414,1059.517,16.145
15505,falling,1,,,,,null,,,
15506,falling,1,,,,,null,,,
15507,falling,1,,,,,null,,,
15508,falling,1,1010,427,12629,96.33,sam2,0.0,0.0,0.0
15509,falling,1,,,,,null,,,
15510,falling,1,,,,,null,,,
15511,falling,1,,,,,null,,,
15512,falling,1,1010,426,12519,95.49,sam2,1.0,749.192,11.416
15513,falling,1,,,,,null,,,
15514,falling,1,,,,,null,,,
15515,falling,1,,,,,null,,,
15516,falling,1,1010,425,12273,93.62,sam2,1.0,749.192,11.416
15517,falling,1,,,,,null,,,
15518,falling,1,,,,,null,,,
15519,falling,1,,,,,null,,,
15520,falling,1,1010,427,12601,96.12,sam2,2.0,1498.383,22.833
15521,falling,1,,,,,null,,,
15522,falling,1,,,,,null,,,
15523,falling,1,,,,,null,,,
15524,falling,1,1010,426,12505,95.39,sam2,1.0,749.192,11.416
15525,falling,1,,,,,null,,,
15526,falling,1,,,,,null,,,
15527,falling,1,,,,,null,,,
15528,falling,1,1010,426,12367,94.33,sam2,0.0,0.0,0.0
15529,falling,1,,,,,null,,,
15530,falling,1,,,,,null,,,
15531,falling,1,,,,,null,,,
15532,falling,1,1010,426,12436,94.86,sam2,0.0,0.0,0.0
15533,falling,1,,,,,null,,,
15534,falling,1,,,,,null,,,
15535,falling,1,,,,,null,,,
15536,falling,1,1010,426,12446,94.94,sam2,0.0,0.0,0.0
15537,falling,1,,,,,null,,,
15538,falling,1,,,,,null,,,
15539,falling,1,,,,,null,,,
15540,falling,1,1010,426,12366,94.32,sam2,0.0,0.0,0.0
15541,falling,1,,,,,null,,,
15542,falling,1,,,,,null,,,
15543,falling,1,,,,,null,,,
15544,falling,1,1010,426,12413,94.68,sam2,0.0,0.0,0.0
15545,falling,1,,,,,null,,,
15546,falling,1,,,,,null,,,
15547,falling,1,,,,,null,,,
15548,falling,1,1010,425,12223,93.23,sam2,1.0,749.192,11.416
15549,falling,1,,,,,null,,,
15550,falling,1,,,,,null,,,
15551,falling,1,,,,,null,,,
15552,falling,1,1010,427,12639,96.41,sam2,2.0,1498.383,22.833
15553,falling,1,,,,,null,,,
15554,falling,1,,,,,null,,,
15555,falling,1,,,,,null,,,
15556,falling,1,1010,426,12449,94.96,sam2,1.0,749.192,11.416
15557,falling,1,,,,,null,,,
15558,falling,1,,,,,null,,,
15559,falling,1,,,,,null,,,
15560,falling,1,1010,426,12318,93.96,sam2,0.0,0.0,0.0
15561,falling,1,,,,,null,,,
15562,falling,1,,,,,null,,,
15563,falling,1,,,,,null,,,
15564,falling,1,1010,426,12448,94.95,sam2,0.0,0.0,0.0
15565,falling,1,,,,,null,,,
15566,falling,1,,,,,null,,,
15567,falling,1,,,,,null,,,
15568,falling,1,1010,427,12550,95.73,sam2,1.0,749.192,11.416
15569,falling,1,,,,,null,,,
15570,falling,1,,,,,null,,,
15571,falling,1,,,,,null,,,
15572,falling,1,1010,426,12506,95.39,sam2,1.0,749.192,11.416
15573,falling,1,,,,,null,,,
15574,falling,1,,,,,null,,,
15575,falling,1,,,,,null,,,
15576,falling,1,1010,427,12631,96.35,sam2,1.0,749.192,11.416
15577,falling,1,,,,,null,,,
15578,falling,1,,,,,null,,,
15579,falling,1,,,,,null,,,
15580,falling,1,1010,426,12474,95.15,sam2,1.0,749.192,11.416
15581,falling,1,,,,,null,,,
15582,falling,1,,,,,null,,,
15583,falling,1,,,,,null,,,
15584,falling,1,1010,427,12591,96.04,sam2,1.0,749.192,11.416
15585,falling,1,,,,,null,,,
15586,falling,1,,,,,null,,,
15587,falling,1,,,,,null,,,
15588,falling,1,1010,426,12275,93.63,sam2,1.0,749.192,11.416
15589,falling,1,,,,,null,,,
15590,falling,1,,,,,null,,,
15591,falling,1,,,,,null,,,
15592,falling,1,1010,426,12463,95.06,sam2,0.0,0.0,0.0
15593,falling,1,,,,,null,,,
15594,falling,1,,,,,null,,,
15595,falling,1,,,,,null,,,
15596,falling,1,1010,426,12484,95.23,sam2,0.0,0.0,0.0
15597,falling,1,,,,,null,,,
15598,falling,1,,,,,null,,,
15599,falling,1,,,,,null,,,
15600,falling,1,1010,427,12731,97.11,sam2,1.0,749.192,11.416
15601,falling,1,,,,,null,,,
15602,falling,1,,,,,null,,,
15603,falling,1,,,,,null,,,
15604,falling,1,1010,425,12272,93.61,sam2,2.0,1498.383,22.833
15605,falling,1,,,,,null,,,
15606,falling,1,,,,,null,,,
15607,falling,1,,,,,null,,,
15608,falling,1,1009,427,12769,97.4,sam2,2.236,1675.243,25.528
15609,falling,1,,,,,null,,,
15610,falling,1,,,,,null,,,
15611,falling,1,,,,,null,,,
15612,falling,1,1010,426,12470,95.12,sam2,1.414,1059.517,16.145
15613,falling,1,,,,,null,,,
15614,falling,1,,,,,null,,,
15615,falling,1,,,,,null,,,
15616,falling,1,1010,427,12534,95.61,sam2,1.0,749.192,11.416
15617,falling,1,,,,,null,,,
15618,falling,1,,,,,null,,,
15619,falling,1,,,,,null,,,
15620,falling,1,1010,426,12309,93.89,sam2,1.0,749.192,11.416
15621,falling,1,,,,,null,,,
15622,falling,1,,,,,null,,,
15623,falling,1,,,,,null,,,
15624,falling,1,1010,427,12776,97.45,sam2,1.0,749.192,11.416
15625,falling,1,,,,,null,,,
15626,falling,1,,,,,null,,,
15627,falling,1,,,,,null,,,
15628,falling,1,1010,426,12394,94.54,sam2,1.0,749.192,11.416
15629,falling,1,,,,,null,,,
15630,falling,1,,,,,null,,,
15631,falling,1,,,,,null,,,
15632,falling,1,1009,427,12642,96.43,sam2,1.414,1059.517,16.145
15633,falling,1,,,,,null,,,
15634,falling,1,,,,,null,,,
15635,falling,1,,,,,null,,,
15636,falling,1,1009,428,12807,97.69,sam2,1.0,749.192,11.416
15637,falling,1,,,,,null,,,
15638,falling,1,,,,,null,,,
15639,falling,1,,,,,null,,,
15640,falling,1,1009,427,12605,96.15,sam2,1.0,749.192,11.416
15641,falling,1,,,,,null,,,
15642,falling,1,,,,,null,,,
15643,falling,1,,,,,null,,,
15644,falling,1,1010,427,12698,96.86,sam2,1.0,749.192,11.416
15645,falling,1,,,,,null,,,
15646,falling,1,,,,,null,,,
15647,falling,1,,,,,null,,,
15648,falling,1,1010,426,12510,95.42,sam2,1.0,749.192,11.416
15649,falling,1,,,,,null,,,
15650,falling,1,,,,,null,,,
15651,falling,1,,,,,null,,,
15652,falling,1,1010,427,12526,95.55,sam2,1.0,749.192,11.416
15653,falling,1,,,,,null,,,
15654,falling,1,,,,,null,,,
15655,falling,1,,,,,null,,,
15656,falling,1,1010,426,12362,94.29,sam2,1.0,749.192,11.416
15657,falling,1,,,,,null,,,
15658,falling,1,,,,,null,,,
15659,falling,1,,,,,null,,,
15660,falling,1,1010,425,12103,92.32,sam2,1.0,749.192,11.416
15661,falling,1,,,,,null,,,
15662,falling,1,,,,,null,,,
15663,falling,1,,,,,null,,,
15664,falling,1,1010,426,12444,94.92,sam2,1.0,749.192,11.416
15665,falling,1,,,,,null,,,
15666,falling,1,,,,,null,,,
15667,falling,1,,,,,null,,,
15668,falling,1,1009,427,12627,96.32,sam2,1.414,1059.517,16.145
15669,falling,1,,,,,null,,,
15670,falling,1,,,,,null,,,
15671,falling,1,,,,,null,,,
15672,falling,1,1010,426,12350,94.2,sam2,1.414,1059.517,16.145
15673,falling,1,,,,,null,,,
15674,falling,1,,,,,null,,,
15675,falling,1,,,,,null,,,
15676,falling,1,1010,425,12228,93.27,sam2,1.0,749.192,11.416
15677,falling,1,,,,,null,,,
15678,falling,1,,,,,null,,,
15679,falling,1,,,,,null,,,
15680,falling,1,1010,426,12412,94.68,sam2,1.0,749.192,11.416
15681,falling,1,,,,,null,,,
15682,falling,1,,,,,null,,,
15683,falling,1,,,,,null,,,
15684,falling,1,1010,426,12480,95.19,sam2,0.0,0.0,0.0
15685,falling,1,,,,,null,,,
15686,falling,1,,,,,null,,,
15687,falling,1,,,,,null,,,
15688,falling,1,1010,427,12553,95.75,sam2,1.0,749.192,11.416
15689,falling,1,,,,,null,,,
15690,falling,1,,,,,null,,,
15691,falling,1,,,,,null,,,
15692,falling,1,1010,426,12491,95.28,sam2,1.0,749.192,11.416
15693,falling,1,,,,,null,,,
15694,falling,1,,,,,null,,,
15695,falling,1,,,,,null,,,
15696,falling,1,1010,426,12413,94.68,sam2,0.0,0.0,0.0
15697,falling,1,,,,,null,,,
15698,falling,1,,,,,null,,,
15699,falling,1,,,,,null,,,
15700,falling,1,1010,426,12300,93.82,sam2,0.0,0.0,0.0
15701,falling,1,,,,,null,,,
15702,falling,1,,,,,null,,,
15703,falling,1,,,,,null,,,
15704,falling,1,1009,427,12640,96.41,sam2,1.414,1059.517,16.145
15705,falling,1,,,,,null,,,
15706,falling,1,,,,,null,,,
15707,falling,1,,,,,null,,,
15708,falling,1,1010,425,12251,93.45,sam2,2.236,1675.243,25.528
15709,falling,1,,,,,null,,,
15710,falling,1,,,,,null,,,
15711,falling,1,,,,,null,,,
15712,falling,1,1010,425,12231,93.3,sam2,0.0,0.0,0.0
15713,falling,1,,,,,null,,,
15714,falling,1,,,,,null,,,
15715,falling,1,,,,,null,,,
15716,falling,1,1010,426,12356,94.25,sam2,1.0,749.192,11.416
15717,falling,1,,,,,null,,,
15718,falling,1,,,,,null,,,
15719,falling,1,,,,,null,,,
15720,falling,1,1010,426,12394,94.54,sam2,0.0,0.0,0.0
15721,falling,1,,,,,null,,,
15722,falling,1,,,,,null,,,
15723,falling,1,,,,,null,,,
15724,falling,1,1010,426,12329,94.04,sam2,0.0,0.0,0.0
15725,falling,1,,,,,null,,,
15726,falling,1,,,,,null,,,
15727,falling,1,,,,,null,,,
15728,falling,1,1010,427,12537,95.63,sam2,1.0,749.192,11.416
15729,falling,1,,,,,null,,,
15730,falling,1,,,,,null,,,
15731,falling,1,,,,,null,,,
15732,falling,1,1010,426,12422,94.75,sam2,1.0,749.192,11.416
15733,falling,1,,,,,null,,,
15734,falling,1,,,,,null,,,
15735,falling,1,,,,,null,,,
15736,falling,1,1010,425,12201,93.07,sam2,1.0,749.192,11.416
15737,falling,1,,,,,null,,,
15738,falling,1,,,,,null,,,
15739,falling,1,,,,,null,,,
15740,falling,1,1009,427,12535,95.61,sam2,2.236,1675.243,25.528
15741,falling,1,,,,,null,,,
15742,falling,1,,,,,null,,,
15743,falling,1,,,,,null,,,
15744,falling,1,1010,426,12424,94.77,sam2,1.414,1059.517,16.145
15745,falling,1,,,,,null,,,
15746,falling,1,,,,,null,,,
15747,falling,1,,,,,null,,,
15748,falling,1,1009,427,12705,96.91,sam2,1.414,1059.517,16.145
15749,falling,1,,,,,null,,,
15750,falling,1,,,,,null,,,
15751,falling,1,,,,,null,,,
15752,falling,1,1010,426,12459,95.03,sam2,1.414,1059.517,16.145
15753,falling,1,,,,,null,,,
15754,falling,1,,,,,null,,,
15755,falling,1,,,,,null,,,
15756,falling,1,1010,426,12311,93.91,sam2,0.0,0.0,0.0
15757,falling,1,,,,,null,,,
15758,falling,1,,,,,null,,,
15759,falling,1,,,,,null,,,
15760,falling,1,1010,426,12419,94.73,sam2,0.0,0.0,0.0
15761,falling,1,,,,,null,,,
15762,falling,1,,,,,null,,,
15763,falling,1,,,,,null,,,
15764,falling,1,1010,428,12804,97.67,sam2,2.0,1498.383,22.833
15765,falling,1,,,,,null,,,
15766,falling,1,,,,,null,,,
15767,falling,1,,,,,null,,,
15768,falling,1,1009,428,12742,97.19,sam2,1.0,749.192,11.416
15769,falling,1,,,,,null,,,
15770,falling,1,,,,,null,,,
15771,falling,1,,,,,null,,,
15772,falling,1,1009,426,12311,93.91,sam2,2.0,1498.383,22.833
15773,falling,1,,,,,null,,,
15774,falling,1,,,,,null,,,
15775,falling,1,,,,,null,,,
15776,falling,1,1010,426,12387,94.49,sam2,1.0,749.192,11.416
15777,falling,1,,,,,null,,,
15778,falling,1,,,,,null,,,
15779,falling,1,,,,,null,,,
15780,falling,1,1010,427,12538,95.64,sam2,1.0,749.192,11.416
15781,falling,1,,,,,null,,,
15782,falling,1,,,,,null,,,
15783,falling,1,,,,,null,,,
15784,falling,1,1010,426,12476,95.16,sam2,1.0,749.192,11.416
15785,falling,1,,,,,null,,,
15786,falling,1,,,,,null,,,
15787,falling,1,,,,,null,,,
15788,falling,1,1010,426,12454,95.0,sam2,0.0,0.0,0.0
15789,falling,1,,,,,null,,,
15790,falling,1,,,,,null,,,
15791,falling,1,,,,,null,,,
15792,falling,1,1009,426,12321,93.98,sam2,1.0,749.192,11.416
15793,falling,1,,,,,null,,,
15794,falling,1,,,,,null,,,
15795,falling,1,,,,,null,,,
15796,falling,1,1009,428,12797,97.61,sam2,2.0,1498.383,22.833
15797,falling,1,,,,,null,,,
15798,falling,1,,,,,null,,,
15799,falling,1,,,,,null,,,
15800,falling,1,1010,426,12363,94.3,sam2,2.236,1675.243,25.528
15801,falling,1,,,,,null,,,
15802,falling,1,,,,,null,,,
15803,falling,1,,,,,null,,,
15804,falling,1,1009,427,12483,95.22,sam2,1.414,1059.517,16.145
15805,falling,1,,,,,null,,,
15806,falling,1,,,,,null,,,
15807,falling,1,,,,,null,,,
15808,falling,1,1009,427,12545,95.69,sam2,0.0,0.0,0.0
15809,falling,1,,,,,null,,,
15810,falling,1,,,,,null,,,
15811,falling,1,,,,,null,,,
15812,falling,1,1009,427,12622,96.28,sam2,0.0,0.0,0.0
15813,falling,1,,,,,null,,,
15814,falling,1,,,,,null,,,
15815,falling,1,,,,,null,,,
15816,falling,1,1009,428,12766,97.38,sam2,1.0,749.192,11.416
15817,falling,1,,,,,null,,,
15818,falling,1,,,,,null,,,
15819,falling,1,,,,,null,,,
15820,falling,1,1009,427,12492,95.29,sam2,1.0,749.192,11.416
15821,falling,1,,,,,null,,,
15822,falling,1,,,,,null,,,
15823,falling,1,,,,,null,,,
15824,falling,1,1009,427,12680,96.72,sam2,0.0,0.0,0.0
15825,falling,1,,,,,null,,,
15826,falling,1,,,,,null,,,
15827,falling,1,,,,,null,,,
15828,falling,1,1010,426,12362,94.29,sam2,1.414,1059.517,16.145
15829,falling,1,,,,,null,,,
15830,falling,1,,,,,null,,,
15831,falling,1,,,,,null,,,
15832,falling,1,1010,428,12797,97.61,sam2,2.0,1498.383,22.833
15833,falling,1,,,,,null,,,
15834,falling,1,,,,,null,,,
15835,falling,1,,,,,null,,,
15836,falling,1,1010,427,12641,96.42,sam2,1.0,749.192,11.416
15837,falling,1,,,,,null,,,
15838,falling,1,,,,,null,,,
15839,falling,1,,,,,null,,,
15840,falling,1,1009,426,12460,95.04,sam2,1.414,1059.517,16.145
15841,falling,1,,,,,null,,,
15842,falling,1,,,,,null,,,
15843,falling,1,,,,,null,,,
15844,falling,1,1010,426,12343,94.15,sam2,1.0,749.192,11.416
15845,falling,1,,,,,null,,,
15846,falling,1,,,,,null,,,
15847,falling,1,,,,,null,,,
15848,falling,1,1010,427,12482,95.21,sam2,1.0,749.192,11.416
15849,falling,1,,,,,null,,,
15850,falling,1,,,,,null,,,
15851,falling,1,,,,,null,,,
15852,falling,1,1010,427,12651,96.5,sam2,0.0,0.0,0.0
15853,falling,1,,,,,null,,,
15854,falling,1,,,,,null,,,
15855,falling,1,,,,,null,,,
15856,falling,1,1009,427,12502,95.36,sam2,1.0,749.192,11.416
15857,falling,1,,,,,null,,,
15858,falling,1,,,,,null,,,
15859,falling,1,,,,,null,,,
15860,falling,1,1010,427,12496,95.32,sam2,1.0,749.192,11.416
15861,falling,1,,,,,null,,,
15862,falling,1,,,,,null,,,
15863,falling,1,,,,,null,,,
15864,falling,1,1009,426,12386,94.48,sam2,1.414,1059.517,16.145
15865,falling,1,,,,,null,,,
15866,falling,1,,,,,null,,,
15867,falling,1,,,,,null,,,
15868,falling,1,1010,426,12304,93.85,sam2,1.0,749.192,11.416
15869,falling,1,,,,,null,,,
15870,falling,1,,,,,null,,,
15871,falling,1,,,,,null,,,
15872,falling,1,1010,427,12599,96.1,sam2,1.0,749.192,11.416
15873,falling,1,,,,,null,,,
15874,falling,1,,,,,null,,,
15875,falling,1,,,,,null,,,
15876,falling,1,1010,427,12593,96.06,sam2,0.0,0.0,0.0
15877,falling,1,,,,,null,,,
15878,falling,1,,,,,null,,,
15879,falling,1,,,,,null,,,
15880,falling,1,1010,427,12481,95.2,sam2,0.0,0.0,0.0
15881,falling,1,,,,,null,,,
15882,falling,1,,,,,null,,,
15883,falling,1,,,,,null,,,
15884,falling,1,1010,426,12276,93.64,sam2,1.0,749.192,11.416
15885,falling,1,,,,,null,,,
15886,falling,1,,,,,null,,,
15887,falling,1,,,,,null,,,
15888,falling,1,1010,426,12287,93.72,sam2,0.0,0.0,0.0
15889,falling,1,,,,,null,,,
15890,falling,1,,,,,null,,,
15891,falling,1,,,,,null,,,
15892,falling,1,1009,426,12282,93.68,sam2,1.0,749.192,11.416
15893,falling,1,,,,,null,,,
15894,falling,1,,,,,null,,,
15895,falling,1,,,,,null,,,
15896,falling,1,1010,426,12369,94.35,sam2,1.0,749.192,11.416
15897,falling,1,,,,,null,,,
15898,falling,1,,,,,null,,,
15899,falling,1,,,,,null,,,
15900,falling,1,1010,427,12463,95.06,sam2,1.0,749.192,11.416
15901,falling,1,,,,,null,,,
15902,falling,1,,,,,null,,,
15903,falling,1,,,,,null,,,
15904,falling,1,1010,426,12421,94.74,sam2,1.0,749.192,11.416
15905,falling,1,,,,,null,,,
15906,falling,1,,,,,null,,,
15907,falling,1,,,,,null,,,
15908,falling,1,1010,425,12188,92.97,sam2,1.0,749.192,11.416
15909,falling,1,,,,,null,,,
15910,falling,1,,,,,null,,,
15911,falling,1,,,,,null,,,
15912,falling,1,1010,427,12506,95.39,sam2,2.0,1498.383,22.833
15913,falling,1,,,,,null,,,
15914,falling,1,,,,,null,,,
15915,falling,1,,,,,null,,,
15916,falling,1,1009,427,12663,96.59,sam2,1.0,749.192,11.416
15917,falling,1,,,,,null,,,
15918,falling,1,,,,,null,,,
15919,falling,1,,,,,null,,,
15920,falling,1,1010,427,12564,95.84,sam2,1.0,749.192,11.416
15921,falling,1,,,,,null,,,
15922,falling,1,,,,,null,,,
15923,falling,1,,,,,null,,,
15924,falling,1,1010,426,12416,94.71,sam2,1.0,749.192,11.416
15925,falling,1,,,,,null,,,
15926,falling,1,,,,,null,,,
15927,falling,1,,,,,null,,,
15928,falling,1,1010,426,12372,94.37,sam2,0.0,0.0,0.0
15929,falling,1,,,,,null,,,
15930,falling,1,,,,,null,,,
15931,falling,1,,,,,null,,,
15932,falling,1,1010,427,12680,96.72,sam2,1.0,749.192,11.416
15933,falling,1,,,,,null,,,
15934,falling,1,,,,,null,,,
15935,falling,1,,,,,null,,,
15936,falling,1,1009,427,12542,95.67,sam2,1.0,749.192,11.416
15937,falling,1,,,,,null,,,
15938,falling,1,,,,,null,,,
15939,falling,1,,,,,null,,,
15940,falling,1,1010,427,12579,95.95,sam2,1.0,749.192,11.416
15941,falling,1,,,,,null,,,
15942,falling,1,,,,,null,,,
15943,falling,1,,,,,null,,,
15944,falling,1,1010,426,12295,93.78,sam2,1.0,749.192,11.416
15945,falling,1,,,,,null,,,
15946,falling,1,,,,,null,,,
15947,falling,1,,,,,null,,,
15948,falling,1,1010,426,12287,93.72,sam2,0.0,0.0,0.0
15949,falling,1,,,,,null,,,
15950,falling,1,,,,,null,,,
15951,falling,1,,,,,null,,,
15952,falling,1,1010,426,12276,93.64,sam2,0.0,0.0,0.0
15953,falling,1,,,,,null,,,
15954,falling,1,,,,,null,,,
15955,falling,1,,,,,null,,,
15956,falling,1,1010,426,12317,93.95,sam2,0.0,0.0,0.0
15957,falling,1,,,,,null,,,
15958,falling,1,,,,,null,,,
15959,falling,1,,,,,null,,,
15960,falling,1,1010,426,12411,94.67,sam2,0.0,0.0,0.0
15961,falling,1,,,,,null,,,
15962,falling,1,,,,,null,,,
15963,falling,1,,,,,null,,,
15964,falling,1,1010,426,12248,93.42,sam2,0.0,0.0,0.0
15965,falling,1,,,,,null,,,
15966,falling,1,,,,,null,,,
15967,falling,1,,,,,null,,,
15968,falling,1,1010,426,12330,94.05,sam2,0.0,0.0,0.0
15969,falling,1,,,,,null,,,
15970,falling,1,,,,,null,,,
15971,falling,1,,,,,null,,,
15972,falling,1,1009,427,12622,96.28,sam2,1.414,1059.517,16.145
15973,falling,1,,,,,null,,,
15974,falling,1,,,,,null,,,
15975,falling,1,,,,,null,,,
15976,falling,1,1010,424,11870,90.54,sam2,3.162,2369.152,36.101
15977,falling,1,,,,,null,,,
15978,falling,1,,,,,null,,,
15979,falling,1,,,,,null,,,
15980,falling,1,1010,426,12434,94.84,sam2,2.0,1498.383,22.833
15981,falling,1,,,,,null,,,
15982,falling,1,,,,,null,,,
15983,falling,1,,,,,null,,,
15984,falling,1,1010,427,12560,95.8,sam2,1.0,749.192,11.416
15985,falling,1,,,,,null,,,
15986,falling,1,,,,,null,,,
15987,falling,1,,,,,null,,,
15988,falling,1,1010,427,12537,95.63,sam2,0.0,0.0,0.0
15989,falling,1,,,,,null,,,
15990,falling,1,,,,,null,,,
15991,falling,1,,,,,null,,,
15992,falling,1,1010,426,12342,94.14,sam2,1.0,749.192,11.416
15993,falling,1,,,,,null,,,
15994,falling,1,,,,,null,,,
15995,falling,1,,,,,null,,,
15996,falling,1,1010,426,12268,93.58,sam2,0.0,0.0,0.0
15997,falling,1,,,,,null,,,
15998,falling,1,,,,,null,,,
15999,falling,1,,,,,null,,,
16000,falling,1,1010,427,12470,95.12,sam2,1.0,749.192,11.416
16001,falling,1,,,,,null,,,
16002,falling,1,,,,,null,,,
16003,falling,1,,,,,null,,,
16004,falling,1,1010,426,12406,94.63,sam2,1.0,749.192,11.416
16005,falling,1,,,,,null,,,
16006,falling,1,,,,,null,,,
16007,falling,1,,,,,null,,,
16008,falling,1,1010,425,12170,92.83,sam2,1.0,749.192,11.416
16009,falling,1,,,,,null,,,
16010,falling,1,,,,,null,,,
16011,falling,1,,,,,null,,,
16012,falling,1,1010,426,12406,94.63,sam2,1.0,749.192,11.416
16013,falling,1,,,,,null,,,
16014,falling,1,,,,,null,,,
16015,falling,1,,,,,null,,,
16016,falling,1,1010,426,12221,93.22,sam2,0.0,0.0,0.0
16017,falling,1,,,,,null,,,
16018,falling,1,,,,,null,,,
16019,falling,1,,,,,null,,,
16020,falling,1,1010,426,12232,93.3,sam2,0.0,0.0,0.0
16021,falling,1,,,,,null,,,
16022,falling,1,,,,,null,,,
16023,falling,1,,,,,null,,,
16024,falling,1,1010,426,12369,94.35,sam2,0.0,0.0,0.0
16025,falling,1,,,,,null,,,
16026,falling,1,,,,,null,,,
16027,falling,1,,,,,null,,,
16028,falling,1,1010,427,12443,94.91,sam2,1.0,749.192,11.416
16029,falling,1,,,,,null,,,
16030,falling,1,,,,,null,,,
16031,falling,1,,,,,null,,,
16032,falling,1,1010,427,12461,95.05,sam2,0.0,0.0,0.0
16033,falling,1,,,,,null,,,
16034,falling,1,,,,,null,,,
16035,falling,1,,,,,null,,,
16036,falling,1,1010,426,12325,94.01,sam2,1.0,749.192,11.416
16037,falling,1,,,,,null,,,
16038,falling,1,,,,,null,,,
16039,falling,1,,,,,null,,,
16040,falling,1,1010,427,12654,96.52,sam2,1.0,749.192,11.416
16041,falling,1,,,,,null,,,
16042,falling,1,,,,,null,,,
16043,falling,1,,,,,null,,,
16044,falling,1,1009,427,12658,96.55,sam2,1.0,749.192,11.416
16045,falling,1,,,,,null,,,
16046,falling,1,,,,,null,,,
16047,falling,1,,,,,null,,,
16048,falling,1,1010,426,12175,92.87,sam2,1.414,1059.517,16.145
16049,falling,1,,,,,null,,,
16050,falling,1,,,,,null,,,
16051,falling,1,,,,,null,,,
16052,falling,1,1010,426,12363,94.3,sam2,0.0,0.0,0.0
16053,falling,1,,,,,null,,,
16054,falling,1,,,,,null,,,
16055,falling,1,,,,,null,,,
16056,falling,1,1010,426,12389,94.5,sam2,0.0,0.0,0.0
16057,falling,1,,,,,null,,,
16058,falling,1,,,,,null,,,
16059,falling,1,,,,,null,,,
16060,falling,1,1010,427,12568,95.87,sam2,1.0,749.192,11.416
16061,falling,1,,,,,null,,,
16062,falling,1,,,,,null,,,
16063,falling,1,,,,,null,,,
16064,falling,1,1010,426,12313,93.92,sam2,1.0,749.192,11.416
16065,falling,1,,,,,null,,,
16066,falling,1,,,,,null,,,
16067,falling,1,,,,,null,,,
16068,falling,1,1010,427,12486,95.24,sam2,1.0,749.192,11.416
16069,falling,1,,,,,null,,,
16070,falling,1,,,,,null,,,
16071,falling,1,,,,,null,,,
16072,falling,1,1010,426,12277,93.65,sam2,1.0,749.192,11.416
16073,falling,1,,,,,null,,,
16074,falling,1,,,,,null,,,
16075,falling,1,,,,,null,,,
16076,falling,1,1010,428,12791,97.57,sam2,2.0,1498.383,22.833
16077,falling,1,,,,,null,,,
16078,falling,1,,,,,null,,,
16079,falling,1,,,,,null,,,
16080,falling,1,1010,425,12097,92.27,sam2,3.0,2247.575,34.249
16081,falling,1,,,,,null,,,
16082,falling,1,,,,,null,,,
16083,falling,1,,,,,null,,,
16084,falling,1,1010,426,12236,93.33,sam2,1.0,749.192,11.416
16085,falling,1,,,,,null,,,
16086,falling,1,,,,,null,,,
16087,falling,1,,,,,null,,,
16088,falling,1,1010,425,12010,91.61,sam2,1.0,749.192,11.416
16089,falling,1,,,,,null,,,
16090,falling,1,,,,,null,,,
16091,falling,1,,,,,null,,,
16092,falling,1,1009,427,12628,96.32,sam2,2.236,1675.243,25.528
16093,falling,1,,,,,null,,,
16094,falling,1,,,,,null,,,
16095,falling,1,,,,,null,,,
16096,falling,1,1010,426,12355,94.24,sam2,1.414,1059.517,16.145
16097,falling,1,,,,,null,,,
16098,falling,1,,,,,null,,,
16099,falling,1,,,,,null,,,
16100,falling,1,1010,427,12514,95.45,sam2,1.0,749.192,11.416
16101,falling,1,,,,,null,,,
16102,falling,1,,,,,null,,,
16103,falling,1,,,,,null,,,
16104,falling,1,1009,428,12799,97.63,sam2,1.414,1059.517,16.145
16105,falling,1,,,,,null,,,
16106,falling,1,,,,,null,,,
16107,falling,1,,,,,null,,,
16108,falling,1,1010,426,12206,93.1,sam2,2.236,1675.243,25.528
16109,falling,1,,,,,null,,,
16110,falling,1,,,,,null,,,
16111,falling,1,,,,,null,,,
16112,falling,1,1010,426,12298,93.81,sam2,0.0,0.0,0.0
16113,falling,1,,,,,null,,,
16114,falling,1,,,,,null,,,
16115,falling,1,,,,,null,,,
16116,falling,1,1010,426,12231,93.3,sam2,0.0,0.0,0.0
16117,falling,1,,,,,null,,,
16118,falling,1,,,,,null,,,
16119,falling,1,,,,,null,,,
16120,falling,1,1010,426,12356,94.25,sam2,0.0,0.0,0.0
16121,falling,1,,,,,null,,,
16122,falling,1,,,,,null,,,
16123,falling,1,,,,,null,,,
16124,falling,1,1010,427,12567,95.86,sam2,1.0,749.192,11.416
16125,falling,1,,,,,null,,,
16126,falling,1,,,,,null,,,
16127,falling,1,,,,,null,,,
16128,falling,1,1010,427,12630,96.34,sam2,0.0,0.0,0.0
16129,falling,1,,,,,null,,,
16130,falling,1,,,,,null,,,
16131,falling,1,,,,,null,,,
16132,falling,1,1010,426,12287,93.72,sam2,1.0,749.192,11.416
16133,falling,1,,,,,null,,,
16134,falling,1,,,,,null,,,
16135,falling,1,,,,,null,,,
16136,falling,1,1010,426,12190,92.98,sam2,0.0,0.0,0.0
16137,falling,1,,,,,null,,,
16138,falling,1,,,,,null,,,
16139,falling,1,,,,,null,,,
16140,falling,1,1010,426,12378,94.42,sam2,0.0,0.0,0.0
16141,falling,1,,,,,null,,,
16142,falling,1,,,,,null,,,
16143,falling,1,,,,,null,,,
16144,falling,1,1010,426,12293,93.77,sam2,0.0,0.0,0.0
16145,falling,1,,,,,null,,,
16146,falling,1,,,,,null,,,
16147,falling,1,,,,,null,,,
16148,falling,1,1010,427,12495,95.31,sam2,1.0,749.192,11.416
16149,falling,1,,,,,null,,,
16150,falling,1,,,,,null,,,
16151,falling,1,,,,,null,,,
16152,falling,1,1009,427,12458,95.03,sam2,1.0,749.192,11.416
16153,falling,1,,,,,null,,,
16154,falling,1,,,,,null,,,
16155,falling,1,,,,,null,,,
16156,falling,1,1010,425,12085,92.18,sam2,2.236,1675.243,25.528
16157,falling,1,,,,,null,,,
16158,falling,1,,,,,null,,,
16159,falling,1,,,,,null,,,
16160,falling,1,1010,426,12435,94.85,sam2,1.0,749.192,11.416
16161,falling,1,,,,,null,,,
16162,falling,1,,,,,null,,,
16163,falling,1,,,,,null,,,
16164,falling,1,1010,426,12354,94.23,sam2,0.0,0.0,0.0
16165,falling,1,,,,,null,,,
16166,falling,1,,,,,null,,,
16167,falling,1,,,,,null,,,
16168,falling,1,1010,425,12185,92.94,sam2,1.0,749.192,11.416
16169,falling,1,,,,,null,,,
16170,falling,1,,,,,null,,,
16171,falling,1,,,,,null,,,
16172,falling,1,1010,426,12389,94.5,sam2,1.0,749.192,11.416
16173,falling,1,,,,,null,,,
16174,falling,1,,,,,null,,,
16175,falling,1,,,,,null,,,
16176,falling,1,1010,426,12288,93.73,sam2,0.0,0.0,0.0
16177,falling,1,,,,,null,,,
16178,falling,1,,,,,null,,,
16179,falling,1,,,,,null,,,
16180,falling,1,1010,427,12494,95.3,sam2,1.0,749.192,11.416
16181,falling,1,,,,,null,,,
16182,falling,1,,,,,null,,,
16183,falling,1,,,,,null,,,
16184,falling,1,1010,425,12188,92.97,sam2,2.0,1498.383,22.833
16185,falling,1,,,,,null,,,
16186,falling,1,,,,,null,,,
16187,falling,1,,,,,null,,,
16188,falling,1,1010,424,11850,90.39,sam2,1.0,749.192,11.416
16189,falling,1,,,,,null,,,
16190,falling,1,,,,,null,,,
16191,falling,1,,,,,null,,,
16192,falling,1,1010,426,12462,95.06,sam2,2.0,1498.383,22.833
16193,falling,1,,,,,null,,,
16194,falling,1,,,,,null,,,
16195,falling,1,,,,,null,,,
16196,falling,1,1010,426,12398,94.57,sam2,0.0,0.0,0.0
16197,falling,1,,,,,null,,,
16198,falling,1,,,,,null,,,
16199,falling,1,,,,,null,,,
16200,falling,1,1010,426,12427,94.79,sam2,0.0,0.0,0.0
16201,falling,1,,,,,null,,,
16202,falling,1,,,,,null,,,
16203,falling,1,,,,,null,,,
16204,falling,1,1010,425,12246,93.41,sam2,1.0,749.192,11.416
16205,falling,1,,,,,null,,,
16206,falling,1,,,,,null,,,
16207,falling,1,,,,,null,,,
16208,falling,1,1010,426,12400,94.58,sam2,1.0,749.192,11.416
16209,falling,1,,,,,null,,,
16210,falling,1,,,,,null,,,
16211,falling,1,,,,,null,,,
16212,falling,1,1009,426,12462,95.06,sam2,1.0,749.192,11.416
16213,falling,1,,,,,null,,,
16214,falling,1,,,,,null,,,
16215,falling,1,,,,,null,,,
16216,falling,1,1010,425,12263,93.54,sam2,1.414,1059.517,16.145
16217,falling,1,,,,,null,,,
16218,falling,1,,,,,null,,,
16219,falling,1,,,,,null,,,
16220,falling,1,1009,426,12406,94.63,sam2,1.414,1059.517,16.145
16221,falling,1,,,,,null,,,
16222,falling,1,,,,,null,,,
16223,falling,1,,,,,null,,,
16224,falling,1,1010,427,12638,96.4,sam2,1.414,1059.517,16.145
16225,falling,1,,,,,null,,,
16226,falling,1,,,,,null,,,
16227,falling,1,,,,,null,,,
16228,falling,1,1009,426,12487,95.25,sam2,1.414,1059.517,16.145
16229,falling,1,,,,,null,,,
16230,falling,1,,,,,null,,,
16231,falling,1,,,,,null,,,
16232,falling,1,1010,425,12287,93.72,sam2,1.414,1059.517,16.145
16233,falling,1,,,,,null,,,
16234,falling,1,,,,,null,,,
16235,falling,1,,,,,null,,,
16236,falling,1,1010,425,12227,93.26,sam2,0.0,0.0,0.0
16237,falling,1,,,,,null,,,
16238,falling,1,,,,,null,,,
16239,falling,1,,,,,null,,,
16240,falling,1,1009,427,12660,96.57,sam2,2.236,1675.243,25.528
16241,falling,1,,,,,null,,,
16242,falling,1,,,,,null,,,
16243,falling,1,,,,,null,,,
16244,falling,1,1009,425,12328,94.04,sam2,2.0,1498.383,22.833
16245,falling,1,,,,,null,,,
16246,falling,1,,,,,null,,,
16247,falling,1,,,,,null,,,
16248,falling,1,1009,425,12208,93.12,sam2,0.0,0.0,0.0
16249,falling,1,,,,,null,,,
16250,falling,1,,,,,null,,,
16251,falling,1,,,,,null,,,
16252,falling,1,1009,426,12513,95.45,sam2,1.0,749.192,11.416
16253,falling,1,,,,,null,,,
16254,falling,1,,,,,null,,,
16255,falling,1,,,,,null,,,
16256,falling,1,1010,425,12402,94.6,sam2,1.414,1059.517,16.145
16257,falling,1,,,,,null,,,
16258,falling,1,,,,,null,,,
16259,falling,1,,,,,null,,,
16260,falling,1,1009,426,12672,96.66,sam2,1.414,1059.517,16.145
16261,falling,1,,,,,null,,,
16262,falling,1,,,,,null,,,
16263,falling,1,,,,,null,,,
16264,falling,1,1009,426,12571,95.89,sam2,0.0,0.0,0.0
16265,falling,1,,,,,null,,,
16266,falling,1,,,,,null,,,
16267,falling,1,,,,,null,,,
16268,falling,1,1009,426,12490,95.27,sam2,0.0,0.0,0.0
16269,falling,1,,,,,null,,,
16270,falling,1,,,,,null,,,
16271,falling,1,,,,,null,,,
16272,falling,1,1009,425,12458,95.03,sam2,1.0,749.192,11.416
16273,falling,1,,,,,null,,,
16274,falling,1,,,,,null,,,
16275,falling,1,,,,,null,,,
16276,falling,1,1009,425,12371,94.36,sam2,0.0,0.0,0.0
16277,falling,1,,,,,null,,,
16278,falling,1,,,,,null,,,
16279,falling,1,,,,,null,,,
16280,falling,1,1009,425,12294,93.78,sam2,0.0,0.0,0.0
16281,falling,1,,,,,null,,,
16282,falling,1,,,,,null,,,
16283,falling,1,,,,,null,,,
16284,falling,1,1009,425,12479,95.19,sam2,0.0,0.0,0.0
16285,falling,1,,,,,null,,,
16286,falling,1,,,,,null,,,
16287,falling,1,,,,,null,,,
16288,falling,1,1009,427,12781,97.49,sam2,2.0,1498.383,22.833
16289,falling,1,,,,,null,,,
16290,falling,1,,,,,null,,,
16291,falling,1,,,,,null,,,
16292,falling,1,1009,426,12578,95.94,sam2,1.0,749.192,11.416
16293,falling,1,,,,,null,,,
16294,falling,1,,,,,null,,,
16295,falling,1,,,,,null,,,
16296,falling,1,1009,425,12334,94.08,sam2,1.0,749.192,11.416
16297,falling,1,,,,,null,,,
16298,falling,1,,,,,null,,,
16299,falling,1,,,,,null,,,
16300,falling,1,1009,426,12549,95.72,sam2,1.0,749.192,11.416
16301,falling,1,,,,,null,,,
16302,falling,1,,,,,null,,,
16303,falling,1,,,,,null,,,
16304,falling,1,1009,426,12519,95.49,sam2,0.0,0.0,0.0
16305,falling,1,,,,,null,,,
16306,falling,1,,,,,null,,,
16307,falling,1,,,,,null,,,
16308,falling,1,1009,425,12412,94.68,sam2,1.0,749.192,11.416
16309,falling,1,,,,,null,,,
16310,falling,1,,,,,null,,,
16311,falling,1,,,,,null,,,
16312,falling,1,1009,426,12630,96.34,sam2,1.0,749.192,11.416
16313,falling,1,,,,,null,,,
16314,falling,1,,,,,null,,,
16315,falling,1,,,,,null,,,
16316,falling,1,1009,425,12339,94.12,sam2,1.0,749.192,11.416
16317,falling,1,,,,,null,,,
16318,falling,1,,,,,null,,,
16319,falling,1,,,,,null,,,
16320,falling,1,1009,426,12603,96.13,sam2,1.0,749.192,11.416
16321,falling,1,,,,,null,,,
16322,falling,1,,,,,null,,,
16323,falling,1,,,,,null,,,
16324,falling,1,1009,426,12523,95.52,sam2,0.0,0.0,0.0
16325,falling,1,,,,,null,,,
16326,falling,1,,,,,null,,,
16327,falling,1,,,,,null,,,
16328,falling,1,1009,426,12545,95.69,sam2,0.0,0.0,0.0
16329,falling,1,,,,,null,,,
16330,falling,1,,,,,null,,,
16331,falling,1,,,,,null,,,
16332,falling,1,1009,426,12466,95.09,sam2,0.0,0.0,0.0
16333,falling,1,,,,,null,,,
16334,falling,1,,,,,null,,,
16335,falling,1,,,,,null,,,
16336,falling,1,1009,426,12513,95.45,sam2,0.0,0.0,0.0
16337,falling,1,,,,,null,,,
16338,falling,1,,,,,null,,,
16339,falling,1,,,,,null,,,
16340,falling,1,1009,426,12566,95.85,sam2,0.0,0.0,0.0
16341,falling,1,,,,,null,,,
16342,falling,1,,,,,null,,,
16343,falling,1,,,,,null,,,
16344,falling,1,1009,427,12662,96.58,sam2,1.0,749.192,11.416
16345,falling,1,,,,,null,,,
16346,falling,1,,,,,null,,,
16347,falling,1,,,,,null,,,
16348,falling,1,1009,426,12446,94.94,sam2,1.0,749.192,11.416
16349,falling,1,,,,,null,,,
16350,falling,1,,,,,null,,,
16351,falling,1,,,,,null,,,
16352,falling,1,1009,426,12516,95.47,sam2,0.0,0.0,0.0
16353,falling,1,,,,,null,,,
16354,falling,1,,,,,null,,,
16355,falling,1,,,,,null,,,
16356,falling,1,1009,426,12520,95.5,sam2,0.0,0.0,0.0
16357,falling,1,,,,,null,,,
16358,falling,1,,,,,null,,,
16359,falling,1,,,,,null,,,
16360,falling,1,1009,426,12475,95.16,sam2,0.0,0.0,0.0
16361,falling,1,,,,,null,,,
16362,falling,1,,,,,null,,,
16363,falling,1,,,,,null,,,
16364,falling,1,1009,427,12536,95.62,sam2,1.0,749.192,11.416
16365,falling,1,,,,,null,,,
16366,falling,1,,,,,null,,,
16367,falling,1,,,,,null,,,
16368,falling,1,1009,426,12445,94.93,sam2,1.0,749.192,11.416
16369,falling,1,,,,,null,,,
16370,falling,1,,,,,null,,,
16371,falling,1,,,,,null,,,
16372,falling,1,1009,426,12429,94.81,sam2,0.0,0.0,0.0
16373,falling,1,,,,,null,,,
16374,falling,1,,,,,null,,,
16375,falling,1,,,,,null,,,
16376,spreading,1,,,,,null,,,
