frame,phase,drop_id,cx,cy,area_px,percentage,detection_method,distance_px,velocity_px_per_s,velocity_mm_s
345,falling,1,491,81,6799,100.0,sam2,,,
346,falling,1,490,106,6866,100.99,sam2,25.02,74979.074,1142.538
347,falling,1,490,131,6584,96.84,sam2,25.0,74919.162,1141.625
348,falling,1,490,154,6497,95.56,sam2,23.0,68925.629,1050.295
349,falling,1,490,179,6472,95.19,sam2,25.0,74919.162,1141.625
350,falling,1,489,203,6600,97.07,sam2,24.021,71984.801,1096.911
351,falling,1,489,227,6752,99.31,sam2,24.0,71922.396,1095.96
352,falling,1,488,252,6974,102.57,sam2,25.02,74979.074,1142.538
353,falling,1,488,276,7016,103.19,sam2,24.0,71922.396,1095.96
354,falling,1,487,299,7220,106.19,sam2,23.022,68990.746,1051.288
355,falling,1,486,325,7372,108.43,sam2,26.019,77973.538,1188.168
356,falling,1,486,350,7307,107.47,sam2,25.0,74919.162,1141.625
357,falling,1,485,375,7750,113.99,sam2,25.02,74979.074,1142.538
358,falling,1,485,401,8306,122.17,sam2,26.0,77915.929,1187.29
359,spreading,1,485,422,7787,114.53,sam2,21.0,62932.096,958.965
360,spreading,1,486,441,7498,110.28,sam2,19.026,57017.371,868.836
361,spreading,1,482,471,11488,168.97,sam2,30.265,90698.612,1382.074
362,spreading,1,482,477,11977,176.16,sam2,6.0,17980.599,273.99
363,spreading,1,481,481,11345,166.86,sam2,4.123,12355.985,188.282
364,spreading,1,483,480,13287,195.43,sam2,2.236,6700.974,102.11
365,spreading,1,482,479,13593,199.93,sam2,1.414,4238.068,64.58
366,spreading,1,481,478,13446,197.76,sam2,1.414,4238.068,64.58
367,spreading,1,480,477,13014,191.41,sam2,1.414,4238.068,64.58
368,spreading,1,479,475,12420,182.67,sam2,2.236,6700.974,102.11
369,spreading,1,481,475,10979,161.48,sam2,2.0,5993.533,91.33
370,spreading,1,481,471,11012,161.96,sam2,4.0,11987.066,182.66
371,spreading,1,480,458,12064,177.44,sam2,13.038,39073.055,595.399
372,spreading,1,480,442,13289,195.46,sam2,16.0,47948.264,730.64
373,spreading,1,479,427,14449,212.52,sam2,15.033,45051.279,686.496
374,spreading,1,479,413,14774,217.3,sam2,14.0,41954.731,639.31
375,spreading,1,479,401,15372,226.09,sam2,12.0,35961.198,547.98
376,spreading,1,478,387,16049,236.05,sam2,14.036,42061.622,640.939
377,spreading,1,478,377,16776,246.74,sam2,10.0,29967.665,456.65
378,spreading,1,478,366,17756,261.16,sam2,11.0,32964.431,502.315
379,spreading,1,478,357,18539,272.67,sam2,9.0,26970.898,410.985
380,spreading,1,478,390,15112,222.27,sam2,33.0,98893.294,1506.945
381,spreading,1,477,386,14954,219.94,sam2,4.123,12355.985,188.282
382,spreading,1,476,382,14565,214.22,sam2,4.123,12355.985,188.282
383,spreading,1,476,370,13165,193.63,sam2,12.0,35961.198,547.98
384,spreading,1,476,360,13317,195.87,sam2,10.0,29967.665,456.65
385,spreading,1,476,321,9815,144.36,sam2,39.0,116873.893,1780.936
386,spreading,1,475,307,10568,155.43,sam2,14.036,42061.622,640.939
387,spreading,1,473,295,10946,160.99,sam2,12.166,36457.238,555.539
388,spreading,1,473,300,11329,166.63,sam2,5.0,14983.832,228.325
389,spreading,1,473,301,12424,182.73,sam2,1.0,2996.766,45.665
390,spreading,1,472,299,12892,189.62,sam2,2.236,6700.974,102.11
391,spreading,1,472,291,13178,193.82,sam2,8.0,23974.132,365.32
392,spreading,1,472,284,12207,179.54,sam2,7.0,20977.365,319.655
393,spreading,1,472,276,10343,152.13,sam2,8.0,23974.132,365.32
394,spreading,1,471,270,9704,142.73,sam2,6.083,18228.619,277.769
395,spreading,1,471,263,9098,133.81,sam2,7.0,20977.365,319.655
396,spreading,1,473,251,8757,128.8,sam2,12.166,36457.238,555.539
397,spreading,1,473,243,7986,117.46,sam2,8.0,23974.132,365.32
398,spreading,1,473,237,7466,109.81,sam2,6.0,17980.599,273.99
399,spreading,1,472,232,7476,109.96,sam2,5.099,15280.571,232.847
400,spreading,1,472,228,7355,108.18,sam2,4.0,11987.066,182.66
401,spreading,1,472,224,7347,108.06,sam2,4.0,11987.066,182.66
402,spreading,1,472,220,7328,107.78,sam2,4.0,11987.066,182.66
403,spreading,1,471,217,7447,109.53,sam2,3.162,9476.608,144.405
404,spreading,1,471,213,7711,113.41,sam2,4.0,11987.066,182.66
405,spreading,1,471,207,7002,102.99,sam2,6.0,17980.599,273.99
406,spreading,1,471,198,6225,91.56,sam2,9.0,26970.898,410.985
407,spreading,1,471,193,6112,89.9,sam2,5.0,14983.832,228.325
408,spreading,1,471,187,5942,87.4,sam2,6.0,17980.599,273.99
409,spreading,1,470,178,6621,97.38,sam2,9.055,27136.875,413.514
410,spreading,1,470,175,7220,106.19,sam2,3.0,8990.299,136.995
411,spreading,1,469,170,7765,114.21,sam2,5.099,15280.571,232.847
412,spreading,1,469,167,7615,112.0,sam2,3.0,8990.299,136.995
413,spreading,1,468,165,8001,117.68,sam2,2.236,6700.974,102.11
414,spreading,1,469,160,8289,121.91,sam2,5.099,15280.571,232.847
415,spreading,1,470,156,7789,114.56,sam2,4.123,12355.985,188.282
416,spreading,1,469,149,7439,109.41,sam2,7.071,21190.339,322.9
417,spreading,1,468,141,8135,119.65,sam2,8.062,24160.704,368.163
418,spreading,1,467,135,7336,107.9,sam2,6.083,18228.619,277.769
419,spreading,1,468,130,7689,113.09,sam2,5.099,15280.571,232.847
420,spreading,1,467,126,6903,101.53,sam2,4.123,12355.985,188.282
421,spreading,1,467,124,7155,105.24,sam2,2.0,5993.533,91.33
422,spreading,1,467,120,7864,115.66,sam2,4.0,11987.066,182.66
423,spreading,1,466,113,8412,123.72,sam2,7.071,21190.339,322.9
424,spreading,1,465,108,8615,126.71,sam2,5.099,15280.571,232.847
425,spreading,1,465,105,8743,128.59,sam2,3.0,8990.299,136.995
426,spreading,1,465,103,8574,126.11,sam2,2.0,5993.533,91.33
427,spreading,1,464,100,7941,116.8,sam2,3.162,9476.608,144.405
428,spreading,1,465,96,7141,105.03,sam2,4.123,12355.985,188.282
429,spreading,1,465,92,6636,97.6,sam2,4.0,11987.066,182.66
430,spreading,1,465,88,6091,89.59,sam2,4.0,11987.066,182.66
431,spreading,1,464,83,5839,85.88,sam2,5.099,15280.571,232.847
432,spreading,1,464,79,5836,85.84,sam2,4.0,11987.066,182.66
433,spreading,1,464,75,5842,85.92,sam2,4.0,11987.066,182.66
434,spreading,1,463,71,6051,89.0,sam2,4.123,12355.985,188.282
435,spreading,1,463,69,6250,91.93,sam2,2.0,5993.533,91.33
436,spreading,1,463,67,6624,97.43,sam2,2.0,5993.533,91.33
437,spreading,1,462,65,7001,102.97,sam2,2.236,6700.974,102.11
438,spreading,1,462,63,7223,106.24,sam2,2.0,5993.533,91.33
439,spreading,1,463,62,7109,104.56,sam2,1.414,4238.068,64.58
440,spreading,1,463,61,6584,96.84,sam2,1.0,2996.766,45.665
441,spreading,1,463,55,7123,104.77,sam2,6.0,17980.599,273.99
442,spreading,1,463,58,6499,95.59,sam2,3.0,8990.299,136.995
443,spreading,1,463,56,6703,98.59,sam2,2.0,5993.533,91.33
444,spreading,1,463,55,6846,100.69,sam2,1.0,2996.766,45.665
445,spreading,1,463,55,6823,100.35,sam2,0.0,0.0,0.0
446,spreading,1,463,52,6736,99.07,sam2,3.0,8990.299,136.995
447,spreading,1,462,49,6650,97.81,sam2,3.162,9476.608,144.405
448,spreading,1,462,46,6351,93.41,sam2,3.0,8990.299,136.995
449,spreading,1,462,41,6101,89.73,sam2,5.0,14983.832,228.325
450,spreading,1,461,37,5904,86.84,sam2,4.123,12355.985,188.282
451,spreading,1,460,33,5454,80.22,sam2,4.123,12355.985,188.282
452,spreading,1,458,29,5063,74.47,sam2,4.472,13401.947,204.22
453,spreading,1,457,27,4725,69.5,sam2,2.236,6700.974,102.11
454,spreading,1,457,24,4176,61.42,sam2,3.0,8990.299,136.995
455,spreading,1,457,22,3957,58.2,sam2,2.0,5993.533,91.33
456,spreading,1,456,21,3795,55.82,sam2,1.414,4238.068,64.58
457,spreading,1,456,21,3632,53.42,sam2,0.0,0.0,0.0
458,spreading,1,456,21,3525,51.85,sam2,0.0,0.0,0.0
459,spreading,1,457,23,3534,51.98,sam2,2.236,6700.974,102.11
460,spreading,1,458,25,3636,53.48,sam2,2.236,6700.974,102.11
461,spreading,1,459,27,3729,54.85,sam2,2.236,6700.974,102.11
462,spreading,1,460,29,3763,55.35,sam2,2.236,6700.974,102.11
463,spreading,1,461,31,3880,57.07,sam2,2.236,6700.974,102.11
464,spreading,1,461,32,4106,60.39,sam2,1.0,2996.766,45.665
465,spreading,1,461,33,4288,63.07,sam2,1.0,2996.766,45.665
466,spreading,1,460,33,4531,66.64,sam2,1.0,2996.766,45.665
467,spreading,1,460,32,4650,68.39,sam2,1.0,2996.766,45.665
468,spreading,1,459,31,4736,69.66,sam2,1.414,4238.068,64.58
469,spreading,1,458,30,4551,66.94,sam2,1.414,4238.068,64.58
470,spreading,1,457,27,4125,60.67,sam2,3.162,9476.608,144.405
471,spreading,1,455,24,3777,55.55,sam2,3.606,10804.995,164.648
472,spreading,1,454,22,3327,48.93,sam2,2.236,6700.974,102.11
473,spreading,1,453,19,3031,44.58,sam2,3.162,9476.608,144.405
474,spreading,1,452,16,2735,40.23,sam2,3.162,9476.608,144.405
475,spreading,1,452,14,2425,35.67,sam2,2.0,5993.533,91.33
476,spreading,1,451,11,2064,30.36,sam2,3.162,9476.608,144.405
477,spreading,1,450,10,1857,27.31,sam2,1.414,4238.068,64.58
478,spreading,1,448,8,1605,23.61,sam2,2.828,8476.136,129.16
479,spreading,1,441,9,2089,30.73,sam2,7.071,21190.339,322.9
480,spreading,1,445,9,1843,27.11,sam2,4.0,11987.066,182.66
481,spreading,1,445,10,2015,29.64,sam2,1.0,2996.766,45.665
482,spreading,1,446,12,2461,36.2,sam2,2.236,6700.974,102.11
483,spreading,1,450,14,2717,39.96,sam2,4.472,13401.947,204.22
484,spreading,1,453,17,3000,44.12,sam2,4.243,12714.203,193.74
485,spreading,1,452,19,3692,54.3,sam2,2.236,6700.974,102.11
486,spreading,1,453,21,4017,59.08,sam2,2.236,6700.974,102.11
487,spreading,1,454,23,4355,64.05,sam2,2.236,6700.974,102.11
488,spreading,1,459,24,4091,60.17,sam2,5.099,15280.571,232.847
489,spreading,1,460,25,4082,60.04,sam2,1.414,4238.068,64.58
490,spreading,1,459,26,4176,61.42,sam2,1.414,4238.068,64.58
491,spreading,1,459,25,4085,60.08,sam2,1.0,2996.766,45.665
492,spreading,1,459,24,3781,55.61,sam2,1.0,2996.766,45.665
493,spreading,1,457,23,3647,53.64,sam2,2.236,6700.974,102.11
494,spreading,1,456,22,3307,48.64,sam2,1.414,4238.068,64.58
495,spreading,1,454,20,3195,46.99,sam2,2.828,8476.136,129.16
496,spreading,1,452,19,3366,49.51,sam2,2.236,6700.974,102.11
497,spreading,1,450,17,3218,47.33,sam2,2.828,8476.136,129.16
498,spreading,1,448,16,3131,46.05,sam2,2.236,6700.974,102.11
499,spreading,1,445,15,3219,47.35,sam2,3.162,9476.608,144.405
500,spreading,1,443,15,3268,48.07,sam2,2.0,5993.533,91.33
501,spreading,1,442,16,3475,51.11,sam2,1.414,4238.068,64.58
502,spreading,1,442,17,3771,55.46,sam2,1.0,2996.766,45.665
503,spreading,1,444,19,4063,59.76,sam2,2.828,8476.136,129.16
504,spreading,1,447,22,4321,63.55,sam2,4.243,12714.203,193.74
505,spreading,1,448,24,4696,69.07,sam2,2.236,6700.974,102.11
506,spreading,1,449,28,5186,76.28,sam2,4.123,12355.985,188.282
507,spreading,1,450,30,5507,81.0,sam2,2.236,6700.974,102.11
508,spreading,1,450,33,5859,86.17,sam2,3.0,8990.299,136.995
509,spreading,1,451,35,6271,92.23,sam2,2.236,6700.974,102.11
510,spreading,1,451,37,6554,96.4,sam2,2.0,5993.533,91.33
511,spreading,1,451,39,6853,100.79,sam2,2.0,5993.533,91.33
512,spreading,1,451,40,6989,102.79,sam2,1.0,2996.766,45.665
513,spreading,1,450,41,7124,104.78,sam2,1.414,4238.068,64.58
514,spreading,1,449,41,7108,104.54,sam2,1.0,2996.766,45.665
515,spreading,1,449,41,6682,98.28,sam2,0.0,0.0,0.0
516,spreading,1,447,41,6585,96.85,sam2,2.0,5993.533,91.33
517,spreading,1,446,41,6591,96.94,sam2,1.0,2996.766,45.665
518,spreading,1,445,41,6537,96.15,sam2,1.0,2996.766,45.665
519,spreading,1,445,43,6273,92.26,sam2,2.0,5993.533,91.33
520,spreading,1,444,46,6025,88.62,sam2,3.162,9476.608,144.405
521,spreading,1,444,48,5851,86.06,sam2,2.0,5993.533,91.33
522,spreading,1,444,51,5727,84.23,sam2,3.0,8990.299,136.995
523,spreading,1,444,54,5711,84.0,sam2,3.0,8990.299,136.995
524,spreading,1,444,57,5849,86.03,sam2,3.0,8990.299,136.995
525,spreading,1,444,61,6103,89.76,sam2,4.0,11987.066,182.66
526,spreading,1,443,64,6457,94.97,sam2,3.162,9476.608,144.405
527,spreading,1,443,67,6752,99.31,sam2,3.0,8990.299,136.995
528,spreading,1,443,70,7097,104.38,sam2,3.0,8990.299,136.995
529,spreading,1,443,73,7549,111.03,sam2,3.0,8990.299,136.995
530,spreading,1,443,76,7890,116.05,sam2,3.0,8990.299,136.995
531,spreading,1,442,79,8151,119.89,sam2,3.162,9476.608,144.405
532,spreading,1,442,83,8356,122.9,sam2,4.0,11987.066,182.66
533,spreading,1,442,86,8524,125.37,sam2,3.0,8990.299,136.995
534,spreading,1,442,90,8621,126.8,sam2,4.0,11987.066,182.66
535,spreading,1,442,94,8471,124.59,sam2,4.0,11987.066,182.66
536,spreading,1,442,98,8102,119.16,sam2,4.0,11987.066,182.66
537,spreading,1,441,103,7875,115.83,sam2,5.099,15280.571,232.847
538,spreading,1,441,107,7525,110.68,sam2,4.0,11987.066,182.66
539,spreading,1,441,111,7091,104.29,sam2,4.0,11987.066,182.66
540,spreading,1,440,115,6745,99.21,sam2,4.123,12355.985,188.282
541,spreading,1,440,119,6369,93.68,sam2,4.0,11987.066,182.66
542,spreading,1,441,123,6051,89.0,sam2,4.123,12355.985,188.282
543,spreading,1,441,128,5813,85.5,sam2,5.0,14983.832,228.325
544,spreading,1,441,133,5596,82.31,sam2,5.0,14983.832,228.325
545,spreading,1,441,137,5597,82.32,sam2,4.0,11987.066,182.66
546,spreading,1,441,143,5665,83.32,sam2,6.0,17980.599,273.99
547,spreading,1,440,148,5916,87.01,sam2,5.099,15280.571,232.847
548,spreading,1,440,153,6191,91.06,sam2,5.0,14983.832,228.325
549,spreading,1,440,157,6561,96.5,sam2,4.0,11987.066,182.66
550,spreading,1,440,162,6912,101.66,sam2,5.0,14983.832,228.325
551,spreading,1,439,166,7264,106.84,sam2,4.123,12355.985,188.282
552,spreading,1,439,171,7506,110.4,sam2,5.0,14983.832,228.325
553,spreading,1,439,176,7838,115.28,sam2,5.0,14983.832,228.325
554,spreading,1,438,181,8066,118.64,sam2,5.099,15280.571,232.847
555,spreading,1,438,185,8088,118.96,sam2,4.0,11987.066,182.66
556,spreading,1,438,192,7999,117.65,sam2,7.0,20977.365,319.655
557,spreading,1,438,197,8029,118.09,sam2,5.0,14983.832,228.325
558,spreading,1,438,203,7833,115.21,sam2,6.0,17980.599,273.99
559,spreading,1,438,208,7572,111.37,sam2,5.0,14983.832,228.325
560,spreading,1,437,214,7316,107.6,sam2,6.083,18228.619,277.769
561,spreading,1,437,219,7072,104.02,sam2,5.0,14983.832,228.325
562,spreading,1,437,225,6717,98.79,sam2,6.0,17980.599,273.99
563,spreading,1,436,231,6355,93.47,sam2,6.083,18228.619,277.769
564,spreading,1,437,237,6023,88.59,sam2,6.083,18228.619,277.769
565,spreading,1,436,243,5859,86.17,sam2,6.083,18228.619,277.769
566,spreading,1,437,249,5718,84.1,sam2,6.083,18228.619,277.769
567,spreading,1,436,256,5695,83.76,sam2,7.071,21190.339,322.9
568,spreading,1,436,262,5883,86.53,sam2,6.0,17980.599,273.99
569,spreading,1,436,269,6112,89.9,sam2,7.0,20977.365,319.655
570,spreading,1,436,276,6394,94.04,sam2,7.0,20977.365,319.655
571,spreading,1,436,282,6774,99.63,sam2,6.0,17980.599,273.99
572,spreading,1,435,289,7181,105.62,sam2,7.071,21190.339,322.9
573,spreading,1,435,294,7470,109.87,sam2,5.0,14983.832,228.325
574,spreading,1,434,301,7836,115.25,sam2,7.071,21190.339,322.9
575,spreading,1,434,307,8085,118.91,sam2,6.0,17980.599,273.99
576,spreading,1,434,313,8123,119.47,sam2,6.0,17980.599,273.99
577,spreading,1,434,321,8214,120.81,sam2,8.0,23974.132,365.32
578,spreading,1,433,327,8220,120.9,sam2,6.083,18228.619,277.769
579,spreading,1,433,335,8150,119.87,sam2,8.0,23974.132,365.32
580,spreading,1,433,342,8044,118.31,sam2,7.0,20977.365,319.655
581,spreading,1,433,349,7919,116.47,sam2,7.0,20977.365,319.655
582,spreading,1,432,357,7735,113.77,sam2,8.062,24160.704,368.163
583,spreading,1,432,364,7512,110.49,sam2,7.0,20977.365,319.655
584,spreading,1,431,371,7162,105.34,sam2,7.071,21190.339,322.9
585,spreading,1,431,379,6905,101.56,sam2,8.0,23974.132,365.32
586,spreading,1,431,387,6679,98.24,sam2,8.0,23974.132,365.32
587,spreading,1,430,395,6652,97.84,sam2,8.062,24160.704,368.163
588,spreading,1,430,403,6751,99.29,sam2,8.0,23974.132,365.32
589,spreading,1,430,412,6986,102.75,sam2,9.0,26970.898,410.985
590,spreading,1,431,421,7699,113.24,sam2,9.055,27136.875,413.514
591,spreading,1,431,428,7967,117.18,sam2,7.0,20977.365,319.655
592,spreading,1,431,432,7543,110.94,sam2,4.0,11987.066,182.66
593,spreading,1,430,439,8043,118.3,sam2,7.071,21190.339,322.9
594,spreading,1,429,442,8317,122.33,sam2,3.162,9476.608,144.405
595,spreading,1,428,444,8363,123.0,sam2,2.236,6700.974,102.11
596,spreading,1,428,445,8435,124.06,sam2,1.0,2996.766,45.665
597,spreading,1,428,446,8361,122.97,sam2,1.0,2996.766,45.665
598,spreading,1,427,448,7992,117.55,sam2,2.236,6700.974,102.11
599,spreading,1,428,446,8091,119.0,sam2,2.236,6700.974,102.11
600,spreading,1,428,444,8154,119.93,sam2,2.0,5993.533,91.33
601,spreading,1,428,440,8846,130.11,sam2,4.0,11987.066,182.66
602,spreading,1,427,436,9523,140.06,sam2,4.123,12355.985,188.282
603,spreading,1,428,432,10032,147.55,sam2,4.123,12355.985,188.282
604,spreading,1,427,429,10165,149.51,sam2,3.162,9476.608,144.405
605,spreading,1,427,425,10282,151.23,sam2,4.0,11987.066,182.66
606,spreading,1,427,421,10203,150.07,sam2,4.0,11987.066,182.66
607,spreading,1,427,418,9989,146.92,sam2,3.0,8990.299,136.995
608,spreading,1,427,413,9523,140.06,sam2,5.0,14983.832,228.325
609,spreading,1,427,410,9171,134.89,sam2,3.0,8990.299,136.995
610,spreading,1,427,406,8845,130.09,sam2,4.0,11987.066,182.66
611,spreading,1,426,399,8107,119.24,sam2,7.071,21190.339,322.9
612,spreading,1,426,393,7734,113.75,sam2,6.0,17980.599,273.99
613,spreading,1,426,390,7699,113.24,sam2,3.0,8990.299,136.995
614,spreading,1,426,388,8197,120.56,sam2,2.0,5993.533,91.33
615,spreading,1,424,382,7680,112.96,sam2,6.325,18953.215,288.811
616,spreading,1,424,376,7528,110.72,sam2,6.0,17980.599,273.99
617,spreading,1,423,371,7319,107.65,sam2,5.099,15280.571,232.847
618,spreading,1,423,367,7071,104.0,sam2,4.0,11987.066,182.66
619,spreading,1,422,364,7198,105.87,sam2,3.162,9476.608,144.405
620,spreading,1,422,361,7417,109.09,sam2,3.0,8990.299,136.995
621,spreading,1,421,358,7825,115.09,sam2,3.162,9476.608,144.405
622,spreading,1,421,356,7929,116.62,sam2,2.0,5993.533,91.33
623,spreading,1,421,353,7882,115.93,sam2,3.0,8990.299,136.995
624,spreading,1,420,350,7881,115.91,sam2,3.162,9476.608,144.405
625,spreading,1,420,346,7932,116.66,sam2,4.0,11987.066,182.66
626,spreading,1,420,342,7981,117.38,sam2,4.0,11987.066,182.66
627,spreading,1,420,339,7883,115.94,sam2,3.0,8990.299,136.995
628,spreading,1,420,337,7918,116.46,sam2,2.0,5993.533,91.33
629,spreading,1,419,334,7721,113.56,sam2,3.162,9476.608,144.405
630,spreading,1,419,331,7503,110.35,sam2,3.0,8990.299,136.995
631,spreading,1,419,330,7281,107.09,sam2,1.0,2996.766,45.665
632,spreading,1,419,328,7163,105.35,sam2,2.0,5993.533,91.33
633,spreading,1,418,326,7045,103.62,sam2,2.236,6700.974,102.11
634,spreading,1,418,323,6971,102.53,sam2,3.0,8990.299,136.995
635,spreading,1,418,320,6967,102.47,sam2,3.0,8990.299,136.995
636,spreading,1,418,318,7133,104.91,sam2,2.0,5993.533,91.33
637,spreading,1,418,315,7240,106.49,sam2,3.0,8990.299,136.995
638,spreading,1,417,313,7253,106.68,sam2,2.236,6700.974,102.11
639,spreading,1,417,311,7266,106.87,sam2,2.0,5993.533,91.33
640,spreading,1,416,309,7263,106.82,sam2,2.236,6700.974,102.11
641,spreading,1,415,306,7395,108.77,sam2,3.162,9476.608,144.405
642,spreading,1,415,305,7472,109.9,sam2,1.0,2996.766,45.665
643,spreading,1,415,304,7645,112.44,sam2,1.0,2996.766,45.665
644,spreading,1,415,303,7609,111.91,sam2,1.0,2996.766,45.665
645,spreading,1,415,301,7545,110.97,sam2,2.0,5993.533,91.33
646,spreading,1,415,299,7609,111.91,sam2,2.0,5993.533,91.33
647,spreading,1,414,297,7745,113.91,sam2,2.236,6700.974,102.11
648,spreading,1,413,295,7726,113.63,sam2,2.236,6700.974,102.11
649,spreading,1,413,294,7602,111.81,sam2,1.0,2996.766,45.665
650,spreading,1,413,293,7385,108.62,sam2,1.0,2996.766,45.665
651,spreading,1,412,292,7173,105.5,sam2,1.414,4238.068,64.58
652,spreading,1,412,291,6980,102.66,sam2,1.0,2996.766,45.665
653,spreading,1,412,291,6880,101.19,sam2,0.0,0.0,0.0
654,spreading,1,411,290,6878,101.16,sam2,1.414,4238.068,64.58
655,spreading,1,411,289,6829,100.44,sam2,1.0,2996.766,45.665
656,spreading,1,410,288,6750,99.28,sam2,1.414,4238.068,64.58
657,spreading,1,410,287,6811,100.18,sam2,1.0,2996.766,45.665
658,spreading,1,410,286,6898,101.46,sam2,1.0,2996.766,45.665
659,spreading,1,410,286,7023,103.29,sam2,0.0,0.0,0.0
660,rebounding,1,409,285,7031,103.41,sam2,1.414,4238.068,64.58
661,rebounding,1,409,284,7188,105.72,sam2,1.0,2996.766,45.665
662,rebounding,1,408,285,7331,107.82,sam2,1.414,4238.068,64.58
663,rebounding,1,408,284,7465,109.8,sam2,1.0,2996.766,45.665
664,rebounding,1,407,285,7596,111.72,sam2,1.414,4238.068,64.58
665,rebounding,1,407,285,7624,112.13,sam2,0.0,0.0,0.0
666,rebounding,1,408,285,7581,111.5,sam2,1.0,2996.766,45.665
667,rebounding,1,407,285,7628,112.19,sam2,1.0,2996.766,45.665
668,rebounding,1,406,285,7761,114.15,sam2,1.0,2996.766,45.665
669,rebounding,1,406,284,7776,114.37,sam2,1.0,2996.766,45.665
670,rebounding,1,405,284,7725,113.62,sam2,1.0,2996.766,45.665
671,rebounding,1,405,284,7666,112.75,sam2,0.0,0.0,0.0
672,rebounding,1,404,285,7485,110.09,sam2,1.414,4238.068,64.58
673,rebounding,1,404,286,7332,107.84,sam2,1.0,2996.766,45.665
674,rebounding,1,404,286,7258,106.75,sam2,0.0,0.0,0.0
675,rebounding,1,403,287,7117,104.68,sam2,1.414,4238.068,64.58
676,rebounding,1,403,288,7066,103.93,sam2,1.0,2996.766,45.665
677,rebounding,1,403,289,7077,104.09,sam2,1.0,2996.766,45.665
678,rebounding,1,402,289,7180,105.6,sam2,1.0,2996.766,45.665
679,rebounding,1,402,290,7237,106.44,sam2,1.0,2996.766,45.665
680,rebounding,1,402,291,7317,107.62,sam2,1.0,2996.766,45.665
681,rebounding,1,401,291,7449,109.56,sam2,1.0,2996.766,45.665
682,rebounding,1,401,293,7548,111.02,sam2,2.0,5993.533,91.33
683,rebounding,1,401,294,7587,111.59,sam2,1.0,2996.766,45.665
684,rebounding,1,401,295,7706,113.34,sam2,1.0,2996.766,45.665
685,rebounding,1,401,297,7816,114.96,sam2,2.0,5993.533,91.33
686,rebounding,1,401,299,7684,113.02,sam2,2.0,5993.533,91.33
687,rebounding,1,401,300,7767,114.24,sam2,1.0,2996.766,45.665
688,rebounding,1,400,301,7761,114.15,sam2,1.414,4238.068,64.58
689,rebounding,1,400,303,7703,113.3,sam2,2.0,5993.533,91.33
690,rebounding,1,399,304,7664,112.72,sam2,1.414,4238.068,64.58
691,rebounding,1,399,305,7566,111.28,sam2,1.0,2996.766,45.665
692,rebounding,1,398,307,7502,110.34,sam2,2.236,6700.974,102.11
693,rebounding,1,398,309,7386,108.63,sam2,2.0,5993.533,91.33
694,rebounding,1,398,311,7257,106.74,sam2,2.0,5993.533,91.33
695,rebounding,1,397,314,7245,106.56,sam2,3.162,9476.608,144.405
696,rebounding,1,397,316,7231,106.35,sam2,2.0,5993.533,91.33
697,rebounding,1,397,318,7084,104.19,sam2,2.0,5993.533,91.33
698,rebounding,1,396,321,7159,105.29,sam2,3.162,9476.608,144.405
699,rebounding,1,396,323,7134,104.93,sam2,2.0,5993.533,91.33
700,rebounding,1,395,325,7208,106.02,sam2,2.236,6700.974,102.11
701,rebounding,1,395,327,7220,106.19,sam2,2.0,5993.533,91.33
702,rebounding,1,394,330,7316,107.6,sam2,3.162,9476.608,144.405
703,rebounding,1,394,332,7433,109.32,sam2,2.0,5993.533,91.33
704,rebounding,1,394,335,7550,111.05,sam2,3.0,8990.299,136.995
705,rebounding,1,393,338,7559,111.18,sam2,3.162,9476.608,144.405
706,rebounding,1,394,341,7602,111.81,sam2,3.162,9476.608,144.405
707,rebounding,1,393,344,7601,111.8,sam2,3.162,9476.608,144.405
708,rebounding,1,393,347,7652,112.55,sam2,3.0,8990.299,136.995
709,rebounding,1,393,350,7626,112.16,sam2,3.0,8990.299,136.995
710,rebounding,1,392,353,7674,112.87,sam2,3.162,9476.608,144.405
711,rebounding,1,392,356,7660,112.66,sam2,3.0,8990.299,136.995
712,rebounding,1,391,359,7647,112.47,sam2,3.162,9476.608,144.405
713,rebounding,1,391,363,7552,111.08,sam2,4.0,11987.066,182.66
714,rebounding,1,390,366,7539,110.88,sam2,3.162,9476.608,144.405
715,rebounding,1,390,369,7461,109.74,sam2,3.0,8990.299,136.995
716,rebounding,1,390,373,7382,108.57,sam2,4.0,11987.066,182.66
717,rebounding,1,389,377,7330,107.81,sam2,4.123,12355.985,188.282
718,rebounding,1,389,381,7441,109.44,sam2,4.0,11987.066,182.66
719,rebounding,1,389,385,7472,109.9,sam2,4.0,11987.066,182.66
720,rebounding,1,388,389,7532,110.78,sam2,4.123,12355.985,188.282
721,rebounding,1,388,393,7659,112.65,sam2,4.0,11987.066,182.66
722,rebounding,1,388,398,7879,115.88,sam2,5.0,14983.832,228.325
723,rebounding,1,387,402,8017,117.91,sam2,4.123,12355.985,188.282
724,rebounding,1,387,407,8180,120.31,sam2,5.0,14983.832,228.325
725,rebounding,1,387,411,8383,123.3,sam2,4.0,11987.066,182.66
726,rebounding,1,386,415,8655,127.3,sam2,4.123,12355.985,188.282
727,rebounding,1,387,420,8826,129.81,sam2,5.099,15280.571,232.847
728,rebounding,1,386,424,9029,132.8,sam2,4.123,12355.985,188.282
729,rebounding,1,387,428,9014,132.58,sam2,4.123,12355.985,188.282
730,rebounding,1,386,430,8981,132.09,sam2,2.236,6700.974,102.11
731,rebounding,1,386,432,8671,127.53,sam2,2.0,5993.533,91.33
732,rebounding,1,385,435,8510,125.17,sam2,3.162,9476.608,144.405
733,rebounding,1,384,438,8471,124.59,sam2,3.162,9476.608,144.405
734,rebounding,1,384,441,8124,119.49,sam2,3.0,8990.299,136.995
735,rebounding,1,383,441,8112,119.31,sam2,1.0,2996.766,45.665
736,rebounding,1,382,442,7781,114.44,sam2,1.414,4238.068,64.58
737,rebounding,1,382,442,7872,115.78,sam2,0.0,0.0,0.0
738,rebounding,1,382,441,8222,120.93,sam2,1.0,2996.766,45.665
739,rebounding,1,382,439,8405,123.62,sam2,2.0,5993.533,91.33
740,rebounding,1,381,438,8798,129.4,sam2,1.414,4238.068,64.58
741,rebounding,1,381,436,9077,133.5,sam2,2.0,5993.533,91.33
742,rebounding,1,381,433,9351,137.53,sam2,3.0,8990.299,136.995
743,rebounding,1,381,431,9284,136.55,sam2,2.0,5993.533,91.33
744,rebounding,1,381,428,9494,139.64,sam2,3.0,8990.299,136.995
745,rebounding,1,381,424,9411,138.42,sam2,4.0,11987.066,182.66
746,rebounding,1,381,421,9467,139.24,sam2,3.0,8990.299,136.995
747,rebounding,1,380,418,9395,138.18,sam2,3.162,9476.608,144.405
748,rebounding,1,379,415,9286,136.58,sam2,3.162,9476.608,144.405
749,rebounding,1,378,412,9320,137.08,sam2,3.162,9476.608,144.405
750,rebounding,1,378,409,9289,136.62,sam2,3.0,8990.299,136.995
751,rebounding,1,377,406,9196,135.26,sam2,3.162,9476.608,144.405
752,rebounding,1,377,403,9369,137.8,sam2,3.0,8990.299,136.995
753,rebounding,1,377,402,9525,140.09,sam2,1.0,2996.766,45.665
754,rebounding,1,376,401,9507,139.83,sam2,1.414,4238.068,64.58
755,rebounding,1,375,399,9495,139.65,sam2,2.236,6700.974,102.11
756,rebounding,1,374,398,9500,139.73,sam2,1.414,4238.068,64.58
757,rebounding,1,373,398,9470,139.29,sam2,1.0,2996.766,45.665
758,rebounding,1,372,397,9473,139.33,sam2,1.414,4238.068,64.58
759,rebounding,1,371,396,9413,138.45,sam2,1.414,4238.068,64.58
760,rebounding,1,370,395,9277,136.45,sam2,1.414,4238.068,64.58
761,rebounding,1,369,393,8699,127.95,sam2,2.236,6700.974,102.11
762,rebounding,1,369,391,8279,121.77,sam2,2.0,5993.533,91.33
763,rebounding,1,368,389,7917,116.44,sam2,2.236,6700.974,102.11
764,rebounding,1,368,388,7546,110.99,sam2,1.0,2996.766,45.665
765,rebounding,1,367,388,7331,107.82,sam2,1.0,2996.766,45.665
766,rebounding,1,366,388,7109,104.56,sam2,1.0,2996.766,45.665
767,rebounding,1,366,389,7141,105.03,sam2,1.0,2996.766,45.665
768,rebounding,1,365,389,7134,104.93,sam2,1.0,2996.766,45.665
769,rebounding,1,364,390,7164,105.37,sam2,1.414,4238.068,64.58
770,rebounding,1,364,390,7194,105.81,sam2,0.0,0.0,0.0
771,rebounding,1,363,390,7340,107.96,sam2,1.0,2996.766,45.665
772,rebounding,1,362,390,7641,112.38,sam2,1.0,2996.766,45.665
773,rebounding,1,361,390,7865,115.68,sam2,1.0,2996.766,45.665
774,rebounding,1,360,390,8135,119.65,sam2,1.0,2996.766,45.665
775,rebounding,1,359,390,8323,122.42,sam2,1.0,2996.766,45.665
776,rebounding,1,358,391,8531,125.47,sam2,1.414,4238.068,64.58
777,rebounding,1,357,392,8736,128.49,sam2,1.414,4238.068,64.58
778,rebounding,1,356,393,9009,132.5,sam2,1.414,4238.068,64.58
779,rebounding,1,354,395,9160,134.73,sam2,2.828,8476.136,129.16
780,rebounding,1,353,396,9375,137.89,sam2,1.414,4238.068,64.58
781,rebounding,1,351,396,9233,135.8,sam2,2.0,5993.533,91.33
782,rebounding,1,350,397,9174,134.93,sam2,1.414,4238.068,64.58
783,rebounding,1,350,397,8856,130.25,sam2,0.0,0.0,0.0
784,rebounding,1,349,398,8509,125.15,sam2,1.414,4238.068,64.58
785,rebounding,1,348,398,8389,123.39,sam2,1.0,2996.766,45.665
786,rebounding,1,347,399,8169,120.15,sam2,1.414,4238.068,64.58
787,rebounding,1,346,400,7983,117.41,sam2,1.414,4238.068,64.58
788,rebounding,1,346,402,7868,115.72,sam2,2.0,5993.533,91.33
789,rebounding,1,346,405,7784,114.49,sam2,3.0,8990.299,136.995
790,rebounding,1,345,407,7814,114.93,sam2,2.236,6700.974,102.11
791,rebounding,1,345,409,7910,116.34,sam2,2.0,5993.533,91.33
792,rebounding,1,344,411,8211,120.77,sam2,2.236,6700.974,102.11
793,rebounding,1,344,413,8369,123.09,sam2,2.0,5993.533,91.33
794,rebounding,1,342,414,8840,130.02,sam2,2.236,6700.974,102.11
795,rebounding,1,341,417,9448,138.96,sam2,3.162,9476.608,144.405
796,rebounding,1,341,418,9682,142.4,sam2,1.0,2996.766,45.665
797,rebounding,1,339,419,9928,146.02,sam2,2.236,6700.974,102.11
798,rebounding,1,339,421,10033,147.57,sam2,2.0,5993.533,91.33
799,rebounding,1,338,422,9744,143.32,sam2,1.414,4238.068,64.58
800,rebounding,1,338,423,9399,138.24,sam2,1.0,2996.766,45.665
801,rebounding,1,337,424,9237,135.86,sam2,1.414,4238.068,64.58
802,rebounding,1,336,427,9229,135.74,sam2,3.162,9476.608,144.405
803,rebounding,1,335,430,9169,134.86,sam2,3.162,9476.608,144.405
804,rebounding,1,335,429,7761,114.15,sam2,1.0,2996.766,45.665
805,rebounding,1,330,434,8863,130.36,sam2,7.071,21190.339,322.9
806,rebounding,1,329,435,8945,131.56,sam2,1.414,4238.068,64.58
807,rebounding,1,328,437,9348,137.49,sam2,2.236,6700.974,102.11
808,rebounding,1,328,436,9325,137.15,sam2,1.0,2996.766,45.665
809,rebounding,1,327,435,9385,138.04,sam2,1.414,4238.068,64.58
810,rebounding,1,327,435,9602,141.23,sam2,0.0,0.0,0.0
811,rebounding,1,327,434,9521,140.04,sam2,1.0,2996.766,45.665
812,rebounding,1,327,436,9879,145.3,sam2,2.0,5993.533,91.33
813,rebounding,1,326,434,9661,142.09,sam2,2.236,6700.974,102.11
814,rebounding,1,324,434,9615,141.42,sam2,2.0,5993.533,91.33
815,rebounding,1,323,432,9438,138.81,sam2,2.236,6700.974,102.11
816,rebounding,1,322,432,9586,140.99,sam2,1.0,2996.766,45.665
817,rebounding,1,322,432,9619,141.48,sam2,0.0,0.0,0.0
818,rebounding,1,322,429,9412,138.43,sam2,3.0,8990.299,136.995
819,rebounding,1,321,429,9736,143.2,sam2,1.0,2996.766,45.665
820,rebounding,1,321,426,9799,144.12,sam2,3.0,8990.299,136.995
821,rebounding,1,321,424,9988,146.9,sam2,2.0,5993.533,91.33
822,rebounding,1,321,423,9918,145.87,sam2,1.0,2996.766,45.665
823,rebounding,1,320,421,10138,149.11,sam2,2.236,6700.974,102.11
824,rebounding,1,320,421,10469,153.98,sam2,0.0,0.0,0.0
825,rebounding,1,319,420,10412,153.14,sam2,1.414,4238.068,64.58
826,rebounding,1,318,421,10837,159.39,sam2,1.414,4238.068,64.58
827,rebounding,1,318,419,10498,154.41,sam2,2.0,5993.533,91.33
828,rebounding,1,318,418,10354,152.29,sam2,1.0,2996.766,45.665
829,rebounding,1,318,418,10372,152.55,sam2,0.0,0.0,0.0
830,rebounding,1,318,418,10153,149.33,sam2,0.0,0.0,0.0
831,rebounding,1,317,419,10150,149.29,sam2,1.414,4238.068,64.58
832,rebounding,1,317,419,9986,146.87,sam2,0.0,0.0,0.0
833,rebounding,1,317,419,9755,143.48,sam2,0.0,0.0,0.0
834,rebounding,1,317,421,9880,145.32,sam2,2.0,5993.533,91.33
835,rebounding,1,317,421,9805,144.21,sam2,0.0,0.0,0.0
836,rebounding,1,316,420,9672,142.26,sam2,1.414,4238.068,64.58
837,rebounding,1,316,421,9820,144.43,sam2,1.0,2996.766,45.665
838,rebounding,1,316,421,9750,143.4,sam2,0.0,0.0,0.0
839,rebounding,1,316,422,9700,142.67,sam2,1.0,2996.766,45.665
840,rebounding,1,317,423,9869,145.15,sam2,1.414,4238.068,64.58
841,rebounding,1,317,424,9872,145.2,sam2,1.0,2996.766,45.665
842,rebounding,1,317,425,9791,144.01,sam2,1.0,2996.766,45.665
843,rebounding,1,317,427,9575,140.83,sam2,2.0,5993.533,91.33
844,rebounding,1,317,428,9544,140.37,sam2,1.0,2996.766,45.665
845,rebounding,1,317,429,9362,137.7,sam2,1.0,2996.766,45.665
846,rebounding,1,317,430,9225,135.68,sam2,1.0,2996.766,45.665
847,rebounding,1,317,432,9027,132.77,sam2,2.0,5993.533,91.33
848,rebounding,1,317,433,8932,131.37,sam2,1.0,2996.766,45.665
849,rebounding,1,317,434,8952,131.67,sam2,1.0,2996.766,45.665
850,rebounding,1,317,433,8831,129.89,sam2,1.0,2996.766,45.665
851,rebounding,1,317,433,8822,129.75,sam2,0.0,0.0,0.0
852,rebounding,1,317,434,9151,134.59,sam2,1.0,2996.766,45.665
853,rebounding,1,318,433,9112,134.02,sam2,1.414,4238.068,64.58
854,rebounding,1,318,433,9033,132.86,sam2,0.0,0.0,0.0
855,rebounding,1,319,433,9085,133.62,sam2,1.0,2996.766,45.665
856,rebounding,1,319,432,9144,134.49,sam2,1.0,2996.766,45.665
857,rebounding,1,319,432,9151,134.59,sam2,0.0,0.0,0.0
858,rebounding,1,319,432,9159,134.71,sam2,0.0,0.0,0.0
859,rebounding,1,319,431,9106,133.93,sam2,1.0,2996.766,45.665
860,rebounding,1,318,429,9168,134.84,sam2,2.236,6700.974,102.11
861,rebounding,1,319,428,9296,136.73,sam2,1.414,4238.068,64.58
862,rebounding,1,318,429,9496,139.67,sam2,1.414,4238.068,64.58
863,rebounding,1,319,428,9941,146.21,sam2,1.414,4238.068,64.58
864,rebounding,1,319,426,10093,148.45,sam2,2.0,5993.533,91.33
865,rebounding,1,320,425,10176,149.67,sam2,1.414,4238.068,64.58
866,rebounding,1,320,423,10087,148.36,sam2,2.0,5993.533,91.33
867,rebounding,1,321,422,10130,148.99,sam2,1.414,4238.068,64.58
868,rebounding,1,321,423,10384,152.73,sam2,1.0,2996.766,45.665
869,rebounding,1,321,422,10389,152.8,sam2,1.0,2996.766,45.665
870,rebounding,1,321,420,10043,147.71,sam2,2.0,5993.533,91.33
871,rebounding,1,321,422,10046,147.76,sam2,2.0,5993.533,91.33
872,rebounding,1,320,422,10057,147.92,sam2,1.0,2996.766,45.665
873,rebounding,1,321,423,9961,146.51,sam2,1.414,4238.068,64.58
874,rebounding,1,321,423,9861,145.04,sam2,0.0,0.0,0.0
875,rebounding,1,321,424,9827,144.54,sam2,1.0,2996.766,45.665
876,rebounding,1,322,425,9905,145.68,sam2,1.414,4238.068,64.58
877,rebounding,1,323,425,9864,145.08,sam2,1.0,2996.766,45.665
878,rebounding,1,323,425,9687,142.48,sam2,0.0,0.0,0.0
879,rebounding,1,324,425,9570,140.76,sam2,1.0,2996.766,45.665
880,rebounding,1,324,426,9546,140.4,sam2,1.0,2996.766,45.665
881,rebounding,1,324,428,9798,144.11,sam2,2.0,5993.533,91.33
882,rebounding,1,324,429,9814,144.34,sam2,1.0,2996.766,45.665
883,rebounding,1,324,430,9722,142.99,sam2,1.0,2996.766,45.665
884,rebounding,1,324,431,9490,139.58,sam2,1.0,2996.766,45.665
885,rebounding,1,324,432,9558,140.58,sam2,1.0,2996.766,45.665
886,rebounding,1,325,433,9239,135.89,sam2,1.414,4238.068,64.58
887,rebounding,1,325,435,9363,137.71,sam2,2.0,5993.533,91.33
888,rebounding,1,325,435,9224,135.67,sam2,0.0,0.0,0.0
889,rebounding,1,326,436,9271,136.36,sam2,1.414,4238.068,64.58
890,rebounding,1,326,434,9062,133.28,sam2,2.0,5993.533,91.33
891,rebounding,1,327,434,8987,132.18,sam2,1.0,2996.766,45.665
892,rebounding,1,327,434,9318,137.05,sam2,0.0,0.0,0.0
893,rebounding,1,328,433,9237,135.86,sam2,1.414,4238.068,64.58
894,rebounding,1,328,433,9267,136.3,sam2,0.0,0.0,0.0
895,rebounding,1,328,433,9319,137.06,sam2,0.0,0.0,0.0
896,rebounding,1,327,434,9565,140.68,sam2,1.414,4238.068,64.58
897,rebounding,1,327,433,9557,140.56,sam2,1.0,2996.766,45.665
898,rebounding,1,327,434,9826,144.52,sam2,1.0,2996.766,45.665
899,rebounding,1,327,432,9743,143.3,sam2,2.0,5993.533,91.33
900,rebounding,1,328,430,9681,142.39,sam2,2.236,6700.974,102.11
901,rebounding,1,329,429,9536,140.26,sam2,1.414,4238.068,64.58
902,rebounding,1,328,428,9656,142.02,sam2,1.414,4238.068,64.58
903,rebounding,1,329,427,9734,143.17,sam2,1.414,4238.068,64.58
904,rebounding,1,329,428,10047,147.77,sam2,1.0,2996.766,45.665
905,rebounding,1,329,426,10003,147.12,sam2,2.0,5993.533,91.33
906,rebounding,1,329,426,10338,152.05,sam2,0.0,0.0,0.0
907,rebounding,1,329,426,10161,149.45,sam2,0.0,0.0,0.0
908,rebounding,1,328,426,10344,152.14,sam2,1.0,2996.766,45.665
909,rebounding,1,328,425,10156,149.37,sam2,1.0,2996.766,45.665
910,rebounding,1,329,424,9930,146.05,sam2,1.414,4238.068,64.58
911,rebounding,1,328,425,10075,148.18,sam2,1.414,4238.068,64.58
912,rebounding,1,327,426,10204,150.08,sam2,1.414,4238.068,64.58
913,rebounding,1,328,426,9881,145.33,sam2,1.0,2996.766,45.665
914,rebounding,1,327,426,9840,144.73,sam2,1.0,2996.766,45.665
915,rebounding,1,328,427,9813,144.33,sam2,1.414,4238.068,64.58
916,rebounding,1,327,429,9936,146.14,sam2,2.236,6700.974,102.11
917,rebounding,1,327,429,9855,144.95,sam2,0.0,0.0,0.0
918,rebounding,1,327,430,9906,145.7,sam2,1.0,2996.766,45.665
919,rebounding,1,327,431,9847,144.83,sam2,1.0,2996.766,45.665
920,rebounding,1,327,431,9632,141.67,sam2,0.0,0.0,0.0
921,rebounding,1,326,433,9607,141.3,sam2,2.236,6700.974,102.11
922,rebounding,1,326,433,9665,142.15,sam2,0.0,0.0,0.0
923,rebounding,1,325,433,9580,140.9,sam2,1.0,2996.766,45.665
924,rebounding,1,325,436,9447,138.95,sam2,3.0,8990.299,136.995
925,rebounding,1,325,436,9154,134.64,sam2,0.0,0.0,0.0
926,rebounding,1,325,435,8989,132.21,sam2,1.0,2996.766,45.665
927,rebounding,1,324,436,9232,135.78,sam2,1.414,4238.068,64.58
928,rebounding,1,324,435,9286,136.58,sam2,1.0,2996.766,45.665
929,rebounding,1,324,434,9268,136.31,sam2,1.0,2996.766,45.665
930,rebounding,1,325,433,9382,137.99,sam2,1.414,4238.068,64.58
931,rebounding,1,324,433,9635,141.71,sam2,1.0,2996.766,45.665
932,rebounding,1,324,433,9733,143.15,sam2,0.0,0.0,0.0
933,rebounding,1,323,432,9638,141.76,sam2,1.414,4238.068,64.58
934,rebounding,1,323,431,9706,142.76,sam2,1.0,2996.766,45.665
935,rebounding,1,323,430,9564,140.67,sam2,1.0,2996.766,45.665
936,rebounding,1,322,432,9964,146.55,sam2,2.236,6700.974,102.11
937,rebounding,1,322,430,9759,143.54,sam2,2.0,5993.533,91.33
938,rebounding,1,322,430,9690,142.52,sam2,0.0,0.0,0.0
939,rebounding,1,321,429,9702,142.7,sam2,1.414,4238.068,64.58
940,rebounding,1,321,428,9878,145.29,sam2,1.0,2996.766,45.665
941,rebounding,1,321,428,10140,149.14,sam2,0.0,0.0,0.0
942,rebounding,1,320,426,10043,147.71,sam2,2.236,6700.974,102.11
943,rebounding,1,320,424,9922,145.93,sam2,2.0,5993.533,91.33
944,rebounding,1,320,425,10108,148.67,sam2,1.0,2996.766,45.665
945,rebounding,1,320,423,9750,143.4,sam2,2.0,5993.533,91.33
946,rebounding,1,320,423,10032,147.55,sam2,0.0,0.0,0.0
947,rebounding,1,320,425,10271,151.07,sam2,2.0,5993.533,91.33
948,rebounding,1,320,424,10048,147.79,sam2,1.0,2996.766,45.665
949,rebounding,1,320,423,9744,143.32,sam2,1.0,2996.766,45.665
950,rebounding,1,319,425,9933,146.1,sam2,2.236,6700.974,102.11
951,rebounding,1,319,425,9885,145.39,sam2,0.0,0.0,0.0
952,rebounding,1,319,425,9687,142.48,sam2,0.0,0.0,0.0
953,rebounding,1,320,427,9762,143.58,sam2,2.236,6700.974,102.11
954,rebounding,1,320,428,9756,143.49,sam2,1.0,2996.766,45.665
955,rebounding,1,320,429,9768,143.67,sam2,1.0,2996.766,45.665
956,rebounding,1,319,430,9844,144.79,sam2,1.414,4238.068,64.58
957,rebounding,1,320,430,9564,140.67,sam2,1.0,2996.766,45.665
958,rebounding,1,320,430,9311,136.95,sam2,0.0,0.0,0.0
959,rebounding,1,320,432,9381,137.98,sam2,2.0,5993.533,91.33
960,rebounding,1,321,431,9041,132.98,sam2,1.414,4238.068,64.58
961,rebounding,1,321,432,9378,137.93,sam2,1.0,2996.766,45.665
962,rebounding,1,321,433,8946,131.58,sam2,1.0,2996.766,45.665
963,rebounding,1,321,434,8849,130.15,sam2,1.0,2996.766,45.665
964,rebounding,1,321,434,8952,131.67,sam2,0.0,0.0,0.0
965,rebounding,1,320,435,9041,132.98,sam2,1.414,4238.068,64.58
966,rebounding,1,321,435,9098,133.81,sam2,1.0,2996.766,45.665
967,rebounding,1,321,434,9244,135.96,sam2,1.0,2996.766,45.665
968,rebounding,1,321,433,9397,138.21,sam2,1.0,2996.766,45.665
969,rebounding,1,321,433,9584,140.96,sam2,0.0,0.0,0.0
970,rebounding,1,322,432,9633,141.68,sam2,1.414,4238.068,64.58
971,rebounding,1,322,431,9809,144.27,sam2,1.0,2996.766,45.665
972,rebounding,1,322,430,9723,143.01,sam2,1.0,2996.766,45.665
973,rebounding,1,322,431,9968,146.61,sam2,1.0,2996.766,45.665
974,rebounding,1,322,429,9779,143.83,sam2,2.0,5993.533,91.33
975,rebounding,1,322,429,9924,145.96,sam2,0.0,0.0,0.0
976,rebounding,1,322,428,9810,144.29,sam2,1.0,2996.766,45.665
977,rebounding,1,322,427,9901,145.62,sam2,1.0,2996.766,45.665
978,rebounding,1,323,427,10105,148.62,sam2,1.0,2996.766,45.665
979,rebounding,1,323,427,10181,149.74,sam2,0.0,0.0,0.0
980,rebounding,1,323,427,10258,150.88,sam2,0.0,0.0,0.0
981,rebounding,1,324,425,10016,147.32,sam2,2.236,6700.974,102.11
982,rebounding,1,323,425,10223,150.36,sam2,1.0,2996.766,45.665
983,rebounding,1,323,425,9975,146.71,sam2,0.0,0.0,0.0
984,rebounding,1,324,424,9966,146.58,sam2,1.414,4238.068,64.58
985,rebounding,1,325,424,9884,145.37,sam2,1.0,2996.766,45.665
986,rebounding,1,325,426,9888,145.43,sam2,2.0,5993.533,91.33
987,rebounding,1,325,427,9853,144.92,sam2,1.0,2996.766,45.665
988,rebounding,1,325,428,9932,146.08,sam2,1.0,2996.766,45.665
989,rebounding,1,325,428,9708,142.79,sam2,0.0,0.0,0.0
990,rebounding,1,325,429,9796,144.08,sam2,1.0,2996.766,45.665
991,rebounding,1,326,429,9582,140.93,sam2,1.0,2996.766,45.665
992,rebounding,1,326,429,9375,137.89,sam2,0.0,0.0,0.0
993,rebounding,1,326,430,9382,137.99,sam2,1.0,2996.766,45.665
994,rebounding,1,326,431,9400,138.26,sam2,1.0,2996.766,45.665
995,rebounding,1,327,431,9329,137.21,sam2,1.0,2996.766,45.665
996,rebounding,1,327,432,9399,138.24,sam2,1.0,2996.766,45.665
997,rebounding,1,326,434,9333,137.27,sam2,2.236,6700.974,102.11
998,rebounding,1,327,432,9266,136.28,sam2,2.236,6700.974,102.11
999,rebounding,1,327,434,9280,136.49,sam2,2.0,5993.533,91.33
1000,rebounding,1,326,435,9188,135.14,sam2,1.414,4238.068,64.58
1001,rebounding,1,326,436,9118,134.11,sam2,1.0,2996.766,45.665
1002,rebounding,1,327,435,9117,134.09,sam2,1.414,4238.068,64.58
1003,rebounding,1,327,435,9184,135.08,sam2,0.0,0.0,0.0
1004,rebounding,1,326,434,9418,138.52,sam2,1.414,4238.068,64.58
1005,rebounding,1,327,434,9464,139.2,sam2,1.0,2996.766,45.665
1006,rebounding,1,327,434,9662,142.11,sam2,0.0,0.0,0.0
1007,rebounding,1,327,433,9634,141.7,sam2,1.0,2996.766,45.665
1008,rebounding,1,327,431,9679,142.36,sam2,2.0,5993.533,91.33
1009,rebounding,1,327,431,9750,143.4,sam2,0.0,0.0,0.0
1010,rebounding,1,327,430,9648,141.9,sam2,1.0,2996.766,45.665
1011,rebounding,1,327,430,9861,145.04,sam2,0.0,0.0,0.0
1012,rebounding,1,327,429,9841,144.74,sam2,1.0,2996.766,45.665
1013,rebounding,1,327,428,9811,144.3,sam2,1.0,2996.766,45.665
1014,rebounding,1,327,427,9758,143.52,sam2,1.0,2996.766,45.665
1015,rebounding,1,326,427,9852,144.9,sam2,1.0,2996.766,45.665
1016,rebounding,1,326,426,10024,147.43,sam2,1.0,2996.766,45.665
1017,rebounding,1,326,425,10025,147.45,sam2,1.0,2996.766,45.665
1018,rebounding,1,326,426,10231,150.48,sam2,1.0,2996.766,45.665
1019,rebounding,1,326,424,9738,143.23,sam2,2.0,5993.533,91.33
1020,rebounding,1,326,425,9967,146.6,sam2,1.0,2996.766,45.665
1021,rebounding,1,326,425,10048,147.79,sam2,0.0,0.0,0.0
1022,rebounding,1,326,425,9880,145.32,sam2,0.0,0.0,0.0
1023,rebounding,1,325,424,9705,142.74,sam2,1.414,4238.068,64.58
1024,rebounding,1,325,427,9935,146.12,sam2,3.0,8990.299,136.995
1025,rebounding,1,325,426,9697,142.62,sam2,1.0,2996.766,45.665
1026,rebounding,1,324,428,9601,141.21,sam2,2.236,6700.974,102.11
1027,rebounding,1,324,428,9519,140.01,sam2,0.0,0.0,0.0
1028,rebounding,1,323,430,9711,142.83,sam2,2.236,6700.974,102.11
1029,rebounding,1,323,430,9402,138.29,sam2,0.0,0.0,0.0
1030,rebounding,1,323,431,9550,140.46,sam2,1.0,2996.766,45.665
1031,rebounding,1,323,431,9526,140.11,sam2,0.0,0.0,0.0
1032,rebounding,1,323,432,9581,140.92,sam2,1.0,2996.766,45.665
1033,rebounding,1,323,434,9822,144.46,sam2,2.0,5993.533,91.33
1034,rebounding,1,323,433,9497,139.68,sam2,1.0,2996.766,45.665
1035,rebounding,1,323,434,9394,138.17,sam2,1.0,2996.766,45.665
1036,rebounding,1,322,435,9456,139.08,sam2,1.414,4238.068,64.58
1037,rebounding,1,322,434,9195,135.24,sam2,1.0,2996.766,45.665
1038,rebounding,1,321,434,9269,136.33,sam2,1.0,2996.766,45.665
1039,rebounding,1,321,435,9199,135.3,sam2,1.0,2996.766,45.665
1040,rebounding,1,321,434,9272,136.37,sam2,1.0,2996.766,45.665
1041,rebounding,1,321,433,9345,137.45,sam2,1.0,2996.766,45.665
1042,rebounding,1,322,433,9353,137.56,sam2,1.0,2996.766,45.665
1043,rebounding,1,321,432,9476,139.37,sam2,1.414,4238.068,64.58
1044,rebounding,1,321,432,9529,140.15,sam2,0.0,0.0,0.0
1045,rebounding,1,321,431,9694,142.58,sam2,1.0,2996.766,45.665
1046,rebounding,1,321,430,9586,140.99,sam2,1.0,2996.766,45.665
1047,rebounding,1,320,430,9702,142.7,sam2,1.0,2996.766,45.665
1048,rebounding,1,320,429,9826,144.52,sam2,1.0,2996.766,45.665
1049,rebounding,1,320,429,10052,147.85,sam2,0.0,0.0,0.0
1050,rebounding,1,320,428,10028,147.49,sam2,1.0,2996.766,45.665
1051,rebounding,1,320,427,9888,145.43,sam2,1.0,2996.766,45.665
1052,rebounding,1,320,428,10177,149.68,sam2,1.0,2996.766,45.665
1053,rebounding,1,320,426,9854,144.93,sam2,2.0,5993.533,91.33
1054,rebounding,1,319,427,10170,149.58,sam2,1.414,4238.068,64.58
1055,rebounding,1,319,425,10027,147.48,sam2,2.0,5993.533,91.33
1056,rebounding,1,320,425,10130,148.99,sam2,1.0,2996.766,45.665
1057,rebounding,1,320,424,9991,146.95,sam2,1.0,2996.766,45.665
1058,rebounding,1,320,425,10078,148.23,sam2,1.0,2996.766,45.665
1059,rebounding,1,320,425,10055,147.89,sam2,0.0,0.0,0.0
1060,rebounding,1,320,424,9806,144.23,sam2,1.0,2996.766,45.665
1061,rebounding,1,320,425,9931,146.07,sam2,1.0,2996.766,45.665
1062,rebounding,1,320,427,9875,145.24,sam2,2.0,5993.533,91.33
1063,rebounding,1,321,427,9624,141.55,sam2,1.0,2996.766,45.665
1064,rebounding,1,321,429,9774,143.76,sam2,2.0,5993.533,91.33
1065,rebounding,1,321,430,9611,141.36,sam2,1.0,2996.766,45.665
1066,rebounding,1,321,430,9481,139.45,sam2,0.0,0.0,0.0
1067,rebounding,1,321,431,9335,137.3,sam2,1.0,2996.766,45.665
1068,rebounding,1,322,431,9441,138.86,sam2,1.0,2996.766,45.665
1069,rebounding,1,321,433,9644,141.84,sam2,2.236,6700.974,102.11
1070,rebounding,1,322,432,9221,135.62,sam2,1.414,4238.068,64.58
1071,rebounding,1,322,433,9361,137.68,sam2,1.0,2996.766,45.665
1072,rebounding,1,322,434,9521,140.04,sam2,1.0,2996.766,45.665
1073,rebounding,1,323,434,9382,137.99,sam2,1.0,2996.766,45.665
1074,rebounding,1,323,434,9453,139.04,sam2,0.0,0.0,0.0
1075,rebounding,1,323,434,9258,136.17,sam2,0.0,0.0,0.0
1076,rebounding,1,323,434,9351,137.53,sam2,0.0,0.0,0.0
1077,rebounding,1,324,434,9334,137.28,sam2,1.0,2996.766,45.665
1078,rebounding,1,324,433,9200,135.31,sam2,1.0,2996.766,45.665
1079,rebounding,1,324,433,9439,138.83,sam2,0.0,0.0,0.0
1080,rebounding,1,324,434,9838,144.7,sam2,1.0,2996.766,45.665
1081,rebounding,1,324,432,9855,144.95,sam2,2.0,5993.533,91.33
1082,rebounding,1,325,431,9569,140.74,sam2,1.414,4238.068,64.58
1083,rebounding,1,325,430,9609,141.33,sam2,1.0,2996.766,45.665
1084,rebounding,1,325,430,9745,143.33,sam2,0.0,0.0,0.0
1085,rebounding,1,325,429,9838,144.7,sam2,1.0,2996.766,45.665
1086,rebounding,1,325,428,9890,145.46,sam2,1.0,2996.766,45.665
1087,rebounding,1,326,427,9769,143.68,sam2,1.414,4238.068,64.58
1088,rebounding,1,326,427,9902,145.64,sam2,0.0,0.0,0.0
1089,rebounding,1,326,427,9973,146.68,sam2,0.0,0.0,0.0
1090,rebounding,1,326,427,10268,151.02,sam2,0.0,0.0,0.0
1091,rebounding,1,326,426,9900,145.61,sam2,1.0,2996.766,45.665
1092,rebounding,1,326,427,10016,147.32,sam2,1.0,2996.766,45.665
1093,rebounding,1,326,427,10067,148.07,sam2,0.0,0.0,0.0
1094,rebounding,1,326,425,9821,144.45,sam2,2.0,5993.533,91.33
1095,rebounding,1,327,425,9846,144.82,sam2,1.0,2996.766,45.665
1096,rebounding,1,327,426,9868,145.14,sam2,1.0,2996.766,45.665
1097,rebounding,1,327,426,10029,147.51,sam2,0.0,0.0,0.0
1098,rebounding,1,327,427,9804,144.2,sam2,1.0,2996.766,45.665
1099,rebounding,1,327,428,9732,143.14,sam2,1.0,2996.766,45.665
1100,rebounding,1,327,429,9630,141.64,sam2,1.0,2996.766,45.665
1101,rebounding,1,327,428,9475,139.36,sam2,1.0,2996.766,45.665
1102,rebounding,1,327,430,9371,137.83,sam2,2.0,5993.533,91.33
1103,rebounding,1,327,431,9580,140.9,sam2,1.0,2996.766,45.665
1104,rebounding,1,327,432,9541,140.33,sam2,1.0,2996.766,45.665
1105,rebounding,1,327,432,9557,140.56,sam2,0.0,0.0,0.0
1106,rebounding,1,327,432,9280,136.49,sam2,0.0,0.0,0.0
1107,rebounding,1,326,434,9565,140.68,sam2,2.236,6700.974,102.11
1108,rebounding,1,326,435,9472,139.31,sam2,1.0,2996.766,45.665
1109,rebounding,1,327,434,9594,141.11,sam2,1.414,4238.068,64.58
1110,rebounding,1,327,434,9205,135.39,sam2,0.0,0.0,0.0
1111,rebounding,1,327,434,9288,136.61,sam2,0.0,0.0,0.0
1112,rebounding,1,326,433,9103,133.89,sam2,1.414,4238.068,64.58
1113,rebounding,1,326,433,9255,136.12,sam2,0.0,0.0,0.0
1114,rebounding,1,326,434,9304,136.84,sam2,1.0,2996.766,45.665
1115,rebounding,1,326,433,9430,138.7,sam2,1.0,2996.766,45.665
1116,rebounding,1,326,432,9423,138.59,sam2,1.0,2996.766,45.665
1117,rebounding,1,325,432,9390,138.11,sam2,1.0,2996.766,45.665
1118,rebounding,1,325,430,9421,138.56,sam2,2.0,5993.533,91.33
1119,rebounding,1,325,431,9583,140.95,sam2,1.0,2996.766,45.665
1120,rebounding,1,325,429,9568,140.73,sam2,2.0,5993.533,91.33
1121,rebounding,1,324,430,9891,145.48,sam2,1.414,4238.068,64.58
1122,rebounding,1,324,428,9726,143.05,sam2,2.0,5993.533,91.33
1123,rebounding,1,324,428,9978,146.76,sam2,0.0,0.0,0.0
1124,rebounding,1,324,427,9827,144.54,sam2,1.0,2996.766,45.665
1125,rebounding,1,324,427,9800,144.14,sam2,0.0,0.0,0.0
1126,rebounding,1,324,426,9913,145.8,sam2,1.0,2996.766,45.665
1127,rebounding,1,323,426,9885,145.39,sam2,1.0,2996.766,45.665
1128,rebounding,1,323,427,9969,146.62,sam2,1.0,2996.766,45.665
1129,rebounding,1,323,427,9930,146.05,sam2,0.0,0.0,0.0
1130,rebounding,1,323,426,9731,143.12,sam2,1.0,2996.766,45.665
1131,rebounding,1,323,426,9725,143.04,sam2,0.0,0.0,0.0
1132,rebounding,1,322,427,9948,146.32,sam2,1.414,4238.068,64.58
1133,rebounding,1,323,426,9787,143.95,sam2,1.414,4238.068,64.58
1134,rebounding,1,322,427,9855,144.95,sam2,1.414,4238.068,64.58
1135,rebounding,1,322,427,9678,142.34,sam2,0.0,0.0,0.0
1136,rebounding,1,322,429,9956,146.43,sam2,2.0,5993.533,91.33
1137,rebounding,1,322,428,9691,142.54,sam2,1.0,2996.766,45.665
1138,rebounding,1,322,428,9443,138.89,sam2,0.0,0.0,0.0
1139,rebounding,1,322,430,9577,140.86,sam2,2.0,5993.533,91.33
1140,rebounding,1,322,431,9477,139.39,sam2,1.0,2996.766,45.665
1141,rebounding,1,321,431,9467,139.24,sam2,1.0,2996.766,45.665
1142,rebounding,1,321,432,9577,140.86,sam2,1.0,2996.766,45.665
1143,rebounding,1,321,433,9515,139.95,sam2,1.0,2996.766,45.665
1144,rebounding,1,321,432,9249,136.03,sam2,1.0,2996.766,45.665
1145,rebounding,1,321,433,9120,134.14,sam2,1.0,2996.766,45.665
1146,rebounding,1,322,434,9097,133.8,sam2,1.414,4238.068,64.58
1147,rebounding,1,322,433,9050,133.11,sam2,1.0,2996.766,45.665
1148,rebounding,1,321,433,9087,133.65,sam2,1.0,2996.766,45.665
1149,rebounding,1,321,433,9243,135.95,sam2,0.0,0.0,0.0
1150,rebounding,1,321,432,9089,133.68,sam2,1.0,2996.766,45.665
1151,rebounding,1,321,434,9453,139.04,sam2,2.0,5993.533,91.33
1152,rebounding,1,321,432,9205,135.39,sam2,2.0,5993.533,91.33
1153,rebounding,1,321,433,9403,138.3,sam2,1.0,2996.766,45.665
1154,rebounding,1,321,431,9579,140.89,sam2,2.0,5993.533,91.33
1155,rebounding,1,321,431,9477,139.39,sam2,0.0,0.0,0.0
1156,rebounding,1,321,429,9522,140.05,sam2,2.0,5993.533,91.33
1157,rebounding,1,321,429,9573,140.8,sam2,0.0,0.0,0.0
1158,rebounding,1,320,428,9782,143.87,sam2,1.414,4238.068,64.58
1159,rebounding,1,321,428,9707,142.77,sam2,1.0,2996.766,45.665
1160,rebounding,1,321,427,9743,143.3,sam2,1.0,2996.766,45.665
1161,rebounding,1,321,426,9785,143.92,sam2,1.0,2996.766,45.665
1162,rebounding,1,321,425,9791,144.01,sam2,1.0,2996.766,45.665
1163,rebounding,1,321,425,9989,146.92,sam2,0.0,0.0,0.0
1164,rebounding,1,321,426,10136,149.08,sam2,1.0,2996.766,45.665
1165,rebounding,1,321,426,10032,147.55,sam2,0.0,0.0,0.0
1166,rebounding,1,322,425,9754,143.46,sam2,1.414,4238.068,64.58
1167,rebounding,1,322,425,9773,143.74,sam2,0.0,0.0,0.0
1168,rebounding,1,322,424,9577,140.86,sam2,1.0,2996.766,45.665
1169,rebounding,1,322,426,9809,144.27,sam2,2.0,5993.533,91.33
1170,rebounding,1,322,426,9722,142.99,sam2,0.0,0.0,0.0
1171,rebounding,1,323,426,9655,142.01,sam2,1.0,2996.766,45.665
1172,rebounding,1,322,428,9759,143.54,sam2,2.236,6700.974,102.11
1173,rebounding,1,323,429,9763,143.59,sam2,1.414,4238.068,64.58
1174,rebounding,1,323,429,9507,139.83,sam2,0.0,0.0,0.0
1175,rebounding,1,324,429,9303,136.83,sam2,1.0,2996.766,45.665
1176,rebounding,1,323,430,9339,137.36,sam2,1.414,4238.068,64.58
1177,rebounding,1,323,430,9338,137.34,sam2,0.0,0.0,0.0
1178,rebounding,1,324,432,9444,138.9,sam2,2.236,6700.974,102.11
1179,rebounding,1,324,430,9050,133.11,sam2,2.0,5993.533,91.33
1180,rebounding,1,324,432,9163,134.77,sam2,2.0,5993.533,91.33
1181,rebounding,1,324,433,9329,137.21,sam2,1.0,2996.766,45.665
1182,rebounding,1,324,435,9462,139.17,sam2,2.0,5993.533,91.33
1183,rebounding,1,324,434,9451,139.01,sam2,1.0,2996.766,45.665
1184,rebounding,1,325,433,9294,136.7,sam2,1.414,4238.068,64.58
1185,rebounding,1,325,433,9255,136.12,sam2,0.0,0.0,0.0
1186,rebounding,1,325,434,9423,138.59,sam2,1.0,2996.766,45.665
1187,rebounding,1,325,432,9263,136.24,sam2,2.0,5993.533,91.33
1188,rebounding,1,326,432,9355,137.59,sam2,1.0,2996.766,45.665
1189,rebounding,1,326,432,9324,137.14,sam2,0.0,0.0,0.0
1190,rebounding,1,326,432,9591,141.06,sam2,0.0,0.0,0.0
1191,rebounding,1,326,431,9495,139.65,sam2,1.0,2996.766,45.665
1192,rebounding,1,326,431,9565,140.68,sam2,0.0,0.0,0.0
1193,rebounding,1,327,430,9646,141.87,sam2,1.414,4238.068,64.58
1194,rebounding,1,327,429,9553,140.51,sam2,1.0,2996.766,45.665
1195,rebounding,1,327,429,9690,142.52,sam2,0.0,0.0,0.0
1196,rebounding,1,326,429,9710,142.82,sam2,1.0,2996.766,45.665
1197,rebounding,1,327,427,9594,141.11,sam2,2.236,6700.974,102.11
1198,rebounding,1,327,427,9789,143.98,sam2,0.0,0.0,0.0
1199,rebounding,1,327,427,9751,143.42,sam2,0.0,0.0,0.0
1200,rebounding,1,327,427,9809,144.27,sam2,0.0,0.0,0.0
1201,rebounding,1,327,426,9861,145.04,sam2,1.0,2996.766,45.665
1202,rebounding,1,327,426,9925,145.98,sam2,0.0,0.0,0.0
1203,rebounding,1,327,427,9962,146.52,sam2,1.0,2996.766,45.665
1204,rebounding,1,327,426,9674,142.29,sam2,1.0,2996.766,45.665
1205,rebounding,1,326,426,9641,141.8,sam2,1.0,2996.766,45.665
1206,rebounding,1,326,427,9830,144.58,sam2,1.0,2996.766,45.665
1207,rebounding,1,327,428,9633,141.68,sam2,1.414,4238.068,64.58
1208,rebounding,1,326,428,9759,143.54,sam2,1.0,2996.766,45.665
1209,rebounding,1,327,429,9644,141.84,sam2,1.414,4238.068,64.58
1210,rebounding,1,326,430,9884,145.37,sam2,1.414,4238.068,64.58
1211,rebounding,1,326,430,9531,140.18,sam2,0.0,0.0,0.0
1212,rebounding,1,326,431,9628,141.61,sam2,1.0,2996.766,45.665
1213,rebounding,1,326,431,9408,138.37,sam2,0.0,0.0,0.0
1214,rebounding,1,326,432,9392,138.14,sam2,1.0,2996.766,45.665
1215,rebounding,1,326,431,9199,135.3,sam2,1.0,2996.766,45.665
1216,rebounding,1,325,432,9306,136.87,sam2,1.414,4238.068,64.58
1217,rebounding,1,325,433,9423,138.59,sam2,1.0,2996.766,45.665
1218,rebounding,1,325,434,9281,136.51,sam2,1.0,2996.766,45.665
1219,rebounding,1,324,434,9429,138.68,sam2,1.0,2996.766,45.665
1220,rebounding,1,324,434,9050,133.11,sam2,0.0,0.0,0.0
1221,rebounding,1,324,434,9184,135.08,sam2,0.0,0.0,0.0
1222,rebounding,1,324,434,9196,135.26,sam2,0.0,0.0,0.0
1223,rebounding,1,324,433,9411,138.42,sam2,1.0,2996.766,45.665
1224,rebounding,1,324,432,9444,138.9,sam2,1.0,2996.766,45.665
1225,rebounding,1,324,433,9682,142.4,sam2,1.0,2996.766,45.665
1226,rebounding,1,323,432,9599,141.18,sam2,1.414,4238.068,64.58
1227,rebounding,1,323,430,9473,139.33,sam2,2.0,5993.533,91.33
1228,rebounding,1,322,431,9622,141.52,sam2,1.414,4238.068,64.58
1229,rebounding,1,322,431,9707,142.77,sam2,0.0,0.0,0.0
1230,rebounding,1,323,429,9479,139.42,sam2,2.236,6700.974,102.11
1231,rebounding,1,322,429,9681,142.39,sam2,1.0,2996.766,45.665
1232,rebounding,1,322,427,9517,139.98,sam2,2.0,5993.533,91.33
1233,rebounding,1,322,427,9623,141.54,sam2,0.0,0.0,0.0
1234,rebounding,1,322,426,9562,140.64,sam2,1.0,2996.766,45.665
1235,rebounding,1,322,426,9734,143.17,sam2,0.0,0.0,0.0
1236,rebounding,1,322,427,9837,144.68,sam2,1.0,2996.766,45.665
1237,rebounding,1,321,426,10020,147.37,sam2,1.414,4238.068,64.58
1238,rebounding,1,322,425,9785,143.92,sam2,1.414,4238.068,64.58
1239,rebounding,1,321,426,9904,145.67,sam2,1.414,4238.068,64.58
1240,rebounding,1,321,424,9535,140.24,sam2,2.0,5993.533,91.33
1241,rebounding,1,321,426,9650,141.93,sam2,2.0,5993.533,91.33
1242,rebounding,1,321,425,9677,142.33,sam2,1.0,2996.766,45.665
1243,rebounding,1,321,426,9601,141.21,sam2,1.0,2996.766,45.665
1244,rebounding,1,321,426,9585,140.98,sam2,0.0,0.0,0.0
1245,rebounding,1,321,427,9553,140.51,sam2,1.0,2996.766,45.665
1246,rebounding,1,321,429,9639,141.77,sam2,2.0,5993.533,91.33
1247,rebounding,1,321,429,9501,139.74,sam2,0.0,0.0,0.0
1248,rebounding,1,321,430,9569,140.74,sam2,1.0,2996.766,45.665
1249,rebounding,1,321,431,9544,140.37,sam2,1.0,2996.766,45.665
1250,rebounding,1,321,431,9494,139.64,sam2,0.0,0.0,0.0
1251,rebounding,1,321,431,9381,137.98,sam2,0.0,0.0,0.0
1252,rebounding,1,321,432,9363,137.71,sam2,1.0,2996.766,45.665
1253,rebounding,1,321,432,9465,139.21,sam2,0.0,0.0,0.0
1254,rebounding,1,321,433,9360,137.67,sam2,1.0,2996.766,45.665
1255,rebounding,1,321,433,9314,136.99,sam2,0.0,0.0,0.0
1256,rebounding,1,322,432,8907,131.0,sam2,1.414,4238.068,64.58
1257,rebounding,1,321,433,9160,134.73,sam2,1.414,4238.068,64.58
1258,rebounding,1,322,431,8888,130.73,sam2,2.236,6700.974,102.11
1259,rebounding,1,322,432,9296,136.73,sam2,1.0,2996.766,45.665
1260,rebounding,1,322,432,9216,135.55,sam2,0.0,0.0,0.0
1261,rebounding,1,322,432,9382,137.99,sam2,0.0,0.0,0.0
1262,rebounding,1,322,431,9236,135.84,sam2,1.0,2996.766,45.665
1263,rebounding,1,322,431,9502,139.76,sam2,0.0,0.0,0.0
1264,rebounding,1,322,431,9464,139.2,sam2,0.0,0.0,0.0
1265,rebounding,1,322,430,9485,139.51,sam2,1.0,2996.766,45.665
1266,rebounding,1,322,430,9579,140.89,sam2,0.0,0.0,0.0
1267,rebounding,1,323,430,9732,143.14,sam2,1.0,2996.766,45.665
1268,rebounding,1,323,428,9676,142.32,sam2,2.0,5993.533,91.33
1269,rebounding,1,323,427,9601,141.21,sam2,1.0,2996.766,45.665
1270,rebounding,1,323,427,9703,142.71,sam2,0.0,0.0,0.0
1271,rebounding,1,323,427,9722,142.99,sam2,0.0,0.0,0.0
1272,rebounding,1,323,426,9706,142.76,sam2,1.0,2996.766,45.665
1273,rebounding,1,324,426,9927,146.01,sam2,1.0,2996.766,45.665
1274,rebounding,1,324,427,9939,146.18,sam2,1.0,2996.766,45.665
1275,rebounding,1,324,426,9995,147.01,sam2,1.0,2996.766,45.665
1276,rebounding,1,324,426,9944,146.26,sam2,0.0,0.0,0.0
1277,rebounding,1,324,427,9967,146.6,sam2,1.0,2996.766,45.665
1278,rebounding,1,324,427,9969,146.62,sam2,0.0,0.0,0.0
1279,rebounding,1,324,427,9888,145.43,sam2,0.0,0.0,0.0
1280,rebounding,1,324,428,9788,143.96,sam2,1.0,2996.766,45.665
1281,rebounding,1,325,428,9752,143.43,sam2,1.0,2996.766,45.665
1282,rebounding,1,325,429,9775,143.77,sam2,1.0,2996.766,45.665
1283,rebounding,1,325,429,9503,139.77,sam2,0.0,0.0,0.0
1284,rebounding,1,325,429,9303,136.83,sam2,0.0,0.0,0.0
1285,rebounding,1,325,430,9331,137.24,sam2,1.0,2996.766,45.665
1286,rebounding,1,325,430,9248,136.02,sam2,0.0,0.0,0.0
1287,rebounding,1,326,431,9354,137.58,sam2,1.414,4238.068,64.58
1288,rebounding,1,326,432,9386,138.05,sam2,1.0,2996.766,45.665
1289,rebounding,1,326,432,9327,137.18,sam2,0.0,0.0,0.0
1290,rebounding,1,326,433,9477,139.39,sam2,1.0,2996.766,45.665
1291,rebounding,1,326,433,9298,136.76,sam2,0.0,0.0,0.0
1292,rebounding,1,326,433,9222,135.64,sam2,0.0,0.0,0.0
1293,rebounding,1,326,433,9096,133.78,sam2,0.0,0.0,0.0
1294,rebounding,1,327,433,9113,134.03,sam2,1.0,2996.766,45.665
1295,rebounding,1,326,433,9281,136.51,sam2,1.0,2996.766,45.665
1296,rebounding,1,326,433,9127,134.24,sam2,0.0,0.0,0.0
1297,rebounding,1,326,433,9451,139.01,sam2,0.0,0.0,0.0
1298,rebounding,1,326,432,9366,137.76,sam2,1.0,2996.766,45.665
1299,rebounding,1,326,432,9423,138.59,sam2,0.0,0.0,0.0
1300,rebounding,1,326,432,9608,141.31,sam2,0.0,0.0,0.0
1301,rebounding,1,326,432,9758,143.52,sam2,0.0,0.0,0.0
1302,rebounding,1,326,430,9733,143.15,sam2,2.0,5993.533,91.33
1303,rebounding,1,327,429,9300,136.78,sam2,1.414,4238.068,64.58
1304,rebounding,1,327,429,9666,142.17,sam2,0.0,0.0,0.0
1305,rebounding,1,326,429,9765,143.62,sam2,1.0,2996.766,45.665
1306,rebounding,1,326,429,9755,143.48,sam2,0.0,0.0,0.0
1307,rebounding,1,326,427,9608,141.31,sam2,2.0,5993.533,91.33
1308,rebounding,1,326,427,9796,144.08,sam2,0.0,0.0,0.0
1309,rebounding,1,326,428,9949,146.33,sam2,1.0,2996.766,45.665
1310,rebounding,1,326,428,9888,145.43,sam2,0.0,0.0,0.0
1311,rebounding,1,326,426,9633,141.68,sam2,2.0,5993.533,91.33
1312,rebounding,1,326,427,9780,143.84,sam2,1.0,2996.766,45.665
1313,rebounding,1,325,427,9870,145.17,sam2,1.0,2996.766,45.665
1314,rebounding,1,325,427,9800,144.14,sam2,0.0,0.0,0.0
1315,rebounding,1,325,426,9574,140.81,sam2,1.0,2996.766,45.665
1316,rebounding,1,325,428,9738,143.23,sam2,2.0,5993.533,91.33
1317,rebounding,1,325,427,9422,138.58,sam2,1.0,2996.766,45.665
1318,rebounding,1,325,427,9244,135.96,sam2,0.0,0.0,0.0
1319,rebounding,1,324,431,9751,143.42,sam2,4.123,12355.985,188.282
1320,rebounding,1,324,429,9558,140.58,sam2,2.0,5993.533,91.33
1321,rebounding,1,324,430,9467,139.24,sam2,1.0,2996.766,45.665
1322,rebounding,1,324,431,9503,139.77,sam2,1.0,2996.766,45.665
1323,rebounding,1,324,432,9491,139.59,sam2,1.0,2996.766,45.665
1324,rebounding,1,324,431,9257,136.15,sam2,1.0,2996.766,45.665
1325,rebounding,1,324,431,9287,136.59,sam2,0.0,0.0,0.0
1326,rebounding,1,323,432,9281,136.51,sam2,1.414,4238.068,64.58
1327,rebounding,1,323,432,9203,135.36,sam2,0.0,0.0,0.0
1328,rebounding,1,323,433,9318,137.05,sam2,1.0,2996.766,45.665
1329,rebounding,1,323,432,9205,135.39,sam2,1.0,2996.766,45.665
1330,rebounding,1,323,433,9208,135.43,sam2,1.0,2996.766,45.665
1331,rebounding,1,322,433,9402,138.29,sam2,1.0,2996.766,45.665
1332,rebounding,1,322,432,9257,136.15,sam2,1.0,2996.766,45.665
1333,rebounding,1,322,432,9377,137.92,sam2,0.0,0.0,0.0
1334,rebounding,1,322,432,9386,138.05,sam2,0.0,0.0,0.0
1335,rebounding,1,322,431,9370,137.81,sam2,1.0,2996.766,45.665
1336,rebounding,1,321,432,9552,140.49,sam2,1.414,4238.068,64.58
1337,rebounding,1,322,430,9323,137.12,sam2,2.236,6700.974,102.11
1338,rebounding,1,322,431,9552,140.49,sam2,1.0,2996.766,45.665
1339,rebounding,1,322,429,9505,139.8,sam2,2.0,5993.533,91.33
1340,rebounding,1,321,428,9518,139.99,sam2,1.414,4238.068,64.58
1341,rebounding,1,321,429,9740,143.26,sam2,1.0,2996.766,45.665
1342,rebounding,1,321,426,9446,138.93,sam2,3.0,8990.299,136.995
1343,rebounding,1,321,428,9924,145.96,sam2,2.0,5993.533,91.33
1344,rebounding,1,321,426,9619,141.48,sam2,2.0,5993.533,91.33
1345,rebounding,1,321,427,9777,143.8,sam2,1.0,2996.766,45.665
1346,rebounding,1,321,427,9947,146.3,sam2,0.0,0.0,0.0
1347,rebounding,1,321,425,9705,142.74,sam2,2.0,5993.533,91.33
1348,rebounding,1,320,427,9909,145.74,sam2,2.236,6700.974,102.11
1349,rebounding,1,320,427,9909,145.74,sam2,0.0,0.0,0.0
1350,rebounding,1,321,427,9980,146.79,sam2,1.0,2996.766,45.665
1351,rebounding,1,321,427,9763,143.59,sam2,0.0,0.0,0.0
1352,rebounding,1,321,427,9705,142.74,sam2,0.0,0.0,0.0
1353,rebounding,1,321,428,9714,142.87,sam2,1.0,2996.766,45.665
1354,rebounding,1,321,429,9745,143.33,sam2,1.0,2996.766,45.665
1355,rebounding,1,321,428,9572,140.79,sam2,1.0,2996.766,45.665
1356,rebounding,1,322,429,9607,141.3,sam2,1.414,4238.068,64.58
1357,rebounding,1,322,428,9222,135.64,sam2,1.0,2996.766,45.665
1358,rebounding,1,322,429,9280,136.49,sam2,1.0,2996.766,45.665
1359,rebounding,1,322,431,9401,138.27,sam2,2.0,5993.533,91.33
1360,rebounding,1,322,432,9507,139.83,sam2,1.0,2996.766,45.665
1361,rebounding,1,322,431,9323,137.12,sam2,1.0,2996.766,45.665
1362,rebounding,1,323,432,9336,137.31,sam2,1.414,4238.068,64.58
1363,rebounding,1,323,431,9122,134.17,sam2,1.0,2996.766,45.665
1364,rebounding,1,323,432,9275,136.42,sam2,1.0,2996.766,45.665
1365,rebounding,1,323,432,9299,136.77,sam2,0.0,0.0,0.0
1366,rebounding,1,323,432,9286,136.58,sam2,0.0,0.0,0.0
1367,rebounding,1,324,432,9439,138.83,sam2,1.0,2996.766,45.665
1368,rebounding,1,323,433,9494,139.64,sam2,1.414,4238.068,64.58
1369,rebounding,1,323,432,9440,138.84,sam2,1.0,2996.766,45.665
1370,rebounding,1,324,433,9515,139.95,sam2,1.414,4238.068,64.58
1371,rebounding,1,324,432,9377,137.92,sam2,1.0,2996.766,45.665
1372,rebounding,1,324,432,9546,140.4,sam2,0.0,0.0,0.0
1373,rebounding,1,324,430,9316,137.02,sam2,2.0,5993.533,91.33
1374,rebounding,1,324,430,9451,139.01,sam2,0.0,0.0,0.0
1375,rebounding,1,324,431,9731,143.12,sam2,1.0,2996.766,45.665
1376,rebounding,1,325,429,9409,138.39,sam2,2.236,6700.974,102.11
1377,rebounding,1,325,429,9649,141.92,sam2,0.0,0.0,0.0
1378,rebounding,1,325,428,9444,138.9,sam2,1.0,2996.766,45.665
1379,rebounding,1,325,428,9786,143.93,sam2,0.0,0.0,0.0
1380,rebounding,1,325,427,9613,141.39,sam2,1.0,2996.766,45.665
1381,rebounding,1,326,427,9599,141.18,sam2,1.0,2996.766,45.665
1382,rebounding,1,326,426,9703,142.71,sam2,1.0,2996.766,45.665
1383,rebounding,1,325,426,9706,142.76,sam2,1.0,2996.766,45.665
1384,rebounding,1,326,427,9780,143.84,sam2,1.414,4238.068,64.58
1385,rebounding,1,326,427,9804,144.2,sam2,0.0,0.0,0.0
1386,rebounding,1,326,427,9648,141.9,sam2,0.0,0.0,0.0
1387,rebounding,1,326,426,9673,142.27,sam2,1.0,2996.766,45.665
1388,rebounding,1,326,428,9771,143.71,sam2,2.0,5993.533,91.33
1389,rebounding,1,326,429,9800,144.14,sam2,1.0,2996.766,45.665
1390,rebounding,1,326,429,9695,142.59,sam2,0.0,0.0,0.0
1391,rebounding,1,326,429,9537,140.27,sam2,0.0,0.0,0.0
1392,rebounding,1,327,428,9251,136.06,sam2,1.414,4238.068,64.58
1393,rebounding,1,326,429,9304,136.84,sam2,1.414,4238.068,64.58
1394,rebounding,1,326,431,9349,137.51,sam2,2.0,5993.533,91.33
1395,rebounding,1,326,431,9439,138.83,sam2,0.0,0.0,0.0
1396,rebounding,1,327,431,9312,136.96,sam2,1.0,2996.766,45.665
1397,rebounding,1,326,432,9298,136.76,sam2,1.414,4238.068,64.58
1398,rebounding,1,326,432,9423,138.59,sam2,0.0,0.0,0.0
1399,rebounding,1,327,431,9088,133.67,sam2,1.414,4238.068,64.58
1400,rebounding,1,326,433,9438,138.81,sam2,2.236,6700.974,102.11
1401,rebounding,1,326,433,9408,138.37,sam2,0.0,0.0,0.0
1402,rebounding,1,326,434,9428,138.67,sam2,1.0,2996.766,45.665
1403,rebounding,1,326,433,9270,136.34,sam2,1.0,2996.766,45.665
1404,rebounding,1,326,433,9361,137.68,sam2,0.0,0.0,0.0
1405,rebounding,1,326,433,9455,139.06,sam2,0.0,0.0,0.0
1406,rebounding,1,326,433,9346,137.46,sam2,0.0,0.0,0.0
1407,rebounding,1,325,433,9580,140.9,sam2,1.0,2996.766,45.665
1408,rebounding,1,325,432,9722,142.99,sam2,1.0,2996.766,45.665
1409,rebounding,1,325,431,9529,140.15,sam2,1.0,2996.766,45.665
1410,rebounding,1,325,431,9664,142.14,sam2,0.0,0.0,0.0
1411,rebounding,1,325,431,9625,141.56,sam2,0.0,0.0,0.0
1412,rebounding,1,324,431,9808,144.26,sam2,1.0,2996.766,45.665
1413,rebounding,1,325,429,9576,140.84,sam2,2.236,6700.974,102.11
1414,rebounding,1,324,429,9746,143.34,sam2,1.0,2996.766,45.665
1415,rebounding,1,324,428,9700,142.67,sam2,1.0,2996.766,45.665
1416,rebounding,1,324,428,9875,145.24,sam2,0.0,0.0,0.0
1417,rebounding,1,324,428,9947,146.3,sam2,0.0,0.0,0.0
1418,rebounding,1,324,428,9974,146.7,sam2,0.0,0.0,0.0
1419,rebounding,1,324,427,9775,143.77,sam2,1.0,2996.766,45.665
1420,rebounding,1,323,427,9870,145.17,sam2,1.0,2996.766,45.665
1421,rebounding,1,324,426,9638,141.76,sam2,1.414,4238.068,64.58
1422,rebounding,1,323,427,9890,145.46,sam2,1.414,4238.068,64.58
1423,rebounding,1,323,428,9964,146.55,sam2,1.0,2996.766,45.665
1424,rebounding,1,323,426,9656,142.02,sam2,2.0,5993.533,91.33
1425,rebounding,1,323,428,9726,143.05,sam2,2.0,5993.533,91.33
1426,rebounding,1,323,427,9561,140.62,sam2,1.0,2996.766,45.665
1427,rebounding,1,323,427,9541,140.33,sam2,0.0,0.0,0.0
1428,rebounding,1,323,429,9656,142.02,sam2,2.0,5993.533,91.33
1429,rebounding,1,323,428,9426,138.64,sam2,1.0,2996.766,45.665
1430,rebounding,1,322,430,9534,140.23,sam2,2.236,6700.974,102.11
1431,rebounding,1,323,431,9543,140.36,sam2,1.414,4238.068,64.58
1432,rebounding,1,323,431,9523,140.06,sam2,0.0,0.0,0.0
1433,rebounding,1,323,432,9679,142.36,sam2,1.0,2996.766,45.665
1434,rebounding,1,323,431,9424,138.61,sam2,1.0,2996.766,45.665
1435,rebounding,1,322,434,9560,140.61,sam2,3.162,9476.608,144.405
1436,rebounding,1,322,433,9343,137.42,sam2,1.0,2996.766,45.665
1437,rebounding,1,322,432,9334,137.28,sam2,1.0,2996.766,45.665
1438,rebounding,1,322,433,9359,137.65,sam2,1.0,2996.766,45.665
1439,rebounding,1,322,433,9455,139.06,sam2,0.0,0.0,0.0
1440,rebounding,1,322,434,9388,138.08,sam2,1.0,2996.766,45.665
1441,rebounding,1,322,433,9421,138.56,sam2,1.0,2996.766,45.665
1442,rebounding,1,322,432,9382,137.99,sam2,1.0,2996.766,45.665
1443,rebounding,1,322,432,9447,138.95,sam2,0.0,0.0,0.0
1444,rebounding,1,321,431,9367,137.77,sam2,1.414,4238.068,64.58
1445,rebounding,1,321,431,9324,137.14,sam2,0.0,0.0,0.0
1446,rebounding,1,321,431,9621,141.51,sam2,0.0,0.0,0.0
1447,rebounding,1,321,430,9525,140.09,sam2,1.0,2996.766,45.665
1448,rebounding,1,321,431,9768,143.67,sam2,1.0,2996.766,45.665
1449,rebounding,1,321,430,9715,142.89,sam2,1.0,2996.766,45.665
1450,rebounding,1,321,429,9788,143.96,sam2,1.0,2996.766,45.665
1451,rebounding,1,321,429,9823,144.48,sam2,0.0,0.0,0.0
1452,rebounding,1,321,429,9859,145.01,sam2,0.0,0.0,0.0
1453,rebounding,1,321,428,9937,146.15,sam2,1.0,2996.766,45.665
1454,rebounding,1,321,428,9923,145.95,sam2,0.0,0.0,0.0
1455,rebounding,1,321,428,10121,148.86,sam2,0.0,0.0,0.0
1456,rebounding,1,322,426,9787,143.95,sam2,2.236,6700.974,102.11
1457,rebounding,1,322,426,9654,141.99,sam2,0.0,0.0,0.0
1458,rebounding,1,322,428,10038,147.64,sam2,2.0,5993.533,91.33
1459,rebounding,1,322,427,9960,146.49,sam2,1.0,2996.766,45.665
1460,rebounding,1,322,428,9884,145.37,sam2,1.0,2996.766,45.665
1461,rebounding,1,322,427,9852,144.9,sam2,1.0,2996.766,45.665
1462,rebounding,1,322,428,9959,146.48,sam2,1.0,2996.766,45.665
1463,rebounding,1,322,428,9741,143.27,sam2,0.0,0.0,0.0
1464,rebounding,1,323,429,9723,143.01,sam2,1.414,4238.068,64.58
1465,rebounding,1,323,429,9563,140.65,sam2,0.0,0.0,0.0
1466,rebounding,1,323,430,9506,139.81,sam2,1.0,2996.766,45.665
1467,rebounding,1,323,431,9517,139.98,sam2,1.0,2996.766,45.665
1468,rebounding,1,323,431,9489,139.56,sam2,0.0,0.0,0.0
1469,rebounding,1,324,431,9516,139.96,sam2,1.0,2996.766,45.665
1470,rebounding,1,325,431,9322,137.11,sam2,1.0,2996.766,45.665
1471,rebounding,1,324,433,9556,140.55,sam2,2.236,6700.974,102.11
1472,rebounding,1,324,433,9458,139.11,sam2,0.0,0.0,0.0
1473,rebounding,1,324,432,9388,138.08,sam2,1.0,2996.766,45.665
1474,rebounding,1,324,433,9371,137.83,sam2,1.0,2996.766,45.665
1475,rebounding,1,324,433,9324,137.14,sam2,0.0,0.0,0.0
1476,rebounding,1,325,433,9407,138.36,sam2,1.0,2996.766,45.665
1477,rebounding,1,325,433,9314,136.99,sam2,0.0,0.0,0.0
1478,rebounding,1,325,433,9488,139.55,sam2,0.0,0.0,0.0
1479,rebounding,1,326,431,9205,135.39,sam2,2.236,6700.974,102.11
1480,rebounding,1,326,432,9358,137.64,sam2,1.0,2996.766,45.665
1481,rebounding,1,326,431,9384,138.02,sam2,1.0,2996.766,45.665
1482,rebounding,1,326,431,9520,140.02,sam2,0.0,0.0,0.0
1483,rebounding,1,326,432,9663,142.12,sam2,1.0,2996.766,45.665
1484,rebounding,1,326,430,9476,139.37,sam2,2.0,5993.533,91.33
1485,rebounding,1,326,430,9482,139.46,sam2,0.0,0.0,0.0
1486,rebounding,1,326,430,9613,141.39,sam2,0.0,0.0,0.0
1487,rebounding,1,326,429,9709,142.8,sam2,1.0,2996.766,45.665
1488,rebounding,1,326,429,9818,144.4,sam2,0.0,0.0,0.0
1489,rebounding,1,326,428,9826,144.52,sam2,1.0,2996.766,45.665
1490,rebounding,1,326,426,9496,139.67,sam2,2.0,5993.533,91.33
1491,rebounding,1,326,428,9820,144.43,sam2,2.0,5993.533,91.33
1492,rebounding,1,325,428,9996,147.02,sam2,1.0,2996.766,45.665
1493,rebounding,1,326,427,9696,142.61,sam2,1.414,4238.068,64.58
1494,rebounding,1,326,428,9856,144.96,sam2,1.0,2996.766,45.665
1495,rebounding,1,326,428,9714,142.87,sam2,0.0,0.0,0.0
1496,rebounding,1,326,428,9642,141.81,sam2,0.0,0.0,0.0
1497,rebounding,1,325,428,9730,143.11,sam2,1.0,2996.766,45.665
1498,rebounding,1,326,428,9626,141.58,sam2,1.0,2996.766,45.665
1499,rebounding,1,325,429,9705,142.74,sam2,1.414,4238.068,64.58
1500,rebounding,1,325,430,9835,144.65,sam2,1.0,2996.766,45.665
1501,rebounding,1,326,430,9658,142.05,sam2,1.0,2996.766,45.665
1502,rebounding,1,326,429,9283,136.53,sam2,1.0,2996.766,45.665
1503,rebounding,1,325,430,9539,140.3,sam2,1.414,4238.068,64.58
1504,rebounding,1,325,431,9631,141.65,sam2,1.0,2996.766,45.665
1505,rebounding,1,325,431,9488,139.55,sam2,0.0,0.0,0.0
1506,rebounding,1,325,432,9623,141.54,sam2,1.0,2996.766,45.665
1507,rebounding,1,325,432,9435,138.77,sam2,0.0,0.0,0.0
1508,rebounding,1,325,432,9276,136.43,sam2,0.0,0.0,0.0
1509,rebounding,1,325,433,9439,138.83,sam2,1.0,2996.766,45.665
1510,rebounding,1,325,433,9406,138.34,sam2,0.0,0.0,0.0
1511,rebounding,1,325,432,9017,132.62,sam2,1.0,2996.766,45.665
1512,rebounding,1,325,433,9458,139.11,sam2,1.0,2996.766,45.665
1513,rebounding,1,325,433,9245,135.98,sam2,0.0,0.0,0.0
1514,rebounding,1,324,433,9396,138.2,sam2,1.0,2996.766,45.665
1515,rebounding,1,324,433,9614,141.4,sam2,0.0,0.0,0.0
1516,rebounding,1,324,432,9583,140.95,sam2,1.0,2996.766,45.665
1517,rebounding,1,324,431,9491,139.59,sam2,1.0,2996.766,45.665
1518,rebounding,1,324,431,9425,138.62,sam2,0.0,0.0,0.0
1519,rebounding,1,323,431,9531,140.18,sam2,1.0,2996.766,45.665
1520,rebounding,1,323,431,9701,142.68,sam2,0.0,0.0,0.0
1521,rebounding,1,323,430,9489,139.56,sam2,1.0,2996.766,45.665
1522,rebounding,1,323,430,9783,143.89,sam2,0.0,0.0,0.0
1523,rebounding,1,323,429,9608,141.31,sam2,1.0,2996.766,45.665
1524,rebounding,1,322,429,9725,143.04,sam2,1.0,2996.766,45.665
1525,rebounding,1,322,428,9648,141.9,sam2,1.0,2996.766,45.665
1526,rebounding,1,323,427,9646,141.87,sam2,1.414,4238.068,64.58
1527,rebounding,1,322,427,9682,142.4,sam2,1.0,2996.766,45.665
1528,rebounding,1,322,427,9750,143.4,sam2,0.0,0.0,0.0
1529,rebounding,1,322,426,9738,143.23,sam2,1.0,2996.766,45.665
1530,rebounding,1,322,426,9801,144.15,sam2,0.0,0.0,0.0
1531,rebounding,1,322,426,9795,144.07,sam2,0.0,0.0,0.0
1532,rebounding,1,322,426,9636,141.73,sam2,0.0,0.0,0.0
1533,rebounding,1,322,426,9657,142.04,sam2,0.0,0.0,0.0
1534,rebounding,1,322,427,9566,140.7,sam2,1.0,2996.766,45.665
1535,rebounding,1,322,427,9627,141.59,sam2,0.0,0.0,0.0
1536,rebounding,1,322,428,9520,140.02,sam2,1.0,2996.766,45.665
1537,rebounding,1,321,429,9571,140.77,sam2,1.414,4238.068,64.58
1538,rebounding,1,321,429,9529,140.15,sam2,0.0,0.0,0.0
1539,rebounding,1,322,429,9455,139.06,sam2,1.0,2996.766,45.665
1540,rebounding,1,321,430,9498,139.7,sam2,1.414,4238.068,64.58
1541,rebounding,1,321,430,9298,136.76,sam2,0.0,0.0,0.0
1542,rebounding,1,322,431,9357,137.62,sam2,1.414,4238.068,64.58
1543,rebounding,1,322,432,9370,137.81,sam2,1.0,2996.766,45.665
1544,rebounding,1,321,432,9297,136.74,sam2,1.0,2996.766,45.665
1545,rebounding,1,322,431,9037,132.92,sam2,1.414,4238.068,64.58
1546,rebounding,1,322,433,9419,138.54,sam2,2.0,5993.533,91.33
1547,rebounding,1,321,432,9417,138.51,sam2,1.414,4238.068,64.58
1548,rebounding,1,322,433,9317,137.03,sam2,1.414,4238.068,64.58
1549,rebounding,1,322,433,9316,137.02,sam2,0.0,0.0,0.0
1550,rebounding,1,322,433,9491,139.59,sam2,0.0,0.0,0.0
1551,rebounding,1,322,432,9522,140.05,sam2,1.0,2996.766,45.665
1552,rebounding,1,322,432,9490,139.58,sam2,0.0,0.0,0.0
1553,rebounding,1,322,431,9611,141.36,sam2,1.0,2996.766,45.665
1554,rebounding,1,322,431,9531,140.18,sam2,0.0,0.0,0.0
1555,rebounding,1,322,430,9442,138.87,sam2,1.0,2996.766,45.665
1556,rebounding,1,322,430,9501,139.74,sam2,0.0,0.0,0.0
1557,rebounding,1,322,431,9746,143.34,sam2,1.0,2996.766,45.665
1558,rebounding,1,322,430,9663,142.12,sam2,1.0,2996.766,45.665
1559,rebounding,1,323,429,9640,141.79,sam2,1.414,4238.068,64.58
1560,rebounding,1,323,428,9592,141.08,sam2,1.0,2996.766,45.665
1561,rebounding,1,323,428,9709,142.8,sam2,0.0,0.0,0.0
1562,rebounding,1,323,427,9526,140.11,sam2,1.0,2996.766,45.665
1563,rebounding,1,323,428,9704,142.73,sam2,1.0,2996.766,45.665
1564,rebounding,1,323,427,9693,142.57,sam2,1.0,2996.766,45.665
1565,rebounding,1,323,427,9682,142.4,sam2,0.0,0.0,0.0
1566,rebounding,1,323,428,9754,143.46,sam2,1.0,2996.766,45.665
1567,rebounding,1,323,428,9847,144.83,sam2,0.0,0.0,0.0
1568,rebounding,1,324,428,9813,144.33,sam2,1.0,2996.766,45.665
1569,rebounding,1,324,427,9632,141.67,sam2,1.0,2996.766,45.665
1570,rebounding,1,324,428,9737,143.21,sam2,1.0,2996.766,45.665
1571,rebounding,1,324,428,9753,143.45,sam2,0.0,0.0,0.0
1572,rebounding,1,325,428,9454,139.05,sam2,1.0,2996.766,45.665
1573,rebounding,1,324,429,9527,140.12,sam2,1.414,4238.068,64.58
1574,rebounding,1,325,430,9667,142.18,sam2,1.414,4238.068,64.58
1575,rebounding,1,325,430,9473,139.33,sam2,0.0,0.0,0.0
1576,rebounding,1,325,431,9617,141.45,sam2,1.0,2996.766,45.665
1577,rebounding,1,324,431,9436,138.79,sam2,1.0,2996.766,45.665
1578,rebounding,1,325,431,9405,138.33,sam2,1.0,2996.766,45.665
1579,rebounding,1,325,431,9250,136.05,sam2,0.0,0.0,0.0
1580,rebounding,1,325,431,9208,135.43,sam2,0.0,0.0,0.0
1581,rebounding,1,325,431,9080,133.55,sam2,0.0,0.0,0.0
1582,rebounding,1,325,432,9259,136.18,sam2,1.0,2996.766,45.665
1583,rebounding,1,325,432,9192,135.2,sam2,0.0,0.0,0.0
1584,rebounding,1,326,432,9037,132.92,sam2,1.0,2996.766,45.665
1585,rebounding,1,326,432,9145,134.51,sam2,0.0,0.0,0.0
1586,rebounding,1,325,432,9290,136.64,sam2,1.0,2996.766,45.665
1587,rebounding,1,326,432,9367,137.77,sam2,1.0,2996.766,45.665
1588,rebounding,1,326,432,9220,135.61,sam2,0.0,0.0,0.0
1589,rebounding,1,326,430,9164,134.78,sam2,2.0,5993.533,91.33
1590,rebounding,1,326,430,9210,135.46,sam2,0.0,0.0,0.0
1591,rebounding,1,325,432,9669,142.21,sam2,2.236,6700.974,102.11
1592,rebounding,1,326,430,9354,137.58,sam2,2.236,6700.974,102.11
1593,rebounding,1,326,429,9336,137.31,sam2,1.0,2996.766,45.665
1594,rebounding,1,325,429,9644,141.84,sam2,1.0,2996.766,45.665
1595,rebounding,1,325,429,9458,139.11,sam2,0.0,0.0,0.0
1596,rebounding,1,326,429,9497,139.68,sam2,1.0,2996.766,45.665
1597,rebounding,1,326,428,9472,139.31,sam2,1.0,2996.766,45.665
1598,rebounding,1,326,426,9213,135.51,sam2,2.0,5993.533,91.33
1599,rebounding,1,326,428,9713,142.86,sam2,2.0,5993.533,91.33
1600,rebounding,1,326,425,9236,135.84,sam2,3.0,8990.299,136.995
1601,rebounding,1,325,427,9699,142.65,sam2,2.236,6700.974,102.11
1602,rebounding,1,325,428,9668,142.2,sam2,1.0,2996.766,45.665
1603,rebounding,1,326,425,9190,135.17,sam2,3.162,9476.608,144.405
1604,rebounding,1,325,428,9801,144.15,sam2,3.162,9476.608,144.405
1605,rebounding,1,325,427,9580,140.9,sam2,1.0,2996.766,45.665
1606,rebounding,1,325,428,9755,143.48,sam2,1.0,2996.766,45.665
1607,rebounding,1,325,427,9501,139.74,sam2,1.0,2996.766,45.665
1608,rebounding,1,324,428,9615,141.42,sam2,1.414,4238.068,64.58
1609,rebounding,1,324,429,9560,140.61,sam2,1.0,2996.766,45.665
1610,rebounding,1,324,430,9594,141.11,sam2,1.0,2996.766,45.665
1611,rebounding,1,324,430,9562,140.64,sam2,0.0,0.0,0.0
1612,rebounding,1,324,431,9691,142.54,sam2,1.0,2996.766,45.665
1613,rebounding,1,324,431,9418,138.52,sam2,0.0,0.0,0.0
1614,rebounding,1,324,431,9352,137.55,sam2,0.0,0.0,0.0
1615,rebounding,1,324,432,9573,140.8,sam2,1.0,2996.766,45.665
1616,rebounding,1,324,432,9366,137.76,sam2,0.0,0.0,0.0
1617,rebounding,1,323,432,9332,137.26,sam2,1.0,2996.766,45.665
1618,rebounding,1,323,432,9422,138.58,sam2,0.0,0.0,0.0
1619,rebounding,1,323,432,9347,137.48,sam2,0.0,0.0,0.0
1620,rebounding,1,323,434,9525,140.09,sam2,2.0,5993.533,91.33
1621,rebounding,1,323,433,9567,140.71,sam2,1.0,2996.766,45.665
1622,rebounding,1,323,433,9591,141.06,sam2,0.0,0.0,0.0
1623,rebounding,1,323,432,9387,138.06,sam2,1.0,2996.766,45.665
1624,rebounding,1,323,431,9263,136.24,sam2,1.0,2996.766,45.665
1625,rebounding,1,323,432,9472,139.31,sam2,1.0,2996.766,45.665
1626,rebounding,1,322,431,9272,136.37,sam2,1.414,4238.068,64.58
1627,rebounding,1,322,430,9172,134.9,sam2,1.0,2996.766,45.665
1628,rebounding,1,322,431,9487,139.54,sam2,1.0,2996.766,45.665
1629,rebounding,1,322,430,9527,140.12,sam2,1.0,2996.766,45.665
1630,rebounding,1,322,429,9353,137.56,sam2,1.0,2996.766,45.665
1631,rebounding,1,322,430,9582,140.93,sam2,1.0,2996.766,45.665
1632,rebounding,1,322,429,9621,141.51,sam2,1.0,2996.766,45.665
1633,rebounding,1,322,429,9485,139.51,sam2,0.0,0.0,0.0
1634,rebounding,1,322,428,9573,140.8,sam2,1.0,2996.766,45.665
1635,rebounding,1,322,427,9660,142.08,sam2,1.0,2996.766,45.665
1636,rebounding,1,322,426,9551,140.48,sam2,1.0,2996.766,45.665
1637,rebounding,1,322,427,9738,143.23,sam2,1.0,2996.766,45.665
1638,rebounding,1,321,427,9777,143.8,sam2,1.0,2996.766,45.665
1639,rebounding,1,321,427,9765,143.62,sam2,0.0,0.0,0.0
1640,rebounding,1,321,427,9884,145.37,sam2,0.0,0.0,0.0
1641,rebounding,1,322,427,9938,146.17,sam2,1.0,2996.766,45.665
1642,rebounding,1,322,427,9658,142.05,sam2,0.0,0.0,0.0
1643,rebounding,1,322,427,9645,141.86,sam2,0.0,0.0,0.0
1644,rebounding,1,322,427,9579,140.89,sam2,0.0,0.0,0.0
1645,rebounding,1,322,426,9364,137.73,sam2,1.0,2996.766,45.665
1646,rebounding,1,322,428,9523,140.06,sam2,2.0,5993.533,91.33
1647,rebounding,1,322,429,9564,140.67,sam2,1.0,2996.766,45.665
1648,rebounding,1,322,430,9594,141.11,sam2,1.0,2996.766,45.665
1649,rebounding,1,322,430,9427,138.65,sam2,0.0,0.0,0.0
1650,rebounding,1,322,429,9267,136.3,sam2,1.0,2996.766,45.665
1651,rebounding,1,322,431,9546,140.4,sam2,2.0,5993.533,91.33
1652,rebounding,1,323,431,9547,140.42,sam2,1.0,2996.766,45.665
1653,rebounding,1,323,431,9360,137.67,sam2,0.0,0.0,0.0
1654,rebounding,1,323,431,9385,138.04,sam2,0.0,0.0,0.0
1655,rebounding,1,323,431,9325,137.15,sam2,0.0,0.0,0.0
1656,rebounding,1,323,431,9201,135.33,sam2,0.0,0.0,0.0
1657,rebounding,1,323,432,9280,136.49,sam2,1.0,2996.766,45.665
1658,rebounding,1,323,432,9458,139.11,sam2,0.0,0.0,0.0
1659,rebounding,1,323,433,9527,140.12,sam2,1.0,2996.766,45.665
1660,rebounding,1,323,432,9402,138.29,sam2,1.0,2996.766,45.665
1661,rebounding,1,324,432,9435,138.77,sam2,1.0,2996.766,45.665
1662,rebounding,1,324,432,9504,139.79,sam2,0.0,0.0,0.0
1663,rebounding,1,324,431,9464,139.2,sam2,1.0,2996.766,45.665
1664,rebounding,1,324,431,9462,139.17,sam2,0.0,0.0,0.0
1665,rebounding,1,324,431,9533,140.21,sam2,0.0,0.0,0.0
1666,rebounding,1,324,430,9466,139.23,sam2,1.0,2996.766,45.665
1667,rebounding,1,324,430,9586,140.99,sam2,0.0,0.0,0.0
1668,rebounding,1,324,429,9482,139.46,sam2,1.0,2996.766,45.665
1669,rebounding,1,325,427,9312,136.96,sam2,2.236,6700.974,102.11
1670,rebounding,1,324,428,9690,142.52,sam2,1.414,4238.068,64.58
1671,rebounding,1,325,428,9552,140.49,sam2,1.0,2996.766,45.665
1672,rebounding,1,325,426,9364,137.73,sam2,2.0,5993.533,91.33
1673,rebounding,1,325,428,9728,143.08,sam2,2.0,5993.533,91.33
1674,rebounding,1,326,427,9567,140.71,sam2,1.414,4238.068,64.58
1675,rebounding,1,325,428,9721,142.98,sam2,1.414,4238.068,64.58
1676,rebounding,1,325,428,9707,142.77,sam2,0.0,0.0,0.0
1677,rebounding,1,326,427,9470,139.29,sam2,1.414,4238.068,64.58
1678,rebounding,1,326,427,9388,138.08,sam2,0.0,0.0,0.0
1679,rebounding,1,325,428,9510,139.87,sam2,1.414,4238.068,64.58
1680,rebounding,1,326,427,9547,140.42,sam2,1.414,4238.068,64.58
1681,rebounding,1,325,428,9492,139.61,sam2,1.414,4238.068,64.58
1682,rebounding,1,326,428,9333,137.27,sam2,1.0,2996.766,45.665
1683,rebounding,1,326,429,9452,139.02,sam2,1.0,2996.766,45.665
1684,rebounding,1,326,429,9382,137.99,sam2,0.0,0.0,0.0
1685,rebounding,1,325,431,9524,140.08,sam2,2.236,6700.974,102.11
1686,rebounding,1,325,431,9488,139.55,sam2,0.0,0.0,0.0
1687,rebounding,1,326,432,9568,140.73,sam2,1.414,4238.068,64.58
1688,rebounding,1,326,431,9378,137.93,sam2,1.0,2996.766,45.665
1689,rebounding,1,326,432,9508,139.84,sam2,1.0,2996.766,45.665
1690,rebounding,1,326,431,9264,136.26,sam2,1.0,2996.766,45.665
1691,rebounding,1,326,432,9393,138.15,sam2,1.0,2996.766,45.665
1692,rebounding,1,326,432,9301,136.8,sam2,0.0,0.0,0.0
1693,rebounding,1,326,432,9246,135.99,sam2,0.0,0.0,0.0
1694,rebounding,1,326,431,9094,133.75,sam2,1.0,2996.766,45.665
1695,rebounding,1,326,432,9315,137.01,sam2,1.0,2996.766,45.665
1696,rebounding,1,326,432,9314,136.99,sam2,0.0,0.0,0.0
1697,rebounding,1,325,432,9383,138.01,sam2,1.0,2996.766,45.665
1698,rebounding,1,325,432,9572,140.79,sam2,0.0,0.0,0.0
1699,rebounding,1,325,432,9564,140.67,sam2,0.0,0.0,0.0
1700,rebounding,1,325,431,9308,136.9,sam2,1.0,2996.766,45.665
1701,rebounding,1,325,430,9386,138.05,sam2,1.0,2996.766,45.665
1702,rebounding,1,324,431,9532,140.2,sam2,1.414,4238.068,64.58
1703,rebounding,1,325,430,9424,138.61,sam2,1.414,4238.068,64.58
1704,rebounding,1,325,429,9466,139.23,sam2,1.0,2996.766,45.665
1705,rebounding,1,324,428,9472,139.31,sam2,1.414,4238.068,64.58
1706,rebounding,1,325,428,9382,137.99,sam2,1.0,2996.766,45.665
1707,rebounding,1,324,428,9419,138.54,sam2,1.0,2996.766,45.665
1708,rebounding,1,324,427,9517,139.98,sam2,1.0,2996.766,45.665
1709,rebounding,1,324,427,9630,141.64,sam2,0.0,0.0,0.0
1710,rebounding,1,324,428,9751,143.42,sam2,1.0,2996.766,45.665
1711,rebounding,1,324,428,9725,143.04,sam2,0.0,0.0,0.0
1712,rebounding,1,324,427,9617,141.45,sam2,1.0,2996.766,45.665
1713,rebounding,1,324,427,9609,141.33,sam2,0.0,0.0,0.0
1714,rebounding,1,324,427,9541,140.33,sam2,0.0,0.0,0.0
1715,rebounding,1,324,427,9524,140.08,sam2,0.0,0.0,0.0
1716,rebounding,1,323,429,9671,142.24,sam2,2.236,6700.974,102.11
1717,rebounding,1,323,428,9480,139.43,sam2,1.0,2996.766,45.665
1718,rebounding,1,323,428,9490,139.58,sam2,0.0,0.0,0.0
1719,rebounding,1,323,429,9500,139.73,sam2,1.0,2996.766,45.665
1720,rebounding,1,323,429,9397,138.21,sam2,0.0,0.0,0.0
1721,rebounding,1,323,430,9360,137.67,sam2,1.0,2996.766,45.665
1722,rebounding,1,323,430,9458,139.11,sam2,0.0,0.0,0.0
1723,rebounding,1,323,431,9496,139.67,sam2,1.0,2996.766,45.665
1724,rebounding,1,323,431,9426,138.64,sam2,0.0,0.0,0.0
1725,rebounding,1,323,431,9516,139.96,sam2,0.0,0.0,0.0
1726,rebounding,1,323,432,9431,138.71,sam2,1.0,2996.766,45.665
1727,rebounding,1,322,431,9362,137.7,sam2,1.414,4238.068,64.58
1728,rebounding,1,323,431,9216,135.55,sam2,1.0,2996.766,45.665
1729,rebounding,1,322,432,9224,135.67,sam2,1.414,4238.068,64.58
1730,rebounding,1,322,431,9075,133.48,sam2,1.0,2996.766,45.665
1731,rebounding,1,322,431,9012,132.55,sam2,0.0,0.0,0.0
1732,rebounding,1,322,432,9366,137.76,sam2,1.0,2996.766,45.665
1733,rebounding,1,322,431,9080,133.55,sam2,1.0,2996.766,45.665
1734,rebounding,1,322,431,9311,136.95,sam2,0.0,0.0,0.0
1735,rebounding,1,322,430,9303,136.83,sam2,1.0,2996.766,45.665
1736,rebounding,1,322,431,9486,139.52,sam2,1.0,2996.766,45.665
1737,rebounding,1,322,430,9430,138.7,sam2,1.0,2996.766,45.665
1738,rebounding,1,322,430,9485,139.51,sam2,0.0,0.0,0.0
1739,rebounding,1,322,430,9529,140.15,sam2,0.0,0.0,0.0
1740,rebounding,1,322,429,9356,137.61,sam2,1.0,2996.766,45.665
1741,rebounding,1,323,428,9240,135.9,sam2,1.414,4238.068,64.58
1742,rebounding,1,322,428,9624,141.55,sam2,1.0,2996.766,45.665
1743,rebounding,1,322,428,9596,141.14,sam2,0.0,0.0,0.0
1744,rebounding,1,322,429,9648,141.9,sam2,1.0,2996.766,45.665
1745,rebounding,1,322,428,9772,143.73,sam2,1.0,2996.766,45.665
1746,rebounding,1,322,428,9755,143.48,sam2,0.0,0.0,0.0
1747,rebounding,1,322,426,9521,140.04,sam2,2.0,5993.533,91.33
1748,rebounding,1,322,427,9669,142.21,sam2,1.0,2996.766,45.665
1749,rebounding,1,322,427,9688,142.49,sam2,0.0,0.0,0.0
1750,rebounding,1,323,427,9661,142.09,sam2,1.0,2996.766,45.665
1751,rebounding,1,323,427,9627,141.59,sam2,0.0,0.0,0.0
1752,rebounding,1,322,428,9774,143.76,sam2,1.414,4238.068,64.58
1753,rebounding,1,323,428,9604,141.26,sam2,1.0,2996.766,45.665
1754,rebounding,1,323,427,9357,137.62,sam2,1.0,2996.766,45.665
1755,rebounding,1,323,429,9575,140.83,sam2,2.0,5993.533,91.33
1756,rebounding,1,322,430,9581,140.92,sam2,1.414,4238.068,64.58
1757,rebounding,1,323,430,9589,141.04,sam2,1.0,2996.766,45.665
1758,rebounding,1,323,430,9500,139.73,sam2,0.0,0.0,0.0
1759,rebounding,1,324,430,9432,138.73,sam2,1.0,2996.766,45.665
1760,rebounding,1,324,430,9296,136.73,sam2,0.0,0.0,0.0
1761,rebounding,1,324,432,9341,137.39,sam2,2.0,5993.533,91.33
1762,rebounding,1,324,431,9336,137.31,sam2,1.0,2996.766,45.665
1763,rebounding,1,324,431,9344,137.43,sam2,0.0,0.0,0.0
1764,rebounding,1,324,432,9516,139.96,sam2,1.0,2996.766,45.665
1765,rebounding,1,324,431,9352,137.55,sam2,1.0,2996.766,45.665
1766,rebounding,1,324,432,9434,138.76,sam2,1.0,2996.766,45.665
1767,rebounding,1,324,432,9362,137.7,sam2,0.0,0.0,0.0
1768,rebounding,1,325,432,9186,135.11,sam2,1.0,2996.766,45.665
1769,rebounding,1,325,432,9381,137.98,sam2,0.0,0.0,0.0
1770,rebounding,1,325,432,9426,138.64,sam2,0.0,0.0,0.0
1771,rebounding,1,325,433,9644,141.84,sam2,1.0,2996.766,45.665
1772,rebounding,1,325,431,9388,138.08,sam2,2.0,5993.533,91.33
1773,rebounding,1,326,431,9310,136.93,sam2,1.0,2996.766,45.665
1774,rebounding,1,325,430,9630,141.64,sam2,1.414,4238.068,64.58
1775,rebounding,1,325,430,9593,141.09,sam2,0.0,0.0,0.0
1776,rebounding,1,325,429,9395,138.18,sam2,1.0,2996.766,45.665
1777,rebounding,1,325,430,9567,140.71,sam2,1.0,2996.766,45.665
1778,rebounding,1,326,429,9495,139.65,sam2,1.414,4238.068,64.58
1779,rebounding,1,326,428,9425,138.62,sam2,1.0,2996.766,45.665
1780,rebounding,1,325,429,9569,140.74,sam2,1.414,4238.068,64.58
1781,rebounding,1,325,428,9557,140.56,sam2,1.0,2996.766,45.665
1782,rebounding,1,326,426,9472,139.31,sam2,2.236,6700.974,102.11
1783,rebounding,1,326,427,9450,138.99,sam2,1.0,2996.766,45.665
1784,rebounding,1,325,428,9751,143.42,sam2,1.414,4238.068,64.58
1785,rebounding,1,326,426,9264,136.26,sam2,2.236,6700.974,102.11
1786,rebounding,1,325,428,9757,143.51,sam2,2.236,6700.974,102.11
1787,rebounding,1,326,428,9633,141.68,sam2,1.0,2996.766,45.665
1788,rebounding,1,326,427,9380,137.96,sam2,1.0,2996.766,45.665
1789,rebounding,1,325,429,9600,141.2,sam2,2.236,6700.974,102.11
1790,rebounding,1,326,428,9567,140.71,sam2,1.414,4238.068,64.58
1791,rebounding,1,325,428,9403,138.3,sam2,1.0,2996.766,45.665
1792,rebounding,1,325,430,9539,140.3,sam2,2.0,5993.533,91.33
1793,rebounding,1,325,431,9632,141.67,sam2,1.0,2996.766,45.665
1794,rebounding,1,325,430,9431,138.71,sam2,1.0,2996.766,45.665
1795,rebounding,1,325,431,9554,140.52,sam2,1.0,2996.766,45.665
1796,rebounding,1,326,429,9043,133.0,sam2,2.236,6700.974,102.11
1797,rebounding,1,325,432,9529,140.15,sam2,3.162,9476.608,144.405
1798,rebounding,1,324,431,9342,137.4,sam2,1.414,4238.068,64.58
1799,rebounding,1,325,432,9253,136.09,sam2,1.414,4238.068,64.58
1800,rebounding,1,325,433,9474,139.34,sam2,1.0,2996.766,45.665
1801,rebounding,1,325,432,9479,139.42,sam2,1.0,2996.766,45.665
1802,rebounding,1,325,431,9104,133.9,sam2,1.0,2996.766,45.665
1803,rebounding,1,324,431,9095,133.77,sam2,1.0,2996.766,45.665
1804,rebounding,1,325,432,9532,140.2,sam2,1.414,4238.068,64.58
1805,rebounding,1,324,432,9391,138.12,sam2,1.0,2996.766,45.665
1806,rebounding,1,324,432,9342,137.4,sam2,0.0,0.0,0.0
1807,rebounding,1,324,432,9740,143.26,sam2,0.0,0.0,0.0
1808,rebounding,1,324,432,9534,140.23,sam2,0.0,0.0,0.0
1809,rebounding,1,324,431,9451,139.01,sam2,1.0,2996.766,45.665
1810,rebounding,1,324,430,9401,138.27,sam2,1.0,2996.766,45.665
1811,rebounding,1,324,429,9339,137.36,sam2,1.0,2996.766,45.665
1812,rebounding,1,323,430,9525,140.09,sam2,1.414,4238.068,64.58
1813,rebounding,1,323,430,9543,140.36,sam2,0.0,0.0,0.0
1814,rebounding,1,323,428,9278,136.46,sam2,2.0,5993.533,91.33
1815,rebounding,1,323,428,9506,139.81,sam2,0.0,0.0,0.0
1816,rebounding,1,323,428,9594,141.11,sam2,0.0,0.0,0.0
1817,rebounding,1,323,427,9568,140.73,sam2,1.0,2996.766,45.665
1818,rebounding,1,323,428,9750,143.4,sam2,1.0,2996.766,45.665
1819,rebounding,1,322,428,9833,144.62,sam2,1.0,2996.766,45.665
1820,rebounding,1,323,427,9684,142.43,sam2,1.414,4238.068,64.58
1821,rebounding,1,323,426,9511,139.89,sam2,1.0,2996.766,45.665
1822,rebounding,1,322,428,9735,143.18,sam2,2.236,6700.974,102.11
1823,rebounding,1,322,427,9589,141.04,sam2,1.0,2996.766,45.665
1824,rebounding,1,323,427,9503,139.77,sam2,1.0,2996.766,45.665
1825,rebounding,1,322,428,9742,143.29,sam2,1.414,4238.068,64.58
1826,rebounding,1,323,427,9524,140.08,sam2,1.414,4238.068,64.58
1827,rebounding,1,323,428,9415,138.48,sam2,1.0,2996.766,45.665
1828,rebounding,1,322,429,9565,140.68,sam2,1.414,4238.068,64.58
1829,rebounding,1,322,429,9429,138.68,sam2,0.0,0.0,0.0
1830,rebounding,1,322,430,9635,141.71,sam2,1.0,2996.766,45.665
1831,rebounding,1,322,430,9391,138.12,sam2,0.0,0.0,0.0
1832,rebounding,1,322,429,9182,135.05,sam2,1.0,2996.766,45.665
1833,rebounding,1,322,430,9460,139.14,sam2,1.0,2996.766,45.665
1834,rebounding,1,322,430,9321,137.09,sam2,0.0,0.0,0.0
1835,rebounding,1,322,431,9339,137.36,sam2,1.0,2996.766,45.665
1836,rebounding,1,322,430,9224,135.67,sam2,1.0,2996.766,45.665
1837,rebounding,1,322,430,9227,135.71,sam2,0.0,0.0,0.0
1838,rebounding,1,323,432,9485,139.51,sam2,2.236,6700.974,102.11
1839,rebounding,1,323,431,9315,137.01,sam2,1.0,2996.766,45.665
1840,rebounding,1,322,431,9347,137.48,sam2,1.0,2996.766,45.665
1841,rebounding,1,323,431,9283,136.53,sam2,1.0,2996.766,45.665
1842,rebounding,1,322,431,9188,135.14,sam2,1.0,2996.766,45.665
1843,rebounding,1,322,430,9164,134.78,sam2,1.0,2996.766,45.665
1844,rebounding,1,322,431,9414,138.46,sam2,1.0,2996.766,45.665
1845,rebounding,1,322,431,9416,138.49,sam2,0.0,0.0,0.0
1846,rebounding,1,322,430,9560,140.61,sam2,1.0,2996.766,45.665
1847,rebounding,1,323,430,9425,138.62,sam2,1.0,2996.766,45.665
1848,rebounding,1,323,429,9404,138.31,sam2,1.0,2996.766,45.665
1849,rebounding,1,323,429,9335,137.3,sam2,0.0,0.0,0.0
1850,rebounding,1,323,429,9444,138.9,sam2,0.0,0.0,0.0
1851,rebounding,1,323,429,9683,142.42,sam2,0.0,0.0,0.0
1852,rebounding,1,323,427,9301,136.8,sam2,2.0,5993.533,91.33
1853,rebounding,1,323,428,9655,142.01,sam2,1.0,2996.766,45.665
1854,rebounding,1,323,428,9724,143.02,sam2,0.0,0.0,0.0
1855,rebounding,1,324,427,9501,139.74,sam2,1.414,4238.068,64.58
1856,rebounding,1,324,428,9714,142.87,sam2,1.0,2996.766,45.665
1857,rebounding,1,324,427,9567,140.71,sam2,1.0,2996.766,45.665
1858,rebounding,1,324,427,9617,141.45,sam2,0.0,0.0,0.0
1859,rebounding,1,324,428,9647,141.89,sam2,1.0,2996.766,45.665
1860,rebounding,1,325,425,9047,133.06,sam2,3.162,9476.608,144.405
1861,rebounding,1,324,427,9456,139.08,sam2,2.236,6700.974,102.11
1862,rebounding,1,325,427,9379,137.95,sam2,1.0,2996.766,45.665
1863,rebounding,1,324,429,9527,140.12,sam2,2.236,6700.974,102.11
1864,rebounding,1,324,429,9547,140.42,sam2,0.0,0.0,0.0
1865,rebounding,1,325,429,9418,138.52,sam2,1.0,2996.766,45.665
1866,rebounding,1,324,430,9366,137.76,sam2,1.414,4238.068,64.58
1867,rebounding,1,325,429,9267,136.3,sam2,1.414,4238.068,64.58
1868,rebounding,1,325,429,9283,136.53,sam2,0.0,0.0,0.0
1869,rebounding,1,324,431,9468,139.26,sam2,2.236,6700.974,102.11
1870,rebounding,1,325,430,9315,137.01,sam2,1.414,4238.068,64.58
1871,rebounding,1,325,431,9228,135.73,sam2,1.0,2996.766,45.665
1872,rebounding,1,326,431,9217,135.56,sam2,1.0,2996.766,45.665
1873,rebounding,1,325,432,9226,135.7,sam2,1.414,4238.068,64.58
1874,rebounding,1,325,432,9225,135.68,sam2,0.0,0.0,0.0
1875,rebounding,1,325,432,9341,137.39,sam2,0.0,0.0,0.0
1876,rebounding,1,325,431,9479,139.42,sam2,1.0,2996.766,45.665
1877,rebounding,1,326,430,9130,134.28,sam2,1.414,4238.068,64.58
1878,rebounding,1,325,431,9111,134.01,sam2,1.414,4238.068,64.58
1879,rebounding,1,325,432,9526,140.11,sam2,1.0,2996.766,45.665
1880,rebounding,1,325,432,9366,137.76,sam2,0.0,0.0,0.0
1881,rebounding,1,326,431,9488,139.55,sam2,1.414,4238.068,64.58
1882,rebounding,1,326,432,9479,139.42,sam2,1.0,2996.766,45.665
1883,rebounding,1,325,431,9474,139.34,sam2,1.414,4238.068,64.58
1884,rebounding,1,325,430,9403,138.3,sam2,1.0,2996.766,45.665
1885,rebounding,1,326,429,9421,138.56,sam2,1.414,4238.068,64.58
1886,rebounding,1,325,430,9646,141.87,sam2,1.414,4238.068,64.58
1887,rebounding,1,325,428,9522,140.05,sam2,2.0,5993.533,91.33
1888,rebounding,1,325,429,9698,142.64,sam2,1.0,2996.766,45.665
1889,rebounding,1,326,428,9609,141.33,sam2,1.414,4238.068,64.58
1890,rebounding,1,325,428,9611,141.36,sam2,1.0,2996.766,45.665
1891,rebounding,1,325,428,9731,143.12,sam2,0.0,0.0,0.0
1892,rebounding,1,325,429,9834,144.64,sam2,1.0,2996.766,45.665
1893,rebounding,1,325,428,9700,142.67,sam2,1.0,2996.766,45.665
1894,rebounding,1,325,427,9483,139.48,sam2,1.0,2996.766,45.665
1895,rebounding,1,325,426,9378,137.93,sam2,1.0,2996.766,45.665
1896,rebounding,1,325,428,9686,142.46,sam2,2.0,5993.533,91.33
1897,rebounding,1,325,428,9646,141.87,sam2,0.0,0.0,0.0
1898,rebounding,1,325,427,9513,139.92,sam2,1.0,2996.766,45.665
1899,rebounding,1,325,429,9621,141.51,sam2,2.0,5993.533,91.33
1900,rebounding,1,324,430,9736,143.2,sam2,1.414,4238.068,64.58
1901,rebounding,1,324,430,9621,141.51,sam2,0.0,0.0,0.0
1902,rebounding,1,324,430,9608,141.31,sam2,0.0,0.0,0.0
1903,rebounding,1,324,431,9425,138.62,sam2,1.0,2996.766,45.665
1904,rebounding,1,324,430,9412,138.43,sam2,1.0,2996.766,45.665
1905,rebounding,1,324,430,9464,139.2,sam2,0.0,0.0,0.0
1906,rebounding,1,324,429,9146,134.52,sam2,1.0,2996.766,45.665
1907,rebounding,1,323,431,9524,140.08,sam2,2.236,6700.974,102.11
1908,rebounding,1,323,431,9552,140.49,sam2,0.0,0.0,0.0
1909,rebounding,1,324,431,9219,135.59,sam2,1.0,2996.766,45.665
1910,rebounding,1,323,431,9406,138.34,sam2,1.0,2996.766,45.665
1911,rebounding,1,324,432,9388,138.08,sam2,1.414,4238.068,64.58
1912,rebounding,1,324,430,9141,134.45,sam2,2.0,5993.533,91.33
1913,rebounding,1,323,432,9514,139.93,sam2,2.236,6700.974,102.11
1914,rebounding,1,324,430,9321,137.09,sam2,2.236,6700.974,102.11
1915,rebounding,1,323,431,9435,138.77,sam2,1.414,4238.068,64.58
1916,rebounding,1,323,431,9405,138.33,sam2,0.0,0.0,0.0
1917,rebounding,1,323,431,9427,138.65,sam2,0.0,0.0,0.0
1918,rebounding,1,322,431,9531,140.18,sam2,1.0,2996.766,45.665
1919,rebounding,1,322,431,9527,140.12,sam2,0.0,0.0,0.0
1920,rebounding,1,323,429,9368,137.78,sam2,2.236,6700.974,102.11
1921,rebounding,1,322,430,9620,141.49,sam2,1.414,4238.068,64.58
1922,rebounding,1,322,430,9686,142.46,sam2,0.0,0.0,0.0
1923,rebounding,1,322,429,9399,138.24,sam2,1.0,2996.766,45.665
1924,rebounding,1,322,429,9561,140.62,sam2,0.0,0.0,0.0
1925,rebounding,1,322,427,9528,140.14,sam2,2.0,5993.533,91.33
1926,rebounding,1,322,427,9630,141.64,sam2,0.0,0.0,0.0
1927,rebounding,1,322,428,9722,142.99,sam2,1.0,2996.766,45.665
1928,rebounding,1,322,429,9907,145.71,sam2,1.0,2996.766,45.665
1929,rebounding,1,322,427,9657,142.04,sam2,2.0,5993.533,91.33
1930,rebounding,1,322,428,9856,144.96,sam2,1.0,2996.766,45.665
1931,rebounding,1,322,428,9536,140.26,sam2,0.0,0.0,0.0
1932,rebounding,1,322,428,9500,139.73,sam2,0.0,0.0,0.0
1933,rebounding,1,322,428,9572,140.79,sam2,0.0,0.0,0.0
1934,rebounding,1,322,429,9786,143.93,sam2,1.0,2996.766,45.665
1935,rebounding,1,322,429,9812,144.32,sam2,0.0,0.0,0.0
1936,rebounding,1,322,428,9539,140.3,sam2,1.0,2996.766,45.665
1937,rebounding,1,322,429,9373,137.86,sam2,1.0,2996.766,45.665
1938,rebounding,1,322,429,9330,137.23,sam2,0.0,0.0,0.0
1939,rebounding,1,323,430,9488,139.55,sam2,1.414,4238.068,64.58
1940,rebounding,1,322,430,9393,138.15,sam2,1.0,2996.766,45.665
1941,rebounding,1,322,430,9502,139.76,sam2,0.0,0.0,0.0
1942,rebounding,1,323,431,9438,138.81,sam2,1.414,4238.068,64.58
1943,rebounding,1,323,431,9406,138.34,sam2,0.0,0.0,0.0
1944,rebounding,1,323,430,9265,136.27,sam2,1.0,2996.766,45.665
1945,rebounding,1,323,430,9342,137.4,sam2,0.0,0.0,0.0
1946,rebounding,1,323,432,9475,139.36,sam2,2.0,5993.533,91.33
1947,rebounding,1,323,432,9396,138.2,sam2,0.0,0.0,0.0
1948,rebounding,1,323,431,9386,138.05,sam2,1.0,2996.766,45.665
1949,rebounding,1,323,431,9382,137.99,sam2,0.0,0.0,0.0
1950,rebounding,1,323,433,9568,140.73,sam2,2.0,5993.533,91.33
1951,rebounding,1,323,431,9335,137.3,sam2,2.0,5993.533,91.33
1952,rebounding,1,324,431,9378,137.93,sam2,1.0,2996.766,45.665
1953,rebounding,1,323,430,9194,135.23,sam2,1.414,4238.068,64.58
1954,rebounding,1,323,431,9403,138.3,sam2,1.0,2996.766,45.665
1955,rebounding,1,324,431,9413,138.45,sam2,1.0,2996.766,45.665
1956,rebounding,1,324,429,9275,136.42,sam2,2.0,5993.533,91.33
1957,rebounding,1,324,431,9608,141.31,sam2,2.0,5993.533,91.33
1958,rebounding,1,324,429,9346,137.46,sam2,2.0,5993.533,91.33
1959,rebounding,1,324,430,9437,138.8,sam2,1.0,2996.766,45.665
1960,rebounding,1,324,429,9557,140.56,sam2,1.0,2996.766,45.665
1961,rebounding,1,324,429,9474,139.34,sam2,0.0,0.0,0.0
1962,rebounding,1,325,428,9451,139.01,sam2,1.414,4238.068,64.58
1963,rebounding,1,324,429,9771,143.71,sam2,1.414,4238.068,64.58
1964,rebounding,1,325,428,9566,140.7,sam2,1.414,4238.068,64.58
1965,rebounding,1,325,427,9543,140.36,sam2,1.0,2996.766,45.665
1966,rebounding,1,324,428,9811,144.3,sam2,1.414,4238.068,64.58
1967,rebounding,1,325,428,9733,143.15,sam2,1.0,2996.766,45.665
1968,rebounding,1,325,428,9595,141.12,sam2,0.0,0.0,0.0
1969,rebounding,1,325,429,9759,143.54,sam2,1.0,2996.766,45.665
1970,rebounding,1,325,429,9627,141.59,sam2,0.0,0.0,0.0
1971,rebounding,1,325,429,9647,141.89,sam2,0.0,0.0,0.0
1972,rebounding,1,326,428,9392,138.14,sam2,1.414,4238.068,64.58
1973,rebounding,1,325,430,9615,141.42,sam2,2.236,6700.974,102.11
1974,rebounding,1,325,430,9648,141.9,sam2,0.0,0.0,0.0
1975,rebounding,1,325,429,9462,139.17,sam2,1.0,2996.766,45.665
1976,rebounding,1,325,431,9668,142.2,sam2,2.0,5993.533,91.33
1977,rebounding,1,325,431,9481,139.45,sam2,0.0,0.0,0.0
1978,rebounding,1,325,431,9334,137.28,sam2,0.0,0.0,0.0
1979,rebounding,1,325,431,9543,140.36,sam2,0.0,0.0,0.0
1980,rebounding,1,326,431,9317,137.03,sam2,1.0,2996.766,45.665
1981,rebounding,1,325,432,9575,140.83,sam2,1.414,4238.068,64.58
1982,rebounding,1,325,432,9552,140.49,sam2,0.0,0.0,0.0
1983,rebounding,1,325,432,9533,140.21,sam2,0.0,0.0,0.0
1984,rebounding,1,325,433,9566,140.7,sam2,1.0,2996.766,45.665
1985,rebounding,1,325,432,9442,138.87,sam2,1.0,2996.766,45.665
1986,rebounding,1,325,433,9661,142.09,sam2,1.0,2996.766,45.665
1987,rebounding,1,325,431,9443,138.89,sam2,2.0,5993.533,91.33
1988,rebounding,1,325,431,9502,139.76,sam2,0.0,0.0,0.0
1989,rebounding,1,325,431,9426,138.64,sam2,0.0,0.0,0.0
1990,rebounding,1,325,432,9570,140.76,sam2,1.0,2996.766,45.665
1991,rebounding,1,325,431,9529,140.15,sam2,1.0,2996.766,45.665
1992,rebounding,1,325,430,9349,137.51,sam2,1.0,2996.766,45.665
1993,rebounding,1,325,431,9715,142.89,sam2,1.0,2996.766,45.665
1994,rebounding,1,325,430,9401,138.27,sam2,1.0,2996.766,45.665
1995,rebounding,1,325,429,9503,139.77,sam2,1.0,2996.766,45.665
1996,rebounding,1,324,429,9633,141.68,sam2,1.0,2996.766,45.665
1997,rebounding,1,324,429,9703,142.71,sam2,0.0,0.0,0.0
1998,rebounding,1,324,429,9672,142.26,sam2,0.0,0.0,0.0
1999,rebounding,1,324,428,9385,138.04,sam2,1.0,2996.766,45.665
2000,rebounding,1,324,427,9494,139.64,sam2,1.0,2996.766,45.665
2001,rebounding,1,324,428,9647,141.89,sam2,1.0,2996.766,45.665
2002,rebounding,1,324,427,9448,138.96,sam2,1.0,2996.766,45.665
2003,rebounding,1,324,428,9718,142.93,sam2,1.0,2996.766,45.665
2004,rebounding,1,324,428,9786,143.93,sam2,0.0,0.0,0.0
2005,rebounding,1,324,427,9461,139.15,sam2,1.0,2996.766,45.665
2006,rebounding,1,323,429,9823,144.48,sam2,2.236,6700.974,102.11
2007,rebounding,1,324,428,9557,140.56,sam2,1.414,4238.068,64.58
2008,rebounding,1,323,429,9600,141.2,sam2,1.414,4238.068,64.58
2009,rebounding,1,324,427,9188,135.14,sam2,2.236,6700.974,102.11
2010,rebounding,1,323,429,9505,139.8,sam2,2.236,6700.974,102.11
2011,rebounding,1,323,429,9498,139.7,sam2,0.0,0.0,0.0
2012,rebounding,1,323,429,9348,137.49,sam2,0.0,0.0,0.0
2013,rebounding,1,323,429,9358,137.64,sam2,0.0,0.0,0.0
2014,rebounding,1,323,430,9482,139.46,sam2,1.0,2996.766,45.665
2015,rebounding,1,322,431,9404,138.31,sam2,1.414,4238.068,64.58
2016,rebounding,1,323,430,9262,136.23,sam2,1.414,4238.068,64.58
2017,rebounding,1,323,431,9450,138.99,sam2,1.0,2996.766,45.665
2018,rebounding,1,323,430,9173,134.92,sam2,1.0,2996.766,45.665
2019,rebounding,1,323,431,9174,134.93,sam2,1.0,2996.766,45.665
2020,rebounding,1,323,432,9496,139.67,sam2,1.0,2996.766,45.665
2021,rebounding,1,323,430,9259,136.18,sam2,2.0,5993.533,91.33
2022,rebounding,1,323,430,9323,137.12,sam2,0.0,0.0,0.0
2023,rebounding,1,322,431,9436,138.79,sam2,1.414,4238.068,64.58
2024,rebounding,1,322,431,9324,137.14,sam2,0.0,0.0,0.0
2025,rebounding,1,323,430,9269,136.33,sam2,1.414,4238.068,64.58
2026,rebounding,1,323,430,9271,136.36,sam2,0.0,0.0,0.0
2027,rebounding,1,322,430,9274,136.4,sam2,1.0,2996.766,45.665
2028,rebounding,1,322,430,9532,140.2,sam2,0.0,0.0,0.0
2029,rebounding,1,322,430,9510,139.87,sam2,0.0,0.0,0.0
2030,rebounding,1,322,430,9575,140.83,sam2,0.0,0.0,0.0
2031,rebounding,1,322,428,9280,136.49,sam2,2.0,5993.533,91.33
2032,rebounding,1,322,429,9603,141.24,sam2,1.0,2996.766,45.665
2033,rebounding,1,322,429,9568,140.73,sam2,0.0,0.0,0.0
2034,rebounding,1,323,428,9452,139.02,sam2,1.414,4238.068,64.58
2035,rebounding,1,323,427,9475,139.36,sam2,1.0,2996.766,45.665
2036,rebounding,1,322,429,9796,144.08,sam2,2.236,6700.974,102.11
2037,rebounding,1,323,427,9491,139.59,sam2,2.236,6700.974,102.11
2038,rebounding,1,323,427,9357,137.62,sam2,0.0,0.0,0.0
2039,rebounding,1,323,426,9245,135.98,sam2,1.0,2996.766,45.665
2040,rebounding,1,323,427,9566,140.7,sam2,1.0,2996.766,45.665
2041,rebounding,1,323,427,9526,140.11,sam2,0.0,0.0,0.0
2042,rebounding,1,323,427,9485,139.51,sam2,0.0,0.0,0.0
2043,rebounding,1,323,428,9556,140.55,sam2,1.0,2996.766,45.665
2044,rebounding,1,323,429,9701,142.68,sam2,1.0,2996.766,45.665
2045,rebounding,1,323,428,9513,139.92,sam2,1.0,2996.766,45.665
2046,rebounding,1,323,430,9625,141.56,sam2,2.0,5993.533,91.33
2047,rebounding,1,323,429,9514,139.93,sam2,1.0,2996.766,45.665
2048,rebounding,1,324,428,9271,136.36,sam2,1.414,4238.068,64.58
2049,rebounding,1,324,428,9169,134.86,sam2,0.0,0.0,0.0
2050,rebounding,1,324,430,9323,137.12,sam2,2.0,5993.533,91.33
2051,rebounding,1,324,429,9270,136.34,sam2,1.0,2996.766,45.665
2052,rebounding,1,324,430,9481,139.45,sam2,1.0,2996.766,45.665
2053,rebounding,1,324,430,9122,134.17,sam2,0.0,0.0,0.0
2054,rebounding,1,324,430,9284,136.55,sam2,0.0,0.0,0.0
2055,rebounding,1,325,430,9246,135.99,sam2,1.0,2996.766,45.665
2056,rebounding,1,324,431,9304,136.84,sam2,1.414,4238.068,64.58
2057,rebounding,1,325,431,9101,133.86,sam2,1.0,2996.766,45.665
2058,rebounding,1,325,431,9208,135.43,sam2,0.0,0.0,0.0
2059,rebounding,1,325,431,9281,136.51,sam2,0.0,0.0,0.0
2060,rebounding,1,324,431,9384,138.02,sam2,1.0,2996.766,45.665
2061,rebounding,1,324,431,9412,138.43,sam2,0.0,0.0,0.0
2062,rebounding,1,325,431,9390,138.11,sam2,1.0,2996.766,45.665
2063,rebounding,1,324,431,9405,138.33,sam2,1.0,2996.766,45.665
2064,rebounding,1,325,429,9257,136.15,sam2,2.236,6700.974,102.11
2065,rebounding,1,325,431,9496,139.67,sam2,2.0,5993.533,91.33
2066,rebounding,1,324,430,9582,140.93,sam2,1.414,4238.068,64.58
2067,rebounding,1,325,430,9445,138.92,sam2,1.0,2996.766,45.665
2068,rebounding,1,325,429,9587,141.01,sam2,1.0,2996.766,45.665
2069,rebounding,1,325,428,9378,137.93,sam2,1.0,2996.766,45.665
2070,rebounding,1,325,429,9542,140.34,sam2,1.0,2996.766,45.665
2071,rebounding,1,325,428,9512,139.9,sam2,1.0,2996.766,45.665
2072,rebounding,1,325,427,9565,140.68,sam2,1.0,2996.766,45.665
2073,rebounding,1,325,428,9669,142.21,sam2,1.0,2996.766,45.665
2074,rebounding,1,326,427,9473,139.33,sam2,1.414,4238.068,64.58
2075,rebounding,1,325,428,9537,140.27,sam2,1.414,4238.068,64.58
2076,rebounding,1,325,427,9363,137.71,sam2,1.0,2996.766,45.665
2077,rebounding,1,326,427,9392,138.14,sam2,1.0,2996.766,45.665
2078,rebounding,1,325,428,9480,139.43,sam2,1.414,4238.068,64.58
2079,rebounding,1,325,429,9586,140.99,sam2,1.0,2996.766,45.665
2080,rebounding,1,325,429,9668,142.2,sam2,0.0,0.0,0.0
2081,rebounding,1,325,429,9403,138.3,sam2,0.0,0.0,0.0
2082,rebounding,1,325,429,9600,141.2,sam2,0.0,0.0,0.0
2083,rebounding,1,325,430,9673,142.27,sam2,1.0,2996.766,45.665
2084,rebounding,1,325,430,9558,140.58,sam2,0.0,0.0,0.0
2085,rebounding,1,325,431,9548,140.43,sam2,1.0,2996.766,45.665
2086,rebounding,1,325,430,9352,137.55,sam2,1.0,2996.766,45.665
2087,rebounding,1,325,430,9342,137.4,sam2,0.0,0.0,0.0
2088,rebounding,1,325,430,9311,136.95,sam2,0.0,0.0,0.0
2089,rebounding,1,325,432,9507,139.83,sam2,2.0,5993.533,91.33
2090,rebounding,1,325,431,9244,135.96,sam2,1.0,2996.766,45.665
2091,rebounding,1,324,432,9307,136.89,sam2,1.414,4238.068,64.58
2092,rebounding,1,324,432,9357,137.62,sam2,0.0,0.0,0.0
2093,rebounding,1,324,432,9367,137.77,sam2,0.0,0.0,0.0
2094,rebounding,1,324,431,9323,137.12,sam2,1.0,2996.766,45.665
2095,rebounding,1,324,429,8890,130.75,sam2,2.0,5993.533,91.33
2096,rebounding,1,325,431,9134,134.34,sam2,2.236,6700.974,102.11
2097,rebounding,1,325,429,9141,134.45,sam2,2.0,5993.533,91.33
2098,rebounding,1,324,430,9364,137.73,sam2,1.414,4238.068,64.58
2099,rebounding,1,324,431,9505,139.8,sam2,1.0,2996.766,45.665
2100,rebounding,1,323,431,9539,140.3,sam2,1.0,2996.766,45.665
2101,rebounding,1,324,429,9244,135.96,sam2,2.236,6700.974,102.11
2102,rebounding,1,323,431,9679,142.36,sam2,2.236,6700.974,102.11
2103,rebounding,1,324,429,9304,136.84,sam2,2.236,6700.974,102.11
2104,rebounding,1,324,429,9322,137.11,sam2,0.0,0.0,0.0
2105,rebounding,1,323,429,9379,137.95,sam2,1.0,2996.766,45.665
2106,rebounding,1,323,429,9434,138.76,sam2,0.0,0.0,0.0
2107,rebounding,1,324,428,9466,139.23,sam2,1.414,4238.068,64.58
2108,rebounding,1,323,429,9646,141.87,sam2,1.414,4238.068,64.58
2109,rebounding,1,323,429,9825,144.51,sam2,0.0,0.0,0.0
2110,rebounding,1,323,428,9608,141.31,sam2,1.0,2996.766,45.665
2111,rebounding,1,323,428,9574,140.81,sam2,0.0,0.0,0.0
2112,rebounding,1,323,427,9531,140.18,sam2,1.0,2996.766,45.665
2113,rebounding,1,323,427,9550,140.46,sam2,0.0,0.0,0.0
2114,rebounding,1,323,428,9645,141.86,sam2,1.0,2996.766,45.665
2115,rebounding,1,322,429,9730,143.11,sam2,1.414,4238.068,64.58
2116,rebounding,1,323,428,9518,139.99,sam2,1.414,4238.068,64.58
2117,rebounding,1,322,429,9521,140.04,sam2,1.414,4238.068,64.58
2118,rebounding,1,322,428,9553,140.51,sam2,1.0,2996.766,45.665
2119,rebounding,1,323,428,9230,135.76,sam2,1.0,2996.766,45.665
2120,rebounding,1,322,430,9518,139.99,sam2,2.236,6700.974,102.11
2121,rebounding,1,323,430,9549,140.45,sam2,1.0,2996.766,45.665
2122,rebounding,1,322,429,9340,137.37,sam2,1.414,4238.068,64.58
2123,rebounding,1,322,429,9229,135.74,sam2,0.0,0.0,0.0
2124,rebounding,1,323,430,9395,138.18,sam2,1.414,4238.068,64.58
2125,rebounding,1,323,430,9316,137.02,sam2,0.0,0.0,0.0
2126,rebounding,1,322,431,9392,138.14,sam2,1.414,4238.068,64.58
2127,rebounding,1,322,431,9510,139.87,sam2,0.0,0.0,0.0
2128,rebounding,1,323,432,9679,142.36,sam2,1.414,4238.068,64.58
2129,rebounding,1,322,431,9520,140.02,sam2,1.414,4238.068,64.58
2130,rebounding,1,323,431,9324,137.14,sam2,1.0,2996.766,45.665
2131,rebounding,1,322,431,9251,136.06,sam2,1.0,2996.766,45.665
2132,rebounding,1,323,430,9285,136.56,sam2,1.414,4238.068,64.58
2133,rebounding,1,322,431,9372,137.84,sam2,1.414,4238.068,64.58
2134,rebounding,1,322,431,9581,140.92,sam2,0.0,0.0,0.0
2135,rebounding,1,323,431,9564,140.67,sam2,1.0,2996.766,45.665
2136,rebounding,1,322,430,9408,138.37,sam2,1.414,4238.068,64.58
2137,rebounding,1,323,429,9267,136.3,sam2,1.414,4238.068,64.58
2138,rebounding,1,323,429,9239,135.89,sam2,0.0,0.0,0.0
2139,rebounding,1,323,430,9517,139.98,sam2,1.0,2996.766,45.665
2140,rebounding,1,323,429,9522,140.05,sam2,1.0,2996.766,45.665
2141,rebounding,1,323,430,9588,141.02,sam2,1.0,2996.766,45.665
2142,rebounding,1,323,428,9440,138.84,sam2,2.0,5993.533,91.33
2143,rebounding,1,324,428,9534,140.23,sam2,1.0,2996.766,45.665
2144,rebounding,1,324,427,9445,138.92,sam2,1.0,2996.766,45.665
2145,rebounding,1,323,429,9746,143.34,sam2,2.236,6700.974,102.11
2146,rebounding,1,323,428,9445,138.92,sam2,1.0,2996.766,45.665
2147,rebounding,1,324,428,9474,139.34,sam2,1.0,2996.766,45.665
2148,rebounding,1,324,428,9612,141.37,sam2,0.0,0.0,0.0
2149,rebounding,1,324,428,9512,139.9,sam2,0.0,0.0,0.0
2150,rebounding,1,324,428,9612,141.37,sam2,0.0,0.0,0.0
2151,rebounding,1,324,428,9559,140.59,sam2,0.0,0.0,0.0
2152,rebounding,1,324,428,9616,141.43,sam2,0.0,0.0,0.0
2153,rebounding,1,324,429,9582,140.93,sam2,1.0,2996.766,45.665
2154,rebounding,1,324,429,9543,140.36,sam2,0.0,0.0,0.0
2155,rebounding,1,324,429,9422,138.58,sam2,0.0,0.0,0.0
2156,rebounding,1,324,430,9545,140.39,sam2,1.0,2996.766,45.665
2157,rebounding,1,324,430,9449,138.98,sam2,0.0,0.0,0.0
2158,rebounding,1,324,430,9345,137.45,sam2,0.0,0.0,0.0
2159,rebounding,1,325,430,9260,136.2,sam2,1.0,2996.766,45.665
2160,rebounding,1,325,431,9604,141.26,sam2,1.0,2996.766,45.665
2161,rebounding,1,325,431,9427,138.65,sam2,0.0,0.0,0.0
2162,rebounding,1,325,430,9219,135.59,sam2,1.0,2996.766,45.665
2163,rebounding,1,325,432,9553,140.51,sam2,2.0,5993.533,91.33
2164,rebounding,1,325,431,9328,137.2,sam2,1.0,2996.766,45.665
2165,rebounding,1,325,431,9200,135.31,sam2,0.0,0.0,0.0
2166,rebounding,1,325,431,9453,139.04,sam2,0.0,0.0,0.0
2167,rebounding,1,325,431,9400,138.26,sam2,0.0,0.0,0.0
2168,rebounding,1,325,431,9341,137.39,sam2,0.0,0.0,0.0
2169,rebounding,1,325,431,9322,137.11,sam2,0.0,0.0,0.0
2170,rebounding,1,325,431,9208,135.43,sam2,0.0,0.0,0.0
2171,rebounding,1,325,431,9384,138.02,sam2,0.0,0.0,0.0
2172,rebounding,1,325,430,9285,136.56,sam2,1.0,2996.766,45.665
2173,rebounding,1,325,431,9401,138.27,sam2,1.0,2996.766,45.665
2174,rebounding,1,325,430,9416,138.49,sam2,1.0,2996.766,45.665
2175,rebounding,1,325,431,9485,139.51,sam2,1.0,2996.766,45.665
2176,rebounding,1,325,430,9574,140.81,sam2,1.0,2996.766,45.665
2177,rebounding,1,325,430,9600,141.2,sam2,0.0,0.0,0.0
2178,rebounding,1,325,430,9591,141.06,sam2,0.0,0.0,0.0
2179,rebounding,1,325,429,9491,139.59,sam2,1.0,2996.766,45.665
2180,rebounding,1,325,429,9539,140.3,sam2,0.0,0.0,0.0
2181,rebounding,1,325,429,9566,140.7,sam2,0.0,0.0,0.0
2182,rebounding,1,325,429,9651,141.95,sam2,0.0,0.0,0.0
2183,rebounding,1,325,429,9597,141.15,sam2,0.0,0.0,0.0
2184,rebounding,1,325,429,9690,142.52,sam2,0.0,0.0,0.0
2185,rebounding,1,325,427,9441,138.86,sam2,2.0,5993.533,91.33
2186,rebounding,1,325,427,9449,138.98,sam2,0.0,0.0,0.0
2187,rebounding,1,325,429,9600,141.2,sam2,2.0,5993.533,91.33
2188,rebounding,1,325,429,9557,140.56,sam2,0.0,0.0,0.0
2189,rebounding,1,324,430,9703,142.71,sam2,1.414,4238.068,64.58
2190,rebounding,1,323,429,9563,140.65,sam2,1.414,4238.068,64.58
2191,rebounding,1,324,429,9263,136.24,sam2,1.0,2996.766,45.665
2192,rebounding,1,324,429,9195,135.24,sam2,0.0,0.0,0.0
2193,rebounding,1,324,430,9545,140.39,sam2,1.0,2996.766,45.665
2194,rebounding,1,324,430,9455,139.06,sam2,0.0,0.0,0.0
2195,rebounding,1,324,430,9380,137.96,sam2,0.0,0.0,0.0
2196,rebounding,1,324,430,9350,137.52,sam2,0.0,0.0,0.0
2197,rebounding,1,324,431,9262,136.23,sam2,1.0,2996.766,45.665
2198,rebounding,1,324,431,9180,135.02,sam2,0.0,0.0,0.0
2199,rebounding,1,324,431,9370,137.81,sam2,0.0,0.0,0.0
2200,rebounding,1,324,432,9482,139.46,sam2,1.0,2996.766,45.665
2201,rebounding,1,323,431,9283,136.53,sam2,1.414,4238.068,64.58
2202,rebounding,1,323,432,9518,139.99,sam2,1.0,2996.766,45.665
2203,rebounding,1,323,431,9477,139.39,sam2,1.0,2996.766,45.665
2204,rebounding,1,323,431,9234,135.81,sam2,0.0,0.0,0.0
2205,rebounding,1,323,431,9214,135.52,sam2,0.0,0.0,0.0
2206,rebounding,1,324,431,9344,137.43,sam2,1.0,2996.766,45.665
2207,rebounding,1,323,431,9365,137.74,sam2,1.0,2996.766,45.665
2208,rebounding,1,323,432,9526,140.11,sam2,1.0,2996.766,45.665
2209,rebounding,1,323,430,9348,137.49,sam2,2.0,5993.533,91.33
2210,rebounding,1,323,430,9497,139.68,sam2,0.0,0.0,0.0
2211,rebounding,1,323,430,9390,138.11,sam2,0.0,0.0,0.0
2212,rebounding,1,322,430,9580,140.9,sam2,1.0,2996.766,45.665
2213,rebounding,1,323,428,9332,137.26,sam2,2.236,6700.974,102.11
2214,rebounding,1,323,428,9437,138.8,sam2,0.0,0.0,0.0
2215,rebounding,1,322,429,9511,139.89,sam2,1.414,4238.068,64.58
2216,rebounding,1,322,429,9579,140.89,sam2,0.0,0.0,0.0
2217,rebounding,1,323,429,9643,141.83,sam2,1.0,2996.766,45.665
2218,rebounding,1,323,429,9744,143.32,sam2,0.0,0.0,0.0
2219,rebounding,1,322,429,9862,145.05,sam2,1.0,2996.766,45.665
2220,rebounding,1,322,429,9736,143.2,sam2,0.0,0.0,0.0
2221,rebounding,1,322,429,9734,143.17,sam2,0.0,0.0,0.0
2222,rebounding,1,323,428,9427,138.65,sam2,1.414,4238.068,64.58
2223,rebounding,1,322,428,9518,139.99,sam2,1.0,2996.766,45.665
2224,rebounding,1,323,429,9630,141.64,sam2,1.414,4238.068,64.58
2225,rebounding,1,323,428,9505,139.8,sam2,1.0,2996.766,45.665
2226,rebounding,1,322,428,9527,140.12,sam2,1.0,2996.766,45.665
2227,rebounding,1,323,429,9599,141.18,sam2,1.414,4238.068,64.58
2228,rebounding,1,322,430,9760,143.55,sam2,1.414,4238.068,64.58
2229,rebounding,1,323,429,9441,138.86,sam2,1.414,4238.068,64.58
2230,rebounding,1,323,430,9563,140.65,sam2,1.0,2996.766,45.665
2231,rebounding,1,323,429,9319,137.06,sam2,1.0,2996.766,45.665
2232,rebounding,1,323,431,9549,140.45,sam2,2.0,5993.533,91.33
2233,rebounding,1,322,432,9812,144.32,sam2,1.414,4238.068,64.58
2234,rebounding,1,323,431,9554,140.52,sam2,1.414,4238.068,64.58
2235,rebounding,1,323,431,9457,139.09,sam2,0.0,0.0,0.0
2236,rebounding,1,323,432,9535,140.24,sam2,1.0,2996.766,45.665
2237,rebounding,1,323,431,9428,138.67,sam2,1.0,2996.766,45.665
2238,rebounding,1,323,431,9446,138.93,sam2,0.0,0.0,0.0
2239,rebounding,1,324,431,9330,137.23,sam2,1.0,2996.766,45.665
2240,rebounding,1,323,432,9525,140.09,sam2,1.414,4238.068,64.58
2241,rebounding,1,323,432,9549,140.45,sam2,0.0,0.0,0.0
2242,rebounding,1,323,433,9648,141.9,sam2,1.0,2996.766,45.665
2243,rebounding,1,324,432,9546,140.4,sam2,1.414,4238.068,64.58
2244,rebounding,1,323,431,9540,140.31,sam2,1.414,4238.068,64.58
2245,rebounding,1,324,430,9324,137.14,sam2,1.414,4238.068,64.58
2246,rebounding,1,324,431,9503,139.77,sam2,1.0,2996.766,45.665
2247,rebounding,1,324,431,9549,140.45,sam2,0.0,0.0,0.0
2248,rebounding,1,324,430,9469,139.27,sam2,1.0,2996.766,45.665
2249,rebounding,1,324,430,9383,138.01,sam2,0.0,0.0,0.0
2250,rebounding,1,324,429,9385,138.04,sam2,1.0,2996.766,45.665
2251,rebounding,1,324,429,9390,138.11,sam2,0.0,0.0,0.0
2252,rebounding,1,324,430,9558,140.58,sam2,1.0,2996.766,45.665
2253,rebounding,1,324,430,9884,145.37,sam2,0.0,0.0,0.0
2254,rebounding,1,324,430,9726,143.05,sam2,0.0,0.0,0.0
2255,rebounding,1,325,429,9665,142.15,sam2,1.414,4238.068,64.58
2256,rebounding,1,325,429,9587,141.01,sam2,0.0,0.0,0.0
2257,rebounding,1,325,428,9481,139.45,sam2,1.0,2996.766,45.665
2258,rebounding,1,325,428,9500,139.73,sam2,0.0,0.0,0.0
2259,rebounding,1,325,428,9690,142.52,sam2,0.0,0.0,0.0
2260,rebounding,1,325,427,9430,138.7,sam2,1.0,2996.766,45.665
2261,rebounding,1,325,430,9687,142.48,sam2,3.0,8990.299,136.995
2262,rebounding,1,324,430,9742,143.29,sam2,1.0,2996.766,45.665
2263,rebounding,1,325,430,9723,143.01,sam2,1.0,2996.766,45.665
2264,rebounding,1,325,429,9511,139.89,sam2,1.0,2996.766,45.665
2265,rebounding,1,325,429,9432,138.73,sam2,0.0,0.0,0.0
2266,rebounding,1,325,431,9572,140.79,sam2,2.0,5993.533,91.33
2267,rebounding,1,325,430,9298,136.76,sam2,1.0,2996.766,45.665
2268,rebounding,1,325,431,9392,138.14,sam2,1.0,2996.766,45.665
2269,rebounding,1,325,431,9563,140.65,sam2,0.0,0.0,0.0
2270,rebounding,1,325,431,9383,138.01,sam2,0.0,0.0,0.0
2271,rebounding,1,325,433,9394,138.17,sam2,2.0,5993.533,91.33
2272,rebounding,1,325,432,9605,141.27,sam2,1.0,2996.766,45.665
2273,rebounding,1,325,432,9459,139.12,sam2,0.0,0.0,0.0
2274,rebounding,1,325,431,9319,137.06,sam2,1.0,2996.766,45.665
2275,rebounding,1,325,431,9418,138.52,sam2,0.0,0.0,0.0
2276,rebounding,1,325,432,9503,139.77,sam2,1.0,2996.766,45.665
2277,rebounding,1,325,432,9523,140.06,sam2,0.0,0.0,0.0
2278,rebounding,1,325,433,9694,142.58,sam2,1.0,2996.766,45.665
2279,rebounding,1,325,432,9543,140.36,sam2,1.0,2996.766,45.665
2280,rebounding,1,325,431,9527,140.12,sam2,1.0,2996.766,45.665
2281,rebounding,1,325,431,9292,136.67,sam2,0.0,0.0,0.0
2282,rebounding,1,324,433,9946,146.29,sam2,2.236,6700.974,102.11
2283,rebounding,1,324,431,9469,139.27,sam2,2.0,5993.533,91.33
2284,rebounding,1,324,431,9546,140.4,sam2,0.0,0.0,0.0
2285,rebounding,1,325,429,9351,137.53,sam2,2.236,6700.974,102.11
2286,rebounding,1,325,430,9497,139.68,sam2,1.0,2996.766,45.665
2287,rebounding,1,325,430,9631,141.65,sam2,0.0,0.0,0.0
2288,rebounding,1,324,430,9593,141.09,sam2,1.0,2996.766,45.665
2289,rebounding,1,325,428,9560,140.61,sam2,2.236,6700.974,102.11
2290,rebounding,1,324,428,9447,138.95,sam2,1.0,2996.766,45.665
2291,rebounding,1,324,428,9346,137.46,sam2,0.0,0.0,0.0
2292,rebounding,1,324,428,9419,138.54,sam2,0.0,0.0,0.0
2293,rebounding,1,324,429,9659,142.07,sam2,1.0,2996.766,45.665
2294,rebounding,1,323,430,9812,144.32,sam2,1.414,4238.068,64.58
2295,rebounding,1,324,429,9477,139.39,sam2,1.414,4238.068,64.58
2296,rebounding,1,323,430,9662,142.11,sam2,1.414,4238.068,64.58
2297,rebounding,1,324,428,9385,138.04,sam2,2.236,6700.974,102.11
2298,rebounding,1,323,428,9557,140.56,sam2,1.0,2996.766,45.665
2299,rebounding,1,323,430,9580,140.9,sam2,2.0,5993.533,91.33
2300,rebounding,1,323,429,9522,140.05,sam2,1.0,2996.766,45.665
2301,rebounding,1,324,427,9328,137.2,sam2,2.236,6700.974,102.11
2302,rebounding,1,323,430,9591,141.06,sam2,3.162,9476.608,144.405
2303,rebounding,1,323,430,9533,140.21,sam2,0.0,0.0,0.0
2304,rebounding,1,323,430,9350,137.52,sam2,0.0,0.0,0.0
2305,rebounding,1,323,430,9385,138.04,sam2,0.0,0.0,0.0
2306,rebounding,1,323,430,9506,139.81,sam2,0.0,0.0,0.0
2307,rebounding,1,324,430,9364,137.73,sam2,1.0,2996.766,45.665
2308,rebounding,1,323,430,9392,138.14,sam2,1.0,2996.766,45.665
2309,rebounding,1,323,431,9340,137.37,sam2,1.0,2996.766,45.665
2310,rebounding,1,323,430,9252,136.08,sam2,1.0,2996.766,45.665
2311,rebounding,1,323,431,9377,137.92,sam2,1.0,2996.766,45.665
2312,rebounding,1,323,431,9232,135.78,sam2,0.0,0.0,0.0
2313,rebounding,1,323,431,9321,137.09,sam2,0.0,0.0,0.0
2314,rebounding,1,323,432,9469,139.27,sam2,1.0,2996.766,45.665
2315,rebounding,1,323,431,9308,136.9,sam2,1.0,2996.766,45.665
2316,rebounding,1,323,431,9591,141.06,sam2,0.0,0.0,0.0
