frame,phase,drop_id,cx,cy,area_px,percentage,detection_method,distance_px,velocity_px_per_s,velocity_mm_s
478,falling,1,548,78,5629,100.0,sam2,,,
479,falling,1,547,101,6303,111.97,sam2,23.022,68990.746,1051.288
480,falling,1,548,125,5991,106.43,sam2,24.021,71984.801,1096.911
481,falling,1,547,149,5866,104.21,sam2,24.021,71984.801,1096.911
482,falling,1,547,174,5903,104.87,sam2,25.0,74919.162,1141.625
483,falling,1,547,197,5857,104.05,sam2,23.0,68925.629,1050.295
484,falling,1,546,221,5850,103.93,sam2,24.021,71984.801,1096.911
485,falling,1,546,246,6036,107.23,sam2,25.0,74919.162,1141.625
486,falling,1,546,270,6050,107.48,sam2,24.0,71922.396,1095.96
487,falling,1,546,294,6140,109.08,sam2,24.0,71922.396,1095.96
488,falling,1,545,318,6197,110.09,sam2,24.021,71984.801,1096.911
489,falling,1,545,343,6145,109.17,sam2,25.0,74919.162,1141.625
490,falling,1,545,365,6245,110.94,sam2,22.0,65928.863,1004.63
491,falling,1,545,392,6501,115.49,sam2,27.0,80912.695,1232.955
492,spreading,1,544,422,7672,136.29,sam2,30.017,89952.927,1370.711
493,spreading,1,544,446,7934,140.95,sam2,24.0,71922.396,1095.96
494,spreading,1,544,461,7916,140.63,sam2,15.0,44951.497,684.975
495,spreading,1,545,480,9933,176.46,sam2,19.026,57017.371,868.836
496,spreading,1,543,485,10059,178.7,sam2,5.385,16138.081,245.914
497,spreading,1,544,486,10161,180.51,sam2,1.414,4238.068,64.58
498,spreading,1,541,486,9668,171.75,sam2,3.0,8990.299,136.995
499,spreading,1,542,483,11133,197.78,sam2,3.162,9476.608,144.405
500,spreading,1,542,481,11247,199.8,sam2,2.0,5993.533,91.33
501,spreading,1,541,480,11050,196.3,sam2,1.414,4238.068,64.58
502,spreading,1,543,480,9721,172.69,sam2,2.0,5993.533,91.33
503,spreading,1,544,475,10020,178.01,sam2,5.099,15280.571,232.847
504,spreading,1,540,461,11505,204.39,sam2,14.56,43633.579,664.893
505,spreading,1,538,451,12093,214.83,sam2,10.198,30561.142,465.694
506,spreading,1,539,439,13161,233.81,sam2,12.042,36085.847,549.88
507,spreading,1,538,426,14122,250.88,sam2,13.038,39073.055,595.399
508,spreading,1,536,415,14799,262.91,sam2,11.18,33504.868,510.55
509,spreading,1,536,403,15080,267.9,sam2,12.0,35961.198,547.98
510,spreading,1,535,388,15196,269.96,sam2,15.033,45051.279,686.496
511,spreading,1,536,377,15915,282.73,sam2,11.045,33100.368,504.387
512,spreading,1,537,364,14445,256.62,sam2,13.038,39073.055,595.399
513,spreading,1,538,353,15166,269.43,sam2,11.045,33100.368,504.387
514,spreading,1,539,340,15654,278.1,sam2,13.038,39073.055,595.399
515,spreading,1,537,332,16455,292.33,sam2,8.246,24711.97,376.563
516,spreading,1,536,328,15651,278.04,sam2,4.123,12355.985,188.282
517,spreading,1,533,366,11713,208.08,sam2,38.118,114231.456,1740.67
517,spreading,2,550,108,1543,27.41,sam2,,,
518,spreading,1,533,367,11914,211.65,sam2,1.0,2996.766,45.665
518,spreading,2,551,88,1071,19.03,sam2,20.025,60010.202,914.441
519,spreading,1,533,343,10325,183.43,sam2,24.0,71922.396,1095.96
519,spreading,2,551,68,1078,19.15,sam2,20.0,59935.33,913.3
520,spreading,1,533,322,8716,154.84,sam2,21.0,62932.096,958.965
521,spreading,1,532,314,8645,153.58,sam2,8.062,24160.704,368.163
522,spreading,1,529,307,8703,154.61,sam2,7.616,22822.694,347.774
523,spreading,1,529,301,8658,153.81,sam2,6.0,17980.599,273.99
524,spreading,1,529,294,8515,151.27,sam2,7.0,20977.365,319.655
525,spreading,1,529,286,8132,144.47,sam2,8.0,23974.132,365.32
526,spreading,1,529,278,7935,140.97,sam2,8.0,23974.132,365.32
527,spreading,1,527,270,7583,134.71,sam2,8.246,24711.97,376.563
528,spreading,1,525,263,6854,121.76,sam2,7.28,21816.789,332.446
529,spreading,1,524,257,6249,111.01,sam2,6.083,18228.619,277.769
530,spreading,1,522,251,6185,109.88,sam2,6.325,18953.215,288.811
531,spreading,1,522,246,5913,105.05,sam2,5.0,14983.832,228.325
532,spreading,1,522,240,5587,99.25,sam2,6.0,17980.599,273.99
533,spreading,1,522,231,5131,91.15,sam2,9.0,26970.898,410.985
534,spreading,1,522,222,5076,90.18,sam2,9.0,26970.898,410.985
535,spreading,1,522,215,5002,88.86,sam2,7.0,20977.365,319.655
536,spreading,1,522,209,4875,86.61,sam2,6.0,17980.599,273.99
537,spreading,1,522,202,5159,91.65,sam2,7.0,20977.365,319.655
538,spreading,1,521,194,5494,97.6,sam2,8.062,24160.704,368.163
539,spreading,1,520,188,5877,104.41,sam2,6.083,18228.619,277.769
540,spreading,1,520,183,6335,112.54,sam2,5.0,14983.832,228.325
541,spreading,1,519,178,6724,119.45,sam2,5.099,15280.571,232.847
542,spreading,1,518,172,7255,128.89,sam2,6.083,18228.619,277.769
543,spreading,1,518,165,7519,133.58,sam2,7.0,20977.365,319.655
544,spreading,1,518,161,7727,137.27,sam2,4.0,11987.066,182.66
545,spreading,1,517,155,8287,147.22,sam2,6.083,18228.619,277.769
546,spreading,1,516,149,8259,146.72,sam2,6.083,18228.619,277.769
547,spreading,1,516,141,8036,142.76,sam2,8.0,23974.132,365.32
548,spreading,1,516,134,7820,138.92,sam2,7.0,20977.365,319.655
549,spreading,1,515,129,7744,137.57,sam2,5.099,15280.571,232.847
550,spreading,1,516,125,7167,127.32,sam2,4.123,12355.985,188.282
551,spreading,1,515,118,6720,119.38,sam2,7.071,21190.339,322.9
552,spreading,1,515,112,6175,109.7,sam2,6.0,17980.599,273.99
553,spreading,1,513,105,5960,105.88,sam2,7.28,21816.789,332.446
554,spreading,1,512,99,5497,97.66,sam2,6.083,18228.619,277.769
555,spreading,1,510,95,5199,92.36,sam2,4.472,13401.947,204.22
556,spreading,1,509,89,5003,88.88,sam2,6.083,18228.619,277.769
557,spreading,1,510,82,5148,91.45,sam2,7.071,21190.339,322.9
558,spreading,1,511,78,5388,95.72,sam2,4.123,12355.985,188.282
559,spreading,1,511,73,5443,96.7,sam2,5.0,14983.832,228.325
560,spreading,1,511,69,5496,97.64,sam2,4.0,11987.066,182.66
561,spreading,1,510,64,5850,103.93,sam2,5.099,15280.571,232.847
562,spreading,1,508,59,6070,107.83,sam2,5.385,16138.081,245.914
563,spreading,1,507,58,6311,112.12,sam2,1.414,4238.068,64.58
564,spreading,1,506,56,6063,107.71,sam2,2.236,6700.974,102.11
565,spreading,1,505,55,5784,102.75,sam2,1.414,4238.068,64.58
566,spreading,1,504,52,5459,96.98,sam2,3.162,9476.608,144.405
567,spreading,1,502,51,5398,95.9,sam2,2.236,6700.974,102.11
568,spreading,1,500,49,5242,93.12,sam2,2.828,8476.136,129.16
569,spreading,1,499,47,4814,85.52,sam2,2.236,6700.974,102.11
570,spreading,1,498,45,4440,78.88,sam2,2.236,6700.974,102.11
571,spreading,1,498,42,4421,78.54,sam2,3.0,8990.299,136.995
572,spreading,1,495,38,4306,76.5,sam2,5.0,14983.832,228.325
573,spreading,1,494,34,4067,72.25,sam2,4.123,12355.985,188.282
574,spreading,1,494,29,3680,65.38,sam2,5.0,14983.832,228.325
575,spreading,1,494,24,3308,58.77,sam2,5.0,14983.832,228.325
576,spreading,1,496,19,2608,46.33,sam2,5.385,16138.081,245.914
577,spreading,1,500,14,1887,33.52,sam2,6.403,19188.668,292.399
578,spreading,1,507,12,1404,24.94,sam2,7.28,21816.789,332.446
579,spreading,1,511,10,1109,19.7,sam2,4.472,13401.947,204.22
580,spreading,1,512,8,950,16.88,sam2,2.236,6700.974,102.11
581,spreading,1,514,6,819,14.55,sam2,2.828,8476.136,129.16
582,spreading,1,514,5,706,12.54,sam2,1.0,2996.766,45.665
583,spreading,1,510,3,624,11.09,sam2,4.472,13401.947,204.22
584,spreading,1,507,4,618,10.98,sam2,3.162,9476.608,144.405
585,spreading,1,502,5,740,13.15,sam2,5.099,15280.571,232.847
586,spreading,1,496,5,723,12.84,sam2,6.0,17980.599,273.99
587,spreading,1,491,5,721,12.81,sam2,5.0,14983.832,228.325
588,spreading,1,487,5,710,12.61,sam2,4.0,11987.066,182.66
589,spreading,1,485,5,703,12.49,sam2,2.0,5993.533,91.33
590,spreading,1,483,5,668,11.87,sam2,2.0,5993.533,91.33
591,spreading,1,480,4,612,10.87,sam2,3.162,9476.608,144.405
592,spreading,1,477,3,543,9.65,sam2,3.162,9476.608,144.405
593,spreading,1,474,2,450,7.99,sam2,3.162,9476.608,144.405
594,spreading,1,472,2,371,6.59,sam2,2.0,5993.533,91.33
595,spreading,1,473,1,322,5.72,sam2,1.414,4238.068,64.58
596,spreading,1,472,1,264,4.69,sam2,1.0,2996.766,45.665
597,spreading,1,,,,,null,,,
598,spreading,1,,,,,null,,,
599,spreading,1,,,,,null,,,
600,spreading,1,,,,,null,,,
601,spreading,1,,,,,null,,,
602,spreading,1,,,,,null,,,
603,spreading,1,,,,,null,,,
604,spreading,1,,,,,null,,,
605,spreading,1,,,,,null,,,
606,spreading,1,,,,,null,,,
607,spreading,1,,,,,null,,,
608,spreading,1,,,,,null,,,
609,spreading,1,,,,,null,,,
610,spreading,1,,,,,null,,,
611,spreading,1,,,,,null,,,
612,spreading,1,,,,,null,,,
613,spreading,1,,,,,null,,,
614,spreading,1,,,,,null,,,
615,spreading,1,,,,,null,,,
616,spreading,1,,,,,null,,,
617,spreading,1,,,,,null,,,
618,spreading,1,,,,,null,,,
619,spreading,1,,,,,null,,,
620,spreading,1,,,,,null,,,
621,spreading,1,,,,,null,,,
622,spreading,1,,,,,null,,,
623,spreading,1,,,,,null,,,
624,spreading,1,,,,,null,,,
625,spreading,1,,,,,null,,,
626,spreading,1,,,,,null,,,
627,spreading,1,,,,,null,,,
628,spreading,1,,,,,null,,,
629,spreading,1,,,,,null,,,
630,spreading,1,,,,,null,,,
631,spreading,1,,,,,null,,,
632,spreading,1,,,,,null,,,
633,spreading,1,,,,,null,,,
634,spreading,1,,,,,null,,,
635,spreading,1,,,,,null,,,
636,spreading,1,,,,,null,,,
637,spreading,1,,,,,null,,,
638,spreading,1,,,,,null,,,
639,spreading,1,,,,,null,,,
640,spreading,1,,,,,null,,,
641,spreading,1,,,,,null,,,
642,spreading,1,,,,,null,,,
643,spreading,1,,,,,null,,,
644,spreading,1,,,,,null,,,
645,spreading,1,,,,,null,,,
646,spreading,1,,,,,null,,,
647,spreading,1,,,,,null,,,
648,spreading,1,,,,,null,,,
649,spreading,1,,,,,null,,,
650,spreading,1,,,,,null,,,
651,spreading,1,,,,,null,,,
652,spreading,1,,,,,null,,,
653,spreading,1,,,,,null,,,
654,spreading,1,,,,,null,,,
655,spreading,1,,,,,null,,,
656,spreading,1,,,,,null,,,
657,spreading,1,,,,,null,,,
658,spreading,1,,,,,null,,,
659,spreading,1,,,,,null,,,
660,spreading,1,,,,,null,,,
661,spreading,1,,,,,null,,,
662,spreading,1,,,,,null,,,
663,spreading,1,,,,,null,,,
664,spreading,1,,,,,null,,,
665,spreading,1,,,,,null,,,
666,spreading,1,,,,,null,,,
667,spreading,1,,,,,null,,,
668,spreading,1,,,,,null,,,
669,spreading,1,,,,,null,,,
670,spreading,1,,,,,null,,,
671,spreading,1,,,,,null,,,
672,spreading,1,,,,,null,,,
673,spreading,1,,,,,null,,,
674,spreading,1,,,,,null,,,
675,spreading,1,,,,,null,,,
676,spreading,1,,,,,null,,,
677,spreading,1,,,,,null,,,
678,spreading,1,,,,,null,,,
679,spreading,1,,,,,null,,,
680,spreading,1,,,,,null,,,
681,spreading,1,,,,,null,,,
682,spreading,1,,,,,null,,,
683,spreading,1,,,,,null,,,
684,spreading,1,,,,,null,,,
685,spreading,1,,,,,null,,,
686,spreading,1,,,,,null,,,
687,spreading,1,,,,,null,,,
688,spreading,1,,,,,null,,,
689,spreading,1,,,,,null,,,
690,spreading,1,,,,,null,,,
691,spreading,1,,,,,null,,,
692,spreading,1,,,,,null,,,
693,spreading,1,,,,,null,,,
694,spreading,1,,,,,null,,,
695,spreading,1,,,,,null,,,
696,spreading,1,,,,,null,,,
697,spreading,1,,,,,null,,,
698,spreading,1,,,,,null,,,
699,spreading,1,,,,,null,,,
700,spreading,1,,,,,null,,,
701,spreading,1,,,,,null,,,
702,spreading,1,,,,,null,,,
703,spreading,1,,,,,null,,,
704,spreading,1,,,,,null,,,
705,spreading,1,,,,,null,,,
706,spreading,1,,,,,null,,,
707,spreading,1,,,,,null,,,
708,spreading,1,,,,,null,,,
709,spreading,1,,,,,null,,,
710,spreading,1,,,,,null,,,
711,spreading,1,,,,,null,,,
712,spreading,1,,,,,null,,,
713,spreading,1,,,,,null,,,
714,spreading,1,,,,,null,,,
715,spreading,1,,,,,null,,,
716,spreading,1,,,,,null,,,
717,spreading,1,,,,,null,,,
718,spreading,1,,,,,null,,,
719,spreading,1,,,,,null,,,
720,spreading,1,,,,,null,,,
721,spreading,1,,,,,null,,,
722,spreading,1,,,,,null,,,
723,spreading,1,,,,,null,,,
724,spreading,1,,,,,null,,,
725,spreading,1,,,,,null,,,
726,spreading,1,,,,,null,,,
727,spreading,1,,,,,null,,,
728,spreading,1,,,,,null,,,
729,spreading,1,,,,,null,,,
730,spreading,1,,,,,null,,,
731,spreading,1,,,,,null,,,
732,spreading,1,,,,,null,,,
733,spreading,1,,,,,null,,,
734,spreading,1,,,,,null,,,
735,spreading,1,,,,,null,,,
736,spreading,1,,,,,null,,,
737,spreading,1,,,,,null,,,
738,spreading,1,,,,,null,,,
739,spreading,1,,,,,null,,,
740,spreading,1,,,,,null,,,
741,spreading,1,,,,,null,,,
742,spreading,1,,,,,null,,,
743,spreading,1,,,,,null,,,
744,spreading,1,,,,,null,,,
745,spreading,1,,,,,null,,,
746,spreading,1,,,,,null,,,
747,spreading,1,,,,,null,,,
748,spreading,1,,,,,null,,,
749,spreading,1,,,,,null,,,
750,spreading,1,,,,,null,,,
751,spreading,1,,,,,null,,,
752,spreading,1,,,,,null,,,
753,spreading,1,,,,,null,,,
754,spreading,1,,,,,null,,,
755,spreading,1,,,,,null,,,
756,spreading,1,,,,,null,,,
757,spreading,1,,,,,null,,,
758,spreading,1,,,,,null,,,
759,spreading,1,,,,,null,,,
760,spreading,1,,,,,null,,,
761,spreading,1,,,,,null,,,
762,spreading,1,,,,,null,,,
763,spreading,1,,,,,null,,,
764,spreading,1,,,,,null,,,
765,spreading,1,,,,,null,,,
766,spreading,1,,,,,null,,,
767,spreading,1,,,,,null,,,
768,spreading,1,,,,,null,,,
769,spreading,1,,,,,null,,,
770,spreading,1,,,,,null,,,
771,spreading,1,,,,,null,,,
772,spreading,1,,,,,null,,,
773,spreading,1,,,,,null,,,
774,spreading,1,,,,,null,,,
775,spreading,1,,,,,null,,,
776,spreading,1,,,,,null,,,
777,spreading,1,,,,,null,,,
778,spreading,1,,,,,null,,,
779,spreading,1,,,,,null,,,
780,spreading,1,,,,,null,,,
781,spreading,1,,,,,null,,,
782,spreading,1,,,,,null,,,
783,spreading,1,,,,,null,,,
784,spreading,1,,,,,null,,,
785,spreading,1,,,,,null,,,
786,spreading,1,,,,,null,,,
787,spreading,1,,,,,null,,,
788,spreading,1,,,,,null,,,
789,spreading,1,,,,,null,,,
790,spreading,1,,,,,null,,,
791,spreading,1,,,,,null,,,
792,spreading,1,,,,,null,,,
793,rebounding,1,,,,,null,,,
794,rebounding,1,,,,,null,,,
795,rebounding,1,,,,,null,,,
796,rebounding,1,,,,,null,,,
797,rebounding,1,,,,,null,,,
798,rebounding,1,,,,,null,,,
799,rebounding,1,,,,,null,,,
800,rebounding,1,,,,,null,,,
801,rebounding,1,,,,,null,,,
802,rebounding,1,,,,,null,,,
803,rebounding,1,,,,,null,,,
804,rebounding,1,,,,,null,,,
805,rebounding,1,,,,,null,,,
806,rebounding,1,,,,,null,,,
807,rebounding,1,,,,,null,,,
808,rebounding,1,,,,,null,,,
809,rebounding,1,,,,,null,,,
810,rebounding,1,,,,,null,,,
811,rebounding,1,,,,,null,,,
812,rebounding,1,,,,,null,,,
813,rebounding,1,,,,,null,,,
814,rebounding,1,,,,,null,,,
815,rebounding,1,,,,,null,,,
816,rebounding,1,,,,,null,,,
817,rebounding,1,,,,,null,,,
818,rebounding,1,,,,,null,,,
819,rebounding,1,,,,,null,,,
820,rebounding,1,,,,,null,,,
821,rebounding,1,,,,,null,,,
822,rebounding,1,,,,,null,,,
823,rebounding,1,,,,,null,,,
824,rebounding,1,,,,,null,,,
825,rebounding,1,,,,,null,,,
826,rebounding,1,,,,,null,,,
827,rebounding,1,,,,,null,,,
828,rebounding,1,,,,,null,,,
829,rebounding,1,,,,,null,,,
830,rebounding,1,,,,,null,,,
831,rebounding,1,,,,,null,,,
832,rebounding,1,,,,,null,,,
833,rebounding,1,,,,,null,,,
834,rebounding,1,,,,,null,,,
835,rebounding,1,,,,,null,,,
836,rebounding,1,,,,,null,,,
837,rebounding,1,,,,,null,,,
838,rebounding,1,,,,,null,,,
839,rebounding,1,,,,,null,,,
840,rebounding,1,,,,,null,,,
841,rebounding,1,,,,,null,,,
842,rebounding,1,,,,,null,,,
843,rebounding,1,,,,,null,,,
844,rebounding,1,,,,,null,,,
845,rebounding,1,,,,,null,,,
846,rebounding,1,,,,,null,,,
847,rebounding,1,,,,,null,,,
848,rebounding,1,,,,,null,,,
849,rebounding,1,,,,,null,,,
850,rebounding,1,,,,,null,,,
851,rebounding,1,,,,,null,,,
852,rebounding,1,,,,,null,,,
853,rebounding,1,,,,,null,,,
854,rebounding,1,,,,,null,,,
855,rebounding,1,,,,,null,,,
856,rebounding,1,,,,,null,,,
857,rebounding,1,,,,,null,,,
858,rebounding,1,,,,,null,,,
859,rebounding,1,,,,,null,,,
860,rebounding,1,,,,,null,,,
861,rebounding,1,,,,,null,,,
862,rebounding,1,,,,,null,,,
863,rebounding,1,,,,,null,,,
864,rebounding,1,,,,,null,,,
865,rebounding,1,,,,,null,,,
866,rebounding,1,,,,,null,,,
867,rebounding,1,,,,,null,,,
868,rebounding,1,,,,,null,,,
869,rebounding,1,,,,,null,,,
870,rebounding,1,,,,,null,,,
871,rebounding,1,,,,,null,,,
872,rebounding,1,,,,,null,,,
873,rebounding,1,,,,,null,,,
874,rebounding,1,,,,,null,,,
875,rebounding,1,,,,,null,,,
876,rebounding,1,,,,,null,,,
877,rebounding,1,,,,,null,,,
878,rebounding,1,,,,,null,,,
879,rebounding,1,,,,,null,,,
880,rebounding,1,,,,,null,,,
881,rebounding,1,,,,,null,,,
882,rebounding,1,,,,,null,,,
883,rebounding,1,,,,,null,,,
884,rebounding,1,,,,,null,,,
885,rebounding,1,,,,,null,,,
886,rebounding,1,,,,,null,,,
887,rebounding,1,,,,,null,,,
888,rebounding,1,,,,,null,,,
889,rebounding,1,,,,,null,,,
890,rebounding,1,,,,,null,,,
891,rebounding,1,,,,,null,,,
892,rebounding,1,,,,,null,,,
893,rebounding,1,,,,,null,,,
894,rebounding,1,,,,,null,,,
895,rebounding,1,,,,,null,,,
896,rebounding,1,,,,,null,,,
897,rebounding,1,,,,,null,,,
898,rebounding,1,,,,,null,,,
899,rebounding,1,,,,,null,,,
900,rebounding,1,,,,,null,,,
901,rebounding,1,,,,,null,,,
902,rebounding,1,,,,,null,,,
903,rebounding,1,,,,,null,,,
904,rebounding,1,,,,,null,,,
905,rebounding,1,,,,,null,,,
906,rebounding,1,,,,,null,,,
907,rebounding,1,,,,,null,,,
908,rebounding,1,,,,,null,,,
909,rebounding,1,,,,,null,,,
910,rebounding,1,,,,,null,,,
911,rebounding,1,,,,,null,,,
912,rebounding,1,,,,,null,,,
913,rebounding,1,,,,,null,,,
914,rebounding,1,,,,,null,,,
915,rebounding,1,,,,,null,,,
916,rebounding,1,,,,,null,,,
917,rebounding,1,,,,,null,,,
918,rebounding,1,,,,,null,,,
919,rebounding,1,,,,,null,,,
920,rebounding,1,,,,,null,,,
921,rebounding,1,,,,,null,,,
922,rebounding,1,,,,,null,,,
923,rebounding,1,,,,,null,,,
924,rebounding,1,,,,,null,,,
925,rebounding,1,,,,,null,,,
926,rebounding,1,,,,,null,,,
927,rebounding,1,,,,,null,,,
928,rebounding,1,,,,,null,,,
929,rebounding,1,,,,,null,,,
930,rebounding,1,,,,,null,,,
931,rebounding,1,,,,,null,,,
932,rebounding,1,,,,,null,,,
933,rebounding,1,,,,,null,,,
934,rebounding,1,,,,,null,,,
935,rebounding,1,,,,,null,,,
936,rebounding,1,,,,,null,,,
937,rebounding,1,,,,,null,,,
938,rebounding,1,,,,,null,,,
939,rebounding,1,,,,,null,,,
940,rebounding,1,,,,,null,,,
941,rebounding,1,,,,,null,,,
942,rebounding,1,,,,,null,,,
943,rebounding,1,,,,,null,,,
944,rebounding,1,,,,,null,,,
945,rebounding,1,,,,,null,,,
946,rebounding,1,,,,,null,,,
947,rebounding,1,,,,,null,,,
948,rebounding,1,,,,,null,,,
949,rebounding,1,,,,,null,,,
950,rebounding,1,,,,,null,,,
951,rebounding,1,,,,,null,,,
952,rebounding,1,,,,,null,,,
953,rebounding,1,,,,,null,,,
954,rebounding,1,,,,,null,,,
955,rebounding,1,,,,,null,,,
956,rebounding,1,,,,,null,,,
957,rebounding,1,,,,,null,,,
958,rebounding,1,,,,,null,,,
959,rebounding,1,,,,,null,,,
960,rebounding,1,,,,,null,,,
961,rebounding,1,,,,,null,,,
962,rebounding,1,,,,,null,,,
963,rebounding,1,,,,,null,,,
964,rebounding,1,,,,,null,,,
965,rebounding,1,,,,,null,,,
966,rebounding,1,,,,,null,,,
967,rebounding,1,,,,,null,,,
968,rebounding,1,,,,,null,,,
969,rebounding,1,,,,,null,,,
970,rebounding,1,,,,,null,,,
971,rebounding,1,,,,,null,,,
972,rebounding,1,,,,,null,,,
973,rebounding,1,,,,,null,,,
974,rebounding,1,,,,,null,,,
975,rebounding,1,,,,,null,,,
976,rebounding,1,,,,,null,,,
977,rebounding,1,,,,,null,,,
978,rebounding,1,,,,,null,,,
979,rebounding,1,,,,,null,,,
980,rebounding,1,,,,,null,,,
981,rebounding,1,,,,,null,,,
982,rebounding,1,,,,,null,,,
983,rebounding,1,,,,,null,,,
984,rebounding,1,,,,,null,,,
985,rebounding,1,,,,,null,,,
986,rebounding,1,,,,,null,,,
987,rebounding,1,,,,,null,,,
988,rebounding,1,,,,,null,,,
989,rebounding,1,,,,,null,,,
990,rebounding,1,,,,,null,,,
991,rebounding,1,,,,,null,,,
992,rebounding,1,,,,,null,,,
993,rebounding,1,,,,,null,,,
994,rebounding,1,,,,,null,,,
995,rebounding,1,,,,,null,,,
996,rebounding,1,,,,,null,,,
997,rebounding,1,,,,,null,,,
998,rebounding,1,,,,,null,,,
999,rebounding,1,,,,,null,,,
1000,rebounding,1,,,,,null,,,
1001,rebounding,1,,,,,null,,,
1002,rebounding,1,,,,,null,,,
1003,rebounding,1,,,,,null,,,
1004,rebounding,1,,,,,null,,,
1005,rebounding,1,,,,,null,,,
1006,rebounding,1,,,,,null,,,
1007,rebounding,1,,,,,null,,,
1008,rebounding,1,,,,,null,,,
1009,rebounding,1,,,,,null,,,
1010,rebounding,1,,,,,null,,,
1011,rebounding,1,,,,,null,,,
1012,rebounding,1,,,,,null,,,
1013,rebounding,1,,,,,null,,,
1014,rebounding,1,,,,,null,,,
1015,rebounding,1,,,,,null,,,
1016,rebounding,1,,,,,null,,,
1017,rebounding,1,,,,,null,,,
1018,rebounding,1,,,,,null,,,
1019,rebounding,1,,,,,null,,,
1020,rebounding,1,,,,,null,,,
1021,rebounding,1,,,,,null,,,
1022,rebounding,1,,,,,null,,,
1023,rebounding,1,,,,,null,,,
1024,rebounding,1,,,,,null,,,
1025,rebounding,1,,,,,null,,,
1026,rebounding,1,,,,,null,,,
1027,rebounding,1,,,,,null,,,
1028,rebounding,1,,,,,null,,,
1029,rebounding,1,,,,,null,,,
1030,rebounding,1,,,,,null,,,
1031,rebounding,1,,,,,null,,,
1032,rebounding,1,,,,,null,,,
1033,rebounding,1,,,,,null,,,
1034,rebounding,1,,,,,null,,,
1035,rebounding,1,,,,,null,,,
1036,rebounding,1,,,,,null,,,
1037,rebounding,1,,,,,null,,,
1038,rebounding,1,,,,,null,,,
1039,rebounding,1,,,,,null,,,
1040,rebounding,1,,,,,null,,,
1041,rebounding,1,,,,,null,,,
1042,rebounding,1,,,,,null,,,
1043,rebounding,1,,,,,null,,,
1044,rebounding,1,,,,,null,,,
1045,rebounding,1,,,,,null,,,
1046,rebounding,1,,,,,null,,,
1047,rebounding,1,,,,,null,,,
1048,rebounding,1,,,,,null,,,
1049,rebounding,1,,,,,null,,,
1050,rebounding,1,,,,,null,,,
1051,rebounding,1,,,,,null,,,
1052,rebounding,1,,,,,null,,,
1053,rebounding,1,,,,,null,,,
1054,rebounding,1,,,,,null,,,
1055,rebounding,1,,,,,null,,,
1056,rebounding,1,,,,,null,,,
1057,rebounding,1,,,,,null,,,
1058,rebounding,1,,,,,null,,,
1059,rebounding,1,,,,,null,,,
1060,rebounding,1,,,,,null,,,
1061,rebounding,1,,,,,null,,,
1062,rebounding,1,,,,,null,,,
1063,rebounding,1,,,,,null,,,
1064,rebounding,1,,,,,null,,,
1065,rebounding,1,,,,,null,,,
1066,rebounding,1,,,,,null,,,
1067,rebounding,1,,,,,null,,,
1068,rebounding,1,,,,,null,,,
1069,rebounding,1,,,,,null,,,
1070,rebounding,1,,,,,null,,,
1071,rebounding,1,,,,,null,,,
1072,rebounding,1,,,,,null,,,
1073,rebounding,1,,,,,null,,,
1074,rebounding,1,,,,,null,,,
1075,rebounding,1,,,,,null,,,
1076,rebounding,1,,,,,null,,,
1077,rebounding,1,,,,,null,,,
1078,rebounding,1,,,,,null,,,
1079,rebounding,1,,,,,null,,,
1080,rebounding,1,,,,,null,,,
1081,rebounding,1,,,,,null,,,
1082,rebounding,1,,,,,null,,,
1083,rebounding,1,,,,,null,,,
1084,rebounding,1,,,,,null,,,
1085,rebounding,1,,,,,null,,,
1086,rebounding,1,,,,,null,,,
1087,rebounding,1,,,,,null,,,
1088,rebounding,1,,,,,null,,,
1089,rebounding,1,,,,,null,,,
1090,rebounding,1,,,,,null,,,
1091,rebounding,1,,,,,null,,,
1092,rebounding,1,,,,,null,,,
1093,rebounding,1,,,,,null,,,
1094,rebounding,1,,,,,null,,,
1095,rebounding,1,,,,,null,,,
1096,rebounding,1,,,,,null,,,
1097,rebounding,1,,,,,null,,,
1098,rebounding,1,,,,,null,,,
1099,rebounding,1,,,,,null,,,
1100,rebounding,1,,,,,null,,,
1101,rebounding,1,,,,,null,,,
1102,rebounding,1,,,,,null,,,
1103,rebounding,1,,,,,null,,,
1104,rebounding,1,,,,,null,,,
1105,rebounding,1,,,,,null,,,
1106,rebounding,1,,,,,null,,,
1107,rebounding,1,,,,,null,,,
1108,rebounding,1,,,,,null,,,
1109,rebounding,1,,,,,null,,,
1110,rebounding,1,,,,,null,,,
1111,rebounding,1,,,,,null,,,
1112,rebounding,1,,,,,null,,,
1113,rebounding,1,,,,,null,,,
1114,rebounding,1,,,,,null,,,
1115,rebounding,1,,,,,null,,,
1116,rebounding,1,,,,,null,,,
1117,rebounding,1,,,,,null,,,
1118,rebounding,1,,,,,null,,,
1119,rebounding,1,,,,,null,,,
1120,rebounding,1,,,,,null,,,
1121,rebounding,1,,,,,null,,,
1122,rebounding,1,,,,,null,,,
1123,rebounding,1,,,,,null,,,
1124,rebounding,1,,,,,null,,,
1125,rebounding,1,,,,,null,,,
1126,rebounding,1,,,,,null,,,
1127,rebounding,1,,,,,null,,,
1128,rebounding,1,,,,,null,,,
1129,rebounding,1,,,,,null,,,
1130,rebounding,1,,,,,null,,,
1131,rebounding,1,,,,,null,,,
1132,rebounding,1,,,,,null,,,
1133,rebounding,1,,,,,null,,,
1134,rebounding,1,,,,,null,,,
1135,rebounding,1,,,,,null,,,
1136,rebounding,1,,,,,null,,,
1137,rebounding,1,,,,,null,,,
1138,rebounding,1,,,,,null,,,
1139,rebounding,1,,,,,null,,,
1140,rebounding,1,,,,,null,,,
1141,rebounding,1,,,,,null,,,
1142,rebounding,1,,,,,null,,,
1143,rebounding,1,,,,,null,,,
1144,rebounding,1,,,,,null,,,
1145,rebounding,1,,,,,null,,,
1146,rebounding,1,,,,,null,,,
1147,rebounding,1,,,,,null,,,
1148,rebounding,1,,,,,null,,,
1149,rebounding,1,,,,,null,,,
1150,rebounding,1,,,,,null,,,
1151,rebounding,1,,,,,null,,,
1152,rebounding,1,,,,,null,,,
1153,rebounding,1,,,,,null,,,
1154,rebounding,1,,,,,null,,,
1155,rebounding,1,,,,,null,,,
1156,rebounding,1,,,,,null,,,
1157,rebounding,1,,,,,null,,,
1158,rebounding,1,,,,,null,,,
1159,rebounding,1,,,,,null,,,
1160,rebounding,1,,,,,null,,,
1161,rebounding,1,,,,,null,,,
1162,rebounding,1,,,,,null,,,
1163,rebounding,1,,,,,null,,,
1164,rebounding,1,,,,,null,,,
1165,rebounding,1,,,,,null,,,
1166,rebounding,1,,,,,null,,,
1167,rebounding,1,,,,,null,,,
1168,rebounding,1,,,,,null,,,
1169,rebounding,1,,,,,null,,,
1170,rebounding,1,,,,,null,,,
1171,rebounding,1,,,,,null,,,
1172,rebounding,1,,,,,null,,,
1173,rebounding,1,,,,,null,,,
1174,rebounding,1,,,,,null,,,
1175,rebounding,1,,,,,null,,,
1176,rebounding,1,,,,,null,,,
1177,rebounding,1,,,,,null,,,
1178,rebounding,1,,,,,null,,,
1179,rebounding,1,,,,,null,,,
1180,rebounding,1,,,,,null,,,
1181,rebounding,1,,,,,null,,,
1182,rebounding,1,,,,,null,,,
1183,rebounding,1,,,,,null,,,
1184,rebounding,1,,,,,null,,,
1185,rebounding,1,,,,,null,,,
1186,rebounding,1,,,,,null,,,
1187,rebounding,1,,,,,null,,,
1188,rebounding,1,,,,,null,,,
1189,rebounding,1,,,,,null,,,
1190,rebounding,1,,,,,null,,,
1191,rebounding,1,,,,,null,,,
1192,rebounding,1,,,,,null,,,
1193,rebounding,1,,,,,null,,,
1194,rebounding,1,,,,,null,,,
1195,rebounding,1,,,,,null,,,
1196,rebounding,1,,,,,null,,,
1197,rebounding,1,,,,,null,,,
1198,rebounding,1,,,,,null,,,
1199,rebounding,1,,,,,null,,,
1200,rebounding,1,,,,,null,,,
1201,rebounding,1,,,,,null,,,
1202,rebounding,1,,,,,null,,,
1203,rebounding,1,,,,,null,,,
1204,rebounding,1,,,,,null,,,
1205,rebounding,1,,,,,null,,,
1206,rebounding,1,,,,,null,,,
1207,rebounding,1,,,,,null,,,
1208,rebounding,1,,,,,null,,,
1209,rebounding,1,,,,,null,,,
1210,rebounding,1,,,,,null,,,
1211,rebounding,1,,,,,null,,,
1212,rebounding,1,,,,,null,,,
1213,rebounding,1,,,,,null,,,
1214,rebounding,1,,,,,null,,,
1215,rebounding,1,,,,,null,,,
1216,rebounding,1,,,,,null,,,
1217,rebounding,1,,,,,null,,,
1218,rebounding,1,,,,,null,,,
1219,rebounding,1,,,,,null,,,
1220,rebounding,1,,,,,null,,,
1221,rebounding,1,,,,,null,,,
1222,rebounding,1,,,,,null,,,
1223,rebounding,1,,,,,null,,,
1224,rebounding,1,,,,,null,,,
1225,rebounding,1,,,,,null,,,
1226,rebounding,1,,,,,null,,,
1227,rebounding,1,,,,,null,,,
1228,rebounding,1,,,,,null,,,
1229,rebounding,1,,,,,null,,,
1230,rebounding,1,,,,,null,,,
1231,rebounding,1,,,,,null,,,
1232,rebounding,1,,,,,null,,,
1233,rebounding,1,,,,,null,,,
1234,rebounding,1,,,,,null,,,
1235,rebounding,1,,,,,null,,,
1236,rebounding,1,,,,,null,,,
1237,rebounding,1,,,,,null,,,
1238,rebounding,1,,,,,null,,,
1239,rebounding,1,,,,,null,,,
1240,rebounding,1,,,,,null,,,
1241,rebounding,1,,,,,null,,,
1242,rebounding,1,,,,,null,,,
1243,rebounding,1,,,,,null,,,
1244,rebounding,1,,,,,null,,,
1245,rebounding,1,,,,,null,,,
1246,rebounding,1,,,,,null,,,
1247,rebounding,1,,,,,null,,,
1248,rebounding,1,,,,,null,,,
1249,rebounding,1,,,,,null,,,
1250,rebounding,1,,,,,null,,,
1251,rebounding,1,,,,,null,,,
1252,rebounding,1,,,,,null,,,
1253,rebounding,1,,,,,null,,,
1254,rebounding,1,,,,,null,,,
1255,rebounding,1,,,,,null,,,
1256,rebounding,1,,,,,null,,,
1257,rebounding,1,,,,,null,,,
1258,rebounding,1,,,,,null,,,
1259,rebounding,1,,,,,null,,,
1260,rebounding,1,,,,,null,,,
1261,rebounding,1,,,,,null,,,
1262,rebounding,1,,,,,null,,,
1263,rebounding,1,,,,,null,,,
1264,rebounding,1,,,,,null,,,
1265,rebounding,1,,,,,null,,,
1266,rebounding,1,,,,,null,,,
1267,rebounding,1,,,,,null,,,
1268,rebounding,1,,,,,null,,,
1269,rebounding,1,,,,,null,,,
1270,rebounding,1,,,,,null,,,
1271,rebounding,1,,,,,null,,,
1272,rebounding,1,,,,,null,,,
1273,rebounding,1,,,,,null,,,
1274,rebounding,1,,,,,null,,,
1275,rebounding,1,,,,,null,,,
1276,rebounding,1,,,,,null,,,
1277,rebounding,1,,,,,null,,,
1278,rebounding,1,,,,,null,,,
1279,rebounding,1,,,,,null,,,
1280,rebounding,1,,,,,null,,,
1281,rebounding,1,,,,,null,,,
1282,rebounding,1,,,,,null,,,
1283,rebounding,1,,,,,null,,,
1284,rebounding,1,,,,,null,,,
1285,rebounding,1,,,,,null,,,
1286,rebounding,1,,,,,null,,,
1287,rebounding,1,,,,,null,,,
1288,rebounding,1,,,,,null,,,
1289,rebounding,1,,,,,null,,,
1290,rebounding,1,,,,,null,,,
1291,rebounding,1,,,,,null,,,
1292,rebounding,1,,,,,null,,,
1293,rebounding,1,,,,,null,,,
1294,rebounding,1,,,,,null,,,
1295,rebounding,1,,,,,null,,,
1296,rebounding,1,,,,,null,,,
1297,rebounding,1,,,,,null,,,
1298,rebounding,1,,,,,null,,,
1299,rebounding,1,,,,,null,,,
1300,rebounding,1,,,,,null,,,
1301,rebounding,1,,,,,null,,,
1302,rebounding,1,,,,,null,,,
1303,rebounding,1,,,,,null,,,
1304,rebounding,1,,,,,null,,,
1305,rebounding,1,,,,,null,,,
1306,rebounding,1,,,,,null,,,
1307,rebounding,1,,,,,null,,,
1308,rebounding,1,,,,,null,,,
1309,rebounding,1,,,,,null,,,
1310,rebounding,1,,,,,null,,,
1311,rebounding,1,,,,,null,,,
1312,rebounding,1,,,,,null,,,
1313,rebounding,1,,,,,null,,,
1314,rebounding,1,,,,,null,,,
1315,rebounding,1,,,,,null,,,
1316,rebounding,1,,,,,null,,,
1317,rebounding,1,,,,,null,,,
1318,rebounding,1,,,,,null,,,
1319,rebounding,1,,,,,null,,,
1320,rebounding,1,,,,,null,,,
1321,rebounding,1,,,,,null,,,
1322,rebounding,1,,,,,null,,,
1323,rebounding,1,,,,,null,,,
1324,rebounding,1,,,,,null,,,
1325,rebounding,1,,,,,null,,,
1326,rebounding,1,,,,,null,,,
1327,rebounding,1,,,,,null,,,
1328,rebounding,1,,,,,null,,,
1329,rebounding,1,,,,,null,,,
1330,rebounding,1,,,,,null,,,
1331,rebounding,1,,,,,null,,,
1332,rebounding,1,,,,,null,,,
1333,rebounding,1,,,,,null,,,
1334,rebounding,1,,,,,null,,,
1335,rebounding,1,,,,,null,,,
1336,rebounding,1,,,,,null,,,
1337,rebounding,1,,,,,null,,,
1338,rebounding,1,,,,,null,,,
1339,rebounding,1,,,,,null,,,
1340,rebounding,1,,,,,null,,,
1341,rebounding,1,,,,,null,,,
1342,rebounding,1,,,,,null,,,
1343,rebounding,1,,,,,null,,,
1344,rebounding,1,,,,,null,,,
1345,rebounding,1,,,,,null,,,
1346,rebounding,1,,,,,null,,,
1347,rebounding,1,,,,,null,,,
1348,rebounding,1,,,,,null,,,
1349,rebounding,1,,,,,null,,,
1350,rebounding,1,,,,,null,,,
1351,rebounding,1,,,,,null,,,
1352,rebounding,1,,,,,null,,,
1353,rebounding,1,,,,,null,,,
1354,rebounding,1,,,,,null,,,
1355,rebounding,1,,,,,null,,,
1356,rebounding,1,,,,,null,,,
1357,rebounding,1,,,,,null,,,
1358,rebounding,1,,,,,null,,,
1359,rebounding,1,,,,,null,,,
1360,rebounding,1,,,,,null,,,
1361,rebounding,1,,,,,null,,,
1362,rebounding,1,,,,,null,,,
1363,rebounding,1,,,,,null,,,
1364,rebounding,1,,,,,null,,,
1365,rebounding,1,,,,,null,,,
1366,rebounding,1,,,,,null,,,
1367,rebounding,1,,,,,null,,,
1368,rebounding,1,,,,,null,,,
1369,rebounding,1,,,,,null,,,
1370,rebounding,1,,,,,null,,,
1371,rebounding,1,,,,,null,,,
1372,rebounding,1,,,,,null,,,
1373,rebounding,1,,,,,null,,,
1374,rebounding,1,,,,,null,,,
1375,rebounding,1,,,,,null,,,
1376,rebounding,1,,,,,null,,,
1377,rebounding,1,,,,,null,,,
1378,rebounding,1,,,,,null,,,
1379,rebounding,1,,,,,null,,,
1380,rebounding,1,,,,,null,,,
1381,rebounding,1,,,,,null,,,
1382,rebounding,1,,,,,null,,,
1383,rebounding,1,,,,,null,,,
1384,rebounding,1,,,,,null,,,
1385,rebounding,1,,,,,null,,,
1386,rebounding,1,,,,,null,,,
1387,rebounding,1,,,,,null,,,
1388,rebounding,1,,,,,null,,,
1389,rebounding,1,,,,,null,,,
1390,rebounding,1,,,,,null,,,
1391,rebounding,1,,,,,null,,,
1392,rebounding,1,,,,,null,,,
1393,rebounding,1,,,,,null,,,
1394,rebounding,1,,,,,null,,,
1395,rebounding,1,,,,,null,,,
1396,rebounding,1,,,,,null,,,
1397,rebounding,1,,,,,null,,,
1398,rebounding,1,,,,,null,,,
1399,rebounding,1,,,,,null,,,
1400,rebounding,1,,,,,null,,,
1401,rebounding,1,,,,,null,,,
1402,rebounding,1,,,,,null,,,
1403,rebounding,1,,,,,null,,,
1404,rebounding,1,,,,,null,,,
1405,rebounding,1,,,,,null,,,
1406,rebounding,1,,,,,null,,,
1407,rebounding,1,,,,,null,,,
1408,rebounding,1,,,,,null,,,
1409,rebounding,1,,,,,null,,,
1410,rebounding,1,,,,,null,,,
1411,rebounding,1,,,,,null,,,
1412,rebounding,1,,,,,null,,,
1413,rebounding,1,,,,,null,,,
1414,rebounding,1,,,,,null,,,
1415,rebounding,1,,,,,null,,,
1416,rebounding,1,,,,,null,,,
1417,rebounding,1,,,,,null,,,
1418,rebounding,1,,,,,null,,,
1419,rebounding,1,,,,,null,,,
1420,rebounding,1,,,,,null,,,
1421,rebounding,1,,,,,null,,,
1422,rebounding,1,,,,,null,,,
1423,rebounding,1,,,,,null,,,
1424,rebounding,1,,,,,null,,,
1425,rebounding,1,,,,,null,,,
1426,rebounding,1,,,,,null,,,
1427,rebounding,1,,,,,null,,,
1428,rebounding,1,,,,,null,,,
1429,rebounding,1,,,,,null,,,
1430,rebounding,1,,,,,null,,,
1431,rebounding,1,,,,,null,,,
1432,rebounding,1,,,,,null,,,
1433,rebounding,1,,,,,null,,,
1434,rebounding,1,,,,,null,,,
1435,rebounding,1,,,,,null,,,
1436,rebounding,1,,,,,null,,,
1437,rebounding,1,,,,,null,,,
1438,rebounding,1,,,,,null,,,
1439,rebounding,1,,,,,null,,,
1440,rebounding,1,,,,,null,,,
1441,rebounding,1,,,,,null,,,
1442,rebounding,1,,,,,null,,,
1443,rebounding,1,,,,,null,,,
1444,rebounding,1,,,,,null,,,
1445,rebounding,1,,,,,null,,,
1446,rebounding,1,,,,,null,,,
1447,rebounding,1,,,,,null,,,
1448,rebounding,1,,,,,null,,,
1449,rebounding,1,,,,,null,,,
1450,rebounding,1,,,,,null,,,
1451,rebounding,1,,,,,null,,,
1452,rebounding,1,,,,,null,,,
1453,rebounding,1,,,,,null,,,
1454,rebounding,1,,,,,null,,,
1455,rebounding,1,,,,,null,,,
1456,rebounding,1,,,,,null,,,
1457,rebounding,1,,,,,null,,,
1458,rebounding,1,,,,,null,,,
1459,rebounding,1,,,,,null,,,
1460,rebounding,1,,,,,null,,,
1461,rebounding,1,,,,,null,,,
1462,rebounding,1,,,,,null,,,
1463,rebounding,1,,,,,null,,,
1464,rebounding,1,,,,,null,,,
1465,rebounding,1,,,,,null,,,
1466,rebounding,1,,,,,null,,,
1467,rebounding,1,,,,,null,,,
1468,rebounding,1,,,,,null,,,
1469,rebounding,1,,,,,null,,,
1470,rebounding,1,,,,,null,,,
1471,rebounding,1,,,,,null,,,
1472,rebounding,1,,,,,null,,,
1473,rebounding,1,,,,,null,,,
1474,rebounding,1,,,,,null,,,
1475,rebounding,1,,,,,null,,,
1476,rebounding,1,,,,,null,,,
1477,rebounding,1,,,,,null,,,
1478,rebounding,1,,,,,null,,,
1479,rebounding,1,,,,,null,,,
1480,rebounding,1,,,,,null,,,
1481,rebounding,1,,,,,null,,,
1482,rebounding,1,,,,,null,,,
1483,rebounding,1,,,,,null,,,
1484,rebounding,1,,,,,null,,,
1485,rebounding,1,,,,,null,,,
1486,rebounding,1,,,,,null,,,
1487,rebounding,1,,,,,null,,,
1488,rebounding,1,,,,,null,,,
1489,rebounding,1,,,,,null,,,
1490,rebounding,1,,,,,null,,,
1491,rebounding,1,,,,,null,,,
1492,rebounding,1,,,,,null,,,
1493,rebounding,1,,,,,null,,,
1494,rebounding,1,,,,,null,,,
1495,rebounding,1,,,,,null,,,
1496,rebounding,1,,,,,null,,,
1497,rebounding,1,,,,,null,,,
1498,rebounding,1,,,,,null,,,
1499,rebounding,1,,,,,null,,,
1500,rebounding,1,,,,,null,,,
1501,rebounding,1,,,,,null,,,
1502,rebounding,1,,,,,null,,,
1503,rebounding,1,,,,,null,,,
1504,rebounding,1,,,,,null,,,
1505,rebounding,1,,,,,null,,,
1506,rebounding,1,,,,,null,,,
1507,rebounding,1,,,,,null,,,
1508,rebounding,1,,,,,null,,,
1509,rebounding,1,,,,,null,,,
1510,rebounding,1,,,,,null,,,
1511,rebounding,1,,,,,null,,,
1512,rebounding,1,,,,,null,,,
1513,rebounding,1,,,,,null,,,
1514,rebounding,1,,,,,null,,,
1515,rebounding,1,,,,,null,,,
1516,rebounding,1,,,,,null,,,
1517,rebounding,1,,,,,null,,,
1518,rebounding,1,,,,,null,,,
1519,rebounding,1,,,,,null,,,
1520,rebounding,1,,,,,null,,,
1521,rebounding,1,,,,,null,,,
1522,rebounding,1,,,,,null,,,
1523,rebounding,1,,,,,null,,,
1524,rebounding,1,,,,,null,,,
1525,rebounding,1,,,,,null,,,
1526,rebounding,1,,,,,null,,,
1527,rebounding,1,,,,,null,,,
1528,rebounding,1,,,,,null,,,
1529,rebounding,1,,,,,null,,,
1530,rebounding,1,,,,,null,,,
1531,rebounding,1,,,,,null,,,
1532,rebounding,1,,,,,null,,,
1533,rebounding,1,,,,,null,,,
1534,rebounding,1,,,,,null,,,
1535,rebounding,1,,,,,null,,,
1536,rebounding,1,,,,,null,,,
1537,rebounding,1,,,,,null,,,
1538,rebounding,1,,,,,null,,,
1539,rebounding,1,,,,,null,,,
1540,rebounding,1,,,,,null,,,
1541,rebounding,1,,,,,null,,,
1542,rebounding,1,,,,,null,,,
1543,rebounding,1,,,,,null,,,
1544,rebounding,1,,,,,null,,,
1545,rebounding,1,,,,,null,,,
1546,rebounding,1,,,,,null,,,
1547,rebounding,1,,,,,null,,,
1548,rebounding,1,,,,,null,,,
1549,rebounding,1,,,,,null,,,
1550,rebounding,1,,,,,null,,,
1551,rebounding,1,,,,,null,,,
1552,rebounding,1,,,,,null,,,
1553,rebounding,1,,,,,null,,,
1554,rebounding,1,,,,,null,,,
1555,rebounding,1,,,,,null,,,
1556,rebounding,1,,,,,null,,,
1557,rebounding,1,,,,,null,,,
1558,rebounding,1,,,,,null,,,
1559,rebounding,1,,,,,null,,,
1560,rebounding,1,,,,,null,,,
1561,rebounding,1,,,,,null,,,
1562,rebounding,1,,,,,null,,,
1563,rebounding,1,,,,,null,,,
1564,rebounding,1,,,,,null,,,
1565,rebounding,1,,,,,null,,,
1566,rebounding,1,,,,,null,,,
1567,rebounding,1,,,,,null,,,
1568,rebounding,1,,,,,null,,,
1569,rebounding,1,,,,,null,,,
1570,rebounding,1,,,,,null,,,
1571,rebounding,1,,,,,null,,,
1572,rebounding,1,,,,,null,,,
1573,rebounding,1,,,,,null,,,
1574,rebounding,1,,,,,null,,,
1575,rebounding,1,,,,,null,,,
1576,rebounding,1,,,,,null,,,
1577,rebounding,1,,,,,null,,,
1578,rebounding,1,,,,,null,,,
1579,rebounding,1,,,,,null,,,
1580,rebounding,1,,,,,null,,,
1581,rebounding,1,,,,,null,,,
1582,rebounding,1,,,,,null,,,
1583,rebounding,1,,,,,null,,,
1584,rebounding,1,,,,,null,,,
1585,rebounding,1,,,,,null,,,
1586,rebounding,1,,,,,null,,,
1587,rebounding,1,,,,,null,,,
1588,rebounding,1,,,,,null,,,
1589,rebounding,1,,,,,null,,,
1590,rebounding,1,,,,,null,,,
1591,rebounding,1,,,,,null,,,
1592,rebounding,1,,,,,null,,,
1593,rebounding,1,,,,,null,,,
1594,rebounding,1,,,,,null,,,
1595,rebounding,1,,,,,null,,,
1596,rebounding,1,,,,,null,,,
1597,rebounding,1,,,,,null,,,
1598,rebounding,1,,,,,null,,,
1599,rebounding,1,,,,,null,,,
1600,rebounding,1,,,,,null,,,
1601,rebounding,1,,,,,null,,,
1602,rebounding,1,,,,,null,,,
1603,rebounding,1,,,,,null,,,
1604,rebounding,1,,,,,null,,,
1605,rebounding,1,,,,,null,,,
1606,rebounding,1,,,,,null,,,
1607,rebounding,1,,,,,null,,,
1608,rebounding,1,,,,,null,,,
1609,rebounding,1,,,,,null,,,
1610,rebounding,1,,,,,null,,,
1611,rebounding,1,,,,,null,,,
1612,rebounding,1,,,,,null,,,
1613,rebounding,1,,,,,null,,,
1614,rebounding,1,,,,,null,,,
1615,rebounding,1,,,,,null,,,
1616,rebounding,1,,,,,null,,,
1617,rebounding,1,,,,,null,,,
1618,rebounding,1,,,,,null,,,
1619,rebounding,1,,,,,null,,,
1620,rebounding,1,,,,,null,,,
1621,rebounding,1,,,,,null,,,
1622,rebounding,1,,,,,null,,,
1623,rebounding,1,,,,,null,,,
1624,rebounding,1,,,,,null,,,
1625,rebounding,1,,,,,null,,,
1626,rebounding,1,,,,,null,,,
1627,rebounding,1,,,,,null,,,
1628,rebounding,1,,,,,null,,,
1629,rebounding,1,,,,,null,,,
1630,rebounding,1,,,,,null,,,
1631,rebounding,1,,,,,null,,,
1632,rebounding,1,,,,,null,,,
1633,rebounding,1,,,,,null,,,
1634,rebounding,1,,,,,null,,,
1635,rebounding,1,,,,,null,,,
1636,rebounding,1,,,,,null,,,
1637,rebounding,1,,,,,null,,,
1638,rebounding,1,,,,,null,,,
1639,rebounding,1,,,,,null,,,
1640,rebounding,1,,,,,null,,,
1641,rebounding,1,,,,,null,,,
1642,rebounding,1,,,,,null,,,
1643,rebounding,1,,,,,null,,,
1644,rebounding,1,,,,,null,,,
1645,rebounding,1,,,,,null,,,
1646,rebounding,1,,,,,null,,,
1647,rebounding,1,,,,,null,,,
1648,rebounding,1,,,,,null,,,
1649,rebounding,1,,,,,null,,,
1650,rebounding,1,,,,,null,,,
1651,rebounding,1,,,,,null,,,
1652,rebounding,1,,,,,null,,,
1653,rebounding,1,,,,,null,,,
1654,rebounding,1,,,,,null,,,
1655,rebounding,1,,,,,null,,,
1656,rebounding,1,,,,,null,,,
1657,rebounding,1,,,,,null,,,
1658,rebounding,1,,,,,null,,,
1659,rebounding,1,,,,,null,,,
1660,rebounding,1,,,,,null,,,
1661,rebounding,1,,,,,null,,,
1662,rebounding,1,,,,,null,,,
1663,rebounding,1,,,,,null,,,
1664,rebounding,1,,,,,null,,,
1665,rebounding,1,,,,,null,,,
1666,rebounding,1,,,,,null,,,
1667,rebounding,1,,,,,null,,,
1668,rebounding,1,,,,,null,,,
1669,rebounding,1,,,,,null,,,
1670,rebounding,1,,,,,null,,,
1671,rebounding,1,,,,,null,,,
1672,rebounding,1,,,,,null,,,
1673,rebounding,1,,,,,null,,,
1674,rebounding,1,,,,,null,,,
1675,rebounding,1,,,,,null,,,
1676,rebounding,1,,,,,null,,,
1677,rebounding,1,,,,,null,,,
1678,rebounding,1,,,,,null,,,
1679,rebounding,1,,,,,null,,,
1680,rebounding,1,,,,,null,,,
1681,rebounding,1,,,,,null,,,
1682,rebounding,1,,,,,null,,,
1683,rebounding,1,,,,,null,,,
1684,rebounding,1,,,,,null,,,
1685,rebounding,1,,,,,null,,,
1686,rebounding,1,,,,,null,,,
1687,rebounding,1,,,,,null,,,
1688,rebounding,1,,,,,null,,,
1689,rebounding,1,,,,,null,,,
1690,rebounding,1,,,,,null,,,
1691,rebounding,1,,,,,null,,,
1692,rebounding,1,,,,,null,,,
1693,rebounding,1,,,,,null,,,
1694,rebounding,1,,,,,null,,,
1695,rebounding,1,,,,,null,,,
1696,rebounding,1,,,,,null,,,
1697,rebounding,1,,,,,null,,,
1698,rebounding,1,,,,,null,,,
1699,rebounding,1,,,,,null,,,
1700,rebounding,1,,,,,null,,,
1701,rebounding,1,,,,,null,,,
1702,rebounding,1,,,,,null,,,
1703,rebounding,1,,,,,null,,,
1704,rebounding,1,,,,,null,,,
1705,rebounding,1,,,,,null,,,
1706,rebounding,1,,,,,null,,,
1707,rebounding,1,,,,,null,,,
1708,rebounding,1,,,,,null,,,
1709,rebounding,1,,,,,null,,,
1710,rebounding,1,,,,,null,,,
1711,rebounding,1,,,,,null,,,
1712,rebounding,1,,,,,null,,,
1713,rebounding,1,,,,,null,,,
1714,rebounding,1,,,,,null,,,
1715,rebounding,1,,,,,null,,,
1716,rebounding,1,,,,,null,,,
1717,rebounding,1,,,,,null,,,
1718,rebounding,1,,,,,null,,,
1719,rebounding,1,,,,,null,,,
1720,rebounding,1,,,,,null,,,
1721,rebounding,1,,,,,null,,,
1722,rebounding,1,,,,,null,,,
1723,rebounding,1,,,,,null,,,
1724,rebounding,1,,,,,null,,,
1725,rebounding,1,,,,,null,,,
1726,rebounding,1,,,,,null,,,
1727,rebounding,1,,,,,null,,,
1728,rebounding,1,,,,,null,,,
1729,rebounding,1,,,,,null,,,
1730,rebounding,1,,,,,null,,,
1731,rebounding,1,,,,,null,,,
1732,rebounding,1,,,,,null,,,
1733,rebounding,1,,,,,null,,,
1734,rebounding,1,,,,,null,,,
1735,rebounding,1,,,,,null,,,
1736,rebounding,1,,,,,null,,,
1737,rebounding,1,,,,,null,,,
1738,rebounding,1,,,,,null,,,
1739,rebounding,1,,,,,null,,,
1740,rebounding,1,,,,,null,,,
1741,rebounding,1,,,,,null,,,
1742,rebounding,1,,,,,null,,,
1743,rebounding,1,,,,,null,,,
1744,rebounding,1,,,,,null,,,
1745,rebounding,1,,,,,null,,,
1746,rebounding,1,,,,,null,,,
1747,rebounding,1,,,,,null,,,
1748,rebounding,1,,,,,null,,,
1749,rebounding,1,,,,,null,,,
1750,rebounding,1,,,,,null,,,
1751,rebounding,1,,,,,null,,,
1752,rebounding,1,,,,,null,,,
1753,rebounding,1,,,,,null,,,
1754,rebounding,1,,,,,null,,,
1755,rebounding,1,,,,,null,,,
1756,rebounding,1,,,,,null,,,
1757,rebounding,1,,,,,null,,,
1758,rebounding,1,,,,,null,,,
1759,rebounding,1,,,,,null,,,
1760,rebounding,1,,,,,null,,,
1761,rebounding,1,,,,,null,,,
1762,rebounding,1,,,,,null,,,
1763,rebounding,1,,,,,null,,,
1764,rebounding,1,,,,,null,,,
1765,rebounding,1,,,,,null,,,
1766,rebounding,1,,,,,null,,,
1767,rebounding,1,,,,,null,,,
1768,rebounding,1,,,,,null,,,
1769,rebounding,1,,,,,null,,,
1770,rebounding,1,,,,,null,,,
1771,rebounding,1,,,,,null,,,
1772,rebounding,1,,,,,null,,,
1773,rebounding,1,,,,,null,,,
1774,rebounding,1,,,,,null,,,
1775,rebounding,1,,,,,null,,,
1776,rebounding,1,,,,,null,,,
1777,rebounding,1,,,,,null,,,
1778,rebounding,1,,,,,null,,,
1779,rebounding,1,,,,,null,,,
1780,rebounding,1,,,,,null,,,
1781,rebounding,1,,,,,null,,,
1782,rebounding,1,,,,,null,,,
1783,rebounding,1,,,,,null,,,
1784,rebounding,1,,,,,null,,,
1785,rebounding,1,,,,,null,,,
1786,rebounding,1,,,,,null,,,
1787,rebounding,1,,,,,null,,,
1788,rebounding,1,,,,,null,,,
1789,rebounding,1,,,,,null,,,
1790,rebounding,1,,,,,null,,,
1791,rebounding,1,,,,,null,,,
1792,rebounding,1,,,,,null,,,
1793,rebounding,1,,,,,null,,,
1794,rebounding,1,,,,,null,,,
1795,rebounding,1,,,,,null,,,
1796,rebounding,1,,,,,null,,,
1797,rebounding,1,,,,,null,,,
1798,rebounding,1,,,,,null,,,
1799,rebounding,1,,,,,null,,,
1800,rebounding,1,,,,,null,,,
1801,rebounding,1,,,,,null,,,
1802,rebounding,1,,,,,null,,,
1803,rebounding,1,,,,,null,,,
1804,rebounding,1,,,,,null,,,
1805,rebounding,1,,,,,null,,,
1806,rebounding,1,,,,,null,,,
1807,rebounding,1,,,,,null,,,
1808,rebounding,1,,,,,null,,,
1809,rebounding,1,,,,,null,,,
1810,rebounding,1,,,,,null,,,
1811,rebounding,1,,,,,null,,,
1812,rebounding,1,,,,,null,,,
1813,rebounding,1,,,,,null,,,
1814,rebounding,1,,,,,null,,,
1815,rebounding,1,,,,,null,,,
1816,rebounding,1,,,,,null,,,
1817,rebounding,1,,,,,null,,,
1818,rebounding,1,,,,,null,,,
1819,rebounding,1,,,,,null,,,
1820,rebounding,1,,,,,null,,,
1821,rebounding,1,,,,,null,,,
1822,rebounding,1,,,,,null,,,
1823,rebounding,1,,,,,null,,,
1824,rebounding,1,,,,,null,,,
1825,rebounding,1,,,,,null,,,
1826,rebounding,1,,,,,null,,,
1827,rebounding,1,,,,,null,,,
1828,rebounding,1,,,,,null,,,
1829,rebounding,1,,,,,null,,,
1830,rebounding,1,,,,,null,,,
1831,rebounding,1,,,,,null,,,
1832,rebounding,1,,,,,null,,,
1833,rebounding,1,,,,,null,,,
1834,rebounding,1,,,,,null,,,
1835,rebounding,1,,,,,null,,,
1836,rebounding,1,,,,,null,,,
1837,rebounding,1,,,,,null,,,
1838,rebounding,1,,,,,null,,,
1839,rebounding,1,,,,,null,,,
1840,rebounding,1,,,,,null,,,
1841,rebounding,1,,,,,null,,,
1842,rebounding,1,,,,,null,,,
1843,rebounding,1,,,,,null,,,
1844,rebounding,1,,,,,null,,,
1845,rebounding,1,,,,,null,,,
1846,rebounding,1,,,,,null,,,
1847,rebounding,1,,,,,null,,,
1848,rebounding,1,,,,,null,,,
1849,rebounding,1,,,,,null,,,
1850,rebounding,1,,,,,null,,,
1851,rebounding,1,,,,,null,,,
1852,rebounding,1,,,,,null,,,
1853,rebounding,1,,,,,null,,,
1854,rebounding,1,,,,,null,,,
1855,rebounding,1,,,,,null,,,
1856,rebounding,1,,,,,null,,,
1857,rebounding,1,,,,,null,,,
1858,rebounding,1,,,,,null,,,
1859,rebounding,1,,,,,null,,,
1860,rebounding,1,,,,,null,,,
1861,rebounding,1,,,,,null,,,
1862,rebounding,1,,,,,null,,,
1863,rebounding,1,,,,,null,,,
1864,rebounding,1,,,,,null,,,
1865,rebounding,1,,,,,null,,,
1866,rebounding,1,,,,,null,,,
1867,rebounding,1,,,,,null,,,
1868,rebounding,1,,,,,null,,,
1869,rebounding,1,,,,,null,,,
1870,rebounding,1,,,,,null,,,
1871,rebounding,1,,,,,null,,,
1872,rebounding,1,,,,,null,,,
1873,rebounding,1,,,,,null,,,
1874,rebounding,1,,,,,null,,,
1875,rebounding,1,,,,,null,,,
1876,rebounding,1,,,,,null,,,
1877,rebounding,1,,,,,null,,,
1878,rebounding,1,,,,,null,,,
1879,rebounding,1,,,,,null,,,
1880,rebounding,1,,,,,null,,,
1881,rebounding,1,,,,,null,,,
1882,rebounding,1,,,,,null,,,
1883,rebounding,1,,,,,null,,,
1884,rebounding,1,,,,,null,,,
1885,rebounding,1,,,,,null,,,
1886,rebounding,1,,,,,null,,,
1887,rebounding,1,,,,,null,,,
1888,rebounding,1,,,,,null,,,
1889,rebounding,1,,,,,null,,,
1890,rebounding,1,,,,,null,,,
1891,rebounding,1,,,,,null,,,
1892,rebounding,1,,,,,null,,,
1893,rebounding,1,,,,,null,,,
1894,rebounding,1,,,,,null,,,
1895,rebounding,1,,,,,null,,,
1896,rebounding,1,,,,,null,,,
1897,rebounding,1,,,,,null,,,
1898,rebounding,1,,,,,null,,,
1899,rebounding,1,,,,,null,,,
1900,rebounding,1,,,,,null,,,
1901,rebounding,1,,,,,null,,,
1902,rebounding,1,,,,,null,,,
1903,rebounding,1,,,,,null,,,
1904,rebounding,1,,,,,null,,,
1905,rebounding,1,,,,,null,,,
1906,rebounding,1,,,,,null,,,
1907,rebounding,1,,,,,null,,,
1908,rebounding,1,,,,,null,,,
1909,rebounding,1,,,,,null,,,
1910,rebounding,1,,,,,null,,,
1911,rebounding,1,,,,,null,,,
1912,rebounding,1,,,,,null,,,
1913,rebounding,1,,,,,null,,,
1914,rebounding,1,,,,,null,,,
1915,rebounding,1,,,,,null,,,
1916,rebounding,1,,,,,null,,,
1917,rebounding,1,,,,,null,,,
1918,rebounding,1,,,,,null,,,
1919,rebounding,1,,,,,null,,,
1920,rebounding,1,,,,,null,,,
1921,rebounding,1,,,,,null,,,
1922,rebounding,1,,,,,null,,,
1923,rebounding,1,,,,,null,,,
1924,rebounding,1,,,,,null,,,
1925,rebounding,1,,,,,null,,,
1926,rebounding,1,,,,,null,,,
1927,rebounding,1,,,,,null,,,
1928,rebounding,1,,,,,null,,,
1929,rebounding,1,,,,,null,,,
1930,rebounding,1,,,,,null,,,
1931,rebounding,1,,,,,null,,,
1932,rebounding,1,,,,,null,,,
1933,rebounding,1,,,,,null,,,
1934,rebounding,1,,,,,null,,,
1935,rebounding,1,,,,,null,,,
1936,rebounding,1,,,,,null,,,
1937,rebounding,1,,,,,null,,,
1938,rebounding,1,,,,,null,,,
1939,rebounding,1,,,,,null,,,
1940,rebounding,1,,,,,null,,,
1941,rebounding,1,,,,,null,,,
1942,rebounding,1,,,,,null,,,
1943,rebounding,1,,,,,null,,,
1944,rebounding,1,,,,,null,,,
1945,rebounding,1,,,,,null,,,
1946,rebounding,1,,,,,null,,,
1947,rebounding,1,,,,,null,,,
1948,rebounding,1,,,,,null,,,
1949,rebounding,1,,,,,null,,,
1950,rebounding,1,,,,,null,,,
1951,rebounding,1,,,,,null,,,
1952,rebounding,1,,,,,null,,,
1953,rebounding,1,,,,,null,,,
1954,rebounding,1,,,,,null,,,
1955,rebounding,1,,,,,null,,,
1956,rebounding,1,,,,,null,,,
1957,rebounding,1,,,,,null,,,
1958,rebounding,1,,,,,null,,,
1959,rebounding,1,,,,,null,,,
1960,rebounding,1,,,,,null,,,
1961,rebounding,1,,,,,null,,,
1962,rebounding,1,,,,,null,,,
1963,rebounding,1,,,,,null,,,
1964,rebounding,1,,,,,null,,,
1965,rebounding,1,,,,,null,,,
1966,rebounding,1,,,,,null,,,
1967,rebounding,1,,,,,null,,,
1968,rebounding,1,,,,,null,,,
1969,rebounding,1,,,,,null,,,
1970,rebounding,1,,,,,null,,,
1971,rebounding,1,,,,,null,,,
1972,rebounding,1,,,,,null,,,
1973,rebounding,1,,,,,null,,,
1974,rebounding,1,,,,,null,,,
1975,rebounding,1,,,,,null,,,
1976,rebounding,1,,,,,null,,,
1977,rebounding,1,,,,,null,,,
1978,rebounding,1,,,,,null,,,
1979,rebounding,1,,,,,null,,,
1980,rebounding,1,,,,,null,,,
1981,rebounding,1,,,,,null,,,
1982,rebounding,1,,,,,null,,,
1983,rebounding,1,,,,,null,,,
1984,rebounding,1,,,,,null,,,
1985,rebounding,1,,,,,null,,,
1986,rebounding,1,,,,,null,,,
1987,rebounding,1,,,,,null,,,
1988,rebounding,1,,,,,null,,,
1989,rebounding,1,,,,,null,,,
1990,rebounding,1,,,,,null,,,
1991,rebounding,1,,,,,null,,,
1992,rebounding,1,,,,,null,,,
1993,rebounding,1,,,,,null,,,
1994,rebounding,1,,,,,null,,,
1995,rebounding,1,,,,,null,,,
1996,rebounding,1,,,,,null,,,
1997,rebounding,1,,,,,null,,,
1998,rebounding,1,,,,,null,,,
1999,rebounding,1,,,,,null,,,
2000,rebounding,1,,,,,null,,,
2001,rebounding,1,,,,,null,,,
2002,rebounding,1,,,,,null,,,
2003,rebounding,1,,,,,null,,,
2004,rebounding,1,,,,,null,,,
2005,rebounding,1,,,,,null,,,
2006,rebounding,1,,,,,null,,,
2007,rebounding,1,,,,,null,,,
2008,rebounding,1,,,,,null,,,
2009,rebounding,1,,,,,null,,,
2010,rebounding,1,,,,,null,,,
2011,rebounding,1,,,,,null,,,
2012,rebounding,1,,,,,null,,,
2013,rebounding,1,,,,,null,,,
2014,rebounding,1,,,,,null,,,
2015,rebounding,1,,,,,null,,,
2016,rebounding,1,,,,,null,,,
2017,rebounding,1,,,,,null,,,
2018,rebounding,1,,,,,null,,,
2019,rebounding,1,,,,,null,,,
2020,rebounding,1,,,,,null,,,
2021,rebounding,1,,,,,null,,,
2022,rebounding,1,,,,,null,,,
2023,rebounding,1,,,,,null,,,
2024,rebounding,1,,,,,null,,,
2025,rebounding,1,,,,,null,,,
2026,rebounding,1,,,,,null,,,
2027,rebounding,1,,,,,null,,,
2028,rebounding,1,,,,,null,,,
2029,rebounding,1,,,,,null,,,
2030,rebounding,1,,,,,null,,,
2031,rebounding,1,,,,,null,,,
2032,rebounding,1,,,,,null,,,
2033,rebounding,1,,,,,null,,,
2034,rebounding,1,,,,,null,,,
2035,rebounding,1,,,,,null,,,
2036,rebounding,1,,,,,null,,,
2037,rebounding,1,,,,,null,,,
2038,rebounding,1,,,,,null,,,
2039,rebounding,1,,,,,null,,,
2040,rebounding,1,,,,,null,,,
2041,rebounding,1,,,,,null,,,
2042,rebounding,1,,,,,null,,,
2043,rebounding,1,,,,,null,,,
2044,rebounding,1,,,,,null,,,
2045,rebounding,1,,,,,null,,,
2046,rebounding,1,,,,,null,,,
2047,rebounding,1,,,,,null,,,
2048,rebounding,1,,,,,null,,,
2049,rebounding,1,,,,,null,,,
2050,rebounding,1,,,,,null,,,
2051,rebounding,1,,,,,null,,,
2052,rebounding,1,,,,,null,,,
2053,rebounding,1,,,,,null,,,
2054,rebounding,1,,,,,null,,,
2055,rebounding,1,,,,,null,,,
2056,rebounding,1,,,,,null,,,
2057,rebounding,1,,,,,null,,,
2058,rebounding,1,,,,,null,,,
2059,rebounding,1,,,,,null,,,
2060,rebounding,1,,,,,null,,,
2061,rebounding,1,,,,,null,,,
2062,rebounding,1,,,,,null,,,
2063,rebounding,1,,,,,null,,,
2064,rebounding,1,,,,,null,,,
2065,rebounding,1,,,,,null,,,
2066,rebounding,1,,,,,null,,,
2067,rebounding,1,,,,,null,,,
2068,rebounding,1,,,,,null,,,
2069,rebounding,1,,,,,null,,,
2070,rebounding,1,,,,,null,,,
2071,rebounding,1,,,,,null,,,
2072,rebounding,1,,,,,null,,,
2073,rebounding,1,,,,,null,,,
2074,rebounding,1,,,,,null,,,
2075,rebounding,1,,,,,null,,,
2076,rebounding,1,,,,,null,,,
2077,rebounding,1,,,,,null,,,
2078,rebounding,1,,,,,null,,,
2079,rebounding,1,,,,,null,,,
2080,rebounding,1,,,,,null,,,
2081,rebounding,1,,,,,null,,,
2082,rebounding,1,,,,,null,,,
2083,rebounding,1,,,,,null,,,
2084,rebounding,1,,,,,null,,,
2085,rebounding,1,,,,,null,,,
2086,rebounding,1,,,,,null,,,
2087,rebounding,1,,,,,null,,,
2088,rebounding,1,,,,,null,,,
2089,rebounding,1,,,,,null,,,
2090,rebounding,1,,,,,null,,,
2091,rebounding,1,,,,,null,,,
2092,rebounding,1,,,,,null,,,
2093,rebounding,1,,,,,null,,,
2094,rebounding,1,,,,,null,,,
2095,rebounding,1,,,,,null,,,
2096,rebounding,1,,,,,null,,,
2097,rebounding,1,,,,,null,,,
2098,rebounding,1,,,,,null,,,
2099,rebounding,1,,,,,null,,,
2100,rebounding,1,,,,,null,,,
2101,rebounding,1,,,,,null,,,
2102,rebounding,1,,,,,null,,,
2103,rebounding,1,,,,,null,,,
2104,rebounding,1,,,,,null,,,
2105,rebounding,1,,,,,null,,,
2106,rebounding,1,,,,,null,,,
2107,rebounding,1,,,,,null,,,
2108,rebounding,1,,,,,null,,,
2109,rebounding,1,,,,,null,,,
2110,rebounding,1,,,,,null,,,
2111,rebounding,1,,,,,null,,,
2112,rebounding,1,,,,,null,,,
2113,rebounding,1,,,,,null,,,
2114,rebounding,1,,,,,null,,,
2115,rebounding,1,,,,,null,,,
2116,rebounding,1,,,,,null,,,
2117,rebounding,1,,,,,null,,,
2118,rebounding,1,,,,,null,,,
2119,rebounding,1,,,,,null,,,
2120,rebounding,1,,,,,null,,,
2121,rebounding,1,,,,,null,,,
2122,rebounding,1,,,,,null,,,
2123,rebounding,1,,,,,null,,,
2124,rebounding,1,,,,,null,,,
2125,rebounding,1,,,,,null,,,
2126,rebounding,1,,,,,null,,,
2127,rebounding,1,,,,,null,,,
2128,rebounding,1,,,,,null,,,
2129,rebounding,1,,,,,null,,,
2130,rebounding,1,,,,,null,,,
2131,rebounding,1,,,,,null,,,
2132,rebounding,1,,,,,null,,,
2133,rebounding,1,,,,,null,,,
2134,rebounding,1,,,,,null,,,
2135,rebounding,1,,,,,null,,,
2136,rebounding,1,,,,,null,,,
2137,rebounding,1,,,,,null,,,
2138,rebounding,1,,,,,null,,,
2139,rebounding,1,,,,,null,,,
2140,rebounding,1,,,,,null,,,
2141,rebounding,1,,,,,null,,,
2142,rebounding,1,,,,,null,,,
2143,rebounding,1,,,,,null,,,
2144,rebounding,1,,,,,null,,,
2145,rebounding,1,,,,,null,,,
2146,rebounding,1,,,,,null,,,
2147,rebounding,1,,,,,null,,,
2148,rebounding,1,,,,,null,,,
2149,rebounding,1,,,,,null,,,
2150,rebounding,1,,,,,null,,,
2151,rebounding,1,,,,,null,,,
2152,rebounding,1,,,,,null,,,
2153,rebounding,1,,,,,null,,,
2154,rebounding,1,,,,,null,,,
2155,rebounding,1,,,,,null,,,
2156,rebounding,1,,,,,null,,,
2157,rebounding,1,,,,,null,,,
2158,rebounding,1,,,,,null,,,
2159,rebounding,1,,,,,null,,,
2160,rebounding,1,,,,,null,,,
2161,rebounding,1,,,,,null,,,
2162,rebounding,1,,,,,null,,,
2163,rebounding,1,,,,,null,,,
2164,rebounding,1,,,,,null,,,
2165,rebounding,1,,,,,null,,,
2166,rebounding,1,,,,,null,,,
2167,rebounding,1,,,,,null,,,
2168,rebounding,1,,,,,null,,,
2169,rebounding,1,,,,,null,,,
2170,rebounding,1,,,,,null,,,
2171,rebounding,1,,,,,null,,,
2172,rebounding,1,,,,,null,,,
2173,rebounding,1,,,,,null,,,
2174,rebounding,1,,,,,null,,,
2175,rebounding,1,,,,,null,,,
2176,rebounding,1,,,,,null,,,
2177,rebounding,1,,,,,null,,,
2178,rebounding,1,,,,,null,,,
2179,rebounding,1,,,,,null,,,
2180,rebounding,1,,,,,null,,,
2181,rebounding,1,,,,,null,,,
2182,rebounding,1,,,,,null,,,
2183,rebounding,1,,,,,null,,,
2184,rebounding,1,,,,,null,,,
2185,rebounding,1,,,,,null,,,
2186,rebounding,1,,,,,null,,,
2187,rebounding,1,,,,,null,,,
2188,rebounding,1,,,,,null,,,
2189,rebounding,1,,,,,null,,,
2190,rebounding,1,,,,,null,,,
2191,rebounding,1,,,,,null,,,
2192,rebounding,1,,,,,null,,,
2193,rebounding,1,,,,,null,,,
2194,rebounding,1,,,,,null,,,
2195,rebounding,1,,,,,null,,,
2196,rebounding,1,,,,,null,,,
2197,rebounding,1,,,,,null,,,
2198,rebounding,1,,,,,null,,,
2199,rebounding,1,,,,,null,,,
2200,rebounding,1,,,,,null,,,
2201,rebounding,1,,,,,null,,,
2202,rebounding,1,,,,,null,,,
2203,rebounding,1,,,,,null,,,
2204,rebounding,1,,,,,null,,,
2205,rebounding,1,,,,,null,,,
2206,rebounding,1,,,,,null,,,
2207,rebounding,1,,,,,null,,,
2208,rebounding,1,,,,,null,,,
2209,rebounding,1,,,,,null,,,
2210,rebounding,1,,,,,null,,,
2211,rebounding,1,,,,,null,,,
2212,rebounding,1,,,,,null,,,
2213,rebounding,1,,,,,null,,,
2214,rebounding,1,,,,,null,,,
2215,rebounding,1,,,,,null,,,
2216,rebounding,1,,,,,null,,,
2217,rebounding,1,,,,,null,,,
2218,rebounding,1,,,,,null,,,
2219,rebounding,1,,,,,null,,,
2220,rebounding,1,,,,,null,,,
2221,rebounding,1,,,,,null,,,
2222,rebounding,1,,,,,null,,,
2223,rebounding,1,,,,,null,,,
2224,rebounding,1,,,,,null,,,
2225,rebounding,1,,,,,null,,,
2226,rebounding,1,,,,,null,,,
2227,rebounding,1,,,,,null,,,
2228,rebounding,1,,,,,null,,,
2229,rebounding,1,,,,,null,,,
2230,rebounding,1,,,,,null,,,
2231,rebounding,1,,,,,null,,,
2232,rebounding,1,,,,,null,,,
2233,rebounding,1,,,,,null,,,
2234,rebounding,1,,,,,null,,,
2235,rebounding,1,,,,,null,,,
2236,rebounding,1,,,,,null,,,
2237,rebounding,1,,,,,null,,,
2238,rebounding,1,,,,,null,,,
2239,rebounding,1,,,,,null,,,
2240,rebounding,1,,,,,null,,,
2241,rebounding,1,,,,,null,,,
2242,rebounding,1,,,,,null,,,
2243,rebounding,1,,,,,null,,,
2244,rebounding,1,,,,,null,,,
2245,rebounding,1,,,,,null,,,
2246,rebounding,1,,,,,null,,,
2247,rebounding,1,,,,,null,,,
2248,rebounding,1,,,,,null,,,
2249,rebounding,1,,,,,null,,,
2250,rebounding,1,,,,,null,,,
2251,rebounding,1,,,,,null,,,
2252,rebounding,1,,,,,null,,,
2253,rebounding,1,,,,,null,,,
2254,rebounding,1,,,,,null,,,
2255,rebounding,1,,,,,null,,,
2256,rebounding,1,,,,,null,,,
2257,rebounding,1,,,,,null,,,
2258,rebounding,1,,,,,null,,,
2259,rebounding,1,,,,,null,,,
2260,rebounding,1,,,,,null,,,
2261,rebounding,1,,,,,null,,,
2262,rebounding,1,,,,,null,,,
2263,rebounding,1,,,,,null,,,
2264,rebounding,1,,,,,null,,,
2265,rebounding,1,,,,,null,,,
2266,rebounding,1,,,,,null,,,
2267,rebounding,1,,,,,null,,,
2268,rebounding,1,,,,,null,,,
2269,rebounding,1,,,,,null,,,
2270,rebounding,1,,,,,null,,,
2271,rebounding,1,,,,,null,,,
2272,rebounding,1,,,,,null,,,
2273,rebounding,1,,,,,null,,,
2274,rebounding,1,,,,,null,,,
2275,rebounding,1,,,,,null,,,
2276,rebounding,1,,,,,null,,,
2277,rebounding,1,,,,,null,,,
2278,rebounding,1,,,,,null,,,
2279,rebounding,1,,,,,null,,,
2280,rebounding,1,,,,,null,,,
2281,rebounding,1,,,,,null,,,
2282,rebounding,1,,,,,null,,,
2283,rebounding,1,,,,,null,,,
2284,rebounding,1,,,,,null,,,
2285,rebounding,1,,,,,null,,,
2286,rebounding,1,,,,,null,,,
2287,rebounding,1,,,,,null,,,
2288,rebounding,1,,,,,null,,,
2289,rebounding,1,,,,,null,,,
2290,rebounding,1,,,,,null,,,
2291,rebounding,1,,,,,null,,,
2292,rebounding,1,,,,,null,,,
2293,rebounding,1,,,,,null,,,
2294,rebounding,1,,,,,null,,,
2295,rebounding,1,,,,,null,,,
2296,rebounding,1,,,,,null,,,
2297,rebounding,1,,,,,null,,,
2298,rebounding,1,,,,,null,,,
2299,rebounding,1,,,,,null,,,
2300,rebounding,1,,,,,null,,,
2301,rebounding,1,,,,,null,,,
2302,rebounding,1,,,,,null,,,
2303,rebounding,1,,,,,null,,,
2304,rebounding,1,,,,,null,,,
2305,rebounding,1,,,,,null,,,
2306,rebounding,1,,,,,null,,,
2307,rebounding,1,,,,,null,,,
2308,rebounding,1,,,,,null,,,
2309,rebounding,1,,,,,null,,,
2310,rebounding,1,,,,,null,,,
2311,rebounding,1,,,,,null,,,
2312,rebounding,1,,,,,null,,,
2313,rebounding,1,,,,,null,,,
2314,rebounding,1,,,,,null,,,
2315,rebounding,1,,,,,null,,,
2316,rebounding,1,,,,,null,,,
2317,rebounding,1,,,,,null,,,
2318,rebounding,1,,,,,null,,,
2319,rebounding,1,,,,,null,,,
2320,rebounding,1,,,,,null,,,
2321,rebounding,1,,,,,null,,,
2322,rebounding,1,,,,,null,,,
2323,rebounding,1,,,,,null,,,
2324,rebounding,1,,,,,null,,,
2325,rebounding,1,,,,,null,,,
2326,rebounding,1,,,,,null,,,
2327,rebounding,1,,,,,null,,,
2328,rebounding,1,,,,,null,,,
2329,rebounding,1,,,,,null,,,
2330,rebounding,1,,,,,null,,,
2331,rebounding,1,,,,,null,,,
2332,rebounding,1,,,,,null,,,
2333,rebounding,1,,,,,null,,,
2334,rebounding,1,,,,,null,,,
2335,rebounding,1,,,,,null,,,
2336,rebounding,1,,,,,null,,,
2337,rebounding,1,,,,,null,,,
2338,rebounding,1,,,,,null,,,
2339,rebounding,1,,,,,null,,,
2340,rebounding,1,,,,,null,,,
2341,rebounding,1,,,,,null,,,
2342,rebounding,1,,,,,null,,,
2343,rebounding,1,,,,,null,,,
2344,rebounding,1,,,,,null,,,
2345,rebounding,1,,,,,null,,,
2346,rebounding,1,,,,,null,,,
2347,rebounding,1,,,,,null,,,
2348,rebounding,1,,,,,null,,,
2349,rebounding,1,,,,,null,,,
2350,rebounding,1,,,,,null,,,
2351,rebounding,1,,,,,null,,,
2352,rebounding,1,,,,,null,,,
2353,rebounding,1,,,,,null,,,
2354,rebounding,1,,,,,null,,,
2355,rebounding,1,,,,,null,,,
2356,rebounding,1,,,,,null,,,
2357,rebounding,1,,,,,null,,,
2358,rebounding,1,,,,,null,,,
2359,rebounding,1,,,,,null,,,
2360,rebounding,1,,,,,null,,,
2361,rebounding,1,,,,,null,,,
2362,rebounding,1,,,,,null,,,
2363,rebounding,1,,,,,null,,,
2364,rebounding,1,,,,,null,,,
2365,rebounding,1,,,,,null,,,
2366,rebounding,1,,,,,null,,,
2367,rebounding,1,,,,,null,,,
2368,rebounding,1,,,,,null,,,
2369,rebounding,1,,,,,null,,,
2370,rebounding,1,,,,,null,,,
2371,rebounding,1,,,,,null,,,
2372,rebounding,1,,,,,null,,,
2373,rebounding,1,,,,,null,,,
2374,rebounding,1,,,,,null,,,
2375,rebounding,1,,,,,null,,,
2376,rebounding,1,,,,,null,,,
2377,rebounding,1,,,,,null,,,
2378,rebounding,1,,,,,null,,,
2379,rebounding,1,,,,,null,,,
2380,rebounding,1,,,,,null,,,
2381,rebounding,1,,,,,null,,,
2382,rebounding,1,,,,,null,,,
2383,rebounding,1,,,,,null,,,
2384,rebounding,1,,,,,null,,,
2385,rebounding,1,,,,,null,,,
2386,rebounding,1,,,,,null,,,
2387,rebounding,1,,,,,null,,,
2388,rebounding,1,,,,,null,,,
2389,rebounding,1,,,,,null,,,
2390,rebounding,1,,,,,null,,,
2391,rebounding,1,,,,,null,,,
2392,rebounding,1,,,,,null,,,
2393,rebounding,1,,,,,null,,,
2394,rebounding,1,,,,,null,,,
2395,rebounding,1,,,,,null,,,
2396,rebounding,1,,,,,null,,,
2397,rebounding,1,,,,,null,,,
2398,rebounding,1,,,,,null,,,
2399,rebounding,1,,,,,null,,,
2400,rebounding,1,,,,,null,,,
2401,rebounding,1,,,,,null,,,
2402,rebounding,1,,,,,null,,,
2403,rebounding,1,,,,,null,,,
2404,rebounding,1,,,,,null,,,
2405,rebounding,1,,,,,null,,,
2406,rebounding,1,,,,,null,,,
2407,rebounding,1,,,,,null,,,
2408,rebounding,1,,,,,null,,,
2409,rebounding,1,,,,,null,,,
2410,rebounding,1,,,,,null,,,
2411,rebounding,1,,,,,null,,,
2412,rebounding,1,,,,,null,,,
2413,rebounding,1,,,,,null,,,
2414,rebounding,1,,,,,null,,,
2415,rebounding,1,,,,,null,,,
2416,rebounding,1,,,,,null,,,
2417,rebounding,1,,,,,null,,,
2418,rebounding,1,,,,,null,,,
2419,rebounding,1,,,,,null,,,
2420,rebounding,1,,,,,null,,,
2421,rebounding,1,,,,,null,,,
2422,rebounding,1,,,,,null,,,
2423,rebounding,1,,,,,null,,,
2424,rebounding,1,,,,,null,,,
2425,rebounding,1,,,,,null,,,
2426,rebounding,1,,,,,null,,,
2427,rebounding,1,,,,,null,,,
2428,rebounding,1,,,,,null,,,
2429,rebounding,1,,,,,null,,,
2430,rebounding,1,,,,,null,,,
2431,rebounding,1,,,,,null,,,
2432,rebounding,1,,,,,null,,,
2433,rebounding,1,,,,,null,,,
2434,rebounding,1,,,,,null,,,
2435,rebounding,1,,,,,null,,,
2436,rebounding,1,,,,,null,,,
2437,rebounding,1,,,,,null,,,
2438,rebounding,1,,,,,null,,,
2439,rebounding,1,,,,,null,,,
2440,rebounding,1,,,,,null,,,
2441,rebounding,1,,,,,null,,,
2442,rebounding,1,,,,,null,,,
2443,rebounding,1,,,,,null,,,
2444,rebounding,1,,,,,null,,,
2445,rebounding,1,,,,,null,,,
2446,rebounding,1,,,,,null,,,
2447,rebounding,1,,,,,null,,,
2448,rebounding,1,,,,,null,,,
2449,rebounding,1,,,,,null,,,
2450,rebounding,1,,,,,null,,,
2451,rebounding,1,,,,,null,,,
2452,rebounding,1,,,,,null,,,
2453,rebounding,1,,,,,null,,,
2454,rebounding,1,,,,,null,,,
2455,rebounding,1,,,,,null,,,
2456,rebounding,1,,,,,null,,,
2457,rebounding,1,,,,,null,,,
2458,rebounding,1,,,,,null,,,
2459,rebounding,1,,,,,null,,,
2460,rebounding,1,,,,,null,,,
2461,rebounding,1,,,,,null,,,
2462,rebounding,1,,,,,null,,,
2463,rebounding,1,,,,,null,,,
2464,rebounding,1,,,,,null,,,
2465,rebounding,1,,,,,null,,,
2466,rebounding,1,,,,,null,,,
2467,rebounding,1,,,,,null,,,
2468,rebounding,1,,,,,null,,,
2469,rebounding,1,,,,,null,,,
2470,rebounding,1,,,,,null,,,
2471,rebounding,1,,,,,null,,,
2472,rebounding,1,,,,,null,,,
2473,rebounding,1,,,,,null,,,
2474,rebounding,1,,,,,null,,,
2475,rebounding,1,,,,,null,,,
2476,rebounding,1,,,,,null,,,
2477,rebounding,1,,,,,null,,,
2478,rebounding,1,,,,,null,,,
2479,rebounding,1,,,,,null,,,
2480,rebounding,1,,,,,null,,,
2481,rebounding,1,,,,,null,,,
2482,rebounding,1,,,,,null,,,
2483,rebounding,1,,,,,null,,,
2484,rebounding,1,,,,,null,,,
2485,rebounding,1,,,,,null,,,
2486,rebounding,1,,,,,null,,,
2487,rebounding,1,,,,,null,,,
2488,rebounding,1,,,,,null,,,
2489,rebounding,1,,,,,null,,,
2490,rebounding,1,,,,,null,,,
2491,rebounding,1,,,,,null,,,
2492,rebounding,1,,,,,null,,,
2493,rebounding,1,,,,,null,,,
2494,rebounding,1,,,,,null,,,
2495,rebounding,1,,,,,null,,,
2496,rebounding,1,,,,,null,,,
2497,rebounding,1,,,,,null,,,
2498,rebounding,1,,,,,null,,,
2499,rebounding,1,,,,,null,,,
2500,rebounding,1,,,,,null,,,
2501,rebounding,1,,,,,null,,,
2502,rebounding,1,,,,,null,,,
2503,rebounding,1,,,,,null,,,
2504,rebounding,1,,,,,null,,,
2505,rebounding,1,,,,,null,,,
2506,rebounding,1,,,,,null,,,
2507,rebounding,1,,,,,null,,,
2508,rebounding,1,,,,,null,,,
2509,rebounding,1,,,,,null,,,
2510,rebounding,1,,,,,null,,,
2511,rebounding,1,,,,,null,,,
2512,rebounding,1,,,,,null,,,
2513,rebounding,1,,,,,null,,,
2514,rebounding,1,,,,,null,,,
2515,rebounding,1,,,,,null,,,
2516,rebounding,1,,,,,null,,,
2517,rebounding,1,,,,,null,,,
2518,rebounding,1,,,,,null,,,
2519,rebounding,1,,,,,null,,,
2520,rebounding,1,,,,,null,,,
2521,rebounding,1,,,,,null,,,
2522,rebounding,1,,,,,null,,,
2523,rebounding,1,,,,,null,,,
2524,rebounding,1,,,,,null,,,
2525,rebounding,1,,,,,null,,,
2526,rebounding,1,,,,,null,,,
2527,rebounding,1,,,,,null,,,
2528,rebounding,1,,,,,null,,,
2529,rebounding,1,,,,,null,,,
2530,rebounding,1,,,,,null,,,
2531,rebounding,1,,,,,null,,,
2532,rebounding,1,,,,,null,,,
2533,rebounding,1,,,,,null,,,
2534,rebounding,1,,,,,null,,,
2535,rebounding,1,,,,,null,,,
2536,rebounding,1,,,,,null,,,
2537,rebounding,1,,,,,null,,,
2538,rebounding,1,,,,,null,,,
2539,rebounding,1,,,,,null,,,
2540,rebounding,1,,,,,null,,,
2541,rebounding,1,,,,,null,,,
2542,rebounding,1,,,,,null,,,
2543,rebounding,1,,,,,null,,,
2544,rebounding,1,,,,,null,,,
2545,rebounding,1,,,,,null,,,
2546,rebounding,1,,,,,null,,,
2547,rebounding,1,,,,,null,,,
2548,rebounding,1,,,,,null,,,
2549,rebounding,1,,,,,null,,,
2550,rebounding,1,,,,,null,,,
2551,rebounding,1,,,,,null,,,
2552,rebounding,1,,,,,null,,,
2553,rebounding,1,,,,,null,,,
2554,rebounding,1,,,,,null,,,
2555,rebounding,1,,,,,null,,,
2556,rebounding,1,,,,,null,,,
2557,rebounding,1,,,,,null,,,
2558,rebounding,1,,,,,null,,,
2559,rebounding,1,,,,,null,,,
2560,rebounding,1,,,,,null,,,
2561,rebounding,1,,,,,null,,,
2562,rebounding,1,,,,,null,,,
2563,rebounding,1,,,,,null,,,
2564,rebounding,1,,,,,null,,,
2565,rebounding,1,,,,,null,,,
2566,rebounding,1,,,,,null,,,
2567,rebounding,1,,,,,null,,,
2568,rebounding,1,,,,,null,,,
2569,rebounding,1,,,,,null,,,
2570,rebounding,1,,,,,null,,,
2571,rebounding,1,,,,,null,,,
2572,rebounding,1,,,,,null,,,
2573,rebounding,1,,,,,null,,,
2574,rebounding,1,,,,,null,,,
2575,rebounding,1,,,,,null,,,
2576,rebounding,1,,,,,null,,,
2577,rebounding,1,,,,,null,,,
2578,rebounding,1,,,,,null,,,
2579,rebounding,1,,,,,null,,,
2580,rebounding,1,,,,,null,,,
2581,rebounding,1,,,,,null,,,
2582,rebounding,1,,,,,null,,,
2583,rebounding,1,,,,,null,,,
2584,rebounding,1,,,,,null,,,
2585,rebounding,1,,,,,null,,,
2586,rebounding,1,,,,,null,,,
2587,rebounding,1,,,,,null,,,
2588,rebounding,1,,,,,null,,,
2589,rebounding,1,,,,,null,,,
2590,rebounding,1,,,,,null,,,
2591,rebounding,1,,,,,null,,,
2592,rebounding,1,,,,,null,,,
2593,rebounding,1,,,,,null,,,
2594,rebounding,1,,,,,null,,,
2595,rebounding,1,,,,,null,,,
2596,rebounding,1,,,,,null,,,
2597,rebounding,1,,,,,null,,,
2598,rebounding,1,,,,,null,,,
2599,rebounding,1,,,,,null,,,
2600,rebounding,1,,,,,null,,,
2601,rebounding,1,,,,,null,,,
2602,rebounding,1,,,,,null,,,
2603,rebounding,1,,,,,null,,,
2604,rebounding,1,,,,,null,,,
2605,rebounding,1,,,,,null,,,
2606,rebounding,1,,,,,null,,,
2607,rebounding,1,,,,,null,,,
2608,rebounding,1,,,,,null,,,
2609,rebounding,1,,,,,null,,,
2610,rebounding,1,,,,,null,,,
2611,rebounding,1,,,,,null,,,
2612,rebounding,1,,,,,null,,,
2613,rebounding,1,,,,,null,,,
2614,rebounding,1,,,,,null,,,
2615,rebounding,1,,,,,null,,,
2616,rebounding,1,,,,,null,,,
2617,rebounding,1,,,,,null,,,
2618,rebounding,1,,,,,null,,,
2619,rebounding,1,,,,,null,,,
2620,rebounding,1,,,,,null,,,
2621,rebounding,1,,,,,null,,,
2622,rebounding,1,,,,,null,,,
2623,rebounding,1,,,,,null,,,
2624,rebounding,1,,,,,null,,,
2625,rebounding,1,,,,,null,,,
2626,rebounding,1,,,,,null,,,
2627,rebounding,1,,,,,null,,,
2628,rebounding,1,,,,,null,,,
2629,rebounding,1,,,,,null,,,
2630,rebounding,1,,,,,null,,,
2631,rebounding,1,,,,,null,,,
2632,rebounding,1,,,,,null,,,
2633,rebounding,1,,,,,null,,,
2634,rebounding,1,,,,,null,,,
2635,rebounding,1,,,,,null,,,
2636,rebounding,1,,,,,null,,,
2637,rebounding,1,,,,,null,,,
2638,rebounding,1,,,,,null,,,
2639,rebounding,1,,,,,null,,,
2640,rebounding,1,,,,,null,,,
2641,rebounding,1,,,,,null,,,
2642,rebounding,1,,,,,null,,,
2643,rebounding,1,,,,,null,,,
2644,rebounding,1,,,,,null,,,
2645,rebounding,1,,,,,null,,,
2646,rebounding,1,,,,,null,,,
2647,rebounding,1,,,,,null,,,
2648,rebounding,1,,,,,null,,,
2649,rebounding,1,,,,,null,,,
2650,rebounding,1,,,,,null,,,
2651,rebounding,1,,,,,null,,,
2652,rebounding,1,,,,,null,,,
2653,rebounding,1,,,,,null,,,
2654,rebounding,1,,,,,null,,,
2655,rebounding,1,,,,,null,,,
2656,rebounding,1,,,,,null,,,
2657,rebounding,1,,,,,null,,,
2658,rebounding,1,,,,,null,,,
2659,rebounding,1,,,,,null,,,
2660,rebounding,1,,,,,null,,,
2661,rebounding,1,,,,,null,,,
2662,rebounding,1,,,,,null,,,
2663,rebounding,1,,,,,null,,,
2664,rebounding,1,,,,,null,,,
2665,rebounding,1,,,,,null,,,
2666,rebounding,1,,,,,null,,,
2667,rebounding,1,,,,,null,,,
2668,rebounding,1,,,,,null,,,
2669,rebounding,1,,,,,null,,,
2670,rebounding,1,,,,,null,,,
2671,rebounding,1,,,,,null,,,
2672,rebounding,1,,,,,null,,,
2673,rebounding,1,,,,,null,,,
2674,rebounding,1,,,,,null,,,
2675,rebounding,1,,,,,null,,,
2676,rebounding,1,,,,,null,,,
2677,rebounding,1,,,,,null,,,
2678,rebounding,1,,,,,null,,,
2679,rebounding,1,,,,,null,,,
2680,rebounding,1,,,,,null,,,
2681,rebounding,1,,,,,null,,,
2682,rebounding,1,,,,,null,,,
2683,rebounding,1,,,,,null,,,
2684,rebounding,1,,,,,null,,,
2685,rebounding,1,,,,,null,,,
2686,rebounding,1,,,,,null,,,
2687,rebounding,1,,,,,null,,,
2688,rebounding,1,,,,,null,,,
2689,rebounding,1,,,,,null,,,
2690,rebounding,1,,,,,null,,,
2691,rebounding,1,,,,,null,,,
2692,rebounding,1,,,,,null,,,
2693,rebounding,1,,,,,null,,,
2694,rebounding,1,,,,,null,,,
2695,rebounding,1,,,,,null,,,
2696,rebounding,1,,,,,null,,,
2697,rebounding,1,,,,,null,,,
2698,rebounding,1,,,,,null,,,
2699,rebounding,1,,,,,null,,,
2700,rebounding,1,,,,,null,,,
2701,rebounding,1,,,,,null,,,
2702,rebounding,1,,,,,null,,,
2703,rebounding,1,,,,,null,,,
2704,rebounding,1,,,,,null,,,
2705,rebounding,1,,,,,null,,,
2706,rebounding,1,,,,,null,,,
2707,rebounding,1,,,,,null,,,
2708,rebounding,1,,,,,null,,,
2709,rebounding,1,,,,,null,,,
2710,rebounding,1,,,,,null,,,
2711,rebounding,1,,,,,null,,,
2712,rebounding,1,,,,,null,,,
2713,rebounding,1,,,,,null,,,
2714,rebounding,1,,,,,null,,,
2715,rebounding,1,,,,,null,,,
2716,rebounding,1,,,,,null,,,
2717,rebounding,1,,,,,null,,,
2718,rebounding,1,,,,,null,,,
2719,rebounding,1,,,,,null,,,
2720,rebounding,1,,,,,null,,,
2721,rebounding,1,,,,,null,,,
2722,rebounding,1,,,,,null,,,
2723,rebounding,1,,,,,null,,,
2724,rebounding,1,,,,,null,,,
2725,rebounding,1,,,,,null,,,
2726,rebounding,1,,,,,null,,,
2727,rebounding,1,,,,,null,,,
2728,rebounding,1,,,,,null,,,
2729,rebounding,1,,,,,null,,,
2730,rebounding,1,,,,,null,,,
2731,rebounding,1,,,,,null,,,
2732,rebounding,1,,,,,null,,,
2733,rebounding,1,,,,,null,,,
2734,rebounding,1,,,,,null,,,
2735,rebounding,1,,,,,null,,,
2736,rebounding,1,,,,,null,,,
2737,rebounding,1,,,,,null,,,
2738,rebounding,1,,,,,null,,,
2739,rebounding,1,,,,,null,,,
2740,rebounding,1,,,,,null,,,
2741,rebounding,1,,,,,null,,,
2742,rebounding,1,,,,,null,,,
2743,rebounding,1,,,,,null,,,
2744,rebounding,1,,,,,null,,,
2745,rebounding,1,,,,,null,,,
2746,rebounding,1,,,,,null,,,
2747,rebounding,1,,,,,null,,,
2748,rebounding,1,,,,,null,,,
2749,rebounding,1,,,,,null,,,
2750,rebounding,1,,,,,null,,,
2751,rebounding,1,,,,,null,,,
2752,rebounding,1,,,,,null,,,
2753,rebounding,1,,,,,null,,,
2754,rebounding,1,,,,,null,,,
2755,rebounding,1,,,,,null,,,
2756,rebounding,1,,,,,null,,,
2757,rebounding,1,,,,,null,,,
2758,rebounding,1,,,,,null,,,
2759,rebounding,1,,,,,null,,,
2760,rebounding,1,,,,,null,,,
2761,rebounding,1,,,,,null,,,
2762,rebounding,1,,,,,null,,,
2763,rebounding,1,,,,,null,,,
2764,rebounding,1,,,,,null,,,
2765,rebounding,1,,,,,null,,,
2766,rebounding,1,,,,,null,,,
2767,rebounding,1,,,,,null,,,
2768,rebounding,1,,,,,null,,,
2769,rebounding,1,,,,,null,,,
2770,rebounding,1,,,,,null,,,
2771,rebounding,1,,,,,null,,,
2772,rebounding,1,,,,,null,,,
2773,rebounding,1,,,,,null,,,
2774,rebounding,1,,,,,null,,,
2775,rebounding,1,,,,,null,,,
2776,rebounding,1,,,,,null,,,
2777,rebounding,1,,,,,null,,,
2778,rebounding,1,,,,,null,,,
2779,rebounding,1,,,,,null,,,
2780,rebounding,1,,,,,null,,,
2781,rebounding,1,,,,,null,,,
2782,rebounding,1,,,,,null,,,
2783,rebounding,1,,,,,null,,,
2784,rebounding,1,,,,,null,,,
2785,rebounding,1,,,,,null,,,
2786,rebounding,1,,,,,null,,,
2787,rebounding,1,,,,,null,,,
2788,rebounding,1,,,,,null,,,
2789,rebounding,1,,,,,null,,,
2790,rebounding,1,,,,,null,,,
2791,rebounding,1,,,,,null,,,
2792,rebounding,1,,,,,null,,,
2793,rebounding,1,,,,,null,,,
2794,rebounding,1,,,,,null,,,
2795,rebounding,1,,,,,null,,,
2796,rebounding,1,,,,,null,,,
2797,rebounding,1,,,,,null,,,
2798,rebounding,1,,,,,null,,,
2799,rebounding,1,,,,,null,,,
2800,rebounding,1,,,,,null,,,
2801,rebounding,1,,,,,null,,,
2802,rebounding,1,,,,,null,,,
2803,rebounding,1,,,,,null,,,
2804,rebounding,1,,,,,null,,,
2805,rebounding,1,,,,,null,,,
2806,rebounding,1,,,,,null,,,
2807,rebounding,1,,,,,null,,,
2808,rebounding,1,,,,,null,,,
2809,rebounding,1,,,,,null,,,
2810,rebounding,1,,,,,null,,,
2811,rebounding,1,,,,,null,,,
2812,rebounding,1,,,,,null,,,
2813,rebounding,1,,,,,null,,,
2814,rebounding,1,,,,,null,,,
2815,rebounding,1,,,,,null,,,
2816,rebounding,1,,,,,null,,,
2817,rebounding,1,,,,,null,,,
2818,rebounding,1,,,,,null,,,
2819,rebounding,1,,,,,null,,,
2820,rebounding,1,,,,,null,,,
2821,rebounding,1,,,,,null,,,
2822,rebounding,1,,,,,null,,,
2823,rebounding,1,,,,,null,,,
2824,rebounding,1,,,,,null,,,
2825,rebounding,1,,,,,null,,,
2826,rebounding,1,,,,,null,,,
2827,rebounding,1,,,,,null,,,
2828,rebounding,1,,,,,null,,,
2829,rebounding,1,,,,,null,,,
2830,rebounding,1,,,,,null,,,
2831,rebounding,1,,,,,null,,,
2832,rebounding,1,,,,,null,,,
2833,rebounding,1,,,,,null,,,
2834,rebounding,1,,,,,null,,,
2835,rebounding,1,,,,,null,,,
2836,rebounding,1,,,,,null,,,
2837,rebounding,1,,,,,null,,,
2838,rebounding,1,,,,,null,,,
2839,rebounding,1,,,,,null,,,
2840,rebounding,1,,,,,null,,,
2841,rebounding,1,,,,,null,,,
2842,rebounding,1,,,,,null,,,
2843,rebounding,1,,,,,null,,,
2844,rebounding,1,,,,,null,,,
2845,rebounding,1,,,,,null,,,
2846,rebounding,1,,,,,null,,,
2847,rebounding,1,,,,,null,,,
2848,rebounding,1,,,,,null,,,
2849,rebounding,1,,,,,null,,,
2850,rebounding,1,,,,,null,,,
2851,rebounding,1,,,,,null,,,
2852,rebounding,1,,,,,null,,,
2853,rebounding,1,,,,,null,,,
2854,rebounding,1,,,,,null,,,
2855,rebounding,1,,,,,null,,,
2856,rebounding,1,,,,,null,,,
2857,rebounding,1,,,,,null,,,
2858,rebounding,1,,,,,null,,,
2859,rebounding,1,,,,,null,,,
2860,rebounding,1,,,,,null,,,
2861,rebounding,1,,,,,null,,,
2862,rebounding,1,,,,,null,,,
2863,rebounding,1,,,,,null,,,
2864,rebounding,1,,,,,null,,,
2865,rebounding,1,,,,,null,,,
2866,rebounding,1,,,,,null,,,
2867,rebounding,1,,,,,null,,,
2868,rebounding,1,,,,,null,,,
2869,rebounding,1,,,,,null,,,
2870,rebounding,1,,,,,null,,,
2871,rebounding,1,,,,,null,,,
2872,rebounding,1,,,,,null,,,
2873,rebounding,1,,,,,null,,,
2874,rebounding,1,,,,,null,,,
2875,rebounding,1,,,,,null,,,
2876,rebounding,1,,,,,null,,,
2877,rebounding,1,,,,,null,,,
2878,rebounding,1,,,,,null,,,
2879,rebounding,1,,,,,null,,,
2880,rebounding,1,,,,,null,,,
2881,rebounding,1,,,,,null,,,
2882,rebounding,1,,,,,null,,,
2883,rebounding,1,,,,,null,,,
2884,rebounding,1,,,,,null,,,
2885,rebounding,1,,,,,null,,,
2886,rebounding,1,,,,,null,,,
2887,rebounding,1,,,,,null,,,
2888,rebounding,1,,,,,null,,,
2889,rebounding,1,,,,,null,,,
2890,rebounding,1,,,,,null,,,
2891,rebounding,1,,,,,null,,,
2892,rebounding,1,,,,,null,,,
2893,rebounding,1,,,,,null,,,
2894,rebounding,1,,,,,null,,,
2895,rebounding,1,,,,,null,,,
2896,rebounding,1,,,,,null,,,
2897,rebounding,1,,,,,null,,,
2898,rebounding,1,,,,,null,,,
2899,rebounding,1,,,,,null,,,
2900,rebounding,1,,,,,null,,,
2901,rebounding,1,,,,,null,,,
2902,rebounding,1,,,,,null,,,
2903,rebounding,1,,,,,null,,,
2904,rebounding,1,,,,,null,,,
2905,rebounding,1,,,,,null,,,
2906,rebounding,1,,,,,null,,,
2907,rebounding,1,,,,,null,,,
2908,rebounding,1,,,,,null,,,
2909,rebounding,1,,,,,null,,,
2910,rebounding,1,,,,,null,,,
2911,rebounding,1,,,,,null,,,
2912,rebounding,1,,,,,null,,,
2913,rebounding,1,,,,,null,,,
2914,rebounding,1,,,,,null,,,
2915,rebounding,1,,,,,null,,,
2916,rebounding,1,,,,,null,,,
2917,rebounding,1,,,,,null,,,
2918,rebounding,1,,,,,null,,,
2919,rebounding,1,,,,,null,,,
2920,rebounding,1,,,,,null,,,
2921,rebounding,1,,,,,null,,,
2922,rebounding,1,,,,,null,,,
2923,rebounding,1,,,,,null,,,
2924,rebounding,1,,,,,null,,,
2925,rebounding,1,,,,,null,,,
2926,rebounding,1,,,,,null,,,
2927,rebounding,1,,,,,null,,,
2928,rebounding,1,,,,,null,,,
2929,rebounding,1,,,,,null,,,
2930,rebounding,1,,,,,null,,,
2931,rebounding,1,,,,,null,,,
2932,rebounding,1,,,,,null,,,
2933,rebounding,1,,,,,null,,,
2934,rebounding,1,,,,,null,,,
2935,rebounding,1,,,,,null,,,
2936,rebounding,1,,,,,null,,,
2937,rebounding,1,,,,,null,,,
2938,rebounding,1,,,,,null,,,
2939,rebounding,1,,,,,null,,,
2940,rebounding,1,,,,,null,,,
2941,rebounding,1,,,,,null,,,
2942,rebounding,1,,,,,null,,,
2943,rebounding,1,,,,,null,,,
2944,rebounding,1,,,,,null,,,
2945,rebounding,1,,,,,null,,,
2946,rebounding,1,,,,,null,,,
2947,rebounding,1,,,,,null,,,
2948,rebounding,1,,,,,null,,,
2949,rebounding,1,,,,,null,,,
2950,rebounding,1,,,,,null,,,
2951,rebounding,1,,,,,null,,,
2952,rebounding,1,,,,,null,,,
2953,rebounding,1,,,,,null,,,
2954,rebounding,1,,,,,null,,,
2955,rebounding,1,,,,,null,,,
2956,rebounding,1,,,,,null,,,
2957,rebounding,1,,,,,null,,,
2958,rebounding,1,,,,,null,,,
2959,rebounding,1,,,,,null,,,
2960,rebounding,1,,,,,null,,,
2961,rebounding,1,,,,,null,,,
2962,rebounding,1,,,,,null,,,
2963,rebounding,1,,,,,null,,,
2964,rebounding,1,,,,,null,,,
2965,rebounding,1,,,,,null,,,
2966,rebounding,1,,,,,null,,,
2967,rebounding,1,,,,,null,,,
2968,rebounding,1,,,,,null,,,
2969,rebounding,1,,,,,null,,,
2970,rebounding,1,,,,,null,,,
2971,rebounding,1,,,,,null,,,
2972,rebounding,1,,,,,null,,,
2973,rebounding,1,,,,,null,,,
2974,rebounding,1,,,,,null,,,
2975,rebounding,1,,,,,null,,,
2976,rebounding,1,,,,,null,,,
2977,rebounding,1,,,,,null,,,
2978,rebounding,1,,,,,null,,,
2979,rebounding,1,,,,,null,,,
2980,rebounding,1,,,,,null,,,
2981,rebounding,1,,,,,null,,,
2982,rebounding,1,,,,,null,,,
2983,rebounding,1,,,,,null,,,
2984,rebounding,1,,,,,null,,,
2985,rebounding,1,,,,,null,,,
2986,rebounding,1,,,,,null,,,
2987,rebounding,1,,,,,null,,,
2988,rebounding,1,,,,,null,,,
2989,rebounding,1,,,,,null,,,
2990,rebounding,1,,,,,null,,,
2991,rebounding,1,,,,,null,,,
2992,rebounding,1,,,,,null,,,
2993,rebounding,1,,,,,null,,,
2994,rebounding,1,,,,,null,,,
2995,rebounding,1,,,,,null,,,
2996,rebounding,1,,,,,null,,,
2997,rebounding,1,,,,,null,,,
2998,rebounding,1,,,,,null,,,
2999,rebounding,1,,,,,null,,,
3000,rebounding,1,,,,,null,,,
3001,rebounding,1,,,,,null,,,
3002,rebounding,1,,,,,null,,,
3003,rebounding,1,,,,,null,,,
3004,rebounding,1,,,,,null,,,
3005,rebounding,1,,,,,null,,,
3006,rebounding,1,,,,,null,,,
3007,rebounding,1,,,,,null,,,
3008,rebounding,1,,,,,null,,,
3009,rebounding,1,,,,,null,,,
3010,rebounding,1,,,,,null,,,
3011,rebounding,1,,,,,null,,,
3012,rebounding,1,,,,,null,,,
3013,rebounding,1,,,,,null,,,
3014,rebounding,1,,,,,null,,,
3015,rebounding,1,,,,,null,,,
3016,rebounding,1,,,,,null,,,
3017,rebounding,1,,,,,null,,,
3018,rebounding,1,,,,,null,,,
3019,rebounding,1,,,,,null,,,
3020,rebounding,1,,,,,null,,,
3021,rebounding,1,,,,,null,,,
3022,rebounding,1,,,,,null,,,
3023,rebounding,1,,,,,null,,,
3024,rebounding,1,,,,,null,,,
3025,rebounding,1,,,,,null,,,
3026,rebounding,1,,,,,null,,,
3027,rebounding,1,,,,,null,,,
3028,rebounding,1,,,,,null,,,
3029,rebounding,1,,,,,null,,,
3030,rebounding,1,,,,,null,,,
3031,rebounding,1,,,,,null,,,
3032,rebounding,1,,,,,null,,,
3033,rebounding,1,,,,,null,,,
3034,rebounding,1,,,,,null,,,
3035,rebounding,1,,,,,null,,,
3036,rebounding,1,,,,,null,,,
3037,rebounding,1,,,,,null,,,
3038,rebounding,1,,,,,null,,,
3039,rebounding,1,,,,,null,,,
3040,rebounding,1,,,,,null,,,
3041,rebounding,1,,,,,null,,,
3042,rebounding,1,,,,,null,,,
3043,rebounding,1,,,,,null,,,
3044,rebounding,1,,,,,null,,,
3045,rebounding,1,,,,,null,,,
3046,rebounding,1,,,,,null,,,
3047,rebounding,1,,,,,null,,,
3048,rebounding,1,,,,,null,,,
3049,rebounding,1,,,,,null,,,
3050,rebounding,1,,,,,null,,,
3051,rebounding,1,,,,,null,,,
3052,rebounding,1,,,,,null,,,
3053,rebounding,1,,,,,null,,,
3054,rebounding,1,,,,,null,,,
3055,rebounding,1,,,,,null,,,
3056,rebounding,1,,,,,null,,,
3057,rebounding,1,,,,,null,,,
3058,rebounding,1,,,,,null,,,
3059,rebounding,1,,,,,null,,,
3060,rebounding,1,,,,,null,,,
3061,rebounding,1,,,,,null,,,
3062,rebounding,1,,,,,null,,,
3063,rebounding,1,,,,,null,,,
3064,rebounding,1,,,,,null,,,
3065,rebounding,1,,,,,null,,,
3066,rebounding,1,,,,,null,,,
3067,rebounding,1,,,,,null,,,
3068,rebounding,1,,,,,null,,,
3069,rebounding,1,,,,,null,,,
3070,rebounding,1,,,,,null,,,
3071,rebounding,1,,,,,null,,,
3072,rebounding,1,,,,,null,,,
3073,rebounding,1,,,,,null,,,
3074,rebounding,1,,,,,null,,,
3075,rebounding,1,,,,,null,,,
3076,rebounding,1,,,,,null,,,
3077,rebounding,1,,,,,null,,,
3078,rebounding,1,,,,,null,,,
3079,rebounding,1,,,,,null,,,
3080,rebounding,1,,,,,null,,,
3081,rebounding,1,,,,,null,,,
3082,rebounding,1,,,,,null,,,
3083,rebounding,1,,,,,null,,,
3084,rebounding,1,,,,,null,,,
3085,rebounding,1,,,,,null,,,
3086,rebounding,1,,,,,null,,,
3087,rebounding,1,,,,,null,,,
3088,rebounding,1,,,,,null,,,
3089,rebounding,1,,,,,null,,,
3090,rebounding,1,,,,,null,,,
3091,rebounding,1,,,,,null,,,
3092,rebounding,1,,,,,null,,,
3093,rebounding,1,,,,,null,,,
3094,rebounding,1,,,,,null,,,
3095,rebounding,1,,,,,null,,,
3096,rebounding,1,,,,,null,,,
3097,rebounding,1,,,,,null,,,
3098,rebounding,1,,,,,null,,,
3099,rebounding,1,,,,,null,,,
3100,rebounding,1,,,,,null,,,
3101,rebounding,1,,,,,null,,,
3102,rebounding,1,,,,,null,,,
3103,rebounding,1,,,,,null,,,
3104,rebounding,1,,,,,null,,,
3105,rebounding,1,,,,,null,,,
3106,rebounding,1,,,,,null,,,
3107,rebounding,1,,,,,null,,,
3108,rebounding,1,,,,,null,,,
3109,rebounding,1,,,,,null,,,
3110,rebounding,1,,,,,null,,,
3111,rebounding,1,,,,,null,,,
3112,rebounding,1,,,,,null,,,
3113,rebounding,1,,,,,null,,,
3114,rebounding,1,,,,,null,,,
3115,rebounding,1,,,,,null,,,
3116,rebounding,1,,,,,null,,,
3117,rebounding,1,,,,,null,,,
3118,rebounding,1,,,,,null,,,
3119,rebounding,1,,,,,null,,,
3120,rebounding,1,,,,,null,,,
3121,rebounding,1,,,,,null,,,
3122,rebounding,1,,,,,null,,,
3123,rebounding,1,,,,,null,,,
3124,rebounding,1,,,,,null,,,
3125,rebounding,1,,,,,null,,,
3126,rebounding,1,,,,,null,,,
3127,rebounding,1,,,,,null,,,
3128,rebounding,1,,,,,null,,,
3129,rebounding,1,,,,,null,,,
3130,rebounding,1,,,,,null,,,
3131,rebounding,1,,,,,null,,,
3132,rebounding,1,,,,,null,,,
3133,rebounding,1,,,,,null,,,
3134,rebounding,1,,,,,null,,,
3135,rebounding,1,,,,,null,,,
3136,rebounding,1,,,,,null,,,
3137,rebounding,1,,,,,null,,,
3138,rebounding,1,,,,,null,,,
3139,rebounding,1,,,,,null,,,
3140,rebounding,1,,,,,null,,,
3141,rebounding,1,,,,,null,,,
3142,rebounding,1,,,,,null,,,
3143,rebounding,1,,,,,null,,,
3144,rebounding,1,,,,,null,,,
3145,rebounding,1,,,,,null,,,
3146,rebounding,1,,,,,null,,,
3147,rebounding,1,,,,,null,,,
3148,rebounding,1,,,,,null,,,
3149,rebounding,1,,,,,null,,,
3150,rebounding,1,,,,,null,,,
3151,rebounding,1,,,,,null,,,
3152,rebounding,1,,,,,null,,,
3153,rebounding,1,,,,,null,,,
3154,rebounding,1,,,,,null,,,
3155,rebounding,1,,,,,null,,,
3156,rebounding,1,,,,,null,,,
3157,rebounding,1,,,,,null,,,
3158,rebounding,1,,,,,null,,,
3159,rebounding,1,,,,,null,,,
3160,rebounding,1,,,,,null,,,
3161,rebounding,1,,,,,null,,,
3162,rebounding,1,,,,,null,,,
3163,rebounding,1,,,,,null,,,
3164,rebounding,1,,,,,null,,,
3165,rebounding,1,,,,,null,,,
3166,rebounding,1,,,,,null,,,
3167,rebounding,1,,,,,null,,,
3168,rebounding,1,,,,,null,,,
3169,rebounding,1,,,,,null,,,
3170,rebounding,1,,,,,null,,,
3171,rebounding,1,,,,,null,,,
3172,rebounding,1,,,,,null,,,
3173,rebounding,1,,,,,null,,,
3174,rebounding,1,,,,,null,,,
3175,rebounding,1,,,,,null,,,
3176,rebounding,1,,,,,null,,,
3177,rebounding,1,,,,,null,,,
3178,rebounding,1,,,,,null,,,
3179,rebounding,1,,,,,null,,,
3180,rebounding,1,,,,,null,,,
3181,rebounding,1,,,,,null,,,
3182,rebounding,1,,,,,null,,,
3183,rebounding,1,,,,,null,,,
3184,rebounding,1,,,,,null,,,
3185,rebounding,1,,,,,null,,,
3186,rebounding,1,,,,,null,,,
3187,rebounding,1,,,,,null,,,
3188,rebounding,1,,,,,null,,,
3189,rebounding,1,,,,,null,,,
3190,rebounding,1,,,,,null,,,
3191,rebounding,1,,,,,null,,,
3192,rebounding,1,,,,,null,,,
3193,rebounding,1,,,,,null,,,
3194,rebounding,1,,,,,null,,,
3195,rebounding,1,,,,,null,,,
3196,rebounding,1,,,,,null,,,
3197,rebounding,1,,,,,null,,,
3198,rebounding,1,,,,,null,,,
3199,rebounding,1,,,,,null,,,
3200,rebounding,1,,,,,null,,,
3201,rebounding,1,,,,,null,,,
3202,rebounding,1,,,,,null,,,
3203,rebounding,1,,,,,null,,,
3204,rebounding,1,,,,,null,,,
3205,rebounding,1,,,,,null,,,
3206,rebounding,1,,,,,null,,,
3207,rebounding,1,,,,,null,,,
3208,rebounding,1,,,,,null,,,
3209,rebounding,1,,,,,null,,,
3210,rebounding,1,,,,,null,,,
3211,rebounding,1,,,,,null,,,
3212,rebounding,1,,,,,null,,,
3213,rebounding,1,,,,,null,,,
3214,rebounding,1,,,,,null,,,
3215,rebounding,1,,,,,null,,,
3216,rebounding,1,,,,,null,,,
3217,rebounding,1,,,,,null,,,
3218,rebounding,1,,,,,null,,,
3219,rebounding,1,,,,,null,,,
3220,rebounding,1,,,,,null,,,
3221,rebounding,1,,,,,null,,,
3222,rebounding,1,,,,,null,,,
3223,rebounding,1,,,,,null,,,
3224,rebounding,1,,,,,null,,,
3225,rebounding,1,,,,,null,,,
3226,rebounding,1,,,,,null,,,
3227,rebounding,1,,,,,null,,,
3228,rebounding,1,,,,,null,,,
3229,rebounding,1,,,,,null,,,
3230,rebounding,1,,,,,null,,,
3231,rebounding,1,,,,,null,,,
3232,rebounding,1,,,,,null,,,
3233,rebounding,1,,,,,null,,,
3234,rebounding,1,,,,,null,,,
3235,rebounding,1,,,,,null,,,
3236,rebounding,1,,,,,null,,,
3237,rebounding,1,,,,,null,,,
3238,rebounding,1,,,,,null,,,
3239,rebounding,1,,,,,null,,,
3240,rebounding,1,,,,,null,,,
3241,rebounding,1,,,,,null,,,
3242,rebounding,1,,,,,null,,,
3243,rebounding,1,,,,,null,,,
3244,rebounding,1,,,,,null,,,
3245,rebounding,1,,,,,null,,,
3246,rebounding,1,,,,,null,,,
3247,rebounding,1,,,,,null,,,
3248,rebounding,1,,,,,null,,,
3249,rebounding,1,,,,,null,,,
3250,rebounding,1,,,,,null,,,
3251,rebounding,1,,,,,null,,,
3252,rebounding,1,,,,,null,,,
3253,rebounding,1,,,,,null,,,
3254,rebounding,1,,,,,null,,,
3255,rebounding,1,,,,,null,,,
3256,rebounding,1,,,,,null,,,
3257,rebounding,1,,,,,null,,,
3258,rebounding,1,,,,,null,,,
3259,rebounding,1,,,,,null,,,
3260,rebounding,1,,,,,null,,,
3261,rebounding,1,,,,,null,,,
3262,rebounding,1,,,,,null,,,
3263,rebounding,1,,,,,null,,,
3264,rebounding,1,,,,,null,,,
3265,rebounding,1,,,,,null,,,
3266,rebounding,1,,,,,null,,,
3267,rebounding,1,,,,,null,,,
3268,rebounding,1,,,,,null,,,
3269,rebounding,1,,,,,null,,,
3270,rebounding,1,,,,,null,,,
3271,rebounding,1,,,,,null,,,
3272,rebounding,1,,,,,null,,,
3273,rebounding,1,,,,,null,,,
3274,rebounding,1,,,,,null,,,
3275,rebounding,1,,,,,null,,,
3276,rebounding,1,,,,,null,,,
3277,rebounding,1,,,,,null,,,
3278,rebounding,1,,,,,null,,,
3279,rebounding,1,,,,,null,,,
3280,rebounding,1,,,,,null,,,
3281,rebounding,1,,,,,null,,,
3282,rebounding,1,,,,,null,,,
3283,rebounding,1,,,,,null,,,
3284,rebounding,1,,,,,null,,,
3285,rebounding,1,,,,,null,,,
3286,rebounding,1,,,,,null,,,
3287,rebounding,1,,,,,null,,,
3288,rebounding,1,,,,,null,,,
3289,rebounding,1,,,,,null,,,
3290,rebounding,1,,,,,null,,,
3291,rebounding,1,,,,,null,,,
3292,rebounding,1,,,,,null,,,
3293,rebounding,1,,,,,null,,,
3294,rebounding,1,,,,,null,,,
3295,rebounding,1,,,,,null,,,
3296,rebounding,1,,,,,null,,,
3297,rebounding,1,,,,,null,,,
3298,rebounding,1,,,,,null,,,
3299,rebounding,1,,,,,null,,,
3300,rebounding,1,,,,,null,,,
3301,rebounding,1,,,,,null,,,
3302,rebounding,1,,,,,null,,,
3303,rebounding,1,,,,,null,,,
3304,rebounding,1,,,,,null,,,
3305,rebounding,1,,,,,null,,,
3306,rebounding,1,,,,,null,,,
3307,rebounding,1,,,,,null,,,
3308,rebounding,1,,,,,null,,,
3309,rebounding,1,,,,,null,,,
3310,rebounding,1,,,,,null,,,
3311,rebounding,1,,,,,null,,,
3312,rebounding,1,,,,,null,,,
3313,rebounding,1,,,,,null,,,
3314,rebounding,1,,,,,null,,,
3315,rebounding,1,,,,,null,,,
3316,rebounding,1,,,,,null,,,
3317,rebounding,1,,,,,null,,,
3318,rebounding,1,,,,,null,,,
3319,rebounding,1,,,,,null,,,
3320,rebounding,1,,,,,null,,,
3321,rebounding,1,,,,,null,,,
3322,rebounding,1,,,,,null,,,
3323,rebounding,1,,,,,null,,,
3324,rebounding,1,,,,,null,,,
3325,rebounding,1,,,,,null,,,
3326,rebounding,1,,,,,null,,,
3327,rebounding,1,,,,,null,,,
3328,rebounding,1,,,,,null,,,
3329,rebounding,1,,,,,null,,,
3330,rebounding,1,,,,,null,,,
3331,rebounding,1,,,,,null,,,
3332,rebounding,1,,,,,null,,,
3333,rebounding,1,,,,,null,,,
3334,rebounding,1,,,,,null,,,
3335,rebounding,1,,,,,null,,,
3336,rebounding,1,,,,,null,,,
3337,rebounding,1,,,,,null,,,
3338,rebounding,1,,,,,null,,,
3339,rebounding,1,,,,,null,,,
3340,rebounding,1,,,,,null,,,
3341,rebounding,1,,,,,null,,,
3342,rebounding,1,,,,,null,,,
3343,rebounding,1,,,,,null,,,
3344,rebounding,1,,,,,null,,,
3345,rebounding,1,,,,,null,,,
3346,rebounding,1,,,,,null,,,
3347,rebounding,1,,,,,null,,,
3348,rebounding,1,,,,,null,,,
3349,rebounding,1,,,,,null,,,
3350,rebounding,1,,,,,null,,,
3351,rebounding,1,,,,,null,,,
3352,rebounding,1,,,,,null,,,
3353,rebounding,1,,,,,null,,,
3354,rebounding,1,,,,,null,,,
3355,rebounding,1,,,,,null,,,
3356,rebounding,1,,,,,null,,,
3357,rebounding,1,,,,,null,,,
3358,rebounding,1,,,,,null,,,
3359,rebounding,1,,,,,null,,,
3360,rebounding,1,,,,,null,,,
3361,rebounding,1,,,,,null,,,
3362,rebounding,1,,,,,null,,,
3363,rebounding,1,,,,,null,,,
3364,rebounding,1,,,,,null,,,
3365,rebounding,1,,,,,null,,,
3366,rebounding,1,,,,,null,,,
3367,rebounding,1,,,,,null,,,
3368,rebounding,1,,,,,null,,,
3369,rebounding,1,,,,,null,,,
3370,rebounding,1,,,,,null,,,
3371,rebounding,1,,,,,null,,,
3372,rebounding,1,,,,,null,,,
3373,rebounding,1,,,,,null,,,
3374,rebounding,1,,,,,null,,,
3375,rebounding,1,,,,,null,,,
3376,rebounding,1,,,,,null,,,
3377,rebounding,1,,,,,null,,,
3378,rebounding,1,,,,,null,,,
3379,rebounding,1,,,,,null,,,
3380,rebounding,1,,,,,null,,,
3381,rebounding,1,,,,,null,,,
3382,rebounding,1,,,,,null,,,
3383,rebounding,1,,,,,null,,,
3384,rebounding,1,,,,,null,,,
3385,rebounding,1,,,,,null,,,
3386,rebounding,1,,,,,null,,,
3387,rebounding,1,,,,,null,,,
3388,rebounding,1,,,,,null,,,
3389,rebounding,1,,,,,null,,,
3390,rebounding,1,,,,,null,,,
3391,rebounding,1,,,,,null,,,
3392,rebounding,1,,,,,null,,,
3393,rebounding,1,,,,,null,,,
3394,rebounding,1,,,,,null,,,
3395,rebounding,1,,,,,null,,,
3396,rebounding,1,,,,,null,,,
3397,rebounding,1,,,,,null,,,
3398,rebounding,1,,,,,null,,,
3399,rebounding,1,,,,,null,,,
3400,rebounding,1,,,,,null,,,
3401,rebounding,1,,,,,null,,,
3402,rebounding,1,,,,,null,,,
3403,rebounding,1,,,,,null,,,
3404,rebounding,1,,,,,null,,,
3405,rebounding,1,,,,,null,,,
3406,rebounding,1,,,,,null,,,
3407,rebounding,1,,,,,null,,,
3408,rebounding,1,,,,,null,,,
3409,rebounding,1,,,,,null,,,
3410,rebounding,1,,,,,null,,,
3411,rebounding,1,,,,,null,,,
3412,rebounding,1,,,,,null,,,
3413,rebounding,1,,,,,null,,,
3414,rebounding,1,,,,,null,,,
3415,rebounding,1,,,,,null,,,
3416,rebounding,1,,,,,null,,,
3417,rebounding,1,,,,,null,,,
3418,rebounding,1,,,,,null,,,
3419,rebounding,1,,,,,null,,,
3420,rebounding,1,,,,,null,,,
3421,rebounding,1,,,,,null,,,
3422,rebounding,1,,,,,null,,,
3423,rebounding,1,,,,,null,,,
3424,rebounding,1,,,,,null,,,
3425,rebounding,1,,,,,null,,,
3426,rebounding,1,,,,,null,,,
3427,rebounding,1,,,,,null,,,
3428,rebounding,1,,,,,null,,,
3429,rebounding,1,,,,,null,,,
3430,rebounding,1,,,,,null,,,
3431,rebounding,1,,,,,null,,,
3432,rebounding,1,,,,,null,,,
3433,rebounding,1,,,,,null,,,
3434,rebounding,1,,,,,null,,,
3435,rebounding,1,,,,,null,,,
3436,rebounding,1,,,,,null,,,
3437,rebounding,1,,,,,null,,,
3438,rebounding,1,,,,,null,,,
3439,rebounding,1,,,,,null,,,
3440,rebounding,1,,,,,null,,,
3441,rebounding,1,,,,,null,,,
3442,rebounding,1,,,,,null,,,
3443,rebounding,1,,,,,null,,,
3444,rebounding,1,,,,,null,,,
3445,rebounding,1,,,,,null,,,
3446,rebounding,1,,,,,null,,,
3447,rebounding,1,,,,,null,,,
3448,rebounding,1,,,,,null,,,
3449,rebounding,1,,,,,null,,,
3450,rebounding,1,,,,,null,,,
3451,rebounding,1,,,,,null,,,
3452,rebounding,1,,,,,null,,,
3453,rebounding,1,,,,,null,,,
3454,rebounding,1,,,,,null,,,
3455,rebounding,1,,,,,null,,,
3456,rebounding,1,,,,,null,,,
3457,rebounding,1,,,,,null,,,
3458,rebounding,1,,,,,null,,,
3459,rebounding,1,,,,,null,,,
3460,rebounding,1,,,,,null,,,
3461,rebounding,1,,,,,null,,,
3462,rebounding,1,,,,,null,,,
3463,rebounding,1,,,,,null,,,
3464,rebounding,1,,,,,null,,,
3465,rebounding,1,,,,,null,,,
3466,rebounding,1,,,,,null,,,
3467,rebounding,1,,,,,null,,,
3468,rebounding,1,,,,,null,,,
3469,rebounding,1,,,,,null,,,
3470,rebounding,1,,,,,null,,,
3471,rebounding,1,,,,,null,,,
3472,rebounding,1,,,,,null,,,
3473,rebounding,1,,,,,null,,,
3474,rebounding,1,,,,,null,,,
3475,rebounding,1,,,,,null,,,
3476,rebounding,1,,,,,null,,,
3477,rebounding,1,,,,,null,,,
3478,rebounding,1,,,,,null,,,
3479,rebounding,1,,,,,null,,,
3480,rebounding,1,,,,,null,,,
3481,rebounding,1,,,,,null,,,
3482,rebounding,1,,,,,null,,,
3483,rebounding,1,,,,,null,,,
3484,rebounding,1,,,,,null,,,
3485,rebounding,1,,,,,null,,,
3486,rebounding,1,,,,,null,,,
3487,rebounding,1,,,,,null,,,
3488,rebounding,1,,,,,null,,,
3489,rebounding,1,,,,,null,,,
3490,rebounding,1,,,,,null,,,
3491,rebounding,1,,,,,null,,,
3492,rebounding,1,,,,,null,,,
3493,rebounding,1,,,,,null,,,
3494,rebounding,1,,,,,null,,,
3495,rebounding,1,,,,,null,,,
3496,rebounding,1,,,,,null,,,
3497,rebounding,1,,,,,null,,,
3498,rebounding,1,,,,,null,,,
3499,rebounding,1,,,,,null,,,
3500,rebounding,1,,,,,null,,,
3501,rebounding,1,,,,,null,,,
3502,rebounding,1,,,,,null,,,
3503,rebounding,1,,,,,null,,,
3504,rebounding,1,,,,,null,,,
3505,rebounding,1,,,,,null,,,
3506,rebounding,1,,,,,null,,,
3507,rebounding,1,,,,,null,,,
3508,rebounding,1,,,,,null,,,
3509,rebounding,1,,,,,null,,,
3510,rebounding,1,,,,,null,,,
3511,rebounding,1,,,,,null,,,
3512,rebounding,1,,,,,null,,,
3513,rebounding,1,,,,,null,,,
3514,rebounding,1,,,,,null,,,
3515,rebounding,1,,,,,null,,,
3516,rebounding,1,,,,,null,,,
3517,rebounding,1,,,,,null,,,
3518,rebounding,1,,,,,null,,,
3519,rebounding,1,,,,,null,,,
3520,rebounding,1,,,,,null,,,
3521,rebounding,1,,,,,null,,,
3522,rebounding,1,,,,,null,,,
3523,rebounding,1,,,,,null,,,
3524,rebounding,1,,,,,null,,,
3525,rebounding,1,,,,,null,,,
3526,rebounding,1,,,,,null,,,
3527,rebounding,1,,,,,null,,,
3528,rebounding,1,,,,,null,,,
3529,rebounding,1,,,,,null,,,
3530,rebounding,1,,,,,null,,,
3531,rebounding,1,,,,,null,,,
3532,rebounding,1,,,,,null,,,
3533,rebounding,1,,,,,null,,,
3534,rebounding,1,,,,,null,,,
3535,rebounding,1,,,,,null,,,
3536,rebounding,1,,,,,null,,,
3537,rebounding,1,,,,,null,,,
3538,rebounding,1,,,,,null,,,
3539,rebounding,1,,,,,null,,,
3540,rebounding,1,,,,,null,,,
3541,rebounding,1,,,,,null,,,
3542,rebounding,1,,,,,null,,,
3543,rebounding,1,,,,,null,,,
3544,rebounding,1,,,,,null,,,
3545,rebounding,1,,,,,null,,,
3546,rebounding,1,,,,,null,,,
3547,rebounding,1,,,,,null,,,
3548,rebounding,1,,,,,null,,,
3549,rebounding,1,,,,,null,,,
3550,rebounding,1,,,,,null,,,
3551,rebounding,1,,,,,null,,,
3552,rebounding,1,,,,,null,,,
3553,rebounding,1,,,,,null,,,
3554,rebounding,1,,,,,null,,,
3555,rebounding,1,,,,,null,,,
3556,rebounding,1,,,,,null,,,
3557,rebounding,1,,,,,null,,,
3558,rebounding,1,,,,,null,,,
3559,rebounding,1,,,,,null,,,
3560,rebounding,1,,,,,null,,,
3561,rebounding,1,,,,,null,,,
3562,rebounding,1,,,,,null,,,
3563,rebounding,1,,,,,null,,,
3564,rebounding,1,,,,,null,,,
3565,rebounding,1,,,,,null,,,
3566,rebounding,1,,,,,null,,,
3567,rebounding,1,,,,,null,,,
3568,rebounding,1,,,,,null,,,
3569,rebounding,1,,,,,null,,,
3570,rebounding,1,,,,,null,,,
3571,rebounding,1,,,,,null,,,
3572,rebounding,1,,,,,null,,,
3573,rebounding,1,,,,,null,,,
3574,rebounding,1,,,,,null,,,
3575,rebounding,1,,,,,null,,,
3576,rebounding,1,,,,,null,,,
3577,rebounding,1,,,,,null,,,
3578,rebounding,1,,,,,null,,,
3579,rebounding,1,,,,,null,,,
3580,rebounding,1,,,,,null,,,
3581,rebounding,1,,,,,null,,,
3582,rebounding,1,,,,,null,,,
3583,rebounding,1,,,,,null,,,
3584,rebounding,1,,,,,null,,,
3585,rebounding,1,,,,,null,,,
3586,rebounding,1,,,,,null,,,
3587,rebounding,1,,,,,null,,,
3588,rebounding,1,,,,,null,,,
3589,rebounding,1,,,,,null,,,
3590,rebounding,1,,,,,null,,,
3591,rebounding,1,,,,,null,,,
3592,rebounding,1,,,,,null,,,
3593,rebounding,1,,,,,null,,,
3594,rebounding,1,,,,,null,,,
3595,rebounding,1,,,,,null,,,
3596,rebounding,1,,,,,null,,,
3597,rebounding,1,,,,,null,,,
3598,rebounding,1,,,,,null,,,
3599,rebounding,1,,,,,null,,,
3600,rebounding,1,,,,,null,,,
3601,rebounding,1,,,,,null,,,
3602,rebounding,1,,,,,null,,,
3603,rebounding,1,,,,,null,,,
3604,rebounding,1,,,,,null,,,
3605,rebounding,1,,,,,null,,,
3606,rebounding,1,,,,,null,,,
3607,rebounding,1,,,,,null,,,
3608,rebounding,1,,,,,null,,,
3609,rebounding,1,,,,,null,,,
3610,rebounding,1,,,,,null,,,
3611,rebounding,1,,,,,null,,,
3612,rebounding,1,,,,,null,,,
3613,rebounding,1,,,,,null,,,
3614,rebounding,1,,,,,null,,,
3615,rebounding,1,,,,,null,,,
3616,rebounding,1,,,,,null,,,
3617,rebounding,1,,,,,null,,,
3618,rebounding,1,,,,,null,,,
3619,rebounding,1,,,,,null,,,
3620,rebounding,1,,,,,null,,,
3621,rebounding,1,,,,,null,,,
3622,rebounding,1,,,,,null,,,
3623,rebounding,1,,,,,null,,,
3624,rebounding,1,,,,,null,,,
3625,rebounding,1,,,,,null,,,
3626,rebounding,1,,,,,null,,,
3627,rebounding,1,,,,,null,,,
3628,rebounding,1,,,,,null,,,
3629,rebounding,1,,,,,null,,,
3630,rebounding,1,,,,,null,,,
3631,rebounding,1,,,,,null,,,
3632,rebounding,1,,,,,null,,,
3633,rebounding,1,,,,,null,,,
3634,rebounding,1,,,,,null,,,
3635,rebounding,1,,,,,null,,,
3636,rebounding,1,,,,,null,,,
3637,rebounding,1,,,,,null,,,
3638,rebounding,1,,,,,null,,,
3639,rebounding,1,,,,,null,,,
3640,rebounding,1,,,,,null,,,
3641,rebounding,1,,,,,null,,,
3642,rebounding,1,,,,,null,,,
3643,rebounding,1,,,,,null,,,
3644,rebounding,1,,,,,null,,,
3645,rebounding,1,,,,,null,,,
3646,rebounding,1,,,,,null,,,
3647,rebounding,1,,,,,null,,,
3648,rebounding,1,,,,,null,,,
3649,rebounding,1,,,,,null,,,
3650,rebounding,1,,,,,null,,,
3651,rebounding,1,,,,,null,,,
3652,rebounding,1,,,,,null,,,
3653,rebounding,1,,,,,null,,,
3654,rebounding,1,,,,,null,,,
3655,rebounding,1,,,,,null,,,
3656,rebounding,1,,,,,null,,,
3657,rebounding,1,,,,,null,,,
3658,rebounding,1,,,,,null,,,
3659,rebounding,1,,,,,null,,,
3660,rebounding,1,,,,,null,,,
3661,rebounding,1,,,,,null,,,
3662,rebounding,1,,,,,null,,,
3663,rebounding,1,,,,,null,,,
3664,rebounding,1,,,,,null,,,
3665,rebounding,1,,,,,null,,,
3666,rebounding,1,,,,,null,,,
3667,rebounding,1,,,,,null,,,
3668,rebounding,1,,,,,null,,,
3669,rebounding,1,,,,,null,,,
3670,rebounding,1,,,,,null,,,
3671,rebounding,1,,,,,null,,,
3672,rebounding,1,,,,,null,,,
3673,rebounding,1,,,,,null,,,
3674,rebounding,1,,,,,null,,,
3675,rebounding,1,,,,,null,,,
3676,rebounding,1,,,,,null,,,
3677,rebounding,1,,,,,null,,,
3678,rebounding,1,,,,,null,,,
3679,rebounding,1,,,,,null,,,
3680,rebounding,1,,,,,null,,,
3681,rebounding,1,,,,,null,,,
3682,rebounding,1,,,,,null,,,
3683,rebounding,1,,,,,null,,,
3684,rebounding,1,,,,,null,,,
3685,rebounding,1,,,,,null,,,
3686,rebounding,1,,,,,null,,,
3687,rebounding,1,,,,,null,,,
3688,rebounding,1,,,,,null,,,
3689,rebounding,1,,,,,null,,,
3690,rebounding,1,,,,,null,,,
3691,rebounding,1,,,,,null,,,
3692,rebounding,1,,,,,null,,,
3693,rebounding,1,,,,,null,,,
3694,rebounding,1,,,,,null,,,
3695,rebounding,1,,,,,null,,,
3696,rebounding,1,,,,,null,,,
3697,rebounding,1,,,,,null,,,
3698,rebounding,1,,,,,null,,,
3699,rebounding,1,,,,,null,,,
3700,rebounding,1,,,,,null,,,
3701,rebounding,1,,,,,null,,,
3702,rebounding,1,,,,,null,,,
3703,rebounding,1,,,,,null,,,
3704,rebounding,1,,,,,null,,,
3705,rebounding,1,,,,,null,,,
3706,rebounding,1,,,,,null,,,
3707,rebounding,1,,,,,null,,,
3708,rebounding,1,,,,,null,,,
3709,rebounding,1,,,,,null,,,
3710,rebounding,1,,,,,null,,,
3711,rebounding,1,,,,,null,,,
3712,rebounding,1,,,,,null,,,
3713,rebounding,1,,,,,null,,,
3714,rebounding,1,,,,,null,,,
3715,rebounding,1,,,,,null,,,
3716,rebounding,1,,,,,null,,,
3717,rebounding,1,,,,,null,,,
3718,rebounding,1,,,,,null,,,
3719,rebounding,1,,,,,null,,,
3720,rebounding,1,,,,,null,,,
3721,rebounding,1,,,,,null,,,
3722,rebounding,1,,,,,null,,,
3723,rebounding,1,,,,,null,,,
3724,rebounding,1,,,,,null,,,
3725,rebounding,1,,,,,null,,,
3726,rebounding,1,,,,,null,,,
3727,rebounding,1,,,,,null,,,
3728,rebounding,1,,,,,null,,,
3729,rebounding,1,,,,,null,,,
3730,rebounding,1,,,,,null,,,
3731,rebounding,1,,,,,null,,,
3732,rebounding,1,,,,,null,,,
3733,rebounding,1,,,,,null,,,
3734,rebounding,1,,,,,null,,,
3735,rebounding,1,,,,,null,,,
3736,rebounding,1,,,,,null,,,
3737,rebounding,1,,,,,null,,,
3738,rebounding,1,,,,,null,,,
3739,rebounding,1,,,,,null,,,
3740,rebounding,1,,,,,null,,,
3741,rebounding,1,,,,,null,,,
3742,rebounding,1,,,,,null,,,
3743,rebounding,1,,,,,null,,,
3744,rebounding,1,,,,,null,,,
3745,rebounding,1,,,,,null,,,
3746,rebounding,1,,,,,null,,,
3747,rebounding,1,,,,,null,,,
3748,rebounding,1,,,,,null,,,
3749,rebounding,1,,,,,null,,,
3750,rebounding,1,,,,,null,,,
3751,rebounding,1,,,,,null,,,
3752,rebounding,1,,,,,null,,,
3753,rebounding,1,,,,,null,,,
3754,rebounding,1,,,,,null,,,
3755,rebounding,1,,,,,null,,,
3756,rebounding,1,,,,,null,,,
3757,rebounding,1,,,,,null,,,
3758,rebounding,1,,,,,null,,,
3759,rebounding,1,,,,,null,,,
3760,rebounding,1,,,,,null,,,
3761,rebounding,1,,,,,null,,,
3762,rebounding,1,,,,,null,,,
3763,rebounding,1,,,,,null,,,
3764,rebounding,1,,,,,null,,,
3765,rebounding,1,,,,,null,,,
3766,rebounding,1,,,,,null,,,
3767,rebounding,1,,,,,null,,,
3768,rebounding,1,,,,,null,,,
3769,rebounding,1,,,,,null,,,
3770,rebounding,1,,,,,null,,,
3771,rebounding,1,,,,,null,,,
3772,rebounding,1,,,,,null,,,
3773,rebounding,1,,,,,null,,,
3774,rebounding,1,,,,,null,,,
3775,rebounding,1,,,,,null,,,
3776,rebounding,1,,,,,null,,,
3777,rebounding,1,,,,,null,,,
3778,rebounding,1,,,,,null,,,
3779,rebounding,1,,,,,null,,,
3780,rebounding,1,,,,,null,,,
3781,rebounding,1,,,,,null,,,
3782,rebounding,1,,,,,null,,,
3783,rebounding,1,,,,,null,,,
3784,rebounding,1,,,,,null,,,
3785,rebounding,1,,,,,null,,,
3786,rebounding,1,,,,,null,,,
3787,rebounding,1,,,,,null,,,
3788,rebounding,1,,,,,null,,,
3789,rebounding,1,,,,,null,,,
3790,rebounding,1,,,,,null,,,
3791,rebounding,1,,,,,null,,,
3792,rebounding,1,,,,,null,,,
3793,rebounding,1,,,,,null,,,
3794,rebounding,1,,,,,null,,,
3795,rebounding,1,,,,,null,,,
3796,rebounding,1,,,,,null,,,
3797,rebounding,1,,,,,null,,,
3798,rebounding,1,,,,,null,,,
3799,rebounding,1,,,,,null,,,
3800,rebounding,1,,,,,null,,,
3801,rebounding,1,,,,,null,,,
3802,rebounding,1,,,,,null,,,
3803,rebounding,1,,,,,null,,,
3804,rebounding,1,,,,,null,,,
3805,rebounding,1,,,,,null,,,
3806,rebounding,1,,,,,null,,,
3807,rebounding,1,,,,,null,,,
3808,rebounding,1,,,,,null,,,
3809,rebounding,1,,,,,null,,,
3810,rebounding,1,,,,,null,,,
3811,rebounding,1,,,,,null,,,
3812,rebounding,1,,,,,null,,,
3813,rebounding,1,,,,,null,,,
3814,rebounding,1,,,,,null,,,
3815,rebounding,1,,,,,null,,,
3816,rebounding,1,,,,,null,,,
3817,rebounding,1,,,,,null,,,
3818,rebounding,1,,,,,null,,,
3819,rebounding,1,,,,,null,,,
3820,rebounding,1,,,,,null,,,
3821,rebounding,1,,,,,null,,,
3822,rebounding,1,,,,,null,,,
3823,rebounding,1,,,,,null,,,
3824,rebounding,1,,,,,null,,,
3825,rebounding,1,,,,,null,,,
3826,rebounding,1,,,,,null,,,
3827,rebounding,1,,,,,null,,,
3828,rebounding,1,,,,,null,,,
3829,rebounding,1,,,,,null,,,
3830,rebounding,1,,,,,null,,,
3831,rebounding,1,,,,,null,,,
3832,rebounding,1,,,,,null,,,
3833,rebounding,1,,,,,null,,,
3834,rebounding,1,,,,,null,,,
3835,rebounding,1,,,,,null,,,
3836,rebounding,1,,,,,null,,,
3837,rebounding,1,,,,,null,,,
3838,rebounding,1,,,,,null,,,
3839,rebounding,1,,,,,null,,,
3840,rebounding,1,,,,,null,,,
3841,rebounding,1,,,,,null,,,
3842,rebounding,1,,,,,null,,,
3843,rebounding,1,,,,,null,,,
3844,rebounding,1,,,,,null,,,
3845,rebounding,1,,,,,null,,,
3846,rebounding,1,,,,,null,,,
3847,rebounding,1,,,,,null,,,
3848,rebounding,1,,,,,null,,,
3849,rebounding,1,,,,,null,,,
3850,rebounding,1,,,,,null,,,
3851,rebounding,1,,,,,null,,,
3852,rebounding,1,,,,,null,,,
3853,rebounding,1,,,,,null,,,
3854,rebounding,1,,,,,null,,,
3855,rebounding,1,,,,,null,,,
3856,rebounding,1,,,,,null,,,
3857,rebounding,1,,,,,null,,,
3858,rebounding,1,,,,,null,,,
3859,rebounding,1,,,,,null,,,
3860,rebounding,1,,,,,null,,,
3861,rebounding,1,,,,,null,,,
3862,rebounding,1,,,,,null,,,
3863,rebounding,1,,,,,null,,,
3864,rebounding,1,,,,,null,,,
3865,rebounding,1,,,,,null,,,
3866,rebounding,1,,,,,null,,,
3867,rebounding,1,,,,,null,,,
3868,rebounding,1,,,,,null,,,
3869,rebounding,1,,,,,null,,,
3870,rebounding,1,,,,,null,,,
3871,rebounding,1,,,,,null,,,
3872,rebounding,1,,,,,null,,,
3873,rebounding,1,,,,,null,,,
3874,rebounding,1,,,,,null,,,
3875,rebounding,1,,,,,null,,,
3876,rebounding,1,,,,,null,,,
3877,rebounding,1,,,,,null,,,
3878,rebounding,1,,,,,null,,,
3879,rebounding,1,,,,,null,,,
3880,rebounding,1,,,,,null,,,
3881,rebounding,1,,,,,null,,,
3882,rebounding,1,,,,,null,,,
3883,rebounding,1,,,,,null,,,
3884,rebounding,1,,,,,null,,,
3885,rebounding,1,,,,,null,,,
3886,rebounding,1,,,,,null,,,
3887,rebounding,1,,,,,null,,,
3888,rebounding,1,,,,,null,,,
3889,rebounding,1,,,,,null,,,
3890,rebounding,1,,,,,null,,,
3891,rebounding,1,,,,,null,,,
3892,rebounding,1,,,,,null,,,
3893,rebounding,1,,,,,null,,,
3894,rebounding,1,,,,,null,,,
3895,rebounding,1,,,,,null,,,
3896,rebounding,1,,,,,null,,,
3897,rebounding,1,,,,,null,,,
3898,rebounding,1,,,,,null,,,
3899,rebounding,1,,,,,null,,,
3900,rebounding,1,,,,,null,,,
3901,rebounding,1,,,,,null,,,
3902,rebounding,1,,,,,null,,,
3903,rebounding,1,,,,,null,,,
3904,rebounding,1,,,,,null,,,
3905,rebounding,1,,,,,null,,,
3906,rebounding,1,,,,,null,,,
3907,rebounding,1,,,,,null,,,
3908,rebounding,1,,,,,null,,,
3909,rebounding,1,,,,,null,,,
3910,rebounding,1,,,,,null,,,
3911,rebounding,1,,,,,null,,,
3912,rebounding,1,,,,,null,,,
3913,rebounding,1,,,,,null,,,
3914,rebounding,1,,,,,null,,,
3915,rebounding,1,,,,,null,,,
3916,rebounding,1,,,,,null,,,
3917,rebounding,1,,,,,null,,,
3918,rebounding,1,,,,,null,,,
3919,rebounding,1,,,,,null,,,
3920,rebounding,1,,,,,null,,,
3921,rebounding,1,,,,,null,,,
3922,rebounding,1,,,,,null,,,
3923,rebounding,1,,,,,null,,,
3924,rebounding,1,,,,,null,,,
3925,rebounding,1,,,,,null,,,
3926,rebounding,1,,,,,null,,,
3927,rebounding,1,,,,,null,,,
3928,rebounding,1,,,,,null,,,
3929,rebounding,1,,,,,null,,,
3930,rebounding,1,,,,,null,,,
3931,rebounding,1,,,,,null,,,
3932,rebounding,1,,,,,null,,,
3933,rebounding,1,,,,,null,,,
3934,rebounding,1,,,,,null,,,
3935,rebounding,1,,,,,null,,,
3936,rebounding,1,,,,,null,,,
3937,rebounding,1,,,,,null,,,
3938,rebounding,1,,,,,null,,,
3939,rebounding,1,,,,,null,,,
3940,rebounding,1,,,,,null,,,
3941,rebounding,1,,,,,null,,,
3942,rebounding,1,,,,,null,,,
3943,rebounding,1,,,,,null,,,
3944,rebounding,1,,,,,null,,,
3945,rebounding,1,,,,,null,,,
3946,rebounding,1,,,,,null,,,
3947,rebounding,1,,,,,null,,,
3948,rebounding,1,,,,,null,,,
3949,rebounding,1,,,,,null,,,
3950,rebounding,1,,,,,null,,,
3951,rebounding,1,,,,,null,,,
3952,rebounding,1,,,,,null,,,
3953,rebounding,1,,,,,null,,,
3954,rebounding,1,,,,,null,,,
3955,rebounding,1,,,,,null,,,
3956,rebounding,1,,,,,null,,,
3957,rebounding,1,,,,,null,,,
3958,rebounding,1,,,,,null,,,
3959,rebounding,1,,,,,null,,,
3960,rebounding,1,,,,,null,,,
3961,rebounding,1,,,,,null,,,
3962,rebounding,1,,,,,null,,,
3963,rebounding,1,,,,,null,,,
3964,rebounding,1,,,,,null,,,
3965,rebounding,1,,,,,null,,,
3966,rebounding,1,,,,,null,,,
3967,rebounding,1,,,,,null,,,
3968,rebounding,1,,,,,null,,,
3969,rebounding,1,,,,,null,,,
3970,rebounding,1,,,,,null,,,
3971,rebounding,1,,,,,null,,,
3972,rebounding,1,,,,,null,,,
3973,rebounding,1,,,,,null,,,
3974,rebounding,1,,,,,null,,,
3975,rebounding,1,,,,,null,,,
3976,rebounding,1,,,,,null,,,
3977,rebounding,1,,,,,null,,,
3978,rebounding,1,,,,,null,,,
3979,rebounding,1,,,,,null,,,
3980,rebounding,1,,,,,null,,,
3981,rebounding,1,,,,,null,,,
3982,rebounding,1,,,,,null,,,
3983,rebounding,1,,,,,null,,,
3984,rebounding,1,,,,,null,,,
3985,rebounding,1,,,,,null,,,
3986,rebounding,1,,,,,null,,,
3987,rebounding,1,,,,,null,,,
3988,rebounding,1,,,,,null,,,
3989,rebounding,1,,,,,null,,,
3990,rebounding,1,,,,,null,,,
3991,rebounding,1,,,,,null,,,
3992,rebounding,1,,,,,null,,,
3993,rebounding,1,,,,,null,,,
3994,rebounding,1,,,,,null,,,
3995,rebounding,1,,,,,null,,,
3996,rebounding,1,,,,,null,,,
3997,rebounding,1,,,,,null,,,
3998,rebounding,1,,,,,null,,,
3999,rebounding,1,,,,,null,,,
4000,rebounding,1,,,,,null,,,
4001,rebounding,1,,,,,null,,,
4002,rebounding,1,,,,,null,,,
4003,rebounding,1,,,,,null,,,
4004,rebounding,1,,,,,null,,,
4005,rebounding,1,,,,,null,,,
4006,rebounding,1,,,,,null,,,
4007,rebounding,1,,,,,null,,,
4008,rebounding,1,,,,,null,,,
4009,rebounding,1,,,,,null,,,
4010,rebounding,1,,,,,null,,,
4011,rebounding,1,,,,,null,,,
4012,rebounding,1,,,,,null,,,
4013,rebounding,1,,,,,null,,,
4014,rebounding,1,,,,,null,,,
4015,rebounding,1,,,,,null,,,
4016,rebounding,1,,,,,null,,,
4017,rebounding,1,,,,,null,,,
4018,rebounding,1,,,,,null,,,
4019,rebounding,1,,,,,null,,,
4020,rebounding,1,,,,,null,,,
4021,rebounding,1,,,,,null,,,
4022,rebounding,1,,,,,null,,,
4023,rebounding,1,,,,,null,,,
4024,rebounding,1,,,,,null,,,
4025,rebounding,1,,,,,null,,,
4026,rebounding,1,,,,,null,,,
4027,rebounding,1,,,,,null,,,
4028,rebounding,1,,,,,null,,,
4029,rebounding,1,,,,,null,,,
4030,rebounding,1,,,,,null,,,
4031,rebounding,1,,,,,null,,,
4032,rebounding,1,,,,,null,,,
4033,rebounding,1,,,,,null,,,
4034,rebounding,1,,,,,null,,,
4035,rebounding,1,,,,,null,,,
4036,rebounding,1,,,,,null,,,
4037,rebounding,1,,,,,null,,,
4038,rebounding,1,,,,,null,,,
4039,rebounding,1,,,,,null,,,
4040,rebounding,1,,,,,null,,,
4041,rebounding,1,,,,,null,,,
4042,rebounding,1,,,,,null,,,
4043,rebounding,1,,,,,null,,,
4044,rebounding,1,,,,,null,,,
4045,rebounding,1,,,,,null,,,
4046,rebounding,1,,,,,null,,,
4047,rebounding,1,,,,,null,,,
4048,rebounding,1,,,,,null,,,
4049,rebounding,1,,,,,null,,,
4050,rebounding,1,,,,,null,,,
4051,rebounding,1,,,,,null,,,
4052,rebounding,1,,,,,null,,,
4053,rebounding,1,,,,,null,,,
4054,rebounding,1,,,,,null,,,
4055,rebounding,1,,,,,null,,,
4056,rebounding,1,,,,,null,,,
4057,rebounding,1,,,,,null,,,
4058,rebounding,1,,,,,null,,,
4059,rebounding,1,,,,,null,,,
4060,rebounding,1,,,,,null,,,
4061,rebounding,1,,,,,null,,,
4062,rebounding,1,,,,,null,,,
4063,rebounding,1,,,,,null,,,
4064,rebounding,1,,,,,null,,,
4065,rebounding,1,,,,,null,,,
4066,rebounding,1,,,,,null,,,
4067,rebounding,1,,,,,null,,,
4068,rebounding,1,,,,,null,,,
4069,rebounding,1,,,,,null,,,
4070,rebounding,1,,,,,null,,,
4071,rebounding,1,,,,,null,,,
4072,rebounding,1,,,,,null,,,
4073,rebounding,1,,,,,null,,,
4074,rebounding,1,,,,,null,,,
4075,rebounding,1,,,,,null,,,
4076,rebounding,1,,,,,null,,,
4077,rebounding,1,,,,,null,,,
4078,rebounding,1,,,,,null,,,
4079,rebounding,1,,,,,null,,,
4080,rebounding,1,,,,,null,,,
4081,rebounding,1,,,,,null,,,
4082,rebounding,1,,,,,null,,,
4083,rebounding,1,,,,,null,,,
4084,rebounding,1,,,,,null,,,
4085,rebounding,1,,,,,null,,,
4086,rebounding,1,,,,,null,,,
4087,rebounding,1,,,,,null,,,
4088,rebounding,1,,,,,null,,,
4089,rebounding,1,,,,,null,,,
4090,rebounding,1,,,,,null,,,
4091,rebounding,1,,,,,null,,,
4092,rebounding,1,,,,,null,,,
4093,rebounding,1,,,,,null,,,
4094,rebounding,1,,,,,null,,,
4095,rebounding,1,,,,,null,,,
4096,rebounding,1,,,,,null,,,
4097,rebounding,1,,,,,null,,,
4098,rebounding,1,,,,,null,,,
4099,rebounding,1,,,,,null,,,
4100,rebounding,1,,,,,null,,,
4101,rebounding,1,,,,,null,,,
4102,rebounding,1,,,,,null,,,
4103,rebounding,1,,,,,null,,,
4104,rebounding,1,,,,,null,,,
4105,rebounding,1,,,,,null,,,
4106,rebounding,1,,,,,null,,,
4107,rebounding,1,,,,,null,,,
4108,rebounding,1,,,,,null,,,
4109,rebounding,1,,,,,null,,,
4110,rebounding,1,,,,,null,,,
4111,rebounding,1,,,,,null,,,
4112,rebounding,1,,,,,null,,,
4113,rebounding,1,,,,,null,,,
4114,rebounding,1,,,,,null,,,
4115,rebounding,1,,,,,null,,,
4116,rebounding,1,,,,,null,,,
4117,rebounding,1,,,,,null,,,
4118,rebounding,1,,,,,null,,,
4119,rebounding,1,,,,,null,,,
4120,rebounding,1,,,,,null,,,
4121,rebounding,1,,,,,null,,,
4122,rebounding,1,,,,,null,,,
4123,rebounding,1,,,,,null,,,
4124,rebounding,1,,,,,null,,,
4125,rebounding,1,,,,,null,,,
4126,rebounding,1,,,,,null,,,
4127,rebounding,1,,,,,null,,,
4128,rebounding,1,,,,,null,,,
4129,rebounding,1,,,,,null,,,
4130,rebounding,1,,,,,null,,,
4131,rebounding,1,,,,,null,,,
4132,rebounding,1,,,,,null,,,
4133,rebounding,1,,,,,null,,,
4134,rebounding,1,,,,,null,,,
4135,rebounding,1,,,,,null,,,
4136,rebounding,1,,,,,null,,,
4137,rebounding,1,,,,,null,,,
4138,rebounding,1,,,,,null,,,
4139,rebounding,1,,,,,null,,,
4140,rebounding,1,,,,,null,,,
4141,rebounding,1,,,,,null,,,
4142,rebounding,1,,,,,null,,,
4143,rebounding,1,,,,,null,,,
4144,rebounding,1,,,,,null,,,
4145,rebounding,1,,,,,null,,,
4146,rebounding,1,,,,,null,,,
4147,rebounding,1,,,,,null,,,
4148,rebounding,1,,,,,null,,,
4149,rebounding,1,,,,,null,,,
4150,rebounding,1,,,,,null,,,
4151,rebounding,1,,,,,null,,,
4152,rebounding,1,,,,,null,,,
4153,rebounding,1,,,,,null,,,
4154,rebounding,1,,,,,null,,,
4155,rebounding,1,,,,,null,,,
4156,rebounding,1,,,,,null,,,
4157,rebounding,1,,,,,null,,,
4158,rebounding,1,,,,,null,,,
4159,rebounding,1,,,,,null,,,
4160,rebounding,1,,,,,null,,,
4161,rebounding,1,,,,,null,,,
4162,rebounding,1,,,,,null,,,
4163,rebounding,1,,,,,null,,,
4164,rebounding,1,,,,,null,,,
4165,rebounding,1,,,,,null,,,
4166,rebounding,1,,,,,null,,,
4167,rebounding,1,,,,,null,,,
4168,rebounding,1,,,,,null,,,
4169,rebounding,1,,,,,null,,,
4170,rebounding,1,,,,,null,,,
4171,rebounding,1,,,,,null,,,
4172,rebounding,1,,,,,null,,,
4173,rebounding,1,,,,,null,,,
4174,rebounding,1,,,,,null,,,
4175,rebounding,1,,,,,null,,,
4176,rebounding,1,,,,,null,,,
4177,rebounding,1,,,,,null,,,
4178,rebounding,1,,,,,null,,,
4179,rebounding,1,,,,,null,,,
4180,rebounding,1,,,,,null,,,
4181,rebounding,1,,,,,null,,,
4182,rebounding,1,,,,,null,,,
4183,rebounding,1,,,,,null,,,
4184,rebounding,1,,,,,null,,,
4185,rebounding,1,,,,,null,,,
4186,rebounding,1,,,,,null,,,
4187,rebounding,1,,,,,null,,,
4188,rebounding,1,,,,,null,,,
4189,rebounding,1,,,,,null,,,
4190,rebounding,1,,,,,null,,,
4191,rebounding,1,,,,,null,,,
4192,rebounding,1,,,,,null,,,
4193,rebounding,1,,,,,null,,,
4194,rebounding,1,,,,,null,,,
4195,rebounding,1,,,,,null,,,
4196,rebounding,1,,,,,null,,,
4197,rebounding,1,,,,,null,,,
4198,rebounding,1,,,,,null,,,
4199,rebounding,1,,,,,null,,,
4200,rebounding,1,,,,,null,,,
4201,rebounding,1,,,,,null,,,
4202,rebounding,1,,,,,null,,,
4203,rebounding,1,,,,,null,,,
4204,rebounding,1,,,,,null,,,
4205,rebounding,1,,,,,null,,,
4206,rebounding,1,,,,,null,,,
4207,rebounding,1,,,,,null,,,
4208,rebounding,1,,,,,null,,,
4209,rebounding,1,,,,,null,,,
4210,rebounding,1,,,,,null,,,
4211,rebounding,1,,,,,null,,,
4212,rebounding,1,,,,,null,,,
4213,rebounding,1,,,,,null,,,
4214,rebounding,1,,,,,null,,,
4215,rebounding,1,,,,,null,,,
4216,rebounding,1,,,,,null,,,
4217,rebounding,1,,,,,null,,,
4218,rebounding,1,,,,,null,,,
4219,rebounding,1,,,,,null,,,
4220,rebounding,1,,,,,null,,,
4221,rebounding,1,,,,,null,,,
4222,rebounding,1,,,,,null,,,
4223,rebounding,1,,,,,null,,,
4224,rebounding,1,,,,,null,,,
4225,rebounding,1,,,,,null,,,
4226,rebounding,1,,,,,null,,,
4227,rebounding,1,,,,,null,,,
4228,rebounding,1,,,,,null,,,
4229,rebounding,1,,,,,null,,,
4230,rebounding,1,,,,,null,,,
4231,rebounding,1,,,,,null,,,
4232,rebounding,1,,,,,null,,,
4233,rebounding,1,,,,,null,,,
4234,rebounding,1,,,,,null,,,
4235,rebounding,1,,,,,null,,,
4236,rebounding,1,,,,,null,,,
4237,rebounding,1,,,,,null,,,
4238,rebounding,1,,,,,null,,,
4239,rebounding,1,,,,,null,,,
4240,rebounding,1,,,,,null,,,
4241,rebounding,1,,,,,null,,,
4242,rebounding,1,,,,,null,,,
4243,rebounding,1,,,,,null,,,
4244,rebounding,1,,,,,null,,,
4245,rebounding,1,,,,,null,,,
4246,rebounding,1,,,,,null,,,
4247,rebounding,1,,,,,null,,,
4248,rebounding,1,,,,,null,,,
4249,rebounding,1,,,,,null,,,
4250,rebounding,1,,,,,null,,,
4251,rebounding,1,,,,,null,,,
4252,rebounding,1,,,,,null,,,
4253,rebounding,1,,,,,null,,,
4254,rebounding,1,,,,,null,,,
4255,rebounding,1,,,,,null,,,
4256,rebounding,1,,,,,null,,,
4257,rebounding,1,,,,,null,,,
4258,rebounding,1,,,,,null,,,
4259,rebounding,1,,,,,null,,,
4260,rebounding,1,,,,,null,,,
4261,rebounding,1,,,,,null,,,
4262,rebounding,1,,,,,null,,,
4263,rebounding,1,,,,,null,,,
4264,rebounding,1,,,,,null,,,
4265,rebounding,1,,,,,null,,,
4266,rebounding,1,,,,,null,,,
4267,rebounding,1,,,,,null,,,
4268,rebounding,1,,,,,null,,,
4269,rebounding,1,,,,,null,,,
4270,rebounding,1,,,,,null,,,
4271,rebounding,1,,,,,null,,,
4272,rebounding,1,,,,,null,,,
4273,rebounding,1,,,,,null,,,
4274,rebounding,1,,,,,null,,,
4275,rebounding,1,,,,,null,,,
4276,rebounding,1,,,,,null,,,
4277,rebounding,1,,,,,null,,,
4278,rebounding,1,,,,,null,,,
4279,rebounding,1,,,,,null,,,
4280,rebounding,1,,,,,null,,,
4281,rebounding,1,,,,,null,,,
4282,rebounding,1,,,,,null,,,
4283,rebounding,1,,,,,null,,,
4284,rebounding,1,,,,,null,,,
4285,rebounding,1,,,,,null,,,
4286,rebounding,1,,,,,null,,,
4287,rebounding,1,,,,,null,,,
4288,rebounding,1,,,,,null,,,
4289,rebounding,1,,,,,null,,,
4290,rebounding,1,,,,,null,,,
4291,rebounding,1,,,,,null,,,
4292,rebounding,1,,,,,null,,,
4293,rebounding,1,,,,,null,,,
4294,rebounding,1,,,,,null,,,
4295,rebounding,1,,,,,null,,,
4296,rebounding,1,,,,,null,,,
4297,rebounding,1,,,,,null,,,
4298,rebounding,1,,,,,null,,,
4299,rebounding,1,,,,,null,,,
4300,rebounding,1,,,,,null,,,
4301,rebounding,1,,,,,null,,,
4302,rebounding,1,,,,,null,,,
4303,rebounding,1,,,,,null,,,
4304,rebounding,1,,,,,null,,,
4305,rebounding,1,,,,,null,,,
4306,rebounding,1,,,,,null,,,
4307,rebounding,1,,,,,null,,,
4308,rebounding,1,,,,,null,,,
4309,rebounding,1,,,,,null,,,
4310,rebounding,1,,,,,null,,,
4311,rebounding,1,,,,,null,,,
4312,rebounding,1,,,,,null,,,
4313,rebounding,1,,,,,null,,,
4314,rebounding,1,,,,,null,,,
4315,rebounding,1,,,,,null,,,
4316,rebounding,1,,,,,null,,,
4317,rebounding,1,,,,,null,,,
4318,rebounding,1,,,,,null,,,
4319,rebounding,1,,,,,null,,,
4320,rebounding,1,,,,,null,,,
4321,rebounding,1,,,,,null,,,
4322,rebounding,1,,,,,null,,,
4323,rebounding,1,,,,,null,,,
4324,rebounding,1,,,,,null,,,
4325,rebounding,1,,,,,null,,,
4326,rebounding,1,,,,,null,,,
4327,rebounding,1,,,,,null,,,
4328,rebounding,1,,,,,null,,,
4329,rebounding,1,,,,,null,,,
4330,rebounding,1,,,,,null,,,
4331,rebounding,1,,,,,null,,,
4332,rebounding,1,,,,,null,,,
4333,rebounding,1,,,,,null,,,
4334,rebounding,1,,,,,null,,,
4335,rebounding,1,,,,,null,,,
4336,rebounding,1,,,,,null,,,
4337,rebounding,1,,,,,null,,,
4338,rebounding,1,,,,,null,,,
4339,rebounding,1,,,,,null,,,
4340,rebounding,1,,,,,null,,,
4341,rebounding,1,,,,,null,,,
4342,rebounding,1,,,,,null,,,
4343,rebounding,1,,,,,null,,,
4344,rebounding,1,,,,,null,,,
4345,rebounding,1,,,,,null,,,
4346,rebounding,1,,,,,null,,,
4347,rebounding,1,,,,,null,,,
4348,rebounding,1,,,,,null,,,
4349,rebounding,1,,,,,null,,,
4350,rebounding,1,,,,,null,,,
4351,rebounding,1,,,,,null,,,
4352,rebounding,1,,,,,null,,,
4353,rebounding,1,,,,,null,,,
4354,rebounding,1,,,,,null,,,
4355,rebounding,1,,,,,null,,,
4356,rebounding,1,,,,,null,,,
4357,rebounding,1,,,,,null,,,
4358,rebounding,1,,,,,null,,,
4359,rebounding,1,,,,,null,,,
4360,rebounding,1,,,,,null,,,
4361,rebounding,1,,,,,null,,,
4362,rebounding,1,,,,,null,,,
4363,rebounding,1,,,,,null,,,
4364,rebounding,1,,,,,null,,,
4365,rebounding,1,,,,,null,,,
4366,rebounding,1,,,,,null,,,
4367,rebounding,1,,,,,null,,,
4368,rebounding,1,,,,,null,,,
4369,rebounding,1,,,,,null,,,
4370,rebounding,1,,,,,null,,,
4371,rebounding,1,,,,,null,,,
4372,rebounding,1,,,,,null,,,
4373,rebounding,1,,,,,null,,,
4374,rebounding,1,,,,,null,,,
4375,rebounding,1,,,,,null,,,
4376,rebounding,1,,,,,null,,,
4377,rebounding,1,,,,,null,,,
4378,rebounding,1,,,,,null,,,
4379,rebounding,1,,,,,null,,,
4380,rebounding,1,,,,,null,,,
4381,rebounding,1,,,,,null,,,
4382,rebounding,1,,,,,null,,,
4383,rebounding,1,,,,,null,,,
4384,rebounding,1,,,,,null,,,
4385,rebounding,1,,,,,null,,,
4386,rebounding,1,,,,,null,,,
4387,rebounding,1,,,,,null,,,
4388,rebounding,1,,,,,null,,,
4389,rebounding,1,,,,,null,,,
4390,rebounding,1,,,,,null,,,
4391,rebounding,1,,,,,null,,,
4392,rebounding,1,,,,,null,,,
4393,rebounding,1,,,,,null,,,
4394,rebounding,1,,,,,null,,,
4395,rebounding,1,,,,,null,,,
4396,rebounding,1,,,,,null,,,
4397,rebounding,1,,,,,null,,,
4398,rebounding,1,,,,,null,,,
4399,rebounding,1,,,,,null,,,
4400,rebounding,1,,,,,null,,,
4401,rebounding,1,,,,,null,,,
4402,rebounding,1,,,,,null,,,
4403,rebounding,1,,,,,null,,,
4404,rebounding,1,,,,,null,,,
4405,rebounding,1,,,,,null,,,
4406,rebounding,1,,,,,null,,,
4407,rebounding,1,,,,,null,,,
4408,rebounding,1,,,,,null,,,
4409,rebounding,1,,,,,null,,,
4410,rebounding,1,,,,,null,,,
4411,rebounding,1,,,,,null,,,
4412,rebounding,1,,,,,null,,,
4413,rebounding,1,,,,,null,,,
4414,rebounding,1,,,,,null,,,
4415,rebounding,1,,,,,null,,,
4416,rebounding,1,,,,,null,,,
4417,rebounding,1,,,,,null,,,
4418,rebounding,1,,,,,null,,,
4419,rebounding,1,,,,,null,,,
4420,rebounding,1,,,,,null,,,
4421,rebounding,1,,,,,null,,,
4422,rebounding,1,,,,,null,,,
4423,rebounding,1,,,,,null,,,
4424,rebounding,1,,,,,null,,,
4425,rebounding,1,,,,,null,,,
4426,rebounding,1,,,,,null,,,
4427,rebounding,1,,,,,null,,,
4428,rebounding,1,,,,,null,,,
4429,rebounding,1,,,,,null,,,
4430,rebounding,1,,,,,null,,,
4431,rebounding,1,,,,,null,,,
4432,rebounding,1,,,,,null,,,
4433,rebounding,1,,,,,null,,,
4434,rebounding,1,,,,,null,,,
4435,rebounding,1,,,,,null,,,
4436,rebounding,1,,,,,null,,,
4437,rebounding,1,,,,,null,,,
4438,rebounding,1,,,,,null,,,
4439,rebounding,1,,,,,null,,,
4440,rebounding,1,,,,,null,,,
4441,rebounding,1,,,,,null,,,
4442,rebounding,1,,,,,null,,,
4443,rebounding,1,,,,,null,,,
4444,rebounding,1,,,,,null,,,
4445,rebounding,1,,,,,null,,,
4446,rebounding,1,,,,,null,,,
4447,rebounding,1,,,,,null,,,
4448,rebounding,1,,,,,null,,,
4449,rebounding,1,,,,,null,,,
4450,rebounding,1,,,,,null,,,
4451,rebounding,1,,,,,null,,,
4452,rebounding,1,,,,,null,,,
4453,rebounding,1,,,,,null,,,
4454,rebounding,1,,,,,null,,,
4455,rebounding,1,,,,,null,,,
4456,rebounding,1,,,,,null,,,
4457,rebounding,1,,,,,null,,,
4458,rebounding,1,,,,,null,,,
4459,rebounding,1,,,,,null,,,
4460,rebounding,1,,,,,null,,,
4461,rebounding,1,,,,,null,,,
4462,rebounding,1,,,,,null,,,
4463,rebounding,1,,,,,null,,,
4464,rebounding,1,,,,,null,,,
4465,rebounding,1,,,,,null,,,
4466,rebounding,1,,,,,null,,,
4467,rebounding,1,,,,,null,,,
4468,rebounding,1,,,,,null,,,
4469,rebounding,1,,,,,null,,,
4470,rebounding,1,,,,,null,,,
4471,rebounding,1,,,,,null,,,
4472,rebounding,1,,,,,null,,,
4473,rebounding,1,,,,,null,,,
4474,rebounding,1,,,,,null,,,
4475,rebounding,1,,,,,null,,,
4476,rebounding,1,,,,,null,,,
4477,rebounding,1,,,,,null,,,
4478,rebounding,1,,,,,null,,,
4479,rebounding,1,,,,,null,,,
4480,rebounding,1,,,,,null,,,
4481,rebounding,1,,,,,null,,,
4482,rebounding,1,,,,,null,,,
4483,rebounding,1,,,,,null,,,
4484,rebounding,1,,,,,null,,,
4485,rebounding,1,,,,,null,,,
4486,rebounding,1,,,,,null,,,
4487,rebounding,1,,,,,null,,,
4488,rebounding,1,,,,,null,,,
4489,rebounding,1,,,,,null,,,
4490,rebounding,1,,,,,null,,,
4491,rebounding,1,,,,,null,,,
4492,rebounding,1,,,,,null,,,
4493,rebounding,1,,,,,null,,,
4494,rebounding,1,,,,,null,,,
4495,rebounding,1,,,,,null,,,
4496,rebounding,1,,,,,null,,,
4497,rebounding,1,,,,,null,,,
4498,rebounding,1,,,,,null,,,
4499,rebounding,1,,,,,null,,,
4500,rebounding,1,,,,,null,,,
4501,rebounding,1,,,,,null,,,
4502,rebounding,1,,,,,null,,,
4503,rebounding,1,,,,,null,,,
4504,rebounding,1,,,,,null,,,
4505,rebounding,1,,,,,null,,,
4506,rebounding,1,,,,,null,,,
4507,rebounding,1,,,,,null,,,
4508,rebounding,1,,,,,null,,,
4509,rebounding,1,,,,,null,,,
4510,rebounding,1,,,,,null,,,
4511,rebounding,1,,,,,null,,,
4512,rebounding,1,,,,,null,,,
4513,rebounding,1,,,,,null,,,
4514,rebounding,1,,,,,null,,,
4515,rebounding,1,,,,,null,,,
4516,rebounding,1,,,,,null,,,
4517,rebounding,1,,,,,null,,,
4518,rebounding,1,,,,,null,,,
4519,rebounding,1,,,,,null,,,
4520,rebounding,1,,,,,null,,,
4521,rebounding,1,,,,,null,,,
4522,rebounding,1,,,,,null,,,
4523,rebounding,1,,,,,null,,,
4524,rebounding,1,,,,,null,,,
4525,rebounding,1,,,,,null,,,
4526,rebounding,1,,,,,null,,,
4527,rebounding,1,,,,,null,,,
4528,rebounding,1,,,,,null,,,
4529,rebounding,1,,,,,null,,,
4530,rebounding,1,,,,,null,,,
4531,rebounding,1,,,,,null,,,
4532,rebounding,1,,,,,null,,,
4533,rebounding,1,,,,,null,,,
4534,rebounding,1,,,,,null,,,
4535,rebounding,1,,,,,null,,,
4536,rebounding,1,,,,,null,,,
4537,rebounding,1,,,,,null,,,
4538,rebounding,1,,,,,null,,,
4539,rebounding,1,,,,,null,,,
4540,rebounding,1,,,,,null,,,
4541,rebounding,1,,,,,null,,,
4542,rebounding,1,,,,,null,,,
4543,rebounding,1,,,,,null,,,
4544,rebounding,1,,,,,null,,,
4545,rebounding,1,,,,,null,,,
4546,rebounding,1,,,,,null,,,
4547,rebounding,1,,,,,null,,,
4548,rebounding,1,,,,,null,,,
4549,rebounding,1,,,,,null,,,
4550,rebounding,1,,,,,null,,,
4551,rebounding,1,,,,,null,,,
4552,rebounding,1,,,,,null,,,
4553,rebounding,1,,,,,null,,,
4554,rebounding,1,,,,,null,,,
4555,rebounding,1,,,,,null,,,
4556,rebounding,1,,,,,null,,,
4557,rebounding,1,,,,,null,,,
4558,rebounding,1,,,,,null,,,
4559,rebounding,1,,,,,null,,,
4560,rebounding,1,,,,,null,,,
4561,rebounding,1,,,,,null,,,
4562,rebounding,1,,,,,null,,,
4563,rebounding,1,,,,,null,,,
4564,rebounding,1,,,,,null,,,
4565,rebounding,1,,,,,null,,,
4566,rebounding,1,,,,,null,,,
4567,rebounding,1,,,,,null,,,
4568,rebounding,1,,,,,null,,,
4569,rebounding,1,,,,,null,,,
4570,rebounding,1,,,,,null,,,
4571,rebounding,1,,,,,null,,,
4572,rebounding,1,,,,,null,,,
4573,rebounding,1,,,,,null,,,
4574,rebounding,1,,,,,null,,,
4575,rebounding,1,,,,,null,,,
4576,rebounding,1,,,,,null,,,
4577,rebounding,1,,,,,null,,,
4578,rebounding,1,,,,,null,,,
4579,rebounding,1,,,,,null,,,
4580,rebounding,1,,,,,null,,,
4581,rebounding,1,,,,,null,,,
4582,rebounding,1,,,,,null,,,
4583,rebounding,1,,,,,null,,,
4584,rebounding,1,,,,,null,,,
4585,rebounding,1,,,,,null,,,
4586,rebounding,1,,,,,null,,,
4587,rebounding,1,,,,,null,,,
4588,rebounding,1,,,,,null,,,
4589,rebounding,1,,,,,null,,,
4590,rebounding,1,,,,,null,,,
4591,rebounding,1,,,,,null,,,
4592,rebounding,1,,,,,null,,,
4593,rebounding,1,,,,,null,,,
4594,rebounding,1,,,,,null,,,
4595,rebounding,1,,,,,null,,,
4596,rebounding,1,,,,,null,,,
4597,rebounding,1,,,,,null,,,
4598,rebounding,1,,,,,null,,,
4599,rebounding,1,,,,,null,,,
4600,rebounding,1,,,,,null,,,
4601,rebounding,1,,,,,null,,,
4602,rebounding,1,,,,,null,,,
4603,rebounding,1,,,,,null,,,
4604,rebounding,1,,,,,null,,,
4605,rebounding,1,,,,,null,,,
4606,rebounding,1,,,,,null,,,
4607,rebounding,1,,,,,null,,,
4608,rebounding,1,,,,,null,,,
4609,rebounding,1,,,,,null,,,
4610,rebounding,1,,,,,null,,,
4611,rebounding,1,,,,,null,,,
4612,rebounding,1,,,,,null,,,
4613,rebounding,1,,,,,null,,,
4614,rebounding,1,,,,,null,,,
4615,rebounding,1,,,,,null,,,
4616,rebounding,1,,,,,null,,,
4617,rebounding,1,,,,,null,,,
4618,rebounding,1,,,,,null,,,
4619,rebounding,1,,,,,null,,,
4620,rebounding,1,,,,,null,,,
4621,rebounding,1,,,,,null,,,
4622,rebounding,1,,,,,null,,,
4623,rebounding,1,,,,,null,,,
4624,rebounding,1,,,,,null,,,
4625,rebounding,1,,,,,null,,,
4626,rebounding,1,,,,,null,,,
4627,rebounding,1,,,,,null,,,
4628,rebounding,1,,,,,null,,,
4629,rebounding,1,,,,,null,,,
4630,rebounding,1,,,,,null,,,
4631,rebounding,1,,,,,null,,,
4632,rebounding,1,,,,,null,,,
4633,rebounding,1,,,,,null,,,
4634,rebounding,1,,,,,null,,,
4635,rebounding,1,,,,,null,,,
4636,rebounding,1,,,,,null,,,
4637,rebounding,1,,,,,null,,,
4638,rebounding,1,,,,,null,,,
4639,rebounding,1,,,,,null,,,
4640,rebounding,1,,,,,null,,,
4641,rebounding,1,,,,,null,,,
4642,rebounding,1,,,,,null,,,
4643,rebounding,1,,,,,null,,,
4644,rebounding,1,,,,,null,,,
4645,rebounding,1,,,,,null,,,
4646,rebounding,1,,,,,null,,,
4647,rebounding,1,,,,,null,,,
4648,rebounding,1,,,,,null,,,
4649,rebounding,1,,,,,null,,,
4650,rebounding,1,,,,,null,,,
4651,rebounding,1,,,,,null,,,
4652,rebounding,1,,,,,null,,,
4653,rebounding,1,,,,,null,,,
4654,rebounding,1,,,,,null,,,
4655,rebounding,1,,,,,null,,,
4656,rebounding,1,,,,,null,,,
4657,rebounding,1,,,,,null,,,
4658,rebounding,1,,,,,null,,,
4659,rebounding,1,,,,,null,,,
4660,rebounding,1,,,,,null,,,
4661,rebounding,1,,,,,null,,,
4662,rebounding,1,,,,,null,,,
4663,rebounding,1,,,,,null,,,
4664,rebounding,1,,,,,null,,,
4665,rebounding,1,,,,,null,,,
4666,rebounding,1,,,,,null,,,
4667,rebounding,1,,,,,null,,,
4668,rebounding,1,,,,,null,,,
4669,rebounding,1,,,,,null,,,
4670,rebounding,1,,,,,null,,,
4671,rebounding,1,,,,,null,,,
4672,rebounding,1,,,,,null,,,
4673,rebounding,1,,,,,null,,,
4674,rebounding,1,,,,,null,,,
4675,rebounding,1,,,,,null,,,
4676,rebounding,1,,,,,null,,,
4677,rebounding,1,,,,,null,,,
4678,rebounding,1,,,,,null,,,
4679,rebounding,1,,,,,null,,,
4680,rebounding,1,,,,,null,,,
4681,rebounding,1,,,,,null,,,
4682,rebounding,1,,,,,null,,,
4683,rebounding,1,,,,,null,,,
4684,rebounding,1,,,,,null,,,
4685,rebounding,1,,,,,null,,,
4686,rebounding,1,,,,,null,,,
4687,rebounding,1,,,,,null,,,
4688,rebounding,1,,,,,null,,,
4689,rebounding,1,,,,,null,,,
4690,rebounding,1,,,,,null,,,
4691,rebounding,1,,,,,null,,,
4692,rebounding,1,,,,,null,,,
